"UC","Grupos","Família","Gênero","Espécie","Autor","Táxon_completo","Barcode","BD_Origem","Herbário","Coletor","Número_da_Coleta","Origem_FFBr","AnoColeta","Identificador","AnoID","ConfiançaID","ConfiançaLoc","Imagens","Município","Localidade"
"ÁREA DE RELEVANTE INTERESSE ECOLÓGICO CAPETINGA/TAQUARA","Angiosperms","Cyperaceae","Lagenocarpus","verticillatus","(Spreng.) T.Koyama & Maguire","CYPERACEAE Lagenocarpus verticillatus (Spreng.) T.Koyama & Maguire","IBGE00054924",,"IBGE","Mendonca, R.C.","5054","Native","2002","Prata, A.P.","2008","Ouro","Ouro","jbrj-public.s3-sa-east-1.amazonaws.com/fsi/server?type=image&source=DZI/ibge/ibge/0/5/49/24/ibge00054924.dzi","Brasília","Área de Relevante Interesse Ecológico Capetinga, Região Administrativa do Lago Sul, Fazenda Água Limpa (FAL) - Universidade de Brasília (UnB). Área de Relevante Interesse Ecológico Capetinga/Taquara"
"ÁREA DE RELEVANTE INTERESSE ECOLÓGICO CAPETINGA/TAQUARA","Angiosperms","Myrtaceae","Psidium","myrsinites","DC.","MYRTACEAE Psidium myrsinites DC.","IBGE00055371",,"IBGE","Mendonca, R.C.","5082","Native","2002","Proenca, C.","2005","Ouro","Ouro","jbrj-public.s3-sa-east-1.amazonaws.com/fsi/server?type=image&source=DZI/ibge/ibge/0/5/53/71/ibge00055371.dzi","Brasília","Área de Proteção Ambiental do Gama - Cabeça de Veado. Fazenda Água Limpa, UnB. Arie de Relevante Interesse Ecológico do Capetinga, RA - Lago Sul. Área de Relevante Interesse Ecológico Capetinga/Taquara"
"ÁREA DE RELEVANTE INTERESSE ECOLÓGICO CAPETINGA/TAQUARA","Angiosperms","Poaceae","Paspalum","trichostomum","Hack.","POACEAE Paspalum trichostomum Hack.","IBGE00030585",,"IBGE","Lopes, R.D.","64","Native","1992","Oliveira, R.C.","2004","Ouro","Ouro","jbrj-public.s3-sa-east-1.amazonaws.com/fsi/server?type=image&source=DZI/ibge/ibge/0/3/5/85/ibge00030585.dzi","Brasília","Área do Capetinga. Arnical. Coordenada calculada. Área de Relevante Interesse Ecológico Capetinga/Taquara"
"ÁREA DE RELEVANTE INTERESSE ECOLÓGICO CAPETINGA/TAQUARA","Angiosperms","Poaceae","Paspalum","guttatum","Trin.","POACEAE Paspalum guttatum Trin.","IBGE00030582",,"IBGE","Filgueiras, T.S.","2357","Native","1990","Filgueiras, T.S.","1993","Ouro","Ouro","jbrj-public.s3-sa-east-1.amazonaws.com/fsi/server?type=image&source=DZI/ibge/ibge/0/3/5/82/ibge00030582.dzi","Brasília","ARIE do Capetinga (Arnical). Coordenada calculada. Área de Relevante Interesse Ecológico Capetinga/Taquara"
"ÁREA DE RELEVANTE INTERESSE ECOLÓGICO CAPETINGA/TAQUARA","Angiosperms","Melastomataceae","Miconia","elegans","Cogn.","MELASTOMATACEAE Miconia elegans Cogn.","FURB73516","splink","FURB","Mendonca, R.C.","5046","Native","2002","Munhoz, C.","2003","Ouro","Ouro",,"Brasília","Área de Proteção Ambiental (APA) Gama e Cabeça de Veado, Região Administrativa do Lago Sul, Fazenda Água Limpa (FAL) - Universidade de Brasília (UnB), Área da MOA, Córrego do Macaco (afluente do Ribeirão do Gama). Local próximo à barra do Ribeirão do Gama. Barra do córrego do Macaco com o Ribeirão do Gama. Coordenada coletada. Área de Relevante Interesse Ecológico Capetinga/Taquara"
"ÁREA DE RELEVANTE INTERESSE ECOLÓGICO CAPETINGA/TAQUARA","Angiosperms","Poaceae","Paspalum","polyphyllum","Nees","POACEAE Paspalum polyphyllum Nees","IBGE00030142",,"IBGE","Lopes, R.D.","70","Native","1992","Quarin, C.","1993","Bronze","Ouro","jbrj-public.s3-sa-east-1.amazonaws.com/fsi/server?type=image&source=DZI/ibge/ibge/0/3/1/42/ibge00030142.dzi","Brasília","ARIE do Capetinga (Arnical). Folha: SD-23-Y-C. Coordenada calculada. 15°5735.5""S 47°5621.9""W Área de Relevante Interesse Ecológico Capetinga/Taquara"
"ÁREA DE RELEVANTE INTERESSE ECOLÓGICO CAPETINGA/TAQUARA","Angiosperms","Poaceae","Paspalum","thrasyoides","(Trin.) S.Denham","POACEAE Paspalum thrasyoides (Trin.) S.Denham","IBGE00030577",,"IBGE","Filgueiras, T.S.","2355","Native","1990","Fonseca, M.L.","2013","Bronze","Ouro","jbrj-public.s3-sa-east-1.amazonaws.com/fsi/server?type=image&source=DZI/ibge/ibge/0/3/5/77/ibge00030577.dzi","Brasília","ARIE do Capetinga, Arnical. Coordenada calculada. Área de Relevante Interesse Ecológico Capetinga/Taquara"
"ÁREA DE RELEVANTE INTERESSE ECOLÓGICO CAPETINGA/TAQUARA","Angiosperms","Myrtaceae","Eugenia","bimarginata","DC.","MYRTACEAE Eugenia bimarginata DC.","UB0349542",,"UB","Moreira, V.P.","795","Native","2025","Moreira, V.P.","2025","Bronze","Ouro",,"Brasília","Park Way, Fazenda Água Limpa (FAL) – UnB. Margem esquerda da Ce-Unb em direção a ponte. Área Relevante de Interesse Ecológico – ARIE Capetinga/Taquara"
"ÁREA DE RELEVANTE INTERESSE ECOLÓGICO CAPETINGA/TAQUARA","Angiosperms","Myrtaceae","Myrcia","fenzliana","O.Berg","MYRTACEAE Myrcia fenzliana O.Berg","UB0349541",,"UB","Moreira, V.P.","794","Native","2025","Moreira, V.P.","2025","Bronze","Ouro",,"Brasília","Park Way, Fazenda Água Limpa (FAL) – UnB. Margem esquerda da Ce-Unb em direção a ponte. Área Relevante de Interesse Ecológico – ARIE Capetinga/Taquara"
"ÁREA DE RELEVANTE INTERESSE ECOLÓGICO CAPETINGA/TAQUARA","Angiosperms","Melastomataceae","Miconia","dodecandra","Cogn.","MELASTOMATACEAE Miconia dodecandra Cogn.","FURB73515","splink","FURB","Mendonca, R.C.","5023","Native","2002","Fonseca, M.L.","2003","Bronze","Ouro",,"Brasília","Área de Proteção Ambiental (APA) Gama e Cabeça de Veado. Região Administrativa (RA) do Núcleo Bandeirante. Córrego Mato Seco. Coordenada coletada. Área de Relevante Interesse Ecológico Capetinga/Taquara"
"ÁREA DE RELEVANTE INTERESSE ECOLÓGICO CAPETINGA/TAQUARA","Angiosperms","Poaceae","Panicum",,"L.","POACEAE Panicum L.","IBGE00030147",,"IBGE","Lopes, R.D.","75","Native","1992",,,"Latão","Ouro","jbrj-public.s3-sa-east-1.amazonaws.com/fsi/server?type=image&source=DZI/ibge/ibge/0/3/1/47/ibge00030147.dzi","Brasília","Arie do Capetinga. Arnical. Coordenada calculada. Área de Relevante Interesse Ecológico Capetinga/Taquara"
"ÁREA DE RELEVANTE INTERESSE ECOLÓGICO CAPETINGA/TAQUARA","Angiosperms","Melastomataceae","Leandra","polystachya","(Naudin) Cogn.","MELASTOMATACEAE Leandra polystachya (Naudin) Cogn.","IBGE00084846",,"IBGE","Trindade, V.L.","167","Native","2022","Munhoz, C.B.R.","2022","Ouro","Prata","jbrj-public.s3-sa-east-1.amazonaws.com/fsi/server?type=image&source=DZI/ibge/ibge/0/8/48/46/ibge00084846.dzi","Brasília","Fazenda Água Limpa. APA Gama Cabeça de Veado"
"ÁREA DE RELEVANTE INTERESSE ECOLÓGICO CAPETINGA/TAQUARA","Angiosperms","Poaceae","Hildaea","tenuis","(J. Presl & C.Presl) C.Silva & R.P.Oliveira","POACEAE Hildaea tenuis (J. Presl & C.Presl) C.Silva & R.P.Oliveira","UB00116736",,"UB","Oliveira, R.C.","3467","Native","2018",,,"Ouro","Prata","jbrj-public.s3-sa-east-1.amazonaws.com/fsi/server?type=image&source=DZI/ub/ub/0/11/67/36/ub00116736.dzi","Brasília","Fazenda Água Limpa, campo direita da trilha para Cachoeira do Capetinga (300m antes da cachoeira)."
"ÁREA DE RELEVANTE INTERESSE ECOLÓGICO CAPETINGA/TAQUARA","Angiosperms","Poaceae","Panicum","sellowii","Nees","POACEAE Panicum sellowii Nees","UB00115533",,"UB","Brito, C.A.","34","Native","2018","Oliveira, R.C.","2022","Ouro","Prata","jbrj-public.s3-sa-east-1.amazonaws.com/fsi/server?type=image&source=DZI/ub/ub/0/11/55/33/ub00115533.dzi","Brasília","Fazenda Água Limpa."
"ÁREA DE RELEVANTE INTERESSE ECOLÓGICO CAPETINGA/TAQUARA","Angiosperms","Poaceae","Aristida","riparia","Trin.","POACEAE Aristida riparia Trin.","IBGE00084402",,"IBGE","Oliveira, R.C.","3295","Native","2017","Oliveira, R.C.","2017","Ouro","Prata","jbrj-public.s3-sa-east-1.amazonaws.com/fsi/server?type=image&source=DZI/ibge/ibge/0/8/44/2/ibge00084402.dzi","Brasília","Fazenda Água Limpa. Olho D´Água do Onça."
"ÁREA DE RELEVANTE INTERESSE ECOLÓGICO CAPETINGA/TAQUARA","Angiosperms","Poaceae","Echinolaena","inflexa","(Poir.) Chase","POACEAE Echinolaena inflexa (Poir.) Chase","IBGE00084296",,"IBGE","Oliveira, R.C.","3288","Native","2017","Oliveira, R.C.","2017","Ouro","Prata","jbrj-public.s3-sa-east-1.amazonaws.com/fsi/server?type=image&source=DZI/ibge/ibge/0/8/42/96/ibge00084296.dzi","Brasília","Fazenda Água Limpa, Olho D´Água do Onça. Em campo úmido."
"ÁREA DE RELEVANTE INTERESSE ECOLÓGICO CAPETINGA/TAQUARA","Angiosperms","Poaceae","Paspalum","pilosum","Lam.","POACEAE Paspalum pilosum Lam.","R010075238",,"R","Cardoso, A.G.T.","1","Native","2017","Oliveira, R.C.","2017","Ouro","Prata","jbrj-public-img.s3-sa-east-1.amazonaws.com/JPG/herbariumr/r/1/0/75/23/8/r010075238.jpg","Brasília","Vargem Bonita. Fazenda Água Limpa. Riacho afluente do Ribeirão do Gama."
"ÁREA DE RELEVANTE INTERESSE ECOLÓGICO CAPETINGA/TAQUARA","Angiosperms","Poaceae","Rugoloa","pilosa","(Sw.) Zuloaga","POACEAE Rugoloa pilosa (Sw.) Zuloaga","R010075225",,"R","Cardoso, A.G.T.","5","Native","2017","Oliveira, R.C.","2017","Ouro","Prata","jbrj-public-img.s3-sa-east-1.amazonaws.com/JPG/herbariumr/r/1/0/75/22/5/r010075225.jpg","Brasília","Vargem Bonita. Fazenda Água Limpa. Riacho afluente do Ribeirão do Gama (Captação de água)."
"ÁREA DE RELEVANTE INTERESSE ECOLÓGICO CAPETINGA/TAQUARA","Angiosperms","Poaceae","Steinchisma","laxum","(Sw.) Zuloaga","POACEAE Steinchisma laxum (Sw.) Zuloaga","R010075241",,"R","Cardoso, A.G.T.","4","Native","2017","Oliveira, R.C.","2017","Ouro","Prata","jbrj-public-img.s3-sa-east-1.amazonaws.com/JPG/herbariumr/r/1/0/75/24/1/r010075241.jpg","Brasília","Vargem Bonita. Fazenda Água Limpa. Riacho afluente do Ribeirão do Gama (Captação de água)."
"ÁREA DE RELEVANTE INTERESSE ECOLÓGICO CAPETINGA/TAQUARA","Angiosperms","Poaceae","Trichanthecium",,"Zuloaga & Morrone","POACEAE Trichanthecium Zuloaga & Morrone","R010075230",,"R","Cardoso, A.G.T.","3","Native","2017","Oliveira, R.C.","2017","Ouro","Prata","jbrj-public-img.s3-sa-east-1.amazonaws.com/JPG/herbariumr/r/1/0/75/23/0/r010075230.jpg","Brasília","Vargem Bonita. Fazenda Água Limpa. Riacho afluente do Ribeirão do Gama."
"ÁREA DE RELEVANTE INTERESSE ECOLÓGICO CAPETINGA/TAQUARA","Angiosperms","Poaceae","Agenium","leptocladum","(Hack.) Clayton","POACEAE Agenium leptocladum (Hack.) Clayton","IBGE00083237",,"IBGE","Oliveira, R.C.","3183","Native","2016","Oliveira, R.C.","2016","Ouro","Prata","jbrj-public.s3-sa-east-1.amazonaws.com/fsi/server?type=image&source=DZI/ibge/ibge/0/8/32/37/ibge00083237.dzi","Brasília","Fazenda Água Limpa - FAL, UnB."
"ÁREA DE RELEVANTE INTERESSE ECOLÓGICO CAPETINGA/TAQUARA","Angiosperms","Poaceae","Hildaea","pallens","(Sw.) C.Silva & R.P.Oliveira","POACEAE Hildaea pallens (Sw.) C.Silva & R.P.Oliveira","IBGE00083238",,"IBGE","Oliveira, R.C.","3087","Native","2015","Oliveira, R.C.","2015","Ouro","Prata","jbrj-public.s3-sa-east-1.amazonaws.com/fsi/server?type=image&source=DZI/ibge/ibge/0/8/32/38/ibge00083238.dzi","Brasília","Fazenda Água Limpa, na trilha próxima à cachoeira."
"ÁREA DE RELEVANTE INTERESSE ECOLÓGICO CAPETINGA/TAQUARA","Angiosperms","Poaceae","Mesosetum","loliiforme","(Hochst.) Chase","POACEAE Mesosetum loliiforme (Hochst.) Chase","IBGE00084201",,"IBGE","Oliveira, R.C.","2997","Native","2015","Oliveira, R.C.","2015","Ouro","Prata","jbrj-public.s3-sa-east-1.amazonaws.com/fsi/server?type=image&source=DZI/ibge/ibge/0/8/42/1/ibge00084201.dzi","Brasília","Fazenda Água Limpa, mirante."
"ÁREA DE RELEVANTE INTERESSE ECOLÓGICO CAPETINGA/TAQUARA","Ferns and Lycophytes","Poaceae","Agenium",,"Nees","POACEAE Agenium Nees","ALCB00070829",,"ALCB","Oliveira, R.C.","2950","Native","2014",,,"Ouro","Prata","jbrj-public.s3-sa-east-1.amazonaws.com/fsi/server?type=image&source=DZI/alcb/alcb/0/7/8/29/alcb00070829.dzi","Brasília","Fazenda Agua Limpa - FAL, na zona de experimento, próximo ao marco final."
"ÁREA DE RELEVANTE INTERESSE ECOLÓGICO CAPETINGA/TAQUARA","Ferns and Lycophytes","Poaceae","Aristida","adscensionis","L.","POACEAE Aristida adscensionis L.","ALCB00070827",,"ALCB","Oliveira, R.C.","2948","Unknown","2014",,,"Ouro","Prata","jbrj-public.s3-sa-east-1.amazonaws.com/fsi/server?type=image&source=DZI/alcb/alcb/0/7/8/27/alcb00070827.dzi","Brasília","Fazenda Agua Limpa - FAL, na zona de experimento, próximo ao marco final."
"ÁREA DE RELEVANTE INTERESSE ECOLÓGICO CAPETINGA/TAQUARA","Angiosperms","Poaceae","Paspalum","lanciflorum","Nees ex Steud.","POACEAE Paspalum lanciflorum Nees ex Steud.","ALCB00070830",,"ALCB","Oliveira, R.C.","2941","Native","2014",,,"Ouro","Prata","jbrj-public.s3-sa-east-1.amazonaws.com/fsi/server?type=image&source=DZI/alcb/alcb/0/7/8/30/alcb00070830.dzi","Brasília","Fazenda Agua Limpa - FAL, na zona de experimento, próximo ao marco final."
"ÁREA DE RELEVANTE INTERESSE ECOLÓGICO CAPETINGA/TAQUARA","Angiosperms","Poaceae","Schizachyrium","sanguineum","(Retz.) Alston","POACEAE Schizachyrium sanguineum (Retz.) Alston","ALCB00070831",,"ALCB","Oliveira, R.C.","2942","Native","2014",,,"Ouro","Prata","jbrj-public.s3-sa-east-1.amazonaws.com/fsi/server?type=image&source=DZI/alcb/alcb/0/7/8/31/alcb00070831.dzi","Brasília","Fazenda Agua Limpa - FAL, na zona de experimento, próximo ao marco final."
"ÁREA DE RELEVANTE INTERESSE ECOLÓGICO CAPETINGA/TAQUARA","Angiosperms","Polygalaceae","Senega","poaya","(Mart.) J.F.B.Pastore","POLYGALACEAE Senega poaya (Mart.) J.F.B.Pastore","CEN00096004",,"CEN","Giroldo, A.B.","138","Native","2013","Pastore, J.F.B.","2023","Ouro","Prata","jbrj-public.s3.amazonaws.com/fsi/server?type=image&source=DZI/cen/cen/0/9/60/4/cen00096004.dzi","Brasília","Fazenda Água Limpa - UnB."
"ÁREA DE RELEVANTE INTERESSE ECOLÓGICO CAPETINGA/TAQUARA","Angiosperms","Lythraceae","Diplusodon","villosus","Pohl","LYTHRACEAE Diplusodon villosus Pohl","IBGE00066493",,"IBGE","Amaral, A.G.","1130","Native","2008","Cavalcanti, T.B.","2008","Ouro","Prata","jbrj-public.s3-sa-east-1.amazonaws.com/fsi/server?type=image&source=DZI/ibge/ibge/0/6/64/93/ibge00066493.dzi","Brasília","Folha Cartográfica SD-23-Y-C Coordenada Coletada. Fazenda àgua Limpa. FAL-UnB"
"ÁREA DE RELEVANTE INTERESSE ECOLÓGICO CAPETINGA/TAQUARA","Angiosperms","Asteraceae","Baccharis","subdentata","DC.","ASTERACEAE Baccharis subdentata DC.","IBGE00068787",,"IBGE","Amaral, A.G.","1741","Native","2007","Heiden, G.","2025","Ouro","Prata","jbrj-public-img.s3-sa-east-1.amazonaws.com/JPG/ibge/ibge/0/6/87/87/ibge00068787.jpg","Brasília","Fazenda Água Limpa. UnB. Folha: SD-23-Y-C."
"ÁREA DE RELEVANTE INTERESSE ECOLÓGICO CAPETINGA/TAQUARA","Angiosperms","Poaceae","Paspalum","geminiflorum","Steud.","POACEAE Paspalum geminiflorum Steud.","IBGE00064351",,"IBGE","Amaral, A.G.","1662","Native","2007","Oliveira, R.C.","2025","Ouro","Prata","jbrj-public-img.s3-sa-east-1.amazonaws.com/JPG/ibge/ibge/0/6/43/51/ibge00064351.jpg","Brasília","Fazenda Água Limpa. UnB."
"ÁREA DE RELEVANTE INTERESSE ECOLÓGICO CAPETINGA/TAQUARA","Angiosperms","Polygalaceae","Senega","carphoides","(Chodat) J.F.B.Pastore","POLYGALACEAE Senega carphoides var. carphoides (Chodat) J.F.B.Pastore","IBGE00066608",,"IBGE","Amaral, A.G.","1045","Native","2007","Pastore, J.F.B.","2023","Ouro","Prata","jbrj-public.s3-sa-east-1.amazonaws.com/fsi/server?type=image&source=DZI/ibge/ibge/0/6/66/8/ibge00066608.dzi","Brasília","UnB. Folha Cartográfica SD-23-Y-C Coordenada Coletada. Fazenda Água Limpa."
"ÁREA DE RELEVANTE INTERESSE ECOLÓGICO CAPETINGA/TAQUARA","Angiosperms","Polygalaceae","Senega","fendleri","(Chodat) J.F.B.Pastore","POLYGALACEAE Senega fendleri (Chodat) J.F.B.Pastore","IBGE00066603",,"IBGE","Amaral, A.G.","1040","Naturalized","2007","Pastore, J.F.B.","2023","Ouro","Prata","jbrj-public.s3-sa-east-1.amazonaws.com/fsi/server?type=image&source=DZI/ibge/ibge/0/6/66/3/ibge00066603.dzi","Brasília","UnB. Folha Cartográfica SD-23-Y-C Coordenada Coletada. Fazenda Água Limpa."
"ÁREA DE RELEVANTE INTERESSE ECOLÓGICO CAPETINGA/TAQUARA","Angiosperms","Polygalaceae","Senega","galioides","(Poir.) J.F.B.Pastore","POLYGALACEAE Senega galioides (Poir.) J.F.B.Pastore","IBGE00066133",,"IBGE","Amaral, A.G.","830","Native","2007","Pastore, J.F.B.","2023","Ouro","Prata","jbrj-public.s3-sa-east-1.amazonaws.com/fsi/server?type=image&source=DZI/ibge/ibge/0/6/61/33/ibge00066133.dzi","Brasília","Folha Cartográfica SD-23-Y-C Coordenada Coletada. Fazenda Água Limpa. UnB."
"ÁREA DE RELEVANTE INTERESSE ECOLÓGICO CAPETINGA/TAQUARA","Angiosperms","Polygalaceae","Senega","gracilis","(Kunth) J.F.B.Pastore","POLYGALACEAE Senega gracilis (Kunth) J.F.B.Pastore","IBGE00066213",,"IBGE","Amaral, A.G.","916","Native","2007","Pastore, J.F.B.","2023","Ouro","Prata","jbrj-public.s3-sa-east-1.amazonaws.com/fsi/server?type=image&source=DZI/ibge/ibge/0/6/62/13/ibge00066213.dzi","Brasília","Folha Cartográfica SD-23-Y-C Coordenada Coletada. Fazenda Água Limpa"
"ÁREA DE RELEVANTE INTERESSE ECOLÓGICO CAPETINGA/TAQUARA","Angiosperms","Polygalaceae","Senega","monosperma","(A.W.Benn) J.F.B.Pastore","POLYGALACEAE Senega monosperma (A.W.Benn) J.F.B.Pastore","IBGE00068895",,"IBGE","Amaral, A.G.","1889","Native","2007","Pastore, J.F.B.","2023","Ouro","Prata","jbrj-public.s3-sa-east-1.amazonaws.com/fsi/server?type=image&source=DZI/ibge/ibge/0/6/88/95/ibge00068895.dzi","Brasília","Fazenda Água limpa. UnB. Folha Cartográfica SD-23-Y-C Coordenada Coletada."
"ÁREA DE RELEVANTE INTERESSE ECOLÓGICO CAPETINGA/TAQUARA","Angiosperms","Iridaceae","Sisyrinchium","vaginatum","Spreng.","IRIDACEAE Sisyrinchium vaginatum Spreng.","IBGE00066607",,"IBGE","Amaral, A.G.","1044","Native","2007","Eggers, L.","2016","Ouro","Prata","jbrj-public.s3-sa-east-1.amazonaws.com/fsi/server?type=image&source=DZI/ibge/ibge/0/6/66/7/ibge00066607.dzi","Brasília","Fazenda Água Limpa - UnB. Folha SD-23-Y-C"
"ÁREA DE RELEVANTE INTERESSE ECOLÓGICO CAPETINGA/TAQUARA","Angiosperms","Asteraceae","Baccharis","retusa","DC.","ASTERACEAE Baccharis retusa DC.","IBGE00068921",,"IBGE","Amaral, A.G.","1933","Native","2007","Heiden, G.","2015","Ouro","Prata","jbrj-public.s3-sa-east-1.amazonaws.com/fsi/server?type=image&source=DZI/ibge/ibge/0/6/89/21/ibge00068921.dzi","Brasília","Folha Cartográfica SD-23-Y-C Coordenada Coletada. Fazenda Água Limpa. UnB."
"ÁREA DE RELEVANTE INTERESSE ECOLÓGICO CAPETINGA/TAQUARA","Angiosperms","Asteraceae","Calea","hymenolepis","Baker","ASTERACEAE Calea hymenolepis Baker","IBGE00066470",,"IBGE","Amaral, A.G.","1105","Native","2007","Silva, G.H.","2014","Ouro","Prata","jbrj-public.s3-sa-east-1.amazonaws.com/fsi/server?type=image&source=DZI/ibge/ibge/0/6/64/70/ibge00066470.dzi","Brasília","Folha Cartográfica SD-23-Y-C Coordenada Coletada. Fazenda Água Limpa. UnB."
"ÁREA DE RELEVANTE INTERESSE ECOLÓGICO CAPETINGA/TAQUARA","Angiosperms","Asteraceae","Calea","quadrifolia","Pruski & Urbatsch","ASTERACEAE Calea quadrifolia Pruski & Urbatsch","IBGE00066465",,"IBGE","Amaral, A.G.","1101","Native","2007","Silva, G.H.","2014","Ouro","Prata","jbrj-public.s3-sa-east-1.amazonaws.com/fsi/server?type=image&source=DZI/ibge/ibge/0/6/64/65/ibge00066465.dzi","Brasília","Fazenda Água Limpa - UnB. Folha Cartográfica SD-23-Y-C Coordenada Coletada. Fazenda Água Limpa - UnB."
"ÁREA DE RELEVANTE INTERESSE ECOLÓGICO CAPETINGA/TAQUARA","Angiosperms","Asteraceae","Riencourtia","oblongifolia","Gardner","ASTERACEAE Riencourtia oblongifolia Gardner","IBGE00065905",,"IBGE","Amaral, A.G.","616","Native","2007","Bringel, J.B.","2014","Ouro","Prata","jbrj-public.s3-sa-east-1.amazonaws.com/fsi/server?type=image&source=DZI/ibge/ibge/0/6/59/5/ibge00065905.dzi","Brasília","Fazenda Água Limpa - UNB."
"ÁREA DE RELEVANTE INTERESSE ECOLÓGICO CAPETINGA/TAQUARA","Angiosperms","Lythraceae","Diplusodon","sessiliflorus","Koehne","LYTHRACEAE Diplusodon sessiliflorus Koehne","IBGE00064935",,"IBGE","Amaral, A.G.","1797","Native","2007","Cavalcanti, T.B.","2014","Ouro","Prata","jbrj-public.s3-sa-east-1.amazonaws.com/fsi/server?type=image&source=DZI/ibge/ibge/0/6/49/35/ibge00064935.dzi","Brasília","Folha Cartográfica SD-23-Y-C Coordenada Coletada. Fazenda Água limpa. UNB"
"ÁREA DE RELEVANTE INTERESSE ECOLÓGICO CAPETINGA/TAQUARA","Angiosperms","Melastomataceae","Tibouchina","aegopogon","(Naudin) Cogn.","MELASTOMATACEAE Tibouchina aegopogon (Naudin) Cogn.","IBGE00065921",,"IBGE","Amaral, A.G.","632","Native","2007","Meyer, F.S.","2014","Ouro","Prata","jbrj-public.s3-sa-east-1.amazonaws.com/fsi/server?type=image&source=DZI/ibge/ibge/0/6/59/21/ibge00065921.dzi","Brasília","Folha Cartográfica SD-23-Y-C Coordenada Coletada. Fazenda Água Limpa, UnB."
"ÁREA DE RELEVANTE INTERESSE ECOLÓGICO CAPETINGA/TAQUARA","Angiosperms","Poaceae","Ctenium","cirrosum","(Nees) Kunth","POACEAE Ctenium cirrosum var. cirrosum (Nees) Kunth","IBGE00064945",,"IBGE","Amaral, A.G.","1817","Native","2007","Longhi-Wagner, H.M.","2013","Ouro","Prata","jbrj-public.s3-sa-east-1.amazonaws.com/fsi/server?type=image&source=DZI/ibge/ibge/0/6/49/45/ibge00064945.dzi","Brasília","Fazenda Água Limpa. UnB. Folha Cartográfica SD-23-Y-C Coordenada Coletada."
"ÁREA DE RELEVANTE INTERESSE ECOLÓGICO CAPETINGA/TAQUARA","Angiosperms","Rubiaceae","Borreria","latifolia","(Aubl.) K.Schum.","RUBIACEAE Borreria latifolia (Aubl.) K.Schum.","IBGE00066223",,"IBGE","Amaral, A.G.","928-B","Native","2007","Delprete, P.G.","2012","Ouro","Prata","jbrj-public.s3-sa-east-1.amazonaws.com/fsi/server?type=image&source=DZI/ibge/ibge/0/6/62/23/ibge00066223.dzi","Brasília","Fazenda Água Limpa. UnB. Folha Cartográfica SD-23-Y-C Coordenada Coletada."
"ÁREA DE RELEVANTE INTERESSE ECOLÓGICO CAPETINGA/TAQUARA","Angiosperms","Rubiaceae","Borreria","warmingii","K.Schum.","RUBIACEAE Borreria warmingii K.Schum.","IBGE00066163",,"IBGE","Amaral, A.G.","862","Native","2007","Delprete, P.G.","2012","Ouro","Prata","jbrj-public.s3-sa-east-1.amazonaws.com/fsi/server?type=image&source=DZI/ibge/ibge/0/6/61/63/ibge00066163.dzi","Brasília","Fazenda Água Limpa/UNB Folha Cartográfica SD-23-Y-C Coordenada Coletada."
"ÁREA DE RELEVANTE INTERESSE ECOLÓGICO CAPETINGA/TAQUARA","Angiosperms","Rubiaceae","Galianthe","grandifolia","E.L.Cabral","RUBIACEAE Galianthe grandifolia E.L.Cabral","IBGE00064410",,"IBGE","Amaral, A.G.","1905","Native","2007","Delprete, P.G.","2012","Ouro","Prata","jbrj-public.s3-sa-east-1.amazonaws.com/fsi/server?type=image&source=DZI/ibge/ibge/0/6/44/10/ibge00064410.dzi","Brasília","Folha Cartográfica SD-23-Y-C Coordenada Coletada. Fazenda Água Limpa"
"ÁREA DE RELEVANTE INTERESSE ECOLÓGICO CAPETINGA/TAQUARA","Angiosperms","Rubiaceae","Palicourea","coriacea","(Cham.) K.Schum.","RUBIACEAE Palicourea coriacea (Cham.) K.Schum.","IBGE00065926",,"IBGE","Amaral, A.G.","637","Native","2007","Delprete, P.G.","2012","Ouro","Prata","jbrj-public.s3-sa-east-1.amazonaws.com/fsi/server?type=image&source=DZI/ibge/ibge/0/6/59/26/ibge00065926.dzi","Brasília","Fazenda Água Limpa. UnB. Folha Cartográfica SD-23-Y-C Coordenada Coletada."
"ÁREA DE RELEVANTE INTERESSE ECOLÓGICO CAPETINGA/TAQUARA","Angiosperms","Rubiaceae","Palicourea","officinalis","Mart.","RUBIACEAE Palicourea officinalis Mart.","IBGE00065938",,"IBGE","Amaral, A.G.","650","Native","2007","Delprete, P.G.","2012","Ouro","Prata","jbrj-public.s3-sa-east-1.amazonaws.com/fsi/server?type=image&source=DZI/ibge/ibge/0/6/59/38/ibge00065938.dzi","Brasília","Fazenda Água Limpa. Unb. Folha Cartográfica SD-23-Y-C Coordenada Coletada."
"ÁREA DE RELEVANTE INTERESSE ECOLÓGICO CAPETINGA/TAQUARA","Angiosperms","Rubiaceae","Sabicea","brasiliensis","Wernham","RUBIACEAE Sabicea brasiliensis Wernham","IBGE00066071",,"IBGE","Amaral, A.G.","789","Native","2007","Delprete, P.G.","2012","Ouro","Prata","jbrj-public.s3-sa-east-1.amazonaws.com/fsi/server?type=image&source=DZI/ibge/ibge/0/6/60/71/ibge00066071.dzi","Brasília","Fazenda Água Limpa. UnB. Folha Cartográfica SD-23-Y-C Coordenada Coletada."
"ÁREA DE RELEVANTE INTERESSE ECOLÓGICO CAPETINGA/TAQUARA","Angiosperms","Rubiaceae","Tocoyena","formosa","(Cham. & Schltdl.) K.Schum.","RUBIACEAE Tocoyena formosa (Cham. & Schltdl.) K.Schum.","IBGE00065992",,"IBGE","Amaral, A.G.","706","Native","2007","Delprete, P.G.","2012","Ouro","Prata","jbrj-public.s3-sa-east-1.amazonaws.com/fsi/server?type=image&source=DZI/ibge/ibge/0/6/59/92/ibge00065992.dzi","Brasília","Folha Cartográfica SD-23-Y-C Coordenada Coletada. Fazenda Água Limpa. UnB."
"ÁREA DE RELEVANTE INTERESSE ECOLÓGICO CAPETINGA/TAQUARA","Angiosperms","Asteraceae","Aspilia","platyphylla","(Baker) S.F.Blake","ASTERACEAE Aspilia platyphylla (Baker) S.F.Blake","IBGE00065917",,"IBGE","Amaral, A.G.","628","Native","2007","Bringel, J.B.","2009","Ouro","Prata","jbrj-public.s3-sa-east-1.amazonaws.com/fsi/server?type=image&source=DZI/ibge/ibge/0/6/59/17/ibge00065917.dzi","Brasília","Fazenda Água Limpa - UNB."
"ÁREA DE RELEVANTE INTERESSE ECOLÓGICO CAPETINGA/TAQUARA","Angiosperms","Asteraceae","Wedelia","bishopii","H.Rob.","ASTERACEAE Wedelia bishopii H.Rob.","IBGE00065931",,"IBGE","Amaral, A.G.","643","Native","2007","Bringel, J.B.","2009","Ouro","Prata","jbrj-public.s3-sa-east-1.amazonaws.com/fsi/server?type=image&source=DZI/ibge/ibge/0/6/59/31/ibge00065931.dzi","Brasília","Fazenda Água Limpa - UNB. Borda de mata de galeria."
"ÁREA DE RELEVANTE INTERESSE ECOLÓGICO CAPETINGA/TAQUARA","Ferns and Lycophytes","Orchidaceae","Habenaria","heringeri","Pabst","ORCHIDACEAE Habenaria heringeri Pabst","IBGE00065935",,"IBGE","Amaral, A.G.","647","Native","2007","Bianchetti, L.B.","2009","Ouro","Prata","jbrj-public.s3-sa-east-1.amazonaws.com/fsi/server?type=image&source=DZI/ibge/ibge/0/6/59/35/ibge00065935.dzi","Brasília","Fazenda Água Limpa. UnB. Folha cartográfica: SD-23-Y-C."
"ÁREA DE RELEVANTE INTERESSE ECOLÓGICO CAPETINGA/TAQUARA","Angiosperms","Xyridaceae","Xyris","dawsonii","L.B.Sm. & Downs","XYRIDACEAE Xyris dawsonii L.B.Sm. & Downs","IBGE00066186",,"IBGE","Amaral, A.G.",,"Native","2007","Wanderley, M.G.L.","2009","Ouro","Prata","jbrj-public.s3-sa-east-1.amazonaws.com/fsi/server?type=image&source=DZI/ibge/ibge/0/6/61/86/ibge00066186.dzi","Brasília","Fazenda Água limpa, UNB. Folha cartográfica SD-23-Y-C."
"ÁREA DE RELEVANTE INTERESSE ECOLÓGICO CAPETINGA/TAQUARA","Angiosperms","Xyridaceae","Xyris","lacerata","Pohl ex Seub.","XYRIDACEAE Xyris lacerata Pohl ex Seub.","IBGE00066208",,"IBGE","Amaral, A.G.","911","Native","2007","Wanderley, M.G.L.","2009","Ouro","Prata","jbrj-public.s3-sa-east-1.amazonaws.com/fsi/server?type=image&source=DZI/ibge/ibge/0/6/62/8/ibge00066208.dzi","Brasília","Fazenda Água Limpa. UnB. Folha: SD-23-Y-C."
"ÁREA DE RELEVANTE INTERESSE ECOLÓGICO CAPETINGA/TAQUARA","Angiosperms","Xyridaceae","Xyris","seubertii","L.A.Nilsson","XYRIDACEAE Xyris seubertii L.A.Nilsson","IBGE00064943",,"IBGE","Amaral, A.G.","1815","Native","2007","Wanderley, M.G.L.","2009","Ouro","Prata","jbrj-public.s3-sa-east-1.amazonaws.com/fsi/server?type=image&source=DZI/ibge/ibge/0/6/49/43/ibge00064943.dzi","Brasília","Fazenda Água limpa. UnB. Folha: SD-23-Y-C."
"ÁREA DE RELEVANTE INTERESSE ECOLÓGICO CAPETINGA/TAQUARA","Angiosperms","Campanulaceae","Lobelia","camporum","Pohl","CAMPANULACEAE Lobelia camporum Pohl","IBGE00066207",,"IBGE","Amaral, A.G.","910","Native","2007","Vieira, A.O.S.","2008","Ouro","Prata","jbrj-public.s3-sa-east-1.amazonaws.com/fsi/server?type=image&source=DZI/ibge/ibge/0/6/62/7/ibge00066207.dzi","Brasília","Folha Cartográfica SD-23-Y-C Coordenada Coletada. Fazenda Água Limpa. UnB."
"ÁREA DE RELEVANTE INTERESSE ECOLÓGICO CAPETINGA/TAQUARA","Angiosperms","Gentianaceae","Schultesia","gracilis","Mart.","GENTIANACEAE Schultesia gracilis Mart.","IBGE00068730",,"IBGE","Amaral, A.G.","1678","Native","2007","Guimaraes, E.F.","2008","Ouro","Prata","jbrj-public.s3-sa-east-1.amazonaws.com/fsi/server?type=image&source=DZI/ibge/ibge/0/6/87/30/ibge00068730.dzi","Brasília","Folha Cartográfica SD-23-Y-C Coordenada Coletada. Fazenda Água Limpa - FAL-UnB"
"ÁREA DE RELEVANTE INTERESSE ECOLÓGICO CAPETINGA/TAQUARA","Angiosperms","Lythraceae","Cuphea","ferruginea","Pohl ex Koehne","LYTHRACEAE Cuphea ferruginea Pohl ex Koehne","IBGE00066022",,"IBGE","Amaral, A.G.","737","Native","2007","Cavalcanti, T.B.","2008","Ouro","Prata","jbrj-public.s3-sa-east-1.amazonaws.com/fsi/server?type=image&source=DZI/ibge/ibge/0/6/60/22/ibge00066022.dzi","Brasília","Fazenda Água Limpa - UnB. Fazenda Água Limpa. UNB."
"ÁREA DE RELEVANTE INTERESSE ECOLÓGICO CAPETINGA/TAQUARA","Angiosperms","Lythraceae","Diplusodon","oblongus","Pohl","LYTHRACEAE Diplusodon oblongus Pohl","IBGE00068505",,"IBGE","Amaral, A.G.","1541","Native","2007","Cavalcanti, T.B.","2008","Ouro","Prata","jbrj-public.s3-sa-east-1.amazonaws.com/fsi/server?type=image&source=DZI/ibge/ibge/0/6/85/5/ibge00068505.dzi","Brasília","Folha Cartográfica SD-23-Y-C Coordenada Coletada. Fazenda Água Limpa. FAL-UnB."
"ÁREA DE RELEVANTE INTERESSE ECOLÓGICO CAPETINGA/TAQUARA","Angiosperms","Onagraceae","Ludwigia","nervosa","(Poir.) H.Hara","ONAGRACEAE Ludwigia nervosa (Poir.) H.Hara","IBGE00068468",,"IBGE","Amaral, A.G.","1500","Native","2007","Vieira, A.O.S.","2008","Ouro","Prata","jbrj-public.s3-sa-east-1.amazonaws.com/fsi/server?type=image&source=DZI/ibge/ibge/0/6/84/68/ibge00068468.dzi","Brasília","Fazenda Água Limpa. UnB. Folha: SD-23-Y-C."
"ÁREA DE RELEVANTE INTERESSE ECOLÓGICO CAPETINGA/TAQUARA","Angiosperms","Asteraceae","Ayapana","amygdalina","(Lam.) R.M.King & H.Rob.","ASTERACEAE Ayapana amygdalina (Lam.) R.M.King & H.Rob.","IBGE00068780",,"IBGE","Amaral, A.G.","1735","Native","2007","Dematteis, M.","2007","Ouro","Prata","jbrj-public.s3-sa-east-1.amazonaws.com/fsi/server?type=image&source=DZI/ibge/ibge/0/6/87/80/ibge00068780.dzi","Brasília","Folha Cartográfica SD-23-Y-C Coordenada Coletada. Fazenda Água Limpa. UnB."
"ÁREA DE RELEVANTE INTERESSE ECOLÓGICO CAPETINGA/TAQUARA","Angiosperms","Asteraceae","Chromolaena","horminoides","DC.","ASTERACEAE Chromolaena horminoides DC.","IBGE00068814",,"IBGE","Amaral, A.G.","1770","Native","2007","Dematteis, M.","2007","Ouro","Prata","jbrj-public.s3-sa-east-1.amazonaws.com/fsi/server?type=image&source=DZI/ibge/ibge/0/6/88/14/ibge00068814.dzi","Brasília","Folha Cartográfica SD-23-Y-C Coordenada Calculada. Fazenda Água Limpa - UnB"
"ÁREA DE RELEVANTE INTERESSE ECOLÓGICO CAPETINGA/TAQUARA","Angiosperms","Asteraceae","Clibadium","armanii","(Balb.) Sch.Bip. ex O.E.Schulz","ASTERACEAE Clibadium armanii (Balb.) Sch.Bip. ex O.E.Schulz","IBGE00068556",,"IBGE","Amaral, A.G.","1594","Native","2007","Dematteis, M.","2007","Ouro","Prata","jbrj-public.s3-sa-east-1.amazonaws.com/fsi/server?type=image&source=DZI/ibge/ibge/0/6/85/56/ibge00068556.dzi","Brasília","Folha Cartográfica SD-23-Y-C Coordenada Coletada. Fazenda Água Limpa - UnB"
"ÁREA DE RELEVANTE INTERESSE ECOLÓGICO CAPETINGA/TAQUARA","Angiosperms","Asteraceae","Dimerostemma","brasilianum","Cass.","ASTERACEAE Dimerostemma brasilianum Cass.","IBGE00065928",,"IBGE","Amaral, A.G.","639","Native","2007","Dematteis, M.","2007","Ouro","Prata","jbrj-public.s3-sa-east-1.amazonaws.com/fsi/server?type=image&source=DZI/ibge/ibge/0/6/59/28/ibge00065928.dzi","Brasília","Fazenda Água Limpa - UNB."
"ÁREA DE RELEVANTE INTERESSE ECOLÓGICO CAPETINGA/TAQUARA","Angiosperms","Asteraceae","Emilia","fosbergii","Nicolson","ASTERACEAE Emilia fosbergii Nicolson","IBGE00068806",,"IBGE","Amaral, A.G.","1761","Native","2007","Dematteis, M.","2007","Ouro","Prata","jbrj-public.s3-sa-east-1.amazonaws.com/fsi/server?type=image&source=DZI/ibge/ibge/0/6/88/6/ibge00068806.dzi","Brasília","Folha Cartográfica SD-23-Y-C Coordenada Coletada. Fazenda Água Limpa. UnB."
"ÁREA DE RELEVANTE INTERESSE ECOLÓGICO CAPETINGA/TAQUARA","Angiosperms","Asteraceae","Erechtites","hieracifolius","(L.) Raf. ex DC.","ASTERACEAE Erechtites hieracifolius (L.) Raf. ex DC.","IBGE00068521",,"IBGE","Amaral, A.G.","1557","Native","2007","Dematteis, M.","2007","Ouro","Prata","jbrj-public.s3-sa-east-1.amazonaws.com/fsi/server?type=image&source=DZI/ibge/ibge/0/6/85/21/ibge00068521.dzi","Brasília","Folha Cartográfica SD-23-Y-C Coordenada Coletada. Fazenda Água Limpa - UnB"
"ÁREA DE RELEVANTE INTERESSE ECOLÓGICO CAPETINGA/TAQUARA","Angiosperms","Asteraceae","Eremanthus","mollis","Sch.Bip.","ASTERACEAE Eremanthus mollis Sch.Bip.","IBGE00066242",,"IBGE","Amaral, A.G.","948","Native","2007","Dematteis, M.","2007","Ouro","Prata","jbrj-public.s3-sa-east-1.amazonaws.com/fsi/server?type=image&source=DZI/ibge/ibge/0/6/62/42/ibge00066242.dzi","Brasília","Folha Cartográfica SD-23-Y-C Coordenada Coletada. Fazenda Água Limpa. UnB."
"ÁREA DE RELEVANTE INTERESSE ECOLÓGICO CAPETINGA/TAQUARA","Angiosperms","Asteraceae","Lessingianthus","bardanoides","(Less.) H.Rob.","ASTERACEAE Lessingianthus bardanoides (Less.) H.Rob.","IBGE00068819",,"IBGE","Amaral, A.G.","1776","Native","2007","Dematteis, M.","2007","Ouro","Prata","jbrj-public.s3-sa-east-1.amazonaws.com/fsi/server?type=image&source=DZI/ibge/ibge/0/6/88/19/ibge00068819.dzi","Brasília","Folha Cartográfica SD-23-Y-C Coordenada Coletada. Fazenda Água Limpa. UNB."
"ÁREA DE RELEVANTE INTERESSE ECOLÓGICO CAPETINGA/TAQUARA","Angiosperms","Asteraceae","Lessingianthus","erythrophilus","(DC.) H.Rob.","ASTERACEAE Lessingianthus erythrophilus (DC.) H.Rob.","IBGE00068769",,"IBGE","Amaral, A.G.","1723","Native","2007","Dematteis, M.","2007","Ouro","Prata","jbrj-public.s3-sa-east-1.amazonaws.com/fsi/server?type=image&source=DZI/ibge/ibge/0/6/87/69/ibge00068769.dzi","Brasília","Folha Cartográfica SD-23-Y-C Coordenada Coletada. Fazenda Água Limpa. UNB."
"ÁREA DE RELEVANTE INTERESSE ECOLÓGICO CAPETINGA/TAQUARA","Angiosperms","Asteraceae","Lessingianthus","ligulifolius","(Mart. ex DC.) H.Rob.","ASTERACEAE Lessingianthus ligulifolius (Mart. ex DC.) H.Rob.","IBGE00068704",,"IBGE","Amaral, A.G.","1649","Native","2007","Dematteis, M.","2007","Ouro","Prata","jbrj-public.s3-sa-east-1.amazonaws.com/fsi/server?type=image&source=DZI/ibge/ibge/0/6/87/4/ibge00068704.dzi","Brasília","Folha Cartográfica SD-23-Y-C Coordenada Coletada. Fazenda Água Limpa."
"ÁREA DE RELEVANTE INTERESSE ECOLÓGICO CAPETINGA/TAQUARA","Angiosperms","Asteraceae","Lessingianthus","psilophyllus","(DC.) H.Rob.","ASTERACEAE Lessingianthus psilophyllus (DC.) H.Rob.","IBGE00066561",,"IBGE","Amaral, A.G.","1194","Native","2007","Dematteis, M.","2007","Ouro","Prata","jbrj-public.s3-sa-east-1.amazonaws.com/fsi/server?type=image&source=DZI/ibge/ibge/0/6/65/61/ibge00066561.dzi","Brasília","Folha Cartográfica SD-23-Y-C Coordenada Coletada. Fazenda Água Limpa. UnB."
"ÁREA DE RELEVANTE INTERESSE ECOLÓGICO CAPETINGA/TAQUARA","Angiosperms","Asteraceae","Stenocephalum","megapotamicum","(Spreng.) Sch.Bip.","ASTERACEAE Stenocephalum megapotamicum (Spreng.) Sch.Bip.","IBGE00067028",,"IBGE","Amaral, A.G.","1339","Native","2007","Dematteis, M.","2007","Ouro","Prata","jbrj-public.s3-sa-east-1.amazonaws.com/fsi/server?type=image&source=DZI/ibge/ibge/0/6/70/28/ibge00067028.dzi","Brasília","Folha Cartográfica SD-23-Y-C Coordenada Coletada. Fazenda Água Limpa. UnB."
"ÁREA DE RELEVANTE INTERESSE ECOLÓGICO CAPETINGA/TAQUARA","Angiosperms","Asteraceae","Vernonanthura","membranacea","(Gardner) H.Rob.","ASTERACEAE Vernonanthura membranacea (Gardner) H.Rob.","IBGE00068818",,"IBGE","Amaral, A.G.","1775","Native","2007","Dematteis, M.","2007","Ouro","Prata","jbrj-public.s3-sa-east-1.amazonaws.com/fsi/server?type=image&source=DZI/ibge/ibge/0/6/88/18/ibge00068818.dzi","Brasília","Folha Cartográfica SD-23-Y-C Coordenada Coletada. Fazenda Água Limpa - UnB"
"ÁREA DE RELEVANTE INTERESSE ECOLÓGICO CAPETINGA/TAQUARA","Angiosperms","Melastomataceae","Chaetogastra","gracilis","(Bonpl.) DC.","MELASTOMATACEAE Chaetogastra gracilis (Bonpl.) DC.","IBGE00065864",,"IBGE","Amaral, A.G.","591","Native","2007","Munhoz, C.B.R.","2007","Ouro","Prata","jbrj-public.s3-sa-east-1.amazonaws.com/fsi/server?type=image&source=DZI/ibge/ibge/0/6/58/64/ibge00065864.dzi","Brasília","Folha Cartográfica SD-23-Y-C Coordenada Coletada. Fazenda Água Limpa, UnB."
"ÁREA DE RELEVANTE INTERESSE ECOLÓGICO CAPETINGA/TAQUARA","Angiosperms","Melastomataceae","Macairea","radula","(Bonpl.) DC.","MELASTOMATACEAE Macairea radula (Bonpl.) DC.","IBGE00068866",,"IBGE","Amaral, A.G.","1855","Native","2007","Munhoz, C.B.R.","2007","Ouro","Prata","jbrj-public.s3-sa-east-1.amazonaws.com/fsi/server?type=image&source=DZI/ibge/ibge/0/6/88/66/ibge00068866.dzi","Brasília","Folha Cartográfica SD-23-Y-C Coordenada Coletada. Fazenda Água Limpa."
"ÁREA DE RELEVANTE INTERESSE ECOLÓGICO CAPETINGA/TAQUARA","Angiosperms","Melastomataceae","Microlicia","polystemma","Naudin","MELASTOMATACEAE Microlicia polystemma Naudin","IBGE00065851",,"IBGE","Amaral, A.G.","578","Native","2007","Munhoz, C.B.R.","2007","Ouro","Prata","jbrj-public.s3-sa-east-1.amazonaws.com/fsi/server?type=image&source=DZI/ibge/ibge/0/6/58/51/ibge00065851.dzi","Brasília","Folha Cartográfica SD-23-Y-C Coordenada Coletada. Fazenda Água Limpa, UnB."
"ÁREA DE RELEVANTE INTERESSE ECOLÓGICO CAPETINGA/TAQUARA","Angiosperms","Melastomataceae","Ossaea","congestiflora","(Naudin) Cogn.","MELASTOMATACEAE Ossaea congestiflora (Naudin) Cogn.","IBGE00065916",,"IBGE","Amaral, A.G.","627","Native","2007","Munhoz, C.B.R.","2007","Ouro","Prata","jbrj-public.s3-sa-east-1.amazonaws.com/fsi/server?type=image&source=DZI/ibge/ibge/0/6/59/16/ibge00065916.dzi","Brasília","UnB. Folha Cartográfica SD-23-Y-C Coordenada Coletada. Fazenda Água Limpa."
"ÁREA DE RELEVANTE INTERESSE ECOLÓGICO CAPETINGA/TAQUARA","Angiosperms","Melastomataceae","Rhynchanthera","grandiflora","(Aubl.) DC.","MELASTOMATACEAE Rhynchanthera grandiflora (Aubl.) DC.","IBGE00068868",,"IBGE","Amaral, A.G.","1857","Native","2007","Munhoz, C.B.R.","2007","Ouro","Prata","jbrj-public.s3-sa-east-1.amazonaws.com/fsi/server?type=image&source=DZI/ibge/ibge/0/6/88/68/ibge00068868.dzi","Brasília","Folha Cartográfica SD-23-Y-C Coordenada Coletada. Fazenda Água Limpa."
"ÁREA DE RELEVANTE INTERESSE ECOLÓGICO CAPETINGA/TAQUARA","Angiosperms","Melastomataceae","Siphanthera","cordata","Pohl ex DC.","MELASTOMATACEAE Siphanthera cordata Pohl ex DC.","IBGE00068520",,"IBGE","Amaral, A.G.","1556","Native","2007","Munhoz, C.B.R.","2007","Ouro","Prata","jbrj-public.s3-sa-east-1.amazonaws.com/fsi/server?type=image&source=DZI/ibge/ibge/0/6/85/20/ibge00068520.dzi","Brasília","Folha Cartográfica SD-23-Y-C Coordenada Coletada. Fazenda Água Limpa."
"ÁREA DE RELEVANTE INTERESSE ECOLÓGICO CAPETINGA/TAQUARA","Angiosperms","Myrtaceae","Eugenia","complicata","O.Berg","MYRTACEAE Eugenia complicata O.Berg","IBGE00066570",,"IBGE","Amaral, A.G.","1004","Native","2007","Proenca, C.","2007","Ouro","Prata","jbrj-public.s3-sa-east-1.amazonaws.com/fsi/server?type=image&source=DZI/ibge/ibge/0/6/65/70/ibge00066570.dzi","Brasília","Folha Cartográfica SD-23-Y-C Coordenada Coletada. Fazenda Água Limpa."
"ÁREA DE RELEVANTE INTERESSE ECOLÓGICO CAPETINGA/TAQUARA","Angiosperms","Myrtaceae","Eugenia","involucrata","DC.","MYRTACEAE Eugenia involucrata DC.","IBGE00068527",,"IBGE","Amaral, A.G.","1563","Native","2007","Proenca, C.","2007","Ouro","Prata","jbrj-public.s3-sa-east-1.amazonaws.com/fsi/server?type=image&source=DZI/ibge/ibge/0/6/85/27/ibge00068527.dzi","Brasília","Folha Cartográfica SD-23-Y-C Coordenada Coletada. Fazenda Água Limpa."
"ÁREA DE RELEVANTE INTERESSE ECOLÓGICO CAPETINGA/TAQUARA","Ferns and Lycophytes","Myrtaceae","Myrcia","guianensis","(Aubl.) DC.","MYRTACEAE Myrcia guianensis (Aubl.) DC.","IBGE00065860",,"IBGE","Amaral, A.G.","587","Native","2007","Proenca, C.","2007","Ouro","Prata","jbrj-public.s3-sa-east-1.amazonaws.com/fsi/server?type=image&source=DZI/ibge/ibge/0/6/58/60/ibge00065860.dzi","Brasília","Folha Cartográfica SD-23-Y-C Coordenada Coletada. Fazenda Água Limpa."
"ÁREA DE RELEVANTE INTERESSE ECOLÓGICO CAPETINGA/TAQUARA","Angiosperms","Polygalaceae","Monnina","exalata","A.W.Benn.","POLYGALACEAE Monnina exalata A.W.Benn.","IBGE00064341",,"IBGE","Amaral, A.G.","399","Native","2006","Pastore, J.F.B.","2023","Ouro","Prata","jbrj-public.s3-sa-east-1.amazonaws.com/fsi/server?type=image&source=DZI/ibge/ibge/0/6/43/41/ibge00064341.dzi","Brasília","Folha Cartográfica SD-23-Y-C Coordenada Coletada. Fazenda Água Limpa."
"ÁREA DE RELEVANTE INTERESSE ECOLÓGICO CAPETINGA/TAQUARA","Angiosperms","Erythroxylaceae","Erythroxylum","suberosum","A.St.-Hil.","ERYTHROXYLACEAE Erythroxylum suberosum A.St.-Hil.","IBGE00065610",,"IBGE","Amaral, A.G.","325","Native","2006","Costa-Lima, J.L.","2018","Ouro","Prata","jbrj-public.s3-sa-east-1.amazonaws.com/fsi/server?type=image&source=DZI/ibge/ibge/0/6/56/10/ibge00065610.dzi","Brasília","Fazenda Água Limpa. UnB. Folha Cartográfica SD-23-Y-C Coordenada Coletada."
"ÁREA DE RELEVANTE INTERESSE ECOLÓGICO CAPETINGA/TAQUARA","Angiosperms","Polygalaceae","Senega","carphoides","(Chodat) J.F.B.Pastore","POLYGALACEAE Senega carphoides (Chodat) J.F.B.Pastore","IBGE00065587",,"IBGE","Amaral, A.G.","302","Native","2006","Pastore, J.F.B.","2012","Ouro","Prata","jbrj-public.s3-sa-east-1.amazonaws.com/fsi/server?type=image&source=DZI/ibge/ibge/0/6/55/87/ibge00065587.dzi","Brasília","Fazenda Água Limpa. UnB. Folha Cartográfica SD-23-Y-C Coordenada Coletada."
"ÁREA DE RELEVANTE INTERESSE ECOLÓGICO CAPETINGA/TAQUARA","Angiosperms","Rubiaceae","Borreria","poaya","(A.St.-Hil.) DC.","RUBIACEAE Borreria poaya (A.St.-Hil.) DC.","IBGE00065699",,"IBGE","Amaral, A.G.","417","Native","2006","Delprete, P.G.","2012","Ouro","Prata","jbrj-public.s3-sa-east-1.amazonaws.com/fsi/server?type=image&source=DZI/ibge/ibge/0/6/56/99/ibge00065699.dzi","Brasília","Fazenda Água Limpa. UnB. Folha Cartográfica SD-23-Y-C Coordenada Coletada."
"ÁREA DE RELEVANTE INTERESSE ECOLÓGICO CAPETINGA/TAQUARA","Angiosperms","Rubiaceae","Galianthe","ramosa","E.L.Cabral","RUBIACEAE Galianthe ramosa E.L.Cabral","IBGE00065752",,"IBGE","Amaral, A.G.","474","Native","2006","Delprete, P.G.","2012","Ouro","Prata","jbrj-public.s3-sa-east-1.amazonaws.com/fsi/server?type=image&source=DZI/ibge/ibge/0/6/57/52/ibge00065752.dzi","Brasília","Folha Cartográfica SD-23-Y-C Coordenada Coletada. Fazenda Água Limpa. UNB."
"ÁREA DE RELEVANTE INTERESSE ECOLÓGICO CAPETINGA/TAQUARA","Angiosperms","Rubiaceae","Palicourea","rigida","Kunth","RUBIACEAE Palicourea rigida Kunth","IBGE00065791",,"IBGE","Amaral, A.G.","516-A","Native","2006","Delprete, P.G.","2012","Ouro","Prata","jbrj-public.s3-sa-east-1.amazonaws.com/fsi/server?type=image&source=DZI/ibge/ibge/0/6/57/91/ibge00065791.dzi","Brasília","Fazenda Água Limpa, UnB. Folha Cartográfica SD-23-Y-C Coordenada Coletada."
"ÁREA DE RELEVANTE INTERESSE ECOLÓGICO CAPETINGA/TAQUARA","Angiosperms","Myrtaceae","Eugenia","klotzschiana","O.Berg","MYRTACEAE Eugenia klotzschiana O.Berg","IBGE00064335",,"IBGE","Amaral, A.G.","57","Native","2006","Santos, M.F.","2011","Ouro","Prata","jbrj-public.s3-sa-east-1.amazonaws.com/fsi/server?type=image&source=DZI/ibge/ibge/0/6/43/35/ibge00064335.dzi","Brasília","Folha Cartográfica SD-23-Y-C Coordenada Coletada. Fazenda Água Limpa."
"ÁREA DE RELEVANTE INTERESSE ECOLÓGICO CAPETINGA/TAQUARA","Angiosperms","Myrtaceae","Myrcia","lasiantha","DC.","MYRTACEAE Myrcia lasiantha DC.","IBGE00064370",,"IBGE","Amaral, A.G.","52","Native","2006","Gomes-Bezerra, K.M.","2011","Ouro","Prata","jbrj-public.s3-sa-east-1.amazonaws.com/fsi/server?type=image&source=DZI/ibge/ibge/0/6/43/70/ibge00064370.dzi","Brasília","Fazenda Água Limpa. Folha: SD-23-Y-C."
"ÁREA DE RELEVANTE INTERESSE ECOLÓGICO CAPETINGA/TAQUARA","Angiosperms","Apocynaceae","Oxypetalum","lineare","Decne.","APOCYNACEAE Oxypetalum lineare Decne.","IBGE00065809",,"IBGE","Amaral, A.G.","535","Native","2006","Rapini, A.","2010","Ouro","Prata","jbrj-public.s3-sa-east-1.amazonaws.com/fsi/server?type=image&source=DZI/ibge/ibge/0/6/58/9/ibge00065809.dzi","Brasília","Fazenda Água Limpa. UnB. Folha Cartográfica SD-23-Y-C Coordenada Calculada. Fazenda Água Limpa - FAL"
"ÁREA DE RELEVANTE INTERESSE ECOLÓGICO CAPETINGA/TAQUARA","Angiosperms","Apocynaceae","Oxypetalum","pachygynum","Decne.","APOCYNACEAE Oxypetalum pachygynum Decne.","IBGE00064768",,"IBGE","Amaral, A.G.","145","Native","2006","Rapini, A.","2010","Ouro","Prata","jbrj-public.s3-sa-east-1.amazonaws.com/fsi/server?type=image&source=DZI/ibge/ibge/0/6/47/68/ibge00064768.dzi","Brasília","Fazenda Água Limpa, UnB. Folha Cartográfica SD-23-Y-C Coordenada Coletada."
"ÁREA DE RELEVANTE INTERESSE ECOLÓGICO CAPETINGA/TAQUARA","Angiosperms","Vitaceae","Cissus","erosa","Rich.","VITACEAE Cissus erosa subsp. erosa Rich.","IBGE00065768",,"IBGE","Amaral, A.G.","490","Native","2006","Lombardi, J.A.","2008","Ouro","Prata","jbrj-public.s3-sa-east-1.amazonaws.com/fsi/server?type=image&source=DZI/ibge/ibge/0/6/57/68/ibge00065768.dzi","Brasília","Fazenda Água Limpa. UnB. Folha cartográfica: SD-23-Y-C."
"ÁREA DE RELEVANTE INTERESSE ECOLÓGICO CAPETINGA/TAQUARA","Angiosperms","Asteraceae","Campuloclinium","macrocephalum","(Less.) DC.","ASTERACEAE Campuloclinium macrocephalum (Less.) DC.","IBGE00065692",,"IBGE","Amaral, A.G.","410","Native","2006","Dematteis, M.","2007","Ouro","Prata","jbrj-public.s3-sa-east-1.amazonaws.com/fsi/server?type=image&source=DZI/ibge/ibge/0/6/56/92/ibge00065692.dzi","Brasília","Fazenda Água Limpa. UnB. Folha Cartográfica SD-23-Y-C Coordenada Coletada. Fazenda Água Limpa - UnB."
"ÁREA DE RELEVANTE INTERESSE ECOLÓGICO CAPETINGA/TAQUARA","Angiosperms","Asteraceae","Lessingianthus","compactiflorus","(Mart. ex Baker) H.Rob.","ASTERACEAE Lessingianthus compactiflorus (Mart. ex Baker) H.Rob.","IBGE00064366",,"IBGE","Amaral, A.G.","17","Native","2006","Dematteis, M.","2007","Ouro","Prata","jbrj-public.s3-sa-east-1.amazonaws.com/fsi/server?type=image&source=DZI/ibge/ibge/0/6/43/66/ibge00064366.dzi","Brasília","Fazenda Água Limpa. UnB. Folha Cartográfica SD-23-Y-C Coordenada Coletada."
"ÁREA DE RELEVANTE INTERESSE ECOLÓGICO CAPETINGA/TAQUARA","Ferns and Lycophytes","Melastomataceae","Cambessedesia","espora","(A.St.-Hil. ex Bonpl.) DC.","MELASTOMATACEAE Cambessedesia espora (A.St.-Hil. ex Bonpl.) DC.","IBGE00064980",,"IBGE","Amaral, A.G.","177","Native","2006","Munhoz, C.B.R.","2007","Ouro","Prata","jbrj-public.s3-sa-east-1.amazonaws.com/fsi/server?type=image&source=DZI/ibge/ibge/0/6/49/80/ibge00064980.dzi","Brasília","Fazenda Água Limpa (FAL-UNB) Folha Cartográfica Coordenada Coletada."
"ÁREA DE RELEVANTE INTERESSE ECOLÓGICO CAPETINGA/TAQUARA","Ferns and Lycophytes","Melastomataceae","Cambessedesia","hilariana","(Kunth) DC.","MELASTOMATACEAE Cambessedesia hilariana (Kunth) DC.","IBGE00065678",,"IBGE","Amaral, A.G.","395","Native","2006","Munhoz, C.B.R.","2007","Ouro","Prata","jbrj-public.s3-sa-east-1.amazonaws.com/fsi/server?type=image&source=DZI/ibge/ibge/0/6/56/78/ibge00065678.dzi","Brasília","Folha Cartográfica SD-23-Y-C Coordenada Coletada. Fazenda Água Limpa - UnB."
"ÁREA DE RELEVANTE INTERESSE ECOLÓGICO CAPETINGA/TAQUARA","Angiosperms","Melastomataceae","Lavoisiera","imbricata","(Thunb.) DC.","MELASTOMATACEAE Lavoisiera imbricata (Thunb.) DC.","IBGE00064758",,"IBGE","Amaral, A.G.","136","Native","2006","Munhoz, C.B.R.","2007","Ouro","Prata","jbrj-public.s3-sa-east-1.amazonaws.com/fsi/server?type=image&source=DZI/ibge/ibge/0/6/47/58/ibge00064758.dzi","Brasília","Folha Cartográfica SD-23-Y-C Coordenada Coletada. Fazenda Água Limpa. UnB."
"ÁREA DE RELEVANTE INTERESSE ECOLÓGICO CAPETINGA/TAQUARA","Angiosperms","Melastomataceae","Leandra","deflexa","(O.Berg ex Triana) Cogn.","MELASTOMATACEAE Leandra deflexa (O.Berg ex Triana) Cogn.","IBGE00065002",,"IBGE","Amaral, A.G.","200","Native","2006","Munhoz, C.B.R.","2007","Ouro","Prata","jbrj-public.s3-sa-east-1.amazonaws.com/fsi/server?type=image&source=DZI/ibge/ibge/0/6/50/2/ibge00065002.dzi","Brasília","Folha Cartográfica SD-23-Y-C Coordenada Coletada. Fazenda Água Limpa, UnB."
"ÁREA DE RELEVANTE INTERESSE ECOLÓGICO CAPETINGA/TAQUARA","Angiosperms","Melastomataceae","Miconia","albicans","(Sw.) Steud.","MELASTOMATACEAE Miconia albicans (Sw.) Steud.","IBGE00064333",,"IBGE","Amaral, A.G.","3","Native","2006","Munhoz, C.B.R.","2007","Ouro","Prata","jbrj-public.s3-sa-east-1.amazonaws.com/fsi/server?type=image&source=DZI/ibge/ibge/0/6/43/33/ibge00064333.dzi","Brasília","Folha Cartográfica SD-23-Y-C Coordenada Coletada. Fazenda Água Limpa, UnB."
"ÁREA DE RELEVANTE INTERESSE ECOLÓGICO CAPETINGA/TAQUARA","Angiosperms","Melastomataceae","Miconia","chamissois","Naudin","MELASTOMATACEAE Miconia chamissois Naudin","IBGE00064752",,"IBGE","Amaral, A.G.","129","Native","2006","Munhoz, C.B.R.","2007","Ouro","Prata","jbrj-public.s3-sa-east-1.amazonaws.com/fsi/server?type=image&source=DZI/ibge/ibge/0/6/47/52/ibge00064752.dzi","Brasília","Folha Cartográfica SD-23-Y-C Coordenada Coletada. Fazenda Água Limpa. UnB."
"ÁREA DE RELEVANTE INTERESSE ECOLÓGICO CAPETINGA/TAQUARA","Angiosperms","Melastomataceae","Trembleya","parviflora","(D.Don) Cogn.","MELASTOMATACEAE Trembleya parviflora (D.Don) Cogn.","IBGE00064755",,"IBGE","Amaral, A.G.","132","Native","2006","Munhoz, C.B.R.","2007","Ouro","Prata","jbrj-public.s3-sa-east-1.amazonaws.com/fsi/server?type=image&source=DZI/ibge/ibge/0/6/47/55/ibge00064755.dzi","Brasília","Folha Cartográfica SD-23-Y-C Coordenada Coletada. Fazenda Água Limpa."
"ÁREA DE RELEVANTE INTERESSE ECOLÓGICO CAPETINGA/TAQUARA","Angiosperms","Melastomataceae","Trembleya","phlogiformis","Mart. & Schrank ex DC.","MELASTOMATACEAE Trembleya phlogiformis Mart. & Schrank ex DC.","IBGE00065654",,"IBGE","Amaral, A.G.","370","Native","2006","Munhoz, C.B.R.","2007","Ouro","Prata","jbrj-public.s3-sa-east-1.amazonaws.com/fsi/server?type=image&source=DZI/ibge/ibge/0/6/56/54/ibge00065654.dzi","Brasília","Folha Cartográfica SD-23-Y-C Coordenada Coletada. Fazenda Água Limpa. UnB."
"ÁREA DE RELEVANTE INTERESSE ECOLÓGICO CAPETINGA/TAQUARA","Angiosperms","Myrtaceae","Campomanesia","adamantium","(Cambess.) O.Berg","MYRTACEAE Campomanesia adamantium (Cambess.) O.Berg","IBGE00064668",,"IBGE","Amaral, A.G.","64","Native","2006","Proenca, C.","2007","Ouro","Prata","jbrj-public.s3-sa-east-1.amazonaws.com/fsi/server?type=image&source=DZI/ibge/ibge/0/6/46/68/ibge00064668.dzi","Brasília","Fazenda Água Limpa, UnB. Folha: SD-23-Y-C."
"ÁREA DE RELEVANTE INTERESSE ECOLÓGICO CAPETINGA/TAQUARA","Angiosperms","Myrtaceae","Campomanesia","pubescens","(Mart. ex DC.) O.Berg","MYRTACEAE Campomanesia pubescens (Mart. ex DC.) O.Berg","IBGE00064976",,"IBGE","Amaral, A.G.","173","Native","2006","Proenca, C.","2007","Ouro","Prata","jbrj-public.s3-sa-east-1.amazonaws.com/fsi/server?type=image&source=DZI/ibge/ibge/0/6/49/76/ibge00064976.dzi","Brasília","Fazenda Água Limpa. UnB. Folha Cartográfica SD-23-Y-C Coordenada Coletada."
"ÁREA DE RELEVANTE INTERESSE ECOLÓGICO CAPETINGA/TAQUARA","Angiosperms","Myrtaceae","Campomanesia","xanthocarpa","(Mart.) O.Berg","MYRTACEAE Campomanesia xanthocarpa (Mart.) O.Berg","IBGE00068952",,"IBGE","Amaral, A.G.","246","Native","2006","Proenca, C.","2007","Ouro","Prata","jbrj-public.s3-sa-east-1.amazonaws.com/fsi/server?type=image&source=DZI/ibge/ibge/0/6/89/52/ibge00068952.dzi","Brasília","Folha Cartográfica SD-23-Y-C Coordenada Coletada. Fazenda Água Limpa, UnB"
"ÁREA DE RELEVANTE INTERESSE ECOLÓGICO CAPETINGA/TAQUARA","Angiosperms","Myrtaceae","Eugenia","punicifolia","(Kunth) DC.","MYRTACEAE Eugenia punicifolia (Kunth) DC.","IBGE00065551",,"IBGE","Amaral, A.G.","250","Native","2006","Proenca, C.","2007","Ouro","Prata","jbrj-public.s3-sa-east-1.amazonaws.com/fsi/server?type=image&source=DZI/ibge/ibge/0/6/55/51/ibge00065551.dzi","Brasília","Folha Cartográfica SD-23-Y-C Coordenada Coletada. Fazenda Água Limpa - UnB."
"ÁREA DE RELEVANTE INTERESSE ECOLÓGICO CAPETINGA/TAQUARA","Angiosperms","Myrtaceae","Myrcia","decorticans","DC.","MYRTACEAE Myrcia decorticans DC.","IBGE00064330",,"IBGE","Amaral, A.G.","7","Native","2006","Proenca, C.","2007","Ouro","Prata","jbrj-public.s3-sa-east-1.amazonaws.com/fsi/server?type=image&source=DZI/ibge/ibge/0/6/43/30/ibge00064330.dzi","Brasília","Fazenda Água Limpa. UnB. Folha: SD-23-Y-C. Fazenda Água Limpa."
"ÁREA DE RELEVANTE INTERESSE ECOLÓGICO CAPETINGA/TAQUARA","Angiosperms","Myrtaceae","Myrcia","stricta","(O.Berg) Kiaersk.","MYRTACEAE Myrcia stricta (O.Berg) Kiaersk.","IBGE00064676",,"IBGE","Amaral, A.G.","72","Native","2006","Proenca, C.","2007","Ouro","Prata","jbrj-public.s3-sa-east-1.amazonaws.com/fsi/server?type=image&source=DZI/ibge/ibge/0/6/46/76/ibge00064676.dzi","Brasília","Fazenda Água Limpa. UnB. Folha Cartográfica SD-23-Y-C Coordenada Coletada."
"ÁREA DE RELEVANTE INTERESSE ECOLÓGICO CAPETINGA/TAQUARA","Angiosperms","Myrtaceae","Myrcia","tomentosa","(Aubl.) DC.","MYRTACEAE Myrcia tomentosa (Aubl.) DC.","IBGE00065620",,"IBGE","Amaral, A.G.","335","Native","2006","Proenca, C.","2007","Ouro","Prata","jbrj-public.s3-sa-east-1.amazonaws.com/fsi/server?type=image&source=DZI/ibge/ibge/0/6/56/20/ibge00065620.dzi","Brasília","Fazenda Água Limpa. UnB."
"ÁREA DE RELEVANTE INTERESSE ECOLÓGICO CAPETINGA/TAQUARA","Angiosperms","Myrtaceae","Psidium","basanthum","O.Berg","MYRTACEAE Psidium basanthum O.Berg","IBGE00065688",,"IBGE","Amaral, A.G.","406","Native","2006","Proenca, C.","2007","Ouro","Prata","jbrj-public.s3-sa-east-1.amazonaws.com/fsi/server?type=image&source=DZI/ibge/ibge/0/6/56/88/ibge00065688.dzi","Brasília","Fazenda Água Limpa. UnB. Folha Cartográfica SD-23-Y-C Coordenada Coletada. FAL"
"ÁREA DE RELEVANTE INTERESSE ECOLÓGICO CAPETINGA/TAQUARA","Angiosperms","Myrtaceae","Psidium","grandifolium","Mart. ex DC.","MYRTACEAE Psidium grandifolium Mart. ex DC.","IBGE00065616",,"IBGE","Amaral, A.G.","331","Native","2006","Proenca, C.","2007","Ouro","Prata","jbrj-public.s3-sa-east-1.amazonaws.com/fsi/server?type=image&source=DZI/ibge/ibge/0/6/56/16/ibge00065616.dzi","Brasília","Folha Cartográfica SD-23-Y-D Coordenada Coletada. Fazenda Água Limpa."
"ÁREA DE RELEVANTE INTERESSE ECOLÓGICO CAPETINGA/TAQUARA","Angiosperms","Poaceae","Andropogon","leucostachyus","Kunth","POACEAE Andropogon leucostachyus Kunth","IBGE00067095",,"IBGE","Ribeiro, D.G.","97","Native","2005","Filgueiras, T.S.","2012","Ouro","Prata","jbrj-public.s3-sa-east-1.amazonaws.com/fsi/server?type=image&source=DZI/ibge/ibge/0/6/70/95/ibge00067095.dzi","Brasília","Fazenda Água Limpa. UnB; folha SD-23-Y-C."
"ÁREA DE RELEVANTE INTERESSE ECOLÓGICO CAPETINGA/TAQUARA","Angiosperms","Polygalaceae","Senega","minima","(Pohl ex A.W.Benn.) J.F.B.Pastore","POLYGALACEAE Senega minima (Pohl ex A.W.Benn.) J.F.B.Pastore","CEN00051033",,"CEN","Pastore, J.F.B.","313","Native","2003","Pastore, J.F.B.","2023","Ouro","Prata","jbrj-public.s3.amazonaws.com/fsi/server?type=image&source=DZI/cen/cen/0/5/10/33/cen00051033.dzi","Brasília","Mirante / Fazenda Água Limpa. Fal - UnB."
"ÁREA DE RELEVANTE INTERESSE ECOLÓGICO CAPETINGA/TAQUARA","Angiosperms","Araliaceae","Didymopanax","macrocarpus","(Cham. & Schltdl.) Seem.","ARALIACEAE Didymopanax macrocarpus (Cham. & Schltdl.) Seem.","IBGE00057690",,"IBGE","Fonseca, M.L.","4682","Native","2003","Fiaschi, P.","2020","Ouro","Prata","jbrj-public.s3-sa-east-1.amazonaws.com/fsi/server?type=image&source=DZI/ibge/ibge/0/5/76/90/ibge00057690.dzi|jbrj-public.s3-sa-east-1.amazonaws.com/fsi/server?type=image&source=DZI/ibge/ibge/0/5/76/90/ibge00057690_1.dzi","Brasília","APA Gama - Cabeça de Veado. Região Administrativa do Lago Sul. Fazenda Água Limpa, UnB. Área da ""MOA"". Solo latossolo vermelho. Relevo plano."
"ÁREA DE RELEVANTE INTERESSE ECOLÓGICO CAPETINGA/TAQUARA","Angiosperms","Lamiaceae","Oocephalus","grazielae","Harley","LAMIACEAE Oocephalus grazielae Harley","HUEFS00076427",,"HUEFS","Fonseca, M.L.","4663","Native","2003","Harley, R.M.","2018","Ouro","Prata","jbrj-public.s3-sa-east-1.amazonaws.com/fsi/server?type=image&source=DZI/huefs/huefs/0/7/64/27/huefs00076427.dzi","Brasília","APA Gama e Cabeça de Veado. R.A. do Lago Sul. Fazenda Água Limpa (FAL-UnB.) Área da ""MOA"
"ÁREA DE RELEVANTE INTERESSE ECOLÓGICO CAPETINGA/TAQUARA","Angiosperms","Vochysiaceae","Vochysia","elliptica","Mart.","VOCHYSIACEAE Vochysia elliptica Mart.","IBGE00057462",,"IBGE","Fonseca, M.L.","4678","Native","2003","Goncalves, D.J.P.","2014","Ouro","Prata","jbrj-public.s3-sa-east-1.amazonaws.com/fsi/server?type=image&source=DZI/ibge/ibge/0/5/74/62/ibge00057462.dzi","Brasília","APA Gama e Cabeça de Veado. R.A. do Lago Sul. Fazenda Água Limpa (FAL-UnB). Área da MOA. Coordenada coletada."
"ÁREA DE RELEVANTE INTERESSE ECOLÓGICO CAPETINGA/TAQUARA","Angiosperms","Rubiaceae","Planaltina","capitata","(K.Schum.) R.M.Salas & E.L.Cabral","RUBIACEAE Planaltina capitata (K.Schum.) R.M.Salas & E.L.Cabral","IBGE00057748",,"IBGE","Fonseca, M.L.","4686","Native","2003","Delprete, P.G.","2012","Ouro","Prata","jbrj-public.s3-sa-east-1.amazonaws.com/fsi/server?type=image&source=DZI/ibge/ibge/0/5/77/48/ibge00057748.dzi","Brasília","APA Gama e Cabeça de Veado. Região Administrativa do Lago Sul. Fazenda Água Limpa (FAL-UnB). Área da MOA. Coordenada coletada."
"ÁREA DE RELEVANTE INTERESSE ECOLÓGICO CAPETINGA/TAQUARA","Angiosperms","Asteraceae","Soaresia","velutina","Sch.Bip.","ASTERACEAE Soaresia velutina Sch.Bip.","IBGE00057699",,"IBGE","Fonseca, M.L.","4710","Native","2003","Loeuille, B.","2011","Ouro","Prata","jbrj-public.s3-sa-east-1.amazonaws.com/fsi/server?type=image&source=DZI/ibge/ibge/0/5/76/99/ibge00057699.dzi","Brasília","APA Gama - Cabeça de Veado. Região Administrativa do Lago Sul. Fazenda Água Limpa, UnB. Área da ""MOA"". Solo latossolo vermelho. Relevo plano."
"ÁREA DE RELEVANTE INTERESSE ECOLÓGICO CAPETINGA/TAQUARA","Angiosperms","Symplocaceae","Symplocos","revoluta","Casar.","SYMPLOCACEAE Symplocos revoluta Casar.","IBGE00057197",,"IBGE","Teixeira, S.F.","438","Native","2003","Aranha Filho, J.L.M.","2010","Ouro","Prata","jbrj-public.s3-sa-east-1.amazonaws.com/fsi/server?type=image&source=DZI/ibge/ibge/0/5/71/97/ibge00057197.dzi","Brasília","Fazenda Água Limpa (FAL), da Universidade de Brasília. R.A do Lago Sul. Mata do Capetinga. Coordenada calculada. Folha: SD-23-Y-C."
"ÁREA DE RELEVANTE INTERESSE ECOLÓGICO CAPETINGA/TAQUARA","Angiosperms","Xyridaceae","Xyris","hymenachne","Mart.","XYRIDACEAE Xyris hymenachne Mart.","IBGE00057207",,"IBGE","Fonseca, M.L.","4824","Native","2003","Wanderley, M.G.L.","2009","Ouro","Prata","jbrj-public.s3-sa-east-1.amazonaws.com/fsi/server?type=image&source=DZI/ibge/ibge/0/5/72/7/ibge00057207.dzi","Brasília","APA Gama e Cabeça de Veado. Fazenda Água Limpa (FAL-UnB). Região Administrativa do Lago Sul. Coordenada coletada."
"ÁREA DE RELEVANTE INTERESSE ECOLÓGICO CAPETINGA/TAQUARA","Angiosperms","Fabaceae","Bauhinia","dumosa","(Harms) Vaz & R.Marquete","FABACEAE Bauhinia dumosa var. viscidula (Harms) Vaz & R.Marquete","IBGE00057799",,"IBGE","Fonseca, M.L.","4705","Native","2003","Vaz, A.M.S.F.","2008","Ouro","Prata","jbrj-public.s3-sa-east-1.amazonaws.com/fsi/server?type=image&source=DZI/ibge/ibge/0/5/77/99/ibge00057799.dzi","Brasília","APA Gama e Cabeça de Veado. R.A. do Lago Sul. Fazenda Água Limpa (FAL-UnB). Área da MOA. Folha: SD-23-Y-C."
"ÁREA DE RELEVANTE INTERESSE ECOLÓGICO CAPETINGA/TAQUARA","Angiosperms","Gentianaceae","Deianira","chiquitana","Herzog","GENTIANACEAE Deianira chiquitana Herzog","IBGE00057794",,"IBGE","Fonseca, M.L.","4703","Native","2003","Guimaraes, E.F.","2008","Ouro","Prata","jbrj-public.s3-sa-east-1.amazonaws.com/fsi/server?type=image&source=DZI/ibge/ibge/0/5/77/94/ibge00057794.dzi","Brasília","APA Gama e Cabeça de Veado. Região Administrativa do Lago Sul. Fazenda Água Limpa (FAL-UnB). Área da MOA. Coordenada coletada."
"ÁREA DE RELEVANTE INTERESSE ECOLÓGICO CAPETINGA/TAQUARA","Angiosperms","Asteraceae","Eremanthus","glomerulatus","Less.","ASTERACEAE Eremanthus glomerulatus Less.","IBGE00057382",,"IBGE","Fonseca, M.L.","4808","Native","2003","Loeuille, B.","2007","Ouro","Prata","jbrj-public.s3-sa-east-1.amazonaws.com/fsi/server?type=image&source=DZI/ibge/ibge/0/5/73/82/ibge00057382.dzi","Brasília","APA Gama - Cabeça de Veado. Região Administrativa do Lago Sul. Fazenda Água Limpa, UnB. Área da ""MOA"". Solo hidromórfico, seco, argiloso. Relevo plano."
"ÁREA DE RELEVANTE INTERESSE ECOLÓGICO CAPETINGA/TAQUARA","Angiosperms","Polygalaceae","Senega","timoutou","(Aubl.) J.F.B.Pastore","POLYGALACEAE Senega timoutou (Aubl.) J.F.B.Pastore","IBGE00057189",,"IBGE","Fonseca, M.L.","4826","Native","2003","Marques, M.C.M.","2004","Ouro","Prata","jbrj-public.s3-sa-east-1.amazonaws.com/fsi/server?type=image&source=DZI/ibge/ibge/0/5/71/89/ibge00057189.dzi","Brasília","APA Gama e Cabeça de Veado. Fazenda Água Limpa (FAL-UnB). Região Administrativa do Lago Sul. Coordenada coletada."
"ÁREA DE RELEVANTE INTERESSE ECOLÓGICO CAPETINGA/TAQUARA","Angiosperms","Asteraceae","Baccharis","dracunculifolia","DC.","ASTERACEAE Baccharis dracunculifolia DC.","UB00101603",,"UB","Teles, A.M.","135","Native","2003","Teles, A.M.","2003","Ouro","Prata","jbrj-public.s3-sa-east-1.amazonaws.com/fsi/server?type=image&source=DZI/ub/ub/0/10/16/3/ub00101603.dzi","Brasília","Fazenda Água Limpa, próxima à lagoa"
"ÁREA DE RELEVANTE INTERESSE ECOLÓGICO CAPETINGA/TAQUARA","Angiosperms","Melastomataceae","Microlicia","serpyllifolia","D.Don","MELASTOMATACEAE Microlicia serpyllifolia D.Don","IBGE00057180",,"IBGE","Fonseca, M.L.","4815","Native","2003","Romero, R.","2003","Ouro","Prata","jbrj-public.s3-sa-east-1.amazonaws.com/fsi/server?type=image&source=DZI/ibge/ibge/0/5/71/80/ibge00057180.dzi","Brasília","APA Gama e Cabeça de Veado. Fazenda Água Limpa (FAL-UnB). Região Administrativa do Lago Sul. Coordenada coletada."
"ÁREA DE RELEVANTE INTERESSE ECOLÓGICO CAPETINGA/TAQUARA","Angiosperms","Vochysiaceae","Qualea","parviflora","Mart.","VOCHYSIACEAE Qualea parviflora Mart.","IBGE00057753",,"IBGE","Fonseca, M.L.","4666","Native","2003","Vianna, M.C.","2003","Ouro","Prata","jbrj-public.s3-sa-east-1.amazonaws.com/fsi/server?type=image&source=DZI/ibge/ibge/0/5/77/53/ibge00057753.dzi","Brasília","APA Gama e Cabeça de Veado. Fazenda Água Limpa (FAL-UnB) - Área da MOA. R.A. do Lago Sul. Coordenada coletada."
"ÁREA DE RELEVANTE INTERESSE ECOLÓGICO CAPETINGA/TAQUARA","Angiosperms","Melastomataceae","Miconia","hirtella","Cogn.","MELASTOMATACEAE Miconia hirtella Cogn.","IBGE00055096",,"IBGE","Mendonca, R.C.","5035","Native","2002","Goldenberg, R.","2021","Ouro","Prata","jbrj-public.s3-sa-east-1.amazonaws.com/fsi/server?type=image&source=DZI/ibge/ibge/0/5/50/96/ibge00055096.dzi","Brasília","Área de Proteção Ambiental (APA) Gama e Cabeça de Veado, Região Administrativa do Lago Sul, Fazenda Água Limpa (FAL) - Universidade de Brasília (UnB), Área da MOA, Córrego do Macaco (afluente do Ribeirão do Gama). Coordenada coletada."
"ÁREA DE RELEVANTE INTERESSE ECOLÓGICO CAPETINGA/TAQUARA","Angiosperms","Poaceae","Ichnanthus","calvescens","(Nees ex Trin.) Döll","POACEAE Ichnanthus calvescens (Nees ex Trin.) Döll","IBGE00055148",,"IBGE","Mendonca, R.C.","5091","Native","2002","Oliveira, R.C.","2019","Ouro","Prata","jbrj-public.s3-sa-east-1.amazonaws.com/fsi/server?type=image&source=DZI/ibge/ibge/0/5/51/48/ibge00055148.dzi","Brasília","Área de Proteção Ambiental (APA) do Gama - Cabeça de Veado, Fazenda Água Limpa (FAL) - Universidade de Brasília (UnB), Área de Relevante Interesse Ecológico do Capetinga, Região Administrativa (RA) do Lago Sul. Próximo à mata de galeria do Córrego Capetinga. Coordenada coletada."
"ÁREA DE RELEVANTE INTERESSE ECOLÓGICO CAPETINGA/TAQUARA","Angiosperms","Lamiaceae","Medusantha","crinita","(Benth.) Harley & J.F.B.Pastore","LAMIACEAE Medusantha crinita (Benth.) Harley & J.F.B.Pastore","IBGE00055645",,"IBGE","Mendonca, R.C.","4921","Native","2002","Harley, R.M.","2018","Ouro","Prata","jbrj-public.s3-sa-east-1.amazonaws.com/fsi/server?type=image&source=DZI/ibge/ibge/0/5/56/45/ibge00055645.dzi","Brasília","Área de Proteção Ambiental (APA) Gama e Cabeça de Veado. Fazenda Água Limpa - UnB, Área da MOA, Região Administrativa (RA) do Lago Sul. Coordenada coletada. APA Gama Cabeça de Veado"
"ÁREA DE RELEVANTE INTERESSE ECOLÓGICO CAPETINGA/TAQUARA","Angiosperms","Primulaceae","Myrsine","monticola","Mart.","PRIMULACEAE Myrsine monticola Mart.","IBGE00054917",,"IBGE","Mendonca, R.C.","5061","Native","2002","Freitas, M.F.","2018","Ouro","Prata","jbrj-public.s3-sa-east-1.amazonaws.com/fsi/server?type=image&source=DZI/ibge/ibge/0/5/49/17/ibge00054917.dzi","Brasília","Área de Relevante Interesse Ecológico Capetinga, Região Administrativa do Lago Sul, Fazenda Água Limpa (FAL) - Universidade de Brasília (UnB). Coordenada coletada."
"ÁREA DE RELEVANTE INTERESSE ECOLÓGICO CAPETINGA/TAQUARA","Angiosperms","Apocynaceae","Aspidosperma","verbascifolium","Müll.Arg.","APOCYNACEAE Aspidosperma verbascifolium Müll.Arg.","IBGE00056590",,"IBGE","Mendonca, R.C.","4915","Native","2002","Castello, A.C.D.","2016","Ouro","Prata","jbrj-public.s3-sa-east-1.amazonaws.com/fsi/server?type=image&source=DZI/ibge/ibge/0/5/65/90/ibge00056590.dzi","Brasília","APA Gama - Cabeça de Veado. Fazenda Água Limpa, UnB. Área da ""MOA"". Região Administrativa do Lago Sul. Folha cartográfica: SD-23-Y-C"
"ÁREA DE RELEVANTE INTERESSE ECOLÓGICO CAPETINGA/TAQUARA","Angiosperms","Myrtaceae","Myrcia","goyazensis","Cambess.","MYRTACEAE Myrcia goyazensis Cambess.","IBGE00055355",,"IBGE","Mendonca, R.C.","5076","Native","2002","Sobral, M.","2015","Ouro","Prata","jbrj-public.s3-sa-east-1.amazonaws.com/fsi/server?type=image&source=DZI/ibge/ibge/0/5/53/55/ibge00055355.dzi","Brasília","Área de Proteção Ambiental (APA) do Gama - Cabeça de Veado, Fazenda Água Limpa (FAL) - Universidade de Brasília (UnB), Área de Relevante Interesse Ecológico do Capetinga, Região Administrativa (RA) do Lago Sul. Coordenada coletada."
"ÁREA DE RELEVANTE INTERESSE ECOLÓGICO CAPETINGA/TAQUARA","Angiosperms","Nyctaginaceae","Neea","theifera","Oerst.","NYCTAGINACEAE Neea theifera Oerst.","IBGE00055850",,"IBGE","Fonseca, M.L.","3882","Native","2002","Farney, C.","2015","Ouro","Prata","jbrj-public.s3-sa-east-1.amazonaws.com/fsi/server?type=image&source=DZI/ibge/ibge/0/5/58/50/ibge00055850.dzi","Brasília","APA Gama - Cabeça de Veado. Fazenda Água Limpa (FAL-UnB) - Área da MOA - R.A. do Lago Sul. Coordenada coletada."
"ÁREA DE RELEVANTE INTERESSE ECOLÓGICO CAPETINGA/TAQUARA","Angiosperms","Melastomataceae","Pleroma","laevicaule","(Cogn. ex Wurdack) P.J.F.Guim. & Michelang.","MELASTOMATACEAE Pleroma laevicaule (Cogn. ex Wurdack) P.J.F.Guim. & Michelang.","IBGE00054922",,"IBGE","Mendonca, R.C.","5056","Native","2002","Meyer, F.S.","2014","Ouro","Prata","jbrj-public.s3-sa-east-1.amazonaws.com/fsi/server?type=image&source=DZI/ibge/ibge/0/5/49/22/ibge00054922.dzi","Brasília","Área de Relevante Interesse Ecológico Capetinga, Região Administrativa do Lago Sul, Fazenda Água Limpa (FAL) - Universidade de Brasília (UnB). Coordenada coletada."
"ÁREA DE RELEVANTE INTERESSE ECOLÓGICO CAPETINGA/TAQUARA","Angiosperms","Orchidaceae","Campylocentrum","neglectum","(Rchb.f. & Warm.) Cogn.","ORCHIDACEAE Campylocentrum neglectum (Rchb.f. & Warm.) Cogn.","IBGE00055691",,"IBGE","Fonseca, M.L.","3745","Native","2002","Pessoa, E.","2014","Ouro","Prata","jbrj-public.s3-sa-east-1.amazonaws.com/fsi/server?type=image&source=DZI/ibge/ibge/0/5/56/91/ibge00055691.dzi","Brasília","APA Gama e Cabeça de Veado. R.A. Lago Sul (fundos da Q. 24 - SMPW). Fazenda Água Limpa (FAL - UnB). Ribeirão do Gama. Coordenada coletada."
"ÁREA DE RELEVANTE INTERESSE ECOLÓGICO CAPETINGA/TAQUARA","Angiosperms","Myrtaceae","Myrcia","linearifolia","Cambess.","MYRTACEAE Myrcia linearifolia Cambess.","IBGE00055601",,"IBGE","Mendonca, R.C.","4904","Native","2002","Gomes-Bezerra, K.M.","2012","Ouro","Prata","jbrj-public.s3-sa-east-1.amazonaws.com/fsi/server?type=image&source=DZI/ibge/ibge/0/5/56/1/ibge00055601.dzi","Brasília","Área de Proteção Ambiental (APA) Gama e Cabeça de Veado. Fazenda Água Limpa - UnB, Área da MOA, Região Administrativa (RA) do Lago Sul. Coordenada coletada."
"ÁREA DE RELEVANTE INTERESSE ECOLÓGICO CAPETINGA/TAQUARA","Angiosperms","Rubiaceae","Cordiera","elliptica","(Cham.) Kuntze","RUBIACEAE Cordiera elliptica (Cham.) Kuntze","IBGE00054919",,"IBGE","Mendonca, R.C.","5059","Native","2002","Delprete, P.G.","2012","Ouro","Prata","jbrj-public.s3-sa-east-1.amazonaws.com/fsi/server?type=image&source=DZI/ibge/ibge/0/5/49/19/ibge00054919.dzi","Brasília","Área de Relevante Interesse Ecológico Capetinga, Região Administrativa do Lago Sul, Fazenda Água Limpa (FAL) - Universidade de Brasília (UnB). Coordenada coletada."
"ÁREA DE RELEVANTE INTERESSE ECOLÓGICO CAPETINGA/TAQUARA","Angiosperms","Rubiaceae","Declieuxia","fruticosa","(Willd. ex Roem. & Schult.) Kuntze","RUBIACEAE Declieuxia fruticosa (Willd. ex Roem. & Schult.) Kuntze","IBGE00055858",,"IBGE","Fonseca, M.L.","3893","Native","2002","Delprete, P.G.","2012","Ouro","Prata","jbrj-public.s3-sa-east-1.amazonaws.com/fsi/server?type=image&source=DZI/ibge/ibge/0/5/58/58/ibge00055858.dzi","Brasília","APA Gama - Cabeça de Veado. Fazenda Água Limpa (FAL-UnB) - Área da MOA - R.A. do Lago Sul. Coordenada coletada."
"ÁREA DE RELEVANTE INTERESSE ECOLÓGICO CAPETINGA/TAQUARA","Angiosperms","Rubiaceae","Faramea","occidentalis","(L.) A.Rich.","RUBIACEAE Faramea occidentalis (L.) A.Rich.","IBGE00055082",,"IBGE","Mendonca, R.C.","4993","Native","2002","Delprete, P.G.","2012","Ouro","Prata","jbrj-public.s3-sa-east-1.amazonaws.com/fsi/server?type=image&source=DZI/ibge/ibge/0/5/50/82/ibge00055082.dzi","Brasília","Área de Proteção Ambiental (APA) Gama e Cabeça de Veado. Fazenda Água Limpa, Universidade de Brasília - UnB. Região Administrativa (RA) do Lago Sul. Ribeirão do Gama, próximo à barra do Córrego do Taquara. Coordenada coletada."
"ÁREA DE RELEVANTE INTERESSE ECOLÓGICO CAPETINGA/TAQUARA","Angiosperms","Rubiaceae","Ferdinandusa","speciosa","(Pohl) Pohl","RUBIACEAE Ferdinandusa speciosa (Pohl) Pohl","IBGE00054937",,"IBGE","Mendonca, R.C.","4985","Native","2002","Delprete, P.G.","2012","Ouro","Prata","jbrj-public.s3-sa-east-1.amazonaws.com/fsi/server?type=image&source=DZI/ibge/ibge/0/5/49/37/ibge00054937.dzi","Brasília","Área de Proteção Ambiental (APA) Gama e Cabeça de Veado. Fazenda Água Limpa, Universidade de Brasília - UnB. Córrego Macaco, afluente do Ribeirão do Gama. Região Administrativa (RA) do Lago Sul. Coordenada coletada."
"ÁREA DE RELEVANTE INTERESSE ECOLÓGICO CAPETINGA/TAQUARA","Angiosperms","Rubiaceae","Ixora","brevifolia","Benth.","RUBIACEAE Ixora brevifolia Benth.","IBGE00055766",,"IBGE","Fonseca, M.L.","3752","Native","2002","Delprete, P.G.","2012","Ouro","Prata","jbrj-public.s3-sa-east-1.amazonaws.com/fsi/server?type=image&source=DZI/ibge/ibge/0/5/57/66/ibge00055766.dzi","Brasília","APA Gama e Cabeça de Veado. R.A. Lago Sul (fundos da Q. 24 - SMPW). Fazenda Água Limpa (FAL - UnB). Ribeirão do Gama. Coordenada coletada."
"ÁREA DE RELEVANTE INTERESSE ECOLÓGICO CAPETINGA/TAQUARA","Angiosperms","Rubiaceae","Palicourea","sessilis","(Vell.) C.M.Taylor","RUBIACEAE Palicourea sessilis (Vell.) C.M.Taylor","IBGE00055135",,"IBGE","Mendonca, R.C.","5042","Native","2002","Delprete, P.G.","2012","Ouro","Prata","jbrj-public.s3-sa-east-1.amazonaws.com/fsi/server?type=image&source=DZI/ibge/ibge/0/5/51/35/ibge00055135.dzi","Brasília","Área de Proteção Ambiental Gama e Cabeça de Veado, Região Administrativa do Lago Sul, Fazenda Água Limpa (FAL) - Universidade de Brasília (UnB), Área da MOA, Córrego do Macaco (afluente do Ribeirão do Gama). Local próximo à barra do Ribeirão do Gama. Folha: SD-23-Y-C."
"ÁREA DE RELEVANTE INTERESSE ECOLÓGICO CAPETINGA/TAQUARA","Angiosperms","Rubiaceae","Rustia","formosa","(Cham. & Schltdl.) Klotzsch","RUBIACEAE Rustia formosa (Cham. & Schltdl.) Klotzsch","IBGE00055081",,"IBGE","Mendonca, R.C.","4994","Native","2002","Delprete, P.G.","2012","Ouro","Prata","jbrj-public.s3-sa-east-1.amazonaws.com/fsi/server?type=image&source=DZI/ibge/ibge/0/5/50/81/ibge00055081.dzi","Brasília","Área de Proteção Ambiental (APA) Gama e Cabeça de Veado. Fazenda Água Limpa, Universidade de Brasília - UnB. Região Administrativa (RA) do Lago Sul. Ribeirão do Gama, próximo à barra do Córrego do Taquara. Coordenada coletada."
"ÁREA DE RELEVANTE INTERESSE ECOLÓGICO CAPETINGA/TAQUARA","Angiosperms","Arecaceae","Syagrus","glazioviana","(Dammer) Becc.","ARECACEAE Syagrus glazioviana (Dammer) Becc.","IBGE00055650",,"IBGE","Mendonca, R.C.","4905","Native","2002","Martins, R.C.","2011","Ouro","Prata","jbrj-public.s3-sa-east-1.amazonaws.com/fsi/server?type=image&source=DZI/ibge/ibge/0/5/56/50/ibge00055650.dzi","Brasília","Área de Proteção Ambiental (APA) Gama e Cabeça de Veado. Fazenda Água Limpa - UnB, Área da MOA, Região Administrativa (RA) do Lago Sul. Coordenada coletada. APA Gama Cabeça de Veado"
"ÁREA DE RELEVANTE INTERESSE ECOLÓGICO CAPETINGA/TAQUARA","Angiosperms","Malpighiaceae","Byrsonima","rigida","A.Juss.","MALPIGHIACEAE Byrsonima rigida A.Juss.","IBGE00055833",,"IBGE","Fonseca, M.L.","3887","Native","2002","Anderson, W.R.","2011","Ouro","Prata","jbrj-public.s3-sa-east-1.amazonaws.com/fsi/server?type=image&source=DZI/ibge/ibge/0/5/58/33/ibge00055833.dzi","Brasília","APA Gama - Cabeça de Veado. Fazenda Água Limpa (FAL-UnB) - Área da MOA - R.A. do Lago Sul. Coordenada coletada."
"ÁREA DE RELEVANTE INTERESSE ECOLÓGICO CAPETINGA/TAQUARA","Angiosperms","Malpighiaceae","Byrsonima","rotunda","Griseb.","MALPIGHIACEAE Byrsonima rotunda Griseb.","IBGE00055836",,"IBGE","Fonseca, M.L.","3871","Native","2002","Anderson, W.R.","2011","Ouro","Prata","jbrj-public.s3-sa-east-1.amazonaws.com/fsi/server?type=image&source=DZI/ibge/ibge/0/5/58/36/ibge00055836.dzi","Brasília","APA - Gama Cabeça de Veado. Fazenda Água Limpa (FAL-UnB) - Área da MOA. R.A. do Lago Sul. Coordenada coletada."
"ÁREA DE RELEVANTE INTERESSE ECOLÓGICO CAPETINGA/TAQUARA","Angiosperms","Myrtaceae","Myrcia","splendens","(Sw.) DC.","MYRTACEAE Myrcia splendens (Sw.) DC.","IBGE00054900",,"IBGE","Mendonca, R.C.","4984","Native","2002","Gomes-Bezerra, K.M.","2011","Ouro","Prata","jbrj-public.s3-sa-east-1.amazonaws.com/fsi/server?type=image&source=DZI/ibge/ibge/0/5/49/0/ibge00054900.dzi","Brasília","Área de Proteção Ambiental (APA) Gama e Cabeça de Veado. Fazenda Água Limpa, Universidade de Brasília - UnB. Córrego Macaco, afluente do Ribeirão do Gama. Região Administrativa (RA) do Lago Sul. Coordenada coletada."
"ÁREA DE RELEVANTE INTERESSE ECOLÓGICO CAPETINGA/TAQUARA","Ferns and Lycophytes","Apocynaceae","Gyrostelma","oxypetaloides","E.Fourn.","APOCYNACEAE Gyrostelma oxypetaloides E.Fourn.","IBGE00055802",,"IBGE","Fonseca, M.L.","3898","Native","2002","Rapini, A.","2010","Ouro","Prata","jbrj-public.s3-sa-east-1.amazonaws.com/fsi/server?type=image&source=DZI/ibge/ibge/0/5/58/2/ibge00055802.dzi","Brasília","APA Gama - Cabeça de Veado. Fazenda Água Limpa (FAL-UnB) - Área da ""MOA"". Região Administrativa do Lago Sul. Folha cartográfica: SD-23-Y-C."
"ÁREA DE RELEVANTE INTERESSE ECOLÓGICO CAPETINGA/TAQUARA","Angiosperms","Erythroxylaceae","Erythroxylum","campestre","A.St.-Hil.","ERYTHROXYLACEAE Erythroxylum campestre A.St.-Hil.","IBGE00055644",,"IBGE","Mendonca, R.C.","4892","Native","2002","Amaral Junior, A.","2010","Ouro","Prata","jbrj-public.s3-sa-east-1.amazonaws.com/fsi/server?type=image&source=DZI/ibge/ibge/0/5/56/44/ibge00055644.dzi","Brasília","Fazenda Água Limpa, UnB, Área do ""Moa"". Região Administrativa do Lago Sul. Folha cartográfica: SD-23-Y-C"
"ÁREA DE RELEVANTE INTERESSE ECOLÓGICO CAPETINGA/TAQUARA","Angiosperms","Asteraceae","Ichthyothere","latifolia","(Benth.) Gardner","ASTERACEAE Ichthyothere latifolia (Benth.) Gardner","IBGE00055806",,"IBGE","Fonseca, M.L.","3884","Native","2002","Bringel, J.B.","2009","Ouro","Prata","jbrj-public.s3-sa-east-1.amazonaws.com/fsi/server?type=image&source=DZI/ibge/ibge/0/5/58/6/ibge00055806.dzi","Brasília","APA Gama - Cabeça de Veado. Fazenda Água Limpa (FAL-UnB) - Área da ""MOA"". Região Administrativa do Lago Sul. Latossolo vermelho. Relevo plano."
"ÁREA DE RELEVANTE INTERESSE ECOLÓGICO CAPETINGA/TAQUARA","Angiosperms","Fabaceae","Chamaecrista","filicifolia","(Benth.) H.S.Irwin & Barneby","FABACEAE Chamaecrista filicifolia (Benth.) H.S.Irwin & Barneby","IBGE00055649",,"IBGE","Mendonca, R.C.","4924","Native","2002","Vaz, A.M.S.F.","2008","Ouro","Prata","jbrj-public.s3-sa-east-1.amazonaws.com/fsi/server?type=image&source=DZI/ibge/ibge/0/5/56/49/ibge00055649.dzi","Brasília","Área de Proteção Ambiental (APA) Gama e Cabeça de Veado, Fazenda Água Limpa. UnB. Área da Moa, Região Administrativa (RA) do Lago Sul. Folha cartográfica: SD-23-Y-C"
"ÁREA DE RELEVANTE INTERESSE ECOLÓGICO CAPETINGA/TAQUARA","Angiosperms","Iridaceae","Pseudotrimezia","cathartica","(Klatt) Ravenna","IRIDACEAE Pseudotrimezia cathartica (Klatt) Ravenna","IBGE00055158",,"IBGE","Mendonca, R.C.","5101","Native","2002","Gil, A.S.B.","2008","Ouro","Prata","jbrj-public.s3-sa-east-1.amazonaws.com/fsi/server?type=image&source=DZI/ibge/ibge/0/5/51/58/ibge00055158.dzi","Brasília","Área de Proteção Ambiental (APA) do Gama - Cabeça de Veado, Fazenda Água Limpa (FAL) - UnB. ARIE do Capetinga, RA do Lago Sul. APA Gama Cabeça de Veado"
"ÁREA DE RELEVANTE INTERESSE ECOLÓGICO CAPETINGA/TAQUARA","Angiosperms","Cucurbitaceae","Cayaponia","espelina","(Silva Manso) Cogn.","CUCURBITACEAE Cayaponia espelina (Silva Manso) Cogn.","IBGE00055813",,"IBGE","Fonseca, M.L.","3902","Native","2002","Gomes-Klein, V.L.","2007","Ouro","Prata","jbrj-public.s3-sa-east-1.amazonaws.com/fsi/server?type=image&source=DZI/ibge/ibge/0/5/58/13/ibge00055813.dzi","Brasília","APA Gama - Cabeça de Veado. Fazenda Água Limpa (FAL-UnB) - Área da ""MOA"". Região Administrativa do Lago Sul. Latossolo vermelho. Relevo plano."
"ÁREA DE RELEVANTE INTERESSE ECOLÓGICO CAPETINGA/TAQUARA","Angiosperms","Lauraceae","Ocotea","minarum","(Nees & Mart.) Mez","LAURACEAE Ocotea minarum (Nees & Mart.) Mez","IBGE00055943",,"IBGE","Fonseca, M.L.","3880","Native","2002","Alves, F.M.","2007","Ouro","Prata","jbrj-public.s3-sa-east-1.amazonaws.com/fsi/server?type=image&source=DZI/ibge/ibge/0/5/59/43/ibge00055943.dzi","Brasília","APA Gama - Cabeça de Veado. Fazenda Água Limpa (FAL-UnB) - Área da MOA - R.A. do Lago Sul. Coordenada coletada."
"ÁREA DE RELEVANTE INTERESSE ECOLÓGICO CAPETINGA/TAQUARA","Angiosperms","Asteraceae","Ayapanopsis","oblongifolia","(Gardner) R.M.King & H.Rob.","ASTERACEAE Ayapanopsis oblongifolia (Gardner) R.M.King & H.Rob.","IBGE00055388",,"IBGE","Mendonca, R.C.","4942","Native","2002","Esteves, R.L.","2006","Ouro","Prata","jbrj-public-img.s3-sa-east-1.amazonaws.com/JPG/ibge/ibge/0/5/53/88/ibge00055388.jpg","Brasília","Área de Proteção Ambiental (APA) Gama e Cabeça de Veado. Fazenda Água Limpa - UnB, Área da MOA, Região Administrativa (RA) do Lago Sul. APA Gama Cabeça de Veado"
"ÁREA DE RELEVANTE INTERESSE ECOLÓGICO CAPETINGA/TAQUARA","Angiosperms","Piperaceae","Piper","arboreum","Aubl.","PIPERACEAE Piper arboreum Aubl.","IBGE00055763",,"IBGE","Fonseca, M.L.","3748","Native","2002","Carvalho-Silva, M.","2006","Ouro","Prata","jbrj-public.s3-sa-east-1.amazonaws.com/fsi/server?type=image&source=DZI/ibge/ibge/0/5/57/63/ibge00055763.dzi","Brasília","APA Gama e Cabeça de Veado. R.A. Lago Sul (fundos da Q. 24 - SMPW). Fazenda Água Limpa (FAL - UnB). Ribeirão do Gama. Coordenada coletada."
"ÁREA DE RELEVANTE INTERESSE ECOLÓGICO CAPETINGA/TAQUARA","Angiosperms","Arecaceae","Syagrus","comosa","(Mart.) Mart.","ARECACEAE Syagrus comosa (Mart.) Mart.","IBGE00055399",,"IBGE","Mendonca, R.C.","5085","Native","2002","Martins, R.C.","2005","Ouro","Prata","jbrj-public.s3-sa-east-1.amazonaws.com/fsi/server?type=image&source=DZI/ibge/ibge/0/5/53/99/ibge00055399.dzi","Brasília","Área de Proteção Ambiental (APA) do Gama - Cabeça de Veado, Fazenda Água Limpa (FAL) - Universidade de Brasília (UnB), Área de Relevante Interesse Ecológico do Capetinga, Região Administrativa (RA) do Lago Sul. Coordenada coletada. APA Gama Cabeça de Veado"
"ÁREA DE RELEVANTE INTERESSE ECOLÓGICO CAPETINGA/TAQUARA","Angiosperms","Myrtaceae","Blepharocalyx","salicifolius","(Kunth) O.Berg","MYRTACEAE Blepharocalyx salicifolius (Kunth) O.Berg","IBGE00055383",,"IBGE","Mendonca, R.C.","4948","Native","2002","Proenca, C.","2005","Ouro","Prata","jbrj-public.s3-sa-east-1.amazonaws.com/fsi/server?type=image&source=DZI/ibge/ibge/0/5/53/83/ibge00055383.dzi","Brasília","Área de Proteção Ambiental (APA) Gama e Cabeça de Veado. Fazenda Água Limpa (FAL), Universidade de Brasília - UnB. Coordenada coletada."
"ÁREA DE RELEVANTE INTERESSE ECOLÓGICO CAPETINGA/TAQUARA","Angiosperms","Myrtaceae","Myrcia","neoclusiifolia","A.R.Lourenço & E.Lucas","MYRTACEAE Myrcia neoclusiifolia A.R.Lourenço & E.Lucas","IBGE00055083",,"IBGE","Mendonca, R.C.","4992","Native","2002","Proenca, C.","2005","Ouro","Prata","jbrj-public.s3-sa-east-1.amazonaws.com/fsi/server?type=image&source=DZI/ibge/ibge/0/5/50/83/ibge00055083.dzi","Brasília","Área de Proteção Ambiental (APA) Gama e Cabeça de Veado. Fazenda Água Limpa, Universidade de Brasília - UnB. Região Administrativa (RA) do Lago Sul. Ribeirão do Gama, próximo à barra do Córrego do Taquara. Barranco do Ribeirão do Gama. Coordenada coletada. APA Gama Cabeça de Veado"
"ÁREA DE RELEVANTE INTERESSE ECOLÓGICO CAPETINGA/TAQUARA","Angiosperms","Myrtaceae","Psidium","firmum","O.Berg","MYRTACEAE Psidium firmum O.Berg","IBGE00055353",,"IBGE","Mendonca, R.C.","5074","Native","2002","Proenca, C.","2005","Ouro","Prata","jbrj-public.s3-sa-east-1.amazonaws.com/fsi/server?type=image&source=DZI/ibge/ibge/0/5/53/53/ibge00055353.dzi","Brasília","Área de Proteção Ambiental (APA) do Gama - Cabeça de Veado, Fazenda Água Limpa (FAL) - Universidade de Brasília (UnB), Área de Relevante Interesse Ecológico do Capetinga, Região Administrativa (RA) do Lago Sul. Coordenada coletada."
"ÁREA DE RELEVANTE INTERESSE ECOLÓGICO CAPETINGA/TAQUARA","Angiosperms","Nyctaginaceae","Guapira","graciliflora","(Mart. ex Schmidt) Lundell","NYCTAGINACEAE Guapira graciliflora (Mart. ex Schmidt) Lundell","IBGE00054911",,"IBGE","Mendonca, R.C.","5068","Native","2002","Farney, C.","2005","Ouro","Prata","jbrj-public.s3-sa-east-1.amazonaws.com/fsi/server?type=image&source=DZI/ibge/ibge/0/5/49/11/ibge00054911.dzi","Brasília","Área de Relevante Interesse Ecológico Capetinga, Região Administrativa do Lago Sul, Fazenda Água Limpa (FAL) - Universidade de Brasília (UnB). Coordenada coletada."
"ÁREA DE RELEVANTE INTERESSE ECOLÓGICO CAPETINGA/TAQUARA","Angiosperms","Polygalaceae","Securidaca","rivinifolia","A.St.-Hil. & Moq.","POLYGALACEAE Securidaca rivinifolia var. rivinifolia A.St.-Hil. & Moq.","IBGE00055133",,"IBGE","Mendonca, R.C.","5044","Native","2002","Marques, M.C.M.","2005","Ouro","Prata","jbrj-public.s3-sa-east-1.amazonaws.com/fsi/server?type=image&source=DZI/ibge/ibge/0/5/51/33/ibge00055133.dzi","Brasília","Área de Proteção Ambiental (APA) Gama e Cabeça de Veado, Região Administrativa do Lago Sul, Fazenda Água Limpa (FAL) - Universidade de Brasília (UnB), Área da MOA, Córrego do Macaco (afluente do Ribeirão do Gama). Local próximo à barra do Ribeirão do Gama. Coordenada coletada."
"ÁREA DE RELEVANTE INTERESSE ECOLÓGICO CAPETINGA/TAQUARA","Angiosperms","Araceae","Philodendron","cordatum","Kunth ex Schott","ARACEAE Philodendron cordatum Kunth ex Schott","IBGE00055730",,"IBGE","Fonseca, M.L.","3750","Native","2002","Nadruz, M.","2004","Ouro","Prata","jbrj-public.s3-sa-east-1.amazonaws.com/fsi/server?type=image&source=DZI/ibge/ibge/0/5/57/30/ibge00055730.dzi","Brasília","APA Gama e Cabeça de Veado. R.A. Lago Sul (fundos da Q.24 - SMPW). Fazenda Água Limpa (FAL - UnB). Ribeirão do Gama. Coordenada coletada."
"ÁREA DE RELEVANTE INTERESSE ECOLÓGICO CAPETINGA/TAQUARA","Angiosperms","Araceae","Philodendron","venustifoliatum","E.G.Gonç. & Mayo","ARACEAE Philodendron venustifoliatum E.G.Gonç. & Mayo","IBGE00055731",,"IBGE","Fonseca, M.L.","3751","Native","2002","Goncalves, E.G.","2004","Ouro","Prata","jbrj-public.s3-sa-east-1.amazonaws.com/fsi/server?type=image&source=DZI/ibge/ibge/0/5/57/31/ibge00055731.dzi","Brasília","APA Gama e Cabeça de Veado. R.A. Lago Sul (fundos da Q.24 - SMPW). Fazenda Água Limpa (FAL-UnB). Ribeirão do Gama. Coordenada coletada."
"ÁREA DE RELEVANTE INTERESSE ECOLÓGICO CAPETINGA/TAQUARA","Angiosperms","Asteraceae","Lessingianthus","floccosus","(Gardner) H.Rob.","ASTERACEAE Lessingianthus floccosus (Gardner) H.Rob.","IBGE00054915",,"IBGE","Mendonca, R.C.","5065","Native","2002","Rivera, V.L.","2004","Ouro","Prata","jbrj-public.s3-sa-east-1.amazonaws.com/fsi/server?type=image&source=DZI/ibge/ibge/0/5/49/15/ibge00054915.dzi","Brasília","Área de Proteção Ambiental Gama - Cabeça de Veado. Fazenda Água Limpa, UnB, ARIE de Relevante Interesse Ecológico do Capetinga, RA - Lago Sul. Folha cartográfica: SD-23-Y-C"
"ÁREA DE RELEVANTE INTERESSE ECOLÓGICO CAPETINGA/TAQUARA","Angiosperms","Araceae","Monstera","deliciosa","Liebm.","ARACEAE Monstera deliciosa Liebm.","IBGE00055008",,"IBGE","Mendonca, R.C.","5000","Native","2002","Goncalves, E.G.","2003","Ouro","Prata","jbrj-public.s3-sa-east-1.amazonaws.com/fsi/server?type=image&source=DZI/ibge/ibge/0/5/50/8/ibge00055008.dzi","Brasília","Área de Proteção Ambiental (APA) Gama e Cabeça de Veado. Fazenda Água Limpa, Universidade de Brasília - UnB. Região Administrativa (RA) do Lago Sul. Ribeirão do Gama, próximo à barra do Córrego do Taquara. Beira do Ribeirão. Coordenada coletada."
"ÁREA DE RELEVANTE INTERESSE ECOLÓGICO CAPETINGA/TAQUARA","Angiosperms","Araceae","Philodendron","flumineum","E.G.Gonç.","ARACEAE Philodendron flumineum E.G.Gonç.","IBGE00055007",,"IBGE","Mendonca, R.C.","5001","Native","2002","Goncalves, E.G.","2003","Ouro","Prata","jbrj-public.s3-sa-east-1.amazonaws.com/fsi/server?type=image&source=DZI/ibge/ibge/0/5/50/7/ibge00055007.dzi","Brasília","Área de Proteção Ambiental (APA) Gama e Cabeça de Veado. Fazenda Água Limpa, Universidade de Brasília - UnB. Região Administrativa (RA) do Lago Sul. Ribeirão do Gama, próximo à barra do Córrego do Taquara. Beira do Ribeirão. Coordenada coletada."
"ÁREA DE RELEVANTE INTERESSE ECOLÓGICO CAPETINGA/TAQUARA","Angiosperms","Arecaceae","Butia","archeri","(Glassman) Glassman","ARECACEAE Butia archeri (Glassman) Glassman","IBGE00055607",,"IBGE","Mendonca, R.C.","4897","Native","2002","Martins, R.C.","2003","Ouro","Prata","jbrj-public.s3-sa-east-1.amazonaws.com/fsi/server?type=image&source=DZI/ibge/ibge/0/5/56/7/ibge00055607.dzi","Brasília","Área de Proteção Ambiental (APA) Gama e Cabeça de Veado. Fazenda Água Limpa - UnB, Área da MOA, Região Administrativa (RA) do Lago Sul. Coordenada coletada. APA Gama Cabeça de Veado"
"ÁREA DE RELEVANTE INTERESSE ECOLÓGICO CAPETINGA/TAQUARA","Angiosperms","Arecaceae","Syagrus","flexuosa","(Mart.) Becc.","ARECACEAE Syagrus flexuosa (Mart.) Becc.","IBGE00056589",,"IBGE","Mendonca, R.C.","4911","Native","2002","Martins, R.C.","2003","Ouro","Prata","jbrj-public.s3-sa-east-1.amazonaws.com/fsi/server?type=image&source=DZI/ibge/ibge/0/5/65/89/ibge00056589.dzi","Brasília","Área de Proteção Ambiental (APA) Gama e Cabeça de Veado. Fazenda Água Limpa - UnB, Área da MOA, Região Administrativa (RA) do Lago Sul. Coordenada coletada. APA Gama Cabeça de Veado"
"ÁREA DE RELEVANTE INTERESSE ECOLÓGICO CAPETINGA/TAQUARA","Angiosperms","Celastraceae","Cheiloclinium","cognatum","(Miers) A.C.Sm.","CELASTRACEAE Cheiloclinium cognatum (Miers) A.C.Sm.","IBGE00055084",,"IBGE","Mendonca, R.C.","4991","Native","2002","Lombardi, J.A.","2003","Ouro","Prata","jbrj-public.s3-sa-east-1.amazonaws.com/fsi/server?type=image&source=DZI/ibge/ibge/0/5/50/84/ibge00055084.dzi","Brasília","Área de Proteção Ambiental Gama - Cabeça de Veado, fazenda Água Limpa - UnB - RA do Lago Sul. Mata de galeria do Ribeirão do Gama, próximo à barra do córrego Taquara. Folha cartográfica: SD-23-Y-C"
"ÁREA DE RELEVANTE INTERESSE ECOLÓGICO CAPETINGA/TAQUARA","Angiosperms","Celastraceae","Peritassa","campestris","(Cambess.) A.C. Sm.","CELASTRACEAE Peritassa campestris (Cambess.) A.C. Sm.","IBGE00056600",,"IBGE","Mendonca, R.C.","4916","Native","2002","Lombardi, J.A.","2003","Ouro","Prata","jbrj-public.s3-sa-east-1.amazonaws.com/fsi/server?type=image&source=DZI/ibge/ibge/0/5/66/0/ibge00056600.dzi","Brasília","APA Gama - Cabeça de Veado. Fazenda Água Limpa (FAU-UnB) - Área da ""MOA"". Região Administrativa do Lago Sul. Folha cartográfica: SD-23-Y-C"
"ÁREA DE RELEVANTE INTERESSE ECOLÓGICO CAPETINGA/TAQUARA","Angiosperms","Celastraceae","Salacia","crassifolia","(Mart. ex Schult.) G.Don","CELASTRACEAE Salacia crassifolia (Mart. ex Schult.) G.Don","IBGE00055807",,"IBGE","Fonseca, M.L.","3875","Native","2002","Lombardi, J.A.","2003","Ouro","Prata","jbrj-public.s3-sa-east-1.amazonaws.com/fsi/server?type=image&source=DZI/ibge/ibge/0/5/58/7/ibge00055807.dzi","Brasília","APA Gama - Cabeça de Veado. Fazenda Água Limpa (FAL-UnB) - Área da ""MOA"". Região Administrativa do Lago Sul. Solo latossolo vermelho. Relevo plano."
"ÁREA DE RELEVANTE INTERESSE ECOLÓGICO CAPETINGA/TAQUARA","Angiosperms","Lythraceae","Cuphea","polymorpha","A.St.-Hil.","LYTHRACEAE Cuphea polymorpha A.St.-Hil.","IBGE00055097",,"IBGE","Mendonca, R.C.","5034","Native","2002","Cavalcanti, T.B.","2003","Ouro","Prata","jbrj-public.s3-sa-east-1.amazonaws.com/fsi/server?type=image&source=DZI/ibge/ibge/0/5/50/97/ibge00055097.dzi","Brasília","Área de Proteção Ambiental (APA) Gama e Cabeça de Veado, Região Administrativa do Lago Sul, Fazenda Água Limpa (FAL) - Universidade de Brasília (UnB), Área da MOA, Córrego do Macaco (afluente do Ribeirão do Gama). Coordenada coletada."
"ÁREA DE RELEVANTE INTERESSE ECOLÓGICO CAPETINGA/TAQUARA","Angiosperms","Melastomataceae","Miconia","burchellii","Triana","MELASTOMATACEAE Miconia burchellii Triana","IBGE00054928",,"IBGE","Mendonca, R.C.","5050","Native","2002","Munhoz, C.","2003","Ouro","Prata","jbrj-public.s3-sa-east-1.amazonaws.com/fsi/server?type=image&source=DZI/ibge/ibge/0/5/49/28/ibge00054928.dzi","Brasília","Área de Relevante Interesse Ecológico Capetinga, Região Administrativa do Lago Sul, Fazenda Água Limpa (FAL) - Universidade de Brasília (UnB). Coordenada coletada."
"ÁREA DE RELEVANTE INTERESSE ECOLÓGICO CAPETINGA/TAQUARA","Angiosperms","Melastomataceae","Miconia","fallax","DC.","MELASTOMATACEAE Miconia fallax DC.","IBGE00054909",,"IBGE","Mendonca, R.C.","5069","Native","2002","Munhoz, C.","2003","Ouro","Prata","jbrj-public.s3-sa-east-1.amazonaws.com/fsi/server?type=image&source=DZI/ibge/ibge/0/5/49/9/ibge00054909.dzi","Brasília","Área de Relevante Interesse Ecológico Capetinga, Região Administrativa do Lago Sul, Fazenda Água Limpa (FAL) - Universidade de Brasília (UnB). Coordenada coletada."
"ÁREA DE RELEVANTE INTERESSE ECOLÓGICO CAPETINGA/TAQUARA","Angiosperms","Melastomataceae","Miconia","rubiginosa","(Bonpl.) DC.","MELASTOMATACEAE Miconia rubiginosa (Bonpl.) DC.","IBGE00010794",,"IBGE","Mendonca, R.C.","4963","Native","2002","Munhoz, C.","2003","Ouro","Prata","jbrj-public.s3-sa-east-1.amazonaws.com/fsi/server?type=image&source=DZI/ibge/ibge/0/1/7/94/ibge00010794.dzi","Brasília","Área de Proteção Ambiental (APA) Gama e Cabeça de Veado. Fazenda Água Limpa (FAL), Universidade de Brasília - UnB, Região Administrativa (RA) do Lago Sul. Coordenada coletada."
"ÁREA DE RELEVANTE INTERESSE ECOLÓGICO CAPETINGA/TAQUARA","Angiosperms","Orchidaceae","Encyclia","osmantha","(Barb.Rodr.) Schltr.","ORCHIDACEAE Encyclia osmantha (Barb.Rodr.) Schltr.","IBGE00055079",,"IBGE","Mendonca, R.C.","4996","Native","2002","Pellizzaro, K.F.","2003","Ouro","Prata","jbrj-public.s3-sa-east-1.amazonaws.com/fsi/server?type=image&source=DZI/ibge/ibge/0/5/50/79/ibge00055079.dzi","Brasília","Área de Proteção Ambiental (APA) Gama e Cabeça de Veado. Fazenda Água Limpa, Universidade de Brasília - UnB. Região Administrativa (RA) do Lago Sul. Ribeirão do Gama, próximo à barra do Córrego do Taquara. Coordenada coletada."
"ÁREA DE RELEVANTE INTERESSE ECOLÓGICO CAPETINGA/TAQUARA","Angiosperms","Salicaceae","Casearia","grandiflora","Cambess.","SALICACEAE Casearia grandiflora Cambess.","IBGE00054920",,"IBGE","Mendonca, R.C.","5058","Native","2002","Marquete, R.","2003","Ouro","Prata","jbrj-public.s3-sa-east-1.amazonaws.com/fsi/server?type=image&source=DZI/ibge/ibge/0/5/49/20/ibge00054920.dzi","Brasília","APA Gama Cabeça de Veado. Fazenda Água Limpa. UnB. ARIE do Capetinga. Lago Sul. Folha: SD-23-Y-C. Coordenada coletada."
"ÁREA DE RELEVANTE INTERESSE ECOLÓGICO CAPETINGA/TAQUARA","Angiosperms","Salicaceae","Casearia","sylvestris","Sw.","SALICACEAE Casearia sylvestris Sw.","IBGE00055640",,"IBGE","Mendonca, R.C.","4920","Native","2002","Marquete, R.","2003","Ouro","Prata","jbrj-public.s3-sa-east-1.amazonaws.com/fsi/server?type=image&source=DZI/ibge/ibge/0/5/56/40/ibge00055640.dzi","Brasília","Área de Proteção Ambiental (APA) Gama e Cabeça de Veado. Fazenda Água Limpa - UnB, Área da MOA, Região Administrativa (RA) do Lago Sul. Coordenada coletada."
"ÁREA DE RELEVANTE INTERESSE ECOLÓGICO CAPETINGA/TAQUARA","Angiosperms","Vochysiaceae","Qualea","grandiflora","Mart.","VOCHYSIACEAE Qualea grandiflora Mart.","IBGE00056069",,"IBGE","Fonseca, M.L.","3885","Native","2002","Vianna, M.C.","2003","Ouro","Prata","jbrj-public.s3-sa-east-1.amazonaws.com/fsi/server?type=image&source=DZI/ibge/ibge/0/5/60/69/ibge00056069.dzi","Brasília","APA Gama - Cabeça de Veado. Fazenda Água Limpa (FAL-UnB) - Área da MOA - R.A. do Lago Sul. Coordenada coletada."
"ÁREA DE RELEVANTE INTERESSE ECOLÓGICO CAPETINGA/TAQUARA","Angiosperms","Vochysiaceae","Qualea","multiflora","(Mart.) Stafleu","VOCHYSIACEAE Qualea multiflora subsp. pubescens (Mart.) Stafleu","IBGE00055878",,"IBGE","Fonseca, M.L.","3873","Native","2002","Vianna, M.C.","2003","Ouro","Prata","jbrj-public.s3-sa-east-1.amazonaws.com/fsi/server?type=image&source=DZI/ibge/ibge/0/5/58/78/ibge00055878.dzi","Brasília","APA Gama - Cabeça de Veado. Fazenda Água limpa (FAL-UnB) - Área da MOA. R.A. do Lago Sul. Coordenada coletada."
"ÁREA DE RELEVANTE INTERESSE ECOLÓGICO CAPETINGA/TAQUARA","Angiosperms","Santalaceae","Phoradendron","crassifolium","(Pohl ex DC.) Eichler","SANTALACEAE Phoradendron crassifolium (Pohl ex DC.) Eichler","IBGE00058965",,"IBGE","Caires, C.S.","154","Native","2002","Caires, C.S.","2002","Ouro","Prata","jbrj-public.s3-sa-east-1.amazonaws.com/fsi/server?type=image&source=DZI/ibge/ibge/0/5/89/65/ibge00058965.dzi","Brasília","Centro Oeste. Folha Cartográfica SD-23-Y-C Coordenada Calculada. Fazenda Água Limpa."
"ÁREA DE RELEVANTE INTERESSE ECOLÓGICO CAPETINGA/TAQUARA","Angiosperms","Santalaceae","Phoradendron","perrottetii","(DC.) Eichler","SANTALACEAE Phoradendron perrottetii (DC.) Eichler","IBGE00058838",,"IBGE","Caires, C.S.","156","Native","2002","Caires, C.S.","2002","Ouro","Prata","jbrj-public.s3-sa-east-1.amazonaws.com/fsi/server?type=image&source=DZI/ibge/ibge/0/5/88/38/ibge00058838.dzi","Brasília","Folha Cartográfica SD-23-Y-C Coordenada Coletada. Fazenda Água Limpa."
"ÁREA DE RELEVANTE INTERESSE ECOLÓGICO CAPETINGA/TAQUARA","Angiosperms","Fabaceae","Crotalaria","unifoliolata","Benth.","FABACEAE Crotalaria unifoliolata Benth.","IBGE00051011",,"IBGE","Munhoz, C.B.R.","2540","Native","2001","Flores, A.S.","2005","Ouro","Prata","jbrj-public.s3-sa-east-1.amazonaws.com/fsi/server?type=image&source=DZI/ibge/ibge/0/5/10/11/ibge00051011.dzi","Brasília","Fazenda Água Limpa - UNB. Divisa com o Cristo Redentor (JBB) e a Recor (IBGE). Área do Córrego Taquara. Folha: SD-23-Y-C."
"ÁREA DE RELEVANTE INTERESSE ECOLÓGICO CAPETINGA/TAQUARA","Angiosperms","Fabaceae","Crotalaria","velutina","Benth.","FABACEAE Crotalaria velutina Benth.","IBGE00050925",,"IBGE","Munhoz, C.B.R.","2535","Native","2001","Flores, A.S.","2005","Ouro","Prata","jbrj-public.s3-sa-east-1.amazonaws.com/fsi/server?type=image&source=DZI/ibge/ibge/0/5/9/25/ibge00050925.dzi","Brasília","Fazenda Água Limpa - UNB. Divisa com o Cristo Redentor (JBB) e a Recor (IBGE). Córrego Taquara. Borda de floresta de galeria."
"ÁREA DE RELEVANTE INTERESSE ECOLÓGICO CAPETINGA/TAQUARA","Angiosperms","Ochnaceae","Sauvagesia","linearifolia","A.St.-Hil.","OCHNACEAE Sauvagesia linearifolia A.St.-Hil.","IBGE00049500",,"IBGE","Munhoz, C.","2440","Native","2001","Chacon, R.G.","2003","Ouro","Prata","jbrj-public.s3-sa-east-1.amazonaws.com/fsi/server?type=image&source=DZI/ibge/ibge/0/4/95/0/ibge00049500.dzi","Brasília","Fazenda Água Limpa. Folha Cartográfica SD-23-Y-C Coordenada Coletada. FAL"
"ÁREA DE RELEVANTE INTERESSE ECOLÓGICO CAPETINGA/TAQUARA","Angiosperms","Lythraceae","Cuphea","linarioides","Cham. & Schltdl.","LYTHRACEAE Cuphea linarioides Cham. & Schltdl.","IBGE00050475",,"IBGE","Munhoz, C.","2168","Native","2000","Cavalcanti, T.B.","2017","Ouro","Prata","jbrj-public.s3-sa-east-1.amazonaws.com/fsi/server?type=image&source=DZI/ibge/ibge/0/5/4/75/ibge00050475.dzi","Brasília","Divisa com o Cristo Redentor ( Jardim Botanico de Brasilia) e o IBGE na mata de galeria do córrego Taquara Folha Cartográfica SD-23-Y-C Coordenada Coletada. Fazenda Água Limpa (FAL-UnB)"
"ÁREA DE RELEVANTE INTERESSE ECOLÓGICO CAPETINGA/TAQUARA","Angiosperms","Rubiaceae","Declieuxia","cordigera","Mart. & Zucc. ex Schult. & Schult.f.","RUBIACEAE Declieuxia cordigera var. cordigera Mart. & Zucc. ex Schult. & Schult.f.","IBGE00050640",,"IBGE","Munhoz, C.","2070","Native","2000","Delprete, P.G.","2012","Ouro","Prata","jbrj-public.s3-sa-east-1.amazonaws.com/fsi/server?type=image&source=DZI/ibge/ibge/0/5/6/40/ibge00050640.dzi","Brasília","Fazenda Água Limpa, divisa com o Cristo Redentor ( Jardim Botânico de Brasília) e o IBGE, no córrego Taquara. Folha Cartográfica SD-23-Y-C Coordenada Coletada."
"ÁREA DE RELEVANTE INTERESSE ECOLÓGICO CAPETINGA/TAQUARA","Angiosperms","Bignoniaceae","Anemopaegma","acutifolium","DC.","BIGNONIACEAE Anemopaegma acutifolium DC.","IBGE00050898",,"IBGE","Santos, E.","514","Native","2000","Silva-Castro, M.M.","2011","Ouro","Prata","jbrj-public.s3-sa-east-1.amazonaws.com/fsi/server?type=image&source=DZI/ibge/ibge/0/5/8/98/ibge00050898.dzi","Brasília","Fazenda Água Limpa - UNB."
"ÁREA DE RELEVANTE INTERESSE ECOLÓGICO CAPETINGA/TAQUARA","Angiosperms","Fabaceae","Andira","vermifuga","(Mart.) Benth.","FABACEAE Andira vermifuga (Mart.) Benth.","IBGE00052553",,"IBGE","Santos, E.","485","Native","2000","Lewis, G.P.","2010","Ouro","Prata","jbrj-public.s3-sa-east-1.amazonaws.com/fsi/server?type=image&source=DZI/ibge/ibge/0/5/25/53/ibge00052553.dzi","Brasília","Fazenda Água Limpa - UNB. Folha cartográfica: SD-23-Y-C. Coordenada calculada."
"ÁREA DE RELEVANTE INTERESSE ECOLÓGICO CAPETINGA/TAQUARA","Angiosperms","Fabaceae","Enterolobium","gummiferum","(Mart.) J.F.Macbr.","FABACEAE Enterolobium gummiferum (Mart.) J.F.Macbr.","IBGE00052556",,"IBGE","Santos, E.","475","Native","2000","Lewis, G.P.","2010","Ouro","Prata","jbrj-public.s3-sa-east-1.amazonaws.com/fsi/server?type=image&source=DZI/ibge/ibge/0/5/25/56/ibge00052556.dzi","Brasília","Fazenda Água Limpa - UNB. Coordenada calculada"
"ÁREA DE RELEVANTE INTERESSE ECOLÓGICO CAPETINGA/TAQUARA","Angiosperms","Myrtaceae","Campomanesia",,"Ruiz et Pav.","MYRTACEAE Campomanesia Ruiz et Pav.","IBGE00052567",,"IBGE","Santos, E.","464","Native","2000","Faria Junior, J.E.Q.","2010","Ouro","Prata","jbrj-public.s3-sa-east-1.amazonaws.com/fsi/server?type=image&source=DZI/ibge/ibge/0/5/25/67/ibge00052567.dzi","Brasília","Fazenda Água Limpa (FAL), Universidade de Brasília."
"ÁREA DE RELEVANTE INTERESSE ECOLÓGICO CAPETINGA/TAQUARA","Angiosperms","Xyridaceae","Xyris","schizachne","Mart.","XYRIDACEAE Xyris schizachne Mart.","IBGE00049730",,"IBGE","Munhoz, C.","827","Native","2000","Wanderley, M.G.L.","2009","Ouro","Prata","jbrj-public.s3-sa-east-1.amazonaws.com/fsi/server?type=image&source=DZI/ibge/ibge/0/4/97/30/ibge00049730.dzi","Brasília","Fazenda Água Limpa, divisa com o Cristo Redentor ( Jardim Botânico de Brasília) e o IBGE, na borda da mata de galeria do córrego Taquara. Folha: SD-23-Y-C."
"ÁREA DE RELEVANTE INTERESSE ECOLÓGICO CAPETINGA/TAQUARA","Angiosperms","Fabaceae","Stryphnodendron","adstringens","(Mart.) Coville","FABACEAE Stryphnodendron adstringens (Mart.) Coville","IBGE00052559",,"IBGE","Santos, E.","469","Native","2000","Scalon, V.R.","2008","Ouro","Prata","jbrj-public.s3-sa-east-1.amazonaws.com/fsi/server?type=image&source=DZI/ibge/ibge/0/5/25/59/ibge00052559.dzi","Brasília","Fazenda Água Limpa (FAL) UnB. Coordenada calculada. Folha Cartográfica: SD-23-Y-C. Fazenda Água Limpa (FAL) UnB"
"ÁREA DE RELEVANTE INTERESSE ECOLÓGICO CAPETINGA/TAQUARA","Angiosperms","Rhamnaceae","Crumenaria","choretroides","Mart. ex Reissek","RHAMNACEAE Crumenaria choretroides Mart. ex Reissek","IBGE00049562",,"IBGE","Munhoz, C.","1808","Native","2000","Lima, R.","2007","Ouro","Prata","jbrj-public.s3-sa-east-1.amazonaws.com/fsi/server?type=image&source=DZI/ibge/ibge/0/4/95/62/ibge00049562.dzi","Brasília","Fazenda Água Limpa, divisa com Cristo Redentor e o IBGE. Córrego Taquara. Folha: SD-23-Y-C."
"ÁREA DE RELEVANTE INTERESSE ECOLÓGICO CAPETINGA/TAQUARA","Angiosperms","Fabaceae","Bauhinia","dumosa","Benth.","FABACEAE Bauhinia dumosa var. dumosa Benth.","IBGE00052554",,"IBGE","Santos, E.","480","Native","2000","Vaz, A.M.S.F.","2005","Ouro","Prata","jbrj-public.s3-sa-east-1.amazonaws.com/fsi/server?type=image&source=DZI/ibge/ibge/0/5/25/54/ibge00052554.dzi","Brasília","Folha Cartográfica SD-23-Y-C Coordenada Calculada. Fazenda Água Limpa."
"ÁREA DE RELEVANTE INTERESSE ECOLÓGICO CAPETINGA/TAQUARA","Angiosperms","Fabaceae","Crotalaria","flavicoma","Benth.","FABACEAE Crotalaria flavicoma Benth.","IBGE00051008",,"IBGE","Munhoz, C.B.R.","1221","Native","2000","Flores, A.S.","2005","Ouro","Prata","jbrj-public.s3-sa-east-1.amazonaws.com/fsi/server?type=image&source=DZI/ibge/ibge/0/5/10/8/ibge00051008.dzi","Brasília","Fazenda Água Limpa - UNB. Divisa com o Cristo Redentor (JBB) e a Recor (IBGE). Córrego Taquara. Folha: SD-23-Y-C"
"ÁREA DE RELEVANTE INTERESSE ECOLÓGICO CAPETINGA/TAQUARA","Angiosperms","Fabaceae","Leptolobium","dasycarpum","Vogel","FABACEAE Leptolobium dasycarpum Vogel","IBGE00052552",,"IBGE","Santos, E.","521","Native","2000","Rodrigues, R.S.","2005","Ouro","Prata","jbrj-public.s3-sa-east-1.amazonaws.com/fsi/server?type=image&source=DZI/ibge/ibge/0/5/25/52/ibge00052552.dzi","Brasília","Fazenda Água Limpa (FAL), Universidade de Brasília. Folha Cartográfica: SC-23-Y-C. Coordenada Calculada."
"ÁREA DE RELEVANTE INTERESSE ECOLÓGICO CAPETINGA/TAQUARA","Angiosperms","Nyctaginaceae","Guapira","noxia","(Netto) Lundell","NYCTAGINACEAE Guapira noxia (Netto) Lundell","IBGE00050988",,"IBGE","Santos, E.","503","Native","2000","Farney, C.","2005","Ouro","Prata","jbrj-public.s3-sa-east-1.amazonaws.com/fsi/server?type=image&source=DZI/ibge/ibge/0/5/9/88/ibge00050988.dzi","Brasília","Fazenda Água Limpa - UnB Folha Cartográfica SD-23-Y-C Coordenada Calculada. Fazenda Água Limpa - UnB"
"ÁREA DE RELEVANTE INTERESSE ECOLÓGICO CAPETINGA/TAQUARA","Angiosperms","Annonaceae","Duguetia","furfuracea","(A.St.-Hil.) Saff.","ANNONACEAE Duguetia furfuracea (A.St.-Hil.) Saff.","IBGE00052518",,"IBGE","Santos, E.","456","Native","2000","Pontes, A.F.","2004","Ouro","Prata","jbrj-public.s3-sa-east-1.amazonaws.com/fsi/server?type=image&source=DZI/ibge/ibge/0/5/25/18/ibge00052518.dzi","Brasília","Universidade de Brasília. Folha Cartográfica SD-23-Y-C Coordenada Coletada. Fazenda Água Limpa (FAL)"
"ÁREA DE RELEVANTE INTERESSE ECOLÓGICO CAPETINGA/TAQUARA","Angiosperms","Bignoniaceae","Adenocalymma","pedunculatum","(Vell.) L.G.Lohmann","BIGNONIACEAE Adenocalymma pedunculatum (Vell.) L.G.Lohmann","IBGE00052529",,"IBGE","Santos, E.","486","Native","2000","Proenca, C.","2004","Ouro","Prata","jbrj-public.s3-sa-east-1.amazonaws.com/fsi/server?type=image&source=DZI/ibge/ibge/0/5/25/29/ibge00052529.dzi","Brasília","Fazenda Água Limpa (FAL-UnB Folha Cartográfica SD-23-Y-C Coordenada Calculada. Fazenda Água Limpa (FAL)"
"ÁREA DE RELEVANTE INTERESSE ECOLÓGICO CAPETINGA/TAQUARA","Angiosperms","Asteraceae","Lessingianthus","grearii","(H.Rob.) H.Rob.","ASTERACEAE Lessingianthus grearii (H.Rob.) H.Rob.","IBGE00054157",,"IBGE","Munhoz, C.B.R.","889","Native","2000","Rivera, V.L.","2003","Ouro","Prata","jbrj-public.s3-sa-east-1.amazonaws.com/fsi/server?type=image&source=DZI/ibge/ibge/0/5/41/57/ibge00054157.dzi","Brasília","Fazenda Água Limpa / Jardim Botânico de Brasilia. Borda da floresta de galeria do córrego Taguara."
"ÁREA DE RELEVANTE INTERESSE ECOLÓGICO CAPETINGA/TAQUARA","Angiosperms","Celastraceae","Salacia","elliptica","(Mart.) G. Don","CELASTRACEAE Salacia elliptica (Mart.) G. Don","IBGE00052550",,"IBGE","Santos, E.","484","Native","2000","Lombardi, J.A.","2003","Ouro","Prata","jbrj-public.s3-sa-east-1.amazonaws.com/fsi/server?type=image&source=DZI/ibge/ibge/0/5/25/50/ibge00052550.dzi","Brasília","Fazenda Água Limpa - UNB."
"ÁREA DE RELEVANTE INTERESSE ECOLÓGICO CAPETINGA/TAQUARA","Angiosperms","Fabaceae","Senna","rugosa","(G.Don) H.S.Irwin & Barneby","FABACEAE Senna rugosa (G.Don) H.S.Irwin & Barneby","EAC0033222",,"EAC","Munhoz, C.","1228","Native","2000","Fernandes, A.","2003","Ouro","Prata","jbrj-public.s3.amazonaws.com/fsi/server?type=image&source=DZI/eac/eac/0/3/32/22/eac00033222.dzi","Brasília","Fazenda Água Limpa , divisa com o Cristo Redentor, Na borda da mata de galeria do córrego Taquara"
"ÁREA DE RELEVANTE INTERESSE ECOLÓGICO CAPETINGA/TAQUARA","Angiosperms","Ochnaceae","Ouratea","floribunda","(A.St.-Hil.) Engl.","OCHNACEAE Ouratea floribunda (A.St.-Hil.) Engl.","IBGE00050921",,"IBGE","Santos, E.","509","Native","2000","Chacon, R.G.","2003","Ouro","Prata","jbrj-public.s3-sa-east-1.amazonaws.com/fsi/server?type=image&source=DZI/ibge/ibge/0/5/9/21/ibge00050921.dzi","Brasília","Fazenda Água Limpa, UnB Folha Cartográfica SD-23-Y-C Coordenada Calculada. FAL"
"ÁREA DE RELEVANTE INTERESSE ECOLÓGICO CAPETINGA/TAQUARA","Angiosperms","Burseraceae","Protium","ovatum","Engl.","BURSERACEAE Protium ovatum Engl.","IBGE00050972",,"IBGE","Santos, E.","507","Native","2000","Daly, D.","2002","Ouro","Prata","jbrj-public.s3-sa-east-1.amazonaws.com/fsi/server?type=image&source=DZI/ibge/ibge/0/5/9/72/ibge00050972.dzi","Brasília","Fazenda Água Limpa - UNB."
"ÁREA DE RELEVANTE INTERESSE ECOLÓGICO CAPETINGA/TAQUARA","Angiosperms","Malpighiaceae","Pterandra","pyroidea","A.Juss.","MALPIGHIACEAE Pterandra pyroidea A.Juss.","IBGE00050913",,"IBGE","Santos, E.","513","Native","2000","Anderson, C.","2002","Ouro","Prata","jbrj-public.s3-sa-east-1.amazonaws.com/fsi/server?type=image&source=DZI/ibge/ibge/0/5/9/13/ibge00050913.dzi","Brasília","Folha Cartográfica SD-23-Y-C Coordenada Calculada. Fazenda Água Limpa (FAL), UnB."
"ÁREA DE RELEVANTE INTERESSE ECOLÓGICO CAPETINGA/TAQUARA","Angiosperms","Myrtaceae","Eugenia","sellowiana","DC.","MYRTACEAE Eugenia sellowiana DC.","IBGE00052568",,"IBGE","Santos, E.","472","Native","2000","Proenca, C.","2000","Ouro","Prata","jbrj-public.s3-sa-east-1.amazonaws.com/fsi/server?type=image&source=DZI/ibge/ibge/0/5/25/68/ibge00052568.dzi","Brasília","Universidade de Brasília. Folha Cartográfica SD-23-Y-C Coordenada Calculada. Fazenda Água Limpa (FAL)."
"ÁREA DE RELEVANTE INTERESSE ECOLÓGICO CAPETINGA/TAQUARA","Angiosperms","Turneraceae","Piriqueta","sidifolia","(Cambess.) Urb.","TURNERACEAE Piriqueta sidifolia var. sidifolia (Cambess.) Urb.","IBGE00049283",,"IBGE","Munhoz, C.B.R.","748","Native","1999","Arbo, M.M.","2002","Ouro","Prata","jbrj-public.s3-sa-east-1.amazonaws.com/fsi/server?type=image&source=DZI/ibge/ibge/0/4/92/83/ibge00049283.dzi","Brasília","Fazenda Água Limpa, divisa com o Cristo Redentor ( Jardim Botânico de Brasília) e o IBGE, na borda da mata de galeria do Córrego Taquara. Folha: SD-23-Y-C."
"ÁREA DE RELEVANTE INTERESSE ECOLÓGICO CAPETINGA/TAQUARA","Angiosperms","Myrtaceae","Psidium","salutare","(Kunth) O.Berg","MYRTACEAE Psidium salutare (Kunth) O.Berg","COR00010967",,"COR","Soares-Silva, L.H.","784","Native","1999","Soares-Silva, L.H.","1999","Ouro","Prata","jbrj-public.s3-sa-east-1.amazonaws.com/fsi/server?type=image&source=DZI/cor/cor/0/1/9/67/cor00010967.dzi","Brasília","Fazenda Água Limpa"
"ÁREA DE RELEVANTE INTERESSE ECOLÓGICO CAPETINGA/TAQUARA","Angiosperms","Lauraceae","Ocotea","corymbosa","(Meisn.) Mez","LAURACEAE Ocotea corymbosa (Meisn.) Mez","IBGE00044712",,"IBGE","Sevilha, A.C.","1761","Native","1998","Baitello, J.B.","2012","Ouro","Prata","jbrj-public.s3-sa-east-1.amazonaws.com/fsi/server?type=image&source=DZI/ibge/ibge/0/4/47/12/ibge00044712.dzi","Brasília","Fazenda Água Limpa. Córrego Capetinga. Interior da mata, sobre terraço, Linha 2. Coordenada calculada"
"ÁREA DE RELEVANTE INTERESSE ECOLÓGICO CAPETINGA/TAQUARA","Angiosperms","Asteraceae","Symphyopappus","compressus","(Gardner) B.L.Rob.","ASTERACEAE Symphyopappus compressus (Gardner) B.L.Rob.","IBGE00044704",,"IBGE","Sevilha, A.C.","1746","Native","1998","Nakajima, J.","2010","Ouro","Prata","jbrj-public.s3-sa-east-1.amazonaws.com/fsi/server?type=image&source=DZI/ibge/ibge/0/4/47/4/ibge00044704.dzi","Brasília","Fazenda Água Limpa, UnB. Margem esquerda do córrego, trilha para a linha 1. Mata de galeria do córrego Capetinga. Folha cartográfica: SD-23-Y-C"
"ÁREA DE RELEVANTE INTERESSE ECOLÓGICO CAPETINGA/TAQUARA","Angiosperms","Elaeocarpaceae","Sloanea","lasiocoma","K.Schum.","ELAEOCARPACEAE Sloanea lasiocoma K.Schum.","IBGE00044713",,"IBGE","Sevilha, A.C.","1762","Native","1998","Sampaio, D.","2009","Ouro","Prata","jbrj-public.s3-sa-east-1.amazonaws.com/fsi/server?type=image&source=DZI/ibge/ibge/0/4/47/13/ibge00044713.dzi","Brasília","Fazenda Água Limpa. Floresta de galeria do córrego Capetinga."
"ÁREA DE RELEVANTE INTERESSE ECOLÓGICO CAPETINGA/TAQUARA","Angiosperms","Primulaceae","Myrsine","umbellata","Mart.","PRIMULACEAE Myrsine umbellata Mart.","IBGE00044838",,"IBGE","Sevilha, A.C.","1740","Native","1998","Jung-Mendacolli, S.L.","2008","Ouro","Prata","jbrj-public.s3-sa-east-1.amazonaws.com/fsi/server?type=image&source=DZI/ibge/ibge/0/4/48/38/ibge00044838.dzi","Brasília","Fazenda Água Limpa, UnB, córrego do Capetinga, interior da mata, sobre terraço, linha 3; folha SD-23-Y-C."
"ÁREA DE RELEVANTE INTERESSE ECOLÓGICO CAPETINGA/TAQUARA","Angiosperms","Fabaceae","Crotalaria","grandiflora","Benth.","FABACEAE Crotalaria grandiflora Benth.","IBGE00044708",,"IBGE","Sevilha, A.C.","1748","Native","1998","Flores, A.S.","2005","Ouro","Prata","jbrj-public.s3-sa-east-1.amazonaws.com/fsi/server?type=image&source=DZI/ibge/ibge/0/4/47/8/ibge00044708.dzi","Brasília","Fazenda Água Limpa - UNB. Margem esquerda do Córrego Capetinga. Trilha para a linha 1. Folha: SD-23-Y-C. Coordenada calculada."
"ÁREA DE RELEVANTE INTERESSE ECOLÓGICO CAPETINGA/TAQUARA","Angiosperms","Lauraceae","Ocotea","pomaderroides","(Meisn.) Mez","LAURACEAE Ocotea pomaderroides (Meisn.) Mez","IBGE00044707",,"IBGE","Sevilha, A.C.","1757","Native","1998","Baitello, J.B.","2001","Ouro","Prata","jbrj-public-img.s3-sa-east-1.amazonaws.com/JPG/ibge/ibge/0/4/47/7/ibge00044707.jpg","Brasília","Fazenda Água Limpa, Córrego Capetinga. Borda da mata, sobre terraço, margem direita do córrego, trilha para a linha 1. Coordenada calculada."
"ÁREA DE RELEVANTE INTERESSE ECOLÓGICO CAPETINGA/TAQUARA","Angiosperms","Rubiaceae","Palicourea","colorata","(Willd. ex Roem. & Schult.) Delprete & J.H.Kirkbr.","RUBIACEAE Palicourea colorata (Willd. ex Roem. & Schult.) Delprete & J.H.Kirkbr.","IBGE00044702",,"IBGE","Sevilha, A.C.","1744","Native","1998","Delprete, P.G.","2000","Ouro","Prata","jbrj-public.s3-sa-east-1.amazonaws.com/fsi/server?type=image&source=DZI/ibge/ibge/0/4/47/2/ibge00044702.dzi","Brasília","Fazenda Água Limpa. UnB. Córrego Capetinga. Linha 3. Coordenada Calculada."
"ÁREA DE RELEVANTE INTERESSE ECOLÓGICO CAPETINGA/TAQUARA","Angiosperms","Melastomataceae","Leandra","melastomoides","Raddi","MELASTOMATACEAE Leandra melastomoides Raddi","IBGE00044705",,"IBGE","Sevilha, A.C.","1758","Native","1998","Munhoz, C.","1998","Ouro","Prata","jbrj-public.s3-sa-east-1.amazonaws.com/fsi/server?type=image&source=DZI/ibge/ibge/0/4/47/5/ibge00044705.dzi","Brasília","Interior da mata, sobre terraço, linha 2. Folha Cartográfica SD-23-Y-C Coordenada Calculada. Fazenda Água Limpa - UnB."
"ÁREA DE RELEVANTE INTERESSE ECOLÓGICO CAPETINGA/TAQUARA","Angiosperms","Rubiaceae","Amaioua","intermedia","Mart. ex Schult. & Schult.f.","RUBIACEAE Amaioua intermedia Mart. ex Schult. & Schult.f.","IBGE00044697",,"IBGE","Sevilha, A.C.","1730","Native","1997","Delprete, P.G.","2008","Ouro","Prata","jbrj-public.s3-sa-east-1.amazonaws.com/fsi/server?type=image&source=DZI/ibge/ibge/0/4/46/97/ibge00044697.dzi","Brasília","Fazenda Água Limpa. Mata de galeria do Córrego Capetinga. Sobre terraço, linha 2. Coordenada Calculada."
"ÁREA DE RELEVANTE INTERESSE ECOLÓGICO CAPETINGA/TAQUARA","Angiosperms","Vochysiaceae","Callisthene","major","Mart.","VOCHYSIACEAE Callisthene major Mart.","IBGE00044695",,"IBGE","Sevilha, A.C.","1712","Native","1997","Franca, F.","2003","Ouro","Prata","jbrj-public.s3-sa-east-1.amazonaws.com/fsi/server?type=image&source=DZI/ibge/ibge/0/4/46/95/ibge00044695.dzi","Brasília","Fazenda Água Limpa. Córrego Capetinga. Localizada próximo a borda da mata, sobre terraço, margem direita do córrego, trilha para a linha 1. Folha: SD-23-Y-C. Coordenada calculada."
"ÁREA DE RELEVANTE INTERESSE ECOLÓGICO CAPETINGA/TAQUARA","Angiosperms","Vochysiaceae","Vochysia","pyramidalis","Mart.","VOCHYSIACEAE Vochysia pyramidalis Mart.","IBGE00044735",,"IBGE","Sevilha, A.C.","1711","Native","1997","Franca, F.","2003","Ouro","Prata","jbrj-public.s3-sa-east-1.amazonaws.com/fsi/server?type=image&source=DZI/ibge/ibge/0/4/47/35/ibge00044735.dzi","Brasília","Fazenda Água Limpa. UnB. Córrego Capetinga. Localizada a 2 m da margem direita do córrego, trilha para a linha 1. Coordenada calculada."
"ÁREA DE RELEVANTE INTERESSE ECOLÓGICO CAPETINGA/TAQUARA","Angiosperms","Asteraceae","Moquiniastrum","floribundum","(Cabrera) G. Sancho","ASTERACEAE Moquiniastrum floribundum (Cabrera) G. Sancho","IBGE00044752",,"IBGE","Sevilha, A.C.","1718","Native","1997","Roque, N.","2002","Ouro","Prata","jbrj-public.s3-sa-east-1.amazonaws.com/fsi/server?type=image&source=DZI/ibge/ibge/0/4/47/52/ibge00044752.dzi","Brasília","Fazenda Água Limpa. Córrego Capetinga. Margem direita do córrego. Trilha para a linha 1."
"ÁREA DE RELEVANTE INTERESSE ECOLÓGICO CAPETINGA/TAQUARA","Angiosperms","Poaceae","Ichnanthus","bambusiflorus","(Trin.) Döll","POACEAE Ichnanthus bambusiflorus (Trin.) Döll","IBGE00044694",,"IBGE","Sevilha, A.C.","1739","Native","1997","Boechat, S.C.","2001","Ouro","Prata","jbrj-public.s3-sa-east-1.amazonaws.com/fsi/server?type=image&source=DZI/ibge/ibge/0/4/46/94/ibge00044694.dzi","Brasília","Córrego Capetinga. Folha Cartográfica SD-23-Y-C Coordenada Calculada. Fazenda Água Limpa."
"ÁREA DE RELEVANTE INTERESSE ECOLÓGICO CAPETINGA/TAQUARA","Angiosperms","Rubiaceae","Palicourea","marcgravii","A.St.-Hil.","RUBIACEAE Palicourea marcgravii A.St.-Hil.","IBGE00044699",,"IBGE","Sevilha, A.C.","1735","Native","1997","Delprete, P.G.","2000","Ouro","Prata","jbrj-public.s3-sa-east-1.amazonaws.com/fsi/server?type=image&source=DZI/ibge/ibge/0/4/46/99/ibge00044699.dzi","Brasília","Fazenda água limpa. Folha Cartográfica SD-23-Y-C Coordenada Calculada."
"ÁREA DE RELEVANTE INTERESSE ECOLÓGICO CAPETINGA/TAQUARA","Angiosperms","Rubiaceae","Psychotria","leiocarpa","Cham. & Schltdl.","RUBIACEAE Psychotria leiocarpa Cham. & Schltdl.","IBGE00044840",,"IBGE","Sevilha, A.C.","1731","Native","1997","Delprete, P.G.","2000","Ouro","Prata","jbrj-public.s3-sa-east-1.amazonaws.com/fsi/server?type=image&source=DZI/ibge/ibge/0/4/48/40/ibge00044840.dzi","Brasília","Fazenda Água Limpa. UnB. Córrego Capetinga, na linha 2. Folha: SD-23-Y-C. Coordenada calculada."
"ÁREA DE RELEVANTE INTERESSE ECOLÓGICO CAPETINGA/TAQUARA","Angiosperms","Burseraceae","Protium","spruceanum","(Benth.) Engl.","BURSERACEAE Protium spruceanum (Benth.) Engl.","IBGE00044698",,"IBGE","Sevilha, A.C.","1733","Native","1997","Lima, L.R.","1999","Ouro","Prata","jbrj-public.s3-sa-east-1.amazonaws.com/fsi/server?type=image&source=DZI/ibge/ibge/0/4/46/98/ibge00044698.dzi","Brasília","Fazenda Água Limpa. Córrego Capetinga."
"ÁREA DE RELEVANTE INTERESSE ECOLÓGICO CAPETINGA/TAQUARA","Angiosperms","Fabaceae","Tachigali","vulgaris","L.G.Silva & H.C.Lima","FABACEAE Tachigali vulgaris L.G.Silva & H.C.Lima","IBGE00044749",,"IBGE","Sevilha, A.C.","1709","Native","1997","Barneby, R.C.","1998","Ouro","Prata","jbrj-public.s3-sa-east-1.amazonaws.com/fsi/server?type=image&source=DZI/ibge/ibge/0/4/47/49/ibge00044749.dzi","Brasília","Fazenda Água Limpa. Mata de galeria do córrego Capetinga. Linha 1. Folha cartográfica SD-23-Y-C"
"ÁREA DE RELEVANTE INTERESSE ECOLÓGICO CAPETINGA/TAQUARA","Angiosperms","Melastomataceae","Leandra","aurea","(Cham.) Cogn.","MELASTOMATACEAE Leandra aurea (Cham.) Cogn.","IBGE00044743",,"IBGE","Sevilha, A.C.","1714","Native","1997","Munhoz, C.","1998","Ouro","Prata","jbrj-public.s3-sa-east-1.amazonaws.com/fsi/server?type=image&source=DZI/ibge/ibge/0/4/47/43/ibge00044743.dzi","Brasília","Margem direita do córrego sobre terraço na borda da mata, trilha para a linha 1. Folha Cartográfica SD-23-Y-C Coordenada Calculada. Fazenda Água Limpa."
"ÁREA DE RELEVANTE INTERESSE ECOLÓGICO CAPETINGA/TAQUARA","Angiosperms","Malpighiaceae","Byrsonima","laxiflora","Griseb.","MALPIGHIACEAE Byrsonima laxiflora Griseb.","IBGE00045676",,"IBGE","Walter, B.M.T.","2323","Native","1995","Mamede, M.C.H.","2007","Ouro","Prata","jbrj-public.s3-sa-east-1.amazonaws.com/fsi/server?type=image&source=DZI/ibge/ibge/0/4/56/76/ibge00045676.dzi","Brasília","Folha Cartográfica SD-23-Y-C Coordenada Coletada. Fazenda Água Limpa/UnB."
"ÁREA DE RELEVANTE INTERESSE ECOLÓGICO CAPETINGA/TAQUARA","Angiosperms","Poaceae","Panicum","millegrana","Poir.","POACEAE Panicum millegrana Poir.","IBGE00048981",,"IBGE","Walter, B.M.T.","2335 A","Native","1995","Filgueiras, T.S.","2003","Ouro","Prata","jbrj-public.s3-sa-east-1.amazonaws.com/fsi/server?type=image&source=DZI/ibge/ibge/0/4/89/81/ibge00048981.dzi","Brasília","Fazenda Água Limpa/UnB. Córrego da Onça. Coordenada calculada."
"ÁREA DE RELEVANTE INTERESSE ECOLÓGICO CAPETINGA/TAQUARA","Angiosperms","Melastomataceae","Leandra","salicina","(DC.) Cogn.","MELASTOMATACEAE Leandra salicina (DC.) Cogn.","IBGE00041123",,"IBGE","Munhoz, C.","289","Native","1995","Munhoz, C.","1995","Ouro","Prata","jbrj-public.s3-sa-east-1.amazonaws.com/fsi/server?type=image&source=DZI/ibge/ibge/0/4/11/23/ibge00041123.dzi","Brasília","Córrego Capetinga. Folha Cartográfica SD-23-Y-C Coordenada Calculada. Fazenda Água Limpa - UnB."
"ÁREA DE RELEVANTE INTERESSE ECOLÓGICO CAPETINGA/TAQUARA","Angiosperms","Melastomataceae","Miconia","cyathanthera","Triana","MELASTOMATACEAE Miconia cyathanthera Triana","IBGE00041100",,"IBGE","Munhoz, C.","301","Native","1995","Munhoz, C.","1995","Ouro","Prata","jbrj-public.s3-sa-east-1.amazonaws.com/fsi/server?type=image&source=DZI/ibge/ibge/0/4/11/0/ibge00041100.dzi","Brasília","Córrego Capetinga, próximo do córrego. Folha Cartográfica SD-23-Y-C Coordenada Calculada. Fazenda Água Limpa - UnB."
"ÁREA DE RELEVANTE INTERESSE ECOLÓGICO CAPETINGA/TAQUARA","Angiosperms","Melastomataceae","Pleroma","candolleanum","(Mart. ex DC.) Triana","MELASTOMATACEAE Pleroma candolleanum (Mart. ex DC.) Triana","IBGE00041124",,"IBGE","Munhoz, C.B.R.","287","Native","1995","Munhoz, C.B.R.","1995","Ouro","Prata","jbrj-public.s3-sa-east-1.amazonaws.com/fsi/server?type=image&source=DZI/ibge/ibge/0/4/11/24/ibge00041124.dzi","Brasília","Fazenda Água Limpa. Coordenada Calculada."
"ÁREA DE RELEVANTE INTERESSE ECOLÓGICO CAPETINGA/TAQUARA","Angiosperms","Malpighiaceae","Heteropterys","nervosa","A.Juss.","MALPIGHIACEAE Heteropterys nervosa A.Juss.","IBGE00033431",,"IBGE","Walter, B.M.T.","2231","Native","1994","Mamede, M.C.H.","2016","Ouro","Prata","jbrj-public.s3-sa-east-1.amazonaws.com/fsi/server?type=image&source=DZI/ibge/ibge/0/3/34/31/ibge00033431.dzi","Brasília","Brasília-DF. Fazenda Água Limpa/UNB. Mata de Galeria do Córrego da Onça; coleta no bordo do final da mata a 150m do córrego Taguara. Folha Cartográfica SD-23-Y-C Coordenada Coletada."
"ÁREA DE RELEVANTE INTERESSE ECOLÓGICO CAPETINGA/TAQUARA","Angiosperms","Araliaceae","Didymopanax","calvus","(Cham.) Decne. & Planch.","ARALIACEAE Didymopanax calvus (Cham.) Decne. & Planch.","IBGE00033581",,"IBGE","Walter, B.M.T.","2281","Native","1994","Fiaschi, P.","2013","Ouro","Prata","jbrj-public.s3-sa-east-1.amazonaws.com/fsi/server?type=image&source=DZI/ibge/ibge/0/3/35/81/ibge00033581.dzi","Brasília","Fazenda Água Limpa/UnB. Mata de Galeria do córrego da Onça. Cole tado no bordo da cabeceira da mata em local semi-encharcado. So lo areno-argiloso, com muita serrapilheira."
"ÁREA DE RELEVANTE INTERESSE ECOLÓGICO CAPETINGA/TAQUARA","Angiosperms","Malvaceae","Pavonia","malacophylla","(Link & Otto) Garcke","MALVACEAE Pavonia malacophylla (Link & Otto) Garcke","IBGE00033426",,"IBGE","Walter, B.M.T.","2199","Native","1994","Esteves, G.L.","2013","Ouro","Prata","jbrj-public.s3-sa-east-1.amazonaws.com/fsi/server?type=image&source=DZI/ibge/ibge/0/3/34/26/ibge00033426.dzi","Brasília","Coletada na região do meio da mata, em local seco, no bordo. Folha Cartográfica SD-23-Y-C Coordenada Coletada. Fazenda Água Limpa, UnB."
"ÁREA DE RELEVANTE INTERESSE ECOLÓGICO CAPETINGA/TAQUARA","Angiosperms","Solanaceae","Cestrum","schlechtendalii","G.Don","SOLANACEAE Cestrum schlechtendalii G.Don","IBGE00033349",,"IBGE","Walter, B.M.T.","2196","Native","1994","Vignoli-Silva, M.","2012","Ouro","Prata","jbrj-public.s3-sa-east-1.amazonaws.com/fsi/server?type=image&source=DZI/ibge/ibge/0/3/33/49/ibge00033349.dzi","Brasília","Fazenda Água Limpa/UnB. Córrego da Onça. Coordenada coletada."
"ÁREA DE RELEVANTE INTERESSE ECOLÓGICO CAPETINGA/TAQUARA","Angiosperms","Passifloraceae","Passiflora","amethystina","J.C.Mikan","PASSIFLORACEAE Passiflora amethystina J.C.Mikan","IBGE00060581",,"IBGE","Proenca, C.","1063","Native","1994","Imig, D.C.","2011","Ouro","Prata","jbrj-public.s3-sa-east-1.amazonaws.com/fsi/server?type=image&source=DZI/ibge/ibge/0/6/5/81/ibge00060581.dzi","Brasília","Fazenda Água Limpa, parcelas permanentes do Departamento de Engenharia Florestal. Folha Cartográfica SD-23-Y-C Coordenada Coletada. FAL"
"ÁREA DE RELEVANTE INTERESSE ECOLÓGICO CAPETINGA/TAQUARA",,"Symplocaceae","Symplocos","nitens","(Pohl) Benth.","SYMPLOCACEAE Symplocos nitens var. nitens (Pohl) Benth.","IBGE00033351",,"IBGE","Walter, B.M.T.","2246",,"1994","Aranha Filho, J.L.M.","2010","Ouro","Prata","jbrj-public.s3-sa-east-1.amazonaws.com/fsi/server?type=image&source=DZI/ibge/ibge/0/3/33/51/ibge00033351.dzi","Brasília","Fazenda Água Limpa/UNB. Córrego da Onça. Coletada no bordo da cabeceira da mata. Folha: SD-23-Y-C."
"ÁREA DE RELEVANTE INTERESSE ECOLÓGICO CAPETINGA/TAQUARA","Angiosperms","Moraceae","Ficus","insipida","Willd.","MORACEAE Ficus insipida Willd.","IBGE00033311",,"IBGE","Walter, B.M.T.","2310","Native","1994","Romaniuc Neto, S.","2009","Ouro","Prata","jbrj-public.s3-sa-east-1.amazonaws.com/fsi/server?type=image&source=DZI/ibge/ibge/0/3/33/11/ibge00033311.dzi","Brasília","Fazenda Água Limpa/UnB. Córrego da Onça. Coordenada coletada."
"ÁREA DE RELEVANTE INTERESSE ECOLÓGICO CAPETINGA/TAQUARA","Angiosperms","Rhamnaceae","Frangula","polymorpha","Reissek","RHAMNACEAE Frangula polymorpha Reissek","IBGE00033486",,"IBGE","Walter, B.M.T.","2176","Native","1994","Lima, R.","2007","Ouro","Prata","jbrj-public.s3-sa-east-1.amazonaws.com/fsi/server?type=image&source=DZI/ibge/ibge/0/3/34/86/ibge00033486.dzi","Brasília","Fazenda Água Limpa/UnB. Córrego da Onça. Coletada no final da mata, próxima ao córrego. Folha SD-23-Y-C."
"ÁREA DE RELEVANTE INTERESSE ECOLÓGICO CAPETINGA/TAQUARA","Angiosperms","Asteraceae","Mikania","acuminata","DC.","ASTERACEAE Mikania acuminata DC.","IBGE00033384",,"IBGE","Walter, B.M.T.","2247","Native","1994","Ritter, M.R.","2005","Ouro","Prata","jbrj-public.s3-sa-east-1.amazonaws.com/fsi/server?type=image&source=DZI/ibge/ibge/0/3/33/84/ibge00033384.dzi","Brasília","Fazenda Água Limpa, UnB. Córrego da Onça. Folha cartográfica: SD-23-Y-C"
"ÁREA DE RELEVANTE INTERESSE ECOLÓGICO CAPETINGA/TAQUARA","Angiosperms","Lamiaceae","Aegiphila","verticillata","Vell.","LAMIACEAE Aegiphila verticillata Vell.","IBGE00033355",,"IBGE","Walter, B.M.T.","2298","Native","1994","Franca, F.","2005","Ouro","Prata","jbrj-public.s3-sa-east-1.amazonaws.com/fsi/server?type=image&source=DZI/ibge/ibge/0/3/33/55/ibge00033355.dzi","Brasília","Fazenda Água Limpa/UnB. Córrego da Onça. Coordenada coletada."
"ÁREA DE RELEVANTE INTERESSE ECOLÓGICO CAPETINGA/TAQUARA","Angiosperms","Vochysiaceae","Vochysia","tucanorum","Mart.","VOCHYSIACEAE Vochysia tucanorum Mart.","IBGE00033482",,"IBGE","Walter, B.M.T.","2206","Native","1994","Franca, F.","2004","Ouro","Prata","jbrj-public.s3-sa-east-1.amazonaws.com/fsi/server?type=image&source=DZI/ibge/ibge/0/3/34/82/ibge00033482.dzi","Brasília","Fazenda Água Limpa/UnB. Córrego da Onça. Coordenada coletada."
"ÁREA DE RELEVANTE INTERESSE ECOLÓGICO CAPETINGA/TAQUARA","Angiosperms","Rubiaceae","Cordiera","sessilis","(Vell.) Kuntze","RUBIACEAE Cordiera sessilis (Vell.) Kuntze","IBGE00033348",,"IBGE","Walter, B.M.T.","2301","Native","1994","Persson, C.","2003","Ouro","Prata","jbrj-public.s3-sa-east-1.amazonaws.com/fsi/server?type=image&source=DZI/ibge/ibge/0/3/33/48/ibge00033348.dzi","Brasília","Fazenda Água Limpa/UnB. Córrego da Onça. Coordenada coletada."
"ÁREA DE RELEVANTE INTERESSE ECOLÓGICO CAPETINGA/TAQUARA","Angiosperms","Vochysiaceae","Qualea","dichotoma","(Mart.) Warm.","VOCHYSIACEAE Qualea dichotoma (Mart.) Warm.","IBGE00033488",,"IBGE","Walter, B.M.T.","2248","Native","1994","Franca, F.","2003","Ouro","Prata","jbrj-public.s3-sa-east-1.amazonaws.com/fsi/server?type=image&source=DZI/ibge/ibge/0/3/34/88/ibge00033488.dzi","Brasília","Fazenda Água Limpa/UnB. Córrego da Onça. Coordenada coletada."
"ÁREA DE RELEVANTE INTERESSE ECOLÓGICO CAPETINGA/TAQUARA","Angiosperms","Piperaceae","Piper","arboreum","Aubl.","PIPERACEAE Piper arboreum var. arboreum Aubl.","CEN00018476",,"CEN","Walter, B.M.T.","2167","Native","1994","Carvalho-Silva, M.","2002","Ouro","Prata","jbrj-public.s3.amazonaws.com/fsi/server?type=image&source=DZI/cen/cen/0/1/84/76/cen00018476.dzi","Brasília","Fazenda Água Limpa/UNB. Mata de galeria do Córrego da Onça; coletada na região do meio da mata, proximo ao Córrego;"
"ÁREA DE RELEVANTE INTERESSE ECOLÓGICO CAPETINGA/TAQUARA","Angiosperms","Piperaceae","Piper","crassinervium","Kunth","PIPERACEAE Piper crassinervium Kunth","IBGE00033562",,"IBGE","Walter, B.M.T.","2168","Native","1994","Carvalho-Silva, M.","2002","Ouro","Prata","jbrj-public.s3-sa-east-1.amazonaws.com/fsi/server?type=image&source=DZI/ibge/ibge/0/3/35/62/ibge00033562.dzi","Brasília","Fazenda Água Limpa - UnB. Próximo ao córrego da Onça. Coordenada calculada."
"ÁREA DE RELEVANTE INTERESSE ECOLÓGICO CAPETINGA/TAQUARA","Angiosperms","Piperaceae","Piper","tectoniifolium","Kunth","PIPERACEAE Piper tectoniifolium Kunth","IBGE00033563",,"IBGE","Walter, B.M.T.","2153","Native","1994","Carvalho-Silva, M.","2002","Ouro","Prata","jbrj-public.s3-sa-east-1.amazonaws.com/fsi/server?type=image&source=DZI/ibge/ibge/0/3/35/63/ibge00033563.dzi","Brasília","Fazenda Água Limpa (FAL-UnB). Coordenada calculada."
"ÁREA DE RELEVANTE INTERESSE ECOLÓGICO CAPETINGA/TAQUARA","Angiosperms","Aquifoliaceae","Ilex","affinis","Gardner","AQUIFOLIACEAE Ilex affinis Gardner","IBGE00033396",,"IBGE","Walter, B.M.T.","2263","Native","1994","Groppo Junior, M.","2001","Ouro","Prata","jbrj-public.s3-sa-east-1.amazonaws.com/fsi/server?type=image&source=DZI/ibge/ibge/0/3/33/96/ibge00033396.dzi","Brasília","Fazenda Água Limpa/UnB. Mata de Galeria do córrego da Onça."
"ÁREA DE RELEVANTE INTERESSE ECOLÓGICO CAPETINGA/TAQUARA","Angiosperms","Aquifoliaceae","Ilex","brasiliensis","(Spreng.) Loes.","AQUIFOLIACEAE Ilex brasiliensis (Spreng.) Loes.","IBGE00033429",,"IBGE","Walter, B.M.T.","2223","Native","1994","Groppo Junior, M.","2001","Ouro","Prata","jbrj-public.s3-sa-east-1.amazonaws.com/fsi/server?type=image&source=DZI/ibge/ibge/0/3/34/29/ibge00033429.dzi","Brasília","Fazenda Água Limpa/UnB. Mata de Galeria do córrego da Onça; coletada no bordo do final da mata a 150 metros do cór rego Taquara. Solo areno-argiloso, encharcável; muita serrapi lheira. Planta frequente no final da mata, porém rara na cabecei ra e na porçäo central."
"ÁREA DE RELEVANTE INTERESSE ECOLÓGICO CAPETINGA/TAQUARA","Angiosperms","Metteniusaceae","Emmotum","nitens","(Benth.) Miers","METTENIUSACEAE Emmotum nitens (Benth.) Miers","IBGE00033437",,"IBGE","Walter, B.M.T.","2272","Native","1994","Mazine, F.F.","2000","Ouro","Prata","jbrj-public.s3-sa-east-1.amazonaws.com/fsi/server?type=image&source=DZI/ibge/ibge/0/3/34/37/ibge00033437.dzi","Brasília","Fazenda Água Limpa/UnB. Córrego da Onça. Coordenada coletada."
"ÁREA DE RELEVANTE INTERESSE ECOLÓGICO CAPETINGA/TAQUARA","Angiosperms","Rubiaceae","Palicourea","prunifolia","(Kunth) Borhidi","RUBIACEAE Palicourea prunifolia (Kunth) Borhidi","IBGE00033346",,"IBGE","Walter, B.M.T.","2292","Native","1994","Delprete, P.G.","2000","Ouro","Prata","jbrj-public.s3-sa-east-1.amazonaws.com/fsi/server?type=image&source=DZI/ibge/ibge/0/3/33/46/ibge00033346.dzi","Brasília","Fazenda Água Limpa/UnB. Córrego da Onça. Coordenada coletada."
"ÁREA DE RELEVANTE INTERESSE ECOLÓGICO CAPETINGA/TAQUARA","Angiosperms","Anacardiaceae","Tapirira","obtusa","(Benth.) J.D.Mitch.","ANACARDIACEAE Tapirira obtusa (Benth.) J.D.Mitch.","TEPB0021311",,"TEPB","Walter, B.M.T.","2286","Native","1994","Pirani, J.R.","1999","Ouro","Prata","jbrj-public.s3-sa-east-1.amazonaws.com/fsi/server?type=image&source=DZI/tepb/tepb/0/21/31/1/tepb0021311.dzi","Brasília","Fazenda Água Limpa/UnB."
"ÁREA DE RELEVANTE INTERESSE ECOLÓGICO CAPETINGA/TAQUARA","Angiosperms","Erythroxylaceae","Erythroxylum","umbu","Costa-Lima","ERYTHROXYLACEAE Erythroxylum umbu Costa-Lima","IBGE00033480",,"IBGE","Walter, B.M.T.","2211","Native","1994","Amaral Junior, A.","1997","Ouro","Prata","jbrj-public.s3-sa-east-1.amazonaws.com/fsi/server?type=image&source=DZI/ibge/ibge/0/3/34/80/ibge00033480.dzi","Brasília","Fazenda Água Limpa/UnB. Córrego da Onça. No final da mata a 150 m do córrego Taquara. Folha cartográfica: SD-23-Y-C"
"ÁREA DE RELEVANTE INTERESSE ECOLÓGICO CAPETINGA/TAQUARA","Angiosperms","Melastomataceae","Miconia","flammea","Casar.","MELASTOMATACEAE Miconia flammea Casar.","IBGE00033347",,"IBGE","Walter, B.M.T.","2305","Native","1994","Munhoz, C.B.R.","1996","Ouro","Prata","jbrj-public.s3-sa-east-1.amazonaws.com/fsi/server?type=image&source=DZI/ibge/ibge/0/3/33/47/ibge00033347.dzi","Brasília","Fazenda Água Limpa/UnB. Córrego da Onça. Coordenada coletada."
"ÁREA DE RELEVANTE INTERESSE ECOLÓGICO CAPETINGA/TAQUARA","Angiosperms","Orchidaceae","Malaxis","excavata","(Lindl.) Kuntze","ORCHIDACEAE Malaxis excavata (Lindl.) Kuntze","IBGE00031061",,"IBGE","Pereira, B.A.S.","2359","Native","1993","Batista, J.A.N.","1993","Ouro","Prata","jbrj-public.s3-sa-east-1.amazonaws.com/fsi/server?type=image&source=DZI/ibge/ibge/0/3/10/61/ibge00031061.dzi","Brasília","APA Gama Cabeça de Veado. Fazenda Água Limpa - FAL - UnB. Cabeceira do córrego da Onça. Folha: SD-23-Y-C. Coordenada calculada."
"ÁREA DE RELEVANTE INTERESSE ECOLÓGICO CAPETINGA/TAQUARA","Angiosperms","Poaceae","Trachypogon","macroglossus","Trin.","POACEAE Trachypogon macroglossus Trin.","IBGE00029964",,"IBGE","Parron, L.M.","1245","Native","1992","Filgueiras, T.S.","1993","Ouro","Prata","jbrj-public.s3-sa-east-1.amazonaws.com/fsi/server?type=image&source=DZI/ibge/ibge/0/2/99/64/ibge00029964.dzi","Brasília","Fazenda Água Limpa - UnB. Local queimado em 07/1991."
"ÁREA DE RELEVANTE INTERESSE ECOLÓGICO CAPETINGA/TAQUARA","Angiosperms","Xyridaceae","Xyris","roraimae","Malme","XYRIDACEAE Xyris roraimae Malme","IBGE00028444",,"IBGE","Camara, P.S.","92","Native","1991","Wanderley, M.G.L.","2010","Ouro","Prata","jbrj-public.s3-sa-east-1.amazonaws.com/fsi/server?type=image&source=DZI/ibge/ibge/0/2/84/44/ibge00028444.dzi","Brasília","Fazenda Água Limpa, FAL, UNB, na região do Olho D´Água da Onça. Folha: SD-23-Y-C. Coordenada calculada."
"ÁREA DE RELEVANTE INTERESSE ECOLÓGICO CAPETINGA/TAQUARA","Angiosperms","Celastraceae","Tontelea","micrantha","(Mart.) A.C. Sm.","CELASTRACEAE Tontelea micrantha (Mart.) A.C. Sm.","IBGE00029041",,"IBGE","Pereira, B.A.S.","2028","Native","1991","Lombardi, J.A.","2007","Ouro","Prata","jbrj-public.s3-sa-east-1.amazonaws.com/fsi/server?type=image&source=DZI/ibge/ibge/0/2/90/41/ibge00029041.dzi","Brasília","Fazenda Água Limpa - UnB. Folha: SD-23-Y-C. Coordenada calculada."
"ÁREA DE RELEVANTE INTERESSE ECOLÓGICO CAPETINGA/TAQUARA","Angiosperms","Asteraceae","Lepidaploa","rufogrisea","(A.St.-Hil.) H.Rob.","ASTERACEAE Lepidaploa rufogrisea (A.St.-Hil.) H.Rob.","IBGE00028424",,"IBGE","Camara, P.S.","93","Native","1991","Rivera, V.L.","2003","Ouro","Prata","jbrj-public.s3-sa-east-1.amazonaws.com/fsi/server?type=image&source=DZI/ibge/ibge/0/2/84/24/ibge00028424.dzi","Brasília","Fazenda Água Limpa, FAL, UnB, perto da Região do Olho D´água da Onça."
"ÁREA DE RELEVANTE INTERESSE ECOLÓGICO CAPETINGA/TAQUARA","Angiosperms","Asteraceae","Acanthospermum","australe","(Loefl.) Kuntze","ASTERACEAE Acanthospermum australe (Loefl.) Kuntze","IBGE00028438",,"IBGE","Camara, P.S.","96","Native","1991","Barroso, G.M.","1992","Ouro","Prata","jbrj-public.s3-sa-east-1.amazonaws.com/fsi/server?type=image&source=DZI/ibge/ibge/0/2/84/38/ibge00028438.dzi","Brasília","Fazenda Água Limpa, FAL, UnB, perto da região do Olho D´água da Onça."
"ÁREA DE RELEVANTE INTERESSE ECOLÓGICO CAPETINGA/TAQUARA","Angiosperms","Myrtaceae","Eugenia","piloensis","Cambess.","MYRTACEAE Eugenia piloensis Cambess.","IBGE00028565",,"IBGE","Pereira, B.A.S.","1683","Native","1991","Proenca, C.","1992","Ouro","Prata","jbrj-public.s3-sa-east-1.amazonaws.com/fsi/server?type=image&source=DZI/ibge/ibge/0/2/85/65/ibge00028565.dzi","Brasília","Fazenda Água Limpa (UnB). Bacia do córrego Taquara. Coordenada calculada."
"ÁREA DE RELEVANTE INTERESSE ECOLÓGICO CAPETINGA/TAQUARA","Angiosperms","Iridaceae","Sisyrinchium","weirii","Baker","IRIDACEAE Sisyrinchium weirii Baker","IBGE00025148",,"IBGE","Alvarenga, D.","539","Native","1990","Eggers, L.","2016","Ouro","Prata","jbrj-public.s3-sa-east-1.amazonaws.com/fsi/server?type=image&source=DZI/ibge/ibge/0/2/51/48/ibge00025148.dzi","Brasília","Fazenda Água Limpa, UnB. Folha: SD-23-Y-C."
"ÁREA DE RELEVANTE INTERESSE ECOLÓGICO CAPETINGA/TAQUARA","Angiosperms","Orchidaceae","Cleistes","paranaensis","(Barb.Rodr.) Schltr.","ORCHIDACEAE Cleistes paranaensis (Barb.Rodr.) Schltr.","IBGE00025123",,"IBGE","Alvarenga, D.","588","Native","1990","Batista, J.A.N.","2014","Ouro","Prata","jbrj-public.s3-sa-east-1.amazonaws.com/fsi/server?type=image&source=DZI/ibge/ibge/0/2/51/23/ibge00025123.dzi","Brasília","Fazenda Água Limpa. UnB."
"ÁREA DE RELEVANTE INTERESSE ECOLÓGICO CAPETINGA/TAQUARA","Angiosperms","Calophyllaceae","Kielmeyera","coriacea","Mart. & Zucc.","CALOPHYLLACEAE Kielmeyera coriacea Mart. & Zucc.","IBGE00025092",,"IBGE","Alvarenga, D.","547","Native","1990","Trad, R.J.","2012","Ouro","Prata","jbrj-public.s3-sa-east-1.amazonaws.com/fsi/server?type=image&source=DZI/ibge/ibge/0/2/50/92/ibge00025092.dzi","Brasília","Fazenda Água Limpa, UnB. Local queimado."
"ÁREA DE RELEVANTE INTERESSE ECOLÓGICO CAPETINGA/TAQUARA","Angiosperms","Primulaceae","Cybianthus","gardneri","(A.DC.) G.Agostini","PRIMULACEAE Cybianthus gardneri (A.DC.) G.Agostini","IBGE00026609",,"IBGE","Pereira, B.A.S.","1429","Native","1990","Jung-Mendacolli, S.L.","2008","Ouro","Prata","jbrj-public.s3-sa-east-1.amazonaws.com/fsi/server?type=image&source=DZI/ibge/ibge/0/2/66/9/ibge00026609.dzi","Brasília","Área de Proteção Ambiental Gama e Cabeça de Veado, Fazenda Água Limpa, UnB; folha SD-23-Y-C."
"ÁREA DE RELEVANTE INTERESSE ECOLÓGICO CAPETINGA/TAQUARA","Angiosperms","Primulaceae","Myrsine","guianensis","(Aubl.) Kuntze","PRIMULACEAE Myrsine guianensis (Aubl.) Kuntze","IBGE00027397",,"IBGE","Mendes, I.C.A.","78","Native","1990","Jung-Mendacolli, S.L.","2008","Ouro","Prata","jbrj-public.s3-sa-east-1.amazonaws.com/fsi/server?type=image&source=DZI/ibge/ibge/0/2/73/97/ibge00027397.dzi","Brasília","Fazenda Água Limpa (UnB). Folha SD-23-Y-C Coordenada calculada."
"ÁREA DE RELEVANTE INTERESSE ECOLÓGICO CAPETINGA/TAQUARA","Angiosperms","Turneraceae","Turnera","lamiifolia","Cambess.","TURNERACEAE Turnera lamiifolia Cambess.","IBGE00025118",,"IBGE","Alvarenga, D.","590 A","Native","1990","Arbo, M.M.","2008","Ouro","Prata","jbrj-public.s3-sa-east-1.amazonaws.com/fsi/server?type=image&source=DZI/ibge/ibge/0/2/51/18/ibge00025118.dzi","Brasília","Fazenda Água Limpa, UnB. Folha: SD-23-Y-C"
"ÁREA DE RELEVANTE INTERESSE ECOLÓGICO CAPETINGA/TAQUARA","Angiosperms","Turneraceae","Turnera","purpurascens","Arbo","TURNERACEAE Turnera purpurascens Arbo","IBGE00071782",,"IBGE","Alvarenga, D.","590 B","Native","1990","Arbo, M.M.","2007","Ouro","Prata","jbrj-public.s3-sa-east-1.amazonaws.com/fsi/server?type=image&source=DZI/ibge/ibge/0/7/17/82/ibge00071782.dzi","Brasília","Fazenda Àgua Limpa, UNB. Folha: SD-23-Y-C"
"ÁREA DE RELEVANTE INTERESSE ECOLÓGICO CAPETINGA/TAQUARA","Angiosperms","Poaceae","Paspalum","urvillei","Steud.","POACEAE Paspalum urvillei Steud.","IBGE00025134",,"IBGE","Alvarenga, D.","583","Native","1990","Oliveira, R.C.","2004","Ouro","Prata","jbrj-public.s3-sa-east-1.amazonaws.com/fsi/server?type=image&source=DZI/ibge/ibge/0/2/51/34/ibge00025134.dzi","Brasília","Fazenda Água Limpa, UnB."
"ÁREA DE RELEVANTE INTERESSE ECOLÓGICO CAPETINGA/TAQUARA","Angiosperms","Annonaceae","Annona","warmingiana","Mello-Silva & Pirani","ANNONACEAE Annona warmingiana Mello-Silva & Pirani","IBGE00025252",,"IBGE","Pereira, B.A.S.","553","Native","1990","Pontes, A.F.","2003","Ouro","Prata","jbrj-public.s3-sa-east-1.amazonaws.com/fsi/server?type=image&source=DZI/ibge/ibge/0/2/52/52/ibge00025252.dzi","Brasília","Fazenda Água Limpa, UnB."
"ÁREA DE RELEVANTE INTERESSE ECOLÓGICO CAPETINGA/TAQUARA","Angiosperms","Asteraceae","Lessingianthus","virgulatus","(Mart. ex DC.) H.Rob.","ASTERACEAE Lessingianthus virgulatus (Mart. ex DC.) H.Rob.","IBGE00026977",,"IBGE","Azevedo, M.L.M.","898","Native","1990","Rivera, V.L.","2003","Ouro","Prata","jbrj-public.s3-sa-east-1.amazonaws.com/fsi/server?type=image&source=DZI/ibge/ibge/0/2/69/77/ibge00026977.dzi","Brasília","Fazenda Água Limpa - FAL. UnB. Foto:15. Faixa:22. Ponto SN-03/09. Área queimada recentemente."
"ÁREA DE RELEVANTE INTERESSE ECOLÓGICO CAPETINGA/TAQUARA","Angiosperms","Polygonaceae","Fagopyrum","esculentum","Moench","POLYGONACEAE Fagopyrum esculentum Moench","IBGE00026000",,"IBGE","Leuwemberg, F.","264","Native","1990","Melo, E.","2003","Ouro","Prata","jbrj-public.s3-sa-east-1.amazonaws.com/fsi/server?type=image&source=DZI/ibge/ibge/0/2/60/0/ibge00026000.dzi","Brasília","Folha Cartográfica SD-23-Y-C Coordenada Coletada. Fazenda Água Limpa - FAL -UnB"
"ÁREA DE RELEVANTE INTERESSE ECOLÓGICO CAPETINGA/TAQUARA","Angiosperms","Vochysiaceae","Vochysia","thyrsoidea","Pohl","VOCHYSIACEAE Vochysia thyrsoidea Pohl","IBGE00027399",,"IBGE","Costa, I.","77","Native","1990","Franca, F.","2003","Ouro","Prata","jbrj-public.s3-sa-east-1.amazonaws.com/fsi/server?type=image&source=DZI/ibge/ibge/0/2/73/99/ibge00027399.dzi","Brasília","Fazenda Água Limpa. Folha: SD-23-Y-C. Coordenada calculada."
"ÁREA DE RELEVANTE INTERESSE ECOLÓGICO CAPETINGA/TAQUARA","Angiosperms","Cyperaceae","Bulbostylis","paradoxa","(Spreng.) Lindm.","CYPERACEAE Bulbostylis paradoxa (Spreng.) Lindm.","IBGE00025253",,"IBGE","Alvarenga, D.","560","Native","1990","Prata, A.P.","2002","Ouro","Prata","jbrj-public.s3-sa-east-1.amazonaws.com/fsi/server?type=image&source=DZI/ibge/ibge/0/2/52/53/ibge00025253.dzi","Brasília","Fazenda Água Limpa, UnB. Cerrado queimado."
"ÁREA DE RELEVANTE INTERESSE ECOLÓGICO CAPETINGA/TAQUARA","Angiosperms","Piperaceae","Peperomia","loxensis","Kunth","PIPERACEAE Peperomia loxensis Kunth","IBGE00026635",,"IBGE","Pereira, B.A.S.","1432","Native","1990","Silva, M.C.","2002","Ouro","Prata","jbrj-public.s3-sa-east-1.amazonaws.com/fsi/server?type=image&source=DZI/ibge/ibge/0/2/66/35/ibge00026635.dzi","Brasília","Corrego Taquara. APA Gama e Cabeça de Veado. Folha Cartográfica SD-23-Y-C Coordenada Calculada. Fazenda Água Limpa. UnB"
"ÁREA DE RELEVANTE INTERESSE ECOLÓGICO CAPETINGA/TAQUARA","Angiosperms","Rutaceae","Esenbeckia","pumila","Pohl","RUTACEAE Esenbeckia pumila Pohl","IBGE00025412",,"IBGE","Azevedo, M.L.M.","463","Native","1990","Groppo Junior, M.","2002","Ouro","Prata","jbrj-public.s3-sa-east-1.amazonaws.com/fsi/server?type=image&source=DZI/ibge/ibge/0/2/54/12/ibge00025412.dzi","Brasília","Fazenda Água Limpa/UnB. Folha Cartográfica SD-23-Y-C. Coordenada coletada."
"ÁREA DE RELEVANTE INTERESSE ECOLÓGICO CAPETINGA/TAQUARA","Angiosperms","Rutaceae","Spiranthera","odoratissima","A.St.-Hil.","RUTACEAE Spiranthera odoratissima A.St.-Hil.","IBGE00025520",,"IBGE","Azevedo, M.L.M.","472","Naturalized","1990","Groppo Junior, M.","2002","Ouro","Prata","jbrj-public.s3-sa-east-1.amazonaws.com/fsi/server?type=image&source=DZI/ibge/ibge/0/2/55/20/ibge00025520.dzi","Brasília","Fazenda Água Limpa/UnB. Folha Cartográfica SD-23-Y-C. Coordenada coletada."
"ÁREA DE RELEVANTE INTERESSE ECOLÓGICO CAPETINGA/TAQUARA",,"Fabaceae","Chamaecrista","pohliana","(Benth.) H.S.Irwin & Barneby","FABACEAE Chamaecrista pohliana (Benth.) H.S.Irwin & Barneby","IBGE00025146",,"IBGE","Alvarenga, D.","530",,"1990","Scalon, V.R.","2001","Ouro","Prata","jbrj-public.s3-sa-east-1.amazonaws.com/fsi/server?type=image&source=DZI/ibge/ibge/0/2/51/46/ibge00025146.dzi","Brasília","Fazenda Água Limpa, UnB."
"ÁREA DE RELEVANTE INTERESSE ECOLÓGICO CAPETINGA/TAQUARA","Angiosperms","Poaceae","Andropogon","lateralis","(Trin. ex Hack.) A.Zanin","POACEAE Andropogon lateralis subsp. cryptopus (Trin. ex Hack.) A.Zanin","IBGE00025124",,"IBGE","Alvarenga, D.","545","Native","1990","Zanin, A.","2001","Ouro","Prata","jbrj-public.s3-sa-east-1.amazonaws.com/fsi/server?type=image&source=DZI/ibge/ibge/0/2/51/24/ibge00025124.dzi","Brasília","Fazenda Água Limpa, UnB. Folha: SD-23-Y-C."
"ÁREA DE RELEVANTE INTERESSE ECOLÓGICO CAPETINGA/TAQUARA","Angiosperms","Fabaceae","Chamaecrista","crommyotricha","(Harms) H.S.Irwin & Barneby","FABACEAE Chamaecrista crommyotricha (Harms) H.S.Irwin & Barneby","IBGE00027248",,"IBGE","Brochado, A.L.","85","Native","1990","Scalon, V.R.","2000","Ouro","Prata","jbrj-public.s3-sa-east-1.amazonaws.com/fsi/server?type=image&source=DZI/ibge/ibge/0/2/72/48/ibge00027248.dzi","Brasília","Fazenda Água Limpa, UnB. Coordenada calculada. Folha: SD-23-Y-C"
"ÁREA DE RELEVANTE INTERESSE ECOLÓGICO CAPETINGA/TAQUARA","Angiosperms","Rubiaceae","Declieuxia","oenanthoides","Mart. & Zucc. ex Schult. & Schult.f.","RUBIACEAE Declieuxia oenanthoides Mart. & Zucc. ex Schult. & Schult.f.","IBGE00025099",,"IBGE","Alvarenga, D.","533","Native","1990","Delprete, P.G.","2000","Ouro","Prata","jbrj-public.s3-sa-east-1.amazonaws.com/fsi/server?type=image&source=DZI/ibge/ibge/0/2/50/99/ibge00025099.dzi","Brasília","Fazenda Água Limpa, UnB. Folha: SD-23-Y-C."
"ÁREA DE RELEVANTE INTERESSE ECOLÓGICO CAPETINGA/TAQUARA","Angiosperms","Vitaceae","Cissus","campestris","(Baker) Planch.","VITACEAE Cissus campestris (Baker) Planch.","IBGE00025269",,"IBGE","Alvarenga, D.","564","Native","1990","Lombardi, J.A.","2000","Ouro","Prata","jbrj-public.s3-sa-east-1.amazonaws.com/fsi/server?type=image&source=DZI/ibge/ibge/0/2/52/69/ibge00025269.dzi","Brasília","Fazenda Água Limpa, UnB. Folha: SD-23-Y-C."
"ÁREA DE RELEVANTE INTERESSE ECOLÓGICO CAPETINGA/TAQUARA","Angiosperms","Malpighiaceae","Banisteriopsis","campestris","(A.Juss.) Little","MALPIGHIACEAE Banisteriopsis campestris (A.Juss.) Little","IBGE00025519",,"IBGE","Azevedo, M.L.M.","466","Native","1990","Mamede, M.C.","1999","Ouro","Prata","jbrj-public.s3-sa-east-1.amazonaws.com/fsi/server?type=image&source=DZI/ibge/ibge/0/2/55/19/ibge00025519.dzi","Brasília","Fazenda Água Limpa/UnB. Folha Cartográfica SD-23-Y-C. Coordenada coletada."
"ÁREA DE RELEVANTE INTERESSE ECOLÓGICO CAPETINGA/TAQUARA","Angiosperms","Chrysobalanaceae","Parinari","obtusifolia","Hook.f.","CHRYSOBALANACEAE Parinari obtusifolia Hook.f.","IBGE00025267",,"IBGE","Alvarenga, D.","554","Native","1990","Prance, G.T.","1993","Ouro","Prata","jbrj-public.s3-sa-east-1.amazonaws.com/fsi/server?type=image&source=DZI/ibge/ibge/0/2/52/67/ibge00025267.dzi","Brasília","Fazenda Água Limpa, UnB."
"ÁREA DE RELEVANTE INTERESSE ECOLÓGICO CAPETINGA/TAQUARA","Angiosperms","Orchidaceae","Epistephium","sclerophyllum","Lindl.","ORCHIDACEAE Epistephium sclerophyllum Lindl.","IBGE00025734",,"IBGE","Alvarenga, D.","660","Native","1990","Batista, J.A.N.","1993","Ouro","Prata","jbrj-public.s3-sa-east-1.amazonaws.com/fsi/server?type=image&source=DZI/ibge/ibge/0/2/57/34/ibge00025734.dzi","Brasília","Fazenda Água Limpa. Folha: SD-23-Y-C. Coordenada calculada."
"ÁREA DE RELEVANTE INTERESSE ECOLÓGICO CAPETINGA/TAQUARA","Angiosperms","Amaranthaceae","Gomphrena","virgata","Mart.","AMARANTHACEAE Gomphrena virgata Mart.","IBGE00027003",,"IBGE","Azevedo, M.L.M.","895","Native","1990","Pedersen, T.M.","1992","Ouro","Prata","jbrj-public.s3-sa-east-1.amazonaws.com/fsi/server?type=image&source=DZI/ibge/ibge/0/2/70/3/ibge00027003.dzi","Brasília","Fazenda Água Limpa. UnB. Foto 15. Faixa 22. Ponto 03/09. Cerrado queimado recentemente."
"ÁREA DE RELEVANTE INTERESSE ECOLÓGICO CAPETINGA/TAQUARA","Angiosperms","Amaranthaceae","Pfaffia","denudata","(Moq.) Kuntze","AMARANTHACEAE Pfaffia denudata (Moq.) Kuntze","IBGE00026354",,"IBGE","Azevedo, M.L.M.","863","Native","1990","Pedersen, T.M.","1992","Ouro","Prata","jbrj-public.s3-sa-east-1.amazonaws.com/fsi/server?type=image&source=DZI/ibge/ibge/0/2/63/54/ibge00026354.dzi","Brasília","Fazenda Água Limpa. UnB. Cabeceira do córrego Sem Nome. Foto 13, Faixza 22, Ponto: SN-27/08. Topo de morro."
"ÁREA DE RELEVANTE INTERESSE ECOLÓGICO CAPETINGA/TAQUARA","Angiosperms","Apocynaceae","Mandevilla","velame","(A.St.-Hil.) Pichon","APOCYNACEAE Mandevilla velame (A.St.-Hil.) Pichon","IBGE00025108",,"IBGE","Alvarenga, D.","574","Native","1990","Ezcurra, C.","1992","Ouro","Prata","jbrj-public.s3-sa-east-1.amazonaws.com/fsi/server?type=image&source=DZI/ibge/ibge/0/2/51/8/ibge00025108.dzi","Brasília","Fazenda Água Limpa, UnB. Folha cartográfica SD-23-Y-C"
"ÁREA DE RELEVANTE INTERESSE ECOLÓGICO CAPETINGA/TAQUARA","Angiosperms","Poaceae","Oedochloa","camporum","(Swallen) C.Silva & R.P.Oliveira","POACEAE Oedochloa camporum (Swallen) C.Silva & R.P.Oliveira","IBGE00025127",,"IBGE","Alvarenga, D.","548","Native","1990","Zuloaga, F.O.","1992","Ouro","Prata","jbrj-public.s3-sa-east-1.amazonaws.com/fsi/server?type=image&source=DZI/ibge/ibge/0/2/51/27/ibge00025127.dzi","Brasília","Fazenda Água Limpa, UnB. Folha: SD-23-Y-C."
"ÁREA DE RELEVANTE INTERESSE ECOLÓGICO CAPETINGA/TAQUARA","Angiosperms","Poaceae","Trichanthecium","pseudisachne","(Mez) Zuloaga & Morrone","POACEAE Trichanthecium pseudisachne (Mez) Zuloaga & Morrone","IBGE00025139",,"IBGE","Alvarenga, D.","579","Native","1990","Rugolo, Z.","1992","Ouro","Prata","jbrj-public.s3-sa-east-1.amazonaws.com/fsi/server?type=image&source=DZI/ibge/ibge/0/2/51/39/ibge00025139.dzi","Brasília","Fazenda Água Limpa, UnB."
"ÁREA DE RELEVANTE INTERESSE ECOLÓGICO CAPETINGA/TAQUARA","Angiosperms","Fabaceae","Lupinus","velutinus","Benth.","FABACEAE Lupinus velutinus Benth.","IBGE00025111",,"IBGE","Alvarenga, D.","573","Native","1990","Monteiro, R.","1991","Ouro","Prata","jbrj-public.s3-sa-east-1.amazonaws.com/fsi/server?type=image&source=DZI/ibge/ibge/0/2/51/11/ibge00025111.dzi","Brasília","Fazenda Água Limpa, UnB. Área queimada. Folha: SD-23-Y-C."
"ÁREA DE RELEVANTE INTERESSE ECOLÓGICO CAPETINGA/TAQUARA","Angiosperms","Amaranthaceae","Gomphrena","arborescens","L.f.","AMARANTHACEAE Gomphrena arborescens L.f.","IBGE00025113",,"IBGE","Alvarenga, D.","575","Native","1990","Siqueira, J.C.","1990","Ouro","Prata","jbrj-public.s3-sa-east-1.amazonaws.com/fsi/server?type=image&source=DZI/ibge/ibge/0/2/51/13/ibge00025113.dzi","Brasília","Fazenda Água Limpa, UnB. Queimado."
"ÁREA DE RELEVANTE INTERESSE ECOLÓGICO CAPETINGA/TAQUARA","Angiosperms","Asteraceae","Campuloclinium","megacephalum","(Mart. ex Baker) R.M.King & H.Rob.","ASTERACEAE Campuloclinium megacephalum (Mart. ex Baker) R.M.King & H.Rob.","IBGE00025104",,"IBGE","Alvarenga, D.","537","Native","1990","Robinson, H.","1990","Ouro","Prata","jbrj-public.s3-sa-east-1.amazonaws.com/fsi/server?type=image&source=DZI/ibge/ibge/0/2/51/4/ibge00025104.dzi","Brasília","Fazenda Água Limpa, UnB. Cerrado queimado."
"ÁREA DE RELEVANTE INTERESSE ECOLÓGICO CAPETINGA/TAQUARA","Angiosperms","Euphorbiaceae","Acalypha","claussenii","(Turcz.) Müll.Arg.","EUPHORBIACEAE Acalypha claussenii (Turcz.) Müll.Arg.","IBGE00025270",,"IBGE","Alvarenga, D.","565","Native","1990","Webster, G.L.","1990","Ouro","Prata","jbrj-public.s3-sa-east-1.amazonaws.com/fsi/server?type=image&source=DZI/ibge/ibge/0/2/52/70/ibge00025270.dzi","Brasília","Fazenda Água Limpa, UnB."
"ÁREA DE RELEVANTE INTERESSE ECOLÓGICO CAPETINGA/TAQUARA","Angiosperms","Euphorbiaceae","Croton","abaitensis","Baill.","EUPHORBIACEAE Croton abaitensis Baill.","IBGE00025149",,"IBGE","Alvarenga, D.","541","Native","1990","Webster, G.L.","1990","Ouro","Prata","jbrj-public.s3-sa-east-1.amazonaws.com/fsi/server?type=image&source=DZI/ibge/ibge/0/2/51/49/ibge00025149.dzi","Brasília","Fazenda Água Limpa, UnB."
"ÁREA DE RELEVANTE INTERESSE ECOLÓGICO CAPETINGA/TAQUARA","Angiosperms","Euphorbiaceae","Dalechampia","caperonioides","Baill.","EUPHORBIACEAE Dalechampia caperonioides Baill.","IBGE00025306",,"IBGE","Alvarenga, D.","551","Native","1990","Webster, G.L.","1990","Ouro","Prata","jbrj-public.s3-sa-east-1.amazonaws.com/fsi/server?type=image&source=DZI/ibge/ibge/0/2/53/6/ibge00025306.dzi","Brasília","Fazenda Água Limpa. UnB."
"ÁREA DE RELEVANTE INTERESSE ECOLÓGICO CAPETINGA/TAQUARA","Angiosperms","Fabaceae","Cerradicola","grewiifolia","(Benth.) L.P.Queiroz","FABACEAE Cerradicola grewiifolia (Benth.) L.P.Queiroz","IBGE00025419",,"IBGE","Azevedo, M.L.M.","464","Native","1990","Barneby, R.","1990","Ouro","Prata","jbrj-public.s3-sa-east-1.amazonaws.com/fsi/server?type=image&source=DZI/ibge/ibge/0/2/54/19/ibge00025419.dzi","Brasília","Fazenda Água Limpa/UnB. Folha Cartográfica SD-23-Y-C. Coordenada coletada."
"ÁREA DE RELEVANTE INTERESSE ECOLÓGICO CAPETINGA/TAQUARA","Angiosperms","Poaceae","Setaria","parviflora","(Poir.) Kerguélen","POACEAE Setaria parviflora (Poir.) Kerguélen","IBGE00025128",,"IBGE","Alvarenga, D.","566","Native","1990","Filgueiras, T.S.","1990","Ouro","Prata","jbrj-public.s3-sa-east-1.amazonaws.com/fsi/server?type=image&source=DZI/ibge/ibge/0/2/51/28/ibge00025128.dzi","Brasília","Fazenda Água Limpa, UnB."
"ÁREA DE RELEVANTE INTERESSE ECOLÓGICO CAPETINGA/TAQUARA","Angiosperms","Velloziaceae","Barbacenia","flavida","Goethart & Henrard","VELLOZIACEAE Barbacenia flavida Goethart & Henrard","IBGE00026733",,"IBGE","Alvarenga, D.","709","Native","1990","Mello-Silva, R.","1990","Ouro","Prata","jbrj-public.s3-sa-east-1.amazonaws.com/fsi/server?type=image&source=DZI/ibge/ibge/0/2/67/33/ibge00026733.dzi","Brasília","Área do Capetinga. Fazenda Água Limpa. UnB. Folha: SD-23-Y-C. Coordenada calculada."
"ÁREA DE RELEVANTE INTERESSE ECOLÓGICO CAPETINGA/TAQUARA","Angiosperms","Malpighiaceae","Mascagnia","cordifolia","(A.Juss.) Griseb.","MALPIGHIACEAE Mascagnia cordifolia (A.Juss.) Griseb.","IBGE00023736",,"IBGE","Pereira Neto, M.","368","Native","1989","Mamede, M.C.H.","2016","Ouro","Prata","jbrj-public.s3-sa-east-1.amazonaws.com/fsi/server?type=image&source=DZI/ibge/ibge/0/2/37/36/ibge00023736.dzi","Brasília","Distrito Federal. Fazenda Água Limpa/UNB. Mata ciliar do córrego Olho dagua da Onça. Folha Cartográfica SD-23-Y-C Coordenada Coletada."
"ÁREA DE RELEVANTE INTERESSE ECOLÓGICO CAPETINGA/TAQUARA","Angiosperms","Hypericaceae","Vismia","gracilis","Hieron.","HYPERICACEAE Vismia gracilis Hieron.","IBGE00023653",,"IBGE","Pereira Neto, M.","375","Native","1989","Robson, N.K.B.","2013","Ouro","Prata","jbrj-public.s3-sa-east-1.amazonaws.com/fsi/server?type=image&source=DZI/ibge/ibge/0/2/36/53/ibge00023653.dzi","Brasília","Fazenda Água Limpa/UnB. Córrego Olho D´ água da Onça."
"ÁREA DE RELEVANTE INTERESSE ECOLÓGICO CAPETINGA/TAQUARA","Angiosperms","Arecaceae","Allagoptera","robusta","R.C.Martins & Filg.","ARECACEAE Allagoptera robusta R.C.Martins & Filg.","CEN00073388",,"CEN","Scariot, A.O.","549","Native","1989","Martins, R.C.","2012","Ouro","Prata","jbrj-public.s3.amazonaws.com/fsi/server?type=image&source=DZI/cen/cen/0/7/33/88/cen00073388-1.dzi|jbrj-public.s3.amazonaws.com/fsi/server?type=image&source=DZI/cen/cen/0/7/33/88/cen00073388.dzi","Brasília","Fazenda Água Limpa (UnB)."
"ÁREA DE RELEVANTE INTERESSE ECOLÓGICO CAPETINGA/TAQUARA","Angiosperms","Rubiaceae","Palicourea","trichophora","(Müll. Arg.) Delprete & J.H.Kirkbr.","RUBIACEAE Palicourea trichophora (Müll. Arg.) Delprete & J.H.Kirkbr.","IBGE00027503",,"IBGE","Dias, B.J.","144","Native","1989","Delprete, P.G.","2012","Ouro","Prata","jbrj-public.s3-sa-east-1.amazonaws.com/fsi/server?type=image&source=DZI/ibge/ibge/0/2/75/3/ibge00027503.dzi","Brasília","Fazenda Água Limpa - UnB. Ribeirão do Gama. Folha: SD-23-Y-C."
"ÁREA DE RELEVANTE INTERESSE ECOLÓGICO CAPETINGA/TAQUARA","Angiosperms","Arecaceae","Geonoma","brevispatha","Barb.Rodr.","ARECACEAE Geonoma brevispatha Barb.Rodr.","IBGE00023864",,"IBGE","Alvarenga, D.","344","Native","1989","Martins, R.C.","2011","Ouro","Prata","jbrj-public.s3-sa-east-1.amazonaws.com/fsi/server?type=image&source=DZI/ibge/ibge/0/2/38/64/ibge00023864.dzi|jbrj-public.s3-sa-east-1.amazonaws.com/fsi/server?type=image&source=DZI/ibge/ibge/0/2/38/64/ibge00023864_1.dzi","Brasília","Fazenda Água Limpa. FAL-UNB. Córrego Olho dÁgua da Onça. Folha: SD-23-Y-C. Coordenada Coletada."
"ÁREA DE RELEVANTE INTERESSE ECOLÓGICO CAPETINGA/TAQUARA","Angiosperms","Symplocaceae","Symplocos","oblongifolia","Casar.","SYMPLOCACEAE Symplocos oblongifolia Casar.","IBGE00023757",,"IBGE","Alvarenga, D.","327","Native","1989","Aranha Filho, J.L.M.","2009","Ouro","Prata","jbrj-public.s3-sa-east-1.amazonaws.com/fsi/server?type=image&source=DZI/ibge/ibge/0/2/37/57/ibge00023757.dzi","Brasília","Fazenda Água Limpa. UnB. Mata Ciliar do Córrego Olho D´água da Onça. Folha: SD-23-Y-C."
"ÁREA DE RELEVANTE INTERESSE ECOLÓGICO CAPETINGA/TAQUARA","Angiosperms","Asteraceae","Chromolaena","stachyophylla","(Spreng.) R.M.King & H.Rob.","ASTERACEAE Chromolaena stachyophylla (Spreng.) R.M.King & H.Rob.","IBGE00025277",,"IBGE","Alvarenga, D.","524","Native","1989","Esteves, R.","2007","Ouro","Prata","jbrj-public.s3-sa-east-1.amazonaws.com/fsi/server?type=image&source=DZI/ibge/ibge/0/2/52/77/ibge00025277.dzi","Brasília","Fazenda Água Limpa, UnB."
"ÁREA DE RELEVANTE INTERESSE ECOLÓGICO CAPETINGA/TAQUARA","Angiosperms","Fabaceae","Tachigali","rubiginosa","(Mart. ex Tul.) Oliveira-Filho","FABACEAE Tachigali rubiginosa (Mart. ex Tul.) Oliveira-Filho","IBGE00023738",,"IBGE","Pereira Neto, M.","369","Native","1989","Lima, H.C.","2007","Ouro","Prata","jbrj-public.s3-sa-east-1.amazonaws.com/fsi/server?type=image&source=DZI/ibge/ibge/0/2/37/38/ibge00023738.dzi","Brasília","Fazenda Água Limpa/UnB. Folha Cartográfica SD-23-Y-C."
"ÁREA DE RELEVANTE INTERESSE ECOLÓGICO CAPETINGA/TAQUARA","Angiosperms","Malpighiaceae","Byrsonima","coccolobifolia","Kunth","MALPIGHIACEAE Byrsonima coccolobifolia Kunth","IBGE00025449",,"IBGE","Azevedo, M.L.M.","457","Native","1989","Mamede, M.C.H.","2007","Ouro","Prata","jbrj-public.s3-sa-east-1.amazonaws.com/fsi/server?type=image&source=DZI/ibge/ibge/0/2/54/49/ibge00025449.dzi","Brasília","Fazenda Água Limpa/UnB. Folha Cartográfica SD-23-Y-C. Coordenada coletada."
"ÁREA DE RELEVANTE INTERESSE ECOLÓGICO CAPETINGA/TAQUARA","Angiosperms","Asteraceae","Mikania","psilostachya","DC.","ASTERACEAE Mikania psilostachya DC.","IBGE00023764",,"IBGE","Alvarenga, D.","335","Native","1989","Ritter, M.R.","2005","Ouro","Prata","jbrj-public.s3-sa-east-1.amazonaws.com/fsi/server?type=image&source=DZI/ibge/ibge/0/2/37/64/ibge00023764.dzi","Brasília","Fazenda Água Limpa. UnB. Mata ciliar do córrego Olho d´água da Onça. Folha cartográfica: SD-23-Y-C"
"ÁREA DE RELEVANTE INTERESSE ECOLÓGICO CAPETINGA/TAQUARA","Angiosperms","Poaceae","Hildaea","ruprechtii","(Döll) C.Silva & R.P.Oliveira","POACEAE Hildaea ruprechtii (Döll) C.Silva & R.P.Oliveira","IBGE00023767",,"IBGE","Alvarenga, D.","339","Native","1989","Boechat, S.C.","2004","Ouro","Prata","jbrj-public.s3-sa-east-1.amazonaws.com/fsi/server?type=image&source=DZI/ibge/ibge/0/2/37/67/ibge00023767.dzi","Brasília","Fazenda Água Limpa. FAL-UNB. Córrego Olho dÁgua da Onça. Folha Cartográfica: SD-23-Y-C. Coordenada Coletada."
"ÁREA DE RELEVANTE INTERESSE ECOLÓGICO CAPETINGA/TAQUARA","Angiosperms","Vochysiaceae","Vochysia","pumila","Pohl","VOCHYSIACEAE Vochysia pumila Pohl","IBGE00021963",,"IBGE","Azevedo, M.L.M.","200","Native","1989","Franca, F.","2004","Ouro","Prata","jbrj-public.s3-sa-east-1.amazonaws.com/fsi/server?type=image&source=DZI/ibge/ibge/0/2/19/63/ibge00021963.dzi","Brasília","Fazenda Água Limpa. Córrego Taquara/Gama - DF. Folha Cartográfica: SD-23-Y-C. Coordenada coletada."
"ÁREA DE RELEVANTE INTERESSE ECOLÓGICO CAPETINGA/TAQUARA","Angiosperms","Annonaceae","Guatteria","sellowiana","Schltdl.","ANNONACEAE Guatteria sellowiana Schltdl.","IBGE00025650",,"IBGE","Violatti, L.G.","4","Native","1989","Pontes, A.F.","2003","Ouro","Prata","jbrj-public-img.s3-sa-east-1.amazonaws.com/JPG/ibge/ibge/0/2/56/50/ibge00025650.jpg","Brasília","Vargem Bonita; Fazenda Água Limpa. Universidade de Brasília. Mata do Gama. APA Gama Cabeça de Veado"
"ÁREA DE RELEVANTE INTERESSE ECOLÓGICO CAPETINGA/TAQUARA","Angiosperms","Lauraceae","Ocotea","spixiana","(Nees) Mez","LAURACEAE Ocotea spixiana (Nees) Mez","IBGE00025651",,"IBGE","Violatti, L.G.","1","Native","1989","Baitello, J.B.","2000","Ouro","Prata","jbrj-public.s3-sa-east-1.amazonaws.com/fsi/server?type=image&source=DZI/ibge/ibge/0/2/56/51/ibge00025651.dzi","Brasília","Vargem Bonita. Fazenda Água Limpa. Universidade de Brasília. Mata do Gama. Linha 1. Parcela 3."
"ÁREA DE RELEVANTE INTERESSE ECOLÓGICO CAPETINGA/TAQUARA","Angiosperms","Lythraceae","Cuphea","spermacoce","A.St.-Hil.","LYTHRACEAE Cuphea spermacoce A.St.-Hil.","IBGE00025522",,"IBGE","Azevedo, M.L.M.","449","Native","1989","Cavalcanti, T.B.","2000","Ouro","Prata","jbrj-public.s3-sa-east-1.amazonaws.com/fsi/server?type=image&source=DZI/ibge/ibge/0/2/55/22/ibge00025522.dzi","Brasília","Fazenda Água Limpa/UnB. Folha Cartográfica SD-23-Y-C. Coordenada coletada."
"ÁREA DE RELEVANTE INTERESSE ECOLÓGICO CAPETINGA/TAQUARA","Angiosperms","Malvaceae","Byttneria","scalpellata","Pohl","MALVACEAE Byttneria scalpellata Pohl","IBGE00025445",,"IBGE","Azevedo, M.L.M.","443","Native","1989","Cristobal, C.L.","1997","Ouro","Prata","jbrj-public.s3-sa-east-1.amazonaws.com/fsi/server?type=image&source=DZI/ibge/ibge/0/2/54/45/ibge00025445.dzi","Brasília","Fazenda Água Limpa/UnB. Folha Cartográfica SD-23-Y-C. Coordenada coletada."
"ÁREA DE RELEVANTE INTERESSE ECOLÓGICO CAPETINGA/TAQUARA","Angiosperms","Fabaceae","Bauhinia","rufa","(Bong.) Steud.","FABACEAE Bauhinia rufa (Bong.) Steud.","IBGE00024395",,"IBGE","Pereira Neto, M.","360","Native","1989","Vaz, A.M.S.F.","1996","Ouro","Prata","jbrj-public.s3-sa-east-1.amazonaws.com/fsi/server?type=image&source=DZI/ibge/ibge/0/2/43/95/ibge00024395.dzi","Brasília","Fazenda Água Limpa. Córrego Olho d água da Onça. Folha: SD-23-Y-C."
"ÁREA DE RELEVANTE INTERESSE ECOLÓGICO CAPETINGA/TAQUARA","Angiosperms","Malpighiaceae","Byrsonima","verbascifolia","(L.) DC.","MALPIGHIACEAE Byrsonima verbascifolia (L.) DC.","IBGE00025281",,"IBGE","Alvarenga, D.","520","Native","1989","Mamede, M.C.H.","1993","Ouro","Prata","jbrj-public.s3-sa-east-1.amazonaws.com/fsi/server?type=image&source=DZI/ibge/ibge/0/2/52/81/ibge00025281.dzi","Brasília","Fazenda Água Limpa, UnB. Folha: SD-23-Y-C."
"ÁREA DE RELEVANTE INTERESSE ECOLÓGICO CAPETINGA/TAQUARA","Angiosperms","Moraceae","Ficus","broadwayi","Urb.","MORACEAE Ficus broadwayi Urb.","IBGE00023765",,"IBGE","Alvarenga, D.","337","Native","1989","Romaniuc Neto, S.","1993","Ouro","Prata","jbrj-public.s3-sa-east-1.amazonaws.com/fsi/server?type=image&source=DZI/ibge/ibge/0/2/37/65/ibge00023765.dzi","Brasília","Fazenda Água Limpa. FAL-UNB. Córrego Olho dÁgua da Onça. Folha Cartográfica: SD-23-Y-C. Coordenada Coletada."
"ÁREA DE RELEVANTE INTERESSE ECOLÓGICO CAPETINGA/TAQUARA","Angiosperms","Melastomataceae","Miconia","cuspidata","Naudin","MELASTOMATACEAE Miconia cuspidata Naudin","IBGE00023493",,"IBGE","Azevedo, M.L.M.","251","Native","1989","Munhoz, C.","1992","Ouro","Prata","jbrj-public.s3-sa-east-1.amazonaws.com/fsi/server?type=image&source=DZI/ibge/ibge/0/2/34/93/ibge00023493.dzi","Brasília","Fazenda Água Limpa - UnB. Córrego Olho D Água da Onça. Folha Cartográfica SD-23-Y-C. Coordenada coletada."
"ÁREA DE RELEVANTE INTERESSE ECOLÓGICO CAPETINGA/TAQUARA","Angiosperms","Annonaceae","Xylopia","sericea","A.St.-Hil.","ANNONACEAE Xylopia sericea A.St.-Hil.","IBGE00023740",,"IBGE","Pereira Neto, M.","371","Native","1989","Dias, M.C.","1990","Ouro","Prata","jbrj-public.s3-sa-east-1.amazonaws.com/fsi/server?type=image&source=DZI/ibge/ibge/0/2/37/40/ibge00023740.dzi","Brasília","Fazenda Água Limpa/UNB. Córrego Olho D´água da Onça."
"ÁREA DE RELEVANTE INTERESSE ECOLÓGICO CAPETINGA/TAQUARA","Angiosperms","Euphorbiaceae","Bernardia","hirsutissima","(Baill.) Müll.Arg.","EUPHORBIACEAE Bernardia hirsutissima (Baill.) Müll.Arg.","IBGE00025262",,"IBGE","Alvarenga, D.","513","Native","1989","Webster, G.L.","1990","Ouro","Prata","jbrj-public.s3-sa-east-1.amazonaws.com/fsi/server?type=image&source=DZI/ibge/ibge/0/2/52/62/ibge00025262.dzi","Brasília","Fazenda Água Limpa, UnB."
"ÁREA DE RELEVANTE INTERESSE ECOLÓGICO CAPETINGA/TAQUARA","Angiosperms","Fabaceae","Centrosema","bracteosum","Benth.","FABACEAE Centrosema bracteosum Benth.","IBGE00025426",,"IBGE","Azevedo, M.L.M.","446","Native","1989","Vaz, A.M.S.F.","1990","Ouro","Prata","jbrj-public.s3-sa-east-1.amazonaws.com/fsi/server?type=image&source=DZI/ibge/ibge/0/2/54/26/ibge00025426.dzi","Brasília","Fazenda Água Limpa/UnB. Folha Cartográfica SD-23-Y-C. Coordenada coletada."
"ÁREA DE RELEVANTE INTERESSE ECOLÓGICO CAPETINGA/TAQUARA","Angiosperms","Fabaceae","Mimosa","falcipinna","Benth.","FABACEAE Mimosa falcipinna Benth.","IBGE00025275",,"IBGE","Alvarenga, D.","502","Native","1989","Barneby, R.","1990","Ouro","Prata","jbrj-public.s3-sa-east-1.amazonaws.com/fsi/server?type=image&source=DZI/ibge/ibge/0/2/52/75/ibge00025275.dzi","Brasília","Fazenda Água Limpa, UnB. Folha: SD-23-Y-C."
"ÁREA DE RELEVANTE INTERESSE ECOLÓGICO CAPETINGA/TAQUARA","Angiosperms","Lauraceae","Ocotea","aciphylla","(Nees & Mart.) Mez","LAURACEAE Ocotea aciphylla (Nees & Mart.) Mez","IBGE00023492",,"IBGE","Azevedo, M.L.M.","253","Native","1989","Baitello, J.B.","1990","Ouro","Prata","jbrj-public.s3-sa-east-1.amazonaws.com/fsi/server?type=image&source=DZI/ibge/ibge/0/2/34/92/ibge00023492.dzi","Brasília","Fazenda Água Limpa - UnB. Córrego Olho D Água da Onça. Folha Cartográfica SD-23-Y-C. Coordenada coletada."
"ÁREA DE RELEVANTE INTERESSE ECOLÓGICO CAPETINGA/TAQUARA","Angiosperms","Myrtaceae","Campomanesia","velutina","(Cambess.) O.Berg","MYRTACEAE Campomanesia velutina (Cambess.) O.Berg","IBGE00025644",,"IBGE","Violatti, L.G.","11","Native","1989","Proenca, C.","1990","Ouro","Prata","jbrj-public-img.s3-sa-east-1.amazonaws.com/JPG/ibge/ibge/0/2/56/44/ibge00025644.jpg","Brasília","Vargem Bonita. Fazenda Água Limpa - UnB. Mata do Gama. Mata do Gama. Folha: SD-23-Y-C. APA Gama Cabeça de Veado"
"ÁREA DE RELEVANTE INTERESSE ECOLÓGICO CAPETINGA/TAQUARA","Angiosperms","Myrtaceae","Siphoneugena","densiflora","O.Berg","MYRTACEAE Siphoneugena densiflora O.Berg","IBGE00023668",,"IBGE","Mp Neto","372","Native","1989","Proenca, C.","1990","Ouro","Prata","jbrj-public.s3-sa-east-1.amazonaws.com/fsi/server?type=image&source=DZI/ibge/ibge/0/2/36/68/ibge00023668.dzi","Brasília","Fazenda Água Limpa / UnB , córrego Olho d agua da Onça. Folha Cartográfica SD-23-Y-C Coordenada Coletada."
"ÁREA DE RELEVANTE INTERESSE ECOLÓGICO CAPETINGA/TAQUARA","Angiosperms","Poaceae","Anthaenantia","lanata","(Kunth) Benth.","POACEAE Anthaenantia lanata (Kunth) Benth.","IBGE00025129",,"IBGE","Alvarenga, D.","511","Native","1989","Filgueiras, T.S.","1990","Ouro","Prata","jbrj-public.s3-sa-east-1.amazonaws.com/fsi/server?type=image&source=DZI/ibge/ibge/0/2/51/29/ibge00025129.dzi","Brasília","Fazenda Água Limpa, UnB. Folha: SD-23-Y-C."
"ÁREA DE RELEVANTE INTERESSE ECOLÓGICO CAPETINGA/TAQUARA","Angiosperms","Poaceae","Paspalum","pectinatum","Nees ex Trin.","POACEAE Paspalum pectinatum Nees ex Trin.","IBGE00025424",,"IBGE","Azevedo, M.L.M.","453","Native","1989","Filgueiras, T.S.","1990","Ouro","Prata","jbrj-public.s3-sa-east-1.amazonaws.com/fsi/server?type=image&source=DZI/ibge/ibge/0/2/54/24/ibge00025424.dzi","Brasília","Fazenda Água Limpa/UnB. Folha Cartográfica SD-23-Y-C. APA Gama Cabeça de Veado"
"ÁREA DE RELEVANTE INTERESSE ECOLÓGICO CAPETINGA/TAQUARA","Angiosperms","Menispermaceae","Cissampelos","ovalifolia","DC.","MENISPERMACEAE Cissampelos ovalifolia DC.","IBGE00021964",,"IBGE","Azevedo, M.L.M.","199","Native","1989","Barneby, R.C.","1989","Ouro","Prata","jbrj-public.s3-sa-east-1.amazonaws.com/fsi/server?type=image&source=DZI/ibge/ibge/0/2/19/64/ibge00021964.dzi","Brasília","Fazenda Água Limpa. Córrego Taquara/Gama - DF. Folha Cartográfica: SD-23-Y-C. Coordenada coletada."
"ÁREA DE RELEVANTE INTERESSE ECOLÓGICO CAPETINGA/TAQUARA","Angiosperms","Poaceae","Paspalum","gardnerianum","Nees","POACEAE Paspalum gardnerianum Nees","IBGE00025024",,"IBGE","Silva, M.A.","865","Native","1989","Filgueiras, T.S.","1989","Ouro","Prata","jbrj-public.s3-sa-east-1.amazonaws.com/fsi/server?type=image&source=DZI/ibge/ibge/0/2/50/24/ibge00025024.dzi","Brasília","Fazenda Água Limpa. UnB. Coordenada calculada."
"ÁREA DE RELEVANTE INTERESSE ECOLÓGICO CAPETINGA/TAQUARA","Angiosperms","Annonaceae","Annona","tomentosa","R.E.Fr.","ANNONACEAE Annona tomentosa R.E.Fr.","UB00115214",,"UB","Stevens, A.D.","1141186","Native","1986","Pontes, A.F.","2003","Ouro","Prata","jbrj-public.s3-sa-east-1.amazonaws.com/fsi/server?type=image&source=DZI/ub/ub/0/11/52/14/ub00115214.dzi","Brasília","Fazenda Água Limpa, ca. 18km s of center of Brasília."
"ÁREA DE RELEVANTE INTERESSE ECOLÓGICO CAPETINGA/TAQUARA","Angiosperms","Malpighiaceae","Byrsonima","pachyphylla","A.Juss.","MALPIGHIACEAE Byrsonima pachyphylla A.Juss.","IBGE00074956",,"IBGE","Barros, M.","978","Naturalized","1985","Mamede, M.C.H.","2007","Ouro","Prata","jbrj-public.s3-sa-east-1.amazonaws.com/fsi/server?type=image&source=DZI/ibge/ibge/0/7/49/56/ibge00074956.dzi","Brasília","Fazenda Água Limpa, campo experimental da UnB. Folha Cartográfica SD-23-Y-C Coordenada Calculada."
"ÁREA DE RELEVANTE INTERESSE ECOLÓGICO CAPETINGA/TAQUARA","Angiosperms","Violaceae","Pombalia","lanata","(A.St.-Hil.) Paula-Souza","VIOLACEAE Pombalia lanata (A.St.-Hil.) Paula-Souza","K001215340",,"K","Rocha, M.","6/R","Native","1984","Paula-Souza, J.","2019","Ouro","Prata","jbrj-public.s3-sa-east-1.amazonaws.com/fsi/server?type=image&source=DZI/kew/k/0/12/15/34/0/k001215340.dzi","Brasília","Fazenda Água Limpa (University of Brasília field station), near Vargem Bonita, c. 18 km SSW of Brasília TV tower."
"ÁREA DE RELEVANTE INTERESSE ECOLÓGICO CAPETINGA/TAQUARA","Angiosperms","Bignoniaceae","Handroanthus","ochraceus","(Cham.) Mattos","BIGNONIACEAE Handroanthus ochraceus (Cham.) Mattos","IBGE00008418",,"IBGE","Pereira, B.A.S.","1112","Native","1984","Santo, F.S.E.","2011","Ouro","Prata","jbrj-public.s3-sa-east-1.amazonaws.com/fsi/server?type=image&source=DZI/ibge/ibge/0/0/84/18/ibge00008418.dzi","Brasília","Fazenda Àgua Limpa - UnB."
"ÁREA DE RELEVANTE INTERESSE ECOLÓGICO CAPETINGA/TAQUARA","Angiosperms","Acanthaceae","Justicia","irwinii","Wassh.","ACANTHACEAE Justicia irwinii Wassh.","UB00123837",,"UB","Nitikman, L.Z.","63","Native","1984","Kameyama, C.","2007","Ouro","Prata","jbrj-public.s3-sa-east-1.amazonaws.com/fsi/server?type=image&source=DZI/ub/ub/0/12/38/37/ub00123837.dzi","Brasília","Fazenda Água Limpa, 20.0 km S of Brasília."
"ÁREA DE RELEVANTE INTERESSE ECOLÓGICO CAPETINGA/TAQUARA","Angiosperms","Asteraceae","Baccharis","humilis","Sch.Bip. ex Baker","ASTERACEAE Baccharis humilis Sch.Bip. ex Baker","UB00101685",,"UB","Ratter, J.A.","5010","Native","1984","Teles, A.M.","2003","Ouro","Prata","jbrj-public.s3-sa-east-1.amazonaws.com/fsi/server?type=image&source=DZI/ub/ub/0/10/16/85/ub00101685.dzi","Brasília","Fazenda Água Limpa, Fazenda Água Limpa (Universidade of Brasília field station), near Vargem Bonita, c. 18km SSW of Brasília TV tower."
"ÁREA DE RELEVANTE INTERESSE ECOLÓGICO CAPETINGA/TAQUARA","Angiosperms","Arecaceae","Allagoptera","leucocalyx","(Drude) Kuntze","ARECACEAE Allagoptera leucocalyx (Drude) Kuntze","UB00110096",,"UB","Ratter, J.A.","4780","Native","1982","Dransfield, J.",,"Ouro","Prata","jbrj-public.s3-sa-east-1.amazonaws.com/fsi/server?type=image&source=DZI/ub/ub/0/11/0/96/ub00110096.dzi","Brasília","Fazenda Água Limpa, near Vargem Bonita, ca. 18km SSW TV Tower."
"ÁREA DE RELEVANTE INTERESSE ECOLÓGICO CAPETINGA/TAQUARA","Angiosperms","Poaceae","Paspalum","paniculatum","L.","POACEAE Paspalum paniculatum L.","IBGE00012729",,"IBGE","Cardoso, A.O.","s/n","Native","1982","Oliveira, R.C.","2004","Ouro","Prata","jbrj-public.s3-sa-east-1.amazonaws.com/fsi/server?type=image&source=DZI/ibge/ibge/0/1/27/29/ibge00012729.dzi","Brasília","Fazenda Água Limpa, UnB. Coordenada calculada."
"ÁREA DE RELEVANTE INTERESSE ECOLÓGICO CAPETINGA/TAQUARA","Angiosperms","Bromeliaceae","Billbergia","porteana","Brong. ex Beer","BROMELIACEAE Billbergia porteana Brong. ex Beer","IBGE00008600",,"IBGE","Pereira, B.A.S.","325","Native","1982","Wanderley, M.G.L.","1999","Ouro","Prata","jbrj-public.s3-sa-east-1.amazonaws.com/fsi/server?type=image&source=DZI/ibge/ibge/0/0/86/0/ibge00008600.dzi","Brasília","Fazenda Água Limpa - UnB. Adjacências cachoeira do córrego Capetinga. Folha Cartográfica SD-23-Y-C. Coordenada calculada."
"ÁREA DE RELEVANTE INTERESSE ECOLÓGICO CAPETINGA/TAQUARA","Angiosperms","Bromeliaceae","Pitcairnia","caricifolia","Mart. ex Schult. & Schult.f.","BROMELIACEAE Pitcairnia caricifolia Mart. ex Schult. & Schult.f.","UB00117814",,"UB","Ratter, J.A.","4801","Native","1982","Philcox, D.","1983","Ouro","Prata","jbrj-public.s3-sa-east-1.amazonaws.com/fsi/server?type=image&source=DZI/ub/ub/0/11/78/14/ub00117814.dzi","Brasília","Fazenda Água Limpa (University of Brasília field station), near Vargem Bonita, c. 18 Km. SSW of Brasília TV tower."
"ÁREA DE RELEVANTE INTERESSE ECOLÓGICO CAPETINGA/TAQUARA","Angiosperms","Malvaceae","Pavonia","rosa-campestris","A.St.-Hil.","MALVACEAE Pavonia rosa-campestris A.St.-Hil.","IBGE00016065",,"IBGE","Pereira, B.A.S.","38","Native","1981","Esteves, G.L.","2013","Ouro","Prata","jbrj-public.s3-sa-east-1.amazonaws.com/fsi/server?type=image&source=DZI/ibge/ibge/0/1/60/65/ibge00016065.dzi","Brasília","Fazenda Água Limpa - UnB. Folha Cartográfica SD-23-Y-C. Coordenada calculada."
"ÁREA DE RELEVANTE INTERESSE ECOLÓGICO CAPETINGA/TAQUARA","Angiosperms","Apocynaceae","Barjonia","glazioui","Marquete","APOCYNACEAE Barjonia glazioui Marquete","UB00117691",,"UB","Kirkbride, M.C.G.","1544","Native","1981","Rapini, A.","2010","Ouro","Prata","jbrj-public.s3-sa-east-1.amazonaws.com/fsi/server?type=image&source=DZI/ub/ub/0/11/76/91/ub00117691.dzi","Brasília","Fazenda Água Limpa. Campo Experimental da UnB"
"ÁREA DE RELEVANTE INTERESSE ECOLÓGICO CAPETINGA/TAQUARA","Angiosperms","Fabaceae","Leucaena","leucocephala","(Lam.) de Wit","FABACEAE Leucaena leucocephala (Lam.) de Wit","VIES001287",,"VIES","Fontel, P.J.P.","15","Native","1981","Lima, H.C.","2008","Ouro","Prata","jbrj-public.s3-sa-east-1.amazonaws.com/fsi/server?type=image&source=DZI/vies/vies/0/0/12/87/vies00001287.dzi","Brasília","Fazenda Água Limpa."
"ÁREA DE RELEVANTE INTERESSE ECOLÓGICO CAPETINGA/TAQUARA","Angiosperms","Asteraceae","Pseudobrickellia","brasiliensis","(Spreng.) R.M.King & H.Rob.","ASTERACEAE Pseudobrickellia brasiliensis (Spreng.) R.M.King & H.Rob.","IBGE00009598",,"IBGE","Pereira, B.A.S.","46","Native","1981","Esteves, R.L.","2006","Ouro","Prata","jbrj-public.s3-sa-east-1.amazonaws.com/fsi/server?type=image&source=DZI/ibge/ibge/0/0/95/98/ibge00009598.dzi","Brasília","Fazenda Água Limpa - UnB. Coordenada calculada."
"ÁREA DE RELEVANTE INTERESSE ECOLÓGICO CAPETINGA/TAQUARA","Angiosperms","Asteraceae","Lepidaploa","aurea","(Mart. ex DC.) H.Rob.","ASTERACEAE Lepidaploa aurea (Mart. ex DC.) H.Rob.","IBGE00009508",,"IBGE","Heringer, E.P.","18321","Native","1981","Robinson, H.","2002","Ouro","Prata","jbrj-public.s3-sa-east-1.amazonaws.com/fsi/server?type=image&source=DZI/ibge/ibge/0/0/95/8/ibge00009508.dzi","Brasília","Fazenda Água Limpa. UnB. Sujeito à incêndios periódicos."
"ÁREA DE RELEVANTE INTERESSE ECOLÓGICO CAPETINGA/TAQUARA","Angiosperms","Poaceae","Cenchrus","pedicellatus","(Trin.) Morrone","POACEAE Cenchrus pedicellatus (Trin.) Morrone","IBGE00024360",,"IBGE","Miranda, R.M.",,"Native","1981","Filgueiras, T.S.","1989","Ouro","Prata","jbrj-public.s3-sa-east-1.amazonaws.com/fsi/server?type=image&source=DZI/ibge/ibge/0/2/43/60/ibge00024360.dzi","Brasília","Fazenda Água Limpa, UnB."
"ÁREA DE RELEVANTE INTERESSE ECOLÓGICO CAPETINGA/TAQUARA","Angiosperms","Fabaceae","Calliandra","dysantha","Benth.","FABACEAE Calliandra dysantha Benth.","VIES001297",,"VIES","Gebrim, R.","18","Native","1981","Barneby, R.","1983","Ouro","Prata","jbrj-public.s3-sa-east-1.amazonaws.com/fsi/server?type=image&source=DZI/vies/vies/0/0/12/97/vies00001297.dzi","Brasília","Fazenda Água Limpa."
"ÁREA DE RELEVANTE INTERESSE ECOLÓGICO CAPETINGA/TAQUARA","Angiosperms","Fabaceae","Eriosema","defoliatum","Benth.","FABACEAE Eriosema defoliatum Benth.","IBGE00014576",,"IBGE","Pereira, B.A.S.","34","Native","1981","Cowan, R.S.","1983","Ouro","Prata","jbrj-public.s3-sa-east-1.amazonaws.com/fsi/server?type=image&source=DZI/ibge/ibge/0/1/45/76/ibge00014576.dzi","Brasília","Fazenda Água Limpa - UnB. Folha cartográfica: SD-23-Y-C. Coordenada calculada."
"ÁREA DE RELEVANTE INTERESSE ECOLÓGICO CAPETINGA/TAQUARA","Angiosperms","Fabaceae","Vatairea","macrocarpa","(Benth.) Ducke","FABACEAE Vatairea macrocarpa (Benth.) Ducke","IBGE00015277",,"IBGE","Pereira, B.A.S.","36","Cultivated","1981","Cowan, R.S.","1983","Ouro","Prata","jbrj-public.s3-sa-east-1.amazonaws.com/fsi/server?type=image&source=DZI/ibge/ibge/0/1/52/77/ibge00015277.dzi","Brasília","Fazenda Água Limpa - UnB. Folha Cartográfica: SD-23-Y-C. Coordenada calculada."
"ÁREA DE RELEVANTE INTERESSE ECOLÓGICO CAPETINGA/TAQUARA","Angiosperms","Poaceae","Aristida","setifolia","Kunth","POACEAE Aristida setifolia Kunth","IBGE00025329",,"IBGE","Miranda, R.M.","s.n.","Native","1981","Filgueiras, T.S.","1981","Ouro","Prata","jbrj-public-img.s3-sa-east-1.amazonaws.com/JPG/ibge/ibge/0/2/53/29/ibge00025329.jpg","Brasília","Fazenda Água Limpa. UnB. Coordenada calculada."
"ÁREA DE RELEVANTE INTERESSE ECOLÓGICO CAPETINGA/TAQUARA","Angiosperms","Poaceae","Urochloa","brizantha","(Hochst. ex A.Rich.) R.D.Webster","POACEAE Urochloa brizantha (Hochst. ex A.Rich.) R.D.Webster","IBGE00025328",,"IBGE","Miranda, R.M.","1","Native","1981","Filgueiras, T.S.","1981","Ouro","Prata","jbrj-public-img.s3-sa-east-1.amazonaws.com/JPG/ibge/ibge/0/2/53/28/ibge00025328.jpg","Brasília","Fazenda Água Limpa. UnB. Coordenada calculada."
"ÁREA DE RELEVANTE INTERESSE ECOLÓGICO CAPETINGA/TAQUARA","Angiosperms","Apocynaceae","Aspidosperma","tomentosum","Mart. & Zucc.","APOCYNACEAE Aspidosperma tomentosum Mart. & Zucc.","UB00117482",,"UB","Paixao, I.L.S.C.","24","Native","1980","Marcondes-Ferreira, W.",,"Ouro","Prata","jbrj-public.s3-sa-east-1.amazonaws.com/fsi/server?type=image&source=DZI/ub/ub/0/11/74/82/ub00117482.dzi","Brasília","Fazenda Água Limpa."
"ÁREA DE RELEVANTE INTERESSE ECOLÓGICO CAPETINGA/TAQUARA","Angiosperms","Fabaceae","Chamaecrista","planaltoana","(Harms) H.S.Irwin & Barneby","FABACEAE Chamaecrista planaltoana (Harms) H.S.Irwin & Barneby","EAC0009266",,"EAC","Cesar, H.L.","123","Native","1980","Fernandes, A.",,"Ouro","Prata","jbrj-public.s3.amazonaws.com/fsi/server?type=image&source=DZI/eac/eac/0/0/92/66/eac00009266.dzi","Brasília","Fazenda Água Limpa, Latossolo vermelho-amarelo, não encharcado, declive suave, área de experimentação sobre os efeitos do fogo na vegetação herbácea-arbustiva"
"ÁREA DE RELEVANTE INTERESSE ECOLÓGICO CAPETINGA/TAQUARA",,"Fabaceae","Chamaecrista","rotundifolia","(Pers.) Greene","FABACEAE Chamaecrista rotundifolia (Pers.) Greene","TEPB0002574",,"TEPB","Heringer, E.P.",,,"1980",,,"Ouro","Prata","jbrj-public.s3-sa-east-1.amazonaws.com/fsi/server?type=image&source=DZI/tepb/tepb/0/2/57/4/tepb0002574.dzi","Brasília","Fazenda Água limpa, UNB."
"ÁREA DE RELEVANTE INTERESSE ECOLÓGICO CAPETINGA/TAQUARA","Angiosperms","Asteraceae","Dimerostemma","lippioides","(Baker) S.F.Blake","ASTERACEAE Dimerostemma lippioides (Baker) S.F.Blake","EAC0009299",,"EAC","Cesar, H.L.","s.n.","Native","1980","Roque, N.","2016","Ouro","Prata","jbrj-public.s3.amazonaws.com/fsi/server?type=image&source=DZI/eac/eac/0/0/92/99/eac00009299.dzi","Brasília","Fazenda Água Limpa"
"ÁREA DE RELEVANTE INTERESSE ECOLÓGICO CAPETINGA/TAQUARA","Angiosperms","Poaceae","Ctenium","chapadense","(Trin.) Döll","POACEAE Ctenium chapadense (Trin.) Döll","IBGE00006737",,"IBGE","Cesar, H.L.","452","Native","1980","Longhi-Wagner, H.M.","2015","Ouro","Prata","jbrj-public.s3-sa-east-1.amazonaws.com/fsi/server?type=image&source=DZI/ibge/ibge/0/0/67/37/ibge00006737.dzi","Brasília","Fazenda Água Limpa. UnB. Folha Sd-23-Y-C Coordenada calculada."
"ÁREA DE RELEVANTE INTERESSE ECOLÓGICO CAPETINGA/TAQUARA","Angiosperms","Poaceae","Megathyrsus","maximus","(Jacq.) B.K.Simon & S.W.L.Jacobs","POACEAE Megathyrsus maximus (Jacq.) B.K.Simon & S.W.L.Jacobs","IBGE00003333",,"IBGE","Heringer, E.P.","3247","Native","1980","Viana, P.L.","2014","Ouro","Prata","jbrj-public.s3-sa-east-1.amazonaws.com/fsi/server?type=image&source=DZI/ibge/ibge/0/0/33/33/ibge00003333.dzi","Brasília","Fazenda Água Limpa, UnB. Canteiro de coleção de forrageiras. Coordenada calculada. APA Gama Cabeça de Veado"
"ÁREA DE RELEVANTE INTERESSE ECOLÓGICO CAPETINGA/TAQUARA","Angiosperms","Melastomataceae","Lavoisiera","grandiflora","A.St.-Hil. ex Naudin","MELASTOMATACEAE Lavoisiera grandiflora A.St.-Hil. ex Naudin","IBGE00087961",,"IBGE","Almeida, S.P.","129","Native","1980","Versiane, A.F.A.","2012","Ouro","Prata","jbrj-public-img.s3-sa-east-1.amazonaws.com/JPG/ibge/ibge/0/8/79/61/ibge00087961.jpg","Brasília","Fazenda Água Limpa (FAL), Campo Experimental da UnB. Córrego da Onça."
"ÁREA DE RELEVANTE INTERESSE ECOLÓGICO CAPETINGA/TAQUARA","Angiosperms","Rubiaceae","Psychotria","nemorosa","Gardner","RUBIACEAE Psychotria nemorosa Gardner","IBGE00018319",,"IBGE","Heringer, E.P.","5874","Native","1980","Delprete, P.G.","2012","Ouro","Prata","jbrj-public.s3-sa-east-1.amazonaws.com/fsi/server?type=image&source=DZI/ibge/ibge/0/1/83/19/ibge00018319.dzi","Brasília","Fazenda Água Limpa. UnB. Folha Cartográfica SD-23-Y-C Coordenada Calculada."
"ÁREA DE RELEVANTE INTERESSE ECOLÓGICO CAPETINGA/TAQUARA","Angiosperms","Poaceae","Paspalum","eucomum","Nees ex Trin.","POACEAE Paspalum eucomum Nees ex Trin.","IBGE00012791",,"IBGE","Cesar, H.L.","596","Native","1980","Oliveira, R.C.","2004","Ouro","Prata","jbrj-public.s3-sa-east-1.amazonaws.com/fsi/server?type=image&source=DZI/ibge/ibge/0/1/27/91/ibge00012791.dzi","Brasília","Fazenda Água Limpa, UnB. Área de experimentação sobre os efeitos do fogo na vegetação. APA Gama Cabeça de Veado"
"ÁREA DE RELEVANTE INTERESSE ECOLÓGICO CAPETINGA/TAQUARA","Angiosperms","Fabaceae","Tephrosia","candida","DC.","FABACEAE Tephrosia candida DC.","IBGE00006391",,"IBGE","Heringer, E.P.","4674","Native","1980","Flores, A.S.","2003","Ouro","Prata","jbrj-public.s3-sa-east-1.amazonaws.com/fsi/server?type=image&source=DZI/ibge/ibge/0/0/63/91/ibge00006391.dzi","Brasília","Fazenda Água Limpa - UNB. Folha: SD-23-Y-C. Coordenada calculada."
"ÁREA DE RELEVANTE INTERESSE ECOLÓGICO CAPETINGA/TAQUARA","Angiosperms","Apocynaceae","Mandevilla","novocapitalis","Markgr.","APOCYNACEAE Mandevilla novocapitalis Markgr.","UB00121532",,"UB","Cesar, H.L.","94","Native","1980","Sales, M.F.","1993","Ouro","Prata","jbrj-public.s3-sa-east-1.amazonaws.com/fsi/server?type=image&source=DZI/ub/ub/0/12/15/32/ub00121532.dzi","Brasília","Fazenda Água Limpa - UnB."
"ÁREA DE RELEVANTE INTERESSE ECOLÓGICO CAPETINGA/TAQUARA","Angiosperms","Poaceae","Aristida","ekmaniana","Henrard","POACEAE Aristida ekmaniana Henrard","IBGE00006810",,"IBGE","Cesar, H.L.","604","Native","1980","Longhi-Wagner, H.M.","1991","Ouro","Prata","jbrj-public.s3-sa-east-1.amazonaws.com/fsi/server?type=image&source=DZI/ibge/ibge/0/0/68/10/ibge00006810.dzi","Brasília","Fazenda Água Limpa, UnB."
"ÁREA DE RELEVANTE INTERESSE ECOLÓGICO CAPETINGA/TAQUARA","Angiosperms","Poaceae","Schizachyrium","imberbe","A.Camus","POACEAE Schizachyrium imberbe A.Camus","IBGE00006745",,"IBGE","Cesar, H.L.","598","Native","1980","Filgueiras, T.S.","1991","Ouro","Prata","jbrj-public.s3-sa-east-1.amazonaws.com/fsi/server?type=image&source=DZI/ibge/ibge/0/0/67/45/ibge00006745.dzi","Brasília","Fazenda Água Limpa, UnB. Latossolo vermelho-amarelo, nao encharcado; declive suave."
"ÁREA DE RELEVANTE INTERESSE ECOLÓGICO CAPETINGA/TAQUARA","Angiosperms","Fabaceae","Periandra","coccinea","(Schrad.) Benth.","FABACEAE Periandra coccinea (Schrad.) Benth.","IBGE00006178",,"IBGE","Heringer, E.P.","4669","Native","1980","Lewis, G.P.","1990","Ouro","Prata","jbrj-public.s3-sa-east-1.amazonaws.com/fsi/server?type=image&source=DZI/ibge/ibge/0/0/61/78/ibge00006178.dzi","Brasília","Fazenda Água Limpa. UnB. Canteiro experimental. Folha Cartográfica: SD-23-Y-C. Coordenada Calculada."
"ÁREA DE RELEVANTE INTERESSE ECOLÓGICO CAPETINGA/TAQUARA","Angiosperms","Poaceae","Paspalum","foliiforme","S.Denham","POACEAE Paspalum foliiforme S.Denham","IBGE00006811",,"IBGE","Cesar, H.L.","386","Native","1980","Filgueiras, T.S.","1988","Ouro","Prata","jbrj-public.s3-sa-east-1.amazonaws.com/fsi/server?type=image&source=DZI/ibge/ibge/0/0/68/11/ibge00006811.dzi","Brasília","Fazenda Água Limpa. UnB."
"ÁREA DE RELEVANTE INTERESSE ECOLÓGICO CAPETINGA/TAQUARA","Angiosperms","Fabaceae","Mimosa","piptoptera","Barneby","FABACEAE Mimosa piptoptera Barneby","EAC0009269",,"EAC","Cesar, H.L.","s.n.","Native","1980","Fernandes, A.","1987","Ouro","Prata","jbrj-public.s3.amazonaws.com/fsi/server?type=image&source=DZI/eac/eac/0/0/92/69/eac00009269.dzi","Brasília","Fazenda Água Limpa."
"ÁREA DE RELEVANTE INTERESSE ECOLÓGICO CAPETINGA/TAQUARA","Angiosperms","Fabaceae","Neonotonia","wightii","(Graham ex Wight & Arn.) J.A.Lackey","FABACEAE Neonotonia wightii (Graham ex Wight & Arn.) J.A.Lackey","IBGE00006390",,"IBGE","Heringer, E.P.","4668","Native","1980","Rudd, V.E.","1983","Ouro","Prata","jbrj-public.s3-sa-east-1.amazonaws.com/fsi/server?type=image&source=DZI/ibge/ibge/0/0/63/90/ibge00006390.dzi","Brasília","Fazenda Água Limpa. UnB. Folha Cartográfica SD-23-Y-C Coordenada Calculada."
"ÁREA DE RELEVANTE INTERESSE ECOLÓGICO CAPETINGA/TAQUARA","Angiosperms","Melastomataceae","Desmoscelis","villosa","(Aubl.) Naudin","MELASTOMATACEAE Desmoscelis villosa (Aubl.) Naudin","IBGE00016313",,"IBGE","Mendonca, R.C.","148","Native","1980","Wurdack, J.J.","1983","Ouro","Prata","jbrj-public.s3-sa-east-1.amazonaws.com/fsi/server?type=image&source=DZI/ibge/ibge/0/1/63/13/ibge00016313.dzi","Brasília","Campo experimental da Universidade de Brasília, córrego da Onça. Folha Cartográfica SD-23-Y-C Coordenada Coletada. Fazenda Água Limpa."
"ÁREA DE RELEVANTE INTERESSE ECOLÓGICO CAPETINGA/TAQUARA","Angiosperms","Melastomataceae","Miconia","leucocarpa","DC.","MELASTOMATACEAE Miconia leucocarpa DC.","IBGE00016355",,"IBGE","Heringer, E.P.","5232","Native","1980","Wurdack, J.J.","1982","Ouro","Prata","jbrj-public.s3-sa-east-1.amazonaws.com/fsi/server?type=image&source=DZI/ibge/ibge/0/1/63/55/ibge00016355.dzi","Brasília","Folha Cartográfica SD-23-Y-C Coordenada Calculada. Fazenda Água Limpa - UnB."
"ÁREA DE RELEVANTE INTERESSE ECOLÓGICO CAPETINGA/TAQUARA","Angiosperms","Poaceae","Acroceras","zizanioides","(Kunth) Dandy","POACEAE Acroceras zizanioides (Kunth) Dandy","IBGE00006125",,"IBGE","Heringer, E.P.","4688","Native","1980","Filgueiras, T.S.","1981","Ouro","Prata","jbrj-public.s3-sa-east-1.amazonaws.com/fsi/server?type=image&source=DZI/ibge/ibge/0/0/61/25/ibge00006125.dzi","Brasília","Fazenda Água Limpa, UnB; folha SD-23-Y-C."
"ÁREA DE RELEVANTE INTERESSE ECOLÓGICO CAPETINGA/TAQUARA","Angiosperms","Poaceae","Cenchrus","ciliaris","L.","POACEAE Cenchrus ciliaris L.","IBGE00006305",,"IBGE","Heringer, E.P.","2080","Native","1980","Filgueiras, T.S.","1981","Ouro","Prata","jbrj-public.s3-sa-east-1.amazonaws.com/fsi/server?type=image&source=DZI/ibge/ibge/0/0/63/5/ibge00006305.dzi","Brasília","Fazenda Água Limpa, UnB. Coleção de Forrageiras. Folha: SD-23-Y-C. Coordenada calculada."
"ÁREA DE RELEVANTE INTERESSE ECOLÓGICO CAPETINGA/TAQUARA","Angiosperms","Fabaceae","Centrosema","pubescens","Benth.","FABACEAE Centrosema pubescens Benth.","IBGE00006203",,"IBGE","Heringer, E.P.","4667","Native","1980","Heringer, E.P.","1980","Ouro","Prata","jbrj-public.s3-sa-east-1.amazonaws.com/fsi/server?type=image&source=DZI/ibge/ibge/0/0/62/3/ibge00006203.dzi","Brasília","Fazenda Água Limpa - UnB. canteiro experimental. Folha Cartográfica SD-23-Y-C. Coordenada calculada."
"ÁREA DE RELEVANTE INTERESSE ECOLÓGICO CAPETINGA/TAQUARA","Angiosperms","Poaceae","Andropogon","fastigiatus","Sw.","POACEAE Andropogon fastigiatus Sw.","IBGE00011962",,"IBGE","Cesar, H.L.","606","Native","1980","Filgueiras, T.S.","1980","Ouro","Prata","jbrj-public.s3-sa-east-1.amazonaws.com/fsi/server?type=image&source=DZI/ibge/ibge/0/1/19/62/ibge00011962.dzi","Brasília","Fazenda Água Limpa, UnB. Coordenada calculada. Folha cartográfica: SD-23-Y-C."
"ÁREA DE RELEVANTE INTERESSE ECOLÓGICO CAPETINGA/TAQUARA","Angiosperms","Poaceae","Triticum","aestivum","L.","POACEAE Triticum aestivum L.","IBGE00006507",,"IBGE","Filgueiras, T.S.","732","Native","1980","Filgueiras, T.S.","1980","Ouro","Prata","jbrj-public.s3-sa-east-1.amazonaws.com/fsi/server?type=image&source=DZI/ibge/ibge/0/0/65/7/ibge00006507.dzi","Brasília","Fazenda Água Limpa, UnB. Coordenada calculada."
"ÁREA DE RELEVANTE INTERESSE ECOLÓGICO CAPETINGA/TAQUARA","Angiosperms","Fabaceae","Chamaecrista","lundii","(Benth.) H.S.Irwin & Barneby","FABACEAE Chamaecrista lundii (Benth.) H.S.Irwin & Barneby","EAC0009172",,"EAC","Cesar, H.L.","720","Native","1979","Fernandes, A.",,"Ouro","Prata","jbrj-public.s3.amazonaws.com/fsi/server?type=image&source=DZI/eac/eac/0/0/91/72/eac00009172.dzi","Brasília","Fazenda Água Limpa, Latossolo vermelho amarelo, não encharcado, declive suave, área de experimentação sobre os efeitos do fogo na vegetação herbácea-subarbustiva"
"ÁREA DE RELEVANTE INTERESSE ECOLÓGICO CAPETINGA/TAQUARA","Angiosperms","Fabaceae","Dalbergia","hortensis","Heringer, Rizzini & A.Mattos","FABACEAE Dalbergia hortensis Heringer, Rizzini & A.Mattos","HUEFS00254257",,"HUEFS","Heringer, E.P.","2758","Native","1979","Administrador","2024","Ouro","Prata","jbrj-public.s3-sa-east-1.amazonaws.com/fsi/server?type=image&source=DZI/huefs/huefs/0/25/42/57/huefs00254257.dzi","Brasília","Fazenda Água Limpa."
"ÁREA DE RELEVANTE INTERESSE ECOLÓGICO CAPETINGA/TAQUARA","Angiosperms","Passifloraceae","Passiflora","cerradensis","Sacco","PASSIFLORACEAE Passiflora cerradensis Sacco","IBGE00003577",,"IBGE","Heringer, E.P.","17668","Native","1979","Imig, D.C.","2012","Ouro","Prata","jbrj-public.s3-sa-east-1.amazonaws.com/fsi/server?type=image&source=DZI/ibge/ibge/0/0/35/77/ibge00003577.dzi","Brasília","Fazenda Água Limpa. UnB. Folha: SD-23-Y-C. Coordenada cauculada."
"ÁREA DE RELEVANTE INTERESSE ECOLÓGICO CAPETINGA/TAQUARA","Angiosperms","Acanthaceae","Ruellia","incomta","(Nees) Lindau","ACANTHACEAE Ruellia incomta (Nees) Lindau","EAC0009156",,"EAC","Cesar, H.L.","523","Native","1979","Braz, D.M.","2011","Ouro","Prata","jbrj-public.s3.amazonaws.com/fsi/server?type=image&source=DZI/eac/eac/0/0/91/56/eac00009156.dzi","Brasília","Fazenda Água Limpa, Latossolo vermelho-amarelo, não encharcado, declive suave, área de experimentação sobre os efeitos do fogo na vegetação herbácea-arbustiva."
"ÁREA DE RELEVANTE INTERESSE ECOLÓGICO CAPETINGA/TAQUARA","Angiosperms","Chrysobalanaceae","Licania","dealbata","Hook.f.","CHRYSOBALANACEAE Licania dealbata Hook.f.","EAC0009155",,"EAC","Cesar, H.L.","s.n.","Native","1979","Prance, G.T.","1992","Ouro","Prata","jbrj-public.s3.amazonaws.com/fsi/server?type=image&source=DZI/eac/eac/0/0/91/55/eac00009155.dzi","Brasília","Fazenda Água Limpa, Latossolo vermelho-amarelo, não encharcado, declive suave, área de experimentação sobre os efeitos do fogo na vegetação herbácea-subarrbustiva."
"ÁREA DE RELEVANTE INTERESSE ECOLÓGICO CAPETINGA/TAQUARA","Angiosperms","Poaceae","Paspalum","erianthum","Nees ex Trin.","POACEAE Paspalum erianthum Nees ex Trin.","IBGE00006767",,"IBGE","Cesar, H.L.","278","Native","1979","Filgueiras, T.S.","1988","Ouro","Prata","jbrj-public.s3-sa-east-1.amazonaws.com/fsi/server?type=image&source=DZI/ibge/ibge/0/0/67/67/ibge00006767.dzi","Brasília","Fazenda Água Limpa, UnB."
"ÁREA DE RELEVANTE INTERESSE ECOLÓGICO CAPETINGA/TAQUARA","Angiosperms","Lamiaceae","Salvia","scabrida","Pohl","LAMIACEAE Salvia scabrida Pohl","IBGE00000445",,"IBGE","Heringer, E.P.","17667","Native","1979","Harley, R.M.","1983","Ouro","Prata","jbrj-public.s3-sa-east-1.amazonaws.com/fsi/server?type=image&source=DZI/ibge/ibge/0/0/4/45/ibge00000445.dzi","Brasília","Fazenda Água Limpa, UnB."
"ÁREA DE RELEVANTE INTERESSE ECOLÓGICO CAPETINGA/TAQUARA","Angiosperms","Lamiaceae","Hyptis","saxatilis","A.St.-Hil. ex Benth.","LAMIACEAE Hyptis saxatilis A.St.-Hil. ex Benth.","EAC0009192",,"EAC","Cesar, H.L.","12","Native","1979","Harley, R.M.","1980","Ouro","Prata","jbrj-public.s3.amazonaws.com/fsi/server?type=image&source=DZI/eac/eac/0/0/91/92/eac00009192.dzi","Brasília","Fazenda Água Limpa, Latossolo vermelho-amarelo, não encharcado, declive suave"
"ÁREA DE RELEVANTE INTERESSE ECOLÓGICO CAPETINGA/TAQUARA","Angiosperms","Poaceae","Tristachya","leiostachya","Nees","POACEAE Tristachya leiostachya Nees","IBGE00013099",,"IBGE","Cesar, H.L.","209","Native","1979","Filgueiras, T.S.","1980","Ouro","Prata","jbrj-public.s3-sa-east-1.amazonaws.com/fsi/server?type=image&source=DZI/ibge/ibge/0/1/30/99/ibge00013099.dzi","Brasília","Fazenda Água Limpa, UnB. Latossolo vermelho/amarelo, não encharcado; declive suave."
"ÁREA DE RELEVANTE INTERESSE ECOLÓGICO CAPETINGA/TAQUARA","Angiosperms","Poaceae","Urochloa","decumbens","(Stapf) R.D.Webster","POACEAE Urochloa decumbens (Stapf) R.D.Webster","IBGE00005238",,"IBGE","Heringer, E.P.","2081","Native","1979","Filgueiras, T.S.","1980","Ouro","Prata","jbrj-public.s3-sa-east-1.amazonaws.com/fsi/server?type=image&source=DZI/ibge/ibge/0/0/52/38/ibge00005238.dzi","Brasília","Fazenda Água Limpa, UnB. Canteiro Experimental. Coleção de forrageiras. Coordenada calculada."
"ÁREA DE RELEVANTE INTERESSE ECOLÓGICO CAPETINGA/TAQUARA","Angiosperms","Iridaceae","Sisyrinchium","burchellii","Baker","IRIDACEAE Sisyrinchium burchellii Baker","K001182300",,"K","Ratter, J.A.","4269","Native","1978","Eggers, L.","2018","Ouro","Prata","jbrj-public.s3-sa-east-1.amazonaws.com/fsi/server?type=image&source=DZI/kew/k/0/11/82/30/0/k001182300.dzi","Brasília","Fazenda Água Limpa (University of Brasília field station), near Vargem Bonita, c. 18km. SSW. of Brasília TV tower"
"ÁREA DE RELEVANTE INTERESSE ECOLÓGICO CAPETINGA/TAQUARA","Ferns and Lycophytes","Poaceae","Andropogon",,"L.","POACEAE Andropogon L.","IBGE00000679",,"IBGE","Filgueiras, T.S.","362","Native","1978",,"1999","Ouro","Prata","jbrj-public.s3-sa-east-1.amazonaws.com/fsi/server?type=image&source=DZI/ibge/ibge/0/0/6/79/ibge00000679.dzi","Brasília","Fazenda Água Limpa. UnB. Coordenada calculada."
"ÁREA DE RELEVANTE INTERESSE ECOLÓGICO CAPETINGA/TAQUARA","Angiosperms","Asteraceae","Lychnophora","ericoides","Mart.","ASTERACEAE Lychnophora ericoides Mart.","IBGE00000705",,"IBGE","Heringer, E.P.","16908","Native","1977","Semir, J.","1995","Ouro","Prata","jbrj-public.s3-sa-east-1.amazonaws.com/fsi/server?type=image&source=DZI/ibge/ibge/0/0/7/5/ibge00000705.dzi","Brasília","Fazenda Água Limpa. UnB. Sujeito à incêndios periódicos."
"ÁREA DE RELEVANTE INTERESSE ECOLÓGICO CAPETINGA/TAQUARA","Angiosperms","Apocynaceae","Aspidosperma","brasiliense","A.S.S.Pereira & A.C.D.Castello","APOCYNACEAE Aspidosperma brasiliense A.S.S.Pereira & A.C.D.Castello","K000988554",,"K","Ratter, J.A.","3906","Native","1976","Castello, A.C.D.","2018","Ouro","Prata","jbrj-public.s3-sa-east-1.amazonaws.com/fsi/server?type=image&source=DZI/kew/k/0/9/88/55/4/k000988554.dzi","Brasília","Fazenda Água Limpa (University of Brasilia field station), near Vargem Bonita, c. 18km SSW of Brasília TV tower."
"ÁREA DE RELEVANTE INTERESSE ECOLÓGICO CAPETINGA/TAQUARA","Angiosperms","Thelypteridaceae","Amauropelta","heineri","(C. Chr.) Salino & T.E.Almeida","THELYPTERIDACEAE Amauropelta heineri (C. Chr.) Salino & T.E.Almeida","K000956659",,"K","Ratter, J.A.","3731","Native","1976","Salino, A.","2013","Ouro","Prata","jbrj-public.s3-sa-east-1.amazonaws.com/fsi/server?type=image&source=DZI/kew/k/0/9/56/65/9/k000956659.dzi","Brasília","Fazenda Agua Limpa (Universiade of Brasília field station) near vargem Bonita c. 18 km SSW of Brasília TV Tower."
"ÁREA DE RELEVANTE INTERESSE ECOLÓGICO CAPETINGA/TAQUARA","Angiosperms","Asteraceae","Stomatanthes","dictyophyllus","(DC.) R.M.King & H.Rob.","ASTERACEAE Stomatanthes dictyophyllus (DC.) R.M.King & H.Rob.","IBGE00021358",,"IBGE","Ratter, J.A.","3379","Native","1976","Esteves, R.","2007","Ouro","Prata","jbrj-public.s3-sa-east-1.amazonaws.com/fsi/server?type=image&source=DZI/ibge/ibge/0/2/13/58/ibge00021358.dzi","Brasília","Fazenda Água Limpa (University of Brasilia Field station), near Vargem Bonita, ca. 18 Km SSW of Brasilia TV tower."
"ÁREA DE RELEVANTE INTERESSE ECOLÓGICO CAPETINGA/TAQUARA","Angiosperms","Annonaceae","Annona","crassiflora","Mart.","ANNONACEAE Annona crassiflora Mart.","UB00115326",,"UB","Ratter, J.A.","3975","Native","1976","Pontes, A.F.","2003","Ouro","Prata","jbrj-public.s3-sa-east-1.amazonaws.com/fsi/server?type=image&source=DZI/ub/ub/0/11/53/26/ub00115326.dzi","Brasília","Fazenda Água Limpa (University of Brasília field station), near Vargem Bonita, ca. 18km SSW of Brasília TV Tower."
"ÁREA DE RELEVANTE INTERESSE ECOLÓGICO CAPETINGA/TAQUARA","Angiosperms","Annonaceae","Xylopia","aromatica","(Lam.) Mart.","ANNONACEAE Xylopia aromatica (Lam.) Mart.","UB00115394",,"UB","Ratter, J.A.","3723","Native","1976","Pontes, A.F.","2003","Ouro","Prata","jbrj-public.s3-sa-east-1.amazonaws.com/fsi/server?type=image&source=DZI/ub/ub/0/11/53/94/ub00115394.dzi","Brasília","Fazenda Água Limpa (University of Brasília field station), near Vargem BOnita, ca. 18km SSW of Brasília TV Tower."
"ÁREA DE RELEVANTE INTERESSE ECOLÓGICO CAPETINGA/TAQUARA","Angiosperms","Verbenaceae","Stachytarpheta","cayennensis","(Rich.) Vahl","VERBENACEAE Stachytarpheta cayennensis (Rich.) Vahl","K000944059",,"K","Ratter, J.A.","3657","Native","1976","Atkins, S.","1995","Ouro","Prata","jbrj-public.s3-sa-east-1.amazonaws.com/fsi/server?type=image&source=DZI/kew/k/0/9/44/5/9/k000944059.dzi|jbrj-public.s3-sa-east-1.amazonaws.com/fsi/server?type=image&source=DZI/kew/k/0/9/44/5/9/k000944059_cap.dzi","Brasília","Fazenda Água Limpa (University of Brasília field station), near Vargem Bonita, c. 18km SSW of Brasília Tv Tower."
"ÁREA DE RELEVANTE INTERESSE ECOLÓGICO CAPETINGA/TAQUARA","Angiosperms","Chrysobalanaceae","Couepia","grandiflora","(Mart. & Zucc.) Benth.","CHRYSOBALANACEAE Couepia grandiflora (Mart. & Zucc.) Benth.","IBGE00000611",,"IBGE","Heringer, E.P.","16204","Native","1976","Prance, G.T.","1993","Ouro","Prata","jbrj-public.s3-sa-east-1.amazonaws.com/fsi/server?type=image&source=DZI/ibge/ibge/0/0/6/11/ibge00000611.dzi","Brasília","Fazenda Água Limpa, UnB."
"ÁREA DE RELEVANTE INTERESSE ECOLÓGICO CAPETINGA/TAQUARA","Angiosperms","Fabaceae","Cerradicola","peduncularis","(Benth.) L.P.Queiroz","FABACEAE Cerradicola peduncularis (Benth.) L.P.Queiroz","IBGE00014632",,"IBGE","Heringer, E.P.","16205","Native","1976","Cowan, R.S.","1983","Ouro","Prata","jbrj-public.s3-sa-east-1.amazonaws.com/fsi/server?type=image&source=DZI/ibge/ibge/0/1/46/32/ibge00014632.dzi","Brasília","Fazenda Água Limpa, UnB."
"ÁREA DE RELEVANTE INTERESSE ECOLÓGICO CAPETINGA/TAQUARA","Angiosperms","Bromeliaceae","Bromelia","balansae","Mez","BROMELIACEAE Bromelia balansae Mez","UB00117807",,"UB","Ratter, J.A.","3671","Native","1976","Philcox, D.","1979","Ouro","Prata","jbrj-public.s3-sa-east-1.amazonaws.com/fsi/server?type=image&source=DZI/ub/ub/0/11/78/7/ub00117807.dzi","Brasília","Fazenda Água Limpa (University of Brasília field station), near Vargem Bonita, c. 18 Km. SSW of Brasília TV tower."
"ÁREA DE RELEVANTE INTERESSE ECOLÓGICO CAPETINGA/TAQUARA","Angiosperms","Fabaceae","Andira","humilis","Mart. ex Benth.","FABACEAE Andira humilis Mart. ex Benth.","IBGE00001357",,"IBGE","Heringer, E.P.","16202","Native","1976","Lima, H.C.","1978","Ouro","Prata","jbrj-public.s3-sa-east-1.amazonaws.com/fsi/server?type=image&source=DZI/ibge/ibge/0/0/13/57/ibge00001357.dzi","Brasília","Fazenda Água Limpa, UnB. Folha: SD-23-Y-C. Coordenada calculada."
"ÁREA DE RELEVANTE INTERESSE ECOLÓGICO CAPETINGA/TAQUARA","Angiosperms","Eriocaulaceae","Syngonanthus","nitens","Ruhland","ERIOCAULACEAE Syngonanthus nitens Ruhland","NY00898315",,"NY","Davis, P.H.","D.60037","Native","1976","Moldenke, H.N.","1977","Ouro","Prata","jbrj-public.s3-sa-east-1.amazonaws.com/fsi/server?type=image&source=DZI/newyork/ny_/0/89/83/15/ny_00898315.dzi","Brasília","Fazenda Agua Limpa, 30 km S. of Brasilia University."
"ÁREA DE RELEVANTE INTERESSE ECOLÓGICO CAPETINGA/TAQUARA","Angiosperms","Eriocaulaceae","Giuliettia","bifida","(Schrad.) Andrino & Sano","ERIOCAULACEAE Giuliettia bifida (Schrad.) Andrino & Sano","K000988042",,"K","Philcox, D.","4892","Native","1968","Oliveira, M.T.L.","2017","Ouro","Prata","jbrj-public.s3-sa-east-1.amazonaws.com/fsi/server?type=image&source=DZI/kew/k/0/9/88/4/2/k000988042.dzi","Brasília","Fazenda Agua Limpa, 25km. S.S.E. Brasília."
"ÁREA DE RELEVANTE INTERESSE ECOLÓGICO CAPETINGA/TAQUARA","Angiosperms","Bignoniaceae","Tabebuia","aurea","(Silva Manso) Benth. & Hook.f. ex S.Moore","BIGNONIACEAE Tabebuia aurea (Silva Manso) Benth. & Hook.f. ex S.Moore","UB1205103","splink","UB","Kirkbride Junior, J.H.","1367","Native",,"Farias, R.",,"Ouro","Prata",,"Brasília","Fazenda Água Limpa."
"ÁREA DE RELEVANTE INTERESSE ECOLÓGICO CAPETINGA/TAQUARA","Angiosperms","Erythroxylaceae","Erythroxylum","tortuosum","Mart.","ERYTHROXYLACEAE Erythroxylum tortuosum Mart.","UB1151206","splink","UB","Haridasan, M.","NH42","Native",,"Amaral, A.",,"Ouro","Prata",,"Brasília","Fazenda Água Limpa, Fazenda Água Limpa - Universidade de Brasília."
"ÁREA DE RELEVANTE INTERESSE ECOLÓGICO CAPETINGA/TAQUARA","Angiosperms","Fabaceae","Chamaecrista","cotinifolia","(H.S.Irwin & Barneby) H.S.Irwin & Barneby","FABACEAE Chamaecrista cotinifolia var. percoriacea (H.S.Irwin & Barneby) H.S.Irwin & Barneby","MBM229617","splink","MBM","Ratter, J.A.","3376","Native",,"Barneby, R.C.",,"Ouro","Prata",,"Brasília","Fazenda Água Limpa, 18km SSW de Brasília."
"ÁREA DE RELEVANTE INTERESSE ECOLÓGICO CAPETINGA/TAQUARA","Angiosperms","Fabaceae","Hymenaea","stigonocarpa","Mart. ex Hayne","FABACEAE Hymenaea stigonocarpa Mart. ex Hayne","MBM091224","splink","MBM","Kirkibride Junior","5387","Native",,"Souza, V.C.",,"Ouro","Prata",,"Brasília","Fazenda Água Limpa, Universidade de Brasília."
"ÁREA DE RELEVANTE INTERESSE ECOLÓGICO CAPETINGA/TAQUARA","Angiosperms","Fabaceae","Mimosa","lanuginosa","Glaz. ex Burkart","FABACEAE Mimosa lanuginosa Glaz. ex Burkart","UB1275957","splink","UB","Boguado, M.M.F.","2","Native",,"Kirkbride Junior, J.H.",,"Ouro","Prata",,"Brasília","Fazenda Água Limpa."
"ÁREA DE RELEVANTE INTERESSE ECOLÓGICO CAPETINGA/TAQUARA","Angiosperms","Lamiaceae","Cantinoa","carpinifolia","(Benth.) Harley & J.F.B.Pastore","LAMIACEAE Cantinoa carpinifolia (Benth.) Harley & J.F.B.Pastore","UB1358706",,"UB","Kleber, J.","s.n.","Native",,"Harley, R.M.",,"Ouro","Prata",,"Brasília","Fazenda Água Limpa (FAL-UnB)."
"ÁREA DE RELEVANTE INTERESSE ECOLÓGICO CAPETINGA/TAQUARA","Angiosperms","Lamiaceae","Oocephalus","lythroides","(Pohl ex Benth.) Harley & J.F.B.Pastore","LAMIACEAE Oocephalus lythroides (Pohl ex Benth.) Harley & J.F.B.Pastore","UB1172028","splink","UB","Stevens, A.D.","213587","Native",,"Harley, R.M.",,"Ouro","Prata",,"Brasília","Fazenda Água Limpa, Fazenda Água Limpa."
"ÁREA DE RELEVANTE INTERESSE ECOLÓGICO CAPETINGA/TAQUARA","Angiosperms","Malpighiaceae","Banisteriopsis","malifolia","(Nees & Mart.) B.Gates","MALPIGHIACEAE Banisteriopsis malifolia (Nees & Mart.) B.Gates","MBM091104","splink","MBM","Kirkibride Junior","3510","Native",,"Gates, B.",,"Ouro","Prata",,"Brasília","Fazenda Água Limpa, Universidade de Brasília."
"ÁREA DE RELEVANTE INTERESSE ECOLÓGICO CAPETINGA/TAQUARA","Angiosperms","Melastomataceae","Miconia","ferruginata","DC.","MELASTOMATACEAE Miconia ferruginata DC.","MBM229849","splink","MBM","Ratter, J.A.","3382","Native",,"Wurdack, J.J.",,"Ouro","Prata",,"Brasília","Fazenda Água Limpa, 18km SSW de Brasília."
"ÁREA DE RELEVANTE INTERESSE ECOLÓGICO CAPETINGA/TAQUARA","Angiosperms","Melastomataceae","Miconia","nervosa","(Sm.) Triana","MELASTOMATACEAE Miconia nervosa (Sm.) Triana","MBM225743","splink","MBM","Walter, B.M.T.","2164","Native",,"Munhoz, C.",,"Ouro","Prata",,"Brasília","Fazenda Água Limpa, Brasília."
"ÁREA DE RELEVANTE INTERESSE ECOLÓGICO CAPETINGA/TAQUARA","Angiosperms","Melastomataceae","Microlicia","viminalis","(DC.) Triana","MELASTOMATACEAE Microlicia viminalis (DC.) Triana","MBM067312","splink","MBM","Fiedler, L.","81","Native",,"Wurdack, J.J.",,"Ouro","Prata",,"Brasília","Fazenda Água Limpa, Brasília."
"ÁREA DE RELEVANTE INTERESSE ECOLÓGICO CAPETINGA/TAQUARA","Angiosperms","Ochnaceae","Ouratea","salicifolia","(A.St.-Hil. & Tul.) Engl.","OCHNACEAE Ouratea salicifolia (A.St.-Hil. & Tul.) Engl.","MBM230032","splink","MBM","Ratter, J.A.","3843","Native",,"Yamamoto, K.",,"Ouro","Prata",,"Brasília","Fazenda Água Limpa, 18km SSW de Brasília."
"ÁREA DE RELEVANTE INTERESSE ECOLÓGICO CAPETINGA/TAQUARA","Angiosperms","Poaceae","Sporobolus","cubensis","Hitchc.","POACEAE Sporobolus cubensis Hitchc.","MBM229860","splink","MBM","Ratter, J.A.","4247","Native",,"Renvoize, S.A.",,"Ouro","Prata",,"Brasília","Fazenda Água Limpa, 18km SSE de Brasília."
"ÁREA DE RELEVANTE INTERESSE ECOLÓGICO CAPETINGA/TAQUARA","Angiosperms","Rubiaceae","Chomelia","ribesioides","Benth. ex A.Gray","RUBIACEAE Chomelia ribesioides Benth. ex A.Gray","MBM091052","splink","MBM","Kirkbride, J.H.","5403","Native",,,,"Ouro","Prata",,"Brasília","Fazenda Água Limpa."
"ÁREA DE RELEVANTE INTERESSE ECOLÓGICO CAPETINGA/TAQUARA","Angiosperms","Rubiaceae","Guettarda","viburnoides","Cham. & Schltdl.","RUBIACEAE Guettarda viburnoides Cham. & Schltdl.","MBM091059","splink","MBM","Kirkbride, J.H.","5474","Native",,,,"Ouro","Prata",,"Brasília","Fazenda Água Limpa."
"ÁREA DE RELEVANTE INTERESSE ECOLÓGICO CAPETINGA/TAQUARA","Angiosperms","Sapindaceae","Serjania","lethalis","A.St.-Hil.","SAPINDACEAE Serjania lethalis A.St.-Hil.","MBM067305","splink","MBM","Fiedler, L.","85","Native",,"Ferrucci, M.S.",,"Ouro","Prata",,"Brasília","Fazenda Água Limpa, Brasília."
"ÁREA DE RELEVANTE INTERESSE ECOLÓGICO CAPETINGA/TAQUARA","Angiosperms","Verbenaceae","Lippia","rotundifolia","Cham.","VERBENACEAE Lippia rotundifolia Cham.","UB1162572",,"UB","Miranda, C.A.B.","44","Native",,"Salimena, F.R.G.",,"Ouro","Prata",,"Brasília","Fazenda Água Limpa, Córrego da Onça."
"ÁREA DE RELEVANTE INTERESSE ECOLÓGICO CAPETINGA/TAQUARA","Angiosperms","Malpighiaceae","Heteropterys","byrsonimifolia","A.Juss.","MALPIGHIACEAE Heteropterys byrsonimifolia A.Juss.","UB1363121",,"UB","Peters, J.N.","15","Native",,"Mamede, M.C.H.","2016","Ouro","Prata",,"Brasília","Faz. Água Limpa (FAL), campo experimental da UNB, próximo ao córrego da Onça - DF."
"ÁREA DE RELEVANTE INTERESSE ECOLÓGICO CAPETINGA/TAQUARA","Angiosperms","Fabaceae","Mimosa","foliolosa","Benth.","FABACEAE Mimosa foliolosa Benth.","UB1275856",,"UB","Stevens, A.D.","49287","Native",,"Borges, L.M.","2014","Ouro","Prata",,"Brasília","Fazenda Água Limpa, Fazenda Água Limpa."
"ÁREA DE RELEVANTE INTERESSE ECOLÓGICO CAPETINGA/TAQUARA","Angiosperms","Fabaceae","Mimosa","foliolosa","Benth.","FABACEAE Mimosa foliolosa var. pubescens Benth.","UB1275856","splink","UB","Stevens, A.D.","49287","Native",,"Borges, L.M.","2014","Ouro","Prata",,"Brasília","Fazenda Água Limpa, Fazenda Água Limpa."
"ÁREA DE RELEVANTE INTERESSE ECOLÓGICO CAPETINGA/TAQUARA","Angiosperms","Fabaceae","Tachigali","subvelutina","(Benth.) Oliveira-Filho","FABACEAE Tachigali subvelutina (Benth.) Oliveira-Filho","MBM186635","splink","MBM","Kirkibride Junior","3612","Native",,"Lima, H.C.","2009","Ouro","Prata",,"Brasília","Fazenda Água Limpa."
"ÁREA DE RELEVANTE INTERESSE ECOLÓGICO CAPETINGA/TAQUARA","Angiosperms","Fabaceae","Stryphnodendron","platyspicum","Rizzini & Heringer","FABACEAE Stryphnodendron platyspicum Rizzini & Heringer","MBM229682","splink","MBM","Ratter, J.A.","4222","Native",,"Scalon, V.R.","2008","Ouro","Prata",,"Brasília","Fazenda Água Limpa, próximo a Vargem Bonitac. 18 km SSW of Brasilia TV tower."
"ÁREA DE RELEVANTE INTERESSE ECOLÓGICO CAPETINGA/TAQUARA","Angiosperms","Lauraceae","Persea","americana","Mill.","LAURACEAE Persea americana var. americana Mill.","UB0104070","splink","UB","Machado, M.A.","2","Native",,"Baitello, J.B.","2000","Ouro","Prata",,"Brasília","Fazenda agua limpa, DF, Planta cultivada"
"ÁREA DE RELEVANTE INTERESSE ECOLÓGICO CAPETINGA/TAQUARA","Angiosperms","Malpighiaceae","Peixotoa","goiana","C.E.Anderson","MALPIGHIACEAE Peixotoa goiana C.E.Anderson","MBM229691","splink","MBM","Ratter, J.A.","2899","Native",,"Anderson, C.E.","1982","Ouro","Prata",,"Brasília","Fazenda Água Limpa, University of Brasília field station, near Vargem Bonita, ca. 18km SSW of Brasília TV tower."
"ÁREA DE RELEVANTE INTERESSE ECOLÓGICO CAPETINGA/TAQUARA","Angiosperms","Fabaceae","Mimosa","somnians","Humb. & Bonpl. ex Willd.","FABACEAE Mimosa somnians Humb. & Bonpl. ex Willd.","UB0354345",,"UB","Cartagenes, R.C.C.","843","Native","2025","Simon, M.F.","2025","Ouro","Prata",,"Brasília","Fazenda Água Limpa. ARIE"
"ÁREA DE RELEVANTE INTERESSE ECOLÓGICO CAPETINGA/TAQUARA","Angiosperms","Poaceae","Paspalum","barbinode","Hack.","POACEAE Paspalum barbinode Hack.","UB0350625",,"UB","Machado-Oliveira, M.E.","99","Native","2025","Oliveira, R.C.","2025","Ouro","Prata",,"Brasília","Fazenda Água Limpa (FAL); Mirante da FAL perto de uma placa solar de borda branca que estava no chão, na direção de uma Palicourea rigida (Rubiaceae) grande."
"ÁREA DE RELEVANTE INTERESSE ECOLÓGICO CAPETINGA/TAQUARA","Angiosperms","Poaceae","Paspalum","heterotrichon","Trin.","POACEAE Paspalum heterotrichon Trin.","UB0353399",,"UB","Oliveira, R.C.","4129","Native","2025","Oliveira, R.C.","2025","Ouro","Prata",,"Brasília","Fazenda Água Limpa, trilha do Beija FAL, após o canal de água."
"ÁREA DE RELEVANTE INTERESSE ECOLÓGICO CAPETINGA/TAQUARA","Angiosperms","Poaceae","Paspalum","stellatum","Humb. & Bonpl. ex Flüggé","POACEAE Paspalum stellatum Humb. & Bonpl. ex Flüggé","UB0353400",,"UB","Oliveira, R.C.","4130","Native","2025","Oliveira, R.C.","2025","Ouro","Prata",,"Brasília","Fazenda Água Limpa, trilha do Beija FAL, após o canal de água."
"ÁREA DE RELEVANTE INTERESSE ECOLÓGICO CAPETINGA/TAQUARA","Angiosperms","Fabaceae","Chamaecrista",,"(L.) Moench","FABACEAE Chamaecrista (L.) Moench","HUEFS0277516","splink","HUEFS","Santos, F.S.","225","Native","2024",,,"Ouro","Prata",,"Brasília","Fazenda Água Limpa, caminho sentido Falésias-FAL"
"ÁREA DE RELEVANTE INTERESSE ECOLÓGICO CAPETINGA/TAQUARA","Angiosperms","Fabaceae","Crotalaria",,"L.","FABACEAE Crotalaria L.","HUEFS0277515","splink","HUEFS","Santos, F.S.","224","Native","2024",,,"Ouro","Prata",,"Brasília","Fazenda Água Limpa, caminho sentido Falésias-FAL"
"ÁREA DE RELEVANTE INTERESSE ECOLÓGICO CAPETINGA/TAQUARA","Angiosperms","Fabaceae","Helicotropis",,"A. Delgado","FABACEAE Helicotropis A. Delgado","HUEFS0277519","splink","HUEFS","Santos, F.S.","228","Native","2024",,,"Ouro","Prata",,"Brasília","Fazenda Água Limpa, caminho sentido Falésias-FAL"
"ÁREA DE RELEVANTE INTERESSE ECOLÓGICO CAPETINGA/TAQUARA","Angiosperms","Fabaceae","Mimosa",,"L.","FABACEAE Mimosa L.","HUEFS0277512","splink","HUEFS","Santos, F.S.","221","Native","2024",,,"Ouro","Prata",,"Brasília","Fazenda Água Limpa, caminho sentido Falésias-FAL"
"ÁREA DE RELEVANTE INTERESSE ECOLÓGICO CAPETINGA/TAQUARA","Ferns and Lycophytes","Orchidaceae","Habenaria","lavrensis","Hoehne","ORCHIDACEAE Habenaria lavrensis Hoehne","UB0336861",,"UB","Rabello, J.A.V.S.","690","Native","2024","Batista, J.A.N.",,"Ouro","Prata",,"Brasília","Fazenda Água Limpa - UnB. Encosta de morro, próximo a corpo d´água. ARIE Capetinga-Taquara"
"ÁREA DE RELEVANTE INTERESSE ECOLÓGICO CAPETINGA/TAQUARA","Angiosperms","Fabaceae","Mimosa","speciosissima","Taub.","FABACEAE Mimosa speciosissima Taub.","UB0349462",,"UB","Cartagenes, R.C.C.","286","Native","2024","Simon, M.","2025","Ouro","Prata",,"Brasília","Fazenda Água Limpa. ARIE"
"ÁREA DE RELEVANTE INTERESSE ECOLÓGICO CAPETINGA/TAQUARA","Angiosperms","Myrtaceae","Myrcia","nivea","Cambess.","MYRTACEAE Myrcia nivea Cambess.","UB0349247",,"UB","Cartagenes, R.C.C.","340","Native","2024","Rosa, P.O.","2025","Ouro","Prata",,"Brasília","Fazenda Água Limpa. ARIE"
"ÁREA DE RELEVANTE INTERESSE ECOLÓGICO CAPETINGA/TAQUARA","Angiosperms","Myrtaceae","Psidium","bergianum","(Nied.) Burret","MYRTACEAE Psidium bergianum (Nied.) Burret","UB0349274",,"UB","Cartagenes, R.C.C.","369","Native","2024","Proenca, C.E.B.","2025","Ouro","Prata",,"Brasília","Fazenda Água Limpa. ARIE"
"ÁREA DE RELEVANTE INTERESSE ECOLÓGICO CAPETINGA/TAQUARA","Angiosperms","Melastomataceae","Miconia","minutiflora","(Bonpl.) DC.","MELASTOMATACEAE Miconia minutiflora (Bonpl.) DC.","UB0344059",,"UB","Cartagenes, R.C.C.","99","Native","2024","Munhoz, C.B.R.","2024","Ouro","Prata",,"Brasília","Fazenda Água Limpa. ARIE"
"ÁREA DE RELEVANTE INTERESSE ECOLÓGICO CAPETINGA/TAQUARA","Angiosperms","Melastomataceae","Microlicia","consimilis","Wurdack","MELASTOMATACEAE Microlicia consimilis Wurdack","UB0344062",,"UB","Cartagenes, R.C.C.","102","Native","2024","Munhoz, C.B.R.","2024","Ouro","Prata",,"Brasília","Fazenda Água Limpa. ARIE"
"ÁREA DE RELEVANTE INTERESSE ECOLÓGICO CAPETINGA/TAQUARA","Angiosperms","Melastomataceae","Pleroma","stenocarpum","(Schrank et Mart. ex DC.) Triana","MELASTOMATACEAE Pleroma stenocarpum (Schrank et Mart. ex DC.) Triana","UB0344057",,"UB","Cartagenes, R.C.C.","97","Native","2024","Munhoz, C.B.R.","2024","Ouro","Prata",,"Brasília","Fazenda Água Limpa. ARIE"
"ÁREA DE RELEVANTE INTERESSE ECOLÓGICO CAPETINGA/TAQUARA","Angiosperms","Melastomataceae","Stenodon","suberosus","Naudin","MELASTOMATACEAE Stenodon suberosus Naudin","UB0345258",,"UB","Cartagenes, R.C.C.","94","Native","2024","Munhoz, C.B.R.","2024","Ouro","Prata",,"Brasília","Fazenda Água Limpa. ARIE"
"ÁREA DE RELEVANTE INTERESSE ECOLÓGICO CAPETINGA/TAQUARA","Angiosperms","Myrtaceae","Psidium",,"L.","MYRTACEAE Psidium L.","UB0352662",,"UB","Conceicao, L.H.S.M.","335","Native","2024","Kilsztajn, Y.","2024","Ouro","Prata",,"Brasília","Fazenda Água Limpa (FAL)."
"ÁREA DE RELEVANTE INTERESSE ECOLÓGICO CAPETINGA/TAQUARA","Angiosperms","Rubiaceae","Hexasepalum","apiculatum","(Willd.) Delprete & J.H.Kirkbr.","RUBIACEAE Hexasepalum apiculatum (Willd.) Delprete & J.H.Kirkbr.","UB0349326",,"UB","Zappi, D.C.","6285","Native","2024","Zappi, D.C.","2024","Ouro","Prata",,"Brasília","Fazenda Água Limpa, proximidades do Mirante. APA Gama e Cabeça de Veado"
"ÁREA DE RELEVANTE INTERESSE ECOLÓGICO CAPETINGA/TAQUARA","Angiosperms","Poaceae","Gymnopogon",,"P.Beauv.","POACEAE Gymnopogon P.Beauv.","UB0329826",,"UB","Castro, A.R.","6","Native","2023","Oliveira, R.C.","2023","Ouro","Prata",,"Brasília","Fazenda Água Limpa. Aproximadamente 2 km depois do curral, virando a direita."
"ÁREA DE RELEVANTE INTERESSE ECOLÓGICO CAPETINGA/TAQUARA","Angiosperms","Poaceae","Axonopus","aureus","P. Beauv.","POACEAE Axonopus aureus P. Beauv.","UB0313500",,"UB","Couceiro, Y.S.V.","8","Native","2022","Oliveira, R.C.","2023","Ouro","Prata",,"Brasília","Fazenda Água Limpa/FAL - UnB. Campo sujo. Muito frequente."
"ÁREA DE RELEVANTE INTERESSE ECOLÓGICO CAPETINGA/TAQUARA","Angiosperms","Piperaceae","Peperomia","alata","Ruiz & Pav.","PIPERACEAE Peperomia alata Ruiz & Pav.","UB0312685",,"UB","Carvalho-Silva, M.","2861","Native","2020","Carvalho-Silva, M.",,"Ouro","Prata",,"Brasília","Fazenda Água Limpa, córrego mata do Gama"
"ÁREA DE RELEVANTE INTERESSE ECOLÓGICO CAPETINGA/TAQUARA","Angiosperms","Piperaceae","Piper","ovatum","Vahl","PIPERACEAE Piper ovatum Vahl","UB0312686",,"UB","Carvalho-Silva, M.","2862","Native","2020","Carvalho-Silva, M.",,"Ouro","Prata",,"Brasília","Fazenda Água Limpa, córrego do Gama"
"ÁREA DE RELEVANTE INTERESSE ECOLÓGICO CAPETINGA/TAQUARA","Angiosperms","Poaceae","Isachne","goiasensis","Renvoize","POACEAE Isachne goiasensis Renvoize","UB1289522",,"UB","Brito, C.A.","65","Native","2019","Oliveira, R.C.","2022","Ouro","Prata",,"Brasília","Fazenda Água Limpa."
"ÁREA DE RELEVANTE INTERESSE ECOLÓGICO CAPETINGA/TAQUARA","Angiosperms","Apocynaceae","Minaria","cordata","(Turcz.) T.U.P.Konno & Rapini","APOCYNACEAE Minaria cordata (Turcz.) T.U.P.Konno & Rapini","HUEFS0253618","splink","HUEFS","Goes, B.T.P.M.","477","Native","2019","Rapini, A.","2021","Ouro","Prata",,"Brasília","Apa Gama e Cabeça de Veado. Fazenda Água Limpa, UNB. Folha: SD-23-Y-C."
"ÁREA DE RELEVANTE INTERESSE ECOLÓGICO CAPETINGA/TAQUARA","Angiosperms","Myrtaceae","Psidium","australe","Cambess.","MYRTACEAE Psidium australe Cambess.","UB1068387",,"UB","Souza, G.F.","55","Native","2018","Faria, J.E.Q.","2023","Ouro","Prata",,"Brasília","Fazenda Água Limpa."
"ÁREA DE RELEVANTE INTERESSE ECOLÓGICO CAPETINGA/TAQUARA","Angiosperms","Poaceae","Aristida","sanctae-luciae","Trin.","POACEAE Aristida sanctae-luciae Trin.","UB1173202",,"UB","Oliveira, R.C.","3473","Native","2018","Oliveira, R.C.","2019","Ouro","Prata",,"Brasília","Fazenda Água Limpa, campo úmido próximo ao Ribeirão do Gama."
"ÁREA DE RELEVANTE INTERESSE ECOLÓGICO CAPETINGA/TAQUARA","Angiosperms","Poaceae","Andropogon","bicornis","L.","POACEAE Andropogon bicornis L.","UFG0071368","splink","UFG","Machida, W.S.","58","Native","2018","Oliveira, R.C.","2018","Ouro","Prata",,"Brasília","Fazenda Água Limpa"
"ÁREA DE RELEVANTE INTERESSE ECOLÓGICO CAPETINGA/TAQUARA","Angiosperms","Poaceae","Steinchisma","stenophyllum","(Hack.) Zuloaga & Morrone","POACEAE Steinchisma stenophyllum (Hack.) Zuloaga & Morrone","UB1324807",,"UB","Oliveira, R.C.","3476","Native","2018","Oliveira, R.C.","2018","Ouro","Prata",,"Brasília","Fazenda Água Limpa, campo úmido próximo ao Ribeirão do Gama."
"ÁREA DE RELEVANTE INTERESSE ECOLÓGICO CAPETINGA/TAQUARA","Angiosperms","Poaceae","Paspalum","multicaule","Poir.","POACEAE Paspalum multicaule Poir.","UB0314069",,"UB","Oliveira, R.C.","3285","Native","2017",,,"Ouro","Prata",,"Brasília","Fazenda Água Limpa, próximo ao Riacho da Onça. DF"
"ÁREA DE RELEVANTE INTERESSE ECOLÓGICO CAPETINGA/TAQUARA","Angiosperms","Poaceae","Andropogon","lateralis","Nees","POACEAE Andropogon lateralis Nees","UFG0071423","splink","UFG","Oliveira, R.C.","3349","Native","2017","Oliveira, R.C.","2017","Ouro","Prata",,"Brasília","Fazenda Água Limpa"
"ÁREA DE RELEVANTE INTERESSE ECOLÓGICO CAPETINGA/TAQUARA","Angiosperms","Poaceae","Axonopus",,"P. Beauv.","POACEAE Axonopus P. Beauv.","UB0030434",,"UB","Oliveira, R.C.","3143","Native","2016",,,"Ouro","Prata",,"Brasília","Vargem Bonita, Fazenda água limpa, entrada a direita após o mirante."
"ÁREA DE RELEVANTE INTERESSE ECOLÓGICO CAPETINGA/TAQUARA","Angiosperms","Poaceae","Schizachyrium",,"Nees","POACEAE Schizachyrium Nees","UB0030611",,"UB","Oliveira, R.C.","3145","Native","2016",,,"Ouro","Prata",,"Brasília","Vargem Bonita, Fazenda água limpa, entrada a direita após o mirante."
"ÁREA DE RELEVANTE INTERESSE ECOLÓGICO CAPETINGA/TAQUARA","Angiosperms","Fabaceae","Sigmoidotropis",,"(Piper) A. Delgado","FABACEAE Sigmoidotropis (Piper) A. Delgado","UB0041873",,"UB","Oliveira, R.C.","3169","Native","2016","Santos, F.S.","2024","Ouro","Prata",,"Brasília","Fazenda Água Limpa - FAL, UnB."
"ÁREA DE RELEVANTE INTERESSE ECOLÓGICO CAPETINGA/TAQUARA","Angiosperms","Oxalidaceae","Oxalis","densifolia","Mart. & Zucc. ex Zucc.","OXALIDACEAE Oxalis densifolia Mart. & Zucc. ex Zucc.","UB0055712",,"UB","Oliveira, R.C.","3161","Native","2016","Fiaschi, P.","2024","Ouro","Prata",,"Brasília","Fazenda Água Limpa - FAL, UnB."
"ÁREA DE RELEVANTE INTERESSE ECOLÓGICO CAPETINGA/TAQUARA","Angiosperms","Poaceae","Sporobolus","indicus","(L.) R.Br.","POACEAE Sporobolus indicus (L.) R.Br.","UB0030920",,"UB","Oliveira, R.C.","3173","Native","2016","Oliveira, R.C.","2023","Ouro","Prata",,"Brasília","Fazenda Água Limpa - FAL, UnB."
"ÁREA DE RELEVANTE INTERESSE ECOLÓGICO CAPETINGA/TAQUARA","Angiosperms","Convolvulaceae","Distimake","tomentosus","(Choisy) Petrongari & Sim.-Bianch.","CONVOLVULACEAE Distimake tomentosus (Choisy) Petrongari & Sim.-Bianch.","UB1154665",,"UB","Oliveira, R.C.","3165","Native","2016","Petrongari, F.S.","2019","Ouro","Prata",,"Brasília","Fazenda Água Limpa - FAL, UnB."
"ÁREA DE RELEVANTE INTERESSE ECOLÓGICO CAPETINGA/TAQUARA","Angiosperms","Poaceae","Hyparrhenia","bracteata","(Humb. & Bonpl. ex Willd.) Stapf","POACEAE Hyparrhenia bracteata (Humb. & Bonpl. ex Willd.) Stapf","UB0030524",,"UB","Oliveira, R.C.","3172","Native","2016","Oliveira, R.C.","2019","Ouro","Prata",,"Brasília","Fazenda Água Limpa - FAL, UnB."
"ÁREA DE RELEVANTE INTERESSE ECOLÓGICO CAPETINGA/TAQUARA","Angiosperms","Rubiaceae","Coccocypselum","lanceolatum","(Ruiz & Pav.) Pers.","RUBIACEAE Coccocypselum lanceolatum (Ruiz & Pav.) Pers.","UB1287420",,"UB","Oliveira, R.C.","3157","Native","2016","Delprete, P.G.","2018","Ouro","Prata",,"Brasília","Fazenda Água Limpa - FAL, UnB."
"ÁREA DE RELEVANTE INTERESSE ECOLÓGICO CAPETINGA/TAQUARA","Angiosperms","Rubiaceae","Psychotria",,"L.","RUBIACEAE Psychotria L.","UB1068914",,"UB","Oliveira, R.C.","3156","Native","2016","Delprete, P.G.","2018","Ouro","Prata",,"Brasília","Fazenda Água Limpa - FAL, UnB."
"ÁREA DE RELEVANTE INTERESSE ECOLÓGICO CAPETINGA/TAQUARA","Angiosperms","Poaceae","Paspalum","melanospermum","Desv. ex Poir.","POACEAE Paspalum melanospermum Desv. ex Poir.","UB0030948",,"UB","Oliveira, R.C.","3168","Native","2016","Al., E.","2016","Ouro","Prata",,"Brasília","Fazenda Água Limpa - FAL, UnB."
"ÁREA DE RELEVANTE INTERESSE ECOLÓGICO CAPETINGA/TAQUARA","Angiosperms","Poaceae","Aristida",,"L.","POACEAE Aristida L.","UB0030601",,"UB","Oliveira, R.C.","3060","Naturalized","2015","Oliveira, R.C.",,"Ouro","Prata",,"Brasília","Fazenda Água limpa, próximo ao Lago Azul."
"ÁREA DE RELEVANTE INTERESSE ECOLÓGICO CAPETINGA/TAQUARA","Angiosperms","Poaceae","Paspalum",,"L.","POACEAE Paspalum L.","92641","splink","UFP","Oliveira, R.C.","3059","Native","2015",,"0-0-0","Ouro","Prata",,"Brasília","Fazenda Àgua Limpa, próximo ao Lago Azul."
"ÁREA DE RELEVANTE INTERESSE ECOLÓGICO CAPETINGA/TAQUARA","Angiosperms","Poaceae","Paspalum","maculosum","Trin.","POACEAE Paspalum maculosum Trin.","UB1244995","splink","UB","Oliveira, R.C.","2998","Native","2015","Oliveira, R.C.",,"Ouro","Prata",,"Brasília","Fazenda Água limpa, próximo tríplice fronteira: FAL, JBB e IBGE."
"ÁREA DE RELEVANTE INTERESSE ECOLÓGICO CAPETINGA/TAQUARA","Angiosperms","Poaceae",,,"Barnhart","POACEAE Poaceae Barnhart","UB1330931","splink","UB","Oliveira, R.C.","3002","Native","2015","Oliveira, R.C.",,"Ouro","Prata",,"Brasília","Fazenda Água limpa, próximo tríplice fronteira: FAL, JBB e IBGE."
"ÁREA DE RELEVANTE INTERESSE ECOLÓGICO CAPETINGA/TAQUARA","Angiosperms","Asteraceae","Chresta","scapigera","(Less.) Gardner","ASTERACEAE Chresta scapigera (Less.) Gardner","UB0053994",,"UB","Oliveira, R.C.","3061","Native","2015","Bringel, J.B.","2022","Ouro","Prata",,"Brasília","Fazenda Água limpa."
"ÁREA DE RELEVANTE INTERESSE ECOLÓGICO CAPETINGA/TAQUARA","Angiosperms","Acanthaceae","Ruellia","hapalotricha","Lindau","ACANTHACEAE Ruellia hapalotricha Lindau","UB0044465",,"UB","Souza, G.F.","37","Native","2015","Zanatta, M.R.V.","2016","Ouro","Prata",,"Brasília","Fazenda Água Limpa, próximo a cahoeira do Capetinga."
"ÁREA DE RELEVANTE INTERESSE ECOLÓGICO CAPETINGA/TAQUARA","Angiosperms","Solanaceae","Solanum","falciforme","Farruggia","SOLANACEAE Solanum falciforme Farruggia","UB1358772",,"UB","Siqueira, E.M.A.","1","Native","2014","Giacomin, L.L.","2023","Ouro","Prata",,"Brasília","Fazenda Água Limpa - Universidade de Brasília."
"ÁREA DE RELEVANTE INTERESSE ECOLÓGICO CAPETINGA/TAQUARA","Angiosperms","Myrtaceae","Myrcia","depauperata","Glaz. ex P.O.Rosa & Proença","MYRTACEAE Myrcia depauperata Glaz. ex P.O.Rosa & Proença","34854","splink","HEPH","Souza, G.F.","26","Native","2014","Rosa, P.O.","2022","Ouro","Prata",,"Brasília","Fazenda Água Limpa, Mirante"
"ÁREA DE RELEVANTE INTERESSE ECOLÓGICO CAPETINGA/TAQUARA","Angiosperms","Myrtaceae","Myrcia","bella","Cambess.","MYRTACEAE Myrcia bella Cambess.","34855","splink","HEPH","Souza, G.F.","18","Native","2014","Rosa, P.O.","2019","Ouro","Prata",,"Brasília","Fazenda Água Limpa, Mirante"
"ÁREA DE RELEVANTE INTERESSE ECOLÓGICO CAPETINGA/TAQUARA","Angiosperms","Myrtaceae","Myrcia","pubescens","DC.","MYRTACEAE Myrcia pubescens DC.","UB1017281","splink","UB","Faria, J.E.Q.","4317","Native","2014","Faria, J.E.Q.","2014","Ouro","Prata",,"Brasília","Fazenda Água Limpa (FAL)."
"ÁREA DE RELEVANTE INTERESSE ECOLÓGICO CAPETINGA/TAQUARA","Angiosperms","Orchidaceae","Polystachya","foliosa","(Hook.) Rchb.f.","ORCHIDACEAE Polystachya foliosa (Hook.) Rchb.f.","UB0031340",,"UB","Oliveira, R.P.","77","Native","2013","Bianchetti, L.B.",,"Ouro","Prata",,"Brasília","Fazenda Água Limpa (Córrego Capetinga)."
"ÁREA DE RELEVANTE INTERESSE ECOLÓGICO CAPETINGA/TAQUARA","Angiosperms","Lamiaceae","Hyptis",,"Jacq.","LAMIACEAE Hyptis Jacq.","UB1037126","splink","UB","Vieira, R.F.","2604","Native","2013","Antar, G.M.","2017","Ouro","Prata",,"Brasília","Fazenda Água Limpa - UnB."
"ÁREA DE RELEVANTE INTERESSE ECOLÓGICO CAPETINGA/TAQUARA","Angiosperms","Poaceae","Aristida","recurvata","Kunth","POACEAE Aristida recurvata Kunth","UFG0071974","splink","UFG","Oliveira, R.C.","2858","Native","2013","Oliveira, R.C.","2016","Ouro","Prata",,"Brasília","Fazenda Água Limpa"
"ÁREA DE RELEVANTE INTERESSE ECOLÓGICO CAPETINGA/TAQUARA","Angiosperms","Orchidaceae","Brassavola","tuberculata","Hook.","ORCHIDACEAE Brassavola tuberculata Hook.","UB0019223",,"UB","Oliveira, R.P.","50","Native","2012","Bianchetti, L.B.",,"Ouro","Prata",,"Brasília","Fazenda Água Limpa (Córrego Taquara)."
"ÁREA DE RELEVANTE INTERESSE ECOLÓGICO CAPETINGA/TAQUARA","Angiosperms","Solanaceae","Solanum","viscosissimum","Sendtn.","SOLANACEAE Solanum viscosissimum Sendtn.","UB1098490",,"UB","Oliveira, R.P.","59A","Native","2012","Knapp, S.","2023","Ouro","Prata",,"Brasília","Fazenda Água Limpa (Córrego da Onça)."
"ÁREA DE RELEVANTE INTERESSE ECOLÓGICO CAPETINGA/TAQUARA","Angiosperms","Primulaceae","Myrsine","leuconeura","Mart.","PRIMULACEAE Myrsine leuconeura Mart.","UB1075076","splink","UB","Oliveira, R.P.","47","Native","2012","Freitas, M.F.","2018","Ouro","Prata",,"Brasília","Fazenda Água Limpa (Córrego Taquara)."
"ÁREA DE RELEVANTE INTERESSE ECOLÓGICO CAPETINGA/TAQUARA","Angiosperms","Piperaceae","Piper","caldense","C.DC.","PIPERACEAE Piper caldense C.DC.","UB1060664","splink","UB","Oliveira, R.P.","58","Native","2012","Silva, M.C.","2015","Ouro","Prata",,"Brasília","Fazenda Água Limpa (Córrego da Onça)."
"ÁREA DE RELEVANTE INTERESSE ECOLÓGICO CAPETINGA/TAQUARA","Angiosperms","Malpighiaceae","Banisteriopsis","megaphylla","(A.Juss.) B.Gates","MALPIGHIACEAE Banisteriopsis megaphylla (A.Juss.) B.Gates","UB0323326",,"UB","Almeida, R.F.","s.n.","Native","2011",,,"Ouro","Prata",,"Brasília","Fazenda Água Limpa (FAL / UnB)."
"ÁREA DE RELEVANTE INTERESSE ECOLÓGICO CAPETINGA/TAQUARA","Angiosperms","Solanaceae","Solanum","savannarum","Ribeiro-Silva & Proença","SOLANACEAE Solanum savannarum Ribeiro-Silva & Proença","UB0323302",,"UB","Almeida, R.F.","s.n.","Native","2011","Knapp, S.","2023","Ouro","Prata",,"Brasília","Fazenda Água Limpa (FAL / UnB)."
"ÁREA DE RELEVANTE INTERESSE ECOLÓGICO CAPETINGA/TAQUARA",,"Melastomataceae","Microlicia","cataphracta","(DC.) Versiane & R.Romero","MELASTOMATACEAE Microlicia cataphracta (DC.) Versiane & R.Romero","HUFU00080913","splink","HUFU","Walter, B.M.T.","6192",,"2011","Romero, R.","2022","Ouro","Prata",,"Brasília","Córrego da Onça, Fazenda Água Limpa. Cabeceira do córrego da Onça, próximo ao Olho d'água da Onça."
"ÁREA DE RELEVANTE INTERESSE ECOLÓGICO CAPETINGA/TAQUARA",,"Melastomataceae","Microlicia","macrantha","Versiane & R.Romero","MELASTOMATACEAE Microlicia macrantha Versiane & R.Romero","HUFU00080915","splink","HUFU","Walter, B.M.T.","6191",,"2011","Romero, R.","2022","Ouro","Prata",,"Brasília","Córrego da Onça, Fazenda Água Limpa. Cabeceira do Córrego da Onça."
"ÁREA DE RELEVANTE INTERESSE ECOLÓGICO CAPETINGA/TAQUARA","Angiosperms","Rubiaceae","Galianthe",,"Griseb. ex Lorentz","RUBIACEAE Galianthe Griseb. ex Lorentz","UB0120685",,"UB","Munhoz, C.B.R.","PP-FAL74","Native","2011","Delprete, P.G.","2022","Ouro","Prata",,"Brasília","Fazenda Água Limpa."
"ÁREA DE RELEVANTE INTERESSE ECOLÓGICO CAPETINGA/TAQUARA","Angiosperms","Rubiaceae","Staelia",,"Cham.","RUBIACEAE Staelia Cham.","UB0120682",,"UB","Munhoz, C.B.R.","PP-FAL75","Native","2011","Delprete, P.G.","2022","Ouro","Prata",,"Brasília","Fazenda Água Limpa."
"ÁREA DE RELEVANTE INTERESSE ECOLÓGICO CAPETINGA/TAQUARA","Angiosperms","Fabaceae","Mimosa","urbica","(Barneby) Marc.F.Simon","FABACEAE Mimosa urbica (Barneby) Marc.F.Simon","K002341363","splink","K","Borges, L.M.","515","Native","2010",,,"Ouro","Prata",,"Brasília","Brasília: Fazenda Agua Limpa (Propriedade da Universidade de Brasília). Cerrado."
"ÁREA DE RELEVANTE INTERESSE ECOLÓGICO CAPETINGA/TAQUARA","Angiosperms","Fabaceae","Mimosa","claussenii","Barneby","FABACEAE Mimosa claussenii var. prorsiseta Barneby","SPSC009171","splink","SPSC","Borges, L.M.","514","Native","2010","Borges, L.M.","2016","Ouro","Prata",,"Brasília","Fazenda água Limpa (propriedade da Universidade de Brasília)."
"ÁREA DE RELEVANTE INTERESSE ECOLÓGICO CAPETINGA/TAQUARA","Angiosperms","Myrtaceae","Myrcia","mutabilis","(O.Berg) N.Silveira","MYRTACEAE Myrcia mutabilis (O.Berg) N.Silveira","UB1277496",,"UB","Santos, M.F.","621","Native","2010","Santos, M.F.","2014","Ouro","Prata",,"Brasília","Brasília: Fazenda Água Limpa (propriedade da UnB). Beira do córrego Capetinga, próximo ponte."
"ÁREA DE RELEVANTE INTERESSE ECOLÓGICO CAPETINGA/TAQUARA","Angiosperms","Poaceae","Paspalum","bicilium","Mez","POACEAE Paspalum bicilium Mez","UB0026478",,"UB","Oliveira, R.C.","2527","Native","2010","Oliveira, R.C.","2010","Ouro","Prata",,"Brasília","UNB - Fazenda Água Limpa, Morro do Urubu, margem do curso d´água."
"ÁREA DE RELEVANTE INTERESSE ECOLÓGICO CAPETINGA/TAQUARA","Angiosperms","Poaceae","Paspalum","decumbens","Sw.","POACEAE Paspalum decumbens Sw.","UB0026493",,"UB","Oliveira, R.C.","2526","Native","2010","Oliveira, R.C.","2010","Ouro","Prata",,"Brasília","Fazenda Água Limpa, na trilha para a cachoeira."
"ÁREA DE RELEVANTE INTERESSE ECOLÓGICO CAPETINGA/TAQUARA","Angiosperms","Melastomataceae","Microlicia","euphorbioides","Mart.","MELASTOMATACEAE Microlicia euphorbioides Mart.","HUEFS0259463","splink","HUEFS","Munhoz, C.B.R.","6421A","Native","2009",,,"Ouro","Prata",,"Brasília","Fazenda Água Limpa"
"ÁREA DE RELEVANTE INTERESSE ECOLÓGICO CAPETINGA/TAQUARA","Angiosperms","Orchidaceae","Epidendrum","pseudodifforme","Hoehne & Schltr.","ORCHIDACEAE Epidendrum pseudodifforme Hoehne & Schltr.","101050700","splink","MO-DUPLICATES","Meneguzzo, T.E.C.","59","Native","2009",,,"Ouro","Prata",,"Brasília","Fazenda Água Limpa."
"ÁREA DE RELEVANTE INTERESSE ECOLÓGICO CAPETINGA/TAQUARA","Angiosperms","Lamiaceae","Hyptis","villosa","Pohl ex Benth.","LAMIACEAE Hyptis villosa Pohl ex Benth.","UB0057864",,"UB","Munhoz, C.B.R.","6508B","Native","2009","Antar, G.M.","2024","Ouro","Prata",,"Brasília","Fazenda Água Limpa."
"ÁREA DE RELEVANTE INTERESSE ECOLÓGICO CAPETINGA/TAQUARA","Angiosperms","Malpighiaceae","Peixotoa",,"A.Juss.","MALPIGHIACEAE Peixotoa A.Juss.","SP020004","splink","SP","Amaral, A.G.","1788","Native","2007","Mamede, M.C.H.",,"Ouro","Prata",,"Brasília","Fazenda Água Limpa"
"ÁREA DE RELEVANTE INTERESSE ECOLÓGICO CAPETINGA/TAQUARA","Angiosperms","Malvaceae","Sida","linifolia","Cav.","MALVACEAE Sida linifolia Cav.","405035","splink","SP","Amaral, A.G.","1236","Native","2007","Esteves, G.L.",,"Ouro","Prata",,"Brasília","Fazenda Água Limpa"
"ÁREA DE RELEVANTE INTERESSE ECOLÓGICO CAPETINGA/TAQUARA","Angiosperms","Myrtaceae","Eugenia","myrcianthes","Nied.","MYRTACEAE Eugenia myrcianthes Nied.","UB1034335","splink","UB","Amaral, A.G.","2338","Native","2007","Proenca, C.E.B.",,"Ouro","Prata",,"Brasília","Fazenda Água Limpa (FAL)."
"ÁREA DE RELEVANTE INTERESSE ECOLÓGICO CAPETINGA/TAQUARA","Angiosperms","Lauraceae","Nectandra","cuspidata","Nees","LAURACEAE Nectandra cuspidata Nees","UB0054560",,"UB","Bezerra, K.M.G.","4","Native","2007","Alves, F.M.","2022","Ouro","Prata",,"Brasília","Fazenda Água Limpa, Fazenda Água Limpa (FAL)."
"ÁREA DE RELEVANTE INTERESSE ECOLÓGICO CAPETINGA/TAQUARA","Angiosperms","Convolvulaceae","Distimake","maragniensis","(Choisy) Petrongari & Sim.-Bianch.","CONVOLVULACEAE Distimake maragniensis (Choisy) Petrongari & Sim.-Bianch.","399368","splink","SP","Amaral, A.G.","1116","Native","2007","Petrongari, F.S.","2021","Ouro","Prata",,"Brasília","Fazenda Água Limpa"
"ÁREA DE RELEVANTE INTERESSE ECOLÓGICO CAPETINGA/TAQUARA","Angiosperms","Lamiaceae","Cantinoa","subrotunda","(Pohl ex Benth.) Harley & J.F.B.Pastore","LAMIACEAE Cantinoa subrotunda (Pohl ex Benth.) Harley & J.F.B.Pastore","HUEFS0138134","splink","HUEFS","Amaral, A.G.","1705","Native","2007","Harley, R.M.","2018","Ouro","Prata",,"Brasília","Brasília. Fazenda Água Limpa, borda de Mata de Galeria."
"ÁREA DE RELEVANTE INTERESSE ECOLÓGICO CAPETINGA/TAQUARA","Angiosperms","Gleicheniaceae","Sticherus","lanuginosus","(Fée) Nakai","GLEICHENIACEAE Sticherus lanuginosus (Fée) Nakai","183255","splink","BHCB","Ferreira, R.S.","14","Native","2007","Salino, A.","2016","Ouro","Prata",,"Brasília","Fazenda Água Limpa, Córrego Capetinga e arredores."
"ÁREA DE RELEVANTE INTERESSE ECOLÓGICO CAPETINGA/TAQUARA","Angiosperms","Asteraceae","Calea","fruticosa","(Gardner) Urbatsch, Zlotsky & Pruski","ASTERACEAE Calea fruticosa (Gardner) Urbatsch, Zlotsky & Pruski","UB0053391",,"UB","Calaca, J.C.P.","1","Native","2007","Silva, G.H.","2014","Ouro","Prata",,"Brasília","Fazenda Água Limpa."
"ÁREA DE RELEVANTE INTERESSE ECOLÓGICO CAPETINGA/TAQUARA","Angiosperms","Asteraceae","Calea","sickii","(G.M.Barroso) Urbatsch et al.","ASTERACEAE Calea sickii (G.M.Barroso) Urbatsch et al.","UB0053565",,"UB","Carvalho, P.S.","218","Native","2007","Silva, G.H.","2014","Ouro","Prata",,"Brasília","Fazenda Água Limpa (UnB)"
"ÁREA DE RELEVANTE INTERESSE ECOLÓGICO CAPETINGA/TAQUARA","Angiosperms","Xyridaceae","Xyris","macrocephala","Vahl","XYRIDACEAE Xyris macrocephala Vahl","447013","splink","SP","Amaral, A.G.","1883","Native","2007","Wanderley, M.G.L.","2014","Ouro","Prata",,"Brasília","Fazenda Água Limpa"
"ÁREA DE RELEVANTE INTERESSE ECOLÓGICO CAPETINGA/TAQUARA","Angiosperms","Xyridaceae","Xyris","tortula","Mart.","XYRIDACEAE Xyris tortula Mart.","447009","splink","SP","Amaral, A.G.","1688","Native","2007","Wanderley, M.G.L.","2014","Ouro","Prata",,"Brasília","Fazenda Água Limpa"
"ÁREA DE RELEVANTE INTERESSE ECOLÓGICO CAPETINGA/TAQUARA","Angiosperms","Xyridaceae","Abolboda","poarchon","Seub.","XYRIDACEAE Abolboda poarchon Seub.","447020","splink","SP","Amaral, A.G.","1453","Native","2007","Wanderley, M.G.L.","2013","Ouro","Prata",,"Brasília","Fazenda Água Limpa"
"ÁREA DE RELEVANTE INTERESSE ECOLÓGICO CAPETINGA/TAQUARA","Angiosperms","Asteraceae","Lessingianthus",,"H.Rob.","ASTERACEAE Lessingianthus H.Rob.","UB0190308",,"UB","Amaral, A.G.","2284","Native","2007","Rivera, V.L.","2012","Ouro","Prata",,"Brasília","Fazenda Água Limpa (FAL)."
"ÁREA DE RELEVANTE INTERESSE ECOLÓGICO CAPETINGA/TAQUARA","Angiosperms","Euphorbiaceae","Microstachys","ditassoides","(Didr.) Esser","EUPHORBIACEAE Microstachys ditassoides (Didr.) Esser","UB1275325","splink","UB","Carvalho, P.S.","384","Native","2007","Cordeiro, I.","2012","Ouro","Prata",,"Brasília","Fazenda Água Limpa (UnB)."
"ÁREA DE RELEVANTE INTERESSE ECOLÓGICO CAPETINGA/TAQUARA","Angiosperms","Myrtaceae","Eugenia","cristaensis","O.Berg","MYRTACEAE Eugenia cristaensis O.Berg","UB1033956","splink","UB","Carvalho, P.S.","387","Native","2007","Proenca, C.E.B.","2012","Ouro","Prata",,"Brasília","Fazenda Água Limpa (UnB)."
"ÁREA DE RELEVANTE INTERESSE ECOLÓGICO CAPETINGA/TAQUARA","Angiosperms","Asteraceae","Baccharis","reticulata","(Ruiz & Pav.) Pers.","ASTERACEAE Baccharis reticulata (Ruiz & Pav.) Pers.","UB0052682",,"UB","Amaral, A.G.","1598","Native","2007","Heiden, G.","2011","Ouro","Prata",,"Brasília","Fazenda Água Limpa, borda de mata de galeria."
"ÁREA DE RELEVANTE INTERESSE ECOLÓGICO CAPETINGA/TAQUARA","Angiosperms","Malpighiaceae","Glicophyllum","argenteum","(A.Juss.) R.F.Almeida & M.Pell.","MALPIGHIACEAE Glicophyllum argenteum (A.Juss.) R.F.Almeida & M.Pell.","UB1242340","splink","UB","Carvalho, P.S.","345","Native","2007","Francener, A.","2011","Ouro","Prata",,"Brasília","Fazenda Água Limpa (UnB)."
"ÁREA DE RELEVANTE INTERESSE ECOLÓGICO CAPETINGA/TAQUARA","Angiosperms","Lauraceae","Aniba","heringeri","Vattimo-Gil","LAURACEAE Aniba heringeri Vattimo-Gil","UB0045232","splink","UB","Bezerra, K.M.G.","5","Native","2007","Moraes, P.L.R.","2010","Ouro","Prata",,"Brasília","Fazenda Água Limpa, Fazenda Água Limpa (FAL)."
"ÁREA DE RELEVANTE INTERESSE ECOLÓGICO CAPETINGA/TAQUARA","Angiosperms","Malpighiaceae","Banisteriopsis","variabilis","B.Gates","MALPIGHIACEAE Banisteriopsis variabilis B.Gates","SP013701","splink","SP","Amaral, A.G.","1269","Native","2007","Mamede, M.C.H.","2009","Ouro","Prata",,"Brasília","Fazenda Água Limpa"
"ÁREA DE RELEVANTE INTERESSE ECOLÓGICO CAPETINGA/TAQUARA","Angiosperms","Malpighiaceae","Byrsonima","guilleminiana","A.Juss.","MALPIGHIACEAE Byrsonima guilleminiana A.Juss.","SP015753","splink","SP","Amaral, A.G.","1603","Native","2007","Mamede, M.C.H.","2009","Ouro","Prata",,"Brasília","Fazenda Água Limpa"
"ÁREA DE RELEVANTE INTERESSE ECOLÓGICO CAPETINGA/TAQUARA","Angiosperms","Xyridaceae","Xyris","asperula","Mart.","XYRIDACEAE Xyris asperula Mart.","UB0029178",,"UB","Carvalho, P.S.","256","Native","2007","Wanderley, M.G.L.","2009","Ouro","Prata",,"Brasília","Fazenda Água Limpa (UnB)."
"ÁREA DE RELEVANTE INTERESSE ECOLÓGICO CAPETINGA/TAQUARA","Angiosperms","Malpighiaceae","Banisteriopsis","oxyclada","(A.Juss.) B.Gates","MALPIGHIACEAE Banisteriopsis oxyclada (A.Juss.) B.Gates","SP013276","splink","SP","Amaral, A.G.","992","Native","2007","Mamede, M.C.H.","2008","Ouro","Prata",,"Brasília","Fazenda Água Limpa, borda de Mata de Galeria"
"ÁREA DE RELEVANTE INTERESSE ECOLÓGICO CAPETINGA/TAQUARA","Angiosperms","Malpighiaceae","Byrsonima","basiloba","A.Juss.","MALPIGHIACEAE Byrsonima basiloba A.Juss.","SP013947","splink","SP","Amaral, A.G.","1657","Native","2007","Mamede, M.C.H.","2008","Ouro","Prata",,"Brasília","Fazenda Água Limpa, borda de mata de galeria"
"ÁREA DE RELEVANTE INTERESSE ECOLÓGICO CAPETINGA/TAQUARA","Angiosperms","Malpighiaceae","Heteropterys","campestris","A.Juss.","MALPIGHIACEAE Heteropterys campestris A.Juss.","SP018088","splink","SP","Amaral, A.G.","1487a","Native","2007","Mamede, M.C.H.","2008","Ouro","Prata",,"Brasília","Fazenda Água Limpa, borda de Mata de Galeria"
"ÁREA DE RELEVANTE INTERESSE ECOLÓGICO CAPETINGA/TAQUARA","Angiosperms","Fabaceae","Chamaecrista","cinerascens","(Vogel) H.S.Irwin & Barneby","FABACEAE Chamaecrista cinerascens (Vogel) H.S.Irwin & Barneby","UB0054590",,"UB","Costa-De, D.R.","003","Native","2006","Rando, J.G.","2024","Ouro","Prata",,"Brasília","Fazenda Água Limpa"
"ÁREA DE RELEVANTE INTERESSE ECOLÓGICO CAPETINGA/TAQUARA","Angiosperms","Convolvulaceae","Ipomoea","procumbens","Mart. ex Choisy","CONVOLVULACEAE Ipomoea procumbens Mart. ex Choisy","UB1358531",,"UB","Araujo, B.F.","1","Native","2006","Bianchini, R.S.","2019","Ouro","Prata",,"Brasília","Fazenda Água Limpa."
"ÁREA DE RELEVANTE INTERESSE ECOLÓGICO CAPETINGA/TAQUARA","Angiosperms","Lamiaceae","Amasonia","hirta","Benth.","LAMIACEAE Amasonia hirta Benth.","UB1358456",,"UB","Fernandes, D.","2","Native","2006","Antar, G.M.","2017","Ouro","Prata",,"Brasília","Fazenda Água Limpa."
"ÁREA DE RELEVANTE INTERESSE ECOLÓGICO CAPETINGA/TAQUARA","Angiosperms","Asteraceae","Chrysolaena","simplex","(Less.) Dematt.","ASTERACEAE Chrysolaena simplex (Less.) Dematt.","UB0050297",,"UB","Amaral, A.G.","327","Native","2006","Bringel, J.B.A.","2015","Ouro","Prata",,"Brasília","Fazenda Água Limpa, borda de mata de galeria."
"ÁREA DE RELEVANTE INTERESSE ECOLÓGICO CAPETINGA/TAQUARA","Angiosperms","Myrtaceae","Eugenia","langsdorffii","O.Berg","MYRTACEAE Eugenia langsdorffii O.Berg","UB1264534","splink","UB","Amaral, A.G.","2335","Native","2006","Faria, J.E.Q.","2014","Ouro","Prata",,"Brasília","Fazenda Água Limpa (FAL)."
"ÁREA DE RELEVANTE INTERESSE ECOLÓGICO CAPETINGA/TAQUARA","Angiosperms","Fabaceae","Mimosa","setosa","Benth.","FABACEAE Mimosa setosa Benth.","HUEFS0120462","splink","HUEFS","Araujo, D.","1","Native","2006","Borges, L.M.","2012","Ouro","Prata",,"Brasília","Fazenda Água Limpa."
"ÁREA DE RELEVANTE INTERESSE ECOLÓGICO CAPETINGA/TAQUARA","Angiosperms","Myrtaceae","Myrcia","myrtillifolia","DC.","MYRTACEAE Myrcia myrtillifolia DC.","HUEFS0120448","splink","HUEFS","Silva, R.",,"Native","2006","Sobral, M.","2012","Ouro","Prata",,"Brasília","Fazenda Água Limpa."
"ÁREA DE RELEVANTE INTERESSE ECOLÓGICO CAPETINGA/TAQUARA","Angiosperms","Malpighiaceae","Heteropterys","eglandulosa","A.Juss.","MALPIGHIACEAE Heteropterys eglandulosa A.Juss.","SP018817","splink","SP","Amaral, A.G.","209","Native","2006","Mamede, M.C.H.","2010","Ouro","Prata",,"Brasília","Fazenda Água Limpa"
"ÁREA DE RELEVANTE INTERESSE ECOLÓGICO CAPETINGA/TAQUARA","Angiosperms","Primulaceae","Cybianthus","detergens","Mart.","PRIMULACEAE Cybianthus detergens Mart.","HUEFS0120453","splink","HUEFS","Teixeirense, H.","1","Native","2006","Freitas, M.F.","2009","Ouro","Prata",,"Brasília","Fazenda Água Limpa."
"ÁREA DE RELEVANTE INTERESSE ECOLÓGICO CAPETINGA/TAQUARA","Angiosperms","Asteraceae","Aspilia","foliacea","(Spreng.) Baker","ASTERACEAE Aspilia foliacea (Spreng.) Baker","UB0049518",,"UB","Lobo, Y.","1","Native","2006","Teles, A.M.","2008","Ouro","Prata",,"Brasília","Fazenda Água Limpa (FAL)"
"ÁREA DE RELEVANTE INTERESSE ECOLÓGICO CAPETINGA/TAQUARA","Angiosperms","Apocynaceae","Rhodocalyx","rotundifolius","Müll.Arg.","APOCYNACEAE Rhodocalyx rotundifolius Müll.Arg.","HUEFS0120464","splink","HUEFS","Juscelino",,"Native","2006","Souza-Silva, R.F.","2007","Ouro","Prata",,"Brasília","Fazenda Água Limpa."
"ÁREA DE RELEVANTE INTERESSE ECOLÓGICO CAPETINGA/TAQUARA","Angiosperms","Asteraceae","Echinocoryne","holosericea","(Mart. ex DC.) H.Rob.","ASTERACEAE Echinocoryne holosericea (Mart. ex DC.) H.Rob.","UB0054606",,"UB","Franco, C.M.","003","Native","2006","Rivera, V.L.","2006","Ouro","Prata",,"Brasília","Fazenda Água Limpa"
"ÁREA DE RELEVANTE INTERESSE ECOLÓGICO CAPETINGA/TAQUARA","Angiosperms","Fabaceae",,,"Lindl.","FABACEAE Fabaceae Lindl.","UB0054593",,"UB","Boas, T.","003","Native","2006","Boas, T.","2006","Ouro","Prata",,"Brasília","Fazenda Água Limpa"
"ÁREA DE RELEVANTE INTERESSE ECOLÓGICO CAPETINGA/TAQUARA","Angiosperms","Fabaceae","Mimosa","radula","Benth.","FABACEAE Mimosa radula Benth.","HUEFS0117276","splink","HUEFS","Simon, M.F.","731","Native","2006","Simon, M.F.","2006","Ouro","Prata",,"Brasília","Fazenda Agua limpa."
"ÁREA DE RELEVANTE INTERESSE ECOLÓGICO CAPETINGA/TAQUARA","Angiosperms","Bignoniaceae","Jacaranda","simplicifolia","K.Schum. ex Bureau & K.Schum.","BIGNONIACEAE Jacaranda simplicifolia K.Schum. ex Bureau & K.Schum.","UB1215831","splink","UB","Proenca, C.E.B.","2764","Native","2004","Proenca, C.E.B.",,"Ouro","Prata",,"Brasília","Fazenda Água Limpa. Próximo ao Olho d´Água da Onça."
"ÁREA DE RELEVANTE INTERESSE ECOLÓGICO CAPETINGA/TAQUARA","Angiosperms","Asteraceae","Vernonanthura","ignobilis","(Less.) H.Rob.","ASTERACEAE Vernonanthura ignobilis (Less.) H.Rob.","UB1338597","splink","UB","Pinage, E.R.","s.n.A área","Native","2003","Rivera, V.L.",,"Ouro","Prata",,"Brasília","Fazenda Água Limpa - UnB."
"ÁREA DE RELEVANTE INTERESSE ECOLÓGICO CAPETINGA/TAQUARA","Angiosperms","Lamiaceae","Oocephalus",,"(Benth.) Harley & J.F.B.Pastore","LAMIACEAE Oocephalus (Benth.) Harley & J.F.B.Pastore","5007","splink","CTBS","Fonseca, M.L.","4663","Native","2003","Pastore, J.F.B.","2020","Ouro","Prata",,"Brasília","APA-Gama e Cabeça de Veado. R.A. do Lago Sul. Fazenda Água Limpa (FAL-UnB). Área da ""MOA""."
"ÁREA DE RELEVANTE INTERESSE ECOLÓGICO CAPETINGA/TAQUARA","Angiosperms","Euphorbiaceae","Euphorbia","potentilloides","Boiss.","EUPHORBIACEAE Euphorbia potentilloides Boiss.","UB1194159","splink","UB","Pinage, E.R.","s.n.","Native","2003","Silva, O.L.M.","2014","Ouro","Prata",,"Brasília","Fazenda Água Limpa, ao lado do Córrego Taquara."
"ÁREA DE RELEVANTE INTERESSE ECOLÓGICO CAPETINGA/TAQUARA","Angiosperms","Rubiaceae","Psyllocarpus","phyllocephalus","K.Schum.","RUBIACEAE Psyllocarpus phyllocephalus K.Schum.","JPB0057237","splink","JPB","Pastore, J.F.B.","322","Native","2003","Delprete, P.","2008","Ouro","Prata",,"Brasília","Fazenda Água Limpa, Mirante do campo de arnica."
"ÁREA DE RELEVANTE INTERESSE ECOLÓGICO CAPETINGA/TAQUARA","Angiosperms","Ochnaceae","Sauvagesia","erecta","L.","OCHNACEAE Sauvagesia erecta L.","29831","splink","HEPH","Pastore, J.F.B.","319","Native","2003","Chacon, R.G.","2003","Ouro","Prata",,"Brasília","Fazenda Água Limpa / Mirante do campo de arnica"
"ÁREA DE RELEVANTE INTERESSE ECOLÓGICO CAPETINGA/TAQUARA","Angiosperms","Verbenaceae","Lippia","lacunosa","Mart. & Schauer","VERBENACEAE Lippia lacunosa Mart. & Schauer","CESJ063832","splink","CESJ","Fonseca, M.L.","4821","Native","2003","Salimena, F.R.G.","2003","Ouro","Prata",,"Brasília","APA Gama e Cabeça de Veado, Fazenda Água Limpa, FAL-UnB, R.A. do Lago Sul"
"ÁREA DE RELEVANTE INTERESSE ECOLÓGICO CAPETINGA/TAQUARA","Angiosperms","Bignoniaceae","Jacaranda","ulei","Bureau & K.Schum.","BIGNONIACEAE Jacaranda ulei Bureau & K.Schum.","UB1215856","splink","UB","Proenca, C.E.B.","2602","Native","2002","Proenca, C.E.B.",,"Ouro","Prata",,"Brasília","Fazenda Água Limpa. Próximo da Sede."
"ÁREA DE RELEVANTE INTERESSE ECOLÓGICO CAPETINGA/TAQUARA","Angiosperms","Malpighiaceae","Byrsonima","umbellata","Mart. ex A.Juss.","MALPIGHIACEAE Byrsonima umbellata Mart. ex A.Juss.","95728","splink","CEPEC","Mendonca, R.C.","4979","Native","2002","Amorim, A.M.",,"Ouro","Prata",,"Brasília","Área de Proteção Ambiental do Gama - Cabeça de Veado, Faz. Água Limpa - Unb, borda do córrego Macaco, afluente do Ribeirão do Gama, RA - Lago Sul."
"ÁREA DE RELEVANTE INTERESSE ECOLÓGICO CAPETINGA/TAQUARA","Angiosperms","Sapindaceae","Serjania","reticulata","Cambess.","SAPINDACEAE Serjania reticulata Cambess.","UB1348785","splink","UB","Ramalho, C.L.","29","Native","2002","Ferrucci, M.S.",,"Ouro","Prata",,"Brasília","Fazenda Água Limpa, próximo ao córrego da onça."
"ÁREA DE RELEVANTE INTERESSE ECOLÓGICO CAPETINGA/TAQUARA","Angiosperms","Euphorbiaceae","Maprounea","guianensis","Aubl.","EUPHORBIACEAE Maprounea guianensis Aubl.","UB1083092","splink","UB","Mendonca, R.C.","5088","Native","2002","Silva, M.J.","2017","Ouro","Prata",,"Brasília","Área de Proteção Ambiental do Gama - Cabeça de Veado, Fazenda Água Limpa - UnB, Árie de Relevante Interesse Ecológico do Capetinga, RA - Lago Sul."
"ÁREA DE RELEVANTE INTERESSE ECOLÓGICO CAPETINGA/TAQUARA","Angiosperms","Loranthaceae","Passovia","ovata","(Pohl ex DC.) Tiegh.","LORANTHACEAE Passovia ovata (Pohl ex DC.) Tiegh.","UB0056852",,"UB","Mendonca, R.C.","5060","Native","2002","Caires, C.S.","2015","Ouro","Prata",,"Brasília","Fazenda Água Limpa."
"ÁREA DE RELEVANTE INTERESSE ECOLÓGICO CAPETINGA/TAQUARA","Angiosperms","Asteraceae","Richterago","discoidea","(Less.) Kuntze","ASTERACEAE Richterago discoidea (Less.) Kuntze","UB1237521","splink","UB","Mendonca, R.C.","5066","Native","2002","Roque, N.","2013","Ouro","Prata",,"Brasília","Fazenda Água Limpa - Universidade de Brasília."
"ÁREA DE RELEVANTE INTERESSE ECOLÓGICO CAPETINGA/TAQUARA","Angiosperms","Polygalaceae","Senega","abreui","(Marques & J.F.B.Pastore) J.F.B.Pastore","POLYGALACEAE Senega abreui (Marques & J.F.B.Pastore) J.F.B.Pastore","IBGE00055363",,"IBGE","Mendonca, R.C.","5078","Native","2002","Pastore, J.F.B.","2006","Ouro","Prata",,"Brasília","Área de Proteção Ambiental (APA) do Gama - Cabeça de Veado, Fazenda Água Limpa (FAL) - Universidade de Brasília (UnB), Área de Relevante Interesse Ecológico do Capetinga, Região Administrativa (RA) do Lago Sul. Coordenada coletada."
"ÁREA DE RELEVANTE INTERESSE ECOLÓGICO CAPETINGA/TAQUARA","Angiosperms","Euphorbiaceae","Croton","grandivelus","Baill.","EUPHORBIACEAE Croton grandivelus Baill.","SP0364604","splink","SP","Fonseca, M.L.","3876","Native","2002","Cordeiro, I.","2004","Ouro","Prata",,"Brasília","APA Gama - Cabeça de Veado, Fazenda Água Limpa (FAL-UnB) - Área da """"MOA"""" - RA do Lago Sul. Relevo plano. Latossolo vermelho. Cerrado d"
"ÁREA DE RELEVANTE INTERESSE ECOLÓGICO CAPETINGA/TAQUARA","Angiosperms","Euphorbiaceae","Manihot","gracilis","Pohl","EUPHORBIACEAE Manihot gracilis Pohl","SP0361279","splink","SP","Mendonca, R.C.","5031","Native","2002","Cordeiro, I.","2004","Ouro","Prata",,"Brasília","APA Gama - Cabeça de Veado, Lago Sul, Fazenda Água Limpa - UnB, área da ""MOA"", Córrego do Macaco (afluente do Ribeirão do Gama). Campo sujo próximo à mata de galeria. Solo cor escura com aspecto argiloso. Relevo levemente inclinado."
"ÁREA DE RELEVANTE INTERESSE ECOLÓGICO CAPETINGA/TAQUARA","Angiosperms","Malpighiaceae","Heteropterys","coriacea","A.Juss.","MALPIGHIACEAE Heteropterys coriacea A.Juss.","SP018260","splink","SP","Mendonca, R.C.","4958","Native","2002","Mamede, M.C.H.","2004","Ouro","Prata",,"Brasília","APA Gama - Cabeça de Veado, fazenda Água Limpa, UnB"
"ÁREA DE RELEVANTE INTERESSE ECOLÓGICO CAPETINGA/TAQUARA","Angiosperms","Cyperaceae","Rhynchospora","globosa","(Kunth) Roem. & Schult.","CYPERACEAE Rhynchospora globosa (Kunth) Roem. & Schult.","361196","splink","SP","Mendonca, R.C.","4949","Native","2002","Prata, A.P.","2003","Ouro","Prata",,"Brasília","APA Gama - Cabeça de Veado, Fazenda Água Limpa - UnB"
"ÁREA DE RELEVANTE INTERESSE ECOLÓGICO CAPETINGA/TAQUARA","Angiosperms","Malpighiaceae","Banisteriopsis","anisandra","(A.Juss.) B.Gates","MALPIGHIACEAE Banisteriopsis anisandra (A.Juss.) B.Gates","SP012271","splink","SP","Mendonca, R.C.","4896","Native","2002","Mamede, M.C.H.","2003","Ouro","Prata",,"Brasília","APA Gama - Cabeça de Veado, Fazenda Água Limpa, UnB, -rea da ""MOA"", R.A. do Lago Sul. Cerrado denso"
"ÁREA DE RELEVANTE INTERESSE ECOLÓGICO CAPETINGA/TAQUARA","Angiosperms","Blechnaceae","Blechnum","asplenioides","Sw.","BLECHNACEAE Blechnum asplenioides Sw.","UB0033041",,"UB","Freitas, C.","9","Native","2001","Dittrich, V.A.O.","2008","Ouro","Prata",,"Brasília","Fazenda Água Limpa - UnB."
"ÁREA DE RELEVANTE INTERESSE ECOLÓGICO CAPETINGA/TAQUARA","Angiosperms","Connaraceae","Rourea","induta","Planch.","CONNARACEAE Rourea induta Planch.","UB1071161",,"UB","Santos, E.","461","Native","2000","Milhomens, L.C.",,"Ouro","Prata",,"Brasília","Fazenda Água Limpa, Fazenda Água Limpa - Universidade de Brasília."
"ÁREA DE RELEVANTE INTERESSE ECOLÓGICO CAPETINGA/TAQUARA","Ferns and Lycophytes","Orchidaceae","Habenaria","urbaniana","Cogn.","ORCHIDACEAE Habenaria urbaniana Cogn.","UB0019711",,"UB","Munhoz, C.B.R.","1495","Native","2000","Batista, J.A.N.",,"Ouro","Prata",,"Brasília","Fazenda Água Limpa."
"ÁREA DE RELEVANTE INTERESSE ECOLÓGICO CAPETINGA/TAQUARA","Angiosperms","Celastraceae","Plenckia","populnea","Reissek","CELASTRACEAE Plenckia populnea Reissek","MBM350599","splink","MBM","Proenca, C.","2239A","Native","2000","Biral, L.","2019","Ouro","Prata",,"Brasília","Fazenda Água Limpa."
"ÁREA DE RELEVANTE INTERESSE ECOLÓGICO CAPETINGA/TAQUARA","Angiosperms","Asteraceae",,,"Bercht. & J.Presl","ASTERACEAE Asteraceae Bercht. & J.Presl","FCAB005736","splink","FCAB","Munhoz, C.","830","Native","2000","Teles, A.M.","2016","Ouro","Prata",,"Brasília","Fazenda Água Limpa."
"ÁREA DE RELEVANTE INTERESSE ECOLÓGICO CAPETINGA/TAQUARA","Angiosperms","Moraceae","Brosimum","gaudichaudii","Trécul","MORACEAE Brosimum gaudichaudii Trécul","354947","splink","SP","Santos, E.","524","Native","2000","Romaniuc Neto, S.","2009","Ouro","Prata",,"Brasília","Fazenda Água Limpa"
"ÁREA DE RELEVANTE INTERESSE ECOLÓGICO CAPETINGA/TAQUARA","Angiosperms","Poaceae","Axonopus","brasiliensis","(Spreng.) Kuhlm.","POACEAE Axonopus brasiliensis (Spreng.) Kuhlm.","HCF000037270","splink","HCF","Munhoz, N.R.C.","2029","Native","2000","Oliveira, R.C.","2003","Ouro","Prata",,"Brasília","Fazenda Água Limpa, divisa com o Cristo Redentor (Jd Bot. de Brasília) e o IBGE"
"ÁREA DE RELEVANTE INTERESSE ECOLÓGICO CAPETINGA/TAQUARA","Angiosperms","Cyperaceae","Bulbostylis","junciformis","(Kunth) C.B.Clarke","CYPERACEAE Bulbostylis junciformis (Kunth) C.B.Clarke","UESC00005620",,"UESC",,"2295","Native","2000","Prata, A.P.","2002","Ouro","Prata",,"Brasília","Fazenda Água Limpa, divisa com o Cristo Redentor ( Jardim Botânico de Brasília) e o IBGE, na mata de galeria do córrego Taquara."
"ÁREA DE RELEVANTE INTERESSE ECOLÓGICO CAPETINGA/TAQUARA","Angiosperms","Cyperaceae","Rhynchospora",,"Vahl","CYPERACEAE Rhynchospora Vahl","UESC00005652",,"UESC",,"1813","Native","2000","Munhoz, C.","2001","Ouro","Prata",,"Brasília","Fazenda agua limpa, divisa com oc risto redentor ( jardim botanico de brasilia ) e o IBGE, na mata de galeria do corrego Taquarda,."
"ÁREA DE RELEVANTE INTERESSE ECOLÓGICO CAPETINGA/TAQUARA","Angiosperms","Poaceae","Otachyrium","seminudum","Hack. ex Send. & Soderstr.","POACEAE Otachyrium seminudum Hack. ex Send. & Soderstr.","HCF000037247","splink","HCF","Munhoz, N.R.C.","955","Native","2000","Oliveira, R.C.","2001","Ouro","Prata",,"Brasília","Fazenda Água Limpa, divisa com o Cristo Redentor (Jd Bot. de Brasília) e o IBGE"
"ÁREA DE RELEVANTE INTERESSE ECOLÓGICO CAPETINGA/TAQUARA","Angiosperms","Poaceae","Andropogon","virgatus","Desv.","POACEAE Andropogon virgatus Desv.","HCF000037224","splink","HCF","Munhoz, N.R.C.","1664","Native","2000","Oliveira, R.C.","2000","Ouro","Prata",,"Brasília","Fazenda Água Limpa, divisa com o Cristo Redentor (Jd Bot. de Brasília) e o IBGE"
"ÁREA DE RELEVANTE INTERESSE ECOLÓGICO CAPETINGA/TAQUARA","Angiosperms","Arecaceae","Allagoptera","campestris","(Mart.) Kuntze","ARECACEAE Allagoptera campestris (Mart.) Kuntze","UB0031780",,"UB","Martins, R.C.","226","Native","1999","Martins, R.C.",,"Ouro","Prata",,"Brasília","Fazenda Água Limpa - UnB."
"ÁREA DE RELEVANTE INTERESSE ECOLÓGICO CAPETINGA/TAQUARA","Angiosperms","Myrtaceae","Myrcia",,"DC.","MYRTACEAE Myrcia DC.","UB1358454",,"UB","Soares-Silva, L.H.","790","Native","1999",,,"Ouro","Prata",,"Brasília","Fazenda Água Limpa."
"ÁREA DE RELEVANTE INTERESSE ECOLÓGICO CAPETINGA/TAQUARA","Angiosperms","Polygonaceae","Coccoloba","scandens","Casar.","POLYGONACEAE Coccoloba scandens Casar.","HUEFS0042606","splink","HUEFS","Melo, E.","3261","Native","1999",,,"Ouro","Prata",,"Brasília","Fazenda Água Limpa. Córrego da Onça."
"ÁREA DE RELEVANTE INTERESSE ECOLÓGICO CAPETINGA/TAQUARA","Angiosperms","Lamiaceae","Hypenia","brachystachys","(Pohl ex Benth.) Harley","LAMIACEAE Hypenia brachystachys (Pohl ex Benth.) Harley","HUEFS0051764","splink","HUEFS","Calago, K.","188","Native","1999","Harley, R.M.","2007","Ouro","Prata",,"Brasília","Fazenda Água Limpa."
"ÁREA DE RELEVANTE INTERESSE ECOLÓGICO CAPETINGA/TAQUARA","Angiosperms","Asteraceae","Trichogonia","salviifolia","Gardner","ASTERACEAE Trichogonia salviifolia Gardner","14920","splink","HEPH","Pereira, R.","20","Native","1999","Roque, N.","2003","Ouro","Prata",,"Brasília","Fazenda Água Limpa"
"ÁREA DE RELEVANTE INTERESSE ECOLÓGICO CAPETINGA/TAQUARA","Angiosperms","Poaceae","Elionurus","muticus","(Spreng.) Kuntze","POACEAE Elionurus muticus (Spreng.) Kuntze","HCF000037232","splink","HCF","Munhoz, N.R.C.","750","Native","1999","Oliveira, R.C.","2003","Ouro","Prata",,"Brasília","Fazenda Água Limpa, divisa com o Cristo Redentor (Jd Bot. de Brasília) e o IBGE"
"ÁREA DE RELEVANTE INTERESSE ECOLÓGICO CAPETINGA/TAQUARA","Angiosperms","Malpighiaceae","Peixotoa","reticulata","Griseb.","MALPIGHIACEAE Peixotoa reticulata Griseb.","SP019987","splink","SP","Calago, K.","191","Native","1999","Mamede, M.C.H.","2002","Ouro","Prata",,"Brasília","Fazenda Água Limpa, ARIE Capetinga"
"ÁREA DE RELEVANTE INTERESSE ECOLÓGICO CAPETINGA/TAQUARA","Angiosperms","Asteraceae","Achyrocline","satureioides","(Lam.) DC.","ASTERACEAE Achyrocline satureioides (Lam.) DC.","14919","splink","HEPH","Pereira, R.","21","Native","1999","Pereira, R.","1999","Ouro","Prata",,"Brasília","Fazenda Água Limpa - UNB"
"ÁREA DE RELEVANTE INTERESSE ECOLÓGICO CAPETINGA/TAQUARA","Angiosperms","Myrtaceae","Myrcia","piauhiensis","O.Berg","MYRTACEAE Myrcia piauhiensis O.Berg","UB1017302","splink","UB","Silva, F.C.","2226","Native","1998","Soares-Silva, L.H.",,"Ouro","Prata",,"Brasília","Fazenda Água Limpa, próximo a cachoeira do Córrego do Gama."
"ÁREA DE RELEVANTE INTERESSE ECOLÓGICO CAPETINGA/TAQUARA","Angiosperms","Lauraceae","Ocotea",,"Aubl.","LAURACEAE Ocotea Aubl.","SPSF00044234","splink","SPSF","Sevilha, A.C.","1760","Native","1998","Baitello, J.B.","2008","Ouro","Prata",,"Brasília","Fazenda Água Limpa."
"ÁREA DE RELEVANTE INTERESSE ECOLÓGICO CAPETINGA/TAQUARA","Angiosperms","Araceae","Philodendron","guaraense","E.G.Gonç.","ARACEAE Philodendron guaraense E.G.Gonç.","UB0002308",,"UB","Goncalves, E.G.","49","Native","1997","Goncalves, E.G.",,"Ouro","Prata",,"Brasília","Fazenda Água Limpa."
"ÁREA DE RELEVANTE INTERESSE ECOLÓGICO CAPETINGA/TAQUARA","Angiosperms","Gleicheniaceae","Dicranopteris","flexuosa","(Schrad.) Underw.","GLEICHENIACEAE Dicranopteris flexuosa (Schrad.) Underw.","UB1358392",,"UB","Novelino, R.F.","1323","Native","1997","Pietrobom, M.R.",,"Ouro","Prata",,"Brasília","FAL - Fazenda Água Limpa."
"ÁREA DE RELEVANTE INTERESSE ECOLÓGICO CAPETINGA/TAQUARA","Angiosperms","Gleicheniaceae","Sticherus","pruinosus","(Mart.) Ching","GLEICHENIACEAE Sticherus pruinosus (Mart.) Ching","UB1358393",,"UB","Novelino, R.F.","1324","Native","1997","Pietrobom, M.R.",,"Ouro","Prata",,"Brasília","FAL - Fazenda Água Limpa."
"ÁREA DE RELEVANTE INTERESSE ECOLÓGICO CAPETINGA/TAQUARA","Angiosperms","Blechnaceae","Blechnum","polypodioides","Raddi","BLECHNACEAE Blechnum polypodioides Raddi","UB0033127",,"UB","Novelino, R.F.","1370","Native","1997","Dittrich, V.A.O.","2008","Ouro","Prata",,"Brasília","Fazenda Água Limpa."
"ÁREA DE RELEVANTE INTERESSE ECOLÓGICO CAPETINGA/TAQUARA","Angiosperms","Blechnaceae","Telmatoblechnum","serrulatum","(Rich.) Perrie, D.J. Ohlsen & Brownsey","BLECHNACEAE Telmatoblechnum serrulatum (Rich.) Perrie, D.J. Ohlsen & Brownsey","UB0033151",,"UB","Novelino, R.F.","1318","Native","1997","Dittrich, V.A.O.","2008","Ouro","Prata",,"Brasília","FAL - Fazenda Água Limpa."
"ÁREA DE RELEVANTE INTERESSE ECOLÓGICO CAPETINGA/TAQUARA","Angiosperms","Cyatheaceae","Cyathea","phalerata","Mart.","CYATHEACEAE Cyathea phalerata Mart.","UB0033396","splink","UB","Novelino, R.F.","1315","Native","1997","Fernandes, I.","1999","Ouro","Prata",,"Brasília","Fazenda Água Limpa, Fazenda Água Limpa."
"ÁREA DE RELEVANTE INTERESSE ECOLÓGICO CAPETINGA/TAQUARA","Angiosperms","Fabaceae","Inga","alba","(Sw.) Willd.","FABACEAE Inga alba (Sw.) Willd.","IBGE00044845",,"IBGE","Sevilha, A.C.","1726","Native","1997","Barneby, R.","1998","Ouro","Prata",,"Brasília","Fazenda Água Limpa. Córrego Capetinga. Interior de mata."
"ÁREA DE RELEVANTE INTERESSE ECOLÓGICO CAPETINGA/TAQUARA","Angiosperms","Araceae","Asterostigma","cryptostylum","Bogner","ARACEAE Asterostigma cryptostylum Bogner","K001182103","splink","K","Goncalves, E.G.","33","Native","1996",,,"Ouro","Prata",,"Brasília","Brasilia. Fazenda Agua Limpa, Arie do Capetinga. Mata ciliar."
"ÁREA DE RELEVANTE INTERESSE ECOLÓGICO CAPETINGA/TAQUARA","Angiosperms","Bignoniaceae","Anemopaegma","glaucum","Mart. ex DC.","BIGNONIACEAE Anemopaegma glaucum Mart. ex DC.","UB1017076","splink","UB","Chaves, F.T.","1","Native","1995","Proenca, C.E.B.",,"Ouro","Prata",,"Brasília","Fazenda Água Limpa."
"ÁREA DE RELEVANTE INTERESSE ECOLÓGICO CAPETINGA/TAQUARA","Angiosperms","Melastomataceae","Microlicia",,"D.Don","MELASTOMATACEAE Microlicia D.Don","UB1176149","splink","UB","Munhoz, C.B.R.","228","Native","1995","Munhoz, C.B.R.",,"Ouro","Prata",,"Brasília","Fazenda Água Limpa, próximo do Olho d´água da Onça."
"ÁREA DE RELEVANTE INTERESSE ECOLÓGICO CAPETINGA/TAQUARA","Angiosperms","Vochysiaceae","Qualea","multiflora","Mart.","VOCHYSIACEAE Qualea multiflora Mart.","HUEFS0040429","splink","HUEFS","Walter, B.M.T.","2327","Native","1995","Franca, F.","1999","Ouro","Prata",,"Brasília","Fazenda Água Limpa/UnB."
"ÁREA DE RELEVANTE INTERESSE ECOLÓGICO CAPETINGA/TAQUARA","Angiosperms","Orchidaceae","Cyrtopodium","braemii","L.C.Menezes","ORCHIDACEAE Cyrtopodium braemii L.C.Menezes","TEPB0017630","splink","TEPB","Walter, B.M.T.","2334","Native","1995","Bianchetti, L.B.","1995","Ouro","Prata",,"Brasília","Fazenda Água Limpa/UNB."
"ÁREA DE RELEVANTE INTERESSE ECOLÓGICO CAPETINGA/TAQUARA","Angiosperms","Orchidaceae","Cyrtopodium","brandonianum","Barb.Rodr.","ORCHIDACEAE Cyrtopodium brandonianum Barb.Rodr.","SP0348365","splink","SP","Walter, B.M.T.","2334","Native","1995","Bianchetti, L.B.","1995","Ouro","Prata",,"Brasília","Fazenda Água Limpa/ UnB. Campo sujo ao lado da margem esquerda do Córrego da Onça"
"ÁREA DE RELEVANTE INTERESSE ECOLÓGICO CAPETINGA/TAQUARA","Ferns and Lycophytes","Orchidaceae","Habenaria","repens","Nutt.","ORCHIDACEAE Habenaria repens Nutt.","TEPB0017631","splink","TEPB","Walter, B.M.T.","2333","Native","1995","Bianchetti, L.B.","1995","Ouro","Prata",,"Brasília","Fazenda Água Limpa/UNB."
"ÁREA DE RELEVANTE INTERESSE ECOLÓGICO CAPETINGA/TAQUARA","Angiosperms","Bignoniaceae","Bignonia","corymbosa","(Vent.) L.G.Lohmann","BIGNONIACEAE Bignonia corymbosa (Vent.) L.G.Lohmann","UB1017299","splink","UB","Proenca, C.E.B.","1068","Native","1994","Proenca, C.E.B.",,"Ouro","Prata",,"Brasília","Fazenda Água Limpa. Parcelas permanentes da Engenharia Florestal. Córrego do Gama."
"ÁREA DE RELEVANTE INTERESSE ECOLÓGICO CAPETINGA/TAQUARA","Angiosperms","Bignoniaceae","Zeyheria","montana","Mart.","BIGNONIACEAE Zeyheria montana Mart.","UB1202416","splink","UB","Felfili, J.M.","266","Native","1994","Proenca, C.E.B.",,"Ouro","Prata",,"Brasília","Fazenda Água Limpa, próximo linha 2 da mata do Gama."
"ÁREA DE RELEVANTE INTERESSE ECOLÓGICO CAPETINGA/TAQUARA","Angiosperms","Erythroxylaceae","Erythroxylum","daphnites","Mart.","ERYTHROXYLACEAE Erythroxylum daphnites Mart.","UB1150980","splink","UB","Walter, B.M.T.","2255","Native","1994","Amaral, A.",,"Ouro","Prata",,"Brasília","Fazenda Água Limpa - Universidade de Brasília."
"ÁREA DE RELEVANTE INTERESSE ECOLÓGICO CAPETINGA/TAQUARA","Angiosperms","Lauraceae","Ocotea","glaziovii","Mez","LAURACEAE Ocotea glaziovii Mez","UB1272240","splink","UB","Felfili, J.M.","305","Native","1994","Baitello, J.B.",,"Ouro","Prata",,"Brasília","Fazenda Água Limpa, Fazenda Água Limpa, mata do Gama."
"ÁREA DE RELEVANTE INTERESSE ECOLÓGICO CAPETINGA/TAQUARA","Angiosperms","Malvaceae","Triumfetta","semitriloba","Jacq.","MALVACEAE Triumfetta semitriloba Jacq.","UB0122590","splink","UB","Felfili, J.M.","272","Native","1994","Esteves, G.L.",,"Ouro","Prata",,"Brasília","Fazenda Água Limpa, mata do Capetinga."
"ÁREA DE RELEVANTE INTERESSE ECOLÓGICO CAPETINGA/TAQUARA","Angiosperms","Myrtaceae","Myrcia","tenuifolia","(O.Berg) Sobral","MYRTACEAE Myrcia tenuifolia (O.Berg) Sobral","UB1278033","splink","UB","Felfili, J.M.","229","Native","1994","Faria, J.E.Q.",,"Ouro","Prata",,"Brasília","Fazenda Água Limpa, mata do Gama."
"ÁREA DE RELEVANTE INTERESSE ECOLÓGICO CAPETINGA/TAQUARA","Angiosperms","Rutaceae","Zanthoxylum","rhoifolium","Lam.","RUTACEAE Zanthoxylum rhoifolium Lam.","UB1202279","splink","UB","Felfili, J.M.","254","Native","1994","Groppo Junior, M.",,"Ouro","Prata",,"Brasília","Fazenda Água Limpa. Mata do Gama. Linha 1."
"ÁREA DE RELEVANTE INTERESSE ECOLÓGICO CAPETINGA/TAQUARA","Angiosperms","Myrtaceae","Myrcia","selloi","(Spreng.) N.Silveira","MYRTACEAE Myrcia selloi (Spreng.) N.Silveira","UB0320987",,"UB","Soares-Silva, L.H.","2234","Native","1994","Soares-Silva, L.H.","2022","Ouro","Prata",,"Brasília","Fazenda Água Limpa/UnB"
"ÁREA DE RELEVANTE INTERESSE ECOLÓGICO CAPETINGA/TAQUARA","Angiosperms","Fabaceae","Desmodium","cajanifolium","(Kunth) DC.","FABACEAE Desmodium cajanifolium (Kunth) DC.","UB1038619",,"UB","Felfili, J.M.","256","Native","1994","Tozzi, A.","2015","Ouro","Prata",,"Brasília","Fazenda Água Limpa, Mata do Gama, Linha 1."
"ÁREA DE RELEVANTE INTERESSE ECOLÓGICO CAPETINGA/TAQUARA","Ferns and Lycophytes","Orchidaceae","Habenaria","rupicola","Barb.Rodr.","ORCHIDACEAE Habenaria rupicola Barb.Rodr.","BHCB025012","splink","BHCB","Bianchetti, L.B.","1491","Native","1994","Batista, J.A.N.","2015","Ouro","Prata",,"Brasília","Fazenda água limpa (UNB), córrego da onça"
"ÁREA DE RELEVANTE INTERESSE ECOLÓGICO CAPETINGA/TAQUARA","Ferns and Lycophytes","Cucurbitaceae","Gurania","lobata","(L.) Pruski","CUCURBITACEAE Gurania lobata (L.) Pruski","UB1169246","splink","UB","Walter, B.M.T.","2237","Native","1994","Gomes-Klein, V.L.","2012","Ouro","Prata",,"Brasília","Fazenda Água Limpa/UnB. Mata de Galeria do Córrego da Onça."
"ÁREA DE RELEVANTE INTERESSE ECOLÓGICO CAPETINGA/TAQUARA","Angiosperms","Rubiaceae","Palicourea","hoffmannseggiana","(Roem. & Schult.) Borhidi","RUBIACEAE Palicourea hoffmannseggiana (Roem. & Schult.) Borhidi","UB1235541",,"UB","Dias, B.J.","148","Native","1994","Delprete, P.G.","2012","Ouro","Prata",,"Brasília","Fazenda Água Limpa."
"ÁREA DE RELEVANTE INTERESSE ECOLÓGICO CAPETINGA/TAQUARA","Angiosperms","Rubiaceae","Rudgea","erythrocarpa","Müll.Arg.","RUBIACEAE Rudgea erythrocarpa Müll.Arg.","UB1358458",,"UB","Felfili, J.M.","264","Native","1994","Delprete, P.G.","2012","Ouro","Prata",,"Brasília","Fazenda Água Limpa."
"ÁREA DE RELEVANTE INTERESSE ECOLÓGICO CAPETINGA/TAQUARA","Angiosperms","Fabaceae","Desmodium","subsecundum","Vogel","FABACEAE Desmodium subsecundum Vogel","HUEFS0146591","splink","HUEFS","Felfili, J.M.","256","Native","1994","Lima, L.C.P.","2011","Ouro","Prata",,"Brasília","Fazenda Água Limpa."
"ÁREA DE RELEVANTE INTERESSE ECOLÓGICO CAPETINGA/TAQUARA","Angiosperms","Moraceae","Ficus","adhatodifolia","Schott in Spreng.","MORACEAE Ficus adhatodifolia Schott in Spreng.","344131","splink","SP","Walter, B.M.T.","2310","Native","1994","Pederneiras, L.C.","2011","Ouro","Prata",,"Brasília","Fazenda Água Limpa/UnB, córrego da Onça"
"ÁREA DE RELEVANTE INTERESSE ECOLÓGICO CAPETINGA/TAQUARA","Angiosperms","Piperaceae","Piper","aduncum","L.","PIPERACEAE Piper aduncum L.","386521","splink","SP","Proenca, C.","1062","Native","1994","Silva, M.C.","2011","Ouro","Prata",,"Brasília","Fazenda Água Limpa, Parcelas permanentes da Engenharia Florestal. Córrego do Gama."
"ÁREA DE RELEVANTE INTERESSE ECOLÓGICO CAPETINGA/TAQUARA","Angiosperms","Asteraceae","Inulopsis","camporum","(Gardner) G.L.Nesom","ASTERACEAE Inulopsis camporum (Gardner) G.L.Nesom","UB0152528",,"UB","Walter, B.M.T.","2251","Native","1994","Teles, A.M.","2005","Ouro","Prata",,"Brasília","Fazenda Água Limpa - UnB. Ao lado da margem esquerda da porção central da Mata de Galeria do Córrego da Onça."
"ÁREA DE RELEVANTE INTERESSE ECOLÓGICO CAPETINGA/TAQUARA","Angiosperms","Malpighiaceae","Heteropterys","pteropetala","A.Juss.","MALPIGHIACEAE Heteropterys pteropetala A.Juss.","SP018999","splink","SP","Munhoz, C.B.R.","70","Native","1994","Mamede, M.C.H.","2003","Ouro","Prata",,"Brasília","Fazenda Água Limpa"
"ÁREA DE RELEVANTE INTERESSE ECOLÓGICO CAPETINGA/TAQUARA","Ferns and Lycophytes","Orchidaceae","Habenaria","pabstii","J.A.N.Batista & Bianchetti","ORCHIDACEAE Habenaria pabstii J.A.N.Batista & Bianchetti","SP002156","splink","SP","Bianchetti, L.B.","1489","Native","1994","Bianchetti, L.B.","2001","Ouro","Prata",,"Brasília","Fazenda Água Limpa, Córrego da Onça. Campo sujo, com campo de murunduns adjacentes"
"ÁREA DE RELEVANTE INTERESSE ECOLÓGICO CAPETINGA/TAQUARA","Angiosperms","Fabaceae","Copaifera","langsdorffii","Desf.","FABACEAE Copaifera langsdorffii Desf.","UB1258327",,"UB","Walter, B.M.T.","2316","Native","1994","Souza, V.C.","2000","Ouro","Prata",,"Brasília","Fazenda Água Limpa/UnB."
"ÁREA DE RELEVANTE INTERESSE ECOLÓGICO CAPETINGA/TAQUARA","Angiosperms","Rubiaceae","Palicourea","crocea","(Sw.) Roem. & Schult.","RUBIACEAE Palicourea crocea (Sw.) Roem. & Schult.","UB1158136",,"UB","Dias, B.J.","145","Native","1994","Delprete, P.G.","2000","Ouro","Prata",,"Brasília","Fazenda Água Limpa, mata do Gama, linha 9."
"ÁREA DE RELEVANTE INTERESSE ECOLÓGICO CAPETINGA/TAQUARA","Angiosperms","Styracaceae","Styrax","camporum","Pohl","STYRACACEAE Styrax camporum Pohl","UB1227295",,"UB","Walter, B.M.T.","2279","Native","1994","Fritsch, P.","1999","Ouro","Prata",,"Brasília","Fazenda Água Limpa. Córrego da Onça."
"ÁREA DE RELEVANTE INTERESSE ECOLÓGICO CAPETINGA/TAQUARA","Angiosperms","Lamiaceae","Aegiphila","integrifolia","(Jacq.) Moldenke","LAMIACEAE Aegiphila integrifolia (Jacq.) Moldenke","HUEFS0027246","splink","HUEFS","Felfili, J.M.","271","Native","1994","Franca, F.","1997","Ouro","Prata",,"Brasília","Fazenda Água Limpa, mata do Capetinga, próximo à entrada da FAL."
"ÁREA DE RELEVANTE INTERESSE ECOLÓGICO CAPETINGA/TAQUARA","Angiosperms","Sapindaceae","Serjania","obtusidentata","Radlk.","SAPINDACEAE Serjania obtusidentata Radlk.","CEN00018426","splink","CEN","Walter, B.M.T.","2229","Native","1994","Ferrucci, M.S.","1997","Ouro","Prata",,"Brasília","Fazenda Água Limpa - UnB. Coletado no bordo da porção central da mata. Local mais seco que o padrão da mata, sombreado."
"ÁREA DE RELEVANTE INTERESSE ECOLÓGICO CAPETINGA/TAQUARA","Angiosperms","Orchidaceae","Cyrtopodium","pallidum","Rchb.f. & Warm.","ORCHIDACEAE Cyrtopodium pallidum Rchb.f. & Warm.","SP0348363","splink","SP","Walter, B.M.T.","2312","Native","1994","Bianchetti, L.B.","1995","Ouro","Prata",,"Brasília","Fazenda Água Limpa/UNB, campo sujo ao lado da margem esquerda da porção final da Mata de galeria do Córrego da Onça"
"ÁREA DE RELEVANTE INTERESSE ECOLÓGICO CAPETINGA/TAQUARA","Angiosperms","Myrtaceae","Myrcia","deflexa","(Poir.) DC.","MYRTACEAE Myrcia deflexa (Poir.) DC.","UB1328553",,"UB","Walter, B.M.T.","2268","Native","1994","Proenca, C.E.B.","1994","Ouro","Prata",,"Brasília","Fazenda Água Limpa."
"ÁREA DE RELEVANTE INTERESSE ECOLÓGICO CAPETINGA/TAQUARA","Angiosperms","Melastomataceae","Microlicia","hirsuta","(DC.) R.Romero, Versiane & Woodgyer","MELASTOMATACEAE Microlicia hirsuta (DC.) R.Romero, Versiane & Woodgyer","UB1326621","splink","UB","Proenca, C.E.B.","959","Native","1993","Munhoz, C.B.R.",,"Ouro","Prata",,"Brasília","Fazenda Água Limpa (Campo Experimental da Universidade de Brasília)."
"ÁREA DE RELEVANTE INTERESSE ECOLÓGICO CAPETINGA/TAQUARA","Angiosperms","Myrtaceae","Myrcia","pinifolia","Cambess.","MYRTACEAE Myrcia pinifolia Cambess.","UB1358626",,"UB","Proenca, C.E.B.","972","Native","1993","Proenca, C.E.B.","1993","Ouro","Prata",,"Brasília","Fazenda Água Limpa (Campo Experimental da Universidade de Brasília)."
"ÁREA DE RELEVANTE INTERESSE ECOLÓGICO CAPETINGA/TAQUARA","Angiosperms","Iridaceae","Trimezia","lutea","(Klatt) Foster","IRIDACEAE Trimezia lutea (Klatt) Foster","UB0014880",,"UB","Alvarenga, D.","535","Native","1990","Lovo, J.","2008","Ouro","Prata",,"Brasília","Fazenda Água Limpa."
"ÁREA DE RELEVANTE INTERESSE ECOLÓGICO CAPETINGA/TAQUARA","Angiosperms","Sapotaceae","Pouteria","torta","(Mart.) Radlk.","SAPOTACEAE Pouteria torta (Mart.) Radlk.","246381","splink","SP","Pereira, B.A.S.","1427","Native","1990","Carneiro, C.E.","1998","Ouro","Prata",,"Brasília","APA Gama - Cabeça de Veado, Fazenda Água Limpa"
"ÁREA DE RELEVANTE INTERESSE ECOLÓGICO CAPETINGA/TAQUARA","Angiosperms","Poaceae","Axonopus","siccus","(Nees) Kuhlm.","POACEAE Axonopus siccus (Nees) Kuhlm.","087981","splink","ICN","Alvarenga, D.","584","Native","1990","Filgueiras, T.S.","1990","Ouro","Prata",,"Brasília","Fazenda Agua Limpa, UnB. Cerrado queimado"
"ÁREA DE RELEVANTE INTERESSE ECOLÓGICO CAPETINGA/TAQUARA","Angiosperms","Asteraceae","Piptocarpha","macropoda","(DC.) Baker","ASTERACEAE Piptocarpha macropoda (DC.) Baker","UEC130390","splink","UEC","Violatti, L.G.","05","Native","1989","Semir, J.","2015","Ouro","Prata",,"Brasília","Fazenda Água Limpa; Universidade de Brasília. Mata do Gama."
"ÁREA DE RELEVANTE INTERESSE ECOLÓGICO CAPETINGA/TAQUARA",,"Salicaceae","Casearia","decandra","Jacq.","SALICACEAE Casearia decandra Jacq.","UEC046716","splink","UEC","Violatti, L.G.","02",,"1989","Marquete, R.","2009","Ouro","Prata",,"Brasília","Vargem Bonita, Fazenda Água Limpa. Universidade de Brasília. Mata do Gama."
"ÁREA DE RELEVANTE INTERESSE ECOLÓGICO CAPETINGA/TAQUARA","Angiosperms","Asteraceae","Chresta","sphaerocephala","DC.","ASTERACEAE Chresta sphaerocephala DC.","UB0058939",,"UB","Barros, M.A.G.","77","Native","1989","Teles, A.M.","2003","Ouro","Prata",,"Brasília","Fazenda Água Limpa. Campo Experimental da (UnB)"
"ÁREA DE RELEVANTE INTERESSE ECOLÓGICO CAPETINGA/TAQUARA","Angiosperms","Cyperaceae","Bulbostylis","svensoniana","Steyerm.","CYPERACEAE Bulbostylis svensoniana Steyerm.","237148","splink","SP","Silva, M.A.","882","Native","1989","Prata, A.P.","2003","Ouro","Prata",,"Brasília","Fazenda Água Limpa. Próximo à confluência dos córregos Taquara e Gama"
"ÁREA DE RELEVANTE INTERESSE ECOLÓGICO CAPETINGA/TAQUARA","Angiosperms","Cyperaceae","Bulbostylis","jacobinae","(Steud.) Lindm.","CYPERACEAE Bulbostylis jacobinae (Steud.) Lindm.","237150","splink","SP","Silva, M.A.","894","Native","1989","Prata, A.P.","2000","Ouro","Prata",,"Brasília","Fazenda Água Limpa. Próximo à confluência dos córregos Taquara e Gama"
"ÁREA DE RELEVANTE INTERESSE ECOLÓGICO CAPETINGA/TAQUARA","Angiosperms","Lamiaceae","Hypenia",,"(Mart. ex Benth.) Harley","LAMIACEAE Hypenia (Mart. ex Benth.) Harley","UPCB0088568","splink","UPCB","Franca, F.",,"Native","1989","Harley, R.M.","1996","Ouro","Prata",,"Brasília","Fazenda Água Limpa."
"ÁREA DE RELEVANTE INTERESSE ECOLÓGICO CAPETINGA/TAQUARA","Angiosperms","Ochnaceae","Ouratea","castaneifolia","(DC.) Engl.","OCHNACEAE Ouratea castaneifolia (DC.) Engl.","51961","splink","UEC","Pereira Neto, M.","373","Native","1989","Yamamoto, K.","1991","Ouro","Prata",,"Brasília","Fazenda Água Limpa, UnB, Mata ciliar do córrego Olho D'água da Onça."
"ÁREA DE RELEVANTE INTERESSE ECOLÓGICO CAPETINGA/TAQUARA","Angiosperms","Sapotaceae","Micropholis","venulosa","(Mart. & Eichler) Pierre","SAPOTACEAE Micropholis venulosa (Mart. & Eichler) Pierre","239706","splink","SP","Violatti, L.G.","8","Native","1989","Pennington, T.D.","1991","Ouro","Prata",,"Brasília","Fazenda Água Limpa, Mata do Gama"
"ÁREA DE RELEVANTE INTERESSE ECOLÓGICO CAPETINGA/TAQUARA","Angiosperms","Bignoniaceae","Handroanthus","chrysotrichus","(Mart. ex DC.) Mattos","BIGNONIACEAE Handroanthus chrysotrichus (Mart. ex DC.) Mattos","UB1034882","splink","UB","Barros, M.A.G.","1096","Native","1988","Farias, R.",,"Ouro","Prata",,"Brasília","Fazenda Água Limpa."
"ÁREA DE RELEVANTE INTERESSE ECOLÓGICO CAPETINGA/TAQUARA","Angiosperms","Malvaceae","Apeiba","tibourbou","Aubl.","MALVACEAE Apeiba tibourbou Aubl.","51941","splink","UEC","Nogueira-Silva, P.E.","43","Native","1988","Souza, B.M.","1997","Ouro","Prata",,"Brasília","Fazenda Água Limpa, UnB, Córrego do Gama/ Fazenda Água Limpa."
"ÁREA DE RELEVANTE INTERESSE ECOLÓGICO CAPETINGA/TAQUARA","Angiosperms","Apocynaceae","Mandevilla","illustris","(Vell.) Woodson","APOCYNACEAE Mandevilla illustris (Vell.) Woodson","50304","splink","UEC","Lombardi, J.A.","20880","Native","1988","Sales, M.F.","1993","Ouro","Prata",,"Brasília","Fazenda Água Limpa."
"ÁREA DE RELEVANTE INTERESSE ECOLÓGICO CAPETINGA/TAQUARA","Angiosperms","Lythraceae","Cuphea","pohlii","Lourteig","LYTHRACEAE Cuphea pohlii Lourteig","UB1338352","splink","UB","Salles, P.S.B.A.","1","Native","1987","Cavalcanti, T.B.",,"Ouro","Prata",,"Brasília","Fazenda Água Limpa."
"ÁREA DE RELEVANTE INTERESSE ECOLÓGICO CAPETINGA/TAQUARA","Angiosperms","Lamiaceae","Coleus","barbatus","(Andrews) Benth.","LAMIACEAE Coleus barbatus (Andrews) Benth.","UB1330738",,"UB","Cares, J.E.","25","Native","1986","Harley, R.M.",,"Ouro","Prata",,"Brasília","Fazenda Água Limpa."
"ÁREA DE RELEVANTE INTERESSE ECOLÓGICO CAPETINGA/TAQUARA","Angiosperms","Lythraceae","Cuphea","racemosa","(L.f.) Spreng.","LYTHRACEAE Cuphea racemosa (L.f.) Spreng.","UB1338350","splink","UB","Cares, J.E.","76","Native","1986","Cavalcanti, T.B.",,"Ouro","Prata",,"Brasília","Fazenda Água Limpa."
"ÁREA DE RELEVANTE INTERESSE ECOLÓGICO CAPETINGA/TAQUARA","Angiosperms","Rutaceae","Ruta","chalepensis","L.","RUTACEAE Ruta chalepensis L.","UB1071510","splink","UB","Cares, J.H.","22","Native","1986","Groppo Junior, M.",,"Ouro","Prata",,"Brasília","Fazenda Água Limpa - Universidade de Brasília."
"ÁREA DE RELEVANTE INTERESSE ECOLÓGICO CAPETINGA/TAQUARA","Angiosperms","Lamiaceae","Leonurus","japonicus","Houtt.","LAMIACEAE Leonurus japonicus Houtt.","UB1073839","splink","UB","Cares, J.E.","49","Native","1986","Antar, G.M.","2017","Ouro","Prata",,"Brasília","Fazenda Água Limpa, Fazenda Água Limpa."
"ÁREA DE RELEVANTE INTERESSE ECOLÓGICO CAPETINGA/TAQUARA","Angiosperms","Verbenaceae","Petrea","volubilis","L.","VERBENACEAE Petrea volubilis L.","UB1246143",,"UB","Kaya, J.S.","s.n.","Native","1986","Salimena, F.R.G.","2015","Ouro","Prata",,"Brasília","Fazenda Água Limpa."
"ÁREA DE RELEVANTE INTERESSE ECOLÓGICO CAPETINGA/TAQUARA","Angiosperms","Asteraceae","Piptocarpha","rotundifolia","(Less.) Baker","ASTERACEAE Piptocarpha rotundifolia (Less.) Baker","UB1060946","splink","UB","Sa, S.P.P.","21","Native","1986","Teles, A.M.","2014","Ouro","Prata",,"Brasília","Fazenda Água Limpa, Fazenda Água Limpa, aprox. 10km oeste do núcleo rural de Vargem Bonita."
"ÁREA DE RELEVANTE INTERESSE ECOLÓGICO CAPETINGA/TAQUARA","Angiosperms","Aquifoliaceae","Ilex","conocarpa","Reissek","AQUIFOLIACEAE Ilex conocarpa Reissek","UB0137758",,"UB","Ratter, J.A.","5222","Native","1986","Groppo Junior, M.","2001","Ouro","Prata",,"Brasília","Fazenda Água Limpa (University of Brasília field station), near Vargem Bonita, c. 18 km SSW of Brasília TV tower"
"ÁREA DE RELEVANTE INTERESSE ECOLÓGICO CAPETINGA/TAQUARA","Angiosperms","Asteraceae","Tithonia","diversifolia","(Hemsl.) A.Gray","ASTERACEAE Tithonia diversifolia (Hemsl.) A.Gray","UB1063026","splink","UB","Azevedo, I.M.","s.n.","Native","1986","Schilling, E.E.","1998","Ouro","Prata",,"Brasília","Fazenda Água Limpa, Fazenda Água Limpa - Universidade de Brasília."
"ÁREA DE RELEVANTE INTERESSE ECOLÓGICO CAPETINGA/TAQUARA","Angiosperms","Calophyllaceae","Kielmeyera","abdita","Saddi","CALOPHYLLACEAE Kielmeyera abdita Saddi","UB1282610","splink","UB","Barros, M.A.G.","1003","Native","1985","Saddi, N.",,"Ouro","Prata",,"Brasília","Fazenda Água Limpa, Fazenda Água Limpa."
"ÁREA DE RELEVANTE INTERESSE ECOLÓGICO CAPETINGA/TAQUARA","Angiosperms","Campanulaceae","Lobelia","brasiliensis","A.O.S.Vieira & G.J.Sheph.","CAMPANULACEAE Lobelia brasiliensis A.O.S.Vieira & G.J.Sheph.","UB1162630","splink","UB","Goncalves, M.","12","Native","1985","Vieira, A.O.S.",,"Ouro","Prata",,"Brasília","Fazenda Água Limpa, Fazenda Água Limpa."
"ÁREA DE RELEVANTE INTERESSE ECOLÓGICO CAPETINGA/TAQUARA",,"Lythraceae","Diplusodon","rosmarinifolius","A.St.-Hil.","LYTHRACEAE Diplusodon rosmarinifolius A.St.-Hil.","UB1357798",,"UB","Macedo, M.","19",,"1985","Cavalcanti, T.B.",,"Ouro","Prata",,"Brasília","Fazenda Água Limpa."
"ÁREA DE RELEVANTE INTERESSE ECOLÓGICO CAPETINGA/TAQUARA","Angiosperms","Passifloraceae","Passiflora","nitida","Kunth","PASSIFLORACEAE Passiflora nitida Kunth","UB1017287","splink","UB","Irwin, H.S.","1?","Native","1985","Sacco, J.C.",,"Ouro","Prata",,"Brasília","Fazenda Água Limpa - FAL UnB."
"ÁREA DE RELEVANTE INTERESSE ECOLÓGICO CAPETINGA/TAQUARA","Angiosperms","Calophyllaceae","Kielmeyera","pumila","Pohl","CALOPHYLLACEAE Kielmeyera pumila Pohl","UB1216409","splink","UB","Barros, M.A.G.","993","Native","1985","Trad, R.J.","2017","Ouro","Prata",,"Brasília","Fazenda Água Limpa."
"ÁREA DE RELEVANTE INTERESSE ECOLÓGICO CAPETINGA/TAQUARA","Angiosperms","Calophyllaceae","Kielmeyera","variabilis","Mart. & Zucc.","CALOPHYLLACEAE Kielmeyera variabilis Mart. & Zucc.","813","splink","NX",,"997","Native","1985","Trad, R.J.","2014","Ouro","Prata",,"Brasília","Fazenda Água Limpa - FAL. Campo Experimental da Universidade de Brasília - UnB. Perto do Laboratório de Ecologia."
"ÁREA DE RELEVANTE INTERESSE ECOLÓGICO CAPETINGA/TAQUARA","Angiosperms","Moraceae","Pseudolmedia","laevigata","Trécul","MORACEAE Pseudolmedia laevigata Trécul","4413","splink","HEPH","Brasilia, E.J.B.","583","Native","1985","Santos, A.","2009","Ouro","Prata",,"Brasília","FAL - Fazenda Água Limpa, UnB, saida sul"
"ÁREA DE RELEVANTE INTERESSE ECOLÓGICO CAPETINGA/TAQUARA","Ferns and Lycophytes","Gentianaceae","Calolisianthus","speciosus","(Cham. & Schltdl.) Gilg","GENTIANACEAE Calolisianthus speciosus (Cham. & Schltdl.) Gilg","UB1017002","splink","UB","Dall´orto, S.J.C.","s.n.","Native","1985","Guimaraes, E.F.","2005","Ouro","Prata",,"Brasília","Fazenda Água Limpa."
"ÁREA DE RELEVANTE INTERESSE ECOLÓGICO CAPETINGA/TAQUARA","Angiosperms","Ochnaceae","Ouratea","hexasperma","(A.St.-Hil.) Baill.","OCHNACEAE Ouratea hexasperma (A.St.-Hil.) Baill.","UB1338556",,"UB","Barros, M.","990","Native","1985","Chacon, R.G.","2004","Ouro","Prata",,"Brasília","Fazenda Água Limpa - FAL. Campo Experimental da Universidade de Brasília. Perto do laboratório de ecologia."
"ÁREA DE RELEVANTE INTERESSE ECOLÓGICO CAPETINGA/TAQUARA","Angiosperms","Poaceae","Andropogon","gayanus","Kunth","POACEAE Andropogon gayanus Kunth","UB1358756",,"UB","Macedo, M.","2","Native","1985","Filgueiras, T.S.","1995","Ouro","Prata",,"Brasília","Fazenda Água Limpa (UnB)."
"ÁREA DE RELEVANTE INTERESSE ECOLÓGICO CAPETINGA/TAQUARA","Angiosperms","Cunoniaceae","Lamanonia","ternata","Vell.","CUNONIACEAE Lamanonia ternata Vell.","UB1073333","splink","UB","Nitikman, L.Z.","LNZ64","Native","1984","Zickel, C.S.",,"Ouro","Prata",,"Brasília","Fazenda Água Limpa, Fazenda Água Limpa - Universidade de Brasília."
"ÁREA DE RELEVANTE INTERESSE ECOLÓGICO CAPETINGA/TAQUARA","Angiosperms","Euphorbiaceae","Croton","goyazensis","Müll.Arg.","EUPHORBIACEAE Croton goyazensis Müll.Arg.","UB1338446","splink","UB","Haridasan, M.","MH465","Native","1984","Cordeiro, I.",,"Ouro","Prata",,"Brasília","Fazenda Água Limpa."
"ÁREA DE RELEVANTE INTERESSE ECOLÓGICO CAPETINGA/TAQUARA","Angiosperms","Myrtaceae","Psidium","salutare","(O.Berg) Landrum","MYRTACEAE Psidium salutare var. pohlianum (O.Berg) Landrum","UB1338318","splink","UB","Haridasan, M.","493","Native","1984","Proenca, C.E.B.",,"Ouro","Prata",,"Brasília","Fazenda Água Limpa."
"ÁREA DE RELEVANTE INTERESSE ECOLÓGICO CAPETINGA/TAQUARA","Angiosperms","Poaceae","Elionurus",,"Humb. & Bonpl. ex Willd.","POACEAE Elionurus Humb. & Bonpl. ex Willd.","UB0025805","splink","UB","Haridasan, M.","MH476","Native","1984","Valls, J.F.M.",,"Ouro","Prata",,"Brasília","Fazenda Água Limpa, Fazenda Água Limpa."
"ÁREA DE RELEVANTE INTERESSE ECOLÓGICO CAPETINGA/TAQUARA","Angiosperms","Asteraceae","Chrysolaena","obovata","(Less.) Dematt.","ASTERACEAE Chrysolaena obovata (Less.) Dematt.","UB0059812",,"UB","Rocha, M.","R1R","Native","1984","Bringel, J.B.A.","2015","Ouro","Prata",,"Brasília","Fazenda Água Limpa - Universidade de Brasília."
"ÁREA DE RELEVANTE INTERESSE ECOLÓGICO CAPETINGA/TAQUARA","Angiosperms","Malvaceae","Pavonia","pohlii","Gürke","MALVACEAE Pavonia pohlii Gürke","UB1338256","splink","UB","Haridasan, M.","464","Native","1984","Esteves, G.L.","2013","Ouro","Prata",,"Brasília","Fazenda Água Limpa."
"ÁREA DE RELEVANTE INTERESSE ECOLÓGICO CAPETINGA/TAQUARA","Angiosperms","Euphorbiaceae","Microstachys","daphnoides","(Mart.) F.Dietr.","EUPHORBIACEAE Microstachys daphnoides (Mart.) F.Dietr.","UB1275319","splink","UB","Nitikman, L.Z.","LNZ76","Native","1984","Cordeiro, I.","2012","Ouro","Prata",,"Brasília","Fazenda Água Limpa, Mata Capetinga. Fazenda Água Limpa, 20km S of Brasília."
"ÁREA DE RELEVANTE INTERESSE ECOLÓGICO CAPETINGA/TAQUARA","Angiosperms","Lauraceae","Cryptocarya","moschata","Nees & Mart.","LAURACEAE Cryptocarya moschata Nees & Mart.","UB0044302","splink","UB","Nitikman, L.Z.","175","Native","1984","Baitello, J.B.","2008","Ouro","Prata",,"Brasília","Fazenda Água Limpa. 20km S of Brasília, DF, Brasil"
"ÁREA DE RELEVANTE INTERESSE ECOLÓGICO CAPETINGA/TAQUARA","Angiosperms","Fabaceae","Bowdichia","virgilioides","Kunth","FABACEAE Bowdichia virgilioides Kunth","UB1017044","splink","UB","Haridasan, M.","504","Native","1984","Rodrigues, R.S.","2005","Ouro","Prata",,"Brasília","Fazenda Água Limpa."
"ÁREA DE RELEVANTE INTERESSE ECOLÓGICO CAPETINGA/TAQUARA","Angiosperms","Fabaceae","Hymenaea","courbaril","L.","FABACEAE Hymenaea courbaril L.","UB1036549",,"UB","Nitikman, L.Z.","22","Native","1984","Souza, V.C.","2000","Ouro","Prata",,"Brasília","Fazenda Água Limpa, Mata Capetinga, 20 Km S of Brasília."
"ÁREA DE RELEVANTE INTERESSE ECOLÓGICO CAPETINGA/TAQUARA","Angiosperms","Asteraceae","Mikania","purpurascens","(Baker) R.M.King & H.Rob.","ASTERACEAE Mikania purpurascens (Baker) R.M.King & H.Rob.","UB1275491","splink","UB","Haridasan, M.","MH443","Native","1984","Esteves, R.L.","1994","Ouro","Prata",,"Brasília","Fazenda Água Limpa, Fazenda Água Limpa - Universidade de Brasília."
"ÁREA DE RELEVANTE INTERESSE ECOLÓGICO CAPETINGA/TAQUARA","Angiosperms","Myrtaceae","Campomanesia","aromatica","(Aubl.) Griseb.","MYRTACEAE Campomanesia aromatica (Aubl.) Griseb.","UB1042464","splink","UB","Proenca, C.E.B.","405","Native","1984","Proenca, C.E.B.","1994","Ouro","Prata",,"Brasília","Fazenda Água Limpa, Campo experimental da Universidade de Brasília."
"ÁREA DE RELEVANTE INTERESSE ECOLÓGICO CAPETINGA/TAQUARA","Angiosperms","Myrtaceae","Myrcia","schottiana","O.Berg","MYRTACEAE Myrcia schottiana O.Berg","UB1017113",,"UB","Haridasan, M.","743","Native","1984","Proenca, C.E.B.","1984","Ouro","Prata",,"Brasília","Fazenda Água Limpa."
"ÁREA DE RELEVANTE INTERESSE ECOLÓGICO CAPETINGA/TAQUARA","Angiosperms","Chloranthaceae","Hedyosmum","brasiliense","Mart. ex Miq.","CHLORANTHACEAE Hedyosmum brasiliense Mart. ex Miq.","UB0191986",,"UB","Todzia, C.A.","2360","Native","1983",,,"Ouro","Prata",,"Brasília","Fazenda Água Limpa, Fazenda Água Limpa."
"ÁREA DE RELEVANTE INTERESSE ECOLÓGICO CAPETINGA/TAQUARA","Angiosperms","Chloranthaceae","Hedyosmum","racemosum","(Ruiz & Pav.) G.Don","CHLORANTHACEAE Hedyosmum racemosum (Ruiz & Pav.) G.Don","NRMSPLA-S15-21899","splink","NRM-S-PLANTS","Todzia, C.A.",,"Native","1983",,,"Ouro","Prata",,"Brasília","Brazil, Distito Federal: Corrego da Onca, Fazenda Agua Limpa, campo experimental da Universidade Brasilia. Mata ciliar."
"ÁREA DE RELEVANTE INTERESSE ECOLÓGICO CAPETINGA/TAQUARA","Angiosperms","Combretaceae","Terminalia","argentea","Mart. & Zucc.","COMBRETACEAE Terminalia argentea Mart. & Zucc.","UB1242152","splink","UB","Haridasan, M.","MH410","Native","1983","Silva, N.M.F.",,"Ouro","Prata",,"Brasília","Fazenda Água Limpa, Fazenda Água Limpa."
"ÁREA DE RELEVANTE INTERESSE ECOLÓGICO CAPETINGA/TAQUARA","Angiosperms","Euphorbiaceae","Croton","glandulosus","L.","EUPHORBIACEAE Croton glandulosus L.","UB1167480","splink","UB","Pereira, L.","45","Native","1983","Cordeiro, I.",,"Ouro","Prata",,"Brasília","Fazenda Água Limpa. Cerrado próximo ao pasto dos carneiros."
"ÁREA DE RELEVANTE INTERESSE ECOLÓGICO CAPETINGA/TAQUARA","Angiosperms","Fabaceae","Bauhinia",,"L.","FABACEAE Bauhinia L.","UB1248253",,"UB","Kirkbride Junior, J.H.","5473","Native","1983",,,"Ouro","Prata",,"Brasília","Fazenda Água Limpa, campo experimental da Universidade de Brasília."
"ÁREA DE RELEVANTE INTERESSE ECOLÓGICO CAPETINGA/TAQUARA","Angiosperms","Fabaceae","Dalbergia","miscolobium","Benth.","FABACEAE Dalbergia miscolobium Benth.","UB1152494","splink","UB","Kirkbride Junior, J.H.","5444","Native","1983","Incognito",,"Ouro","Prata",,"Brasília","Fazenda Água Limpa."
"ÁREA DE RELEVANTE INTERESSE ECOLÓGICO CAPETINGA/TAQUARA","Angiosperms","Fabaceae","Periandra","mediterranea","(Vell.) Taub.","FABACEAE Periandra mediterranea (Vell.) Taub.","K002278950","splink","K","Kirkbride, J.H.","5446","Native","1983",,,"Ouro","Prata",,"Brasília","Arbusto até 1 m; Petalas roxas. Campo Cerrado. Fazenda Agua Limpa, campo experimental da Universidade de Brasília"
"ÁREA DE RELEVANTE INTERESSE ECOLÓGICO CAPETINGA/TAQUARA","Angiosperms","Fabaceae","Pterodon","emarginatus","Vogel","FABACEAE Pterodon emarginatus Vogel","US 3283959","x","US","Kirkbride, J.H.","5443","Native","1983",,,"Ouro","Prata",,"Brasília","Distrito Federal, Fazenda Agua Limpa, campo experimental da Universidade de Brasilia"
"ÁREA DE RELEVANTE INTERESSE ECOLÓGICO CAPETINGA/TAQUARA","Angiosperms","Fabaceae","Tachigali","aurea","Tul.","FABACEAE Tachigali aurea Tul.","UB1205238","splink","UB","Kirkbride Junior, J.H.","5369","Native","1983",,,"Ouro","Prata",,"Brasília","Fazenda Água Limpa, campo experimental da Universidade de Brasília."
"ÁREA DE RELEVANTE INTERESSE ECOLÓGICO CAPETINGA/TAQUARA","Angiosperms","Myrtaceae","Psidium","myrtoides","O.Berg","MYRTACEAE Psidium myrtoides O.Berg","UB1068696","splink","UB","Kirkbride Junior, J.H.","5466","Native","1983","Proenca, C.E.B.",,"Ouro","Prata",,"Brasília","Fazenda Água Limpa. Campo Experimental da UnB."
"ÁREA DE RELEVANTE INTERESSE ECOLÓGICO CAPETINGA/TAQUARA","Angiosperms","Phyllanthaceae","Phyllanthus","tenellus","Roxb.","PHYLLANTHACEAE Phyllanthus tenellus Roxb.","UB1213732","splink","UB","Pereira, L.","28","Native","1983","Webster, G.L.",,"Ouro","Prata",,"Brasília","Fazenda Água Limpa - Universidade de Brasília."
"ÁREA DE RELEVANTE INTERESSE ECOLÓGICO CAPETINGA/TAQUARA","Angiosperms","Poaceae","Hyparrhenia","rufa","(Nees) Stapf","POACEAE Hyparrhenia rufa (Nees) Stapf","UB0026050","splink","UB","Haridasan, M.","MH434","Native","1983","Valls, J.F.M.",,"Ouro","Prata",,"Brasília","Fazenda Água Limpa, Fazenda Água Limpa."
"ÁREA DE RELEVANTE INTERESSE ECOLÓGICO CAPETINGA/TAQUARA","Angiosperms","Poaceae","Melinis","minutiflora","P.Beauv.","POACEAE Melinis minutiflora P.Beauv.","UB0026231","splink","UB","Haridasan, M.","MH403","Native","1983","Valls, J.F.M.",,"Ouro","Prata",,"Brasília","Fazenda Água Limpa, Fazenda Água Limpa."
"ÁREA DE RELEVANTE INTERESSE ECOLÓGICO CAPETINGA/TAQUARA","Angiosperms","Euphorbiaceae","Euphorbia","hirta","L.","EUPHORBIACEAE Euphorbia hirta L.","UB1238654","splink","UB","Pereira, L.","29","Native","1983","Silva, O.L.M.","2014","Ouro","Prata",,"Brasília","Fazenda Água Limpa - Universidade de Brasília."
"ÁREA DE RELEVANTE INTERESSE ECOLÓGICO CAPETINGA/TAQUARA","Angiosperms","Malvaceae","Pavonia","grandiflora","A.St.-Hil.","MALVACEAE Pavonia grandiflora A.St.-Hil.","UB1338270","splink","UB","Haridasan, M.","108","Native","1983","Esteves, G.L.","2013","Ouro","Prata",,"Brasília","Fazenda Água Limpa."
"ÁREA DE RELEVANTE INTERESSE ECOLÓGICO CAPETINGA/TAQUARA","Angiosperms","Malvaceae","Waltheria",,"L.","MALVACEAE Waltheria L.","UB1024868","splink","UB","Pereira, L.","40","Native","1983","Esteves, G.L.","2013","Ouro","Prata",,"Brasília","Fazenda Água Limpa."
"ÁREA DE RELEVANTE INTERESSE ECOLÓGICO CAPETINGA/TAQUARA","Angiosperms","Asteraceae","Stevia","heptachaeta","DC.","ASTERACEAE Stevia heptachaeta DC.","UB1354569",,"UB","Haridasan, M.","116","Native","1983","Nakajima, J.N.","2010","Ouro","Prata",,"Brasília","Fazenda Água Limpa (FAL)."
"ÁREA DE RELEVANTE INTERESSE ECOLÓGICO CAPETINGA/TAQUARA","Angiosperms","Ericaceae","Gaylussacia","brasiliensis","(Spreng.) Meisn.","ERICACEAE Gaylussacia brasiliensis (Spreng.) Meisn.","UB1338269",,"UB","Guimaraes, N.B.","19","Native","1983","Romao, G.O.","2006","Ouro","Prata",,"Brasília","Fazenda Água Limpa."
"ÁREA DE RELEVANTE INTERESSE ECOLÓGICO CAPETINGA/TAQUARA","Angiosperms","Ericaceae","Gaylussacia","brasiliensis","(Spreng.) Meisn.","ERICACEAE Gaylussacia brasiliensis var. brasiliensis (Spreng.) Meisn.","UB1338269","splink","UB","Guimaraes, N.B.","19","Native","1983","Romao, G.O.","2006","Ouro","Prata",,"Brasília","Fazenda Água Limpa."
"ÁREA DE RELEVANTE INTERESSE ECOLÓGICO CAPETINGA/TAQUARA","Angiosperms","Asteraceae","Conyza","canadensis","(L.) Cronquist","ASTERACEAE Conyza canadensis (L.) Cronquist","UB0050422",,"UB","Pereira, L.","13","Native","1983","Teles, A.M.","2003","Ouro","Prata",,"Brasília","Fazenda Água Limpa - UnB"
"ÁREA DE RELEVANTE INTERESSE ECOLÓGICO CAPETINGA/TAQUARA","Angiosperms","Asteraceae","Mikania","ramosissima","Gardner","ASTERACEAE Mikania ramosissima Gardner","K000946048","splink","K","Pereira, B.A.S.","327","Native","1982","Robinson, H.",,"Ouro","Prata",,"Brasília","Fazenda Agua Limpa/UnB, adjacências da cachoeirinha."
"ÁREA DE RELEVANTE INTERESSE ECOLÓGICO CAPETINGA/TAQUARA","Angiosperms","Blechnaceae","Parablechnum","cordatum","(Desv.) Gasper & Salino","BLECHNACEAE Parablechnum cordatum (Desv.) Gasper & Salino","K000954311","splink","K","Ratter, J.A.","4766","Native","1982","Dittrich, V.A.O.",,"Ouro","Prata",,"Brasília","Fazenda Agua Limpa (Universidade de Brasilía field station), near Vargem Bonita, c. 18 km. SSW of Brasília TV tower."
"ÁREA DE RELEVANTE INTERESSE ECOLÓGICO CAPETINGA/TAQUARA","Angiosperms","Cyatheaceae","Cyathea","delgadii","Pohl. ex Sternb.","CYATHEACEAE Cyathea delgadii Pohl. ex Sternb.","UB1017405","splink","UB","Ratter, J.A.","4718","Native","1982","Fernandes, I.",,"Ouro","Prata",,"Brasília","Fazenda Água Limpa (University of Brasília field station), near Vargem Bonita, c. 18 km SSW of Brasília TV tower. Córrego da Onça (cabeceira transect)."
"ÁREA DE RELEVANTE INTERESSE ECOLÓGICO CAPETINGA/TAQUARA","Angiosperms","Lamiaceae","Hyptidendron","canum","(Pohl ex Benth.) Harley","LAMIACEAE Hyptidendron canum (Pohl ex Benth.) Harley","UB1358516",,"UB","Ratter, J.A.","4797","Native","1982","Harley, R.M.",,"Ouro","Prata",,"Brasília","Fazenda Água Limpa."
"ÁREA DE RELEVANTE INTERESSE ECOLÓGICO CAPETINGA/TAQUARA","Angiosperms","Rubiaceae","Faramea","marginata","Cham.","RUBIACEAE Faramea marginata Cham.","UB1017435","splink","UB","Ratter, J.A.","4795","Native","1982","Jardim, J.",,"Ouro","Prata",,"Brasília","Fazenda Água Limpa (University of Brasília field station), near Vargem Bonita, ca. 18km SSW of Brasília TV Tower."
"ÁREA DE RELEVANTE INTERESSE ECOLÓGICO CAPETINGA/TAQUARA","Angiosperms","Verbenaceae","Lippia","eupatorium","Schauer","VERBENACEAE Lippia eupatorium Schauer","UB1081453",,"UB","Ratter, J.A.","4785","Native","1982","Salimena, F.R.G.",,"Ouro","Prata",,"Brasília","Fazenda Água Limpa, Fazenda Água Limpa, cerca 18 km SSW da Torre TV Brasília."
"ÁREA DE RELEVANTE INTERESSE ECOLÓGICO CAPETINGA/TAQUARA","Angiosperms","Convolvulaceae","Distimake","flagellaris","(Choisy) A.R. Simões & Staples","CONVOLVULACEAE Distimake flagellaris (Choisy) A.R. Simões & Staples","UB1280653","splink","UB","Pereira, E.M.","19","Native","1982","Petrongari, F.S.","2021","Ouro","Prata",,"Brasília","Fazenda Água Limpa."
"ÁREA DE RELEVANTE INTERESSE ECOLÓGICO CAPETINGA/TAQUARA","Angiosperms","Calophyllaceae","Kielmeyera","corymbosa","Mart. & Zucc.","CALOPHYLLACEAE Kielmeyera corymbosa Mart. & Zucc.","UB1216372","splink","UB","Ratter, J.A.","4787","Native","1982","Trad, R.J.","2017","Ouro","Prata",,"Brasília","Fazenda Água Limpa."
"ÁREA DE RELEVANTE INTERESSE ECOLÓGICO CAPETINGA/TAQUARA","Angiosperms","Fabaceae","Zornia","mitziana","Sousa Costa","FABACEAE Zornia mitziana Sousa Costa","UB1025743",,"UB","Kirkbride, M.C.G.","1590","Native","1982","Martins, M.V.","2015","Ouro","Prata",,"Brasília","Fazenda Água Limpa. Campo experimental da UnB."
"ÁREA DE RELEVANTE INTERESSE ECOLÓGICO CAPETINGA/TAQUARA","Angiosperms","Rubiaceae","Cordiera","concolor","C.H.Perss. & Delprete","RUBIACEAE Cordiera concolor var. goyana C.H.Perss. & Delprete","UEC082203","splink","UEC","Ratter, J.A.","4796","Native","1982","Persson, C.","2014","Ouro","Prata",,"Brasília","Vargem Bonita, Fazenda Água Limpa (University of Brasília field station), near Vargem Bonita, c. 18km SSW of Brasília TV Tower."
"ÁREA DE RELEVANTE INTERESSE ECOLÓGICO CAPETINGA/TAQUARA","Angiosperms","Malpighiaceae","Byrsonima","intermedia","A.Juss.","MALPIGHIACEAE Byrsonima intermedia A.Juss.","UB1017442","splink","UB","Ratter, J.A.","4723","Native","1982","Mamede, M.C.H.","2007","Ouro","Prata",,"Brasília","Fazenda Água Limpa (University of Brasília field station), near Vargem Bonita, ca. 18km SSW of Brasília TV Tower."
"ÁREA DE RELEVANTE INTERESSE ECOLÓGICO CAPETINGA/TAQUARA","Angiosperms","Cyatheaceae","Cyathea",,"J.Sm.","CYATHEACEAE Cyathea J.Sm.","UB0033430",,"UB","Ratter, J.A.","4767","Native","1982","Salino, A.","2000","Ouro","Prata",,"Brasília","Fazenda Água Limpa (University of Brasília field station), near Vargem Bonita, c. 18 km SSW of Brasília TV tower. At the crossing at the upper end of the Córrego Capitinga"
"ÁREA DE RELEVANTE INTERESSE ECOLÓGICO CAPETINGA/TAQUARA","Angiosperms","Fabaceae","Stylosanthes","guianensis","(Aubl.) Sw.","FABACEAE Stylosanthes guianensis (Aubl.) Sw.","HRB00032969","splink","HRB","Kirkbride, M.C.G.","1618","Native","1982","Conceicao, A.S.","2000","Ouro","Prata",,"Brasília","Fazenda Água Limpa, Campo Experimental da Universidade Folha Cartográfica SD-23-Y-C Coordenada Coletada."
"ÁREA DE RELEVANTE INTERESSE ECOLÓGICO CAPETINGA/TAQUARA","Angiosperms","Rubiaceae","Palicourea","hispidula","Standl.","RUBIACEAE Palicourea hispidula Standl.","UEC117260","splink","UEC","Ratter, J.A.","R4803","Native","1982","Taylor, C.M.","1998","Ouro","Prata",,"Brasília","Vargem Bonita, Fazenda Agua Limpa ( University of Brasilia field station ), near Vargem Bonita, c.18 km. SSW of Brasilia TV tower."
"ÁREA DE RELEVANTE INTERESSE ECOLÓGICO CAPETINGA/TAQUARA","Angiosperms","Melastomataceae","Leandra",,"Raddi","MELASTOMATACEAE Leandra Raddi","UEC022092","splink","UEC","Ratter, J.A.","4775","Native","1982","Souza, M.L.","1997","Ouro","Prata",,"Brasília","Fazenda Água Limpa (University of Brasilia field station), near Vargem Bonita, c. 18Km SSW of Brasilia TV tower"
"ÁREA DE RELEVANTE INTERESSE ECOLÓGICO CAPETINGA/TAQUARA","Angiosperms","Euphorbiaceae","Astraea","lobata","(L.) Klotzsch","EUPHORBIACEAE Astraea lobata (L.) Klotzsch","UB1338668",,"UB","Ratter, J.A.","4774","Native","1982","Cordeiro, I.","1995","Ouro","Prata",,"Brasília","Fazenda Água Limpa (University of Brasília field station), near Vargem Bonita, c. 18 Km. SSW of Brasília TV tower."
"ÁREA DE RELEVANTE INTERESSE ECOLÓGICO CAPETINGA/TAQUARA","Angiosperms","Velloziaceae","Vellozia","variabilis","Mart. ex Schult. & Schult.f.","VELLOZIACEAE Vellozia variabilis Mart. ex Schult. & Schult.f.","UB0028435",,"UB","Ratter, J.A.","4781","Native","1982","Silva, R.M.","1989","Ouro","Prata",,"Brasília","Fazenda Água Limpa (University of Brasília field station), near Vargem Bonita, c. 18 km SSW of Brasília TV tower"
"ÁREA DE RELEVANTE INTERESSE ECOLÓGICO CAPETINGA/TAQUARA","Angiosperms","Apocynaceae","Ditassa","obcordata","Mart.","APOCYNACEAE Ditassa obcordata Mart.","K000095570","splink","K","Heringer, E.P.","18320","Native","1981","Rapini",,"Ouro","Prata",,"Brasília","Fazenda Água Limpa. Unb."
"ÁREA DE RELEVANTE INTERESSE ECOLÓGICO CAPETINGA/TAQUARA","Angiosperms","Bignoniaceae","Fridericia","platyphylla","(Cham.) L.G.Lohmann","BIGNONIACEAE Fridericia platyphylla (Cham.) L.G.Lohmann","UB1268960","splink","UB","Fontes, P.J.P.","19","Native","1981","Gentry, A.H.",,"Ouro","Prata",,"Brasília","Fazenda Água Limpa, Fazenda Água Limpa."
"ÁREA DE RELEVANTE INTERESSE ECOLÓGICO CAPETINGA/TAQUARA","Angiosperms","Burmanniaceae","Burmannia",,"L.","BURMANNIACEAE Burmannia L.","UB0030044",,"UB","Kirkbride, M.C.G.","1523B","Native","1981","Maas, P.J.M.",,"Ouro","Prata",,"Brasília","Fazenda Água Limpa. Campo Experimental da UnB."
"ÁREA DE RELEVANTE INTERESSE ECOLÓGICO CAPETINGA/TAQUARA","Angiosperms","Connaraceae","Connarus","suberosus","Planch.","CONNARACEAE Connarus suberosus Planch.","UB1358459",,"UB","Haridasan, M.","7","Native","1981","Milhomens, L.C.",,"Ouro","Prata",,"Brasília","Fazenda Água Limpa."
"ÁREA DE RELEVANTE INTERESSE ECOLÓGICO CAPETINGA/TAQUARA","Angiosperms","Droseraceae","Drosera","communis","A.St.-Hil.","DROSERACEAE Drosera communis A.St.-Hil.","UB1234040","splink","UB","Kirkbride, M.C.G.","1559","Native","1981","Silva, T.R.S.",,"Ouro","Prata",,"Brasília","Córrego da Onça. Fazenda Água Limpa. Campo Experimental da UnB."
"ÁREA DE RELEVANTE INTERESSE ECOLÓGICO CAPETINGA/TAQUARA","Angiosperms","Erythroxylaceae","Erythroxylum","engleri","O.E.Schulz","ERYTHROXYLACEAE Erythroxylum engleri O.E.Schulz","UB1263390","splink","UB","Haridasan, M.","MH11","Native","1981","Amaral, A.",,"Ouro","Prata",,"Brasília","Fazenda Água Limpa, Fazenda Água Limpa - Universidade de Brasília."
"ÁREA DE RELEVANTE INTERESSE ECOLÓGICO CAPETINGA/TAQUARA","Angiosperms","Fabaceae","Condylostylis","candida","(Vell.) A. Delgado","FABACEAE Condylostylis candida (Vell.) A. Delgado","US 2984006","x","US","Heringer, E.P.","7238","Native","1981",,,"Ouro","Prata",,"Brasília","Brasília, DF, Fazenda Agua Limpa, UnB; mata"
"ÁREA DE RELEVANTE INTERESSE ECOLÓGICO CAPETINGA/TAQUARA","Angiosperms","Fabaceae","Mimosa","granitica","(Barneby) L.M. Borges","FABACEAE Mimosa granitica (Barneby) L.M. Borges","UB1177220","splink","UB","Kirkbride, M.C.G.","1454","Native","1981","Simon, M.F.",,"Ouro","Prata",,"Brasília","Fazenda Água Limpa."
"ÁREA DE RELEVANTE INTERESSE ECOLÓGICO CAPETINGA/TAQUARA","Angiosperms","Fabaceae","Pterodon","pubescens","(Benth.) Benth.","FABACEAE Pterodon pubescens (Benth.) Benth.","UB1209422","splink","UB","Kirkbride Junior, J.H.","4450","Native","1981","Incognito",,"Ouro","Prata",,"Brasília","Fazenda Água Limpa."
"ÁREA DE RELEVANTE INTERESSE ECOLÓGICO CAPETINGA/TAQUARA","Angiosperms","Gentianaceae","Tetrapollinia","caerulescens","(Aubl.) Maguire & B.M.Boom","GENTIANACEAE Tetrapollinia caerulescens (Aubl.) Maguire & B.M.Boom","UB1215438","splink","UB","Kirkbride, M.C.G.","1518","Native","1981","Maas, P.J.M.",,"Ouro","Prata",,"Brasília","Córrego da Onça, Fazenda Água Limpa. Campo Experimental da UnB."
"ÁREA DE RELEVANTE INTERESSE ECOLÓGICO CAPETINGA/TAQUARA","Angiosperms","Poaceae","Ichnanthus","ephemeroblepharis","G.A.Black & Fróes","POACEAE Ichnanthus ephemeroblepharis G.A.Black & Fróes","UB0026158","splink","UB","Kirkbride, M.C.G.","1494","Native","1981","Filgueiras, T.S.",,"Ouro","Prata",,"Brasília","Fazenda Água Limpa, Fazenda Água Limpa."
"ÁREA DE RELEVANTE INTERESSE ECOLÓGICO CAPETINGA/TAQUARA","Angiosperms","Xyridaceae","Xyris","veruina","Malme","XYRIDACEAE Xyris veruina Malme","UB0029414","splink","UB","Kirkbride, M.C.G.","1497","Native","1981","Wanderley, M.G.L.",,"Ouro","Prata",,"Brasília","Fazenda Água Limpa."
"ÁREA DE RELEVANTE INTERESSE ECOLÓGICO CAPETINGA/TAQUARA","Angiosperms","Sapotaceae","Pouteria","ramiflora","(Mart.) Radlk.","SAPOTACEAE Pouteria ramiflora (Mart.) Radlk.","UB1290864","splink","UB","Kirkbride, M.C.G.","1587","Native","1981","Alves-Araujo, A.","2018","Ouro","Prata",,"Brasília","Fazenda Água Limpa. Campo Experimental da UnB."
"ÁREA DE RELEVANTE INTERESSE ECOLÓGICO CAPETINGA/TAQUARA","Angiosperms","Asteraceae","Chromolaena",,"DC.","ASTERACEAE Chromolaena DC.","UB0059644",,"UB","Kirkbride, M.C.G.","1451","Native","1981","Rivera, V.L.","2012","Ouro","Prata",,"Brasília","Fazenda Água Limpa."
"ÁREA DE RELEVANTE INTERESSE ECOLÓGICO CAPETINGA/TAQUARA","Angiosperms","Rubiaceae","Psychotria","pedunculosa","Rich.","RUBIACEAE Psychotria pedunculosa Rich.","UB1069050","splink","UB","Kirkbride Junior, J.H.","4420","Native","1981","Delprete, P.G.","2012","Ouro","Prata",,"Brasília","Córrego da Onça, Fazenda Água Limpa, campo experimental da Universidade de Brasília."
"ÁREA DE RELEVANTE INTERESSE ECOLÓGICO CAPETINGA/TAQUARA","Angiosperms","Xyridaceae","Xyris","savanensis","Miq.","XYRIDACEAE Xyris savanensis Miq.","UB0029289",,"UB","Kirkbride, M.C.G.","1434","Native","1981","Wanderley, M.G.L.","2009","Ouro","Prata",,"Brasília","Fazenda Água Limpa. Campo experimental."
"ÁREA DE RELEVANTE INTERESSE ECOLÓGICO CAPETINGA/TAQUARA","Angiosperms","Burmanniaceae","Apteria","aphylla","(Nutt.) Barnhart ex Small","BURMANNIACEAE Apteria aphylla (Nutt.) Barnhart ex Small","UB0004694",,"UB","Kirkbride, M.C.G.","1457","Native","1981","Maas, H.","2004","Ouro","Prata",,"Brasília","Fazenda Água Limpa. Campo Experimental da UnB."
"ÁREA DE RELEVANTE INTERESSE ECOLÓGICO CAPETINGA/TAQUARA","Angiosperms","Burmanniaceae","Burmannia","damazii","Beauverd","BURMANNIACEAE Burmannia damazii Beauverd","UB0004724",,"UB","Kirkbride, M.C.G.","1561","Native","1981","Maas, H.","2004","Ouro","Prata",,"Brasília","Fazenda Água Limpa. Campo Experimental da UnB. Córrego da Onça, área sempre alagada."
"ÁREA DE RELEVANTE INTERESSE ECOLÓGICO CAPETINGA/TAQUARA","Angiosperms","Asteraceae","Spilanthes",,"Jacq.","ASTERACEAE Spilanthes Jacq.","UB1353515",,"UB","Kirkbride, M.C.G.","1568","Native","1981","Teles, A.M.","2003","Ouro","Prata",,"Brasília","Fazenda Água Limpa, Fazenda Água Limpa - Universidade de Brasília."
"ÁREA DE RELEVANTE INTERESSE ECOLÓGICO CAPETINGA/TAQUARA","Angiosperms","Bromeliaceae","Dyckia","brasiliana","L.B.Sm.","BROMELIACEAE Dyckia brasiliana L.B.Sm.","UB1234272","splink","UB","Kirkbride, M.C.G.","1504","Native","1981","Sousa, G.M.","2000","Ouro","Prata",,"Brasília","Fazenda Água Limpa, Fazenda Água Limpa. Campo experiemental da UNB."
"ÁREA DE RELEVANTE INTERESSE ECOLÓGICO CAPETINGA/TAQUARA","Angiosperms","Euphorbiaceae","Croton","campestris","A.St.-Hil.","EUPHORBIACEAE Croton campestris A.St.-Hil.","UB1167421","splink","UB","Kirkbride, M.C.G.","1486","Native","1981","Cordeiro, I.","1995","Ouro","Prata",,"Brasília","Fazenda Água Limpa. Campo Experimental da UnB."
"ÁREA DE RELEVANTE INTERESSE ECOLÓGICO CAPETINGA/TAQUARA","Angiosperms","Euphorbiaceae","Croton","antisyphiliticus","Mart.","EUPHORBIACEAE Croton antisyphiliticus Mart.","UB1167373","splink","UB","Kirkbride, M.C.G.","1576","Native","1981","Ginzbarg, S.","1988","Ouro","Prata",,"Brasília","Fazenda Água Limpa; Campo Experimental da UnB."
"ÁREA DE RELEVANTE INTERESSE ECOLÓGICO CAPETINGA/TAQUARA","Angiosperms","Asteraceae","Bidens","pilosa","L.","ASTERACEAE Bidens pilosa L.","UB0044391","splink","UB","Fontes, P.J.P.","21","Native","1981","Robinson, H.","1983","Ouro","Prata",,"Brasília","Fazenda Água Limpa, Fazenda Água Limpa - Universidade de Brasília. Próximo à entrada."
"ÁREA DE RELEVANTE INTERESSE ECOLÓGICO CAPETINGA/TAQUARA","Angiosperms","Asteraceae","Chromolaena","leucocephala","Gardner","ASTERACEAE Chromolaena leucocephala Gardner","UB0059268",,"UB","Felix, M.P.","13","Native","1981","Robinson, H.","1983","Ouro","Prata",,"Brasília","Fazenda Água Limpa, Fazenda Água Limpa, próximo ao pomar."
"ÁREA DE RELEVANTE INTERESSE ECOLÓGICO CAPETINGA/TAQUARA","Angiosperms","Asteraceae","Cosmos","sulphureus","Cav.","ASTERACEAE Cosmos sulphureus Cav.","UB0050495",,"UB","Fontes, P.J.P.","17","Native","1981","Robinson, H.","1983","Ouro","Prata",,"Brasília","Fazenda Água Limpa, nas proximidades do viveiro florestal"
"ÁREA DE RELEVANTE INTERESSE ECOLÓGICO CAPETINGA/TAQUARA","Angiosperms","Asteraceae","Piptocarpha","oblonga","(Gardner) Baker","ASTERACEAE Piptocarpha oblonga (Gardner) Baker","UB1214332","splink","UB","Kirkbride Junior, J.H.","4494","Native","1981","Robinson, H.","1983","Ouro","Prata",,"Brasília","Fazenda Água Limpa - Universidade de Brasília."
"ÁREA DE RELEVANTE INTERESSE ECOLÓGICO CAPETINGA/TAQUARA","Angiosperms","Fabaceae","Chamaecrista","cotinifolia","(G.Don) H.S.Irwin & Barneby","FABACEAE Chamaecrista cotinifolia (G.Don) H.S.Irwin & Barneby","UB1285010",,"UB","Felix, M.","14","Native","1981","Barneby, R.","1983","Ouro","Prata",,"Brasília","Fazenda Água Limpa, próximo ao pomar."
"ÁREA DE RELEVANTE INTERESSE ECOLÓGICO CAPETINGA/TAQUARA","Angiosperms","Rubiaceae","Psychotria","warmingii","Müll.Arg.","RUBIACEAE Psychotria warmingii Müll.Arg.","UB1069149",,"UB","Kirkbride Junior, J.H.","4421","Native","1981",,"1983","Ouro","Prata",,"Brasília","Córrego da Onça, Fazenda Água Limpa, campo experimental da Universidade de Brasília."
"ÁREA DE RELEVANTE INTERESSE ECOLÓGICO CAPETINGA/TAQUARA","Angiosperms","Bignoniaceae","Jacaranda","caroba","(Vell.) DC.","BIGNONIACEAE Jacaranda caroba (Vell.) DC.","UB1282096","splink","UB","Kirkbride, M.C.G.","1365","Native","1980","Farias, R.",,"Ouro","Prata",,"Brasília","Fazenda Água Limpa."
"ÁREA DE RELEVANTE INTERESSE ECOLÓGICO CAPETINGA/TAQUARA","Angiosperms","Cucurbitaceae","Cayaponia","weddellii","(Naudin) Gomes-Klein","CUCURBITACEAE Cayaponia weddellii (Naudin) Gomes-Klein","UB1267551","splink","UB","Cesar, H.L.","137","Native","1980","Klein, V.L.G.",,"Ouro","Prata",,"Brasília","Fazenda Água Limpa - Universidade de Brasília."
"ÁREA DE RELEVANTE INTERESSE ECOLÓGICO CAPETINGA/TAQUARA","Angiosperms","Euphorbiaceae","Sapium","glandulosum","(L.) Morong","EUPHORBIACEAE Sapium glandulosum (L.) Morong","UB1358716",,"UB","Ratter, J.A.","4554","Native","1980","Cordeiro, I.",,"Ouro","Prata",,"Brasília","Fazenda Água Limpa - Universidade de Brasília."
"ÁREA DE RELEVANTE INTERESSE ECOLÓGICO CAPETINGA/TAQUARA","Angiosperms","Fabaceae","Desmodium",,"Desv.","FABACEAE Desmodium Desv.","TEPB0002418","splink","TEPB","Heringer, E.P.",,"Native","1980",,,"Ouro","Prata",,"Brasília","Fazenda água limpa, UnB."
"ÁREA DE RELEVANTE INTERESSE ECOLÓGICO CAPETINGA/TAQUARA","Angiosperms","Fabaceae","Mimosa","albolanata","Taub.","FABACEAE Mimosa albolanata Taub.","UB1327079","splink","UB","Cesar, H.L.","171","Native","1980","Simon, M.F.",,"Ouro","Prata",,"Brasília","Fazenda Água Limpa."
"ÁREA DE RELEVANTE INTERESSE ECOLÓGICO CAPETINGA/TAQUARA","Angiosperms","Fabaceae","Teramnus",,"P.Browne","FABACEAE Teramnus P.Browne","26420","splink","UEC","Heringer, E.P.","4671","Native","1980",,,"Ouro","Prata",,"Brasília","Fazenda Água Limpa, UnB."
"ÁREA DE RELEVANTE INTERESSE ECOLÓGICO CAPETINGA/TAQUARA","Angiosperms","Lamiaceae","Hypenia","calycina","(Pohl ex Benth.) Harley","LAMIACEAE Hypenia calycina (Pohl ex Benth.) Harley","UB1193994",,"UB","Kirkbride, M.C.G.","1343","Native","1980","Harley, R.M.",,"Ouro","Prata",,"Brasília","Fazenda Água Limpa."
"ÁREA DE RELEVANTE INTERESSE ECOLÓGICO CAPETINGA/TAQUARA","Ferns and Lycophytes","Malpighiaceae","Camarea","affinis","A.St.-Hil.","MALPIGHIACEAE Camarea affinis A.St.-Hil.","UB1160243","splink","UB","Cesar, H.L.","33","Native","1980","Mamede, M.C.H.",,"Ouro","Prata",,"Brasília","Fazenda Água Limpa."
"ÁREA DE RELEVANTE INTERESSE ECOLÓGICO CAPETINGA/TAQUARA","Angiosperms","Melastomataceae",,,"A.Juss.","MELASTOMATACEAE Melastomataceae A.Juss.","FLOR0007529",,"FLOR","Souza, M.L.","14","Native","1980",,,"Ouro","Prata",,"Brasília","Faz. da Água Limpa (FAL), campo experimental da UNB, Córrego da Onça."
"ÁREA DE RELEVANTE INTERESSE ECOLÓGICO CAPETINGA/TAQUARA","Angiosperms","Smilacaceae","Smilax","goyazana","A.DC.","SMILACACEAE Smilax goyazana A.DC.","UB0027916",,"UB","Alves, H.","93","Native","1980","Andreata, R.H.P.",,"Ouro","Prata",,"Brasília","Fazenda Água Limpa, Campo Experimental da UnB, Córrego da Onça."
"ÁREA DE RELEVANTE INTERESSE ECOLÓGICO CAPETINGA/TAQUARA","Angiosperms","Lamiaceae",,,"Martinov","LAMIACEAE Lamiaceae Martinov","UB1017034","splink","UB","Kirkbride, M.C.G.","1253","Native","1980","Antar, G.M.","2017","Ouro","Prata",,"Brasília","Fazenda Água Limpa."
"ÁREA DE RELEVANTE INTERESSE ECOLÓGICO CAPETINGA/TAQUARA","Angiosperms","Malpighiaceae","Byrsonima","clausseniana","A.Juss.","MALPIGHIACEAE Byrsonima clausseniana A.Juss.","UB1017341",,"UB","Paixao, I.L.S.C.","19","Native","1980","Mamede, M.C.H.","2016","Ouro","Prata",,"Brasília","Fazenda Agua Limpa, Universidade de Brasília."
"ÁREA DE RELEVANTE INTERESSE ECOLÓGICO CAPETINGA/TAQUARA","Angiosperms","Rubiaceae","Galianthe","peruviana","(Pers.) E.L.Cabral","RUBIACEAE Galianthe peruviana (Pers.) E.L.Cabral","EAC0009234","splink","EAC","Cesar, H.L.","s.n.","Native","1980","Souza, E.B.","2015","Ouro","Prata",,"Brasília","Fazenda Água Limpa, Latossolo vermelho-amarelo, não encharcado, declive suave, área de experimentação sobre os efeitos do fogo na vegetação herbácea-subarbustiva"
"ÁREA DE RELEVANTE INTERESSE ECOLÓGICO CAPETINGA/TAQUARA","Angiosperms","Lamiaceae","Oocephalus","viscaria","Harley & J.F.B.Pastore","LAMIACEAE Oocephalus viscaria Harley & J.F.B.Pastore","UB1156836",,"UB","Cesar, H.L.","379","Native","1980","Harley, R.M.","2014","Ouro","Prata",,"Brasília","Fazenda Água Limpa."
"ÁREA DE RELEVANTE INTERESSE ECOLÓGICO CAPETINGA/TAQUARA","Angiosperms","Myrtaceae","Psidium","ratterianum","Proença & Soares-Silva","MYRTACEAE Psidium ratterianum Proença & Soares-Silva","UB0041213",,"UB","Cesar, H.L.","37","Native","1980","Proenca, C.E.B.","2010","Ouro","Prata",,"Brasília","Fazenda Água Limpa. Área de experimentação sobre os efeitos do fogo na vegetação herbáceo - subarbustiva."
"ÁREA DE RELEVANTE INTERESSE ECOLÓGICO CAPETINGA/TAQUARA","Angiosperms","Rubiaceae","Mitracarpus","hirtus","(L.) DC.","RUBIACEAE Mitracarpus hirtus (L.) DC.","EAC0009319","splink","EAC","Cesar, H.L.","435","Native","1980","Souza, E.B.","2010","Ouro","Prata",,"Brasília","Fazenda Água Limpa, Latossolo vermelho-amarelo, não-encharcado, declive suave, área de experimentação sobre os efeitos do fogo na veg. herbácea-subarbustiva"
"ÁREA DE RELEVANTE INTERESSE ECOLÓGICO CAPETINGA/TAQUARA","Angiosperms","Fabaceae","Eriosema","congestum","Benth.","FABACEAE Eriosema congestum Benth.","MBM067159","splink","MBM","Fiedler, L.","106","Native","1980","Fortunato, R.H.","2009","Ouro","Prata",,"Brasília","Fazenda Água Limpa."
"ÁREA DE RELEVANTE INTERESSE ECOLÓGICO CAPETINGA/TAQUARA",,"Salicaceae","Casearia","altiplanensis","Sleumer","SALICACEAE Casearia altiplanensis Sleumer","UEC046813","splink","UEC","Ratter, J.A.","R4560",,"1980","Marquete, R.","2008","Ouro","Prata",,"Brasília","Fazenda Água Limpa (University of Brasilia field station), near Vargem Bonita, c. 18km SSW of Brasília TV Tower."
"ÁREA DE RELEVANTE INTERESSE ECOLÓGICO CAPETINGA/TAQUARA","Angiosperms","Asteraceae","Chromolaena","vindex","(DC.) R.M.King & H.Rob.","ASTERACEAE Chromolaena vindex (DC.) R.M.King & H.Rob.","UB0059607",,"UB","Kirkbride, M.C.G.","1417","Native","1980","Esteves, R.","2007","Ouro","Prata",,"Brasília","Fazenda Água Limpa. Campo Experimental da UnB"
"ÁREA DE RELEVANTE INTERESSE ECOLÓGICO CAPETINGA/TAQUARA","Angiosperms","Fabaceae","Chamaecrista","desvauxii","H.S.Irwin & Barneby","FABACEAE Chamaecrista desvauxii var. modesta H.S.Irwin & Barneby","EAC0009273","splink","EAC","Cesar, H.L.","s.n.","Native","1980","Fernandes, A.","2006","Ouro","Prata",,"Brasília","Fazenda Água Limpa. Latossolo"
"ÁREA DE RELEVANTE INTERESSE ECOLÓGICO CAPETINGA/TAQUARA","Angiosperms","Fabaceae","Crotalaria","martiana","(Windler & S.G.Skinner) Planchuelo","FABACEAE Crotalaria martiana subsp. mohlenbrockii (Windler & S.G.Skinner) Planchuelo","EAC0009258","splink","EAC","Cesar, H.L.","126","Native","1980","Planchuelo, A.M.","2001","Ouro","Prata",,"Brasília","Faz. Água limpa."
"ÁREA DE RELEVANTE INTERESSE ECOLÓGICO CAPETINGA/TAQUARA","Angiosperms","Cyatheaceae","Cyathea","villosa","Willd.","CYATHEACEAE Cyathea villosa Willd.","UB0033425","splink","UB","Gutierres, P.","s.n.","Native","1980","Fernandes, I.","1999","Ouro","Prata",,"Brasília","Fazenda Água Limpa."
"ÁREA DE RELEVANTE INTERESSE ECOLÓGICO CAPETINGA/TAQUARA","Angiosperms","Verbenaceae","Lippia","lupulina","Cham.","VERBENACEAE Lippia lupulina Cham.","CESJ027076","splink","CESJ","Grandi, T.S.M.","348","Native","1980","Salimena, F.R.G.","1993","Ouro","Prata",,"Brasília","Fazenda Água Limpa"
"ÁREA DE RELEVANTE INTERESSE ECOLÓGICO CAPETINGA/TAQUARA","Angiosperms","Iridaceae","Trimezia",,"Salisb. ex Herb.","IRIDACEAE Trimezia Salisb. ex Herb.","UB1207210","splink","UB","Cesar, F.B.","132","Native","1980","Henrich, J.E.","1992","Ouro","Prata",,"Brasília","Fazenda Água Limpa."
"ÁREA DE RELEVANTE INTERESSE ECOLÓGICO CAPETINGA/TAQUARA","Angiosperms","Fabaceae","Bauhinia","goyazensis","Harms","FABACEAE Bauhinia goyazensis Harms","EAC0009252","splink","EAC","Cesar, H.L.","s.n.","Native","1980","Vaz, A.F.","1990","Ouro","Prata",,"Brasília","Fazenda Água Limpa."
"ÁREA DE RELEVANTE INTERESSE ECOLÓGICO CAPETINGA/TAQUARA","Angiosperms","Apocynaceae","Aspidosperma","macrocarpon","Mart. & Zucc.","APOCYNACEAE Aspidosperma macrocarpon Mart. & Zucc.","UB1173789",,"UB","Paixao, I.L.S.C.","51","Native","1980","Marcondes-Ferreira, W.","1989","Ouro","Prata",,"Brasília","Fazenda Água Limpa."
"ÁREA DE RELEVANTE INTERESSE ECOLÓGICO CAPETINGA/TAQUARA","Angiosperms","Malvaceae","Phragmocarpidium","heringeri","Krapov.","MALVACEAE Phragmocarpidium heringeri Krapov.","UB1213652",,"UB","Kirkbride, M.C.G.","1250","Native","1980","Krapovickas, A.","1987","Ouro","Prata",,"Brasília","Fazenda Água Limpa."
"ÁREA DE RELEVANTE INTERESSE ECOLÓGICO CAPETINGA/TAQUARA","Angiosperms","Poaceae","Andropogon","macrothrix","Trin.","POACEAE Andropogon macrothrix Trin.","UB0025158",,"UB","Kirkbride, M.C.G.","1413","Native","1980","Valls, J.F.M.","1985","Ouro","Prata",,"Brasília","Fazenda Água Limpa. Campo Experimental da UnB."
"ÁREA DE RELEVANTE INTERESSE ECOLÓGICO CAPETINGA/TAQUARA","Angiosperms","Poaceae","Trachypogon","spicatus","(L.f.) Kuntze","POACEAE Trachypogon spicatus (L.f.) Kuntze","EAC0009344","splink","EAC","Cesar, H.L.","612","Native","1980","Filgueiras, T.S.","1980","Ouro","Prata",,"Brasília","Fazenda Água Limpa, Latossolo vermelho-amarelo, não encharcado; declive suave; área de experimentação sobre os efeitos do fogo na vegetação herbácea-subarbustiva"
"ÁREA DE RELEVANTE INTERESSE ECOLÓGICO CAPETINGA/TAQUARA","Angiosperms","Euphorbiaceae","Croton","didrichsenii","G.L.Webster","EUPHORBIACEAE Croton didrichsenii G.L.Webster","UB1282368","splink","UB","Cesar, H.L.","549","Native","1979","Cordeiro, I.",,"Ouro","Prata",,"Brasília","Fazenda Água Limpa - Universidade de Brasília."
"ÁREA DE RELEVANTE INTERESSE ECOLÓGICO CAPETINGA/TAQUARA","Angiosperms","Rubiaceae","Psychotria","nitidula","Cham. & Schltdl.","RUBIACEAE Psychotria nitidula Cham. & Schltdl.","UB1338578","splink","UB","Kirkbride Junior, J.H.","3077","Native","1979",,,"Ouro","Prata",,"Brasília","Fazenda Água Limpa, perto encampimento."
"ÁREA DE RELEVANTE INTERESSE ECOLÓGICO CAPETINGA/TAQUARA","Angiosperms","Malpighiaceae","Glicophyllum","ambiguum","(A.Juss.) R.F.Almeida","MALPIGHIACEAE Glicophyllum ambiguum (A.Juss.) R.F.Almeida","UB1242338",,"UB","Cesar, H.L.","670","Native","1979","Mamede, M.C.H.","2003","Ouro","Prata",,"Brasília","Fazenda Água Limpa."
"ÁREA DE RELEVANTE INTERESSE ECOLÓGICO CAPETINGA/TAQUARA",,"Asteraceae","Chaptalia","integerrima","(Vell.) Burkart","ASTERACEAE Chaptalia integerrima (Vell.) Burkart","UB0053859",,"UB","Cesar, H.L.","261",,"1979","Roque, N.","2002","Ouro","Prata",,"Brasília","Fazenda Água Limpa - Universidade de Brasília."
"ÁREA DE RELEVANTE INTERESSE ECOLÓGICO CAPETINGA/TAQUARA","Angiosperms","Asteraceae","Trixis","glutinosa","D.Don","ASTERACEAE Trixis glutinosa D.Don","UB1243855","splink","UB","Cesar, H.L.","565","Native","1979","Roque, N.","2001","Ouro","Prata",,"Brasília","Fazenda Água Limpa - Universidade de Brasília."
"ÁREA DE RELEVANTE INTERESSE ECOLÓGICO CAPETINGA/TAQUARA","Angiosperms","Cyperaceae","Fuirena","umbellata","Rottb.","CYPERACEAE Fuirena umbellata Rottb.","UEC025227","splink","UEC","Heringer, E.P.","17666","Native","1979","Shepherd, G.J.","2000","Ouro","Prata",,"Brasília","Fazenda Água Limpa (UnB)."
"ÁREA DE RELEVANTE INTERESSE ECOLÓGICO CAPETINGA/TAQUARA","Angiosperms","Malvaceae","Waltheria","communis","A.St.-Hil.","MALVACEAE Waltheria communis A.St.-Hil.","UB1228472","splink","UB","Cesar, H.L.","548","Native","1979","Saunders, J.G.","1993","Ouro","Prata",,"Brasília","Fazenda Água Limpa, Fazenda Água Limpa."
"ÁREA DE RELEVANTE INTERESSE ECOLÓGICO CAPETINGA/TAQUARA","Angiosperms","Rubiaceae","Tocoyena","viscidula","Mart.","RUBIACEAE Tocoyena viscidula Mart.","UB1206537",,"UB","Cesar, H.L.","638","Native","1979","Prado, A.L.","1984","Ouro","Prata",,"Brasília","Fazenda Água Limpa."
"ÁREA DE RELEVANTE INTERESSE ECOLÓGICO CAPETINGA/TAQUARA","Angiosperms","Fabaceae","Dalbergia","frutescens","(Vell.) Britton","FABACEAE Dalbergia frutescens (Vell.) Britton","46556","splink","UEC","Heringer, E.P.","2758","Native","1979","Heringer, E.P.","1980","Ouro","Prata",,"Brasília","Fazenda Água Limpa, UnB."
"ÁREA DE RELEVANTE INTERESSE ECOLÓGICO CAPETINGA/TAQUARA","Angiosperms","Loranthaceae","Struthanthus","flexicaulis","(Mart.) Mart.","LORANTHACEAE Struthanthus flexicaulis (Mart.) Mart.","200541","splink","SP","Heringer, E.P.","2230","Native","1979","Rizzini, C.T.","1980","Ouro","Prata",,"Brasília","Fazenda Água Limpa (UnB)"
"ÁREA DE RELEVANTE INTERESSE ECOLÓGICO CAPETINGA/TAQUARA","Angiosperms","Cyperaceae","Rhynchospora","warmingii","Boeckeler","CYPERACEAE Rhynchospora warmingii Boeckeler","INPA0206290","splink","INPA","Ratter, J.A.","4239","Native","1978","Koyama, T.M.",,"Ouro","Prata",,"Brasília","Fazenda Água Limpa"
"ÁREA DE RELEVANTE INTERESSE ECOLÓGICO CAPETINGA/TAQUARA","Angiosperms","Fabaceae","Dalbergia",,"L.f.","FABACEAE Dalbergia L.f.","41901","splink","UEC","Heringer, E.P.","17134","Native","1978",,,"Ouro","Prata",,"Brasília","Fazenda Água Limpa, UnB."
"ÁREA DE RELEVANTE INTERESSE ECOLÓGICO CAPETINGA/TAQUARA","Angiosperms","Ericaceae","Agarista","chlorantha","(Cham.) G.Don","ERICACEAE Agarista chlorantha (Cham.) G.Don","UB1358871",,"UB","Ratter, J.A.","4282","Native","1978","Romao, G.O.","2006","Ouro","Prata",,"Brasília","Fazenda Água Limpa (University of BRasília field station), near Vargem Bonita, ca. 18km SSW of Brasília TV Tower."
"ÁREA DE RELEVANTE INTERESSE ECOLÓGICO CAPETINGA/TAQUARA","Angiosperms","Lythraceae","Diplusodon","nitidus","Mart. ex DC.","LYTHRACEAE Diplusodon nitidus Mart. ex DC.","UEC143508","splink","UEC","Ratter, J.A.","4176","Native","1977","Cavalcanti, T.B.","1986","Ouro","Prata",,"Brasília","Fazenda Agua Limpa (UNB field station), near Vargem Bonita c. 18km SSW of Brasilia TV tower."
"ÁREA DE RELEVANTE INTERESSE ECOLÓGICO CAPETINGA/TAQUARA","Ferns and Lycophytes","Apocynaceae","Hancornia","speciosa","Gomes","APOCYNACEAE Hancornia speciosa Gomes","UB0100288","splink","UB","Ratter, J.A.","3666","Native","1976","Zarucchi, J.",,"Ouro","Prata",,"Brasília","Fazenda Água Limpa (University of Brasília field station), near Vargem Bonita, ca. 18km SSW. of Brasília TV Tower."
"ÁREA DE RELEVANTE INTERESSE ECOLÓGICO CAPETINGA/TAQUARA","Angiosperms","Aquifoliaceae","Ilex","theezans","Mart. ex Reissek","AQUIFOLIACEAE Ilex theezans Mart. ex Reissek","UB0137852",,"UB","Ratter, J.A.","3578","Native","1976","Groppo Junior, M.",,"Ouro","Prata",,"Brasília","Fazenda Água Limpa (Ubiversity of Brasília field station), near Vargem Bonita, ca. 18km SSW of Brasília TV Tower."
"ÁREA DE RELEVANTE INTERESSE ECOLÓGICO CAPETINGA/TAQUARA","Angiosperms","Asteraceae","Trixis","nobilis","(Vell.) Katinas","ASTERACEAE Trixis nobilis (Vell.) Katinas","UB1243862","splink","UB","Ratter, J.A.","2905","Native","1976","Roque, N.",,"Ouro","Prata",,"Brasília","Fazenda Água Limpa, Fazenda Água Limpa - Universidade de Brasília."
"ÁREA DE RELEVANTE INTERESSE ECOLÓGICO CAPETINGA/TAQUARA","Angiosperms","Asteraceae","Wedelia","monantha","(Vell.) Remor, Bringel & J.F.B.Pastore","ASTERACEAE Wedelia monantha (Vell.) Remor, Bringel & J.F.B.Pastore","UEC131047","splink","UEC","Ratter, J.A.","R2841","Native","1976","Santos, J.U.M.",,"Ouro","Prata",,"Brasília","Fazenda Água Limpa (University of Brasília field station), near Vargem Bonita, c. 18 km SSW of Brasília TV tower."
"ÁREA DE RELEVANTE INTERESSE ECOLÓGICO CAPETINGA/TAQUARA","Angiosperms","Bignoniaceae","Jacaranda","puberula","Cham.","BIGNONIACEAE Jacaranda puberula Cham.","UB1215809","splink","UB","Ratter, J.A.","3770","Native","1976","Farias, R.",,"Ouro","Prata",,"Brasília","Fazenda Água Limpa."
"ÁREA DE RELEVANTE INTERESSE ECOLÓGICO CAPETINGA/TAQUARA","Angiosperms","Bixaceae","Cochlospermum","regium","(Mart. ex Schrank) Pilg.","BIXACEAE Cochlospermum regium (Mart. ex Schrank) Pilg.","UB1358457",,"UB","Ratter, J.A.","3515","Native","1976","Poppendieck, H.",,"Ouro","Prata",,"Brasília","Fazenda Água Limpa."
"ÁREA DE RELEVANTE INTERESSE ECOLÓGICO CAPETINGA/TAQUARA","Angiosperms","Burseraceae","Protium","heptaphyllum","(Aubl.) Marchand","BURSERACEAE Protium heptaphyllum (Aubl.) Marchand","UB1332667","splink","UB","Ratter, J.A.","3726","Native","1976","Pirani, J.R.",,"Ouro","Prata",,"Brasília","Fazenda Água Limpa, Fazenda Água Limpa."
"ÁREA DE RELEVANTE INTERESSE ECOLÓGICO CAPETINGA/TAQUARA","Angiosperms","Calophyllaceae","Kielmeyera","rubriflora","Cambess.","CALOPHYLLACEAE Kielmeyera rubriflora Cambess.","UB1216445","splink","UB","Ratter, J.A.","2981","Native","1976","Saddi, N.",,"Ouro","Prata",,"Brasília","Fazenda Água Limpa."
"ÁREA DE RELEVANTE INTERESSE ECOLÓGICO CAPETINGA/TAQUARA","Angiosperms","Chrysobalanaceae","Leptobalanus","humilis","(Cham. & Schltdl.) Sothers & Prance","CHRYSOBALANACEAE Leptobalanus humilis (Cham. & Schltdl.) Sothers & Prance","UB1338663",,"UB","Ratter, J.A.","3845","Native","1976","Prance, G.T.",,"Ouro","Prata",,"Brasília","Fazenda Água Limpa (University of Brasília field station), near Vargem Bonita, c. 18 Km. SSW of Brasília TV tower."
"ÁREA DE RELEVANTE INTERESSE ECOLÓGICO CAPETINGA/TAQUARA","Angiosperms","Combretaceae","Terminalia","glabrescens","Mart.","COMBRETACEAE Terminalia glabrescens Mart.","UB1205778","splink","UB","Ratter, J.A.","3879","Native","1976","Silva, N.M.F.",,"Ouro","Prata",,"Brasília","Fazenda Água Limpa, Fazenda Água Limpa (University of Brasília field station), near Vargem Bonita, ca. 18km SSW of Brasília TV Tower."
"ÁREA DE RELEVANTE INTERESSE ECOLÓGICO CAPETINGA/TAQUARA","Angiosperms","Cyperaceae","Rhynchospora","robusta","(Kunth) Boeckeler","CYPERACEAE Rhynchospora robusta (Kunth) Boeckeler","INPA0206291","splink","INPA","Ratter, J.A.","3742","Native","1976","Koyama, T.M.",,"Ouro","Prata",,"Brasília","Fazenda Água Limpa"
"ÁREA DE RELEVANTE INTERESSE ECOLÓGICO CAPETINGA/TAQUARA","Angiosperms","Erythroxylaceae","Erythroxylum","deciduum","A.St.-Hil.","ERYTHROXYLACEAE Erythroxylum deciduum A.St.-Hil.","UB1151013","splink","UB","Ratter, J.A.","3575","Native","1976","Amaral, A.",,"Ouro","Prata",,"Brasília","Fazenda Água Limpa, Fazenda Água Limpa - Universidade de Brasília."
"ÁREA DE RELEVANTE INTERESSE ECOLÓGICO CAPETINGA/TAQUARA","Angiosperms","Erythroxylaceae","Erythroxylum","vacciniifolium","Mart.","ERYTHROXYLACEAE Erythroxylum vacciniifolium Mart.","MBM229596","splink","MBM","Ratter, J.A.","3749","Native","1976","Plowman, T.",,"Ouro","Prata",,"Brasília","Fazenda Água Limpa, 18km SSW de Brasília."
"ÁREA DE RELEVANTE INTERESSE ECOLÓGICO CAPETINGA/TAQUARA","Angiosperms","Euphorbiaceae","Alchornea","glandulosa","Poepp. & Endl.","EUPHORBIACEAE Alchornea glandulosa Poepp. & Endl.","UB1358779",,"UB","Ratter, J.A.","3623","Native","1976","Cordeiro, I.",,"Ouro","Prata",,"Brasília","Fazenda Água Limpa - Universidade de Brasília."
"ÁREA DE RELEVANTE INTERESSE ECOLÓGICO CAPETINGA/TAQUARA","Angiosperms","Euphorbiaceae","Euphorbia","heterophylla","L.","EUPHORBIACEAE Euphorbia heterophylla L.","UB1017350","splink","UB","Ratter, J.A.","3654","Native","1976","Alves, M.V.",,"Ouro","Prata",,"Brasília","Fazenda Água Limpa - Universidade de Brasília."
"ÁREA DE RELEVANTE INTERESSE ECOLÓGICO CAPETINGA/TAQUARA","Angiosperms","Fabaceae","Andira","fraxinifolia","Benth.","FABACEAE Andira fraxinifolia Benth.","UB1023492","splink","UB","Ratter, J.A.","3791","Native","1976","Pennington, T.D.",,"Ouro","Prata",,"Brasília","Fazenda Água Limpa, Fazenda Água Limpa."
"ÁREA DE RELEVANTE INTERESSE ECOLÓGICO CAPETINGA/TAQUARA","Angiosperms","Fabaceae","Andira","surinamensis","(Bondt) Splitg. ex Amshoff","FABACEAE Andira surinamensis (Bondt) Splitg. ex Amshoff","1739480","x","CAS","Heringer, E.P.","16202","Native","1976",,,"Ouro","Prata",,"Brasília","Brasília, DF., Faz. Água Limpa, UnB."
"ÁREA DE RELEVANTE INTERESSE ECOLÓGICO CAPETINGA/TAQUARA","Angiosperms","Fabaceae","Mimosa","detonsa","(Barneby) T.P. Mendes & M.J. Silva","FABACEAE Mimosa detonsa (Barneby) T.P. Mendes & M.J. Silva","UB1177138","splink","UB","Heringer, E.P.","16207","Native","1976","Barneby, R.",,"Ouro","Prata",,"Brasília","Fazenda Água Limpa, Fazenda Água Limpa."
"ÁREA DE RELEVANTE INTERESSE ECOLÓGICO CAPETINGA/TAQUARA","Angiosperms","Fabaceae","Mimosa","gracilis","Benth.","FABACEAE Mimosa gracilis Benth.","UB1275886",,"UB","Ratter, J.A.","2767","Native","1976","Barneby, R.",,"Ouro","Prata",,"Brasília","Fazenda Água Limpa, Fazenda Água Limpa."
"ÁREA DE RELEVANTE INTERESSE ECOLÓGICO CAPETINGA/TAQUARA","Angiosperms","Fabaceae","Mimosa","gracilis","Barneby","FABACEAE Mimosa gracilis var. brevissima Barneby","UB1275886","splink","UB","Ratter, J.A.","2767","Native","1976","Barneby, R.",,"Ouro","Prata",,"Brasília","Fazenda Água Limpa, Fazenda Água Limpa."
"ÁREA DE RELEVANTE INTERESSE ECOLÓGICO CAPETINGA/TAQUARA","Angiosperms","Fabaceae","Mimosa","paludosa","Benth.","FABACEAE Mimosa paludosa Benth.","UB1177091","splink","UB","Ratter, J.A.","3204","Native","1976","Barneby, R.",,"Ouro","Prata",,"Brasília","Fazenda Água Limpa, Fazenda Água Limpa."
"ÁREA DE RELEVANTE INTERESSE ECOLÓGICO CAPETINGA/TAQUARA","Angiosperms","Fabaceae","Mimosa","pseudoradula","Glaz. ex Barneby","FABACEAE Mimosa pseudoradula Glaz. ex Barneby","UB1327559","splink","UB","Ratter, J.A.","2961","Native","1976","Simon, M.F.",,"Ouro","Prata",,"Brasília","Fazenda Água Limpa, Fazenda Água Limpa."
"ÁREA DE RELEVANTE INTERESSE ECOLÓGICO CAPETINGA/TAQUARA","Angiosperms","Fabaceae","Mimosa","somnians","(Benth.) Barneby","FABACEAE Mimosa somnians var. leptocaulis (Benth.) Barneby","K000864197","splink","K","Ratter, J.A.","2854","Native","1976","Barneby, R.C.",,"Ouro","Prata",,"Brasília","Fazenda Água Limpa (University of Brasília field Station), near Vargem Bonita, ca. 18Km. SSW of Brasília TV tower."
"ÁREA DE RELEVANTE INTERESSE ECOLÓGICO CAPETINGA/TAQUARA","Angiosperms","Gentianaceae","Chelonanthus","viridiflorus","(Mart.) Gilg","GENTIANACEAE Chelonanthus viridiflorus (Mart.) Gilg","UB1358845",,"UB","Ratter, J.A.","2800","Native","1976","Guimaraes, E.F.",,"Ouro","Prata",,"Brasília","Fazenda Água Limpa (University of Brasília field station), near Vargem Bonita, ca. 18km SSW of Brasília TV Tower."
"ÁREA DE RELEVANTE INTERESSE ECOLÓGICO CAPETINGA/TAQUARA","Angiosperms","Gentianaceae","Curtia","tenuifolia","(Aubl.) Knobl.","GENTIANACEAE Curtia tenuifolia (Aubl.) Knobl.","UB1260373","splink","UB","Ratter, J.A.","2938","Native","1976","Maas, P.J.M.",,"Ouro","Prata",,"Brasília","Fazenda Água Limpa, Fazenda Água Limpa (University of Brasília field station), near Vargem Bonita, ca. 18km SSW of Brasília TV Tower."
"ÁREA DE RELEVANTE INTERESSE ECOLÓGICO CAPETINGA/TAQUARA","Angiosperms","Gentianaceae","Schultesia","pohliana","Progel","GENTIANACEAE Schultesia pohliana Progel","UB1092816","splink","UB","Ratter, J.A.","2987","Native","1976","Guimaraes, E.F.",,"Ouro","Prata",,"Brasília","Fazenda Água Limpa, Fazenda Água Limpa (University of Brasília field station), near Vargem Bonita, ca. 18km SSW of Brasília TV Tower."
"ÁREA DE RELEVANTE INTERESSE ECOLÓGICO CAPETINGA/TAQUARA","Angiosperms","Lamiaceae","Cyanocephalus","rugosus","(Benth.) Harley & J.F.B.Pastore","LAMIACEAE Cyanocephalus rugosus (Benth.) Harley & J.F.B.Pastore","UB0054690",,"UB","Ratter, J.A.","3645","Native","1976","Harley, R.M.",,"Ouro","Prata",,"Brasília","Fazenda Água Limpa (University of Brasília field station), near Vargem Bonita, c. 18 Km. SSW of Brasília TV tower."
"ÁREA DE RELEVANTE INTERESSE ECOLÓGICO CAPETINGA/TAQUARA","Angiosperms","Lamiaceae","Cyanocephalus","tenuifolius","(Epling) Harley & J.F.B.Pastore","LAMIACEAE Cyanocephalus tenuifolius (Epling) Harley & J.F.B.Pastore","UEC043772","splink","UEC","Ratter, J.A.","2890","Native","1976","Harley, R.M.",,"Ouro","Prata",,"Brasília","Fazenda Água Limpa (University of Brasília field station), near Vargem Bonita, c. 18 Km SSW of Brasília Tv tower."
"ÁREA DE RELEVANTE INTERESSE ECOLÓGICO CAPETINGA/TAQUARA","Angiosperms","Lamiaceae","Hypenia","macrantha","(A.St.-Hil. ex Benth.) Harley","LAMIACEAE Hypenia macrantha (A.St.-Hil. ex Benth.) Harley","UB1017007","splink","UB","Ratter, J.A.","2918","Native","1976","Harley, R.M.",,"Ouro","Prata",,"Brasília","Fazenda Água Limpa."
"ÁREA DE RELEVANTE INTERESSE ECOLÓGICO CAPETINGA/TAQUARA","Angiosperms","Lamiaceae","Hyptis","linarioides","Pohl ex Benth.","LAMIACEAE Hyptis linarioides Pohl ex Benth.","UB1358434",,"UB","Ratter, J.A.","2963","Native","1976","Harley, R.M.",,"Ouro","Prata",,"Brasília","Fazenda Água Limpa."
"ÁREA DE RELEVANTE INTERESSE ECOLÓGICO CAPETINGA/TAQUARA","Angiosperms","Lamiaceae","Hyptis","nudicaulis","Benth.","LAMIACEAE Hyptis nudicaulis Benth.","UEC094928","splink","UEC","Ratter, J.A.","2919","Native","1976","Harley, R.M.",,"Ouro","Prata",,"Brasília","Fazenda Água Limpa (University of Brasilia field station), near Vargem Bonita, ca. 18 Km. SSW of Brasilia TV tower."
"ÁREA DE RELEVANTE INTERESSE ECOLÓGICO CAPETINGA/TAQUARA","Angiosperms","Lamiaceae","Salvia","brevipes","Benth.","LAMIACEAE Salvia brevipes Benth.","UEC006299","splink","UEC","Ratter, J.A.","3840","Native","1976","Harley, R.M.",,"Ouro","Prata",,"Brasília","Fazenda Agua Limpa (University of Brasilia field station), near Vargem Bonita, ca. 18 Km SSW of Brasília TV tower."
"ÁREA DE RELEVANTE INTERESSE ECOLÓGICO CAPETINGA/TAQUARA","Angiosperms","Lamiaceae","Salvia","cerradicola","E.P.Santos","LAMIACEAE Salvia cerradicola E.P.Santos","MBM229580","splink","MBM","Ratter, J.L.","3840","Native","1976","Santos, E.P.",,"Ouro","Prata",,"Brasília","Fazenda Água Limpa, University of Brasília field station, near Vargem Bonita, c. 18 km SSW of Brasília TV tower."
"ÁREA DE RELEVANTE INTERESSE ECOLÓGICO CAPETINGA/TAQUARA","Angiosperms","Malpighiaceae","Banisteriopsis","acerosa","(Nied.) B.Gates","MALPIGHIACEAE Banisteriopsis acerosa (Nied.) B.Gates","UEC021296","splink","UEC","Ratter, J.A.","R.3444","Native","1976","Gates, B.",,"Ouro","Prata",,"Brasília","Fazenda Água Limpa (University of Brasil"
"ÁREA DE RELEVANTE INTERESSE ECOLÓGICO CAPETINGA/TAQUARA","Angiosperms","Malpighiaceae","Banisteriopsis","stellaris","(Griseb.) B.Gates","MALPIGHIACEAE Banisteriopsis stellaris (Griseb.) B.Gates","K001224427","splink","K","Ratter, J.A.","2809","Native","1976","Gates, B.",,"Ouro","Prata",,"Brasília","Fazenda Agua Limpa (University of Brasília field station), near Vargem Bonita, c. 18 km SSW of Brasilia TV tower."
"ÁREA DE RELEVANTE INTERESSE ECOLÓGICO CAPETINGA/TAQUARA","Angiosperms","Melastomataceae","Mouriri","glazioviana","Cogn.","MELASTOMATACEAE Mouriri glazioviana Cogn.","HUFU00066170","splink","HUFU","Ratter, J.A.","s.n.","Native","1976","Wurdack, J.J.",,"Ouro","Prata",,"Brasília","Fazenda Àgua Limpa, UNB. 18km da Torre de TV de Brasília. Próximo a Vargem Bonita."
"ÁREA DE RELEVANTE INTERESSE ECOLÓGICO CAPETINGA/TAQUARA","Angiosperms","Myrtaceae","Psidium","laruotteanum","Cambess.","MYRTACEAE Psidium laruotteanum Cambess.","UB1338664",,"UB","Ratter, J.A.","3838","Native","1976","Proenca, C.",,"Ouro","Prata",,"Brasília","Fazenda Água Limpa (University of Brasília field station), near Vargem Bonita, c. 18 Km. SSW of Brasília TV tower."
"ÁREA DE RELEVANTE INTERESSE ECOLÓGICO CAPETINGA/TAQUARA","Angiosperms","Nyctaginaceae","Guapira","campestris","(Netto) Lundell","NYCTAGINACEAE Guapira campestris (Netto) Lundell","UB1030759","splink","UB","Ratter, J.A.","3836","Native","1976","Furlan, A.",,"Ouro","Prata",,"Brasília","Fazenda Água Limpa, Fazenda Água Limpa."
"ÁREA DE RELEVANTE INTERESSE ECOLÓGICO CAPETINGA/TAQUARA","Angiosperms","Onagraceae","Ludwigia","tomentosa","(Cambess.) H.Hara","ONAGRACEAE Ludwigia tomentosa (Cambess.) H.Hara","K001077219","splink","K","Ratter, J.A.","R 2974","Native","1976","Vieira, A.O.S.",,"Ouro","Prata",,"Brasília","Fazenda Agua Limpa (University of Brasília field station), near Vargem Bonita, c. 18km. SSW of Brasília TV tower."
"ÁREA DE RELEVANTE INTERESSE ECOLÓGICO CAPETINGA/TAQUARA","Ferns and Lycophytes","Orchidaceae","Habenaria","coxipoensis","Hoehne","ORCHIDACEAE Habenaria coxipoensis Hoehne","UB0019592","splink","UB","Ratter, J.A.","2768","Native","1976","Batista, J.A.N.",,"Ouro","Prata",,"Brasília","Fazenda Água Limpa (University of Brasília field station), near Vargem Bonita, c. 18 km SSW of Brasília TV tower"
"ÁREA DE RELEVANTE INTERESSE ECOLÓGICO CAPETINGA/TAQUARA","Ferns and Lycophytes","Orchidaceae","Habenaria","pungens","Cogn.","ORCHIDACEAE Habenaria pungens Cogn.","UB0019687",,"UB","Ratter, J.A.","3067","Native","1976","Batista, J.A.N.",,"Ouro","Prata",,"Brasília","Fazenda Água Limpa."
"ÁREA DE RELEVANTE INTERESSE ECOLÓGICO CAPETINGA/TAQUARA","Angiosperms","Phyllanthaceae","Richeria","grandis","Vahl","PHYLLANTHACEAE Richeria grandis Vahl","UB1338636","splink","UB","Ratter, J.A.","2813","Native","1976","Cordeiro, I.",,"Ouro","Prata",,"Brasília","Fazenda Água Limpa - Universidade de Brasília, near Vargem Bonita, c. 18 Km. SSW of Brasília TV tower."
"ÁREA DE RELEVANTE INTERESSE ECOLÓGICO CAPETINGA/TAQUARA","Angiosperms","Solanaceae","Cestrum","strigilatum","Ruiz & Pav.","SOLANACEAE Cestrum strigilatum Ruiz & Pav.","UEC082872","splink","UEC","Ratter, J.A.","3516","Native","1976","Stehmann, J.R.",,"Ouro","Prata",,"Brasília","Fazenda Água Limpa (University of Brasília field station)."
"ÁREA DE RELEVANTE INTERESSE ECOLÓGICO CAPETINGA/TAQUARA","Angiosperms","Solanaceae","Solanum","incarceratum","Ruiz & Pav.","SOLANACEAE Solanum incarceratum Ruiz & Pav.","K000983135","splink","K","Ratter, J.A.","3711","Native","1976","Nee, M.",,"Ouro","Prata",,"Brasília","Fazenda Água Limpa (University of Brasília field station), near Vargem Bonita, c. 18 km SSW of Brasília TV tower."
"ÁREA DE RELEVANTE INTERESSE ECOLÓGICO CAPETINGA/TAQUARA","Angiosperms","Vitaceae","Cissus","subrhomboidea","(Baker) Planch.","VITACEAE Cissus subrhomboidea (Baker) Planch.","UB1286876","splink","UB","Ratter, J.A.","3707","Native","1976","Lombardi, J.A.",,"Ouro","Prata",,"Brasília","Fazenda Água Limpa, Fazenda Água Limpa, perto Vargem Bonita, ca. 18 km SSW da Torre TV."
"ÁREA DE RELEVANTE INTERESSE ECOLÓGICO CAPETINGA/TAQUARA","Angiosperms","Vochysiaceae","Qualea","multiflora","Mart.","VOCHYSIACEAE Qualea multiflora subsp. multiflora Mart.","UB1358515","splink","UB","Ratter, J.A.","3860","Native","1976","Franca, F.",,"Ouro","Prata",,"Brasília","Fazenda Água Limpa."
"ÁREA DE RELEVANTE INTERESSE ECOLÓGICO CAPETINGA/TAQUARA","Angiosperms","Vochysiaceae","Vochysia","rufa","Mart.","VOCHYSIACEAE Vochysia rufa Mart.","UB1228398","splink","UB","Ratter, J.A.","2865","Native","1976","Franca, F.",,"Ouro","Prata",,"Brasília","Fazenda Água Limpa, Fazenda Água Limpa, perto Vargem Bonita, ca. 18 km SSW da Torre TV."
"ÁREA DE RELEVANTE INTERESSE ECOLÓGICO CAPETINGA/TAQUARA","Angiosperms","Verbenaceae","Stachytarpheta","ratteri","(S.Atkins) P.H.Cardoso","VERBENACEAE Stachytarpheta ratteri (S.Atkins) P.H.Cardoso","UB0136657",,"UB","Ratter, J.A.","2775","Native","1976","Cardoso, P.H.","2023","Ouro","Prata",,"Brasília","Fazenda Água Limpa (Universidade de Brasília Field Station), near Vargem Bonita, ca. 18 km SSW of Brasília TV tower."
"ÁREA DE RELEVANTE INTERESSE ECOLÓGICO CAPETINGA/TAQUARA","Angiosperms","Rubiaceae","Palicourea",,"Aubl.","RUBIACEAE Palicourea Aubl.","UB0120706","splink","UB","Ratter, J.A.","3664","Native","1976","Delprete, P.G.","2022","Ouro","Prata",,"Brasília","Fazenda Água Limpa."
"ÁREA DE RELEVANTE INTERESSE ECOLÓGICO CAPETINGA/TAQUARA","Angiosperms","Iridaceae","Gelasine","gigantea","Ravenna","IRIDACEAE Gelasine gigantea subsp. flexitepala Ravenna","UB0014384",,"UB","Ratter, J.A.","2891","Native","1976","Chauveau, O.","2016","Ouro","Prata",,"Brasília","Fazenda Água Limpa, próximo a Vargem Bonita."
"ÁREA DE RELEVANTE INTERESSE ECOLÓGICO CAPETINGA/TAQUARA","Angiosperms","Myrtaceae","Myrcia","dictyophylla","(O.Berg) Mattos & D.Legrand","MYRTACEAE Myrcia dictyophylla (O.Berg) Mattos & D.Legrand","UEC020381","splink","UEC","Ratter, J.A.","R3250","Native","1976","Lima, D.F.","2016","Ouro","Prata",,"Brasília","Vargem Bonita, Fazenda Agua Limpa (University of Brasília field station). 18km. SSW of Brasília TV tower."
"ÁREA DE RELEVANTE INTERESSE ECOLÓGICO CAPETINGA/TAQUARA","Angiosperms","Myrtaceae","Myrcia","venulosa","DC.","MYRTACEAE Myrcia venulosa DC.","UEC111378","splink","UEC","Ratter, J.A.","3610","Native","1976","Lima, D.F.","2016","Ouro","Prata",,"Brasília","Fazenda Água Limpa (University of Brasilia field station), near Vargem Bonita, c. 18 km. SSW of Brasilia TV tower."
"ÁREA DE RELEVANTE INTERESSE ECOLÓGICO CAPETINGA/TAQUARA","Angiosperms","Cucurbitaceae","Cayaponia","diversifolia","(Cogn.) Cogn.","CUCURBITACEAE Cayaponia diversifolia (Cogn.) Cogn.","UB1338616","splink","UB","Ratter, J.A.","R3518","Native","1976","Gomes-Klein, V.L.","2012","Ouro","Prata",,"Brasília","Fazenda Água Limpa (UnB fiel station), near Vargem Bonita, c. 18km SSW of Brasília TV tower."
"ÁREA DE RELEVANTE INTERESSE ECOLÓGICO CAPETINGA/TAQUARA","Angiosperms","Fabaceae","Mimosa","claussenii","Benth.","FABACEAE Mimosa claussenii Benth.","HTO00006502","splink","HTO","Ratter, J.A.",,"Native","1976","Borges, L.M.","2012","Ouro","Prata",,"Brasília","Fazenda Água Limpa. University of Brasília field station, near Vargem Bonita, c 18 km SSW of Brasilía TV tower."
"ÁREA DE RELEVANTE INTERESSE ECOLÓGICO CAPETINGA/TAQUARA","Angiosperms","Poaceae","Olyra","taquara","Swallen","POACEAE Olyra taquara Swallen","UB0026281",,"UB","Ratter, J.A.","3722","Native","1976","Filgueiras, T.S.","2012","Ouro","Prata",,"Brasília","Fazenda Água Limpa (University of Brasília), near Vargem Bonita, c. 18km SSW of Brasilia TV tower."
"ÁREA DE RELEVANTE INTERESSE ECOLÓGICO CAPETINGA/TAQUARA","Angiosperms","Rubiaceae","Galium",,"L.","RUBIACEAE Galium L.","UEC073914","splink","UEC","Ratter, J.A.","S.N.","Native","1976","Zappi, D.C.","2012","Ouro","Prata",,"Brasília","Vargem Bonita, Fazenda Água Limpa (University of Brasília field station) near Vargem Bonita, c. 18km. SSW of brasília TV tower."
"ÁREA DE RELEVANTE INTERESSE ECOLÓGICO CAPETINGA/TAQUARA",,"Rubiaceae","Palicourea","longiinvolucrata","A.C.Berger","RUBIACEAE Palicourea longiinvolucrata A.C.Berger","UB1017438","splink","UB","Ratter, J.A.","4051",,"1976","Delprete, P.G.","2012","Ouro","Prata",,"Brasília","Fazenda Água Limpa (University of Brasília field station), near Vargem Bonita, ca. 18km SSW of Brasília TV Tower."
"ÁREA DE RELEVANTE INTERESSE ECOLÓGICO CAPETINGA/TAQUARA","Angiosperms","Arecaceae","Geonoma","pohliana","Mart.","ARECACEAE Geonoma pohliana Mart.","UB1198175",,"UB","Ratter, J.A.","3680","Native","1976","Henderson, A.","2011","Ouro","Prata",,"Brasília","Fazenda Água Limpa, Fazenda Água Limpa."
"ÁREA DE RELEVANTE INTERESSE ECOLÓGICO CAPETINGA/TAQUARA","Angiosperms","Asteraceae","Jungia","sellowii","Less.","ASTERACEAE Jungia sellowii Less.","UEC125056","splink","UEC","Ratter, J.A.","3379","Native","1976","Monge, M.","2010","Ouro","Prata",,"Brasília","Vargem Bonita, Fazenda Água Limpa (UnB field station), near Vargem Bonita, c. 18 km SSW of Brasília TV Tower"
"ÁREA DE RELEVANTE INTERESSE ECOLÓGICO CAPETINGA/TAQUARA","Angiosperms","Fabaceae","Mimosa","adenocarpa","Benth.","FABACEAE Mimosa adenocarpa Benth.","7112","splink","UEC","Ratter, J.A.","3204","Native","1976","Silva, J.S.","2009","Ouro","Prata",,"Brasília","Fazenda Água Limpa, University of Brasília fiel station), near Vargem Bonita, ca. 18 km SSW of Brasília TV Tower. On fairly dry soil on the banks of a post."
"ÁREA DE RELEVANTE INTERESSE ECOLÓGICO CAPETINGA/TAQUARA","Angiosperms","Styracaceae","Styrax","pohlii","A.DC.","STYRACACEAE Styrax pohlii A.DC.","UEC073323","splink","UEC","Ratter, J.A.","R.3621","Native","1976","Fritsch, P.W.","2009","Ouro","Prata",,"Brasília","Fazenda Água Limpa (University of Brasília field station), near Vargem Bonita, ca. 18 km. SSW of Brasília TV tower."
"ÁREA DE RELEVANTE INTERESSE ECOLÓGICO CAPETINGA/TAQUARA","Angiosperms","Moraceae","Sorocea","bonplandii","(Baill.) W.C.Burger et al.","MORACEAE Sorocea bonplandii (Baill.) W.C.Burger et al.","UB1017444","splink","UB","Ratter, J.A.","3874","Native","1976","Santos, A.","2008","Ouro","Prata",,"Brasília","Fazenda Água Limpa (University of Brasília field station), near Vargem Bonita, ca. 18km SSW of Brasília TV Tower."
"ÁREA DE RELEVANTE INTERESSE ECOLÓGICO CAPETINGA/TAQUARA","Angiosperms","Urticaceae","Cecropia","pachystachya","Trécul","URTICACEAE Cecropia pachystachya Trécul","UB1267568",,"UB","Ratter, J.A.","3712","Native","1976","Gaglioti, A.L.","2007","Ouro","Prata",,"Brasília","Fazenda Água Limpa, near Vargem Bonita, ca. 18 km SSW of Brasília TV tower."
"ÁREA DE RELEVANTE INTERESSE ECOLÓGICO CAPETINGA/TAQUARA","Angiosperms","Rubiaceae","Ferdinandusa","elliptica","(Pohl) Pohl","RUBIACEAE Ferdinandusa elliptica (Pohl) Pohl","UB1028941","splink","UB","Ratter, J.A.","3565","Native","1976","Anunciacao, E.A.","2006","Ouro","Prata",,"Brasília","Fazenda Água Limpa (University of Brasília field station), near Vargem Bonita, 18 km SSW of Brasília Tv Tower."
"ÁREA DE RELEVANTE INTERESSE ECOLÓGICO CAPETINGA/TAQUARA","Angiosperms","Araliaceae","Dendropanax","cuneatus","(DC.) Decne. & Planch.","ARALIACEAE Dendropanax cuneatus (DC.) Decne. & Planch.","UB0048033",,"UB","Ratter, J.A.","3716","Native","1976","Fiaschi, P.","2005","Ouro","Prata",,"Brasília","Fazenda Água Limpa (University of Brasília field station), near Vargem Bonita, c. 18km SSW of Brasília TV tower"
"ÁREA DE RELEVANTE INTERESSE ECOLÓGICO CAPETINGA/TAQUARA","Angiosperms","Asteraceae","Mikania","hirsutissima","DC.","ASTERACEAE Mikania hirsutissima DC.","UB1338595","splink","UB","Ratter, J.A.","3746","Native","1976","Ritter, M.R.","2005","Ouro","Prata",,"Brasília","Fazenda Água Limpa (Uiniversity of Brasília field station), near Vargem Bonita, ca. 18km SSW of Brasília TV Tower."
"ÁREA DE RELEVANTE INTERESSE ECOLÓGICO CAPETINGA/TAQUARA","Angiosperms","Burmanniaceae","Burmannia","alba","Mart.","BURMANNIACEAE Burmannia alba Mart.","UB0004699",,"UB","Ratter, J.A.","3024","Native","1976","Maas, H.","2004","Ouro","Prata",,"Brasília","Fazenda Água Limpa (University of Brasília field station), near Vargem Bonita, ca. 18km SSW of BrasíliaTV Tower."
"ÁREA DE RELEVANTE INTERESSE ECOLÓGICO CAPETINGA/TAQUARA","Angiosperms","Gentianaceae","Calolisianthus","amplissimus","(Mart.) Gilg","GENTIANACEAE Calolisianthus amplissimus (Mart.) Gilg","UB1017448","splink","UB","Ratter, J.A.","2875","Native","1976","Guimaraes, E.F.","2004","Ouro","Prata",,"Brasília","Fazenda Água Limpa (University of Brasília field station), near Vargem Bonita, ca. 18km SSW of Brasília TV Tower."
"ÁREA DE RELEVANTE INTERESSE ECOLÓGICO CAPETINGA/TAQUARA","Angiosperms","Gentianaceae","Schultesia","aptera","Cham.","GENTIANACEAE Schultesia aptera Cham.","UB1347171",,"UB","Ratter, J.A.","2939","Native","1976","Guimaraes, E.F.","2004","Ouro","Prata",,"Brasília","Fazenda Água Limpa, Fazenda Água Limpa (University of Brasília field station), near Vargem Bonita, ca. 18km SSW of Brasília TV Tower."
"ÁREA DE RELEVANTE INTERESSE ECOLÓGICO CAPETINGA/TAQUARA","Angiosperms","Gentianaceae","Schultesia","aptera","Cham.","GENTIANACEAE Schultesia aptera var. aptera Cham.","UB1347171","splink","UB","Ratter, J.A.","2939","Native","1976","Guimaraes, E.F.","2004","Ouro","Prata",,"Brasília","Fazenda Água Limpa, Fazenda Água Limpa (University of Brasília field station), near Vargem Bonita, ca. 18km SSW of Brasília TV Tower."
"ÁREA DE RELEVANTE INTERESSE ECOLÓGICO CAPETINGA/TAQUARA","Ferns and Lycophytes","Asteraceae","Porophyllum","ruderale","(Jacq.) Cass.","ASTERACEAE Porophyllum ruderale subsp. ruderale (Jacq.) Cass.","UB1013798","splink","UB","Ratter, J.A.","3068","Native","1976","Teles, A.M.","2002","Ouro","Prata",,"Brasília","Fazenda Água Limpa, Fazenda Água Limpa (University of Brasília field station), near Vargem Bonita, ca. 18km SSW of Brasília TV Tower."
"ÁREA DE RELEVANTE INTERESSE ECOLÓGICO CAPETINGA/TAQUARA","Angiosperms","Bromeliaceae","Bromelia","antiacantha","Bertol.","BROMELIACEAE Bromelia antiacantha Bertol.","UEC005074","splink","UEC","Ratter, J.A.","3671","Native","1976","Wanderley, M.D.G.L.","2001","Ouro","Prata",,"Brasília","Fazenda Água Limpa (University of Brasíl"
"ÁREA DE RELEVANTE INTERESSE ECOLÓGICO CAPETINGA/TAQUARA","Angiosperms","Malpighiaceae","Byrsonima","cydoniifolia","A.Juss.","MALPIGHIACEAE Byrsonima cydoniifolia A.Juss.","21666","splink","UEC","Ratter, J.A.","2684","Native","1976","Elias, S.I.","2001","Ouro","Prata",,"Brasília","Fazenda Água Limpa (University of Brasil"
"ÁREA DE RELEVANTE INTERESSE ECOLÓGICO CAPETINGA/TAQUARA","Angiosperms","Orchidaceae","Cyrtopodium","virescens","Rchb.f. & Warm.","ORCHIDACEAE Cyrtopodium virescens Rchb.f. & Warm.","UB0019356",,"UB","Ratter, J.A.","2983","Native","1976","Batista, J.A.N.","2001","Ouro","Prata",,"Brasília","Fazenda Água Limpa, Fazenda Água Limpa (University of Brasília field station), near Vargem Bonita, c. 18km SSW of Brasília TV tower."
"ÁREA DE RELEVANTE INTERESSE ECOLÓGICO CAPETINGA/TAQUARA","Angiosperms","Orchidaceae","Isochilus","linearis","(Jacq.) R.Br.","ORCHIDACEAE Isochilus linearis (Jacq.) R.Br.","UB0019743",,"UB","Ratter, J.A.","3870","Native","1976","Batista, J.A.N.","1999","Ouro","Prata",,"Brasília","Fazenda Água Limpa (University of Brasília field station), near Vargem Bonita, c. 18 km SSW of Brasília TV tower"
"ÁREA DE RELEVANTE INTERESSE ECOLÓGICO CAPETINGA/TAQUARA","Angiosperms","Poaceae","Paspalum","trachycoleon","Steud.","POACEAE Paspalum trachycoleon Steud.","UB0026877",,"UB","Ratter, J.A.","2884","Native","1976","Oliveira, R.C.","1999","Ouro","Prata",,"Brasília","Fazenda Água Limpa (University of Brasília field station), near Vargem Bonita, c. 18km SSW of Brasíia TV tower."
"ÁREA DE RELEVANTE INTERESSE ECOLÓGICO CAPETINGA/TAQUARA","Angiosperms","Fabaceae","Betencourtia","stereophylla","(Harms) L.P.Queiroz","FABACEAE Betencourtia stereophylla (Harms) L.P.Queiroz","8422","splink","UEC","Davis, P.H.","60209","Native","1976","Fortunato, R.H.","1998","Ouro","Prata",,"Brasília","Fazenda Água Limpa, c. 30 km S of Brasíl"
"ÁREA DE RELEVANTE INTERESSE ECOLÓGICO CAPETINGA/TAQUARA","Angiosperms","Lauraceae","Persea","americana","Mill.","LAURACEAE Persea americana Mill.","UB0104003","splink","UB","Colli, S.","5","Native","1976","Werff, H.V.D.","1998","Ouro","Prata",,"Brasília","Fazenda Água Limpa"
"ÁREA DE RELEVANTE INTERESSE ECOLÓGICO CAPETINGA/TAQUARA","Angiosperms","Orchidaceae","Cyrtopodium","eugenii","Rchb.f.","ORCHIDACEAE Cyrtopodium eugenii Rchb.f.","UB0019405","splink","UB","Ratter, J.A.","3428","Native","1976","Batista, J.A.N.","1998","Ouro","Prata",,"Brasília","Fazenda Água Limpa (University of Brasília field station), near Vargem Bonita, c. 18km SSW of Brasília TV tower."
"ÁREA DE RELEVANTE INTERESSE ECOLÓGICO CAPETINGA/TAQUARA","Angiosperms","Rubiaceae","Galium","hypocarpium","(L.) Endl. ex Griseb.","RUBIACEAE Galium hypocarpium (L.) Endl. ex Griseb.","UB1358828",,"UB","Ratter, J.A.","3683","Native","1976","Delprete, P.G.","1998","Ouro","Prata",,"Brasília","Fazenda Água Limpa (University of Brasília field station), near Vargem Bonita, ca. 18km SSW of Brasília."
"ÁREA DE RELEVANTE INTERESSE ECOLÓGICO CAPETINGA/TAQUARA","Angiosperms","Convolvulaceae","Ipomoea","argentea","Meisn.","CONVOLVULACEAE Ipomoea argentea Meisn.","UEC097930","splink","UEC","Ratter, J.A.","2830","Native","1976","Simao-Bianchini, R.","1997","Ouro","Prata",,"Brasília","Fazenda Água Limpa, ca. 18km SSW of Brasília TV tower"
"ÁREA DE RELEVANTE INTERESSE ECOLÓGICO CAPETINGA/TAQUARA","Ferns and Lycophytes","Orchidaceae","Habenaria","ayangannensis","Renz","ORCHIDACEAE Habenaria ayangannensis Renz","UB0019569",,"UB","Ratter, J.A.","2948","Native","1976","Batista, J.A.N.","1997","Ouro","Prata",,"Brasília","Fazenda Água Limpa (University of Brasília field station), near Vargem Bonita, c. 18km SSW of Brasília TV tower"
"ÁREA DE RELEVANTE INTERESSE ECOLÓGICO CAPETINGA/TAQUARA","Angiosperms","Rosaceae","Prunus","myrtifolia","(L.) Urb.","ROSACEAE Prunus myrtifolia (L.) Urb.","UEC027964","splink","UEC","Ratter, J.A.","R3580","Native","1976","Kiyama, C.Y.","1997","Ouro","Prata",,"Brasília","Fazenda Água Limpa, University of Brasilia fiel station, near Vargem Bonita, c. 18km SSW of Brasilia TV Tower"
"ÁREA DE RELEVANTE INTERESSE ECOLÓGICO CAPETINGA/TAQUARA","Angiosperms","Gentianaceae","Helia","oblongifolia","Mart.","GENTIANACEAE Helia oblongifolia Mart.","UB1338669",,"UB","Ratter, J.A.","2940","Native","1976","Maas, P.J.M.","1995","Ouro","Prata",,"Brasília","Fazenda Água Limpa (University of Brasília field station), near Vargem Bonita, c. 18 Km. SSW of Brasília TV Tower."
"ÁREA DE RELEVANTE INTERESSE ECOLÓGICO CAPETINGA/TAQUARA","Angiosperms","Meliaceae","Guarea","macrophylla","(A.Juss.) T.D.Penn.","MELIACEAE Guarea macrophylla subsp. spiciflora (A.Juss.) T.D.Penn.","UEC047819","splink","UEC","Ratter, J.A.","3588","Native","1976","Pastore, J.A.","1995","Ouro","Prata",,"Brasília","Vargem Bonita, faz. Agua Limpa."
"ÁREA DE RELEVANTE INTERESSE ECOLÓGICO CAPETINGA/TAQUARA","Angiosperms","Zingiberaceae","Renealmia","alpinia","(Rottb.) Maas","ZINGIBERACEAE Renealmia alpinia (Rottb.) Maas","UB0029476",,"UB","Ratter, J.A.","3804","Native","1976","Maas, P.J.M.","1995","Ouro","Prata",,"Brasília","Fazenda Água Limpa (University of Brasília field station), near Vargem Bonita, c. 18 km SSW of Brasília TV tower"
"ÁREA DE RELEVANTE INTERESSE ECOLÓGICO CAPETINGA/TAQUARA","Angiosperms","Apocynaceae","Mandevilla","myriophyllum","(Taub.) Woodson","APOCYNACEAE Mandevilla myriophyllum (Taub.) Woodson","UEC178223","splink","UEC","Ratter, J.A.","s.n.","Native","1976","Sales, M.F.","1993","Ouro","Prata",,"Brasília","Vargem Bonita, Fazenda Água Limpa ( University of Brasi"
"ÁREA DE RELEVANTE INTERESSE ECOLÓGICO CAPETINGA/TAQUARA","Angiosperms","Cunoniaceae","Lamanonia","brasiliensis","Zickel & Leitão","CUNONIACEAE Lamanonia brasiliensis Zickel & Leitão","UEC055597","splink","UEC","Ratter, J.A.","R3524","Native","1976","Zickel, C.S.","1993","Ouro","Prata",,"Brasília","Fazenda Água Limpa, Fazenda Água Limpa (University of Brasília field station), near Vargem Bonita, c. 18km SSW of Brasília TV tower."
"ÁREA DE RELEVANTE INTERESSE ECOLÓGICO CAPETINGA/TAQUARA","Ferns and Lycophytes","Orchidaceae","Habenaria","mystacina","Lindl.","ORCHIDACEAE Habenaria mystacina Lindl.","UB0019703",,"UB","Ratter, J.A.","2805","Native","1976","Batista, J.A.N.","1993","Ouro","Prata",,"Brasília","Fazenda Água Limpa, Fazenda Água Limpa (University of Brasília field station), near Vargem Bonita, c. 18km SSW of Brasília TV tower."
"ÁREA DE RELEVANTE INTERESSE ECOLÓGICO CAPETINGA/TAQUARA","Angiosperms","Orchidaceae","Vanilla","chamissonis","Klotzsch","ORCHIDACEAE Vanilla chamissonis Klotzsch","UB0019889","splink","UB","Ratter, J.A.","3778","Native","1976","Menezes, L.C.","1992","Ouro","Prata",,"Brasília","Fazenda Água Limpa ( University of Brasília field station), near Vargem bonita, c. 18 km SSW of Brasília TV tower"
"ÁREA DE RELEVANTE INTERESSE ECOLÓGICO CAPETINGA/TAQUARA","Angiosperms","Anacardiaceae","Anacardium","humile","A.St.-Hil.","ANACARDIACEAE Anacardium humile A.St.-Hil.","UEC077949","splink","UEC","Davis, P.H.","60214","Native","1976","Santin, D.A.","1991","Ouro","Prata",,"Brasília","Fazenda Agua Limpa., 30 Km de Brasília, depressão no cerrado."
"ÁREA DE RELEVANTE INTERESSE ECOLÓGICO CAPETINGA/TAQUARA","Angiosperms","Phytolaccaceae","Phytolacca","thyrsiflora","Fenzl. ex J.A.Schmidt","PHYTOLACCACEAE Phytolacca thyrsiflora Fenzl. ex J.A.Schmidt","UEC146205","splink","UEC","Ratter, J.A.","343","Native","1976","Marchioretto, M.S.","1991","Ouro","Prata",,"Brasília","Fazenda Água Limpa"
"ÁREA DE RELEVANTE INTERESSE ECOLÓGICO CAPETINGA/TAQUARA","Angiosperms","Velloziaceae","Vellozia","squamata","Pohl","VELLOZIACEAE Vellozia squamata Pohl","UB0028865",,"UB","Ratter, J.A.","2882","Native","1976","Silva, R.M.","1991","Ouro","Prata",,"Brasília","Fazenda Água Limpa (university of Brasília field station), near Vargem Bonita, c. 18 km SSW of Brasília TV tower"
"ÁREA DE RELEVANTE INTERESSE ECOLÓGICO CAPETINGA/TAQUARA","Angiosperms","Simaroubaceae","Homalolepis","suffruticosa","(Engl.) Devecchi & Pirani","SIMAROUBACEAE Homalolepis suffruticosa (Engl.) Devecchi & Pirani","UEC074733","splink","UEC","Ratter, J.A.","3532","Native","1976","Franceschinelli, E.V.","1990","Ouro","Prata",,"Brasília","Fazenda Água Limpa (University of Brasília field station), near Vargem Bonita, c. 18 km. SSW of Brasília TV tower."
"ÁREA DE RELEVANTE INTERESSE ECOLÓGICO CAPETINGA/TAQUARA","Angiosperms","Annonaceae","Cardiopetalum","calophyllum","Schltdl.","ANNONACEAE Cardiopetalum calophyllum Schltdl.","UEC029871","splink","UEC","Ratter, J.A.","3813","Native","1976","Dias, M.C.","1988","Ouro","Prata",,"Brasília","Fazenda Água Limpa (Univertsity of Brasi, C. 18km SSW of Brasília TV tower."
"ÁREA DE RELEVANTE INTERESSE ECOLÓGICO CAPETINGA/TAQUARA","Angiosperms","Fabaceae","Chamaecrista","basifolia","(Vogel) H.S.Irwin & Barneby","FABACEAE Chamaecrista basifolia (Vogel) H.S.Irwin & Barneby","UB1358712",,"UB","Ratter, J.A.","2935","Native","1976","Barneby, R.","1984","Ouro","Prata",,"Brasília","Fazenda Água Limpa, near Vargem Bonita c 18 km SSW of Brasília TV tower."
"ÁREA DE RELEVANTE INTERESSE ECOLÓGICO CAPETINGA/TAQUARA","Angiosperms","Fabaceae","Chamaecrista","desvauxii","(Collad.) Killip","FABACEAE Chamaecrista desvauxii (Collad.) Killip","UB1017294",,"UB","Ratter, J.A.","2901","Native","1976","Barneby, R.","1984","Ouro","Prata",,"Brasília","Fazenda Água Limpa, near Vargem Bonita, ca 18 Km of Brasília TV tower."
"ÁREA DE RELEVANTE INTERESSE ECOLÓGICO CAPETINGA/TAQUARA","Angiosperms","Xyridaceae","Xyris","spectabilis","Mart.","XYRIDACEAE Xyris spectabilis Mart.","UB0029330",,"UB","Ratter, J.A.","3092","Native","1976","Kral, R.","1983","Ouro","Prata",,"Brasília","Fazenda Água Limpa, Fazenda Água Limpa."
"ÁREA DE RELEVANTE INTERESSE ECOLÓGICO CAPETINGA/TAQUARA","Angiosperms","Xyridaceae","Xyris","tenella","Kunth","XYRIDACEAE Xyris tenella Kunth","UB0029336",,"UB","Ratter, J.A.","2952","Native","1976","Kral, R.","1983","Ouro","Prata",,"Brasília","Fazenda Água Limpa (University of Brasília field station), near Vargem Bonita, c. 18 km SSW of Brasília TV tower"
"ÁREA DE RELEVANTE INTERESSE ECOLÓGICO CAPETINGA/TAQUARA","Angiosperms","Fabaceae","Chamaecrista","cathartica","(Mart.) H.S.Irwin & Barneby","FABACEAE Chamaecrista cathartica var. cathartica (Mart.) H.S.Irwin & Barneby","UEC144962","splink","UEC","Ratter, J.A.","2832","Native","1976","Barneby, R.C.","1979","Ouro","Prata",,"Brasília","Fazenda Agua Limpa (University of Brasília field s"
"ÁREA DE RELEVANTE INTERESSE ECOLÓGICO CAPETINGA/TAQUARA","Angiosperms","Poaceae","Hildaea","nemorosa","(Sw.) C.Silva & R.P.Oliveira","POACEAE Hildaea nemorosa (Sw.) C.Silva & R.P.Oliveira","UB0026080",,"UB","Ratter, J.A.","3825","Native","1976","Renvoize, S.A.","1979","Ouro","Prata",,"Brasília","Fazenda Água Limpa (University of Brasília field station), near Vargem Bonita, c. 18 Km. SSW of Brasília TV tower."
"ÁREA DE RELEVANTE INTERESSE ECOLÓGICO CAPETINGA/TAQUARA","Angiosperms","Poaceae","Ichnanthus","inconstans","(Trin. ex Nees) Döll","POACEAE Ichnanthus inconstans (Trin. ex Nees) Döll","UB0026077",,"UB","Ratter, J.A.","3143","Native","1976","Renvoize, S.A.","1979","Ouro","Prata",,"Brasília","Fazenda Água Limpa (University of Brasilia field station), near Vargem Bonita, c. 18km SSW of Brasilia TV tower."
"ÁREA DE RELEVANTE INTERESSE ECOLÓGICO CAPETINGA/TAQUARA","Angiosperms","Poaceae","Oedochloa","procurrens","(Nees ex Trin.) C.Silva & R.P.Oliveira","POACEAE Oedochloa procurrens (Nees ex Trin.) C.Silva & R.P.Oliveira","UB1017426",,"UB","Ratter, J.A.","4005","Native","1976","Renvoize, S.A.","1979","Ouro","Prata",,"Brasília","Fazenda Água Limpa (University of Brasília field station), near Vargem Bonita, ca. 18km SSW of Brasília TV tower."
"ÁREA DE RELEVANTE INTERESSE ECOLÓGICO CAPETINGA/TAQUARA","Angiosperms","Poaceae","Schizachyrium","tenerum","Nees","POACEAE Schizachyrium tenerum Nees","UB0026982",,"UB","Ratter, J.A.","3006","Native","1976","Renvoize, S.A.","1979","Ouro","Prata",,"Brasília","Fazenda Água Limpa (University of Brasília field station), near Vargem Bonita, c. 18 km SSW of Brasília TV tower"
"ÁREA DE RELEVANTE INTERESSE ECOLÓGICO CAPETINGA/TAQUARA","Angiosperms","Asteraceae","Bidens","graveolens","Mart.","ASTERACEAE Bidens graveolens Mart.","UB0053185",,"UB","Ratter, J.A.","2843","Native","1976","Jeffrey, C.","1978","Ouro","Prata",,"Brasília","Fazenda Água Limpa, Fazenda Água Limpa (University of Brasília field station), near Vargem BOnita, ca. 18km SSW of Brasília TV Tower."
"ÁREA DE RELEVANTE INTERESSE ECOLÓGICO CAPETINGA/TAQUARA","Angiosperms","Asteraceae","Erechtites","valerianifolius","(Link ex Spreng.) DC.","ASTERACEAE Erechtites valerianifolius (Link ex Spreng.) DC.","UB0051386",,"UB","Ratter, J.A.","3827","Native","1976","Jeffrey, C.","1978","Ouro","Prata",,"Brasília","Fazenda Água Limpa (University of Brasília field station), near Vargem Bonita, ca. 18km SSW of Brasília TV Tower."
"ÁREA DE RELEVANTE INTERESSE ECOLÓGICO CAPETINGA/TAQUARA","Angiosperms","Asteraceae","Porophyllum","obscurum","(Spreng.) DC.","ASTERACEAE Porophyllum obscurum (Spreng.) DC.","UEC127205","splink","UEC","Ratter, J.A.","2941","Native","1976","Jeffrey, C.","1978","Ouro","Prata",,"Brasília","Fazenda Água Limpa (University of Brasília field Station), near Vargem Bonita, ca. 18 km SSW of Brasília TV Tower."
"ÁREA DE RELEVANTE INTERESSE ECOLÓGICO CAPETINGA/TAQUARA","Angiosperms","Asteraceae","Vernonanthura","ferruginea","(Less.) H.Rob.","ASTERACEAE Vernonanthura ferruginea (Less.) H.Rob.","UEC134581","splink","UEC","Ratter, J.A.","3329","Native","1976","Jeffrey, C.","1978","Ouro","Prata",,"Brasília","fazenda agua limpa, near vargem bonita,c. 18km SSW of brasilia tower"
"ÁREA DE RELEVANTE INTERESSE ECOLÓGICO CAPETINGA/TAQUARA","Angiosperms","Euphorbiaceae","Microstachys","hispida","(Mart. & Zucc.) F.Dietr.","EUPHORBIACEAE Microstachys hispida (Mart. & Zucc.) F.Dietr.","UB1338620","splink","UB","Brasilia, T.C.O.U.","213","Native","1974","Cordeiro, I.","2012","Ouro","Prata",,"Brasília","Fazenda Água Limpa - Universidade de Brasília."
"ÁREA DE RELEVANTE INTERESSE ECOLÓGICO CAPETINGA/TAQUARA","Angiosperms","Myrtaceae","Psidium","guajava","L.","MYRTACEAE Psidium guajava L.","UB1208620",,"UB","Brasilia, T.C.O.U.","208","Native","1974","Proenca, C.E.B.","1995","Ouro","Prata",,"Brasília","Fazenda Água Limpa, ca. 18 km south of center of Brasília."
"ÁREA DE RELEVANTE INTERESSE ECOLÓGICO CAPETINGA/TAQUARA","Angiosperms","Eriocaulaceae","Paepalanthus","speciosus","(Bong.) Körn.","ERIOCAULACEAE Paepalanthus speciosus (Bong.) Körn.","UB1017193",,"UB","Philcox, D.","4892","Native","1968","Moldenke, H.N.",,"Ouro","Prata",,"Brasília","Fazenda Água Limpa, 25km SSE. Brasília."
"ÁREA DE RELEVANTE INTERESSE ECOLÓGICO CAPETINGA/TAQUARA","Angiosperms","Eriocaulaceae","Paepalanthus","speciosus","Moldenke","ERIOCAULACEAE Paepalanthus speciosus var. attenuatus Moldenke","UB1017193","splink","UB","Philcox, D.","4892","Native","1968","Moldenke, H.N.",,"Ouro","Prata",,"Brasília","Fazenda Água Limpa, 25km SSE. Brasília."
"ÁREA DE RELEVANTE INTERESSE ECOLÓGICO CAPETINGA/TAQUARA","Angiosperms","Fabaceae","Zornia","virgata","Moric.","FABACEAE Zornia virgata Moric.","UB1017366",,"UB","Heringer, E.P.","11051","Native","1968",,,"Ouro","Prata",,"Brasília","Fazenda Água Limpa, Universidade de Brasília. Vargem Bonita."
"ÁREA DE RELEVANTE INTERESSE ECOLÓGICO CAPETINGA/TAQUARA","Angiosperms","Asteraceae","Piptocarpha","macropoda","(Baker) G.Lom.Sm.","ASTERACEAE Piptocarpha macropoda subsp. crassifolia (Baker) G.Lom.Sm.","UB1060912","splink","UB","Heringer, E.P.","11739","Native","1968","Smith, G.L.","1984","Ouro","Prata",,"Brasília","Fazenda Água Limpa, Fazenda Água Limpa - Universidade de Brasília."
"ÁREA DE RELEVANTE INTERESSE ECOLÓGICO CAPETINGA/TAQUARA","Angiosperms","Bignoniaceae","Handroanthus","impetiginosus","(Mart. ex DC.) Mattos","BIGNONIACEAE Handroanthus impetiginosus (Mart. ex DC.) Mattos","UB1358526",,"UB","Heringer, E.P.","11530","Native","1967","Gentry, A.H.",,"Ouro","Prata",,"Brasília","Fazenda Água Limpa."
"ÁREA DE RELEVANTE INTERESSE ECOLÓGICO CAPETINGA/TAQUARA","Angiosperms","Orobanchaceae","Esterhazya","splendida","J.C.Mikan","OROBANCHACEAE Esterhazya splendida J.C.Mikan","IBGE00067059",,"IBGE","Amaral, A.G.","1373","Native","2007","Souza, V.C.","2016","Prata","Prata","jbrj-public.s3-sa-east-1.amazonaws.com/fsi/server?type=image&source=DZI/ibge/ibge/0/6/70/59/ibge00067059.dzi","Brasília","Fazenda Água Limpa. UnB. Folha Cartográfica SD-23-Y-C Coordenada Coletada. Fazenda Água Limpa. UnB."
"ÁREA DE RELEVANTE INTERESSE ECOLÓGICO CAPETINGA/TAQUARA",,"Meliaceae","Cedrela","odorata","L.","MELIACEAE Cedrela odorata L.","IBGE00033441",,"IBGE","Walter, B.M.T.","2235",,"1994","Walter, B.M.T.","2000","Prata","Prata","jbrj-public.s3-sa-east-1.amazonaws.com/fsi/server?type=image&source=DZI/ibge/ibge/0/3/34/41/ibge00033441.dzi","Brasília","Fazenda Água Limpa. UnB. Mata de Galeria do córrego da Onça. Coordenada calculada."
"ÁREA DE RELEVANTE INTERESSE ECOLÓGICO CAPETINGA/TAQUARA","Angiosperms","Anacardiaceae","Tapirira","guianensis","Aubl.","ANACARDIACEAE Tapirira guianensis Aubl.","IBGE00033473",,"IBGE","Walter, B.M.T.","2200","Native","1994","Walter, B.M.T.","1994","Prata","Prata","jbrj-public.s3-sa-east-1.amazonaws.com/fsi/server?type=image&source=DZI/ibge/ibge/0/3/34/73/ibge00033473.dzi","Brasília","Fazenda Água Limpa/UnB. Mata de Galeria do córrego da Onça; coletada na regiäo do meio da mata, em local semi- encharcado mesmo na seca. Solo areno-argiloso com muita serrapi lheira. Espécie frequente ao longo de toda a mata."
"ÁREA DE RELEVANTE INTERESSE ECOLÓGICO CAPETINGA/TAQUARA","Angiosperms","Asteraceae","Mikania","cordifolia","(L.f.) Willd.","ASTERACEAE Mikania cordifolia (L.f.) Willd.","IBGE00033487",,"IBGE","Walter, B.M.T.","2174","Native","1994","Walter, B.M.T.","1994","Prata","Prata","jbrj-public.s3-sa-east-1.amazonaws.com/fsi/server?type=image&source=DZI/ibge/ibge/0/3/34/87/ibge00033487.dzi","Brasília","Fazenda Água Limpa/UnB. Mata de Galeria do córrego da Onça."
"ÁREA DE RELEVANTE INTERESSE ECOLÓGICO CAPETINGA/TAQUARA","Angiosperms","Chrysobalanaceae","Hirtella","glandulosa","Spreng.","CHRYSOBALANACEAE Hirtella glandulosa Spreng.","IBGE00033419",,"IBGE","Walter, B.M.T.","2185","Native","1994","Walter, B.M.T.","1994","Prata","Prata","jbrj-public.s3-sa-east-1.amazonaws.com/fsi/server?type=image&source=DZI/ibge/ibge/0/3/34/19/ibge00033419.dzi","Brasília","Fazenda Água Limpa/UnB. Mata de galeria do córrego da Onça. Cole tada na cabeceira da mata, em local mais seco, não encharcado. Solo: areno-argiloso, muita serrapilheira."
"ÁREA DE RELEVANTE INTERESSE ECOLÓGICO CAPETINGA/TAQUARA","Angiosperms","Dichapetalaceae","Tapura","amazonica","Poepp. & Endl.","DICHAPETALACEAE Tapura amazonica Poepp. & Endl.","IBGE00033401",,"IBGE","Walter, B.M.T.","2275","Native","1994","Walter, B.M.T.","1994","Prata","Prata","jbrj-public.s3-sa-east-1.amazonaws.com/fsi/server?type=image&source=DZI/ibge/ibge/0/3/34/1/ibge00033401.dzi","Brasília","Fazenda Água Limpa/UnB. Mata de galeria do córrego da Onça. Cole tado no bordo da cabeceira da mata em local semi-encharcado. Solo: areno/argiloso, com muita serrapilheira. Espécie ocasional na cabeceira, ocorrendo mais para o bordo."
"ÁREA DE RELEVANTE INTERESSE ECOLÓGICO CAPETINGA/TAQUARA","Angiosperms","Euphorbiaceae","Sapium","obovatum","Klotzsch ex Müll.Arg.","EUPHORBIACEAE Sapium obovatum Klotzsch ex Müll.Arg.","IBGE00045672",,"IBGE","Walter, B.M.T.","2345","Native","1994","Walter, B.M.T.","1994","Prata","Prata","jbrj-public.s3-sa-east-1.amazonaws.com/fsi/server?type=image&source=DZI/ibge/ibge/0/4/56/72/ibge00045672.dzi","Brasília","Fazenda Água Limpa/UnB. Córrego da Onça."
"ÁREA DE RELEVANTE INTERESSE ECOLÓGICO CAPETINGA/TAQUARA","Angiosperms","Fabaceae","Machaerium","acutifolium","Vogel","FABACEAE Machaerium acutifolium Vogel","IBGE00033400",,"IBGE","Walter, B.M.T.","2273","Native","1994","Walter, B.M.T.","1994","Prata","Prata","jbrj-public.s3-sa-east-1.amazonaws.com/fsi/server?type=image&source=DZI/ibge/ibge/0/3/34/0/ibge00033400.dzi","Brasília","Fazenda Água Limpa/ UnB. Córrego da Onça. No bordo da cabeceira da Mata. Folha: SD-23-Y-C. Coordenada calculada."
"ÁREA DE RELEVANTE INTERESSE ECOLÓGICO CAPETINGA/TAQUARA","Angiosperms","Myristicaceae","Virola","sebifera","Aubl.","MYRISTICACEAE Virola sebifera Aubl.","IBGE00033328",,"IBGE","Walter, B.M.T.","2296","Native","1994","Walter, B.M.T.","1994","Prata","Prata","jbrj-public.s3-sa-east-1.amazonaws.com/fsi/server?type=image&source=DZI/ibge/ibge/0/3/33/28/ibge00033328.dzi","Brasília","Folha Cartográfica SD-23-Y-C Coordenada Coletada. Fazenda Água Limpa."
"ÁREA DE RELEVANTE INTERESSE ECOLÓGICO CAPETINGA/TAQUARA","Angiosperms","Myristicaceae","Virola","urbaniana","Warb.","MYRISTICACEAE Virola urbaniana Warb.","IBGE00033415",,"IBGE","Walter, B.M.T.","2190","Native","1994","Walter, B.M.T.","1994","Prata","Prata","jbrj-public.s3-sa-east-1.amazonaws.com/fsi/server?type=image&source=DZI/ibge/ibge/0/3/34/15/ibge00033415.dzi","Brasília","Folha Cartográfica SD-23-Y-C Coordenada Coletada. Fazenda Água Limpa."
"ÁREA DE RELEVANTE INTERESSE ECOLÓGICO CAPETINGA/TAQUARA","Angiosperms","Peraceae","Pera","glabrata","(Schott) Baill.","PERACEAE Pera glabrata (Schott) Baill.","IBGE00033391",,"IBGE","Walter, B.M.T.","2282","Native","1994","Walter, B.M.T.","1994","Prata","Prata","jbrj-public.s3-sa-east-1.amazonaws.com/fsi/server?type=image&source=DZI/ibge/ibge/0/3/33/91/ibge00033391.dzi","Brasília","Fazenda Água Limpa/UnB. Córrego da Onça."
"ÁREA DE RELEVANTE INTERESSE ECOLÓGICO CAPETINGA/TAQUARA","Angiosperms","Phyllanthaceae","Hieronyma","alchorneoides","Allemão","PHYLLANTHACEAE Hieronyma alchorneoides Allemão","IBGE00033350",,"IBGE","Walter, B.M.T.","2307","Native","1994","Walter, B.M.T.","1994","Prata","Prata","jbrj-public.s3-sa-east-1.amazonaws.com/fsi/server?type=image&source=DZI/ibge/ibge/0/3/33/50/ibge00033350.dzi","Brasília","Fazenda Água Limpa/UnB. Mata de galeria do córrego da Onça. Coletado na porção final da mata, a 200 metros do córrego Taquara."
"ÁREA DE RELEVANTE INTERESSE ECOLÓGICO CAPETINGA/TAQUARA","Angiosperms","Rosaceae","Prunus","brasiliensis","(Cham. & Schltdl.) D.Dietr.","ROSACEAE Prunus brasiliensis (Cham. & Schltdl.) D.Dietr.","IBGE00033422",,"IBGE","Walter, B.M.T.","2178","Native","1994","Walter, B.M.T.","1994","Prata","Prata","jbrj-public.s3-sa-east-1.amazonaws.com/fsi/server?type=image&source=DZI/ibge/ibge/0/3/34/22/ibge00033422.dzi","Brasília","Fazenda Água Limpa/UnB. Mata de Galeria do córrego da Onça, Folha Cartográfica SD-23-Y-C Coordenada Coletada."
"ÁREA DE RELEVANTE INTERESSE ECOLÓGICO CAPETINGA/TAQUARA","Angiosperms","Sapindaceae","Matayba","guianensis","Aubl.","SAPINDACEAE Matayba guianensis Aubl.","IBGE00033543",,"IBGE","Walter, B.M.T.","2287","Native","1994","Walter, B.M.T.","1994","Prata","Prata","jbrj-public.s3-sa-east-1.amazonaws.com/fsi/server?type=image&source=DZI/ibge/ibge/0/3/35/43/ibge00033543.dzi","Brasília","Brasília/DF. Fazenda água limpa/UNB. Mata de galeria do Córrego da Onça. Coletado no bordo da cabeceira da mata em local mais cedo que padrão da Mata. Folha Cartográfica SD-23-Y-C Coordenada Calculada. Brasília/DF. Fazenda água limpa/UNB."
"ÁREA DE RELEVANTE INTERESSE ECOLÓGICO CAPETINGA/TAQUARA","Angiosperms","Theaceae","Laplacea","fruticosa","(Schrad.) Kobuski","THEACEAE Laplacea fruticosa (Schrad.) Kobuski","IBGE00041179",,"IBGE","Walter, B.M.T.","2163","Native","1994","Walter, B.M.T.","1994","Prata","Prata","jbrj-public.s3-sa-east-1.amazonaws.com/fsi/server?type=image&source=DZI/ibge/ibge/0/4/11/79/ibge00041179.dzi","Brasília","Fazenda Água Limpa (FAL-UnB). A 150 m do córrego Taquara. Coordenada calculada."
"ÁREA DE RELEVANTE INTERESSE ECOLÓGICO CAPETINGA/TAQUARA","Angiosperms","Oleaceae","Chionanthus","trichotomus","(Vell.) P.S.Green","OLEACEAE Chionanthus trichotomus (Vell.) P.S.Green","IBGE00028303",,"IBGE","Fonseca, M.L.","12","Native","1990","Pereira, B.A.S.","2000","Prata","Prata","jbrj-public.s3-sa-east-1.amazonaws.com/fsi/server?type=image&source=DZI/ibge/ibge/0/2/83/3/ibge00028303.dzi","Brasília","Fazenda Água Limpa, UnB. Córrego Taquara. Coordenadas calculada"
"ÁREA DE RELEVANTE INTERESSE ECOLÓGICO CAPETINGA/TAQUARA","Angiosperms","Styracaceae","Styrax","ferrugineus","Nees & Mart.","STYRACACEAE Styrax ferrugineus Nees & Mart.","IBGE00027398",,"IBGE","Mendes, I.C.","79","Native","1990","Pereira, B.A.S.","1990","Prata","Prata","jbrj-public.s3-sa-east-1.amazonaws.com/fsi/server?type=image&source=DZI/ibge/ibge/0/2/73/98/ibge00027398.dzi","Brasília","Fazenda Água Limpa (UnB). Folha Cartográfica SD-23-Y-C. Coordenada Calculada."
"ÁREA DE RELEVANTE INTERESSE ECOLÓGICO CAPETINGA/TAQUARA","Angiosperms","Meliaceae","Guarea","macrophylla","(Vell.) T.D.Penn.","MELIACEAE Guarea macrophylla subsp. tuberculata (Vell.) T.D.Penn.","IBGE00023760",,"IBGE","Alvarenga, D.","330","Native","1989","Pirani, J.R.","2002","Prata","Prata","jbrj-public.s3-sa-east-1.amazonaws.com/fsi/server?type=image&source=DZI/ibge/ibge/0/2/37/60/ibge00023760.dzi","Brasília","Fazenda Água Limpa. FAL-UNB. Córrego Olho dÁgua da Onça. Folha Cartográfica: SD-23-Y-C. Coordenada Coletada."
"ÁREA DE RELEVANTE INTERESSE ECOLÓGICO CAPETINGA/TAQUARA","Angiosperms","Fabaceae","Clitoria","guianensis","(Aubl.) Benth.","FABACEAE Clitoria guianensis (Aubl.) Benth.","IBGE00025433",,"IBGE","Azevedo, M.L.M.","461","Native","1989","Pereira, B.A.S.","1990","Prata","Prata","jbrj-public.s3-sa-east-1.amazonaws.com/fsi/server?type=image&source=DZI/ibge/ibge/0/2/54/33/ibge00025433.dzi","Brasília","Fazenda Água Limpa/UnB. Folha Cartográfica SD-23-Y-C. Coordenada coletada."
"ÁREA DE RELEVANTE INTERESSE ECOLÓGICO CAPETINGA/TAQUARA","Angiosperms","Sapindaceae","Cupania","vernalis","Cambess.","SAPINDACEAE Cupania vernalis Cambess.","IBGE00025648",,"IBGE","Violatti, L.G.","6","Native","1989","Pereira, B.A.S.","1990","Prata","Prata","jbrj-public.s3-sa-east-1.amazonaws.com/fsi/server?type=image&source=DZI/ibge/ibge/0/2/56/48/ibge00025648.dzi","Brasília","Vargem Bonita. Fazenda Água Limpa. UnB. Mata do Gama."
"ÁREA DE RELEVANTE INTERESSE ECOLÓGICO CAPETINGA/TAQUARA","Angiosperms","Malvaceae","Luehea","divaricata","Mart.","MALVACEAE Luehea divaricata Mart.","IBGE00019304",,"IBGE","Pereira, B.A.S.","414","Native","1983","Smith, S.F.","1983","Prata","Prata","jbrj-public.s3-sa-east-1.amazonaws.com/fsi/server?type=image&source=DZI/ibge/ibge/0/1/93/4/ibge00019304.dzi","Brasília","Fazenda Água Limpa, UnB - FAL. Folha: SD-23-Y-C. Coordenada calculada."
"ÁREA DE RELEVANTE INTERESSE ECOLÓGICO CAPETINGA/TAQUARA","Angiosperms","Campanulaceae","Siphocampylus","nitidus","Pohl","CAMPANULACEAE Siphocampylus nitidus Pohl","IBGE00008716",,"IBGE","Pereira, B.A.S.","330","Native","1982","Smith, S.F.","1983","Prata","Prata","jbrj-public-img.s3-sa-east-1.amazonaws.com/JPG/ibge/ibge/0/0/87/16/ibge00008716.jpg","Brasília","Fazenda Água Limpa - UnB. Adjacências cachoeira do córrego Capetinga. Coordenada calculada."
"ÁREA DE RELEVANTE INTERESSE ECOLÓGICO CAPETINGA/TAQUARA",,"Solanaceae","Cestrum","obovatum","Sendtn.","SOLANACEAE Cestrum obovatum Sendtn.","IBGE00019071",,"IBGE","Pereira, B.A.S.","42",,"1981","Smith, S.F.","1983","Prata","Prata","jbrj-public.s3-sa-east-1.amazonaws.com/fsi/server?type=image&source=DZI/ibge/ibge/0/1/90/71/ibge00019071.dzi","Brasília","Fazenda Água Limpa - UnB. Folha Cartográfica SD-23-Y-C. Coordenada calculada."
"ÁREA DE RELEVANTE INTERESSE ECOLÓGICO CAPETINGA/TAQUARA","Angiosperms","Orobanchaceae","Buchnera","lavandulacea","Cham. & Schltdl.","OROBANCHACEAE Buchnera lavandulacea Cham. & Schltdl.","EAC00009320",,"EAC","Cesar, H.L.","434","Native","1980","Souza, V.C.","1990","Prata","Prata","jbrj-public.s3-sa-east-1.amazonaws.com/fsi/server?type=image&source=DZI/eac/eac/0/0/93/20/eac00009320.dzi","Brasília","Fazenda Água Limpa."
"ÁREA DE RELEVANTE INTERESSE ECOLÓGICO CAPETINGA/TAQUARA","Angiosperms","Moraceae","Morus","alba","L.","MORACEAE Morus alba L.","IBGE00006974",,"IBGE","Heringer, E.P.","5476","Native","1980","Pereira, B.A.S.","1980","Prata","Prata","jbrj-public.s3-sa-east-1.amazonaws.com/fsi/server?type=image&source=DZI/ibge/ibge/0/0/69/74/ibge00006974.dzi","Brasília","Folha Cartográfica SD-23-Y-C Coordenada Calculada. Fazenda Água Limpa."
"ÁREA DE RELEVANTE INTERESSE ECOLÓGICO CAPETINGA/TAQUARA","Angiosperms","Meliaceae","Cabralea","canjerana","(A.Juss.) T.D.Penn.","MELIACEAE Cabralea canjerana subsp. polytricha (A.Juss.) T.D.Penn.","IBGE00016611",,"IBGE","Heringer, E.P.","15601 A","Native","1977","Smith, S.F.","1987","Prata","Prata","jbrj-public.s3-sa-east-1.amazonaws.com/fsi/server?type=image&source=DZI/ibge/ibge/0/1/66/11/ibge00016611.dzi","Brasília","Fazenda Água Limpa. UnB. Coordenada Calculada."
"ÁREA DE RELEVANTE INTERESSE ECOLÓGICO CAPETINGA/TAQUARA","Angiosperms","Fabaceae","Desmodium","platycarpum","Benth.","FABACEAE Desmodium platycarpum Benth.","MBM067162","splink","MBM","Fiedler, L.","39","Native",,"Hatschbach, G.",,"Prata","Prata",,"Brasília","Fazenda Água Limpa, Brasília."
"ÁREA DE RELEVANTE INTERESSE ECOLÓGICO CAPETINGA/TAQUARA","Angiosperms","Magnoliaceae","Magnolia","ovata","(A.St.-Hil.) Spreng.","MAGNOLIACEAE Magnolia ovata (A.St.-Hil.) Spreng.","MBM225747","splink","MBM","Walter, B.M.T.","2166","Native",,"Walter, B.M.T.",,"Prata","Prata",,"Brasília","Fazenda Água Limpa, Brasília."
"ÁREA DE RELEVANTE INTERESSE ECOLÓGICO CAPETINGA/TAQUARA","Angiosperms","Proteaceae","Euplassa","inaequalis","(Pohl) Engl.","PROTEACEAE Euplassa inaequalis (Pohl) Engl.","MBM225751","splink","MBM","Walter, B.M.T.","2283","Native",,"Walter, B.M.T.",,"Prata","Prata",,"Brasília","Fazenda Água Limpa, Brasília."
"ÁREA DE RELEVANTE INTERESSE ECOLÓGICO CAPETINGA/TAQUARA","Angiosperms","Solanaceae","Nicandra","physalodes","(L.) Gaertn.","SOLANACEAE Nicandra physalodes (L.) Gaertn.","MBM067331","splink","MBM","Fiedler, L.","77","Native",,"Hatschbach, G.",,"Prata","Prata",,"Brasília","Fazenda Água Limpa, Brasília."
"ÁREA DE RELEVANTE INTERESSE ECOLÓGICO CAPETINGA/TAQUARA","Angiosperms","Monimiaceae","Macropeplus","ligustrinus","(Tul.) Perkins","MONIMIACEAE Macropeplus ligustrinus (Tul.) Perkins","15906","splink","HEPH","Nobrega, M.G.G.","1318","Native","2000","Walter, B.M.T.",,"Prata","Prata",,"Brasília","FAL - Fazenda Água Limpa, Córrego da Onça"
"ÁREA DE RELEVANTE INTERESSE ECOLÓGICO CAPETINGA/TAQUARA","Angiosperms","Nyctaginaceae","Guapira","opposita","(Vell.) Reitz","NYCTAGINACEAE Guapira opposita (Vell.) Reitz","UB0058801",,"UB","Walter, B.M.T.","2276","Native","1994","Rossetto, E.F.S.","2023","Prata","Prata",,"Brasília","Fazenda Água Limpa."
"ÁREA DE RELEVANTE INTERESSE ECOLÓGICO CAPETINGA/TAQUARA",,"Aquifoliaceae","Ilex","integrifolia","G.Nicholson","AQUIFOLIACEAE Ilex integrifolia G.Nicholson","UB0137782",,"UB","Walter, B.M.T.","2300",,"1994","Walter, B.M.T.","1994","Prata","Prata",,"Brasília","Fazenda Água Limpa/UnB. Coletado no bordo da porção final da Mata, a 200 m do córrego Taquara."
"ÁREA DE RELEVANTE INTERESSE ECOLÓGICO CAPETINGA/TAQUARA","Angiosperms","Chrysobalanaceae","Leptobalanus","apetalus","(E.Mey.) Sothers & Prance","CHRYSOBALANACEAE Leptobalanus apetalus (E.Mey.) Sothers & Prance","UB1284471",,"UB","Walter, B.M.T.","2210","Native","1994","Walter, B.M.T.","1994","Prata","Prata",,"Brasília","Fazenda Água Limpa/UnB."
"ÁREA DE RELEVANTE INTERESSE ECOLÓGICO CAPETINGA/TAQUARA","Angiosperms","Melastomataceae","Miconia","punctata","(Desr.) DC.","MELASTOMATACEAE Miconia punctata (Desr.) DC.","3236351","x","MO","Walter, B.M.T.","2305","Native","1994","Walter, B.M.T.","1994","Prata","Prata",,"Brasília","Brasília/DF. Fazenda Água Limpa/UnB. Mata de Galeria do Córrego da Onca. Coletado na cabeceira da Mata. Solo areno-argiloso, com cabeceira, rara na porcão Central, e ausente no Final da Mata."
"ÁREA DE RELEVANTE INTERESSE ECOLÓGICO CAPETINGA/TAQUARA","Angiosperms","Meliaceae","Guarea","macrophylla","Vahl","MELIACEAE Guarea macrophylla Vahl","UB1030875",,"UB","Walter, B.M.T.","2193","Native","1994","Walter, B.M.T.","1994","Prata","Prata",,"Brasília","Fazenda Água Limpa/UnB. Mata de Galeria do Córrego da Onça."
"ÁREA DE RELEVANTE INTERESSE ECOLÓGICO CAPETINGA/TAQUARA","Angiosperms","Symplocaceae","Symplocos","nitens","(Pohl) Benth.","SYMPLOCACEAE Symplocos nitens (Pohl) Benth.","UPCB0102045","splink","UPCB","Walter, B.M.T.","2246","Native","1994","Walter, B.M.T.","1994","Prata","Prata",,"Brasília","Fazenda Água Limpa/ UnB. Mata de galeria do Córrego da Onça."
"ÁREA DE RELEVANTE INTERESSE ECOLÓGICO CAPETINGA/TAQUARA","Angiosperms","Fabaceae","Platypodium","elegans","Vogel","FABACEAE Platypodium elegans Vogel","46246","splink","CEPEC","Alvarenga, D.","336","Native","1989","Pereira, B.A.S.",,"Prata","Prata",,"Brasília","Fazenda Água Limpa/UNB. Córrego Olho d'agua da Onça."
"ÁREA DE RELEVANTE INTERESSE ECOLÓGICO CAPETINGA/TAQUARA","Angiosperms","Symplocaceae","Symplocos","rhamnifolia","A.DC.","SYMPLOCACEAE Symplocos rhamnifolia A.DC.","RFA49911","splink","RFA","Alvarenga, D.","327","Native","1989","Smith, S.F.","1990","Prata","Prata",,"Brasília","Fazenda Água Limpa/UNB"
"ÁREA DE RELEVANTE INTERESSE ECOLÓGICO CAPETINGA/TAQUARA","Angiosperms","Nyctaginaceae","Guapira","areolata","(Heimerl) Lundell","NYCTAGINACEAE Guapira areolata (Heimerl) Lundell","INPA0205820","splink","INPA","Ratter, J.A.","3836","Native","1976","Rossetto, E.F.S.","2014","Prata","Prata",,"Brasília","Fazenda Água Limpa"
"ÁREA DE RELEVANTE INTERESSE ECOLÓGICO CAPETINGA/TAQUARA","Ferns and Lycophytes","Meliaceae","Cabralea",,"A.Juss.","MELIACEAE Cabralea A.Juss.","UEC029057","splink","UEC","Ratter, J.A.","3905","Native","1976","Pirani, J.R.","1981","Prata","Prata",,"Brasília","Fazenda Água Limpa, Near vargem Bonita, c. 18km. SSW of Brasilia TV tower."
"ÁREA DE RELEVANTE INTERESSE ECOLÓGICO CAPETINGA/TAQUARA","Angiosperms","Myrtaceae","Campomanesia","sessiliflora","(O.Berg) Mattos","MYRTACEAE Campomanesia sessiliflora (O.Berg) Mattos","UFRN00028663",,"UFRN","Kilsztajn, Y.","108","Native","2024","Kilsztajn, Y.","2024","Bronze","Prata","jbrj-public.s3-sa-east-1.amazonaws.com/fsi/server?type=image&source=DZI/ufrn/ufrn/0/2/86/63/ufrn00028663.dzi","Brasília","Fazenda Água Limpa."
"ÁREA DE RELEVANTE INTERESSE ECOLÓGICO CAPETINGA/TAQUARA","Angiosperms","Asteraceae","Grazielia","intermedia","(DC.) R.M.King & H.Rob.","ASTERACEAE Grazielia intermedia (DC.) R.M.King & H.Rob.","IBGE00084814",,"IBGE","Trindade, V.L.","199","Native","2022","Bringel, J.R.","2022","Bronze","Prata","jbrj-public.s3-sa-east-1.amazonaws.com/fsi/server?type=image&source=DZI/ibge/ibge/0/8/48/14/ibge00084814.dzi","Brasília","Fazenda Água Limpa, UnB."
"ÁREA DE RELEVANTE INTERESSE ECOLÓGICO CAPETINGA/TAQUARA","Ferns and Lycophytes","Poaceae","Arthropogon","villosus","Nees","POACEAE Arthropogon villosus Nees","IBGE00084823",,"IBGE","Trindade, V.L.","183","Native","2022","Trindade, V.L.","2022","Bronze","Prata","jbrj-public.s3-sa-east-1.amazonaws.com/fsi/server?type=image&source=DZI/ibge/ibge/0/8/48/23/ibge00084823.dzi","Brasília","Fazenda Água Limpa, UnB."
"ÁREA DE RELEVANTE INTERESSE ECOLÓGICO CAPETINGA/TAQUARA","Angiosperms","Xyridaceae","Xyris","guaranitica","Malme","XYRIDACEAE Xyris guaranitica Malme","IBGE00084816",,"IBGE","Trindade, V.L.","174","Native","2022","Trindade, V.L.","2022","Bronze","Prata","jbrj-public.s3-sa-east-1.amazonaws.com/fsi/server?type=image&source=DZI/ibge/ibge/0/8/48/16/ibge00084816.dzi","Brasília","Fazenda Água Limpa, UnB."
"ÁREA DE RELEVANTE INTERESSE ECOLÓGICO CAPETINGA/TAQUARA","Angiosperms","Malpighiaceae","Banisteriopsis","latifolia","(A.Juss.) B.Gates","MALPIGHIACEAE Banisteriopsis latifolia (A.Juss.) B.Gates","IBGE00084140",,"IBGE","Souza, R.M.","5","Native","2021","Souza, R.M.","2021","Bronze","Prata","jbrj-public.s3-sa-east-1.amazonaws.com/fsi/server?type=image&source=DZI/ibge/ibge/0/8/41/40/ibge00084140.dzi","Brasília","Núcleo Bandeirante, FAL - Fazenda Água Limpa, UnB, trilha da cachoeira."
"ÁREA DE RELEVANTE INTERESSE ECOLÓGICO CAPETINGA/TAQUARA","Ferns and Lycophytes","Poaceae","Paspalum","nutans","Lam.","POACEAE Paspalum nutans Lam.","UB01044711",,"UB","Brito, C.A.","66","Native","2019","Brito, C.A.",,"Bronze","Prata","jbrj-public.s3-sa-east-1.amazonaws.com/fsi/server?type=image&source=DZI/ub/ub/1/4/47/11/ub01044711.dzi","Brasília","Fazenda Água Limpa."
"ÁREA DE RELEVANTE INTERESSE ECOLÓGICO CAPETINGA/TAQUARA","Angiosperms","Convolvulaceae","Distimake","digitatus","(Spreng.) A.R. Simões & Staples","CONVOLVULACEAE Distimake digitatus (Spreng.) A.R. Simões & Staples","IBGE00084293",,"IBGE","Oliveira, R.C.","3293","Native","2017","Oliveira, R.C.","2017","Bronze","Prata","jbrj-public.s3-sa-east-1.amazonaws.com/fsi/server?type=image&source=DZI/ibge/ibge/0/8/42/93/ibge00084293.dzi","Brasília","Fazenda Água Limpa, Olho D´Água do Onça. Em campo úmido."
"ÁREA DE RELEVANTE INTERESSE ECOLÓGICO CAPETINGA/TAQUARA","Angiosperms","Asteraceae","Chromolaena","squalida","(DC.) R.M.King & H.Rob.","ASTERACEAE Chromolaena squalida (DC.) R.M.King & H.Rob.","ALCB00080189",,"ALCB","Oliveira, R.C.","3153","Native","2016","Renon, P.","2021","Bronze","Prata","jbrj-public.s3-sa-east-1.amazonaws.com/fsi/server?type=image&source=DZI/alcb/alcb/0/8/1/89/alcb00080189.dzi","Brasília","Fazenda Água Limpa, FAL, UnB."
"ÁREA DE RELEVANTE INTERESSE ECOLÓGICO CAPETINGA/TAQUARA","Angiosperms","Acanthaceae","Clistax","brasiliensis","Mart.","ACANTHACEAE Clistax brasiliensis Mart.","UB00123182",,"UB","Oliveira, R.C.","3188","Native","2016","Al., E.","2016","Bronze","Prata","jbrj-public.s3-sa-east-1.amazonaws.com/fsi/server?type=image&source=DZI/ub/ub/0/12/31/82/ub00123182.dzi","Brasília","Fazenda Água Limpa - FAL, UnB."
"ÁREA DE RELEVANTE INTERESSE ECOLÓGICO CAPETINGA/TAQUARA","Angiosperms","Acanthaceae","Justicia","lanstyakii","Rizzini","ACANTHACEAE Justicia lanstyakii Rizzini","UB00123093",,"UB","Oliveira, R.C.","3184","Native","2016","Al., E.","2016","Bronze","Prata","jbrj-public.s3-sa-east-1.amazonaws.com/fsi/server?type=image&source=DZI/ub/ub/0/12/30/93/ub00123093.dzi","Brasília","Fazenda Água Limpa - FAL, UnB, entre a Primatologia e a represa."
"ÁREA DE RELEVANTE INTERESSE ECOLÓGICO CAPETINGA/TAQUARA",,"Melastomataceae","Microlicia","neogracilis","Versiane & R.Romero","MELASTOMATACEAE Microlicia neogracilis Versiane & R.Romero","UB00111800",,"UB","Oliveira, R.C.","3065",,"2015","Nunes, D.","2024","Bronze","Prata","jbrj-public.s3-sa-east-1.amazonaws.com/fsi/server?type=image&source=DZI/ub/ub/0/11/18/0/ub00111800.dzi","Brasília","Fazenda Água limpa."
"ÁREA DE RELEVANTE INTERESSE ECOLÓGICO CAPETINGA/TAQUARA","Angiosperms","Dilleniaceae","Davilla",,"Vand.","DILLENIACEAE Davilla Vand.","UB00111784",,"UB","Oliveira, R.C.","3054","Native","2015","Silva, C.F.S.","2021","Bronze","Prata","jbrj-public.s3-sa-east-1.amazonaws.com/fsi/server?type=image&source=DZI/ub/ub/0/11/17/84/ub00111784.dzi","Brasília","Fazenda Água limpa, próximo ao Ago Azul."
"ÁREA DE RELEVANTE INTERESSE ECOLÓGICO CAPETINGA/TAQUARA","Angiosperms","Siparunaceae","Siparuna","guianensis","Aubl.","SIPARUNACEAE Siparuna guianensis Aubl.","CEN00089059",,"CEN","Oliveira, R.P.","105","Native","2013","Paula, R.","2013","Bronze","Prata","jbrj-public.s3.amazonaws.com/fsi/server?type=image&source=DZI/cen/cen/0/8/90/59/cen00089059.dzi","Brasília","Fazenda Água Limpa (Córrego Capetinga)"
"ÁREA DE RELEVANTE INTERESSE ECOLÓGICO CAPETINGA/TAQUARA","Angiosperms","Apocynaceae","Mandevilla",,"Lindl.","APOCYNACEAE Mandevilla Lindl.","UB00121881",,"UB","Meneguzzo, T.E.C.","56","Native","2009","Meneguzzo, T.E.C.",,"Bronze","Prata","jbrj-public.s3-sa-east-1.amazonaws.com/fsi/server?type=image&source=DZI/ub/ub/0/12/18/81/ub00121881.dzi","Brasília","Fazenda Água Limpa. Bioma Cerrado, fitofisionomia Campo de Murunduns. 15°56´13,9""S, 47º54´19,4""W."
"ÁREA DE RELEVANTE INTERESSE ECOLÓGICO CAPETINGA/TAQUARA","Angiosperms","Apiaceae","Eryngium","horridum","Malme","APIACEAE Eryngium horridum Malme","UB00116471",,"UB","Meneguzzo, T.E.C.","52","Native","2009","Cota, M.R.C.","2010","Bronze","Prata","jbrj-public.s3-sa-east-1.amazonaws.com/fsi/server?type=image&source=DZI/ub/ub/0/11/64/71/ub00116471.dzi","Brasília","Fazenda Água Limpa. Bioma Cerrado, fitofisionomia Campo de Murunduns. 15°56´13,9""S, 47º54´19,4""W."
"ÁREA DE RELEVANTE INTERESSE ECOLÓGICO CAPETINGA/TAQUARA","Angiosperms","Apiaceae","Eryngium","hemisphaericum","Urb.","APIACEAE Eryngium hemisphaericum Urb.","UB00116462",,"UB","Meneguzzo, T.E.C.","51","Native","2009","Meneguzzo, T.E.C.","2009","Bronze","Prata","jbrj-public.s3-sa-east-1.amazonaws.com/fsi/server?type=image&source=DZI/ub/ub/0/11/64/62/ub00116462.dzi","Brasília","Fazenda Água Limpa."
"ÁREA DE RELEVANTE INTERESSE ECOLÓGICO CAPETINGA/TAQUARA",,"Apiaceae","Eryngium","juncifolium","(Urb.) Mathias & Constance","APIACEAE Eryngium juncifolium (Urb.) Mathias & Constance","UB00116422",,"UB","Meneguzzo, T.E.C.","73",,"2009","Cota, M.R.C.","2009","Bronze","Prata","jbrj-public.s3-sa-east-1.amazonaws.com/fsi/server?type=image&source=DZI/ub/ub/0/11/64/22/ub00116422.dzi","Brasília","Fazenda Água Limpa."
"ÁREA DE RELEVANTE INTERESSE ECOLÓGICO CAPETINGA/TAQUARA","Angiosperms","Lindsaeaceae","Lindsaea","lancea","(L.) Bedd.","LINDSAEACEAE Lindsaea lancea var. lancea (L.) Bedd.","UB00034087",,"UB","Santos, R.F.","76","Native","2009","Santos, R.F.","2009","Bronze","Prata","jbrj-public.s3-sa-east-1.amazonaws.com/fsi/server?type=image&source=DZI/ub/ub/0/3/40/87/ub00034087.dzi","Brasília","Fazenda Água Limpa. Coleta próxima ao córrego da Onça, Olho d´água."
"ÁREA DE RELEVANTE INTERESSE ECOLÓGICO CAPETINGA/TAQUARA","Angiosperms","Eriocaulaceae","Floralia","flaccida","(Bong.) Andrino","ERIOCAULACEAE Floralia flaccida (Bong.) Andrino","IBGE00068596",,"IBGE","Amaral, A.G.","1436","Native","2007","Paiva, G.R.","2025","Bronze","Prata","jbrj-public-img.s3-sa-east-1.amazonaws.com/JPG/ibge/ibge/0/6/85/96/ibge00068596.jpg","Brasília","Fazenda Água Limpa. UnB."
"ÁREA DE RELEVANTE INTERESSE ECOLÓGICO CAPETINGA/TAQUARA","Angiosperms","Fabaceae","Chamaecrista","polita","(H.S.Irwin & Barneby) H.S.Irwin & Barneby","FABACEAE Chamaecrista polita (H.S.Irwin & Barneby) H.S.Irwin & Barneby","IBGE00068778",,"IBGE","Amaral, A.G.","1733","Native","2007","Lima, A.C.M.","2025","Bronze","Prata","jbrj-public-img.s3-sa-east-1.amazonaws.com/JPG/ibge/ibge/0/6/87/78/ibge00068778.jpg","Brasília","Fazenda Água Limpa. UnB. Folha: SD-23-Y-C. Fazenda Água LImpa - UnB"
"ÁREA DE RELEVANTE INTERESSE ECOLÓGICO CAPETINGA/TAQUARA","Angiosperms","Ochnaceae","Ouratea","confertiflora","(Pohl) Engl.","OCHNACEAE Ouratea confertiflora (Pohl) Engl.","IBGE00066731",,"IBGE","Amaral, A.G.","1273","Native","2007","Queiroz-Lima, A.","2025","Bronze","Prata","jbrj-public-img.s3-sa-east-1.amazonaws.com/JPG/ibge/ibge/0/6/67/31/ibge00066731.jpg","Brasília","Fazenda Água Limpa, UnB. FAL"
"ÁREA DE RELEVANTE INTERESSE ECOLÓGICO CAPETINGA/TAQUARA","Angiosperms","Cyperaceae","Rhynchospora","velutina","(Kunth) Boeckeler","CYPERACEAE Rhynchospora velutina (Kunth) Boeckeler","IBGE00068672",,"IBGE","Amaral, A.G.","1613","Native","2007","Fonseca, M.L.","2022","Bronze","Prata","jbrj-public.s3-sa-east-1.amazonaws.com/fsi/server?type=image&source=DZI/ibge/ibge/0/6/86/72/ibge00068672.dzi","Brasília","Fazenda Água Limpa. UnB. Folha: SD-23-Y-C."
"ÁREA DE RELEVANTE INTERESSE ECOLÓGICO CAPETINGA/TAQUARA",,"Fabaceae","Tephrosia","adunca","Benth.","FABACEAE Tephrosia adunca Benth.","IBGE00066026",,"IBGE","Amaral, A.G.","742",,"2007","Fonseca, M.L.","2022","Bronze","Prata","jbrj-public.s3-sa-east-1.amazonaws.com/fsi/server?type=image&source=DZI/ibge/ibge/0/6/60/26/ibge00066026.dzi","Brasília","Fazenda Água Limpa. Folha: SD-23-Y-C. APA Gama Cabeça de Veado"
"ÁREA DE RELEVANTE INTERESSE ECOLÓGICO CAPETINGA/TAQUARA","Angiosperms","Lamiaceae","Cyanocephalus","cuneatus","(Pohl ex Benth.) Harley & J.F.B.Pastore","LAMIACEAE Cyanocephalus cuneatus (Pohl ex Benth.) Harley & J.F.B.Pastore","IBGE00067037",,"IBGE","Amaral, A.G.","1350","Native","2007","Buchoski, M.G.","2022","Bronze","Prata","jbrj-public.s3-sa-east-1.amazonaws.com/fsi/server?type=image&source=DZI/ibge/ibge/0/6/70/37/ibge00067037.dzi","Brasília","Folha Cartográfica SD-23-Y-C Coordenada Coletada. Fazenda Água Limpa. UnB."
"ÁREA DE RELEVANTE INTERESSE ECOLÓGICO CAPETINGA/TAQUARA","Angiosperms","Lamiaceae","Cyanocephalus","tacianae","(Harley) Harley & J.F.B.Pastore","LAMIACEAE Cyanocephalus tacianae (Harley) Harley & J.F.B.Pastore","IBGE00066126",,"IBGE","Amaral, A.G.","823","Native","2007","Buchoski, M.G.","2022","Bronze","Prata","jbrj-public.s3-sa-east-1.amazonaws.com/fsi/server?type=image&source=DZI/ibge/ibge/0/6/61/26/ibge00066126.dzi","Brasília","Folha Cartográfica SD-23-Y-C. Coordenada Coletada. Fazenda Água Limpa. UnB."
"ÁREA DE RELEVANTE INTERESSE ECOLÓGICO CAPETINGA/TAQUARA","Angiosperms","Malvaceae","Waltheria","indica","L.","MALVACEAE Waltheria indica L.","IBGE00065996",,"IBGE","Amaral, A.G.","711","Native","2007","Coutinho, T.S.","2019","Bronze","Prata","jbrj-public.s3-sa-east-1.amazonaws.com/fsi/server?type=image&source=DZI/ibge/ibge/0/6/59/96/ibge00065996.dzi","Brasília","Folha Cartográfica SD-23-Y-C Coordenada Coletada. Fazenda Água Limpa (UnB)."
"ÁREA DE RELEVANTE INTERESSE ECOLÓGICO CAPETINGA/TAQUARA","Angiosperms","Poaceae","Digitaria",,"Haller","POACEAE Digitaria Haller","IBGE00066592",,"IBGE","Amaral, A.G.","1027","Native","2007","Ub","2019","Bronze","Prata","jbrj-public.s3-sa-east-1.amazonaws.com/fsi/server?type=image&source=DZI/ibge/ibge/0/6/65/92/ibge00066592.dzi","Brasília","Fazenda Água Limpa. UnB. Folha Cartográfica SD-23-Y-C Coordenada Coletada."
"ÁREA DE RELEVANTE INTERESSE ECOLÓGICO CAPETINGA/TAQUARA","Angiosperms","Eriocaulaceae","Syngonanthus","davidsei","Huft","ERIOCAULACEAE Syngonanthus davidsei Huft","IBGE00068470",,"IBGE","Amaral, A.G.","1502","Native","2007","Trovo, M.L.O.","2017","Bronze","Prata","jbrj-public.s3-sa-east-1.amazonaws.com/fsi/server?type=image&source=DZI/ibge/ibge/0/6/84/70/ibge00068470.dzi","Brasília","Fazenda Água Limpa. UnB. Folha Cartográfica SD-23-Y-C."
"ÁREA DE RELEVANTE INTERESSE ECOLÓGICO CAPETINGA/TAQUARA","Angiosperms","Euphorbiaceae","Croton","intercedens","Müll. Arg.","EUPHORBIACEAE Croton intercedens Müll. Arg.","IBGE00065932",,"IBGE","Amaral, A.G.","644","Native","2007","Sodre, R.C.","2017","Bronze","Prata","jbrj-public.s3-sa-east-1.amazonaws.com/fsi/server?type=image&source=DZI/ibge/ibge/0/6/59/32/ibge00065932.dzi","Brasília","Fazenda Água Limpa - UNB."
"ÁREA DE RELEVANTE INTERESSE ECOLÓGICO CAPETINGA/TAQUARA","Angiosperms","Fabaceae","Cerradicola","heringeri","(Burkart) L.P.Queiroz","FABACEAE Cerradicola heringeri (Burkart) L.P.Queiroz","IBGE00067046",,"IBGE","Amaral, A.G.","1359","Native","2007","Fonseca, M.L.","2017","Bronze","Prata","jbrj-public.s3-sa-east-1.amazonaws.com/fsi/server?type=image&source=DZI/ibge/ibge/0/6/70/46/ibge00067046.dzi","Brasília","Fazenda Água Limpa. UnB. Folha: SD-23-Y-C."
"ÁREA DE RELEVANTE INTERESSE ECOLÓGICO CAPETINGA/TAQUARA","Angiosperms","Fabaceae","Chamaecrista","cathartica","(Mart.) H.S.Irwin & Barneby","FABACEAE Chamaecrista cathartica (Mart.) H.S.Irwin & Barneby","IBGE00066999",,"IBGE","Amaral, A.G.","1310","Native","2007","Matos, R.G.","2017","Bronze","Prata","jbrj-public.s3-sa-east-1.amazonaws.com/fsi/server?type=image&source=DZI/ibge/ibge/0/6/69/99/ibge00066999.dzi","Brasília","Fazenda Água Limpa. UnB. Folha Cartográfica SD-23-Y-C"
"ÁREA DE RELEVANTE INTERESSE ECOLÓGICO CAPETINGA/TAQUARA","Angiosperms","Verbenaceae","Stachytarpheta","gesnerioides","Cham.","VERBENACEAE Stachytarpheta gesnerioides Cham.","IBGE00066187",,"IBGE","Amaral, A.G.","889","Native","2007","Fonseca, M.L.","2017","Bronze","Prata","jbrj-public.s3-sa-east-1.amazonaws.com/fsi/server?type=image&source=DZI/ibge/ibge/0/6/61/87/ibge00066187.dzi","Brasília","Fazenda água limpa, UNB. Folha cartográfica: SD-23-Y-C."
"ÁREA DE RELEVANTE INTERESSE ECOLÓGICO CAPETINGA/TAQUARA","Angiosperms","Asteraceae","Aldama","gardneri","(Baker) E.E.Schill. & Panero","ASTERACEAE Aldama gardneri (Baker) E.E.Schill. & Panero","IBGE00066078",,"IBGE","Amaral, A.G.","796","Native","2007","Silva, M.A.","2016","Bronze","Prata","jbrj-public.s3-sa-east-1.amazonaws.com/fsi/server?type=image&source=DZI/ibge/ibge/0/6/60/78/ibge00066078.dzi","Brasília","Folha Cartográfica SD-23-Y-C Coordenada Coletada. Fazenda Água Limpa. UnB."
"ÁREA DE RELEVANTE INTERESSE ECOLÓGICO CAPETINGA/TAQUARA","Angiosperms","Asteraceae","Senecio","adamantinus","Bong.","ASTERACEAE Senecio adamantinus Bong.","IBGE00065890",,"IBGE","Amaral, A.G.","600","Native","2007","Fonseca, M.L.","2016","Bronze","Prata","jbrj-public.s3-sa-east-1.amazonaws.com/fsi/server?type=image&source=DZI/ibge/ibge/0/6/58/90/ibge00065890.dzi","Brasília","Fazenda Água Limpa - UNB."
"ÁREA DE RELEVANTE INTERESSE ECOLÓGICO CAPETINGA/TAQUARA","Angiosperms","Asteraceae","Stevia","collina","Gardner","ASTERACEAE Stevia collina Gardner","IBGE00066720",,"IBGE","Amaral, A.G.","1261","Native","2007","Fonseca, M.L.","2016","Bronze","Prata","jbrj-public.s3-sa-east-1.amazonaws.com/fsi/server?type=image&source=DZI/ibge/ibge/0/6/67/20/ibge00066720.dzi","Brasília","Fazenda Água Limpa. UnB. Folha Cartográfica SD-23-Y-C Coordenada Coletada. Fazenda Água Limpa. UnB."
"ÁREA DE RELEVANTE INTERESSE ECOLÓGICO CAPETINGA/TAQUARA","Angiosperms","Convolvulaceae","Ipomoea","geophilifolia","K. Afzel.","CONVOLVULACEAE Ipomoea geophilifolia K. Afzel.","IBGE00066540",,"IBGE","Amaral, A.G.","1173","Native","2007","Bianchini, R.S.","2016","Bronze","Prata","jbrj-public.s3-sa-east-1.amazonaws.com/fsi/server?type=image&source=DZI/ibge/ibge/0/6/65/40/ibge00066540.dzi","Brasília","Fazenda Água Limpa. UnB. Folha Cartográfica SD-23-Y-C Coordenada Coletada. Fazenda Água Limpa. UnB."
"ÁREA DE RELEVANTE INTERESSE ECOLÓGICO CAPETINGA/TAQUARA","Angiosperms","Poaceae","Axonopus","comans","(Trin. ex Döll) Kuhlm.","POACEAE Axonopus comans (Trin. ex Döll) Kuhlm.","IBGE00064434",,"IBGE","Amaral, A.G.","1073","Native","2007","Delfini, C.","2016","Bronze","Prata","jbrj-public.s3-sa-east-1.amazonaws.com/fsi/server?type=image&source=DZI/ibge/ibge/0/6/44/34/ibge00064434.dzi","Brasília","Fazenda Água Limpa. UnB. Folha Cartográfica: SD-23-Y-C. Coordenada Calculada."
"ÁREA DE RELEVANTE INTERESSE ECOLÓGICO CAPETINGA/TAQUARA","Angiosperms","Fabaceae","Betencourtia","crassifolia","(Benth.) L.P.Queiroz","FABACEAE Betencourtia crassifolia (Benth.) L.P.Queiroz","IBGE00068897",,"IBGE","Amaral, A.G.","1891","Native","2007","Silva, M.A.","2015","Bronze","Prata","jbrj-public.s3-sa-east-1.amazonaws.com/fsi/server?type=image&source=DZI/ibge/ibge/0/6/88/97/ibge00068897.dzi","Brasília","Fazenda Água Limpa. Folha: SD-23-Y-C."
"ÁREA DE RELEVANTE INTERESSE ECOLÓGICO CAPETINGA/TAQUARA","Angiosperms","Fabaceae","Eriosema","rigidum","Benth.","FABACEAE Eriosema rigidum Benth.","IBGE00068767",,"IBGE","Amaral, A.G.","1721","Native","2007","Silva, M.A.","2015","Bronze","Prata","jbrj-public.s3-sa-east-1.amazonaws.com/fsi/server?type=image&source=DZI/ibge/ibge/0/6/87/67/ibge00068767.dzi","Brasília","Fazenda Água Limpa. Folha Cartográfica: SD-23-Y-C. Coordenada Coletada."
"ÁREA DE RELEVANTE INTERESSE ECOLÓGICO CAPETINGA/TAQUARA","Angiosperms","Verbenaceae","Stachytarpheta","longispicata","(Pohl) S.Atkins","VERBENACEAE Stachytarpheta longispicata (Pohl) S.Atkins","IBGE00064388",,"IBGE","Amaral, A.G.","1908","Native","2007","Salimena, F.","2015","Bronze","Prata","jbrj-public.s3-sa-east-1.amazonaws.com/fsi/server?type=image&source=DZI/ibge/ibge/0/6/43/88/ibge00064388.dzi","Brasília","Fazenda água limpa. (UnB). Folha cartográfica: SD-23-Y-C."
"ÁREA DE RELEVANTE INTERESSE ECOLÓGICO CAPETINGA/TAQUARA","Angiosperms","Asteraceae","Grazielia","bishopii","R.M.King & H.Rob.","ASTERACEAE Grazielia bishopii R.M.King & H.Rob.","IBGE00065961",,"IBGE","Amaral, A.G.","674","Native","2007","Eko, H.","2013","Bronze","Prata","jbrj-public.s3-sa-east-1.amazonaws.com/fsi/server?type=image&source=DZI/ibge/ibge/0/6/59/61/ibge00065961.dzi","Brasília","Folha Cartográfica SD-23-Y-C Coordenada Coletada. Fazenda Água Limpa. UnB."
"ÁREA DE RELEVANTE INTERESSE ECOLÓGICO CAPETINGA/TAQUARA","Angiosperms","Asteraceae","Grazielia","gaudichaudeana","(DC.) R.M.King & H.Rob.","ASTERACEAE Grazielia gaudichaudeana (DC.) R.M.King & H.Rob.","IBGE00065868",,"IBGE","Amaral, A.G.","596","Native","2007","Fonseca, M.L.","2013","Bronze","Prata","jbrj-public.s3-sa-east-1.amazonaws.com/fsi/server?type=image&source=DZI/ibge/ibge/0/6/58/68/ibge00065868.dzi","Brasília","Folha Cartográfica SD-23-Y-C Coordenada Coletada. Fazenda Agua Limpa. UnB."
"ÁREA DE RELEVANTE INTERESSE ECOLÓGICO CAPETINGA/TAQUARA","Angiosperms","Cyperaceae","Rhynchospora","rugosa","(Vahl) Gale","CYPERACEAE Rhynchospora rugosa (Vahl) Gale","IBGE00064942",,"IBGE","Amaral, A.G.","1813","Native","2007","Weber, P.","2013","Bronze","Prata","jbrj-public.s3-sa-east-1.amazonaws.com/fsi/server?type=image&source=DZI/ibge/ibge/0/6/49/42/ibge00064942.dzi","Brasília","Fazenda Água Limpa. UnB. Folha Cartográfica: SD-23-Y-C. Coordenada Coletada."
"ÁREA DE RELEVANTE INTERESSE ECOLÓGICO CAPETINGA/TAQUARA","Angiosperms","Lamiaceae","Hyptis","orbiculata","Pohl ex Benth.","LAMIACEAE Hyptis orbiculata Pohl ex Benth.","IBGE00064948",,"IBGE","Amaral, A.G.","1709-B","Native","2007","Silva, M.A.","2013","Bronze","Prata","jbrj-public.s3-sa-east-1.amazonaws.com/fsi/server?type=image&source=DZI/ibge/ibge/0/6/49/48/ibge00064948.dzi","Brasília","Fazenda Água Limpa. UnB. Folha Cartográfica SD-23-Y-C Coordenada Coletada. Fazenda Água Limpa. UnB."
"ÁREA DE RELEVANTE INTERESSE ECOLÓGICO CAPETINGA/TAQUARA","Angiosperms","Lentibulariaceae","Utricularia","cucullata","A.St.-Hil. & Girard","LENTIBULARIACEAE Utricularia cucullata A.St.-Hil. & Girard","IBGE00065965",,"IBGE","Amaral, A.G.","678","Native","2007","Baleeiro, P.C.","2012","Bronze","Prata","jbrj-public.s3-sa-east-1.amazonaws.com/fsi/server?type=image&source=DZI/ibge/ibge/0/6/59/65/ibge00065965.dzi","Brasília","Fazenda Água Limpa. UnB. Folha Cartográfica SD-23-Y-C Coordenada Coletada. Fazenda Água Limpa. UnB."
"ÁREA DE RELEVANTE INTERESSE ECOLÓGICO CAPETINGA/TAQUARA","Angiosperms","Lentibulariaceae","Utricularia","nervosa","Weber ex Benj.","LENTIBULARIACEAE Utricularia nervosa Weber ex Benj.","IBGE00066219",,"IBGE","Amaral, A.G.","922","Native","2007","Baleeiro, P.C.","2012","Bronze","Prata","jbrj-public.s3-sa-east-1.amazonaws.com/fsi/server?type=image&source=DZI/ibge/ibge/0/6/62/19/ibge00066219.dzi","Brasília","Fazenda Água Limpa.UnB. Folha Cartográfica SD-23-Y-C Coordenada Coletada. Fazenda Água Limpa.UnB."
"ÁREA DE RELEVANTE INTERESSE ECOLÓGICO CAPETINGA/TAQUARA","Angiosperms","Lentibulariaceae","Utricularia","subulata","L.","LENTIBULARIACEAE Utricularia subulata L.","IBGE00065964",,"IBGE","Amaral, A.G.","677","Native","2007","Baleeiro, P.C.","2012","Bronze","Prata","jbrj-public.s3-sa-east-1.amazonaws.com/fsi/server?type=image&source=DZI/ibge/ibge/0/6/59/64/ibge00065964.dzi","Brasília","Fazenda Água Limpa. UnB. Folha Cartográfica SD-23-Y-C Coordenada Coletada. Fazenda Água Limpa. UnB."
"ÁREA DE RELEVANTE INTERESSE ECOLÓGICO CAPETINGA/TAQUARA","Angiosperms","Cordiaceae","Varronia","truncata","(Fresen.) Borhidi","CORDIACEAE Varronia truncata (Fresen.) Borhidi","IBGE00066277",,"IBGE","Amaral, A.G.","988","Native","2007","Taroda, N.","2011","Bronze","Prata","jbrj-public.s3-sa-east-1.amazonaws.com/fsi/server?type=image&source=DZI/ibge/ibge/0/6/62/77/ibge00066277.dzi","Brasília","Folha Cartográfica SD-23-Y-C Coordenada Coletada. Fazenda Água Limpa. FAL-UnB."
"ÁREA DE RELEVANTE INTERESSE ECOLÓGICO CAPETINGA/TAQUARA","Angiosperms","Lentibulariaceae","Utricularia","amethystina","Salzm. ex A.St.-Hil. & Girard","LENTIBULARIACEAE Utricularia amethystina Salzm. ex A.St.-Hil. & Girard","IBGE00068758",,"IBGE","Amaral, A.G.","1711","Native","2007","Fonseca, M.L.","2009","Bronze","Prata","jbrj-public.s3-sa-east-1.amazonaws.com/fsi/server?type=image&source=DZI/ibge/ibge/0/6/87/58/ibge00068758.dzi","Brasília","Folha Cartográfica SD-23-Y-C Coordenada Coletada. Fazenda Água Limpa. UNB."
"ÁREA DE RELEVANTE INTERESSE ECOLÓGICO CAPETINGA/TAQUARA","Angiosperms","Acanthaceae","Justicia","sarothroides","Lindau","ACANTHACEAE Justicia sarothroides Lindau","UB00123264",,"UB","Carvalho, P.S.","272","Native","2007","Carvalho, P.S.","2008","Bronze","Prata","jbrj-public.s3-sa-east-1.amazonaws.com/fsi/server?type=image&source=DZI/ub/ub/0/12/32/64/ub00123264.dzi","Brasília","Fazenda Água Limpa (UnB)."
"ÁREA DE RELEVANTE INTERESSE ECOLÓGICO CAPETINGA/TAQUARA","Angiosperms","Oxalidaceae","Oxalis","suborbiculata","Lourteig","OXALIDACEAE Oxalis suborbiculata Lourteig","IBGE00065912",,"IBGE","Amaral, A.G.","623","Native","2007","Silva, M.A.","2008","Bronze","Prata","jbrj-public.s3-sa-east-1.amazonaws.com/fsi/server?type=image&source=DZI/ibge/ibge/0/6/59/12/ibge00065912.dzi","Brasília","Fazenda Água Limpa. UnB. Folha Cartográfica SD-23-Y-C Coordenada Coletada. FAL"
"ÁREA DE RELEVANTE INTERESSE ECOLÓGICO CAPETINGA/TAQUARA","Angiosperms","Acanthaceae","Justicia","oncodes","(Lindau) Wassh. & C.Ezcurra","ACANTHACEAE Justicia oncodes (Lindau) Wassh. & C.Ezcurra","IBGE00067034",,"IBGE","Amaral, A.G.","1345","Native","2007","Fonseca, M.L.","2007","Bronze","Prata","jbrj-public.s3-sa-east-1.amazonaws.com/fsi/server?type=image&source=DZI/ibge/ibge/0/6/70/34/ibge00067034.dzi","Brasília","Fazenda Água Limpa. Folha Cartográfica: SD-23-Y-C. Coordenada Coletada."
"ÁREA DE RELEVANTE INTERESSE ECOLÓGICO CAPETINGA/TAQUARA","Angiosperms","Acanthaceae","Justicia","phyllocalyx","(Lindau) Wassh. & C.Ezcurra","ACANTHACEAE Justicia phyllocalyx (Lindau) Wassh. & C.Ezcurra","IBGE00066017",,"IBGE","Amaral, A.G.","732","Native","2007","Fonseca, M.L.","2007","Bronze","Prata","jbrj-public.s3-sa-east-1.amazonaws.com/fsi/server?type=image&source=DZI/ibge/ibge/0/6/60/17/ibge00066017.dzi","Brasília","Fazenda Água Limpa. UnB. Folha Cartográfica: SD-23-Y-C. Coordenada Coletada."
"ÁREA DE RELEVANTE INTERESSE ECOLÓGICO CAPETINGA/TAQUARA","Angiosperms","Acanthaceae","Justicia","pycnophylla","Lindau","ACANTHACEAE Justicia pycnophylla Lindau","IBGE00066024",,"IBGE","Amaral, A.G.","740","Native","2007","Correa, A.C.G.","2007","Bronze","Prata","jbrj-public.s3-sa-east-1.amazonaws.com/fsi/server?type=image&source=DZI/ibge/ibge/0/6/60/24/ibge00066024.dzi","Brasília","Fazenda Água Limpa. UnB. Folha Cartográfica: SD-23-Y-C. Coordenada Coletada."
"ÁREA DE RELEVANTE INTERESSE ECOLÓGICO CAPETINGA/TAQUARA","Angiosperms","Alstroemeriaceae","Alstroemeria","gardneri","Baker","ALSTROEMERIACEAE Alstroemeria gardneri Baker","IBGE00066125",,"IBGE","Amaral, A.G.","822","Native","2007","Amaral, A.G.","2007","Bronze","Prata","jbrj-public.s3-sa-east-1.amazonaws.com/fsi/server?type=image&source=DZI/ibge/ibge/0/6/61/25/ibge00066125.dzi","Brasília","Fazenda Água Limpa - UnB. Folha: SD-23-Y-C."
"ÁREA DE RELEVANTE INTERESSE ECOLÓGICO CAPETINGA/TAQUARA","Angiosperms","Apocynaceae","Oxypetalum","erectum","Mart.","APOCYNACEAE Oxypetalum erectum Mart.","IBGE00066147",,"IBGE","Amaral, A.G.","845","Native","2007","Amaral, A.G.","2007","Bronze","Prata","jbrj-public.s3-sa-east-1.amazonaws.com/fsi/server?type=image&source=DZI/ibge/ibge/0/6/61/47/ibge00066147.dzi","Brasília","Fazenda Água Limpa. UnB. Folha Cartográfica SD-23-Y-C Coordenada Coletada. Fazenda Água Limpa. UnB."
"ÁREA DE RELEVANTE INTERESSE ECOLÓGICO CAPETINGA/TAQUARA","Angiosperms","Asteraceae","Aldama","bracteata","(Gardner) E.E.Schill. & Panero","ASTERACEAE Aldama bracteata (Gardner) E.E.Schill. & Panero","IBGE00065940",,"IBGE","Amaral, A.G.","652","Unknown","2007","Munhoz, C.B.R.","2007","Bronze","Prata","jbrj-public.s3-sa-east-1.amazonaws.com/fsi/server?type=image&source=DZI/ibge/ibge/0/6/59/40/ibge00065940.dzi","Brasília","Folha Cartográfica SD-23-Y-C Coordenada Coletada. Fazenda Água Limpa. UnB."
"ÁREA DE RELEVANTE INTERESSE ECOLÓGICO CAPETINGA/TAQUARA","Angiosperms","Asteraceae","Aldama","kunthiana","(Gardner) E.E.Schill. & Panero","ASTERACEAE Aldama kunthiana (Gardner) E.E.Schill. & Panero","IBGE00068663",,"IBGE","Amaral, A.G.","1604","Native","2007","Milhomens, L.C.","2007","Bronze","Prata","jbrj-public.s3-sa-east-1.amazonaws.com/fsi/server?type=image&source=DZI/ibge/ibge/0/6/86/63/ibge00068663.dzi","Brasília","Folha Cartográfica SD-23-Y-C Coordenada Coletada. Fazenda Água Limpa - UnB"
"ÁREA DE RELEVANTE INTERESSE ECOLÓGICO CAPETINGA/TAQUARA","Angiosperms","Asteraceae","Aldama","robusta","(Gardner) E.E.Schill. & Panero","ASTERACEAE Aldama robusta (Gardner) E.E.Schill. & Panero","IBGE00065942",,"IBGE","Amaral, A.G.","654","Native","2007","Munhoz, C.B.R.","2007","Bronze","Prata","jbrj-public.s3-sa-east-1.amazonaws.com/fsi/server?type=image&source=DZI/ibge/ibge/0/6/59/42/ibge00065942.dzi","Brasília","Folha Cartográfica SD-23-Y-C Coordenada Coletada. Fazenda Água Limpa (UnB)."
"ÁREA DE RELEVANTE INTERESSE ECOLÓGICO CAPETINGA/TAQUARA","Angiosperms","Asteraceae","Baccharis","reticularia","DC.","ASTERACEAE Baccharis reticularia DC.","IBGE00068560",,"IBGE","Amaral, A.G.","1598","Native","2007","Milhomens, L.C.","2007","Bronze","Prata","jbrj-public.s3-sa-east-1.amazonaws.com/fsi/server?type=image&source=DZI/ibge/ibge/0/6/85/60/ibge00068560.dzi","Brasília","Folha Cartográfica SD-23-Y-C Coordenada Coletada. Fazenda Água Limpa - UnB"
"ÁREA DE RELEVANTE INTERESSE ECOLÓGICO CAPETINGA/TAQUARA","Angiosperms","Asteraceae","Campuloclinium","hirsutum","Gardner","ASTERACEAE Campuloclinium hirsutum Gardner","IBGE00064919",,"IBGE","Amaral, A.G.","1197","Native","2007","Proenca, C.","2007","Bronze","Prata","jbrj-public.s3-sa-east-1.amazonaws.com/fsi/server?type=image&source=DZI/ibge/ibge/0/6/49/19/ibge00064919.dzi","Brasília","Fazenda Água Limpa. UnB. Folha Cartográfica SD-23-Y-C Coordenada Coletada."
"ÁREA DE RELEVANTE INTERESSE ECOLÓGICO CAPETINGA/TAQUARA","Angiosperms","Asteraceae","Chromolaena","chaseae","(B.L.Rob.) R.M.King & H.Robinson","ASTERACEAE Chromolaena chaseae (B.L.Rob.) R.M.King & H.Robinson","IBGE00067083",,"IBGE","Amaral, A.G.","1397","Native","2007","Milhomens, L.C.","2007","Bronze","Prata","jbrj-public.s3-sa-east-1.amazonaws.com/fsi/server?type=image&source=DZI/ibge/ibge/0/6/70/83/ibge00067083.dzi","Brasília","Folha Cartográfica SD-23-Y-C Coordenada Coletada. Fazenda Água Limpa. UnB."
"ÁREA DE RELEVANTE INTERESSE ECOLÓGICO CAPETINGA/TAQUARA","Angiosperms","Asteraceae","Chromolaena","laevigata","(Lam.) R.M.King & H.Rob.","ASTERACEAE Chromolaena laevigata (Lam.) R.M.King & H.Rob.","IBGE00066715",,"IBGE","Amaral, A.G.","1256","Native","2007","Milhomens, L.C.","2007","Bronze","Prata","jbrj-public.s3-sa-east-1.amazonaws.com/fsi/server?type=image&source=DZI/ibge/ibge/0/6/67/15/ibge00066715.dzi","Brasília","Fazenda Água Limpa. UnB. Folha Cartográfica SD-23-Y-C Coordenada Coletada."
"ÁREA DE RELEVANTE INTERESSE ECOLÓGICO CAPETINGA/TAQUARA","Angiosperms","Asteraceae","Chromolaena","maximiliani","(Schrad. ex DC.) R.M.King & H.Rob.","ASTERACEAE Chromolaena maximiliani (Schrad. ex DC.) R.M.King & H.Rob.","IBGE00068860",,"IBGE","Amaral, A.G.","1849","Native","2007","Amaral, A.G.","2007","Bronze","Prata","jbrj-public.s3-sa-east-1.amazonaws.com/fsi/server?type=image&source=DZI/ibge/ibge/0/6/88/60/ibge00068860.dzi","Brasília","Folha Cartográfica SD-23-Y-C Coordenada Coletada. Fazenda Água Limpa. UnB."
"ÁREA DE RELEVANTE INTERESSE ECOLÓGICO CAPETINGA/TAQUARA","Angiosperms","Asteraceae","Elephantopus","elongatus","Gardner","ASTERACEAE Elephantopus elongatus Gardner","IBGE00066663",,"IBGE","Amaral, A.G.","1202","Native","2007","Amaral, A.G.","2007","Bronze","Prata","jbrj-public.s3-sa-east-1.amazonaws.com/fsi/server?type=image&source=DZI/ibge/ibge/0/6/66/63/ibge00066663.dzi","Brasília","Folha Cartográfica SD-23-Y-C Coordenada Coletada. Fazenda Água Limpa. UnB."
"ÁREA DE RELEVANTE INTERESSE ECOLÓGICO CAPETINGA/TAQUARA","Angiosperms","Asteraceae","Lessingianthus","argyrophyllus","(Less.) H.Rob.","ASTERACEAE Lessingianthus argyrophyllus (Less.) H.Rob.","IBGE00065991",,"IBGE","Amaral, A.G.","705","Native","2007","Milhomen, L.C.","2007","Bronze","Prata","jbrj-public.s3-sa-east-1.amazonaws.com/fsi/server?type=image&source=DZI/ibge/ibge/0/6/59/91/ibge00065991.dzi","Brasília","Folha Cartográfica SD-23-Y-C Coordenada Coletada. Fazenda Água Limpa. UnB."
"ÁREA DE RELEVANTE INTERESSE ECOLÓGICO CAPETINGA/TAQUARA","Angiosperms","Asteraceae","Mikania","officinalis","Mart.","ASTERACEAE Mikania officinalis Mart.","IBGE00066618",,"IBGE","Amaral, A.G.","1055","Native","2007","Amaral, A.G.","2007","Bronze","Prata","jbrj-public.s3-sa-east-1.amazonaws.com/fsi/server?type=image&source=DZI/ibge/ibge/0/6/66/18/ibge00066618.dzi","Brasília","Folha Cartográfica SD-23-Y-C Coordenada Coletada. Fazenda Água Limpa. UnB."
"ÁREA DE RELEVANTE INTERESSE ECOLÓGICO CAPETINGA/TAQUARA","Angiosperms","Asteraceae","Praxelis","kleinioides","(Kunth) Sch. Bip.","ASTERACEAE Praxelis kleinioides (Kunth) Sch. Bip.","IBGE00066564",,"IBGE","Amaral, A.G.","1197","Native","2007","Amaral, A.G.","2007","Bronze","Prata","jbrj-public.s3-sa-east-1.amazonaws.com/fsi/server?type=image&source=DZI/ibge/ibge/0/6/65/64/ibge00066564.dzi","Brasília","Folha Cartográfica SD-23-Y-C Coordenada Coletada. Fazenda Água Limpa. UnB."
"ÁREA DE RELEVANTE INTERESSE ECOLÓGICO CAPETINGA/TAQUARA","Angiosperms","Asteraceae","Raulinoreitzia","tremula","(Hook. & Arn.) R.M.King & H.Rob.","ASTERACEAE Raulinoreitzia tremula (Hook. & Arn.) R.M.King & H.Rob.","IBGE00066631",,"IBGE","Amaral, A.G.","1068","Native","2007","Amaral, A.G.","2007","Bronze","Prata","jbrj-public.s3-sa-east-1.amazonaws.com/fsi/server?type=image&source=DZI/ibge/ibge/0/6/66/31/ibge00066631.dzi","Brasília","Folha Cartográfica SD-23-Y-A Coordenada Coletada. Fazenda Água Limpa. UnB."
"ÁREA DE RELEVANTE INTERESSE ECOLÓGICO CAPETINGA/TAQUARA",,"Asteraceae","Vernonanthura","rubriramea","(Mart. ex DC.) Loeuille & P.N.Soares","ASTERACEAE Vernonanthura rubriramea (Mart. ex DC.) Loeuille & P.N.Soares","IBGE00066509",,"IBGE","Amaral, A.G.","1145",,"2007","Milhomens, L.C.","2007","Bronze","Prata","jbrj-public.s3-sa-east-1.amazonaws.com/fsi/server?type=image&source=DZI/ibge/ibge/0/6/65/9/ibge00066509.dzi","Brasília","Folha Cartográfica SD-23-Y-C Coordenada Coletada. Fazenda Água Limpa. UnB."
"ÁREA DE RELEVANTE INTERESSE ECOLÓGICO CAPETINGA/TAQUARA","Angiosperms","Begoniaceae","Begonia","cucullata","Willd.","BEGONIACEAE Begonia cucullata Willd.","IBGE00067376",,"IBGE","Amaral, A.G.","1199","Native","2007","Amaral, A.G.","2007","Bronze","Prata","jbrj-public.s3-sa-east-1.amazonaws.com/fsi/server?type=image&source=DZI/ibge/ibge/0/6/73/76/ibge00067376.dzi","Brasília","Fazenda Água Limpa. UnB. Folha Cartográfica SD-23-Y-C Coordenada Coletada."
"ÁREA DE RELEVANTE INTERESSE ECOLÓGICO CAPETINGA/TAQUARA","Angiosperms","Convolvulaceae","Distimake","ericoides","(Meisn.) Petrongari & Sim.-Bianch.","CONVOLVULACEAE Distimake ericoides (Meisn.) Petrongari & Sim.-Bianch.","IBGE00068562",,"IBGE","Amaral, A.G.","1400","Native","2007","Eugenio, C.U.O.","2007","Bronze","Prata","jbrj-public-img.s3-sa-east-1.amazonaws.com/JPG/ibge/ibge/0/6/85/62/ibge00068562.jpg","Brasília","Fazenda Água Limpa, UnB; Folha Cartográfica SD-23-Y-C Coordenada Coletada."
"ÁREA DE RELEVANTE INTERESSE ECOLÓGICO CAPETINGA/TAQUARA","Angiosperms","Convolvulaceae","Evolvulus","lagopodioides","Meisn.","CONVOLVULACEAE Evolvulus lagopodioides Meisn.","IBGE00068808",,"IBGE","Amaral, A.G.","1763","Native","2007","Amaral, A.G.","2007","Bronze","Prata","jbrj-public.s3-sa-east-1.amazonaws.com/fsi/server?type=image&source=DZI/ibge/ibge/0/6/88/8/ibge00068808.dzi","Brasília","Folha Cartográfica SD-23-Y-C Coordenada Coletada. Fazenda Água Limpa."
"ÁREA DE RELEVANTE INTERESSE ECOLÓGICO CAPETINGA/TAQUARA","Angiosperms","Convolvulaceae","Ipomoea","procurrens","Meisn.","CONVOLVULACEAE Ipomoea procurrens Meisn.","IBGE00066261",,"IBGE","Amaral, A.G.","970","Native","2007","Eugenio, C.U.O.","2007","Bronze","Prata","jbrj-public.s3-sa-east-1.amazonaws.com/fsi/server?type=image&source=DZI/ibge/ibge/0/6/62/61/ibge00066261.dzi","Brasília","Folha Cartográfica SD-23-Y-C Coordenada Coletada. Fazenda Água Limpa. UnB."
"ÁREA DE RELEVANTE INTERESSE ECOLÓGICO CAPETINGA/TAQUARA","Angiosperms","Cordiaceae","Varronia","calocephala","(Cham.) Friesen","CORDIACEAE Varronia calocephala (Cham.) Friesen","IBGE00066474",,"IBGE","Amaral, A.G.","1108","Native","2007","Eugenio, C.U.O.","2007","Bronze","Prata","jbrj-public.s3-sa-east-1.amazonaws.com/fsi/server?type=image&source=DZI/ibge/ibge/0/6/64/74/ibge00066474.dzi","Brasília","Folha Cartográfica SD-23-Y-C Coordenada Coletada. Fazenda Água Limpa. UnB."
"ÁREA DE RELEVANTE INTERESSE ECOLÓGICO CAPETINGA/TAQUARA","Angiosperms","Cyperaceae","Bulbostylis","sellowiana","(Kunth) Palla","CYPERACEAE Bulbostylis sellowiana (Kunth) Palla","IBGE00068788",,"IBGE","Amaral, A.G.","1742","Native","2007","Eugenio, C.U.O.","2007","Bronze","Prata","jbrj-public.s3-sa-east-1.amazonaws.com/fsi/server?type=image&source=DZI/ibge/ibge/0/6/87/88/ibge00068788.dzi","Brasília","Fazenda Água Limpa. FAL-UnB. Folha Cartográfica SD-23-Y-C. Coordenada Coletada."
"ÁREA DE RELEVANTE INTERESSE ECOLÓGICO CAPETINGA/TAQUARA","Angiosperms","Cyperaceae","Lagenocarpus","rigidus","Nees","CYPERACEAE Lagenocarpus rigidus Nees","IBGE00068613",,"IBGE","Amaral, A.G.","1456","Native","2007","Eugenio, C.U.O.","2007","Bronze","Prata","jbrj-public.s3-sa-east-1.amazonaws.com/fsi/server?type=image&source=DZI/ibge/ibge/0/6/86/13/ibge00068613.dzi","Brasília","Folha Cartográfica SD-23-Y-C Coordenada Coletada. Fazenda Água Limpa. UnB."
"ÁREA DE RELEVANTE INTERESSE ECOLÓGICO CAPETINGA/TAQUARA","Angiosperms","Cyperaceae","Rhynchospora","consanguinea","(Kunth) Boeckeler","CYPERACEAE Rhynchospora consanguinea (Kunth) Boeckeler","IBGE00065900",,"IBGE","Amaral, A.G.","610","Native","2007","Munhoz, C.B.R.","2007","Bronze","Prata","jbrj-public.s3-sa-east-1.amazonaws.com/fsi/server?type=image&source=DZI/ibge/ibge/0/6/59/0/ibge00065900.dzi","Brasília","Fazenda Água Limpa - UNB; folha SD-23-Y-C."
"ÁREA DE RELEVANTE INTERESSE ECOLÓGICO CAPETINGA/TAQUARA","Angiosperms","Cyperaceae","Rhynchospora","emaciata","(Nees) Boeckeler","CYPERACEAE Rhynchospora emaciata (Nees) Boeckeler","IBGE00065858",,"IBGE","Amaral, A.G.","585","Native","2007","Munhoz, C.B.R.","2007","Bronze","Prata","jbrj-public.s3-sa-east-1.amazonaws.com/fsi/server?type=image&source=DZI/ibge/ibge/0/6/58/58/ibge00065858.dzi","Brasília","Fazenda Água Limpa. UNB. Folha: SD-23-Y-C."
"ÁREA DE RELEVANTE INTERESSE ECOLÓGICO CAPETINGA/TAQUARA","Angiosperms","Cyperaceae","Rhynchospora","marisculus","Lindl. & Nees","CYPERACEAE Rhynchospora marisculus Lindl. & Nees","IBGE00065899",,"IBGE","Amaral, A.G.","609","Native","2007","Munhoz, C.B.R.","2007","Bronze","Prata","jbrj-public.s3-sa-east-1.amazonaws.com/fsi/server?type=image&source=DZI/ibge/ibge/0/6/58/99/ibge00065899.dzi","Brasília","Fazenda Água Limpa. UnB. Folha: SD-23-Y-C."
"ÁREA DE RELEVANTE INTERESSE ECOLÓGICO CAPETINGA/TAQUARA","Angiosperms","Cyperaceae","Rhynchospora","spruceana","C.B.Clarke","CYPERACEAE Rhynchospora spruceana C.B.Clarke","IBGE00065967",,"IBGE","Amaral, A.G.","680","Native","2007","Correa, A.C.G.","2007","Bronze","Prata","jbrj-public.s3-sa-east-1.amazonaws.com/fsi/server?type=image&source=DZI/ibge/ibge/0/6/59/67/ibge00065967.dzi","Brasília","Fazenda Água Limpa, UnB; Folha Cartográfica SD-23-Y-C Coordenada Coletada."
"ÁREA DE RELEVANTE INTERESSE ECOLÓGICO CAPETINGA/TAQUARA","Angiosperms","Cyperaceae","Rhynchospora","tenuis","Link","CYPERACEAE Rhynchospora tenuis Link","IBGE00064920",,"IBGE","Amaral, A.G.","1534","Native","2007","Eugenio, C.U.O.","2007","Bronze","Prata","jbrj-public.s3-sa-east-1.amazonaws.com/fsi/server?type=image&source=DZI/ibge/ibge/0/6/49/20/ibge00064920.dzi","Brasília","Fazenda Água Limpa. UnB. Folha Cartográfica SD-23-Y-C Coordenada Coletada."
"ÁREA DE RELEVANTE INTERESSE ECOLÓGICO CAPETINGA/TAQUARA","Angiosperms","Cyperaceae","Scleria","leptostachya","Kunth","CYPERACEAE Scleria leptostachya Kunth","IBGE00066121",,"IBGE","Amaral, A.G.","816","Native","2007","Eugenio, C.U.O.","2007","Bronze","Prata","jbrj-public.s3-sa-east-1.amazonaws.com/fsi/server?type=image&source=DZI/ibge/ibge/0/6/61/21/ibge00066121.dzi","Brasília","Fazenda Água Limpa, UnB; Folha Cartográfica SD-23-Y-C Coordenada Coletada."
"ÁREA DE RELEVANTE INTERESSE ECOLÓGICO CAPETINGA/TAQUARA","Angiosperms","Dilleniaceae","Davilla","elliptica","A.St.-Hil.","DILLENIACEAE Davilla elliptica A.St.-Hil.","IBGE00066723",,"IBGE","Amaral, A.G.","1265","Native","2007","Fonseca, M.L.","2007","Bronze","Prata","jbrj-public.s3-sa-east-1.amazonaws.com/fsi/server?type=image&source=DZI/ibge/ibge/0/6/67/23/ibge00066723.dzi","Brasília","Folha Cartográfica SD-23-Y-C Coordenada Coletada. Fazenda Água Limpa. UNB."
"ÁREA DE RELEVANTE INTERESSE ECOLÓGICO CAPETINGA/TAQUARA","Angiosperms","Droseraceae","Drosera","montana","A.St.-Hil.","DROSERACEAE Drosera montana A.St.-Hil.","IBGE00066124",,"IBGE","Amaral, A.G.","820","Native","2007","Correa, A.C.G.","2007","Bronze","Prata","jbrj-public.s3-sa-east-1.amazonaws.com/fsi/server?type=image&source=DZI/ibge/ibge/0/6/61/24/ibge00066124.dzi","Brasília","Fazenda Água Limpa. UnB. Folha Cartográfica SD-23-Y-C Coordenada Coletada. Fazenda Água Limpa. UnB."
"ÁREA DE RELEVANTE INTERESSE ECOLÓGICO CAPETINGA/TAQUARA","Angiosperms","Ericaceae","Gaylussacia","goyazensis","Sleumer","ERICACEAE Gaylussacia goyazensis Sleumer","IBGE00068755",,"IBGE","Amaral, A.G.","1706","Native","2007","Eugenio, C.U.O.","2007","Bronze","Prata","jbrj-public.s3-sa-east-1.amazonaws.com/fsi/server?type=image&source=DZI/ibge/ibge/0/6/87/55/ibge00068755.dzi","Brasília","Folha Cartográfica SD-23-Y-C Coordenada Coletada. Fazenda Água Limpa - UnB"
"ÁREA DE RELEVANTE INTERESSE ECOLÓGICO CAPETINGA/TAQUARA","Angiosperms","Ericaceae","Gaylussacia",,"Kunth","ERICACEAE Gaylussacia Kunth","IBGE00068750",,"IBGE","Amaral, A.G.","1701","Native","2007","Amaral, A.G.","2007","Bronze","Prata","jbrj-public.s3-sa-east-1.amazonaws.com/fsi/server?type=image&source=DZI/ibge/ibge/0/6/87/50/ibge00068750.dzi","Brasília","Folha Cartográfica SD-23-Y-C Coordenada Coletada. Fazenda Água Limpa. UNB."
"ÁREA DE RELEVANTE INTERESSE ECOLÓGICO CAPETINGA/TAQUARA","Angiosperms","Eriocaulaceae","Paepalanthus","flaccidus","(Bong.) Kunth","ERIOCAULACEAE Paepalanthus flaccidus (Bong.) Kunth","IBGE00064376",,"IBGE","Amaral, A.G.","1880","Native","2007","Amaral, A.G.","2007","Bronze","Prata","jbrj-public.s3-sa-east-1.amazonaws.com/fsi/server?type=image&source=DZI/ibge/ibge/0/6/43/76/ibge00064376.dzi","Brasília","Fazenda Água Limpa. UnB. Folha Cartográfica SD-23-Y-C Coordenada Coletada."
"ÁREA DE RELEVANTE INTERESSE ECOLÓGICO CAPETINGA/TAQUARA","Angiosperms","Eriocaulaceae","Syngonanthus","densiflorus","(Körn.) Ruhland","ERIOCAULACEAE Syngonanthus densiflorus (Körn.) Ruhland","IBGE00064382",,"IBGE","Amaral, A.G.","1829","Native","2007","Amaral, A.G.","2007","Bronze","Prata","jbrj-public.s3-sa-east-1.amazonaws.com/fsi/server?type=image&source=DZI/ibge/ibge/0/6/43/82/ibge00064382.dzi","Brasília","Fazenda Água Limpa. UnB. Folha Cartográfica SD-23-Y-C Coordenada Coletada."
"ÁREA DE RELEVANTE INTERESSE ECOLÓGICO CAPETINGA/TAQUARA","Angiosperms","Fabaceae","Bauhinia","dumosa","Benth.","FABACEAE Bauhinia dumosa Benth.","IBGE00064932",,"IBGE","Amaral, A.G.","1793","Native","2007","Fonseca, M.L.","2007","Bronze","Prata","jbrj-public.s3-sa-east-1.amazonaws.com/fsi/server?type=image&source=DZI/ibge/ibge/0/6/49/32/ibge00064932.dzi","Brasília","Fazenda Água Limpa. UnB. Folha: SD-23-Y-C."
"ÁREA DE RELEVANTE INTERESSE ECOLÓGICO CAPETINGA/TAQUARA","Angiosperms","Fabaceae","Bauhinia","holophylla","(Bong.) Steud.","FABACEAE Bauhinia holophylla (Bong.) Steud.","IBGE00068708",,"IBGE","Amaral, A.G.","1653","Native","2007","Fonseca, M.L.","2007","Bronze","Prata","jbrj-public.s3-sa-east-1.amazonaws.com/fsi/server?type=image&source=DZI/ibge/ibge/0/6/87/8/ibge00068708.dzi","Brasília","Folha Cartográfica SD-23-Y-C. Coordenada Coletada. Fazenda Água Limpa. UnB."
"ÁREA DE RELEVANTE INTERESSE ECOLÓGICO CAPETINGA/TAQUARA","Angiosperms","Fabaceae","Mimosa","albolanata","Barneby","FABACEAE Mimosa albolanata var. brasiliana Barneby","IBGE00072543",,"IBGE","Amaral, A.G.","641","Native","2007","Fagg, C.W.","2007","Bronze","Prata","jbrj-public.s3-sa-east-1.amazonaws.com/fsi/server?type=image&source=DZI/ibge/ibge/0/7/25/43/ibge00072543.dzi","Brasília","Folha Cartográfica SD-23-Y-C Coordenada Coletada. Fazenda Água Limpa (UnB)."
"ÁREA DE RELEVANTE INTERESSE ECOLÓGICO CAPETINGA/TAQUARA","Angiosperms","Fabaceae","Mimosa","debilis","Humb. & Bonpl. ex Willd.","FABACEAE Mimosa debilis var. debilis Humb. & Bonpl. ex Willd.","IBGE00072533",,"IBGE","Amaral, A.G.","1264","Native","2007","Fagg, C.W.","2007","Bronze","Prata","jbrj-public.s3-sa-east-1.amazonaws.com/fsi/server?type=image&source=DZI/ibge/ibge/0/7/25/33/ibge00072533.dzi","Brasília","Fazenda Água Limpa, UnB. Fazenda Água Limpa (UnB)."
"ÁREA DE RELEVANTE INTERESSE ECOLÓGICO CAPETINGA/TAQUARA","Bryophytes","Fabaceae","Mimosa","imbricata","Benth.","FABACEAE Mimosa imbricata Benth.","IBGE00072545",,"IBGE","Amaral, A.G.","739","Native","2007","Fagg, C.W.","2007","Bronze","Prata","jbrj-public.s3-sa-east-1.amazonaws.com/fsi/server?type=image&source=DZI/ibge/ibge/0/7/25/45/ibge00072545.dzi","Brasília","Folha Cartográfica SD-23-Y-C Coordenada Coletada. Fazenda Água Limpa (UnB)."
"ÁREA DE RELEVANTE INTERESSE ECOLÓGICO CAPETINGA/TAQUARA","Angiosperms","Fabaceae","Mimosa","somnians","(Willd.) Barneby","FABACEAE Mimosa somnians var. viscida (Willd.) Barneby","IBGE00072432",,"IBGE","Amaral, A.G.","1098","Native","2007","Fagg, C.W.","2007","Bronze","Prata","jbrj-public.s3-sa-east-1.amazonaws.com/fsi/server?type=image&source=DZI/ibge/ibge/0/7/24/32/ibge00072432.dzi","Brasília","Folha Cartográfica SD-23-Y-C Coordenada Coletada. Fazenda Água Limpa (UnB)."
"ÁREA DE RELEVANTE INTERESSE ECOLÓGICO CAPETINGA/TAQUARA","Angiosperms","Fabaceae","Mimosa","xanthocentra","(Benth.) Barneby","FABACEAE Mimosa xanthocentra var. tremula (Benth.) Barneby","IBGE00072549",,"IBGE","Amaral, A.G.","844","Native","2007","Fagg, C.W.","2007","Bronze","Prata","jbrj-public.s3-sa-east-1.amazonaws.com/fsi/server?type=image&source=DZI/ibge/ibge/0/7/25/49/ibge00072549.dzi","Brasília","Folha Cartográfica SD-23-Y-C Coordenada Coletada. Fazenda Água Limpa (UnB)."
"ÁREA DE RELEVANTE INTERESSE ECOLÓGICO CAPETINGA/TAQUARA","Angiosperms","Fabaceae","Zornia","latifolia","Sm.","FABACEAE Zornia latifolia Sm.","IBGE00066589",,"IBGE","Amaral, A.G.","1023","Native","2007","Amaral, A.G.","2007","Bronze","Prata","jbrj-public.s3-sa-east-1.amazonaws.com/fsi/server?type=image&source=DZI/ibge/ibge/0/6/65/89/ibge00066589.dzi","Brasília","Fazenda Água Limpa. UnB. Folha Cartográfica SD-23-Y-C"
"ÁREA DE RELEVANTE INTERESSE ECOLÓGICO CAPETINGA/TAQUARA","Angiosperms","Fabaceae","Zornia","villosa","(Malme) Herter","FABACEAE Zornia villosa (Malme) Herter","IBGE00065911",,"IBGE","Amaral, A.G.","622","Native","2007","Fonseca, M.L.","2007","Bronze","Prata","jbrj-public.s3-sa-east-1.amazonaws.com/fsi/server?type=image&source=DZI/ibge/ibge/0/6/59/11/ibge00065911.dzi","Brasília","Fazenda Água Limpa - UNB. Folha cartográfica: SD-23-Y-C."
"ÁREA DE RELEVANTE INTERESSE ECOLÓGICO CAPETINGA/TAQUARA",,"Gentianaceae","Schultesia","guianensis","(Aubl.) Malme","GENTIANACEAE Schultesia guianensis (Aubl.) Malme","IBGE00066487",,"IBGE","Amaral, A.G.","1124",,"2007","Amaral, A.G.","2007","Bronze","Prata","jbrj-public.s3-sa-east-1.amazonaws.com/fsi/server?type=image&source=DZI/ibge/ibge/0/6/64/87/ibge00066487.dzi","Brasília","Fazenda Água Limpa. UnB. Folha Cartográfica SD-23-Y-C Coordenada Coletada. Fazenda Água Limpa. UnB."
"ÁREA DE RELEVANTE INTERESSE ECOLÓGICO CAPETINGA/TAQUARA","Angiosperms","Gesneriaceae","Sinningia","allagophylla","(Mart.) Wiehler","GESNERIACEAE Sinningia allagophylla (Mart.) Wiehler","IBGE00066158",,"IBGE","Amaral, A.G.","857","Native","2007","Fonseca, M.L.","2007","Bronze","Prata","jbrj-public.s3-sa-east-1.amazonaws.com/fsi/server?type=image&source=DZI/ibge/ibge/0/6/61/58/ibge00066158.dzi","Brasília","Folha Cartográfica SD-23-Y-C Coordenada Coletada. Fazenda Água Limpa. UnB."
"ÁREA DE RELEVANTE INTERESSE ECOLÓGICO CAPETINGA/TAQUARA","Angiosperms","Gesneriaceae","Sinningia","elatior","(Kunth) Chautems","GESNERIACEAE Sinningia elatior (Kunth) Chautems","IBGE00065891",,"IBGE","Amaral, A.G.","601","Native","2007","Fonseca, M.L.","2007","Bronze","Prata","jbrj-public.s3-sa-east-1.amazonaws.com/fsi/server?type=image&source=DZI/ibge/ibge/0/6/58/91/ibge00065891.dzi","Brasília","Fazenda Água Limpa - UNB."
"ÁREA DE RELEVANTE INTERESSE ECOLÓGICO CAPETINGA/TAQUARA","Angiosperms","Heliotropiaceae","Euploca","salicoides","(Cham.) J.I.M.Melo & Semir","HELIOTROPIACEAE Euploca salicoides (Cham.) J.I.M.Melo & Semir","IBGE00065983",,"IBGE","Amaral, A.G.","697","Native","2007","Eugenio, C.U.O.","2007","Bronze","Prata","jbrj-public.s3-sa-east-1.amazonaws.com/fsi/server?type=image&source=DZI/ibge/ibge/0/6/59/83/ibge00065983.dzi","Brasília","Folha Cartográfica SD-23-Y-C Coordenada Coletada. Fazenda Água Limpa. UnB."
"ÁREA DE RELEVANTE INTERESSE ECOLÓGICO CAPETINGA/TAQUARA","Angiosperms","Iridaceae","Sisyrinchium","restioides","Spreng.","IRIDACEAE Sisyrinchium restioides Spreng.","IBGE00067079",,"IBGE","Amaral, A.G.","1393","Native","2007","Fonseca, M.L.","2007","Bronze","Prata","jbrj-public.s3-sa-east-1.amazonaws.com/fsi/server?type=image&source=DZI/ibge/ibge/0/6/70/79/ibge00067079.dzi","Brasília","Fazenda Água Limpa. UnB. Folha Cartográfica: SD-23-Y-C."
"ÁREA DE RELEVANTE INTERESSE ECOLÓGICO CAPETINGA/TAQUARA","Angiosperms","Lamiaceae","Hyptis","lavandulacea","Pohl ex Benth.","LAMIACEAE Hyptis lavandulacea Pohl ex Benth.","IBGE00068592",,"IBGE","Amaral, A.G.","1431","Native","2007","Amaral, A.G.","2007","Bronze","Prata","jbrj-public.s3-sa-east-1.amazonaws.com/fsi/server?type=image&source=DZI/ibge/ibge/0/6/85/92/ibge00068592.dzi","Brasília","Folha Cartográfica SD-23-Y-C Coordenada Coletada. Fazenda Água Limpa. Unb."
"ÁREA DE RELEVANTE INTERESSE ECOLÓGICO CAPETINGA/TAQUARA","Angiosperms","Lamiaceae","Rhabdocaulon","denudatum","(Benth.) Epling","LAMIACEAE Rhabdocaulon denudatum (Benth.) Epling","IBGE00064412",,"IBGE","Amaral, A.G.","1902","Native","2007","Amaral, A.G.","2007","Bronze","Prata","jbrj-public.s3-sa-east-1.amazonaws.com/fsi/server?type=image&source=DZI/ibge/ibge/0/6/44/12/ibge00064412.dzi","Brasília","Fazenda Água Limpa. UnB. Folha Cartográfica SD-23-Y-C Coordenada Coletada."
"ÁREA DE RELEVANTE INTERESSE ECOLÓGICO CAPETINGA/TAQUARA","Angiosperms","Lauraceae","Cassytha","filiformis","L.","LAURACEAE Cassytha filiformis L.","IBGE00064715",,"IBGE","Amaral, A.G.","114","Native","2007","Munhoz, C.B.R.","2007","Bronze","Prata","jbrj-public.s3-sa-east-1.amazonaws.com/fsi/server?type=image&source=DZI/ibge/ibge/0/6/47/15/ibge00064715.dzi","Brasília","Fazenda Água Limpa. UnB. Folha Cartográfica SD-23-Y-C Coordenada Coletada."
"ÁREA DE RELEVANTE INTERESSE ECOLÓGICO CAPETINGA/TAQUARA","Angiosperms","Lentibulariaceae","Utricularia","hispida","Lam.","LENTIBULARIACEAE Utricularia hispida Lam.","IBGE00064353",,"IBGE","Amaral, A.G.","1694","Native","2007","Eugenio, C.U.O.","2007","Bronze","Prata","jbrj-public.s3-sa-east-1.amazonaws.com/fsi/server?type=image&source=DZI/ibge/ibge/0/6/43/53/ibge00064353.dzi","Brasília","Fazenda Água Limpa - UnB. Folha Cartográfica SD-23-Y-C Coordenada Coletada. Fazenda Água Limpa - UnB."
"ÁREA DE RELEVANTE INTERESSE ECOLÓGICO CAPETINGA/TAQUARA","Angiosperms","Lentibulariaceae","Utricularia","neottioides","A.St.-Hil. & Girard","LENTIBULARIACEAE Utricularia neottioides A.St.-Hil. & Girard","IBGE00066200",,"IBGE","Amaral, A.G.","903","Native","2007","Amaral, A.G.","2007","Bronze","Prata","jbrj-public.s3-sa-east-1.amazonaws.com/fsi/server?type=image&source=DZI/ibge/ibge/0/6/62/0/ibge00066200.dzi","Brasília","Fazenda Água Limpa. UnB Folha Cartográfica SD-23-Y-C Coordenada Coletada. Fazenda Água Limpa. UnB"
"ÁREA DE RELEVANTE INTERESSE ECOLÓGICO CAPETINGA/TAQUARA","Angiosperms","Lythraceae","Diplusodon",,"Pohl","LYTHRACEAE Diplusodon Pohl","IBGE00065984",,"IBGE","Amaral, A.G.","698",,"2007","Eugenio, C.U.O.","2007","Bronze","Prata","jbrj-public.s3-sa-east-1.amazonaws.com/fsi/server?type=image&source=DZI/ibge/ibge/0/6/59/84/ibge00065984.dzi","Brasília","Folha Cartográfica SD-23-Y-C Coordenada Coletada. Fazenda Água Limpa. UNB"
"ÁREA DE RELEVANTE INTERESSE ECOLÓGICO CAPETINGA/TAQUARA","Angiosperms","Malpighiaceae","Banisteriopsis",,"C.B.Rob. ex Small","MALPIGHIACEAE Banisteriopsis C.B.Rob. ex Small","IBGE00068566",,"IBGE","Amaral, A.G.","1404","Native","2007","Eugenio, C.U.O.","2007","Bronze","Prata","jbrj-public.s3-sa-east-1.amazonaws.com/fsi/server?type=image&source=DZI/ibge/ibge/0/6/85/66/ibge00068566.dzi","Brasília","Fazenda Água Limpa. Unb. Folha Cartográfica SD-23-Y-C Coordenada Coletada."
"ÁREA DE RELEVANTE INTERESSE ECOLÓGICO CAPETINGA/TAQUARA","Angiosperms","Malpighiaceae","Banisteriopsis","irwinii","B.Gates","MALPIGHIACEAE Banisteriopsis irwinii B.Gates","IBGE00068883",,"IBGE","Amaral, A.G.","1874","Native","2007","Amaral, A.G.","2007","Bronze","Prata","jbrj-public.s3-sa-east-1.amazonaws.com/fsi/server?type=image&source=DZI/ibge/ibge/0/6/88/83/ibge00068883.dzi","Brasília","Folha Cartográfica SD-23-Y-C Coordenada Coletada. Fazenda Água Limpa. UnB."
"ÁREA DE RELEVANTE INTERESSE ECOLÓGICO CAPETINGA/TAQUARA","Angiosperms","Malvaceae","Peltaea","lasiantha","Krapov. & Cristóbal","MALVACEAE Peltaea lasiantha Krapov. & Cristóbal","IBGE00066050",,"IBGE","Amaral, A.G.","769","Native","2007","Fonseca, M.L.","2007","Bronze","Prata","jbrj-public.s3-sa-east-1.amazonaws.com/fsi/server?type=image&source=DZI/ibge/ibge/0/6/60/50/ibge00066050.dzi","Brasília","Folha Cartográfica SD-23-Y-C Coordenada Coletada. Fazenda Água Limpa, UnB."
"ÁREA DE RELEVANTE INTERESSE ECOLÓGICO CAPETINGA/TAQUARA","Angiosperms","Malvaceae","Peltaea","trinervis","(C.Presl) Krapov. & Cristóbal","MALVACEAE Peltaea trinervis (C.Presl) Krapov. & Cristóbal","IBGE00065855",,"IBGE","Amaral, A.G.","582","Native","2007","Eugenio, C.U.O.","2007","Bronze","Prata","jbrj-public.s3-sa-east-1.amazonaws.com/fsi/server?type=image&source=DZI/ibge/ibge/0/6/58/55/ibge00065855.dzi","Brasília","Folha Cartográfica SD-23-Y-C Coordenada Coletada. Fazenda Água Limpa. UnB."
"ÁREA DE RELEVANTE INTERESSE ECOLÓGICO CAPETINGA/TAQUARA","Angiosperms","Melastomataceae","Microlicia","helvola","(Spreng.) Triana","MELASTOMATACEAE Microlicia helvola (Spreng.) Triana","IBGE00066545",,"IBGE","Amaral, A.G.","1178","Cultivated","2007","Fonseca, M.L.","2007","Bronze","Prata","jbrj-public.s3-sa-east-1.amazonaws.com/fsi/server?type=image&source=DZI/ibge/ibge/0/6/65/45/ibge00066545.dzi","Brasília","Folha Cartográfica SD-23-Y-C Coordenada Coletada. Fazenda Água Limpa."
"ÁREA DE RELEVANTE INTERESSE ECOLÓGICO CAPETINGA/TAQUARA",,"Melastomataceae","Pterolepis","repanda","(DC.) Triana","MELASTOMATACEAE Pterolepis repanda (DC.) Triana","IBGE00066258",,"IBGE","Amaral, A.G.","966",,"2007","Fonseca, M.L.","2007","Bronze","Prata","jbrj-public.s3-sa-east-1.amazonaws.com/fsi/server?type=image&source=DZI/ibge/ibge/0/6/62/58/ibge00066258.dzi","Brasília","Folha Cartográfica SD-23-Y-C Coordenada Coletada. Fazenda Água Limpa. UnB."
"ÁREA DE RELEVANTE INTERESSE ECOLÓGICO CAPETINGA/TAQUARA","Angiosperms","Ochnaceae","Sauvagesia","racemosa","A.St.-Hil.","OCHNACEAE Sauvagesia racemosa A.St.-Hil.","IBGE00064377",,"IBGE","Amaral, A.G.","1858","Native","2007","Fonseca, M.L.","2007","Bronze","Prata","jbrj-public.s3-sa-east-1.amazonaws.com/fsi/server?type=image&source=DZI/ibge/ibge/0/6/43/77/ibge00064377.dzi","Brasília","Fazenda Água Limpa. Borda da mata de galeria. Folha Cartográfica SD-23-Y-C Coordenada Coletada. FAL."
"ÁREA DE RELEVANTE INTERESSE ECOLÓGICO CAPETINGA/TAQUARA","Angiosperms","Orobanchaceae","Buchnera","juncea","Cham. & Schltdl.","OROBANCHACEAE Buchnera juncea Cham. & Schltdl.","IBGE00068600",,"IBGE","Amaral, A.G.","1440","Native","2007","Fonseca, M.L.","2007","Bronze","Prata","jbrj-public.s3-sa-east-1.amazonaws.com/fsi/server?type=image&source=DZI/ibge/ibge/0/6/86/0/ibge00068600.dzi","Brasília","Fazenda Água Limpa. Folha Cartográfica SD-23-Y-C Coordenada Coletada. FAL"
"ÁREA DE RELEVANTE INTERESSE ECOLÓGICO CAPETINGA/TAQUARA","Angiosperms","Poaceae","Arundinella","hispida","(Humb. & Bonpl. ex Willd.) Kuntze","POACEAE Arundinella hispida (Humb. & Bonpl. ex Willd.) Kuntze","IBGE00064428",,"IBGE","Amaral, A.G.","926","Native","2007","Amaral, A.G.","2007","Bronze","Prata","jbrj-public.s3-sa-east-1.amazonaws.com/fsi/server?type=image&source=DZI/ibge/ibge/0/6/44/28/ibge00064428.dzi","Brasília","Fazenda Água Limpa. UnB. Folha Cartográfica SD-23-Y-C Coordenada Coletada."
"ÁREA DE RELEVANTE INTERESSE ECOLÓGICO CAPETINGA/TAQUARA","Angiosperms","Poaceae","Axonopus","marginatus","(Trin.) Chase","POACEAE Axonopus marginatus (Trin.) Chase","IBGE00065975",,"IBGE","Amaral, A.G.","689","Native","2007","Eugenio, C.U.O.","2007","Bronze","Prata","jbrj-public.s3-sa-east-1.amazonaws.com/fsi/server?type=image&source=DZI/ibge/ibge/0/6/59/75/ibge00065975.dzi","Brasília","Fazenda Água Limpa. UnB. Folha Cartográfica SD-23-Y-C."
"ÁREA DE RELEVANTE INTERESSE ECOLÓGICO CAPETINGA/TAQUARA","Angiosperms","Poaceae","Cenchrus","polystachios","(L.) Morrone","POACEAE Cenchrus polystachios (L.) Morrone","IBGE00064432",,"IBGE","Amaral, A.G.","1038","Native","2007","Munhoz, C.B.R.","2007","Bronze","Prata","jbrj-public.s3-sa-east-1.amazonaws.com/fsi/server?type=image&source=DZI/ibge/ibge/0/6/44/32/ibge00064432.dzi","Brasília","Fazenda Água Limpa. UnB. Folha Cartográfica SD-23-Y-C Coordenada Coletada."
"ÁREA DE RELEVANTE INTERESSE ECOLÓGICO CAPETINGA/TAQUARA","Angiosperms","Poaceae","Eragrostis","maypurensis","(Kunth) Steud.","POACEAE Eragrostis maypurensis (Kunth) Steud.","IBGE00066738",,"IBGE","Amaral, A.G.","1280","Native","2007","Eugenio, C.U.O.","2007","Bronze","Prata","jbrj-public.s3-sa-east-1.amazonaws.com/fsi/server?type=image&source=DZI/ibge/ibge/0/6/67/38/ibge00066738.dzi","Brasília","Fazenda Água Limpa. UnB. Folha Cartográfica SD-23-Y-C Coordenada Coletada."
"ÁREA DE RELEVANTE INTERESSE ECOLÓGICO CAPETINGA/TAQUARA","Angiosperms","Poaceae","Eriochrysis","cayennensis","P.Beauv.","POACEAE Eriochrysis cayennensis P.Beauv.","IBGE00065893",,"IBGE","Amaral, A.G.","603","Native","2007","Amaral, A.G.","2007","Bronze","Prata","jbrj-public.s3-sa-east-1.amazonaws.com/fsi/server?type=image&source=DZI/ibge/ibge/0/6/58/93/ibge00065893.dzi","Brasília","Fazenda Água Limpa - UNB."
"ÁREA DE RELEVANTE INTERESSE ECOLÓGICO CAPETINGA/TAQUARA","Angiosperms","Poaceae","Melinis","repens","(Willd.) Zizka","POACEAE Melinis repens (Willd.) Zizka","IBGE00066010",,"IBGE","Amaral, A.G.","725","Native","2007","Eugenio, C.U.O.","2007","Bronze","Prata","jbrj-public.s3-sa-east-1.amazonaws.com/fsi/server?type=image&source=DZI/ibge/ibge/0/6/60/10/ibge00066010.dzi","Brasília","Fazenda Água Limpa - UnB."
"ÁREA DE RELEVANTE INTERESSE ECOLÓGICO CAPETINGA/TAQUARA","Angiosperms","Poaceae","Panicum","olyroides","Henrard","POACEAE Panicum olyroides var. hirsutum Henrard","IBGE00066597",,"IBGE","Amaral, A.G.","1031","Native","2007","Eugenio, C.U.O.","2007","Bronze","Prata","jbrj-public.s3-sa-east-1.amazonaws.com/fsi/server?type=image&source=DZI/ibge/ibge/0/6/65/97/ibge00066597.dzi","Brasília","Fazenda Água Limpa, UnB. Fazenda Água Limpa. UnB."
"ÁREA DE RELEVANTE INTERESSE ECOLÓGICO CAPETINGA/TAQUARA","Angiosperms","Poaceae","Panicum","olyroides","Kunth","POACEAE Panicum olyroides var. olyroides Kunth","IBGE00064848",,"IBGE","Amaral, A.G.","879","Native","2007","Eugenio, C.U.O.","2007","Bronze","Prata","jbrj-public.s3-sa-east-1.amazonaws.com/fsi/server?type=image&source=DZI/ibge/ibge/0/6/48/48/ibge00064848.dzi","Brasília","Fazenda Água Limpa. UnB. Fazenda Água Limpa. UnB."
"ÁREA DE RELEVANTE INTERESSE ECOLÓGICO CAPETINGA/TAQUARA","Angiosperms","Poaceae","Panicum","peladoense","Henrard","POACEAE Panicum peladoense Henrard","IBGE00066011",,"IBGE","Amaral, A.G.","726","Native","2007","Eugenio, C.U.O.","2007","Bronze","Prata","jbrj-public.s3-sa-east-1.amazonaws.com/fsi/server?type=image&source=DZI/ibge/ibge/0/6/60/11/ibge00066011.dzi","Brasília","Fazenda Água Limpa - UNB"
"ÁREA DE RELEVANTE INTERESSE ECOLÓGICO CAPETINGA/TAQUARA","Angiosperms","Poaceae","Paspalum","dedeccae","Quarín","POACEAE Paspalum dedeccae Quarín","IBGE00066211",,"IBGE","Amaral, A.G.","914","Native","2007","Eugenio, C.U.O.","2007","Bronze","Prata","jbrj-public.s3-sa-east-1.amazonaws.com/fsi/server?type=image&source=DZI/ibge/ibge/0/6/62/11/ibge00066211.dzi","Brasília","Fazenda Água Limpa, UnB. Fazenda Água Limpa. UnB."
"ÁREA DE RELEVANTE INTERESSE ECOLÓGICO CAPETINGA/TAQUARA","Angiosperms","Poaceae","Paspalum","glaucescens","Hack.","POACEAE Paspalum glaucescens Hack.","IBGE00064425",,"IBGE","Amaral, A.G.","878","Native","2007","Eugenio, C.U.O.","2007","Bronze","Prata","jbrj-public.s3-sa-east-1.amazonaws.com/fsi/server?type=image&source=DZI/ibge/ibge/0/6/44/25/ibge00064425.dzi","Brasília","Fazenda Água Limpa. UnB."
"ÁREA DE RELEVANTE INTERESSE ECOLÓGICO CAPETINGA/TAQUARA","Bryophytes","Poaceae","Paspalum","imbricatum","Filg.","POACEAE Paspalum imbricatum Filg.","IBGE00066111",,"IBGE","Amaral, A.G.","806","Native","2007","Eugenio, C.U.O.","2007","Bronze","Prata","jbrj-public.s3-sa-east-1.amazonaws.com/fsi/server?type=image&source=DZI/ibge/ibge/0/6/61/11/ibge00066111.dzi","Brasília","Fazenda Água Limpa. UnB. Fazenda Água Limpa. UnB."
"ÁREA DE RELEVANTE INTERESSE ECOLÓGICO CAPETINGA/TAQUARA","Angiosperms","Poaceae","Paspalum","reduncum","Nees ex Steud.","POACEAE Paspalum reduncum Nees ex Steud.","IBGE00066526",,"IBGE","Amaral, A.G.","1159","Native","2007","Eugenio, C.U.O.","2007","Bronze","Prata","jbrj-public.s3-sa-east-1.amazonaws.com/fsi/server?type=image&source=DZI/ibge/ibge/0/6/65/26/ibge00066526.dzi","Brasília","Fazenda Água Limpa. UnB. Erva 0,80 m alt. Folhas secas e maduras."
"ÁREA DE RELEVANTE INTERESSE ECOLÓGICO CAPETINGA/TAQUARA","Angiosperms","Poaceae","Saccharum","asperum","(Nees) Steud.","POACEAE Saccharum asperum (Nees) Steud.","IBGE00066239",,"IBGE","Amaral, A.G.","944","Native","2007","Eugenio, C.U.O.","2007","Bronze","Prata","jbrj-public.s3-sa-east-1.amazonaws.com/fsi/server?type=image&source=DZI/ibge/ibge/0/6/62/39/ibge00066239.dzi","Brasília","Folha Cartográfica SD-23-Y-C Coordenada Coletada. Fazenda Água Limpa. UnB."
"ÁREA DE RELEVANTE INTERESSE ECOLÓGICO CAPETINGA/TAQUARA","Ferns and Lycophytes","Poaceae","Schizachyrium","condensatum","(Kunth) Nees","POACEAE Schizachyrium condensatum (Kunth) Nees","IBGE00065976",,"IBGE","Amaral, A.G.","690","Native","2007","Eugenio, C.U.O.","2007","Bronze","Prata","jbrj-public.s3-sa-east-1.amazonaws.com/fsi/server?type=image&source=DZI/ibge/ibge/0/6/59/76/ibge00065976.dzi","Brasília","Folha Cartográfica SD-23-Y-C Coordenada Coletada. Fazenda Água Limpa. UnB."
"ÁREA DE RELEVANTE INTERESSE ECOLÓGICO CAPETINGA/TAQUARA","Angiosperms","Poaceae","Sorghastrum","nutans","(L.) Nash","POACEAE Sorghastrum nutans (L.) Nash","IBGE00066736",,"IBGE","Amaral, A.G.","1278","Native","2007","Eugenio, C.U.O.","2007","Bronze","Prata","jbrj-public.s3-sa-east-1.amazonaws.com/fsi/server?type=image&source=DZI/ibge/ibge/0/6/67/36/ibge00066736.dzi","Brasília","Fazenda Água Limpa. UnB. Folha Cartográfica SD-23-Y-C Coordenada Coletada."
"ÁREA DE RELEVANTE INTERESSE ECOLÓGICO CAPETINGA/TAQUARA","Angiosperms","Poaceae","Trichanthecium","cyanescens","(Nees ex Trin.) Zuloaga & Morrone","POACEAE Trichanthecium cyanescens (Nees ex Trin.) Zuloaga & Morrone","IBGE00064917",,"IBGE","Amaral, A.G.","1024","Native","2007","Eugenio, C.U.O.","2007","Bronze","Prata","jbrj-public.s3-sa-east-1.amazonaws.com/fsi/server?type=image&source=DZI/ibge/ibge/0/6/49/17/ibge00064917.dzi","Brasília","Fazenda Água Limpa. UnB. Folha Cartográfica SD-23-Y-C Coordenada Coletada. Fazenda Água Limpa. UnB."
"ÁREA DE RELEVANTE INTERESSE ECOLÓGICO CAPETINGA/TAQUARA","Angiosperms","Poaceae","Trichanthecium","parvifolium","(Lam.) Zuloaga & Morrone","POACEAE Trichanthecium parvifolium (Lam.) Zuloaga & Morrone","IBGE00066210",,"IBGE","Amaral, A.G.","913","Native","2007","Eugenio, C.U.O.","2007","Bronze","Prata","jbrj-public.s3-sa-east-1.amazonaws.com/fsi/server?type=image&source=DZI/ibge/ibge/0/6/62/10/ibge00066210.dzi","Brasília","Folha Cartográfica SD-23-Y-C Coordenada Coletada. Fazenda Água Limpa. UnB."
"ÁREA DE RELEVANTE INTERESSE ECOLÓGICO CAPETINGA/TAQUARA","Angiosperms","Polygalaceae","Senega","longicaulis","(Kunth) J.F.B.Pastore","POLYGALACEAE Senega longicaulis (Kunth) J.F.B.Pastore","IBGE00066123",,"IBGE","Amaral, A.G.","819","Native","2007","Fonseca, M.L.","2007","Bronze","Prata","jbrj-public.s3-sa-east-1.amazonaws.com/fsi/server?type=image&source=DZI/ibge/ibge/0/6/61/23/ibge00066123.dzi","Brasília","Folha Cartográfica SD-23-Y-C Coordenada Coletada. Fazenda Água Limpa. UnB."
"ÁREA DE RELEVANTE INTERESSE ECOLÓGICO CAPETINGA/TAQUARA","Angiosperms","Polygalaceae","Senega","tenuis","(DC.) J.F.B.Pastore","POLYGALACEAE Senega tenuis (DC.) J.F.B.Pastore","IBGE00068471",,"IBGE","Amaral, A.G.","1503","Native","2007","Amaral, A.G.","2007","Bronze","Prata","jbrj-public.s3-sa-east-1.amazonaws.com/fsi/server?type=image&source=DZI/ibge/ibge/0/6/84/71/ibge00068471.dzi","Brasília","Folha Cartográfica SD-23-Y-C Coordenada Coletada. Fazenda Água Limpa"
"ÁREA DE RELEVANTE INTERESSE ECOLÓGICO CAPETINGA/TAQUARA","Angiosperms","Sapindaceae","Serjania","erecta","Radlk.","SAPINDACEAE Serjania erecta Radlk.","IBGE00064380",,"IBGE","Amaral, A.G.","1907","Native","2007","Amaral, A.G.","2007","Bronze","Prata","jbrj-public.s3-sa-east-1.amazonaws.com/fsi/server?type=image&source=DZI/ibge/ibge/0/6/43/80/ibge00064380.dzi","Brasília","Folha Cartográfica SD-23-Y-C Coordenada Coletada. Fazenda Água Limpa."
"ÁREA DE RELEVANTE INTERESSE ECOLÓGICO CAPETINGA/TAQUARA","Angiosperms","Solanaceae","Solanum","lycocarpum","A.St.-Hil.","SOLANACEAE Solanum lycocarpum A.St.-Hil.","IBGE00066007",,"IBGE","Amaral, A.G.","722","Native","2007","Amaral, A.G.","2007","Bronze","Prata","jbrj-public.s3-sa-east-1.amazonaws.com/fsi/server?type=image&source=DZI/ibge/ibge/0/6/60/7/ibge00066007.dzi","Brasília","Fazenda Água Limpa/UnB. Folha Cartográfica SD-23-Y-C Coordenada Coletada."
"ÁREA DE RELEVANTE INTERESSE ECOLÓGICO CAPETINGA/TAQUARA","Angiosperms","Solanaceae","Solanum","subumbellatum","Vell.","SOLANACEAE Solanum subumbellatum Vell.","IBGE00065933",,"IBGE","Amaral, A.G.","645","Native","2007","Amaral, A.G.","2007","Bronze","Prata","jbrj-public.s3-sa-east-1.amazonaws.com/fsi/server?type=image&source=DZI/ibge/ibge/0/6/59/33/ibge00065933.dzi","Brasília","Fazenda água limpa. UNB Folha Cartográfica: SD-23-Y-C."
"ÁREA DE RELEVANTE INTERESSE ECOLÓGICO CAPETINGA/TAQUARA","Angiosperms","Turneraceae","Turnera","longiflora","Cambess.","TURNERACEAE Turnera longiflora Cambess.","IBGE00066025",,"IBGE","Amaral, A.G.","741","Native","2007","Eugenio, C.U.O.","2007","Bronze","Prata","jbrj-public.s3-sa-east-1.amazonaws.com/fsi/server?type=image&source=DZI/ibge/ibge/0/6/60/25/ibge00066025.dzi","Brasília","Fazenda Água Limpa. UnB. Folha: SD-23-Y-C."
"ÁREA DE RELEVANTE INTERESSE ECOLÓGICO CAPETINGA/TAQUARA",,"Turneraceae","Turnera","oblongifolia","Cambess.","TURNERACEAE Turnera oblongifolia Cambess.","IBGE00065853",,"IBGE","Amaral, A.G.","580",,"2007","Eugenio, C.U.O.","2007","Bronze","Prata","jbrj-public.s3-sa-east-1.amazonaws.com/fsi/server?type=image&source=DZI/ibge/ibge/0/6/58/53/ibge00065853.dzi","Brasília","Fazenda Água Limpa. UnB. Folha: SD-23-Y-C."
"ÁREA DE RELEVANTE INTERESSE ECOLÓGICO CAPETINGA/TAQUARA","Angiosperms","Verbenaceae","Lippia","sericea","Cham.","VERBENACEAE Lippia sericea Cham.","IBGE00064350",,"IBGE","Amaral, A.G.","1903","Native","2007","Amaral, A.G.","2007","Bronze","Prata","jbrj-public.s3-sa-east-1.amazonaws.com/fsi/server?type=image&source=DZI/ibge/ibge/0/6/43/50/ibge00064350.dzi","Brasília","Fazenda Água Limpa. Folha: SD-23-Y-C."
"ÁREA DE RELEVANTE INTERESSE ECOLÓGICO CAPETINGA/TAQUARA","Angiosperms","Vitaceae","Cissus","erosa","Rich.","VITACEAE Cissus erosa Rich.","IBGE00066260",,"IBGE","Amaral, A.G.","969","Native","2007","Fonseca, M.L.","2007","Bronze","Prata","jbrj-public.s3-sa-east-1.amazonaws.com/fsi/server?type=image&source=DZI/ibge/ibge/0/6/62/60/ibge00066260.dzi","Brasília","Fazenda Água Limpa. UnB. Folha: SD-23-Y-C."
"ÁREA DE RELEVANTE INTERESSE ECOLÓGICO CAPETINGA/TAQUARA","Angiosperms","Xyridaceae","Xyris","diaphanobracteata","Kral & Wand.","XYRIDACEAE Xyris diaphanobracteata Kral & Wand.","IBGE00068789",,"IBGE","Amaral, A.G.","1743","Native","2007","Eugenio, C.U.O.","2007","Bronze","Prata","jbrj-public.s3-sa-east-1.amazonaws.com/fsi/server?type=image&source=DZI/ibge/ibge/0/6/87/89/ibge00068789.dzi","Brasília","Fazenda Água Limpa. UnB. Folha: SD-23-Y-C."
"ÁREA DE RELEVANTE INTERESSE ECOLÓGICO CAPETINGA/TAQUARA","Angiosperms","Xyridaceae","Xyris","fallax","Malme","XYRIDACEAE Xyris fallax Malme","IBGE00066115",,"IBGE","Amaral, A.G.","810","Native","2007","Eugenio, C.U.O.","2007","Bronze","Prata","jbrj-public.s3-sa-east-1.amazonaws.com/fsi/server?type=image&source=DZI/ibge/ibge/0/6/61/15/ibge00066115.dzi","Brasília","Fazenda Água Limpa. UnB. Folha Cartográfica SD-23-Y-C."
"ÁREA DE RELEVANTE INTERESSE ECOLÓGICO CAPETINGA/TAQUARA","Angiosperms","Xyridaceae","Xyris","filifolia","L.A.Nilsson","XYRIDACEAE Xyris filifolia L.A.Nilsson","IBGE00068739",,"IBGE","Amaral, A.G.","1688","Native","2007","Eugenio, C.U.O.","2007","Bronze","Prata","jbrj-public.s3-sa-east-1.amazonaws.com/fsi/server?type=image&source=DZI/ibge/ibge/0/6/87/39/ibge00068739.dzi","Brasília","Fazenda Água Limpa. UnB. Folha Cartográfica SD-23-Y-C."
"ÁREA DE RELEVANTE INTERESSE ECOLÓGICO CAPETINGA/TAQUARA","Angiosperms","Xyridaceae","Xyris","jupicai","Rich.","XYRIDACEAE Xyris jupicai Rich.","IBGE00068859",,"IBGE","Amaral, A.G.","1848","Native","2007","Amaral, A.G.","2007","Bronze","Prata","jbrj-public.s3-sa-east-1.amazonaws.com/fsi/server?type=image&source=DZI/ibge/ibge/0/6/88/59/ibge00068859.dzi","Brasília","Fazenda Água Limpa. UnB. Folha: SD-23-Y-C."
"ÁREA DE RELEVANTE INTERESSE ECOLÓGICO CAPETINGA/TAQUARA","Angiosperms","Melastomataceae","Leandra","paulina","DC.","MELASTOMATACEAE Leandra paulina DC.","IBGE00064749",,"IBGE","Amaral, A.G.","125","Native","2006","Fonseca, M.L.","2022","Bronze","Prata","jbrj-public.s3-sa-east-1.amazonaws.com/fsi/server?type=image&source=DZI/ibge/ibge/0/6/47/49/ibge00064749.dzi","Brasília","Fazenda Água Limpa. UnB. Folha: SD-23-Y-C"
"ÁREA DE RELEVANTE INTERESSE ECOLÓGICO CAPETINGA/TAQUARA","Angiosperms","Asteraceae","Podocoma","bellidifolia","Baker","ASTERACEAE Podocoma bellidifolia Baker","IBGE00065772",,"IBGE","Amaral, A.G.","494","Native","2006","Fonseca, M.L.","2016","Bronze","Prata","jbrj-public.s3-sa-east-1.amazonaws.com/fsi/server?type=image&source=DZI/ibge/ibge/0/6/57/72/ibge00065772.dzi","Brasília","Fazenda Água Limpa. UnB. Folha Cartográfica SD-23-Y-C Coordenada Coletada. Fazenda Água Limpa. UnB."
"ÁREA DE RELEVANTE INTERESSE ECOLÓGICO CAPETINGA/TAQUARA","Angiosperms","Fabaceae","Ctenodon","paucifolius","(Vogel) D.B.O.S.Cardoso, Filardi & H.C.Lima","FABACEAE Ctenodon paucifolius (Vogel) D.B.O.S.Cardoso, Filardi & H.C.Lima","IBGE00064995",,"IBGE","Amaral, A.G.","192","Native","2006","Antunes, L.L.C.","2014","Bronze","Prata","jbrj-public.s3-sa-east-1.amazonaws.com/fsi/server?type=image&source=DZI/ibge/ibge/0/6/49/95/ibge00064995.dzi","Brasília","Fazenda Água Limpa. UnB. Folha: SD-23-Y-C."
"ÁREA DE RELEVANTE INTERESSE ECOLÓGICO CAPETINGA/TAQUARA","Angiosperms","Convolvulaceae","Ipomoea","aurifolia","Dammer","CONVOLVULACEAE Ipomoea aurifolia Dammer","IBGE00065777",,"IBGE","Amaral, A.G.","499","Native","2006","Silva, M.A.","2012","Bronze","Prata","jbrj-public.s3-sa-east-1.amazonaws.com/fsi/server?type=image&source=DZI/ibge/ibge/0/6/57/77/ibge00065777.dzi","Brasília","Fazenda Água Limpa. UnB. Folha Cartográfica SD-23-Y-C Coordenada Calculada. Fazenda Água Limpa. UnB."
"ÁREA DE RELEVANTE INTERESSE ECOLÓGICO CAPETINGA/TAQUARA","Angiosperms","Eriocaulaceae","Syngonanthus","fischerianus","(Bong.) Ruhland","ERIOCAULACEAE Syngonanthus fischerianus (Bong.) Ruhland","IBGE00065582",,"IBGE","Amaral, A.G.","282","Native","2006","Watanabe, M.T.C.","2010","Bronze","Prata","jbrj-public.s3-sa-east-1.amazonaws.com/fsi/server?type=image&source=DZI/ibge/ibge/0/6/55/82/ibge00065582.dzi","Brasília","Fazenda Água Limpa. UnB. Folha Cartográfica: SD-23-Y-C. Coordenada Coletada."
"ÁREA DE RELEVANTE INTERESSE ECOLÓGICO CAPETINGA/TAQUARA","Angiosperms","Alstroemeriaceae","Alstroemeria","burchellii","Baker","ALSTROEMERIACEAE Alstroemeria burchellii Baker","IBGE00065034",,"IBGE","Amaral, A.G.","232","Native","2006","Amaral, A.G.","2007","Bronze","Prata","jbrj-public.s3-sa-east-1.amazonaws.com/fsi/server?type=image&source=DZI/ibge/ibge/0/6/50/34/ibge00065034.dzi","Brasília","Fazenda Água Limpa. UnB. Folha Cartográfica: SD-23-Y-C. Coordenada Coletada."
"ÁREA DE RELEVANTE INTERESSE ECOLÓGICO CAPETINGA/TAQUARA","Angiosperms","Apocynaceae","Mandevilla","scabra","(Hoffmanns. ex Roem. & Schult.) K.Schum.","APOCYNACEAE Mandevilla scabra (Hoffmanns. ex Roem. & Schult.) K.Schum.","IBGE00065632",,"IBGE","Amaral, A.G.","347","Native","2006","Amaral, A.G.","2007","Bronze","Prata","jbrj-public.s3-sa-east-1.amazonaws.com/fsi/server?type=image&source=DZI/ibge/ibge/0/6/56/32/ibge00065632.dzi","Brasília","Fazenda Água Limpa. UnB. Folha Cartográfica SD-23-Y-C Coordenada Coletada."
"ÁREA DE RELEVANTE INTERESSE ECOLÓGICO CAPETINGA/TAQUARA","Angiosperms","Asteraceae","Ageratum","conyzoides","L.","ASTERACEAE Ageratum conyzoides L.","IBGE00065821",,"IBGE","Amaral, A.G.","547","Native","2006","Munhoz, C.B.R.","2007","Bronze","Prata","jbrj-public.s3-sa-east-1.amazonaws.com/fsi/server?type=image&source=DZI/ibge/ibge/0/6/58/21/ibge00065821.dzi","Brasília","Fazenda Água Limpa. UnB. Folha Cartográfica SD-23-Y-C Coordenada Coletada."
"ÁREA DE RELEVANTE INTERESSE ECOLÓGICO CAPETINGA/TAQUARA","Angiosperms","Asteraceae","Aspilia","glaziovii","Baker","ASTERACEAE Aspilia glaziovii Baker","IBGE00065773",,"IBGE","Amaral, A.G.","495","Native","2006","Munhoz, C.B.R.","2007","Bronze","Prata","jbrj-public.s3-sa-east-1.amazonaws.com/fsi/server?type=image&source=DZI/ibge/ibge/0/6/57/73/ibge00065773.dzi","Brasília","Fazenda Água Limpa. UnB. Folha Cartográfica SD-23-Y-C Coordenada Coletada."
"ÁREA DE RELEVANTE INTERESSE ECOLÓGICO CAPETINGA/TAQUARA","Angiosperms","Asteraceae","Aspilia","jolyana","G.M.Barroso","ASTERACEAE Aspilia jolyana G.M.Barroso","IBGE00064374",,"IBGE","Amaral, A.G.","45","Native","2006","Munhoz, C.B.R.","2007","Bronze","Prata","jbrj-public.s3-sa-east-1.amazonaws.com/fsi/server?type=image&source=DZI/ibge/ibge/0/6/43/74/ibge00064374.dzi","Brasília","Fazenda Água Limpa. UnB. Folha Cartográfica SD-23-Y-C Coordenada Coletada."
"ÁREA DE RELEVANTE INTERESSE ECOLÓGICO CAPETINGA/TAQUARA","Angiosperms","Asteraceae","Echinocoryne","stricta","(Gardner) H.Rob.","ASTERACEAE Echinocoryne stricta (Gardner) H.Rob.","IBGE00065708",,"IBGE","Amaral, A.G.","426","Native","2006","Milhomen, L.","2007","Bronze","Prata","jbrj-public.s3-sa-east-1.amazonaws.com/fsi/server?type=image&source=DZI/ibge/ibge/0/6/57/8/ibge00065708.dzi","Brasília","Fazenda Água Limpa. UnB. Folha Cartográfica SD-23-Y-C Coordenada Coletada."
"ÁREA DE RELEVANTE INTERESSE ECOLÓGICO CAPETINGA/TAQUARA","Angiosperms","Asteraceae","Elephantopus","biflorus","(Less.) Sch.Bip.","ASTERACEAE Elephantopus biflorus (Less.) Sch.Bip.","IBGE00064291",,"IBGE","Amaral, A.G.","32","Native","2006","Fonseca, M.L.","2007","Bronze","Prata","jbrj-public.s3-sa-east-1.amazonaws.com/fsi/server?type=image&source=DZI/ibge/ibge/0/6/42/91/ibge00064291.dzi","Brasília","Fazenda Água Limpa. UnB. Folha Cartográfica SD-23-Y-C Coordenada Coletada."
"ÁREA DE RELEVANTE INTERESSE ECOLÓGICO CAPETINGA/TAQUARA","Angiosperms","Asteraceae","Lessingianthus","durus","(Mart. ex DC.) H.Rob.","ASTERACEAE Lessingianthus durus (Mart. ex DC.) H.Rob.","IBGE00065561",,"IBGE","Amaral, A.G.","260","Native","2006","Milhomens, L.C.","2007","Bronze","Prata","jbrj-public.s3-sa-east-1.amazonaws.com/fsi/server?type=image&source=DZI/ibge/ibge/0/6/55/61/ibge00065561.dzi","Brasília","Fazenda Água Limpa. UnB. Folha Cartográfica SD-23-Y-C Coordenada Coletada."
"ÁREA DE RELEVANTE INTERESSE ECOLÓGICO CAPETINGA/TAQUARA","Angiosperms","Cyperaceae","Lagenocarpus","rigidus","(Boeckeler) T.Koyama & Maguire","CYPERACEAE Lagenocarpus rigidus subsp. tenuifolius (Boeckeler) T.Koyama & Maguire","IBGE00065841",,"IBGE","Amaral, A.G.","568 A","Native","2006","Munhoz, C.B.R.","2007","Bronze","Prata","jbrj-public.s3-sa-east-1.amazonaws.com/fsi/server?type=image&source=DZI/ibge/ibge/0/6/58/41/ibge00065841.dzi","Brasília","Fazenda Água Limpa - UNB. Folha SD-23-Y-C."
"ÁREA DE RELEVANTE INTERESSE ECOLÓGICO CAPETINGA/TAQUARA","Angiosperms","Eriocaulaceae","Coracoralina","chiquitensis","(Herzog) Andrino","ERIOCAULACEAE Coracoralina chiquitensis (Herzog) Andrino","IBGE00065000",,"IBGE","Amaral, A.G.","198","Native","2006","Eugenio, C.U.O.","2007","Bronze","Prata","jbrj-public.s3-sa-east-1.amazonaws.com/fsi/server?type=image&source=DZI/ibge/ibge/0/6/50/0/ibge00065000.dzi","Brasília","Fazenda Água Limpa. UnB. Folha Cartográfica SD-23-Y-C Coordenada Coletada."
"ÁREA DE RELEVANTE INTERESSE ECOLÓGICO CAPETINGA/TAQUARA","Angiosperms","Lycopodiaceae","Palhinhaea","cernua","(L.) Franco & Vasc.","LYCOPODIACEAE Palhinhaea cernua (L.) Franco & Vasc.","IBGE00064762",,"IBGE","Amaral, A.G.","140","Native","2006","Miranda, S.C.","2007","Bronze","Prata","jbrj-public.s3-sa-east-1.amazonaws.com/fsi/server?type=image&source=DZI/ibge/ibge/0/6/47/62/ibge00064762.dzi","Brasília","Fazenda Água limpa. UnB. Folha: SD-23-Y-C."
"ÁREA DE RELEVANTE INTERESSE ECOLÓGICO CAPETINGA/TAQUARA","Angiosperms","Malpighiaceae","Banisteriopsis","argyrophylla","(A.Juss.) B.Gates","MALPIGHIACEAE Banisteriopsis argyrophylla (A.Juss.) B.Gates","IBGE00064990",,"IBGE","Amaral, A.G.","187","Native","2006","Eugenio, C.U.O.","2007","Bronze","Prata","jbrj-public.s3-sa-east-1.amazonaws.com/fsi/server?type=image&source=DZI/ibge/ibge/0/6/49/90/ibge00064990.dzi","Brasília","Fazenda Água Limpa. UnB. Folha: SD-23-Y-C."
"ÁREA DE RELEVANTE INTERESSE ECOLÓGICO CAPETINGA/TAQUARA","Angiosperms","Oxalidaceae","Oxalis","cordata","A.St.-Hil.","OXALIDACEAE Oxalis cordata A.St.-Hil.","IBGE00064916",,"IBGE","Amaral, A.G.","503","Native","2006","Amaral, A.G.","2007","Bronze","Prata","jbrj-public.s3-sa-east-1.amazonaws.com/fsi/server?type=image&source=DZI/ibge/ibge/0/6/49/16/ibge00064916.dzi","Brasília","Fazenda Água Limpa. Folha Cartográfica SD-23-Y-C Coordenada Coletada. FAL"
"ÁREA DE RELEVANTE INTERESSE ECOLÓGICO CAPETINGA/TAQUARA","Angiosperms","Poaceae","Arthropogon","filifolius","Filg.","POACEAE Arthropogon filifolius Filg.","IBGE00065598",,"IBGE","Amaral, A.G.","313","Naturalized","2006","Amaral, A.G.","2007","Bronze","Prata","jbrj-public.s3-sa-east-1.amazonaws.com/fsi/server?type=image&source=DZI/ibge/ibge/0/6/55/98/ibge00065598.dzi","Brasília","Fazenda Água Limpa. UnB. Folha Cartográfica SD-23-Y-C Coordenada Coletada."
"ÁREA DE RELEVANTE INTERESSE ECOLÓGICO CAPETINGA/TAQUARA","Angiosperms","Poaceae","Sacciolepis","myuros","(Lam.) Chase","POACEAE Sacciolepis myuros (Lam.) Chase","IBGE00065844",,"IBGE","Amaral, A.G.","571","Native","2006","Eugenio, C.U.O.","2007","Bronze","Prata","jbrj-public.s3-sa-east-1.amazonaws.com/fsi/server?type=image&source=DZI/ibge/ibge/0/6/58/44/ibge00065844.dzi","Brasília","Fazenda Água Limpa - UNB."
"ÁREA DE RELEVANTE INTERESSE ECOLÓGICO CAPETINGA/TAQUARA","Angiosperms","Polygalaceae","Monnina","stenophylla","A.St.-Hil. & Moq.","POLYGALACEAE Monnina stenophylla A.St.-Hil. & Moq.","IBGE00065023",,"IBGE","Amaral, A.G.","221","Native","2006","Correa, A.C.G.","2007","Bronze","Prata","jbrj-public.s3-sa-east-1.amazonaws.com/fsi/server?type=image&source=DZI/ibge/ibge/0/6/50/23/ibge00065023.dzi","Brasília","Folha Cartográfica SD-23-Y-C Coordenada Coletada. Fazenda Água Limpa."
"ÁREA DE RELEVANTE INTERESSE ECOLÓGICO CAPETINGA/TAQUARA","Angiosperms","Pteridaceae","Lytoneuron","lomariaceum","(Kunze ex Klotzsch) Yesilyurt","PTERIDACEAE Lytoneuron lomariaceum (Kunze ex Klotzsch) Yesilyurt","IBGE00064763",,"IBGE","Amaral, A.G.","141","Native","2006","Novelino, R.F.","2007","Bronze","Prata","jbrj-public.s3-sa-east-1.amazonaws.com/fsi/server?type=image&source=DZI/ibge/ibge/0/6/47/63/ibge00064763.dzi","Brasília","Fazenda Água limpa. UnB."
"ÁREA DE RELEVANTE INTERESSE ECOLÓGICO CAPETINGA/TAQUARA","Angiosperms","Rubiaceae","Galianthe","verbenoides","(Cham. & Schltdl.) Griseb.","RUBIACEAE Galianthe verbenoides (Cham. & Schltdl.) Griseb.","IBGE00064657",,"IBGE","Amaral, A.G.","46","Native","2006","Amaral, A.G.","2007","Bronze","Prata","jbrj-public.s3-sa-east-1.amazonaws.com/fsi/server?type=image&source=DZI/ibge/ibge/0/6/46/57/ibge00064657.dzi","Brasília","Folha Cartográfica SD-23-Y-C Coordenada Coletada. Fazenda Água Limpa. UNB."
"ÁREA DE RELEVANTE INTERESSE ECOLÓGICO CAPETINGA/TAQUARA","Angiosperms","Solanaceae","Brunfelsia","obovata","Benth.","SOLANACEAE Brunfelsia obovata Benth.","IBGE00064754",,"IBGE","Amaral, A.G.","131","Native","2006","Amaral, A.G.","2007","Bronze","Prata","jbrj-public.s3-sa-east-1.amazonaws.com/fsi/server?type=image&source=DZI/ibge/ibge/0/6/47/54/ibge00064754.dzi","Brasília","Fazenda Água Limpa/UnB. Folha Cartográfica SD-23-Y-C Coordenada Coletada."
"ÁREA DE RELEVANTE INTERESSE ECOLÓGICO CAPETINGA/TAQUARA",,"Solanaceae","Schwenckia","americana","Rooyen ex L.","SOLANACEAE Schwenckia americana Rooyen ex L.","IBGE00064653",,"IBGE","Amaral, A.G.","1",,"2006","Proenca, C.","2007","Bronze","Prata","jbrj-public.s3-sa-east-1.amazonaws.com/fsi/server?type=image&source=DZI/ibge/ibge/0/6/46/53/ibge00064653.dzi","Brasília","Fazenda Água Limpa. UNB. Folha Cartográfica SD-23-Y-C. Coordenada Coletada."
"ÁREA DE RELEVANTE INTERESSE ECOLÓGICO CAPETINGA/TAQUARA","Angiosperms","Lythraceae","Cuphea",,"P.Browne","LYTHRACEAE Cuphea P.Browne","IBGE00065633",,"IBGE","Amaral, A.G.","348","Native","2006","Amaral, A.G.","2006","Bronze","Prata","jbrj-public.s3-sa-east-1.amazonaws.com/fsi/server?type=image&source=DZI/ibge/ibge/0/6/56/33/ibge00065633.dzi","Brasília","Folha Cartográfica SD-23-Y-C Coordenada Coletada. Fazenda Água Limpa - UNB"
"ÁREA DE RELEVANTE INTERESSE ECOLÓGICO CAPETINGA/TAQUARA","Angiosperms","Poaceae","Saccharum","villosum","Steud.","POACEAE Saccharum villosum Steud.","IBGE00067094",,"IBGE","Ribeiro, D.G.","95","Native","2005","Fonseca, M.L.","2023","Bronze","Prata","jbrj-public.s3-sa-east-1.amazonaws.com/fsi/server?type=image&source=DZI/ibge/ibge/0/6/70/94/ibge00067094.dzi","Brasília","Fazenda Água Limpa. UnB. Projeto Augusto. Folha: SD-23-Y-C APA Gama Cabeça de Veado"
"ÁREA DE RELEVANTE INTERESSE ECOLÓGICO CAPETINGA/TAQUARA","Angiosperms","Lycopodiaceae","Palhinhaea","camporum","(B. Øllg. & P.G. Windisch) Holub","LYCOPODIACEAE Palhinhaea camporum (B. Øllg. & P.G. Windisch) Holub","UB00126809",,"UB","Brasilia, T.C.O.U.","4647","Native","2005","Souza, M.G.M.","2019","Bronze","Prata","jbrj-public.s3-sa-east-1.amazonaws.com/fsi/server?type=image&source=DZI/ub/ub/0/12/68/9/ub00126809.dzi","Brasília","Área de Proteção Ambiental (APA) Cabeça de Veado, Fazenda Água Limpa."
"ÁREA DE RELEVANTE INTERESSE ECOLÓGICO CAPETINGA/TAQUARA","Angiosperms","Verbenaceae","Lippia","stachyoides","(Schauer) Salimena & Múlgura","VERBENACEAE Lippia stachyoides var. martiana (Schauer) Salimena & Múlgura","IBGE00057755",,"IBGE","Fonseca, M.L.","4670","Native","2003","Salimena, F.","2015","Bronze","Prata","jbrj-public.s3-sa-east-1.amazonaws.com/fsi/server?type=image&source=DZI/ibge/ibge/0/5/77/55/ibge00057755.dzi","Brasília","APA Gama e Cabeça de Veado. Fazenda Água Limpa (FAL-UnB) - Área da MOA. R.A. do Lago Sul. Coordenada coletada."
"ÁREA DE RELEVANTE INTERESSE ECOLÓGICO CAPETINGA/TAQUARA","Angiosperms","Poaceae","Aristida","megapotamica","Spreng.","POACEAE Aristida megapotamica Spreng.","IBGE00057708",,"IBGE","Fonseca, M.L.","4693","Native","2003","Reis, P.A.","2013","Bronze","Prata","jbrj-public.s3-sa-east-1.amazonaws.com/fsi/server?type=image&source=DZI/ibge/ibge/0/5/77/8/ibge00057708.dzi","Brasília","APA Gama e Cabeça de Veado. Região Administrativa do Lago Sul. Fazenda Água Limpa (FAL-UnB). Área da MOA. Coordenada coletada."
"ÁREA DE RELEVANTE INTERESSE ECOLÓGICO CAPETINGA/TAQUARA","Angiosperms","Orobanchaceae","Buchnera","palustris","(Aubl.) Spreng.","OROBANCHACEAE Buchnera palustris (Aubl.) Spreng.","IBGE00057195",,"IBGE","Fonseca, M.L.","4828","Native","2003","Silva, M.A.","2006","Bronze","Prata","jbrj-public.s3-sa-east-1.amazonaws.com/fsi/server?type=image&source=DZI/ibge/ibge/0/5/71/95/ibge00057195.dzi","Brasília","APA Gama e Cabeça de Veado. Fazenda Água Limpa (FAL-UnB). Região Administrativa do Lago Sul. Coordenada coletada."
"ÁREA DE RELEVANTE INTERESSE ECOLÓGICO CAPETINGA/TAQUARA","Angiosperms","Fabaceae","Chamaecrista","imbricans","(H.S.Irwin & Barneby) H.S.Irwin & Barneby","FABACEAE Chamaecrista imbricans (H.S.Irwin & Barneby) H.S.Irwin & Barneby","IBGE00057161",,"IBGE","Fonseca, M.L.","4816","Native","2003","Fonseca, M.L.","2004","Bronze","Prata","jbrj-public.s3-sa-east-1.amazonaws.com/fsi/server?type=image&source=DZI/ibge/ibge/0/5/71/61/ibge00057161.dzi","Brasília","APA Gama - Cabeça de Veado. Fazenda Água Limpa (FAU-UnB). Região Administrativa do Lago Sul. Folha: SD-23-Y-C"
"ÁREA DE RELEVANTE INTERESSE ECOLÓGICO CAPETINGA/TAQUARA","Angiosperms","Lycopodiaceae","Lycopodiella","alopecuroides","(L.) Cranfill","LYCOPODIACEAE Lycopodiella alopecuroides (L.) Cranfill","IBGE00057172",,"IBGE","Fonseca, M.L.","4825","Native","2003","Myssen, C.","2004","Bronze","Prata","jbrj-public.s3-sa-east-1.amazonaws.com/fsi/server?type=image&source=DZI/ibge/ibge/0/5/71/72/ibge00057172.dzi","Brasília","APA Gama e Cabeça de Veado. Fazenda Água Limpa (FAL - UnB). R.A. do Lago Sul. Próximo a reflorestamento de Pinus. Folha: SD-23-Y-C."
"ÁREA DE RELEVANTE INTERESSE ECOLÓGICO CAPETINGA/TAQUARA","Angiosperms","Malpighiaceae","Banisteriopsis","schizoptera","(A.Juss.) B.Gates","MALPIGHIACEAE Banisteriopsis schizoptera (A.Juss.) B.Gates","IBGE00057437",,"IBGE","Fonseca, M.L.","4676","Native","2003","Fonseca, M.L.","2004","Bronze","Prata","jbrj-public.s3-sa-east-1.amazonaws.com/fsi/server?type=image&source=DZI/ibge/ibge/0/5/74/37/ibge00057437.dzi","Brasília","APA Gama e Cabeça de Veado. R.A. do Lago Sul. Fazenda Água Limpa (FAL-UnB). Área da MOA. Coordenada coletada."
"ÁREA DE RELEVANTE INTERESSE ECOLÓGICO CAPETINGA/TAQUARA","Angiosperms","Apocynaceae","Mandevilla","antennacea","(A.DC.) K.Schum.","APOCYNACEAE Mandevilla antennacea (A.DC.) K.Schum.","UB00121342",,"UB","Pinage, E.R.","s.n.","Native","2003","Proenca, C.E.B.","2003","Bronze","Prata","jbrj-public.s3-sa-east-1.amazonaws.com/fsi/server?type=image&source=DZI/ub/ub/0/12/13/42/ub00121342.dzi","Brasília","Fazenda Água Limpa, ao lado do Córrego Taquara."
"ÁREA DE RELEVANTE INTERESSE ECOLÓGICO CAPETINGA/TAQUARA","Angiosperms","Lythraceae","Lafoensia","pacari","A.St.-Hil.","LYTHRACEAE Lafoensia pacari A.St.-Hil.","IBGE00057732",,"IBGE","Fonseca, M.L.","4684","Native","2003","Fonseca, M.L.","2003","Bronze","Prata","jbrj-public.s3-sa-east-1.amazonaws.com/fsi/server?type=image&source=DZI/ibge/ibge/0/5/77/32/ibge00057732.dzi","Brasília","APA Gama e Cabeça de Veado. Região Administrativa do Lago Sul. Fazenda Água Limpa (FAL-UnB). Área da MOA. Coordenada coletada."
"ÁREA DE RELEVANTE INTERESSE ECOLÓGICO CAPETINGA/TAQUARA","Angiosperms","Eriocaulaceae","Actinocephalus","armeria","(Mart. ex Körn.) F.N.Costa","ERIOCAULACEAE Actinocephalus armeria (Mart. ex Körn.) F.N.Costa","IBGE00055380",,"IBGE","Mendonca, R.C.","4951","Native","2002","Trovo, M.L.O.","2017","Bronze","Prata","jbrj-public.s3-sa-east-1.amazonaws.com/fsi/server?type=image&source=DZI/ibge/ibge/0/5/53/80/ibge00055380.dzi","Brasília","Área de Proteção Ambiental (APA) Gama e Cabeça de Veado. Fazenda Água Limpa (FAL), Universidade de Brasília - UnB. Coordenada coletada."
"ÁREA DE RELEVANTE INTERESSE ECOLÓGICO CAPETINGA/TAQUARA","Angiosperms","Euphorbiaceae","Croton","odontadenius","Müll.Arg.","EUPHORBIACEAE Croton odontadenius Müll.Arg.","IBGE00055798",,"IBGE","Fonseca, M.L.","3888","Native","2002","Sodre, R.C.","2014","Bronze","Prata","jbrj-public.s3-sa-east-1.amazonaws.com/fsi/server?type=image&source=DZI/ibge/ibge/0/5/57/98/ibge00055798.dzi","Brasília","APA Gama - Cabeça de Veado. Fazenda Água Limpa (FAL-UnB) - Área da ""MOA"". Região Administrativa do Lago Sul. Solo latossolo vermelho. Relevo plano."
"ÁREA DE RELEVANTE INTERESSE ECOLÓGICO CAPETINGA/TAQUARA","Angiosperms","Orchidaceae","Isabelia","violacea","(Lindl.) van den Berg & M.W.Chase","ORCHIDACEAE Isabelia violacea (Lindl.) van den Berg & M.W.Chase","IBGE00055085",,"IBGE","Mendonca, R.C.","4990","Native","2002","Meneguzzo, T.E.C.","2014","Bronze","Prata","jbrj-public.s3-sa-east-1.amazonaws.com/fsi/server?type=image&source=DZI/ibge/ibge/0/5/50/85/ibge00055085.dzi","Brasília","Área de Proteção Ambiental (APA) Gama e Cabeça de Veado. Fazenda Água Limpa, Universidade de Brasília - UnB. Região Administrativa (RA) do Lago Sul. Ribeirão do Gama, próximo à barra do Córrego do Taquara. Coordenada coletada."
"ÁREA DE RELEVANTE INTERESSE ECOLÓGICO CAPETINGA/TAQUARA","Angiosperms","Fabaceae","Cerradicola","lamprophylla","(Harms) L.P.Queiroz","FABACEAE Cerradicola lamprophylla (Harms) L.P.Queiroz","IBGE00055141",,"IBGE","Mendonca, R.C.","4932","Native","2002","Silva, M.A.","2012","Bronze","Prata","jbrj-public.s3-sa-east-1.amazonaws.com/fsi/server?type=image&source=DZI/ibge/ibge/0/5/51/41/ibge00055141.dzi","Brasília","Área de Proteção Ambiental (APA) Gama e Cabeça de Veado. Fazenda Água Limpa - UnB, Área da Moa, RA - Lago Sul."
"ÁREA DE RELEVANTE INTERESSE ECOLÓGICO CAPETINGA/TAQUARA","Angiosperms","Cyperaceae","Rhynchospora","dentinux","C.B.Clarke","CYPERACEAE Rhynchospora dentinux C.B.Clarke","IBGE00055382",,"IBGE","Mendonca, R.C.","4949","Native","2002","Araujo, A.C.","2008","Bronze","Prata","jbrj-public.s3-sa-east-1.amazonaws.com/fsi/server?type=image&source=DZI/ibge/ibge/0/5/53/82/ibge00055382.dzi","Brasília","Área de Proteção Ambiental (APA) Gama e Cabeça de Veado. Fazenda Água Limpa (FAL), Universidade de Brasília - UnB. Coordenada coletada."
"ÁREA DE RELEVANTE INTERESSE ECOLÓGICO CAPETINGA/TAQUARA","Angiosperms","Cyperaceae","Rhynchospora","elatior","Kunth","CYPERACEAE Rhynchospora elatior Kunth","IBGE00055369",,"IBGE","Mendonca, R.C.","5080","Native","2002","Araujo, A.C.","2008","Bronze","Prata","jbrj-public.s3-sa-east-1.amazonaws.com/fsi/server?type=image&source=DZI/ibge/ibge/0/5/53/69/ibge00055369.dzi","Brasília","Área de Proteção Ambiental (APA) do Gama - Cabeça de Veado, Fazenda Água Limpa (FAL) - Universidade de Brasília (UnB), Área de Relevante Interesse Ecológico do Capetinga, Região Administrativa (RA) do Lago Sul. Coordenada coletada."
"ÁREA DE RELEVANTE INTERESSE ECOLÓGICO CAPETINGA/TAQUARA","Angiosperms","Caryocaraceae","Caryocar","brasiliense","Cambess.","CARYOCARACEAE Caryocar brasiliense Cambess.","IBGE00055641",,"IBGE","Mendonca, R.C.","4909","Native","2002","Marquete, R.","2004","Bronze","Prata","jbrj-public.s3-sa-east-1.amazonaws.com/fsi/server?type=image&source=DZI/ibge/ibge/0/5/56/41/ibge00055641.dzi","Brasília","Área de Proteção Ambiental (APA) Gama e Cabeça de Veado. Fazenda Água Limpa, UnB, Área do ""Moa"". Região Administrativa do Lago Sul. Latossolo vermelho. Relevo plano."
"ÁREA DE RELEVANTE INTERESSE ECOLÓGICO CAPETINGA/TAQUARA","Ferns and Lycophytes","Fabaceae","Chamaecrista","densifolia","(Benth.) H.S.Irwin & Barneby","FABACEAE Chamaecrista densifolia (Benth.) H.S.Irwin & Barneby","IBGE00055009",,"IBGE","Mendonca, R.C.","4927","Native","2002","Fonseca, M.L.","2004","Bronze","Prata","jbrj-public.s3-sa-east-1.amazonaws.com/fsi/server?type=image&source=DZI/ibge/ibge/0/5/50/9/ibge00055009.dzi","Brasília","APA Gama - Cabeça de Veado. Região Administrativa do Lago Sul. Fazenda Água Limpa, UnB. Área da ""MOA"". Relevo plano. SD-23-Y-C"
"ÁREA DE RELEVANTE INTERESSE ECOLÓGICO CAPETINGA/TAQUARA","Angiosperms","Euphorbiaceae","Manihot","gracilis","Pohl","EUPHORBIACEAE Manihot gracilis subsp. gracilis Pohl","IBGE00055812",,"IBGE","Fonseca, M.L.","3886","Native","2002","Rodrigues, A.S.","2003","Bronze","Prata","jbrj-public.s3-sa-east-1.amazonaws.com/fsi/server?type=image&source=DZI/ibge/ibge/0/5/58/12/ibge00055812.dzi","Brasília","APA Gama - Cabeça de Veado. Fazenda Água Limpa (FAL-UnB) - Área da ""MOA"". Região Administrativa do Lago Sul. Solo latossolo vermelho. Relevo plano."
"ÁREA DE RELEVANTE INTERESSE ECOLÓGICO CAPETINGA/TAQUARA","Angiosperms","Fabaceae","Inga","vera","(DC.) T.D.Penn.","FABACEAE Inga vera subsp. affinis (DC.) T.D.Penn.","IBGE00054938",,"IBGE","Mendonca, R.C.","4999","Native","2002","Fonseca, M.L.","2003","Bronze","Prata","jbrj-public.s3-sa-east-1.amazonaws.com/fsi/server?type=image&source=DZI/ibge/ibge/0/5/49/38/ibge00054938.dzi","Brasília","Área de Proteção Ambiental (APA) Gama e Cabeça de Veado. Fazenda Água Limpa, Universidade de Brasília - UnB. Região Administrativa (RA) do Lago Sul. Ribeirão do Gama, próximo à barra do Córrego do Taquara. Coordenada coletada."
"ÁREA DE RELEVANTE INTERESSE ECOLÓGICO CAPETINGA/TAQUARA","Angiosperms","Lacistemataceae","Lacistema","hasslerianum","Chodat","LACISTEMATACEAE Lacistema hasslerianum Chodat","IBGE00055656",,"IBGE","Fonseca, M.L.","3743","Native","2002","Silva, M.A.","2003","Bronze","Prata","jbrj-public.s3-sa-east-1.amazonaws.com/fsi/server?type=image&source=DZI/ibge/ibge/0/5/56/56/ibge00055656.dzi","Brasília","APA Gama e Cabeça de Veado. R.A. Lago Sul (fundos da Q. 24 - SMPW). Fazenda Água Limpa (FAL - UnB). Ribeirão do Gama. Coordenada coletada."
"ÁREA DE RELEVANTE INTERESSE ECOLÓGICO CAPETINGA/TAQUARA","Angiosperms","Lamiaceae","Marsypianthes","montana","Benth.","LAMIACEAE Marsypianthes montana Benth.","IBGE00055336",,"IBGE","Mendonca, R.C.","4937","Native","2002","Fonseca, M.L.","2003","Bronze","Prata","jbrj-public-img.s3-sa-east-1.amazonaws.com/JPG/ibge/ibge/0/5/53/36/ibge00055336.jpg","Brasília","APA Gama - Cabeça de Veado. Fazenda Água Limpa (FAL-UnB) - Área da ""MOA"". Região Administrativa do Lago Sul. Relevo plano."
"ÁREA DE RELEVANTE INTERESSE ECOLÓGICO CAPETINGA/TAQUARA","Angiosperms","Malvaceae","Byttneria","hatschbachii","Cristóbal","MALVACEAE Byttneria hatschbachii Cristóbal","IBGE00055811",,"IBGE","Fonseca, M.L.","3894","Native","2002","Rosario, C.S.","2003","Bronze","Prata","jbrj-public.s3-sa-east-1.amazonaws.com/fsi/server?type=image&source=DZI/ibge/ibge/0/5/58/11/ibge00055811.dzi","Brasília","APA Gama - Cabeça de Veado. Fazenda Água Limpa (FAL-UnB) - Área da MOA - R.A. do Lago Sul. Coordenada coletada."
"ÁREA DE RELEVANTE INTERESSE ECOLÓGICO CAPETINGA/TAQUARA","Angiosperms","Melastomataceae","Miconia","sellowiana","Naudin","MELASTOMATACEAE Miconia sellowiana Naudin","IBGE00055753",,"IBGE","Fonseca, M.L.","3749","Naturalized","2002","Fonseca, M.L.","2003","Bronze","Prata","jbrj-public.s3-sa-east-1.amazonaws.com/fsi/server?type=image&source=DZI/ibge/ibge/0/5/57/53/ibge00055753.dzi","Brasília","APA Gama e Cabeça de Veado. R. A. Lago Sul (fundos da Q. 24 - SMPW). Fazenda Água Limpa (FAL - UnB). Ribeirão do Gama. Coordenada coletada."
"ÁREA DE RELEVANTE INTERESSE ECOLÓGICO CAPETINGA/TAQUARA","Angiosperms","Piperaceae","Peperomia","circinnata","Link","PIPERACEAE Peperomia circinnata Link","IBGE00055696",,"IBGE","Fonseca, M.L.","3744","Native","2002","Fonseca, M.L.","2003","Bronze","Prata","jbrj-public.s3-sa-east-1.amazonaws.com/fsi/server?type=image&source=DZI/ibge/ibge/0/5/56/96/ibge00055696.dzi","Brasília","APA Gama e Cabeça de Veado. R.A. Lago Sul (fundos da Q. 24 - SMPW). Fazenda Água Limpa (FAL - UnB). Ribeirão do Gama. Coordenada coletada."
"ÁREA DE RELEVANTE INTERESSE ECOLÓGICO CAPETINGA/TAQUARA","Angiosperms","Sapotaceae","Pradosia","brevipes","(Pierre) T.D.Penn.","SAPOTACEAE Pradosia brevipes (Pierre) T.D.Penn.","IBGE00055868",,"IBGE","Fonseca, M.L.","3895","Native","2002","Fonseca, M.L.","2003","Bronze","Prata","jbrj-public.s3-sa-east-1.amazonaws.com/fsi/server?type=image&source=DZI/ibge/ibge/0/5/58/68/ibge00055868.dzi","Brasília","APA Gama - Cabeça de Veado. Fazenda Água Limpa (FAL-UnB) - Área da MOA - R.A. do Lago Sul. Coordenada coletada."
"ÁREA DE RELEVANTE INTERESSE ECOLÓGICO CAPETINGA/TAQUARA","Angiosperms","Smilacaceae","Smilax","oblongifolia","Pohl ex Griseb.","SMILACACEAE Smilax oblongifolia Pohl ex Griseb.","IBGE00013837",,"IBGE","Mendonca, R.C.","4966","Native","2002","Andreata, R.","2003","Bronze","Prata","jbrj-public.s3-sa-east-1.amazonaws.com/fsi/server?type=image&source=DZI/ibge/ibge/0/1/38/37/ibge00013837.dzi","Brasília","Área de Proteção Ambiental Gama Gabeça de Veado. Fazenda Água Limpa. UnB. Próximo a um reflorestamento de Pinus. RA - Lago Sul. Folha: SD-23-Y-C."
"ÁREA DE RELEVANTE INTERESSE ECOLÓGICO CAPETINGA/TAQUARA","Angiosperms","Apocynaceae","Ditassa","tomentosa","(Decne.) Fontella","APOCYNACEAE Ditassa tomentosa (Decne.) Fontella","UB00100073",,"UB","Ramalho, C.L.","56","Native","2002","Ramalho, C.L.","2002","Bronze","Prata","jbrj-public.s3-sa-east-1.amazonaws.com/fsi/server?type=image&source=DZI/ub/ub/0/10/0/73/ub00100073.dzi","Brasília","Fazenda Água Limpa - Córrego da Onça."
"ÁREA DE RELEVANTE INTERESSE ECOLÓGICO CAPETINGA/TAQUARA","Angiosperms","Dioscoreaceae","Dioscorea","amaranthoides","C.Presl","DIOSCOREACEAE Dioscorea amaranthoides C.Presl","HUEFS00083856",,"HUEFS","Ramalho, C.L.","30","Native","2002","Caires, C.S.","2002","Bronze","Prata","jbrj-public.s3-sa-east-1.amazonaws.com/fsi/server?type=image&source=DZI/huefs/huefs/0/8/38/56/huefs00083856.dzi","Brasília","Fazenda Água Limpa, próximo ao córrego da onça."
"ÁREA DE RELEVANTE INTERESSE ECOLÓGICO CAPETINGA/TAQUARA","Bryophytes","Asteraceae","Porophyllum","ruderale","(Jacq.) Cass.","ASTERACEAE Porophyllum ruderale (Jacq.) Cass.","IBGE00050863",,"IBGE","Munhoz, C.B.R.","2539","Native","2001","Callago, K.","2003","Bronze","Prata","jbrj-public.s3-sa-east-1.amazonaws.com/fsi/server?type=image&source=DZI/ibge/ibge/0/5/8/63/ibge00050863.dzi","Brasília","Fazenda Água Limpa. FAL. Divisa com o Craisto Redentor (JBB) e o IBGE na mata de galeria do córrego Taquara."
"ÁREA DE RELEVANTE INTERESSE ECOLÓGICO CAPETINGA/TAQUARA","Angiosperms","Ochnaceae","Ouratea","lanceolata","(Pohl) Engl.","OCHNACEAE Ouratea lanceolata (Pohl) Engl.","IBGE00050920",,"IBGE","Santos, E.","510","Native","2000","Queiroz-Lima, A.","2025","Bronze","Prata","jbrj-public-img.s3-sa-east-1.amazonaws.com/JPG/ibge/ibge/0/5/9/20/ibge00050920.jpg","Brasília","Fazenda Água Limpa, UnB. Coordenada calculada. FAL"
"ÁREA DE RELEVANTE INTERESSE ECOLÓGICO CAPETINGA/TAQUARA","Angiosperms","Fabaceae","Chamaecrista","desvauxii","(Kunth ex Vogel) H.S.Irwin & Barneby","FABACEAE Chamaecrista desvauxii var. langsdorffii (Kunth ex Vogel) H.S.Irwin & Barneby","EAC0033220",,"EAC","Munhoz, C.","866","Native","2000","Soares Neto, R.L.","2022","Bronze","Prata","jbrj-public.s3.amazonaws.com/fsi/server?type=image&source=DZI/eac/eac/0/3/32/20/eac00033220.dzi","Brasília","Fazenda Água Limpa, divisa com o Cristo Redentor (, Na borda da mata de galeria do córrego Taquara"
"ÁREA DE RELEVANTE INTERESSE ECOLÓGICO CAPETINGA/TAQUARA","Angiosperms","Fabaceae","Chamaecrista","cyclophylla","(H.S. Irwin & Barneby) Mendes & Silva","FABACEAE Chamaecrista cyclophylla (H.S. Irwin & Barneby) Mendes & Silva","IBGE00050907",,"IBGE","Santos, E.","490","Naturalized","2000","Mendes, T.P.","2018","Bronze","Prata","jbrj-public.s3-sa-east-1.amazonaws.com/fsi/server?type=image&source=DZI/ibge/ibge/0/5/9/7/ibge00050907.dzi","Brasília","Fazenda Água Limpa, UnB."
"ÁREA DE RELEVANTE INTERESSE ECOLÓGICO CAPETINGA/TAQUARA","Angiosperms","Proteaceae","Roupala","montana","(Klotzsch) K.S.Edwards","PROTEACEAE Roupala montana var. brasiliensis (Klotzsch) K.S.Edwards","IBGE00052575",,"IBGE","Santos, E.","476","Native","2000","Fernandes, C.M.","2011","Bronze","Prata","jbrj-public.s3-sa-east-1.amazonaws.com/fsi/server?type=image&source=DZI/ibge/ibge/0/5/25/75/ibge00052575.dzi","Brasília","Folha Cartográfica SD-23-Y-C Coordenada Calculada. Fazenda Água Limpa"
"ÁREA DE RELEVANTE INTERESSE ECOLÓGICO CAPETINGA/TAQUARA","Angiosperms","Lentibulariaceae","Utricularia","laciniata","A.St.-Hil. & Girard","LENTIBULARIACEAE Utricularia laciniata A.St.-Hil. & Girard","IBGE00049295",,"IBGE","Munhoz, C.","1098","Native","2000","Albuquerque, V.","2010","Bronze","Prata","jbrj-public.s3-sa-east-1.amazonaws.com/fsi/server?type=image&source=DZI/ibge/ibge/0/4/92/95/ibge00049295.dzi","Brasília","Fazenda Água Limpa. UnB. Divisa com o Cristo Redentor (JBB) e o IBGE, na mata de galeria do Córrego Taquara. Coordenada calculada."
"ÁREA DE RELEVANTE INTERESSE ECOLÓGICO CAPETINGA/TAQUARA","Angiosperms","Asteraceae","Lessingianthus","linearis","(Spreng.) H.Rob.","ASTERACEAE Lessingianthus linearis (Spreng.) H.Rob.","IBGE00054154",,"IBGE","Munhoz, C.B.R.","1697","Native","2000","Silva, M.A.","2008","Bronze","Prata","jbrj-public.s3-sa-east-1.amazonaws.com/fsi/server?type=image&source=DZI/ibge/ibge/0/5/41/54/ibge00054154.dzi","Brasília","Fazenda Água Limpa. Divisa com o Cristo Redentor ( Jardim Botânico de Brasilia.). Próximo à mata de galeria do córrego Taquara. Borda da floresta de galeria."
"ÁREA DE RELEVANTE INTERESSE ECOLÓGICO CAPETINGA/TAQUARA","Angiosperms","Asteraceae","Eremanthus","goyazensis","(Gardner) Sch.Bip.","ASTERACEAE Eremanthus goyazensis (Gardner) Sch.Bip.","IBGE00052070",,"IBGE","Santos, E.","439","Native","2000","Callago, K.","2002","Bronze","Prata","jbrj-public.s3-sa-east-1.amazonaws.com/fsi/server?type=image&source=DZI/ibge/ibge/0/5/20/70/ibge00052070.dzi","Brasília","Fazenda Água Limpa - UNB."
"ÁREA DE RELEVANTE INTERESSE ECOLÓGICO CAPETINGA/TAQUARA","Angiosperms","Loranthaceae","Passovia","pedunculata","(Jacq.) Kuijt","LORANTHACEAE Passovia pedunculata (Jacq.) Kuijt","IBGE00052046",,"IBGE","Santos, E.","457","Native","2000","Fonseca, M.L.","2002","Bronze","Prata","jbrj-public.s3-sa-east-1.amazonaws.com/fsi/server?type=image&source=DZI/ibge/ibge/0/5/20/46/ibge00052046.dzi","Brasília","Universidade de Brasilia. Folha Cartográfica SD-23-Y-C Coordenada Calculada. Fazenda Água Limpa (FAL)"
"ÁREA DE RELEVANTE INTERESSE ECOLÓGICO CAPETINGA/TAQUARA","Angiosperms","Rubiaceae","Borreria","marticrovettiana","E.L.Cabral","RUBIACEAE Borreria marticrovettiana E.L.Cabral","IBGE00050853",,"IBGE","Munhoz, C.","1002","Native","2000","Cabral, E.","2002","Bronze","Prata","jbrj-public.s3-sa-east-1.amazonaws.com/fsi/server?type=image&source=DZI/ibge/ibge/0/5/8/53/ibge00050853.dzi","Brasília","Fazenda Água Limpa, divisa com o Cristo Redentor ( Jardim Botânico de Brasília) e o IBGE, na mata de galeria do córrego Taquara. Folha Cartográfica SD-23-Y-C Coordenada Coletada."
"ÁREA DE RELEVANTE INTERESSE ECOLÓGICO CAPETINGA/TAQUARA","Angiosperms","Asteraceae","Grazielia","dimorpholepis","(Baker) R.M.King & H.Rob.","ASTERACEAE Grazielia dimorpholepis (Baker) R.M.King & H.Rob.","IBGE00044706",,"IBGE","Sevilha, A.C.","1747","Native","1998","Hattori, E.K.O.","2010","Bronze","Prata","jbrj-public.s3-sa-east-1.amazonaws.com/fsi/server?type=image&source=DZI/ibge/ibge/0/4/47/6/ibge00044706.dzi","Brasília","Fazenda Água Limpa. Córrego Capetinga. Margem esquerda, trilha para a linha 1."
"ÁREA DE RELEVANTE INTERESSE ECOLÓGICO CAPETINGA/TAQUARA","Angiosperms","Cyatheaceae",,,"Kaulf.","CYATHEACEAE Cyatheaceae Kaulf.","R020002939",,"R","Novelino, R.F.","1347","Native","1997","Novelino, R.F.",,"Bronze","Prata","jbrj-public-img.s3-sa-east-1.amazonaws.com/JPG/herbariumr/r/2/0/2/93/9/r020002939.jpg","Brasília","FAL - Fazenda Água Limpa."
"ÁREA DE RELEVANTE INTERESSE ECOLÓGICO CAPETINGA/TAQUARA","Angiosperms","Fabaceae","Ormosia","arborea","(Vell.) Harms","FABACEAE Ormosia arborea (Vell.) Harms","HUEFS00049073",,"HUEFS","Walter, B.M.T.","2324","Native","1995","Administrador","2024","Bronze","Prata","jbrj-public.s3-sa-east-1.amazonaws.com/fsi/server?type=image&source=DZI/huefs/huefs/0/4/90/73/huefs00049073.dzi","Brasília","Fazenda Água Limpa/UnB."
"ÁREA DE RELEVANTE INTERESSE ECOLÓGICO CAPETINGA/TAQUARA","Angiosperms","Fabaceae","Vigna","halophila","(Piper) Maréchal et al.","FABACEAE Vigna halophila (Piper) Maréchal et al.","HUEFS00049074",,"HUEFS","Walter, B.M.T.","2363","Native","1995","Administrador","2024","Bronze","Prata","jbrj-public.s3-sa-east-1.amazonaws.com/fsi/server?type=image&source=DZI/huefs/huefs/0/4/90/74/huefs00049074.dzi","Brasília","Fazenda Água Limpa/UnB."
"ÁREA DE RELEVANTE INTERESSE ECOLÓGICO CAPETINGA/TAQUARA","Angiosperms","Commelinaceae","Commelina","obliqua","Vahl","COMMELINACEAE Commelina obliqua Vahl","CEN00019468",,"CEN","Walter, B.M.T.","2329","Native","1995","Hassemer, G.","2017","Bronze","Prata","jbrj-public.s3.amazonaws.com/fsi/server?type=image&source=DZI/cen/cen/0/1/94/68/cen00019468.dzi","Brasília","Fazenda Água Limpa - UnB. Coletada no bordo da cabeceira da Mata, em local bem drenado."
"ÁREA DE RELEVANTE INTERESSE ECOLÓGICO CAPETINGA/TAQUARA","Angiosperms","Commelinaceae","Commelina","erecta","L.","COMMELINACEAE Commelina erecta L.","TEPB0019297",,"TEPB","Walter, B.M.T.","2329","Native","1995","Walter, B.M.T.","1995","Bronze","Prata","jbrj-public.s3-sa-east-1.amazonaws.com/fsi/server?type=image&source=DZI/tepb/tepb/0/19/29/7/tepb0019297.dzi","Brasília","Faz. Água Limpa/ UNB, coletada na cabeçeira da mata."
"ÁREA DE RELEVANTE INTERESSE ECOLÓGICO CAPETINGA/TAQUARA","Angiosperms","Dioscoreaceae","Dioscorea","marginata","Griseb.","DIOSCOREACEAE Dioscorea marginata Griseb.","TEPB0021990",,"TEPB","Walter, B.M.T.","2364","Native","1995","Walter, B.M.T.","1995","Bronze","Prata","jbrj-public.s3-sa-east-1.amazonaws.com/fsi/server?type=image&source=DZI/tepb/tepb/0/21/99/0/tepb0021990.dzi","Brasília","Fazenda água Limpa/Unb. Mata de Galeria do Córrego, coletada na porção final da Mata."
"ÁREA DE RELEVANTE INTERESSE ECOLÓGICO CAPETINGA/TAQUARA","Angiosperms","Costaceae","Costus","spiralis","(Jacq.) Roscoe","COSTACEAE Costus spiralis (Jacq.) Roscoe","UB0012899",,"UB","Walter, B.M.T.","2318","Native","1994","Walter, B.M.T.",,"Bronze","Prata","jbrj-public.s3-sa-east-1.amazonaws.com/fsi/server?type=image&source=DZI/ub/ub/0/1/28/99/ub00012899.dzi","Brasília","Fazenda Água Limpa"
"ÁREA DE RELEVANTE INTERESSE ECOLÓGICO CAPETINGA/TAQUARA","Angiosperms","Acanthaceae","Ruellia","eriocalyx","Glaz. ex T.F.Daniel, E.Tripp & C.Ezcurra","ACANTHACEAE Ruellia eriocalyx Glaz. ex T.F.Daniel, E.Tripp & C.Ezcurra","UB00111903",,"UB","Walter, B.M.T.","2262","Native","1994","Mendonca, G.V.R.","2023","Bronze","Prata","jbrj-public.s3-sa-east-1.amazonaws.com/fsi/server?type=image&source=DZI/ub/ub/0/11/19/3/ub00111903.dzi","Brasília","Fazenda Água Limpa (UnB)."
"ÁREA DE RELEVANTE INTERESSE ECOLÓGICO CAPETINGA/TAQUARA","Angiosperms","Myrtaceae","Myrcia","magnoliifolia","DC.","MYRTACEAE Myrcia magnoliifolia DC.","IBGE00033395",,"IBGE","Walter, B.M.T.","2268","Native","1994","Carvalho, P.S.","2009","Bronze","Prata","jbrj-public.s3-sa-east-1.amazonaws.com/fsi/server?type=image&source=DZI/ibge/ibge/0/3/33/95/ibge00033395.dzi","Brasília","Fazenda Água Limpa/UnB. Córrego da Onça. Coordenada coletada."
"ÁREA DE RELEVANTE INTERESSE ECOLÓGICO CAPETINGA/TAQUARA","Angiosperms","Orchidaceae","Pachygenium","oestriferum","(Rchb.f. & Warm.) Szlach. et al.","ORCHIDACEAE Pachygenium oestriferum (Rchb.f. & Warm.) Szlach. et al.","IBGE00033548",,"IBGE","Walter, B.M.T.","2294","Native","1994","Meneguzzo, T.E.C.","2009","Bronze","Prata","jbrj-public.s3-sa-east-1.amazonaws.com/fsi/server?type=image&source=DZI/ibge/ibge/0/3/35/48/ibge00033548.dzi","Brasília","Fazenda Água Limpa/UnB. Córrego da Onça. Coordenada coletada. APA Gama Cabeça de Veado"
"ÁREA DE RELEVANTE INTERESSE ECOLÓGICO CAPETINGA/TAQUARA",,"Acanthaceae","Ruellia","lallanii","R.Kr.Singh","ACANTHACEAE Ruellia lallanii R.Kr.Singh","UB00115879",,"UB","Walter, B.M.T.","2267",,"1994","Vilar, T.S.","2008","Bronze","Prata","jbrj-public.s3-sa-east-1.amazonaws.com/fsi/server?type=image&source=DZI/ub/ub/0/11/58/79/ub00115879.dzi","Brasília","Fazenda Água Limpa (UnB)."
"ÁREA DE RELEVANTE INTERESSE ECOLÓGICO CAPETINGA/TAQUARA","Angiosperms","Loranthaceae","Psittacanthus","robustus","(Mart.) Mart.","LORANTHACEAE Psittacanthus robustus (Mart.) Mart.","IBGE00033383",,"IBGE","Walter, B.M.T.","2308","Native","1994","Barboza, M.A.","1999","Bronze","Prata","jbrj-public.s3-sa-east-1.amazonaws.com/fsi/server?type=image&source=DZI/ibge/ibge/0/3/33/83/ibge00033383.dzi","Brasília","Fazenda Àgua Limpa/UNB. Coletando na cabeceira da Mata. Espécie ocasional ao longo da mata. Maior parte da população de Q. dichotoma da cabeceira da Mata apresenta a espécie. Folha Cartográfica SD-23-Y-C Coordenada Coletada. FAL."
"ÁREA DE RELEVANTE INTERESSE ECOLÓGICO CAPETINGA/TAQUARA","Angiosperms","Dryopteridaceae","Cyclodium","meniscioides","(Willd.) C.Presl","DRYOPTERIDACEAE Cyclodium meniscioides (Willd.) C.Presl","NY00891265",,"NY","Walter, B.M.T.","2299","Native","1994","Walter, B.M.T.","1995","Bronze","Prata","jbrj-public.s3-sa-east-1.amazonaws.com/fsi/server?type=image&source=DZI/newyork/ny_/0/89/12/65/ny_00891265.dzi","Brasília","Fazenda Água Limpa / UNB."
"ÁREA DE RELEVANTE INTERESSE ECOLÓGICO CAPETINGA/TAQUARA","Angiosperms","Apocynaceae","Condylocarpon","isthmicum","(Vell.) A.DC.","APOCYNACEAE Condylocarpon isthmicum (Vell.) A.DC.","UB00100067",,"UB","Proenca, C.E.B.","1067","Native","1994","Proenca, C.E.B.","1994","Bronze","Prata","jbrj-public.s3-sa-east-1.amazonaws.com/fsi/server?type=image&source=DZI/ub/ub/0/10/0/67/ub00100067.dzi","Brasília","Fazenda Água Limpa. Parcelas permanentes da Engenharia Florestal. Córrego do Gama."
"ÁREA DE RELEVANTE INTERESSE ECOLÓGICO CAPETINGA/TAQUARA","Angiosperms","Asteraceae","Heterocondylus","alatus","(Vell.) R.M.King & H.Rob.","ASTERACEAE Heterocondylus alatus (Vell.) R.M.King & H.Rob.","IBGE00033561",,"IBGE","Walter, B.M.T.","2209","Native","1994","Ratter, J.A.","1994","Bronze","Prata","jbrj-public.s3-sa-east-1.amazonaws.com/fsi/server?type=image&source=DZI/ibge/ibge/0/3/35/61/ibge00033561.dzi","Brasília","Fazenda Água Limpa/UnB. Mata de Galeria do córrego da Onça. coletada na cabeceira da mata, mais para o bordo, em local não muito sombreado. Solo do local areno-argiloso, com muita serrapilhei ra. Espécie ocasional. Solo areno-argiloso com muita serrapilheira."
"ÁREA DE RELEVANTE INTERESSE ECOLÓGICO CAPETINGA/TAQUARA","Angiosperms","Asteraceae","Mikania","microdonta","DC.","ASTERACEAE Mikania microdonta DC.","IBGE00033484",,"IBGE","Walter, B.M.T.","2214","Native","1994","Proenca, C.","1994","Bronze","Prata","jbrj-public.s3-sa-east-1.amazonaws.com/fsi/server?type=image&source=DZI/ibge/ibge/0/3/34/84/ibge00033484.dzi","Brasília","Fazenda Água Limpa/UnB. Mata de galeria do córrego da Onça. Solo areno-argiloso com muita serrapilheira; algum cascalho superficial. Borda da mata."
"ÁREA DE RELEVANTE INTERESSE ECOLÓGICO CAPETINGA/TAQUARA",,"Schoepfiaceae","Schoepfia","brasiliensis","A.DC.","SCHOEPFIACEAE Schoepfia brasiliensis A.DC.","IBGE00041183",,"IBGE","Walter, B.M.T.","2155",,"1994","Ratter, J.A.","1994","Bronze","Prata","jbrj-public.s3-sa-east-1.amazonaws.com/fsi/server?type=image&source=DZI/ibge/ibge/0/4/11/83/ibge00041183.dzi","Brasília","Fazenda Água Limpa/UnB. Mata de Galeria do Córrego da Onça, coletada na borda da região do meio da mata. Folha Cartográfica SD-23-Y-C. Coordenada Coletada."
"ÁREA DE RELEVANTE INTERESSE ECOLÓGICO CAPETINGA/TAQUARA","Angiosperms","Malvaceae","Peltaea","edouardii","(Hochr.) Krapov. & Cristóbal","MALVACEAE Peltaea edouardii (Hochr.) Krapov. & Cristóbal","IBGE00025303",,"IBGE","Alvarenga, D.","568","Native","1990","Fernandes Junior, A.J.","2016","Bronze","Prata","jbrj-public.s3-sa-east-1.amazonaws.com/fsi/server?type=image&source=DZI/ibge/ibge/0/2/53/3/ibge00025303.dzi","Brasília","Fazenda Água Limpa, UnB."
"ÁREA DE RELEVANTE INTERESSE ECOLÓGICO CAPETINGA/TAQUARA","Angiosperms","Iridaceae","Gelasine","coerulea","(Vell.) Ravenna","IRIDACEAE Gelasine coerulea (Vell.) Ravenna","IBGE00025420",,"IBGE","Azevedo, M.L.M.","468","Native","1990","Dantas-Queiroz, M.V.","2012","Bronze","Prata","jbrj-public.s3-sa-east-1.amazonaws.com/fsi/server?type=image&source=DZI/ibge/ibge/0/2/54/20/ibge00025420.dzi","Brasília","Fazenda Água Limpa/UnB. Folha Cartográfica SD-23-Y-C. Coordenada coletada."
"ÁREA DE RELEVANTE INTERESSE ECOLÓGICO CAPETINGA/TAQUARA","Angiosperms","Cyperaceae","Rhynchospora","patuligluma","C.B.Clarke ex Lindm.","CYPERACEAE Rhynchospora patuligluma C.B.Clarke ex Lindm.","IBGE00025268",,"IBGE","Alvarenga, D.","552","Native","1990","Araujo, A.C.","2008","Bronze","Prata","jbrj-public.s3-sa-east-1.amazonaws.com/fsi/server?type=image&source=DZI/ibge/ibge/0/2/52/68/ibge00025268.dzi","Brasília","Fazenda Água Limpa. UnB. Folha: SD-23-Y-C."
"ÁREA DE RELEVANTE INTERESSE ECOLÓGICO CAPETINGA/TAQUARA","Angiosperms","Poaceae","Panicum","campestre","Nees ex Trin.","POACEAE Panicum campestre Nees ex Trin.","IBGE00025137",,"IBGE","Alvarenga, D.","581","Native","1990","Guglieri, A.","2004","Bronze","Prata","jbrj-public.s3-sa-east-1.amazonaws.com/fsi/server?type=image&source=DZI/ibge/ibge/0/2/51/37/ibge00025137.dzi","Brasília","Fazenda Água Limpa, UnB."
"ÁREA DE RELEVANTE INTERESSE ECOLÓGICO CAPETINGA/TAQUARA","Angiosperms","Fabaceae","Eriosema","crinitum","(Kunth) G.Don","FABACEAE Eriosema crinitum (Kunth) G.Don","IBGE00025121",,"IBGE","Alvarenga, D.","589","Native","1990","Fonseca, M.L.","2002","Bronze","Prata","jbrj-public.s3-sa-east-1.amazonaws.com/fsi/server?type=image&source=DZI/ibge/ibge/0/2/51/21/ibge00025121.dzi","Brasília","Fazenda Água Limpa, UnB. Folha SD-23-Y-C."
"ÁREA DE RELEVANTE INTERESSE ECOLÓGICO CAPETINGA/TAQUARA","Angiosperms","Amaranthaceae","Pfaffia","jubata","Mart.","AMARANTHACEAE Pfaffia jubata Mart.","IBGE00026858",,"IBGE","Azevedo, M.L.M.","934","Native","1990","Furlan, A.","2001","Bronze","Prata","jbrj-public.s3-sa-east-1.amazonaws.com/fsi/server?type=image&source=DZI/ibge/ibge/0/2/68/58/ibge00026858.dzi","Brasília","Fazenda Água Limpa, UnB. Queimado recentemente."
"ÁREA DE RELEVANTE INTERESSE ECOLÓGICO CAPETINGA/TAQUARA","Ferns and Lycophytes","Verbenaceae","Lippia","pumila","Cham.","VERBENACEAE Lippia pumila Cham.","IBGE00026328",,"IBGE","Silva, M.A.","1027","Native","1990","Salimena, F.R.","2001","Bronze","Prata","jbrj-public.s3-sa-east-1.amazonaws.com/fsi/server?type=image&source=DZI/ibge/ibge/0/2/63/28/ibge00026328.dzi","Brasília","Fazenda Água Limpa, UnB. Próximo ao rio Taquara. Coordenada calculada. Folha: SD-23-Y-C."
"ÁREA DE RELEVANTE INTERESSE ECOLÓGICO CAPETINGA/TAQUARA","Angiosperms","Arecaceae","Syagrus","campestris","(Mart.) H.Wendl.","ARECACEAE Syagrus campestris (Mart.) H.Wendl.","IBGECarpo90000202",,"IBGECarpo","Pereira, B.A.S.","s.n.","Native","1990","Pereira, B.A.S.","1990","Bronze","Prata","jbrj-public-img.s3-sa-east-1.amazonaws.com/JPG/ibge/ibgecarpo/90/0/2/2/ibgecarpo90000202.jpg","Brasília","Fazenda Água Limpa (UnB), cerrado entre o Córrego da Onça e o Ribeirão do Gama. Coordenada calculada."
"ÁREA DE RELEVANTE INTERESSE ECOLÓGICO CAPETINGA/TAQUARA","Angiosperms","Elaeocarpaceae","Sloanea","guianensis","(Aubl.) Benth.","ELAEOCARPACEAE Sloanea guianensis (Aubl.) Benth.","IBGE00025654",,"IBGE","Violatti, L.G.","3","Native","1989","Fonseca, M.L.","2021","Bronze","Prata","jbrj-public-img.s3-sa-east-1.amazonaws.com/JPG/ibge/ibge/0/2/56/54/ibge00025654.jpg","Brasília","Vargem Bonita. Fazenda Água Limpa. Universidade de Brasília. Mata do Gama. Linha 1, parcela 9. APA Gama Cabeça de Veado"
"ÁREA DE RELEVANTE INTERESSE ECOLÓGICO CAPETINGA/TAQUARA","Angiosperms","Asteraceae","Calea","mediterranea","(Vell.) Pruski","ASTERACEAE Calea mediterranea (Vell.) Pruski","IBGE00025260",,"IBGE","Alvarenga, D.","515","Native","1989","Bueno, V.R.","2019","Bronze","Prata","jbrj-public.s3-sa-east-1.amazonaws.com/fsi/server?type=image&source=DZI/ibge/ibge/0/2/52/60/ibge00025260.dzi","Brasília","Fazenda Água Limpa, UnB. Folha cartográfica SD-23-Y-C"
"ÁREA DE RELEVANTE INTERESSE ECOLÓGICO CAPETINGA/TAQUARA","Angiosperms","Orchidaceae","Epidendrum","avicula","Lindl.","ORCHIDACEAE Epidendrum avicula Lindl.","IBGE00024249",,"IBGE","Alvarenga, D.","345","Native","1989","Meneguzzo, T.E.C.","2008","Bronze","Prata","jbrj-public.s3-sa-east-1.amazonaws.com/fsi/server?type=image&source=DZI/ibge/ibge/0/2/42/49/ibge00024249.dzi","Brasília","Fazenda Água Limpa. FAL-UNB. Córrego Olho dÁgua da Onça. Folha Cartográfica: SD-23-Y-C. Coordenada Coletada."
"ÁREA DE RELEVANTE INTERESSE ECOLÓGICO CAPETINGA/TAQUARA","Angiosperms","Orchidaceae","Bulbophyllum","insectiferum","Barb.Rodr.","ORCHIDACEAE Bulbophyllum insectiferum Barb.Rodr.","IBGE00023737",,"IBGE","Pereira Neto, M.","367","Native","1989","Smidt, E.C.","2007","Bronze","Prata","jbrj-public.s3-sa-east-1.amazonaws.com/fsi/server?type=image&source=DZI/ibge/ibge/0/2/37/37/ibge00023737.dzi","Brasília","Fazenda Água Limpa. UnB. Córrego olho d Água da Onça. Folha: SD-23-Y-C. Coordenada calculada."
"ÁREA DE RELEVANTE INTERESSE ECOLÓGICO CAPETINGA/TAQUARA","Angiosperms","Orchidaceae","Polystachya","concreta","(Jacq.) Garay & Sweet","ORCHIDACEAE Polystachya concreta (Jacq.) Garay & Sweet","IBGE00024435",,"IBGE","Pereira Neto, M.","364","Native","1989","Fonseca, M.L.","2003","Bronze","Prata","jbrj-public.s3-sa-east-1.amazonaws.com/fsi/server?type=image&source=DZI/ibge/ibge/0/2/44/35/ibge00024435.dzi","Brasília","Fazenda Água Limpa - UnB. Córrego Olho D´água da Onça. Folha SD-23-Y-C."
"ÁREA DE RELEVANTE INTERESSE ECOLÓGICO CAPETINGA/TAQUARA","Angiosperms","Apocynaceae","Aspidosperma","discolor","A.DC.","APOCYNACEAE Aspidosperma discolor A.DC.","IBGE00025642",,"IBGE","Violatti, L.G.","13","Native","1989","Gomes, S.M.","1997","Bronze","Prata","jbrj-public-img.s3-sa-east-1.amazonaws.com/JPG/ibge/ibge/0/2/56/42/ibge00025642.jpg","Brasília","Vargem Bonita. Fazenda Água Limpa - UnB. Mata do Gama. Caminho da invasão da FAL. APA Gama Cabeça de Veado"
"ÁREA DE RELEVANTE INTERESSE ECOLÓGICO CAPETINGA/TAQUARA","Angiosperms","Apocynaceae","Mandevilla","coccinea","(Hook. & Arn.) Woodson","APOCYNACEAE Mandevilla coccinea (Hook. & Arn.) Woodson","IBGE00025523",,"IBGE","Azevedo, M.L.M.","450","Native","1989","Leewenberg, A.J.M.","1992","Bronze","Prata","jbrj-public.s3-sa-east-1.amazonaws.com/fsi/server?type=image&source=DZI/ibge/ibge/0/2/55/23/ibge00025523.dzi","Brasília","Fazenda Água Limpa, UnB. Folha SD-23-Y-C Coordenada calculada."
"ÁREA DE RELEVANTE INTERESSE ECOLÓGICO CAPETINGA/TAQUARA","Angiosperms","Iridaceae","Sisyrinchium","alatum","Hook.","IRIDACEAE Sisyrinchium alatum Hook.","IBGE00025566",,"IBGE","Alvarenga, D.","512","Native","1989","Smith, S.F.","1992","Bronze","Prata","jbrj-public.s3-sa-east-1.amazonaws.com/fsi/server?type=image&source=DZI/ibge/ibge/0/2/55/66/ibge00025566.dzi","Brasília","Fazenda Água Limpa, UnB. Folha: SD-23-Y-C."
"ÁREA DE RELEVANTE INTERESSE ECOLÓGICO CAPETINGA/TAQUARA","Angiosperms","Rutaceae","Metrodorea","stipularis","Mart.","RUTACEAE Metrodorea stipularis Mart.","IBGE00023259",,"IBGE","Silva, P.E.N.","52","Native","1988","Jr, M.G.","2002","Bronze","Prata","jbrj-public.s3-sa-east-1.amazonaws.com/fsi/server?type=image&source=DZI/ibge/ibge/0/2/32/59/ibge00023259.dzi","Brasília","Córrego do Gama. Folha Cartográfica SD-23-Y-C Coordenada Coletada. Fazenda Água Limpa/UNB."
"ÁREA DE RELEVANTE INTERESSE ECOLÓGICO CAPETINGA/TAQUARA","Angiosperms","Pontederiaceae","Pontederia","cordata","L.","PONTEDERIACEAE Pontederia cordata L.","IBGE00017868",,"IBGE","Mendonca, R.C.","521","Native","1985","Sousa, D.J.L.","2015","Bronze","Prata","jbrj-public.s3-sa-east-1.amazonaws.com/fsi/server?type=image&source=DZI/ibge/ibge/0/1/78/68/ibge00017868.dzi","Brasília","Fazenda Água Limpa. UnB. Barra do córrego Tapera com Taquara. Coordenada calculada."
"ÁREA DE RELEVANTE INTERESSE ECOLÓGICO CAPETINGA/TAQUARA","Angiosperms","Bromeliaceae","Pitcairnia","ulei","L.B.Sm.","BROMELIACEAE Pitcairnia ulei L.B.Sm.","IBGE00008553",,"IBGE","Mendonca, R.C.","480","Native","1985","Araujo, C.C.","2014","Bronze","Prata","jbrj-public.s3-sa-east-1.amazonaws.com/fsi/server?type=image&source=DZI/ibge/ibge/0/0/85/53/ibge00008553.dzi","Brasília","Capetinga; Fazenda Água Limpa/ UnB; Folha Cartográfica SD-23-Y-C Coordenada Calculada."
"ÁREA DE RELEVANTE INTERESSE ECOLÓGICO CAPETINGA/TAQUARA","Angiosperms","Cyperaceae","Rhynchospora","rostrata","Lindm.","CYPERACEAE Rhynchospora rostrata Lindm.","IBGE00010473",,"IBGE","Mendonca, R.C.","519","Native","1985","Araujo, A.C.","2008","Bronze","Prata","jbrj-public.s3-sa-east-1.amazonaws.com/fsi/server?type=image&source=DZI/ibge/ibge/0/1/4/73/ibge00010473.dzi","Brasília","Fazenda Água Limpa - FAL. UnB. Barra do córrego Tapera com o córrego Taquara. Folha: SD-23-Y-C. Coordenada calculada."
"ÁREA DE RELEVANTE INTERESSE ECOLÓGICO CAPETINGA/TAQUARA","Angiosperms","Anacardiaceae","Anacardium","occidentale","L.","ANACARDIACEAE Anacardium occidentale L.","UB00113985",,"UB","Haridasan, M.","MH445","Naturalized","1984","Haridasan, M.",,"Bronze","Prata","jbrj-public.s3-sa-east-1.amazonaws.com/fsi/server?type=image&source=DZI/ub/ub/0/11/39/85/ub00113985.dzi","Brasília","Fazenda Água Limpa, Fazenda Água Limpa."
"ÁREA DE RELEVANTE INTERESSE ECOLÓGICO CAPETINGA/TAQUARA","Angiosperms","Amaranthaceae","Amaranthus","spinosus","L.","AMARANTHACEAE Amaranthus spinosus L.","UB00112510",,"UB","Pereira, L.","24","Native","1983","Furlan, A.","2001","Bronze","Prata","jbrj-public.s3-sa-east-1.amazonaws.com/fsi/server?type=image&source=DZI/ub/ub/0/11/25/10/ub00112510.dzi","Brasília","Fazenda Água Limpa. Acima do galpão de máquinas."
"ÁREA DE RELEVANTE INTERESSE ECOLÓGICO CAPETINGA/TAQUARA","Angiosperms","Amaranthaceae","Amaranthus","viridis","L.","AMARANTHACEAE Amaranthus viridis L.","UB00112508",,"UB","Pereira, L.","23","Native","1983","Furlan, A.","2001","Bronze","Prata","jbrj-public.s3-sa-east-1.amazonaws.com/fsi/server?type=image&source=DZI/ub/ub/0/11/25/8/ub00112508.dzi","Brasília","Fazenda Água Limpa. Acima do galpão de máquinas."
"ÁREA DE RELEVANTE INTERESSE ECOLÓGICO CAPETINGA/TAQUARA","Angiosperms","Poaceae","Sorghum","bicolor","(L.) Moench","POACEAE Sorghum bicolor (L.) Moench","IBGE00013017",,"IBGE","Filgueiras, T.S.","871","Native","1981","Fonseca, M.L.","2023","Bronze","Prata","jbrj-public.s3-sa-east-1.amazonaws.com/fsi/server?type=image&source=DZI/ibge/ibge/0/1/30/17/ibge00013017.dzi","Brasília","Fazenda Água Limpa, UnB. Coordenada calculada."
"ÁREA DE RELEVANTE INTERESSE ECOLÓGICO CAPETINGA/TAQUARA","Angiosperms","Fabaceae","Cochliasanthus","caracalla","(L.) Trew","FABACEAE Cochliasanthus caracalla (L.) Trew","IBGE00015289",,"IBGE","Heringer, E.P.","7238","Native","1981","Liesner, R.","1991","Bronze","Prata","jbrj-public.s3-sa-east-1.amazonaws.com/fsi/server?type=image&source=DZI/ibge/ibge/0/1/52/89/ibge00015289.dzi","Brasília","Folha Cartográfica SD-23-Y-C Coordenada Calculada. Fazenda Água Limpa, UnB."
"ÁREA DE RELEVANTE INTERESSE ECOLÓGICO CAPETINGA/TAQUARA","Angiosperms","Fabaceae","Desmodium","distortum","(Aubl.) J.F.Macbr.","FABACEAE Desmodium distortum (Aubl.) J.F.Macbr.","IBGE00006176",,"IBGE","Heringer, E.P.","4670","Native","1980","Tozzi, A.M.A.","2015","Bronze","Prata","jbrj-public.s3-sa-east-1.amazonaws.com/fsi/server?type=image&source=DZI/ibge/ibge/0/0/61/76/ibge00006176.dzi","Brasília","Fazenda Água Limpa, UnB. Folha Cartográfica SD-23-Y-C Coordenada Calculada."
"ÁREA DE RELEVANTE INTERESSE ECOLÓGICO CAPETINGA/TAQUARA","Angiosperms","Lythraceae","Cuphea","spermacoce","A.St.-Hil.","LYTHRACEAE Cuphea spermacoce var. spermacoce A.St.-Hil.","K001066550",,"K","Ratter, J.A.","4557","Native","1980","Graham, S.A.H.","2008","Bronze","Prata","jbrj-public.s3-sa-east-1.amazonaws.com/fsi/server?type=image&source=DZI/kew/k/0/10/66/55/0/k001066550.dzi","Brasília","Fazenda Água Limpa, University of Brasília field station, near Vargem Bonita, c 18km SSW of Brasília TV tower."
"ÁREA DE RELEVANTE INTERESSE ECOLÓGICO CAPETINGA/TAQUARA","Angiosperms","Fabaceae","Lupinus","mutabilis","Sweet","FABACEAE Lupinus mutabilis Sweet","IBGE00014775",,"IBGE","Heringer, E.P.","5477","Native","1980","Huyhes, C.","2004","Bronze","Prata","jbrj-public.s3-sa-east-1.amazonaws.com/fsi/server?type=image&source=DZI/ibge/ibge/0/1/47/75/ibge00014775.dzi","Brasília","Fazenda Água Limpa - UnB. Folha: SD-23-Y-C. Coordenada calculada."
"ÁREA DE RELEVANTE INTERESSE ECOLÓGICO CAPETINGA/TAQUARA","Angiosperms","Poaceae","Panicum","cervicatum","Chase","POACEAE Panicum cervicatum Chase","IBGE00012482",,"IBGE","Cesar, H.L.","450","Native","1980","Guglieri, A.","2004","Bronze","Prata","jbrj-public.s3-sa-east-1.amazonaws.com/fsi/server?type=image&source=DZI/ibge/ibge/0/1/24/82/ibge00012482.dzi","Brasília","Fazenda Água Limpa, UnB. Área de experimentação sobre os efeitos do fogo na vegetação."
"ÁREA DE RELEVANTE INTERESSE ECOLÓGICO CAPETINGA/TAQUARA","Angiosperms","Poaceae","Panicum","mystasipum","Zuloaga & Morrone","POACEAE Panicum mystasipum Zuloaga & Morrone","IBGE00012517",,"IBGE","Cesar, H.L.","185","Native","1980","Guglieri, A.","2004","Bronze","Prata","jbrj-public.s3-sa-east-1.amazonaws.com/fsi/server?type=image&source=DZI/ibge/ibge/0/1/25/17/ibge00012517.dzi","Brasília","Fazenda Água Limpa, UnB."
"ÁREA DE RELEVANTE INTERESSE ECOLÓGICO CAPETINGA/TAQUARA","Angiosperms","Fabaceae","Teramnus","uncinatus","(L.) Sw.","FABACEAE Teramnus uncinatus (L.) Sw.","IBGE00006392",,"IBGE","Heringer, E.P.","4671","Native","1980","Liesner, R.","1991","Bronze","Prata","jbrj-public.s3-sa-east-1.amazonaws.com/fsi/server?type=image&source=DZI/ibge/ibge/0/0/63/92/ibge00006392.dzi","Brasília","Fazenda Água Limpa. UnB. Coordenada Calculada."
"ÁREA DE RELEVANTE INTERESSE ECOLÓGICO CAPETINGA/TAQUARA","Angiosperms","Fabaceae","Centrosema","macrocarpum","Benth.","FABACEAE Centrosema macrocarpum Benth.","IBGE00014291",,"IBGE","Heringer, E.P.","4929","Native","1980","Frantz, P.R.","1988","Bronze","Prata","jbrj-public.s3-sa-east-1.amazonaws.com/fsi/server?type=image&source=DZI/ibge/ibge/0/1/42/91/ibge00014291.dzi","Brasília","Fazenda Água Limpa - UnB. Folha cartográfica: SD-23-Y-C. Coordenada calculada."
"ÁREA DE RELEVANTE INTERESSE ECOLÓGICO CAPETINGA/TAQUARA","Angiosperms","Poaceae","Setaria",,"P. Beauv.","POACEAE Setaria P. Beauv.","IBGE00005923",,"IBGE","Heringer, E.P.","4680","Native","1980","Heringer, E.P.","1980","Bronze","Prata","jbrj-public.s3-sa-east-1.amazonaws.com/fsi/server?type=image&source=DZI/ibge/ibge/0/0/59/23/ibge00005923.dzi","Brasília","Lago Sul. Fazenda Água Limpa. Em canteiro experimental."
"ÁREA DE RELEVANTE INTERESSE ECOLÓGICO CAPETINGA/TAQUARA","Angiosperms","Poaceae","Trachypogon",,"Nees","POACEAE Trachypogon Nees","IBGE00006749",,"IBGE","Cesar, H.L.","395","Native","1980","Cesar, H.L.","1980","Bronze","Prata","jbrj-public.s3-sa-east-1.amazonaws.com/fsi/server?type=image&source=DZI/ibge/ibge/0/0/67/49/ibge00006749.dzi","Brasília","Fazenda Água Limpa, UnB. Latossolo vermelho/amarelo, não encharcado; declive suave."
"ÁREA DE RELEVANTE INTERESSE ECOLÓGICO CAPETINGA/TAQUARA","Angiosperms","Poaceae","Urochloa","humidicola","(Rendle) Morrone & Zuloaga","POACEAE Urochloa humidicola (Rendle) Morrone & Zuloaga","IBGE00003331",,"IBGE","Heringer, E.P.","3248","Native","1980","Heringer, E.P.","1980","Bronze","Prata","jbrj-public.s3-sa-east-1.amazonaws.com/fsi/server?type=image&source=DZI/ibge/ibge/0/0/33/31/ibge00003331.dzi","Brasília","Fazenda Água Limpa, UnB."
"ÁREA DE RELEVANTE INTERESSE ECOLÓGICO CAPETINGA/TAQUARA","Angiosperms","Poaceae","Urochloa","ruziziensis","(R.Germ.& Evrard) Crins","POACEAE Urochloa ruziziensis (R.Germ.& Evrard) Crins","IBGE00005922",,"IBGE","Heringer, E.P.","4678","Native","1980","Heringer, E.P.","1980","Bronze","Prata","jbrj-public.s3-sa-east-1.amazonaws.com/fsi/server?type=image&source=DZI/ibge/ibge/0/0/59/22/ibge00005922.dzi","Brasília","Fazenda Água Limpa, UnB. Canteiro Experimental. Coordenada calculada."
"ÁREA DE RELEVANTE INTERESSE ECOLÓGICO CAPETINGA/TAQUARA","Angiosperms","Myrtaceae","Myrcia","microphylla","O.Berg","MYRTACEAE Myrcia microphylla O.Berg","EAC00009167",,"EAC","Cesar, H.L.","691","Native","1979","Lima, L.","2019","Bronze","Prata","jbrj-public.s3-sa-east-1.amazonaws.com/fsi/server?type=image&source=DZI/eac/eac/0/0/91/67/eac00009167.dzi","Brasília","Fazenda Água Limpa."
"ÁREA DE RELEVANTE INTERESSE ECOLÓGICO CAPETINGA/TAQUARA","Ferns and Lycophytes","Poaceae","Schizachyrium","microstachyum","(Desv. ex Ham.) Roseng., B.R.Arrill. & Izag.","POACEAE Schizachyrium microstachyum (Desv. ex Ham.) Roseng., B.R.Arrill. & Izag.","IBGE00006764",,"IBGE","Cesar, H.L.","216","Native","1979","Fonseca, M.L.","2005","Bronze","Prata","jbrj-public.s3-sa-east-1.amazonaws.com/fsi/server?type=image&source=DZI/ibge/ibge/0/0/67/64/ibge00006764.dzi","Brasília","Fazenda Água Limpa. UnB. Área de experimentação sobre os efeitos do fogo na vegetação. Latossolo vermelho/amarelo, não encharcado. Declive suave."
"ÁREA DE RELEVANTE INTERESSE ECOLÓGICO CAPETINGA/TAQUARA","Angiosperms","Poaceae","Cenchrus","echinatus","L.","POACEAE Cenchrus echinatus L.","IBGE00011895",,"IBGE","Heringer, E.P.","2078","Native","1979","Kew","1983","Bronze","Prata","jbrj-public.s3-sa-east-1.amazonaws.com/fsi/server?type=image&source=DZI/ibge/ibge/0/1/18/95/ibge00011895.dzi","Brasília","Fazenda Água Limpa. Coleção de forrageiras. Folha: SD-23-Y-C. Coordenada calculada."
"ÁREA DE RELEVANTE INTERESSE ECOLÓGICO CAPETINGA/TAQUARA","Angiosperms","Acanthaceae","Stenandrium","pohlii","Nees","ACANTHACEAE Stenandrium pohlii Nees","EAC0009193",,"EAC","Cesar, H.L.","s.n.","Cultivated","1979","Cesar, H.L.","1980","Bronze","Prata","jbrj-public.s3.amazonaws.com/fsi/server?type=image&source=DZI/eac/eac/0/0/91/93/eac00009193.dzi","Brasília","Fazenda Água Limpa"
"ÁREA DE RELEVANTE INTERESSE ECOLÓGICO CAPETINGA/TAQUARA","Angiosperms","Asteraceae","Calea","reticulata","Gardner","ASTERACEAE Calea reticulata Gardner","EAC0009145",,"EAC","Cesar, H.L.","295","Native","1979","Cesar, H.L.","1980","Bronze","Prata","jbrj-public.s3.amazonaws.com/fsi/server?type=image&source=DZI/eac/eac/0/0/91/45/eac00009145.dzi","Brasília","Fazenda Água Limpa"
"ÁREA DE RELEVANTE INTERESSE ECOLÓGICO CAPETINGA/TAQUARA","Angiosperms","Euphorbiaceae","Croton","fulvus","Mart.","EUPHORBIACEAE Croton fulvus Mart.","EAC0009200",,"EAC","Cesar, H.L.","535","Native","1979","Cesar, H.L.","1980","Bronze","Prata","jbrj-public.s3.amazonaws.com/fsi/server?type=image&source=DZI/eac/eac/0/0/92/0/eac00009200.dzi","Brasília","Fazenda Água Limpa, Latossolo vermelho-amarelo; não encharcado, declive suave, área de experimentação sobre os efeitos do fogo na vegetação herbácea-subarbustiva."
"ÁREA DE RELEVANTE INTERESSE ECOLÓGICO CAPETINGA/TAQUARA","Angiosperms","Lamiaceae","Eriope","complicata","Mart. ex Benth.","LAMIACEAE Eriope complicata Mart. ex Benth.","EAC0009215",,"EAC","Cesar, H.L.","542","Native","1979","Al., E.","1980","Bronze","Prata","jbrj-public.s3.amazonaws.com/fsi/server?type=image&source=DZI/eac/eac/0/0/92/15/eac00009215.dzi","Brasília","Fazenda Água Limpa, Latossola vermelho-amarelo, não encharcado, declive suave, área de experimentação sobre os efeitos do fogo na vegetação hebácea subarbustiva."
"ÁREA DE RELEVANTE INTERESSE ECOLÓGICO CAPETINGA/TAQUARA","Angiosperms","Poaceae","Cynodon","nlemfuensis","Vanderyst","POACEAE Cynodon nlemfuensis Vanderyst","IBGE00011945",,"IBGE","Heringer, E.P.","2079","Native","1979","Heringer, E.P.","1979","Bronze","Prata","jbrj-public.s3-sa-east-1.amazonaws.com/fsi/server?type=image&source=DZI/ibge/ibge/0/1/19/45/ibge00011945.dzi","Brasília","Fazenda Água Limpa, UnB. Coleção de Forrageira. Folha: SD-23-Y-C. Coordenada calculada."
"ÁREA DE RELEVANTE INTERESSE ECOLÓGICO CAPETINGA/TAQUARA","Angiosperms","Apocynaceae","Mandevilla","longiflora","(Desf.) Pichon","APOCYNACEAE Mandevilla longiflora (Desf.) Pichon","UB00121520",,"UB","Ratter, J.A.","4283","Native","1978","Gomes, S.M.","2006","Bronze","Prata","jbrj-public.s3-sa-east-1.amazonaws.com/fsi/server?type=image&source=DZI/ub/ub/0/12/15/20/ub00121520.dzi","Brasília","Fazenda Água Limpa (University of Brasília field station), near Vargem Bonita, ca. 18km SSW of Brasília TV Tower."
"ÁREA DE RELEVANTE INTERESSE ECOLÓGICO CAPETINGA/TAQUARA","Angiosperms","Amaranthaceae","Gomphrena","lanigera","Pohl ex Moq.","AMARANTHACEAE Gomphrena lanigera Pohl ex Moq.","UB00112552",,"UB","Ratter, J.A.","4241","Native","1978","Furlan, A.","2001","Bronze","Prata","jbrj-public.s3-sa-east-1.amazonaws.com/fsi/server?type=image&source=DZI/ub/ub/0/11/25/52/ub00112552.dzi","Brasília","Fazenda Água Limpa (University of Brasília field station), near Vargem Bonita, ca. 18km SSW of Brasília TV Tower."
"ÁREA DE RELEVANTE INTERESSE ECOLÓGICO CAPETINGA/TAQUARA","Angiosperms","Anacardiaceae","Astronium","fraxinifolium","Schott","ANACARDIACEAE Astronium fraxinifolium Schott","UB00113508",,"UB","Ratter, J.A.","3857","Native","1976","Ratter, J.A.",,"Bronze","Prata","jbrj-public.s3-sa-east-1.amazonaws.com/fsi/server?type=image&source=DZI/ub/ub/0/11/35/8/ub00113508.dzi","Brasília","Fazenda Água Limpa (University of Brasília field station), near Vargem Bonita, ca. 18.0 km SSW of Brasília TV Tower."
"ÁREA DE RELEVANTE INTERESSE ECOLÓGICO CAPETINGA/TAQUARA","Angiosperms","Annonaceae","Annona","monticola","Mart.","ANNONACEAE Annona monticola Mart.","UB00115202",,"UB","Ratter, J.A.","3221","Native","1976","Ratter, J.A.",,"Bronze","Prata","jbrj-public.s3-sa-east-1.amazonaws.com/fsi/server?type=image&source=DZI/ub/ub/0/11/52/2/ub00115202.dzi","Brasília","Fazenda Água Limpa (University of Brasília field station), near Vargem Bonita, ca. 18km SSW of Brasília TV Tower."
"ÁREA DE RELEVANTE INTERESSE ECOLÓGICO CAPETINGA/TAQUARA","Angiosperms","Apiaceae","Eryngium","eurycephalum","Malme","APIACEAE Eryngium eurycephalum Malme","UB00116390",,"UB","Ratter, J.A.","3082","Native","1976","Diober, L.B.","2024","Bronze","Prata","jbrj-public.s3-sa-east-1.amazonaws.com/fsi/server?type=image&source=DZI/ub/ub/0/11/63/90/ub00116390.dzi","Brasília","Fazenda Água Limpa (University of Brasília field station), near Vargem Bonita, ca. 18.0 km SSW of Brasília TV tower."
"ÁREA DE RELEVANTE INTERESSE ECOLÓGICO CAPETINGA/TAQUARA",,"Fabaceae","Hymenaea","martiana","Hayne","FABACEAE Hymenaea martiana Hayne","K000404227",,"K","Ratter, J.A.","3533",,"1976","Administrador","2020","Bronze","Prata","jbrj-public.s3-sa-east-1.amazonaws.com/fsi/server?type=image&source=DZI/kew/k/0/4/4/22/7/k000404227.dzi","Brasília","Fazenda Agua Limpa (University of Brasília field station), near Vargem Bonita, c.18km SSW of Brasília TV Tower."
"ÁREA DE RELEVANTE INTERESSE ECOLÓGICO CAPETINGA/TAQUARA","Angiosperms","Acanthaceae","Staurogyne",,"Wall.","ACANTHACEAE Staurogyne Wall.","UB00123553",,"UB","Ratter, J.A.","3873","Native","1976","Fernandes, U.G.","2017","Bronze","Prata","jbrj-public.s3-sa-east-1.amazonaws.com/fsi/server?type=image&source=DZI/ub/ub/0/12/35/53/ub00123553.dzi","Brasília","Fazenda Água Limpa (FAL)."
"ÁREA DE RELEVANTE INTERESSE ECOLÓGICO CAPETINGA/TAQUARA","Angiosperms","Eriocaulaceae","Actinocephalus","bongardii","(A.St.-Hil.) Sano","ERIOCAULACEAE Actinocephalus bongardii (A.St.-Hil.) Sano","IBGE00010691",,"IBGE","Heringer, E.P.","16198","Native","1976","Trovo, M.L.O.","2017","Bronze","Prata","jbrj-public.s3-sa-east-1.amazonaws.com/fsi/server?type=image&source=DZI/ibge/ibge/0/1/6/91/ibge00010691.dzi","Brasília","Fazenda Água Limpa, UnB. Coordenadas calculadas. Folha cartográfica: SD-23-Y-C"
"ÁREA DE RELEVANTE INTERESSE ECOLÓGICO CAPETINGA/TAQUARA","Angiosperms","Orchidaceae","Sacoila","lanceolata","(Aubl.) Garay","ORCHIDACEAE Sacoila lanceolata (Aubl.) Garay","IBGE00003695",,"IBGE","Heringer, E.P.","15941","Native","1976","Meneguzzo, T.E.C.","2009","Bronze","Prata","jbrj-public.s3-sa-east-1.amazonaws.com/fsi/server?type=image&source=DZI/ibge/ibge/0/0/36/95/ibge00003695.dzi","Brasília","Fazenda Água Limpa, UnB. Folha: SD-23-Y-C. Coordenada coletada."
"ÁREA DE RELEVANTE INTERESSE ECOLÓGICO CAPETINGA/TAQUARA","Angiosperms","Apocynaceae","Mandevilla","myriophylla","(Taub. ex Ule) Woodson","APOCYNACEAE Mandevilla myriophylla (Taub. ex Ule) Woodson","UB00121635",,"UB","Ratter, J.A.","3981","Native","1976","Gomes, S.M.","2006","Bronze","Prata","jbrj-public.s3-sa-east-1.amazonaws.com/fsi/server?type=image&source=DZI/ub/ub/0/12/16/35/ub00121635_1.dzi|jbrj-public.s3-sa-east-1.amazonaws.com/fsi/server?type=image&source=DZI/ub/ub/0/12/16/35/ub00121635.dzi","Brasília","Fazenda Água Limpa (University of Brasília field station), near Vargem Bonita, ca. 18km SSW of Brasília TV tower."
"ÁREA DE RELEVANTE INTERESSE ECOLÓGICO CAPETINGA/TAQUARA","Angiosperms","Apocynaceae","Mandevilla","pohliana","(Stadelm.) A.H.Gentry","APOCYNACEAE Mandevilla pohliana (Stadelm.) A.H.Gentry","UB00121578",,"UB","Ratter, J.A.","3868","Native","1976","Gomes, S.M.","2006","Bronze","Prata","jbrj-public.s3-sa-east-1.amazonaws.com/fsi/server?type=image&source=DZI/ub/ub/0/12/15/78/ub00121578.dzi","Brasília","Fazenda Água Limpa (University of Brasília field station), near Vargem Bonita, ca. 18km SSW. of Brasília TV tower."
"ÁREA DE RELEVANTE INTERESSE ECOLÓGICO CAPETINGA/TAQUARA","Angiosperms","Amaranthaceae","Gomphrena","celosioides","Mart.","AMARANTHACEAE Gomphrena celosioides Mart.","UB00112543",,"UB","Ratter, J.A.","2970","Native","1976","Furlan, A.","2001","Bronze","Prata","jbrj-public.s3-sa-east-1.amazonaws.com/fsi/server?type=image&source=DZI/ub/ub/0/11/25/43/ub00112543.dzi","Brasília","Fazenda Água Limpa (University of Brasília field station), near Vargem Bonita, ca. 18km SSW of Brasília TV Tower."
"ÁREA DE RELEVANTE INTERESSE ECOLÓGICO CAPETINGA/TAQUARA","Angiosperms","Iridaceae","Pseudotrimezia","juncifolia","(Klatt) Lovo & A.Gil","IRIDACEAE Pseudotrimezia juncifolia (Klatt) Lovo & A.Gil","K001190143",,"K","Ratter, J.A.","3837/A","Native","1976","Chukr, N.S.","1998","Bronze","Prata","imagens1.jbrj.gov.br/fsi/server?type=image&source=hvpr/kew/batch212/K001190143.jpg","Brasília","FAzenda Agua Limpa (University of Brasilia field station); Near Vargem Bonita, ca. 18 km SSW of Brasília TV tower."
"ÁREA DE RELEVANTE INTERESSE ECOLÓGICO CAPETINGA/TAQUARA","Angiosperms","Apocynaceae","Asclepias","candida","Vell.","APOCYNACEAE Asclepias candida Vell.","UB00117277",,"UB","Ratter, J.A.","3798","Native","1976","Fontella, J.","1988","Bronze","Prata","jbrj-public.s3-sa-east-1.amazonaws.com/fsi/server?type=image&source=DZI/ub/ub/0/11/72/77/ub00117277.dzi","Brasília","Fazenda Água Limpa (University of Brasília field station), near Vargem Bonita, c. 18 km SSW of Brasília TV Tower."
"ÁREA DE RELEVANTE INTERESSE ECOLÓGICO CAPETINGA/TAQUARA","Angiosperms","Apocynaceae","Barjonia","erecta","(Vell.) K.Schum.","APOCYNACEAE Barjonia erecta (Vell.) K.Schum.","UB00117665",,"UB","Ratter, J.A.","2898","Native","1976","Fontella, J.","1988","Bronze","Prata","jbrj-public.s3-sa-east-1.amazonaws.com/fsi/server?type=image&source=DZI/ub/ub/0/11/76/65/ub00117665.dzi","Brasília","Fazenda Água Limpa (University of Brasília field station), near Vargem Bonita, c. 18 km SSW of Brasília TV Tower."
"ÁREA DE RELEVANTE INTERESSE ECOLÓGICO CAPETINGA/TAQUARA","Angiosperms","Solanaceae","Brunfelsia","obovata","J.A.Schmidt","SOLANACEAE Brunfelsia obovata var. coriacea J.A.Schmidt","IBGE00004110",,"IBGE","Heringer, E.P.","15938","Native","1976","Plowman, T.","1980","Bronze","Prata","jbrj-public.s3-sa-east-1.amazonaws.com/fsi/server?type=image&source=DZI/ibge/ibge/0/0/41/10/ibge00004110.dzi","Brasília","Fazenda Água Limpa (UnB). Folha Cartográfica SD-23-Y-C. Coordenada Calculada."
"ÁREA DE RELEVANTE INTERESSE ECOLÓGICO CAPETINGA/TAQUARA","Angiosperms","Xyridaceae","Xyris","metallica","Klotzsch ex Seub.","XYRIDACEAE Xyris metallica Klotzsch ex Seub.","CEN00117261",,"CEN","Lozano-Usp, E.D.","4865","Native","1921","Lozano, E.D.","2021","Bronze","Prata","jbrj-public.s3-sa-east-1.amazonaws.com/fsi/server?type=image&source=DZI/cen/cen/0/11/72/61/cen00117261.dzi","Brasília","Fazenda Água Limpa, próximo ao córrego Taquara."
"ÁREA DE RELEVANTE INTERESSE ECOLÓGICO CAPETINGA/TAQUARA","Angiosperms","Combretaceae","Terminalia","fagifolia","Mart.","COMBRETACEAE Terminalia fagifolia Mart.","FJC000228","splink","FJC","Pinheiro, J.D.S.","228","Native",,"Pinheiro, J.D.S.",,"Bronze","Prata",,"Brasília","Fazenda Água Limpa"
"ÁREA DE RELEVANTE INTERESSE ECOLÓGICO CAPETINGA/TAQUARA","Angiosperms","Connaraceae","Rourea","chrysomalla","Glaz. ex G.Schellenb.","CONNARACEAE Rourea chrysomalla Glaz. ex G.Schellenb.","FJC000231","splink","FJC","Pinheiro, J.D.S.","231","Native",,"Pinheiro, J.D.S.",,"Bronze","Prata",,"Brasília","Fazenda Água Limpa"
"ÁREA DE RELEVANTE INTERESSE ECOLÓGICO CAPETINGA/TAQUARA","Angiosperms","Fabaceae","Anadenanthera","colubrina","(Vell.) Brenan","FABACEAE Anadenanthera colubrina (Vell.) Brenan","FJC000218","splink","FJC","Pinheiro, J.D.S.","218","Native",,"Pinheiro, J.D.S.",,"Bronze","Prata",,"Brasília","Fazenda Água Limpa"
"ÁREA DE RELEVANTE INTERESSE ECOLÓGICO CAPETINGA/TAQUARA","Angiosperms","Fabaceae","Eriosema","glabrum","Mart. ex Benth.","FABACEAE Eriosema glabrum Mart. ex Benth.","UB1150452","splink","UB","Stevens, A.D.","413187","Native",,"Proenca, C.E.B.",,"Bronze","Prata",,"Brasília","Fazenda Água Limpa, Fazenda Água Limpa."
"ÁREA DE RELEVANTE INTERESSE ECOLÓGICO CAPETINGA/TAQUARA","Angiosperms","Hypericaceae","Vismia","guianensis","(Aubl.) Choisy","HYPERICACEAE Vismia guianensis (Aubl.) Choisy","FJC000230","splink","FJC","Pinheiro, J.D.S.","230","Native",,"Pinheiro, J.D.S.",,"Bronze","Prata",,"Brasília","Fazenda Água Limpa"
"ÁREA DE RELEVANTE INTERESSE ECOLÓGICO CAPETINGA/TAQUARA","Angiosperms","Malvaceae",,,"Juss.","MALVACEAE Malvaceae Juss.","UB1358568",,"UB","Coelho, L.A.","1?","Native",,"Coelho, L.A.",,"Bronze","Prata",,"Brasília","Fazenda Água Limpa."
"ÁREA DE RELEVANTE INTERESSE ECOLÓGICO CAPETINGA/TAQUARA","Angiosperms","Myrtaceae",,,"Juss.","MYRTACEAE Myrtaceae Juss.","FJC000222","splink","FJC","Pinheiro, J.D.S.","222","Native",,"Pinheiro, J.D.S.",,"Bronze","Prata",,"Brasília","Fazenda Água Limpa"
"ÁREA DE RELEVANTE INTERESSE ECOLÓGICO CAPETINGA/TAQUARA","Angiosperms","Piperaceae","Piper","hispidum","Sw.","PIPERACEAE Piper hispidum Sw.","MBM225748","splink","MBM","Walter, B.M.T.","2160","Native",,"Proenca, C.E.",,"Bronze","Prata",,"Brasília","Fazenda Água Limpa, Brasília."
"ÁREA DE RELEVANTE INTERESSE ECOLÓGICO CAPETINGA/TAQUARA","Angiosperms","Proteaceae","Roupala","montana","Aubl.","PROTEACEAE Roupala montana Aubl.","MBM186608","splink","MBM","Kirkibride Junior","10","Native",,"Proenca, C.",,"Bronze","Prata",,"Brasília","Fazenda Água Limpa."
"ÁREA DE RELEVANTE INTERESSE ECOLÓGICO CAPETINGA/TAQUARA","Angiosperms","Simaroubaceae","Simarouba","versicolor","A.St.-Hil.","SIMAROUBACEAE Simarouba versicolor A.St.-Hil.","FJC000233","splink","FJC","Pinheiro, J.D.S.","233","Native",,"Pinheiro, J.D.S.",,"Bronze","Prata",,"Brasília","Fazenda Água Limpa"
"ÁREA DE RELEVANTE INTERESSE ECOLÓGICO CAPETINGA/TAQUARA","Angiosperms","Velloziaceae","Barbacenia","andersonii","L.B.Sm. & Ayensu","VELLOZIACEAE Barbacenia andersonii L.B.Sm. & Ayensu","MBM229722","splink","MBM","Ratter, J.A.","3833","Native",,"Menezes, N.L.",,"Bronze","Prata",,"Brasília","Fazenda Água Limpa, próximo a Vargem Bonita."
"ÁREA DE RELEVANTE INTERESSE ECOLÓGICO CAPETINGA/TAQUARA","Angiosperms","Asteraceae","Moquiniastrum","polymorphum","(Less.) G. Sancho","ASTERACEAE Moquiniastrum polymorphum (Less.) G. Sancho","FJC000079","splink","FJC","Pinheiro, J.D.S.","79","Native",,"Pinheiro, J.D.S.","2023","Bronze","Prata",,"Brasília","Fazenda Água Limpa"
"ÁREA DE RELEVANTE INTERESSE ECOLÓGICO CAPETINGA/TAQUARA","Angiosperms","Meliaceae","Cabralea","canjerana","(Vell.) Mart.","MELIACEAE Cabralea canjerana (Vell.) Mart.","FJC000082","splink","FJC","Pinheiro, J.D.S.","82","Native",,"Pinheiro, J.D.S.","2023","Bronze","Prata",,"Brasília","Fazenda Água Limpa"
"ÁREA DE RELEVANTE INTERESSE ECOLÓGICO CAPETINGA/TAQUARA","Angiosperms","Sematophyllaceae","Brittonodoxa","subpinnata","(Brid.) W.R. Buck, P.E.A.S.Câmara & Carv.-Silva","SEMATOPHYLLACEAE Brittonodoxa subpinnata (Brid.) W.R. Buck, P.E.A.S.Câmara & Carv.-Silva","UB1358625",,"UB","Incognito","01482s.n.","Cultivated",,"Camara, P.E.A.S.","2016","Bronze","Prata",,"Brasília","Fazenda Água Limpa, Campo Experimental da UnB, Córrego da Onça."
"ÁREA DE RELEVANTE INTERESSE ECOLÓGICO CAPETINGA/TAQUARA","Angiosperms","Hypnaceae","Chryso-hypnum","elegantulum","(Hook.) Hampe","HYPNACEAE Chryso-hypnum elegantulum (Hook.) Hampe","UB1338563",,"UB","Proenca, C.E.B.","011931246","Native",,"Camara, P.E.A.S.","2015","Bronze","Prata",,"Brasília","Fazenda Água Limpa, Mata da Onça, Centro Oeste."
"ÁREA DE RELEVANTE INTERESSE ECOLÓGICO CAPETINGA/TAQUARA","Angiosperms","Dicranaceae","Campylopus",,"Brid.","DICRANACEAE Campylopus Brid.","UB1358600",,"UB","Titoe, A.P.","1623s.n.","Native",,"Peralta, D.F.","2010","Bronze","Prata",,"Brasília","Fazenda Água Limpa - Brasília."
"ÁREA DE RELEVANTE INTERESSE ECOLÓGICO CAPETINGA/TAQUARA","Angiosperms","Corallinaceae","Heteroderma",,"Foslie","CORALLINACEAE Heteroderma Foslie","UB0356463",,"UB","Souza, M.G.M.","843","Native","2026","Souza, M.G.M.","2026","Bronze","Prata",,"Brasília","Fazenda Água Limpa. Universidade de Brasília. Núcleo Rural Vargem Bonita. Próximo à mata do Córrego Capetinga"
"ÁREA DE RELEVANTE INTERESSE ECOLÓGICO CAPETINGA/TAQUARA","Bryophytes","Anemiaceae","Anemia","mynsseniana","Mickel","ANEMIACEAE Anemia mynsseniana Mickel","UB0353631",,"UB","Cartagenes, R.C.C.","452","Native","2025","Rabello, J.A.V.S.","2025","Bronze","Prata",,"Brasília","Fazenda Água Limpa. ARIE"
"ÁREA DE RELEVANTE INTERESSE ECOLÓGICO CAPETINGA/TAQUARA","Angiosperms","Apocynaceae","Odontadenia","lutea","(Vell.) Markgr.","APOCYNACEAE Odontadenia lutea (Vell.) Markgr.","UB0353914",,"UB","Cartagenes, R.C.C.","544","Native","2025","Rabello, J.A.V.S.","2025","Bronze","Prata",,"Brasília","Fazenda Água Limpa. ARIE"
"ÁREA DE RELEVANTE INTERESSE ECOLÓGICO CAPETINGA/TAQUARA","Angiosperms","Asteraceae","Ageratum","fastigiatum","(Gardner) R.M.King & H.Rob.","ASTERACEAE Ageratum fastigiatum (Gardner) R.M.King & H.Rob.","UB0353955",,"UB","Cartagenes, R.C.C.","579","Native","2025","Rabello, J.A.V.S.","2025","Bronze","Prata",,"Brasília","Fazenda Água Limpa. ARIE"
"ÁREA DE RELEVANTE INTERESSE ECOLÓGICO CAPETINGA/TAQUARA","Angiosperms","Asteraceae","Dimerostemma","vestitum","(Baker) S.F.Blake","ASTERACEAE Dimerostemma vestitum (Baker) S.F.Blake","UB0353644",,"UB","Cartagenes, R.C.C.","466","Native","2025","Rabello, J.A.V.S.","2025","Bronze","Prata",,"Brasília","Fazenda Água Limpa. ARIE"
"ÁREA DE RELEVANTE INTERESSE ECOLÓGICO CAPETINGA/TAQUARA","Angiosperms","Asteraceae","Disynaphia","spathulata","(Hook. & Arn.) R.M.King & H.Rob.","ASTERACEAE Disynaphia spathulata (Hook. & Arn.) R.M.King & H.Rob.","UB0353658",,"UB","Cartagenes, R.C.C.","488","Native","2025","Rabello, J.A.V.S.","2025","Bronze","Prata",,"Brasília","Fazenda Água Limpa. ARIE"
"ÁREA DE RELEVANTE INTERESSE ECOLÓGICO CAPETINGA/TAQUARA","Angiosperms","Asteraceae","Echinocoryne",,"H.Rob.","ASTERACEAE Echinocoryne H.Rob.","UB0354150",,"UB","Cartagenes, R.C.C.","722","Native","2025","Rabello, J.A.V.S.","2025","Bronze","Prata",,"Brasília","Fazenda Água Limpa. ARIE"
"ÁREA DE RELEVANTE INTERESSE ECOLÓGICO CAPETINGA/TAQUARA","Angiosperms","Asteraceae","Lessingianthus","buddleiifolius","(Mart. ex DC.) H.Rob.","ASTERACEAE Lessingianthus buddleiifolius (Mart. ex DC.) H.Rob.","UB0353667",,"UB","Cartagenes, R.C.C.","500","Native","2025","Rabello, J.A.V.S.","2025","Bronze","Prata",,"Brasília","Fazenda Água Limpa. ARIE"
"ÁREA DE RELEVANTE INTERESSE ECOLÓGICO CAPETINGA/TAQUARA","Angiosperms","Asteraceae","Lessingianthus","eitenii","(H.Rob.) H.Rob.","ASTERACEAE Lessingianthus eitenii (H.Rob.) H.Rob.","UB0353881",,"UB","Cartagenes, R.C.C.","645","Native","2025","Rabello, J.A.V.S.","2025","Bronze","Prata",,"Brasília","Fazenda Água Limpa. ARIE"
"ÁREA DE RELEVANTE INTERESSE ECOLÓGICO CAPETINGA/TAQUARA","Angiosperms","Asteraceae","Praxelis","capillaris","(DC.) Sch.Bip.","ASTERACEAE Praxelis capillaris (DC.) Sch.Bip.","UB0353922",,"UB","Cartagenes, R.C.C.","553","Native","2025","Rabello, J.A.V.S.","2025","Bronze","Prata",,"Brasília","Fazenda Água Limpa. ARIE"
"ÁREA DE RELEVANTE INTERESSE ECOLÓGICO CAPETINGA/TAQUARA","Bryophytes","Bignoniaceae","Handroanthus","coronatus","(Proença & Farias) Farias","BIGNONIACEAE Handroanthus coronatus (Proença & Farias) Farias","UB0354170",,"UB","Cartagenes, R.C.C.","751","Native","2025","Rabello, J.A.V.S.","2025","Bronze","Prata",,"Brasília","Fazenda Água Limpa. ARIE"
"ÁREA DE RELEVANTE INTERESSE ECOLÓGICO CAPETINGA/TAQUARA","Angiosperms","Convolvulaceae","Ipomoea","pinifolia","Meisn.","CONVOLVULACEAE Ipomoea pinifolia Meisn.","UB0353668",,"UB","Cartagenes, R.C.C.","501","Native","2025","Rabello, J.A.V.S.","2025","Bronze","Prata",,"Brasília","Fazenda Água Limpa. ARIE"
"ÁREA DE RELEVANTE INTERESSE ECOLÓGICO CAPETINGA/TAQUARA","Angiosperms","Cyperaceae","Bulbostylis","hirtella","(Schrad.) Urb.","CYPERACEAE Bulbostylis hirtella (Schrad.) Urb.","UB0354075",,"UB","Cartagenes, R.C.C.","685","Native","2025","Rabello, J.A.V.S.","2025","Bronze","Prata",,"Brasília","Fazenda Água Limpa. ARIE"
"ÁREA DE RELEVANTE INTERESSE ECOLÓGICO CAPETINGA/TAQUARA","Angiosperms","Cyperaceae","Rhynchospora","albiceps","Kunth","CYPERACEAE Rhynchospora albiceps Kunth","UB0353973",,"UB","Cartagenes, R.C.C.","597","Native","2025","Rabello, J.A.V.S.","2025","Bronze","Prata",,"Brasília","Fazenda Água Limpa. ARIE"
"ÁREA DE RELEVANTE INTERESSE ECOLÓGICO CAPETINGA/TAQUARA","Angiosperms","Cyperaceae","Rhynchospora","armerioides","J.Presl & C.Presl","CYPERACEAE Rhynchospora armerioides J.Presl & C.Presl","UB0353909",,"UB","Cartagenes, R.C.C.","539","Native","2025","Munhoz, C.B.R.","2025","Bronze","Prata",,"Brasília","Fazenda Água Limpa. ARIE"
"ÁREA DE RELEVANTE INTERESSE ECOLÓGICO CAPETINGA/TAQUARA","Angiosperms","Cyperaceae","Rhynchospora","barbata","(Vahl) Kunth","CYPERACEAE Rhynchospora barbata (Vahl) Kunth","UB0354068",,"UB","Cartagenes, R.C.C.","678","Native","2025","Rabello, J.A.V.S.","2025","Bronze","Prata",,"Brasília","Fazenda Água Limpa. ARIE"
"ÁREA DE RELEVANTE INTERESSE ECOLÓGICO CAPETINGA/TAQUARA",,"Cyperaceae","Rhynchospora","exaltata","Kunth","CYPERACEAE Rhynchospora exaltata Kunth","UB0354044",,"UB","Cartagenes, R.C.C.","708",,"2025","Rabello, J.A.V.S.","2025","Bronze","Prata",,"Brasília","Fazenda Água Limpa. ARIE"
"ÁREA DE RELEVANTE INTERESSE ECOLÓGICO CAPETINGA/TAQUARA","Angiosperms","Cyperaceae","Rhynchospora","pilosa","Boeckeler","CYPERACEAE Rhynchospora pilosa Boeckeler","UB0353663",,"UB","Cartagenes, R.C.C.","494","Native","2025","Rabello, J.A.V.S.","2025","Bronze","Prata",,"Brasília","Fazenda Água Limpa. ARIE"
"ÁREA DE RELEVANTE INTERESSE ECOLÓGICO CAPETINGA/TAQUARA","Angiosperms","Cyperaceae","Scleria","tenella","Kunth","CYPERACEAE Scleria tenella Kunth","UB0354071",,"UB","Cartagenes, R.C.C.","681","Native","2025","Rabello, J.A.V.S.","2025","Bronze","Prata",,"Brasília","Fazenda Água Limpa. ARIE"
"ÁREA DE RELEVANTE INTERESSE ECOLÓGICO CAPETINGA/TAQUARA","Angiosperms","Eriocaulaceae","Coracoralina",,"Andrino & Sano","ERIOCAULACEAE Coracoralina Andrino & Sano","UB0351108",,"UB","Paiva, G.R.","124","Native","2025","Paiva, G.R.","2025","Bronze","Prata",,"Brasília","Fazenda água Limpa - Unb. Na trilha para o mirante velho."
"ÁREA DE RELEVANTE INTERESSE ECOLÓGICO CAPETINGA/TAQUARA","Angiosperms","Eriocaulaceae","Floralia","elongata","(Bong.) Andrino","ERIOCAULACEAE Floralia elongata (Bong.) Andrino","UB0351107",,"UB","Paiva, G.R.","123","Native","2025","Paiva, G.R.","2025","Bronze","Prata",,"Brasília","Fazenda água Limpa - Unb. Na trilha para o mirante velho."
"ÁREA DE RELEVANTE INTERESSE ECOLÓGICO CAPETINGA/TAQUARA","Angiosperms","Euphorbiaceae","Dalechampia","francisceana","Baill.","EUPHORBIACEAE Dalechampia francisceana Baill.","UB0353635",,"UB","Cartagenes, R.C.C.","456","Native","2025","Rabello, J.A.V.S.","2025","Bronze","Prata",,"Brasília","Fazenda Água Limpa. ARIE"
"ÁREA DE RELEVANTE INTERESSE ECOLÓGICO CAPETINGA/TAQUARA","Angiosperms","Fabaceae","Eriosema","glaziovii","Harms","FABACEAE Eriosema glaziovii Harms","UB0353641",,"UB","Cartagenes, R.C.C.","463","Native","2025","Rabello, J.A.V.S.","2025","Bronze","Prata",,"Brasília","Fazenda Água Limpa. ARIE"
"ÁREA DE RELEVANTE INTERESSE ECOLÓGICO CAPETINGA/TAQUARA","Angiosperms","Fabaceae","Stylosanthes","capitata","Vogel","FABACEAE Stylosanthes capitata Vogel","UB0354067",,"UB","Cartagenes, R.C.C.","677","Native","2025","Rabello, J.A.V.S.","2025","Bronze","Prata",,"Brasília","Fazenda Água Limpa. ARIE"
"ÁREA DE RELEVANTE INTERESSE ECOLÓGICO CAPETINGA/TAQUARA",,"Fabaceae","Stylosanthes","macrocephala","M.B.Ferreira & Sousa Costa","FABACEAE Stylosanthes macrocephala M.B.Ferreira & Sousa Costa","UB0353971",,"UB","Cartagenes, R.C.C.","595",,"2025","Rabello, J.A.V.S.","2025","Bronze","Prata",,"Brasília","Fazenda Água Limpa. ARIE"
"ÁREA DE RELEVANTE INTERESSE ECOLÓGICO CAPETINGA/TAQUARA","Angiosperms","Lythraceae","Cuphea","acicularis","Koehne","LYTHRACEAE Cuphea acicularis Koehne","UB0353911",,"UB","Cartagenes, R.C.C.","541","Native","2025","Rabello, J.A.V.S.","2025","Bronze","Prata",,"Brasília","Fazenda Água Limpa. ARIE"
"ÁREA DE RELEVANTE INTERESSE ECOLÓGICO CAPETINGA/TAQUARA","Angiosperms","Lythraceae","Diplusodon","capitalensis","T.B.Cavalc.","LYTHRACEAE Diplusodon capitalensis T.B.Cavalc.","UB0354098",,"UB","Cartagenes, R.C.C.","775","Native","2025","Rabello, J.A.V.S.","2025","Bronze","Prata",,"Brasília","Fazenda Água Limpa. ARIE Capetinga"
"ÁREA DE RELEVANTE INTERESSE ECOLÓGICO CAPETINGA/TAQUARA","Angiosperms","Malpighiaceae","Byrsonima",,"Rich. ex Kunth","MALPIGHIACEAE Byrsonima Rich. ex Kunth","UB0353906",,"UB","Cartagenes, R.C.C.","536","Native","2025","Rabello, J.A.V.S.","2025","Bronze","Prata",,"Brasília","Fazenda Água Limpa. ARIE"
"ÁREA DE RELEVANTE INTERESSE ECOLÓGICO CAPETINGA/TAQUARA","Angiosperms","Malpighiaceae","Byrsonima","viminifolia","A.Juss.","MALPIGHIACEAE Byrsonima viminifolia A.Juss.","UB0354157",,"UB","Cartagenes, R.C.C.","730","Unknown","2025","Rabello, J.A.V.S.","2025","Bronze","Prata",,"Brasília","Fazenda Água Limpa. ARIE"
"ÁREA DE RELEVANTE INTERESSE ECOLÓGICO CAPETINGA/TAQUARA","Angiosperms","Malpighiaceae","Camarea","hirsuta","A.St.-Hil.","MALPIGHIACEAE Camarea hirsuta A.St.-Hil.","UB0353916",,"UB","Cartagenes, R.C.C.","546","Native","2025","Rabello, J.A.V.S.","2025","Bronze","Prata",,"Brasília","Fazenda Água Limpa. ARIE"
"ÁREA DE RELEVANTE INTERESSE ECOLÓGICO CAPETINGA/TAQUARA","Angiosperms","Melastomataceae","Microlicia","acuminata","Naudin","MELASTOMATACEAE Microlicia acuminata Naudin","UB0353913",,"UB","Cartagenes, R.C.C.","543","Native","2025","Rabello, J.A.V.S.","2025","Bronze","Prata",,"Brasília","Fazenda Água Limpa. ARIE"
"ÁREA DE RELEVANTE INTERESSE ECOLÓGICO CAPETINGA/TAQUARA","Angiosperms","Melastomataceae","Microlicia","ramosa","Pilg.","MELASTOMATACEAE Microlicia ramosa Pilg.","UB0353929",,"UB","Cartagenes, R.C.C.","561","Native","2025","Rabello, J.A.V.S.","2025","Bronze","Prata",,"Brasília","Fazenda Água Limpa. ARIE"
"ÁREA DE RELEVANTE INTERESSE ECOLÓGICO CAPETINGA/TAQUARA",,"Melastomataceae","Microlicia","suberosa","(Naudin) Versiane & R.Romero","MELASTOMATACEAE Microlicia suberosa (Naudin) Versiane & R.Romero","UB0354080",,"UB","Cartagenes, R.C.C.","690",,"2025","Rabello, J.A.V.S.","2025","Bronze","Prata",,"Brasília","Fazenda Água Limpa. ARIE"
"ÁREA DE RELEVANTE INTERESSE ECOLÓGICO CAPETINGA/TAQUARA","Angiosperms","Orchidaceae","Habenaria","secundiflora","Barb.Rodr.","ORCHIDACEAE Habenaria secundiflora Barb.Rodr.","UB0354038",,"UB","Cartagenes, R.C.C.","702","Native","2025","Rabello, J.A.V.S.","2025","Bronze","Prata",,"Brasília","Fazenda Água Limpa. ARIE"
"ÁREA DE RELEVANTE INTERESSE ECOLÓGICO CAPETINGA/TAQUARA","Angiosperms","Poaceae","Aristida","gibbosa","(Nees) Kunth","POACEAE Aristida gibbosa (Nees) Kunth","UB0354107",,"UB","Cartagenes, R.C.C.","784","Native","2025","Rabello, J.A.V.S.","2025","Bronze","Prata",,"Brasília","Fazenda Água Limpa. ARIE Capetinga"
"ÁREA DE RELEVANTE INTERESSE ECOLÓGICO CAPETINGA/TAQUARA","Angiosperms","Poaceae","Axonopus","pressus","(Nees ex Steud.) Parodi","POACEAE Axonopus pressus (Nees ex Steud.) Parodi","UB0353877",,"UB","Cartagenes, R.C.C.","641","Native","2025","Rabello, J.A.V.S.","2025","Bronze","Prata",,"Brasília","Fazenda Água Limpa. ARIE"
"ÁREA DE RELEVANTE INTERESSE ECOLÓGICO CAPETINGA/TAQUARA",,"Poaceae","Homolepis","longispicula","(Döll) Chase","POACEAE Homolepis longispicula (Döll) Chase","UB0353669",,"UB","Cartagenes, R.C.C.","502",,"2025","Rabello, J.A.V.S.","2025","Bronze","Prata",,"Brasília","Fazenda Água Limpa. ARIE"
"ÁREA DE RELEVANTE INTERESSE ECOLÓGICO CAPETINGA/TAQUARA","Bryophytes","Poaceae","Paspalum","carinatum","Humb. & Bonpl. ex Flüggé","POACEAE Paspalum carinatum Humb. & Bonpl. ex Flüggé","UB0353965",,"UB","Cartagenes, R.C.C.","589","Native","2025","Rabello, J.A.V.S.","2025","Bronze","Prata",,"Brasília","Fazenda Água Limpa. ARIE"
"ÁREA DE RELEVANTE INTERESSE ECOLÓGICO CAPETINGA/TAQUARA","Angiosperms","Poaceae","Trichanthecium","wettsteinii","(Hack.) Zuloaga & Morrone","POACEAE Trichanthecium wettsteinii (Hack.) Zuloaga & Morrone","UB0353987",,"UB","Cartagenes, R.C.C.","611","Native","2025","Rabello, J.A.V.S.","2025","Bronze","Prata",,"Brasília","Fazenda Água Limpa. ARIE"
"ÁREA DE RELEVANTE INTERESSE ECOLÓGICO CAPETINGA/TAQUARA","Angiosperms","Polygalaceae","Senega","atropurpurea","(A.St.-Hil. & Moq.) J.F.B.Pastore","POLYGALACEAE Senega atropurpurea (A.St.-Hil. & Moq.) J.F.B.Pastore","UB0354117",,"UB","Cartagenes, R.C.C.","794","Native","2025","Rabello, J.A.V.S.","2025","Bronze","Prata",,"Brasília","Fazenda Água Limpa. ARIE Capetinga"
"ÁREA DE RELEVANTE INTERESSE ECOLÓGICO CAPETINGA/TAQUARA","Angiosperms","Polygalaceae","Senega","franchetii","(Chodat) J.F.B.Pastore","POLYGALACEAE Senega franchetii (Chodat) J.F.B.Pastore","UB0353652",,"UB","Cartagenes, R.C.C.","479","Native","2025","Rabello, J.A.V.S.","2025","Bronze","Prata",,"Brasília","Fazenda Água Limpa. ARIE"
"ÁREA DE RELEVANTE INTERESSE ECOLÓGICO CAPETINGA/TAQUARA","Angiosperms","Rubiaceae","Borreria","capitata","(Ruiz & Pav.) DC.","RUBIACEAE Borreria capitata (Ruiz & Pav.) DC.","UB0354050",,"UB","Cartagenes, R.C.C.","660","Native","2025","Rabello, J.A.V.S.","2025","Bronze","Prata",,"Brasília","Fazenda Água Limpa. ARIE"
"ÁREA DE RELEVANTE INTERESSE ECOLÓGICO CAPETINGA/TAQUARA","Angiosperms","Rubiaceae","Borreria","tenella","(Kunth) Cham. & Schltdl.","RUBIACEAE Borreria tenella (Kunth) Cham. & Schltdl.","UB0354047",,"UB","Cartagenes, R.C.C.","711","Native","2025","Rabello, J.A.V.S.","2025","Bronze","Prata",,"Brasília","Fazenda Água Limpa. ARIE"
"ÁREA DE RELEVANTE INTERESSE ECOLÓGICO CAPETINGA/TAQUARA","Angiosperms","Rubiaceae","Coccocypselum","aureum","(Spreng.) Cham. & Schltdl.","RUBIACEAE Coccocypselum aureum (Spreng.) Cham. & Schltdl.","UB0354065",,"UB","Cartagenes, R.C.C.","675","Native","2025","Rabello, J.A.V.S.","2025","Bronze","Prata",,"Brasília","Fazenda Água Limpa. ARIE"
"ÁREA DE RELEVANTE INTERESSE ECOLÓGICO CAPETINGA/TAQUARA","Angiosperms","Salicaceae","Casearia","arborea","(Rich.) Urb.","SALICACEAE Casearia arborea (Rich.) Urb.","UB0353633",,"UB","Cartagenes, R.C.C.","454","Native","2025","Rabello, J.A.V.S.","2025","Bronze","Prata",,"Brasília","Fazenda Água Limpa. ARIE"
"ÁREA DE RELEVANTE INTERESSE ECOLÓGICO CAPETINGA/TAQUARA","Angiosperms","Anemiaceae","Anemia","millefolia","(Gardner) C.Presl","ANEMIACEAE Anemia millefolia (Gardner) C.Presl","UB0335827",,"UB","Rabello, J.A.V.S.","682","Native","2024","Rabello, J.A.V.S.",,"Bronze","Prata",,"Brasília","Fazenda Água Limpa - UnB. ARIE Capetinga-Taquara"
"ÁREA DE RELEVANTE INTERESSE ECOLÓGICO CAPETINGA/TAQUARA","Bryophytes","Anemiaceae","Anemia","oblongifolia","(Cav.) Sw.","ANEMIACEAE Anemia oblongifolia (Cav.) Sw.","UB0336863",,"UB","Rabello, J.A.V.S.","692","Native","2024","Castro-Aguiar, P.H.",,"Bronze","Prata",,"Brasília","Fazenda Água Limpa - UnB. Encosta de morro, próximo a corpo d´água. ARIE Capetinga-Taquara"
"ÁREA DE RELEVANTE INTERESSE ECOLÓGICO CAPETINGA/TAQUARA","Angiosperms","Asteraceae","Richterago","radiata","(Vell.) Roque","ASTERACEAE Richterago radiata (Vell.) Roque","UB0335825",,"UB","Rabello, J.A.V.S.","680","Native","2024","Rabello, J.A.V.S.",,"Bronze","Prata",,"Brasília","Fazenda Água Limpa - UnB. ARIE Capetinga-Taquara"
"ÁREA DE RELEVANTE INTERESSE ECOLÓGICO CAPETINGA/TAQUARA","Angiosperms","Bromeliaceae","Dyckia","marnierlapostollei","L.B.Sm.","BROMELIACEAE Dyckia marnierlapostollei L.B.Sm.","UB0337508",,"UB","Rabello, J.A.V.S.","685","Native","2024","Rabello, J.A.V.S.",,"Bronze","Prata",,"Brasília","Fazenda Água Limpa - UnB. Encosta de morro, solo pedregoso. ARIE Capetinga-Taquara"
"ÁREA DE RELEVANTE INTERESSE ECOLÓGICO CAPETINGA/TAQUARA","Angiosperms","Lythraceae","Cuphea","filiformis","T.B.Cavalc. & S.A.Graham","LYTHRACEAE Cuphea filiformis T.B.Cavalc. & S.A.Graham","UB0336864",,"UB","Rabello, J.A.V.S.","693","Native","2024","Rabello, J.A.V.S.",,"Bronze","Prata",,"Brasília","Fazenda Água Limpa - UnB. Encosta de morro, solo pedregoso. ARIE Capetinga-Taquara"
"ÁREA DE RELEVANTE INTERESSE ECOLÓGICO CAPETINGA/TAQUARA","Angiosperms","Polygalaceae","Senega","ceciliana","(Marques & J.F.B.Pastore) J.F.B.Pastore","POLYGALACEAE Senega ceciliana (Marques & J.F.B.Pastore) J.F.B.Pastore","UB0336857",,"UB","Rabello, J.A.V.S.","686","Native","2024","Rabello, J.A.V.S.",,"Bronze","Prata",,"Brasília","Fazenda Água Limpa - UnB. Encosta de morro, próximo a corpo d´água. ARIE Capetinga-Taquara"
"ÁREA DE RELEVANTE INTERESSE ECOLÓGICO CAPETINGA/TAQUARA","Bryophytes","Droseraceae","Drosera","hirtella","A.St.-Hil.","DROSERACEAE Drosera hirtella A.St.-Hil.","UB0354339",,"UB","Cartagenes, R.C.C.","837","Native","2024","Gonella, P.M.","2026","Bronze","Prata",,"Brasília","Fazenda Água Limpa. ARIE"
"ÁREA DE RELEVANTE INTERESSE ECOLÓGICO CAPETINGA/TAQUARA","Angiosperms","Asteraceae","Lychnophora","planaltina","Semir ex Loeuille, Bringel & Faria","ASTERACEAE Lychnophora planaltina Semir ex Loeuille, Bringel & Faria","UB0354235",,"UB","Cartagenes, R.C.C.","88","Native","2024","Bringel. Junior, J.B.A.","2025","Bronze","Prata",,"Brasília","Fazenda Água Limpa. ARIE"
"ÁREA DE RELEVANTE INTERESSE ECOLÓGICO CAPETINGA/TAQUARA","Angiosperms","Lamiaceae","Hyptis","hilarii","Benth.","LAMIACEAE Hyptis hilarii Benth.","UB0354327",,"UB","Cartagenes, R.C.C.","822","Native","2024","Rabello, J.A.V.S.","2025","Bronze","Prata",,"Brasília","Fazenda Água Limpa. ARIE"
"ÁREA DE RELEVANTE INTERESSE ECOLÓGICO CAPETINGA/TAQUARA","Ferns and Lycophytes","Poaceae","Gymnopogon","foliosus","(Willd.) Nees","POACEAE Gymnopogon foliosus (Willd.) Nees","UB0353600",,"UB","Cartagenes, R.C.C.","413","Native","2024","Rabello, J.A.V.S.","2025","Bronze","Prata",,"Brasília","Fazenda Água Limpa. ARIE"
"ÁREA DE RELEVANTE INTERESSE ECOLÓGICO CAPETINGA/TAQUARA","Angiosperms","Poaceae","Ichnanthus",,"P.Beauv.","POACEAE Ichnanthus P.Beauv.","UB0349241",,"UB","Cartagenes, R.C.C.","334","Native","2024","Machado-Oliveira","2025","Bronze","Prata",,"Brasília","Fazenda Água Limpa. ARIE"
"ÁREA DE RELEVANTE INTERESSE ECOLÓGICO CAPETINGA/TAQUARA","Angiosperms","Annonaceae","Xylopia",,"L.","ANNONACEAE Xylopia L.","UB0349256",,"UB","Cartagenes, R.C.C.","350","Native","2024","Cartagenes, R.C.C.","2024","Bronze","Prata",,"Brasília","Fazenda Água Limpa. ARIE"
"ÁREA DE RELEVANTE INTERESSE ECOLÓGICO CAPETINGA/TAQUARA","Angiosperms","Apiaceae","Eryngium","brasiliense","Constance","APIACEAE Eryngium brasiliense Constance","UB0346160",,"UB","Cartagenes, R.C.C.","190","Native","2024","Bijos, N.R.","2024","Bronze","Prata",,"Brasília","Fazenda Água Limpa. ARIE"
"ÁREA DE RELEVANTE INTERESSE ECOLÓGICO CAPETINGA/TAQUARA",,"Apocynaceae","Himatanthus","obovatus","(Müll. Arg.) Woodson","APOCYNACEAE Himatanthus obovatus (Müll. Arg.) Woodson","UB0346011",,"UB","Lima, A.C.","614",,"2024","Nicolai, J.","2024","Bronze","Prata",,"Brasília","Fazenda Água Limpa."
"ÁREA DE RELEVANTE INTERESSE ECOLÓGICO CAPETINGA/TAQUARA","Angiosperms","Asteraceae","Ageratum",,"L.","ASTERACEAE Ageratum L.","UB0344103",,"UB","Cartagenes, R.C.C.","144","Native","2024","Munhoz, C.B.R.","2024","Bronze","Prata",,"Brasília","Fazenda Água Limpa. ARIE"
"ÁREA DE RELEVANTE INTERESSE ECOLÓGICO CAPETINGA/TAQUARA","Angiosperms","Asteraceae","Baccharis",,"L.","ASTERACEAE Baccharis L.","UB0346221",,"UB","Cartagenes, R.C.C.","251","Native","2024","Bijos, N.R.","2024","Bronze","Prata",,"Brasília","Fazenda Água Limpa. ARIE"
"ÁREA DE RELEVANTE INTERESSE ECOLÓGICO CAPETINGA/TAQUARA","Angiosperms","Asteraceae","Baccharis","sessiliflora","Vahl","ASTERACEAE Baccharis sessiliflora Vahl","UB0349261",,"UB","Cartagenes, R.C.C.","356","Native","2024","Cartagenes, R.C.C.","2024","Bronze","Prata",,"Brasília","Fazenda Água Limpa. ARIE"
"ÁREA DE RELEVANTE INTERESSE ECOLÓGICO CAPETINGA/TAQUARA","Angiosperms","Asteraceae","Eremanthus",,"Less.","ASTERACEAE Eremanthus Less.","UB0346199",,"UB","Cartagenes, R.C.C.","229","Native","2024","Bijos, N.R.","2024","Bronze","Prata",,"Brasília","Fazenda Água Limpa. ARIE"
"ÁREA DE RELEVANTE INTERESSE ECOLÓGICO CAPETINGA/TAQUARA","Angiosperms","Asteraceae","Lessingianthus","elegans","(Gardner) H.Rob.","ASTERACEAE Lessingianthus elegans (Gardner) H.Rob.","UB0344102",,"UB","Cartagenes, R.C.C.","143","Native","2024","Munhoz, C.B.R.","2024","Bronze","Prata",,"Brasília","Fazenda Água Limpa. ARIE"
"ÁREA DE RELEVANTE INTERESSE ECOLÓGICO CAPETINGA/TAQUARA","Angiosperms","Bignoniaceae","Anemopaegma","arvense","(Vell.) Stellfeld ex de Souza","BIGNONIACEAE Anemopaegma arvense (Vell.) Stellfeld ex de Souza","UB0345999",,"UB","Lima, A.C.","602","Native","2024","Nicolai, J.","2024","Bronze","Prata",,"Brasília","Fazenda Água Limpa."
"ÁREA DE RELEVANTE INTERESSE ECOLÓGICO CAPETINGA/TAQUARA","Angiosperms","Calophyllaceae","Kielmeyera",,"Mart. & Zucc.","CALOPHYLLACEAE Kielmeyera Mart. & Zucc.","UB0345960",,"UB","Lima, A.C.","562","Native","2024","Nicolai, J.","2024","Bronze","Prata",,"Brasília","Fazenda Água Limpa."
"ÁREA DE RELEVANTE INTERESSE ECOLÓGICO CAPETINGA/TAQUARA","Angiosperms","Calymperaceae","Syrrhopodon","prolifer","Schwägr.","CALYMPERACEAE Syrrhopodon prolifer Schwägr.","UB0344298",,"UB","Camelo, A.S.","72","Native","2024","Camelo, A.S.","2024","Bronze","Prata",,"Brasília","Fazenda Água Limpa."
"ÁREA DE RELEVANTE INTERESSE ECOLÓGICO CAPETINGA/TAQUARA","Angiosperms","Cordiaceae","Varronia",,"P.Browne","CORDIACEAE Varronia P.Browne","UB0349276",,"UB","Cartagenes, R.C.C.","371","Native","2024","Cartagenes, R.C.C.","2024","Bronze","Prata",,"Brasília","Fazenda Água Limpa. ARIE"
"ÁREA DE RELEVANTE INTERESSE ECOLÓGICO CAPETINGA/TAQUARA","Angiosperms","Cyperaceae","Bulbostylis","loefgrenii","(Boeckeler) Prata & M.G.López","CYPERACEAE Bulbostylis loefgrenii (Boeckeler) Prata & M.G.López","UB0349270",,"UB","Cartagenes, R.C.C.","365","Native","2024","Cartagenes, R.C.C.","2024","Bronze","Prata",,"Brasília","Fazenda Água Limpa. ARIE"
"ÁREA DE RELEVANTE INTERESSE ECOLÓGICO CAPETINGA/TAQUARA","Angiosperms","Cyperaceae",,,"Juss.","CYPERACEAE Cyperaceae Juss.","UB0335004",,"UB","Cartagenes, R.C.C.","31","Native","2024","Munhoz, C.B.R.","2024","Bronze","Prata",,"Brasília","Fazenda Água Limpa."
"ÁREA DE RELEVANTE INTERESSE ECOLÓGICO CAPETINGA/TAQUARA","Angiosperms","Cyperaceae","Fimbristylis","complanata","(Retz.) Link","CYPERACEAE Fimbristylis complanata (Retz.) Link","UB0339945",,"UB","Cartagenes, R.C.C.","53","Native","2024","Cartagenes, R.C.C.","2024","Bronze","Prata",,"Brasília","Fazenda Água Limpa. ARIE"
"ÁREA DE RELEVANTE INTERESSE ECOLÓGICO CAPETINGA/TAQUARA","Angiosperms","Cyperaceae","Rhynchospora","caracasana","(Kunth) Boeckeler","CYPERACEAE Rhynchospora caracasana (Kunth) Boeckeler","UB0339948",,"UB","Cartagenes, R.C.C.","56","Native","2024","Cartagenes, R.C.C.","2024","Bronze","Prata",,"Brasília","Fazenda Água Limpa. ARIE"
"ÁREA DE RELEVANTE INTERESSE ECOLÓGICO CAPETINGA/TAQUARA","Angiosperms","Cyperaceae","Rhynchospora","loefgrenii","Boeckeler","CYPERACEAE Rhynchospora loefgrenii Boeckeler","UB0344090",,"UB","Cartagenes, R.C.C.","131","Native","2024","Munhoz, C.B.R.","2024","Bronze","Prata",,"Brasília","Fazenda Água Limpa. ARIE"
"ÁREA DE RELEVANTE INTERESSE ECOLÓGICO CAPETINGA/TAQUARA","Angiosperms","Cyperaceae","Rhynchospora","nervosa","(Vahl) Boeckeler","CYPERACEAE Rhynchospora nervosa (Vahl) Boeckeler","UB0349269",,"UB","Cartagenes, R.C.C.","364","Native","2024","Cartagenes, R.C.C.","2024","Bronze","Prata",,"Brasília","Fazenda Água Limpa. ARIE"
"ÁREA DE RELEVANTE INTERESSE ECOLÓGICO CAPETINGA/TAQUARA","Angiosperms","Ebenaceae","Diospyros","lasiocalyx","(Mart.) B.Walln.","EBENACEAE Diospyros lasiocalyx (Mart.) B.Walln.","UB0345975",,"UB","Lima, A.C.","577","Naturalized","2024","Nicolai, J.","2024","Bronze","Prata",,"Brasília","Fazenda Água Limpa."
"ÁREA DE RELEVANTE INTERESSE ECOLÓGICO CAPETINGA/TAQUARA","Angiosperms","Eriocaulaceae","Actinocephalus","ramosus","(Wikstr.) Sano","ERIOCAULACEAE Actinocephalus ramosus (Wikstr.) Sano","UB0349460",,"UB","Cartagenes, R.C.C.","284","Native","2024","Cartagenes, R.C.C.","2024","Bronze","Prata",,"Brasília","Fazenda Água Limpa. ARIE"
"ÁREA DE RELEVANTE INTERESSE ECOLÓGICO CAPETINGA/TAQUARA","Angiosperms","Eriocaulaceae","Paepalanthus",,"Mart.","ERIOCAULACEAE Paepalanthus Mart.","UB0346206",,"UB","Cartagenes, R.C.C.","236","Native","2024","Vendramini-Gomes, J.V.","2024","Bronze","Prata",,"Brasília","Fazenda Água Limpa. ARIE"
"ÁREA DE RELEVANTE INTERESSE ECOLÓGICO CAPETINGA/TAQUARA","Angiosperms","Erythroxylaceae","Erythroxylum",,"P.Browne","ERYTHROXYLACEAE Erythroxylum P.Browne","UB0345998",,"UB","Lima, A.C.","601","Native","2024","Nicolai, J.","2024","Bronze","Prata",,"Brasília","Fazenda Água Limpa."
"ÁREA DE RELEVANTE INTERESSE ECOLÓGICO CAPETINGA/TAQUARA","Angiosperms","Euphorbiaceae","Croton",,"L.","EUPHORBIACEAE Croton L.","UB0344104",,"UB","Cartagenes, R.C.C.","145","Native","2024","Munhoz, C.B.R.","2024","Bronze","Prata",,"Brasília","Fazenda Água Limpa. ARIE"
"ÁREA DE RELEVANTE INTERESSE ECOLÓGICO CAPETINGA/TAQUARA","Angiosperms","Fabaceae","Chamaecrista","decumbens","(Benth.) H.S.Irwin & Barneby","FABACEAE Chamaecrista decumbens (Benth.) H.S.Irwin & Barneby","UB0344081",,"UB","Cartagenes, R.C.C.","122","Native","2024","Munhoz, C.B.R.","2024","Bronze","Prata",,"Brasília","Fazenda Água Limpa. ARIE"
"ÁREA DE RELEVANTE INTERESSE ECOLÓGICO CAPETINGA/TAQUARA","Angiosperms","Fabaceae","Ctenodon","graminoides","(G.P.Lewis) D.B.O.S.Cardoso & H.C.Lima","FABACEAE Ctenodon graminoides (G.P.Lewis) D.B.O.S.Cardoso & H.C.Lima","UB0345261",,"UB","Cartagenes, R.C.C.","153","Native","2024","Oliveira, C.R.","2024","Bronze","Prata",,"Brasília","Fazenda Água Limpa. ARIE"
"ÁREA DE RELEVANTE INTERESSE ECOLÓGICO CAPETINGA/TAQUARA","Angiosperms","Fabaceae","Dimorphandra","mollis","Benth.","FABACEAE Dimorphandra mollis Benth.","UB0345974",,"UB","Lima, A.C.","576","Native","2024","Nicolai, J.","2024","Bronze","Prata",,"Brasília","Fazenda Água Limpa."
"ÁREA DE RELEVANTE INTERESSE ECOLÓGICO CAPETINGA/TAQUARA","Angiosperms","Fossombroniaceae","Fossombronia","porphyrorhiza","(Nees) Prosk.","FOSSOMBRONIACEAE Fossombronia porphyrorhiza (Nees) Prosk.","UB0344302",,"UB","Camelo, A.S.","76","Native","2024","Camelo, A.S.","2024","Bronze","Prata",,"Brasília","Fazenda Água Limpa."
"ÁREA DE RELEVANTE INTERESSE ECOLÓGICO CAPETINGA/TAQUARA","Angiosperms","Frullaniaceae","Frullania",,"Raddi","FRULLANIACEAE Frullania Raddi","UB0344299",,"UB","Camelo, A.S.","73","Native","2024","Camelo, A.S.","2024","Bronze","Prata",,"Brasília","Fazenda Água Limpa."
"ÁREA DE RELEVANTE INTERESSE ECOLÓGICO CAPETINGA/TAQUARA","Angiosperms","Gesneriaceae",,,"Rich. & Juss. ex DC.","GESNERIACEAE Gesneriaceae Rich. & Juss. ex DC.","UB0349259",,"UB","Cartagenes, R.C.C.","354","Native","2024","Cartagenes, R.C.C.","2024","Bronze","Prata",,"Brasília","Fazenda Água Limpa. ARIE"
"ÁREA DE RELEVANTE INTERESSE ECOLÓGICO CAPETINGA/TAQUARA","Angiosperms","Herbertaceae","Herbertus","juniperoideus","(Sw.) Grolle","HERBERTACEAE Herbertus juniperoideus (Sw.) Grolle","UB0344297",,"UB","Camelo, A.S.","71","Native","2024","Camelo, A.S.","2024","Bronze","Prata",,"Brasília","Fazenda Água Limpa."
"ÁREA DE RELEVANTE INTERESSE ECOLÓGICO CAPETINGA/TAQUARA","Angiosperms","Iridaceae","Sisyrinchium",,"L.","IRIDACEAE Sisyrinchium L.","UB0346194",,"UB","Cartagenes, R.C.C.","224","Native","2024","Bijos, N.R.","2024","Bronze","Prata",,"Brasília","Fazenda Água Limpa. ARIE"
"ÁREA DE RELEVANTE INTERESSE ECOLÓGICO CAPETINGA/TAQUARA","Angiosperms","Lauraceae",,,"Juss.","LAURACEAE Lauraceae Juss.","UB0349275",,"UB","Cartagenes, R.C.C.","370","Native","2024","Cartagenes, R.C.C.","2024","Bronze","Prata",,"Brasília","Fazenda Água Limpa. ARIE"
"ÁREA DE RELEVANTE INTERESSE ECOLÓGICO CAPETINGA/TAQUARA","Angiosperms","Loranthaceae","Struthanthus",,"Mart.","LORANTHACEAE Struthanthus Mart.","UB0346169",,"UB","Cartagenes, R.C.C.","199","Native","2024","Bijos, N.R.","2024","Bronze","Prata",,"Brasília","Fazenda Água Limpa. ARIE"
"ÁREA DE RELEVANTE INTERESSE ECOLÓGICO CAPETINGA/TAQUARA","Angiosperms","Loranthaceae","Struthanthus","polyrrhizus","(Mart.) Mart.","LORANTHACEAE Struthanthus polyrrhizus (Mart.) Mart.","UB0334984",,"UB","Cartagenes, R.C.C.","10","Native","2024","Munhoz, C.B.R.","2024","Bronze","Prata",,"Brasília","Fazenda Água Limpa."
"ÁREA DE RELEVANTE INTERESSE ECOLÓGICO CAPETINGA/TAQUARA","Angiosperms","Lythraceae","Cuphea","carthagenensis","(Jacq.) J.F.Macbr.","LYTHRACEAE Cuphea carthagenensis (Jacq.) J.F.Macbr.","UB0339953",,"UB","Cartagenes, R.C.C.","61","Native","2024","Cartagenes, R.C.C.","2024","Bronze","Prata",,"Brasília","Fazenda Água Limpa. ARIE"
"ÁREA DE RELEVANTE INTERESSE ECOLÓGICO CAPETINGA/TAQUARA","Angiosperms","Malpighiaceae","Banisteriopsis","laevifolia","(A.Juss.) B.Gates","MALPIGHIACEAE Banisteriopsis laevifolia (A.Juss.) B.Gates","UB0339942",,"UB","Cartagenes, R.C.C.","50","Native","2024","Cartagenes, R.C.C.","2024","Bronze","Prata",,"Brasília","Fazenda Água Limpa. ARIE"
"ÁREA DE RELEVANTE INTERESSE ECOLÓGICO CAPETINGA/TAQUARA","Angiosperms","Malpighiaceae",,,"Juss.","MALPIGHIACEAE Malpighiaceae Juss.","UB0346009",,"UB","Lima, A.C.","612",,"2024","Nicolai, J.","2024","Bronze","Prata",,"Brasília","Fazenda Água Limpa."
"ÁREA DE RELEVANTE INTERESSE ECOLÓGICO CAPETINGA/TAQUARA","Angiosperms","Malvaceae","Eriotheca","pubescens","(Mart.) Schott & Endl.","MALVACEAE Eriotheca pubescens (Mart.) Schott & Endl.","UB0345943",,"UB","Lima, A.C.","545","Native","2024","Nicolai, J.","2024","Bronze","Prata",,"Brasília","Fazenda Água Limpa."
"ÁREA DE RELEVANTE INTERESSE ECOLÓGICO CAPETINGA/TAQUARA","Angiosperms","Malvaceae","Helicteres",,"L.","MALVACEAE Helicteres L.","UB0344101",,"UB","Cartagenes, R.C.C.","142","Native","2024","Munhoz, C.B.R.","2024","Bronze","Prata",,"Brasília","Fazenda Água Limpa. ARIE"
"ÁREA DE RELEVANTE INTERESSE ECOLÓGICO CAPETINGA/TAQUARA","Angiosperms","Melastomataceae","Cambessedesia",,"DC.","MELASTOMATACEAE Cambessedesia DC.","UB0349494",,"UB","Cartagenes, R.C.C.","318","Native","2024","Cartagenes, R.C.C.","2024","Bronze","Prata",,"Brasília","Fazenda Água Limpa. ARIE"
"ÁREA DE RELEVANTE INTERESSE ECOLÓGICO CAPETINGA/TAQUARA","Angiosperms","Melastomataceae","Chaetogastra","parviflora","(Cogn.) P.J.F.Guim. & Michelang.","MELASTOMATACEAE Chaetogastra parviflora (Cogn.) P.J.F.Guim. & Michelang.","UB0344058",,"UB","Cartagenes, R.C.C.","98","Native","2024","Cartagenes, R.C.C.","2024","Bronze","Prata",,"Brasília","Fazenda Água Limpa. ARIE"
"ÁREA DE RELEVANTE INTERESSE ECOLÓGICO CAPETINGA/TAQUARA","Angiosperms","Melastomataceae","Miconia",,"Ruiz & Pav.","MELASTOMATACEAE Miconia Ruiz & Pav.","UB0346156",,"UB","Cartagenes, R.C.C.","186","Native","2024","Bijos, N.R.","2024","Bronze","Prata",,"Brasília","Fazenda Água Limpa. ARIE"
"ÁREA DE RELEVANTE INTERESSE ECOLÓGICO CAPETINGA/TAQUARA","Angiosperms","Melastomataceae","Stenodon",,"Naudin","MELASTOMATACEAE Stenodon Naudin","UB0346186",,"UB","Cartagenes, R.C.C.","216","Native","2024","Cartagenes, R.C.C.","2024","Bronze","Prata",,"Brasília","Fazenda Água Limpa. ARIE"
"ÁREA DE RELEVANTE INTERESSE ECOLÓGICO CAPETINGA/TAQUARA","Angiosperms","Myrtaceae","Eugenia",,"L.","MYRTACEAE Eugenia L.","UB0346151",,"UB","Cartagenes, R.C.C.","181","Native","2024","Bijos, N.R.","2024","Bronze","Prata",,"Brasília","Fazenda Água Limpa. ARIE"
"ÁREA DE RELEVANTE INTERESSE ECOLÓGICO CAPETINGA/TAQUARA","Angiosperms","Ochnaceae","Ouratea",,"Aubl.","OCHNACEAE Ouratea Aubl.","UB0346193",,"UB","Cartagenes, R.C.C.","223","Native","2024","Bijos, N.R.","2024","Bronze","Prata",,"Brasília","Fazenda Água Limpa. ARIE"
"ÁREA DE RELEVANTE INTERESSE ECOLÓGICO CAPETINGA/TAQUARA","Angiosperms","Pilotrichaceae","Trachyxiphium","saxicola","(R.S. Williams) Vaz-Imbassahy & Costa","PILOTRICHACEAE Trachyxiphium saxicola (R.S. Williams) Vaz-Imbassahy & Costa","UB0344296",,"UB","Camelo, A.S.","70","Native","2024","Camelo, A.S.","2024","Bronze","Prata",,"Brasília","Fazenda Água Limpa."
"ÁREA DE RELEVANTE INTERESSE ECOLÓGICO CAPETINGA/TAQUARA","Angiosperms","Poaceae","Axonopus","pellitus","(Nees ex Trin.) Hitchc. & Chase","POACEAE Axonopus pellitus (Nees ex Trin.) Hitchc. & Chase","UB0353558",,"UB","Cartagenes, R.C.C.","36","Cultivated","2024","Cartagenes, R.C.C.","2024","Bronze","Prata",,"Brasília","Fazenda Água Limpa. ARIE"
"ÁREA DE RELEVANTE INTERESSE ECOLÓGICO CAPETINGA/TAQUARA","Angiosperms","Poaceae","Panicum","olyroides","Kunth","POACEAE Panicum olyroides Kunth","UB0339950",,"UB","Cartagenes, R.C.C.","58","Native","2024","Cartagenes, R.C.C.","2024","Bronze","Prata",,"Brasília","Fazenda Água Limpa. ARIE"
"ÁREA DE RELEVANTE INTERESSE ECOLÓGICO CAPETINGA/TAQUARA","Angiosperms","Primulaceae","Myrsine",,"L.","PRIMULACEAE Myrsine L.","UB0345938",,"UB","Lima, A.C.","540","Native","2024","Nicolai, J.","2024","Bronze","Prata",,"Brasília","Fazenda Água Limpa."
"ÁREA DE RELEVANTE INTERESSE ECOLÓGICO CAPETINGA/TAQUARA","Angiosperms","Rubiaceae","Alibertia","edulis","(Rich.) A.Rich.","RUBIACEAE Alibertia edulis (Rich.) A.Rich.","UB0344074",,"UB","Cartagenes, R.C.C.","115","Native","2024","Munhoz, C.B.R.","2024","Bronze","Prata",,"Brasília","Fazenda Água Limpa. ARIE"
"ÁREA DE RELEVANTE INTERESSE ECOLÓGICO CAPETINGA/TAQUARA","Angiosperms","Rubiaceae","Borreria","verticillata","(L.) G.Mey.","RUBIACEAE Borreria verticillata (L.) G.Mey.","UB0339952",,"UB","Cartagenes, R.C.C.","60","Native","2024","Rabello, J.A.V.S.","2024","Bronze","Prata",,"Brasília","Fazenda Água Limpa. ARIE"
"ÁREA DE RELEVANTE INTERESSE ECOLÓGICO CAPETINGA/TAQUARA","Angiosperms","Rubiaceae","Spermacoce",,"L.","RUBIACEAE Spermacoce L.","UB0345260",,"UB","Cartagenes, R.C.C.","96","Native","2024","Cartagenes, R.C.C.","2024","Bronze","Prata",,"Brasília","Fazenda Água Limpa. ARIE"
"ÁREA DE RELEVANTE INTERESSE ECOLÓGICO CAPETINGA/TAQUARA","Angiosperms","Salicaceae","Casearia",,"Jacq.","SALICACEAE Casearia Jacq.","UB0346203",,"UB","Cartagenes, R.C.C.","233","Native","2024","Vendramini-Gomes, J.V.","2024","Bronze","Prata",,"Brasília","Fazenda Água Limpa. ARIE"
"ÁREA DE RELEVANTE INTERESSE ECOLÓGICO CAPETINGA/TAQUARA","Angiosperms","Sapotaceae","Pouteria",,"Aubl.","SAPOTACEAE Pouteria Aubl.","UB0344056",,"UB","Cartagenes, R.C.C.","96","Native","2024","Munhoz, C.B.R.","2024","Bronze","Prata",,"Brasília","Fazenda Água Limpa. ARIE"
"ÁREA DE RELEVANTE INTERESSE ECOLÓGICO CAPETINGA/TAQUARA","Angiosperms","Sematophyllaceae","Donnellia","commutata","(Müll.Hal.) W.R.Buck","SEMATOPHYLLACEAE Donnellia commutata (Müll.Hal.) W.R.Buck","UB0344300",,"UB","Camelo, A.S.","74","Native","2024","Camelo, A.S.","2024","Bronze","Prata",,"Brasília","Fazenda Água Limpa."
"ÁREA DE RELEVANTE INTERESSE ECOLÓGICO CAPETINGA/TAQUARA","Angiosperms","Smilacaceae","Smilax","campestris","Griseb.","SMILACACEAE Smilax campestris Griseb.","UB0349239",,"UB","Cartagenes, R.C.C.","331","Native","2024","Cartagenes, R.C.C.","2024","Bronze","Prata",,"Brasília","Fazenda Água Limpa. ARIE"
"ÁREA DE RELEVANTE INTERESSE ECOLÓGICO CAPETINGA/TAQUARA","Angiosperms","Smilacaceae","Smilax",,"L.","SMILACACEAE Smilax L.","UB0334996",,"UB","Cartagenes, R.C.C.","22","Native","2024","Munhoz, C.B.R.","2024","Bronze","Prata",,"Brasília","Fazenda Água Limpa."
"ÁREA DE RELEVANTE INTERESSE ECOLÓGICO CAPETINGA/TAQUARA","Angiosperms","Turneraceae","Turnera",,"L.","TURNERACEAE Turnera L.","UB0346177",,"UB","Cartagenes, R.C.C.","207","Native","2024","Cartagenes, R.C.C.","2024","Bronze","Prata",,"Brasília","Fazenda Água Limpa. ARIE"
"ÁREA DE RELEVANTE INTERESSE ECOLÓGICO CAPETINGA/TAQUARA","Angiosperms","Verbenaceae","Lippia",,"L.","VERBENACEAE Lippia L.","UB0346204",,"UB","Cartagenes, R.C.C.","234","Native","2024","Vendramini-Gomes, J.V.","2024","Bronze","Prata",,"Brasília","Fazenda Água Limpa. ARIE"
"ÁREA DE RELEVANTE INTERESSE ECOLÓGICO CAPETINGA/TAQUARA","Angiosperms","Vochysiaceae","Salvertia","convallariodora","A.St.-Hil.","VOCHYSIACEAE Salvertia convallariodora A.St.-Hil.","UB0344088",,"UB","Cartagenes, R.C.C.","129","Native","2024","Munhoz, C.B.R.","2024","Bronze","Prata",,"Brasília","Fazenda Água Limpa. ARIE"
"ÁREA DE RELEVANTE INTERESSE ECOLÓGICO CAPETINGA/TAQUARA","Angiosperms","Xyridaceae","Xyris",,"Gronov. ex L.","XYRIDACEAE Xyris Gronov. ex L.","UB0346195",,"UB","Cartagenes, R.C.C.","225","Native","2024","Bijos, N.R.","2024","Bronze","Prata",,"Brasília","Fazenda Água Limpa. ARIE"
"ÁREA DE RELEVANTE INTERESSE ECOLÓGICO CAPETINGA/TAQUARA","Angiosperms","Apocynaceae",,,"Juss.","APOCYNACEAE Apocynaceae Juss.","UB0329825",,"UB","Castro, A.R.","5","Native","2023","Oliveira, R.C.","2023","Bronze","Prata",,"Brasília","Fazenda Água Limpa. Aproximadamente 2 km depois do curral, virando a direita."
"ÁREA DE RELEVANTE INTERESSE ECOLÓGICO CAPETINGA/TAQUARA","Angiosperms","Cordiaceae","Cordia","trichotoma","(Vell.) Arráb. ex Steud.","CORDIACEAE Cordia trichotoma (Vell.) Arráb. ex Steud.","FJC000047","splink","FJC","Pinheiro, J.D.S.","47","Native","2023","Pinheiro, J.D.S.","2023","Bronze","Prata",,"Brasília","Fazenda Água Limpa"
"ÁREA DE RELEVANTE INTERESSE ECOLÓGICO CAPETINGA/TAQUARA","Angiosperms","Fabaceae","Tachigali",,"Aubl.","FABACEAE Tachigali Aubl.","BOTUW002817","splink","BOTUw","Ac, S.J.O.L.","354","Native","2023","Cassola, H.","2023","Bronze","Prata",,"Brasília","Fazenda Água Limpa (FAL), UnB."
"ÁREA DE RELEVANTE INTERESSE ECOLÓGICO CAPETINGA/TAQUARA","Angiosperms","Malvaceae","Sterculia","apetala","(Jacq.) H.Karst.","MALVACEAE Sterculia apetala (Jacq.) H.Karst.","UB0334278",,"UB","Conceicao, L.H.S.M.","320","Native","2023","Conceicao, L.H.S.M.","2023","Bronze","Prata",,"Brasília","Fazenda Água Limpa (FAL), próximo a entrada."
"ÁREA DE RELEVANTE INTERESSE ECOLÓGICO CAPETINGA/TAQUARA","Angiosperms","Bromeliaceae","Dyckia","lindevaldae","Rauh","BROMELIACEAE Dyckia lindevaldae Rauh","38454","splink","HEPH","Zanatta, M.R.V.","3439","Native","2022","Zanatta, M.R.V.",,"Bronze","Prata",,"Brasília","Fazenda Água Limpa, UnB. Região da Chapadinha."
"ÁREA DE RELEVANTE INTERESSE ECOLÓGICO CAPETINGA/TAQUARA","Angiosperms","Cyperaceae","Cyperus","haspan","L.","CYPERACEAE Cyperus haspan L.","UB0313559",,"UB","Matzenauer, W.","1626","Native","2022","Matzenauer, W.",,"Bronze","Prata",,"Brasília","Fazenda Água Limpa/FAL - UnB. Na margen da barragem da FAL. Ambiente úmido. Muito frequente."
"ÁREA DE RELEVANTE INTERESSE ECOLÓGICO CAPETINGA/TAQUARA","Angiosperms","Cyperaceae","Cyperus",,"L.","CYPERACEAE Cyperus L.","UB0313498",,"UB","Matzenauer, W.","1615","Native","2022","Matzenauer, W.",,"Bronze","Prata",,"Brasília","Fazenda Água Limpa/FAL - UnB. Campo sujo. Muito frequente."
"ÁREA DE RELEVANTE INTERESSE ECOLÓGICO CAPETINGA/TAQUARA","Angiosperms","Cyperaceae","Cyperus","laxus","Lam.","CYPERACEAE Cyperus laxus Lam.","UB0313558",,"UB","Matzenauer, W.","1620","Native","2022","Matzenauer, W.",,"Bronze","Prata",,"Brasília","Fazenda Água Limpa/FAL - UnB. Em vegetação marginal ao portão de acesso a FAL. Local sombreado."
"ÁREA DE RELEVANTE INTERESSE ECOLÓGICO CAPETINGA/TAQUARA",,"Cyperaceae","Rhynchospora","affinis","W.Fitzg.","CYPERACEAE Rhynchospora affinis W.Fitzg.","UB0313497",,"UB","Matzenauer, W.","1614",,"2022","Matzenauer, W.",,"Bronze","Prata",,"Brasília","Fazenda Água Limpa/FAL - UnB. Campo sujo. Muito frequente."
"ÁREA DE RELEVANTE INTERESSE ECOLÓGICO CAPETINGA/TAQUARA","Angiosperms","Cyperaceae","Eleocharis","filiculmis","Kunth","CYPERACEAE Eleocharis filiculmis Kunth","UB0313506",,"UB","Matzenauer, W.","1624","Native","2022","Farias, D.C.","2024","Bronze","Prata",,"Brasília","Fazenda Água Limpa/FAL - UnB. Na margen da barragem da FAL. Ambiente úmido. Muito frequente."
"ÁREA DE RELEVANTE INTERESSE ECOLÓGICO CAPETINGA/TAQUARA","Angiosperms","Amaranthaceae","Dysphania","ambrosioides","(L.) Mosyakin & Clemants","AMARANTHACEAE Dysphania ambrosioides (L.) Mosyakin & Clemants","37892","splink","HEPH","Silva, M.G.","s.n.","Native","2022","Rosa, P.O.","2022","Bronze","Prata",,"Brasília","Fazenda Água Limpa"
"ÁREA DE RELEVANTE INTERESSE ECOLÓGICO CAPETINGA/TAQUARA","Angiosperms","Chrysobalanaceae",,,"R.Br.","CHRYSOBALANACEAE Chrysobalanaceae R.Br.","UB0320527",,"UB","Oliveira, R.C.","3884","Native","2022","Oliveira, R.C.","2022","Bronze","Prata",,"Brasília","Fazenda Água Limpa. No canal de riacho periódico."
"ÁREA DE RELEVANTE INTERESSE ECOLÓGICO CAPETINGA/TAQUARA","Angiosperms","Malpighiaceae","Heteropterys",,"Kunth","MALPIGHIACEAE Heteropterys Kunth","UB0320525",,"UB","Oliveira, R.C.","3882","Native","2022","Oliveira, R.C.","2022","Bronze","Prata",,"Brasília","Fazenda Água Limpa. Trilha para Cachoeira do Capetinga."
"ÁREA DE RELEVANTE INTERESSE ECOLÓGICO CAPETINGA/TAQUARA","Angiosperms","Poaceae","Olyra","humilis","Nees","POACEAE Olyra humilis Nees","UB1075913",,"UB","Brito, C.A.","71","Native","2019","Brito, C.A.",,"Bronze","Prata",,"Brasília","Fazenda Água Limpa."
"ÁREA DE RELEVANTE INTERESSE ECOLÓGICO CAPETINGA/TAQUARA","Angiosperms","Poaceae","Olyra","latifolia","L.","POACEAE Olyra latifolia L.","UB1272526",,"UB","Brito, C.A.","63","Native","2019","Brito, C.A.",,"Bronze","Prata",,"Brasília","Fazenda Água Limpa."
"ÁREA DE RELEVANTE INTERESSE ECOLÓGICO CAPETINGA/TAQUARA","Angiosperms","Poaceae","Oplismenus","hirtellus","(L.) P.Beauv.","POACEAE Oplismenus hirtellus (L.) P.Beauv.","UB1156875",,"UB","Brito, C.A.","69","Native","2019","Brito, C.A.",,"Bronze","Prata",,"Brasília","Fazenda Água Limpa."
"ÁREA DE RELEVANTE INTERESSE ECOLÓGICO CAPETINGA/TAQUARA","Angiosperms","Poaceae","Paspalum","conjugatum","P.J.Bergius","POACEAE Paspalum conjugatum P.J.Bergius","UB1078046",,"UB","Brito, C.A.","53","Native","2019","Brito, C.A.",,"Bronze","Prata",,"Brasília","Fazenda Água Limpa."
"ÁREA DE RELEVANTE INTERESSE ECOLÓGICO CAPETINGA/TAQUARA","Angiosperms","Poaceae","Phyllostachys","bambusoides","Siebold & Zucc.","POACEAE Phyllostachys bambusoides Siebold & Zucc.","UB1213751",,"UB","Brito, C.A.","57","Native","2019","Brito, C.A.",,"Bronze","Prata",,"Brasília","Fazenda Água Limpa."
"ÁREA DE RELEVANTE INTERESSE ECOLÓGICO CAPETINGA/TAQUARA","Angiosperms","Poaceae","Raddiella","esenbeckii","(Steud.) C.E.Calderón & Soderstr.","POACEAE Raddiella esenbeckii (Steud.) C.E.Calderón & Soderstr.","UB1069810",,"UB","Brito, C.A.","55","Native","2019","Brito, C.A.",,"Bronze","Prata",,"Brasília","Fazenda Água Limpa."
"ÁREA DE RELEVANTE INTERESSE ECOLÓGICO CAPETINGA/TAQUARA","Angiosperms","Pteridaceae","Doryopteris",,"J. Sm.","PTERIDACEAE Doryopteris J. Sm.","BHCB198627","splink","BHCB","Goes, B.T.P.M.","485","Native","2019","Salino, A.","0-0-0","Bronze","Prata",,"Brasília","Apa Gama e Cabeça de Veado, Fazenda Água Limpa, UnB."
"ÁREA DE RELEVANTE INTERESSE ECOLÓGICO CAPETINGA/TAQUARA","Angiosperms","Poaceae","Lasiacis","sorghoidea","(Desv. ex Ham.) Hitchc. & Chase","POACEAE Lasiacis sorghoidea (Desv. ex Ham.) Hitchc. & Chase","UB1330995",,"UB","Brito, C.A.","42","Native","2019","Rcoliveira","2022","Bronze","Prata",,"Brasília","Fazenda Água Limpa."
"ÁREA DE RELEVANTE INTERESSE ECOLÓGICO CAPETINGA/TAQUARA","Angiosperms","Poaceae","Paspalum","burchellii","Munro ex Oliv.","POACEAE Paspalum burchellii Munro ex Oliv.","UB1077993",,"UB","Silva, C.F.S.","332B","Native","2019","Silva, C.F.S.","2019","Bronze","Prata",,"Brasília","Fazenda Água Limpa."
"ÁREA DE RELEVANTE INTERESSE ECOLÓGICO CAPETINGA/TAQUARA","Angiosperms","Cordiaceae","Cordia","sellowiana","Cham.","CORDIACEAE Cordia sellowiana Cham.","UBw0310161",,"UBw","Sonsin-Oliveira., J.","378","Native","2018","Fagg, C.W.",,"Bronze","Prata",,"Brasília","FAL - Fazenda Água Limpa. próximo a sede."
"ÁREA DE RELEVANTE INTERESSE ECOLÓGICO CAPETINGA/TAQUARA",,"Euphorbiaceae","Hevea","brasiliensis","(Willd. ex A.Juss.) Müll.Arg.","EUPHORBIACEAE Hevea brasiliensis (Willd. ex A.Juss.) Müll.Arg.","UBw0310245",,"UBw","Sonsin-Oliveira., J.","377",,"2018","Fagg, C.W.",,"Bronze","Prata",,"Brasília","FAL - Fazenda Água Limpa. próximo a sede."
"ÁREA DE RELEVANTE INTERESSE ECOLÓGICO CAPETINGA/TAQUARA","Angiosperms","Fabaceae","Paubrasilia","echinata","(Lam.) Gagnon, H.C.Lima & G.P.Lewis","FABACEAE Paubrasilia echinata (Lam.) Gagnon, H.C.Lima & G.P.Lewis","UBw0310394",,"UBw","Sonsin-Oliveira., J.","379","Native","2018","Fagg, C.W.",,"Bronze","Prata",,"Brasília","FAL - Fazenda Água Limpa. próximo a sede."
"ÁREA DE RELEVANTE INTERESSE ECOLÓGICO CAPETINGA/TAQUARA","Angiosperms","Fabaceae","Galactia",,"P.Browne","FABACEAE Galactia P.Browne","UB1197116",,"UB","Souza, G.F.","53","Native","2018","Silva, C.F.S.","2021","Bronze","Prata",,"Brasília","Fazenda Água Limpa."
"ÁREA DE RELEVANTE INTERESSE ECOLÓGICO CAPETINGA/TAQUARA","Angiosperms","Fabaceae","Stylosanthes",,"Sw.","FABACEAE Stylosanthes Sw.","UB1354957",,"UB","Souza, G.F.","54","Native","2018","Silva, C.F.S.","2021","Bronze","Prata",,"Brasília","Fazenda Água Limpa."
"ÁREA DE RELEVANTE INTERESSE ECOLÓGICO CAPETINGA/TAQUARA","Angiosperms","Hymenophyllaceae","Abrodictyum","rigidum","(Sw.) Ebihara & Dubuisson","HYMENOPHYLLACEAE Abrodictyum rigidum (Sw.) Ebihara & Dubuisson","UB1243553",,"UB","Ferreira-De, L.","3","Native","2018","Souza, M.G.M.","2018","Bronze","Prata",,"Brasília","Fazenda Água Limpa."
"ÁREA DE RELEVANTE INTERESSE ECOLÓGICO CAPETINGA/TAQUARA","Angiosperms","Hymenophyllaceae","Trichomanes","pilosum","Raddi","HYMENOPHYLLACEAE Trichomanes pilosum Raddi","UB1063619",,"UB","Ferreira-De, L.","2","Native","2018","Souza, M.G.M.","2018","Bronze","Prata",,"Brasília","Fazenda Água Limpa."
"ÁREA DE RELEVANTE INTERESSE ECOLÓGICO CAPETINGA/TAQUARA",,"Hymenophyllaceae","Trichomanes","pinnatum","Hedw.","HYMENOPHYLLACEAE Trichomanes pinnatum Hedw.","UB1243540",,"UB","Ferreira-De, L.","1",,"2018","Souza, M.G.M.","2018","Bronze","Prata",,"Brasília","Fazenda Água Limpa."
"ÁREA DE RELEVANTE INTERESSE ECOLÓGICO CAPETINGA/TAQUARA","Angiosperms","Lindsaeaceae","Lindsaea",,"Pic.Serm.","LINDSAEACEAE Lindsaea Pic.Serm.","UB1218276",,"UB","Ferreira-De, L.","8","Native","2018","Ferreira-De, L.","2018","Bronze","Prata",,"Brasília","Fazenda Água Limpa."
"ÁREA DE RELEVANTE INTERESSE ECOLÓGICO CAPETINGA/TAQUARA","Angiosperms","Poaceae","Andropogon","selloanus","(Hack.) Hack.","POACEAE Andropogon selloanus (Hack.) Hack.","UFG0071370","splink","UFG","Machida, W.S.","75","Native","2018","Machida, W.S.","2018","Bronze","Prata",,"Brasília","Fazenda Água Limpa"
"ÁREA DE RELEVANTE INTERESSE ECOLÓGICO CAPETINGA/TAQUARA","Angiosperms","Poaceae","Sacciolepis","angustissima","(Hochst. ex Steud.) Kuhlm.","POACEAE Sacciolepis angustissima (Hochst. ex Steud.) Kuhlm.","UFG0071361","splink","UFG","Machida, W.S.","82","Native","2018","Machida, W.S.","2018","Bronze","Prata",,"Brasília","Fazenda Água Limpa"
"ÁREA DE RELEVANTE INTERESSE ECOLÓGICO CAPETINGA/TAQUARA","Angiosperms","Poaceae","Sporobolus","aeneus","(Trin.) Kunth","POACEAE Sporobolus aeneus (Trin.) Kunth","UFG0071360","splink","UFG","Machida, W.S.","93","Native","2018","Machida, W.S.","2018","Bronze","Prata",,"Brasília","Fazenda Água Limpa"
"ÁREA DE RELEVANTE INTERESSE ECOLÓGICO CAPETINGA/TAQUARA","Angiosperms","Plagiochilaceae","Plagiochila","corrugata","(Nees) Nees & Mont.","PLAGIOCHILACEAE Plagiochila corrugata (Nees) Nees & Mont.","UB1288544",,"UB","Pereira, C.G.","598","Native","2017","Peralta, D.F.","2024","Bronze","Prata",,"Brasília","Fazenda Água Limpa (FAL), Córrego da Mata do Capetinga."
"ÁREA DE RELEVANTE INTERESSE ECOLÓGICO CAPETINGA/TAQUARA","Angiosperms","Fabaceae","Senna","pendula","(Humb.& Bonpl.ex Willd.) H.S.Irwin & Barneby","FABACEAE Senna pendula (Humb.& Bonpl.ex Willd.) H.S.Irwin & Barneby","UB1253851",,"UB","Oliveira, R.C.","3294","Native","2017","Souto, F.","2023","Bronze","Prata",,"Brasília","Fazenda Água Limpa, Olho D´Água do Onça."
"ÁREA DE RELEVANTE INTERESSE ECOLÓGICO CAPETINGA/TAQUARA","Angiosperms","Bryaceae",,,"Schwägr.","BRYACEAE Bryaceae Schwägr.","UB1006572",,"UB","Pereira, C.G.","605","Native","2017","Pereira, C.G.","2017","Bronze","Prata",,"Brasília","Fazenda Água Limpa (FAL), Córrego da Mata do Capetinga."
"ÁREA DE RELEVANTE INTERESSE ECOLÓGICO CAPETINGA/TAQUARA","Angiosperms","Fissidentaceae",,,"Schimp.","FISSIDENTACEAE Fissidentaceae Schimp.","UB1029409",,"UB","Pereira, C.G.","599","Native","2017","Pereira, C.G.","2017","Bronze","Prata",,"Brasília","Fazenda Água Limpa (FAL), Córrego da Mata do Capetinga."
"ÁREA DE RELEVANTE INTERESSE ECOLÓGICO CAPETINGA/TAQUARA","Angiosperms","Gentianaceae","Voyria","aphylla","(Jacq.) Pers.","GENTIANACEAE Voyria aphylla (Jacq.) Pers.","UB1351872",,"UB","Cardoso, A.G.T.","7","Native","2017","Cardoso, A.G.T.","2017","Bronze","Prata",,"Brasília","Vargem Bonita, Fazenda Água Limpa, Riacho afluente do Ribeirão do Gama (Captação de água)."
"ÁREA DE RELEVANTE INTERESSE ECOLÓGICO CAPETINGA/TAQUARA","Ferns and Lycophytes","Pottiaceae",,,"Schimp.","POTTIACEAE Pottiaceae Schimp.","UB1013902",,"UB","Pereira, C.G.","625","Native","2017","Pereira, C.G.","2017","Bronze","Prata",,"Brasília","Fazenda Água Limpa (FAL), alojamento."
"ÁREA DE RELEVANTE INTERESSE ECOLÓGICO CAPETINGA/TAQUARA","Angiosperms","Saxifragaceae","Saxifraga",,"L.","SAXIFRAGACEAE Saxifraga L.","UB1162625",,"UB","Silva, C.F.S.","22Be","Native","2017","Souza, M.G.M.","2017","Bronze","Prata",,"Brasília","Fazenda Água Limpa."
"ÁREA DE RELEVANTE INTERESSE ECOLÓGICO CAPETINGA/TAQUARA","Angiosperms","Leucobryaceae",,,"Schimp.","LEUCOBRYACEAE Leucobryaceae Schimp.","UB1284273",,"UB","Pereira, C.G.","583","Native","2016","Pereira, C.G.",,"Bronze","Prata",,"Brasília","Fazenda Água Limpa (FAL), córrego do Taquara."
"ÁREA DE RELEVANTE INTERESSE ECOLÓGICO CAPETINGA/TAQUARA","Angiosperms","Bignoniaceae","Cuspidaria","pulchra","(Cham.) L.G.Lohmann","BIGNONIACEAE Cuspidaria pulchra (Cham.) L.G.Lohmann","UB1248810",,"UB","Behrens, C.S.","19","Native","2016","Frazao, A.","2024","Bronze","Prata",,"Brasília","Fazenda Água Limpa - FAL, UnB, Olho da onça."
"ÁREA DE RELEVANTE INTERESSE ECOLÓGICO CAPETINGA/TAQUARA","Angiosperms","Malpighiaceae","Banisteriopsis","gardneriana","(A.Juss.) W.R.Anderson & B.Gates","MALPIGHIACEAE Banisteriopsis gardneriana (A.Juss.) W.R.Anderson & B.Gates","UB0048024",,"UB","Silva, W.P.","2","Native","2016","Oliveira, R.C.","2023","Bronze","Prata",,"Brasília","Fazenda Água Limpa."
"ÁREA DE RELEVANTE INTERESSE ECOLÓGICO CAPETINGA/TAQUARA","Angiosperms","Siparunaceae","Siparuna","brasiliensis","(Spreng.) A.DC.","SIPARUNACEAE Siparuna brasiliensis (Spreng.) A.DC.","UB0118601",,"UB","Oliveira, R.C.","3151","Native","2016","Lirio","2021","Bronze","Prata",,"Brasília","Fazenda Água Limpa - FAL, UnB, Olho da onça."
"ÁREA DE RELEVANTE INTERESSE ECOLÓGICO CAPETINGA/TAQUARA","Angiosperms","Orobanchaceae","Buchnera",,"L.","OROBANCHACEAE Buchnera L.","UB0031320",,"UB","Oliveira, R.C.","3171","Native","2016","Zanatta, M.R.V.","2017","Bronze","Prata",,"Brasília","Fazenda Água Limpa - FAL, UnB."
"ÁREA DE RELEVANTE INTERESSE ECOLÓGICO CAPETINGA/TAQUARA",,"Poaceae","Hildaea","breviscrobs","(Döll) C.Silva & R.P. Oliveira","POACEAE Hildaea breviscrobs (Döll) C.Silva & R.P. Oliveira","UB0056656",,"UB","Oliveira, R.C.","3158",,"2016","Rodrigues, R.S.","2017","Bronze","Prata",,"Brasília","Fazenda Água Limpa - FAL, UnB."
"ÁREA DE RELEVANTE INTERESSE ECOLÓGICO CAPETINGA/TAQUARA",,"Araliaceae","Hydrocotyle","quinqueloba","Ruiz & Pav.","ARALIACEAE Hydrocotyle quinqueloba Ruiz & Pav.","MAC0018480","splink","MAC","Mendoza, M.","5269",,"2016","Mendoza, M.","2016","Bronze","Prata",,"Brasília","Fazenda Água Limpa (UnB), Ca. 100 m da ponte do córrego Capetinga, trilha à primatologia."
"ÁREA DE RELEVANTE INTERESSE ECOLÓGICO CAPETINGA/TAQUARA","Angiosperms","Campanulaceae","Siphocampylus","lycioides","(Cham.) G.Don","CAMPANULACEAE Siphocampylus lycioides (Cham.) G.Don","UB1094846",,"UB","Oliveira, R.C.","3190","Native","2016","Al., E.","2016","Bronze","Prata",,"Brasília","Fazenda Água Limpa - FAL, UnB."
"ÁREA DE RELEVANTE INTERESSE ECOLÓGICO CAPETINGA/TAQUARA","Angiosperms","Euphorbiaceae","Sebastiania",,"Spreng.","EUPHORBIACEAE Sebastiania Spreng.","UB1347485",,"UB","Oliveira, R.C.","3170","Native","2016","Al., E.","2016","Bronze","Prata",,"Brasília","Fazenda Água Limpa - FAL, UnB."
"ÁREA DE RELEVANTE INTERESSE ECOLÓGICO CAPETINGA/TAQUARA","Angiosperms","Fabaceae","Zornia",,"J.F.Gmel.","FABACEAE Zornia J.F.Gmel.","UB1229326",,"UB","Oliveira, R.C.","3177","Native","2016","Al., E.","2016","Bronze","Prata",,"Brasília","Fazenda Água Limpa - FAL, UnB."
"ÁREA DE RELEVANTE INTERESSE ECOLÓGICO CAPETINGA/TAQUARA","Angiosperms","Lamiaceae","Eriope",,"Bonpl. ex Benth.","LAMIACEAE Eriope Bonpl. ex Benth.","UB1032289",,"UB","Behrens, C.S.","22","Native","2016","Al., E.","2016","Bronze","Prata",,"Brasília","Fazenda Água Limpa - FAL, UnB, Olho da onça."
"ÁREA DE RELEVANTE INTERESSE ECOLÓGICO CAPETINGA/TAQUARA","Angiosperms","Lentibulariaceae","Utricularia",,"L.","LENTIBULARIACEAE Utricularia L.","UB1207702",,"UB","Oliveira, R.C.","3192","Native","2016","Al., E.","2016","Bronze","Prata",,"Brasília","Fazenda Água Limpa - FAL, UnB."
"ÁREA DE RELEVANTE INTERESSE ECOLÓGICO CAPETINGA/TAQUARA","Angiosperms","Melastomataceae","Lavoisiera",,"DC.","MELASTOMATACEAE Lavoisiera DC.","UB1073505",,"UB","Behrens, C.S.","17","Native","2016","Al., E.","2016","Bronze","Prata",,"Brasília","Fazenda Água Limpa - FAL, UnB, Olho da onça."
"ÁREA DE RELEVANTE INTERESSE ECOLÓGICO CAPETINGA/TAQUARA","Ferns and Lycophytes","Sapindaceae",,,"Juss.","SAPINDACEAE Sapindaceae Juss.","UB1346449",,"UB","Oliveira, R.C.","3154","Native","2016","Al., E.","2016","Bronze","Prata",,"Brasília","Fazenda Água Limpa - FAL, UnB."
"ÁREA DE RELEVANTE INTERESSE ECOLÓGICO CAPETINGA/TAQUARA","Ferns and Lycophytes","Turneraceae",,,"Kunth ex DC.","TURNERACEAE Turneraceae Kunth ex DC.","UB1243904",,"UB","Oliveira, R.C.","3176","Native","2016","Al., E.","2016","Bronze","Prata",,"Brasília","Fazenda Água Limpa - FAL, UnB."
"ÁREA DE RELEVANTE INTERESSE ECOLÓGICO CAPETINGA/TAQUARA","Angiosperms","Poaceae","Paspalum","clavuliferum","C.Wright","POACEAE Paspalum clavuliferum C.Wright","UB1159004","splink","UB","Moura, C.O.","43","Native","2015","Moura, C.O.",,"Bronze","Prata",,"Brasília","Fazenda Água Limpa (FAL-UnB)."
"ÁREA DE RELEVANTE INTERESSE ECOLÓGICO CAPETINGA/TAQUARA","Bryophytes","Poaceae","Paspalum","hyalinum","Nees ex Trin.","POACEAE Paspalum hyalinum Nees ex Trin.","UB1244924","splink","UB","Moura, C.O.","49","Native","2015","Moura, C.O.",,"Bronze","Prata",,"Brasília","Fazenda Água Limpa (FAL-UnB)."
"ÁREA DE RELEVANTE INTERESSE ECOLÓGICO CAPETINGA/TAQUARA","Angiosperms","Velloziaceae","Vellozia",,"Vand.","VELLOZIACEAE Vellozia Vand.","UB0058169",,"UB","Oliveira, R.C.","3063","Native","2015","Proenca, C.E.B.","2022","Bronze","Prata",,"Brasília","Fazenda Água limpa."
"ÁREA DE RELEVANTE INTERESSE ECOLÓGICO CAPETINGA/TAQUARA","Angiosperms","Rubiaceae","Declieuxia",,"Kunth","RUBIACEAE Declieuxia Kunth","UB0121136","splink","UB","Oliveira, R.C.","3058","Native","2015","Silva, C.F.S.","2021","Bronze","Prata",,"Brasília","Fazenda Água limpa, próximo ao Ago Azul."
"ÁREA DE RELEVANTE INTERESSE ECOLÓGICO CAPETINGA/TAQUARA","Angiosperms","Polygalaceae","Monnina",,"Ruiz & Pav.","POLYGALACEAE Monnina Ruiz & Pav.","UB1327962","splink","UB","Souza, G.F.","38","Native","2015","Pessoa, E.","2014","Bronze","Prata",,"Brasília","Fazenda Água Limpa, Próximo a cahoeira do capitinga."
"ÁREA DE RELEVANTE INTERESSE ECOLÓGICO CAPETINGA/TAQUARA","Angiosperms","Velloziaceae","Vellozia","pumila","Goethart & Henrard","VELLOZIACEAE Vellozia pumila Goethart & Henrard","UB0028898",,"UB","Moura, C.O.","24","Native","2014","Lopes, J.C.","2024","Bronze","Prata",,"Brasília","Fazenda Água Limpa."
"ÁREA DE RELEVANTE INTERESSE ECOLÓGICO CAPETINGA/TAQUARA","Angiosperms","Velloziaceae","Barbacenia",,"Vand.","VELLOZIACEAE Barbacenia Vand.","UB0028551",,"UB","Moura, C.O.","18","Native","2014","Moura, C.O.","2015","Bronze","Prata",,"Brasília","Fazenda Água Limpa."
"ÁREA DE RELEVANTE INTERESSE ECOLÓGICO CAPETINGA/TAQUARA","Angiosperms","Arecaceae","Syagrus","oleracea","(Mart.) Becc.","ARECACEAE Syagrus oleracea (Mart.) Becc.","UB0003524",,"UB","Reis, A.F.","12","Native","2014","Reis, A.F.","2014","Bronze","Prata",,"Brasília","Fazenda Água Limpa - Universidade de Brasília."
"ÁREA DE RELEVANTE INTERESSE ECOLÓGICO CAPETINGA/TAQUARA","Angiosperms","Bromeliaceae","Bromelia","glaziovii","Mez","BROMELIACEAE Bromelia glaziovii Mez","SP051125","splink","SP","Araujo, C.C.","63","Cultivated","2014","Araujo, C.C.","2014","Bronze","Prata",,"Brasília","Fazenda Água Limpa - UNB"
"ÁREA DE RELEVANTE INTERESSE ECOLÓGICO CAPETINGA/TAQUARA","Angiosperms","Bromeliaceae","Bromelia","goyazensis","Mez","BROMELIACEAE Bromelia goyazensis Mez","SP051242","splink","SP","Araujo, C.C.","65","Native","2014","Araujo, C.C.","2014","Bronze","Prata",,"Brasília","Fazenda Água Limpa - UNB"
"ÁREA DE RELEVANTE INTERESSE ECOLÓGICO CAPETINGA/TAQUARA","Angiosperms","Convolvulaceae","Ipomoea",,"L.","CONVOLVULACEAE Ipomoea L.","UB1215237",,"UB","Castro, B.M.","96","Native","2014","Castro, B.M.","2014","Bronze","Prata",,"Brasília","Fazenda Água Limpa."
"ÁREA DE RELEVANTE INTERESSE ECOLÓGICO CAPETINGA/TAQUARA","Angiosperms","Fabaceae","Centrosema",,"(DC.) Benth.","FABACEAE Centrosema (DC.) Benth.","UB1267833",,"UB","Castro, B.M.","95","Native","2014","Castro, B.M.","2014","Bronze","Prata",,"Brasília","Fazenda Água Limpa."
"ÁREA DE RELEVANTE INTERESSE ECOLÓGICO CAPETINGA/TAQUARA","Angiosperms","Fabaceae","Dipteryx","alata","Vogel","FABACEAE Dipteryx alata Vogel","UB1154454","splink","UB","Reis, A.F.","9","Native","2014","Reis, A.F.","2014","Bronze","Prata",,"Brasília","Fazenda Água Limpa - Universidade de Brasília."
"ÁREA DE RELEVANTE INTERESSE ECOLÓGICO CAPETINGA/TAQUARA","Angiosperms","Onagraceae","Ludwigia",,"L.","ONAGRACEAE Ludwigia L.","UB1278363","splink","UB","Moura, C.O.","23","Native","2014","Moura, C.O.","2014","Bronze","Prata",,"Brasília","Fazenda Água Limpa, próximo ponte entre a entrada e o alojamento."
"ÁREA DE RELEVANTE INTERESSE ECOLÓGICO CAPETINGA/TAQUARA","Angiosperms","Solanaceae","Cestrum",,"L.","SOLANACEAE Cestrum L.","UB1061453","splink","UB","Carvalho-Silva, M.","1915","Native","2013","Moura, R.","2023","Bronze","Prata",,"Brasília","Fazenda Água Limpa, Primatologia, Córrego Capetinga."
"ÁREA DE RELEVANTE INTERESSE ECOLÓGICO CAPETINGA/TAQUARA","Angiosperms","Thelypteridaceae","Meniscium","longifolium","Desv.","THELYPTERIDACEAE Meniscium longifolium Desv.","UB0036127",,"UB","Oliveira, R.P.","132","Native","2013","Souza, M.G.M.","2022","Bronze","Prata",,"Brasília","Fazenda Água Limpa (Córrego da Onça)."
"ÁREA DE RELEVANTE INTERESSE ECOLÓGICO CAPETINGA/TAQUARA","Angiosperms","Malpighiaceae","Tetrapterys",,"Cav.","MALPIGHIACEAE Tetrapterys Cav.","UB1205856",,"UB","Giroldo, A.B.","139","Native","2013","Proenca, C.E.B.","2018","Bronze","Prata",,"Brasília","Fazenda Água Limpa - UnB."
"ÁREA DE RELEVANTE INTERESSE ECOLÓGICO CAPETINGA/TAQUARA","Angiosperms","Fabaceae","Chamaecrista","polymorpha","(Glaz. ex Harms) H.S.Irwin & Barneby","FABACEAE Chamaecrista polymorpha (Glaz. ex Harms) H.S.Irwin & Barneby","HUEFS0235914","splink","HUEFS","Giroldo, A.B.","8","Native","2013","Cota, M.M.T.","2017","Bronze","Prata",,"Brasília","Fazenda Água Limpa."
"ÁREA DE RELEVANTE INTERESSE ECOLÓGICO CAPETINGA/TAQUARA","Angiosperms","Hypnaceae","Chryso-hypnum","diminutivum","(Hampe) W.R.Buck","HYPNACEAE Chryso-hypnum diminutivum (Hampe) W.R.Buck","UB1220158","splink","UB","Carvalho, P.H.S.","14","Native","2013","Sousa, R.V.","2014","Bronze","Prata",,"Brasília","Fazenda Água Limpa - FAL."
"ÁREA DE RELEVANTE INTERESSE ECOLÓGICO CAPETINGA/TAQUARA","Angiosperms","Celastraceae","Monteverdia","floribunda","(Reissek) Biral","CELASTRACEAE Monteverdia floribunda (Reissek) Biral","UB1164632","splink","UB","Oliveira, R.P.","88","Native","2013","Oliveira, R.P.","2013","Bronze","Prata",,"Brasília","Fazenda Água Limpa (Córrego Capetinga)."
"ÁREA DE RELEVANTE INTERESSE ECOLÓGICO CAPETINGA/TAQUARA","Angiosperms","Humiriaceae","Sacoglottis","guianensis","Benth.","HUMIRIACEAE Sacoglottis guianensis Benth.","UB1091595","splink","UB","Oliveira, R.P.","87","Native","2013","Oliveira, R.P.","2013","Bronze","Prata",,"Brasília","Fazenda Água Limpa (Córrego Capetinga)."
"ÁREA DE RELEVANTE INTERESSE ECOLÓGICO CAPETINGA/TAQUARA","Angiosperms","Orchidaceae","Bulbophyllum","plumosum","(Barb.Rodr.) Cogn.","ORCHIDACEAE Bulbophyllum plumosum (Barb.Rodr.) Cogn.","UB0031341",,"UB","Oliveira, R.P.","76","Native","2013","Paula, R.","2011","Bronze","Prata",,"Brasília","Fazenda Água Limpa (Córrego Capetinga)."
"ÁREA DE RELEVANTE INTERESSE ECOLÓGICO CAPETINGA/TAQUARA","Angiosperms","Calophyllaceae","Kielmeyera","speciosa","A.St.-Hil.","CALOPHYLLACEAE Kielmeyera speciosa A.St.-Hil.","UB1216451","splink","UB","Carvalho-Silva, M.","1704","Native","2012","Alkimim, W.","2012","Bronze","Prata",,"Brasília","Zona del Jardín Botánico, Fazenda Água Limpa."
"ÁREA DE RELEVANTE INTERESSE ECOLÓGICO CAPETINGA/TAQUARA","Angiosperms","Polypodiaceae","Campyloneurum","angustifolium","(Sw.) Fée","POLYPODIACEAE Campyloneurum angustifolium (Sw.) Fée","UB1042777","splink","UB","Oliveira, R.P.","59","Native","2012","Oliveira, R.P.","2012","Bronze","Prata",,"Brasília","Fazenda Água Limpa (Córrego da Onça)."
"ÁREA DE RELEVANTE INTERESSE ECOLÓGICO CAPETINGA/TAQUARA","Angiosperms","Rubiaceae","Amaioua","guianensis","Aubl.","RUBIACEAE Amaioua guianensis Aubl.","UB1200623","splink","UB","Oliveira, R.P.","67","Native","2012","Oliveira, R.P.","2012","Bronze","Prata",,"Brasília","Fazenda Água Limpa (Córrego Capetinga)."
"ÁREA DE RELEVANTE INTERESSE ECOLÓGICO CAPETINGA/TAQUARA","Angiosperms","Fabaceae","Galactia","striata","(Jacq.) Urb.","FABACEAE Galactia striata (Jacq.) Urb.","UB1240295",,"UB","Munhoz, C.B.R.","PP-FAL65","Native","2011","Silva, C.F.S.","2021","Bronze","Prata",,"Brasília","Fazenda Água Limpa."
"ÁREA DE RELEVANTE INTERESSE ECOLÓGICO CAPETINGA/TAQUARA","Angiosperms","Leucobryaceae","Leucobryum",,"Hampe","LEUCOBRYACEAE Leucobryum Hampe","UB1284284","splink","UB","Carvalho, P.H.S.","1","Native","2011","Carvalho, P.H.S.","2013","Bronze","Prata",,"Brasília","Fazenda Água Limpa - FAL."
"ÁREA DE RELEVANTE INTERESSE ECOLÓGICO CAPETINGA/TAQUARA","Angiosperms","Dichapetalaceae","Tapura","amazonica","Poepp. & Endl.","DICHAPETALACEAE Tapura amazonica var. amazonica Poepp. & Endl.","UB1241976","splink","UB","Souza, E.N.F.","5","Native","2011","Souza, E.N.F.","2011","Bronze","Prata",,"Brasília","Fazenda Água Limpa (UnB)."
"ÁREA DE RELEVANTE INTERESSE ECOLÓGICO CAPETINGA/TAQUARA","Angiosperms","Polypodiaceae","Serpocaulon","fraxinifolium","(Jacq.) A.R.Sm.","POLYPODIACEAE Serpocaulon fraxinifolium (Jacq.) A.R.Sm.","UB0034897",,"UB","Oliveira, R.P.","40","Native","2011","Paula, R.","2011","Bronze","Prata",,"Brasília","Fazenda Água Limpa (Córrego do Onça)."
"ÁREA DE RELEVANTE INTERESSE ECOLÓGICO CAPETINGA/TAQUARA",,"Goodeniaceae","Goodenia",,"Sm.","GOODENIACEAE Goodenia Sm.","UB1097948","splink","UB","Martins, D.S.","43",,"2010","Martins, D.S.","2011","Bronze","Prata",,"Brasília","Estação experimental da UnB - Fazenda Água Limpa."
"ÁREA DE RELEVANTE INTERESSE ECOLÓGICO CAPETINGA/TAQUARA","Angiosperms","Droseraceae","Drosera",,"L.","DROSERACEAE Drosera L.","UB1040425","splink","UB","Meneguzzo, T.E.C.","53","Native","2009","Meneguzzo, T.E.C.",,"Bronze","Prata",,"Brasília","Fazenda Água Limpa. Bioma Cerrado, fitofisionomia Campo de Murunduns. 15°56´13,9""S, 47º54´19,4""W."
"ÁREA DE RELEVANTE INTERESSE ECOLÓGICO CAPETINGA/TAQUARA","Angiosperms","Dryopteridaceae","Elaphoglossum","burchellii","(Baker) C.Chr.","DRYOPTERIDACEAE Elaphoglossum burchellii (Baker) C.Chr.","UB0033732",,"UB","Santos, R.F.","62","Native","2009","Kieling-Rubio, M.A.",,"Bronze","Prata",,"Brasília","Fazenda Água Limpa. Córrego da cachoeira."
"ÁREA DE RELEVANTE INTERESSE ECOLÓGICO CAPETINGA/TAQUARA","Angiosperms","Orchidaceae","Epidendrum","densiflorum","Hook.","ORCHIDACEAE Epidendrum densiflorum Hook.","UB0019382",,"UB","Meneguzzo, T.E.C.","63","Native","2009","Meneguzzo, T.E.C.",,"Bronze","Prata",,"Brasília","Fazenda Água Limpa. Bioma Cerrado, fitofisionomia Mata ciliar."
"ÁREA DE RELEVANTE INTERESSE ECOLÓGICO CAPETINGA/TAQUARA","Angiosperms","Orchidaceae","Eulophia","alta","(L.) Fawc. & Rendle","ORCHIDACEAE Eulophia alta (L.) Fawc. & Rendle","UB0019446",,"UB","Meneguzzo, T.E.C.","50","Native","2009","Meneguzzo, T.E.C.",,"Bronze","Prata",,"Brasília","Fazenda Água Limpa. Bioma Cerrado, fitofisionomia Campo de Murunduns."
"ÁREA DE RELEVANTE INTERESSE ECOLÓGICO CAPETINGA/TAQUARA","Ferns and Lycophytes","Orchidaceae","Scaphyglottis","prolifera","(Sw.) Cogn.","ORCHIDACEAE Scaphyglottis prolifera (Sw.) Cogn.","UB1346638","splink","UB","Meneguzzo, T.E.C.","426","Native","2009","Meneguzzo, T.E.C.",,"Bronze","Prata",,"Brasília","Fazenda Água Limpa, entre sede e córrego Capetinga."
"ÁREA DE RELEVANTE INTERESSE ECOLÓGICO CAPETINGA/TAQUARA","Angiosperms","Thelypteridaceae","Meniscium","maxonianum","(A.R.Sm.) R.S.Fernandes & Salino","THELYPTERIDACEAE Meniscium maxonianum (A.R.Sm.) R.S.Fernandes & Salino","UB0036195",,"UB","Santos, R.F.","63","Native","2009","Souza, M.G.M.","2022","Bronze","Prata",,"Brasília","Fazenda Água Limpa. Córredo da Onça, olho d´água."
"ÁREA DE RELEVANTE INTERESSE ECOLÓGICO CAPETINGA/TAQUARA","Angiosperms","Bromeliaceae","Dyckia","machrisiana","L.B.Sm.","BROMELIACEAE Dyckia machrisiana L.B.Sm.","UB1234289","splink","UB","Meneguzzo, T.E.C.","58","Native","2009","Araujo, C.C.","2016","Bronze","Prata",,"Brasília","Fazenda Água Limpa. Bioma Cerrado, fitofisionomia Campo de Murunduns. 15°56´13,9""S, 47º54´19,4""W."
"ÁREA DE RELEVANTE INTERESSE ECOLÓGICO CAPETINGA/TAQUARA","Angiosperms","Convolvulaceae","Evolvulus","pterygophyllus","Mart.","CONVOLVULACEAE Evolvulus pterygophyllus Mart.","UB1338415",,"UB","Munhoz, C.B.R.","6523B","Native","2009","Moreira, A.L.C.","2015","Bronze","Prata",,"Brasília","Fazenda Água Limpa."
"ÁREA DE RELEVANTE INTERESSE ECOLÓGICO CAPETINGA/TAQUARA","Angiosperms","Dryopteridaceae","Elaphoglossum","pachydermum","(Fée) T.Moore","DRYOPTERIDACEAE Elaphoglossum pachydermum (Fée) T.Moore","UB0033773",,"UB","Santos, R.F.","57","Native","2009","Kieling-Rubio, M.A.","2012","Bronze","Prata",,"Brasília","Fazenda Água Limpa. Córrego da cachoeira."
"ÁREA DE RELEVANTE INTERESSE ECOLÓGICO CAPETINGA/TAQUARA","Angiosperms","Blechnaceae","Blechnum","occidentale","L.","BLECHNACEAE Blechnum occidentale L.","UB0033124",,"UB","Santos, R.F.","59","Native","2009","Santos, R.F.","2009","Bronze","Prata",,"Brasília","Fazenda Água Limpa. Córrego da cachoeira, coleta em local afastado do córrego."
"ÁREA DE RELEVANTE INTERESSE ECOLÓGICO CAPETINGA/TAQUARA","Bryophytes","Hymenophyllaceae","Trichomanes","cristatum","Kaulf.","HYMENOPHYLLACEAE Trichomanes cristatum Kaulf.","UB0033985",,"UB","Santos, R.F.","71","Native","2009","Santos, R.F.","2009","Bronze","Prata",,"Brasília","Fazenda Água Limpa. Coleta próxima ao córrego da Onça, Olho d´água."
"ÁREA DE RELEVANTE INTERESSE ECOLÓGICO CAPETINGA/TAQUARA","Angiosperms","Lindsaeaceae","Lindsaea","stricta","(Sw.) Dryand.","LINDSAEACEAE Lindsaea stricta (Sw.) Dryand.","UB0034106",,"UB","Santos, R.F.","60","Native","2009","Santos, R.F.","2009","Bronze","Prata",,"Brasília","Fazenda Água Limpa. Córrego da cachoeira, coleta em local com abundante matéria orgânica."
"ÁREA DE RELEVANTE INTERESSE ECOLÓGICO CAPETINGA/TAQUARA","Angiosperms","Cyperaceae","Bulbostylis","consanguinea","(Kunth) C.B.Clarke","CYPERACEAE Bulbostylis consanguinea (Kunth) C.B.Clarke","UB0007089",,"UB","Amaral, A.G.","2217","Native","2007","Eugenio, C.U.O.",,"Bronze","Prata",,"Brasília","Fazenda Água Limpa (FAL)."
"ÁREA DE RELEVANTE INTERESSE ECOLÓGICO CAPETINGA/TAQUARA","Angiosperms","Fabaceae","Eriosema","longifolium","Benth.","FABACEAE Eriosema longifolium Benth.","UB1262831","splink","UB","Amaral, A.G.","2305","Native","2007","Fonseca, M.L.",,"Bronze","Prata",,"Brasília","Fazenda Água Limpa (FAL)."
"ÁREA DE RELEVANTE INTERESSE ECOLÓGICO CAPETINGA/TAQUARA","Angiosperms","Fabaceae","Mimosa","claussenii","Benth.","FABACEAE Mimosa claussenii var. claussenii Benth.","UB1275729","splink","UB","Carvalho, P.S.","274","Native","2007","Carvalho, P.S.",,"Bronze","Prata",,"Brasília","Fazenda Água Limpa (UnB)."
"ÁREA DE RELEVANTE INTERESSE ECOLÓGICO CAPETINGA/TAQUARA","Angiosperms","Lamiaceae","Cyanocephalus","adpressus","(A.St.-Hil. ex Benth.) Harley & J.F.B.Pastore","LAMIACEAE Cyanocephalus adpressus (A.St.-Hil. ex Benth.) Harley & J.F.B.Pastore","UB1037177","splink","UB","Amaral, A.G.","2314","Native","2007","Amaral, A.G.",,"Bronze","Prata",,"Brasília","Fazenda Água Limpa (FAL)."
"ÁREA DE RELEVANTE INTERESSE ECOLÓGICO CAPETINGA/TAQUARA","Angiosperms","Lamiaceae","Eriope","crassipes","Benth.","LAMIACEAE Eriope crassipes Benth.","UB1262623","splink","UB","Amaral, A.G.","2320","Native","2007","Correa, A.C.G.",,"Bronze","Prata",,"Brasília","Fazenda Água Limpa (FAL)."
"ÁREA DE RELEVANTE INTERESSE ECOLÓGICO CAPETINGA/TAQUARA","Ferns and Lycophytes","Lythraceae","Diplusodon","ramosissimus","Pohl","LYTHRACEAE Diplusodon ramosissimus Pohl","UB1233388","splink","UB","Carvalho, P.S.","279","Native","2007","Correia, C.A.S.",,"Bronze","Prata",,"Brasília","Fazenda Água Limpa (UnB)."
"ÁREA DE RELEVANTE INTERESSE ECOLÓGICO CAPETINGA/TAQUARA","Angiosperms","Malpighiaceae","Camarea","ericoides","A.St.-Hil.","MALPIGHIACEAE Camarea ericoides A.St.-Hil.","UB1160247","splink","UB","Carvalho, P.S.","347","Native","2007","Correia, C.A.S.",,"Bronze","Prata",,"Brasília","Fazenda Água Limpa (UnB)."
"ÁREA DE RELEVANTE INTERESSE ECOLÓGICO CAPETINGA/TAQUARA","Angiosperms","Polygalaceae","Senega","celosioides","(Mart. ex A.W.Benn.) J.F.B.Pastore","POLYGALACEAE Senega celosioides (Mart. ex A.W.Benn.) J.F.B.Pastore","UB1200057","splink","UB","Carvalho, P.S.","48","Native","2007","Carvalho, P.S.",,"Bronze","Prata",,"Brasília","Fazenda Água Limpa (UnB)."
"ÁREA DE RELEVANTE INTERESSE ECOLÓGICO CAPETINGA/TAQUARA","Angiosperms","Rubiaceae","Spermacoce","ocymoides","Burm.f.","RUBIACEAE Spermacoce ocymoides Burm.f.","UB1180383","splink","UB","Amaral, A.G.","2229","Native","2007","Correa, A.C.G.",,"Bronze","Prata",,"Brasília","Fazenda Água Limpa (FAL)."
"ÁREA DE RELEVANTE INTERESSE ECOLÓGICO CAPETINGA/TAQUARA","Angiosperms","Violaceae","Pombalia","poaya","(A.St.-Hil.) Paula-Souza","VIOLACEAE Pombalia poaya (A.St.-Hil.) Paula-Souza","UB1193146",,"UB","Correia, C.A.S.","107","Native","2007","Correia, C.A.S.",,"Bronze","Prata",,"Brasília","Fazenda Água Limpa - FAL."
"ÁREA DE RELEVANTE INTERESSE ECOLÓGICO CAPETINGA/TAQUARA","Angiosperms","Dennstaedtiaceae","Pteridium","esculentum","(Kaulf.) Thomson","DENNSTAEDTIACEAE Pteridium esculentum subsp. arachnoideum (Kaulf.) Thomson","UB0033508",,"UB","Ferreira, R.S.","16","Native","2007","Castro-Aguiar, P.H.","2023","Bronze","Prata",,"Brasília","Fazenda Água Limpa. Córrego Capetinga e arredores. Borda da Mata Galeria."
"ÁREA DE RELEVANTE INTERESSE ECOLÓGICO CAPETINGA/TAQUARA","Angiosperms","Thelypteridaceae","Christella","dentata","(Forssk.) Brownsey & Jermy","THELYPTERIDACEAE Christella dentata (Forssk.) Brownsey & Jermy","UB0036069",,"UB","Ferreira, R.S.","12","Native","2007","Souza, M.G.M.","2022","Bronze","Prata",,"Brasília","Fazenda Água Limpa. Córrego Capetinga."
"ÁREA DE RELEVANTE INTERESSE ECOLÓGICO CAPETINGA/TAQUARA","Angiosperms","Cyperaceae","Lagenocarpus",,"Nees","CYPERACEAE Lagenocarpus Nees","UB0007426",,"UB","Carvalho, P.S.","32","Native","2007","Mello, T.R.B.","2012","Bronze","Prata",,"Brasília","Fazenda Água Limpa (UnB)."
"ÁREA DE RELEVANTE INTERESSE ECOLÓGICO CAPETINGA/TAQUARA","Angiosperms","Cyperaceae","Fimbristylis","autumnalis","(L.) Roem. & Schult.","CYPERACEAE Fimbristylis autumnalis (L.) Roem. & Schult.","UB0007386",,"UB","Amaral, A.G.","2290","Native","2007","Eugenio, C.U.O.","2007","Bronze","Prata",,"Brasília","Fazenda Água Limpa (FAL)."
"ÁREA DE RELEVANTE INTERESSE ECOLÓGICO CAPETINGA/TAQUARA","Angiosperms","Poaceae","Sporobolus",,"R.Br.","POACEAE Sporobolus R.Br.","UB0027256",,"UB","Carvalho, P.S.","52","Native","2007","Carvalho, P.S.","2007","Bronze","Prata",,"Brasília","Fazenda Água Limpa (UnB)."
"ÁREA DE RELEVANTE INTERESSE ECOLÓGICO CAPETINGA/TAQUARA","Angiosperms","Pteridaceae","Pteris","vittata","L.","PTERIDACEAE Pteris vittata L.","UB0035569",,"UB","Ferreira, R.S.","9","Native","2007","Stein, M.G.","2007","Bronze","Prata",,"Brasília","Fazenda Água Limpa. Córrego Capetinga e arredores. Mata Galeria."
"ÁREA DE RELEVANTE INTERESSE ECOLÓGICO CAPETINGA/TAQUARA","Angiosperms","Clusiaceae",,,"Lindl.","CLUSIACEAE Clusiaceae Lindl.","UB1338305","splink","UB","Incognito","s.n.","Native","2006","Araujo Junior, A.C.",,"Bronze","Prata",,"Brasília","Fazenda Água Limpa."
"ÁREA DE RELEVANTE INTERESSE ECOLÓGICO CAPETINGA/TAQUARA","Angiosperms","Convolvulaceae","Distimake","contorquens","(Choisy) A.R. Simões & Staples","CONVOLVULACEAE Distimake contorquens (Choisy) A.R. Simões & Staples","UB1165029","splink","UB","Amaral, A.G.","2287","Native","2006","Amaral, A.G.",,"Bronze","Prata",,"Brasília","Fazenda Água Limpa (FAL)."
"ÁREA DE RELEVANTE INTERESSE ECOLÓGICO CAPETINGA/TAQUARA","Angiosperms","Fabaceae","Eriosema","brachyrhachis","Harms","FABACEAE Eriosema brachyrhachis Harms","UB1262728","splink","UB","Amaral, A.G.","2306","Native","2006","Amaral, A.G.",,"Bronze","Prata",,"Brasília","Fazenda Água Limpa (FAL)."
"ÁREA DE RELEVANTE INTERESSE ECOLÓGICO CAPETINGA/TAQUARA","Angiosperms","Lamiaceae","Hyptis","crenata","Pohl ex Benth.","LAMIACEAE Hyptis crenata Pohl ex Benth.","UB1171875","splink","UB","Amaral, A.G.","2315","Native","2006","Amaral, A.G.",,"Bronze","Prata",,"Brasília","Fazenda Água Limpa (FAL)."
"ÁREA DE RELEVANTE INTERESSE ECOLÓGICO CAPETINGA/TAQUARA","Angiosperms","Melastomataceae","Pleroma",,"D.Don","MELASTOMATACEAE Pleroma D.Don","UB1017029",,"UB","Dantas, A.M.","1","Native","2006","Nunes, D.","2024","Bronze","Prata",,"Brasília","Fazenda Água Limpa."
"ÁREA DE RELEVANTE INTERESSE ECOLÓGICO CAPETINGA/TAQUARA","Angiosperms","Fabaceae","Macroptilium","atropurpureum","(Sessé & Moc. ex DC.) Urb.","FABACEAE Macroptilium atropurpureum (Sessé & Moc. ex DC.) Urb.","UB0118057","splink","UB","Lobo, Y.","2","Native","2006","Ribeiro, C.L.","2021","Bronze","Prata",,"Brasília","Fazenda Água Limpa."
"ÁREA DE RELEVANTE INTERESSE ECOLÓGICO CAPETINGA/TAQUARA","Angiosperms","Asteraceae","Lessingianthus","coriaceus","(Less.) H.Rob.","ASTERACEAE Lessingianthus coriaceus (Less.) H.Rob.","UB0153711",,"UB","Lima, C.E.S.M.","2","Native","2006","Hattori, E.K.O.","2018","Bronze","Prata",,"Brasília","Fazenda Água Limpa."
"ÁREA DE RELEVANTE INTERESSE ECOLÓGICO CAPETINGA/TAQUARA","Angiosperms","Asteraceae","Trichogonia",,"Gardner","ASTERACEAE Trichogonia Gardner","UB1017001",,"UB","Bosque, R.","1","Native","2006","Hattori, E.K.O.","2018","Bronze","Prata",,"Brasília","Fazenda Água Limpa."
"ÁREA DE RELEVANTE INTERESSE ECOLÓGICO CAPETINGA/TAQUARA","Angiosperms","Asteraceae","Dimerostemma",,"Cass.","ASTERACEAE Dimerostemma Cass.","UB0050890",,"UB","Pinheiro, C.","1","Native","2006","Pinheiro, C.","2006","Bronze","Prata",,"Brasília","Fazenda Água Limpa."
"ÁREA DE RELEVANTE INTERESSE ECOLÓGICO CAPETINGA/TAQUARA","Angiosperms","Burseraceae",,,"Kunth","BURSERACEAE Burseraceae Kunth","UB0054604",,"UB","Tiburcio, V.","01","Native","2006","Tiburcio, V.","2006","Bronze","Prata",,"Brasília","Fazenda Água Limpa"
"ÁREA DE RELEVANTE INTERESSE ECOLÓGICO CAPETINGA/TAQUARA","Angiosperms","Fabaceae","Clitoria",,"L.","FABACEAE Clitoria L.","UB1358489",,"UB","Gasparini, A.","2","Native","2006","Gasparini, A.","2006","Bronze","Prata",,"Brasília","Fazenda Água Limpa."
"ÁREA DE RELEVANTE INTERESSE ECOLÓGICO CAPETINGA/TAQUARA","Ferns and Lycophytes","Styracaceae",,,"DC. & Spreng.","STYRACACEAE Styracaceae DC. & Spreng.","UB1338279",,"UB","Alves, J.S.","3","Native","2006","Caetano, J.V.O.","2006","Bronze","Prata",,"Brasília","Fazenda Água Limpa."
"ÁREA DE RELEVANTE INTERESSE ECOLÓGICO CAPETINGA/TAQUARA","Angiosperms","Verbenaceae",,,"J.St.-Hil.","VERBENACEAE Verbenaceae J.St.-Hil.","UB1338421",,"UB","Batalhone, A.P.","2B","Native","2006","Martins, L.","2006","Bronze","Prata",,"Brasília","Fazenda Água Limpa."
"ÁREA DE RELEVANTE INTERESSE ECOLÓGICO CAPETINGA/TAQUARA","Angiosperms","Convolvulaceae","Jacquemontia",,"Choisy","CONVOLVULACEAE Jacquemontia Choisy","UB1017359","splink","UB","Brasilia, T.C.O.U.","4633","Native","2005","Bianchini, R.S.",,"Bronze","Prata",,"Brasília","Fazenda Água Limpa - Universidade de Brasília."
"ÁREA DE RELEVANTE INTERESSE ECOLÓGICO CAPETINGA/TAQUARA","Ferns and Lycophytes","Melastomataceae","Pleroma","granulosum","(Desr.) D. Don","MELASTOMATACEAE Pleroma granulosum (Desr.) D. Don","MBM309914","splink","MBM","Mota, A.M.C.","4620","Native","2005","Class, T.",,"Bronze","Prata",,"Brasília","Fazenda Água Limpa."
"ÁREA DE RELEVANTE INTERESSE ECOLÓGICO CAPETINGA/TAQUARA","Angiosperms","Asteraceae","Strophopappus","speciosus","(Less.) R.Esteves","ASTERACEAE Strophopappus speciosus (Less.) R.Esteves","MBM309867","splink","MBM","Mota, A.M.C.","s.n.","Native","2005","Remon, D.","2025","Bronze","Prata",,"Brasília","Fazenda Água Limpa."
"ÁREA DE RELEVANTE INTERESSE ECOLÓGICO CAPETINGA/TAQUARA","Angiosperms","Malvaceae","Pavonia","pterocarpa","R.E.Fries","MALVACEAE Pavonia pterocarpa R.E.Fries","UB0152175",,"UB","Gasparini, A.","1B","Native","2005","Tavares, A.B.","2024","Bronze","Prata",,"Brasília","Fazenda Água Limpa."
"ÁREA DE RELEVANTE INTERESSE ECOLÓGICO CAPETINGA/TAQUARA","Angiosperms","Fabaceae","Senna",,"Mill.","FABACEAE Senna Mill.","UB1358557",,"UB","Lima, C.E.S.M.","3","Native","2005","Kurtz, J.","2018","Bronze","Prata",,"Brasília","Fazenda Água Limpa."
"ÁREA DE RELEVANTE INTERESSE ECOLÓGICO CAPETINGA/TAQUARA","Angiosperms","Fabaceae","Betencourtia","neesii","(DC.) L.P.Queiroz","FABACEAE Betencourtia neesii (DC.) L.P.Queiroz","MBM309876","splink","MBM","Mota, A.M.C.","4621","Native","2005","Class, T.","2005","Bronze","Prata",,"Brasília","Fazenda Água Limpa."
"ÁREA DE RELEVANTE INTERESSE ECOLÓGICO CAPETINGA/TAQUARA","Angiosperms","Araliaceae","Didymopanax","morototoni","(Aubl.) Decne. & Planch.","ARALIACEAE Didymopanax morototoni (Aubl.) Decne. & Planch.","UB1017163","splink","UB","Soares-Silva, L.H.","s.n.","Native","2004","Soares-Silva, L.H.",,"Bronze","Prata",,"Brasília","Fazenda Água Limpa."
"ÁREA DE RELEVANTE INTERESSE ECOLÓGICO CAPETINGA/TAQUARA","Angiosperms","Melastomataceae","Fritzschia","lanceiflora","(Mart. & Schrank ex DC.) M.J.R.Rocha & P.J.F.Guim.","MELASTOMATACEAE Fritzschia lanceiflora (Mart. & Schrank ex DC.) M.J.R.Rocha & P.J.F.Guim.","UB0055278",,"UB","Pinage, E.R.","s.n.","Native","2003","Nunes, D.","2024","Bronze","Prata",,"Brasília","Fazenda Água Limpa, ao lado do Córrego Taquara."
"ÁREA DE RELEVANTE INTERESSE ECOLÓGICO CAPETINGA/TAQUARA","Angiosperms","Convolvulaceae","Ipomoea","saopaulista","O'Donell","CONVOLVULACEAE Ipomoea saopaulista O'Donell","UB1215373","splink","UB","Ramalho, C.L.","31","Native","2002","Ramalho, C.L.",,"Bronze","Prata",,"Brasília","Fazenda Água Limpa, próximo ao córrego da onça."
"ÁREA DE RELEVANTE INTERESSE ECOLÓGICO CAPETINGA/TAQUARA","Angiosperms","Loganiaceae","Strychnos","pseudoquina","A.St.-Hil.","LOGANIACEAE Strychnos pseudoquina A.St.-Hil.","UB1226970","splink","UB","Proenca, C.E.B.","2595","Native","2002","Proenca, C.E.B.",,"Bronze","Prata",,"Brasília","Fazenda Água Limpa. Próximo da Sede."
"ÁREA DE RELEVANTE INTERESSE ECOLÓGICO CAPETINGA/TAQUARA","Angiosperms","Passifloraceae","Passiflora","villosa","Vell.","PASSIFLORACEAE Passiflora villosa Vell.","UB1058810","splink","UB","Ramalho, C.L.","27","Native","2002","Ramalho, C.L.",,"Bronze","Prata",,"Brasília","Fazenda Água Limpa."
"ÁREA DE RELEVANTE INTERESSE ECOLÓGICO CAPETINGA/TAQUARA","Angiosperms","Pteridaceae","Lytoneuron","crenulans","(Fée) Yesilyurt","PTERIDACEAE Lytoneuron crenulans (Fée) Yesilyurt","UPCB0081638","splink","UPCB","Mendonca, R.C.","5026","Native","2002","Labiak, P.","2024","Bronze","Prata",,"Brasília","Região administrativa do Lago Sul, Fazenda Água Limpa - UnB, área da ""MOA"", Córrego do Macaco, afluente do Ribeirão do Gama). Área de Proteção Ambiental (APA) de Gama - Cabeça de Veado"
"ÁREA DE RELEVANTE INTERESSE ECOLÓGICO CAPETINGA/TAQUARA","Angiosperms","Dioscoreaceae","Dioscorea","multiflora","Mart. ex Griseb.","DIOSCOREACEAE Dioscorea multiflora Mart. ex Griseb.","UB0006987","splink","UB","Ramalho, C.L.","65","Native","2002","Araujo, D.","2015","Bronze","Prata",,"Brasília","Fazenda Água Limpa - Córrego Capetinga."
"ÁREA DE RELEVANTE INTERESSE ECOLÓGICO CAPETINGA/TAQUARA","Angiosperms","Asteraceae","Mikania","bishopii","R.M.King & H.Rob.","ASTERACEAE Mikania bishopii R.M.King & H.Rob.","UB0190831",,"UB","Ramalho, C.L.","63","Native","2002","Oliveira, C.T.","2013","Bronze","Prata",,"Brasília","Fazenda Água Limpa - Córrego Capetinga."
"ÁREA DE RELEVANTE INTERESSE ECOLÓGICO CAPETINGA/TAQUARA","Angiosperms","Gleicheniaceae","Sticherus","gracilis","(Mart.) Copel.","GLEICHENIACEAE Sticherus gracilis (Mart.) Copel.","UB1017315","splink","UB","Freitas, C.","10","Native","2001","Andrade, M.C.",,"Bronze","Prata",,"Brasília","Fazenda Água Limpa - UnB."
"ÁREA DE RELEVANTE INTERESSE ECOLÓGICO CAPETINGA/TAQUARA","Angiosperms","Thelypteridaceae","Thelypteris",,"Schmidel","THELYPTERIDACEAE Thelypteris Schmidel","UB1017125","splink","UB","Freitas, C.","18","Native","2001","Guimaraes, P.J.F.",,"Bronze","Prata",,"Brasília","Fazenda Água Limpa."
"ÁREA DE RELEVANTE INTERESSE ECOLÓGICO CAPETINGA/TAQUARA","Angiosperms","Dryopteridaceae","Elaphoglossum","scalpellum","(Mart.) T. Moore","DRYOPTERIDACEAE Elaphoglossum scalpellum (Mart.) T. Moore","UB0033754",,"UB","Freitas, C.","5","Native","2001","Matos, F.B.","2024","Bronze","Prata",,"Brasília","Fazenda Água Limpa - UnB."
"ÁREA DE RELEVANTE INTERESSE ECOLÓGICO CAPETINGA/TAQUARA","Angiosperms","Thelypteridaceae","Meniscium","serratum","Cav.","THELYPTERIDACEAE Meniscium serratum Cav.","UB0036229",,"UB","Freitas, C.","21","Native","2001","Souza, M.G.M.","2022","Bronze","Prata",,"Brasília","Fazenda Água Limpa."
"ÁREA DE RELEVANTE INTERESSE ECOLÓGICO CAPETINGA/TAQUARA","Angiosperms","Blechnaceae","Blechnum","laevigatum","Cav.","BLECHNACEAE Blechnum laevigatum Cav.","UB0033113",,"UB","Queiroz, J.T.","1501","Native","2001","Souza, M.G.M.","2019","Bronze","Prata",,"Brasília","Fazenda Água Limpa."
"ÁREA DE RELEVANTE INTERESSE ECOLÓGICO CAPETINGA/TAQUARA","Angiosperms","Aspleniaceae","Asplenium","serra","Langsd. & Fisch.","ASPLENIACEAE Asplenium serra Langsd. & Fisch.","UB0032723",,"UB","Queiroz, J.T.","1495","Native","2001","Novelino, R.F.","2007","Bronze","Prata",,"Brasília","Fazenda Água Limpa."
"ÁREA DE RELEVANTE INTERESSE ECOLÓGICO CAPETINGA/TAQUARA","Angiosperms","Lejeuneaceae",,,"Rostovzev","LEJEUNEACEAE Lejeuneaceae Rostovzev","UB1017282","splink","UB","Grawryszewski, F.M.","2052s.n.b","Native","2000","Camara, P.E.A.S.",,"Bronze","Prata",,"Brasília","Fazenda Água Limpa (FAL) Brasília, DF."
"ÁREA DE RELEVANTE INTERESSE ECOLÓGICO CAPETINGA/TAQUARA","Angiosperms","Lophocoleaceae",,,"De Not.","LOPHOCOLEACEAE Lophocoleaceae De Not.","UB1338554",,"UB","Grawryszewski, F.M.","2052s.n.d","Native","2000","Camara, P.E.A.S.",,"Bronze","Prata",,"Brasília","Fazenda Água Limpa (FAL) Brasília, DF."
"ÁREA DE RELEVANTE INTERESSE ECOLÓGICO CAPETINGA/TAQUARA","Ferns and Lycophytes","Plagiochilaceae",,,"(Joerg.) K.Müll.","PLAGIOCHILACEAE Plagiochilaceae (Joerg.) K.Müll.","UB1338555",,"UB","Grawryszewski, F.M.","2052s.n.c","Native","2000","Camara, P.E.A.S.",,"Bronze","Prata",,"Brasília","Fazenda Água Limpa (FAL) Brasília, DF."
"ÁREA DE RELEVANTE INTERESSE ECOLÓGICO CAPETINGA/TAQUARA","Angiosperms","Sematophyllaceae","Trismegistia",,"(Müll. Hal.) Müll. Hal.","SEMATOPHYLLACEAE Trismegistia (Müll. Hal.) Müll. Hal.","UB1243778","splink","UB","Gawryszewski, F.M.","2018s.n.b","Native","2000","Camara, P.E.A.S.",,"Bronze","Prata",,"Brasília","Fazenda Água Limpa, Fazenda Água Limpa - FAL. Brasília - DF."
"ÁREA DE RELEVANTE INTERESSE ECOLÓGICO CAPETINGA/TAQUARA","Angiosperms","Xyridaceae","Xyris","lanuginosa","Seub.","XYRIDACEAE Xyris lanuginosa Seub.","UB0029179",,"UB","Munhoz, C.B.R.","1129","Native","2000","Munhoz, C.B.R.",,"Bronze","Prata",,"Brasília","Fazenda Água Limpa."
"ÁREA DE RELEVANTE INTERESSE ECOLÓGICO CAPETINGA/TAQUARA","Angiosperms","Thelypteridaceae","Amauropelta","ptarmiciformis","(C.Chr. & Rosenst. ex Rosenst.) Salino & T.E.Almeida","THELYPTERIDACEAE Amauropelta ptarmiciformis (C.Chr. & Rosenst. ex Rosenst.) Salino & T.E.Almeida","UB0036192",,"UB","Polcheira, C.","s.n.","Native","2000","Souza, M.G.M.","2022","Bronze","Prata",,"Brasília","FAL (Fazenda Água Limpa)."
"ÁREA DE RELEVANTE INTERESSE ECOLÓGICO CAPETINGA/TAQUARA",,"Cyperaceae","Scleria","hirtella","Sw.","CYPERACEAE Scleria hirtella Sw.","351317","splink","SP","Munhoz, C.B.R.","977",,"2000","Schneider, L.","2021","Bronze","Prata",,"Brasília","Fazenda Água Limpa, divisa com o Cristo Redentor e o IBGE, córrego Taquara"
"ÁREA DE RELEVANTE INTERESSE ECOLÓGICO CAPETINGA/TAQUARA","Angiosperms","Sematophyllaceae","Microcalpe","subsimplex","(Hedw.) W.R. Buck","SEMATOPHYLLACEAE Microcalpe subsimplex (Hedw.) W.R. Buck","UB1253599","splink","UB","Polcheira, C.","2021s.n.a","Native","2000","Camara, P.E.A.S.","2016","Bronze","Prata",,"Brasília","Fazenda Água Limpa, Fazenda Água Limpa. Brasília - DF."
"ÁREA DE RELEVANTE INTERESSE ECOLÓGICO CAPETINGA/TAQUARA","Angiosperms","Calymperaceae","Octoblepharum","albidum","Hedw.","CALYMPERACEAE Octoblepharum albidum Hedw.","UB1156610","splink","UB","Dourado, F.","2015s.n.","Native","2000","Peralta, D.F.","2015","Bronze","Prata",,"Brasília","Fazenda Água Limpa, Fazenda Água Limpa, Centro de Primatologia. Brasília - DF."
"ÁREA DE RELEVANTE INTERESSE ECOLÓGICO CAPETINGA/TAQUARA","Angiosperms","Sematophyllaceae","Colobodontium","vulpinum","(Mont.) S.P.Churchill & W.R. Buck","SEMATOPHYLLACEAE Colobodontium vulpinum (Mont.) S.P.Churchill & W.R. Buck","UB1287679","splink","UB","Dourado, F.","2051s.n.","Native","2000","Camara, P.E.A.S.","2015","Bronze","Prata",,"Brasília","Fazenda Água Limpa, Fazenda Água Limpa. Centro de Primatologia."
"ÁREA DE RELEVANTE INTERESSE ECOLÓGICO CAPETINGA/TAQUARA","Angiosperms","Calypogeiaceae","Calypogeia","laxa","Gottsche & Lindenb.","CALYPOGEIACEAE Calypogeia laxa Gottsche & Lindenb.","UB1017057","splink","UB","Polcheira, C.","s.n.","Native","2000","Bastos, C.","2012","Bronze","Prata",,"Brasília","Fazenda Água Limpa."
"ÁREA DE RELEVANTE INTERESSE ECOLÓGICO CAPETINGA/TAQUARA","Angiosperms","Leucobryaceae","Leucobryum","albidum","(Brid. ex P. Beauv.) Lindb.","LEUCOBRYACEAE Leucobryum albidum (Brid. ex P. Beauv.) Lindb.","UB1074529","splink","UB","Gawryszewski, F.M.","2018s.n.a","Naturalized","2000","Yano, O.","2012","Bronze","Prata",,"Brasília","Fazenda Água Limpa, Fazenda Água Limpa - FAL. Brasília - DF."
"ÁREA DE RELEVANTE INTERESSE ECOLÓGICO CAPETINGA/TAQUARA","Angiosperms","Celastraceae","Plenckia",,"Reissek","CELASTRACEAE Plenckia Reissek","INPA0299229","splink","INPA","Proenca, C.E.B.",,"Native","2000","Proenca, C.","2000","Bronze","Prata",,"Brasília","Fazenda Água Limpa"
"ÁREA DE RELEVANTE INTERESSE ECOLÓGICO CAPETINGA/TAQUARA","Angiosperms","Thelypteridaceae","Christella","hispidula","(Decne.) Holttum","THELYPTERIDACEAE Christella hispidula (Decne.) Holttum","UB0036113",,"UB","Figueiredo, M.","10","Native","1999","Souza, M.G.M.","2022","Bronze","Prata",,"Brasília","Fazenda Água Limpa - FAL."
"ÁREA DE RELEVANTE INTERESSE ECOLÓGICO CAPETINGA/TAQUARA","Angiosperms","Moraceae","Dorstenia","vitifolia","Gardner","MORACEAE Dorstenia vitifolia Gardner","370634","splink","SP","Soares-Silva, L.H.","786","Native","1999","Vianna Filho, M.D.M.","2011","Bronze","Prata",,"Brasília","Fazenda Água Limpa"
"ÁREA DE RELEVANTE INTERESSE ECOLÓGICO CAPETINGA/TAQUARA","Angiosperms","Asteraceae","Mikania","sessilifolia","DC.","ASTERACEAE Mikania sessilifolia DC.","UB1275509","splink","UB","Orlandini, D.","2","Native","1999","Ritter, M.","2005","Bronze","Prata",,"Brasília","Fazenda Água Limpa, Fazenda Água Limpa - Universidade de Brasília."
"ÁREA DE RELEVANTE INTERESSE ECOLÓGICO CAPETINGA/TAQUARA","Angiosperms","Pteridaceae","Adiantopsis","radiata","(L.) Fée","PTERIDACEAE Adiantopsis radiata (L.) Fée","UB0035466",,"UB","Miranda, J.B.R.","09","Native","1998","Novelino, R.F.",,"Bronze","Prata",,"Brasília","Fazenda Água Limpa."
"ÁREA DE RELEVANTE INTERESSE ECOLÓGICO CAPETINGA/TAQUARA","Angiosperms","Lindsaeaceae","Lindsaea","guianensis","(Aubl.) Dryand.","LINDSAEACEAE Lindsaea guianensis (Aubl.) Dryand.","UB0034067",,"UB","Rocha, C.C.A.","10","Native","1998","Rolim, L.B.","2008","Bronze","Prata",,"Brasília","Fazenda Água Limpa."
"ÁREA DE RELEVANTE INTERESSE ECOLÓGICO CAPETINGA/TAQUARA","Angiosperms","Lindsaeaceae","Lindsaea","guianensis","K.U.Kramer","LINDSAEACEAE Lindsaea guianensis subsp. lanceastrum K.U.Kramer","UB0034068","splink","UB","Rocha, C.C.A.","10","Native","1998","Rolim, L.B.","2008","Bronze","Prata",,"Brasília","Fazenda Água Limpa."
"ÁREA DE RELEVANTE INTERESSE ECOLÓGICO CAPETINGA/TAQUARA","Angiosperms","Asteraceae","Ichthyothere","terminalis","(Spreng.) S.F.Blake","ASTERACEAE Ichthyothere terminalis (Spreng.) S.F.Blake","HUFU00081506","splink","HUFU","Costa, F.B.","80","Native","1998","Schilling, E.","1998","Bronze","Prata",,"Brasília","Estação Experimental da UnB-DF, Fazenda Água Limpa"
"ÁREA DE RELEVANTE INTERESSE ECOLÓGICO CAPETINGA/TAQUARA","Angiosperms","Dryopteridaceae","Arachniodes","denticulata","(Sw.) Ching","DRYOPTERIDACEAE Arachniodes denticulata (Sw.) Ching","UB1358394",,"UB","Novelino, R.F.","1385","Native","1997","Novelino, R.F.",,"Bronze","Prata",,"Brasília","FAL - Fazenda Água Limpa."
"ÁREA DE RELEVANTE INTERESSE ECOLÓGICO CAPETINGA/TAQUARA","Angiosperms","Hypnaceae","Chryso-hypnum",,"Hampe","HYPNACEAE Chryso-hypnum Hampe","UB1358693",,"UB","Novelino, R.F.","12181317","Native","1997","Soares, A.E.R.",,"Bronze","Prata",,"Brasília","Fazenda Água Limpa, DF, Brasília. Junto ao córrego."
"ÁREA DE RELEVANTE INTERESSE ECOLÓGICO CAPETINGA/TAQUARA","Angiosperms","Lycopodiaceae","Pseudolycopodiella","carnosa","(Silveira) Holub","LYCOPODIACEAE Pseudolycopodiella carnosa (Silveira) Holub","UB0034369",,"UB","Novelino, R.F.","1367","Native","1997","Castro-Aguiar, P.H.","2023","Bronze","Prata",,"Brasília","FAL - Fazenda Água Limpa."
"ÁREA DE RELEVANTE INTERESSE ECOLÓGICO CAPETINGA/TAQUARA","Angiosperms","Blechnaceae","Neoblechnum","brasiliense","(Desv.) Gasper & V.A.O. Dittrich","BLECHNACEAE Neoblechnum brasiliense (Desv.) Gasper & V.A.O. Dittrich","UB0036280",,"UB","Novelino, R.F.","1308A","Native","1997","Souza, M.G.M.","2019","Bronze","Prata",,"Brasília","Fazenda Água Limpa."
"ÁREA DE RELEVANTE INTERESSE ECOLÓGICO CAPETINGA/TAQUARA","Angiosperms","Rubiaceae","Amaioua","glomerulata","(Lam. ex Poir.) Delprete & C.Persson","RUBIACEAE Amaioua glomerulata (Lam. ex Poir.) Delprete & C.Persson","RB00333550","x","RB","Sevilha, A.C.","1730","Native","1997","Torres-Leite, F.","2018","Bronze","Prata",,"Brasília","Brasília - Fazenda Água Limpa. Mata de galeria do Córrego Capetinga."
"ÁREA DE RELEVANTE INTERESSE ECOLÓGICO CAPETINGA/TAQUARA","Angiosperms","Dryopteridaceae","Elaphoglossum","macrophyllum","(Mett. ex Kuhn) Christ","DRYOPTERIDACEAE Elaphoglossum macrophyllum (Mett. ex Kuhn) Christ","UB0033759",,"UB","Novelino, R.F.","1368","Native","1997","Kieling-Rubio, M.A.","2012","Bronze","Prata",,"Brasília","Fazenda Água Limpa."
"ÁREA DE RELEVANTE INTERESSE ECOLÓGICO CAPETINGA/TAQUARA","Angiosperms","Lembophyllaceae","Orthostichella","versicolor","(Müll.Hal.) B.H.Allen & W.R.Buck","LEMBOPHYLLACEAE Orthostichella versicolor (Müll.Hal.) B.H.Allen & W.R.Buck","UB1016577","splink","UB","Kanegae, M.","2179s.n.","Native","1997","Soares, A.E.R.","2010","Bronze","Prata",,"Brasília","DF - Fazenda Água Limpa, próximo ao Córrego Capetinga."
"ÁREA DE RELEVANTE INTERESSE ECOLÓGICO CAPETINGA/TAQUARA","Angiosperms","Meteoriaceae","Meteorium","nigrescens","(Hedw.) Dozy & Molk.","METEORIACEAE Meteorium nigrescens (Hedw.) Dozy & Molk.","UB1016578","splink","UB","Braz, V.","s.n.","Native","1997","Soares, A.E.R.","2010","Bronze","Prata",,"Brasília","DF - Fazenda Água LImpa, próximo ao Córrego Capetinga."
"ÁREA DE RELEVANTE INTERESSE ECOLÓGICO CAPETINGA/TAQUARA","Angiosperms","Neckeraceae","Porotrichum","korthalsianum","(Dozy & Molk.) Mitt.","NECKERACEAE Porotrichum korthalsianum (Dozy & Molk.) Mitt.","UB1337843","splink","UB","Kanegae, M.","2162s.n.","Native","1997","Soares, A.E.R.","2009","Bronze","Prata",,"Brasília","DF - Fazenda Água Limpa, próximo ao córrego capetinga."
"ÁREA DE RELEVANTE INTERESSE ECOLÓGICO CAPETINGA/TAQUARA",,"Asteraceae","Vernonia","rubriramea","Mart. ex DC.","ASTERACEAE Vernonia rubriramea Mart. ex DC.","16230","splink","HEPH","Calago, K.","41",,"1997","Calago, K.","1997","Bronze","Prata",,"Brasília","Fazenda Água Limpa"
"ÁREA DE RELEVANTE INTERESSE ECOLÓGICO CAPETINGA/TAQUARA","Angiosperms","Sphagnaceae","Sphagnum","palustre","L.","SPHAGNACEAE Sphagnum palustre L.","UB1338431","splink","UB","Novelino, R.F.","1224s.n.","Native","1997","Yano, O.","1997","Bronze","Prata",,"Brasília","Fazenda Água Limpa."
"ÁREA DE RELEVANTE INTERESSE ECOLÓGICO CAPETINGA/TAQUARA",,"Thelypteridaceae","Goniopteris","liebmannii","(Maxon & C.V.Morton) Salino & T.E.Almeida","THELYPTERIDACEAE Goniopteris liebmannii (Maxon & C.V.Morton) Salino & T.E.Almeida","UB1016967","splink","UB","Novelino, R.F.","1304 A",,"1997","Novelino, R.F.","1997","Bronze","Prata",,"Brasília","FAL - Fazenda Água Limpa."
"ÁREA DE RELEVANTE INTERESSE ECOLÓGICO CAPETINGA/TAQUARA","Angiosperms","Campanulaceae","Centropogon","cornutus","(L.) Druce","CAMPANULACEAE Centropogon cornutus (L.) Druce","SPFR013453","splink","SPFR","Walter, B.M.T.","s.n.","Native","1995","Godoy, S.A.P.","2001","Bronze","Prata",,"Brasília","Fazenda Água Limpa/UNB. Mata do Córrego da Onça que corre para o Córrego Taquara."
"ÁREA DE RELEVANTE INTERESSE ECOLÓGICO CAPETINGA/TAQUARA","Angiosperms","Asteraceae","Mikania",,"Willd.","ASTERACEAE Mikania Willd.","UB1358724",,"UB","Proenca, C.E.B.","1061","Native","1994","Proenca, C.E.B.",,"Bronze","Prata",,"Brasília","Fazenda Água Limpa. Parcelas permanentes da Engenharia Florestal. Córrego do Gama."
"ÁREA DE RELEVANTE INTERESSE ECOLÓGICO CAPETINGA/TAQUARA","Angiosperms","Cardiopteridaceae","Citronella","gongonha","(Mart.) R.A.Howard","CARDIOPTERIDACEAE Citronella gongonha (Mart.) R.A.Howard","UB1220623","splink","UB","Walter, B.M.T.","2184","Native","1994","Mazine-Capelo, F.F.",,"Bronze","Prata",,"Brasília","Fazenda Água Limpa."
"ÁREA DE RELEVANTE INTERESSE ECOLÓGICO CAPETINGA/TAQUARA","Angiosperms","Clusiaceae","Garcinia","gardneriana","(Planch. & Triana) Zappi","CLUSIACEAE Garcinia gardneriana (Planch. & Triana) Zappi","UB1358723",,"UB","Proenca, C.E.B.","1065","Native","1994","Proenca, C.E.B.",,"Bronze","Prata",,"Brasília","Fazenda Água Limpa. Parcelas permanentes da Engenharia Florestal. Córrego do Gama."
"ÁREA DE RELEVANTE INTERESSE ECOLÓGICO CAPETINGA/TAQUARA","Angiosperms","Convolvulaceae","Ipomoea","batatoides","Choisy","CONVOLVULACEAE Ipomoea batatoides Choisy","UB1281622","splink","UB","Felfili, J.M.","263","Native","1994","Bianchini, R.S.",,"Bronze","Prata",,"Brasília","Fazenda Água Limpa - Universidade de Brasília."
"ÁREA DE RELEVANTE INTERESSE ECOLÓGICO CAPETINGA/TAQUARA","Angiosperms","Fabaceae","Betencourtia","scarlatina","(Mart. ex Benth.) L.P.Queiroz","FABACEAE Betencourtia scarlatina (Mart. ex Benth.) L.P.Queiroz","UB1042715","splink","UB","Felfili, J.M.","240","Native","1994","Proenca, C.E.B.",,"Bronze","Prata",,"Brasília","Fazenda Água Limpa."
"ÁREA DE RELEVANTE INTERESSE ECOLÓGICO CAPETINGA/TAQUARA","Angiosperms","Fabaceae","Machaerium",,"Pers.","FABACEAE Machaerium Pers.","UB1278847","splink","UB","Proenca, C.E.B.","1095","Native","1994","Proenca, C.E.B.",,"Bronze","Prata",,"Brasília","Fazenda Água Limpa. Mata ciliar seca do córrego do Gama."
"ÁREA DE RELEVANTE INTERESSE ECOLÓGICO CAPETINGA/TAQUARA","Angiosperms","Melastomataceae","Miconia","theaezans","(Bonpl.) Cogn.","MELASTOMATACEAE Miconia theaezans (Bonpl.) Cogn.","UB1338571","splink","UB","Proenca, C.E.B.","1066","Native","1994","Proenca, C.E.B.",,"Bronze","Prata",,"Brasília","Fazenda Água Limpa. Parcelas permanentes da Engenharia Florestal. Córrego do Gama."
"ÁREA DE RELEVANTE INTERESSE ECOLÓGICO CAPETINGA/TAQUARA","Angiosperms","Smilacaceae","Smilax","elastica","Griseb.","SMILACACEAE Smilax elastica Griseb.","UB0027611",,"UB","Felfili, J.M.","255","Native","1994","Proenca, C.E.B.",,"Bronze","Prata",,"Brasília","Fazenda Água Limpa."
"ÁREA DE RELEVANTE INTERESSE ECOLÓGICO CAPETINGA/TAQUARA","Angiosperms","Smilacaceae","Smilax","fluminensis","Steud.","SMILACACEAE Smilax fluminensis Steud.","UB0027618",,"UB","Walter, B.M.T.","2226","Native","1994","Walter, B.M.T.",,"Bronze","Prata",,"Brasília","Fazenda Água Limpa."
"ÁREA DE RELEVANTE INTERESSE ECOLÓGICO CAPETINGA/TAQUARA","Bryophytes","Styracaceae","Styrax","guyanensis","A.DC.","STYRACACEAE Styrax guyanensis A.DC.","UB1355174",,"UB","Proenca, C.E.B.","1089","Native","1994","Proenca, C.E.B.",,"Bronze","Prata",,"Brasília","Fazenda Água Limpa. Mata ciliar seca do córrego do Gama."
"ÁREA DE RELEVANTE INTERESSE ECOLÓGICO CAPETINGA/TAQUARA","Ferns and Lycophytes","Verbenaceae","Lippia","nana","Schauer","VERBENACEAE Lippia nana Schauer","UB1162564",,"UB","Walter, B.M.T.","2258","Native","1994","Cardoso, P.H.","2023","Bronze","Prata",,"Brasília","Fazenda Água Limpa / UnB."
"ÁREA DE RELEVANTE INTERESSE ECOLÓGICO CAPETINGA/TAQUARA","Angiosperms","Acanthaceae","Ruellia","dissitifolia","(Nees) Hiern","ACANTHACEAE Ruellia dissitifolia (Nees) Hiern","328007","splink","SP","Walter, B.M.T.","2267","Native","1994","Fernandes, U.G.","2018","Bronze","Prata",,"Brasília","Fazenda Água Limpa/UnB, córrego da Onça"
"ÁREA DE RELEVANTE INTERESSE ECOLÓGICO CAPETINGA/TAQUARA","Angiosperms","Sapindaceae","Serjania","marginata","Casar.","SAPINDACEAE Serjania marginata Casar.","20462","splink","UFMT","Walter, B.M.T.","2306","Native","1994","Souza, T.","2017","Bronze","Prata",,"Brasília","Fazenda Água Limpa/UNB."
"ÁREA DE RELEVANTE INTERESSE ECOLÓGICO CAPETINGA/TAQUARA","Angiosperms","Fabaceae","Senna","macranthera","(DC. ex Collad.) H.S.Irwin & Barneby","FABACEAE Senna macranthera (DC. ex Collad.) H.S.Irwin & Barneby","UB1348437",,"UB","Felfili, J.M.","234","Native","1994","Gissi, D.","2013","Bronze","Prata",,"Brasília","Fazenda Água Limpa, mata do Gama, linha I."
"ÁREA DE RELEVANTE INTERESSE ECOLÓGICO CAPETINGA/TAQUARA","Angiosperms","Orchidaceae","Buchtienia","nitida","(Vell.) Fraga & Meneguzzo","ORCHIDACEAE Buchtienia nitida (Vell.) Fraga & Meneguzzo","UB0019853","splink","UB","Walter, B.M.T.","2217","Native","1994","Meneguzzo, T.E.C.","2009","Bronze","Prata",,"Brasília","Fazenda Água Limpa."
"ÁREA DE RELEVANTE INTERESSE ECOLÓGICO CAPETINGA/TAQUARA","Angiosperms","Asteraceae","Mikania","populifolia","Gardner","ASTERACEAE Mikania populifolia Gardner","UB1326940","splink","UB","Walter, B.M.T.","2214","Native","1994","Ritter, M.","2005","Bronze","Prata",,"Brasília","Fazenda Água Limpa - Universidade de Brasília."
"ÁREA DE RELEVANTE INTERESSE ECOLÓGICO CAPETINGA/TAQUARA","Angiosperms","Pterobryaceae","Jaegerina",,"Müll. Hal.","PTEROBRYACEAE Jaegerina Müll. Hal.","UB1338559","splink","UB","Souza, M.G.M.","01188s.n.","Native","1993","Souza, M.G.M.",,"Bronze","Prata",,"Brasília","Fazenda Água Limpa (FSL) -DF."
"ÁREA DE RELEVANTE INTERESSE ECOLÓGICO CAPETINGA/TAQUARA","Angiosperms","Orthotrichaceae","Macromitrium","cirrosum","(Hedw.) Brid.","ORTHOTRICHACEAE Macromitrium cirrosum (Hedw.) Brid.","UB1358651",,"UB","Senna, P.A.C.","01160s.n.","Native","1990","Lima, J.S.","2015","Bronze","Prata",,"Brasília","Fazenda Água Limpa (da UnB), Córrego da Capetinga, próxmo a cachoeira."
"ÁREA DE RELEVANTE INTERESSE ECOLÓGICO CAPETINGA/TAQUARA","Angiosperms","Lejeuneaceae","Frullanoides","chinantlana","(Gottsche) L. Söderstr. & A. Hagborg","LEJEUNEACEAE Frullanoides chinantlana (Gottsche) L. Söderstr. & A. Hagborg","UB1017050",,"UB","Senna, P.A.C.","s.n.","Native","1990","Bastos, C.","2012","Bronze","Prata",,"Brasília","Fazenda Água Limpa."
"ÁREA DE RELEVANTE INTERESSE ECOLÓGICO CAPETINGA/TAQUARA","Angiosperms","Sphagnaceae","Sphagnum","gracilescens","Hampe ex. Müll. Hal.","SPHAGNACEAE Sphagnum gracilescens Hampe ex. Müll. Hal.","UB1338499","splink","UB","Senna, P.A.C.","01148s.n.","Native","1990","Peralta, D.F.","2012","Bronze","Prata",,"Brasília","Fazenda Água Limpa (da UnB)."
"ÁREA DE RELEVANTE INTERESSE ECOLÓGICO CAPETINGA/TAQUARA","Angiosperms","Polytrichaceae","Pogonatum","pensilvanicum","(E.B.Bartram ex Hedw.) P.Beauv.","POLYTRICHACEAE Pogonatum pensilvanicum (E.B.Bartram ex Hedw.) P.Beauv.","UB1012825","splink","UB","Senna, P.A.C.","01158s.n.","Native","1990","Peralta, D.F.","2010","Bronze","Prata",,"Brasília","Fazenda Água Limpa, Fazenda Água Limpa (UnB)."
"ÁREA DE RELEVANTE INTERESSE ECOLÓGICO CAPETINGA/TAQUARA","Angiosperms","Bryaceae","Bryum","capillare","Hedw.","BRYACEAE Bryum capillare Hedw.","UB1338611","splink","UB","Senna, P.A.C.","011509s.n.","Native","1990","Soares, A.E.R.","2009","Bronze","Prata",,"Brasília","Fazenda Água Limpa (UnB)."
"ÁREA DE RELEVANTE INTERESSE ECOLÓGICO CAPETINGA/TAQUARA","Angiosperms","Rubiaceae","Cordiera","macrophylla","(K.Schum.) Kuntze","RUBIACEAE Cordiera macrophylla (K.Schum.) Kuntze","SP0246380","splink","SP","Pereira, B.A.S.","1428","Native","1990","Mamede, M.C.H.","2007","Bronze","Prata",,"Brasília","APA Gama - Cabeça de Veado, Fazenda Água Limpa"
"ÁREA DE RELEVANTE INTERESSE ECOLÓGICO CAPETINGA/TAQUARA","Ferns and Lycophytes","Polytrichaceae",,,"Schwägr.","POLYTRICHACEAE Polytrichaceae Schwägr.","TANG00000B479","splink","TANG","Senna, P.A.C.","s.n.","Native","1990","Camara, P.E.A.S.","1990","Bronze","Prata",,"Brasília","Fazenda água limpa (da UNB)"
"ÁREA DE RELEVANTE INTERESSE ECOLÓGICO CAPETINGA/TAQUARA","Angiosperms","Celastraceae","Monteverdia","gonoclados","(Mart.) Biral","CELASTRACEAE Monteverdia gonoclados (Mart.) Biral","UB1083538","splink","UB","Silva, P.E.N.","PENS128","Native","1989","Okano, R.M.C.",,"Bronze","Prata",,"Brasília","Fazenda Água Limpa, Fazenda Água Limpa."
"ÁREA DE RELEVANTE INTERESSE ECOLÓGICO CAPETINGA/TAQUARA","Angiosperms","Orchidaceae","Polystachya",,"Hook.","ORCHIDACEAE Polystachya Hook.","35129","splink","BHCB","Pereira, M.","364","Native","1989","Dematteis, M.","0-0-0","Bronze","Prata",,"Brasília","Fazenda Água Limpa, UnB."
"ÁREA DE RELEVANTE INTERESSE ECOLÓGICO CAPETINGA/TAQUARA","Angiosperms","Malvaceae","Peltaea",,"(C.Presl) Standl.","MALVACEAE Peltaea (C.Presl) Standl.","UPCB0055117","splink","UPCB","Franca, F.","s.n","Native","1989","Tavares, A.B.","2023","Bronze","Prata",,"Brasília","Fazenda Água Limpa."
"ÁREA DE RELEVANTE INTERESSE ECOLÓGICO CAPETINGA/TAQUARA","Angiosperms","Cyperaceae","Rhynchospora","albobracteata","A.C.Araújo","CYPERACEAE Rhynchospora albobracteata A.C.Araújo","237147","splink","SP","Silva, M.A.","867","Native","1989","Alves, K.","2022","Bronze","Prata",,"Brasília","Fazenda Água Limpa. Próximo à confluência dos córregos Taquara e Gama"
"ÁREA DE RELEVANTE INTERESSE ECOLÓGICO CAPETINGA/TAQUARA","Angiosperms","Convolvulaceae","Ipomoea","squamisepala","O'Donell","CONVOLVULACEAE Ipomoea squamisepala O'Donell","IBGE00025279",,"IBGE","Alvarenga, D.","522","Native","1989","Bianchini, R.S.","1990","Bronze","Prata",,"Brasília","Fazenda Água Limpa, UnB. Folha: SD-23-Y-C."
"ÁREA DE RELEVANTE INTERESSE ECOLÓGICO CAPETINGA/TAQUARA","Angiosperms","Malvaceae","Pavonia","immitis","Fryxell","MALVACEAE Pavonia immitis Fryxell","UB0152170",,"UB","Nascimento, E.A.","120","Native","1988","Tavares, A.B.","2024","Bronze","Prata",,"Brasília","Fazenda Água Limpa, perto do Laboratório de Ecologia."
"ÁREA DE RELEVANTE INTERESSE ECOLÓGICO CAPETINGA/TAQUARA","Angiosperms","Fabaceae","Macroptilium","bracteatum","(Nees & Mart.) Maréchal & Baudet","FABACEAE Macroptilium bracteatum (Nees & Mart.) Maréchal & Baudet","UB0118074","splink","UB","Nascimento, E.A.","120","Native","1988","Ribeiro, C.L.","2021","Bronze","Prata",,"Brasília","Fazenda Água Limpa, Fazenda Água Limpa."
"ÁREA DE RELEVANTE INTERESSE ECOLÓGICO CAPETINGA/TAQUARA","Angiosperms","Loranthaceae","Phthirusa",,"Mart.","LORANTHACEAE Phthirusa Mart.","UEC014784","splink","UEC","Lombardi, J.A.","20878","Native","1988","Moreira, B.A.","1997","Bronze","Prata",,"Brasília","Fazenda Água Limpa."
"ÁREA DE RELEVANTE INTERESSE ECOLÓGICO CAPETINGA/TAQUARA","Angiosperms","Melastomataceae","Tibouchina",,"Aubl.","MELASTOMATACEAE Tibouchina Aubl.","UB1358606",,"UB","Stevens, A.D.","3","Native","1987","Proenca, C.E.B.",,"Bronze","Prata",,"Brasília","Fazenda Água Limpa. Ca. 18km S of center of Brasília."
"ÁREA DE RELEVANTE INTERESSE ECOLÓGICO CAPETINGA/TAQUARA","Angiosperms","Arecaceae","Syagrus","petraea","(Mart.) Becc.","ARECACEAE Syagrus petraea (Mart.) Becc.","25816","splink","UFG","Scariot, A.O.","19","Native","1987","Scariot, A.O.","1987","Bronze","Prata",,"Brasília","Fazenda Água Limpa (UNE). Cerrado s.s.. Latossolo vermelho amarelo. Relevo plano."
"ÁREA DE RELEVANTE INTERESSE ECOLÓGICO CAPETINGA/TAQUARA","Angiosperms","Asteraceae","Pterocaulon","rugosum","(Vahl) Malme","ASTERACEAE Pterocaulon rugosum (Vahl) Malme","UB1069282","splink","UB","Takada, R.A.K.","s.n.","Native","1986","Jorge, C.L.",,"Bronze","Prata",,"Brasília","Fazenda Água Limpa, Fazenda Água Limpa - Universidade de Brasília."
"ÁREA DE RELEVANTE INTERESSE ECOLÓGICO CAPETINGA/TAQUARA","Angiosperms","Lamiaceae","Salvia","splendens","Sellow ex Nees","LAMIACEAE Salvia splendens Sellow ex Nees","UB1017032","splink","UB","Faraco, L.","s.n.","Native","1986","Faraco, L.",,"Bronze","Prata",,"Brasília","Fazenda Água Limpa."
"ÁREA DE RELEVANTE INTERESSE ECOLÓGICO CAPETINGA/TAQUARA","Angiosperms","Euphorbiaceae","Croton","heliotropiifolius","Kunth","EUPHORBIACEAE Croton heliotropiifolius Kunth","UB0190918",,"UB","Cares, J.H.","34","Native","1986","Muniz Filho, E.","2021","Bronze","Prata",,"Brasília","Fazenda Água Limpa - Universidade de Brasília."
"ÁREA DE RELEVANTE INTERESSE ECOLÓGICO CAPETINGA/TAQUARA","Angiosperms","Commelinaceae","Tripogandra",,"Raf.","COMMELINACEAE Tripogandra Raf.","UB1017186",,"UB","Senna","006865","Native","1986","Camara, P.E.A.S.","2015","Bronze","Prata",,"Brasília","Fazenda Água Limpa, 10m abaixo da Cachoeira do Capetinga."
"ÁREA DE RELEVANTE INTERESSE ECOLÓGICO CAPETINGA/TAQUARA","Angiosperms","Asteraceae","Sphagneticola","trilobata","(L.) Pruski","ASTERACEAE Sphagneticola trilobata (L.) Pruski","UB1017273","splink","UB","Lucatelli, G.","23","Native","1986","Bringel, J.B.A.","2013","Bronze","Prata",,"Brasília","Fazenda Água Limpa, distante 10km de Brasília, ao norte da sede."
"ÁREA DE RELEVANTE INTERESSE ECOLÓGICO CAPETINGA/TAQUARA","Angiosperms","Bruchiaceae","Trematodon","longicollis","Michx.","BRUCHIACEAE Trematodon longicollis Michx.","UB1358601",,"UB","Senna","006926A","Native","1986","Peralta, D.F.","2012","Bronze","Prata",,"Brasília","Fazenda Água Limpa, brejo próximo ao Lago da Agronomia."
"ÁREA DE RELEVANTE INTERESSE ECOLÓGICO CAPETINGA/TAQUARA","Angiosperms","Balantiopsidaceae","Isotachis","multiceps","(Lindenb. & Gottsche) Gottsche","BALANTIOPSIDACEAE Isotachis multiceps (Lindenb. & Gottsche) Gottsche","UB1338476","splink","UB","Senna","006854","Native","1986","Costa, D.P.","2011","Bronze","Prata",,"Brasília","Fazenda Água Limpa. Cachoeira do Capetinga."
"ÁREA DE RELEVANTE INTERESSE ECOLÓGICO CAPETINGA/TAQUARA","Angiosperms","Brassicaceae","Raphanus","raphanistrum","L.","BRASSICACEAE Raphanus raphanistrum L.","UB1210002","splink","UB","Cares, J.H.","48","Native","1986","Colletta, G.D.","2008","Bronze","Prata",,"Brasília","Fazenda Água Limpa."
"ÁREA DE RELEVANTE INTERESSE ECOLÓGICO CAPETINGA/TAQUARA","Angiosperms","Convolvulaceae","Ipomoea","cairica","(L.) Sweet","CONVOLVULACEAE Ipomoea cairica (L.) Sweet","UB1358576",,"UB","Takada, R.A.K.","s.n.A","Native","1986","Bianchini, R.S.","2002","Bronze","Prata",,"Brasília","Fazenda Água Limpa."
"ÁREA DE RELEVANTE INTERESSE ECOLÓGICO CAPETINGA/TAQUARA","Angiosperms","Asteraceae","Artemisia","vulgaris","L.","ASTERACEAE Artemisia vulgaris L.","UB1173603",,"UB","Cares, J.E.","30","Naturalized","1986","Calago, K.","2000","Bronze","Prata",,"Brasília","Fazenda Água Limpa, Fazenda Água Limpa - Coleção de plantas medicinais."
"ÁREA DE RELEVANTE INTERESSE ECOLÓGICO CAPETINGA/TAQUARA","Angiosperms","Asteraceae","Chrysanthemum","morifolium","(Ramat.) Hemsl.","ASTERACEAE Chrysanthemum morifolium (Ramat.) Hemsl.","UB0059751",,"UB","Cares, J.H.","53","Native","1986","Calago, K.","2000","Bronze","Prata",,"Brasília","Fazenda Água Limpa - coleção de plantas medicinais."
"ÁREA DE RELEVANTE INTERESSE ECOLÓGICO CAPETINGA/TAQUARA","Angiosperms","Asteraceae","Tanacetum","parthenium","(L.) Sch.Bip.","ASTERACEAE Tanacetum parthenium (L.) Sch.Bip.","UB0059753",,"UB","Cares, J.H.","74","Native","1986","Calago, K.","2000","Bronze","Prata",,"Brasília","Fazenda Água Limpa, Fazenda Água Limpa - coleção de plantas medicinais."
"ÁREA DE RELEVANTE INTERESSE ECOLÓGICO CAPETINGA/TAQUARA","Angiosperms","Piperaceae","Piper","regnellii","(Miq.) C.DC.","PIPERACEAE Piper regnellii (Miq.) C.DC.","UB1214218",,"UB","Cares, J.H.","39","Native","1986","Goncalves, E.G.","2000","Bronze","Prata",,"Brasília","Fazenda Água Limpa."
"ÁREA DE RELEVANTE INTERESSE ECOLÓGICO CAPETINGA/TAQUARA","Angiosperms","Calophyllaceae","Kielmeyera","grandiflora","(Wawra) Saddi","CALOPHYLLACEAE Kielmeyera grandiflora (Wawra) Saddi","UB1338459",,"UB","Belmok, L.E.","1","Native","1986","Feledi, K.","1995","Bronze","Prata",,"Brasília","Fazenda Água Limpa - arredores da sede."
"ÁREA DE RELEVANTE INTERESSE ECOLÓGICO CAPETINGA/TAQUARA","Angiosperms","Iridaceae","Cipura","xanthomelas","Klatt","IRIDACEAE Cipura xanthomelas Klatt","UB0014375",,"UB","Belmok, L.E.","19","Native","1986","Chukr, N.S.","1995","Bronze","Prata",,"Brasília","Fazenda Água Limpa."
"ÁREA DE RELEVANTE INTERESSE ECOLÓGICO CAPETINGA/TAQUARA","Angiosperms","Zingiberaceae","Alpinia","zerumbet","(Pers.) B.L.Burtt & R.M.Sm.","ZINGIBERACEAE Alpinia zerumbet (Pers.) B.L.Burtt & R.M.Sm.","UB0029466",,"UB","Cares, J.E.","54","Native","1986","Maas, H.","1995","Bronze","Prata",,"Brasília","Fazenda Água Limpa - Coleção de plantas medicinais."
"ÁREA DE RELEVANTE INTERESSE ECOLÓGICO CAPETINGA/TAQUARA","Angiosperms","Bignoniaceae","Cuspidaria","sceptrum","(Cham.) L.G.Lohmann","BIGNONIACEAE Cuspidaria sceptrum (Cham.) L.G.Lohmann","UB1066043","splink","UB","Dutra, S.G.","s.n.ARBUST","Native","1985","Dutra, S.G.",,"Bronze","Prata",,"Brasília","Fazenda Água Limpa, Fazenda Água Limpa."
"ÁREA DE RELEVANTE INTERESSE ECOLÓGICO CAPETINGA/TAQUARA","Angiosperms","Fabaceae","Bionia","coriacea","(Nees & Mart.) Benth.","FABACEAE Bionia coriacea (Nees & Mart.) Benth.","UB1042689","splink","UB","Guimaraes Neto, F.M.","s.n.Planta","Native","1985","Proenca, C.E.B.",,"Bronze","Prata",,"Brasília","Fazenda Água Limpa."
"ÁREA DE RELEVANTE INTERESSE ECOLÓGICO CAPETINGA/TAQUARA","Angiosperms","Solanaceae","Brunfelsia",,"L.","SOLANACEAE Brunfelsia L.","UB1338297","splink","UB","Dall´orto, S.J.C.","s.n.","Native","1985","Silva, M.V.",,"Bronze","Prata",,"Brasília","Fazenda Água Limpa."
"ÁREA DE RELEVANTE INTERESSE ECOLÓGICO CAPETINGA/TAQUARA","Angiosperms","Malvaceae","Gossypium",,"L.","MALVACEAE Gossypium L.","UB0056426",,"UB","Goncalves, M.","9","Native","1985","Tavares, A.B.","2024","Bronze","Prata",,"Brasília","Fazenda Água Limpa, plantação de algodão"
"ÁREA DE RELEVANTE INTERESSE ECOLÓGICO CAPETINGA/TAQUARA","Angiosperms","Aneuraceae","Riccardia","chamedryfolia","(With.) Grolle","ANEURACEAE Riccardia chamedryfolia (With.) Grolle","SP089954","splink","SP-BRYOPHYTA","Vital, D.M.","13252","Native","1985","Peralta, D.F.","2014","Bronze","Prata",,"Brasília","Fazenda Água Limpa"
"ÁREA DE RELEVANTE INTERESSE ECOLÓGICO CAPETINGA/TAQUARA","Angiosperms","Aneuraceae","Riccardia","glaziovii","(Spruce) Meenks","ANEURACEAE Riccardia glaziovii (Spruce) Meenks","SP089413","splink","SP-BRYOPHYTA","Vital, D.M.","13312","Native","1985","Peralta, D.F.","2014","Bronze","Prata",,"Brasília","Fazenda Água Limpa"
"ÁREA DE RELEVANTE INTERESSE ECOLÓGICO CAPETINGA/TAQUARA","Angiosperms","Balantiopsidaceae","Neesioscyphus","homophyllus","(Nees) Grolle","BALANTIOPSIDACEAE Neesioscyphus homophyllus (Nees) Grolle","SP089962","splink","SP-BRYOPHYTA","Vital, D.M.","13260","Native","1985","Peralta, D.F.","2014","Bronze","Prata",,"Brasília","Fazenda Água Limpa"
"ÁREA DE RELEVANTE INTERESSE ECOLÓGICO CAPETINGA/TAQUARA","Angiosperms","Cephaloziaceae","Odontoschisma","variabile","(Lindenb. & Gottsche) Trevis.","CEPHALOZIACEAE Odontoschisma variabile (Lindenb. & Gottsche) Trevis.","SP089978","splink","SP-BRYOPHYTA","Vital, D.M.","13276","Native","1985","Peralta, D.F.","2014","Bronze","Prata",,"Brasília","Fazenda Água Limpa"
"ÁREA DE RELEVANTE INTERESSE ECOLÓGICO CAPETINGA/TAQUARA","Angiosperms","Frullaniaceae","Frullania","gibbosa","Nees","FRULLANIACEAE Frullania gibbosa Nees","SP089410","splink","SP-BRYOPHYTA","Vital, D.M.","13307","Native","1985","Peralta, D.F.","2014","Bronze","Prata",,"Brasília","Fazenda Água Limpa"
"ÁREA DE RELEVANTE INTERESSE ECOLÓGICO CAPETINGA/TAQUARA","Angiosperms","Frullaniaceae","Frullania","kunzei","(Lehm. & Lindenb.) Lehm. & Lindenb.","FRULLANIACEAE Frullania kunzei (Lehm. & Lindenb.) Lehm. & Lindenb.","SP089994","splink","SP-BRYOPHYTA","Vital, D.M.","13293","Native","1985","Peralta, D.F.","2014","Bronze","Prata",,"Brasília","Fazenda Água Limpa"
"ÁREA DE RELEVANTE INTERESSE ECOLÓGICO CAPETINGA/TAQUARA","Angiosperms","Geocalycaceae","Leptoscyphus","amphibolius","(Nees) Grolle","GEOCALYCACEAE Leptoscyphus amphibolius (Nees) Grolle","SP089971","splink","SP-BRYOPHYTA","Vital, D.M.","13269","Native","1985","Peralta, D.F.","2014","Bronze","Prata",,"Brasília","Fazenda Água Limpa"
"ÁREA DE RELEVANTE INTERESSE ECOLÓGICO CAPETINGA/TAQUARA","Angiosperms","Herbertaceae","Herbertus","bivittatus","Spruce","HERBERTACEAE Herbertus bivittatus Spruce","SP089966","splink","SP-BRYOPHYTA","Vital, D.M.","13264","Native","1985","Peralta, D.F.","2014","Bronze","Prata",,"Brasília","Fazenda Água Limpa"
"ÁREA DE RELEVANTE INTERESSE ECOLÓGICO CAPETINGA/TAQUARA","Angiosperms","Jungermanniaceae","Jungermannia","hyalina","Lyell","JUNGERMANNIACEAE Jungermannia hyalina Lyell","SP089989","splink","SP-BRYOPHYTA","Vital, D.M.","13287","Native","1985","Peralta, D.F.","2014","Bronze","Prata",,"Brasília","Fazenda Água Limpa"
"ÁREA DE RELEVANTE INTERESSE ECOLÓGICO CAPETINGA/TAQUARA","Angiosperms","Lejeuneaceae","Acrolejeunea","torulosa","(Lehm. & Lindenb.) Schiffn.","LEJEUNEACEAE Acrolejeunea torulosa (Lehm. & Lindenb.) Schiffn.","SP089996","splink","SP-BRYOPHYTA","Vital, D.M.","13295","Native","1985","Peralta, D.F.","2014","Bronze","Prata",,"Brasília","Fazenda Água Limpa"
"ÁREA DE RELEVANTE INTERESSE ECOLÓGICO CAPETINGA/TAQUARA","Angiosperms","Lejeuneaceae","Ceratolejeunea","cornuta","(Lindenb.) Schiffn.","LEJEUNEACEAE Ceratolejeunea cornuta (Lindenb.) Schiffn.","SP089983","splink","SP-BRYOPHYTA","Vital, D.M.","13281","Native","1985","Peralta, D.F.","2014","Bronze","Prata",,"Brasília","Fazenda Água Limpa"
"ÁREA DE RELEVANTE INTERESSE ECOLÓGICO CAPETINGA/TAQUARA","Angiosperms","Lejeuneaceae","Cheilolejeunea","rigidula","(Nees ex Mont.) R.M. Schust.","LEJEUNEACEAE Cheilolejeunea rigidula (Nees ex Mont.) R.M. Schust.","SP089984","splink","SP-BRYOPHYTA","Vital, D.M.","13282","Native","1985","Peralta, D.F.","2014","Bronze","Prata",,"Brasília","Fazenda Água Limpa"
"ÁREA DE RELEVANTE INTERESSE ECOLÓGICO CAPETINGA/TAQUARA","Angiosperms","Lejeuneaceae","Cololejeunea","camillii","(Lehm.) A. Evans","LEJEUNEACEAE Cololejeunea camillii (Lehm.) A. Evans","SP089997","splink","SP-BRYOPHYTA","Vital, D.M.","13296","Native","1985","Peralta, D.F.","2014","Bronze","Prata",,"Brasília","Fazenda Água Limpa"
"ÁREA DE RELEVANTE INTERESSE ECOLÓGICO CAPETINGA/TAQUARA","Angiosperms","Lejeuneaceae","Lejeunea","laetevirens","Nees & Mont.","LEJEUNEACEAE Lejeunea laetevirens Nees & Mont.","SP090002","splink","SP-BRYOPHYTA","Vital, D.M.","13301","Native","1985","Peralta, D.F.","2014","Bronze","Prata",,"Brasília","Fazenda Água Limpa"
"ÁREA DE RELEVANTE INTERESSE ECOLÓGICO CAPETINGA/TAQUARA","Angiosperms","Lejeuneaceae","Leptolejeunea","exocellata","(Spruce) A.Evans","LEJEUNEACEAE Leptolejeunea exocellata (Spruce) A.Evans","SP089985","splink","SP-BRYOPHYTA","Vital, D.M.","13283","Native","1985","Peralta, D.F.","2014","Bronze","Prata",,"Brasília","Fazenda Água Limpa"
"ÁREA DE RELEVANTE INTERESSE ECOLÓGICO CAPETINGA/TAQUARA","Ferns and Lycophytes","Lejeuneaceae","Schiffneriolejeunea","polycarpa","(Nees) Gradst.","LEJEUNEACEAE Schiffneriolejeunea polycarpa (Nees) Gradst.","SP089995","splink","SP-BRYOPHYTA","Vital, D.M.","13294","Native","1985","Peralta, D.F.","2014","Bronze","Prata",,"Brasília","Fazenda Água Limpa"
"ÁREA DE RELEVANTE INTERESSE ECOLÓGICO CAPETINGA/TAQUARA","Angiosperms","Lepidoziaceae","Kurzia","brasiliensis","(Steph.) Grolle","LEPIDOZIACEAE Kurzia brasiliensis (Steph.) Grolle","SP089963","splink","SP-BRYOPHYTA","Vital, D.M.","13261","Native","1985","Peralta, D.F.","2014","Bronze","Prata",,"Brasília","Fazenda Água Limpa"
"ÁREA DE RELEVANTE INTERESSE ECOLÓGICO CAPETINGA/TAQUARA","Angiosperms","Lepidoziaceae","Kurzia","capillaris","(Sw.) Grolle","LEPIDOZIACEAE Kurzia capillaris (Sw.) Grolle","SP089969","splink","SP-BRYOPHYTA","Vital, D.M.","13267","Native","1985","Peralta, D.F.","2014","Bronze","Prata",,"Brasília","Fazenda Água Limpa"
"ÁREA DE RELEVANTE INTERESSE ECOLÓGICO CAPETINGA/TAQUARA","Angiosperms","Lepidoziaceae","Lepidozia","cupressina","(Sw.) Lindenb.","LEPIDOZIACEAE Lepidozia cupressina (Sw.) Lindenb.","SP089967","splink","SP-BRYOPHYTA","Vital, D.M.","13265","Native","1985","Peralta, D.F.","2014","Bronze","Prata",,"Brasília","Fazenda Água Limpa"
"ÁREA DE RELEVANTE INTERESSE ECOLÓGICO CAPETINGA/TAQUARA","Angiosperms","Lepidoziaceae","Micropterygium","campanense","Spruce ex Reimers","LEPIDOZIACEAE Micropterygium campanense Spruce ex Reimers","SP089968","splink","SP-BRYOPHYTA","Vital, D.M.","13266","Native","1985","Peralta, D.F.","2014","Bronze","Prata",,"Brasília","Fazenda Água Limpa"
"ÁREA DE RELEVANTE INTERESSE ECOLÓGICO CAPETINGA/TAQUARA","Angiosperms","Lepidoziaceae","Telaranea","diacantha","(Mont.) Engel & Merr.","LEPIDOZIACEAE Telaranea diacantha (Mont.) Engel & Merr.","SP089953","splink","SP-BRYOPHYTA","Vital, D.M.","13251","Native","1985","Peralta, D.F.","2014","Bronze","Prata",,"Brasília","Fazenda Água Limpa"
"ÁREA DE RELEVANTE INTERESSE ECOLÓGICO CAPETINGA/TAQUARA","Bryophytes","Lepidoziaceae","Zoopsidella","integrifolia","(Spruce) R.M.Schust.","LEPIDOZIACEAE Zoopsidella integrifolia (Spruce) R.M.Schust.","SP089991","splink","SP-BRYOPHYTA","Vital, D.M.","13289","Native","1985","Peralta, D.F.","2014","Bronze","Prata",,"Brasília","Fazenda Água Limpa"
"ÁREA DE RELEVANTE INTERESSE ECOLÓGICO CAPETINGA/TAQUARA","Angiosperms","Lophocoleaceae","Lophocolea","lindmanii","Steph.","LOPHOCOLEACEAE Lophocolea lindmanii Steph.","SP089965","splink","SP-BRYOPHYTA","Vital, D.M.","13263","Native","1985","Peralta, D.F.","2014","Bronze","Prata",,"Brasília","Fazenda Água Limpa"
"ÁREA DE RELEVANTE INTERESSE ECOLÓGICO CAPETINGA/TAQUARA","Angiosperms","Metzgeriaceae","Metzgeria","lechleri","Steph.","METZGERIACEAE Metzgeria lechleri Steph.","SP089408","splink","SP-BRYOPHYTA","Vital, D.M.","13305","Native","1985","Peralta, D.F.","2014","Bronze","Prata",,"Brasília","Fazenda Água Limpa"
"ÁREA DE RELEVANTE INTERESSE ECOLÓGICO CAPETINGA/TAQUARA","Angiosperms","Pallaviciniaceae","Symphyogyna","brasiliensis","(Nees) Nees & Mont.","PALLAVICINIACEAE Symphyogyna brasiliensis (Nees) Nees & Mont.","SP089950","splink","SP-BRYOPHYTA","Vital, D.M.","13248","Native","1985","Peralta, D.F.","2014","Bronze","Prata",,"Brasília","Fazenda Água Limpa"
"ÁREA DE RELEVANTE INTERESSE ECOLÓGICO CAPETINGA/TAQUARA","Angiosperms","Pallaviciniaceae","Symphyogyna","podophylla","(Thunb.) Mont. & Nees","PALLAVICINIACEAE Symphyogyna podophylla (Thunb.) Mont. & Nees","SP089973","splink","SP-BRYOPHYTA","Vital, D.M.","13271","Native","1985","Peralta, D.F.","2014","Bronze","Prata",,"Brasília","Fazenda Água Limpa"
"ÁREA DE RELEVANTE INTERESSE ECOLÓGICO CAPETINGA/TAQUARA","Angiosperms","Plagiochilaceae","Plagiochila","adiantoides","(Sw.) Lindenb.","PLAGIOCHILACEAE Plagiochila adiantoides (Sw.) Lindenb.","SP089405","splink","SP-BRYOPHYTA","Vital, D.M.","13302","Native","1985","Peralta, D.F.","2014","Bronze","Prata",,"Brasília","Fazenda Água Limpa"
"ÁREA DE RELEVANTE INTERESSE ECOLÓGICO CAPETINGA/TAQUARA","Angiosperms","Plagiochilaceae","Plagiochila","martiana","(Nees) Lindenb.","PLAGIOCHILACEAE Plagiochila martiana (Nees) Lindenb.","SP089411","splink","SP-BRYOPHYTA","Vital, D.M.","13310","Native","1985","Peralta, D.F.","2014","Bronze","Prata",,"Brasília","Fazenda Água Limpa"
"ÁREA DE RELEVANTE INTERESSE ECOLÓGICO CAPETINGA/TAQUARA","Angiosperms","Radulaceae","Radula","quadrata","Gottsche","RADULACEAE Radula quadrata Gottsche","SP089412","splink","SP-BRYOPHYTA","Vital, D.M.","13311","Native","1985","Peralta, D.F.","2014","Bronze","Prata",,"Brasília","Fazenda Água Limpa"
"ÁREA DE RELEVANTE INTERESSE ECOLÓGICO CAPETINGA/TAQUARA","Angiosperms","Fissidentaceae","Fissidens","lagenarius","Mitt.","FISSIDENTACEAE Fissidens lagenarius var. lagenarius Mitt.","SP089981","splink","SP-BRYOPHYTA","Vital, D.M.","13279","Native","1985","Bordin, J.","2009","Bronze","Prata",,"Brasília","Fazenda Água Limpa"
"ÁREA DE RELEVANTE INTERESSE ECOLÓGICO CAPETINGA/TAQUARA","Angiosperms","Fissidentaceae","Fissidens","submarginatus","Bruch","FISSIDENTACEAE Fissidens submarginatus Bruch","SP089414","splink","SP-BRYOPHYTA","Vital, D.M.","13313","Native","1985","Bordin, J.","2009","Bronze","Prata",,"Brasília","Fazenda Água Limpa"
"ÁREA DE RELEVANTE INTERESSE ECOLÓGICO CAPETINGA/TAQUARA","Angiosperms","Hypnaceae","Isopterygium","tenerum","(Sw.) Mitt.","HYPNACEAE Isopterygium tenerum (Sw.) Mitt.","SP089992","splink","SP-BRYOPHYTA","Vital, D.M.","13290","Native","1985","Soares, A.E.","2009","Bronze","Prata",,"Brasília","Fazenda Água Limpa"
"ÁREA DE RELEVANTE INTERESSE ECOLÓGICO CAPETINGA/TAQUARA","Angiosperms","Polytrichaceae","Polytrichum","brachymitrium","Müll.Hal.","POLYTRICHACEAE Polytrichum brachymitrium Müll.Hal.","SP089952","splink","SP-BRYOPHYTA","Vital, D.M.","13250","Native","1985","Peralta, D.F.","2009","Bronze","Prata",,"Brasília","Fazenda Água Limpa"
"ÁREA DE RELEVANTE INTERESSE ECOLÓGICO CAPETINGA/TAQUARA","Angiosperms","Malvaceae","Pseudobombax","longiflorum","(Mart.) A.Robyns","MALVACEAE Pseudobombax longiflorum (Mart.) A.Robyns","UB1014422","splink","UB","Gribel, R.B.","2","Native","1985","Martins, V.L.C.","2006","Bronze","Prata",,"Brasília","Fazenda Água Limpa, Fazenda Água Limpa."
"ÁREA DE RELEVANTE INTERESSE ECOLÓGICO CAPETINGA/TAQUARA","Angiosperms","Bromeliaceae","Dyckia",,"Schult. & Schult.f.","BROMELIACEAE Dyckia Schult. & Schult.f.","UB0004687",,"UB","Haridasan, M.","MH438","Native","1984","Miranda, Z.J.G.",,"Bronze","Prata",,"Brasília","Fazenda Água Limpa, Fazenda Água Limpa."
"ÁREA DE RELEVANTE INTERESSE ECOLÓGICO CAPETINGA/TAQUARA","Angiosperms","Clusiaceae","Garcinia","macrophylla","Mart.","CLUSIACEAE Garcinia macrophylla Mart.","UB1210108","splink","UB","Nitikman, L.Z.","61","Native","1984","Silva, P.E.N.",,"Bronze","Prata",,"Brasília","Fazenda Água Limpa."
"ÁREA DE RELEVANTE INTERESSE ECOLÓGICO CAPETINGA/TAQUARA",,"Poaceae","Schizachyrium","vallsii","Peichoto & Welker","POACEAE Schizachyrium vallsii Peichoto & Welker","UB1358471",,"UB","Haridasan, M.","MH470",,"1984","Peichoto, M.C.","2015","Bronze","Prata",,"Brasília","Fazenda Água Limpa."
"ÁREA DE RELEVANTE INTERESSE ECOLÓGICO CAPETINGA/TAQUARA","Angiosperms","Malvaceae","Luehea","paniculata","Mart.","MALVACEAE Luehea paniculata Mart.","UB0056574",,"UB","Haridasan, M.","MH413","Native","1983","Gerace, S.","2024","Bronze","Prata",,"Brasília","Fazenda Água Limpa."
"ÁREA DE RELEVANTE INTERESSE ECOLÓGICO CAPETINGA/TAQUARA","Angiosperms","Talinaceae","Talinum","fruticosum","(L.) Juss.","TALINACEAE Talinum fruticosum (L.) Juss.","UB0104313","splink","UB","L, P.","25","Native","1983","Alburquerque, J.M.C.","2024","Bronze","Prata",,"Brasília","Fazenda Água Limpa - UnB. Resto de mato da antiga área de horticultura."
"ÁREA DE RELEVANTE INTERESSE ECOLÓGICO CAPETINGA/TAQUARA","Angiosperms","Malvaceae","Sida","lonchitis","A.St.-Hil. & Naudin","MALVACEAE Sida lonchitis A.St.-Hil. & Naudin","UB1254427",,"UB","Pereira, L.","7","Native","1983","Goncalez, V.M.","2017","Bronze","Prata",,"Brasília","Faz. Água Limpa - UnB."
"ÁREA DE RELEVANTE INTERESSE ECOLÓGICO CAPETINGA/TAQUARA","Angiosperms","Fabaceae","Chamaecrista","parvistipula","(Benth.) H.S.Irwin & Barneby","FABACEAE Chamaecrista parvistipula (Benth.) H.S.Irwin & Barneby","UB1017184",,"UB","Batmanian, F.J.","118","Native","1983","Gissi, D.","2013","Bronze","Prata",,"Brasília","Fazenda Água Limpa."
"ÁREA DE RELEVANTE INTERESSE ECOLÓGICO CAPETINGA/TAQUARA","Angiosperms","Lythraceae","Diplusodon","virgatus","Pohl","LYTHRACEAE Diplusodon virgatus Pohl","UB1338404",,"UB","Ouga, M.M.","16","Native","1983","Proenca, C.E.B.","2011","Bronze","Prata",,"Brasília","Fazenda Água Limpa."
"ÁREA DE RELEVANTE INTERESSE ECOLÓGICO CAPETINGA/TAQUARA","Angiosperms","Brassicaceae","Brassica","juncea","(L.) Czern.","BRASSICACEAE Brassica juncea (L.) Czern.","UB1006342","splink","UB","Pereira, L.","27","Native","1983","Colletta, G.D.","2008","Bronze","Prata",,"Brasília","Fazenda Água Limpa."
"ÁREA DE RELEVANTE INTERESSE ECOLÓGICO CAPETINGA/TAQUARA","Angiosperms","Brassicaceae","Lepidium","virginicum","L.","BRASSICACEAE Lepidium virginicum L.","UB1283804","splink","UB","Pereira, L.","33","Native","1983","Colletta, G.D.","2008","Bronze","Prata",,"Brasília","Fazenda Água Limpa."
"ÁREA DE RELEVANTE INTERESSE ECOLÓGICO CAPETINGA/TAQUARA","Angiosperms","Asteraceae","Mikania","pohlii","(Baker) R.M.King & H.Rob.","ASTERACEAE Mikania pohlii (Baker) R.M.King & H.Rob.","UB1017346","splink","UB","Haridasan, M.","MH260","Native","1983","Ritter, M.","2005","Bronze","Prata",,"Brasília","Fazenda Água Limpa - Universidade de Brasília."
"ÁREA DE RELEVANTE INTERESSE ECOLÓGICO CAPETINGA/TAQUARA","Angiosperms","Asteraceae","Elephantopus","mollis","Kunth","ASTERACEAE Elephantopus mollis Kunth","UB0051192",,"UB","Pereira, L.","42","Native","1983","Calago, K.","2003","Bronze","Prata",,"Brasília","Fazenda Água Limpa. Na saída da sede velha."
"ÁREA DE RELEVANTE INTERESSE ECOLÓGICO CAPETINGA/TAQUARA","Angiosperms","Fabaceae","Mimosa","foliolosa","Benth.","FABACEAE Mimosa foliolosa var. foliolosa Benth.","UB1017182","splink","UB","Samii, M.B.B.","156","Native","1982","Fagg, C.W.","2011","Bronze","Prata",,"Brasília","Fazenda Água Limpa."
"ÁREA DE RELEVANTE INTERESSE ECOLÓGICO CAPETINGA/TAQUARA","Angiosperms","Campanulaceae","Siphocampylus",,"Pohl","CAMPANULACEAE Siphocampylus Pohl","UB1094837","splink","UB","Ratter, J.A.","4762","Native","1982","Godoy, S.A.P.","2006","Bronze","Prata",,"Brasília","Fazenda Água Limpa (University of Brasília field station), near Vargem Bonita, c. 18km SSW of Brasília TV tower."
"ÁREA DE RELEVANTE INTERESSE ECOLÓGICO CAPETINGA/TAQUARA","Angiosperms","Euphorbiaceae","Manihot","violacea","Pohl","EUPHORBIACEAE Manihot violacea Pohl","UB1017367",,"UB","Ratter, J.A.","4790","Native","1982","Rodrigues, A.S.","2003","Bronze","Prata",,"Brasília","Fazenda Água Limpa (Universidade of Brasília field station), near Vargem Bonita, ca. 18km SSW of Brasília TV Tower."
"ÁREA DE RELEVANTE INTERESSE ECOLÓGICO CAPETINGA/TAQUARA","Angiosperms","Euphorbiaceae","Manihot","violacea","Pohl","EUPHORBIACEAE Manihot violacea subsp. violacea Pohl","UB1017367","splink","UB","Ratter, J.A.","4790","Native","1982","Rodrigues, A.S.","2003","Bronze","Prata",,"Brasília","Fazenda Água Limpa (Universidade of Brasília field station), near Vargem Bonita, ca. 18km SSW of Brasília TV Tower."
"ÁREA DE RELEVANTE INTERESSE ECOLÓGICO CAPETINGA/TAQUARA","Angiosperms","Melastomataceae","Miconia","stenostachya","DC.","MELASTOMATACEAE Miconia stenostachya DC.","UEC170276","splink","UEC","Ratter, J.A.","4800","Native","1982","Goldenberg, R.R.","1992","Bronze","Prata",,"Brasília","Fazenda Água Limpa - Cabeceira do Córreg, University of Brasília field station, near Vargem Bonita, c. 18 km SSW of Brasília TW Tower."
"ÁREA DE RELEVANTE INTERESSE ECOLÓGICO CAPETINGA/TAQUARA","Angiosperms","Blechnaceae","Parablechnum","regnellianum","(Kunze) G.M.O.Machado & Gasper","BLECHNACEAE Parablechnum regnellianum (Kunze) G.M.O.Machado & Gasper","UEC060129","splink","UEC","Ratter, J.A.","4766","Native","1982","Edwards, P.J.","1983","Bronze","Prata",,"Brasília","Fazenda Água Limpa, University of Brasilia field. Near Vargem Bonita. At the crossing at the upper end of the Córrego Capitinga."
"ÁREA DE RELEVANTE INTERESSE ECOLÓGICO CAPETINGA/TAQUARA","Angiosperms","Gentianaceae","Curtia","tenella","(Mart.) Cham.","GENTIANACEAE Curtia tenella (Mart.) Cham.","UB1080441","splink","UB","Kirkbride, M.C.G.","1565","Native","1981","Crespo, S.",,"Bronze","Prata",,"Brasília","Córrego da Onça. Fazenda Água Limpa. Campo Experimental da UnB."
"ÁREA DE RELEVANTE INTERESSE ECOLÓGICO CAPETINGA/TAQUARA","Angiosperms","Myrtaceae","Myrcia","variabilis","DC.","MYRTACEAE Myrcia variabilis DC.","UB1155800","splink","UB","Kirkbride Junior, J.H.","4458","Native","1981","Bezerra, K.M.G.","2012","Bronze","Prata",,"Brasília","Fazenda Água Limpa, campo experimental da UnB."
"ÁREA DE RELEVANTE INTERESSE ECOLÓGICO CAPETINGA/TAQUARA","Angiosperms","Hypnaceae","Hyocomium",,"Bruch & Schimp.","HYPNACEAE Hyocomium Bruch & Schimp.","UB1193718","splink","UB","Incognito","2212s.n.b","Native","1981","Vital, D.M.","1985","Bronze","Prata",,"Brasília","Fazenda Água Limpa, Fazenda Água Limpa - Campo Experimental - DF."
"ÁREA DE RELEVANTE INTERESSE ECOLÓGICO CAPETINGA/TAQUARA","Angiosperms","Hypnaceae","Isopterygium",,"Mitt.","HYPNACEAE Isopterygium Mitt.","UB1215488","splink","UB","Incognito","2212s.n.c","Native","1981","Vital, D.M.","1985","Bronze","Prata",,"Brasília","Fazenda Água Limpa, Fazenda Água Limpa - Campo Experimental - DF."
"ÁREA DE RELEVANTE INTERESSE ECOLÓGICO CAPETINGA/TAQUARA","Angiosperms","Hypnaceae","Mittenothamnium",,"Henn.","HYPNACEAE Mittenothamnium Henn.","UB1338482","splink","UB","Incognito","2212s.n.d","Native","1981","Vital, D.M.","1985","Bronze","Prata",,"Brasília","Fazenda Água Limpa - Campo Experimental - DF."
"ÁREA DE RELEVANTE INTERESSE ECOLÓGICO CAPETINGA/TAQUARA","Angiosperms","Sematophyllaceae","Sematophyllum",,"Mitt.","SEMATOPHYLLACEAE Sematophyllum Mitt.","UB1017212","splink","UB","Incognito","2212s.n.","Native","1981","Vital, D.M.","1985","Bronze","Prata",,"Brasília","Fazenda Água Limpa - Campo Experimental - DF."
"ÁREA DE RELEVANTE INTERESSE ECOLÓGICO CAPETINGA/TAQUARA","Angiosperms","Cyperaceae","Rhynchospora","hirsuta","(Vahl) Vahl","CYPERACEAE Rhynchospora hirsuta (Vahl) Vahl","UB0006398",,"UB","Kirkbride, M.C.G.","1396","Native","1980","Araujo, A.C.",,"Bronze","Prata",,"Brasília","Córrego da Onça, área sempre alagada. Fazenda Água Limpa."
"ÁREA DE RELEVANTE INTERESSE ECOLÓGICO CAPETINGA/TAQUARA",,"Erythroxylaceae","Erythroxylum","coriaceum","Britton & P.Wilson","ERYTHROXYLACEAE Erythroxylum coriaceum Britton & P.Wilson","UB1150953","splink","UB","Cesar, H.L.","490",,"1980","Cesar, H.L.",,"Bronze","Prata",,"Brasília","Fazenda Água Limpa."
"ÁREA DE RELEVANTE INTERESSE ECOLÓGICO CAPETINGA/TAQUARA","Angiosperms","Asteraceae","Aldama","grandiflora","(Gardner) E.E.Schill. & Panero","ASTERACEAE Aldama grandiflora (Gardner) E.E.Schill. & Panero","UB0055920",,"UB","Barros, M.A.G.","92","Native","1980","Morales, D.","2024","Bronze","Prata",,"Brasília","Fazenda Água Limpa - Universidade de Brasília, Córrego da Onça."
"ÁREA DE RELEVANTE INTERESSE ECOLÓGICO CAPETINGA/TAQUARA","Angiosperms","Thelypteridaceae","Amauropelta","retusa","(Sw.) Pic.Serm.","THELYPTERIDACEAE Amauropelta retusa (Sw.) Pic.Serm.","UB0036203",,"UB","Dias Junior, C.","9","Native","1980","Souza, M.G.M.","2022","Bronze","Prata",,"Brasília","FAL (Fazenda Água Limpa)."
"ÁREA DE RELEVANTE INTERESSE ECOLÓGICO CAPETINGA/TAQUARA","Angiosperms","Thelypteridaceae","Amauropelta","rivularioides","(Fée) Salino & T.E.Almeida","THELYPTERIDACEAE Amauropelta rivularioides (Fée) Salino & T.E.Almeida","UB0036204",,"UB","Dias Junior, C.","5","Native","1980","Souza, M.G.M.","2022","Bronze","Prata",,"Brasília","FAL (Fazenda Água Limpa)."
"ÁREA DE RELEVANTE INTERESSE ECOLÓGICO CAPETINGA/TAQUARA","Angiosperms","Fabaceae","Zornia","hebecarpa","Mohlenbr.","FABACEAE Zornia hebecarpa Mohlenbr.","EAC0009310","splink","EAC","Cesar, H.L.","s.n.","Native","1980","Loiola, M.I.B.","2017","Bronze","Prata",,"Brasília","Fazenda Água Limpa"
"ÁREA DE RELEVANTE INTERESSE ECOLÓGICO CAPETINGA/TAQUARA","Angiosperms","Pteridaceae","Adiantopsis","chlorophylla","(Sw.) Fée","PTERIDACEAE Adiantopsis chlorophylla (Sw.) Fée","UB0035520","splink","UB","Gutierres, P.","31","Native","1980","Prado, J.","2002","Bronze","Prata",,"Brasília","Fazenda Água Limpa."
"ÁREA DE RELEVANTE INTERESSE ECOLÓGICO CAPETINGA/TAQUARA","Angiosperms","Fabaceae","Zornia","sericea","Moric.","FABACEAE Zornia sericea Moric.","UB1025750",,"UB","Cesar, H.L.","70","Native","1980","Ramos, A.E.","2001","Bronze","Prata",,"Brasília","Fazenda Água Limpa; área de experimentação sobre os efeitos do fogo na vegetação herbácea-arbustiva."
"ÁREA DE RELEVANTE INTERESSE ECOLÓGICO CAPETINGA/TAQUARA","Angiosperms","Asteraceae","Lessingianthus","brevipetiolatus","(Sch.Bip. ex Baker) H.Rob.","ASTERACEAE Lessingianthus brevipetiolatus (Sch.Bip. ex Baker) H.Rob.","UEC131576","splink","UEC","Cesar","9283","Native","1980","Calago, K.","1997","Bronze","Prata",,"Brasília","Fazenda Àgua Limpa."
"ÁREA DE RELEVANTE INTERESSE ECOLÓGICO CAPETINGA/TAQUARA","Angiosperms","Campanulaceae","Siphocampylus","corymbifer","Pohl","CAMPANULACEAE Siphocampylus corymbifer Pohl","UB1017017",,"UB","Oliveira, P.C.R.M.","s.n.","Native","1980","Fonseca, A.S.","1996","Bronze","Prata",,"Brasília","Fazenda Água Limpa."
"ÁREA DE RELEVANTE INTERESSE ECOLÓGICO CAPETINGA/TAQUARA",,"Asteraceae","Hoehnephytum","trixoides","(Gardner) Cabrera","ASTERACEAE Hoehnephytum trixoides (Gardner) Cabrera","UB0152362",,"UB","Bernd, R.B.","6",,"1980","Silva, F.","1992","Bronze","Prata",,"Brasília","Fazenda Água Limpa, 17km S of centro de Brasília."
"ÁREA DE RELEVANTE INTERESSE ECOLÓGICO CAPETINGA/TAQUARA","Angiosperms","Polygalaceae","Polygala",,"L.","POLYGALACEAE Polygala L.","EAC0009254","splink","EAC","Cesar, H.L.","s.n.","Native","1980","Freire Filho, A.R.","1990","Bronze","Prata",,"Brasília","Fazenda Água Limpa."
"ÁREA DE RELEVANTE INTERESSE ECOLÓGICO CAPETINGA/TAQUARA","Angiosperms","Asteraceae","Chrysolaena","verbascifolia","(Less.) H.Rob.","ASTERACEAE Chrysolaena verbascifolia (Less.) H.Rob.","EAC0009247","splink","EAC","Cesar, H.L.","25","Native","1980","Cesar, H.L.","1980","Bronze","Prata",,"Brasília","Fazenda Água Limpa"
"ÁREA DE RELEVANTE INTERESSE ECOLÓGICO CAPETINGA/TAQUARA","Angiosperms","Fabaceae","Enterolobium",,"Mart.","FABACEAE Enterolobium Mart.","HUPG00005989","splink","HUPG","Schwarz, E.A.",,"Native","1980","Ratter, J.A.","1980","Bronze","Prata",,"Brasília","Fazenda Àgua Limpa (FAL) Campo Experimental da Universidade de Brasilia. Corrego da Onça"
"ÁREA DE RELEVANTE INTERESSE ECOLÓGICO CAPETINGA/TAQUARA","Angiosperms","Malpighiaceae","Peixotoa","parviflora","A.Juss.","MALPIGHIACEAE Peixotoa parviflora A.Juss.","EAC0009311","splink","EAC","Cesar, H.L.","s.n.","Native","1980","Cesar, H.L.","1980","Bronze","Prata",,"Brasília","Fazenda Água Limpa."
"ÁREA DE RELEVANTE INTERESSE ECOLÓGICO CAPETINGA/TAQUARA","Angiosperms","Calymperaceae","Syrrhopodon","ligulatus","Mont.","CALYMPERACEAE Syrrhopodon ligulatus Mont.","HPAN0000002442","splink","HPAN","Oliveira, C.R.B.","s.n.","Native","1979","Yano, O.",,"Bronze","Prata",,"Brasília","Fazenda Água Limpa, UnB"
"ÁREA DE RELEVANTE INTERESSE ECOLÓGICO CAPETINGA/TAQUARA","Angiosperms","Lejeuneaceae","Acrolejeunea",,"(Spruce) Schiffn.","LEJEUNEACEAE Acrolejeunea (Spruce) Schiffn.","UB1358690",,"UB","Ac Filho","22234c","Native","1979","Vital, D.M.",,"Bronze","Prata",,"Brasília","Fazenda Água Limpa - DF."
"ÁREA DE RELEVANTE INTERESSE ECOLÓGICO CAPETINGA/TAQUARA","Angiosperms","Plagiochilaceae","Plagiochila",,"(Dumort.) Dumort.","PLAGIOCHILACEAE Plagiochila (Dumort.) Dumort.","UB1338542","splink","UB","Ac Filho","22234b","Native","1979","Vital, D.M.",,"Bronze","Prata",,"Brasília","Fazenda Água Limpa - DF."
"ÁREA DE RELEVANTE INTERESSE ECOLÓGICO CAPETINGA/TAQUARA","Angiosperms","Pottiaceae","Weissia","controversa","Hedw.","POTTIACEAE Weissia controversa Hedw.","UB1338452","splink","UB","Cardoso, M.A.","01324s.n.","Native","1979","Yano, O.",,"Bronze","Prata",,"Brasília","Fazenda Água Limpa, 18km SSW do centro de Brasília. Córrego capetinga."
"ÁREA DE RELEVANTE INTERESSE ECOLÓGICO CAPETINGA/TAQUARA","Angiosperms","Racopilaceae","Racopilum","tomentosum","(Hedw.) Brid.","RACOPILACEAE Racopilum tomentosum (Hedw.) Brid.","UB1338544","splink","UB","Incognito","1476s.n.","Native","1979","Yano, O.",,"Bronze","Prata",,"Brasília","Fazenda Água Limpa - DF."
"ÁREA DE RELEVANTE INTERESSE ECOLÓGICO CAPETINGA/TAQUARA","Angiosperms","Stereophyllaceae","Stereophyllum",,"Mitt.","STEREOPHYLLACEAE Stereophyllum Mitt.","UB1358691",,"UB","Ac Filho","22234a","Native","1979","Vital, D.M.",,"Bronze","Prata",,"Brasília","Fazenda Água Limpa - DF."
"ÁREA DE RELEVANTE INTERESSE ECOLÓGICO CAPETINGA/TAQUARA","Angiosperms","Verbenaceae","Lantana","glaziovii","Moldenke","VERBENACEAE Lantana glaziovii Moldenke","UB1162474",,"UB","Cesar, H.L.","556","Native","1979","Cardoso, P.H.","2023","Bronze","Prata",,"Brasília","Fazenda Água Limpa - DF."
"ÁREA DE RELEVANTE INTERESSE ECOLÓGICO CAPETINGA/TAQUARA","Angiosperms","Alstroemeriaceae","Alstroemeria","cunha","Vell.","ALSTROEMERIACEAE Alstroemeria cunha Vell.","EAC0009146","splink","EAC","Cesar, H.L.","668","Native","1979","Loiola, M.I.B.","2020","Bronze","Prata",,"Brasília","Fazenda Água Limpa, latossolo vermelho-amarelo, não encharcado, declive suave, área de experimentação sobre os efeitos do fogo na vegetação herbácea-subarbustive"
"ÁREA DE RELEVANTE INTERESSE ECOLÓGICO CAPETINGA/TAQUARA","Angiosperms","Pteridaceae","Adiantum","cajennense","Willd. ex Klotzsch","PTERIDACEAE Adiantum cajennense Willd. ex Klotzsch","UB0035494",,"UB","Machado, N.M.","29","Native","1979","Verissimo, L.","2004","Bronze","Prata",,"Brasília","Fazenda Água Limpa, ca. 18 km SSW de Brasília. Córrego Capetinga."
"ÁREA DE RELEVANTE INTERESSE ECOLÓGICO CAPETINGA/TAQUARA","Angiosperms","Thelypteridaceae","Macrothelypteris","torresiana","(Gaudich.) Ching","THELYPTERIDACEAE Macrothelypteris torresiana (Gaudich.) Ching","UB0036068",,"UB","Silva Junior, M.C.","s.n.","Native","1979","Labiak, P.H.","2004","Bronze","Prata",,"Brasília","Fazenda Água Limpa. Córrego Capetinga."
"ÁREA DE RELEVANTE INTERESSE ECOLÓGICO CAPETINGA/TAQUARA","Angiosperms","Aspleniaceae","Asplenium","auritum","Sw.","ASPLENIACEAE Asplenium auritum Sw.","UB0032630",,"UB","Cardoso, M.A.","s.n.","Native","1979","Sylvestre, L.","2000","Bronze","Prata",,"Brasília","Fazenda Água Limpa, Fazenda Água Limpa, 18 km SSW do centro de Brasília; córrego Capetinga."
"ÁREA DE RELEVANTE INTERESSE ECOLÓGICO CAPETINGA/TAQUARA","Angiosperms","Myrtaceae","Eugenia","augustana","Kiaersk.","MYRTACEAE Eugenia augustana Kiaersk.","EAC0009177","splink","EAC","Cesar, H.L.","697","Native","1979","Cesar, H.L.","1980","Bronze","Prata",,"Brasília","Fazenda Água Limpa., Campo sujo, latossolo vermelho-amarelo, não encharcado, declive suave, área de experimentação sobre os efeitos do fogo na vegetação herbácea-subarbustiva."
"ÁREA DE RELEVANTE INTERESSE ECOLÓGICO CAPETINGA/TAQUARA","Bryophytes","Ochnaceae","Ouratea","acuminata","(A.DC.) Engl.","OCHNACEAE Ouratea acuminata (A.DC.) Engl.","EAC0009190","splink","EAC","Cesar, H.L.","s.n.","Native","1979","Cesar, H.L.","1980","Bronze","Prata",,"Brasília","Fazenda Água Limpa."
"ÁREA DE RELEVANTE INTERESSE ECOLÓGICO CAPETINGA/TAQUARA","Angiosperms","Velloziaceae","Vellozia","albiflora","Pohl","VELLOZIACEAE Vellozia albiflora Pohl","UB0028568",,"UB","Ratter, J.A.","4234","Native","1978","Menezes, N.L.",,"Bronze","Prata",,"Brasília","Fazenda Água Limpa (University of Brasília field station), near Vargem Bonita, c. 18 km SSW of Brasília TV tower"
"ÁREA DE RELEVANTE INTERESSE ECOLÓGICO CAPETINGA/TAQUARA","Angiosperms","Cyperaceae","Rhynchospora","terminalis","Nees ex Steud.","CYPERACEAE Rhynchospora terminalis Nees ex Steud.","UB0120909",,"UB","Ratter, J.A.","4242","Native","1978","Alves, K.","2022","Bronze","Prata",,"Brasília","Fazenda Água Limpa (University of Brasília field station), near Vargem Bonita, ca. 18km SSW of Brasília TV tower."
"ÁREA DE RELEVANTE INTERESSE ECOLÓGICO CAPETINGA/TAQUARA","Angiosperms","Iridaceae","Sisyrinchium","luzula","Klotzsch ex Klatt","IRIDACEAE Sisyrinchium luzula Klotzsch ex Klatt","UB0014626",,"UB","Ratter, J.A.","4269","Native","1978","Chukr, N.S.","2022","Bronze","Prata",,"Brasília","Fazenda Água Limpa (University of Brasília field station), near Vargem Bonita, c. 18 km SSW of Brasília TV tower"
"ÁREA DE RELEVANTE INTERESSE ECOLÓGICO CAPETINGA/TAQUARA","Angiosperms","Cordiaceae","Cordia","collococca","L.","CORDIACEAE Cordia collococca L.","UB1016992","splink","UB","Ratter, J.A.","4347","Native","1978","Villar, T.S.","2007","Bronze","Prata",,"Brasília","Fazenda Água Limpa."
"ÁREA DE RELEVANTE INTERESSE ECOLÓGICO CAPETINGA/TAQUARA","Angiosperms","Asteraceae","Mikania","microcephala","DC.","ASTERACEAE Mikania microcephala DC.","K000925905","splink","K","Ratter, J.A.","3138","Native","1976","Holmes, W.C.",,"Bronze","Prata",,"Brasília","Fazenda Água Limpa (University of Brasília field station), near Vargem Bonita, 18km SSW of Brasília TV tower."
"ÁREA DE RELEVANTE INTERESSE ECOLÓGICO CAPETINGA/TAQUARA","Angiosperms","Asteraceae","Raulinoreitzia","leptophlebia","(B.L.Rob.) R.M.King & H.Rob.","ASTERACEAE Raulinoreitzia leptophlebia (B.L.Rob.) R.M.King & H.Rob.","UB1210010","splink","UB","Ratter, J.A.","3043","Native","1976","Proenca, C.E.B.",,"Bronze","Prata",,"Brasília","Fazenda Água Limpa, Fazenda Água Limpa - Universidade de Brasília."
"ÁREA DE RELEVANTE INTERESSE ECOLÓGICO CAPETINGA/TAQUARA","Angiosperms","Cyperaceae","Cyperus","brasiliensis","(Kunth) Bauters","CYPERACEAE Cyperus brasiliensis (Kunth) Bauters","UEC070927","splink","UEC","Ratter, J.A.","3095","Native","1976","Koyama, T.",,"Bronze","Prata",,"Brasília","Fazenda Água Limpa (University of Brasil, Near Vargem Bonita, c. 18km. SSW of Brasilia TV tower."
"ÁREA DE RELEVANTE INTERESSE ECOLÓGICO CAPETINGA/TAQUARA","Angiosperms","Gentianaceae","Deianira","nervosa","Cham. & Schltdl.","GENTIANACEAE Deianira nervosa Cham. & Schltdl.","UB1358841",,"UB","Ratter, J.A.","3066","Native","1976","Ratter, J.A.",,"Bronze","Prata",,"Brasília","Fazenda Água Limpa (University of Brasília field station), near Vargem Bonita, ca. 18km SSW of Brasília TV Tower."
"ÁREA DE RELEVANTE INTERESSE ECOLÓGICO CAPETINGA/TAQUARA","Angiosperms","Gentianaceae","Deianira","pallescens","Cham. & Schltdl.","GENTIANACEAE Deianira pallescens Cham. & Schltdl.","UB1017439","splink","UB","Ratter, J.A.","3366","Native","1976","Ratter, J.A.",,"Bronze","Prata",,"Brasília","Fazenda Água Limpa (University of Brasília field station), near Vargem Bonita, ca. 18km SSW of Brasília TV Tower."
"ÁREA DE RELEVANTE INTERESSE ECOLÓGICO CAPETINGA/TAQUARA","Angiosperms","Malpighiaceae","Niedenzuella",,"W.R.Anderson","MALPIGHIACEAE Niedenzuella W.R.Anderson","UB1017071","splink","UB","Ratter, J.A.","3902","Native","1976","Ratter, J.A.",,"Bronze","Prata",,"Brasília","Fazenda Água Limpa."
"ÁREA DE RELEVANTE INTERESSE ECOLÓGICO CAPETINGA/TAQUARA","Angiosperms","Polypodiaceae","Campyloneurum","phyllitidis","(L.) C.Presl","POLYPODIACEAE Campyloneurum phyllitidis (L.) C.Presl","K000954869","splink","K","Ratter, J.A.","R.3687","Native","1976","Parris, B.S.",,"Bronze","Prata",,"Brasília","Fazenda Agua Limpa (University of Brasilia field station), near Vargem Bonita, c.18km SSw of Brasília TV Tower. The Corrego Taquara."
"ÁREA DE RELEVANTE INTERESSE ECOLÓGICO CAPETINGA/TAQUARA","Angiosperms","Bignoniaceae","Handroanthus","umbellatus","(Sond.) Mattos","BIGNONIACEAE Handroanthus umbellatus (Sond.) Mattos","UB0120890",,"UB","Ratter, J.A.","3730","Native","1976","Moreira, V.P.","2025","Bronze","Prata",,"Brasília","Fazenda Água limpa (Uni8versity of Brasília field station), near Vargem Bonita, c. 18 km SSW of Brasília TV tower."
"ÁREA DE RELEVANTE INTERESSE ECOLÓGICO CAPETINGA/TAQUARA","Angiosperms","Malvaceae","Melochia","pilosa","(Mill.) Fawc. & Rendle","MALVACEAE Melochia pilosa (Mill.) Fawc. & Rendle","UB0055437",,"UB","Ratter, J.A.","2894","Native","1976","Costa, F.C.P.","2024","Bronze","Prata",,"Brasília","Fazenda Água Limpa (University of Brasília field station), near Vargem Bonita, ca. 18km SSW of Brasília TV tower."
"ÁREA DE RELEVANTE INTERESSE ECOLÓGICO CAPETINGA/TAQUARA","Angiosperms","Thelypteridaceae","Amauropelta","concinna","(Willd.) Pic. Serm.","THELYPTERIDACEAE Amauropelta concinna (Willd.) Pic. Serm.","UB0036093",,"UB","Ratter, J.A.","3731A","Native","1976","Souza, M.G.M.","2022","Bronze","Prata",,"Brasília","Fazenda Água Limpa (University of Brasília field station), near Vargem Bonita, c. 18 km SSW of Brasília TV tower."
"ÁREA DE RELEVANTE INTERESSE ECOLÓGICO CAPETINGA/TAQUARA","Angiosperms","Thelypteridaceae","Amauropelta","patula","(Fée) Salino & T.E.Almeida","THELYPTERIDACEAE Amauropelta patula (Fée) Salino & T.E.Almeida","UB0036108",,"UB","Ratter, J.A.","3731B","Native","1976","Souza, M.G.M.","2022","Bronze","Prata",,"Brasília","Fazenda Água Limpa (University of Brasília field station), near Vargem Bonita, c. 18 km SSW of Brasília TV tower."
"ÁREA DE RELEVANTE INTERESSE ECOLÓGICO CAPETINGA/TAQUARA","Angiosperms","Lycopodiaceae","Lycopodiella","longipes","(Hook. & Grev.) Holub","LYCOPODIACEAE Lycopodiella longipes (Hook. & Grev.) Holub","UB0031248",,"UB","Ratter, J.A.","2794","Native","1976","Souza, M.G.M.","2019","Bronze","Prata",,"Brasília","Fazenda Água Limpa, Fazenda Água Limpa (University of Brasília field station), near Vargem Bonita, c. 18 km SSW of Brasília TV tower. Close to the Olho de Água da Onça."
"ÁREA DE RELEVANTE INTERESSE ECOLÓGICO CAPETINGA/TAQUARA","Angiosperms","Bromeliaceae","Aechmea","bromeliifolia","(Rudge) Baker","BROMELIACEAE Aechmea bromeliifolia (Rudge) Baker","UB0117805","splink","UB","Ratter, J.A.","3819","Native","1976","Araujo, C.C.","2016","Bronze","Prata",,"Brasília","Fazenda Água Limpa (University Of Brasília field station), near Vargem Bonita, c. 18 km SSW of Brasília TV tower"
"ÁREA DE RELEVANTE INTERESSE ECOLÓGICO CAPETINGA/TAQUARA","Angiosperms","Euphorbiaceae","Euphorbia","cyathophora","Murray","EUPHORBIACEAE Euphorbia cyathophora Murray","MBM229611","splink","MBM","Ratter, J.L.","3654","Native","1976","Soares-Feitosa, G.L.","2016","Bronze","Prata",,"Brasília","Fazenda Água Limpa, University of Brasília field station, near Vargem Bonita, ca. 18km SSW of Brasília TV Tower."
"ÁREA DE RELEVANTE INTERESSE ECOLÓGICO CAPETINGA/TAQUARA","Angiosperms","Dioscoreaceae","Dioscorea","leptostachya","Gardner","DIOSCOREACEAE Dioscorea leptostachya Gardner","UB0006983",,"UB","Ratter, J.A.","3063","Native","1976","Araujo, D.","2015","Bronze","Prata",,"Brasília","Fazenda Água Limpa (University of Brasília field station), near Vargem Bonita, c. 18km SSW of Brasília TV Tower."
"ÁREA DE RELEVANTE INTERESSE ECOLÓGICO CAPETINGA/TAQUARA","Angiosperms","Verbenaceae","Lippia","stachyoides","Cham.","VERBENACEAE Lippia stachyoides Cham.","UB1081561",,"UB","Ratter, J.A.","2812","Native","1976","Salimena, F.","2015","Bronze","Prata",,"Brasília","Fazenda Água Limpa, Fazenda Água Limpa, perto Vargem Bonita."
"ÁREA DE RELEVANTE INTERESSE ECOLÓGICO CAPETINGA/TAQUARA",,"Apiaceae","Eryngium","malmeanum","H.Wolff","APIACEAE Eryngium malmeanum H.Wolff","UB1150704","splink","UB","Ratter, J.A.","3082",,"1976","Cota, M.R.C.","2010","Bronze","Prata",,"Brasília","Fazenda Água Limpa, Fazenda Água Limpa (University of Brasília field station), near Vargem Bonita, ca. 18.0 km SSW of Brasília TV tower."
"ÁREA DE RELEVANTE INTERESSE ECOLÓGICO CAPETINGA/TAQUARA","Angiosperms","Heliotropiaceae","Heliotropium","elongatum","(Lehm.) I.M.Johnst.","HELIOTROPIACEAE Heliotropium elongatum (Lehm.) I.M.Johnst.","UB1362827",,"UB","Ratter, J.A.","3653","Native","1976","Melo, J.I.M.","2010","Bronze","Prata",,"Brasília","Fazenda Água Limpa (University of Brasília field station), near Vargem Bonita, ca. 18km SSW of Brasília TV Tower."
"ÁREA DE RELEVANTE INTERESSE ECOLÓGICO CAPETINGA/TAQUARA",,"Cyperaceae","Scleria","latifolia","Sw.","CYPERACEAE Scleria latifolia Sw.","INPA0206303","splink","INPA","Ratter, J.A.","3812",,"1976","Alves, M.V.S.","2009","Bronze","Prata",,"Brasília","Fazenda Água Limpa"
"ÁREA DE RELEVANTE INTERESSE ECOLÓGICO CAPETINGA/TAQUARA","Angiosperms","Orchidaceae","Pachygenium","pteryganthum","(Rchb.f. & Warm.) Szlach. et al.","ORCHIDACEAE Pachygenium pteryganthum (Rchb.f. & Warm.) Szlach. et al.","UB0019809",,"UB","Ratter, J.A.","2816","Native","1976","Meneguzzo, T.E.C.","2009","Bronze","Prata",,"Brasília","Fazenda Água Limpa, Fazenda Água Limpa."
"ÁREA DE RELEVANTE INTERESSE ECOLÓGICO CAPETINGA/TAQUARA","Angiosperms","Equisetaceae","Equisetum","giganteum","L.","EQUISETACEAE Equisetum giganteum L.","UB0033829",,"UB","Ratter, J.A.","3065","Native","1976","Salino, A.","2008","Bronze","Prata",,"Brasília","Fazenda Água Limpa, Fazenda Água Limpa (University of Brasília field station), near Vargem Bonita, ca. 18km SSW of Brasília TV tower."
"ÁREA DE RELEVANTE INTERESSE ECOLÓGICO CAPETINGA/TAQUARA","Angiosperms","Burmanniaceae","Burmannia","tenera","(Malme) Jonker","BURMANNIACEAE Burmannia tenera (Malme) Jonker","UB0004738",,"UB","Ratter, J.A.","2969","Native","1976","Maas, H.","2004","Bronze","Prata",,"Brasília","Fazenda Água Limpa (University of Brasília field station), near Vargem Bonita, c. 18 km SSW of Brasília TV tower"
"ÁREA DE RELEVANTE INTERESSE ECOLÓGICO CAPETINGA/TAQUARA","Angiosperms","Poaceae","Panicum","rudgei","Roem. & Schult.","POACEAE Panicum rudgei Roem. & Schult.","UB0026431",,"UB","Ratter, J.A.","3195","Native","1976","Guglieri, A.","2004","Bronze","Prata",,"Brasília","Fazenda Água Limpa (University of Brasília field station), near Vargem Bonita, c. 18km SSW of Brasília TV tower."
"ÁREA DE RELEVANTE INTERESSE ECOLÓGICO CAPETINGA/TAQUARA","Angiosperms","Polypodiaceae","Campyloneurum","centrobrasilianum","Lellinger","POLYPODIACEAE Campyloneurum centrobrasilianum Lellinger","UB0034843",,"UB","Ratter, J.A.","3891","Native","1976","Labiak, P.H.","2004","Bronze","Prata",,"Brasília","Fazenda Água Limpa (University of Brasilia field station), near Vargem Bonita, c. 18 km SSW of Brasilia TV tower."
"ÁREA DE RELEVANTE INTERESSE ECOLÓGICO CAPETINGA/TAQUARA","Angiosperms","Scrophulariaceae","Buddleja","stachyoides","Cham. & Schltdl.","SCROPHULARIACEAE Buddleja stachyoides Cham. & Schltdl.","UEC020498","splink","UEC","Ratter, J.A.","3799","Native","1976","Martins, S.E.","2004","Bronze","Prata",,"Brasília","Vargem Bonita, Fazenda água Limpa, near Vargem bonita, c. 18km SSW of Brasilia TV tower."
"ÁREA DE RELEVANTE INTERESSE ECOLÓGICO CAPETINGA/TAQUARA","Angiosperms","Bromeliaceae","Tillandsia","tenuifolia","L.","BROMELIACEAE Tillandsia tenuifolia L.","UB0004668",,"UB","Ratter, J.A.","3144","Native","1976","Miranda, Z.J.G.","2001","Bronze","Prata",,"Brasília","Fazenda Água Limpa (University of Brasília fieeld station), near Vargem Bonita, c. 18 km SSW of Brasília TV tower"
"ÁREA DE RELEVANTE INTERESSE ECOLÓGICO CAPETINGA/TAQUARA","Angiosperms","Polypodiaceae","Campyloneurum","repens","(Aubl.) C.Presl","POLYPODIACEAE Campyloneurum repens (Aubl.) C.Presl","UB1338643","splink","UB","Ratter, J.A.","3687B","Native","1976","Novelino, R.F.","1999","Bronze","Prata",,"Brasília","Fazenda Água Limpa (University of Brasilia field station), near Vargem Bonita, c. 18 km SSW of Brasilia TV tower."
"ÁREA DE RELEVANTE INTERESSE ECOLÓGICO CAPETINGA/TAQUARA","Angiosperms","Rhamnaceae","Frangula","sphaerosperma","(Sw.) Kartesz & Gandhi","RHAMNACEAE Frangula sphaerosperma (Sw.) Kartesz & Gandhi","UB1017422",,"UB","Ratter, J.A.","3624","Native","1976","Ratter, J.A.","1994","Bronze","Prata",,"Brasília","Fazenda Água Limpa (University of Brasília field station), near Vargem Bonita, ca. 18km SSW of Brasília TV tower."
"ÁREA DE RELEVANTE INTERESSE ECOLÓGICO CAPETINGA/TAQUARA","Angiosperms","Fabaceae","Indigofera","lespedezioides","Kunth","FABACEAE Indigofera lespedezioides Kunth","8507","splink","UEC","Ratter, J.A.","s.n.","Native","1976","Moreira, J.L.A.","1993","Bronze","Prata",,"Brasília","Fazenda Água Limpa (University of Brasil"
"ÁREA DE RELEVANTE INTERESSE ECOLÓGICO CAPETINGA/TAQUARA","Angiosperms","Malvaceae","Phragmocarpidium",,"Krapov.","MALVACEAE Phragmocarpidium Krapov.","28479","splink","UEC","Ratter, J.A.","3465","Native","1976","Kraprovickas, A.","1987","Bronze","Prata",,"Brasília","Fazenda Água Limpa(universidade de Brasí, À 18 km da Brasília TV"
"ÁREA DE RELEVANTE INTERESSE ECOLÓGICO CAPETINGA/TAQUARA","Angiosperms","Lindsaeaceae","Lindsaea","lancea","(L.) Bedd.","LINDSAEACEAE Lindsaea lancea (L.) Bedd.","UEC052285","splink","UEC","Ratter, J.A.","R3622","Native","1976","Parris, B.S.","1979","Bronze","Prata",,"Brasília","Fazenda Água Limpa, University of Brasília field station, near Vargem Bonita, c. 18km SSW of Brasília TV Tower."
"ÁREA DE RELEVANTE INTERESSE ECOLÓGICO CAPETINGA/TAQUARA","Angiosperms","Asteraceae","Calea","rotundifolia","(Less.) Baker","ASTERACEAE Calea rotundifolia (Less.) Baker","UB0053547",,"UB","Ratter, J.A.","3040","Native","1976","Jilpey, C.","1978","Bronze","Prata",,"Brasília","Fazenda Água Limpa (University of Brasília field station), near Vagem Bonita, c. 18 km SSW of Brasília TV Tower"
"ÁREA DE RELEVANTE INTERESSE ECOLÓGICO CAPETINGA/TAQUARA","Angiosperms","Myrtaceae","Myrcia","bipennis","(O.Berg) McVaugh","MYRTACEAE Myrcia bipennis (O.Berg) McVaugh","K000330543","splink","K","Heringer, E.P.","14859","Native","1975","Proenca, C.E.",,"Bronze","Prata",,"Brasília","Fazenda Agua Limpa"
"ÁREA DE RELEVANTE INTERESSE ECOLÓGICO CAPETINGA/TAQUARA","Angiosperms","Pteridaceae","Adiantopsis","perfasciculata","Sehnem","PTERIDACEAE Adiantopsis perfasciculata Sehnem","UB0035522","splink","UB","Lima, N.","253","Native","1968","Prado, J.","2002","Bronze","Prata",,"Brasília","Universidade de Brasília, Fazenda Água Limpa."
"ÁREA DE RELEVANTE INTERESSE ECOLÓGICO CAPETINGA/TAQUARA","Angiosperms","Orobanchaceae","Buchnera","rosea","Kunth","OROBANCHACEAE Buchnera rosea Kunth","UB1007140",,"UB","Philcox, D.","4903","Native","1968","Philcox, D.","1969","Bronze","Prata",,"Brasília","Fazenda Água Limpa."
"ÁREA DE RELEVANTE INTERESSE ECOLÓGICO CAPETINGA/TAQUARA","Angiosperms","Commelinaceae","Commelina","diffusa","Burm.f.","COMMELINACEAE Commelina diffusa Burm.f.","UB1338296",,"UB","Santiago, A.F.","15","Native","1967","Barreto, R.","1996","Bronze","Prata",,"Brasília","Fazenda Água Limpa."
"ÁREA DE RELEVANTE INTERESSE ECOLÓGICO CAPETINGA/TAQUARA","Angiosperms","Apocynaceae","Barjonia",,"Decne.","APOCYNACEAE Barjonia Decne.","UB00120789",,"UB","Oliveira, R.C.","3472","Native","2018",,,"Latão","Prata","jbrj-public.s3-sa-east-1.amazonaws.com/fsi/server?type=image&source=DZI/ub/ub/0/12/7/89/ub00120789.dzi","Brasília","Fazenda Água Limpa, campo úmido próximo ao Ribeirão do Gama."
"ÁREA DE RELEVANTE INTERESSE ECOLÓGICO CAPETINGA/TAQUARA","Angiosperms","Bignoniaceae",,,"Juss.","BIGNONIACEAE Bignoniaceae Juss.","IBGE00084295",,"IBGE","Oliveira, R.C.","3296","Native","2017",,,"Latão","Prata","jbrj-public.s3-sa-east-1.amazonaws.com/fsi/server?type=image&source=DZI/ibge/ibge/0/8/42/95/ibge00084295.dzi","Brasília","Fazenda Água Limpa, Olho D´Água do Onça. Em campo úmido."
"ÁREA DE RELEVANTE INTERESSE ECOLÓGICO CAPETINGA/TAQUARA","Angiosperms","Bromeliaceae","Pitcairnia",,"L'Hér.","BROMELIACEAE Pitcairnia L'Hér.","UFRN00028548",,"UFRN","Walter, B.M.T.","6570","Native","2013",,,"Latão","Prata","jbrj-public.s3-sa-east-1.amazonaws.com/fsi/server?type=image&source=DZI/ufrn/ufrn/0/2/85/48/ufrn00028548-1.dzi|jbrj-public.s3-sa-east-1.amazonaws.com/fsi/server?type=image&source=DZI/ufrn/ufrn/0/2/85/48/ufrn00028548.dzi","Brasília","Fazenda Água Limpa – UnB. Mata de galeria do córrego Capetinga. Relevo plano. Substrato latossolo vermelho-amarelo."
"ÁREA DE RELEVANTE INTERESSE ECOLÓGICO CAPETINGA/TAQUARA","Angiosperms","Acanthaceae","Justicia","rusbyi","(Lindau) V.A.W.Graham","ACANTHACEAE Justicia rusbyi (Lindau) V.A.W.Graham","UB00120780",,"UB","Munhoz, C.B.R.","PP-FAL83","Native","2011",,,"Latão","Prata","jbrj-public.s3-sa-east-1.amazonaws.com/fsi/server?type=image&source=DZI/ub/ub/0/12/7/80/ub00120780.dzi","Brasília","Fazenda Água Limpa."
"ÁREA DE RELEVANTE INTERESSE ECOLÓGICO CAPETINGA/TAQUARA","Angiosperms","Asteraceae","Praxelis",,"Cass.","ASTERACEAE Praxelis Cass.","IBGE00065959",,"IBGE","Amaral, A.G.","672","Native","2007",,,"Latão","Prata","jbrj-public-img.s3-sa-east-1.amazonaws.com/JPG/ibge/ibge/0/6/59/59/ibge00065959.jpg","Brasília","Fazenda Água Limpa, UnB, borda de mata de galeria. Folha Cartográfica SD-23-Y-C Coordenada Coletada."
"ÁREA DE RELEVANTE INTERESSE ECOLÓGICO CAPETINGA/TAQUARA","Angiosperms","Apocynaceae","Ditassa",,"R.Br.","APOCYNACEAE Ditassa R.Br.","UB00100079",,"UB","Amaral, A.G.","2211","Native","2006",,,"Latão","Prata","jbrj-public.s3-sa-east-1.amazonaws.com/fsi/server?type=image&source=DZI/ub/ub/0/10/0/79/ub00100079.dzi","Brasília","Fazenda Água Limpa (FAL)."
"ÁREA DE RELEVANTE INTERESSE ECOLÓGICO CAPETINGA/TAQUARA","Angiosperms","Asteraceae","Baccharis","erigeroides","DC.","ASTERACEAE Baccharis erigeroides DC.","K001100476",,"K","Munhoz, C.","2013","Native","2000",,,"Latão","Prata","jbrj-public.s3.amazonaws.com/fsi/server?type=image&source=DZI/kew/k/0/11/0/47/6/k001100476.dzi","Brasília","Fazenda Água Limpa, divisa com o Cristo Redentor (Jarim Botânico de Brasília) e o IBGE, na mata de galeria do córrego Taquara."
"ÁREA DE RELEVANTE INTERESSE ECOLÓGICO CAPETINGA/TAQUARA","Angiosperms","Rubiaceae","Faramea",,"Aubl.","RUBIACEAE Faramea Aubl.","IBGE00044737",,"IBGE","Sevilha, A.C.","1755","Native","1998",,,"Latão","Prata","jbrj-public.s3-sa-east-1.amazonaws.com/fsi/server?type=image&source=DZI/ibge/ibge/0/4/47/37/ibge00044737.dzi","Brasília","Fazenda Água Limpa. Córrego Capetinga. Folha Cartográfica SD-23-Y-C Coordenada Calculada."
"ÁREA DE RELEVANTE INTERESSE ECOLÓGICO CAPETINGA/TAQUARA","Angiosperms","Cunoniaceae","Lamanonia",,"Vell.","CUNONIACEAE Lamanonia Vell.","IBGE00044742",,"IBGE","Sevilha, A.C.","1713","Native","1997",,,"Latão","Prata","jbrj-public.s3-sa-east-1.amazonaws.com/fsi/server?type=image&source=DZI/ibge/ibge/0/4/47/42/ibge00044742.dzi","Brasília","Fazenda Água Limpa. Córrego Capetinga. Borda da mata, sobre terraço, na margem direita do córrego, trilha para linha 1. Folha: SD-23-Y-C. Coordenada calculada."
"ÁREA DE RELEVANTE INTERESSE ECOLÓGICO CAPETINGA/TAQUARA","Angiosperms","Alstroemeriaceae","Bomarea","edulis","(Tussac) Herb.","ALSTROEMERIACEAE Bomarea edulis (Tussac) Herb.","UB00117925",,"UB","Felfili, J.M.","219","Native","1994",,,"Latão","Prata","jbrj-public.s3-sa-east-1.amazonaws.com/fsi/server?type=image&source=DZI/ub/ub/0/11/79/25/ub00117925.dzi","Brasília","Fazenda Água Limpa, mata do Gama, linha 9."
"ÁREA DE RELEVANTE INTERESSE ECOLÓGICO CAPETINGA/TAQUARA","Angiosperms","Apocynaceae","Aspidosperma","subincanum","Mart.","APOCYNACEAE Aspidosperma subincanum Mart.","UB00117293",,"UB","Felfili, J.M.","247","Native","1994",,,"Latão","Prata","jbrj-public.s3-sa-east-1.amazonaws.com/fsi/server?type=image&source=DZI/ub/ub/0/11/72/93/ub00117293.dzi","Brasília","Fazenda Água Limpa, mata do Gama, linha 9. (15° 56´ - 15° 59´ S and 47° 55´ - 47° 58´ W)."
"ÁREA DE RELEVANTE INTERESSE ECOLÓGICO CAPETINGA/TAQUARA","Angiosperms","Anacardiaceae","Anacardium",,"L.","ANACARDIACEAE Anacardium L.","UB00113467",,"UB","Kirkbride, M.C.G.","1363","Native","1980","Incognito",,"Latão","Prata","jbrj-public.s3-sa-east-1.amazonaws.com/fsi/server?type=image&source=DZI/ub/ub/0/11/34/67/ub00113467.dzi","Brasília","Fazenda Água Limpa, campo experimental da UnB."
"ÁREA DE RELEVANTE INTERESSE ECOLÓGICO CAPETINGA/TAQUARA","Angiosperms","Poaceae","Chloris",,"Sw.","POACEAE Chloris Sw.","IBGE00011926",,"IBGE","Heringer, E.P.","2802","Native","1979",,,"Latão","Prata","jbrj-public.s3-sa-east-1.amazonaws.com/fsi/server?type=image&source=DZI/ibge/ibge/0/1/19/26/ibge00011926.dzi","Brasília","Fazenda Água Limpa, UnB. Campo Experimental. Folha SD-23-Y-C Coordenada calculada."
"ÁREA DE RELEVANTE INTERESSE ECOLÓGICO CAPETINGA/TAQUARA",,"Euphorbiaceae","Manihot","crotalariiformis","Pohl","EUPHORBIACEAE Manihot crotalariiformis Pohl","K001185906",,"K","Ratter, J.A.","4223",,"1978",,,"Latão","Prata","jbrj-public.s3.amazonaws.com/fsi/server?type=image&source=DZI/kew/k/0/11/85/90/6/k001185906.dzi","Brasília","Fazenda Água Limpa (University of Brasília fiel station), near Vargem Bonita, ca. 18km SSW of Brasília TV Tower."
"ÁREA DE RELEVANTE INTERESSE ECOLÓGICO CAPETINGA/TAQUARA",,"Solanaceae","Solanum","lasiocarpum","Dunal","SOLANACEAE Solanum lasiocarpum Dunal","K000903981",,"K","Ratter, J.A.","4262",,"1978",,,"Latão","Prata","jbrj-public.s3-sa-east-1.amazonaws.com/fsi/server?type=image&source=DZI/kew/k/0/9/3/98/1/k000903981.dzi","Brasília","Fazenda àgua Limpa (University of Brasília field station), near Vargem Bonita, ca, 18 km SSW of Brasília TV tower."
"ÁREA DE RELEVANTE INTERESSE ECOLÓGICO CAPETINGA/TAQUARA","Angiosperms","Asteraceae","Aspilia",,"Thouars","ASTERACEAE Aspilia Thouars","K001031105",,"K","Ratter, J.A.","2841","Native","1976",,,"Latão","Prata","jbrj-public.s3-sa-east-1.amazonaws.com/fsi/server?type=image&source=DZI/kew/k/0/10/31/10/5/k001031105.dzi","Brasília","Fazenda Agua Limpa (Universidade de Brasília field station), near Vargem Bonita, c. 18km SSW of Brasília TV tower."
"ÁREA DE RELEVANTE INTERESSE ECOLÓGICO CAPETINGA/TAQUARA","Angiosperms","Euphorbiaceae","Microstachys","serrulata","(Mart.) F.Dietr","EUPHORBIACEAE Microstachys serrulata (Mart.) F.Dietr","K001211683",,"K","Ratter, J.A.","3987",,"1976",,,"Latão","Prata","jbrj-public.s3-sa-east-1.amazonaws.com/fsi/server?type=image&source=DZI/kew/k/0/12/11/68/3/k001211683.dzi","Brasília","Fazenda Agua Limpa (University of Brasília field station), near Vargem Bonita, c.18km SSW of Brasília TV tower."
"ÁREA DE RELEVANTE INTERESSE ECOLÓGICO CAPETINGA/TAQUARA","Angiosperms","Rubiaceae","Rudgea","sessilis","(Vell.) Müll.Arg.","RUBIACEAE Rudgea sessilis (Vell.) Müll.Arg.","K001199349",,"K","Ratter, J.A.","3911","Native","1976",,,"Latão","Prata","imagens1.jbrj.gov.br/fsi/server?type=image&source=hvpr/kew/batch212/K001199349.jpg","Brasília","Fazenda Água Limpa (University of Brasilia field station), near Vargem Bonita, ca 18 km SSW of Brasilia TV tower."
"ÁREA DE RELEVANTE INTERESSE ECOLÓGICO CAPETINGA/TAQUARA","Angiosperms","Bignoniaceae","Fridericia","craterophora","(DC.) L.G.Lohmann","BIGNONIACEAE Fridericia craterophora (DC.) L.G.Lohmann","UB1173449","splink","UB","Nitikman, L.Z.","3","Native",,"Incognito",,"Latão","Prata",,"Brasília","Fazenda Água Limpa, Fazenda Água Limpa."
"ÁREA DE RELEVANTE INTERESSE ECOLÓGICO CAPETINGA/TAQUARA","Angiosperms","Burseraceae","Protium","brasiliense","(Spreng.) Engl.","BURSERACEAE Protium brasiliense (Spreng.) Engl.","UB1338405",,"UB","Felfili, J.M.","300","Native",,,,"Latão","Prata",,"Brasília","Fazenda Água Limpa."
"ÁREA DE RELEVANTE INTERESSE ECOLÓGICO CAPETINGA/TAQUARA","Angiosperms","Caryocaraceae",,,"Voigt","CARYOCARACEAE Caryocaraceae Voigt","UB1267089","splink","UB","Heringer, E.P.","11188","Native",,"Incognito",,"Latão","Prata",,"Brasília","Fazenda Água Limpa, Fazenda Água Limpa."
"ÁREA DE RELEVANTE INTERESSE ECOLÓGICO CAPETINGA/TAQUARA","Angiosperms","Dioscoreaceae",,,"R.Br.","DIOSCOREACEAE Dioscoreaceae R.Br.","K001149977","splink","K","Walter, B.M.T.","2364","Native",,,,"Latão","Prata",,"Brasília","Distrito Federal. Brasilia/DF. Fazenda Agua Limpa/UnB. Mata do Córrego da Onça."
"ÁREA DE RELEVANTE INTERESSE ECOLÓGICO CAPETINGA/TAQUARA","Angiosperms","Fabaceae","Eriosema","cupreum","Harms","FABACEAE Eriosema cupreum Harms","UB1150421","splink","UB","Haridasan, M.","MH439","Native",,"Incognito",,"Latão","Prata",,"Brasília","Fazenda Água Limpa, Fazenda Água Limpa."
"ÁREA DE RELEVANTE INTERESSE ECOLÓGICO CAPETINGA/TAQUARA","Angiosperms","Fabaceae","Plathymenia","reticulata","Benth.","FABACEAE Plathymenia reticulata Benth.","UB1330577","splink","UB","Haridasan, M.","MHs.n.483","Native",,"Incognito",,"Latão","Prata",,"Brasília","Fazenda Água Limpa, Fazenda Água Limpa."
"ÁREA DE RELEVANTE INTERESSE ECOLÓGICO CAPETINGA/TAQUARA","Angiosperms","Hypnaceae","Isopterygium","tenerifolium","Mitt.","HYPNACEAE Isopterygium tenerifolium Mitt.","UB1072049","splink","UB","Silva Junior, M.C.","01484s.n.","Native",,,,"Latão","Prata",,"Brasília","Fazenda Água Limpa, Município de Brasília, Fazenda Água Limpa."
"ÁREA DE RELEVANTE INTERESSE ECOLÓGICO CAPETINGA/TAQUARA","Ferns and Lycophytes","Monimiaceae","Macropeplus","friburgensis","(Perkins) I.Santos & Peixoto","MONIMIACEAE Macropeplus friburgensis (Perkins) I.Santos & Peixoto","MBM230041","splink","MBM","Ratter, J.A.","3907",,,,,"Latão","Prata",,"Brasília","Fazenda Água Limpa, 18km SSW de Brasília."
"ÁREA DE RELEVANTE INTERESSE ECOLÓGICO CAPETINGA/TAQUARA","Angiosperms","Piperaceae","Piper","flavicans","C.DC.","PIPERACEAE Piper flavicans var. flavicans C.DC.","MBM230025","splink","MBM","Ratter, J.A.","3061","Native",,,,"Latão","Prata",,"Brasília","Fazenda Água Limpa, 18km SSW de Brasília."
"ÁREA DE RELEVANTE INTERESSE ECOLÓGICO CAPETINGA/TAQUARA","Angiosperms","Piperaceae","Piper","subcinereum","C.DC.","PIPERACEAE Piper subcinereum var. subcinereum C.DC.","MBM230026","splink","MBM","Ratter, J.A.","3709","Native",,,,"Latão","Prata",,"Brasília","Fazenda Água Limpa, 18km SSW de Brasília."
"ÁREA DE RELEVANTE INTERESSE ECOLÓGICO CAPETINGA/TAQUARA","Angiosperms","Poaceae","Axonopus","chrysoblepharis","(Lag.) Chase","POACEAE Axonopus chrysoblepharis (Lag.) Chase","MBM086426","splink","MBM","Kirbride, M.C.G.","1495","Native",,,,"Latão","Prata",,"Brasília","Fazenda Água Limpa."
"ÁREA DE RELEVANTE INTERESSE ECOLÓGICO CAPETINGA/TAQUARA","Angiosperms","Polygalaceae","Senega","paniculata","(L.) J.F.B.Pastore & J.R.Abbott","POLYGALACEAE Senega paniculata (L.) J.F.B.Pastore & J.R.Abbott","MBM067334","splink","MBM","Fiedler, L.","34","Native",,,,"Latão","Prata",,"Brasília","Fazenda Água limpa, Brasília."
"ÁREA DE RELEVANTE INTERESSE ECOLÓGICO CAPETINGA/TAQUARA",,"Rutaceae","Metrodorea","nigra","A.St.-Hil.","RUTACEAE Metrodorea nigra A.St.-Hil.","UB1165240","splink","UB","Silva, P.E.","52",,,"Incognito",,"Latão","Prata",,"Brasília","Fazenda Água Limpa, Córrego do Gama."
"ÁREA DE RELEVANTE INTERESSE ECOLÓGICO CAPETINGA/TAQUARA","Angiosperms","Sapindaceae","Paullinia","carpopoda","Cambess.","SAPINDACEAE Paullinia carpopoda Cambess.","K000252168","splink","K","Walter, B.M.T.","2306","Native",,,,"Latão","Prata",,"Brasília","DF. Fazenda Água Limpa/UnB. Mata da Galeria do Córrego da Onça."
"ÁREA DE RELEVANTE INTERESSE ECOLÓGICO CAPETINGA/TAQUARA","Angiosperms","Piperaceae","Piper",,"L.","PIPERACEAE Piper L.","UB0352993",,"UB","Laydner, M.C.G.","470","Native","2025",,,"Latão","Prata",,"Brasília","Fazenda Água Limpa. Cachoeirinha da FAL."
"ÁREA DE RELEVANTE INTERESSE ECOLÓGICO CAPETINGA/TAQUARA","Angiosperms","Poaceae","Paspalum","lenticulare","Kunth","POACEAE Paspalum lenticulare Kunth","UB0350657",,"UB","Machado-Oliveira, M.E.","114","Native","2025",,,"Latão","Prata",,"Brasília","Fazenda Água Limpa (FAL)."
"ÁREA DE RELEVANTE INTERESSE ECOLÓGICO CAPETINGA/TAQUARA","Angiosperms","Alstroemeriaceae","Alstroemeria",,"L.","ALSTROEMERIACEAE Alstroemeria L.","HUEFS0277517","splink","HUEFS","Santos, F.S.","226","Native","2024",,,"Latão","Prata",,"Brasília","Fazenda Água Limpa, caminho sentido Falésias-FAL"
"ÁREA DE RELEVANTE INTERESSE ECOLÓGICO CAPETINGA/TAQUARA","Angiosperms","Convolvulaceae","Evolvulus",,"L.","CONVOLVULACEAE Evolvulus L.","UB0335828",,"UB","Rabello, J.A.V.S.","683","Native","2024",,,"Latão","Prata",,"Brasília","Fazenda Água Limpa - UnB. ARIE Capetinga-Taquara"
"ÁREA DE RELEVANTE INTERESSE ECOLÓGICO CAPETINGA/TAQUARA","Angiosperms","Polygalaceae",,,"Hoffmanns. & Link","POLYGALACEAE Polygalaceae Hoffmanns. & Link","HUEFS0277518","splink","HUEFS","Santos, F.S.","227","Native","2024",,,"Latão","Prata",,"Brasília","Fazenda Água Limpa, caminho sentido Falésias-FAL"
"ÁREA DE RELEVANTE INTERESSE ECOLÓGICO CAPETINGA/TAQUARA","Angiosperms","Apocynaceae","Orthosia",,"Decne.","APOCYNACEAE Orthosia Decne.","UB0313484",,"UB","Matzenauer, W.","1603","Native","2022",,,"Latão","Prata",,"Brasília","Fazenda Água Limpa/FAL - UnB. Na margen da barragem da FAL. Ambiente úmido."
"ÁREA DE RELEVANTE INTERESSE ECOLÓGICO CAPETINGA/TAQUARA","Angiosperms","Arecaceae","Allagoptera",,"Nees","ARECACEAE Allagoptera Nees","UB0313464",,"UB","Matzenauer, W.","1588","Native","2022",,,"Latão","Prata",,"Brasília","Fazenda Água Limpa/FAL - UnB. Campo sujo. muito frequente."
"ÁREA DE RELEVANTE INTERESSE ECOLÓGICO CAPETINGA/TAQUARA","Angiosperms","Bromeliaceae","Aechmea",,"Ruiz & Pav.","BROMELIACEAE Aechmea Ruiz & Pav.","UB0313462",,"UB","Couceiro, Y.S.V.","3","Native","2022",,,"Latão","Prata",,"Brasília","Fazenda Água Limpa/FAL - UnB. Na cachoeira. Veredas. Pouco frequente."
"ÁREA DE RELEVANTE INTERESSE ECOLÓGICO CAPETINGA/TAQUARA","Angiosperms","Convolvulaceae",,,"Juss.","CONVOLVULACEAE Convolvulaceae Juss.","UB0313482",,"UB","Matzenauer, W.","1601","Native","2022",,,"Latão","Prata",,"Brasília","Fazenda Água Limpa/FAL - UnB. Solo pedregoso. Campo sujo."
"ÁREA DE RELEVANTE INTERESSE ECOLÓGICO CAPETINGA/TAQUARA","Angiosperms","Cyperaceae","Fimbristylis",,"Vahl","CYPERACEAE Fimbristylis Vahl","UB0313496",,"UB","Matzenauer, W.","1613","Native","2022",,,"Latão","Prata",,"Brasília","Fazenda Água Limpa/FAL - UnB. Na margen da barragem da FAL. Ambiente úmido. Muito frequente."
"ÁREA DE RELEVANTE INTERESSE ECOLÓGICO CAPETINGA/TAQUARA","Angiosperms","Cyperaceae","Scleria",,"P.J.Bergius","CYPERACEAE Scleria P.J.Bergius","UB0313489",,"UB","Matzenauer, W.","1606","Native","2022",,,"Latão","Prata",,"Brasília","Fazenda Água Limpa/FAL - UnB. Campo sujo. Muito frequente."
"ÁREA DE RELEVANTE INTERESSE ECOLÓGICO CAPETINGA/TAQUARA","Angiosperms","Gentianaceae","Schultesia",,"Mart.","GENTIANACEAE Schultesia Mart.","UB0313481",,"UB","Matzenauer, W.","1600","Native","2022",,,"Latão","Prata",,"Brasília","Fazenda Água Limpa/FAL - UnB. Campo sujo. Muito frequente."
"ÁREA DE RELEVANTE INTERESSE ECOLÓGICO CAPETINGA/TAQUARA","Angiosperms","Malvaceae","Pavonia",,"Cav.","MALVACEAE Pavonia Cav.","UB0313469",,"UB","Matzenauer, W.","1592","Native","2022",,,"Latão","Prata",,"Brasília","Fazenda Água Limpa/FAL - UnB. Em área de mata, próximo ao córrego."
"ÁREA DE RELEVANTE INTERESSE ECOLÓGICO CAPETINGA/TAQUARA","Angiosperms","Poaceae","Eriochrysis",,"P. Beauv.","POACEAE Eriochrysis P. Beauv.","UB0313460",,"UB","Couceiro, Y.S.V.","2","Native","2022",,,"Latão","Prata",,"Brasília","Fazenda Água Limpa/FAL - UnB. Na beira da barragem da FAL. Esporádica. Ambiente úmido."
"ÁREA DE RELEVANTE INTERESSE ECOLÓGICO CAPETINGA/TAQUARA",,"Poaceae","Merostachys","filgueirasii","Send.","POACEAE Merostachys filgueirasii Send.","UB0317613",,"UB","Brito, C.A.","73",,"2019",,,"Latão","Prata",,"Brasília","Fazenda Água Limpa. Córrego da onça. Mata de Galeria. DF"
"ÁREA DE RELEVANTE INTERESSE ECOLÓGICO CAPETINGA/TAQUARA","Angiosperms","Rubiaceae",,,"Juss.","RUBIACEAE Rubiaceae Juss.","UB1237850",,"UB","Moura, C.O.","128","Native","2019",,,"Latão","Prata",,"Brasília","Fazenda Água Limpa - UnB."
"ÁREA DE RELEVANTE INTERESSE ECOLÓGICO CAPETINGA/TAQUARA",,"Melastomataceae","Microlicia","phlogiformis","(DC.) Versiane & R.Romero","MELASTOMATACEAE Microlicia phlogiformis (DC.) Versiane & R.Romero","HST023145","splink","HST","Goes, B.T.P.M.","476",,"2019",,"2025","Latão","Prata",,"Brasília","Apa Gama e Cabeça de Veado. Fazenda Água Limpa, UnB."
"ÁREA DE RELEVANTE INTERESSE ECOLÓGICO CAPETINGA/TAQUARA","Angiosperms","Amaranthaceae","Pfaffia",,"Mart.","AMARANTHACEAE Pfaffia Mart.","UB1213066",,"UB","Oliveira, R.C.","3463","Native","2018",,,"Latão","Prata",,"Brasília","Fazenda Água Limpa, campo direita da trilha para Cachoeira do Capetinga (300m antes da cachoeira)."
"ÁREA DE RELEVANTE INTERESSE ECOLÓGICO CAPETINGA/TAQUARA","Angiosperms","Fabaceae","Periandra",,"Mart. ex Benth.","FABACEAE Periandra Mart. ex Benth.","UB1212919",,"UB","Souza, G.F.","52","Native","2018",,,"Latão","Prata",,"Brasília","Fazenda Água Limpa."
"ÁREA DE RELEVANTE INTERESSE ECOLÓGICO CAPETINGA/TAQUARA","Angiosperms","Melastomataceae","Noterophila","genliseoides","(Hoehne) Kriebel & M.J.R.Rocha","MELASTOMATACEAE Noterophila genliseoides (Hoehne) Kriebel & M.J.R.Rocha","FMM02791","splink","FMM",,,"Native","2018",,,"Latão","Prata",,"Brasília","Fazenda Água Limpa (UnB)"
"ÁREA DE RELEVANTE INTERESSE ECOLÓGICO CAPETINGA/TAQUARA","Angiosperms","Melastomataceae","Pterolepis","glomerata","(Rottb.) Miq.","MELASTOMATACEAE Pterolepis glomerata (Rottb.) Miq.","FMM02802","splink","FMM",,,"Native","2018",,,"Latão","Prata",,"Brasília","Fazenda Água Limpa (UnB)"
"ÁREA DE RELEVANTE INTERESSE ECOLÓGICO CAPETINGA/TAQUARA","Angiosperms","Calymperaceae","Octoblepharum",,"Hedw.","CALYMPERACEAE Octoblepharum Hedw.","UB1011988",,"UB","Pereira, C.G.","595","Native","2017",,,"Latão","Prata",,"Brasília","Fazenda Água Limpa (FAL), Córrego da Mata do Capetinga."
"ÁREA DE RELEVANTE INTERESSE ECOLÓGICO CAPETINGA/TAQUARA","Angiosperms","Dicranaceae",,,"Schimp.","DICRANACEAE Dicranaceae Schimp.","UB1153375",,"UB","Silva, C.F.S.","15Ba","Native","2017",,,"Latão","Prata",,"Brasília","Fazenda Água Limpa - FAL."
"ÁREA DE RELEVANTE INTERESSE ECOLÓGICO CAPETINGA/TAQUARA","Angiosperms","Entodontaceae",,,"Kindb.","ENTODONTACEAE Entodontaceae Kindb.","UB1031570",,"UB","Silva, C.F.S.","16Bd","Native","2017",,,"Latão","Prata",,"Brasília","Fazenda Água Limpa - FAL."
"ÁREA DE RELEVANTE INTERESSE ECOLÓGICO CAPETINGA/TAQUARA","Angiosperms","Pallaviciniaceae","Symphyogyna",,"Nees & Mont.","PALLAVICINIACEAE Symphyogyna Nees & Mont.","UB1214979",,"UB","Pereira, C.G.","596","Native","2017",,,"Latão","Prata",,"Brasília","Fazenda Água Limpa (FAL), Córrego da Mata do Capetinga."
"ÁREA DE RELEVANTE INTERESSE ECOLÓGICO CAPETINGA/TAQUARA","Angiosperms","Sphagnaceae",,,"Dumort.","SPHAGNACEAE Sphagnaceae Dumort.","UB1225541",,"UB","Silva, C.F.S.","14Be","Native","2017",,,"Latão","Prata",,"Brasília","Fazenda Água Limpa - FAL."
"ÁREA DE RELEVANTE INTERESSE ECOLÓGICO CAPETINGA/TAQUARA","Angiosperms","Convolvulaceae","Merremia",,"Dennst. ex Endl.","CONVOLVULACEAE Merremia Dennst. ex Endl.","UB1083924",,"UB","Mendoza, M.","5270","Native","2016",,,"Latão","Prata",,"Brasília","Fazenda Água limpa, UnB ca. 400 m (em linha reta) NO da ponte no córrego Capetinho, detrás da área de Primatologia."
"ÁREA DE RELEVANTE INTERESSE ECOLÓGICO CAPETINGA/TAQUARA","Angiosperms","Apocynaceae","Aspidosperma",,"Mart. & Zucc.","APOCYNACEAE Aspidosperma Mart. & Zucc.","BOTU033353","splink","BOTU","Castello, A.C.D.B.G.","156","Native","2015",,,"Latão","Prata",,"Brasília","Próximo a barragem do córrego do gama, fazenda àgua Limpa, UnB"
"ÁREA DE RELEVANTE INTERESSE ECOLÓGICO CAPETINGA/TAQUARA","Angiosperms","Poaceae","Ctenium",,"Panz.","POACEAE Ctenium Panz.","UB0025596",,"UB","Moura, C.O.","51","Native","2015",,,"Latão","Prata",,"Brasília","Fazenda Água Limpa (FAL-UnB)."
"ÁREA DE RELEVANTE INTERESSE ECOLÓGICO CAPETINGA/TAQUARA","Angiosperms","Poaceae","Paspalum","convexum","Humb. & Bonpl. ex Flüggé","POACEAE Paspalum convexum Humb. & Bonpl. ex Flüggé","UB0029979",,"UB","Moura, C.O.","44","Native","2015",,,"Latão","Prata",,"Brasília","Fazenda Água Limpa (FAL-UnB)."
"ÁREA DE RELEVANTE INTERESSE ECOLÓGICO CAPETINGA/TAQUARA","Angiosperms","Convolvulaceae","Distimake",,"Raf.","CONVOLVULACEAE Distimake Raf.","UB1154568","splink","UB","Oliveira, R.C.","3056","Native","2015","Incognito","2019","Latão","Prata",,"Brasília","Fazenda Água limpa, próximo ao Ago Azul."
"ÁREA DE RELEVANTE INTERESSE ECOLÓGICO CAPETINGA/TAQUARA",,"Melastomataceae","Microlicia","belinelloi","(A.B.Martins & Almeda) Versiane & R.Romero","MELASTOMATACEAE Microlicia belinelloi (A.B.Martins & Almeda) Versiane & R.Romero","HUFU00041066","splink","HUFU","Souza, M.A.","13",,"2014",,,"Latão","Prata",,"Brasília","Fazenda Água Limpa"
"ÁREA DE RELEVANTE INTERESSE ECOLÓGICO CAPETINGA/TAQUARA","Bryophytes","Sapotaceae",,,"Juss.","SAPOTACEAE Sapotaceae Juss.","33044","splink","HEPH","Kuhlmann, M.P.","269","Native","2014",,"2018","Latão","Prata",,"Brasília","Fazenda Água Limpa"
"ÁREA DE RELEVANTE INTERESSE ECOLÓGICO CAPETINGA/TAQUARA","Angiosperms","Bignoniaceae","Jacaranda",,"Juss.","BIGNONIACEAE Jacaranda Juss.","UB1072254",,"UB","Giroldo, A.B.","11","Native","2013",,,"Latão","Prata",,"Brasília","Fazenda Agua Limpa."
"ÁREA DE RELEVANTE INTERESSE ECOLÓGICO CAPETINGA/TAQUARA","Angiosperms","Monimiaceae","Mollinedia",,"Ruiz & Pav.","MONIMIACEAE Mollinedia Ruiz & Pav.","UB0044974","splink","UB","Carvalho-Silva, M.","1910","Native","2013",,,"Latão","Prata",,"Brasília","Fazenda Água Limpa, Primatologia, Córrego Capetinga."
"ÁREA DE RELEVANTE INTERESSE ECOLÓGICO CAPETINGA/TAQUARA","Angiosperms","Rubiaceae","Coccocypselum",,"P.Browne","RUBIACEAE Coccocypselum P.Browne","UB1097624",,"UB","Fagg, C.W.","2287","Native","2013",,,"Latão","Prata",,"Brasília","Fazenda Água Limpa, Vargem Bonita, Mata de Capetinga."
"ÁREA DE RELEVANTE INTERESSE ECOLÓGICO CAPETINGA/TAQUARA","Angiosperms","Sapindaceae","Serjania",,"Mill.","SAPINDACEAE Serjania Mill.","UB1348672","splink","UB","Oliveira, R.P.","98","Native","2013",,,"Latão","Prata",,"Brasília","Fazenda Água Limpa (Córrego Capetinga)."
"ÁREA DE RELEVANTE INTERESSE ECOLÓGICO CAPETINGA/TAQUARA","Angiosperms","Scrophulariaceae",,,"Juss.","SCROPHULARIACEAE Scrophulariaceae Juss.","UB1093085","splink","UB","Carvalho-Silva, M.","1912","Native","2013",,,"Latão","Prata",,"Brasília","Fazenda Água Limpa, Primatologia, Córrego Capetinga."
"ÁREA DE RELEVANTE INTERESSE ECOLÓGICO CAPETINGA/TAQUARA","Angiosperms","Symplocaceae","Symplocos",,"Jacq.","SYMPLOCACEAE Symplocos Jacq.","UB1227614",,"UB","Fagg, C.W.","2295","Native","2013",,,"Latão","Prata",,"Brasília","Fazenda Água Limpa, Vargem Bonita, Mata de Capetinga."
"ÁREA DE RELEVANTE INTERESSE ECOLÓGICO CAPETINGA/TAQUARA","Angiosperms","Vochysiaceae",,,"A.St.-Hil.","VOCHYSIACEAE Vochysiaceae A.St.-Hil.","UB1228231",,"UB","Fagg, C.W.","2293","Native","2013",,,"Latão","Prata",,"Brasília","Fazenda Água Limpa, Vargem Bonita, Mata de Capetinga."
"ÁREA DE RELEVANTE INTERESSE ECOLÓGICO CAPETINGA/TAQUARA",,"Marchantiaceae",,,"Smyth & L.C.R.Smyth","MARCHANTIACEAE Marchantiopsida Smyth & L.C.R.Smyth","UB1170232","splink","UB","Carvalho, P.H.S.","7",,"2012",,,"Latão","Prata",,"Brasília","Fazenda Água Limpa - FAL. Mata de galeria."
"ÁREA DE RELEVANTE INTERESSE ECOLÓGICO CAPETINGA/TAQUARA","Angiosperms","Passifloraceae",,,"Juss. ex Roussel","PASSIFLORACEAE Passifloraceae Juss. ex Roussel","UB1058758","splink","UB","Oliveira, R.P.","52","Native","2012",,,"Latão","Prata",,"Brasília","Fazenda Água Limpa (Córrego Taquara)."
"ÁREA DE RELEVANTE INTERESSE ECOLÓGICO CAPETINGA/TAQUARA","Angiosperms","Piperaceae","Peperomia",,"Ruiz & Pav.","PIPERACEAE Peperomia Ruiz & Pav.","UB1212721","splink","UB","Oliveira, R.P.","69","Native","2012",,,"Latão","Prata",,"Brasília","Fazenda Água Limpa (Córrego Capetinga)."
"ÁREA DE RELEVANTE INTERESSE ECOLÓGICO CAPETINGA/TAQUARA",,"Apocynaceae","Mandevilla","emarginata","(Vell.) C.Ezcurra","APOCYNACEAE Mandevilla emarginata (Vell.) C.Ezcurra","UB0323033",,"UB","Almeida, R.F.","s.n.",,"2011",,,"Latão","Prata",,"Brasília","Fazenda Água Limpa (FAL / UnB)"
"ÁREA DE RELEVANTE INTERESSE ECOLÓGICO CAPETINGA/TAQUARA","Angiosperms","Asteraceae","Lessingianthus","lanuginosus","Dematt.","ASTERACEAE Lessingianthus lanuginosus Dematt.","UB0322975",,"UB","Almeida, R.F.","s.n.","Native","2011",,,"Latão","Prata",,"Brasília","Fazenda Água Limpa (FAL / UnB)"
"ÁREA DE RELEVANTE INTERESSE ECOLÓGICO CAPETINGA/TAQUARA","Angiosperms","Cyperaceae","Bulbostylis","capillaris","(L.) C.B.Clarke","CYPERACEAE Bulbostylis capillaris (L.) C.B.Clarke","UB0323316",,"UB","Almeida, R.F.","s.n.","Native","2011",,,"Latão","Prata",,"Brasília","Fazenda Água Limpa (FAL / UnB)."
"ÁREA DE RELEVANTE INTERESSE ECOLÓGICO CAPETINGA/TAQUARA","Angiosperms","Cyperaceae","Bulbostylis","fimbriata","(Nees) C.B.Clarke","CYPERACEAE Bulbostylis fimbriata (Nees) C.B.Clarke","UB1181724",,"UB","Munhoz, C.B.R.","PP-FAL52","Native","2011",,,"Latão","Prata",,"Brasília","Fazenda Água Limpa."
"ÁREA DE RELEVANTE INTERESSE ECOLÓGICO CAPETINGA/TAQUARA","Angiosperms","Cyperaceae","Bulbostylis","pachypoda","Kral & M.T.Strong","CYPERACEAE Bulbostylis pachypoda Kral & M.T.Strong","UB0323317",,"UB","Almeida, R.F.","s.n.","Native","2011",,,"Latão","Prata",,"Brasília","Fazenda Água Limpa (FAL / UnB)."
"ÁREA DE RELEVANTE INTERESSE ECOLÓGICO CAPETINGA/TAQUARA","Angiosperms","Fabaceae","Chamaecrista","claussenii","(Benth.) H.S.Irwin & Barneby","FABACEAE Chamaecrista claussenii (Benth.) H.S.Irwin & Barneby","UB0323269",,"UB","Almeida, R.F.","s.n.","Native","2011",,,"Latão","Prata",,"Brasília","Fazenda Água Limpa (FAL / UnB)."
"ÁREA DE RELEVANTE INTERESSE ECOLÓGICO CAPETINGA/TAQUARA","Angiosperms","Fabaceae","Eriosema",,"(DC.) Desv.","FABACEAE Eriosema (DC.) Desv.","UB1032390",,"UB","Munhoz, C.B.R.","PP-FAL79","Native","2011",,,"Latão","Prata",,"Brasília","Fazenda Água Limpa."
"ÁREA DE RELEVANTE INTERESSE ECOLÓGICO CAPETINGA/TAQUARA","Angiosperms","Iridaceae","Cipura","paludosa","Aubl.","IRIDACEAE Cipura paludosa Aubl.","UB1286726",,"UB","Munhoz, C.B.R.","PP-FAL56","Native","2011",,,"Latão","Prata",,"Brasília","Fazenda Água Limpa."
"ÁREA DE RELEVANTE INTERESSE ECOLÓGICO CAPETINGA/TAQUARA","Angiosperms","Lamiaceae","Hyptis","obtecta","Benth.","LAMIACEAE Hyptis obtecta Benth.","UB1037395",,"UB","Munhoz, C.B.R.","PP-FAL68","Native","2011",,,"Latão","Prata",,"Brasília","Fazenda Água Limpa."
"ÁREA DE RELEVANTE INTERESSE ECOLÓGICO CAPETINGA/TAQUARA","Angiosperms","Passifloraceae","Passiflora","clathrata","Mast.","PASSIFLORACEAE Passiflora clathrata Mast.","UB0323030",,"UB","Almeida, R.F.","23","Native","2011",,,"Latão","Prata",,"Brasília","Fazenda Água Limpa (FAL / UnB)"
"ÁREA DE RELEVANTE INTERESSE ECOLÓGICO CAPETINGA/TAQUARA","Angiosperms","Poaceae","Axonopus","fastigiatus","(Nees ex Trin.) Kuhlm.","POACEAE Axonopus fastigiatus (Nees ex Trin.) Kuhlm.","UB1174746",,"UB","Munhoz, C.B.R.","PP-FAL58","Native","2011",,,"Latão","Prata",,"Brasília","Fazenda Água Limpa."
"ÁREA DE RELEVANTE INTERESSE ECOLÓGICO CAPETINGA/TAQUARA","Angiosperms","Poaceae","Paspalum","lineare","Trin.","POACEAE Paspalum lineare Trin.","UB0323309",,"UB","Almeida, R.F.","s.n.","Native","2011",,,"Latão","Prata",,"Brasília","Fazenda Água Limpa (FAL / UnB)."
"ÁREA DE RELEVANTE INTERESSE ECOLÓGICO CAPETINGA/TAQUARA","Angiosperms","Acanthaceae",,,"Juss.","ACANTHACEAE Acanthaceae Juss.","UB0044875","splink","UB","Munhoz, C.B.R.","PP-FAL17","Naturalized","2009",,,"Latão","Prata",,"Brasília","Fazenda Água Limpa."
"ÁREA DE RELEVANTE INTERESSE ECOLÓGICO CAPETINGA/TAQUARA","Angiosperms","Asteraceae","Achyrocline","alata","(Kunth) DC.","ASTERACEAE Achyrocline alata (Kunth) DC.","UB1017146",,"UB","Munhoz, C.B.R.","6441","Native","2009",,,"Latão","Prata",,"Brasília","Fazenda Água Limpa."
"ÁREA DE RELEVANTE INTERESSE ECOLÓGICO CAPETINGA/TAQUARA","Angiosperms","Asteraceae","Emilia",,"(Cass.) Cass.","ASTERACEAE Emilia (Cass.) Cass.","UB0051314",,"UB","Munhoz, C.B.R.","6492B","Native","2009",,,"Latão","Prata",,"Brasília","Fazenda Água Limpa."
"ÁREA DE RELEVANTE INTERESSE ECOLÓGICO CAPETINGA/TAQUARA","Angiosperms","Asteraceae","Vernonia",,"Schreb.","ASTERACEAE Vernonia Schreb.","UB1064754",,"UB","Munhoz, C.B.R.","PP-FAL15","Native","2009",,,"Latão","Prata",,"Brasília","Fazenda Água Limpa."
"ÁREA DE RELEVANTE INTERESSE ECOLÓGICO CAPETINGA/TAQUARA","Angiosperms","Cyperaceae","Rhynchospora","divaricata","(Ham.) M.T.Strong","CYPERACEAE Rhynchospora divaricata (Ham.) M.T.Strong","UB1017084",,"UB","Munhoz, C.B.R.","6456","Native","2009",,,"Latão","Prata",,"Brasília","Fazenda Água Limpa."
"ÁREA DE RELEVANTE INTERESSE ECOLÓGICO CAPETINGA/TAQUARA","Angiosperms","Eriocaulaceae","Syngonanthus",,"Ruhland","ERIOCAULACEAE Syngonanthus Ruhland","UB1227672",,"UB","Munhoz, C.B.R.","PP-FAL1","Native","2009",,,"Latão","Prata",,"Brasília","Fazenda Água Limpa."
"ÁREA DE RELEVANTE INTERESSE ECOLÓGICO CAPETINGA/TAQUARA","Angiosperms","Poaceae","Paspalum","ammodes","Trin.","POACEAE Paspalum ammodes Trin.","UB1158904",,"UB","Munhoz, C.B.R.","PP-FAL49","Native","2009",,,"Latão","Prata",,"Brasília","Fazenda Água Limpa."
"ÁREA DE RELEVANTE INTERESSE ECOLÓGICO CAPETINGA/TAQUARA","Angiosperms","Rosaceae","Rubus","urticifolius","Poir.","ROSACEAE Rubus urticifolius Poir.","UB1338306",,"UB","Munhoz, C.B.R.","6440","Native","2009",,,"Latão","Prata",,"Brasília","Fazenda Água Limpa."
"ÁREA DE RELEVANTE INTERESSE ECOLÓGICO CAPETINGA/TAQUARA","Angiosperms","Verbenaceae","Stachytarpheta",,"Vahl","VERBENACEAE Stachytarpheta Vahl","UB1358528",,"UB","Munhoz, C.B.R.","6520C","Native","2009",,,"Latão","Prata",,"Brasília","Fazenda Água Limpa."
"ÁREA DE RELEVANTE INTERESSE ECOLÓGICO CAPETINGA/TAQUARA","Angiosperms","Acanthaceae","Ruellia",,"L.","ACANTHACEAE Ruellia L.","IBGE00066690",,"IBGE","Amaral, A.G.","1230","Native","2007",,,"Latão","Prata",,"Brasília","Fazenda Água Limpa. UnB. Fazenda Água Limpa. UnB."
"ÁREA DE RELEVANTE INTERESSE ECOLÓGICO CAPETINGA/TAQUARA","Angiosperms","Asteraceae","Chaptalia",,"Vent.","ASTERACEAE Chaptalia Vent.","UB0053909",,"UB","Amaral, A.G.","2255","Native","2007",,,"Latão","Prata",,"Brasília","Fazenda Água Limpa (FAL)."
"ÁREA DE RELEVANTE INTERESSE ECOLÓGICO CAPETINGA/TAQUARA","Angiosperms","Asteraceae","Stevia",,"Cav.","ASTERACEAE Stevia Cav.","UB1354552",,"UB","Amaral, A.G.","2265","Native","2007",,,"Latão","Prata",,"Brasília","Fazenda Água Limpa (FAL)."
"ÁREA DE RELEVANTE INTERESSE ECOLÓGICO CAPETINGA/TAQUARA","Angiosperms","Lauraceae","Nectandra",,"Rol. ex Rottb.","LAURACEAE Nectandra Rol. ex Rottb.","SPSF00039795","splink","SPSF","Bezerra, K.M.G.","4","Native","2007",,,"Latão","Prata",,"Brasília","Fazenda Água Limpa."
"ÁREA DE RELEVANTE INTERESSE ECOLÓGICO CAPETINGA/TAQUARA","Angiosperms","Opiliaceae","Agonandra",,"Miers ex Benth. & Hook.f.","OPILIACEAE Agonandra Miers ex Benth. & Hook.f.","UB1022442","splink","UB","Amaral, A.G.","2378","Native","2007",,,"Latão","Prata",,"Brasília","Fazenda Água Limpa (FAL)."
"ÁREA DE RELEVANTE INTERESSE ECOLÓGICO CAPETINGA/TAQUARA","Angiosperms","Malpighiaceae","Diplopterys",,"A.Juss.","MALPIGHIACEAE Diplopterys A.Juss.","UB0118574","splink","UB","Amaral, A.G.","1068","Native","2007","Incognito","2019","Latão","Prata",,"Brasília","Fazenda Água Limpa, borda de mata de galeria."
"ÁREA DE RELEVANTE INTERESSE ECOLÓGICO CAPETINGA/TAQUARA","Angiosperms","Euphorbiaceae","Acalypha",,"L.","EUPHORBIACEAE Acalypha L.","UB1342549","splink","UB","Amaral, A.G.","2295","Native","2006",,,"Latão","Prata",,"Brasília","Fazenda Água Limpa (FAL)."
"ÁREA DE RELEVANTE INTERESSE ECOLÓGICO CAPETINGA/TAQUARA","Angiosperms","Lamiaceae","Marsypianthes",,"Mart. ex Benth.","LAMIACEAE Marsypianthes Mart. ex Benth.","UB1164435","splink","UB","Amaral, A.G.","2223","Native","2006",,,"Latão","Prata",,"Brasília","Fazenda Água Limpa (FAL)."
"ÁREA DE RELEVANTE INTERESSE ECOLÓGICO CAPETINGA/TAQUARA","Angiosperms","Lythraceae",,,"J.St.-Hil.","LYTHRACEAE Lythraceae J.St.-Hil.","UB1338402",,"UB","Almeida, R.P.","1","Native","2006",,,"Latão","Prata",,"Brasília","Fazenda Água Limpa."
"ÁREA DE RELEVANTE INTERESSE ECOLÓGICO CAPETINGA/TAQUARA","Angiosperms","Melastomataceae","Trembleya",,"DC.","MELASTOMATACEAE Trembleya DC.","UB1358415",,"UB","Henrique, G.","1","Native","2006",,,"Latão","Prata",,"Brasília","Fazenda Água Limpa."
"ÁREA DE RELEVANTE INTERESSE ECOLÓGICO CAPETINGA/TAQUARA","Angiosperms","Meliaceae",,,"A.Juss.","MELIACEAE Meliaceae A.Juss.","UB1017028",,"UB","Lima, C.E.S.M.","1","Native","2006",,,"Latão","Prata",,"Brasília","Fazenda Água Limpa."
"ÁREA DE RELEVANTE INTERESSE ECOLÓGICO CAPETINGA/TAQUARA","Angiosperms","Asteraceae","Ichthyothere",,"Mart.","ASTERACEAE Ichthyothere Mart.","HUEFS0120449","splink","HUEFS","Cordeiro, C.D.","3","Native","2006",,"2006","Latão","Prata",,"Brasília","Fazenda Água Limpa."
"ÁREA DE RELEVANTE INTERESSE ECOLÓGICO CAPETINGA/TAQUARA","Angiosperms","Rubiaceae","Tocoyena",,"Aubl.","RUBIACEAE Tocoyena Aubl.","HUEFS0120461","splink","HUEFS","Araujo, D.","3","Native","2006",,"2006","Latão","Prata",,"Brasília","Fazenda Água Limpa."
"ÁREA DE RELEVANTE INTERESSE ECOLÓGICO CAPETINGA/TAQUARA","Angiosperms","Convolvulaceae","Jacquemontia","guaranitica","Hassl.","CONVOLVULACEAE Jacquemontia guaranitica Hassl.","UB0055292",,"UB","Brasilia, T.C.O.U.","4618","Native","2005",,,"Latão","Prata",,"Brasília","Fazenda Água Limpa - Universidade de Brasília."
"ÁREA DE RELEVANTE INTERESSE ECOLÓGICO CAPETINGA/TAQUARA","Angiosperms","Asteraceae","Piptocarpha",,"R.Br.","ASTERACEAE Piptocarpha R.Br.","UB1060899","splink","UB","Mendonca, R.C.","5043","Native","2002","Incognito",,"Latão","Prata",,"Brasília","Fazenda Água Limpa - Universidade de Brasília."
"ÁREA DE RELEVANTE INTERESSE ECOLÓGICO CAPETINGA/TAQUARA","Angiosperms","Fabaceae","Andira",,"Lam.","FABACEAE Andira Lam.","UB1201590","splink","UB","Mendonca, R.C.","4939","Native","2002","Incognito",,"Latão","Prata",,"Brasília","Fazenda Água Limpa."
"ÁREA DE RELEVANTE INTERESSE ECOLÓGICO CAPETINGA/TAQUARA","Angiosperms","Hypericaceae","Vismia",,"Vand.","HYPERICACEAE Vismia Vand.","UEC146728","splink","UEC","Mendonca, R.C.","5038","Native","2002",,,"Latão","Prata",,"Brasília","Área de Proteção Ambiental do Gama, Cabeça de Veado, região administrativa do Lago Sul. Fazenda Água Limpa - UnB, área da ""MOA"", Córrego do Macaco (afluente do Ribeirão do Gama). Local próximo à barra do Ribeirão do Gama. Coleta efetuada no barranco"
"ÁREA DE RELEVANTE INTERESSE ECOLÓGICO CAPETINGA/TAQUARA","Angiosperms","Nyctaginaceae","Guapira",,"Aubl.","NYCTAGINACEAE Guapira Aubl.","UB1240446","splink","UB","Mendonca, R.C.","5068","Native","2002","Incognito",,"Latão","Prata",,"Brasília","Fazenda Água Limpa."
"ÁREA DE RELEVANTE INTERESSE ECOLÓGICO CAPETINGA/TAQUARA","Angiosperms","Primulaceae",,,"Batsch ex Borkh.","PRIMULACEAE Primulaceae Batsch ex Borkh.","FURB65534","splink","FURB","Mendonca, R.C.","5089","Native","2002",,,"Latão","Prata",,"Brasília","Fazenda Água Limpa - UnB. Árie de Relevante Interesse Ecológico do Capetinga, RA - Lago Sul. APA Gama e Cabeça de Veado"
"ÁREA DE RELEVANTE INTERESSE ECOLÓGICO CAPETINGA/TAQUARA",,"Blechnaceae","Lomariocycas","obtusifolia","(C.Presl) Gasper & A.R.Sm.","BLECHNACEAE Lomariocycas obtusifolia (C.Presl) Gasper & A.R.Sm.","UB0033117",,"UB","Martins, L.","s.n.",,"2000","Incognito",,"Latão","Prata",,"Brasília","Fazenda Água Limpa, Fazenda Água Limpa (FAL)."
"ÁREA DE RELEVANTE INTERESSE ECOLÓGICO CAPETINGA/TAQUARA","Angiosperms","Celastraceae","Salacia",,"L.","CELASTRACEAE Salacia L.","UB1091626","splink","UB","Santos, E.","484","Native","2000","Incognito",,"Latão","Prata",,"Brasília","Fazenda Água Limpa."
"ÁREA DE RELEVANTE INTERESSE ECOLÓGICO CAPETINGA/TAQUARA","Angiosperms","Gleicheniaceae","Dicranopteris",,"Bernh.","GLEICHENIACEAE Dicranopteris Bernh.","UB1017003","splink","UB","Guimaraes, P.","s.n.","Native","2000","Incognito",,"Latão","Prata",,"Brasília","Fazenda Água Limpa."
"ÁREA DE RELEVANTE INTERESSE ECOLÓGICO CAPETINGA/TAQUARA","Angiosperms","Gleicheniaceae","Gleichenella",,"Ching","GLEICHENIACEAE Gleichenella Ching","UB1198256","splink","UB","Martins, L.","s.n.","Native","2000","Incognito",,"Latão","Prata",,"Brasília","Fazenda Água Limpa, Fazenda Água Limpa - FAL."
"ÁREA DE RELEVANTE INTERESSE ECOLÓGICO CAPETINGA/TAQUARA","Angiosperms","Loranthaceae","Passovia",,"H.Karst.","LORANTHACEAE Passovia H.Karst.","354968","splink","SP","Santos, E.","457","Native","2000",,,"Latão","Prata",,"Brasília","Fazenda Água Limpa"
"ÁREA DE RELEVANTE INTERESSE ECOLÓGICO CAPETINGA/TAQUARA",,,,,"Schimp.","NA Bryophyta Schimp.","UB1358701",,"UB","Grawryszewski, F.M.","2052s.n.a",,"2000",,,"Latão","Prata",,"Brasília","Fazenda Água Limpa (FAL) Brasília, DF."
"ÁREA DE RELEVANTE INTERESSE ECOLÓGICO CAPETINGA/TAQUARA","Angiosperms","Orchidaceae","Cleistes",,"Rich. ex Lindl.","ORCHIDACEAE Cleistes Rich. ex Lindl.","UB0019304",,"UB","Munhoz, C.B.R.","2213","Native","2000","Incognito",,"Latão","Prata",,"Brasília","Fazenda Água Limpa."
"ÁREA DE RELEVANTE INTERESSE ECOLÓGICO CAPETINGA/TAQUARA","Angiosperms","Moraceae","Dorstenia",,"L.","MORACEAE Dorstenia L.","UB1017096","splink","UB","Soares-Silva, L.H.","786","Native","1999",,,"Latão","Prata",,"Brasília","Fazenda Água Limpa."
"ÁREA DE RELEVANTE INTERESSE ECOLÓGICO CAPETINGA/TAQUARA","Angiosperms","Polypodiaceae","Polypodium",,"L.","POLYPODIACEAE Polypodium L.","UB0034899",,"UB","Cesar, F.B.","s.n.","Native","1998",,,"Latão","Prata",,"Brasília","Fazenda Água Limpa, Fazenda Água Limpa (FAL), próximo a rio."
"ÁREA DE RELEVANTE INTERESSE ECOLÓGICO CAPETINGA/TAQUARA","Angiosperms","Fabroniaceae","Fabronia","ciliaris","(Brid.) Brid.","FABRONIACEAE Fabronia ciliaris (Brid.) Brid.","UB1017305","splink","UB","Kanegae, M.","2170s.n.","Native","1997",,,"Latão","Prata",,"Brasília","Fazenda Água Limpa, próximo ao córrego capetinga."
"ÁREA DE RELEVANTE INTERESSE ECOLÓGICO CAPETINGA/TAQUARA","Angiosperms","Hypnaceae","Ectropothecium",,"Mitt.","HYPNACEAE Ectropothecium Mitt.","UB1338254","splink","UB","Pires, D.A.","s.n.","Native","1997",,,"Latão","Prata",,"Brasília","Fazenda Água Limpa."
"ÁREA DE RELEVANTE INTERESSE ECOLÓGICO CAPETINGA/TAQUARA","Angiosperms","Hypnaceae",,,"Schimp.","HYPNACEAE Hypnaceae Schimp.","UB1358542",,"UB","Kanegae, M.","s.n.","Native","1997",,,"Latão","Prata",,"Brasília","Fazenda Água Limpa."
"ÁREA DE RELEVANTE INTERESSE ECOLÓGICO CAPETINGA/TAQUARA","Angiosperms","Lejeuneaceae","Schiffneriolejeunea",,"Verd.","LEJEUNEACEAE Schiffneriolejeunea Verd.","UB1358455",,"UB","Pires, D.A.","s.n.","Native","1997",,,"Latão","Prata",,"Brasília","Fazenda Água Limpa."
"ÁREA DE RELEVANTE INTERESSE ECOLÓGICO CAPETINGA/TAQUARA","Angiosperms","Pottiaceae","Trichostomum","brachydontium","Bruch","POTTIACEAE Trichostomum brachydontium Bruch","UB1063722",,"UB","Incognito","s.n.","Native","1997",,,"Latão","Prata",,"Brasília","Fazenda Água Limpa."
"ÁREA DE RELEVANTE INTERESSE ECOLÓGICO CAPETINGA/TAQUARA","Angiosperms","Calophyllaceae","Calophyllum","brasiliense","Cambess.","CALOPHYLLACEAE Calophyllum brasiliense Cambess.","MAC0068576","splink","MAC","Walter, B.M.T.","2338","Native","1995",,,"Latão","Prata",,"Brasília","Fazenda Água Limpa/UnB., Coletada próximo ao córrego, na cabeceira da mata, em local mal drenado (mesmo na seca). Solo argiloso, com muita serrapilheira. Espécie ocasional na Cabeceira e frequente ao longo da mata."
"ÁREA DE RELEVANTE INTERESSE ECOLÓGICO CAPETINGA/TAQUARA","Angiosperms","Sapindaceae","Matayba",,"Aubl.","SAPINDACEAE Matayba Aubl.","20461","splink","UFMT","Walter, B.M.T.","2322","Native","1995",,,"Latão","Prata",,"Brasília","Fazenda Água Limpa/UnB."
"ÁREA DE RELEVANTE INTERESSE ECOLÓGICO CAPETINGA/TAQUARA","Angiosperms","Burseraceae","Protium",,"Burm.f.","BURSERACEAE Protium Burm.f.","UB1291064",,"UB","Felfili, J.M.","215","Native","1994",,,"Latão","Prata",,"Brasília","Fazenda Água Limpa, mata do Gama, linha 9."
"ÁREA DE RELEVANTE INTERESSE ECOLÓGICO CAPETINGA/TAQUARA","Angiosperms","Chloranthaceae","Hedyosmum",,"Sw.","CHLORANTHACEAE Hedyosmum Sw.","315259","splink","SP","Walter, B.M.T.","2137","Native","1994",,,"Latão","Prata",,"Brasília","Fazenda Água Limpa/UnB."
"ÁREA DE RELEVANTE INTERESSE ECOLÓGICO CAPETINGA/TAQUARA","Angiosperms","Picramniaceae","Picramnia",,"Sw.","PICRAMNIACEAE Picramnia Sw.","UB0347744",,"UB","Felfili, J.M.","274","Native","1994",,,"Latão","Prata",,"Brasília","Distrito Federal, Fazenda Agua Limpa, mata do Capetinga, próximo a entrada da FAL"
"ÁREA DE RELEVANTE INTERESSE ECOLÓGICO CAPETINGA/TAQUARA","Angiosperms","Poaceae","Lasiacis",,"(Griseb.) Hitchc.","POACEAE Lasiacis (Griseb.) Hitchc.","UB0025931",,"UB","Dias, B.J.","149","Native","1994","Incognito",,"Latão","Prata",,"Brasília","Fazenda Água Limpa."
"ÁREA DE RELEVANTE INTERESSE ECOLÓGICO CAPETINGA/TAQUARA","Angiosperms","Rubiaceae","Psychotria","carthagenensis","Jacq.","RUBIACEAE Psychotria carthagenensis Jacq.","UB1068956","splink","UB","Walter, B.M.T.","2092","Native","1994",,,"Latão","Prata",,"Brasília","Fazenda Água Limpa."
"ÁREA DE RELEVANTE INTERESSE ECOLÓGICO CAPETINGA/TAQUARA","Angiosperms","Sematophyllaceae",,,"Broth.","SEMATOPHYLLACEAE Sematophyllaceae Broth.","UB1017179","splink","UB","Melo, E.","01198907","Native","1993",,,"Latão","Prata",,"Brasília","Fazenda Água Limpa."
"ÁREA DE RELEVANTE INTERESSE ECOLÓGICO CAPETINGA/TAQUARA","Angiosperms","Apodanthaceae","Pilostyles","blanchetii","(Gardner) R.Br.","APODANTHACEAE Pilostyles blanchetii (Gardner) R.Br.","K003356647","splink","K","Ratter, J.A.","R6675","Native","1991",,,"Latão","Prata",,"Brasília","Federal District; Fazenda Água Limpa (University of Brásilia field station), near Vargem Bonita, c. 18 km SSW of Brásilia TV tower"
"ÁREA DE RELEVANTE INTERESSE ECOLÓGICO CAPETINGA/TAQUARA",,"Melastomataceae","Memecylon",,"L.","MELASTOMATACEAE Memecylon L.","UBM Funga0351709",,"UBM Funga","Lopes, C.M.C.","3",,"1991",,,"Latão","Prata",,"Brasília","fazenda Água Limpa ( FAL-UnB)."
"ÁREA DE RELEVANTE INTERESSE ECOLÓGICO CAPETINGA/TAQUARA",,"Poaceae","Gnomonia",,"Lunell","POACEAE Gnomonia Lunell","UBM Funga0351605",,"UBM Funga","Lopes, C.M.C.","1",,"1991",,,"Latão","Prata",,"Brasília","Fazenda Água Limpa ( FAL-UnB)."
"ÁREA DE RELEVANTE INTERESSE ECOLÓGICO CAPETINGA/TAQUARA","Angiosperms","Cordiaceae","Varronia","sessilifolia","(Cham.) Borhidi","CORDIACEAE Varronia sessilifolia (Cham.) Borhidi","RB00060446","x","RB","Azevedo, M.L.M.","470","Native","1990",,,"Latão","Prata",,"Brasília","Distrito Federal.Fazenda Água Limpa/UNB."
"ÁREA DE RELEVANTE INTERESSE ECOLÓGICO CAPETINGA/TAQUARA","Angiosperms","Polytrichaceae","Pogonatum",,"P.Beauv.","POLYTRICHACEAE Pogonatum P.Beauv.","25276","splink","HEPH","Senna, P.A.C.","s.n.","Native","1990",,,"Latão","Prata",,"Brasília","Fazenda Água Limpa, Córrego do capetinga"
"ÁREA DE RELEVANTE INTERESSE ECOLÓGICO CAPETINGA/TAQUARA","Bryophytes","Salicaceae",,,"Mirb.","SALICACEAE Salicaceae Mirb.","UEC046890","splink","UEC","Alvarenga, D.","542","Native","1990",,,"Latão","Prata",,"Brasília","Fazenda Água Limpa, UnB."
"ÁREA DE RELEVANTE INTERESSE ECOLÓGICO CAPETINGA/TAQUARA","Angiosperms","Fabaceae","Inga",,"Mill.","FABACEAE Inga Mill.","IBGE00024405",,"IBGE","Pereira Neto, M.","366","Native","1989",,,"Latão","Prata",,"Brasília","Fazenda Água Limpa, UnB. Córrego Olho D´Água da Onça."
"ÁREA DE RELEVANTE INTERESSE ECOLÓGICO CAPETINGA/TAQUARA","Angiosperms","Sapindaceae","Cupania",,"L.","SAPINDACEAE Cupania L.","9627","splink","UFMT","Violatti, L.G.","06","Native","1989",,,"Latão","Prata",,"Brasília","Vargem Bonita. Fazenda Água Limpa. Universidade de Brasília."
"ÁREA DE RELEVANTE INTERESSE ECOLÓGICO CAPETINGA/TAQUARA","Angiosperms","Melastomataceae","Microlicia","confertiflora","Naudin","MELASTOMATACEAE Microlicia confertiflora Naudin","UPCB0023086","splink","UPCB","Franca, F.",,,"1989",,"2024","Latão","Prata",,"Brasília","Fazenda Água Limpa."
"ÁREA DE RELEVANTE INTERESSE ECOLÓGICO CAPETINGA/TAQUARA","Angiosperms","Convolvulaceae","Jacquemontia","cephalantha","Hallier f.","CONVOLVULACEAE Jacquemontia cephalantha Hallier f.","UB1215907",,"UB","Stevens, A.D.","9","Native","1987",,,"Latão","Prata",,"Brasília","Fazenda Água Limpa, ca. 18 km S of center of Brasília."
"ÁREA DE RELEVANTE INTERESSE ECOLÓGICO CAPETINGA/TAQUARA","Angiosperms","Apocynaceae","Nerium","oleander","L.","APOCYNACEAE Nerium oleander L.","UB0136157",,"UB","Cares, J.H.","24","Native","1986",,,"Latão","Prata",,"Brasília","FAL - Fazenda Água Limpa / UnB; Coleção de plantas medicinais"
"ÁREA DE RELEVANTE INTERESSE ECOLÓGICO CAPETINGA/TAQUARA","Angiosperms","Asteraceae","Tagetes","minuta","L.","ASTERACEAE Tagetes minuta L.","UB1061926","splink","UB","Cares, J.E.","27","Native","1986","Incognito",,"Latão","Prata",,"Brasília","Fazenda Água Limpa - Universidade de Brasília."
"ÁREA DE RELEVANTE INTERESSE ECOLÓGICO CAPETINGA/TAQUARA","Angiosperms","Boraginaceae","Borago","officinalis","L.","BORAGINACEAE Borago officinalis L.","UB1249210","splink","UB","Cares, J.E.","46","Native","1986",,,"Latão","Prata",,"Brasília","Fazenda Água Limpa."
"ÁREA DE RELEVANTE INTERESSE ECOLÓGICO CAPETINGA/TAQUARA","Angiosperms","Brassicaceae","Rorippa","nasturtium-aquaticum","(L.) Hayek","BRASSICACEAE Rorippa nasturtium-aquaticum (L.) Hayek","UB1156083","splink","UB","Cares, J.H.","47","Native","1986",,,"Latão","Prata",,"Brasília","Fazenda Água Limpa."
"ÁREA DE RELEVANTE INTERESSE ECOLÓGICO CAPETINGA/TAQUARA","Angiosperms","Crassulaceae","Kalanchoe","pinnata","(Lam.) Pers.","CRASSULACEAE Kalanchoe pinnata (Lam.) Pers.","UB1006582","splink","UB","Cares, J.E.","37","Native","1986","Incognito",,"Latão","Prata",,"Brasília","Fazenda Água Limpa - Universidade de Brasília."
"ÁREA DE RELEVANTE INTERESSE ECOLÓGICO CAPETINGA/TAQUARA","Angiosperms","Lamiaceae","Ocimum","americanum","L.","LAMIACEAE Ocimum americanum L.","UB1338280","splink","UB","Cares, J.E.","57","Native","1986","Incognito",,"Latão","Prata",,"Brasília","Fazenda Água Limpa."
"ÁREA DE RELEVANTE INTERESSE ECOLÓGICO CAPETINGA/TAQUARA","Angiosperms","Lamiaceae","Ocimum","basilicum","L.","LAMIACEAE Ocimum basilicum L.","UB1156489","splink","UB","Cares, J.E.","31","Native","1986","Incognito",,"Latão","Prata",,"Brasília","Fazenda Água Limpa, Fazenda Água Limpa."
"ÁREA DE RELEVANTE INTERESSE ECOLÓGICO CAPETINGA/TAQUARA","Angiosperms","Malvaceae","Urena","lobata","L.","MALVACEAE Urena lobata L.","UB1064139","splink","UB","Cares, J.H.","41","Native","1986",,,"Latão","Prata",,"Brasília","Fazenda Água Limpa."
"ÁREA DE RELEVANTE INTERESSE ECOLÓGICO CAPETINGA/TAQUARA","Angiosperms","Orthotrichaceae","Macromitrium",,"Brid.","ORTHOTRICHACEAE Macromitrium Brid.","UB1338449","splink","UB","Senna","006875Ab","Native","1986",,,"Latão","Prata",,"Brasília","Fazenda Água Limpa, 10m abaixo da Cachoeira do Caapetinga."
"ÁREA DE RELEVANTE INTERESSE ECOLÓGICO CAPETINGA/TAQUARA","Angiosperms","Oxalidaceae","Oxalis","triangularis","A.St.-Hil.","OXALIDACEAE Oxalis triangularis A.St.-Hil.","UB1358505",,"UB","Kaya, J.S.","s.n.","Native","1986",,,"Latão","Prata",,"Brasília","Fazenda Água Limpa."
"ÁREA DE RELEVANTE INTERESSE ECOLÓGICO CAPETINGA/TAQUARA","Angiosperms","Sphagnaceae","Sphagnum",,"L.","SPHAGNACEAE Sphagnum L.","UB1358590",,"UB","Senna","006896","Native","1986",,,"Latão","Prata",,"Brasília","Fazenda Água Limpa."
"ÁREA DE RELEVANTE INTERESSE ECOLÓGICO CAPETINGA/TAQUARA","Bryophytes","Verbenaceae","Lantana","camara","L.","VERBENACEAE Lantana camara L.","UB1216917","splink","UB","Porto, L.F.","s.n.","Native","1986",,,"Latão","Prata",,"Brasília","Fazenda Água Limpa."
"ÁREA DE RELEVANTE INTERESSE ECOLÓGICO CAPETINGA/TAQUARA","Angiosperms","Bignoniaceae","Bignonia","magnifica","W.Bull","BIGNONIACEAE Bignonia magnifica W.Bull","UB1358441",,"UB","Goncalves, M.","13","Native","1985","Incognito",,"Latão","Prata",,"Brasília","Fazenda Água Limpa."
"ÁREA DE RELEVANTE INTERESSE ECOLÓGICO CAPETINGA/TAQUARA","Angiosperms","Bryaceae","Rhodobryum",,"(Schimp.) Limpr.","BRYACEAE Rhodobryum (Schimp.) Limpr.","SP089999","splink","SP-BRYOPHYTA","Vital, D.M.","13298","Native","1985",,,"Latão","Prata",,"Brasília","Fazenda Água Limpa"
"ÁREA DE RELEVANTE INTERESSE ECOLÓGICO CAPETINGA/TAQUARA","Angiosperms","Calymperaceae","Syrrhopodon",,"Schwägr.","CALYMPERACEAE Syrrhopodon Schwägr.","SP089407","splink","SP-BRYOPHYTA","Vital, D.M.","13304","Native","1985",,,"Latão","Prata",,"Brasília","Fazenda Água Limpa"
"ÁREA DE RELEVANTE INTERESSE ECOLÓGICO CAPETINGA/TAQUARA","Angiosperms","Clusiaceae","Garcinia","brasiliensis","Mart.","CLUSIACEAE Garcinia brasiliensis Mart.","UB1070011",,"UB","Machado, J.W.B.","s.n.","Native","1985","Incognito",,"Latão","Prata",,"Brasília","Fazenda Água Limpa."
"ÁREA DE RELEVANTE INTERESSE ECOLÓGICO CAPETINGA/TAQUARA","Angiosperms","Dicranaceae","Campylopus","arctocarpus","(Hornsch.) Mitt.","DICRANACEAE Campylopus arctocarpus (Hornsch.) Mitt.","SP089986","splink","SP-BRYOPHYTA","Vital, D.M.","13284","Native","1985",,,"Latão","Prata",,"Brasília","Fazenda Água Limpa"
"ÁREA DE RELEVANTE INTERESSE ECOLÓGICO CAPETINGA/TAQUARA","Angiosperms","Dicranaceae","Dicranella",,"(Müll.Hal.) Schimp.","DICRANACEAE Dicranella (Müll.Hal.) Schimp.","SP089964","splink","SP-BRYOPHYTA","Vital, D.M.","13262","Native","1985",,,"Latão","Prata",,"Brasília","Fazenda Água Limpa"
"ÁREA DE RELEVANTE INTERESSE ECOLÓGICO CAPETINGA/TAQUARA",,"Entodontaceae","Mesonodon","regnellianus","(Müll.Hal.) W.R.Buck","ENTODONTACEAE Mesonodon regnellianus (Müll.Hal.) W.R.Buck","208260","splink","SP-BRYOPHYTA","Vital, D.M.","13315",,"1985",,,"Latão","Prata",,"Brasília","Fazenda Água Limpa"
"ÁREA DE RELEVANTE INTERESSE ECOLÓGICO CAPETINGA/TAQUARA","Ferns and Lycophytes","Leucobryaceae","Leucobryum","crispum","Müll. Hal.","LEUCOBRYACEAE Leucobryum crispum Müll. Hal.","SP089987","splink","SP-BRYOPHYTA","Vital, D.M.","13285","Native","1985",,,"Latão","Prata",,"Brasília","Fazenda Água Limpa"
"ÁREA DE RELEVANTE INTERESSE ECOLÓGICO CAPETINGA/TAQUARA","Angiosperms","Lythraceae","Diplusodon","hexander","DC.","LYTHRACEAE Diplusodon hexander DC.","5557","splink","HABIT","Ariluza, M.","974","Native","1985",,,"Latão","Prata",,"Brasília","Fazenda Água Limpa"
"ÁREA DE RELEVANTE INTERESSE ECOLÓGICO CAPETINGA/TAQUARA","Ferns and Lycophytes","Orthotrichaceae","Macromitrium","guatemalense","Müll. Hal.","ORTHOTRICHACEAE Macromitrium guatemalense Müll. Hal.","SP089982","splink","SP-BRYOPHYTA","Vital, D.M.","13280",,"1985",,,"Latão","Prata",,"Brasília","Fazenda Água Limpa"
"ÁREA DE RELEVANTE INTERESSE ECOLÓGICO CAPETINGA/TAQUARA","Angiosperms","Pottiaceae","Weissia",,"Hedw.","POTTIACEAE Weissia Hedw.","SP089951","splink","SP-BRYOPHYTA","Vital, D.M.","13249","Native","1985",,,"Latão","Prata",,"Brasília","Fazenda Água Limpa"
"ÁREA DE RELEVANTE INTERESSE ECOLÓGICO CAPETINGA/TAQUARA","Angiosperms","Pterobryaceae","Jaegerina","scariosa","(Lorentz) Arzeni","PTEROBRYACEAE Jaegerina scariosa (Lorentz) Arzeni","208254","splink","SP-BRYOPHYTA","Vital, D.M.","13309","Native","1985",,,"Latão","Prata",,"Brasília","Fazenda Água Limpa"
"ÁREA DE RELEVANTE INTERESSE ECOLÓGICO CAPETINGA/TAQUARA",,"Sematophyllaceae","Sematophyllum","adnatum","(Michx.) E.Britton","SEMATOPHYLLACEAE Sematophyllum adnatum (Michx.) E.Britton","SP089406","splink","SP-BRYOPHYTA","Vital, D.M.","13303",,"1985",,,"Latão","Prata",,"Brasília","Fazenda Água Limpa"
"ÁREA DE RELEVANTE INTERESSE ECOLÓGICO CAPETINGA/TAQUARA","Angiosperms","Clusiaceae","Garcinia",,"L.","CLUSIACEAE Garcinia L.","UB1236592","splink","UB","Nitikman, L.Z.","62","Native","1984","Incognito",,"Latão","Prata",,"Brasília","Fazenda Água Limpa."
"ÁREA DE RELEVANTE INTERESSE ECOLÓGICO CAPETINGA/TAQUARA","Angiosperms","Euphorbiaceae","Maprounea",,"Aubl.","EUPHORBIACEAE Maprounea Aubl.","UB1279746","splink","UB","Nitikman, L.Z.","203","Native","1984","Incognito",,"Latão","Prata",,"Brasília","Fazenda Água Limpa, Fazenda Água Limpa - Universidade de Brasília."
"ÁREA DE RELEVANTE INTERESSE ECOLÓGICO CAPETINGA/TAQUARA",,"Fabaceae","Machaerium","opacum","Vogel","FABACEAE Machaerium opacum Vogel","UB1163373","splink","UB","Haridasan, M.","MH486",,"1984","Incognito",,"Latão","Prata",,"Brasília","Fazenda Água Limpa, Fazenda Água Limpa."
"ÁREA DE RELEVANTE INTERESSE ECOLÓGICO CAPETINGA/TAQUARA","Angiosperms","Lamiaceae","Salvia","tomentella","Pohl","LAMIACEAE Salvia tomentella Pohl","UB1358473",,"UB","Proenca, C.E.B.","430","Native","1984","Incognito",,"Latão","Prata",,"Brasília","Fazenda Água Limpa."
"ÁREA DE RELEVANTE INTERESSE ECOLÓGICO CAPETINGA/TAQUARA","Angiosperms","Asteraceae","Ambrosia","polystachya","DC.","ASTERACEAE Ambrosia polystachya DC.","UB0049312",,"UB","Pereira, L.","35","Native","1983",,,"Latão","Prata",,"Brasília","Faz. Água Limpa. Antigo canteiro de ervas medicinais."
"ÁREA DE RELEVANTE INTERESSE ECOLÓGICO CAPETINGA/TAQUARA","Angiosperms","Asteraceae","Emilia","sonchifolia","(L.) DC.","ASTERACEAE Emilia sonchifolia (L.) DC.","UB0051308",,"UB","Pereira, L.","2","Native","1983",,,"Latão","Prata",,"Brasília","Fazenda Água Limpa."
"ÁREA DE RELEVANTE INTERESSE ECOLÓGICO CAPETINGA/TAQUARA","Angiosperms","Asteraceae","Galinsoga","quadriradiata","Ruiz & Pav.","ASTERACEAE Galinsoga quadriradiata Ruiz & Pav.","UB0051903",,"UB","Pereira, L.","30","Native","1983",,,"Latão","Prata",,"Brasília","Faz. Água Limpa - UnB"
"ÁREA DE RELEVANTE INTERESSE ECOLÓGICO CAPETINGA/TAQUARA","Angiosperms","Asteraceae","Sonchus","oleraceus","L.","ASTERACEAE Sonchus oleraceus L.","UB1353099",,"UB","Pereira, L.","11","Native","1983","Incognito",,"Latão","Prata",,"Brasília","Fazenda Água Limpa - Universidade de Brasília."
"ÁREA DE RELEVANTE INTERESSE ECOLÓGICO CAPETINGA/TAQUARA","Angiosperms","Asteraceae","Vernonanthura","polyanthes","(Sprengel) Vega & Dematteis","ASTERACEAE Vernonanthura polyanthes (Sprengel) Vega & Dematteis","UB1208156","splink","UB","Pereira, L.","41","Native","1983",,,"Latão","Prata",,"Brasília","Fazenda Água Limpa - Universidade de Brasília."
"ÁREA DE RELEVANTE INTERESSE ECOLÓGICO CAPETINGA/TAQUARA","Angiosperms","Euphorbiaceae","Ricinus","communis","L.","EUPHORBIACEAE Ricinus communis L.","UB1070920","splink","UB","Pereira, L.","39","Native","1983","Incognito",,"Latão","Prata",,"Brasília","Fazenda Água Limpa - Universidade de Brasília."
"ÁREA DE RELEVANTE INTERESSE ECOLÓGICO CAPETINGA/TAQUARA","Angiosperms","Fabaceae","Hymenaea","stigonocarpa","Mart. ex Hayne","FABACEAE Hymenaea stigonocarpa var. stigonocarpa Mart. ex Hayne","UEC147581","splink","UEC","Ratter, J.A.","s.n.","Native","1983",,,"Latão","Prata",,"Brasília","Fazenda Água Limpa, (University of Brasilia field station), near Vargem Bonita, ca. 18 km SSW of Brasilia TV tower. Relict cerrado tree in the square of the headquarters buildings."
"ÁREA DE RELEVANTE INTERESSE ECOLÓGICO CAPETINGA/TAQUARA","Angiosperms","Malvaceae","Pseudobombax","tomentosum","(Mart.) A.Robyns","MALVACEAE Pseudobombax tomentosum (Mart.) A.Robyns","UB1358490",,"UB","Haridasan, M.","414","Native","1983",,,"Latão","Prata",,"Brasília","Fazenda Água Limpa."
"ÁREA DE RELEVANTE INTERESSE ECOLÓGICO CAPETINGA/TAQUARA","Angiosperms","Poaceae","Eleusine","indica","(L.) Gaertn.","POACEAE Eleusine indica (L.) Gaertn.","UB1261587",,"UB","Pereira, L.","32","Native","1983",,,"Latão","Prata",,"Brasília","Área de restos de cultura. Antiga área de horticultura. Faz. Água Limpa."
"ÁREA DE RELEVANTE INTERESSE ECOLÓGICO CAPETINGA/TAQUARA","Angiosperms","Poaceae","Urochloa","plantaginea","(Link) R.D.Webster","POACEAE Urochloa plantaginea (Link) R.D.Webster","UB0025502",,"UB","L, P.","21","Native","1983","Incognito",,"Latão","Prata",,"Brasília","Fazenda Água Limpa, Fazenda Água Limpa."
"ÁREA DE RELEVANTE INTERESSE ECOLÓGICO CAPETINGA/TAQUARA","Angiosperms","Heliotropiaceae","Heliotropium","indicum","L.","HELIOTROPIACEAE Heliotropium indicum L.","UB1035425","splink","UB","Pereira, L.","18","Native","1983",,"2012","Latão","Prata",,"Brasília","Fazenda Água Limpa."
"ÁREA DE RELEVANTE INTERESSE ECOLÓGICO CAPETINGA/TAQUARA","Angiosperms","Asteraceae","Piptocarpha","opaca","(Benth.) Baker","ASTERACEAE Piptocarpha opaca (Benth.) Baker","US 2932452","x","US","Pereira, B.A.S.","329","Native","1982",,,"Latão","Prata",,"Brasília","Brasila - DF. Brasil. Distrito Federal. Fazenda Agua Limpa (UnB), adjacencias da cachoeirinha"
"ÁREA DE RELEVANTE INTERESSE ECOLÓGICO CAPETINGA/TAQUARA","Angiosperms","Campanulaceae","Siphocampylus","macropodus","(Thunb.) G.Don","CAMPANULACEAE Siphocampylus macropodus (Thunb.) G.Don","K001047231","splink","K","Pereira, B.A.S.","330","Native","1982",,,"Latão","Prata",,"Brasília","Fazenda Água Limpa (UnB) adjacencias da cachoeirinha."
"ÁREA DE RELEVANTE INTERESSE ECOLÓGICO CAPETINGA/TAQUARA","Angiosperms","Euphorbiaceae",,,"Juss.","EUPHORBIACEAE Euphorbiaceae Juss.","UB1238601","splink","UB","Nitikman, L.Z.","74","Native","1982",,,"Latão","Prata",,"Brasília","Fazenda Água Limpa, Fazenda Água Limpa, Mata do Capetinga, 20km S of Brasília."
"ÁREA DE RELEVANTE INTERESSE ECOLÓGICO CAPETINGA/TAQUARA","Angiosperms","Fabaceae","Dalbergia","densiflora","Benth.","FABACEAE Dalbergia densiflora Benth.","E00451179","splink","E",,"R. 4720","Native","1982",,,"Latão","Prata",,"Brasília","Brazil:Distrito Federál:Fazenda Agua Limpa (University of Brasilia field station), near Varge Bonita, c. 18 km. SSW of Brasilia TV tower."
"ÁREA DE RELEVANTE INTERESSE ECOLÓGICO CAPETINGA/TAQUARA","Angiosperms","Opiliaceae","Agonandra","brasiliensis","Miers ex Benth. & Hook.f.","OPILIACEAE Agonandra brasiliensis Miers ex Benth. & Hook.f.","UEC030592","splink","UEC","Ratter, J.A.","4779","Native","1982",,,"Latão","Prata",,"Brasília","Vargem Bonita, Vernacular names:Marfim, Cabo de machado. Fazenda Água Limpa ( University of Brasilia field station), nears Vargem Bonita, c.18 Km. SSWof Brasilia TV tower. Next cabeceira Sof the Corrego da Onça."
"ÁREA DE RELEVANTE INTERESSE ECOLÓGICO CAPETINGA/TAQUARA","Angiosperms","Piperaceae","Piper","coccoloboides","Kunth","PIPERACEAE Piper coccoloboides Kunth","UEC149832","splink","UEC","Ratter, J.A.","4799","Native","1982",,,"Latão","Prata",,"Brasília","Fazenda Água Limpa, (University of Brasilia field station), near Vargem Bonita, c. 18 km. SSW of Brasilia TV tower. In the shade of the gallery forest of the Corrego Capitinga close to the bridge."
"ÁREA DE RELEVANTE INTERESSE ECOLÓGICO CAPETINGA/TAQUARA","Angiosperms","Asteraceae","Lessingianthus","venosissimus","(Sch.Bip. ex Baker) H.Rob.","ASTERACEAE Lessingianthus venosissimus (Sch.Bip. ex Baker) H.Rob.","UB0190228",,"UB","Kirkbride Junior, J.H.","4315","Native","1981",,,"Latão","Prata",,"Brasília","Fazenda Água Limpa - Universidade de Brasília."
"ÁREA DE RELEVANTE INTERESSE ECOLÓGICO CAPETINGA/TAQUARA","Angiosperms","Fabaceae","Vatairea",,"Aubl.","FABACEAE Vatairea Aubl.","UB1207788","splink","UB","Pereira, B.A.S.","36","Native","1981","Incognito",,"Latão","Prata",,"Brasília","Fazenda Água Limpa, Fazenda Água Limpa."
"ÁREA DE RELEVANTE INTERESSE ECOLÓGICO CAPETINGA/TAQUARA","Angiosperms","Lentibulariaceae","Genlisea","filiformis","A.St.-Hil.","LENTIBULARIACEAE Genlisea filiformis A.St.-Hil.","UB1016410",,"UB","Kirkbride, M.C.G.","1484","Native","1981",,,"Latão","Prata",,"Brasília","Córrego da Onça, área sempre alagada. Fazenda Água Limpa, campo experimental da UnB."
"ÁREA DE RELEVANTE INTERESSE ECOLÓGICO CAPETINGA/TAQUARA","Angiosperms","Orchidaceae",,,"A.Juss.","ORCHIDACEAE Orchidaceae A.Juss.","UB0019302",,"UB","Kirkbride, M.C.G.","1448","Native","1981","Incognito",,"Latão","Prata",,"Brasília","Fazenda Água Limpa, Fazenda Água Limpa."
"ÁREA DE RELEVANTE INTERESSE ECOLÓGICO CAPETINGA/TAQUARA","Angiosperms","Cannabaceae","Trema",,"Lour.","CANNABACEAE Trema Lour.","UB1206809","splink","UB","Barros, M.A.G.","94","Native","1980","Incognito",,"Latão","Prata",,"Brasília","Fazenda Água Limpa, Córrego da Onça."
"ÁREA DE RELEVANTE INTERESSE ECOLÓGICO CAPETINGA/TAQUARA","Angiosperms","Fabaceae","Helicotropis","linearis","(Kunth) A. Delgado","FABACEAE Helicotropis linearis (Kunth) A. Delgado","UB1059747",,"UB","Cesar, H.L.","164","Native","1980",,,"Latão","Prata",,"Brasília","Fazenda Água Limpa. Área de experimentação sobre os efeitos do fogo na vegetação herbácea-subarbustiva."
"ÁREA DE RELEVANTE INTERESSE ECOLÓGICO CAPETINGA/TAQUARA","Angiosperms","Fabaceae","Lupinus",,"L.","FABACEAE Lupinus L.","UB1162824",,"UB","Meirelles","s.n.1","Native","1980",,,"Latão","Prata",,"Brasília","Fazenda Água Limpa, Fazenda Água Limpa."
"ÁREA DE RELEVANTE INTERESSE ECOLÓGICO CAPETINGA/TAQUARA","Angiosperms","Iridaceae","Sisyrinchium","incurvatum","Gardner","IRIDACEAE Sisyrinchium incurvatum Gardner","UB1349206","splink","UB","Cesar, F.B.","161","Native","1980",,,"Latão","Prata",,"Brasília","Fazenda Água Limpa."
"ÁREA DE RELEVANTE INTERESSE ECOLÓGICO CAPETINGA/TAQUARA","Angiosperms","Lepidoziaceae","Telaranea",,"(Spruce) Schiffn.","LEPIDOZIACEAE Telaranea (Spruce) Schiffn.","UB1017153","splink","UB","Incognito","s.n.","Native","1980",,,"Latão","Prata",,"Brasília","Fazenda Água Limpa."
"ÁREA DE RELEVANTE INTERESSE ECOLÓGICO CAPETINGA/TAQUARA","Angiosperms","Myrtaceae","Myrcia","eriocalyx","DC.","MYRTACEAE Myrcia eriocalyx DC.","MBM067292","splink","MBM","Fiedler, L.","79","Native","1980",,,"Latão","Prata",,"Brasília","Fazenda Água Limpa."
"ÁREA DE RELEVANTE INTERESSE ECOLÓGICO CAPETINGA/TAQUARA",,"Oxalidaceae","Oxalis","confertifolia","R.Knuth","OXALIDACEAE Oxalis confertifolia R.Knuth","UB1337662",,"UB","Lemes, H.H.L.","22",,"1980",,,"Latão","Prata",,"Brasília","Córrego da Onça. Fazenda Água Limpa. Campo Experimental da Universidade de Brasília."
"ÁREA DE RELEVANTE INTERESSE ECOLÓGICO CAPETINGA/TAQUARA",,"Rubiaceae","Malanea","macrophylla","Bartl. ex Griseb.","RUBIACEAE Malanea macrophylla Bartl. ex Griseb.","UEC106979","splink","UEC","Ratter, J.A.","4533",,"1980",,,"Latão","Prata",,"Brasília","Fazenda Água Limpa (university of Brasilia field station), near Vargem Bonita, com 18 Km. SSW of Brasilia TV tower."
"ÁREA DE RELEVANTE INTERESSE ECOLÓGICO CAPETINGA/TAQUARA","Angiosperms","Rubiaceae","Mitracarpus","megapotamicus","(Spreng.) Kuntze","RUBIACEAE Mitracarpus megapotamicus (Spreng.) Kuntze","UB1338275",,"UB","Cesar, H.L.","435","Native","1980",,,"Latão","Prata",,"Brasília","Fazenda Água Limpa."
"ÁREA DE RELEVANTE INTERESSE ECOLÓGICO CAPETINGA/TAQUARA","Angiosperms","Smilacaceae","Smilax","brasiliensis","Spreng.","SMILACACEAE Smilax brasiliensis Spreng.","UB0027086",,"UB","Cesar, H.L.","477","Native","1980","Incognito",,"Latão","Prata",,"Brasília","Fazenda Água Limpa."
"ÁREA DE RELEVANTE INTERESSE ECOLÓGICO CAPETINGA/TAQUARA","Angiosperms","Turneraceae","Piriqueta","sidifolia","(Cambess.) Urb.","TURNERACEAE Piriqueta sidifolia (Cambess.) Urb.","UB1017428",,"UB","Ratter, J.A.","4559","Native","1980",,,"Latão","Prata",,"Brasília","Fazenda Água Limpa (University of Brasília field station), near Vargem Bonita, ca. 18km SSW of Brasília TV tower."
"ÁREA DE RELEVANTE INTERESSE ECOLÓGICO CAPETINGA/TAQUARA","Angiosperms","Verbenaceae","Lantana",,"L.","VERBENACEAE Lantana L.","FLOR0007528",,"FLOR","Souza, M.L.","15","Native","1980",,,"Latão","Prata",,"Brasília","Fazenda da Água Limpa (FAL), campo Experimental da UNB, Córrego da Onça."
"ÁREA DE RELEVANTE INTERESSE ECOLÓGICO CAPETINGA/TAQUARA","Angiosperms","Solanaceae","Athenaea","velutina","(Sendtn.) D'Arcy","SOLANACEAE Athenaea velutina (Sendtn.) D'Arcy","MO-1261757","splink","MO","Heringer, E.P.","5871","Native","1980",,"2015","Latão","Prata",,"Brasília","Fazenda Agua Limpa - UnB."
"ÁREA DE RELEVANTE INTERESSE ECOLÓGICO CAPETINGA/TAQUARA","Angiosperms","Asteraceae","Lessingianthus","secundus","(Sch.Bip. ex Baker) H.Rob.","ASTERACEAE Lessingianthus secundus (Sch.Bip. ex Baker) H.Rob.","UB0190186",,"UB","Cesar, H.L.","306","Native","1979",,,"Latão","Prata",,"Brasília","Fazenda Água Limpa - Universidade de Brasília."
"ÁREA DE RELEVANTE INTERESSE ECOLÓGICO CAPETINGA/TAQUARA","Angiosperms","Fabroniaceae","Fabronia","ciliaris","(Hook.) W.R. Buck","FABRONIACEAE Fabronia ciliaris var. polycarpa (Hook.) W.R. Buck","UB1195252","splink","UB","Alves, R.B.N.","01456s.n.","Native","1979",,,"Latão","Prata",,"Brasília","Fazenda Água Limpa, Fazenda Água Limpa."
"ÁREA DE RELEVANTE INTERESSE ECOLÓGICO CAPETINGA/TAQUARA","Angiosperms","Orthotrichaceae","Schlotheimia","jamesonii","(Arn.) Brid.","ORTHOTRICHACEAE Schlotheimia jamesonii (Arn.) Brid.","UB1339807","splink","UB","Garcia, E.","0148631","Native","1979",,,"Latão","Prata",,"Brasília","Município de Brasília. Fazenda Água Limpa, cerca 18 km SSw de Brasília. Córrego Capetinga."
"ÁREA DE RELEVANTE INTERESSE ECOLÓGICO CAPETINGA/TAQUARA","Angiosperms","Rubiaceae","Cordiera","obtusa","(K.Schum.) Kuntze","RUBIACEAE Cordiera obtusa (K.Schum.) Kuntze","K001139861","splink","K","Heringer, E.P.","2640","Native","1979",,,"Latão","Prata",,"Brasília","Fazenda Água Limpa - UnB."
"ÁREA DE RELEVANTE INTERESSE ECOLÓGICO CAPETINGA/TAQUARA","Angiosperms","Amaranthaceae","Pfaffia","aphylla","Suess.","AMARANTHACEAE Pfaffia aphylla Suess.","MBM229679","splink","MBM","Ratter, J.A.S.J.A.S.F.C.","4279","Native","1978",,,"Latão","Prata",,"Brasília","Fazenda Água Limpa."
"ÁREA DE RELEVANTE INTERESSE ECOLÓGICO CAPETINGA/TAQUARA","Angiosperms","Bromeliaceae","Bromelia","villosa","Mez","BROMELIACEAE Bromelia villosa Mez","K000976527","splink","K","Ratter, J.A.","R4258","Native","1978",,,"Latão","Prata",,"Brasília","Fazenda Água Limpa (University of Brasília field station), near Vargem Bonita , c.18km ssw of Brasília TV tower."
"ÁREA DE RELEVANTE INTERESSE ECOLÓGICO CAPETINGA/TAQUARA","Angiosperms","Clusiaceae","Clusia","criuva","Cambess.","CLUSIACEAE Clusia criuva Cambess.","UB1097471","splink","UB","Ratter, J.A.","4263","Native","1978","Incognito",,"Latão","Prata",,"Brasília","Fazenda Água Limpa, Fazenda Água Limpa."
"ÁREA DE RELEVANTE INTERESSE ECOLÓGICO CAPETINGA/TAQUARA","Angiosperms","Cyperaceae","Bulbostylis","emmerichiae","T.Koyama","CYPERACEAE Bulbostylis emmerichiae T.Koyama","INPA0206285","splink","INPA","Ratter, J.A.","4240","Native","1978",,,"Latão","Prata",,"Brasília","Fazenda Água Limpa"
"ÁREA DE RELEVANTE INTERESSE ECOLÓGICO CAPETINGA/TAQUARA","Angiosperms","Myrtaceae","Myrcia","reticulosa","Miq.","MYRTACEAE Myrcia reticulosa Miq.","K000342829","splink","K","Ratter, J.A.","R4265","Native","1978",,,"Latão","Prata",,"Brasília","Fazenda Agua Limpa (Uni. Of Brasilia field station), near Vargem Bonita, 18km. SSW of Brasilia TV Tower."
"ÁREA DE RELEVANTE INTERESSE ECOLÓGICO CAPETINGA/TAQUARA","Angiosperms","Rubiaceae","Declieuxia","cordigera","Mart. & Zucc. ex Schult. & Schult.f.","RUBIACEAE Declieuxia cordigera Mart. & Zucc. ex Schult. & Schult.f.","UB1338640",,"UB","Ratter, J.A.","4237","Native","1978",,,"Latão","Prata",,"Brasília","Fazenda Água Limpa (University of Brasília fields station), near Vargem Bonita, c. 18 Km. SSW of Brasília TV tower."
"ÁREA DE RELEVANTE INTERESSE ECOLÓGICO CAPETINGA/TAQUARA","Angiosperms","Solanaceae","Solanum","americanum","Mill.","SOLANACEAE Solanum americanum Mill.","00697473","splink","NY","Ratter, J.A.","4262","Native","1978",,"2017","Latão","Prata",,"Brasília","Fazenda Agua Limpa (University of Brasília field station), near Vargem Bonita, c. 18 km. SSW of Brasília TV tower"
"ÁREA DE RELEVANTE INTERESSE ECOLÓGICO CAPETINGA/TAQUARA","Angiosperms","Apocynaceae","Aspidosperma","olivaceum","Müll.Arg.","APOCYNACEAE Aspidosperma olivaceum Müll.Arg.","INPA0204844","splink","INPA","Ratter, J.A.","3906","Native","1976",,,"Latão","Prata",,"Brasília","Fazenda Água Limpa"
"ÁREA DE RELEVANTE INTERESSE ECOLÓGICO CAPETINGA/TAQUARA","Angiosperms","Araliaceae",,,"Juss.","ARALIACEAE Araliaceae Juss.","UB1268551","splink","UB","Cavalcanti, J.R.S.","10","Naturalized","1976",,,"Latão","Prata",,"Brasília","Fazenda Água Limpa."
"ÁREA DE RELEVANTE INTERESSE ECOLÓGICO CAPETINGA/TAQUARA","Angiosperms","Calophyllaceae","Calophyllum",,"L.","CALOPHYLLACEAE Calophyllum L.","UB1041946","splink","UB","Ratter, J.A.","3703","Native","1976","Incognito",,"Latão","Prata",,"Brasília","Fazenda Água Limpa, Fazenda Água Limpa."
"ÁREA DE RELEVANTE INTERESSE ECOLÓGICO CAPETINGA/TAQUARA","Angiosperms","Cucurbitaceae","Cayaponia","tayuya","(Vell.) Cogn.","CUCURBITACEAE Cayaponia tayuya (Vell.) Cogn.","UB1162024","splink","UB","Ratter, J.A.","R3518","Native","1976",,,"Latão","Prata",,"Brasília","Fazenda Água Limpa, Fazenda Água Limpa (University of Brasília fiel station), near Vargem Bonita. Ca. 18km SSW of Brasília TV tower."
"ÁREA DE RELEVANTE INTERESSE ECOLÓGICO CAPETINGA/TAQUARA","Ferns and Lycophytes","Euphorbiaceae","Maprounea","brasiliensis","A.St.-Hil.","EUPHORBIACEAE Maprounea brasiliensis A.St.-Hil.","4888","splink","UEC","Ratter, J.A.","2950",,"1976",,,"Latão","Prata",,"Brasília","Fazenda Água Limpa (University of Brasil, near Vargem Bonita, c.; 18 km SSW of Brasilia TV tower"
"ÁREA DE RELEVANTE INTERESSE ECOLÓGICO CAPETINGA/TAQUARA","Angiosperms","Fabaceae","Acacia",,"Mill.","FABACEAE Acacia Mill.","UB1197131","splink","UB","Ratter, J.A.","3882","Native","1976","Incognito",,"Latão","Prata",,"Brasília","Fazenda Água Limpa, Fazenda Água Limpa."
"ÁREA DE RELEVANTE INTERESSE ECOLÓGICO CAPETINGA/TAQUARA","Angiosperms","Fabaceae","Aeschynomene",,"L.","FABACEAE Aeschynomene L.","UB1198728","splink","UB","Ratter, J.A.","3209","Native","1976","Incognito",,"Latão","Prata",,"Brasília","Fazenda Água Limpa, Fazenda Água Limpa."
"ÁREA DE RELEVANTE INTERESSE ECOLÓGICO CAPETINGA/TAQUARA","Angiosperms","Fabaceae","Apuleia","leiocarpa","(Vogel) J.F.Macbr.","FABACEAE Apuleia leiocarpa (Vogel) J.F.Macbr.","UB1268488",,"UB","Ratter, J.A.","3859","Native","1976",,,"Latão","Prata",,"Brasília","Fazenda Água Limpa (University of Brasília field station), near Vargem Bonita, c. 18 km SSW of Brasília TV tower."
"ÁREA DE RELEVANTE INTERESSE ECOLÓGICO CAPETINGA/TAQUARA","Angiosperms","Fabaceae","Eriosema","campestre","Benth.","FABACEAE Eriosema campestre var. campestre Benth.","UB1150418","splink","UB","Ratter, J.A.","4027","Native","1976","Incognito",,"Latão","Prata",,"Brasília","Fazenda Água Limpa, Fazenda Água Limpa."
"ÁREA DE RELEVANTE INTERESSE ECOLÓGICO CAPETINGA/TAQUARA","Angiosperms","Fabaceae","Lupinus","arenarius","Gardner","FABACEAE Lupinus arenarius Gardner","UB1162935","splink","UB","Ratter, J.A.","2819","Native","1976",,,"Latão","Prata",,"Brasília","Fazenda Água Limpa (University of Brasília field station), near Vargem Bonita, c. 18 Km. SSw of Brasília TV tower."
"ÁREA DE RELEVANTE INTERESSE ECOLÓGICO CAPETINGA/TAQUARA","Angiosperms","Fabaceae","Ormosia",,"Jacks.","FABACEAE Ormosia Jacks.","8659","splink","UEC","Ratter, J.A.","3782","Native","1976",,,"Latão","Prata",,"Brasília","Fazenda Água Limpa, University of Brasília field Station, near Vargem Bonita, ca. 18 Km SSW of Brasília TV Tower. In Gallery Forest."
"ÁREA DE RELEVANTE INTERESSE ECOLÓGICO CAPETINGA/TAQUARA","Angiosperms","Fabaceae","Ormosia","nobilis","Tul.","FABACEAE Ormosia nobilis Tul.","UB1156923","splink","UB","Ratter, J.A.","3782","Native","1976","Incognito",,"Latão","Prata",,"Brasília","Fazenda Água Limpa, Fazenda Água Limpa."
"ÁREA DE RELEVANTE INTERESSE ECOLÓGICO CAPETINGA/TAQUARA","Angiosperms","Fabaceae","Piptadenia","adiantoides","(Spreng.) J.F.Macbr.","FABACEAE Piptadenia adiantoides (Spreng.) J.F.Macbr.","UEC150191","splink","UEC","Ratter, J.A.","3861","Native","1976",,,"Latão","Prata",,"Brasília","Fazenda Agua Limpa"
"ÁREA DE RELEVANTE INTERESSE ECOLÓGICO CAPETINGA/TAQUARA","Angiosperms","Gentianaceae","Chelonanthus","alatus","(Aubl.) Pulle","GENTIANACEAE Chelonanthus alatus (Aubl.) Pulle","K001049083","splink","K","Ratter, J.A.","2800","Native","1976",,,"Latão","Prata",,"Brasília","Fazenda Agua Limpa (University of Brasília field station), near Vargem Bonita. c.18km SSW of Brasília TV Tower."
"ÁREA DE RELEVANTE INTERESSE ECOLÓGICO CAPETINGA/TAQUARA","Ferns and Lycophytes","Lauraceae","Endlicheria","paniculata","(Spreng.) J.F.Macbr.","LAURACEAE Endlicheria paniculata (Spreng.) J.F.Macbr.","UB0041964",,"UB","Ratter, J.A.","3788","Native","1976",,,"Latão","Prata",,"Brasília","Fazenda Água Limpa (University of Brasília field station), near Vargem Bonita, c. 18Km SSW of Brasília TV tower"
"ÁREA DE RELEVANTE INTERESSE ECOLÓGICO CAPETINGA/TAQUARA","Angiosperms","Malpighiaceae","Mascagnia",,"(Bertero ex DC.) Bertero","MALPIGHIACEAE Mascagnia (Bertero ex DC.) Bertero","UB1280041","splink","UB","Ratter, J.A.","3902","Native","1976","Incognito",,"Latão","Prata",,"Brasília","Fazenda Água Limpa, Fazenda Água Limpa."
"ÁREA DE RELEVANTE INTERESSE ECOLÓGICO CAPETINGA/TAQUARA","Angiosperms","Malpighiaceae","Peixotoa","cordistipula","A.Juss.","MALPIGHIACEAE Peixotoa cordistipula A.Juss.","9829","splink","UEC","Ratter, J.A.","2779","Native","1976",,,"Latão","Prata",,"Brasília","Fazenda Água Limpa (University of Brasil"
"ÁREA DE RELEVANTE INTERESSE ECOLÓGICO CAPETINGA/TAQUARA","Angiosperms","Malvaceae","Melochia","pyramidata","L.","MALVACEAE Melochia pyramidata L.","UB1358794",,"UB","Ratter, J.A.","3085",,"1976",,,"Latão","Prata",,"Brasília","Fazenda Água Limpa(University of Brasília field satation)near Vargem Bonita."
"ÁREA DE RELEVANTE INTERESSE ECOLÓGICO CAPETINGA/TAQUARA",,"Melastomataceae","Cambessedesia","fasciculata","(Spreng.) Fidanza & A.B.Martins","MELASTOMATACEAE Cambessedesia fasciculata (Spreng.) Fidanza & A.B.Martins","US01899530","splink","US","Ratter, J.","3982",,"1976",,,"Latão","Prata",,"Brasília","Fazenda Água Limpa (University of Brasília field station), near Vargem Bonita, c. 18km SSW of Brasília TV tower"
"ÁREA DE RELEVANTE INTERESSE ECOLÓGICO CAPETINGA/TAQUARA","Angiosperms","Menispermaceae","Cissampelos","pareira","L.","MENISPERMACEAE Cissampelos pareira L.","K001106781","splink","K","Ratter, J.A.","3708","Native","1976",,,"Latão","Prata",,"Brasília","Fazenda Água Limpa (University of Brasília field station), near Vargem Bonita, c.18km SSW of Brasília TV Tower."
"ÁREA DE RELEVANTE INTERESSE ECOLÓGICO CAPETINGA/TAQUARA","Angiosperms","Monimiaceae","Macropeplus","ligustrinus","(Taubert) Perkins","MONIMIACEAE Macropeplus ligustrinus var. pyrenae (Taubert) Perkins","UB1017377","splink","UB","Ratter, J.A.","3585","Native","1976",,,"Latão","Prata",,"Brasília","Fazenda Água Limpa (University of Brasília field station), near Vargem Bonita, c. 18km SSw of Brasília TV tower."
"ÁREA DE RELEVANTE INTERESSE ECOLÓGICO CAPETINGA/TAQUARA","Angiosperms","Moraceae","Ficus",,"L.","MORACEAE Ficus L.","UB1358837",,"UB","Ratter, J.A.","3896","Native","1976",,,"Latão","Prata",,"Brasília","Fazenda Água Limpa (University of Brasília field station) near Vargem Bonita, ca. 18km SSW of Brasília TV Tower."
"ÁREA DE RELEVANTE INTERESSE ECOLÓGICO CAPETINGA/TAQUARA","Angiosperms","Plantaginaceae","Scoparia","dulcis","L.","PLANTAGINACEAE Scoparia dulcis L.","UB1017462",,"UB","Ratter, J.A.","3646","Native","1976",,,"Latão","Prata",,"Brasília","Fazenda Água Limpa (University of Brasília of Brasília field station), near Vargem Bonita, ca. 18km SSW of Brasília TV tower."
"ÁREA DE RELEVANTE INTERESSE ECOLÓGICO CAPETINGA/TAQUARA","Angiosperms","Poaceae","Parodiophyllochloa","penicillata","(Nees ex Trin.) Zuloaga & Morrone","POACEAE Parodiophyllochloa penicillata (Nees ex Trin.) Zuloaga & Morrone","UB1017419",,"UB","Ratter, J.A.","3784","Native","1976",,,"Latão","Prata",,"Brasília","Fazenda Água Limpa (University of Brasília field station), near Vargem Bonita, ca. 18km SSW of Brasília TV tower."
"ÁREA DE RELEVANTE INTERESSE ECOLÓGICO CAPETINGA/TAQUARA","Angiosperms","Polygalaceae","Senega","hygrophila","(Kunth) J.F.B.Pastore","POLYGALACEAE Senega hygrophila (Kunth) J.F.B.Pastore","K001133387","splink","K","Ratter, J.A.","2793","Native","1976",,,"Latão","Prata",,"Brasília","Fazenda Água Limpa (University of Brasília field station), near Vergem Bonita, c. 18km. SSW of Brasília TV tower."
"ÁREA DE RELEVANTE INTERESSE ECOLÓGICO CAPETINGA/TAQUARA","Angiosperms","Polygalaceae","Senega","subtilis","(Kunth) J.F.B.Pastore","POLYGALACEAE Senega subtilis (Kunth) J.F.B.Pastore","K001133109","splink","K","Ratter, J.A.","2977","Native","1976",,,"Latão","Prata",,"Brasília","Fazenda Água Limpa (University of Brasília field station), near Vargem Bonita ca. 18 km SSW of Brasília TV tower."
"ÁREA DE RELEVANTE INTERESSE ECOLÓGICO CAPETINGA/TAQUARA","Angiosperms","Primulaceae","Cybianthus","verticillatus","(Vell.) G.Agostini","PRIMULACEAE Cybianthus verticillatus (Vell.) G.Agostini","UB1358819",,"UB","Ratter, J.A.","3682","Native","1976",,,"Latão","Prata",,"Brasília","Fazenda Água Limpa (University of Brasília field station), near Vargem Bonita, c. 18 Km. SSW of Brasília TV tower."
"ÁREA DE RELEVANTE INTERESSE ECOLÓGICO CAPETINGA/TAQUARA","Angiosperms","Rubiaceae","Cordiera","humilis","(K.Schum.) Kuntze","RUBIACEAE Cordiera humilis (K.Schum.) Kuntze","K001135374","splink","K","Ratter, J.A.","4047","Native","1976",,,"Latão","Prata",,"Brasília","Fazenda Agua Limpa (University of Brasília field station), near Vargem Bonita, c. 18 km SSW of Brasília TV Tower."
"ÁREA DE RELEVANTE INTERESSE ECOLÓGICO CAPETINGA/TAQUARA","Angiosperms","Rubiaceae","Galianthe","valerianoides","(Cham. & Schltdl.) E.L.Cabral","RUBIACEAE Galianthe valerianoides (Cham. & Schltdl.) E.L.Cabral","UB1017423",,"UB","Ratter, J.A.","2881A","Cultivated","1976",,,"Latão","Prata",,"Brasília","Fazenda Água Limpa (University of Brasília field station), near Vargem Bonita, ca. 18km SSW of Brasília TV tower."
"ÁREA DE RELEVANTE INTERESSE ECOLÓGICO CAPETINGA/TAQUARA","Angiosperms","Rubiaceae","Mitracarpus",,"Zucc. ex Schult. & Schult.f.","RUBIACEAE Mitracarpus Zucc. ex Schult. & Schult.f.","UEC112076","splink","UEC","Ratter, J.A.","R2795","Native","1976",,,"Latão","Prata",,"Brasília","Fazenda Agua Limpa ( University of Brasilia field station), near Vargem Bonita, c. 18 km. SSW of Brasilia TV tower."
"ÁREA DE RELEVANTE INTERESSE ECOLÓGICO CAPETINGA/TAQUARA",,"Solanaceae","Solanum","schumannianum","Dammer","SOLANACEAE Solanum schumannianum Dammer","UEC065306","splink","UEC","Ratter, J.A.","s.n.",,"1976",,,"Latão","Prata",,"Brasília","Fazenda Agua Limpa(University of Brasília field station), near Vargem Bonita, ca. 18km. SSW of Brasília TV tower."
"ÁREA DE RELEVANTE INTERESSE ECOLÓGICO CAPETINGA/TAQUARA","Angiosperms","Vochysiaceae","Qualea",,"Aubl.","VOCHYSIACEAE Qualea Aubl.","UB1069491","splink","UB","Ratter, J.A.","3869","Native","1976","Incognito",,"Latão","Prata",,"Brasília","Fazenda Água Limpa, perto Vargem Bonita, ca. 18 km SSW of Torre TV."
"ÁREA DE RELEVANTE INTERESSE ECOLÓGICO CAPETINGA/TAQUARA","Angiosperms","Vochysiaceae","Qualea","dichotoma","(Warm.) Stafleu","VOCHYSIACEAE Qualea dichotoma var. elongata (Warm.) Stafleu","K001076929","splink","K","Ratter, J.A.","3821","Native","1976",,,"Latão","Prata",,"Brasília","Fazenda Água Limpa (University of Brasília field station), near Vargem Bonita, ca. 18 km SSW of Brasília TV tower. In sparse cerrado at the hear of the cabeceira below the Olho de Água da Onça."
"ÁREA DE RELEVANTE INTERESSE ECOLÓGICO CAPETINGA/TAQUARA",,"Poaceae","Tripsacum","latifolium","Hitchc.","POACEAE Tripsacum latifolium Hitchc.","UB1017046",,"UB","Eiten, G.","s.n.",,"1975",,,"Latão","Prata",,"Brasília","Fazenda Água Limpa."
"ÁREA DE RELEVANTE INTERESSE ECOLÓGICO CAPETINGA/TAQUARA","Angiosperms","Asteraceae","Elephantopus","riparius","Gardner","ASTERACEAE Elephantopus riparius Gardner","UB0051212",,"UB","Philcox, D.","4895","Native","1968",,,"Latão","Prata",,"Brasília","Fazenda Água Limpa, Fazenda Água Limpa - Universidade de Brasília."
"ÁREA DE RELEVANTE INTERESSE ECOLÓGICO CAPETINGA/TAQUARA","Angiosperms","Gentianaceae","Curtia","verticillaris","(Spreng.) Knobl.","GENTIANACEAE Curtia verticillaris (Spreng.) Knobl.","K001048721","splink","K","Philcox, D.","4888","Native","1968",,,"Latão","Prata",,"Brasília","Fazenda Agua Limpa, 25 km SSE Brasília."
"ÁREA DE RELEVANTE INTERESSE ECOLÓGICO CAPETINGA/TAQUARA","Angiosperms","Poaceae","Muhlenbergia","beyrichiana","Kunth","POACEAE Muhlenbergia beyrichiana Kunth","UB1341772",,"UB","Lima, N.","254","Native","1968",,,"Latão","Prata",,"Brasília","Universidade de Brasília, Fazenda Água Limpa."
"ÁREA DE RELEVANTE INTERESSE ECOLÓGICO CAPETINGA/TAQUARA","Angiosperms","Poaceae","Oplismenus",,"P.Beauv.","POACEAE Oplismenus P.Beauv.","UB0026306",,"UB","Lima, N.","252","Native","1968","Incognito",,"Latão","Prata",,"Brasília","Fazenda Água Limpa."
"ÁREA DE RELEVANTE INTERESSE ECOLÓGICO CAPETINGA/TAQUARA","Angiosperms","Asteraceae","Pluchea","sagittalis","(Lam.) Cabrera","ASTERACEAE Pluchea sagittalis (Lam.) Cabrera","UB1330891","splink","UB","Cares, J.E.","60","Native","1960","Incognito",,"Latão","Prata",,"Brasília","Fazenda Água Limpa - Universidade de Brasília."
"ÁREA DE RELEVANTE INTERESSE ECOLÓGICO CAPETINGA/TAQUARA","Angiosperms","Geraniaceae","Pelargonium","odoratissimum","(L.) L'Hér.","GERANIACEAE Pelargonium odoratissimum (L.) L'Hér.","UB1059154","splink","UB","Cares, J.E.","64","Native","1960","Incognito",,"Latão","Prata",,"Brasília","Fazenda Água Limpa."
