"UC","Grupos","Família","Gênero","Espécie","Autor","Táxon_completo","Barcode","BD_Origem","Herbário","Coletor","Número_da_Coleta","Origem_FFBr","AnoColeta","Identificador","AnoID","ConfiançaID","ConfiançaLoc","Imagens","Município","Localidade"
"RESERVA PARTICULAR DO PATRIMÔNIO NATURAL FAZENDA CARUARA","Angiosperms","Amaranthaceae","Alternanthera","littoralis","P.Beauv.","AMARANTHACEAE Alternanthera littoralis P.Beauv.","HUENF00000981",,"HUENF","Assumpcao, J.","10","Native","1995",,,"Latão","Ouro","jbrj-public-img.s3-sa-east-1.amazonaws.com/JPG/huenf/huenf/0/0/9/81/huenf00000981.jpg","São João da Barra","Restinga de Iquipari Reserva Particular do Patrimônio Natural Fazenda Caruara"
"RESERVA PARTICULAR DO PATRIMÔNIO NATURAL FAZENDA CARUARA","Angiosperms","Amaranthaceae","Alternanthera","littoralis","P.Beauv.","AMARANTHACEAE Alternanthera littoralis P.Beauv.","HUENF00000223",,"HUENF","Nascimento, M.T.","10","Native","1995",,,"Latão","Ouro",,"São João da Barra","Restinga de Iquipari Reserva Particular do Patrimônio Natural Fazenda Caruara"
"RESERVA PARTICULAR DO PATRIMÔNIO NATURAL FAZENDA CARUARA","Angiosperms","Amaranthaceae","Alternanthera","littoralis","P.Beauv.","AMARANTHACEAE Alternanthera littoralis P.Beauv.","HUENF00000981","splink","HUENF","Assumpcao, J.","10","Native","1995",,,"Latão","Ouro",,"São João da Barra","Restinga de Iquipari Reserva Particular do Patrimônio Natural Fazenda Caruara"
"RESERVA PARTICULAR DO PATRIMÔNIO NATURAL FAZENDA CARUARA","Angiosperms","Amaranthaceae","Blutaparon","portulacoides","(A.St.-Hil.) Mears","AMARANTHACEAE Blutaparon portulacoides (A.St.-Hil.) Mears","HUENF00013457","splink","HUENF","Oliveira, D.S.","1","Native","2022","Viana, H.B.M.","2022","Bronze","Ouro",,"São João da Barra","Restinga. RPPN Fazenda Caruara"
"RESERVA PARTICULAR DO PATRIMÔNIO NATURAL FAZENDA CARUARA","Angiosperms","Amaranthaceae","Blutaparon","portulacoides","(A.St.-Hil.) Mears","AMARANTHACEAE Blutaparon portulacoides (A.St.-Hil.) Mears","HUENF00000173",,"HUENF","Assumpcao, J.","9","Native","1995",,,"Latão","Ouro","jbrj-public-img.s3-sa-east-1.amazonaws.com/JPG/huenf/huenf/0/0/1/73/huenf00000173.jpg","São João da Barra","Restinga de Iquipari Reserva Particular do Patrimônio Natural Fazenda Caruara"
"RESERVA PARTICULAR DO PATRIMÔNIO NATURAL FAZENDA CARUARA","Angiosperms","Anacardiaceae","Schinus","terebinthifolia","Raddi","ANACARDIACEAE Schinus terebinthifolia Raddi","HUENF00015426",,"HUENF","Cunha, L.L.F.","2","Native","2024","Viana, H.B.M.","2024","Bronze","Ouro","jbrj-public-img.s3-sa-east-1.amazonaws.com/JPG/huenf/huenf/0/1/54/26/huenf00015426.jpg","São João da Barra","Reserva Particular do Patrimônio Natural da Fazenda Caruara (RPPN Caruara)."
"RESERVA PARTICULAR DO PATRIMÔNIO NATURAL FAZENDA CARUARA","Angiosperms","Anacardiaceae","Schinus","terebinthifolia","Raddi","ANACARDIACEAE Schinus terebinthifolia Raddi","HUENF00013464",,"HUENF","Oliveira, D.S.","8","Native","2022","Viana, H.B.M.","2022","Bronze","Ouro","jbrj-public-img.s3-sa-east-1.amazonaws.com/JPG/huenf/huenf/0/1/34/64/huenf00013464.jpg","São João da Barra","Restinga. RPPN Fazenda Caruara"
"RESERVA PARTICULAR DO PATRIMÔNIO NATURAL FAZENDA CARUARA","Angiosperms","Anacardiaceae","Schinus","terebinthifolia","Raddi","ANACARDIACEAE Schinus terebinthifolia Raddi","HUENF00009726",,"HUENF","Souza, F.R.B.","1","Native","2012","Couto, D.R.","2020","Bronze","Ouro","jbrj-public-img.s3-sa-east-1.amazonaws.com/JPG/huenf/huenf/0/0/97/26/huenf00009726.jpg","São João da Barra","Restinga de Iquipari Reserva Particular do Patrimônio Natural Fazenda Caruara"
"RESERVA PARTICULAR DO PATRIMÔNIO NATURAL FAZENDA CARUARA","Angiosperms","Anacardiaceae","Schinus","terebinthifolia","Raddi","ANACARDIACEAE Schinus terebinthifolia Raddi","HUENF00009177",,"HUENF","Endriger, F.B.","11","Native","2010","Souza, T.P.",,"Bronze","Ouro","jbrj-public-img.s3-sa-east-1.amazonaws.com/JPG/huenf/huenf/0/0/91/77/huenf00009177.jpg","São João da Barra","Restinga de Iquipari Reserva Particular do Patrimônio Natural Fazenda Caruara"
"RESERVA PARTICULAR DO PATRIMÔNIO NATURAL FAZENDA CARUARA","Angiosperms","Anacardiaceae","Schinus","terebinthifolia","Raddi","ANACARDIACEAE Schinus terebinthifolia Raddi","HUENF00007076",,"HUENF","Clemerson","Ind 01","Native","2007","Couto, D.R.","2020","Bronze","Ouro","jbrj-public-img.s3-sa-east-1.amazonaws.com/JPG/huenf/huenf/0/0/70/76/huenf00007076.jpg","São João da Barra","Restinga de Iquipari Reserva Particular do Patrimônio Natural Fazenda Caruara"
"RESERVA PARTICULAR DO PATRIMÔNIO NATURAL FAZENDA CARUARA","Angiosperms","Anacardiaceae","Tapirira","guianensis","Aubl.","ANACARDIACEAE Tapirira guianensis Aubl.","RB00935217","x","RB","Mattedi, A.D.","260","Native","2013","Braga, J.M.A.","2013","Bronze","Ouro",,,"RPPN Fazenda Caruara. RPPN Fazenda Caruara"
"RESERVA PARTICULAR DO PATRIMÔNIO NATURAL FAZENDA CARUARA","Angiosperms","Anacardiaceae","Tapirira","guianensis","Aubl.","ANACARDIACEAE Tapirira guianensis Aubl.","224616","x","SPF","Mattedi, A.D.","260","Native","2013","Braga, J.M.A.","2013","Bronze","Ouro",,,"RPPN Fazenda Caruara."
"RESERVA PARTICULAR DO PATRIMÔNIO NATURAL FAZENDA CARUARA","Angiosperms","Anacardiaceae","Tapirira","guianensis","Aubl.","ANACARDIACEAE Tapirira guianensis Aubl.","HUENF00009059","x","HUENF","Nascimento, A.A.","46","Native","2013",,,"Latão","Ouro",,,"Reserva Particular do Patrimônio Natural Fazenda Caruara"
"RESERVA PARTICULAR DO PATRIMÔNIO NATURAL FAZENDA CARUARA","Angiosperms","Anacardiaceae","Tapirira","guianensis","Aubl.","ANACARDIACEAE Tapirira guianensis Aubl.","HUENF00007630","x","HUENF","Fraga, M.M.A.C.",,"Native","2007",,,"Latão","Ouro",,,"Restinga de Iquipari Reserva Particular do Patrimônio Natural Fazenda Caruara"
"RESERVA PARTICULAR DO PATRIMÔNIO NATURAL FAZENDA CARUARA","Angiosperms","Anacardiaceae","Tapirira","guianensis","Aubl.","ANACARDIACEAE Tapirira guianensis Aubl.","HUENF00007630","splink","HUENF","Fraga, M.M.A.C.",,"Native","2007",,,"Latão","Ouro",,"São João da Barra","Restinga de Iquipari Reserva Particular do Patrimônio Natural Fazenda Caruara"
"RESERVA PARTICULAR DO PATRIMÔNIO NATURAL FAZENDA CARUARA","Angiosperms","Annonaceae","Annona","glabra","L.","ANNONACEAE Annona glabra L.","HUENF00009486","x","HUENF","Nascimento, A.A.","21","Native","2012","Lobao, A.","2018","Ouro","Ouro",,,"Reserva Particular do Patrimônio Natural Fazenda Caruara"
"RESERVA PARTICULAR DO PATRIMÔNIO NATURAL FAZENDA CARUARA","Angiosperms","Annonaceae","Annona","glabra","L.","ANNONACEAE Annona glabra L.","RB00935390","x","RB","Mattedi, A.D.","427","Native","2013",,,"Latão","Ouro",,,"RPPN Fazenda Caruara."
"RESERVA PARTICULAR DO PATRIMÔNIO NATURAL FAZENDA CARUARA","Angiosperms","Annonaceae","Oxandra","espintana","(Spruce ex Benth.) Baill.","ANNONACEAE Oxandra espintana (Spruce ex Benth.) Baill.","SPF00230142","splink","SPF","Mattedi, A.D.","332","Native","2013","Anonimo",,"Latão","Ouro",,"São João da Barra","RPPN Fazenda Caruara"
"RESERVA PARTICULAR DO PATRIMÔNIO NATURAL FAZENDA CARUARA","Angiosperms","Annonaceae","Oxandra","espintana","(Spruce ex Benth.) Baill.","ANNONACEAE Oxandra espintana (Spruce ex Benth.) Baill.","RB00935291","x","RB","Mattedi, A.D.","332","Native","2013",,,"Latão","Ouro",,,"RPPN Fazenda Caruara. RPPN Fazenda Caruara"
"RESERVA PARTICULAR DO PATRIMÔNIO NATURAL FAZENDA CARUARA","Angiosperms","Annonaceae","Oxandra","espintana","(Spruce ex Benth.) Baill.","ANNONACEAE Oxandra espintana (Spruce ex Benth.) Baill.","HUENF00000232","x","HUENF","Nascimento, M.T.","161","Native","1996",,,"Latão","Ouro",,,"Restinga de Iquipari Reserva Particular do Patrimônio Natural Fazenda Caruara"
"RESERVA PARTICULAR DO PATRIMÔNIO NATURAL FAZENDA CARUARA","Angiosperms","Apocynaceae","Calotropis","procera","(Aiton) W.T.Aiton","APOCYNACEAE Calotropis procera (Aiton) W.T.Aiton","HUENF00007502","x","HUENF","Assumpcao, A.S.",,"Naturalized","2006","Couto, D.R.","2020","Bronze","Ouro",,,"Restinga de Grussaí Reserva Particular do Patrimônio Natural Fazenda Caruara"
"RESERVA PARTICULAR DO PATRIMÔNIO NATURAL FAZENDA CARUARA","Angiosperms","Apocynaceae","Mandevilla","funiformis","(Vell.) K.Schum.","APOCYNACEAE Mandevilla funiformis (Vell.) K.Schum.","HUENF00001179",,"HUENF","Gaglianone, M.C.","147 - sp 68","Native","2003",,,"Latão","Ouro","jbrj-public-img.s3-sa-east-1.amazonaws.com/JPG/huenf/huenf/0/0/11/79/huenf00001179.jpg","São João da Barra","Restinga de Iquipari Reserva Particular do Patrimônio Natural Fazenda Caruara"
"RESERVA PARTICULAR DO PATRIMÔNIO NATURAL FAZENDA CARUARA","Angiosperms","Apocynaceae","Mandevilla","funiformis","(Vell.) K.Schum.","APOCYNACEAE Mandevilla funiformis (Vell.) K.Schum.","HUENF00001180",,"HUENF","Gaglianone, M.C.","125 - sp 84","Native","2003",,,"Latão","Ouro","jbrj-public-img.s3-sa-east-1.amazonaws.com/JPG/huenf/huenf/0/0/11/80/huenf00001180.jpg","São João da Barra","Restinga de Iquipari Reserva Particular do Patrimônio Natural Fazenda Caruara"
"RESERVA PARTICULAR DO PATRIMÔNIO NATURAL FAZENDA CARUARA","Angiosperms","Apocynaceae","Mandevilla","guanabarica","Casar. ex M.F.Sales et al.","APOCYNACEAE Mandevilla guanabarica Casar. ex M.F.Sales et al.","RB00935213","x","RB","Mattedi, A.D.","257","Native","2013","Braga, J.M.A.","2013","Bronze","Ouro",,,"RPPN Fazenda Caruara. RPPN Fazenda Caruara"
"RESERVA PARTICULAR DO PATRIMÔNIO NATURAL FAZENDA CARUARA","Angiosperms","Apocynaceae","Mandevilla","guanabarica","Casar. ex M.F.Sales et al.","APOCYNACEAE Mandevilla guanabarica Casar. ex M.F.Sales et al.","HUENF00007229","x","HUENF","Nascimento, M.T.","8","Native","2009","Couto, D.R.",,"Bronze","Ouro",,,"Restinga de Grussaí Reserva Particular do Patrimônio Natural Fazenda Caruara"
"RESERVA PARTICULAR DO PATRIMÔNIO NATURAL FAZENDA CARUARA","Angiosperms","Apocynaceae","Mandevilla","guanabarica","Casar. ex M.F.Sales et al.","APOCYNACEAE Mandevilla guanabarica Casar. ex M.F.Sales et al.","HUENF00007038","x","HUENF","Nascimento, M.T.","42","Native","2006","Couto, D.R.","2020","Bronze","Ouro",,,"Restinga de Iquipari Reserva Particular do Patrimônio Natural Fazenda Caruara"
"RESERVA PARTICULAR DO PATRIMÔNIO NATURAL FAZENDA CARUARA","Angiosperms","Apocynaceae","Oxypetalum","banksii","R.Br. ex Schult.","APOCYNACEAE Oxypetalum banksii subsp. banksii R.Br. ex Schult.","HUENF00001015",,"HUENF","Gaglianone, M.C.","38","Native","2003",,,"Latão","Ouro","jbrj-public-img.s3-sa-east-1.amazonaws.com/JPG/huenf/huenf/0/0/10/15/huenf00001015.jpg","São João da Barra","Restinga de Iquipari Reserva Particular do Patrimônio Natural Fazenda Caruara"
"RESERVA PARTICULAR DO PATRIMÔNIO NATURAL FAZENDA CARUARA","Angiosperms","Apocynaceae","Oxypetalum","banksii","R.Br. ex Schult.","APOCYNACEAE Oxypetalum banksii subsp. banksii R.Br. ex Schult.","HUENF00001016","x","HUENF","Gaglianone, M.C.",,"Native","2003",,,"Latão","Ouro",,,"Restinga de Iquipari Reserva Particular do Patrimônio Natural Fazenda Caruara"
"RESERVA PARTICULAR DO PATRIMÔNIO NATURAL FAZENDA CARUARA","Angiosperms","Apocynaceae","Peplonia","asteria","(Vell.) Fontella & E.A.Schwarz","APOCYNACEAE Peplonia asteria (Vell.) Fontella & E.A.Schwarz","HUENF00005934",,"HUENF","Evaristo, V.T.","171","Native","2003",,,"Latão","Ouro","jbrj-public-img.s3-sa-east-1.amazonaws.com/JPG/huenf/huenf/0/0/59/34/huenf00005934.jpg","São João da Barra","Restinga de Iquipari Reserva Particular do Patrimônio Natural Fazenda Caruara"
"RESERVA PARTICULAR DO PATRIMÔNIO NATURAL FAZENDA CARUARA","Angiosperms","Apocynaceae","Peplonia","asteria","(Vell.) Fontella & E.A.Schwarz","APOCYNACEAE Peplonia asteria (Vell.) Fontella & E.A.Schwarz","HUENF00001197",,"HUENF","Gaglianone, M.C.","171 - sp 91","Native","2003",,,"Latão","Ouro",,"São João da Barra","Restinga de Iquipari Reserva Particular do Patrimônio Natural Fazenda Caruara"
"RESERVA PARTICULAR DO PATRIMÔNIO NATURAL FAZENDA CARUARA","Angiosperms","Araliaceae","Hydrocotyle","umbellata","L.","ARALIACEAE Hydrocotyle umbellata L.","HUENF00009340","splink","HUENF","Endriger, F.B.","Ninho 5","Unknown","2010",,,"Latão","Ouro",,"São João da Barra","Restinga de Iquipari Reserva Particular do Patrimônio Natural Fazenda Caruara"
"RESERVA PARTICULAR DO PATRIMÔNIO NATURAL FAZENDA CARUARA","Angiosperms","Arecaceae","Allagoptera","arenaria","(Gomes) Kuntze","ARECACEAE Allagoptera arenaria (Gomes) Kuntze","RB00935274","x","RB","Mattedi, A.D.","302","Native","2013","Braga, J.M.A.","2013","Bronze","Ouro",,,"RPPN Fazenda Caruara. RPPN Fazenda Caruara"
"RESERVA PARTICULAR DO PATRIMÔNIO NATURAL FAZENDA CARUARA","Angiosperms","Arecaceae","Allagoptera","arenaria","(Gomes) Kuntze","ARECACEAE Allagoptera arenaria (Gomes) Kuntze","HUENF00007219","x","HUENF","Nascimento, M.T.","32","Native","2009","Couto, D.R.",,"Bronze","Ouro",,,"Restinga de Grussaí Reserva Particular do Patrimônio Natural Fazenda Caruara"
"RESERVA PARTICULAR DO PATRIMÔNIO NATURAL FAZENDA CARUARA","Angiosperms","Arecaceae","Allagoptera","arenaria","(Gomes) Kuntze","ARECACEAE Allagoptera arenaria (Gomes) Kuntze","HUENF00007089","x","HUENF","Clemerson",,"Native","2007","Couto, D.R.","2020","Bronze","Ouro",,,"Restinga de Iquipari Reserva Particular do Patrimônio Natural Fazenda Caruara"
"RESERVA PARTICULAR DO PATRIMÔNIO NATURAL FAZENDA CARUARA","Angiosperms","Arecaceae","Allagoptera","arenaria","(Gomes) Kuntze","ARECACEAE Allagoptera arenaria (Gomes) Kuntze","HUENF00007201","x","HUENF","Nascimento, M.T.","37","Native","2006","Couto, D.R.",,"Bronze","Ouro",,,"Restinga de Iquipari Reserva Particular do Patrimônio Natural Fazenda Caruara"
"RESERVA PARTICULAR DO PATRIMÔNIO NATURAL FAZENDA CARUARA","Angiosperms","Arecaceae","Allagoptera","arenaria","(Gomes) Kuntze","ARECACEAE Allagoptera arenaria (Gomes) Kuntze","HUENF00001170","x","HUENF",,,"Native","1997",,,"Latão","Ouro",,,"Restinga de Iquipari Reserva Particular do Patrimônio Natural Fazenda Caruara"
"RESERVA PARTICULAR DO PATRIMÔNIO NATURAL FAZENDA CARUARA","Angiosperms","Asteraceae","Baccharis","trinervis","Pers.","ASTERACEAE Baccharis trinervis Pers.","HUENF00001181",,"HUENF","Gaglianone, M.C.","137","Native","2003",,,"Latão","Ouro",,"São João da Barra","Restinga de Iquipari Reserva Particular do Patrimônio Natural Fazenda Caruara"
"RESERVA PARTICULAR DO PATRIMÔNIO NATURAL FAZENDA CARUARA","Angiosperms","Asteraceae","Cyrtocymura","scorpioides","(Lam.) H.Rob.","ASTERACEAE Cyrtocymura scorpioides (Lam.) H.Rob.","HUENF00005925",,"HUENF","Evaristo, V.T.","156","Native","2003",,,"Latão","Ouro","jbrj-public-img.s3-sa-east-1.amazonaws.com/JPG/huenf/huenf/0/0/59/25/huenf00005925.jpg","São João da Barra","Restinga de Iquipari Reserva Particular do Patrimônio Natural Fazenda Caruara"
"RESERVA PARTICULAR DO PATRIMÔNIO NATURAL FAZENDA CARUARA","Angiosperms","Asteraceae","Cyrtocymura","scorpioides","(Lam.) H.Rob.","ASTERACEAE Cyrtocymura scorpioides (Lam.) H.Rob.","HUENF00001185",,"HUENF","Gaglianone, M.C.","119","Native","2003",,,"Latão","Ouro",,"São João da Barra","Restinga de Iquipari Reserva Particular do Patrimônio Natural Fazenda Caruara"
"RESERVA PARTICULAR DO PATRIMÔNIO NATURAL FAZENDA CARUARA","Angiosperms","Asteraceae","Cyrtocymura","scorpioides","(Lam.) H.Rob.","ASTERACEAE Cyrtocymura scorpioides (Lam.) H.Rob.","HUENF00001186",,"HUENF","Gaglianone, M.C.","156","Native","2003",,,"Latão","Ouro",,"São João da Barra","Restinga de Iquipari Reserva Particular do Patrimônio Natural Fazenda Caruara"
"RESERVA PARTICULAR DO PATRIMÔNIO NATURAL FAZENDA CARUARA","Angiosperms","Asteraceae","Cyrtocymura","scorpioides","(Lam.) H.Rob.","ASTERACEAE Cyrtocymura scorpioides (Lam.) H.Rob.","HUENF00001186","splink","HUENF","Gaglianone, M.C.","156","Native","2003",,,"Latão","Ouro",,"São João da Barra","Restinga de Iquipari Reserva Particular do Patrimônio Natural Fazenda Caruara"
"RESERVA PARTICULAR DO PATRIMÔNIO NATURAL FAZENDA CARUARA","Angiosperms","Asteraceae","Mikania","cordifolia","(L.f.) Willd.","ASTERACEAE Mikania cordifolia (L.f.) Willd.","HUENF00005921",,"HUENF","Evaristo, V.T.","107","Native","2003",,,"Latão","Ouro","jbrj-public-img.s3-sa-east-1.amazonaws.com/JPG/huenf/huenf/0/0/59/21/huenf00005921.jpg","São João da Barra","Restinga de Iquipari Reserva Particular do Patrimônio Natural Fazenda Caruara"
"RESERVA PARTICULAR DO PATRIMÔNIO NATURAL FAZENDA CARUARA","Angiosperms","Asteraceae","Mikania","cordifolia","(L.f.) Willd.","ASTERACEAE Mikania cordifolia (L.f.) Willd.","HUENF00005922",,"HUENF","Evaristo, V.T.","108","Native","2003",,,"Latão","Ouro","jbrj-public-img.s3-sa-east-1.amazonaws.com/JPG/huenf/huenf/0/0/59/22/huenf00005922.jpg","São João da Barra","Restinga de Iquipari Reserva Particular do Patrimônio Natural Fazenda Caruara"
"RESERVA PARTICULAR DO PATRIMÔNIO NATURAL FAZENDA CARUARA","Angiosperms","Asteraceae","Mikania","cordifolia","(L.f.) Willd.","ASTERACEAE Mikania cordifolia (L.f.) Willd.","HUENF00001182",,"HUENF","Gaglianone, M.C.","107","Native","2003",,,"Latão","Ouro",,"São João da Barra","Restinga de Iquipari Reserva Particular do Patrimônio Natural Fazenda Caruara"
"RESERVA PARTICULAR DO PATRIMÔNIO NATURAL FAZENDA CARUARA","Angiosperms","Asteraceae","Mikania","cordifolia","(L.f.) Willd.","ASTERACEAE Mikania cordifolia (L.f.) Willd.","HUENF00001183",,"HUENF","Gaglianone, M.C.","108","Native","2003",,,"Latão","Ouro",,"São João da Barra","Restinga de Iquipari Reserva Particular do Patrimônio Natural Fazenda Caruara"
"RESERVA PARTICULAR DO PATRIMÔNIO NATURAL FAZENDA CARUARA","Angiosperms","Bignoniaceae","Fridericia","conjugata","(Vell.) L.G.Lohmann","BIGNONIACEAE Fridericia conjugata (Vell.) L.G.Lohmann","HUENF00001021",,"HUENF","Gaglianone, M.C.",,"Native",,,,"Latão","Ouro",,"São João da Barra","Restinga de Iquipari Reserva Particular do Patrimônio Natural Fazenda Caruara"
"RESERVA PARTICULAR DO PATRIMÔNIO NATURAL FAZENDA CARUARA","Angiosperms","Bignoniaceae","Fridericia","conjugata","(Vell.) L.G.Lohmann","BIGNONIACEAE Fridericia conjugata (Vell.) L.G.Lohmann","HUENF00005883","x","HUENF","Evaristo, V.T.","s.n.","Native","2003",,,"Latão","Ouro",,,"Restinga de Iquipari Reserva Particular do Patrimônio Natural Fazenda Caruara"
"RESERVA PARTICULAR DO PATRIMÔNIO NATURAL FAZENDA CARUARA","Angiosperms","Bignoniaceae","Fridericia","conjugata","(Vell.) L.G.Lohmann","BIGNONIACEAE Fridericia conjugata (Vell.) L.G.Lohmann","HUENF00005881","x","HUENF","Evaristo, V.T.","s.n.","Native","2003",,,"Latão","Ouro",,,"Restinga de Iquipari Reserva Particular do Patrimônio Natural Fazenda Caruara"
"RESERVA PARTICULAR DO PATRIMÔNIO NATURAL FAZENDA CARUARA","Angiosperms","Bignoniaceae","Fridericia","conjugata","(Vell.) L.G.Lohmann","BIGNONIACEAE Fridericia conjugata (Vell.) L.G.Lohmann","HUENF00005884","x","HUENF","Evaristo, V.T.","s.n.","Native","2003",,,"Latão","Ouro",,,"Restinga de Iquipari Reserva Particular do Patrimônio Natural Fazenda Caruara"
"RESERVA PARTICULAR DO PATRIMÔNIO NATURAL FAZENDA CARUARA","Angiosperms","Bignoniaceae","Fridericia","conjugata","(Vell.) L.G.Lohmann","BIGNONIACEAE Fridericia conjugata (Vell.) L.G.Lohmann","HUENF00005882","x","HUENF","Evaristo, V.T.","s.n.","Native","2003",,,"Latão","Ouro",,,"Restinga de Iquipari Reserva Particular do Patrimônio Natural Fazenda Caruara"
"RESERVA PARTICULAR DO PATRIMÔNIO NATURAL FAZENDA CARUARA","Angiosperms","Bromeliaceae","Aechmea","nudicaulis","(L.) Griseb.","BROMELIACEAE Aechmea nudicaulis (L.) Griseb.","HUENF00007220","x","HUENF","Nascimento, M.T.","31","Native","2009","Couto, D.R.",,"Bronze","Ouro",,,"Restinga de Grussaí Reserva Particular do Patrimônio Natural Fazenda Caruara"
"RESERVA PARTICULAR DO PATRIMÔNIO NATURAL FAZENDA CARUARA","Angiosperms","Bromeliaceae","Aechmea","nudicaulis","(L.) Griseb.","BROMELIACEAE Aechmea nudicaulis (L.) Griseb.","HUENF00007238","x","HUENF","Nascimento, M.T.",,"Native","2008","Couto, D.R.",,"Bronze","Ouro",,,"Restinga de Iquipari Reserva Particular do Patrimônio Natural Fazenda Caruara"
"RESERVA PARTICULAR DO PATRIMÔNIO NATURAL FAZENDA CARUARA","Angiosperms","Bromeliaceae","Aechmea","nudicaulis","(L.) Griseb.","BROMELIACEAE Aechmea nudicaulis (L.) Griseb.","HUENF00007206","x","HUENF","Lucimara",,"Native","2008","Couto, D.R.",,"Bronze","Ouro",,,"Restinga de Iquipari Reserva Particular do Patrimônio Natural Fazenda Caruara"
"RESERVA PARTICULAR DO PATRIMÔNIO NATURAL FAZENDA CARUARA","Angiosperms","Bromeliaceae","Aechmea","nudicaulis","(L.) Griseb.","BROMELIACEAE Aechmea nudicaulis (L.) Griseb.","HUENF00006535","x","HUENF","Nascimento, M.T.","s.n.","Native","2006","Couto, D.C.",,"Bronze","Ouro",,,"Restinga de Iquipari Reserva Particular do Patrimônio Natural Fazenda Caruara"
"RESERVA PARTICULAR DO PATRIMÔNIO NATURAL FAZENDA CARUARA","Angiosperms","Bromeliaceae","Aechmea","nudicaulis","(L.) Griseb.","BROMELIACEAE Aechmea nudicaulis (L.) Griseb.","HUENF00007203","x","HUENF","Nascimento, M.T.","43","Native","2006","Couto, D.R.",,"Bronze","Ouro",,,"Restinga de Iquipari Reserva Particular do Patrimônio Natural Fazenda Caruara"
"RESERVA PARTICULAR DO PATRIMÔNIO NATURAL FAZENDA CARUARA","Angiosperms","Bromeliaceae","Tillandsia","stricta","Sol.","BROMELIACEAE Tillandsia stricta Sol.","RB00935227","x","RB","Mattedi, A.D.","268","Native","2013","Braga, J.M.A.","2013","Bronze","Ouro",,,"RPPN Fazenda Caruara. RPPN Fazenda Caruara"
"RESERVA PARTICULAR DO PATRIMÔNIO NATURAL FAZENDA CARUARA","Angiosperms","Bromeliaceae","Tillandsia","stricta","Sol.","BROMELIACEAE Tillandsia stricta Sol.","HUENF00009392","x","HUENF","Nascimento, M.T.",,"Native","2012","Couto, D.R.",,"Bronze","Ouro",,,"Restinga de Iquipari Reserva Particular do Patrimônio Natural Fazenda Caruara"
"RESERVA PARTICULAR DO PATRIMÔNIO NATURAL FAZENDA CARUARA","Angiosperms","Bromeliaceae","Tillandsia","stricta","Sol.","BROMELIACEAE Tillandsia stricta Sol.","HUENF00000987","x","HUENF","Nascimento, M.T.",,"Native","1997",,,"Latão","Ouro",,,"Restinga de Iquipari Reserva Particular do Patrimônio Natural Fazenda Caruara"
"RESERVA PARTICULAR DO PATRIMÔNIO NATURAL FAZENDA CARUARA","Angiosperms","Bromeliaceae","Tillandsia","usneoides","(L.) L.","BROMELIACEAE Tillandsia usneoides (L.) L.","RB00935370","x","RB","Mattedi, A.D.","408","Native","2013","Braga, J.M.A.","2013","Bronze","Ouro",,,"RPPN Fazenda Caruara. RPPN Fazenda Caruara"
"RESERVA PARTICULAR DO PATRIMÔNIO NATURAL FAZENDA CARUARA","Angiosperms","Burseraceae","Protium","heptaphyllum","(Aubl.) Marchand","BURSERACEAE Protium heptaphyllum (Aubl.) Marchand","RB00935195","x","RB","Mattedi, A.D.","236","Native","2013","Mattedi, A.D.","2013","Bronze","Ouro",,,"RPPN Fazenda Caruara. RPPN Fazenda Caruara"
"RESERVA PARTICULAR DO PATRIMÔNIO NATURAL FAZENDA CARUARA","Angiosperms","Burseraceae","Protium","heptaphyllum","(Aubl.) Marchand","BURSERACEAE Protium heptaphyllum (Aubl.) Marchand","RB00935218","x","RB","Mattedi, A.D.","261","Native","2013","Braga, J.M.A.","2013","Bronze","Ouro",,,"RPPN Fazenda Caruara. RPPN Fazenda Caruara"
"RESERVA PARTICULAR DO PATRIMÔNIO NATURAL FAZENDA CARUARA","Angiosperms","Burseraceae","Protium","heptaphyllum","(Aubl.) Marchand","BURSERACEAE Protium heptaphyllum (Aubl.) Marchand","HUENF00016508",,"HUENF","Franco, G.D.","3","Native","2025",,,"Latão","Ouro","jbrj-public-img.s3-sa-east-1.amazonaws.com/JPG/huenf/huenf/0/1/65/8/huenf00016508.jpg","São João da Barra","Formação de Clusia. RPPN Fazenda Caruara"
"RESERVA PARTICULAR DO PATRIMÔNIO NATURAL FAZENDA CARUARA","Angiosperms","Burseraceae","Protium","heptaphyllum","(Aubl.) Marchand","BURSERACEAE Protium heptaphyllum (Aubl.) Marchand","HUENF00016509",,"HUENF","Franco, G.D.","4","Native","2025",,,"Latão","Ouro","jbrj-public-img.s3-sa-east-1.amazonaws.com/JPG/huenf/huenf/0/1/65/9/huenf00016509.jpg","São João da Barra","Formação de Clusia. RPPN Fazenda Caruara"
"RESERVA PARTICULAR DO PATRIMÔNIO NATURAL FAZENDA CARUARA","Angiosperms","Burseraceae","Protium","heptaphyllum","(Aubl.) Marchand","BURSERACEAE Protium heptaphyllum (Aubl.) Marchand","HUENF00016510",,"HUENF","Franco, G.D.","5","Native","2025",,,"Latão","Ouro","jbrj-public-img.s3-sa-east-1.amazonaws.com/JPG/huenf/huenf/0/1/65/10/huenf00016510.jpg","São João da Barra","Formação de Floresta. RPPN Fazenda Caruara"
"RESERVA PARTICULAR DO PATRIMÔNIO NATURAL FAZENDA CARUARA","Angiosperms","Cactaceae","Cereus","fernambucensis","Lem.","CACTACEAE Cereus fernambucensis Lem.","RB00935243","x","RB","Mattedi, A.D.","283","Native","2013","Braga, J.M.A.","2013","Bronze","Ouro",,,"RPPN Fazenda Caruara. RPPN Fazenda Caruara"
"RESERVA PARTICULAR DO PATRIMÔNIO NATURAL FAZENDA CARUARA","Angiosperms","Cactaceae","Cereus","fernambucensis","Lem.","CACTACEAE Cereus fernambucensis Lem.","HUENF00005816","x","HUENF","Nascimento, M.T.","sp 16","Native","2010","Couto, D.R.","2020","Bronze","Ouro",,,"Restinga de Iquipari Reserva Particular do Patrimônio Natural Fazenda Caruara"
"RESERVA PARTICULAR DO PATRIMÔNIO NATURAL FAZENDA CARUARA","Angiosperms","Cactaceae","Cereus","fernambucensis","Lem.","CACTACEAE Cereus fernambucensis Lem.","HUENF00007369","x","HUENF","Nascimento, M.T.","33","Native","2009","Couto, D.R.","2020","Bronze","Ouro",,,"Restinga de Grussaí Reserva Particular do Patrimônio Natural Fazenda Caruara"
"RESERVA PARTICULAR DO PATRIMÔNIO NATURAL FAZENDA CARUARA","Angiosperms","Cactaceae","Cereus","fernambucensis","Lem.","CACTACEAE Cereus fernambucensis Lem.","HUENF00007039","x","HUENF","Nascimento, M.T.","44","Native","2006","Couto, D.R.","2020","Bronze","Ouro",,,"Restinga de Iquipari Reserva Particular do Patrimônio Natural Fazenda Caruara"
"RESERVA PARTICULAR DO PATRIMÔNIO NATURAL FAZENDA CARUARA","Angiosperms","Calophyllaceae","Calophyllum","brasiliense","Cambess.","CALOPHYLLACEAE Calophyllum brasiliense Cambess.","RB00935210","x","RB","Mattedi, A.D.","254","Native","2013","Mattedi, A.D.","2013","Bronze","Ouro",,,"RPPN Fazenda Caruara. RPPN Fazenda Caruara"
"RESERVA PARTICULAR DO PATRIMÔNIO NATURAL FAZENDA CARUARA","Angiosperms","Calophyllaceae","Calophyllum","brasiliense","Cambess.","CALOPHYLLACEAE Calophyllum brasiliense Cambess.","RB00935281","x","RB","Mattedi, A.D.","322","Native","2013","Mattedi, A.D.","2013","Bronze","Ouro",,,"RPPN Fazenda Caruara. RPPN Fazenda Caruara"
"RESERVA PARTICULAR DO PATRIMÔNIO NATURAL FAZENDA CARUARA","Angiosperms","Calophyllaceae","Calophyllum","brasiliense","Cambess.","CALOPHYLLACEAE Calophyllum brasiliense Cambess.","490259","x","SP","Mattedi, A.D.","322","Native","2013",,,"Latão","Ouro",,,"RPPN Fazenda Caruara"
"RESERVA PARTICULAR DO PATRIMÔNIO NATURAL FAZENDA CARUARA","Angiosperms","Capparaceae","Crateva","tapia","L.","CAPPARACEAE Crateva tapia L.","HUENF00007619","splink","HUENF","Fraga, M.M.A.C.",,"Native","2007",,,"Latão","Ouro",,"São João da Barra","Restinga de Iquipari - Trilha Reserva Particular do Patrimônio Natural Fazenda Caruara"
"RESERVA PARTICULAR DO PATRIMÔNIO NATURAL FAZENDA CARUARA","Angiosperms","Capparaceae","Cynophalla","flexuosa","(L.) J.Presl","CAPPARACEAE Cynophalla flexuosa (L.) J.Presl","HUENF00009518",,"HUENF","Faitanin, M.A.","16","Native","2015","Lubbe, J.","2019","Bronze","Ouro","jbrj-public-img.s3-sa-east-1.amazonaws.com/JPG/huenf/huenf/0/0/95/18/huenf00009518.jpg","São João da Barra","Reserva Particular do Patrimônio Natural Fazenda Caruara"
"RESERVA PARTICULAR DO PATRIMÔNIO NATURAL FAZENDA CARUARA","Angiosperms","Capparaceae","Cynophalla","flexuosa","(L.) J.Presl","CAPPARACEAE Cynophalla flexuosa (L.) J.Presl","HUENF00005889",,"HUENF","Evaristo, V.T.","004","Native","2003","Lubbe, J.","2019","Bronze","Ouro","jbrj-public-img.s3-sa-east-1.amazonaws.com/JPG/huenf/huenf/0/0/58/89/huenf00005889.jpg","São João da Barra","Restinga de Iquipari Reserva Particular do Patrimônio Natural Fazenda Caruara"
"RESERVA PARTICULAR DO PATRIMÔNIO NATURAL FAZENDA CARUARA","Angiosperms","Capparaceae","Cynophalla","flexuosa","(L.) J.Presl","CAPPARACEAE Cynophalla flexuosa (L.) J.Presl","HUENF00005891",,"HUENF","Evaristo, V.T.","045","Native","2002","Lubbe, J.","2019","Bronze","Ouro","jbrj-public-img.s3-sa-east-1.amazonaws.com/JPG/huenf/huenf/0/0/58/91/huenf00005891.jpg","São João da Barra","Restinga de Iquipari Reserva Particular do Patrimônio Natural Fazenda Caruara"
"RESERVA PARTICULAR DO PATRIMÔNIO NATURAL FAZENDA CARUARA","Angiosperms","Capparaceae","Cynophalla","flexuosa","(L.) J.Presl","CAPPARACEAE Cynophalla flexuosa (L.) J.Presl","HUENF00013474","splink","HUENF","Oliveira, D.S.","18","Native","2022","Viana, H.B.M.","2022","Bronze","Ouro",,"São João da Barra","Restinga. RPPN Fazenda Caruara"
"RESERVA PARTICULAR DO PATRIMÔNIO NATURAL FAZENDA CARUARA","Angiosperms","Capparaceae","Cynophalla","flexuosa","(L.) J.Presl","CAPPARACEAE Cynophalla flexuosa (L.) J.Presl","HUENF00010279","x","HUENF","Cruz, N.M.L.",,"Native","2016","Lubbe, J.",,"Bronze","Ouro",,,"Reserva Particular do Patrimônio Natural Fazenda Caruara"
"RESERVA PARTICULAR DO PATRIMÔNIO NATURAL FAZENDA CARUARA","Angiosperms","Celastraceae","Monteverdia","obtusifolia","(Mart.) Biral","CELASTRACEAE Monteverdia obtusifolia (Mart.) Biral","RB00935307","x","RB","Mattedi, A.D.","348","Native","2013","Braga, J.M.A.","2013","Bronze","Ouro",,,"RPPN Fazenda Caruara. RPPN Fazenda Caruara"
"RESERVA PARTICULAR DO PATRIMÔNIO NATURAL FAZENDA CARUARA","Angiosperms","Celastraceae","Monteverdia","obtusifolia","(Mart.) Biral","CELASTRACEAE Monteverdia obtusifolia (Mart.) Biral","HUENF00005894",,"HUENF","Evaristo, V.T.","57","Native","2003",,,"Latão","Ouro","jbrj-public-img.s3-sa-east-1.amazonaws.com/JPG/huenf/huenf/0/0/58/94/huenf00005894.jpg","São João da Barra","Restinga de Iquipari Reserva Particular do Patrimônio Natural Fazenda Caruara"
"RESERVA PARTICULAR DO PATRIMÔNIO NATURAL FAZENDA CARUARA","Angiosperms","Celastraceae","Monteverdia","obtusifolia","(Mart.) Biral","CELASTRACEAE Monteverdia obtusifolia (Mart.) Biral","HUENF00005895",,"HUENF","Evaristo, V.T.","58","Native","2003",,,"Latão","Ouro","jbrj-public-img.s3-sa-east-1.amazonaws.com/JPG/huenf/huenf/0/0/58/95/huenf00005895.jpg","São João da Barra","Restinga de Iquipari Reserva Particular do Patrimônio Natural Fazenda Caruara"
"RESERVA PARTICULAR DO PATRIMÔNIO NATURAL FAZENDA CARUARA","Angiosperms","Celastraceae","Monteverdia","obtusifolia","(Mart.) Biral","CELASTRACEAE Monteverdia obtusifolia (Mart.) Biral","HUENF00005930",,"HUENF","Evaristo, V.T.","150","Native","2003",,,"Latão","Ouro","jbrj-public-img.s3-sa-east-1.amazonaws.com/JPG/huenf/huenf/0/0/59/30/huenf00005930.jpg","São João da Barra","Restinga de Iquipari Reserva Particular do Patrimônio Natural Fazenda Caruara"
"RESERVA PARTICULAR DO PATRIMÔNIO NATURAL FAZENDA CARUARA","Angiosperms","Celastraceae","Monteverdia","obtusifolia","(Mart.) Biral","CELASTRACEAE Monteverdia obtusifolia (Mart.) Biral","HUENF00005931",,"HUENF","Evaristo, V.T.","161","Native","2003",,,"Latão","Ouro","jbrj-public-img.s3-sa-east-1.amazonaws.com/JPG/huenf/huenf/0/0/59/31/huenf00005931.jpg","São João da Barra","Restinga de Iquipari Reserva Particular do Patrimônio Natural Fazenda Caruara"
"RESERVA PARTICULAR DO PATRIMÔNIO NATURAL FAZENDA CARUARA","Angiosperms","Clusiaceae","Clusia","fluminensis","Planch. & Triana","CLUSIACEAE Clusia fluminensis Planch. & Triana","HUENF00007024","x","HUENF","Nascimento, M.T.","9","Native","2006","Couto, D.R.","2020","Bronze","Ouro",,,"Restinga de Iquipari Reserva Particular do Patrimônio Natural Fazenda Caruara"
"RESERVA PARTICULAR DO PATRIMÔNIO NATURAL FAZENDA CARUARA","Angiosperms","Clusiaceae","Clusia","fluminensis","Planch. & Triana","CLUSIACEAE Clusia fluminensis Planch. & Triana","RB00935364","x","RB","Mattedi, A.D.","401","Native","2013",,,"Latão","Ouro",,,"RPPN Fazenda Caruara. RPPN Fazenda Caruara"
"RESERVA PARTICULAR DO PATRIMÔNIO NATURAL FAZENDA CARUARA","Angiosperms","Clusiaceae","Clusia","hilariana","Schltdl.","CLUSIACEAE Clusia hilariana Schltdl.","RB00935395","x","RB","Mattedi, A.D.","432","Native","2013","Mattedi, A.D.","2013","Bronze","Ouro",,,"RPPN Fazenda Caruara. RPPN Fazenda Caruara"
"RESERVA PARTICULAR DO PATRIMÔNIO NATURAL FAZENDA CARUARA","Angiosperms","Clusiaceae","Clusia","hilariana","Schltdl.","CLUSIACEAE Clusia hilariana Schltdl.","HUENF00000228","x","HUENF","Nascimento, M.T.",,"Native",,,,"Latão","Ouro",,,"Restinga de Iquipari Reserva Particular do Patrimônio Natural Fazenda Caruara"
"RESERVA PARTICULAR DO PATRIMÔNIO NATURAL FAZENDA CARUARA","Angiosperms","Clusiaceae","Clusia","hilariana","Schltdl.","CLUSIACEAE Clusia hilariana Schltdl.","HUENF00007035","x","HUENF","Nascimento, M.T.","35","Native","2006",,,"Latão","Ouro",,,"Restinga de Iquipari Reserva Particular do Patrimônio Natural Fazenda Caruara"
"RESERVA PARTICULAR DO PATRIMÔNIO NATURAL FAZENDA CARUARA","Angiosperms","Clusiaceae","Clusia","hilariana","Schltdl.","CLUSIACEAE Clusia hilariana Schltdl.","HUENF00007035","splink","HUENF","Nascimento, M.T.","35","Native","2006",,,"Latão","Ouro",,"São João da Barra","Restinga de Iquipari Reserva Particular do Patrimônio Natural Fazenda Caruara"
"RESERVA PARTICULAR DO PATRIMÔNIO NATURAL FAZENDA CARUARA","Angiosperms","Clusiaceae","Clusia","hilariana","Schltdl.","CLUSIACEAE Clusia hilariana Schltdl.","HUENF00007147","x","HUENF","Brandao",,"Native","1997",,,"Latão","Ouro",,,"Restinga de Iquipari Reserva Particular do Patrimônio Natural Fazenda Caruara"
"RESERVA PARTICULAR DO PATRIMÔNIO NATURAL FAZENDA CARUARA","Angiosperms","Clusiaceae","Clusia","spiritu-sanctensis","G.Mariz & B.Weinberg","CLUSIACEAE Clusia spiritu-sanctensis G.Mariz & B.Weinberg","HUENF00001089","x","HUENF","Assumpcao, J.",,"Native","1996",,,"Latão","Ouro",,,"Restinga de Iquipari Reserva Particular do Patrimônio Natural Fazenda Caruara"
"RESERVA PARTICULAR DO PATRIMÔNIO NATURAL FAZENDA CARUARA","Angiosperms","Clusiaceae","Clusia","spiritu-sanctensis","G.Mariz & B.Weinberg","CLUSIACEAE Clusia spiritu-sanctensis G.Mariz & B.Weinberg","HUENF00000141","x","HUENF","Assumpcao, J.",,"Native","1995",,,"Latão","Ouro",,,"Restinga de Grussaí Reserva Particular do Patrimônio Natural Fazenda Caruara"
"RESERVA PARTICULAR DO PATRIMÔNIO NATURAL FAZENDA CARUARA","Angiosperms","Clusiaceae","Clusia","spiritu-sanctensis","G.Mariz & B.Weinberg","CLUSIACEAE Clusia spiritu-sanctensis G.Mariz & B.Weinberg","HUENF00000141","splink","HUENF","Assumpcao, J.",,"Native","1995",,,"Latão","Ouro",,"São João da Barra","Restinga de Grussaí Reserva Particular do Patrimônio Natural Fazenda Caruara"
"RESERVA PARTICULAR DO PATRIMÔNIO NATURAL FAZENDA CARUARA","Angiosperms","Commelinaceae","Commelina","erecta","L.","COMMELINACEAE Commelina erecta L.","HUENF00007202","x","HUENF","Nascimento, M.T.","39","Native","2006","Couto, D.R.","2020","Bronze","Ouro",,,"Restinga de Iquipari Reserva Particular do Patrimônio Natural Fazenda Caruara"
"RESERVA PARTICULAR DO PATRIMÔNIO NATURAL FAZENDA CARUARA","Angiosperms","Commelinaceae","Commelina","erecta","L.","COMMELINACEAE Commelina erecta L.","HUENF00001019",,"HUENF","Gaglianone, M.C.",,"Native","2003","Pelegrini, M.O.","2020","Bronze","Ouro",,"São João da Barra","Restinga de Iquipari Reserva Particular do Patrimônio Natural Fazenda Caruara"
"RESERVA PARTICULAR DO PATRIMÔNIO NATURAL FAZENDA CARUARA","Angiosperms","Convolvulaceae","Ipomoea","cairica","(L.) Sweet","CONVOLVULACEAE Ipomoea cairica (L.) Sweet","HUENF00005879",,"HUENF","Evaristo, V.T.","27","Native","2004","Machado, D.N.S.","2016","Prata","Ouro","jbrj-public-img.s3-sa-east-1.amazonaws.com/JPG/huenf/huenf/0/0/58/79/huenf00005879.jpg","São João da Barra","Restinga de Iquipari Reserva Particular do Patrimônio Natural Fazenda Caruara"
"RESERVA PARTICULAR DO PATRIMÔNIO NATURAL FAZENDA CARUARA","Angiosperms","Convolvulaceae","Ipomoea","cairica","(L.) Sweet","CONVOLVULACEAE Ipomoea cairica (L.) Sweet","HUENF00005933",,"HUENF","Evaristo, V.T.","086","Native","2003","Machado, D.N.S.","2016","Prata","Ouro","jbrj-public-img.s3-sa-east-1.amazonaws.com/JPG/huenf/huenf/0/0/59/33/huenf00005933.jpg","São João da Barra","Restinga de Iquipari Reserva Particular do Patrimônio Natural Fazenda Caruara"
"RESERVA PARTICULAR DO PATRIMÔNIO NATURAL FAZENDA CARUARA","Angiosperms","Convolvulaceae","Ipomoea","cairica","(L.) Sweet","CONVOLVULACEAE Ipomoea cairica (L.) Sweet","HUENF00005806","x","HUENF","Nascimento, M.T.","sp 1","Native","2010","Machado, D.N.S.","2016","Prata","Ouro",,,"Restinga de Iquipari Reserva Particular do Patrimônio Natural Fazenda Caruara"
"RESERVA PARTICULAR DO PATRIMÔNIO NATURAL FAZENDA CARUARA","Angiosperms","Convolvulaceae","Ipomoea","cairica","(L.) Sweet","CONVOLVULACEAE Ipomoea cairica (L.) Sweet","HUENF00001195",,"HUENF","Gaglianone, M.C.","86","Native","2003",,,"Latão","Ouro",,"São João da Barra","Restinga de Iquipari Reserva Particular do Patrimônio Natural Fazenda Caruara"
"RESERVA PARTICULAR DO PATRIMÔNIO NATURAL FAZENDA CARUARA","Angiosperms","Convolvulaceae","Ipomoea","imperati","(Vahl) Griseb.","CONVOLVULACEAE Ipomoea imperati (Vahl) Griseb.","RB00935308","x","RB","Mattedi, A.D.","349","Native","2013","Mattedi, A.D.","2013","Bronze","Ouro",,,"RPPN Fazenda Caruara. RPPN Fazenda Caruara"
"RESERVA PARTICULAR DO PATRIMÔNIO NATURAL FAZENDA CARUARA","Angiosperms","Convolvulaceae","Ipomoea","imperati","(Vahl) Griseb.","CONVOLVULACEAE Ipomoea imperati (Vahl) Griseb.","HUENF00000901",,"HUENF","Assumpcao, J.","17","Native","1995",,,"Latão","Ouro",,"São João da Barra","Restinga de Iquipari Reserva Particular do Patrimônio Natural Fazenda Caruara"
"RESERVA PARTICULAR DO PATRIMÔNIO NATURAL FAZENDA CARUARA","Angiosperms","Cordiaceae","Varronia","curassavica","Jacq.","CORDIACEAE Varronia curassavica Jacq.","HUENF00005887",,"HUENF","Evaristo, V.T.","5","Native","2003","Machado, D.N.S.","2016","Prata","Ouro","jbrj-public-img.s3-sa-east-1.amazonaws.com/JPG/huenf/huenf/0/0/58/87/huenf00005887.jpg","São João da Barra","Restinga de Iquipari Reserva Particular do Patrimônio Natural Fazenda Caruara"
"RESERVA PARTICULAR DO PATRIMÔNIO NATURAL FAZENDA CARUARA","Angiosperms","Cordiaceae","Varronia","curassavica","Jacq.","CORDIACEAE Varronia curassavica Jacq.","HUENF00005888",,"HUENF","Evaristo, V.T.","6","Native","2003","Machado, D.N.S.","2016","Prata","Ouro","jbrj-public-img.s3-sa-east-1.amazonaws.com/JPG/huenf/huenf/0/0/58/88/huenf00005888.jpg","São João da Barra","Restinga de Iquipari Reserva Particular do Patrimônio Natural Fazenda Caruara"
"RESERVA PARTICULAR DO PATRIMÔNIO NATURAL FAZENDA CARUARA","Angiosperms","Cordiaceae","Varronia","curassavica","Jacq.","CORDIACEAE Varronia curassavica Jacq.","HUENF00005813","x","HUENF","Nascimento, M.T.","sp 7","Native","2010","Machado, D.N.S.","2016","Prata","Ouro",,,"Restinga de Iquipari Reserva Particular do Patrimônio Natural Fazenda Caruara"
"RESERVA PARTICULAR DO PATRIMÔNIO NATURAL FAZENDA CARUARA","Angiosperms","Cordiaceae","Varronia","curassavica","Jacq.","CORDIACEAE Varronia curassavica Jacq.","HUENF00007866","x","HUENF","Fraga, M.M.A.C.",,"Native","2007","Machado, D.N.S.","2016","Prata","Ouro",,,"Restinga de Iquipari Reserva Particular do Patrimônio Natural Fazenda Caruara"
"RESERVA PARTICULAR DO PATRIMÔNIO NATURAL FAZENDA CARUARA","Angiosperms","Cordiaceae","Varronia","curassavica","Jacq.","CORDIACEAE Varronia curassavica Jacq.","HUENF00015428",,"HUENF","Cunha, L.L.F.","4","Native","2024","Viana, H.B.M.","2024","Bronze","Ouro","jbrj-public-img.s3-sa-east-1.amazonaws.com/JPG/huenf/huenf/0/1/54/28/huenf00015428.jpg","São João da Barra","Reserva Particular do Patrimônio Natural da Fazenda Caruara (RPPN Caruara)."
"RESERVA PARTICULAR DO PATRIMÔNIO NATURAL FAZENDA CARUARA","Angiosperms","Cyperaceae","Cyperus","ligularis","L.","CYPERACEAE Cyperus ligularis L.","RB00935258","x","RB","Mattedi, A.D.","298","Native","2013","Silva, L.P.","2019","Bronze","Ouro",,,"RPPN Fazenda Caruara. RPPN Fazenda Caruara"
"RESERVA PARTICULAR DO PATRIMÔNIO NATURAL FAZENDA CARUARA","Angiosperms","Cyperaceae","Cyperus","meyenianus","Kunth","CYPERACEAE Cyperus meyenianus Kunth","HUENF00007074","x","HUENF","Santos, M.H.",,"Native","2007","Couto, D.R.","2021","Bronze","Ouro",,,"Restinga de Iquipari Reserva Particular do Patrimônio Natural Fazenda Caruara"
"RESERVA PARTICULAR DO PATRIMÔNIO NATURAL FAZENDA CARUARA","Angiosperms","Cyperaceae","Cyperus","meyenianus","Kunth","CYPERACEAE Cyperus meyenianus Kunth","HUENF00007074","splink","HUENF","Santos, M.H.",,"Native","2007","Couto, D.R.","2021","Bronze","Ouro",,"São João da Barra","Restinga de Iquipari Reserva Particular do Patrimônio Natural Fazenda Caruara"
"RESERVA PARTICULAR DO PATRIMÔNIO NATURAL FAZENDA CARUARA","Angiosperms","Cyperaceae","Cyperus","pedunculatus","(R.Br.) J.Kern","CYPERACEAE Cyperus pedunculatus (R.Br.) J.Kern","HUENF00007077","x","HUENF","Nascimento, A.A.","1","Native","2007","Souza, T.P.",,"Bronze","Ouro",,,"Restinga de Iquipari Reserva Particular do Patrimônio Natural Fazenda Caruara"
"RESERVA PARTICULAR DO PATRIMÔNIO NATURAL FAZENDA CARUARA","Angiosperms","Cyperaceae","Cyperus","pedunculatus","(R.Br.) J.Kern","CYPERACEAE Cyperus pedunculatus (R.Br.) J.Kern","HUENF00000177",,"HUENF","Assumpcao, J.","13","Native","1995",,,"Latão","Ouro","jbrj-public-img.s3-sa-east-1.amazonaws.com/JPG/huenf/huenf/0/0/1/77/huenf00000177.jpg","São João da Barra","Restinga de Iquipari Reserva Particular do Patrimônio Natural Fazenda Caruara"
"RESERVA PARTICULAR DO PATRIMÔNIO NATURAL FAZENDA CARUARA","Angiosperms","Dilleniaceae","Tetracera","breyniana","Schltdl.","DILLENIACEAE Tetracera breyniana Schltdl.","RB01581401","x","RB","Cardoso, L.J.T.","1876","Native","2019",,,"Latão","Ouro",,,"5º. Distrito. Fazenda Caruara. Coordenada aproximada do indivíduo. Tipo Arbustivo Aberto não inundado. Reserva Particular do Patrimônio Natural Fazenda Caruara"
"RESERVA PARTICULAR DO PATRIMÔNIO NATURAL FAZENDA CARUARA","Angiosperms","Dilleniaceae","Tetracera","breyniana","Schltdl.","DILLENIACEAE Tetracera breyniana Schltdl.","HUENF00000909",,"HUENF","Assumpcao, J.","25","Native","1996",,,"Latão","Ouro",,"São João da Barra","Restinga de Iquipari Reserva Particular do Patrimônio Natural Fazenda Caruara"
"RESERVA PARTICULAR DO PATRIMÔNIO NATURAL FAZENDA CARUARA","Angiosperms","Erythroxylaceae","Erythroxylum","ovalifolium","Peyr.","ERYTHROXYLACEAE Erythroxylum ovalifolium Peyr.","HUENF00013333","splink","HUENF","Viana, H.B.M.","290","Native","2021","Viana, H.B.M.","2021","Bronze","Ouro",,"São João da Barra","Iquiparí. Restinga (formação de restinga arbórea). RPPN Fazenda Caruára"
"RESERVA PARTICULAR DO PATRIMÔNIO NATURAL FAZENDA CARUARA","Angiosperms","Erythroxylaceae","Erythroxylum","ovalifolium","Peyr.","ERYTHROXYLACEAE Erythroxylum ovalifolium Peyr.","RB00935224","x","RB","Mattedi, A.D.","266","Native","2013","Braga, J.M.A.","2013","Bronze","Ouro",,,"RPPN Fazenda Caruara. RPPN Fazenda Caruara"
"RESERVA PARTICULAR DO PATRIMÔNIO NATURAL FAZENDA CARUARA","Angiosperms","Erythroxylaceae","Erythroxylum","ovalifolium","Peyr.","ERYTHROXYLACEAE Erythroxylum ovalifolium Peyr.","RB00935391","x","RB","Mattedi, A.D.","428","Native","2013",,,"Latão","Ouro",,,"RPPN Fazenda Caruara."
"RESERVA PARTICULAR DO PATRIMÔNIO NATURAL FAZENDA CARUARA","Angiosperms","Erythroxylaceae","Erythroxylum","passerinum","Mart.","ERYTHROXYLACEAE Erythroxylum passerinum Mart.","HUENF00000985","x","HUENF",,"72","Native","1996",,,"Latão","Ouro",,,"Restinga de Iquipari Reserva Particular do Patrimônio Natural Fazenda Caruara"
"RESERVA PARTICULAR DO PATRIMÔNIO NATURAL FAZENDA CARUARA","Angiosperms","Euphorbiaceae","Cnidoscolus","urens","(L.) Arthur","EUPHORBIACEAE Cnidoscolus urens (L.) Arthur","HUENF00001034",,"HUENF","Gaglianone, M.C.",,"Native","2003",,,"Latão","Ouro",,"São João da Barra","Restinga de Iquipari Reserva Particular do Patrimônio Natural Fazenda Caruara"
"RESERVA PARTICULAR DO PATRIMÔNIO NATURAL FAZENDA CARUARA","Angiosperms","Euphorbiaceae","Euphorbia","thymifolia","L.","EUPHORBIACEAE Euphorbia thymifolia L.","HUENF00000896",,"HUENF","Assumpcao, J.","11","Native","1995",,,"Latão","Ouro",,"São João da Barra","Restinga de Iquipari Reserva Particular do Patrimônio Natural Fazenda Caruara"
"RESERVA PARTICULAR DO PATRIMÔNIO NATURAL FAZENDA CARUARA","Angiosperms","Euphorbiaceae","Microstachys","corniculata","(Vahl) Griseb.","EUPHORBIACEAE Microstachys corniculata (Vahl) Griseb.","475662","x","SP","Mattedi, A.D.","279","Native","2013","Braga, J.M.A.","2013","Bronze","Ouro",,,"RPPN Fazenda Caruara"
"RESERVA PARTICULAR DO PATRIMÔNIO NATURAL FAZENDA CARUARA","Angiosperms","Euphorbiaceae","Microstachys","corniculata","(Vahl) Griseb.","EUPHORBIACEAE Microstachys corniculata (Vahl) Griseb.","RB00935216","x","RB","Mattedi, A.D.","259","Native","2013",,,"Latão","Ouro",,,"RPPN Fazenda Caruara. RPPN Fazenda Caruara"
"RESERVA PARTICULAR DO PATRIMÔNIO NATURAL FAZENDA CARUARA","Angiosperms","Fabaceae","Abrus","precatorius","L.","FABACEAE Abrus precatorius L.","RB00935275","x","RB","Mattedi, A.D.","303","Naturalized","2013","Braga, J.M.A.","2013","Bronze","Ouro",,,"RPPN Fazenda Caruara. RPPN Fazenda Caruara"
"RESERVA PARTICULAR DO PATRIMÔNIO NATURAL FAZENDA CARUARA","Angiosperms","Fabaceae","Abrus","precatorius","L.","FABACEAE Abrus precatorius L.","HUENF00000184",,"HUENF","Assumpcao, J.","22","Naturalized","1995",,,"Latão","Ouro","jbrj-public-img.s3-sa-east-1.amazonaws.com/JPG/huenf/huenf/0/0/1/84/huenf00000184.jpg","São João da Barra","Restinga de Iquipari Reserva Particular do Patrimônio Natural Fazenda Caruara"
"RESERVA PARTICULAR DO PATRIMÔNIO NATURAL FAZENDA CARUARA","Angiosperms","Fabaceae","Abrus","precatorius","L.","FABACEAE Abrus precatorius L.","K003834789","splink","K","Mattedi, A.D.","303","Naturalized","2013",,,"Latão","Ouro",,"São João da Barra","São João da Barra. RPPN Fazenda Caruara. RPPN Fazenda Caruara."
"RESERVA PARTICULAR DO PATRIMÔNIO NATURAL FAZENDA CARUARA","Angiosperms","Fabaceae","Abrus","precatorius","L.","FABACEAE Abrus precatorius L.","HUENF00000906",,"HUENF","Assumpcao, J.","22","Naturalized","1995",,,"Latão","Ouro",,"São João da Barra","Restinga de Iquipari Reserva Particular do Patrimônio Natural Fazenda Caruara"
"RESERVA PARTICULAR DO PATRIMÔNIO NATURAL FAZENDA CARUARA","Angiosperms","Fabaceae","Abrus","precatorius","L.","FABACEAE Abrus precatorius L.","HUENF00000906","splink","HUENF","Assumpcao, J.","22","Naturalized","1995",,,"Latão","Ouro",,"São João da Barra","Restinga de Iquipari Reserva Particular do Patrimônio Natural Fazenda Caruara"
"RESERVA PARTICULAR DO PATRIMÔNIO NATURAL FAZENDA CARUARA","Angiosperms","Fabaceae","Andira","fraxinifolia","Benth.","FABACEAE Andira fraxinifolia Benth.","HUENF00012638","splink","HUENF","Lima, H.C.","8867","Native","2019","Lima, H.C.","2019","Ouro","Ouro",,"São João da Barra","RPPN Fazenda Caruara, Talhão II (área 2) do Plantio da Ferrofort Restinga de Mortos. RPPN Fazenda Caruara, Talhão II (área 2) do Plantio da Ferrofort Restinga de Mortos."
"RESERVA PARTICULAR DO PATRIMÔNIO NATURAL FAZENDA CARUARA","Angiosperms","Fabaceae","Andira","fraxinifolia","Benth.","FABACEAE Andira fraxinifolia Benth.","HUEFS0237454","splink","HUEFS","Lima, H.C.","8867","Native","2019","Lima, H.C.","2019","Ouro","Ouro",,"São João da Barra","RPPN Fazenda Caruara, Talhão II (área 2) do Plantio da Ferrofort."
"RESERVA PARTICULAR DO PATRIMÔNIO NATURAL FAZENDA CARUARA","Angiosperms","Fabaceae","Andira","fraxinifolia","Benth.","FABACEAE Andira fraxinifolia Benth.","HUENF00012638","x","HUENF","Lima, H.C.","8867","Native","2019","Administrador",,"Bronze","Ouro",,,"RPPN Fazenda Caruara, Talhão II (área 2) do Plantio da Ferrofort Restinga de Mortos. RPPN Fazenda Caruara, Talhão II (área 2) do Plantio da Ferrofort Restinga de Mortos."
"RESERVA PARTICULAR DO PATRIMÔNIO NATURAL FAZENDA CARUARA","Angiosperms","Fabaceae","Andira","fraxinifolia","Benth.","FABACEAE Andira fraxinifolia Benth.","RB00935252","x","RB","Mattedi, A.D.","292","Native","2013","Braga, J.M.A.","2013","Bronze","Ouro",,,"RPPN Fazenda Caruara. RPPN Fazenda Caruara"
"RESERVA PARTICULAR DO PATRIMÔNIO NATURAL FAZENDA CARUARA","Angiosperms","Fabaceae","Andira","fraxinifolia","Benth.","FABACEAE Andira fraxinifolia Benth.","HUEFS0221548","splink","HUEFS","Mattedi, A.D.","292","Native","2013","Braga, J.M.A.","2013","Bronze","Ouro",,"São João da Barra","RPPN Fazenda Caruara."
"RESERVA PARTICULAR DO PATRIMÔNIO NATURAL FAZENDA CARUARA","Angiosperms","Fabaceae","Andira","inermis","(W.Wright) DC.","FABACEAE Andira inermis (W.Wright) DC.","HUENF00000151","x","HUENF","Assumpcao, J.",,"Native","1995","Administrador","2020","Bronze","Ouro",,,"Restinga de Grussaí Reserva Particular do Patrimônio Natural Fazenda Caruara"
"RESERVA PARTICULAR DO PATRIMÔNIO NATURAL FAZENDA CARUARA","Angiosperms","Fabaceae","Centrosema","virginianum","(L.) Benth.","FABACEAE Centrosema virginianum (L.) Benth.","HUENF00007063","x","HUENF","Nascimento, M.T.","3","Native","2009","Administrador","2020","Bronze","Ouro",,,"Restinga de Grussaí Reserva Particular do Patrimônio Natural Fazenda Caruara"
"RESERVA PARTICULAR DO PATRIMÔNIO NATURAL FAZENDA CARUARA","Angiosperms","Fabaceae","Centrosema","virginianum","(L.) Benth.","FABACEAE Centrosema virginianum (L.) Benth.","HUENF00006971","x","HUENF",,"1","Native","2007","Administrador","2020","Bronze","Ouro",,,"Restinga de Iquipari/Grussaí Reserva Particular do Patrimônio Natural Fazenda Caruara"
"RESERVA PARTICULAR DO PATRIMÔNIO NATURAL FAZENDA CARUARA","Angiosperms","Fabaceae","Centrosema","virginianum","(L.) Benth.","FABACEAE Centrosema virginianum (L.) Benth.","HUENF00007078","x","HUENF","Nascimento, A.A.","Ind 03","Native","2007","Administrador","2020","Bronze","Ouro",,,"Restinga de Iquipari Reserva Particular do Patrimônio Natural Fazenda Caruara"
"RESERVA PARTICULAR DO PATRIMÔNIO NATURAL FAZENDA CARUARA","Angiosperms","Fabaceae","Centrosema","virginianum","(L.) Benth.","FABACEAE Centrosema virginianum (L.) Benth.","HUENF00001036","x","HUENF","Gaglianone, M.C.",,"Native","2003","Administrador","2017","Bronze","Ouro",,,"Restinga de Iquipari Reserva Particular do Patrimônio Natural Fazenda Caruara"
"RESERVA PARTICULAR DO PATRIMÔNIO NATURAL FAZENDA CARUARA","Angiosperms","Fabaceae","Centrosema","virginianum","(L.) Benth.","FABACEAE Centrosema virginianum (L.) Benth.","HUENF00001035",,"HUENF","Gaglianone, M.C.","33","Native","2002",,,"Latão","Ouro","jbrj-public-img.s3-sa-east-1.amazonaws.com/JPG/huenf/huenf/0/0/10/35/huenf00001035.jpg","São João da Barra","Restinga de Iquipari Reserva Particular do Patrimônio Natural Fazenda Caruara"
"RESERVA PARTICULAR DO PATRIMÔNIO NATURAL FAZENDA CARUARA","Angiosperms","Fabaceae","Chamaecrista","flexuosa","(L.) Greene","FABACEAE Chamaecrista flexuosa (L.) Greene","HUENF00007230","x","HUENF","Nascimento, M.T.","6","Native","2009","Administrador",,"Bronze","Ouro",,,"Restinga de Grussaí Reserva Particular do Patrimônio Natural Fazenda Caruara"
"RESERVA PARTICULAR DO PATRIMÔNIO NATURAL FAZENDA CARUARA","Angiosperms","Fabaceae","Chamaecrista","flexuosa","(L.) Greene","FABACEAE Chamaecrista flexuosa (L.) Greene","HUENF00007022","x","HUENF","Nascimento, M.T.","7","Native","2006","Administrador",,"Bronze","Ouro",,,"Restinga de Iquipari Reserva Particular do Patrimônio Natural Fazenda Caruara"
"RESERVA PARTICULAR DO PATRIMÔNIO NATURAL FAZENDA CARUARA","Angiosperms","Fabaceae","Chamaecrista","flexuosa","(L.) Greene","FABACEAE Chamaecrista flexuosa (L.) Greene","HUENF00007022","splink","HUENF","Nascimento, M.T.","7","Native","2006","Couto, D.R.","2020","Bronze","Ouro",,"São João da Barra","Restinga de Iquipari Reserva Particular do Patrimônio Natural Fazenda Caruara"
"RESERVA PARTICULAR DO PATRIMÔNIO NATURAL FAZENDA CARUARA","Angiosperms","Fabaceae","Chamaecrista","flexuosa","(L.) Greene","FABACEAE Chamaecrista flexuosa (L.) Greene","HUENF00005899",,"HUENF","Evaristo, V.T.","56","Native","2003",,,"Latão","Ouro","jbrj-public-img.s3-sa-east-1.amazonaws.com/JPG/huenf/huenf/0/0/58/99/huenf00005899.jpg","São João da Barra","Restinga de Iquipari Reserva Particular do Patrimônio Natural Fazenda Caruara"
"RESERVA PARTICULAR DO PATRIMÔNIO NATURAL FAZENDA CARUARA","Angiosperms","Fabaceae","Chamaecrista","flexuosa","(L.) Greene","FABACEAE Chamaecrista flexuosa (L.) Greene","K003173389","splink","K","Mattedi, A.D.","249","Native","2013",,,"Latão","Ouro",,"São João da Barra","São João da Barra. RPPN Fazenda Caruara. RPPN Fazenda Caruara."
"RESERVA PARTICULAR DO PATRIMÔNIO NATURAL FAZENDA CARUARA","Angiosperms","Fabaceae","Chamaecrista","ramosa","(Vogel) H.S.Irwin & Barneby","FABACEAE Chamaecrista ramosa (Vogel) H.S.Irwin & Barneby","HUENF00005897",,"HUENF","Evaristo, V.T.","13","Native","2002",,,"Latão","Ouro","jbrj-public-img.s3-sa-east-1.amazonaws.com/JPG/huenf/huenf/0/0/58/97/huenf00005897.jpg","São João da Barra","Restinga de Iquipari Reserva Particular do Patrimônio Natural Fazenda Caruara"
"RESERVA PARTICULAR DO PATRIMÔNIO NATURAL FAZENDA CARUARA","Angiosperms","Fabaceae","Crotalaria","spectabilis","Röth","FABACEAE Crotalaria spectabilis Röth","HUENF00005706","x","HUENF","Ramos, L.","s.n.","Naturalized","2010","Administrador","2020","Bronze","Ouro",,,"Restinga de Iquipari Reserva Particular do Patrimônio Natural Fazenda Caruara"
"RESERVA PARTICULAR DO PATRIMÔNIO NATURAL FAZENDA CARUARA","Angiosperms","Fabaceae","Crotalaria","spectabilis","Röth","FABACEAE Crotalaria spectabilis Röth","HUENF00005758","splink","HUENF","Silva, B.F.","s.n.","Naturalized","2010",,,"Latão","Ouro",,"Campos dos Goytacazes","Complexo Lagunar Grussaí/Iquipari Reserva Particular do Patrimônio Natural Fazenda Caruara"
"RESERVA PARTICULAR DO PATRIMÔNIO NATURAL FAZENDA CARUARA","Angiosperms","Fabaceae","Dalbergia","ecastaphyllum","(L.) Taub.","FABACEAE Dalbergia ecastaphyllum (L.) Taub.","K001353214","splink","K","Mattedi, A.D.","318","Native","2013","Braga, J.M.A.",,"Bronze","Ouro",,"São João da Barra","Sao Joao da Barrra; RPPN Fazenda Caruara"
"RESERVA PARTICULAR DO PATRIMÔNIO NATURAL FAZENDA CARUARA","Angiosperms","Fabaceae","Dalbergia","ecastaphyllum","(L.) Taub.","FABACEAE Dalbergia ecastaphyllum (L.) Taub.","RB00935278","x","RB","Mattedi, A.D.","318","Native","2013","Braga, J.M.A.","2013","Bronze","Ouro",,,"RPPN Fazenda Caruara. RPPN Fazenda Caruara"
"RESERVA PARTICULAR DO PATRIMÔNIO NATURAL FAZENDA CARUARA","Angiosperms","Fabaceae","Dalbergia","ecastaphyllum","(L.) Taub.","FABACEAE Dalbergia ecastaphyllum (L.) Taub.","HUEFS0219519","splink","HUEFS","Mattedi, A.D.","318","Native","2013","Braga, J.M.A.","2013","Bronze","Ouro",,"São João da Barra","RPPN Fazenda Caruara."
"RESERVA PARTICULAR DO PATRIMÔNIO NATURAL FAZENDA CARUARA","Angiosperms","Fabaceae","Dalbergia","ecastaphyllum","(L.) Taub.","FABACEAE Dalbergia ecastaphyllum (L.) Taub.","HUENF00007633","x","HUENF","Fraga, M.M.A.C.",,"Native","2007","Administrador","2020","Bronze","Ouro",,,"Restinga de Iquipari - Trilha Reserva Particular do Patrimônio Natural Fazenda Caruara"
"RESERVA PARTICULAR DO PATRIMÔNIO NATURAL FAZENDA CARUARA","Angiosperms","Fabaceae","Dalbergia","ecastaphyllum","(L.) Taub.","FABACEAE Dalbergia ecastaphyllum (L.) Taub.","HUENF00005900","x","HUENF","Evaristo, V.T.","s.n.","Native","2003","Administrador","2020","Bronze","Ouro",,,"Restinga de Iquipari Reserva Particular do Patrimônio Natural Fazenda Caruara"
"RESERVA PARTICULAR DO PATRIMÔNIO NATURAL FAZENDA CARUARA","Angiosperms","Fabaceae","Indigofera","microcarpa","Desv.","FABACEAE Indigofera microcarpa Desv.","HUENF00009352","splink","HUENF","Endriger, F.B.","Ninho 5","Native","2010",,,"Latão","Ouro",,"São João da Barra","Restinga de Iquipari Reserva Particular do Patrimônio Natural Fazenda Caruara"
"RESERVA PARTICULAR DO PATRIMÔNIO NATURAL FAZENDA CARUARA","Angiosperms","Fabaceae","Inga","laurina","(Sw.) Willd.","FABACEAE Inga laurina (Sw.) Willd.","HUENF00000198","x","HUENF","Nascimento, M.T.","38","Native","1995","Administrador","2017","Bronze","Ouro",,,"Restinga de Iquipari Reserva Particular do Patrimônio Natural Fazenda Caruara"
"RESERVA PARTICULAR DO PATRIMÔNIO NATURAL FAZENDA CARUARA","Angiosperms","Fabaceae","Inga","laurina","(Sw.) Willd.","FABACEAE Inga laurina (Sw.) Willd.","HUENF00009178",,"HUENF","Endriger, F.B.","Ninho 7","Native","2010",,,"Latão","Ouro","jbrj-public-img.s3-sa-east-1.amazonaws.com/JPG/huenf/huenf/0/0/91/78/huenf00009178.jpg","São João da Barra","Restinga de Iquipari Reserva Particular do Patrimônio Natural Fazenda Caruara"
"RESERVA PARTICULAR DO PATRIMÔNIO NATURAL FAZENDA CARUARA","Angiosperms","Fabaceae","Inga","laurina","(Sw.) Willd.","FABACEAE Inga laurina (Sw.) Willd.","HUENF00005901",,"HUENF","Evaristo, V.T.","67","Native","2003",,,"Latão","Ouro","jbrj-public-img.s3-sa-east-1.amazonaws.com/JPG/huenf/huenf/0/0/59/1/huenf00005901.jpg","São João da Barra","Restinga de Iquipari Reserva Particular do Patrimônio Natural Fazenda Caruara"
"RESERVA PARTICULAR DO PATRIMÔNIO NATURAL FAZENDA CARUARA","Angiosperms","Fabaceae","Inga","laurina","(Sw.) Willd.","FABACEAE Inga laurina (Sw.) Willd.","RB01581404","x","RB","Cardoso, L.J.T.","1883","Native","2021",,,"Latão","Ouro",,,"5º. Distrito. Fazenda Caruara. Mata do lenhador. Em frente a antiga casa do lenhador. Coordenada aproximada do indivíduo. Tipo arbóreo periodicamente inundado. Reserva Particular do Patrimônio Natural Fazenda Caruara"
"RESERVA PARTICULAR DO PATRIMÔNIO NATURAL FAZENDA CARUARA","Angiosperms","Fabaceae","Inga","laurina","(Sw.) Willd.","FABACEAE Inga laurina (Sw.) Willd.","RB00935298","x","RB","Mattedi, A.D.","340","Native","2013",,,"Latão","Ouro",,,"RPPN Fazenda Caruara. RPPN Fazenda Caruara"
"RESERVA PARTICULAR DO PATRIMÔNIO NATURAL FAZENDA CARUARA","Angiosperms","Fabaceae","Inga","maritima","Benth.","FABACEAE Inga maritima Benth.","HUENF00007618","x","HUENF","Fraga, M.M.A.C.",,"Native","2007","Administrador","2020","Bronze","Ouro",,,"Restinga de Iquipari Reserva Particular do Patrimônio Natural Fazenda Caruara"
"RESERVA PARTICULAR DO PATRIMÔNIO NATURAL FAZENDA CARUARA","Angiosperms","Fabaceae","Machaerium","lanceolatum","(Vell.) J.F.Macbr.","FABACEAE Machaerium lanceolatum (Vell.) J.F.Macbr.","HUENF00000990","x","HUENF","Assumpcao, J.",,"Native","1997","Administrador","2017","Bronze","Ouro",,,"Restinga de Iquipari Reserva Particular do Patrimônio Natural Fazenda Caruara"
"RESERVA PARTICULAR DO PATRIMÔNIO NATURAL FAZENDA CARUARA","Angiosperms","Fabaceae","Machaerium","lanceolatum","(Vell.) J.F.Macbr.","FABACEAE Machaerium lanceolatum (Vell.) J.F.Macbr.","HUENF00000249","x","HUENF","Nascimento, M.T.","70","Native","1996","Administrador","2017","Bronze","Ouro",,,"Restinga de Iquipari Reserva Particular do Patrimônio Natural Fazenda Caruara"
"RESERVA PARTICULAR DO PATRIMÔNIO NATURAL FAZENDA CARUARA","Angiosperms","Fabaceae","Machaerium","lanceolatum","(Vell.) J.F.Macbr.","FABACEAE Machaerium lanceolatum (Vell.) J.F.Macbr.","HUENF00005902",,"HUENF","Evaristo, V.T.","48","Native","2003",,,"Latão","Ouro","jbrj-public-img.s3-sa-east-1.amazonaws.com/JPG/huenf/huenf/0/0/59/2/huenf00005902.jpg","São João da Barra","Restinga de Iquipari Reserva Particular do Patrimônio Natural Fazenda Caruara"
"RESERVA PARTICULAR DO PATRIMÔNIO NATURAL FAZENDA CARUARA","Angiosperms","Fabaceae","Machaerium","lanceolatum","(Vell.) J.F.Macbr.","FABACEAE Machaerium lanceolatum (Vell.) J.F.Macbr.","HUENF00000989",,"HUENF","Assumpcao, J.","350","Native","1997",,,"Latão","Ouro","jbrj-public-img.s3-sa-east-1.amazonaws.com/JPG/huenf/huenf/0/0/9/89/huenf00000989.jpg","São João da Barra","Restinga de Iquipari Reserva Particular do Patrimônio Natural Fazenda Caruara"
"RESERVA PARTICULAR DO PATRIMÔNIO NATURAL FAZENDA CARUARA","Angiosperms","Fabaceae","Machaerium","lanceolatum","(Vell.) J.F.Macbr.","FABACEAE Machaerium lanceolatum (Vell.) J.F.Macbr.","HUENF00001043",,"HUENF","Gaglianone, M.C.",,"Native","2003",,,"Latão","Ouro",,"São João da Barra","Restinga de Iquipari Reserva Particular do Patrimônio Natural Fazenda Caruara"
"RESERVA PARTICULAR DO PATRIMÔNIO NATURAL FAZENDA CARUARA","Angiosperms","Fabaceae","Senna","obtusifolia","(L.) H.S.Irwin & Barneby","FABACEAE Senna obtusifolia (L.) H.S.Irwin & Barneby","HUENF00001210",,"HUENF","Gaglianone, M.C.","101","Native","2003",,,"Latão","Ouro",,"São João da Barra","Restinga de Iquipari Reserva Particular do Patrimônio Natural Fazenda Caruara"
"RESERVA PARTICULAR DO PATRIMÔNIO NATURAL FAZENDA CARUARA","Angiosperms","Fabaceae","Sesbania","virgata","(Cav.) Poir.","FABACEAE Sesbania virgata (Cav.) Poir.","HUENF00005810","x","HUENF","Nascimento, M.T.","sp 4","Native","2010","Administrador",,"Bronze","Ouro",,,"Restinga de Iquipari Reserva Particular do Patrimônio Natural Fazenda Caruara"
"RESERVA PARTICULAR DO PATRIMÔNIO NATURAL FAZENDA CARUARA","Angiosperms","Fabaceae","Zollernia","glabra","(Spreng.) Yakovlev","FABACEAE Zollernia glabra (Spreng.) Yakovlev","MBM425394",,"MBM","Viana, H.B.M.","25","Native","2018","Viana, H.B.M.","2018","Bronze","Ouro","jbrj-public.s3.amazonaws.com/fsi/server?type=image&source=DZI/mbm/mbm/0/42/53/94/mbm00425394.dzi","São João da Barra","RPPN Fazenda Caruara, 2º Trilha região da lagoa de Iquiparí."
"RESERVA PARTICULAR DO PATRIMÔNIO NATURAL FAZENDA CARUARA","Angiosperms","Fabaceae","Zollernia","glabra","(Spreng.) Yakovlev","FABACEAE Zollernia glabra (Spreng.) Yakovlev","HUENF00013208","x","HUENF","Ferreira, G.A.","s/n","Native","2021","Viana, H.B.M.",,"Bronze","Ouro",,,"Lagoa Iquipari/Grussaí. Floresta de Restinga, nas proximidade da Lagoa Grussaí. RPPN Fazenda Caruara"
"RESERVA PARTICULAR DO PATRIMÔNIO NATURAL FAZENDA CARUARA","Angiosperms","Fabaceae","Zollernia","glabra","(Spreng.) Yakovlev","FABACEAE Zollernia glabra (Spreng.) Yakovlev","HUEFS00139139","x","HUEFS","Viana, H.B.M.","25","Native","2018","Administrador","2024","Bronze","Ouro",,,"Reserva Particular do Patrimônio Natural Fazenda Caruara. 2° trilha, região da lagoa de Iquiparí."
"RESERVA PARTICULAR DO PATRIMÔNIO NATURAL FAZENDA CARUARA","Angiosperms","Fabaceae","Zollernia","glabra","(Spreng.) Yakovlev","FABACEAE Zollernia glabra (Spreng.) Yakovlev","RB01407307","x","RB","Viana, H.B.M.","25","Native","2018","Viana, H.B.M.","2018","Bronze","Ouro",,,"2º trilha, região da lagoa de Iquiparí. RPPN Fazenda Caruara"
"RESERVA PARTICULAR DO PATRIMÔNIO NATURAL FAZENDA CARUARA","Angiosperms","Fabaceae","Zollernia","glabra","(Spreng.) Yakovlev","FABACEAE Zollernia glabra (Spreng.) Yakovlev","RB00935297","x","RB","Mattedi, A.D.","339","Native","2013","Braga, J.M.A.","2013","Bronze","Ouro",,,"RPPN Fazenda Caruara. RPPN Fazenda Caruara"
"RESERVA PARTICULAR DO PATRIMÔNIO NATURAL FAZENDA CARUARA","Angiosperms","Heliotropiaceae","Euploca","polyphylla","(Lehm.) J.I.M.Melo & Semir","HELIOTROPIACEAE Euploca polyphylla (Lehm.) J.I.M.Melo & Semir","HUENF00005926",,"HUENF","Evaristo, V.T.","021","Native","2003","Machado, D.N.S.","2016","Prata","Ouro","jbrj-public-img.s3-sa-east-1.amazonaws.com/JPG/huenf/huenf/0/0/59/26/huenf00005926.jpg","São João da Barra","Restinga de Iquipari Reserva Particular do Patrimônio Natural Fazenda Caruara"
"RESERVA PARTICULAR DO PATRIMÔNIO NATURAL FAZENDA CARUARA","Angiosperms","Heliotropiaceae","Euploca","polyphylla","(Lehm.) J.I.M.Melo & Semir","HELIOTROPIACEAE Euploca polyphylla (Lehm.) J.I.M.Melo & Semir","HUENF00005927",,"HUENF","Evaristo, V.T.","022","Native","2003","Machado, D.N.S.","2016","Prata","Ouro","jbrj-public-img.s3-sa-east-1.amazonaws.com/JPG/huenf/huenf/0/0/59/27/huenf00005927.jpg","São João da Barra","Restinga de Iquipari Reserva Particular do Patrimônio Natural Fazenda Caruara"
"RESERVA PARTICULAR DO PATRIMÔNIO NATURAL FAZENDA CARUARA","Angiosperms","Heliotropiaceae","Euploca","polyphylla","(Lehm.) J.I.M.Melo & Semir","HELIOTROPIACEAE Euploca polyphylla (Lehm.) J.I.M.Melo & Semir","HUENF00005928",,"HUENF","Evaristo, V.T.","084","Native","2003","Machado, D.N.S.","2016","Prata","Ouro","jbrj-public-img.s3-sa-east-1.amazonaws.com/JPG/huenf/huenf/0/0/59/28/huenf00005928.jpg","São João da Barra","Restinga de Iquipari Reserva Particular do Patrimônio Natural Fazenda Caruara"
"RESERVA PARTICULAR DO PATRIMÔNIO NATURAL FAZENDA CARUARA","Angiosperms","Heliotropiaceae","Euploca","polyphylla","(Lehm.) J.I.M.Melo & Semir","HELIOTROPIACEAE Euploca polyphylla (Lehm.) J.I.M.Melo & Semir","HUENF00005929",,"HUENF","Evaristo, V.T.","083","Native","2002","Machado, D.N.S.","2016","Prata","Ouro","jbrj-public-img.s3-sa-east-1.amazonaws.com/JPG/huenf/huenf/0/0/59/29/huenf00005929.jpg","São João da Barra","Restinga de Iquipari Reserva Particular do Patrimônio Natural Fazenda Caruara"
"RESERVA PARTICULAR DO PATRIMÔNIO NATURAL FAZENDA CARUARA","Angiosperms","Heliotropiaceae","Euploca","polyphylla","(Lehm.) J.I.M.Melo & Semir","HELIOTROPIACEAE Euploca polyphylla (Lehm.) J.I.M.Melo & Semir","HUENF00009166","x","HUENF","Endriger, F.B.",,"Native","2010","Machado, D.N.S.","2016","Prata","Ouro",,,"Restinga de Iquipari Reserva Particular do Patrimônio Natural Fazenda Caruara"
"RESERVA PARTICULAR DO PATRIMÔNIO NATURAL FAZENDA CARUARA","Angiosperms","Malpighiaceae","Byrsonima","sericea","DC.","MALPIGHIACEAE Byrsonima sericea DC.","RB00935221","x","RB","Mattedi, A.D.","263","Native","2013","Braga, J.M.A.","2013","Bronze","Ouro",,,"RPPN Fazenda Caruara. RPPN Fazenda Caruara"
"RESERVA PARTICULAR DO PATRIMÔNIO NATURAL FAZENDA CARUARA","Angiosperms","Malpighiaceae","Byrsonima","sericea","DC.","MALPIGHIACEAE Byrsonima sericea DC.","HUENF00007623","x","HUENF","Fraga, M.M.A.C.",,"Native","2007","Couto, D.R.",,"Bronze","Ouro",,,"Restinga de Iquipari - Trilha Reserva Particular do Patrimônio Natural Fazenda Caruara"
"RESERVA PARTICULAR DO PATRIMÔNIO NATURAL FAZENDA CARUARA","Angiosperms","Malpighiaceae","Byrsonima","sericea","DC.","MALPIGHIACEAE Byrsonima sericea DC.","HUENF00007199","x","HUENF","Nascimento, M.T.","34","Native","2006","Couto, D.R.",,"Bronze","Ouro",,,"Restinga de Iquipari Reserva Particular do Patrimônio Natural Fazenda Caruara"
"RESERVA PARTICULAR DO PATRIMÔNIO NATURAL FAZENDA CARUARA","Angiosperms","Malpighiaceae","Byrsonima","sericea","DC.","MALPIGHIACEAE Byrsonima sericea DC.","HUENF00008746","x","HUENF","Nascimento, A.A.","14","Native","2012",,,"Latão","Ouro",,,"Reserva Particular do Patrimônio Natural Fazenda Caruara"
"RESERVA PARTICULAR DO PATRIMÔNIO NATURAL FAZENDA CARUARA","Angiosperms","Malpighiaceae","Byrsonima","sericea","DC.","MALPIGHIACEAE Byrsonima sericea DC.","HUENF00005945","x","HUENF","Evaristo, V.T.","s.n.","Native","2003",,,"Latão","Ouro",,,"Restinga de Iquipari Reserva Particular do Patrimônio Natural Fazenda Caruara"
"RESERVA PARTICULAR DO PATRIMÔNIO NATURAL FAZENDA CARUARA","Angiosperms","Malpighiaceae","Heteropterys","coleoptera","A.Juss.","MALPIGHIACEAE Heteropterys coleoptera A.Juss.","HUENF00005904",,"HUENF","Evaristo, V.T.","14","Native","2003",,,"Latão","Ouro","jbrj-public-img.s3-sa-east-1.amazonaws.com/JPG/huenf/huenf/0/0/59/4/huenf00005904.jpg","São João da Barra","Restinga de Iquipari Reserva Particular do Patrimônio Natural Fazenda Caruara"
"RESERVA PARTICULAR DO PATRIMÔNIO NATURAL FAZENDA CARUARA","Angiosperms","Malpighiaceae","Heteropterys","coleoptera","A.Juss.","MALPIGHIACEAE Heteropterys coleoptera A.Juss.","HUENF00005906",,"HUENF","Evaristo, V.T.","16","Native","2002",,,"Latão","Ouro","jbrj-public-img.s3-sa-east-1.amazonaws.com/JPG/huenf/huenf/0/0/59/6/huenf00005906.jpg","São João da Barra","Restinga de Iquipari Reserva Particular do Patrimônio Natural Fazenda Caruara"
"RESERVA PARTICULAR DO PATRIMÔNIO NATURAL FAZENDA CARUARA","Angiosperms","Malpighiaceae","Heteropterys","coleoptera","A.Juss.","MALPIGHIACEAE Heteropterys coleoptera A.Juss.","HUENF00001049",,"HUENF","Gaglianone, M.C.","14","Native","2003",,,"Latão","Ouro",,"São João da Barra","Restinga de Iquipari Reserva Particular do Patrimônio Natural Fazenda Caruara"
"RESERVA PARTICULAR DO PATRIMÔNIO NATURAL FAZENDA CARUARA","Angiosperms","Malpighiaceae","Heteropterys","coleoptera","A.Juss.","MALPIGHIACEAE Heteropterys coleoptera A.Juss.","HUENF00001050",,"HUENF","Gaglianone, M.C.","16","Native","2002",,,"Latão","Ouro",,"São João da Barra","Restinga de Iquipari Reserva Particular do Patrimônio Natural Fazenda Caruara"
"RESERVA PARTICULAR DO PATRIMÔNIO NATURAL FAZENDA CARUARA","Angiosperms","Malpighiaceae","Niedenzuella","acutifolia","(Cav.) W.R.Anderson","MALPIGHIACEAE Niedenzuella acutifolia (Cav.) W.R.Anderson","HUENF00005911",,"HUENF","Evaristo, V.T.","61","Native","2003",,,"Latão","Ouro","jbrj-public-img.s3-sa-east-1.amazonaws.com/JPG/huenf/huenf/0/0/59/11/huenf00005911.jpg","São João da Barra","Restinga de Iquipari Reserva Particular do Patrimônio Natural Fazenda Caruara"
"RESERVA PARTICULAR DO PATRIMÔNIO NATURAL FAZENDA CARUARA","Angiosperms","Malpighiaceae","Niedenzuella","acutifolia","(Cav.) W.R.Anderson","MALPIGHIACEAE Niedenzuella acutifolia (Cav.) W.R.Anderson","HUENF00005946",,"HUENF","Evaristo, V.T.","190","Native","2003",,,"Latão","Ouro","jbrj-public-img.s3-sa-east-1.amazonaws.com/JPG/huenf/huenf/0/0/59/46/huenf00005946.jpg","São João da Barra","Restinga de Iquipari Reserva Particular do Patrimônio Natural Fazenda Caruara"
"RESERVA PARTICULAR DO PATRIMÔNIO NATURAL FAZENDA CARUARA","Angiosperms","Malpighiaceae","Niedenzuella","acutifolia","(Cav.) W.R.Anderson","MALPIGHIACEAE Niedenzuella acutifolia (Cav.) W.R.Anderson","HUENF00005947",,"HUENF","Evaristo, V.T.","189","Native","2003",,,"Latão","Ouro","jbrj-public-img.s3-sa-east-1.amazonaws.com/JPG/huenf/huenf/0/0/59/47/huenf00005947.jpg","São João da Barra","Restinga de Iquipari Reserva Particular do Patrimônio Natural Fazenda Caruara"
"RESERVA PARTICULAR DO PATRIMÔNIO NATURAL FAZENDA CARUARA","Angiosperms","Malpighiaceae","Niedenzuella","acutifolia","(Cav.) W.R.Anderson","MALPIGHIACEAE Niedenzuella acutifolia (Cav.) W.R.Anderson","HUENF00005909",,"HUENF","Evaristo, V.T.","031","Native","2002",,,"Latão","Ouro","jbrj-public-img.s3-sa-east-1.amazonaws.com/JPG/huenf/huenf/0/0/59/9/huenf00005909.jpg","São João da Barra","Restinga de Iquipari Reserva Particular do Patrimônio Natural Fazenda Caruara"
"RESERVA PARTICULAR DO PATRIMÔNIO NATURAL FAZENDA CARUARA","Angiosperms","Malpighiaceae","Niedenzuella","acutifolia","(Cav.) W.R.Anderson","MALPIGHIACEAE Niedenzuella acutifolia (Cav.) W.R.Anderson","HUENF00001055",,"HUENF","Gaglianone, M.C.","32","Native","2003",,,"Latão","Ouro",,"São João da Barra","Restinga de Iquipari Reserva Particular do Patrimônio Natural Fazenda Caruara"
"RESERVA PARTICULAR DO PATRIMÔNIO NATURAL FAZENDA CARUARA","Angiosperms","Malpighiaceae","Stigmaphyllon","ciliatum","(Lam.) A.Juss.","MALPIGHIACEAE Stigmaphyllon ciliatum (Lam.) A.Juss.","HUENF00005970","x","HUENF","Evaristo, V.T.","s.n.","Native",,,,"Latão","Ouro",,,"Restinga de Iquipari Reserva Particular do Patrimônio Natural Fazenda Caruara"
"RESERVA PARTICULAR DO PATRIMÔNIO NATURAL FAZENDA CARUARA","Angiosperms","Malpighiaceae","Stigmaphyllon","ciliatum","(Lam.) A.Juss.","MALPIGHIACEAE Stigmaphyllon ciliatum (Lam.) A.Juss.","HUENF00005908","x","HUENF","Evaristo, V.T.","s.n.","Native","2003",,,"Latão","Ouro",,,"Restinga de Iquipari Reserva Particular do Patrimônio Natural Fazenda Caruara"
"RESERVA PARTICULAR DO PATRIMÔNIO NATURAL FAZENDA CARUARA","Angiosperms","Malpighiaceae","Stigmaphyllon","ciliatum","(Lam.) A.Juss.","MALPIGHIACEAE Stigmaphyllon ciliatum (Lam.) A.Juss.","HUENF00001052",,"HUENF","Gaglianone, M.C.",,"Native","2003",,,"Latão","Ouro",,"São João da Barra","Restinga de Iquipari Reserva Particular do Patrimônio Natural Fazenda Caruara"
"RESERVA PARTICULAR DO PATRIMÔNIO NATURAL FAZENDA CARUARA","Angiosperms","Malpighiaceae","Stigmaphyllon","ciliatum","(Lam.) A.Juss.","MALPIGHIACEAE Stigmaphyllon ciliatum (Lam.) A.Juss.","HUENF00001053",,"HUENF","Gaglianone, M.C.",,"Native","2003",,,"Latão","Ouro",,"São João da Barra","Restinga de Iquipari Reserva Particular do Patrimônio Natural Fazenda Caruara"
"RESERVA PARTICULAR DO PATRIMÔNIO NATURAL FAZENDA CARUARA","Angiosperms","Malpighiaceae","Stigmaphyllon","ciliatum","(Lam.) A.Juss.","MALPIGHIACEAE Stigmaphyllon ciliatum (Lam.) A.Juss.","HUENF00001051",,"HUENF","Gaglianone, M.C.","26","Native","2002",,,"Latão","Ouro",,"São João da Barra","Restinga de Iquipari Reserva Particular do Patrimônio Natural Fazenda Caruara"
"RESERVA PARTICULAR DO PATRIMÔNIO NATURAL FAZENDA CARUARA","Angiosperms","Malvaceae","Pseudobombax","grandiflorum","(Cav.) A.Robyns","MALVACEAE Pseudobombax grandiflorum (Cav.) A.Robyns","HUENF00000237","x","HUENF","Nascimento, M.T.","168","Native","1996",,,"Latão","Ouro",,,"Restinga de Iquipari Reserva Particular do Patrimônio Natural Fazenda Caruara"
"RESERVA PARTICULAR DO PATRIMÔNIO NATURAL FAZENDA CARUARA","Angiosperms","Malvaceae","Sida","cordifolia","L.","MALVACEAE Sida cordifolia L.","HUENF00005903",,"HUENF","Evaristo, V.T.","066","Native","2003",,,"Latão","Ouro","jbrj-public-img.s3-sa-east-1.amazonaws.com/JPG/huenf/huenf/0/0/59/3/huenf00005903.jpg","São João da Barra","Restinga de Iquipari Reserva Particular do Patrimônio Natural Fazenda Caruara"
"RESERVA PARTICULAR DO PATRIMÔNIO NATURAL FAZENDA CARUARA","Angiosperms","Malvaceae","Sida","cordifolia","L.","MALVACEAE Sida cordifolia L.","HUENF00001048",,"HUENF","Gaglianone, M.C.",,"Native","2003",,,"Latão","Ouro",,"São João da Barra","Restinga de Iquipari Reserva Particular do Patrimônio Natural Fazenda Caruara"
"RESERVA PARTICULAR DO PATRIMÔNIO NATURAL FAZENDA CARUARA","Angiosperms","Malvaceae","Sida","cordifolia","L.","MALVACEAE Sida cordifolia L.","HUENF00000200","x","HUENF","Nascimento, M.T.","40","Native","1996",,,"Latão","Ouro",,,"Restinga de Iquipari Reserva Particular do Patrimônio Natural Fazenda Caruara"
"RESERVA PARTICULAR DO PATRIMÔNIO NATURAL FAZENDA CARUARA","Angiosperms","Melastomataceae","Miconia","cinnamomifolia","(DC.) Naudin","MELASTOMATACEAE Miconia cinnamomifolia (DC.) Naudin","RB00935394","x","RB","Mattedi, A.D.","431","Native","2013","Mattedi, A.D.","2013","Bronze","Ouro",,,"RPPN Fazenda Caruara. RPPN Fazenda Caruara"
"RESERVA PARTICULAR DO PATRIMÔNIO NATURAL FAZENDA CARUARA","Angiosperms","Melastomataceae","Pleroma","clavatum","(Pers.) P.J.F.Guim. & Michelang.","MELASTOMATACEAE Pleroma clavatum (Pers.) P.J.F.Guim. & Michelang.","RB00935229","x","RB","Mattedi, A.D.","270","Native","2013","Braga, J.M.A.","2013","Bronze","Ouro",,,"RPPN Fazenda Caruara. RPPN Fazenda Caruara"
"RESERVA PARTICULAR DO PATRIMÔNIO NATURAL FAZENDA CARUARA","Angiosperms","Molluginaceae","Mollugo","verticillata","L.","MOLLUGINACEAE Mollugo verticillata L.","HUENF00005912",,"HUENF","Evaristo, V.T.","023","Native","2002","Couto, D.R.","2021","Bronze","Ouro","jbrj-public-img.s3-sa-east-1.amazonaws.com/JPG/huenf/huenf/0/0/59/12/huenf00005912.jpg","São João da Barra","Restinga de Iquipari Reserva Particular do Patrimônio Natural Fazenda Caruara"
"RESERVA PARTICULAR DO PATRIMÔNIO NATURAL FAZENDA CARUARA","Angiosperms","Molluginaceae","Mollugo","verticillata","L.","MOLLUGINACEAE Mollugo verticillata L.","RB00935334","x","RB","Mattedi, A.D.","373","Native","2013","Braga, J.M.A.","2013","Bronze","Ouro",,,"RPPN Fazenda Caruara. RPPN Fazenda Caruara"
"RESERVA PARTICULAR DO PATRIMÔNIO NATURAL FAZENDA CARUARA","Angiosperms","Molluginaceae","Mollugo","verticillata","L.","MOLLUGINACEAE Mollugo verticillata L.","HUENF00007226","x","HUENF","Nascimento, M.T.","18","Native","2009","Couto, D.R.","2020","Bronze","Ouro",,,"Restinga de Grussaí Reserva Particular do Patrimônio Natural Fazenda Caruara"
"RESERVA PARTICULAR DO PATRIMÔNIO NATURAL FAZENDA CARUARA","Angiosperms","Molluginaceae","Mollugo","verticillata","L.","MOLLUGINACEAE Mollugo verticillata L.","HUENF00007082","x","HUENF","Ribeiro, A.C.C.",,"Native","2007","Castelhori, M.F.","2018","Bronze","Ouro",,,"Restinga de Iquipari Reserva Particular do Patrimônio Natural Fazenda Caruara"
"RESERVA PARTICULAR DO PATRIMÔNIO NATURAL FAZENDA CARUARA","Angiosperms","Molluginaceae","Mollugo","verticillata","L.","MOLLUGINACEAE Mollugo verticillata L.","HUENF00007026","x","HUENF","Nascimento, M.T.","12","Native","2006","Couto, D.R.","2020","Bronze","Ouro",,,"Restinga de Iquipari Reserva Particular do Patrimônio Natural Fazenda Caruara"
"RESERVA PARTICULAR DO PATRIMÔNIO NATURAL FAZENDA CARUARA","Angiosperms","Moraceae","Ficus","cestrifolia","Schott ex Spreng.","MORACEAE Ficus cestrifolia Schott ex Spreng.","489040","x","SP","Mattedi, A.D.","333","Native","2013",,,"Latão","Ouro",,,"RPPN Fazenda Caruara"
"RESERVA PARTICULAR DO PATRIMÔNIO NATURAL FAZENDA CARUARA","Angiosperms","Moraceae","Ficus","hirsuta","Schott","MORACEAE Ficus hirsuta Schott","HUENF00015639",,"HUENF","Felipe, V.C.","6","Native","2025","Pederneiras, L.C.","2025","Ouro","Ouro","jbrj-public-img.s3-sa-east-1.amazonaws.com/JPG/huenf/huenf/0/1/56/39/huenf00015639.jpg","São João da Barra","Reserva Particular do Patrimônio Natural Fazenda Caruara."
"RESERVA PARTICULAR DO PATRIMÔNIO NATURAL FAZENDA CARUARA","Angiosperms","Moraceae","Ficus","hirsuta","Schott","MORACEAE Ficus hirsuta Schott","HUENF00015640",,"HUENF","Felipe, V.C.","7","Native","2025","Pederneiras, L.C.","2025","Ouro","Ouro","jbrj-public-img.s3-sa-east-1.amazonaws.com/JPG/huenf/huenf/0/1/56/40/huenf00015640.jpg","São João da Barra","Reserva Particular do Patrimônio Natural Fazenda Caruara."
"RESERVA PARTICULAR DO PATRIMÔNIO NATURAL FAZENDA CARUARA","Angiosperms","Moraceae","Ficus","hirsuta","Schott","MORACEAE Ficus hirsuta Schott","MBM425403",,"MBM","Mauad, L.P.","496","Native","2019","Mauad, L.P.","2019","Bronze","Ouro","jbrj-public.s3.amazonaws.com/fsi/server?type=image&source=DZI/mbm/mbm/0/42/54/3/mbm00425403.dzi","São João da Barra","RPPN Fazenda Caruara"
"RESERVA PARTICULAR DO PATRIMÔNIO NATURAL FAZENDA CARUARA","Angiosperms","Moraceae","Ficus","hirsuta","Schott","MORACEAE Ficus hirsuta Schott","RBR00046161",,"RBR","Mauad, L.P.","496","Native","2019","Mauad, L.P.","2019","Bronze","Ouro",,"São João da Barra","RPPN Fazenda Caruara"
"RESERVA PARTICULAR DO PATRIMÔNIO NATURAL FAZENDA CARUARA","Angiosperms","Moraceae","Maclura","tinctoria","(L.) D.Don ex Steud.","MORACEAE Maclura tinctoria (L.) D.Don ex Steud.","489055","x","SP","Mattedi, A.D.","324","Native","2013",,,"Latão","Ouro",,,"RPPN Fazenda Caruara"
"RESERVA PARTICULAR DO PATRIMÔNIO NATURAL FAZENDA CARUARA","Angiosperms","Myrtaceae","Campomanesia","schlechtendaliana","(O.Berg) Nied.","MYRTACEAE Campomanesia schlechtendaliana (O.Berg) Nied.","HUENF00005968",,"HUENF","Evaristo, V.T.","096","Native","2003",,,"Latão","Ouro","jbrj-public-img.s3-sa-east-1.amazonaws.com/JPG/huenf/huenf/0/0/59/68/huenf00005968.jpg","São João da Barra","Restinga de Iquipari Reserva Particular do Patrimônio Natural Fazenda Caruara"
"RESERVA PARTICULAR DO PATRIMÔNIO NATURAL FAZENDA CARUARA","Angiosperms","Myrtaceae","Campomanesia","schlechtendaliana","(O.Berg) Nied.","MYRTACEAE Campomanesia schlechtendaliana (O.Berg) Nied.","HUENF00009338",,"HUENF","Vinicius","98","Native","2003",,,"Latão","Ouro","jbrj-public-img.s3-sa-east-1.amazonaws.com/JPG/huenf/huenf/0/0/93/38/huenf00009338.jpg","São João da Barra","Restinga de Iquipari Reserva Particular do Patrimônio Natural Fazenda Caruara"
"RESERVA PARTICULAR DO PATRIMÔNIO NATURAL FAZENDA CARUARA","Angiosperms","Myrtaceae","Campomanesia","schlechtendaliana","(O.Berg) Nied.","MYRTACEAE Campomanesia schlechtendaliana (O.Berg) Nied.","HUENF00001228",,"HUENF","Gaglianone, M.C.","98","Native","2003",,,"Latão","Ouro",,"São João da Barra","Restinga de Iquipari Reserva Particular do Patrimônio Natural Fazenda Caruara"
"RESERVA PARTICULAR DO PATRIMÔNIO NATURAL FAZENDA CARUARA","Angiosperms","Myrtaceae","Campomanesia","schlechtendaliana","(O.Berg) Nied.","MYRTACEAE Campomanesia schlechtendaliana (O.Berg) Nied.","HUENF00001229",,"HUENF","Gaglianone, M.C.","96","Native","2003",,,"Latão","Ouro",,"São João da Barra","Restinga de Iquipari Reserva Particular do Patrimônio Natural Fazenda Caruara"
"RESERVA PARTICULAR DO PATRIMÔNIO NATURAL FAZENDA CARUARA","Angiosperms","Myrtaceae","Campomanesia","xanthocarpa","(Mart.) O.Berg","MYRTACEAE Campomanesia xanthocarpa (Mart.) O.Berg","UB1266238",,"UB","Mattedi, A.D.","304","Native","2013","Mattedi, A.D.","2013","Bronze","Ouro",,"São João da Barra","RPPN Fazenda Caruara."
"RESERVA PARTICULAR DO PATRIMÔNIO NATURAL FAZENDA CARUARA","Angiosperms","Myrtaceae","Eugenia","astringens","Cambess.","MYRTACEAE Eugenia astringens Cambess.","HUENF00009070","x","HUENF","Nascimento, A.A.","3","Native","2013","Souza, M.C.","2019","Ouro","Ouro",,,"Reserva Particular do Patrimônio Natural Fazenda Caruara"
"RESERVA PARTICULAR DO PATRIMÔNIO NATURAL FAZENDA CARUARA","Angiosperms","Myrtaceae","Eugenia","astringens","Cambess.","MYRTACEAE Eugenia astringens Cambess.","HUENF00009369","x","HUENF","Nascimento, A.A.","Ale 03","Native","2013","Souza, M.C.","2019","Ouro","Ouro",,,"Reserva Particular do Patrimônio Natural Fazenda Caruara"
"RESERVA PARTICULAR DO PATRIMÔNIO NATURAL FAZENDA CARUARA","Angiosperms","Myrtaceae","Eugenia","astringens","Cambess.","MYRTACEAE Eugenia astringens Cambess.","UB1264012","splink","UB","Mattedi, A.D.","336","Native","2013","Giaretta, A.","2016","Ouro","Ouro",,"São João da Barra","RPPN Fazenda Caruara. Fazenda Pontinhas."
"RESERVA PARTICULAR DO PATRIMÔNIO NATURAL FAZENDA CARUARA","Angiosperms","Myrtaceae","Eugenia","astringens","Cambess.","MYRTACEAE Eugenia astringens Cambess.","UB1264012",,"UB","Mattedi, A.D.","336","Native","2013","Giaretta, A.","2016","Ouro","Ouro",,"São João da Barra","RPPN Fazenda Caruara. Fazenda Pontinhas."
"RESERVA PARTICULAR DO PATRIMÔNIO NATURAL FAZENDA CARUARA","Angiosperms","Myrtaceae","Eugenia","astringens","Cambess.","MYRTACEAE Eugenia astringens Cambess.","UB1033730","splink","UB","Mattedi, A.D.","317","Native","2013","Faria, J.E.Q.","2015","Ouro","Ouro",,"São João da Barra","RPPN Fazenda Caruara."
"RESERVA PARTICULAR DO PATRIMÔNIO NATURAL FAZENDA CARUARA","Angiosperms","Myrtaceae","Eugenia","candolleana","DC.","MYRTACEAE Eugenia candolleana DC.","UB1264192","splink","UB","Mattedi, A.D.","286","Native","2013","Faria, J.E.Q.","2015","Ouro","Ouro",,"São João da Barra","RPPN Fazenda Caruara."
"RESERVA PARTICULAR DO PATRIMÔNIO NATURAL FAZENDA CARUARA","Angiosperms","Myrtaceae","Eugenia","candolleana","DC.","MYRTACEAE Eugenia candolleana DC.","6081","x","SORO","Mattedi, A.D.","286","Native","2013","Faria, J.E.Q.","2015","Ouro","Ouro",,,"RPPN Fazenda Caruara. Elev.: 9 m. Formação de restinga arbustiva aberta."
"RESERVA PARTICULAR DO PATRIMÔNIO NATURAL FAZENDA CARUARA","Angiosperms","Myrtaceae","Eugenia","candolleana","DC.","MYRTACEAE Eugenia candolleana DC.","UB1264192",,"UB","Mattedi, A.D.","286","Native","2013","Faria, J.E.Q.","2015","Ouro","Ouro",,"São João da Barra","RPPN Fazenda Caruara."
"RESERVA PARTICULAR DO PATRIMÔNIO NATURAL FAZENDA CARUARA","Angiosperms","Myrtaceae","Eugenia","candolleana","DC.","MYRTACEAE Eugenia candolleana DC.","HUENF00001005","x","HUENF","Assumpcao, J.",,"Native","1997","Sobral, M.","2022","Ouro","Ouro",,,"Restinga de Iquipari Reserva Particular do Patrimônio Natural Fazenda Caruara"
"RESERVA PARTICULAR DO PATRIMÔNIO NATURAL FAZENDA CARUARA","Angiosperms","Myrtaceae","Eugenia","candolleana","DC.","MYRTACEAE Eugenia candolleana DC.","RB00935246","x","RB","Mattedi, A.D.","286","Native","2013","M.sobral","2017","Bronze","Ouro",,,"RPPN Fazenda Caruara. RPPN Fazenda Caruara"
"RESERVA PARTICULAR DO PATRIMÔNIO NATURAL FAZENDA CARUARA","Angiosperms","Myrtaceae","Eugenia","pluriflora","DC.","MYRTACEAE Eugenia pluriflora DC.","RB01581415","x","RB","Cardoso, L.J.T.","1864","Native","2020",,,"Latão","Ouro",,,"5º. Distrito. Fazenda Caruara. Coordenada aproximada do indivíduo. Tipo Arbustivo aberto inundável. Reserva Particular do Patrimônio Natural Fazenda Caruara"
"RESERVA PARTICULAR DO PATRIMÔNIO NATURAL FAZENDA CARUARA","Angiosperms","Myrtaceae","Eugenia","pluriflora","DC.","MYRTACEAE Eugenia pluriflora DC.","RB00935199","x","RB","Mattedi, A.D.","243","Native","2013",,,"Latão","Ouro",,,"RPPN Fazenda Caruara. RPPN Fazenda Caruara"
"RESERVA PARTICULAR DO PATRIMÔNIO NATURAL FAZENDA CARUARA","Angiosperms","Myrtaceae","Eugenia","pluriflora","DC.","MYRTACEAE Eugenia pluriflora DC.","HUENF00000250","x","HUENF","Nascimento, M.T.","71","Native","1996",,,"Latão","Ouro",,,"Restinga de Iquipari Reserva Particular do Patrimônio Natural Fazenda Caruara"
"RESERVA PARTICULAR DO PATRIMÔNIO NATURAL FAZENDA CARUARA","Angiosperms","Myrtaceae","Eugenia","pluriflora","DC.","MYRTACEAE Eugenia pluriflora DC.","HUENF00000221",,"HUENF","Nascimento, M.T.","61","Native","1996",,,"Latão","Ouro",,"São João da Barra","Restinga de Iquipari Reserva Particular do Patrimônio Natural Fazenda Caruara"
"RESERVA PARTICULAR DO PATRIMÔNIO NATURAL FAZENDA CARUARA","Angiosperms","Myrtaceae","Eugenia","punicifolia","(Kunth) DC.","MYRTACEAE Eugenia punicifolia (Kunth) DC.","HUENF00005951",,"HUENF","Evaristo, V.T.","127","Native","2003","Belan, M.","2019","Ouro","Ouro","jbrj-public-img.s3-sa-east-1.amazonaws.com/JPG/huenf/huenf/0/0/59/51/huenf00005951.jpg","São João da Barra","Restinga de Iquipari Reserva Particular do Patrimônio Natural Fazenda Caruara"
"RESERVA PARTICULAR DO PATRIMÔNIO NATURAL FAZENDA CARUARA","Angiosperms","Myrtaceae","Eugenia","punicifolia","(Kunth) DC.","MYRTACEAE Eugenia punicifolia (Kunth) DC.","HUENF00005952",,"HUENF","Evaristo, V.T.","128","Native","2003","Belan, M.","2019","Ouro","Ouro","jbrj-public-img.s3-sa-east-1.amazonaws.com/JPG/huenf/huenf/0/0/59/52/huenf00005952.jpg","São João da Barra","Restinga de Iquipari Reserva Particular do Patrimônio Natural Fazenda Caruara"
"RESERVA PARTICULAR DO PATRIMÔNIO NATURAL FAZENDA CARUARA","Angiosperms","Myrtaceae","Eugenia","punicifolia","(Kunth) DC.","MYRTACEAE Eugenia punicifolia (Kunth) DC.","HUENF00005953",,"HUENF","Evaristo, V.T.","154","Native","2003","Belan, M.","2019","Ouro","Ouro","jbrj-public-img.s3-sa-east-1.amazonaws.com/JPG/huenf/huenf/0/0/59/53/huenf00005953.jpg","São João da Barra","Restinga de Iquipari Reserva Particular do Patrimônio Natural Fazenda Caruara"
"RESERVA PARTICULAR DO PATRIMÔNIO NATURAL FAZENDA CARUARA","Angiosperms","Myrtaceae","Eugenia","punicifolia","(Kunth) DC.","MYRTACEAE Eugenia punicifolia (Kunth) DC.","HUENF00005955",,"HUENF","Evaristo, V.T.","168","Native","2003","Belan, M.","2019","Ouro","Ouro","jbrj-public-img.s3-sa-east-1.amazonaws.com/JPG/huenf/huenf/0/0/59/55/huenf00005955.jpg","São João da Barra","Restinga de Iquipari Reserva Particular do Patrimônio Natural Fazenda Caruara"
"RESERVA PARTICULAR DO PATRIMÔNIO NATURAL FAZENDA CARUARA","Angiosperms","Myrtaceae","Eugenia","punicifolia","(Kunth) DC.","MYRTACEAE Eugenia punicifolia (Kunth) DC.","HUENF00001004","x","HUENF","Assumpcao, J.",,"Native","1997","Belan, M.","2019","Ouro","Ouro",,,"Restinga de Iquipari Reserva Particular do Patrimônio Natural Fazenda Caruara"
"RESERVA PARTICULAR DO PATRIMÔNIO NATURAL FAZENDA CARUARA","Angiosperms","Myrtaceae","Eugenia","repanda","O.Berg","MYRTACEAE Eugenia repanda O.Berg","UB1238331","splink","UB","Mattedi, A.D.","314","Native","2013","Valdemarin, K.S.","2018","Ouro","Ouro",,"São João da Barra","RPPN Fazenda Caruara."
"RESERVA PARTICULAR DO PATRIMÔNIO NATURAL FAZENDA CARUARA","Angiosperms","Myrtaceae","Eugenia","repanda","O.Berg","MYRTACEAE Eugenia repanda O.Berg","UB1238331",,"UB","Mattedi, A.D.","314","Native","2013","Valdemarin, K.S.","2018","Ouro","Ouro",,"São João da Barra","RPPN Fazenda Caruara."
"RESERVA PARTICULAR DO PATRIMÔNIO NATURAL FAZENDA CARUARA","Angiosperms","Myrtaceae","Eugenia","selloi","(O. Berg) B.D. Jacks.","MYRTACEAE Eugenia selloi (O. Berg) B.D. Jacks.","HUENF00005878",,"HUENF","Evaristo, V.T.","19","Native","2002","Souza, M.C.","2019","Ouro","Ouro","jbrj-public-img.s3-sa-east-1.amazonaws.com/JPG/huenf/huenf/0/0/58/78/huenf00005878.jpg","São João da Barra","Restinga de Iquipari Reserva Particular do Patrimônio Natural Fazenda Caruara"
"RESERVA PARTICULAR DO PATRIMÔNIO NATURAL FAZENDA CARUARA","Angiosperms","Myrtaceae","Eugenia","selloi","(O. Berg) B.D. Jacks.","MYRTACEAE Eugenia selloi (O. Berg) B.D. Jacks.","HUENF00007620","x","HUENF","Fraga, M.M.A.C.",,"Native","2007","Souza, M.C.","2019","Ouro","Ouro",,,"Restinga de Iquipari - Trilha Reserva Particular do Patrimônio Natural Fazenda Caruara"
"RESERVA PARTICULAR DO PATRIMÔNIO NATURAL FAZENDA CARUARA","Angiosperms","Myrtaceae","Eugenia","selloi","(O. Berg) B.D. Jacks.","MYRTACEAE Eugenia selloi (O. Berg) B.D. Jacks.","RB00935253","x","RB","Mattedi, A.D.","293","Native","2013","Mattedi, A.D.","2013","Bronze","Ouro",,,"RPPN Fazenda Caruara. RPPN Fazenda Caruara"
"RESERVA PARTICULAR DO PATRIMÔNIO NATURAL FAZENDA CARUARA","Angiosperms","Myrtaceae","Eugenia","selloi","(O. Berg) B.D. Jacks.","MYRTACEAE Eugenia selloi (O. Berg) B.D. Jacks.","MG226511","x","MG","Mattedi, A.D.","293","Native","2013","Mattedi, A.D.","2013","Bronze","Ouro",,,"RPPN Fazenda Caruara"
"RESERVA PARTICULAR DO PATRIMÔNIO NATURAL FAZENDA CARUARA","Angiosperms","Myrtaceae","Eugenia","selloi","(O. Berg) B.D. Jacks.","MYRTACEAE Eugenia selloi (O. Berg) B.D. Jacks.","UB1027965",,"UB","Mattedi, A.D.","293","Native","2013","Mattedi, A.D.","2013","Bronze","Ouro",,"São João da Barra","RPPN Fazenda Caruara."
"RESERVA PARTICULAR DO PATRIMÔNIO NATURAL FAZENDA CARUARA","Angiosperms","Myrtaceae","Eugenia","uniflora","L.","MYRTACEAE Eugenia uniflora L.","HUENF00005948",,"HUENF","Evaristo, V.T.","158","Native","2003","Souza, M.C.","2019","Ouro","Ouro","jbrj-public-img.s3-sa-east-1.amazonaws.com/JPG/huenf/huenf/0/0/59/48/huenf00005948.jpg","São João da Barra","Restinga de Iquipari Reserva Particular do Patrimônio Natural Fazenda Caruara"
"RESERVA PARTICULAR DO PATRIMÔNIO NATURAL FAZENDA CARUARA","Angiosperms","Myrtaceae","Eugenia","uniflora","L.","MYRTACEAE Eugenia uniflora L.","HUENF00005913","x","HUENF","Evaristo, V.T.","s.n.","Native","2003","Sobral, M.","2022","Ouro","Ouro",,,"Restinga de Iquipari Reserva Particular do Patrimônio Natural Fazenda Caruara"
"RESERVA PARTICULAR DO PATRIMÔNIO NATURAL FAZENDA CARUARA","Angiosperms","Myrtaceae","Eugenia","uniflora","L.","MYRTACEAE Eugenia uniflora L.","HUENF00000155","x","HUENF","Assumpcao, J.",,"Native","1995","Souza, M.C.","2017","Ouro","Ouro",,,"Restinga de Grussaí Reserva Particular do Patrimônio Natural Fazenda Caruara"
"RESERVA PARTICULAR DO PATRIMÔNIO NATURAL FAZENDA CARUARA","Angiosperms","Myrtaceae","Eugenia","uniflora","L.","MYRTACEAE Eugenia uniflora L.","HUENF00013460",,"HUENF","Oliveira, D.S.","4","Native","2022","Viana, H.B.M.","2022","Bronze","Ouro","jbrj-public-img.s3-sa-east-1.amazonaws.com/JPG/huenf/huenf/0/1/34/60/huenf00013460.jpg","São João da Barra","Restinga. RPPN Fazenda Caruara"
"RESERVA PARTICULAR DO PATRIMÔNIO NATURAL FAZENDA CARUARA","Angiosperms","Myrtaceae","Eugenia","uniflora","L.","MYRTACEAE Eugenia uniflora L.","HUENF00013471",,"HUENF","Oliveira, D.S.","15","Native","2022","Viana, H.B.M.","2022","Bronze","Ouro","jbrj-public-img.s3-sa-east-1.amazonaws.com/JPG/huenf/huenf/0/1/34/71/huenf00013471.jpg","São João da Barra","Restinga. RPPN Fazenda Caruara"
"RESERVA PARTICULAR DO PATRIMÔNIO NATURAL FAZENDA CARUARA","Angiosperms","Myrtaceae","Myrcia","inaequiloba","(DC.) Lemée","MYRTACEAE Myrcia inaequiloba (DC.) Lemée","HUENF00001059",,"HUENF","Gaglianone, M.C.",,"Native","2003",,,"Latão","Ouro",,"São João da Barra","Restinga de Iquipari Reserva Particular do Patrimônio Natural Fazenda Caruara"
"RESERVA PARTICULAR DO PATRIMÔNIO NATURAL FAZENDA CARUARA","Angiosperms","Myrtaceae","Myrcia","inaequiloba","(DC.) Lemée","MYRTACEAE Myrcia inaequiloba (DC.) Lemée","HUENF00001219",,"HUENF","Gaglianone, M.C.","158","Native","2003",,,"Latão","Ouro",,"São João da Barra","Restinga de Iquipari Reserva Particular do Patrimônio Natural Fazenda Caruara"
"RESERVA PARTICULAR DO PATRIMÔNIO NATURAL FAZENDA CARUARA","Angiosperms","Myrtaceae","Myrcia","inaequiloba","(DC.) Lemée","MYRTACEAE Myrcia inaequiloba (DC.) Lemée","HUENF00001220",,"HUENF","Gaglianone, M.C.","129","Native","2003",,,"Latão","Ouro",,"São João da Barra","Restinga de Iquipari Reserva Particular do Patrimônio Natural Fazenda Caruara"
"RESERVA PARTICULAR DO PATRIMÔNIO NATURAL FAZENDA CARUARA","Angiosperms","Myrtaceae","Myrcia","insularis","Gardner","MYRTACEAE Myrcia insularis Gardner","HUENF00001231",,"HUENF","Gaglianone, M.C.","142 - sp 94","Native","2003","Sobral, M.","2022","Ouro","Ouro","jbrj-public-img.s3-sa-east-1.amazonaws.com/JPG/huenf/huenf/0/0/12/31/huenf00001231.jpg","São João da Barra","Restinga de Iquipari Reserva Particular do Patrimônio Natural Fazenda Caruara"
"RESERVA PARTICULAR DO PATRIMÔNIO NATURAL FAZENDA CARUARA","Angiosperms","Myrtaceae","Myrcia","insularis","Gardner","MYRTACEAE Myrcia insularis Gardner","HUENF00001177",,"HUENF","Assumpcao, J.","342","Native","1997","Souza, M.C.","2019","Ouro","Ouro","jbrj-public-img.s3-sa-east-1.amazonaws.com/JPG/huenf/huenf/0/0/11/77/huenf00001177.jpg","São João da Barra","Restinga de Iquipari Reserva Particular do Patrimônio Natural Fazenda Caruara"
"RESERVA PARTICULAR DO PATRIMÔNIO NATURAL FAZENDA CARUARA","Angiosperms","Myrtaceae","Myrcia","insularis","Gardner","MYRTACEAE Myrcia insularis Gardner","HUENF00000146",,"HUENF","Assumpcao, J.","222","Native","1995","Souza, M.C.","2017","Ouro","Ouro","jbrj-public-img.s3-sa-east-1.amazonaws.com/JPG/huenf/huenf/0/0/1/46/huenf00000146.jpg","São João da Barra","Restinga de Grussaí Reserva Particular do Patrimônio Natural Fazenda Caruara"
"RESERVA PARTICULAR DO PATRIMÔNIO NATURAL FAZENDA CARUARA","Angiosperms","Myrtaceae","Myrcia","insularis","Gardner","MYRTACEAE Myrcia insularis Gardner","UPCB00047338","x","UPCB","Viana, H.B.M.","26","Native","2018","Sobral, M.",,"Ouro","Ouro",,,"RPPN Fazenda Caruara. 2ª trilha, região da lagoa de Iquiparí, 20 m após a Zollernia. RPPN Fazenda Caruara"
"RESERVA PARTICULAR DO PATRIMÔNIO NATURAL FAZENDA CARUARA","Angiosperms","Myrtaceae","Myrcia","insularis","Gardner","MYRTACEAE Myrcia insularis Gardner","99088","x","UPCB","Viana, H.B.M.","26","Native","2018","Sobral, M.","2019","Ouro","Ouro",,,"RPPN Fazenda Caruara. 2ª trilha, região da lagoa de Iquiparí, 20 m após a Zollernia. RPPN Fazenda Caruara"
"RESERVA PARTICULAR DO PATRIMÔNIO NATURAL FAZENDA CARUARA","Angiosperms","Myrtaceae","Myrcia","loranthifolia","(DC.) G.P.Burton & E.Lucas","MYRTACEAE Myrcia loranthifolia (DC.) G.P.Burton & E.Lucas","HUENF00007868","splink","HUENF","Fraga, M.M.A.C.",,"Native","2007","Souza, M.C.","2019","Ouro","Ouro",,"São João da Barra","Restinga de Iquipari Reserva Particular do Patrimônio Natural Fazenda Caruara"
"RESERVA PARTICULAR DO PATRIMÔNIO NATURAL FAZENDA CARUARA","Angiosperms","Myrtaceae","Myrciaria","tenella","(DC.) O.Berg","MYRTACEAE Myrciaria tenella (DC.) O.Berg","RB00935197","x","RB","Mattedi, A.D.","238","Native","2013","Braga, J.M.A.","2013","Bronze","Ouro",,,"RPPN Fazenda Caruara. RPPN Fazenda Caruara"
"RESERVA PARTICULAR DO PATRIMÔNIO NATURAL FAZENDA CARUARA","Angiosperms","Myrtaceae","Myrciaria","tenella","(DC.) O.Berg","MYRTACEAE Myrciaria tenella (DC.) O.Berg","RB00935254","x","RB","Mattedi, A.D.","294","Native","2013","Braga, J.M.A.","2013","Bronze","Ouro",,,"RPPN Fazenda Caruara. RPPN Fazenda Caruara"
"RESERVA PARTICULAR DO PATRIMÔNIO NATURAL FAZENDA CARUARA","Angiosperms","Myrtaceae","Myrciaria","tenella","(DC.) O.Berg","MYRTACEAE Myrciaria tenella (DC.) O.Berg","490246","x","SP","Mattedi, A.D.","238","Native","2013","Braga, J.M.A.","2013","Bronze","Ouro",,,"RPPN Fazenda Caruara"
"RESERVA PARTICULAR DO PATRIMÔNIO NATURAL FAZENDA CARUARA","Angiosperms","Myrtaceae","Psidium","cattleyanum","Sabine","MYRTACEAE Psidium cattleyanum Sabine","RB00935284","x","RB","Mattedi, A.D.","325","Native","2013","Braga, J.M.A.","2013","Bronze","Ouro",,,"RPPN Fazenda Caruara. RPPN Fazenda Caruara"
"RESERVA PARTICULAR DO PATRIMÔNIO NATURAL FAZENDA CARUARA","Angiosperms","Myrtaceae","Psidium","cattleyanum","Sabine","MYRTACEAE Psidium cattleyanum Sabine","HUENF00001006","x","HUENF","Assumpcao, J.",,"Native",,,,"Latão","Ouro",,,"Restinga de Iquipari Reserva Particular do Patrimônio Natural Fazenda Caruara"
"RESERVA PARTICULAR DO PATRIMÔNIO NATURAL FAZENDA CARUARA","Angiosperms","Myrtaceae","Psidium","guineense","Sw.","MYRTACEAE Psidium guineense Sw.","RB00935346","x","RB","Mattedi, A.D.","384","Native","2013","Mattedi, A.D.","2013","Bronze","Ouro",,,"RPPN Fazenda Caruara. RPPN Fazenda Caruara"
"RESERVA PARTICULAR DO PATRIMÔNIO NATURAL FAZENDA CARUARA","Angiosperms","Myrtaceae","Psidium","macahense","O.Berg","MYRTACEAE Psidium macahense O.Berg","HUENF00000191","x","HUENF","Nascimento, M.T.","30","Native","1995","Souza, M.C.","2019","Ouro","Ouro",,,"Restinga de Iquipari Reserva Particular do Patrimônio Natural Fazenda Caruara"
"RESERVA PARTICULAR DO PATRIMÔNIO NATURAL FAZENDA CARUARA","Angiosperms","Nyctaginaceae","Guapira","pernambucensis","(Casar.) Lundell","NYCTAGINACEAE Guapira pernambucensis (Casar.) Lundell","RB00935211","x","RB","Mattedi, A.D.","255","Native","2013","Braga, J.M.A.","2013","Bronze","Ouro",,,"RPPN Fazenda Caruara. RPPN Fazenda Caruara"
"RESERVA PARTICULAR DO PATRIMÔNIO NATURAL FAZENDA CARUARA","Angiosperms","Nyctaginaceae","Guapira","pernambucensis","(Casar.) Lundell","NYCTAGINACEAE Guapira pernambucensis (Casar.) Lundell","HUENF00008747","x","HUENF","Nascimento, A.A.","30 - IND 07","Native","2012","Couto, D.R.",,"Bronze","Ouro",,,"Reserva Particular do Patrimônio Natural Fazenda Caruara"
"RESERVA PARTICULAR DO PATRIMÔNIO NATURAL FAZENDA CARUARA","Angiosperms","Nyctaginaceae","Guapira","pernambucensis","(Casar.) Lundell","NYCTAGINACEAE Guapira pernambucensis (Casar.) Lundell","HUENF00007882","x","HUENF","Fraga, M.M.A.C.",,"Native","2007","Couto, D.R.",,"Bronze","Ouro",,,"Restinga de Iquipari Reserva Particular do Patrimônio Natural Fazenda Caruara"
"RESERVA PARTICULAR DO PATRIMÔNIO NATURAL FAZENDA CARUARA","Angiosperms","Nyctaginaceae","Guapira","pernambucensis","(Casar.) Lundell","NYCTAGINACEAE Guapira pernambucensis (Casar.) Lundell","03188901","x","NY","Mattedi, A.D.","255","Native","2013",,,"Latão","Ouro",,,"RPPN Fazenda Caruara. RPPN Fazenda Caruara"
"RESERVA PARTICULAR DO PATRIMÔNIO NATURAL FAZENDA CARUARA","Angiosperms","Nyctaginaceae","Guapira","pernambucensis","(Casar.) Lundell","NYCTAGINACEAE Guapira pernambucensis (Casar.) Lundell","HUENF00005966","x","HUENF","Evaristo, V.T.","s.n.","Native","2003",,,"Latão","Ouro",,,"Restinga de Iquipari Reserva Particular do Patrimônio Natural Fazenda Caruara"
"RESERVA PARTICULAR DO PATRIMÔNIO NATURAL FAZENDA CARUARA","Angiosperms","Passifloraceae","Passiflora","mucronata","Lam.","PASSIFLORACEAE Passiflora mucronata Lam.","K001390257","splink","K","Mattedi, A.D.","313","Native","2013",,,"Latão","Ouro",,"São João da Barra","São João da Barra. RPPN Fazenda Caruara. RPPN Fazenda Caruara."
"RESERVA PARTICULAR DO PATRIMÔNIO NATURAL FAZENDA CARUARA","Angiosperms","Passifloraceae","Passiflora","mucronata","Lam.","PASSIFLORACEAE Passiflora mucronata Lam.","03066149","x","NY","Mattedi, A.D.","313","Native","2013",,,"Latão","Ouro",,,"RPPN Fazenda Caruara. RPPN Fazenda Caruara"
"RESERVA PARTICULAR DO PATRIMÔNIO NATURAL FAZENDA CARUARA","Angiosperms","Passifloraceae","Passiflora","pentagona","Mast.","PASSIFLORACEAE Passiflora pentagona Mast.","HUENF00005916",,"HUENF","Evaristo, V.T.","052","Native","2003",,,"Latão","Ouro","jbrj-public-img.s3-sa-east-1.amazonaws.com/JPG/huenf/huenf/0/0/59/16/huenf00005916.jpg","São João da Barra","Restinga de Iquipari Reserva Particular do Patrimônio Natural Fazenda Caruara"
"RESERVA PARTICULAR DO PATRIMÔNIO NATURAL FAZENDA CARUARA","Angiosperms","Passifloraceae","Passiflora","pentagona","Mast.","PASSIFLORACEAE Passiflora pentagona Mast.","HUENF00001064",,"HUENF","Gaglianone, M.C.","68","Native","2003",,,"Latão","Ouro",,"São João da Barra","Restinga de Iquipari Reserva Particular do Patrimônio Natural Fazenda Caruara"
"RESERVA PARTICULAR DO PATRIMÔNIO NATURAL FAZENDA CARUARA","Angiosperms","Passifloraceae","Passiflora","pentagona","Mast.","PASSIFLORACEAE Passiflora pentagona Mast.","HUENF00001065",,"HUENF","Gaglianone, M.C.",,"Native","2003",,,"Latão","Ouro",,"São João da Barra","Restinga de Iquipari Reserva Particular do Patrimônio Natural Fazenda Caruara"
"RESERVA PARTICULAR DO PATRIMÔNIO NATURAL FAZENDA CARUARA","Angiosperms","Passifloraceae","Passiflora","pentagona","Mast.","PASSIFLORACEAE Passiflora pentagona Mast.","HUENF00001066",,"HUENF","Gaglianone, M.C.",,"Native","2003",,,"Latão","Ouro",,"São João da Barra","Restinga de Iquipari Reserva Particular do Patrimônio Natural Fazenda Caruara"
"RESERVA PARTICULAR DO PATRIMÔNIO NATURAL FAZENDA CARUARA","Angiosperms","Peraceae","Pera","glabrata","(Schott) Baill.","PERACEAE Pera glabrata (Schott) Baill.","HUENF00013462",,"HUENF","Oliveira, D.S.","6","Native","2022","Viana, H.B.M.","2022","Bronze","Ouro","jbrj-public-img.s3-sa-east-1.amazonaws.com/JPG/huenf/huenf/0/1/34/62/huenf00013462.jpg","São João da Barra","Restinga. RPPN Fazenda Caruara"
"RESERVA PARTICULAR DO PATRIMÔNIO NATURAL FAZENDA CARUARA","Angiosperms","Peraceae","Pera","glabrata","(Schott) Baill.","PERACEAE Pera glabrata (Schott) Baill.","HUENF00013473",,"HUENF","Oliveira, D.S.","17","Native","2022","Viana, H.B.M.","2022","Bronze","Ouro","jbrj-public-img.s3-sa-east-1.amazonaws.com/JPG/huenf/huenf/0/1/34/73/huenf00013473.jpg","São João da Barra","Restinga. RPPN Fazenda Caruara"
"RESERVA PARTICULAR DO PATRIMÔNIO NATURAL FAZENDA CARUARA","Angiosperms","Peraceae","Pera","glabrata","(Schott) Baill.","PERACEAE Pera glabrata (Schott) Baill.","RB00935212","x","RB","Mattedi, A.D.","256","Native","2013","Braga, J.M.A.","2013","Bronze","Ouro",,,"RPPN Fazenda Caruara. RPPN Fazenda Caruara"
"RESERVA PARTICULAR DO PATRIMÔNIO NATURAL FAZENDA CARUARA","Angiosperms","Peraceae","Pera","glabrata","(Schott) Baill.","PERACEAE Pera glabrata (Schott) Baill.","MG226510","x","MG","Mattedi, A.D.","256","Native","2013","Braga, J.M.A.","2013","Bronze","Ouro",,,"RPPN Fazenda Caruara"
"RESERVA PARTICULAR DO PATRIMÔNIO NATURAL FAZENDA CARUARA","Angiosperms","Peraceae","Pera","glabrata","(Schott) Baill.","PERACEAE Pera glabrata (Schott) Baill.","HUENF00005935",,"HUENF","Evaristo, V.T.","130","Native","2003",,,"Latão","Ouro","jbrj-public-img.s3-sa-east-1.amazonaws.com/JPG/huenf/huenf/0/0/59/35/huenf00005935.jpg","São João da Barra","Restinga de Iquipari Reserva Particular do Patrimônio Natural Fazenda Caruara"
"RESERVA PARTICULAR DO PATRIMÔNIO NATURAL FAZENDA CARUARA","Angiosperms","Plantaginaceae","Bacopa","monnieri","(L.) Pennell","PLANTAGINACEAE Bacopa monnieri (L.) Pennell","HUENF00000892",,"HUENF","Assumpcao, J.","7","Native","1995",,,"Latão","Ouro",,"São João da Barra","Restinga de Iquipari Reserva Particular do Patrimônio Natural Fazenda Caruara"
"RESERVA PARTICULAR DO PATRIMÔNIO NATURAL FAZENDA CARUARA","Angiosperms","Plantaginaceae","Bacopa","monnieri","(L.) Pennell","PLANTAGINACEAE Bacopa monnieri (L.) Pennell","HUENF00000892","splink","HUENF","Assumpcao, J.","7","Native","1995",,,"Latão","Ouro",,"São João da Barra","Restinga de Iquipari Reserva Particular do Patrimônio Natural Fazenda Caruara"
"RESERVA PARTICULAR DO PATRIMÔNIO NATURAL FAZENDA CARUARA","Angiosperms","Plumbaginaceae","Plumbago","scandens","L.","PLUMBAGINACEAE Plumbago scandens L.","HUENF00005917",,"HUENF","Evaristo, V.T.","01","Native","2003",,,"Latão","Ouro","jbrj-public-img.s3-sa-east-1.amazonaws.com/JPG/huenf/huenf/0/0/59/17/huenf00005917.jpg","São João da Barra","Restinga de Iquipari Reserva Particular do Patrimônio Natural Fazenda Caruara"
"RESERVA PARTICULAR DO PATRIMÔNIO NATURAL FAZENDA CARUARA","Angiosperms","Plumbaginaceae","Plumbago","scandens","L.","PLUMBAGINACEAE Plumbago scandens L.","HUENF00001067",,"HUENF","Gaglianone, M.C.","1","Native","2003",,,"Latão","Ouro",,"São João da Barra","Restinga de Iquipari Reserva Particular do Patrimônio Natural Fazenda Caruara"
"RESERVA PARTICULAR DO PATRIMÔNIO NATURAL FAZENDA CARUARA","Angiosperms","Poaceae","Cynodon","dactylon","(L.) Pers.","POACEAE Cynodon dactylon (L.) Pers.","HUENF00009341","splink","HUENF","Endriger, F.B.","Ninho 5","Naturalized","2010","Souza, T.P.","2011","Bronze","Ouro",,"São João da Barra","Restinga de Iquipari Reserva Particular do Patrimônio Natural Fazenda Caruara"
"RESERVA PARTICULAR DO PATRIMÔNIO NATURAL FAZENDA CARUARA","Angiosperms","Poaceae","Cynodon","dactylon","(L.) Pers.","POACEAE Cynodon dactylon (L.) Pers.","HUENF00000175",,"HUENF","Assumpcao, J.","12","Naturalized","1995",,,"Latão","Ouro","jbrj-public-img.s3-sa-east-1.amazonaws.com/JPG/huenf/huenf/0/0/1/75/huenf00000175.jpg","São João da Barra","Restinga de Iquipari Reserva Particular do Patrimônio Natural Fazenda Caruara"
"RESERVA PARTICULAR DO PATRIMÔNIO NATURAL FAZENDA CARUARA","Angiosperms","Poaceae","Melinis","repens","(Willd.) Zizka","POACEAE Melinis repens (Willd.) Zizka","CEN00092466","splink","CEN","Mattedi, A.D.","250","Naturalized","2013","Rodrigues, R.S.","2017","Bronze","Ouro",,"São João da Barra","RPPN Fazenda Caruara"
"RESERVA PARTICULAR DO PATRIMÔNIO NATURAL FAZENDA CARUARA","Angiosperms","Polygalaceae","Senega","cyparissias","(A. St.-Hil. & Moq.) J.F.B.Pastore & Agust. Martinez","POLYGALACEAE Senega cyparissias (A. St.-Hil. & Moq.) J.F.B.Pastore & Agust. Martinez","RB00935265","x","RB","Mattedi, A.D.","311","Native","2013","Pastore, J.F.B.","2018","Ouro","Ouro",,,"RPPN Fazenda Caruara. RPPN Fazenda Caruara"
"RESERVA PARTICULAR DO PATRIMÔNIO NATURAL FAZENDA CARUARA","Angiosperms","Polygalaceae","Senega","cyparissias","(A. St.-Hil. & Moq.) J.F.B.Pastore & Agust. Martinez","POLYGALACEAE Senega cyparissias (A. St.-Hil. & Moq.) J.F.B.Pastore & Agust. Martinez","HUENF00000997","x","HUENF","Nascimento, M.T.",,"Native","1997","Pastore, J.F.B.","2024","Ouro","Ouro",,,"Restinga de Iquipari Reserva Particular do Patrimônio Natural Fazenda Caruara"
"RESERVA PARTICULAR DO PATRIMÔNIO NATURAL FAZENDA CARUARA","Angiosperms","Polygonaceae","Coccoloba","alnifolia","Casar.","POLYGONACEAE Coccoloba alnifolia Casar.","HUENF00013209","x","HUENF","Ferreira, G.A.","s/n","Native","2021","Viana, H.B.M.",,"Bronze","Ouro",,,"Lagoa Iquipari/Grussaí. Floresta de Restinga, nas proximidade da Lagoa Grussaí. RPPN Fazenda Caruara"
"RESERVA PARTICULAR DO PATRIMÔNIO NATURAL FAZENDA CARUARA","Angiosperms","Polygonaceae","Coccoloba","alnifolia","Casar.","POLYGONACEAE Coccoloba alnifolia Casar.","HUENF00009068","x","HUENF","Nascimento, A.A.","Ale 2","Native","2013","Couto, D.R.",,"Bronze","Ouro",,,"Reserva Particular do Patrimônio Natural Fazenda Caruara"
"RESERVA PARTICULAR DO PATRIMÔNIO NATURAL FAZENDA CARUARA","Angiosperms","Polygonaceae","Coccoloba","alnifolia","Casar.","POLYGONACEAE Coccoloba alnifolia Casar.","HUENF00009065","x","HUENF","Nascimento, A.A.","8","Native","2013","Couto, D.R.",,"Bronze","Ouro",,,"Reserva Particular do Patrimônio Natural Fazenda Caruara"
"RESERVA PARTICULAR DO PATRIMÔNIO NATURAL FAZENDA CARUARA","Angiosperms","Polygonaceae","Coccoloba","alnifolia","Casar.","POLYGONACEAE Coccoloba alnifolia Casar.","RB00935271","x","RB","Mattedi, A.D.","299","Native","2013","Braga, J.M.A.","2013","Bronze","Ouro",,,"RPPN Fazenda Caruara. RPPN Fazenda Caruara"
"RESERVA PARTICULAR DO PATRIMÔNIO NATURAL FAZENDA CARUARA","Angiosperms","Polygonaceae","Coccoloba","alnifolia","Casar.","POLYGONACEAE Coccoloba alnifolia Casar.","HUENF00000160","x","HUENF","Assumpcao, J.",,"Native","1995","Couto, D.R.",,"Bronze","Ouro",,,"Restinga de Grussaí Reserva Particular do Patrimônio Natural Fazenda Caruara"
"RESERVA PARTICULAR DO PATRIMÔNIO NATURAL FAZENDA CARUARA","Ferns and Lycophytes","Polypodiaceae","Serpocaulon","triseriale","(Sw.) A.R.Sm.","POLYPODIACEAE Serpocaulon triseriale (Sw.) A.R.Sm.","02704083","x","NY","Mattedi, A.D.","262","Native","2013",,,"Latão","Ouro",,,"RPPN Fazenda Caruara. RPPN Fazenda Caruara"
"RESERVA PARTICULAR DO PATRIMÔNIO NATURAL FAZENDA CARUARA","Angiosperms","Primulaceae","Myrsine","parvifolia","A.DC.","PRIMULACEAE Myrsine parvifolia A.DC.","RB00935312","x","RB","Mattedi, A.D.","353","Native","2013","Freitas, M.F.","2013","Ouro","Ouro",,,"RPPN Fazenda Caruara. RPPN Fazenda Caruara"
"RESERVA PARTICULAR DO PATRIMÔNIO NATURAL FAZENDA CARUARA","Angiosperms","Primulaceae","Myrsine","parvifolia","A.DC.","PRIMULACEAE Myrsine parvifolia A.DC.","HUENF00012636","x","HUENF","Lima, H.C.","8866","Native","2019","Lima, H.C.",,"Bronze","Ouro",,,"RPPN Fazenda Caruara, Talhão II (área 2) do Plantio da Ferrofort Restinga de Mortos. RPPN Fazenda Caruara, Talhão II (área 2) do Plantio da Ferrofort Restinga de Mortos."
"RESERVA PARTICULAR DO PATRIMÔNIO NATURAL FAZENDA CARUARA","Angiosperms","Primulaceae","Myrsine","parvifolia","A.DC.","PRIMULACEAE Myrsine parvifolia A.DC.","VIES046077","x","VIES","Lima, H.C.","8866","Native","2019","Lima, H.C.",,"Bronze","Ouro",,,"RPPN Fazenda Caruara, Talhão II (área 2) do Plantio da Ferrofort Restinga de Mortos."
"RESERVA PARTICULAR DO PATRIMÔNIO NATURAL FAZENDA CARUARA","Angiosperms","Primulaceae","Myrsine","parvifolia","A.DC.","PRIMULACEAE Myrsine parvifolia A.DC.","RB01414969","x","RB","Lima, H.C.","8866","Native","2019","Lima, H.C.","2019","Bronze","Ouro",,,"RPPN Fazenda Caruara, Talhão II (área 2) do Plantio da Ferrofort Restinga de Mortos."
"RESERVA PARTICULAR DO PATRIMÔNIO NATURAL FAZENDA CARUARA","Angiosperms","Primulaceae","Myrsine","parvifolia","A.DC.","PRIMULACEAE Myrsine parvifolia A.DC.","HUENF00012636","splink","HUENF","Lima, H.C.","8866","Native","2019","Lima, H.C.","2019","Bronze","Ouro",,"São João da Barra","RPPN Fazenda Caruara, Talhão II (área 2) do Plantio da Ferrofort Restinga de Mortos. RPPN Fazenda Caruara, Talhão II (área 2) do Plantio da Ferrofort Restinga de Mortos."
"RESERVA PARTICULAR DO PATRIMÔNIO NATURAL FAZENDA CARUARA","Angiosperms","Primulaceae","Myrsine","umbellata","Mart.","PRIMULACEAE Myrsine umbellata Mart.","K005938045","splink","K","Mattedi, A.D.","316","Native","2013",,,"Latão","Ouro",,"São João da Barra","São João da Barra. RPPN Fazenda Caruara. Fazenda Pontinhas."
"RESERVA PARTICULAR DO PATRIMÔNIO NATURAL FAZENDA CARUARA","Angiosperms","Primulaceae","Myrsine","umbellata","Mart.","PRIMULACEAE Myrsine umbellata Mart.","03075154","x","NY","Mattedi, A.D.","316","Native","2013",,,"Latão","Ouro",,,"Fazenda Pontinhas. RPPN Fazenda Caruara"
"RESERVA PARTICULAR DO PATRIMÔNIO NATURAL FAZENDA CARUARA","Angiosperms","Primulaceae","Myrsine","umbellata","Mart.","PRIMULACEAE Myrsine umbellata Mart.","HUENF00009173","x","HUENF",,"177","Native","2003",,,"Latão","Ouro",,,"Restinga de Iquipari Reserva Particular do Patrimônio Natural Fazenda Caruara"
"RESERVA PARTICULAR DO PATRIMÔNIO NATURAL FAZENDA CARUARA","Angiosperms","Primulaceae","Myrsine","umbellata","Mart.","PRIMULACEAE Myrsine umbellata Mart.","HUENF00000206",,"HUENF","Nascimento, M.T.","47","Native","1996",,,"Latão","Ouro",,"São João da Barra","Restinga de Iquipari Reserva Particular do Patrimônio Natural Fazenda Caruara"
"RESERVA PARTICULAR DO PATRIMÔNIO NATURAL FAZENDA CARUARA","Angiosperms","Rhamnaceae","Condalia","buxifolia","Reissek","RHAMNACEAE Condalia buxifolia Reissek","HUENF00013332","x","HUENF","Viana, H.B.M.","287","Native","2021","Viana, H.B.M.","2021","Bronze","Ouro",,,"Iquiparí. Restinga (formação de restinga arbórea). RPPN Fazenda Caruára"
"RESERVA PARTICULAR DO PATRIMÔNIO NATURAL FAZENDA CARUARA","Angiosperms","Rhamnaceae","Condalia","buxifolia","Reissek","RHAMNACEAE Condalia buxifolia Reissek","HUENF00013332","splink","HUENF","Viana, H.B.M.","287","Native","2021","Viana, H.B.M.","2021","Bronze","Ouro",,"São João da Barra","Iquiparí. Restinga (formação de restinga arbórea). RPPN Fazenda Caruára"
"RESERVA PARTICULAR DO PATRIMÔNIO NATURAL FAZENDA CARUARA","Angiosperms","Rhamnaceae","Condalia","buxifolia","Reissek","RHAMNACEAE Condalia buxifolia Reissek","RB01581424","x","RB","Gomes, J.V.R.","2","Native","2019",,,"Latão","Ouro",,,"5ºo. Distrito. Fazenda Caruara. Coordenada central da RPPN. Confluência da estrada da Concha com a Estrada Angolá. Tipo Arbustivo Aberto não inundado. Reserva Particular do Patrimônio Natural Fazenda Caruara"
"RESERVA PARTICULAR DO PATRIMÔNIO NATURAL FAZENDA CARUARA","Angiosperms","Rhamnaceae","Sarcomphalus","joazeiro","(Mart.) Hauenschild","RHAMNACEAE Sarcomphalus joazeiro (Mart.) Hauenschild","RB00935349","x","RB","Mattedi, A.D.","387","Native","2013","Mattedi, A.D.","2013","Bronze","Ouro",,,"RPPN Fazenda Caruara. RPPN Fazenda Caruara"
"RESERVA PARTICULAR DO PATRIMÔNIO NATURAL FAZENDA CARUARA","Angiosperms","Rhamnaceae","Scutia","arenicola","(Casar.) Reissek","RHAMNACEAE Scutia arenicola (Casar.) Reissek","HUENF00013461",,"HUENF","Oliveira, D.S.","5","Native","2022","Viana, H.B.M.","2022","Bronze","Ouro","jbrj-public-img.s3-sa-east-1.amazonaws.com/JPG/huenf/huenf/0/1/34/61/huenf00013461.jpg","São João da Barra","Restinga. RPPN Fazenda Caruara"
"RESERVA PARTICULAR DO PATRIMÔNIO NATURAL FAZENDA CARUARA","Angiosperms","Rhamnaceae","Scutia","arenicola","(Casar.) Reissek","RHAMNACEAE Scutia arenicola (Casar.) Reissek","HUENF00013472",,"HUENF","Oliveira, D.S.","16","Native","2022","Viana, H.B.M.","2022","Bronze","Ouro","jbrj-public-img.s3-sa-east-1.amazonaws.com/JPG/huenf/huenf/0/1/34/72/huenf00013472.jpg","São João da Barra","Restinga. RPPN Fazenda Caruara"
"RESERVA PARTICULAR DO PATRIMÔNIO NATURAL FAZENDA CARUARA","Angiosperms","Rhamnaceae","Scutia","arenicola","(Casar.) Reissek","RHAMNACEAE Scutia arenicola (Casar.) Reissek","HUENF00005969",,"HUENF","Evaristo, V.T.","113","Native","2003",,,"Latão","Ouro","jbrj-public-img.s3-sa-east-1.amazonaws.com/JPG/huenf/huenf/0/0/59/69/huenf00005969.jpg","São João da Barra","Restinga de Iquipari Reserva Particular do Patrimônio Natural Fazenda Caruara"
"RESERVA PARTICULAR DO PATRIMÔNIO NATURAL FAZENDA CARUARA","Angiosperms","Rhamnaceae","Scutia","arenicola","(Casar.) Reissek","RHAMNACEAE Scutia arenicola (Casar.) Reissek","HUENF00005971",,"HUENF","Evaristo, V.T.","117","Native","2003",,,"Latão","Ouro","jbrj-public-img.s3-sa-east-1.amazonaws.com/JPG/huenf/huenf/0/0/59/71/huenf00005971.jpg","São João da Barra","Restinga de Iquipari Reserva Particular do Patrimônio Natural Fazenda Caruara"
"RESERVA PARTICULAR DO PATRIMÔNIO NATURAL FAZENDA CARUARA","Angiosperms","Rhamnaceae","Scutia","arenicola","(Casar.) Reissek","RHAMNACEAE Scutia arenicola (Casar.) Reissek","HUENF00000183",,"HUENF","Assumpcao, J.","21","Native","1995",,,"Latão","Ouro","jbrj-public-img.s3-sa-east-1.amazonaws.com/JPG/huenf/huenf/0/0/1/83/huenf00000183.jpg","São João da Barra","Restinga de Iquipari Reserva Particular do Patrimônio Natural Fazenda Caruara"
"RESERVA PARTICULAR DO PATRIMÔNIO NATURAL FAZENDA CARUARA","Angiosperms","Rubiaceae","Chiococca","alba","(L.) Hitchc.","RUBIACEAE Chiococca alba (L.) Hitchc.","HUENF00000170",,"HUENF","Assumpcao, J.","6","Native","1995",,,"Latão","Ouro","jbrj-public-img.s3-sa-east-1.amazonaws.com/JPG/huenf/huenf/0/0/1/70/huenf00000170.jpg","São João da Barra","Restinga de Iquipari Reserva Particular do Patrimônio Natural Fazenda Caruara"
"RESERVA PARTICULAR DO PATRIMÔNIO NATURAL FAZENDA CARUARA","Angiosperms","Rubiaceae","Chiococca","alba","(L.) Hitchc.","RUBIACEAE Chiococca alba (L.) Hitchc.","HUENF00000178",,"HUENF","Assumpcao, J.","14","Native","1995",,,"Latão","Ouro","jbrj-public-img.s3-sa-east-1.amazonaws.com/JPG/huenf/huenf/0/0/1/78/huenf00000178.jpg","São João da Barra","Restinga de Iquipari Reserva Particular do Patrimônio Natural Fazenda Caruara"
"RESERVA PARTICULAR DO PATRIMÔNIO NATURAL FAZENDA CARUARA","Angiosperms","Rubiaceae","Chiococca","alba","(L.) Hitchc.","RUBIACEAE Chiococca alba (L.) Hitchc.","HUENF00000189",,"HUENF","Assumpcao, J.","27","Native","1995",,,"Latão","Ouro","jbrj-public-img.s3-sa-east-1.amazonaws.com/JPG/huenf/huenf/0/0/1/89/huenf00000189.jpg","São João da Barra","Restinga de Iquipari Reserva Particular do Patrimônio Natural Fazenda Caruara"
"RESERVA PARTICULAR DO PATRIMÔNIO NATURAL FAZENDA CARUARA","Angiosperms","Rubiaceae","Chiococca","alba","(L.) Hitchc.","RUBIACEAE Chiococca alba (L.) Hitchc.","HUENF00001070","x","HUENF","Gaglianone, M.C.",,"Native","2003",,,"Latão","Ouro",,,"Restinga de Iquipari Reserva Particular do Patrimônio Natural Fazenda Caruara"
"RESERVA PARTICULAR DO PATRIMÔNIO NATURAL FAZENDA CARUARA","Angiosperms","Rubiaceae","Chiococca","alba","(L.) Hitchc.","RUBIACEAE Chiococca alba (L.) Hitchc.","HUENF00001071","x","HUENF","Gaglianone, M.C.",,"Native","2003",,,"Latão","Ouro",,,"Restinga de Iquipari Reserva Particular do Patrimônio Natural Fazenda Caruara"
"RESERVA PARTICULAR DO PATRIMÔNIO NATURAL FAZENDA CARUARA","Angiosperms","Rubiaceae","Guettarda","viburnoides","Cham. & Schltdl.","RUBIACEAE Guettarda viburnoides Cham. & Schltdl.","RB01407304","x","RB","Mauad, L.P.","494","Native","2018","Mauad, L.P.","2019","Bronze","Ouro",,,"Porção final da RPPN Caruara, próximo a margem da Lagoa de Grussaí. RPPN Fazenda Caruara"
"RESERVA PARTICULAR DO PATRIMÔNIO NATURAL FAZENDA CARUARA","Angiosperms","Rubiaceae","Melanopsidium","nigrum","Colla","RUBIACEAE Melanopsidium nigrum Colla","RB00935360","x","RB","Mattedi, A.D.","397","Native","2013","Braga, J.M.A.","2013","Bronze","Ouro",,,"RPPN Fazenda Caruara. RPPN Fazenda Caruara"
"RESERVA PARTICULAR DO PATRIMÔNIO NATURAL FAZENDA CARUARA","Angiosperms","Rubiaceae","Tocoyena","formosa","(Cham. & Schltdl.) K.Schum.","RUBIACEAE Tocoyena formosa (Cham. & Schltdl.) K.Schum.","RB00935231","x","RB","Mattedi, A.D.","272","Native","2013","Braga, J.M.A.","2013","Bronze","Ouro",,,"RPPN Fazenda Caruara. RPPN Fazenda Caruara"
"RESERVA PARTICULAR DO PATRIMÔNIO NATURAL FAZENDA CARUARA","Angiosperms","Rubiaceae","Tocoyena","formosa","(Cham. & Schltdl.) K.Schum.","RUBIACEAE Tocoyena formosa (Cham. & Schltdl.) K.Schum.","61759","x","JPB","Mattedi, A.D.","272","Native","2013","Braga, J.M.A.","2013","Bronze","Ouro",,,"RPPN Fazenda Caruara"
"RESERVA PARTICULAR DO PATRIMÔNIO NATURAL FAZENDA CARUARA","Angiosperms","Rubiaceae","Tocoyena","formosa","(Cham. & Schltdl.) K.Schum.","RUBIACEAE Tocoyena formosa (Cham. & Schltdl.) K.Schum.","HUENF00007065","x","HUENF","Nascimento, M.T.","15","Native","2009","Couto, D.R.",,"Bronze","Ouro",,,"Restinga de Grussaí Reserva Particular do Patrimônio Natural Fazenda Caruara"
"RESERVA PARTICULAR DO PATRIMÔNIO NATURAL FAZENDA CARUARA","Angiosperms","Rubiaceae","Tocoyena","formosa","(Cham. & Schltdl.) K.Schum.","RUBIACEAE Tocoyena formosa (Cham. & Schltdl.) K.Schum.","CAP008918","splink","CAP","Nascimento, M.T.","15","Native","2009","Couto, D.R.","2020","Bronze","Ouro",,"São João da Barra","Restinga de Grussaí. Reserva Particular do Patrimônio Natural Fazenda Caruara"
"RESERVA PARTICULAR DO PATRIMÔNIO NATURAL FAZENDA CARUARA","Angiosperms","Rubiaceae","Tocoyena","formosa","(Cham. & Schltdl.) K.Schum.","RUBIACEAE Tocoyena formosa (Cham. & Schltdl.) K.Schum.","HUENF00007639","x","HUENF","Fraga, M.M.A.C.",,"Native","2007","Couto, D.R.",,"Bronze","Ouro",,,"Restinga de Iquipari Reserva Particular do Patrimônio Natural Fazenda Caruara"
"RESERVA PARTICULAR DO PATRIMÔNIO NATURAL FAZENDA CARUARA","Angiosperms","Santalaceae","Phoradendron","quadrangulare","(Kunth) Griseb.","SANTALACEAE Phoradendron quadrangulare (Kunth) Griseb.","HUENF00005943",,"HUENF","Evaristo, V.T.","094","Native","2003",,,"Latão","Ouro","jbrj-public-img.s3-sa-east-1.amazonaws.com/JPG/huenf/huenf/0/0/59/43/huenf00005943.jpg","São João da Barra","Restinga de Iquipari Reserva Particular do Patrimônio Natural Fazenda Caruara"
"RESERVA PARTICULAR DO PATRIMÔNIO NATURAL FAZENDA CARUARA","Angiosperms","Santalaceae","Phoradendron","quadrangulare","(Kunth) Griseb.","SANTALACEAE Phoradendron quadrangulare (Kunth) Griseb.","HUENF00005944",,"HUENF","Evaristo, V.T.","095","Native","2003",,,"Latão","Ouro","jbrj-public-img.s3-sa-east-1.amazonaws.com/JPG/huenf/huenf/0/0/59/44/huenf00005944.jpg","São João da Barra","Restinga de Iquipari Reserva Particular do Patrimônio Natural Fazenda Caruara"
"RESERVA PARTICULAR DO PATRIMÔNIO NATURAL FAZENDA CARUARA","Angiosperms","Santalaceae","Phoradendron","quadrangulare","(Kunth) Griseb.","SANTALACEAE Phoradendron quadrangulare (Kunth) Griseb.","HUENF00001212",,"HUENF","Gaglianone, M.C.","94","Native","2003",,,"Latão","Ouro",,"São João da Barra","Restinga de Iquipari Reserva Particular do Patrimônio Natural Fazenda Caruara"
"RESERVA PARTICULAR DO PATRIMÔNIO NATURAL FAZENDA CARUARA","Angiosperms","Santalaceae","Phoradendron","quadrangulare","(Kunth) Griseb.","SANTALACEAE Phoradendron quadrangulare (Kunth) Griseb.","HUENF00001213",,"HUENF","Gaglianone, M.C.","95","Native","2003",,,"Latão","Ouro",,"São João da Barra","Restinga de Iquipari Reserva Particular do Patrimônio Natural Fazenda Caruara"
"RESERVA PARTICULAR DO PATRIMÔNIO NATURAL FAZENDA CARUARA","Angiosperms","Sapindaceae","Cupania","emarginata","Cambess.","SAPINDACEAE Cupania emarginata Cambess.","RB00935302","x","RB","Mattedi, A.D.","344","Native","2013","Braga, J.M.A.","2013","Bronze","Ouro",,,"RPPN Fazenda Caruara. RPPN Fazenda Caruara"
"RESERVA PARTICULAR DO PATRIMÔNIO NATURAL FAZENDA CARUARA","Angiosperms","Sapindaceae","Cupania","emarginata","Cambess.","SAPINDACEAE Cupania emarginata Cambess.","RB00935249","x","RB","Mattedi, A.D.","289","Native","2013","Braga, J.M.A.","2013","Bronze","Ouro",,,"RPPN Fazenda Caruara. RPPN Fazenda Caruara"
"RESERVA PARTICULAR DO PATRIMÔNIO NATURAL FAZENDA CARUARA","Angiosperms","Sapindaceae","Cupania","emarginata","Cambess.","SAPINDACEAE Cupania emarginata Cambess.","HUENF00001072",,"HUENF","Gaglianone, M.C.","76 - sp 62","Native","2003",,,"Latão","Ouro","jbrj-public-img.s3-sa-east-1.amazonaws.com/JPG/huenf/huenf/0/0/10/72/huenf00001072.jpg","São João da Barra","Restinga de Iquipari Reserva Particular do Patrimônio Natural Fazenda Caruara"
"RESERVA PARTICULAR DO PATRIMÔNIO NATURAL FAZENDA CARUARA","Angiosperms","Sapindaceae","Cupania","emarginata","Cambess.","SAPINDACEAE Cupania emarginata Cambess.","HUENF00001073",,"HUENF","Gaglianone, M.C.","sp - 57","Native","2003",,,"Latão","Ouro","jbrj-public-img.s3-sa-east-1.amazonaws.com/JPG/huenf/huenf/0/0/10/73/huenf00001073.jpg","São João da Barra","Restinga de Iquipari Reserva Particular do Patrimônio Natural Fazenda Caruara"
"RESERVA PARTICULAR DO PATRIMÔNIO NATURAL FAZENDA CARUARA","Angiosperms","Sapindaceae","Cupania","emarginata","Cambess.","SAPINDACEAE Cupania emarginata Cambess.","HUENF00001074",,"HUENF","Gaglianone, M.C.","72 - sp 57","Native","2003",,,"Latão","Ouro","jbrj-public-img.s3-sa-east-1.amazonaws.com/JPG/huenf/huenf/0/0/10/74/huenf00001074.jpg","São João da Barra","Restinga de Iquipari Reserva Particular do Patrimônio Natural Fazenda Caruara"
"RESERVA PARTICULAR DO PATRIMÔNIO NATURAL FAZENDA CARUARA","Angiosperms","Sapindaceae","Paullinia","pseudota","Radlk.","SAPINDACEAE Paullinia pseudota Radlk.","MBM410072",,"MBM","Mattedi, A.D.","329","Native","2013","Mattedi, A.D.","2013","Bronze","Ouro","jbrj-public.s3.amazonaws.com/fsi/server?type=image&source=DZI/mbm/mbm/0/41/0/72/mbm00410072.dzi","São João da Barra","RPPN Fazenda Caruara."
"RESERVA PARTICULAR DO PATRIMÔNIO NATURAL FAZENDA CARUARA","Angiosperms","Sapindaceae","Paullinia","pseudota","Radlk.","SAPINDACEAE Paullinia pseudota Radlk.","RB00935288","x","RB","Mattedi, A.D.","329","Native","2013","Mattedi, A.D.","2013","Bronze","Ouro",,,"RPPN Fazenda Caruara. RPPN Fazenda Caruara"
"RESERVA PARTICULAR DO PATRIMÔNIO NATURAL FAZENDA CARUARA","Angiosperms","Sapindaceae","Paullinia","weinmanniifolia","Mart.","SAPINDACEAE Paullinia weinmanniifolia Mart.","CARP00010285",,"CARP","Rocha, D.M.",,"Native","2016",,,"Latão","Ouro","jbrj-public-img.s3-sa-east-1.amazonaws.com/JPG/huenf/carp/0/1/2/85/carp00010285.jpg","São João da Barra","Reserva Particular do Patrimônio Natural Fazenda Caruara"
"RESERVA PARTICULAR DO PATRIMÔNIO NATURAL FAZENDA CARUARA","Angiosperms","Sapindaceae","Paullinia","weinmanniifolia","Mart.","SAPINDACEAE Paullinia weinmanniifolia Mart.","HUENF00009771","x","HUENF","Rocha, D.M.",,"Native","2016",,,"Latão","Ouro",,,"Reserva Particular do Patrimônio Natural Fazenda Caruara"
"RESERVA PARTICULAR DO PATRIMÔNIO NATURAL FAZENDA CARUARA","Angiosperms","Sapindaceae","Paullinia","weinmanniifolia","Mart.","SAPINDACEAE Paullinia weinmanniifolia Mart.","CARP00010285","splink","HUENF","Rocha, D.M.",,"Native","2016",,,"Latão","Ouro",,"São João da Barra","Reserva Particular do Patrimônio Natural Fazenda Caruara"
"RESERVA PARTICULAR DO PATRIMÔNIO NATURAL FAZENDA CARUARA","Angiosperms","Sapindaceae","Paullinia","weinmanniifolia","Mart.","SAPINDACEAE Paullinia weinmanniifolia Mart.","03075157","x","NY","Mattedi, A.D.","251","Native","2013",,,"Latão","Ouro",,,"RPPN Fazenda Caruara. RPPN Fazenda Caruara"
"RESERVA PARTICULAR DO PATRIMÔNIO NATURAL FAZENDA CARUARA","Angiosperms","Sapindaceae","Paullinia","weinmanniifolia","Mart.","SAPINDACEAE Paullinia weinmanniifolia Mart.","HUENF00000240","x","HUENF","Nascimento, M.T.",,"Native","1996",,,"Latão","Ouro",,,"Restinga de Iquipari Reserva Particular do Patrimônio Natural Fazenda Caruara"
"RESERVA PARTICULAR DO PATRIMÔNIO NATURAL FAZENDA CARUARA","Angiosperms","Sapotaceae","Manilkara","subsericea","(Mart.) Dubard","SAPOTACEAE Manilkara subsericea (Mart.) Dubard","RB00935209","x","RB","Mattedi, A.D.","253","Native","2013","Mattedi, A.D.","2013","Bronze","Ouro",,,"RPPN Fazenda Caruara. RPPN Fazenda Caruara"
"RESERVA PARTICULAR DO PATRIMÔNIO NATURAL FAZENDA CARUARA","Angiosperms","Sapotaceae","Manilkara","subsericea","(Mart.) Dubard","SAPOTACEAE Manilkara subsericea (Mart.) Dubard","HUENF00001075",,"HUENF","Gaglianone, M.C.","79","Native","2003",,,"Latão","Ouro","jbrj-public-img.s3-sa-east-1.amazonaws.com/JPG/huenf/huenf/0/0/10/75/huenf00001075.jpg","São João da Barra","Restinga de Iquipari Reserva Particular do Patrimônio Natural Fazenda Caruara"
"RESERVA PARTICULAR DO PATRIMÔNIO NATURAL FAZENDA CARUARA","Angiosperms","Sapotaceae","Manilkara","subsericea","(Mart.) Dubard","SAPOTACEAE Manilkara subsericea (Mart.) Dubard","HUENF00001241",,"HUENF","Gaglianone, M.C.","166 - sp 101","Native","2003",,,"Latão","Ouro","jbrj-public-img.s3-sa-east-1.amazonaws.com/JPG/huenf/huenf/0/0/12/41/huenf00001241.jpg","São João da Barra","Restinga de Iquipari Reserva Particular do Patrimônio Natural Fazenda Caruara"
"RESERVA PARTICULAR DO PATRIMÔNIO NATURAL FAZENDA CARUARA","Angiosperms","Sapotaceae","Manilkara","subsericea","(Mart.) Dubard","SAPOTACEAE Manilkara subsericea (Mart.) Dubard","HUENF00001242",,"HUENF","Gaglianone, M.C.","163 - sp 101","Native","2003",,,"Latão","Ouro","jbrj-public-img.s3-sa-east-1.amazonaws.com/JPG/huenf/huenf/0/0/12/42/huenf00001242.jpg","São João da Barra","Restinga de Iquipari Reserva Particular do Patrimônio Natural Fazenda Caruara"
"RESERVA PARTICULAR DO PATRIMÔNIO NATURAL FAZENDA CARUARA","Angiosperms","Sapotaceae","Manilkara","subsericea","(Mart.) Dubard","SAPOTACEAE Manilkara subsericea (Mart.) Dubard","HUENF00001243",,"HUENF","Gaglianone, M.C.","167 - sp 101","Native","2003",,,"Latão","Ouro","jbrj-public-img.s3-sa-east-1.amazonaws.com/JPG/huenf/huenf/0/0/12/43/huenf00001243.jpg","São João da Barra","Restinga de Iquipari Reserva Particular do Patrimônio Natural Fazenda Caruara"
"RESERVA PARTICULAR DO PATRIMÔNIO NATURAL FAZENDA CARUARA","Angiosperms","Sapotaceae","Sideroxylon","obtusifolium","(Roem. & Schult.) T.D.Penn.","SAPOTACEAE Sideroxylon obtusifolium (Roem. & Schult.) T.D.Penn.","RB00935264","x","RB","Mattedi, A.D.","310","Native","2013","Braga, J.M.A.","2013","Bronze","Ouro",,,"RPPN Fazenda Caruara. RPPN Fazenda Caruara"
"RESERVA PARTICULAR DO PATRIMÔNIO NATURAL FAZENDA CARUARA","Angiosperms","Sapotaceae","Sideroxylon","obtusifolium","(Roem. & Schult.) T.D.Penn.","SAPOTACEAE Sideroxylon obtusifolium (Roem. & Schult.) T.D.Penn.","HUENF00007891",,"HUENF","Fraga, M.M.A.C.","173","Native","2007",,,"Latão","Ouro","jbrj-public-img.s3-sa-east-1.amazonaws.com/JPG/huenf/huenf/0/0/78/91/huenf00007891.jpg","São João da Barra","Restinga de Iquipari Reserva Particular do Patrimônio Natural Fazenda Caruara"
"RESERVA PARTICULAR DO PATRIMÔNIO NATURAL FAZENDA CARUARA","Angiosperms","Sapotaceae","Sideroxylon","obtusifolium","(Roem. & Schult.) T.D.Penn.","SAPOTACEAE Sideroxylon obtusifolium (Roem. & Schult.) T.D.Penn.","HUENF00001244",,"HUENF","Gaglianone, M.C.","160 - sp 100","Native","2003",,,"Latão","Ouro","jbrj-public-img.s3-sa-east-1.amazonaws.com/JPG/huenf/huenf/0/0/12/44/huenf00001244.jpg","São João da Barra","Restinga de Iquipari Reserva Particular do Patrimônio Natural Fazenda Caruara"
"RESERVA PARTICULAR DO PATRIMÔNIO NATURAL FAZENDA CARUARA","Angiosperms","Sapotaceae","Sideroxylon","obtusifolium","(Roem. & Schult.) T.D.Penn.","SAPOTACEAE Sideroxylon obtusifolium (Roem. & Schult.) T.D.Penn.","HUENF00001085",,"HUENF","Assumpcao, J.","69","Native","1996",,,"Latão","Ouro","jbrj-public-img.s3-sa-east-1.amazonaws.com/JPG/huenf/huenf/0/0/10/85/huenf00001085.jpg","São João da Barra","Restinga de Iquipari Reserva Particular do Patrimônio Natural Fazenda Caruara"
"RESERVA PARTICULAR DO PATRIMÔNIO NATURAL FAZENDA CARUARA","Angiosperms","Sapotaceae","Sideroxylon","obtusifolium","(Roem. & Schult.) T.D.Penn.","SAPOTACEAE Sideroxylon obtusifolium (Roem. & Schult.) T.D.Penn.","HUENF00007871","x","HUENF","Fraga, M.M.A.C.",,"Native","2007",,,"Latão","Ouro",,,"Restinga de Iquipari Reserva Particular do Patrimônio Natural Fazenda Caruara"
"RESERVA PARTICULAR DO PATRIMÔNIO NATURAL FAZENDA CARUARA","Angiosperms","Smilacaceae","Smilax","rufescens","Griseb.","SMILACACEAE Smilax rufescens Griseb.","HUENF00007030","x","HUENF","Nascimento, M.T.","18","Native","2006","Couto, D.R.","2020","Bronze","Ouro",,,"Restinga de Iquipari Reserva Particular do Patrimônio Natural Fazenda Caruara"
"RESERVA PARTICULAR DO PATRIMÔNIO NATURAL FAZENDA CARUARA","Angiosperms","Smilacaceae","Smilax","rufescens","Griseb.","SMILACACEAE Smilax rufescens Griseb.","HUENF00016507",,"HUENF","Franco, G.D.","2","Native","2025",,,"Latão","Ouro","jbrj-public-img.s3-sa-east-1.amazonaws.com/JPG/huenf/huenf/0/1/65/7/huenf00016507.jpg","São João da Barra","Formação de Clusia. RPPN Fazenda Caruara"
"RESERVA PARTICULAR DO PATRIMÔNIO NATURAL FAZENDA CARUARA","Angiosperms","Smilacaceae","Smilax","rufescens","Griseb.","SMILACACEAE Smilax rufescens Griseb.","HUENF00000185",,"HUENF","Assumpcao, J.","23","Native","1995",,,"Latão","Ouro","jbrj-public-img.s3-sa-east-1.amazonaws.com/JPG/huenf/huenf/0/0/1/85/huenf00000185.jpg","São João da Barra","Restinga de Iquipari Reserva Particular do Patrimônio Natural Fazenda Caruara"
"RESERVA PARTICULAR DO PATRIMÔNIO NATURAL FAZENDA CARUARA","Angiosperms","Smilacaceae","Smilax","rufescens","Griseb.","SMILACACEAE Smilax rufescens Griseb.","HUENF00000226","x","HUENF","Nascimento, M.T.","29","Native","1995",,,"Latão","Ouro",,,"Restinga de Iquipari Reserva Particular do Patrimônio Natural Fazenda Caruara"
"RESERVA PARTICULAR DO PATRIMÔNIO NATURAL FAZENDA CARUARA","Angiosperms","Smilacaceae","Smilax","rufescens","Griseb.","SMILACACEAE Smilax rufescens Griseb.","HUENF00000907",,"HUENF","Assumpcao, J.","23","Native","1995",,,"Latão","Ouro",,"São João da Barra","Restinga de Iquipari Reserva Particular do Patrimônio Natural Fazenda Caruara"
"RESERVA PARTICULAR DO PATRIMÔNIO NATURAL FAZENDA CARUARA","Angiosperms","Solanaceae","Solanum","cordifolium","Dunal","SOLANACEAE Solanum cordifolium Dunal","208361","x","BHCB","Nascimento, A.A.","s.n.","Native","2012","Souza, T.P.","2014","Bronze","Ouro",,,"Reserva Particular do Patrimônio Natural, Fazenda Caruara"
"RESERVA PARTICULAR DO PATRIMÔNIO NATURAL FAZENDA CARUARA","Angiosperms","Solanaceae","Solanum","insidiosum","Mart.","SOLANACEAE Solanum insidiosum Mart.","HUENF00001077",,"HUENF","Gaglianone, M.C.","55 - sp 42","Native","2003",,,"Latão","Ouro","jbrj-public-img.s3-sa-east-1.amazonaws.com/JPG/huenf/huenf/0/0/10/77/huenf00001077.jpg","São João da Barra","Restinga de Iquipari Reserva Particular do Patrimônio Natural Fazenda Caruara"
"RESERVA PARTICULAR DO PATRIMÔNIO NATURAL FAZENDA CARUARA","Angiosperms","Solanaceae","Solanum","jussiaei","Dunal","SOLANACEAE Solanum jussiaei Dunal","HUENF00001079",,"HUENF","Gaglianone, M.C.","8","Native","2003",,,"Latão","Ouro","jbrj-public-img.s3-sa-east-1.amazonaws.com/JPG/huenf/huenf/0/0/10/79/huenf00001079.jpg","São João da Barra","Restinga de Iquipari Reserva Particular do Patrimônio Natural Fazenda Caruara"
"RESERVA PARTICULAR DO PATRIMÔNIO NATURAL FAZENDA CARUARA","Angiosperms","Turneraceae","Turnera","ulmifolia","L.","TURNERACEAE Turnera ulmifolia L.","HUENF00001082","x","HUENF","Gaglianone, M.C.",,"Cultivated","2003",,,"Latão","Ouro",,,"Restinga de Iquipari Reserva Particular do Patrimônio Natural Fazenda Caruara"
"RESERVA PARTICULAR DO PATRIMÔNIO NATURAL FAZENDA CARUARA","Angiosperms","Urticaceae","Coussapoa","microcarpa","(Schott) Rizzini","URTICACEAE Coussapoa microcarpa (Schott) Rizzini","489070","x","SP","Mattedi, A.D.","337","Native","2013","Braga, J.M.A.","2013","Bronze","Ouro",,,"RPPN Fazenda Caruara"
"RESERVA PARTICULAR DO PATRIMÔNIO NATURAL FAZENDA CARUARA","Angiosperms","Urticaceae","Coussapoa","microcarpa","(Schott) Rizzini","URTICACEAE Coussapoa microcarpa (Schott) Rizzini","RB01581429","x","RB","Cardoso, L.J.T.","1875","Native","2019",,,"Latão","Ouro",,,"5º. Distrito. Fazenda Caruara. Coordenada aproximada do indivíduo. Tipo arbóreo periodicamente inundado. Reserva Particular do Patrimônio Natural Fazenda Caruara"
"RESERVA PARTICULAR DO PATRIMÔNIO NATURAL FAZENDA CARUARA","Angiosperms","Verbenaceae","Lantana","pohliana","Schauer","VERBENACEAE Lantana pohliana Schauer","HUENF00000211","x","HUENF","Nascimento, M.T.","52","Native","1995",,,"Latão","Ouro",,,"Restinga de Iquipari Reserva Particular do Patrimônio Natural Fazenda Caruara"
