"UC","Grupos","Família","Gênero","Espécie","Autor","Táxon_completo","Barcode","BD_Origem","Herbário","Coletor","Número_da_Coleta","Origem_FFBr","AnoColeta","Identificador","AnoID","ConfiançaID","ConfiançaLoc","Imagens","Município","Localidade"
"PARQUE NATURAL MUNICIPAL SERRA DO MENDANHA","Angiosperms","Acanthaceae","Justicia","tijucensis","V.A.W.Graham","ACANTHACEAE Justicia tijucensis V.A.W.Graham","RBR00059795",,"RBR","Gomes-Pimentel, R.","1038","Native",,"Braz, D.M.","2024","Ouro","Ouro","jbrj-public-img.s3-sa-east-1.amazonaws.com/JPG/rbr/rbr/0/5/97/95/rbr00059795.jpg","Rio de Janeiro","Bangu. Trilha circular PNMSM. Parque Natural Municipal da Serra do Mendanha"
"PARQUE NATURAL MUNICIPAL SERRA DO MENDANHA","Angiosperms","Acanthaceae","Ruellia","solitaria","Vell.","ACANTHACEAE Ruellia solitaria Vell.","RBR00059821",,"RBR","Gomes-Pimentel, R.","982","Native",,"Braz, D.M.","2022","Ouro","Ouro","jbrj-public-img.s3-sa-east-1.amazonaws.com/JPG/rbr/rbr/0/5/98/21/rbr00059821.jpg","Rio de Janeiro","Bangu. Trilha circular, segunda ponte PNMSM. Parque Natural Municipal da Serra do Mendanha"
"PARQUE NATURAL MUNICIPAL SERRA DO MENDANHA","Angiosperms","Begoniaceae","Begonia","concinna","Schott","BEGONIACEAE Begonia concinna Schott","RBR00061624",,"RBR","Gomes-Pimentel, R.","2014","Native","2023","Jacques, E.L.","2023","Ouro","Ouro","jbrj-public-img.s3-sa-east-1.amazonaws.com/JPG/rbr/rbr/0/6/16/24/rbr00061624.jpg","Rio de Janeiro","Bangu. Parque Natural Municipal da Serra do Mendanha"
"PARQUE NATURAL MUNICIPAL SERRA DO MENDANHA","Angiosperms","Begoniaceae","Begonia","huegelii","(Klotzsch) A.DC.","BEGONIACEAE Begonia huegelii (Klotzsch) A.DC.","RBR00061626",,"RBR","Gomes-Pimentel, R.","1900","Native","2023","Jacques, E.L.","2023","Ouro","Ouro","jbrj-public-img.s3-sa-east-1.amazonaws.com/JPG/rbr/rbr/0/6/16/26/rbr00061626.jpg|jbrj-public-img.s3-sa-east-1.amazonaws.com/JPG/rbr/rbr/0/6/16/26/rbr00061626-1.jpg","Rio de Janeiro","Bangu. Parque Natural Municipal da Serra do Mendanha"
"PARQUE NATURAL MUNICIPAL SERRA DO MENDANHA","Angiosperms","Marantaceae","Saranthe","leptostachya","(Regel & Körn.) Eichler","MARANTACEAE Saranthe leptostachya (Regel & Körn.) Eichler","RBR00061142",,"RBR","Gomes-Pimentel, R.","1723","Native","2023","Braga, J.M.A.","2023","Ouro","Ouro","jbrj-public-img.s3-sa-east-1.amazonaws.com/JPG/rbr/rbr/0/6/11/42/rbr00061142.jpg","Rio de Janeiro","Bangu. Parque Natural Municipal da Serra do Mendanha"
"PARQUE NATURAL MUNICIPAL SERRA DO MENDANHA","Angiosperms","Myrtaceae","Eugenia","cerasiflora","Miq.","MYRTACEAE Eugenia cerasiflora Miq.","RBR00058370",,"RBR","Oliveira, M.V.C.S.","10","Native","2023","Souza, M.C.","2023","Ouro","Ouro","jbrj-public-img.s3-sa-east-1.amazonaws.com/JPG/rbr/rbr/0/5/83/70/rbr00058370.jpg","Rio de Janeiro","Bangu. Próximo a trilha principal, do lado direito. Parque Natural Municipal da Serra do Mendanha"
"PARQUE NATURAL MUNICIPAL SERRA DO MENDANHA","Angiosperms","Myrtaceae","Eugenia","expansa","Spring ex Mart.","MYRTACEAE Eugenia expansa Spring ex Mart.","RBR00058371",,"RBR","Oliveira, M.V.C.S.","12","Native","2023","Souza, M.C.","2023","Ouro","Ouro","jbrj-public-img.s3-sa-east-1.amazonaws.com/JPG/rbr/rbr/0/5/83/71/rbr00058371.jpg","Rio de Janeiro","Bangu. Parque Natural Municipal da Serra do Mendanha"
"PARQUE NATURAL MUNICIPAL SERRA DO MENDANHA","Angiosperms","Myrtaceae","Eugenia","puberula","Nied.","MYRTACEAE Eugenia puberula Nied.","RBR00058369",,"RBR","Oliveira, M.V.C.S.","9","Native","2023","Souza, M.C.","2023","Ouro","Ouro","jbrj-public-img.s3-sa-east-1.amazonaws.com/JPG/rbr/rbr/0/5/83/69/rbr00058369.jpg","Rio de Janeiro","Bangu. Trilha principal, lado esquerdo. Parque Natural Municipal da Serra do Mendanha"
"PARQUE NATURAL MUNICIPAL SERRA DO MENDANHA","Angiosperms","Myrtaceae","Myrceugenia","myrcioides","(Cambess.) O.Berg","MYRTACEAE Myrceugenia myrcioides (Cambess.) O.Berg","RBR00058379",,"RBR","Oliveira, M.V.C.S.","20","Native","2023","Souza, M.C.","2023","Ouro","Ouro","jbrj-public-img.s3-sa-east-1.amazonaws.com/JPG/rbr/rbr/0/5/83/79/rbr00058379.jpg","Rio de Janeiro","Bangu. Margem direita do rio. Parque Natural Municipal da Serra do Mendanha"
"PARQUE NATURAL MUNICIPAL SERRA DO MENDANHA","Angiosperms","Myrtaceae","Myrcia","neosuaveolens","E.Lucas & C.E.Wilson","MYRTACEAE Myrcia neosuaveolens E.Lucas & C.E.Wilson","RBR00058374",,"RBR","Oliveira, M.V.C.S.","15","Native","2023","Souza, M.C.","2023","Ouro","Ouro","jbrj-public-img.s3-sa-east-1.amazonaws.com/JPG/rbr/rbr/0/5/83/74/rbr00058374.jpg","Rio de Janeiro","Bangu. Parque Natural Municipal da Serra do Mendanha"
"PARQUE NATURAL MUNICIPAL SERRA DO MENDANHA","Angiosperms","Sapindaceae","Allophylus","petiolulatus","Radlk.","SAPINDACEAE Allophylus petiolulatus Radlk.","RBR00061164",,"RBR","Gomes-Pimentel, R.","1984","Native","2023","Somner, G.V.","2023","Ouro","Ouro","jbrj-public-img.s3-sa-east-1.amazonaws.com/JPG/rbr/rbr/0/6/11/64/rbr00061164.jpg","Rio de Janeiro","Bangu. Trilha circular, perto das antigas churrasqueiras. Parque Natural Municipal da Serra do Mendanha"
"PARQUE NATURAL MUNICIPAL SERRA DO MENDANHA","Angiosperms","Sapindaceae","Serjania","tenuis","Radlk.","SAPINDACEAE Serjania tenuis Radlk.","RBR00061206",,"RBR","Gomes-Pimentel, R.","2091","Native","2023","Somner, G.V.","2023","Ouro","Ouro","jbrj-public-img.s3-sa-east-1.amazonaws.com/JPG/rbr/rbr/0/6/12/6/rbr00061206.jpg","Rio de Janeiro","Bangu. Entrada do Parque. Parque Natural Municipal da Serra do Mendanha"
"PARQUE NATURAL MUNICIPAL SERRA DO MENDANHA","Angiosperms","Myrtaceae","Campomanesia","guaviroba","(DC.) Kiaersk.","MYRTACEAE Campomanesia guaviroba (DC.) Kiaersk.","RBR00061148",,"RBR","Gomes-Pimentel, R.","2082","Native","2022","Souza, M.C.","2024","Ouro","Ouro","jbrj-public-img.s3-sa-east-1.amazonaws.com/JPG/rbr/rbr/0/6/11/48/rbr00061148.jpg","Rio de Janeiro","Bangu. Parque Natural Municipal da Serra do Mendanha"
"PARQUE NATURAL MUNICIPAL SERRA DO MENDANHA","Angiosperms","Myrtaceae","Eugenia","florida","DC.","MYRTACEAE Eugenia florida DC.","RBR00058368",,"RBR","Oliveira, M.V.C.S.","8","Native","2022","Souza, M.C.","2023","Ouro","Ouro","jbrj-public-img.s3-sa-east-1.amazonaws.com/JPG/rbr/rbr/0/5/83/68/rbr00058368.jpg","Rio de Janeiro","Bangu. Parque Natural Municipal da Serra do Mendanha"
"PARQUE NATURAL MUNICIPAL SERRA DO MENDANHA","Angiosperms","Myrtaceae","Syzygium","jambos","(L.) Alston","MYRTACEAE Syzygium jambos (L.) Alston","RBR00058365",,"RBR","Oliveira, M.V.C.S.","5","Naturalized","2022","Souza, M.C.","2023","Ouro","Ouro","jbrj-public-img.s3-sa-east-1.amazonaws.com/JPG/rbr/rbr/0/5/83/65/rbr00058365.jpg","Rio de Janeiro","Bangu. Trilha principal, lado esquerdo. Parque Natural Municipal da Serra do Mendanha"
"PARQUE NATURAL MUNICIPAL SERRA DO MENDANHA","Angiosperms","Sapindaceae","Allophylus","leucoclados","Radlk.","SAPINDACEAE Allophylus leucoclados Radlk.","RBR00061161",,"RBR","Gomes-Pimentel, R.","1707","Native","2022","Somner, G.V.","2023","Ouro","Ouro","jbrj-public-img.s3-sa-east-1.amazonaws.com/JPG/rbr/rbr/0/6/11/61/rbr00061161.jpg","Rio de Janeiro","Bangu. Parque Natural Municipal da Serra do Mendanha"
"PARQUE NATURAL MUNICIPAL SERRA DO MENDANHA","Angiosperms","Sapindaceae","Cardiospermum","corindum","L.","SAPINDACEAE Cardiospermum corindum L.","RBR00061169",,"RBR","Gomes-Pimentel, R.","1055","Native","2022","Somner, G.V.","2023","Ouro","Ouro","jbrj-public-img.s3-sa-east-1.amazonaws.com/JPG/rbr/rbr/0/6/11/69/rbr00061169.jpg","Rio de Janeiro","Bangu. Parque Natural Municipal da Serra do Mendanha"
"PARQUE NATURAL MUNICIPAL SERRA DO MENDANHA","Angiosperms","Sapindaceae","Cupania","racemosa","(Vell.) Radlk.","SAPINDACEAE Cupania racemosa (Vell.) Radlk.","RBR00061178",,"RBR","Gomes-Pimentel, R.","1703","Native","2022","Somner, G.V.","2023","Ouro","Ouro","jbrj-public-img.s3-sa-east-1.amazonaws.com/JPG/rbr/rbr/0/6/11/78/rbr00061178.jpg","Rio de Janeiro","Bangu. Parque Natural Municipal da Serra do Mendanha"
"PARQUE NATURAL MUNICIPAL SERRA DO MENDANHA","Angiosperms","Sapindaceae","Sapindus","saponaria","L.","SAPINDACEAE Sapindus saponaria L.","RBR00061187",,"RBR","Gomes-Pimentel, R.","1705","Native","2022","Somner, G.V.","2023","Ouro","Ouro","jbrj-public-img.s3-sa-east-1.amazonaws.com/JPG/rbr/rbr/0/6/11/87/rbr00061187.jpg","Rio de Janeiro","Bangu. Entorno do Parque, próximo à entrada do PNMSM. Parque Natural Municipal da Serra do Mendanha"
"PARQUE NATURAL MUNICIPAL SERRA DO MENDANHA","Angiosperms","Sapindaceae","Serjania","communis","Cambess.","SAPINDACEAE Serjania communis Cambess.","RBR00061199",,"RBR","Gomes-Pimentel, R.","1364","Native","2022","Somner, G.V.","2023","Ouro","Ouro","jbrj-public-img.s3-sa-east-1.amazonaws.com/JPG/rbr/rbr/0/6/11/99/rbr00061199.jpg","Rio de Janeiro","Bangu. Parque Natural Municipal da Serra do Mendanha"
"PARQUE NATURAL MUNICIPAL SERRA DO MENDANHA","Angiosperms","Acanthaceae","Justicia","meyeniana","(Nees) Lindau","ACANTHACEAE Justicia meyeniana (Nees) Lindau","RBR00059798",,"RBR","Gomes-Pimentel, R.","1739","Native","2022","Braz, D.M.","2022","Ouro","Ouro","jbrj-public-img.s3-sa-east-1.amazonaws.com/JPG/rbr/rbr/0/5/97/98/rbr00059798.jpg","Rio de Janeiro","Bangu. Próxima a sede e na margem do Rio Pecador na trilha circular. Parque Natural Municipal da Serra do Mendanha"
"PARQUE NATURAL MUNICIPAL SERRA DO MENDANHA","Angiosperms","Acanthaceae","Lepidagathis","nemoralis","(Mart. ex Nees) Kameyama","ACANTHACEAE Lepidagathis nemoralis (Mart. ex Nees) Kameyama","RBR00059803",,"RBR","Gomes-Pimentel, R.","909","Native","2022","Braz, D.M.","2022","Ouro","Ouro","jbrj-public-img.s3-sa-east-1.amazonaws.com/JPG/rbr/rbr/0/5/98/3/rbr00059803.jpg","Rio de Janeiro","Bangu. Trilha circular próximo ao rio Pecador. Parque Natural Municipal da Serra do Mendanha"
"PARQUE NATURAL MUNICIPAL SERRA DO MENDANHA","Angiosperms","Acanthaceae","Pachystachys","lutea","Nees","ACANTHACEAE Pachystachys lutea Nees","RBR00059806",,"RBR","Gomes-Pimentel, R.","908","Native","2022","Braz, D.M.","2022","Ouro","Ouro","jbrj-public-img.s3-sa-east-1.amazonaws.com/JPG/rbr/rbr/0/5/98/6/rbr00059806.jpg","Rio de Janeiro","Bangu. Trilha circular próximo ao rio Pecador. Parque Natural Municipal da Serra do Mendanha"
"PARQUE NATURAL MUNICIPAL SERRA DO MENDANHA","Angiosperms","Acanthaceae","Pseuderanthemum","heterophyllum","(Nees) Radlk.","ACANTHACEAE Pseuderanthemum heterophyllum (Nees) Radlk.","RBR00059810",,"RBR","Gomes-Pimentel, R.","938","Native","2022","Braz, D.M.","2022","Ouro","Ouro","jbrj-public-img.s3-sa-east-1.amazonaws.com/JPG/rbr/rbr/0/5/98/10/rbr00059810.jpg","Rio de Janeiro","Bangu. Rio Pecador, cerca de 300 após a sede do parque, depois da 2 ponte, do lado direito. Elevação 120m. Parque Natural Municipal da Serra do Mendanha"
"PARQUE NATURAL MUNICIPAL SERRA DO MENDANHA","Angiosperms","Sapindaceae","Allophylus","racemosus","Sw.","SAPINDACEAE Allophylus racemosus Sw.","RBR00061165",,"RBR","Gomes-Pimentel, R.","1538","Native","2021","Somner, G.V.","2023","Ouro","Ouro","jbrj-public-img.s3-sa-east-1.amazonaws.com/JPG/rbr/rbr/0/6/11/65/rbr00061165.jpg","Rio de Janeiro","Bangu. Final da Trilha ¨""Alto Saranthe"", próximo as antigas churrasqueiras e ao banheiro. Parque Natural Municipal da Serra do Mendanha"
"PARQUE NATURAL MUNICIPAL SERRA DO MENDANHA","Angiosperms","Sapindaceae","Cupania","fluminensis","Acev.-Rodr.","SAPINDACEAE Cupania fluminensis Acev.-Rodr.","RBR00061171",,"RBR","Gomes-Pimentel, R.","1044","Native","2021","Somner, G.V.","2023","Ouro","Ouro","jbrj-public-img.s3-sa-east-1.amazonaws.com/JPG/rbr/rbr/0/6/11/71/rbr00061171.jpg","Rio de Janeiro","Bangu. Trilha ¨""Alto Saranthe"" final das antigas churrasqueiras. Parque Natural Municipal da Serra do Mendanha"
"PARQUE NATURAL MUNICIPAL SERRA DO MENDANHA","Angiosperms","Sapindaceae","Paullinia","meliifolia","Juss.","SAPINDACEAE Paullinia meliifolia Juss.","RBR00061181",,"RBR","Gomes-Pimentel, R.","1013","Native","2021","Somner, G.V.","2023","Ouro","Ouro","jbrj-public-img.s3-sa-east-1.amazonaws.com/JPG/rbr/rbr/0/6/11/81/rbr00061181.jpg","Rio de Janeiro","Bangu. Parque Natural Municipal da Serra do Mendanha"
"PARQUE NATURAL MUNICIPAL SERRA DO MENDANHA","Angiosperms","Sapindaceae","Serjania","caracasana","(Jacq.) Willd.","SAPINDACEAE Serjania caracasana (Jacq.) Willd.","RBR00061189",,"RBR","Gomes-Pimentel, R.","1091","Native","2021","Somner, G.V.","2023","Ouro","Ouro","jbrj-public-img.s3-sa-east-1.amazonaws.com/JPG/rbr/rbr/0/6/11/89/rbr00061189.jpg","Rio de Janeiro","Bangu. Parque Natural Municipal da Serra do Mendanha"
"PARQUE NATURAL MUNICIPAL SERRA DO MENDANHA","Angiosperms","Sapindaceae","Serjania","cuspidata","Cambess.","SAPINDACEAE Serjania cuspidata Cambess.","RBR00061201",,"RBR","Gomes-Pimentel, R.","1092","Native","2021","Somner, G.V.","2023","Ouro","Ouro","jbrj-public-img.s3-sa-east-1.amazonaws.com/JPG/rbr/rbr/0/6/12/1/rbr00061201.jpg","Rio de Janeiro","Bangu. Parque Natural Municipal da Serra do Mendanha"
"PARQUE NATURAL MUNICIPAL SERRA DO MENDANHA","Angiosperms","Acanthaceae","Dicliptera","ciliaris","Juss.","ACANTHACEAE Dicliptera ciliaris Juss.","RBR00059794",,"RBR","Gomes-Pimentel, R.","632","Native","2020","Braz, D.M.","2024","Ouro","Ouro","jbrj-public-img.s3-sa-east-1.amazonaws.com/JPG/rbr/rbr/0/5/97/94/rbr00059794.jpg","Rio de Janeiro","Bangu. Estrada da Serrinha PEM subida em direção a pista de vôo livre. Cerca de 300 m elevação. Parque Natural Municipal da Serra do Mendanha"
"PARQUE NATURAL MUNICIPAL SERRA DO MENDANHA","Angiosperms","Sapindaceae","Urvillea","rufescens","Cambess.","SAPINDACEAE Urvillea rufescens Cambess.","RBR00061209",,"RBR","Gomes-Pimentel, R.","1761","Native","2020","Somner, G.V.","2023","Ouro","Ouro","jbrj-public-img.s3-sa-east-1.amazonaws.com/JPG/rbr/rbr/0/6/12/9/rbr00061209.jpg","Rio de Janeiro","Bangu. Parque Natural Municipal da Serra do Mendanha"
"PARQUE NATURAL MUNICIPAL SERRA DO MENDANHA","Angiosperms","Sapindaceae","Urvillea","triphylla","(Vell.) Radlk.","SAPINDACEAE Urvillea triphylla (Vell.) Radlk.","RBR00061210",,"RBR","Gomes-Pimentel, R.","1765","Native","2020","Somner, G.V.","2023","Ouro","Ouro","jbrj-public-img.s3-sa-east-1.amazonaws.com/JPG/rbr/rbr/0/6/12/10/rbr00061210.jpg","Rio de Janeiro","Bangu. Parque Natural Municipal da Serra do Mendanha"
"PARQUE NATURAL MUNICIPAL SERRA DO MENDANHA","Angiosperms","Acanthaceae","Ruellia","blechum","L.","ACANTHACEAE Ruellia blechum L.","RBR00059811",,"RBR","Gomes-Pimentel, R.","497","Naturalized","2020","Braz, D.M.","2022","Ouro","Ouro","jbrj-public-img.s3-sa-east-1.amazonaws.com/JPG/rbr/rbr/0/5/98/11/rbr00059811.jpg","Rio de Janeiro","Bangu. próxima a sede e a piscina. Parque Natural Municipal da Serra do Mendanha"
"PARQUE NATURAL MUNICIPAL SERRA DO MENDANHA","Angiosperms","Acanthaceae","Sanchezia","oblonga","Ruiz & Pav.","ACANTHACEAE Sanchezia oblonga Ruiz & Pav.","RBR00059822",,"RBR","Gomes-Pimentel, R.","500","Native","2020","Braz, D.M.","2022","Ouro","Ouro","jbrj-public-img.s3-sa-east-1.amazonaws.com/JPG/rbr/rbr/0/5/98/22/rbr00059822.jpg","Rio de Janeiro","Bangu. Trilha circular próximo ao rio Pecador. Parque Natural Municipal da Serra do Mendanha"
"PARQUE NATURAL MUNICIPAL SERRA DO MENDANHA","Angiosperms","Acanthaceae","Thunbergia","alata","Bojer ex Sims","ACANTHACEAE Thunbergia alata Bojer ex Sims","RBR00059824",,"RBR","Gomes-Pimentel, R.","1743","Naturalized","2020","Braz, D.M.","2022","Ouro","Ouro","jbrj-public-img.s3-sa-east-1.amazonaws.com/JPG/rbr/rbr/0/5/98/24/rbr00059824.jpg","Rio de Janeiro","Bangu. Trilha circular próximo ao rio Pecador. Parque Natural Municipal da Serra do Mendanha"
"PARQUE NATURAL MUNICIPAL SERRA DO MENDANHA","Angiosperms","Acanthaceae","Justicia","plumbaginifolia","Jacq.","ACANTHACEAE Justicia plumbaginifolia Jacq.","RBR00059799",,"RBR","Gomes-Pimentel, R.","1738","Native","2019","Braz, D.M.","2022","Ouro","Ouro","jbrj-public-img.s3-sa-east-1.amazonaws.com/JPG/rbr/rbr/0/5/97/99/rbr00059799.jpg","Rio de Janeiro","Bangu. Ocorrência na margem direita e esquerda do Rio. Cerca de 4 indivíduos observados em floração. Parque Natural Municipal da Serra do Mendanha"
"PARQUE NATURAL MUNICIPAL SERRA DO MENDANHA","Angiosperms","Rubiaceae","Psychotria","carthagenensis","Jacq.","RUBIACEAE Psychotria carthagenensis Jacq.","RBR00061443",,"RBR","Gomes-Pimentel, R.","2093","Native","2019","Germano Filho, P.","2022","Ouro","Ouro","jbrj-public-img.s3-sa-east-1.amazonaws.com/JPG/rbr/rbr/0/6/14/43/rbr00061443-1.jpg|jbrj-public-img.s3-sa-east-1.amazonaws.com/JPG/rbr/rbr/0/6/14/43/rbr00061443.jpg","Rio de Janeiro","Bangu. Parque Natural Municipal da Serra do Mendanha"
"PARQUE NATURAL MUNICIPAL SERRA DO MENDANHA","Angiosperms","Marantaceae","Maranta","cristata","Nees & Mart.","MARANTACEAE Maranta cristata Nees & Mart.","R010070892",,"R","Braga, J.M.A.","18-098","Native","2018","Braga, J.M.A.","2018","Ouro","Ouro","jbrj-public-img.s3-sa-east-1.amazonaws.com/JPG/herbariumr/r/1/0/70/89/2/r010070892.jpg","Rio de Janeiro","Bangu. Maciço do Mendanha, Serra do Gericinó, Caixinha, proximidades do Reservatório Caixinha. Parque Natural Municipal da Serra do Mendanha"
"PARQUE NATURAL MUNICIPAL SERRA DO MENDANHA","Angiosperms","Menispermaceae","Chondrodendron","platiphyllum","(A.St.-Hil.) Miers","MENISPERMACEAE Chondrodendron platiphyllum (A.St.-Hil.) Miers","R010070902",,"R","Braga, J.M.A.","95","Native","2018","Braga, J.M.A.","2018","Ouro","Ouro","jbrj-public-img.s3-sa-east-1.amazonaws.com/JPG/herbariumr/r/1/0/70/90/2/r010070902.jpg","Rio de Janeiro","Bangu. Parque Natural Municipal da Serra do Mendanha, Maciço do Mendanha, Serra de Gericinó, Caixinha, proximidades do Reservatório Caixinha."
"PARQUE NATURAL MUNICIPAL SERRA DO MENDANHA","Angiosperms","Rubiaceae","Faramea","multiflora","A.Rich. in DC.","RUBIACEAE Faramea multiflora A.Rich. in DC.","R010069889",,"R","Braga, J.M.A.","18-120","Native","2018","Gomes, M.","2018","Ouro","Ouro","jbrj-public-img.s3-sa-east-1.amazonaws.com/JPG/herbariumr/r/1/0/69/88/9/r010069889.jpg","Rio de Janeiro","Parque Natural Municipal da Serra do Mendanha, Maciço do Mendanha. Serra do Gericinó, Caixinha, proximidades do Reservatório Caixinha."
"PARQUE NATURAL MUNICIPAL SERRA DO MENDANHA","Angiosperms","Rubiaceae","Psychotria","laciniata","Vell.","RUBIACEAE Psychotria laciniata Vell.","R010070908",,"R","Braga, J.M.A.","18-090","Native","2018","Gomes, M.","2018","Ouro","Ouro","jbrj-public-img.s3-sa-east-1.amazonaws.com/JPG/herbariumr/r/1/0/70/90/8/r010070908.jpg","Rio de Janeiro","Parque Natural Municipal da Serra do Mendanha, Maciço do Mendanha. Serra do Gericinó, Caixinha, proximidades do Reservatório Caixinha."
"PARQUE NATURAL MUNICIPAL SERRA DO MENDANHA","Angiosperms","Rubiaceae","Psychotria","leiocarpa","Cham. & Schltdl.","RUBIACEAE Psychotria leiocarpa Cham. & Schltdl.","R010070919",,"R","Braga, J.M.A.","18-093","Native","2018","Gomes, M.","2018","Ouro","Ouro","jbrj-public-img.s3-sa-east-1.amazonaws.com/JPG/herbariumr/r/1/0/70/91/9/r010070919_001.jpg|jbrj-public-img.s3-sa-east-1.amazonaws.com/JPG/herbariumr/r/1/0/70/91/9/r010070919.jpg","Rio de Janeiro","Parque Natural Municipal da Serra do Mendanha, Maciço do Mendanha. Serra do Gericinó, Caixinha, proximidades do Reservatório Caixinha."
"PARQUE NATURAL MUNICIPAL SERRA DO MENDANHA","Angiosperms","Acanthaceae","Thunbergia","grandiflora","Roxb.","ACANTHACEAE Thunbergia grandiflora Roxb.","RBR00059825",,"RBR","Gomes-Pimentel, R.","84","Naturalized","2017","Braz, D.M.","2022","Ouro","Ouro","jbrj-public-img.s3-sa-east-1.amazonaws.com/JPG/rbr/rbr/0/5/98/25/rbr00059825.jpg","Rio de Janeiro","Bangu. Margem do Rio Pecador. Parque Natural Municipal da Serra do Mendanha"
"PARQUE NATURAL MUNICIPAL SERRA DO MENDANHA","Angiosperms","Melastomataceae","Miconia","latecrenata","(DC.) Naudin","MELASTOMATACEAE Miconia latecrenata (DC.) Naudin","UPCB00057272",,"UPCB","Thuler, E.","31","Native","2005","Goldenberg, R.","2023","Ouro","Ouro","jbrj-public.s3-sa-east-1.amazonaws.com/fsi/server?type=image&source=DZI/upcb/upcb/0/5/72/72/upcb00057272.dzi","Rio de Janeiro","Parque Natural Municipal da Serra do Mendanha, Campo Grande, Trilha principal, após a placa dos 100 metros, bifurcação à direita, antes do brejo, lado esquerdo."
"PARQUE NATURAL MUNICIPAL SERRA DO MENDANHA","Angiosperms","Myrtaceae","Myrcia","excoriata","(Mart.) E.Lucas & C.E.Wilson","MYRTACEAE Myrcia excoriata (Mart.) E.Lucas & C.E.Wilson","RBR00059319",,"RBR","Campelo, M.V.","25","Native","2023","Souza, M.C.","2023","Ouro","Ouro",,"Rio de Janeiro","Parque Natural Municipal da Serra do Mendanha"
"PARQUE NATURAL MUNICIPAL SERRA DO MENDANHA","Angiosperms","Myrtaceae","Myrcia","neolucida","A.R.Lourenço & E.Lucas","MYRTACEAE Myrcia neolucida A.R.Lourenço & E.Lucas","RBR00059320",,"RBR","Campelo, M.V.","27","Native","2023","Souza, M.C.","2023","Ouro","Ouro",,"Rio de Janeiro","Parque Natural Municipal da Serra do Mendanha"
"PARQUE NATURAL MUNICIPAL SERRA DO MENDANHA","Angiosperms","Rubiaceae","Alseis","floribunda","Schott","RUBIACEAE Alseis floribunda Schott","RBR00061876",,"RBR","Gomes-Pimentel, R.","2201","Native","2022","Germano Filho, P.","2022","Ouro","Ouro",,"Rio de Janeiro","Bangu. Parque Natural Municipal da Serra do Mendanha"
"PARQUE NATURAL MUNICIPAL SERRA DO MENDANHA","Angiosperms","Sapindaceae","Thinouia","scandens","Triana & Planch.","SAPINDACEAE Thinouia scandens Triana & Planch.","RBR00061207",,"RBR","Gomes-Pimentel, R.","1668","Native","2021","Somner, G.V.","2023","Ouro","Ouro",,"Rio de Janeiro","Bangu. Parque Natural Municipal da Serra do Mendanha"
"PARQUE NATURAL MUNICIPAL SERRA DO MENDANHA","Angiosperms","Rubiaceae","Chomelia","brasiliana","A.Rich.","RUBIACEAE Chomelia brasiliana A.Rich.","RB01420846","x","RB","Braga, J.M.A.","18-131","Native","2018","Gomes, M.","2025","Ouro","Ouro",,,"Parque Natural Municipal da Serra do Mendanha, Bangu, Maciço do Mendanha, Serra do Gericinó, Caixinha, proximidades do Reservatório Caixinha."
"PARQUE NATURAL MUNICIPAL SERRA DO MENDANHA","Angiosperms","Piperaceae","Piper","lepturum","(C.DC.) Yunck.","PIPERACEAE Piper lepturum var. angustifolium (C.DC.) Yunck.","RB01420825","x","RB","Braga, J.M.A.","18-100","Native","2018","Queiroz, G.A.","2020","Ouro","Ouro",,,"Parque Natural Municipal da Serra do Mendanha, Bangu, Maciço do Mendanha, Serra do Gericinó, Caixinha, proximidades do Reservatório Caixinha."
"PARQUE NATURAL MUNICIPAL SERRA DO MENDANHA","Angiosperms","Piperaceae","Piper","scolopendrifolium","Raddi","PIPERACEAE Piper scolopendrifolium Raddi","RB01420841","x","RB","Braga, J.M.A.","18-126","Native","2018","Queiroz, G.A.","2020","Ouro","Ouro",,,"Parque Natural Municipal da Serra do Mendanha, Bangu, Maciço do Mendanha, Serra do Gericinó, Caixinha, proximidades do Reservatório Caixinha."
"PARQUE NATURAL MUNICIPAL SERRA DO MENDANHA","Angiosperms","Lecythidaceae","Cariniana","estrellensis","(Raddi) Kuntze","LECYTHIDACEAE Cariniana estrellensis (Raddi) Kuntze","RB01420822","x","RB","Braga, J.M.A.","18-097","Native","2018","Ribeiro, M.","2019","Ouro","Ouro",,,"Parque Natural Municipal da Serra do Mendanha, Bangu, Maciço do Mendanha, Serra do Gericinó, Caixinha, proximidades do Reservatório Caixinha."
"PARQUE NATURAL MUNICIPAL SERRA DO MENDANHA","Angiosperms","Araceae","Anthurium","pentaphyllum","(Aubl.) G.Don","ARACEAE Anthurium pentaphyllum (Aubl.) G.Don","RB01420821","x","RB","Braga, J.M.A.","18-096","Native","2018","Nadruz, M.","2018","Ouro","Ouro",,,"Parque Natural Municipal da Serra do Mendanha, Bangu, Maciço do Mendanha, Serra do Gericinó, Caixinha, proximidades do Reservatório Caixinha."
"PARQUE NATURAL MUNICIPAL SERRA DO MENDANHA","Angiosperms","Fabaceae","Dahlstedtia","pinnata","(Benth.) Malme","FABACEAE Dahlstedtia pinnata (Benth.) Malme","RB01420817","x","RB","Braga, J.M.A.","18-092","Native","2018","Lima, H.C.","2018","Ouro","Ouro",,,"Parque Natural Municipal da Serra do Mendanha, Bangu, Maciço do Mendanha, Serra do Gericinó, Caixinha, proximidades do Reservatório Caixinha."
"PARQUE NATURAL MUNICIPAL SERRA DO MENDANHA","Angiosperms","Marantaceae","Goeppertia","monophylla","(Vell.) Borchs. & S.Suárez","MARANTACEAE Goeppertia monophylla (Vell.) Borchs. & S.Suárez","RB01420843","x","RB","Braga, J.M.A.","18-128","Native","2018","Braga, J.M.A.","2018","Ouro","Ouro",,,"Parque Natural Municipal da Serra do Mendanha, Bangu, Maciço do Mendanha, Serra do Gericinó, Caixinha, proximidades do Reservatório Caixinha."
"PARQUE NATURAL MUNICIPAL SERRA DO MENDANHA","Angiosperms","Rubiaceae","Psychotria","nuda","(Cham. & Schltdl.) Wawra","RUBIACEAE Psychotria nuda (Cham. & Schltdl.) Wawra","RB01420824","x","RB","Braga, J.M.A.","18-099","Native","2018","Gomes, M.","2018","Ouro","Ouro",,,"Parque Natural Municipal da Serra do Mendanha, Bangu, Maciço do Mendanha, Serra do Gericinó, Caixinha, proximidades do Reservatório Caixinha."
"PARQUE NATURAL MUNICIPAL SERRA DO MENDANHA","Angiosperms","Rubiaceae","Rudgea","macrophylla","Benth.","RUBIACEAE Rudgea macrophylla Benth.","RB01420833","x","RB","Braga, J.M.A.","18-108","Native","2018","Gomes, M.","2018","Ouro","Ouro",,,"Parque Natural Municipal da Serra do Mendanha, Bangu, Maciço do Mendanha, Serra do Gericinó, Caixinha, proximidades do Reservatório Caixinha."
"PARQUE NATURAL MUNICIPAL SERRA DO MENDANHA","Angiosperms","Piperaceae","Piper","anisum","(Spreng.) Angely","PIPERACEAE Piper anisum (Spreng.) Angely","RB01119328","x","RB","Baez, C.","571","Native","2016","Guimaraes, E.F.",,"Ouro","Ouro",,,"Serra do Mendanha. Mata na subida do morro das antenas. Parque Natural Municipal da Serra do Mendanha"
"PARQUE NATURAL MUNICIPAL SERRA DO MENDANHA","Angiosperms","Solanaceae","Athenaea","fasciculata","(Vell.) I.M.C. Rodrigues & Stehmann","SOLANACEAE Athenaea fasciculata (Vell.) I.M.C. Rodrigues & Stehmann","RB01119323","x","RB","Baez, C.","566","Native","2016","Stehmann, J.R.","2021","Ouro","Ouro",,,"Serra do Mendanha. Subida do morro das antenas na beira da estrada. Parque Natural Municipal da Serra do Mendanha"
"PARQUE NATURAL MUNICIPAL SERRA DO MENDANHA","Angiosperms","Dilleniaceae","Davilla","glaziovii","Eichler","DILLENIACEAE Davilla glaziovii Eichler","BHCB198312","splink","BHCB","Fraga, C.N.","2903","Native","2010","Fraga, C.N.","2012","Ouro","Ouro",,"Rio de Janeiro","Parque Natural Municipal da Serra do Mendanha, Campo Grande, serra do Medanha, estrada para a torre da Light, acima da entrada da rampa de voo livre"
"PARQUE NATURAL MUNICIPAL SERRA DO MENDANHA","Angiosperms","Dilleniaceae","Davilla","rugosa","Poir.","DILLENIACEAE Davilla rugosa Poir.","BHCB198297","splink","BHCB","Fraga, C.N.","2901","Native","2010","Fraga, C.N.","2010","Ouro","Ouro",,"Rio de Janeiro","Parque Natural Municipal da Serra do Mendanha, Campo Grande, serra do Medanha, estrada para a torre da Light, acima da entrada da rampa de voo livre"
"PARQUE NATURAL MUNICIPAL SERRA DO MENDANHA","Angiosperms","Rubiaceae","Palicourea","deflexa","(DC.) Borhidi","RUBIACEAE Palicourea deflexa (DC.) Borhidi","RFFP25318",,"RFFP","Santos, M.C.F.","2300","Native","2008","Gomes, M.","2019","Ouro","Ouro",,"Rio de Janeiro","Município do Rio de Janeiro, Campo Grande, Parque Natural Municipal da Serra do Mendanha, trilha da Caninana, 500 m de altitude. Mata Atlântica, floresta ombrófila densa submontana."
"PARQUE NATURAL MUNICIPAL SERRA DO MENDANHA","Angiosperms","Araceae","Syngonium","vellozianum","Schott","ARACEAE Syngonium vellozianum Schott","RB01413762","x","RB","Jascone, C.E.S.","1097","Native","2008","Coelho, M.A.N.","2018","Ouro","Ouro",,,"Campo Grande, Rio Pecador Parque Natural Municipal da Serra do Mendanha"
"PARQUE NATURAL MUNICIPAL SERRA DO MENDANHA","Angiosperms","Solanaceae","Solanum","hexandrum","Vell.","SOLANACEAE Solanum hexandrum Vell.","RB01449981","x","RB","Jascone, C.E.","1111","Native","2008","Stehmann, J.R.","2018","Ouro","Ouro",,,"Campo Grande, Parque Natural Municipal da Serra do Mendanha, Rio Pecador."
"PARQUE NATURAL MUNICIPAL SERRA DO MENDANHA","Angiosperms","Cucurbitaceae","Wilbrandia","verticillata","(Vell.) Cogn.","CUCURBITACEAE Wilbrandia verticillata (Vell.) Cogn.","RFFP25315",,"RFFP","Santos, M.C.F.","2297","Native","2008","Klein, V.L.G.","2013","Ouro","Ouro",,"Rio de Janeiro","Município do Rio de Janeiro, Campo Grande, Parque Natural Municipal da Serra do Mendanha, trilha da Caninana, 200 m de altitude. Mata Atlântica, floresta ombrófila densa submontana."
"PARQUE NATURAL MUNICIPAL SERRA DO MENDANHA","Angiosperms","Piperaceae","Peperomia","urocarpa","Fisch. & C.A.Mey.","PIPERACEAE Peperomia urocarpa Fisch. & C.A.Mey.","RFFP19549",,"RFFP","Jascone, C.E.S.","1094","Native","2008","Queiroz, G.A.","2012","Ouro","Ouro",,"Rio de Janeiro","Município do Rio de Janeiro, Campo Grande, Parque Natural Municipal da Serra do Mendanha, rio Pecador. Mata Atlântica, floresta ombrófila densa submontana. Mata ciliar."
"PARQUE NATURAL MUNICIPAL SERRA DO MENDANHA","Angiosperms","Piperaceae","Piper","fluminense","Raddi","PIPERACEAE Piper fluminense Raddi","RFFP19544",,"RFFP","Jascone, C.E.S.","1089","Native","2008","Guimaraes, E.F.","2012","Ouro","Ouro",,"Rio de Janeiro","Município do Rio de Janeiro, Campo Grande, Parque Natural Municipal da Serra do Mendanha, rio Pecador. Mata Atlântica, floresta ombrófila densa submontana. Mata ciliar."
"PARQUE NATURAL MUNICIPAL SERRA DO MENDANHA","Angiosperms","Piperaceae","Piper","gaudichaudianum","Kunth","PIPERACEAE Piper gaudichaudianum Kunth","RB00549630","x","RB","Malafaia, A.G.C.","43","Native","2007","Guimaraes, E.F.",,"Ouro","Ouro",,,"Campo Grande, Parque Natural Municipal da Serra do Mendanha. Estrada de Furnas, lado direito da trilha ao lado da Clareira no lado esquerdo da Estrada de Furnas."
"PARQUE NATURAL MUNICIPAL SERRA DO MENDANHA","Angiosperms","Rubiaceae","Coccocypselum","cordifolium","Nees & Mart.","RUBIACEAE Coccocypselum cordifolium Nees & Mart.","RFFP25350",,"RFFP","Santos, M.C.F.","2178","Native","2007","Gomes, M.","2019","Ouro","Ouro",,"Rio de Janeiro","Município do Rio de Janeiro, Campo Grande, Parque Natural Municipal da Serra do Mendanha, Trilha da Caninãna. Mata Atlântica, floresta ombrófila densa submontana."
"PARQUE NATURAL MUNICIPAL SERRA DO MENDANHA","Angiosperms","Rubiaceae","Geophila","repens","(L.) I.M.Johnst.","RUBIACEAE Geophila repens (L.) I.M.Johnst.","RFFP25355",,"RFFP","Santos, M.C.F.","2183","Native","2007","Gomes, M.","2019","Ouro","Ouro",,"Rio de Janeiro","Município do Rio de Janeiro, Campo Grande, Parque Natural Municipal da Serra do Mendanha, Trilha da Caninãna, após 500 m de altitude. Mata Atlântica, floresta ombrófila densa submontana."
"PARQUE NATURAL MUNICIPAL SERRA DO MENDANHA","Angiosperms","Araceae","Anthurium","intermedium","Kunth","ARACEAE Anthurium intermedium Kunth","RFFP18453",,"RFFP","Correia, A.R.A.","57","Native","2007","Coelho, M.A.N.","2018","Ouro","Ouro",,"Rio de Janeiro","Município do Rio de Janeiro, Bairro de Campo Grande, Parque Natural Municipal da Serra do Mendanha, Estrada de Furnas, trilha da Light. Mata Atlântica secundária."
"PARQUE NATURAL MUNICIPAL SERRA DO MENDANHA","Angiosperms","Clusiaceae","Tovomita","glazioviana","Engl.","CLUSIACEAE Tovomita glazioviana Engl.","RFFP25329",,"RFFP","Santos, M.C.F.","2271","Native","2007","Marinho, L.","2014","Ouro","Ouro",,"Rio de Janeiro","Campo Grande, Parque Natural Municipal da Serra do Mendanha, trilha Principal, após bifurcação e segunda placa de 100 m."
"PARQUE NATURAL MUNICIPAL SERRA DO MENDANHA","Angiosperms","Euphorbiaceae","Acalypha","brasiliensis","Müll.Arg.","EUPHORBIACEAE Acalypha brasiliensis Müll.Arg.","RFFP25358",,"RFFP","Santos, M.C.F.","2186","Native","2007","Pinto, L.J.S.","2014","Ouro","Ouro",,"Rio de Janeiro","Município do Rio de Janeiro, Campo Grande, Parque Natural Municipal da Serra do Mendanha, margem do rio Fundão. Mata Atlântica, floresta ombrófila densa submontana."
"PARQUE NATURAL MUNICIPAL SERRA DO MENDANHA","Angiosperms","Euphorbiaceae","Actinostemon","concolor","(Spreng.) Müll.Arg.","EUPHORBIACEAE Actinostemon concolor (Spreng.) Müll.Arg.","RFFP25352",,"RFFP","Santos, M.C.F.","2180","Native","2007","Pinto, L.J.S.","2014","Ouro","Ouro",,"Rio de Janeiro","Município do Rio de Janeiro, Campo Grande, Parque Natural Municipal da Serra do Mendanha, Trilha da Caninãna, 200 m de altitude. Mata Atlântica, floresta ombrófila densa submontana."
"PARQUE NATURAL MUNICIPAL SERRA DO MENDANHA","Angiosperms","Asteraceae","Piptocarpha","macropoda","(DC.) Baker","ASTERACEAE Piptocarpha macropoda (DC.) Baker","RFFP18494",,"RFFP","Correia, A.R.A.","36","Native","2007","Esteves, R.L.","2012","Ouro","Ouro",,"Rio de Janeiro","Município do Rio de Janeiro, Bairro de Campo Grande, Parque Natural Municipal da Serra do Mendanha, Estrada de Furnas, em frente à Torre de rádio. Mata Atlântica secundária."
"PARQUE NATURAL MUNICIPAL SERRA DO MENDANHA","Angiosperms","Asteraceae","Sonchus","oleraceus","L.","ASTERACEAE Sonchus oleraceus L.","RFFP18230",,"RFFP","Malafaia, A.G.C.","37","Native","2007","Esteves, R.L.","2012","Ouro","Ouro",,"Rio de Janeiro","Município do Rio de Janeiro, Campo Grande, Parque Natural Municipal da Serra do Mendanha, Estrada de Furnas, lado esquerdo. Mata Atlântica secundária."
"PARQUE NATURAL MUNICIPAL SERRA DO MENDANHA","Angiosperms","Piperaceae","Peperomia","alata","Ruiz & Pav.","PIPERACEAE Peperomia alata Ruiz & Pav.","RFFP25341",,"RFFP","Santos, M.C.F.","2243","Native","2007","Guimaraes, E.F.","2012","Ouro","Ouro",,"Rio de Janeiro","Município do Rio de Janeiro, Campo Grande, Parque Natural Municipal da Serra do Mendanha, trilha para Cachoeira, próximo ao córrego. Mata Atlântica, floresta ombrófila densa submontana."
"PARQUE NATURAL MUNICIPAL SERRA DO MENDANHA","Angiosperms","Euphorbiaceae","Caryodendron","grandifolium","(Müll.Arg.) Pax","EUPHORBIACEAE Caryodendron grandifolium (Müll.Arg.) Pax","RFFP26939",,"RFFP","Santos, M.C.F.","2005","Native","2006","Pinto, L.J.S.",,"Ouro","Ouro",,"Rio de Janeiro","Município do Rio de Janeiro, Parque Natural Municipal da Serra do Mendanha, trilha Principal (da travessia para o PMNI), em trecho de subida após área lamacenta e bifurcação, lado esquerdo. Mata Atlântica secundária."
"PARQUE NATURAL MUNICIPAL SERRA DO MENDANHA","Angiosperms","Euphorbiaceae","Croton","triqueter","Lam.","EUPHORBIACEAE Croton triqueter Lam.","RFFP27076",,"RFFP","Santos, M.C.F.","1843","Native","2006","Pinto, L.J.S.",,"Ouro","Ouro",,"Rio de Janeiro","coordenadas: latitude: 22º48´02,69”S longitude: 43º04´29,99”W; Município do Rio de Janeiro, Serra do Mendanha, Parque Natural Municipal da Serra do Mendanha, Estrada de Furnas (acesso às torres de retransmissão), próximo ao sítio da rampa de vôo livre (S 22º49´53""- WO 43º31´64""), lado direito, cerca de 600m de altitude. Mata Atlântica secundária."
"PARQUE NATURAL MUNICIPAL SERRA DO MENDANHA","Angiosperms","Piperaceae","Peperomia","arifolia","Miq.","PIPERACEAE Peperomia arifolia Miq.","RFFP27086",,"RFFP","Santos, M.C.F.","1853","Native","2006","Queiroz, G.A.",,"Ouro","Ouro",,"Rio de Janeiro","coordenadas: latitude: 22º53´07,52”S longitude: 42º57´53,55”W; Município do Rio de Janeiro, Serra do Mendanha, Parque Natural Municipal da Serra do Mendanha, Estrada de Furnas (acesso às torres), antes do sítio da rampa de vôo livre (S 22º49´53""- WO 43º31´64""), lado esquerdo, próximo à paredão rochoso, cerca de 600m de altitude. Mata Atlântica secundária."
"PARQUE NATURAL MUNICIPAL SERRA DO MENDANHA","Angiosperms","Piperaceae","Peperomia","nitida","Dahlst.","PIPERACEAE Peperomia nitida Dahlst.","RFFP27046",,"RFFP","Santos, M.C.F.","2047","Native","2006","Guimaraes, E.F.",,"Ouro","Ouro",,"Rio de Janeiro","Município do Rio de Janeiro, Parque Natural Municipal da Serra do Mendanha, sobre rocha na margem esquerda do rio Fundão, área próxima à parte média da trilha da Caninana. Mata Atlântica secundária."
"PARQUE NATURAL MUNICIPAL SERRA DO MENDANHA","Angiosperms","Piperaceae","Piper","hoffmannseggianum","Roem. & Schult.","PIPERACEAE Piper hoffmannseggianum Roem. & Schult.","RFFP27048",,"RFFP","Santos, M.C.F.","2049","Native","2006","Queiroz, G.A.",,"Ouro","Ouro",,"Rio de Janeiro","Município do Rio de Janeiro, Parque Natural Municipal da Serra do Mendanha, início da trilha da torre (próximo à sede). Mata Atlântica secundária."
"PARQUE NATURAL MUNICIPAL SERRA DO MENDANHA","Angiosperms","Solanaceae","Solanum","martii","Sendtn.","SOLANACEAE Solanum martii Sendtn.","RFFP26941",,"RFFP","Santos, M.C.F.","2007","Native","2006","Stehmann, J.R.",,"Ouro","Ouro",,"Rio de Janeiro","Município do Rio de Janeiro, Parque Natural Municipal da Serra do Mendanha, trilha Principal (da travessia para o PMNI), próximo à 2a. placa de 400m. Mata Atlântica secundária."
"PARQUE NATURAL MUNICIPAL SERRA DO MENDANHA","Angiosperms","Rubiaceae","Amaioua","intermedia","Mart. ex Schult. & Schult.f.","RUBIACEAE Amaioua intermedia Mart. ex Schult. & Schult.f.","RB01449952","x","RB","Malafaia, A.G.C.","11","Native","2006","Gomes, M.","2021","Ouro","Ouro",,,"Campo Grande, Parque Natural Municipal da Serra do Mendanha, 300m após o início da trilha principal."
"PARQUE NATURAL MUNICIPAL SERRA DO MENDANHA","Angiosperms","Rubiaceae","Palicourea","racemosa","(Aubl.) G.Nicholson","RUBIACEAE Palicourea racemosa (Aubl.) G.Nicholson","RB01453945","x","RB","Santos, M.C.F.","1829","Native","2006","Gomes, M.","2021","Ouro","Ouro",,,"Parque Natural Municipal da Serra do Mendanha, após 500m do início da trilha da Caninana, lado esquerdo."
"PARQUE NATURAL MUNICIPAL SERRA DO MENDANHA","Angiosperms","Salicaceae","Casearia","sylvestris","Sw.","SALICACEAE Casearia sylvestris Sw.","RB01451308","x","RB","Santos, M.C.F.","1826","Native","2006","Marquete, R.","2021","Ouro","Ouro",,,"Parque Natural Municipal da Serra do Mendanha, entre o início e 100m da trilha da Caninana, lado direito."
"PARQUE NATURAL MUNICIPAL SERRA DO MENDANHA","Angiosperms","Araceae","Caladium","bicolor","(Aiton) Vent.","ARACEAE Caladium bicolor (Aiton) Vent.","RB01413790","x","RB","C.f.dos Santos, R.M.M.",,"Native","2006","Dutra Junior, D.L.S.","2018","Ouro","Ouro",,,"Trilha principal (da travessia para o PMNI), após área we declive acentuado e antes da primeira placa de 400 metros Parque Natural Municipal da Serra do Mendanha"
"PARQUE NATURAL MUNICIPAL SERRA DO MENDANHA","Angiosperms","Araceae","Rhodospatha","latifolia","Poepp.","ARACEAE Rhodospatha latifolia Poepp.","RFFP27040",,"RFFP","Santos, M.C.F.","2041","Native","2006","Coelho, M.A.N.","2018","Ouro","Ouro",,"Rio de Janeiro","Município do Rio de Janeiro, Parque Natural Municipal da Serra do Mendanha, margem do rio Fundão, área próxima à parte média da trilha da Caninana. Mata Atlântica secundária."
"PARQUE NATURAL MUNICIPAL SERRA DO MENDANHA","Angiosperms","Asteraceae","Heterocondylus","alatus","(Vell.) R.M.King & H.Rob.","ASTERACEAE Heterocondylus alatus (Vell.) R.M.King & H.Rob.","RFFP27081",,"RFFP","Santos, M.C.F.","1848","Native","2006","Esteves, R.L.","2012","Ouro","Ouro",,"Rio de Janeiro","coordenadas: latitude: 22º48´02,69”S longitude: 43º04´29,99”W; Município do Rio de Janeiro, Serra do Mendanha, Parque Natural Municipal da Serra do Mendanha, Estrada de Furnas (acesso às torres de retransmissão), próximo ao sítio da rampa de vôo livre (S 22º49´53"" - WO 43º31´64""), lado esquerdo, cerca de 600m de altitude. Mata Atlântica secundária."
"PARQUE NATURAL MUNICIPAL SERRA DO MENDANHA","Angiosperms","Asteraceae","Piptocarpha","lundiana","(Less.) Baker","ASTERACEAE Piptocarpha lundiana (Less.) Baker","RFFP27035",,"RFFP","Santos, M.C.F.","2036","Native","2006","Esteves, R.L.","2012","Ouro","Ouro",,"Rio de Janeiro","Município do Rio de Janeiro, Parque Natural Municipal da Serra do Mendanha, parte inicial da trilha da Caninana, lado esquerdo. Mata Atlântica secundária."
"PARQUE NATURAL MUNICIPAL SERRA DO MENDANHA","Angiosperms","Melastomataceae","Miconia","nervosa","(Sm.) Triana","MELASTOMATACEAE Miconia nervosa (Sm.) Triana","RB01436085","x","RB","Goncalves, M.E.M.B.","81","Native","2005","Goldenberg, R.",,"Ouro","Ouro",,,"Entre Bangu e Campo Grande, margem do rio Fundão Parque Natural Municipal da Serra do Mendanha"
"PARQUE NATURAL MUNICIPAL SERRA DO MENDANHA","Angiosperms","Rutaceae","Pilocarpus","spicatus","A.St.-Hil.","RUTACEAE Pilocarpus spicatus A.St.-Hil.","RFFP27201",,"RFFP","Goncalves, M.E.M.B.","67","Native","2005","Pirani, J.R.",,"Ouro","Ouro",,"Rio de Janeiro","Município do Rio de Janeiro, Campo Grande, Parque Natural Municipal da Serra do Mendanha, margem do rio Fundão. Mata Atlântica Secundária."
"PARQUE NATURAL MUNICIPAL SERRA DO MENDANHA","Angiosperms","Clusiaceae","Tovomita","leucantha","(Schltdl.) Planch. & Triana","CLUSIACEAE Tovomita leucantha (Schltdl.) Planch. & Triana","RFFP27210",,"RFFP","Goncalves, M.E.M.B.","77","Native","2005","Marinho, L.","2014","Ouro","Ouro",,"Rio de Janeiro","entre Bangu e Campo Grande, Parque Natural Municipal da Serra do Mendanha, próximo a margem do rio Fundão."
"PARQUE NATURAL MUNICIPAL SERRA DO MENDANHA","Angiosperms","Lauraceae","Endlicheria","paniculata","(Spreng.) J.F.Macbr.","LAURACEAE Endlicheria paniculata (Spreng.) J.F.Macbr.","RB00570454","x","RB","Teixeira, V.C.C.","21","Native","2005","Baitello, J.B.","2011","Ouro","Ouro",,,"Parque Natural Municipal da Serra do Mendanha, Trilha do Rio Fundão. Proximo a margem esquerda do rio."
"PARQUE NATURAL MUNICIPAL SERRA DO MENDANHA","Angiosperms","Fabaceae","Swartzia","simplex","(Sw.) Spreng.","FABACEAE Swartzia simplex (Sw.) Spreng.","RB00590986","x","RB","Teixeira, V.C.C.","16","Native","2005","Lima, H.C.","2009","Ouro","Ouro",,,"Parque Natural Municipal da Serra do Mendanha, Trilha da Torre."
"PARQUE NATURAL MUNICIPAL SERRA DO MENDANHA","Angiosperms","Monimiaceae","Mollinedia","schottiana","(Spreng.) Perkins","MONIMIACEAE Mollinedia schottiana (Spreng.) Perkins","RB00553812","x","RB","Santos, M.C.F.","1723","Native","2004","Lirio",,"Ouro","Ouro",,,"Campo Grande, Parque Natural Municipal da Serra do Mendanha, trilha da Caninana, parte média lado esquerdo. Mata Atlântica secundária."
"PARQUE NATURAL MUNICIPAL SERRA DO MENDANHA","Angiosperms","Myrtaceae","Myrcia","lonchophylla","A.R.Lourenço & E.Lucas","MYRTACEAE Myrcia lonchophylla A.R.Lourenço & E.Lucas","RFFP27275",,"RFFP","Goncalves, M.E.M.B.","43","Native","2004","Souza, M.C.",,"Ouro","Ouro",,"Rio de Janeiro","Município do Rio de Janeiro, Campo Grande, Parque Natural Municipal da Serra do Mendanha, margem do rio. Mata Atlântica secundária."
"PARQUE NATURAL MUNICIPAL SERRA DO MENDANHA","Angiosperms","Piperaceae","Piper","rivinoides","Kunth","PIPERACEAE Piper rivinoides Kunth","RB00564971","x","RB","Santos, M.C.F.","1766","Native","2004","Guimaraes, E.F.",,"Ouro","Ouro",,,"Campo Grande, Parque Natural Municipal da Serra do Mendanha, trilha do capim Melado, após a descida para o bananal do lado direito (área úmida)."
"PARQUE NATURAL MUNICIPAL SERRA DO MENDANHA","Angiosperms","Araceae","Philodendron","oblongum","(Vell.) Kunth","ARACEAE Philodendron oblongum (Vell.) Kunth","RFFP27274",,"RFFP","Goncalves, M.E.M.B.","42","Native","2004","Coelho, M.A.N.","2018","Ouro","Ouro",,"Rio de Janeiro","Município do Rio de Janeiro, Campo Grande, Parque Natural Municipal da Serra do Mendanha, à beira do rio, lado esquerdo. Mata Atlântica secundária."
"PARQUE NATURAL MUNICIPAL SERRA DO MENDANHA","Angiosperms","Asteraceae","Mikania","glomerata","Spreng.","ASTERACEAE Mikania glomerata Spreng.","RFFP20947","splink","RFFP","Thuler, E.","16","Native","2004","Esteves, R.L.","2012","Ouro","Ouro",,"Rio de Janeiro","Município do Rio de Janeiro, Parque Natural Municipal da Serra do Mendanha, trilha principal. Mata Atlântica secundária."
"PARQUE NATURAL MUNICIPAL SERRA DO MENDANHA","Ferns and Lycophytes","Cyatheaceae","Cyathea","leucofolis","Domin","CYATHEACEAE Cyathea leucofolis Domin","RFFP18930","splink","RFFP","Jascone, C.E.","46","Native","2003","Jascone, C.E.",,"Ouro","Ouro",,"Rio de Janeiro","Município do Rio de Janeiro, Campo Grande, Parque Natural Municipal da Serra do Mendanha, trilha principal. Mata Atlântica submontana secundária, floresta ombrófila densa."
"PARQUE NATURAL MUNICIPAL SERRA DO MENDANHA","Angiosperms","Euphorbiaceae","Alchornea","glandulosa","(Casar.) Secco","EUPHORBIACEAE Alchornea glandulosa subsp. iricurana (Casar.) Secco","RFFP26304","splink","RFFP","Santos, M.C.F.","1666","Native","2003","Pinto, L.J.S.",,"Ouro","Ouro",,"Rio de Janeiro","Município do Rio de Janeiro, Campo Grande, Parque Natural Municipal da Serra do Mendanha, sede do parque, lado direito, em frente à piscina. Mata Atlântica secundária."
"PARQUE NATURAL MUNICIPAL SERRA DO MENDANHA","Angiosperms","Euphorbiaceae","Croton","floribundus","Spreng.","EUPHORBIACEAE Croton floribundus Spreng.","RFFP13384","splink","RFFP","Valente, A.A.","390","Native","2003","Pinto, L.J.S.",,"Ouro","Ouro",,"Rio de Janeiro","Município do Rio de Janeiro, Campo Grande, Parque Natural Municipal da Serra do Mendanha, atrás da sede do parque. Mata Atlântica Secundária."
"PARQUE NATURAL MUNICIPAL SERRA DO MENDANHA","Angiosperms","Euphorbiaceae","Gymnanthes","multiramea","(Klotzsch) Müll.Arg.","EUPHORBIACEAE Gymnanthes multiramea (Klotzsch) Müll.Arg.","RFFP26294",,"RFFP","Santos, M.C.F.","1655","Native","2003","Pinto, L.J.S.",,"Ouro","Ouro",,"Rio de Janeiro","Município do Rio de Janeiro, Campo Grande, Parque Natural Municipal da Serra do Mendanha, início da trilha paralela ao rio. Mata Atlântica secundária."
"PARQUE NATURAL MUNICIPAL SERRA DO MENDANHA","Angiosperms","Fabaceae","Senna","affinis","(Benth.) H.S.Irwin & Barneby","FABACEAE Senna affinis (Benth.) H.S.Irwin & Barneby","RFFP13348","splink","RFFP","Valente, A.A.","306","Native","2003","Lima, H.C.",,"Ouro","Ouro",,"Rio de Janeiro","Município do Rio de Janeiro, Campo Grande, Parque Natural Municipal da Serra do Mendanha, Trilha Circular. Mata Atlântica Secundária."
"PARQUE NATURAL MUNICIPAL SERRA DO MENDANHA","Angiosperms","Moraceae","Ficus","microcarpa","L.f.","MORACEAE Ficus microcarpa L.f.","RFFP13346","splink","RFFP","Valente, A.A.","304","Naturalized","2003","Valente, A.A.",,"Ouro","Ouro",,"Rio de Janeiro","Município do Rio de Janeiro, Campo Grande, Parque Natural Municipal da Serra do Mendanha, acesso à Trilha circular. Mata Atlântica Secundária."
"PARQUE NATURAL MUNICIPAL SERRA DO MENDANHA","Angiosperms","Piperaceae","Piper","arboreum","Aubl.","PIPERACEAE Piper arboreum var. arboreum Aubl.","RB00564972","x","RB","Santos, M.C.F.","1254","Native","2003","Guimaraes, E.F.",,"Ouro","Ouro",,,"Campo Grande, Parque Natural Municipal da Serra do Mendanha, trilha circular, lado direito, próximo à cerca de arame e a ponte.."
"PARQUE NATURAL MUNICIPAL SERRA DO MENDANHA","Angiosperms","Salicaceae","Piparea","dentata","Aubl.","SALICACEAE Piparea dentata Aubl.","RFFP13334","splink","RFFP","Valente, A.A.","283","Native","2003","Marquete, R.",,"Ouro","Ouro",,"Rio de Janeiro","Município do Rio de Janeiro, Campo Grande, Parque Natural Municipal da Serra do Mendanha, Trilha da Torre, parte inicial. Mata Atlântica Secundária."
"PARQUE NATURAL MUNICIPAL SERRA DO MENDANHA","Angiosperms","Araceae","Philodendron","crassinervium","Lindl.","ARACEAE Philodendron crassinervium Lindl.","RFFP13350","splink","RFFP","Valente, A.A.","308","Native","2003","Coelho, M.A.N.","2018","Ouro","Ouro",,"Rio de Janeiro","Município do Rio de Janeiro, Campo Grande, Parque Natural Municipal da Serra do Mendanha, Trilha Principal após o Bosque das Jaqueiras. Mata Atlântica Secundária."
"PARQUE NATURAL MUNICIPAL SERRA DO MENDANHA","Angiosperms","Bignoniaceae","Adenocalymma","trifoliatum","(Vell.) R.C.Laroche","BIGNONIACEAE Adenocalymma trifoliatum (Vell.) R.C.Laroche","RFFP13335","splink","RFFP","Valente, A.A.","284","Native","2003","Lohmann, L.G.","2015","Ouro","Ouro",,"Rio de Janeiro","Campo Grande, Parque Natural Municipal da Serra do Mendanha, Trilha da Caninana, lado esquerdo."
"PARQUE NATURAL MUNICIPAL SERRA DO MENDANHA","Angiosperms","Nyctaginaceae","Guapira","nitida","(Mart. ex J.A.Schmidt) Lundell","NYCTAGINACEAE Guapira nitida (Mart. ex J.A.Schmidt) Lundell","RB00607927","x","RB","Valente, A.","393","Native","2003","Farney, C.","2015","Ouro","Ouro",,,"Campo Grande, Parque Natural Municipal da Serra do Mendanha."
"PARQUE NATURAL MUNICIPAL SERRA DO MENDANHA","Angiosperms","Nyctaginaceae","Guapira","opposita","(Vell.) Reitz","NYCTAGINACEAE Guapira opposita (Vell.) Reitz","RB00607928","x","RB","Valente, A.","394","Native","2003","Farney, C.","2015","Ouro","Ouro",,,"Campo Grande, Parque Natural Municipal da Serra do Mendanha, Trilha Principal após 100 m."
"PARQUE NATURAL MUNICIPAL SERRA DO MENDANHA","Angiosperms","Asteraceae","Piptocarpha","brasiliana","Cass.","ASTERACEAE Piptocarpha brasiliana Cass.","RB01435165","x","RB","Rocha, L.B.","03","Native","2003","Esteves, R.L.","2012","Ouro","Ouro",,,"Campo Grande Parque Natural Municipal da Serra do Mendanha"
"PARQUE NATURAL MUNICIPAL SERRA DO MENDANHA","Angiosperms","Achariaceae","Carpotroche","brasiliensis","(Raddi) A Gray","ACHARIACEAE Carpotroche brasiliensis (Raddi) A Gray","RB00549898","x","RB","Santos, M.C.F.","1664","Native","2003","Marquete, R.","2008","Ouro","Ouro",,,"Campo Grande, Parque Natural Municipal da Serra do Mendanha, trilha da caninana, lado esquerdo, início."
"PARQUE NATURAL MUNICIPAL SERRA DO MENDANHA","Angiosperms","Bromeliaceae","Vriesea","psittacina","(Hook.) Lindl.","BROMELIACEAE Vriesea psittacina (Hook.) Lindl.","RFFP13366","splink","RFFP","Valente, A.A.","343","Native","2003","Costa, A.F.","2004","Ouro","Ouro",,"Rio de Janeiro","Campo Grande, Parque Natural Municipal da Serra do Mendanha, Trilha Principal após 500m."
"PARQUE NATURAL MUNICIPAL SERRA DO MENDANHA","Angiosperms","Costaceae","Costus","spiralis","(Jacq.) Roscoe","COSTACEAE Costus spiralis (Jacq.) Roscoe","RB01420834","x","RB","Braga, J.M.A.","18-109","Native","2018","Braga, J.M.A.","2018","Prata","Ouro",,,"Parque Natural Municipal da Serra do Mendanha, Bangu, Maciço do Mendanha, Serra do Gericinó, Caixinha, proximidades do Reservatório Caixinha."
"PARQUE NATURAL MUNICIPAL SERRA DO MENDANHA","Angiosperms","Heliconiaceae","Heliconia","angusta","Vell.","HELICONIACEAE Heliconia angusta Vell.","RB01420827","x","RB","Braga, J.M.A.","18-102","Native","2018","Braga, J.M.A.","2018","Prata","Ouro",,,"Parque Natural Municipal da Serra do Mendanha, Bangu, Maciço do Mendanha, Serra do Gericinó, Caixinha, proximidades do Reservatório Caixinha."
"PARQUE NATURAL MUNICIPAL SERRA DO MENDANHA","Angiosperms","Heliconiaceae","Heliconia","spathocircinata","Aristeg.","HELICONIACEAE Heliconia spathocircinata Aristeg.","RB01420828","x","RB","Braga, J.M.A.","18-103","Native","2018","Braga, J.M.A.","2018","Prata","Ouro",,,"Parque Natural Municipal da Serra do Mendanha, Bangu, Maciço do Mendanha, Serra do Gericinó, Caixinha, proximidades do Reservatório Caixinha."
"PARQUE NATURAL MUNICIPAL SERRA DO MENDANHA","Angiosperms","Urticaceae","Boehmeria","caudata","Sw.","URTICACEAE Boehmeria caudata Sw.","RFFP19543",,"RFFP","Jascone, C.E.S.","1088","Native","2008","Machado, D.N.S.","2015","Prata","Ouro",,"Rio de Janeiro","Município do Rio de Janeiro, Campo Grande, Parque Natural Municipal da Serra do Mendanha, rio Pecador. Mata Atlântica, floresta ombrófila densa submontana. Mata ciliar."
"PARQUE NATURAL MUNICIPAL SERRA DO MENDANHA","Angiosperms","Cunoniaceae","Lamanonia","ternata","Vell.","CUNONIACEAE Lamanonia ternata Vell.","RFFP25325",,"RFFP","Santos, M.C.F.","2267","Native","2007","Machado, D.N.S.","2025","Prata","Ouro",,"Rio de Janeiro","Município do Rio de Janeiro, Campo Grande, Parque Natural Municipal da Serra do Mendanha, trilha Principal, após bifurcação. Mata Atlântica, floresta ombrófila densa submontana."
"PARQUE NATURAL MUNICIPAL SERRA DO MENDANHA","Angiosperms","Solanaceae","Iochroma","arborescens","(L.) J.M.H. Shaw","SOLANACEAE Iochroma arborescens (L.) J.M.H. Shaw","RFFP21274",,"RFFP","Penha, F.L.","1","Native","2007","Machado, D.N.S.","2025","Prata","Ouro",,"Rio de Janeiro","Município do Rio de Janeiro, Bairro de Campo Grande, Parque Natural Municipal da Serra do Mendanha, Estrada de Furnas, em frente à Torre de rádio. Mata Atlântica secundária."
"PARQUE NATURAL MUNICIPAL SERRA DO MENDANHA","Angiosperms","Picramniaceae","Picramnia","glazioviana","Engl.","PICRAMNIACEAE Picramnia glazioviana Engl.","RB01451262","x","RB","Santos, M.C.F.","2247","Native","2007","Machado, D.N.S.","2016","Prata","Ouro",,,"Campo Grande, Parque Natural Municipal da Serra do Mendanha. Torres da Light."
"PARQUE NATURAL MUNICIPAL SERRA DO MENDANHA","Angiosperms","Rutaceae","Conchocarpus","ruber","(A.St.Hil.) Bruniera & Groppo","RUTACEAE Conchocarpus ruber (A.St.Hil.) Bruniera & Groppo","RFFP26934",,"RFFP","Santos, M.C.F.","2000","Native","2006","Machado, D.N.S.","2025","Prata","Ouro",,"Rio de Janeiro","Município do Rio de Janeiro, Parque Natural Municipal da Serra do Mendanha, trilha Principal (da travessia para o PMNI), após área lamacenta e após 2a. placa de 100m. Mata Atlântica secundária."
"PARQUE NATURAL MUNICIPAL SERRA DO MENDANHA","Angiosperms","Monimiaceae","Macrotorus","utriculatus","(Mart.) Perkins","MONIMIACEAE Macrotorus utriculatus (Mart.) Perkins","RB01452583","x","RB","Santos, M.C.F.","1838","Native","2006","Machado, D.N.S.","2021","Prata","Ouro",,,"Parque Natural Municipal da Serra do Mendanha, bifurcação à esquerda a partir da trilha da travessia, próximo ao riacho, lado esquerdo."
"PARQUE NATURAL MUNICIPAL SERRA DO MENDANHA","Angiosperms","Moraceae","Clarisia","ilicifolia","(Spreng.) Lanj. & Rossberg","MORACEAE Clarisia ilicifolia (Spreng.) Lanj. & Rossberg","RFFP27037",,"RFFP","Santos, M.C.F.","2038","Native","2006","Machado, D.N.S.","2021","Prata","Ouro",,"Rio de Janeiro","Município do Rio de Janeiro, Parque Natural Municipal da Serra do Mendanha, parte média da trilha da Caninana, lado esquerdo. Mata Atlântica secundária."
"PARQUE NATURAL MUNICIPAL SERRA DO MENDANHA","Angiosperms","Rhamnaceae","Gouania","blanchetiana","Miq.","RHAMNACEAE Gouania blanchetiana Miq.","RFFP27083",,"RFFP","Santos, M.C.F.","1850","Native","2006","Machado, D.N.S.","2021","Prata","Ouro",,"Rio de Janeiro","coordenadas: latitude: 22º48´02,69”S longitude: 43º04´29,99”W; Município do Rio de Janeiro, Serra do Mendanha, Parque Natural Municipal da Serra do Mendanha, Estrada de Furnas (acesso às torres de retransmissão), próximo ao sítio da rampa de vôo livre (S 22º49´53""- WO 43º31´64""), lado esquerdo, cerca de 600m de altitude. Mata Atlântica secundária."
"PARQUE NATURAL MUNICIPAL SERRA DO MENDANHA","Angiosperms","Melastomataceae","Leandra","melastomoides","Raddi","MELASTOMATACEAE Leandra melastomoides Raddi","RFFP18488",,"RFFP","Correia, A.R.A.","6","Native","2006","Machado, D.N.S.","2020","Prata","Ouro",,"Rio de Janeiro","Município do Rio de Janeiro, Parque Natural Municipal da Serra do Mendanha, início da trilha da torre (próximo à sede). Mata Atlântica secundária."
"PARQUE NATURAL MUNICIPAL SERRA DO MENDANHA","Angiosperms","Melastomataceae","Ossaea","marginata","(Desr.) Triana","MELASTOMATACEAE Ossaea marginata (Desr.) Triana","RB01435138","x","RB","Malafaia, A.G.C.","25","Native","2006","Machado, D.N.S.","2020","Prata","Ouro",,,"lado direito da trilha principal Parque Natural Municipal da Serra do Mendanha"
"PARQUE NATURAL MUNICIPAL SERRA DO MENDANHA","Angiosperms","Asteraceae","Lepidaploa","persicifolia","(Desf.) H.Rob.","ASTERACEAE Lepidaploa persicifolia (Desf.) H.Rob.","RFFP27000",,"RFFP","Santos, M.C.F.","1825","Native","2006","Machado, D.N.S.","2018","Prata","Ouro",,"Rio de Janeiro","Município do Rio de Janeiro, Parque Natural Municipal da Serra do Mendanha, entre o início e 100m da trilha da Caninana, lado direito. Mata Atlântica secundária."
"PARQUE NATURAL MUNICIPAL SERRA DO MENDANHA","Angiosperms","Lamiaceae","Aegiphila","vitelliniflora","Walp.","LAMIACEAE Aegiphila vitelliniflora Walp.","RB01351842","x","RB","Malafaia, A.G.C.","12","Native","2006","Machado, D.N.S.","2017","Prata","Ouro",,,"Campo Grande, Parque Natural Municipal da Serra do Mendanha, 300 m após o início da trilha principal"
"PARQUE NATURAL MUNICIPAL SERRA DO MENDANHA","Angiosperms","Bignoniaceae","Adenocalymma","acutissimum","(Cham.) Miers","BIGNONIACEAE Adenocalymma acutissimum (Cham.) Miers","RFFP27142",,"RFFP","Santos, M.C.F.","1745","Native","2004","Machado, D.N.S.","2025","Prata","Ouro",,"Rio de Janeiro","Campo Grande, Parque Natural Municipal da Serra do Mendanha, trilha principal, lado direito após 300 m."
"PARQUE NATURAL MUNICIPAL SERRA DO MENDANHA","Angiosperms","Bignoniaceae","Jacaranda","micrantha","Cham.","BIGNONIACEAE Jacaranda micrantha Cham.","RFFP26010",,"RFFP","Santos, M.C.F.","1731","Native","2004","Machado, D.N.S.","2023","Prata","Ouro",,"Rio de Janeiro","Campo Grande, Parque Natural Municipal da Serra do Mendanha, trilha da Caninana sede do parque."
"PARQUE NATURAL MUNICIPAL SERRA DO MENDANHA","Angiosperms","Rubiaceae","Coutarea","hexandra","(Jacq.) K.Schum.","RUBIACEAE Coutarea hexandra (Jacq.) K.Schum.","RFFP26307",,"RFFP","Santos, M.C.F.","1403","Native","2003","Machado, D.N.S.",,"Prata","Ouro",,"Rio de Janeiro","Município do Rio de Janeiro, Campo Grande, Parque Natural Municipal da Serra do Mendanha, trilha da torre, lado direito, próximo à torre (S 22o50.131´ - WO 43o29.783´). Mata Atlântica secundária. coordenadas: latitude: 23º09`44,4”S longitude: 44º07`74,5”W."
"PARQUE NATURAL MUNICIPAL SERRA DO MENDANHA","Angiosperms","Melastomataceae","Leandra","reversa","(DC.) Cogn.","MELASTOMATACEAE Leandra reversa (DC.) Cogn.","RFFP13375","splink","RFFP","Valente, A.A.","360","Native","2003","Machado, D.N.S.","2020","Prata","Ouro",,"Rio de Janeiro","Município do Rio de Janeiro, Campo Grande, Parque Natural Municipal da Serra do Mendanha, Trilha Circular próximo ao córrego. Mata Atlântica Secundária."
"PARQUE NATURAL MUNICIPAL SERRA DO MENDANHA","Angiosperms","Phytolaccaceae","Petiveria","alliacea","L.","PHYTOLACCACEAE Petiveria alliacea L.","RBR00061437",,"RBR","Gomes-Pimentel, R.","2117","Naturalized",,"Gomes-Pimentel, R.",,"Bronze","Ouro","jbrj-public-img.s3-sa-east-1.amazonaws.com/JPG/rbr/rbr/0/6/14/37/rbr00061437.jpg","Rio de Janeiro","Bangu. Parque Natural Municipal da Serra do Mendanha"
"PARQUE NATURAL MUNICIPAL SERRA DO MENDANHA","Angiosperms","Polygalaceae","Securidaca","lanceolata","A.St.-Hil. & Moq.","POLYGALACEAE Securidaca lanceolata A.St.-Hil. & Moq.","RBR00061441",,"RBR","Gomes-Pimentel, R.","2116","Native",,"Gomes-Pimentel, R.",,"Bronze","Ouro","jbrj-public-img.s3-sa-east-1.amazonaws.com/JPG/rbr/rbr/0/6/14/41/rbr00061441-2.jpg|jbrj-public-img.s3-sa-east-1.amazonaws.com/JPG/rbr/rbr/0/6/14/41/rbr00061441-1.jpg|jbrj-public-img.s3-sa-east-1.amazonaws.com/JPG/rbr/rbr/0/6/14/41/rbr00061441.jpg","Rio de Janeiro","Bangu. Parque Natural Municipal da Serra do Mendanha"
"PARQUE NATURAL MUNICIPAL SERRA DO MENDANHA","Angiosperms","Annonaceae","Annona","emarginata","(Schltdl.) H.Rainer","ANNONACEAE Annona emarginata (Schltdl.) H.Rainer","RBR00061583",,"RBR","Gomes-Pimentel, R.","2211","Native","2024","Amorim, T.A.","2024","Bronze","Ouro","jbrj-public-img.s3-sa-east-1.amazonaws.com/JPG/rbr/rbr/0/6/15/83/rbr00061583-1.jpg|jbrj-public-img.s3-sa-east-1.amazonaws.com/JPG/rbr/rbr/0/6/15/83/rbr00061583-2.jpg|jbrj-public-img.s3-sa-east-1.amazonaws.com/JPG/rbr/rbr/0/6/15/83/rbr00061583.jpg","Rio de Janeiro","Bangu. Trilha para a cachoeira. Parque Natural Municipal da Serra do Mendanha"
"PARQUE NATURAL MUNICIPAL SERRA DO MENDANHA","Angiosperms","Araceae","Xanthosoma","sagittifolium","(L.) Schott","ARACEAE Xanthosoma sagittifolium (L.) Schott","RBR00061367",,"RBR","Gomes-Pimentel, R.","2115","Naturalized","2024","Gomes-Pimentel, R.","2024","Bronze","Ouro","jbrj-public-img.s3-sa-east-1.amazonaws.com/JPG/rbr/rbr/0/6/13/67/rbr00061367.jpg","Rio de Janeiro","Bangu. Parque Natural Municipal da Serra do Mendanha"
"PARQUE NATURAL MUNICIPAL SERRA DO MENDANHA","Angiosperms","Begoniaceae","Begonia","convolvulacea","(Klotzsch) A.DC.","BEGONIACEAE Begonia convolvulacea (Klotzsch) A.DC.","RBR00061370",,"RBR","Gomes-Pimentel, R.","2077","Native","2024","Gomes-Pimentel, R.","2024","Bronze","Ouro","jbrj-public-img.s3-sa-east-1.amazonaws.com/JPG/rbr/rbr/0/6/13/70/rbr00061370-1.jpg|jbrj-public-img.s3-sa-east-1.amazonaws.com/JPG/rbr/rbr/0/6/13/70/rbr00061370.jpg|jbrj-public-img.s3-sa-east-1.amazonaws.com/JPG/rbr/rbr/0/6/13/70/rbr00061370-3.jpg|jbrj-public-img.s3-sa-east-1.amazonaws.com/JPG/rbr/rbr/0/6/13/70/rbr00061370-2.jpg","Rio de Janeiro","Bangu. Estrada da Torre de Furnas. Parque Natural Municipal da Serra do Mendanha"
"PARQUE NATURAL MUNICIPAL SERRA DO MENDANHA","Angiosperms","Bignoniaceae","Cybistax","antisyphilitica","(Mart.) Mart.","BIGNONIACEAE Cybistax antisyphilitica (Mart.) Mart.","RBR00061378",,"RBR","Gomes-Pimentel, R.","2090","Native","2024","Gomes-Pimentel, R.","2024","Bronze","Ouro","jbrj-public-img.s3-sa-east-1.amazonaws.com/JPG/rbr/rbr/0/6/13/78/rbr00061378-3.jpg|jbrj-public-img.s3-sa-east-1.amazonaws.com/JPG/rbr/rbr/0/6/13/78/rbr00061378.jpg|jbrj-public-img.s3-sa-east-1.amazonaws.com/JPG/rbr/rbr/0/6/13/78/rbr00061378-1.jpg|jbrj-public-img.s3-sa-east-1.amazonaws.com/JPG/rbr/rbr/0/6/13/78/rbr00061378-2.jpg","Rio de Janeiro","Bangu. Parque Natural Municipal da Serra do Mendanha"
"PARQUE NATURAL MUNICIPAL SERRA DO MENDANHA","Angiosperms","Bignoniaceae","Dolichandra","unguis-cati","(L.) L.G.Lohmann","BIGNONIACEAE Dolichandra unguis-cati (L.) L.G.Lohmann","RBR00061632",,"RBR","Gomes-Pimentel, R.","2195","Native","2024","Gomes-Pimentel, R.","2024","Bronze","Ouro","jbrj-public-img.s3-sa-east-1.amazonaws.com/JPG/rbr/rbr/0/6/16/32/rbr00061632.jpg","Rio de Janeiro","Bangu. Caminho Antônio Figueira, cerca de 1 km em direção à floresta. Parque Natural Municipal da Serra do Mendanha"
"PARQUE NATURAL MUNICIPAL SERRA DO MENDANHA","Angiosperms","Brassicaceae","Lepidium","virginicum","L.","BRASSICACEAE Lepidium virginicum L.","RBR00061636",,"RBR","Gomes-Pimentel, R.","2326","Naturalized","2024","Gomes-Pimentel, R.","2024","Bronze","Ouro","jbrj-public-img.s3-sa-east-1.amazonaws.com/JPG/rbr/rbr/0/6/16/36/rbr00061636.jpg","Rio de Janeiro","Bangu. Parque Natural Municipal da Serra do Mendanha"
"PARQUE NATURAL MUNICIPAL SERRA DO MENDANHA","Angiosperms","Bromeliaceae","Billbergia","amoena","(Lodd.) Lindl.","BROMELIACEAE Billbergia amoena (Lodd.) Lindl.","RBR00061394",,"RBR","Gomes-Pimentel, R.","2069","Native","2024","Gomes-Pimentel, R.","2024","Bronze","Ouro","jbrj-public-img.s3-sa-east-1.amazonaws.com/JPG/rbr/rbr/0/6/13/94/rbr00061394.jpg|jbrj-public-img.s3-sa-east-1.amazonaws.com/JPG/rbr/rbr/0/6/13/94/rbr00061394-1.jpg","Rio de Janeiro","Bangu. Parque Natural Municipal da Serra do Mendanha"
"PARQUE NATURAL MUNICIPAL SERRA DO MENDANHA","Angiosperms","Convolvulaceae","Evolvulus","pusillus","Choisy","CONVOLVULACEAE Evolvulus pusillus Choisy","RBR00061658",,"RBR","Gomes-Pimentel, R.","2198","Native","2024","Gomes-Pimentel, R.","2024","Bronze","Ouro","jbrj-public-img.s3-sa-east-1.amazonaws.com/JPG/rbr/rbr/0/6/16/58/rbr00061658.jpg","Rio de Janeiro","Bangu. Parque Natural Municipal da Serra do Mendanha"
"PARQUE NATURAL MUNICIPAL SERRA DO MENDANHA","Angiosperms","Cyperaceae","Becquerelia","cymosa","Brongn.","CYPERACEAE Becquerelia cymosa Brongn.","RBR00061668",,"RBR","Gomes-Pimentel, R.","2147","Native","2024","Gomes-Pimentel, R.","2024","Bronze","Ouro","jbrj-public-img.s3-sa-east-1.amazonaws.com/JPG/rbr/rbr/0/6/16/68/rbr00061668.jpg","Rio de Janeiro","Bangu. Trilha da Cachoeira. Parque Natural Municipal da Serra do Mendanha"
"PARQUE NATURAL MUNICIPAL SERRA DO MENDANHA","Angiosperms","Dioscoreaceae","Dioscorea","dodecaneura","Vell.","DIOSCOREACEAE Dioscorea dodecaneura Vell.","RBR00061670",,"RBR","Gomes-Pimentel, R.","2240","Native","2024","Gomes-Pimentel, R.","2024","Bronze","Ouro","jbrj-public-img.s3-sa-east-1.amazonaws.com/JPG/rbr/rbr/0/6/16/70/rbr00061670.jpg","Rio de Janeiro","Bangu. Entrada do Parque. Parque Natural Municipal da Serra do Mendanha"
"PARQUE NATURAL MUNICIPAL SERRA DO MENDANHA","Angiosperms","Fabaceae","Sweetia","fruticosa","Spreng.","FABACEAE Sweetia fruticosa Spreng.","RBR00061716",,"RBR","Gomes-Pimentel, R.","2333","Native","2024","Gomes-Pimentel, R.","2024","Bronze","Ouro","jbrj-public-img.s3-sa-east-1.amazonaws.com/JPG/rbr/rbr/0/6/17/16/rbr00061716.jpg","Rio de Janeiro","Bangu. Parque Natural Municipal da Serra do Mendanha"
"PARQUE NATURAL MUNICIPAL SERRA DO MENDANHA","Angiosperms","Lecythidaceae","Cariniana","legalis","(Mart.) Kuntze","LECYTHIDACEAE Cariniana legalis (Mart.) Kuntze","RBR00061732",,"RBR","Gomes-Pimentel, R.","2263","Native","2024","Gomes-Pimentel, R.","2024","Bronze","Ouro","jbrj-public-img.s3-sa-east-1.amazonaws.com/JPG/rbr/rbr/0/6/17/32/rbr00061732.jpg|jbrj-public-img.s3-sa-east-1.amazonaws.com/JPG/rbr/rbr/0/6/17/32/rbr00061732-1.jpg","Rio de Janeiro","Bangu. Trilha circular, área das antigas churrasqueiras. Parque Natural Municipal da Serra do Mendanha"
"PARQUE NATURAL MUNICIPAL SERRA DO MENDANHA","Angiosperms","Malpighiaceae","Malpighia","glabra","L.","MALPIGHIACEAE Malpighia glabra L.","RBR00061745",,"RBR","Gomes-Pimentel, R.","2197","Cultivated","2024","Gomes-Pimentel, R.","2024","Bronze","Ouro","jbrj-public-img.s3-sa-east-1.amazonaws.com/JPG/rbr/rbr/0/6/17/45/rbr00061745.jpg","Rio de Janeiro","Bangu. Parque Natural Municipal da Serra do Mendanha"
"PARQUE NATURAL MUNICIPAL SERRA DO MENDANHA","Angiosperms","Marantaceae","Stromanthe","tonckat","(Aubl.) Eichler","MARANTACEAE Stromanthe tonckat (Aubl.) Eichler","RBR00061408",,"RBR","Gomes-Pimentel, R.","519","Native","2024","Gomes-Pimentel, R.","2024","Bronze","Ouro","jbrj-public-img.s3-sa-east-1.amazonaws.com/JPG/rbr/rbr/0/6/14/8/rbr00061408.jpg|jbrj-public-img.s3-sa-east-1.amazonaws.com/JPG/rbr/rbr/0/6/14/8/rbr00061408-1.jpg","Rio de Janeiro","Bangu. Parque Natural Municipal da Serra do Mendanha"
"PARQUE NATURAL MUNICIPAL SERRA DO MENDANHA","Angiosperms","Nyctaginaceae","Guapira","heterophylla","(Choisy) E.C.O.Chagas & Costa-Lima","NYCTAGINACEAE Guapira heterophylla (Choisy) E.C.O.Chagas & Costa-Lima","RBR00061831",,"RBR","Gomes-Pimentel, R.","2320","Native","2024","Gomes-Pimentel, R.","2024","Bronze","Ouro","jbrj-public-img.s3-sa-east-1.amazonaws.com/JPG/rbr/rbr/0/6/18/31/rbr00061831.jpg","Rio de Janeiro","Bangu. Parque Natural Municipal da Serra do Mendanha"
"PARQUE NATURAL MUNICIPAL SERRA DO MENDANHA","Angiosperms","Plantaginaceae","Ildefonsia","bibracteata","Gardner","PLANTAGINACEAE Ildefonsia bibracteata Gardner","RBR00061863",,"RBR","Gomes-Pimentel, R.","2171","Native","2024","Gomes-Pimentel, R.","2024","Bronze","Ouro","jbrj-public-img.s3-sa-east-1.amazonaws.com/JPG/rbr/rbr/0/6/18/63/rbr00061863.jpg","Rio de Janeiro","Bangu. Floresta atrás dos sítios do entorno. Parque Natural Municipal da Serra do Mendanha"
"PARQUE NATURAL MUNICIPAL SERRA DO MENDANHA","Angiosperms","Arecaceae","Euterpe","edulis","Mart.","ARECACEAE Euterpe edulis Mart.","RBR00061609",,"RBR","Gomes-Pimentel, R.","2162","Native","2023","Gomes-Pimentel, R.","2023","Bronze","Ouro","jbrj-public-img.s3-sa-east-1.amazonaws.com/JPG/rbr/rbr/0/6/16/9/rbr00061609.jpg","Rio de Janeiro","Bangu. Parque Natural Municipal da Serra do Mendanha"
"PARQUE NATURAL MUNICIPAL SERRA DO MENDANHA","Angiosperms","Bignoniaceae","Amphilophium","crucigerum","(L.) L.G.Lohmann","BIGNONIACEAE Amphilophium crucigerum (L.) L.G.Lohmann","RBR00061376",,"RBR","Gomes-Pimentel, R.","1819","Native","2023","Gomes-Pimentel, R.","2023","Bronze","Ouro","jbrj-public-img.s3-sa-east-1.amazonaws.com/JPG/rbr/rbr/0/6/13/76/rbr00061376.jpg","Rio de Janeiro","Bangu. Parque Natural Municipal da Serra do Mendanha"
"PARQUE NATURAL MUNICIPAL SERRA DO MENDANHA","Angiosperms","Campanulaceae","Lobelia","xalapensis","Kunth","CAMPANULACEAE Lobelia xalapensis Kunth","RBR00061398",,"RBR","Gomes-Pimentel, R.","1998","Native","2023","Gomes-Pimentel, R.","2023","Bronze","Ouro","jbrj-public-img.s3-sa-east-1.amazonaws.com/JPG/rbr/rbr/0/6/13/98/rbr00061398.jpg|jbrj-public-img.s3-sa-east-1.amazonaws.com/JPG/rbr/rbr/0/6/13/98/rbr00061398-1.jpg","Rio de Janeiro","Bangu. Parque Natural Municipal da Serra do Mendanha"
"PARQUE NATURAL MUNICIPAL SERRA DO MENDANHA","Angiosperms","Cordiaceae","Cordia","trichotoma","(Vell.) Arráb. ex Steud.","CORDIACEAE Cordia trichotoma (Vell.) Arráb. ex Steud.","RBR00061660",,"RBR","Gomes-Pimentel, R.","2245","Native","2023","Gomes-Pimentel, R.","2023","Bronze","Ouro","jbrj-public-img.s3-sa-east-1.amazonaws.com/JPG/rbr/rbr/0/6/16/60/rbr00061660.jpg","Rio de Janeiro","Bangu. Parque Natural Municipal da Serra do Mendanha"
"PARQUE NATURAL MUNICIPAL SERRA DO MENDANHA","Angiosperms","Euphorbiaceae","Dalechampia","ficifolia","Lam.","EUPHORBIACEAE Dalechampia ficifolia Lam.","RBR00061681",,"RBR","Gomes-Pimentel, R.","675","Native","2023","Gomes-Pimentel, R.","2023","Bronze","Ouro","jbrj-public-img.s3-sa-east-1.amazonaws.com/JPG/rbr/rbr/0/6/16/81/rbr00061681.jpg|jbrj-public-img.s3-sa-east-1.amazonaws.com/JPG/rbr/rbr/0/6/16/81/rbr00061681-1.jpg","Rio de Janeiro","Bangu. Parquinho na Trilha circular. Parque Natural Municipal da Serra do Mendanha"
"PARQUE NATURAL MUNICIPAL SERRA DO MENDANHA","Angiosperms","Malvaceae","Sida","planicaulis","Cav.","MALVACEAE Sida planicaulis Cav.","RBR00061755",,"RBR","Gomes-Pimentel, R.","2249","Native","2023","Gomes-Pimentel, R.","2023","Bronze","Ouro","jbrj-public-img.s3-sa-east-1.amazonaws.com/JPG/rbr/rbr/0/6/17/55/rbr00061755.jpg","Rio de Janeiro","Bangu. Parque Natural Municipal da Serra do Mendanha"
"PARQUE NATURAL MUNICIPAL SERRA DO MENDANHA","Angiosperms","Marantaceae","Maranta","leuconeura","É.Morren","MARANTACEAE Maranta leuconeura É.Morren","RBR00061139",,"RBR","Gomes-Pimentel, R.","1719","Native","2023","Gomes-Pimentel, R.","2023","Bronze","Ouro","jbrj-public-img.s3-sa-east-1.amazonaws.com/JPG/rbr/rbr/0/6/11/39/rbr00061139.jpg","Rio de Janeiro","Bangu. Parque Natural Municipal da Serra do Mendanha"
"PARQUE NATURAL MUNICIPAL SERRA DO MENDANHA","Angiosperms","Melastomataceae","Miconia","cinnamomifolia","(DC.) Naudin","MELASTOMATACEAE Miconia cinnamomifolia (DC.) Naudin","RBR00061770",,"RBR","Gomes-Pimentel, R.","1687","Native","2023","Gomes-Pimentel, R.","2023","Bronze","Ouro","jbrj-public-img.s3-sa-east-1.amazonaws.com/JPG/rbr/rbr/0/6/17/70/rbr00061770.jpg","Rio de Janeiro","Bangu. Margem do rio Fundão. Parque Natural Municipal da Serra do Mendanha"
"PARQUE NATURAL MUNICIPAL SERRA DO MENDANHA","Angiosperms","Melastomataceae","Miconia","dodecandra","Cogn.","MELASTOMATACEAE Miconia dodecandra Cogn.","RBR00061420",,"RBR","Gomes-Pimentel, R.","2040","Native","2023","Gomes-Pimentel, R.","2023","Bronze","Ouro","jbrj-public-img.s3-sa-east-1.amazonaws.com/JPG/rbr/rbr/0/6/14/20/rbr00061420.jpg","Rio de Janeiro","Bangu. Parque Natural Municipal da Serra do Mendanha"
"PARQUE NATURAL MUNICIPAL SERRA DO MENDANHA","Angiosperms","Melastomataceae","Pleroma","granulosum","(Desr.) D. Don","MELASTOMATACEAE Pleroma granulosum (Desr.) D. Don","RBR00061787",,"RBR","Gomes-Pimentel, R.","1995","Native","2023","Gomes-Pimentel, R.","2023","Bronze","Ouro","jbrj-public-img.s3-sa-east-1.amazonaws.com/JPG/rbr/rbr/0/6/17/87/rbr00061787.jpg","Rio de Janeiro","Bangu. Estrada da Torre de Furnas. Parque Natural Municipal da Serra do Mendanha"
"PARQUE NATURAL MUNICIPAL SERRA DO MENDANHA","Angiosperms","Meliaceae","Cedrela","fissilis","Vell.","MELIACEAE Cedrela fissilis Vell.","RBR00061790",,"RBR","Gomes-Pimentel, R.","2216","Native","2023","Gomes-Pimentel, R.","2023","Bronze","Ouro","jbrj-public-img.s3-sa-east-1.amazonaws.com/JPG/rbr/rbr/0/6/17/90/rbr00061790.jpg","Rio de Janeiro","Bangu. Margem do rio Fundão. Parque Natural Municipal da Serra do Mendanha"
"PARQUE NATURAL MUNICIPAL SERRA DO MENDANHA","Angiosperms","Meliaceae","Guarea","guidonia","(L.) Sleumer","MELIACEAE Guarea guidonia (L.) Sleumer","RBR00061794",,"RBR","Gomes-Pimentel, R.","1175","Native","2023","Gomes-Pimentel, R.","2023","Bronze","Ouro","jbrj-public-img.s3-sa-east-1.amazonaws.com/JPG/rbr/rbr/0/6/17/94/rbr00061794.jpg","Rio de Janeiro","Bangu. Margem do rio Fundão. Parque Natural Municipal da Serra do Mendanha"
"PARQUE NATURAL MUNICIPAL SERRA DO MENDANHA","Angiosperms","Myrtaceae","Eugenia","brasiliensis","Lam.","MYRTACEAE Eugenia brasiliensis Lam.","RBR00058375",,"RBR","Oliveira, M.V.C.S.","16","Native","2023","Oliveira, M.V.C.S.","2023","Bronze","Ouro","jbrj-public-img.s3-sa-east-1.amazonaws.com/JPG/rbr/rbr/0/5/83/75/rbr00058375.jpg","Rio de Janeiro","Bangu. Parque Natural Municipal da Serra do Mendanha"
"PARQUE NATURAL MUNICIPAL SERRA DO MENDANHA","Angiosperms","Myrtaceae","Myrciaria","glazioviana","(Kiaersk.) G.M.Barroso ex Sobral","MYRTACEAE Myrciaria glazioviana (Kiaersk.) G.M.Barroso ex Sobral","RBR00058377",,"RBR","Oliveira, M.V.C.S.","18","Native","2023","Oliveira, M.V.C.S.","2023","Bronze","Ouro","jbrj-public-img.s3-sa-east-1.amazonaws.com/JPG/rbr/rbr/0/5/83/77/rbr00058377.jpg","Rio de Janeiro","Bangu. Parque Natural Municipal da Serra do Mendanha"
"PARQUE NATURAL MUNICIPAL SERRA DO MENDANHA","Angiosperms","Myrtaceae","Plinia","edulis","(Vell.) Sobral","MYRTACEAE Plinia edulis (Vell.) Sobral","RBR00061823",,"RBR","Gomes-Pimentel, R.","2125","Native","2023","Gomes-Pimentel, R.","2023","Bronze","Ouro","jbrj-public-img.s3-sa-east-1.amazonaws.com/JPG/rbr/rbr/0/6/18/23/rbr00061823.jpg","Rio de Janeiro","Bangu. Parque Natural Municipal da Serra do Mendanha"
"PARQUE NATURAL MUNICIPAL SERRA DO MENDANHA","Angiosperms","Sapindaceae","Allophylus","edulis","(A.St.-Hil. et al.) Hieron. ex Niederl.","SAPINDACEAE Allophylus edulis (A.St.-Hil. et al.) Hieron. ex Niederl.","RBR00061898",,"RBR","Gomes-Pimentel, R.","1637","Native","2023","Gomes-Pimentel, R.","2023","Bronze","Ouro","jbrj-public-img.s3-sa-east-1.amazonaws.com/JPG/rbr/rbr/0/6/18/98/rbr00061898.jpg","Rio de Janeiro","Bangu. Parque Natural Municipal da Serra do Mendanha"
"PARQUE NATURAL MUNICIPAL SERRA DO MENDANHA","Angiosperms","Nyctaginaceae","Neea","floribunda","Poepp. & Endl.","NYCTAGINACEAE Neea floribunda Poepp. & Endl.","RBR00061832",,"RBR","Gomes-Pimentel, R.","1307","Native","2022","Amorim, T.A.","2024","Bronze","Ouro","jbrj-public-img.s3-sa-east-1.amazonaws.com/JPG/rbr/rbr/0/6/18/32/rbr00061832.jpg","Rio de Janeiro","Bangu. Parque Natural Municipal da Serra do Mendanha"
"PARQUE NATURAL MUNICIPAL SERRA DO MENDANHA","Angiosperms","Apocynaceae","Tabernaemontana","laeta","Mart.","APOCYNACEAE Tabernaemontana laeta Mart.","RBR00061366",,"RBR","Gomes-Pimentel, R.","1608","Native","2022","Gomes-Pimentel, R.","2023","Bronze","Ouro","jbrj-public-img.s3-sa-east-1.amazonaws.com/JPG/rbr/rbr/0/6/13/66/rbr00061366.jpg","Rio de Janeiro","Bangu. Parque Natural Municipal da Serra do Mendanha"
"PARQUE NATURAL MUNICIPAL SERRA DO MENDANHA","Angiosperms","Apocynaceae","Condylocarpon","isthmicum","(Vell.) A.DC.","APOCYNACEAE Condylocarpon isthmicum (Vell.) A.DC.","RBR00061364",,"RBR","Gomes-Pimentel, R.","1607","Native","2022","Gomes-Pimentel, R.","2022","Bronze","Ouro","jbrj-public-img.s3-sa-east-1.amazonaws.com/JPG/rbr/rbr/0/6/13/64/rbr00061364-1.jpg","Rio de Janeiro","Bangu. Rio Fundão, próximo ao parquinho. Parque Natural Municipal da Serra do Mendanha"
"PARQUE NATURAL MUNICIPAL SERRA DO MENDANHA","Angiosperms","Apocynaceae","Forsteronia","pilosa","(Vell.) Müll.Arg.","APOCYNACEAE Forsteronia pilosa (Vell.) Müll.Arg.","RBR00061593",,"RBR","Gomes-Pimentel, R.","1061","Native","2022","Gomes-Pimentel, R.","2022","Bronze","Ouro","jbrj-public-img.s3-sa-east-1.amazonaws.com/JPG/rbr/rbr/0/6/15/93/rbr00061593-1.jpg|jbrj-public-img.s3-sa-east-1.amazonaws.com/JPG/rbr/rbr/0/6/15/93/rbr00061593.jpg","Rio de Janeiro","Bangu. Trilha ""Saranthe"" alto. Parque Natural Municipal da Serra do Mendanha"
"PARQUE NATURAL MUNICIPAL SERRA DO MENDANHA","Angiosperms","Araceae","Spathiphyllum","cannifolium","(Dryand. ex Sims) Schott","ARACEAE Spathiphyllum cannifolium (Dryand. ex Sims) Schott","RBR00061601",,"RBR","Gomes-Pimentel, R.","665","Native","2022","Gomes-Pimentel, R.","2022","Bronze","Ouro","jbrj-public-img.s3-sa-east-1.amazonaws.com/JPG/rbr/rbr/0/6/16/1/rbr00061601-1.jpg|jbrj-public-img.s3-sa-east-1.amazonaws.com/JPG/rbr/rbr/0/6/16/1/rbr00061601.jpg","Rio de Janeiro","Bangu. Trilha das antigas churrasqueiras. Parque Natural Municipal da Serra do Mendanha"
"PARQUE NATURAL MUNICIPAL SERRA DO MENDANHA","Angiosperms","Bignoniaceae","Amphilophium","bauhinioides","(Bureau ex Baill.) L.G.Lohmann","BIGNONIACEAE Amphilophium bauhinioides (Bureau ex Baill.) L.G.Lohmann","RBR00061374",,"RBR","Gomes-Pimentel, R.","2072","Native","2022","Frazao, A.","2022","Bronze","Ouro","jbrj-public-img.s3-sa-east-1.amazonaws.com/JPG/rbr/rbr/0/6/13/74/rbr00061374.jpg","Rio de Janeiro","Bangu. Parque Natural Municipal da Serra do Mendanha"
"PARQUE NATURAL MUNICIPAL SERRA DO MENDANHA","Angiosperms","Bignoniaceae","Fridericia","leucopogon","(Cham.) L.G.Lohmann","BIGNONIACEAE Fridericia leucopogon (Cham.) L.G.Lohmann","RBR00061384",,"RBR","Gomes-Pimentel, R.","1982","Native","2022","Gomes-Pimentel, R.","2022","Bronze","Ouro","jbrj-public-img.s3-sa-east-1.amazonaws.com/JPG/rbr/rbr/0/6/13/84/rbr00061384.jpg","Rio de Janeiro","Bangu. Parque Natural Municipal da Serra do Mendanha"
"PARQUE NATURAL MUNICIPAL SERRA DO MENDANHA","Angiosperms","Bignoniaceae","Stizophyllum","perforatum","(Cham.) Miers","BIGNONIACEAE Stizophyllum perforatum (Cham.) Miers","RBR00061393",,"RBR","Gomes-Pimentel, R.","565","Native","2022","Frazao, A.","2022","Bronze","Ouro","jbrj-public-img.s3-sa-east-1.amazonaws.com/JPG/rbr/rbr/0/6/13/93/rbr00061393-1.jpg|jbrj-public-img.s3-sa-east-1.amazonaws.com/JPG/rbr/rbr/0/6/13/93/rbr00061393.jpg","Rio de Janeiro","Bangu. Parque Natural Municipal da Serra do Mendanha"
"PARQUE NATURAL MUNICIPAL SERRA DO MENDANHA","Angiosperms","Capparaceae","Cynophalla","flexuosa","(L.) J.Presl","CAPPARACEAE Cynophalla flexuosa (L.) J.Presl","RBR00061129",,"RBR","Gomes-Pimentel, R.","7635","Native","2022","Gomes-Pimentel, R.","2022","Bronze","Ouro","jbrj-public-img.s3-sa-east-1.amazonaws.com/JPG/rbr/rbr/0/6/11/29/rbr00061129.jpg","Rio de Janeiro","Bangu. Sítio da Esperança, ≈ 1200m após a estrada. Parque Natural Municipal da Serra do Mendanha"
"PARQUE NATURAL MUNICIPAL SERRA DO MENDANHA","Angiosperms","Elaeocarpaceae","Sloanea","hirsuta","(Schott) Planch. ex Benth.","ELAEOCARPACEAE Sloanea hirsuta (Schott) Planch. ex Benth.","RBR00061671",,"RBR","Gomes-Pimentel, R.","2164","Native","2022","Gomes-Pimentel, R.","2022","Bronze","Ouro","jbrj-public-img.s3-sa-east-1.amazonaws.com/JPG/rbr/rbr/0/6/16/71/rbr00061671.jpg","Rio de Janeiro","Bangu. Trilha circular. Parque Natural Municipal da Serra do Mendanha"
"PARQUE NATURAL MUNICIPAL SERRA DO MENDANHA","Angiosperms","Euphorbiaceae","Dalechampia","scandens","L.","EUPHORBIACEAE Dalechampia scandens L.","RBR00061404",,"RBR","Gomes-Pimentel, R.","2105","Native","2022","Gomes-Pimentel, R.","2022","Bronze","Ouro","jbrj-public-img.s3-sa-east-1.amazonaws.com/JPG/rbr/rbr/0/6/14/4/rbr00061404-1.jpg|jbrj-public-img.s3-sa-east-1.amazonaws.com/JPG/rbr/rbr/0/6/14/4/rbr00061404.jpg","Rio de Janeiro","Bangu. Sítio Boa Esperança. Parque Natural Municipal da Serra do Mendanha"
"PARQUE NATURAL MUNICIPAL SERRA DO MENDANHA","Angiosperms","Fabaceae","Senegalia","lasiophylla","(Benth.) Seigler & Ebinger","FABACEAE Senegalia lasiophylla (Benth.) Seigler & Ebinger","RBR00061712",,"RBR","Gomes-Pimentel, R.","2317","Native","2022","Gomes-Pimentel, R.","2022","Bronze","Ouro","jbrj-public-img.s3-sa-east-1.amazonaws.com/JPG/rbr/rbr/0/6/17/12/rbr00061712.jpg","Rio de Janeiro","Bangu. Parque Natural Municipal da Serra do Mendanha"
"PARQUE NATURAL MUNICIPAL SERRA DO MENDANHA","Angiosperms","Loganiaceae","Strychnos","cogens","Benth.","LOGANIACEAE Strychnos cogens Benth.","RBR00061739",,"RBR","Gomes-Pimentel, R.","1731","Native","2022","Gomes-Pimentel, R.","2022","Bronze","Ouro","jbrj-public-img.s3-sa-east-1.amazonaws.com/JPG/rbr/rbr/0/6/17/39/rbr00061739.jpg","Rio de Janeiro","Bangu. Entrada do Parque. Parque Natural Municipal da Serra do Mendanha"
"PARQUE NATURAL MUNICIPAL SERRA DO MENDANHA","Angiosperms","Loranthaceae","Struthanthus","flexicaulis","(Mart.) Mart.","LORANTHACEAE Struthanthus flexicaulis (Mart.) Mart.","RBR00061744",,"RBR","Gomes-Pimentel, R.","2281","Native","2022","Gomes-Pimentel, R.","2022","Bronze","Ouro","jbrj-public-img.s3-sa-east-1.amazonaws.com/JPG/rbr/rbr/0/6/17/44/rbr00061744.jpg","Rio de Janeiro","Bangu. Trilha circular. Parque Natural Municipal da Serra do Mendanha"
"PARQUE NATURAL MUNICIPAL SERRA DO MENDANHA","Angiosperms","Melastomataceae","Miconia","calvescens","DC.","MELASTOMATACEAE Miconia calvescens DC.","RBR00061769",,"RBR","Gomes-Pimentel, R.","1197","Native","2022","Silva-Goncalves, K.C.","2022","Bronze","Ouro","jbrj-public-img.s3-sa-east-1.amazonaws.com/JPG/rbr/rbr/0/6/17/69/rbr00061769.jpg","Rio de Janeiro","Bangu. Parque Natural Municipal da Serra do Mendanha"
"PARQUE NATURAL MUNICIPAL SERRA DO MENDANHA","Angiosperms","Melastomataceae","Miconia","prasina","(Sw.) DC.","MELASTOMATACEAE Miconia prasina (Sw.) DC.","RBR00061421",,"RBR","Gomes-Pimentel, R.","211","Native","2022","Gomes-Pimentel, R.","2022","Bronze","Ouro","jbrj-public-img.s3-sa-east-1.amazonaws.com/JPG/rbr/rbr/0/6/14/21/rbr00061421.jpg","Rio de Janeiro","Bangu. Parque Natural Municipal da Serra do Mendanha"
"PARQUE NATURAL MUNICIPAL SERRA DO MENDANHA","Angiosperms","Meliaceae","Guarea","kunthiana","A.Juss.","MELIACEAE Guarea kunthiana A.Juss.","RBR00061798",,"RBR","Gomes-Pimentel, R.","1659","Native","2022","Amorim, T.A.","2022","Bronze","Ouro","jbrj-public-img.s3-sa-east-1.amazonaws.com/JPG/rbr/rbr/0/6/17/98/rbr00061798-1.jpg|jbrj-public-img.s3-sa-east-1.amazonaws.com/JPG/rbr/rbr/0/6/17/98/rbr00061798-3.jpg|jbrj-public-img.s3-sa-east-1.amazonaws.com/JPG/rbr/rbr/0/6/17/98/rbr00061798.jpg|jbrj-public-img.s3-sa-east-1.amazonaws.com/JPG/rbr/rbr/0/6/17/98/rbr00061798-5.jpg|jbrj-public-img.s3-sa-east-1.amazonaws.com/JPG/rbr/rbr/0/6/17/98/rbr00061798-2.jpg|jbrj-public-img.s3-sa-east-1.amazonaws.com/JPG/rbr/rbr/0/6/17/98/rbr00061798-4.jpg","Rio de Janeiro","Bangu. Cerca de 1 km após a segunda ponte do rio Fundão, no lado esquerdo. Parque Natural Municipal da Serra do Mendanha"
"PARQUE NATURAL MUNICIPAL SERRA DO MENDANHA","Angiosperms","Moraceae","Dorstenia","ramosa","(Desv.) Carauta, C.Valente & Sucre","MORACEAE Dorstenia ramosa (Desv.) Carauta, C.Valente & Sucre","RBR00061433",,"RBR","Gomes-Pimentel, R.","545","Native","2022","Gomes-Pimentel, R.","2022","Bronze","Ouro","jbrj-public-img.s3-sa-east-1.amazonaws.com/JPG/rbr/rbr/0/6/14/33/rbr00061433-1.jpg|jbrj-public-img.s3-sa-east-1.amazonaws.com/JPG/rbr/rbr/0/6/14/33/rbr00061433.jpg","Rio de Janeiro","Bangu. Parque Natural Municipal da Serra do Mendanha"
"PARQUE NATURAL MUNICIPAL SERRA DO MENDANHA","Angiosperms","Moraceae","Sorocea","bonplandii","(Baill.) W.C.Burger et al.","MORACEAE Sorocea bonplandii (Baill.) W.C.Burger et al.","RBR00061434",,"RBR","Gomes-Pimentel, R.","1857","Native","2022","Gomes-Pimentel, R.","2022","Bronze","Ouro","jbrj-public-img.s3-sa-east-1.amazonaws.com/JPG/rbr/rbr/0/6/14/34/rbr00061434.jpg","Rio de Janeiro","Bangu. Parque Natural Municipal da Serra do Mendanha"
"PARQUE NATURAL MUNICIPAL SERRA DO MENDANHA","Angiosperms","Onagraceae","Ludwigia","octovalvis","(Jacq.) P.H.Raven","ONAGRACEAE Ludwigia octovalvis (Jacq.) P.H.Raven","RBR00061837",,"RBR","Gomes-Pimentel, R.","1052","Native","2022","Gomes-Pimentel, R.","2022","Bronze","Ouro","jbrj-public-img.s3-sa-east-1.amazonaws.com/JPG/rbr/rbr/0/6/18/37/rbr00061837.jpg","Rio de Janeiro","Bangu. Parque Natural Municipal da Serra do Mendanha"
"PARQUE NATURAL MUNICIPAL SERRA DO MENDANHA","Angiosperms","Orchidaceae","Aspidogyne","argentea","(Vell.) Garay","ORCHIDACEAE Aspidogyne argentea (Vell.) Garay","RBR00058802",,"RBR","Gomes-Pimentel, R.","1155","Native","2022","Gomes-Pimentel, R.","2022","Bronze","Ouro","jbrj-public-img.s3-sa-east-1.amazonaws.com/JPG/rbr/rbr/0/5/88/2/rbr00058802.jpg","Rio de Janeiro","Bangu. Trilha circular. Parque Natural Municipal da Serra do Mendanha"
"PARQUE NATURAL MUNICIPAL SERRA DO MENDANHA","Angiosperms","Orchidaceae","Eurystyles","actinosophila","(Barb.Rodr.) Schltr.","ORCHIDACEAE Eurystyles actinosophila (Barb.Rodr.) Schltr.","RBR00058804",,"RBR","Gomes-Pimentel, R.","1367","Native","2022","Gomes-Pimentel, R.","2022","Bronze","Ouro","jbrj-public-img.s3-sa-east-1.amazonaws.com/JPG/rbr/rbr/0/5/88/4/rbr00058804.jpg","Rio de Janeiro","Bangu. Trilha circular. Parque Natural Municipal da Serra do Mendanha"
"PARQUE NATURAL MUNICIPAL SERRA DO MENDANHA","Angiosperms","Orchidaceae","Gomesa","laxiflora","(Lindl.) Klotzsch ex Rchb.f.","ORCHIDACEAE Gomesa laxiflora (Lindl.) Klotzsch ex Rchb.f.","RBR00061844",,"RBR","Gomes-Pimentel, R.","2283","Native","2022","Gomes-Pimentel, R.","2022","Bronze","Ouro","jbrj-public-img.s3-sa-east-1.amazonaws.com/JPG/rbr/rbr/0/6/18/44/rbr00061844.jpg","Rio de Janeiro","Bangu. Caminho Antônio Figueira em direção à Floresta, cerca de 1,5 km após a Estrada Guandu do Sena. Parque Natural Municipal da Serra do Mendanha"
"PARQUE NATURAL MUNICIPAL SERRA DO MENDANHA","Angiosperms","Orchidaceae","Oeceoclades","maculata","(Lindl.) Lindl.","ORCHIDACEAE Oeceoclades maculata (Lindl.) Lindl.","RBR00061847",,"RBR","Gomes-Pimentel, R.","2268","Naturalized","2022","Gomes-Pimentel, R.","2022","Bronze","Ouro","jbrj-public-img.s3-sa-east-1.amazonaws.com/JPG/rbr/rbr/0/6/18/47/rbr00061847.jpg","Rio de Janeiro","Bangu. Trilha circular. Parque Natural Municipal da Serra do Mendanha"
"PARQUE NATURAL MUNICIPAL SERRA DO MENDANHA","Angiosperms","Orchidaceae","Polystachya","concreta","(Jacq.) Garay & Sweet","ORCHIDACEAE Polystachya concreta (Jacq.) Garay & Sweet","RBR00061851",,"RBR","Gomes-Pimentel, R.","1366","Native","2022","Gomes-Pimentel, R.","2022","Bronze","Ouro","jbrj-public-img.s3-sa-east-1.amazonaws.com/JPG/rbr/rbr/0/6/18/51/rbr00061851.jpg","Rio de Janeiro","Bangu. Parque Natural Municipal da Serra do Mendanha"
"PARQUE NATURAL MUNICIPAL SERRA DO MENDANHA","Angiosperms","Passifloraceae","Passiflora","porophylla","Vell.","PASSIFLORACEAE Passiflora porophylla Vell.","RBR00061858",,"RBR","Gomes-Pimentel, R.","1449","Native","2022","Gomes-Pimentel, R.","2022","Bronze","Ouro","jbrj-public-img.s3-sa-east-1.amazonaws.com/JPG/rbr/rbr/0/6/18/58/rbr00061858.jpg|jbrj-public-img.s3-sa-east-1.amazonaws.com/JPG/rbr/rbr/0/6/18/58/rbr00061858-1.jpg","Rio de Janeiro","Bangu. Parque Natural Municipal da Serra do Mendanha"
"PARQUE NATURAL MUNICIPAL SERRA DO MENDANHA","Angiosperms","Peraceae","Pera","glabrata","(Schott) Baill.","PERACEAE Pera glabrata (Schott) Baill.","RBR00059831",,"RBR","Gomes-Pimentel, R.","971","Native","2022","Gomes-Pimentel, R.","2022","Bronze","Ouro","jbrj-public-img.s3-sa-east-1.amazonaws.com/JPG/rbr/rbr/0/5/98/31/rbr00059831.jpg","Rio de Janeiro","Bangu. Rio Pecador, cerca de 300 após a sede do parque, depois da 2 ponte, do lado direito. Elevação 120m. Parque Natural Municipal da Serra do Mendanha"
"PARQUE NATURAL MUNICIPAL SERRA DO MENDANHA","Angiosperms","Siparunaceae","Siparuna","guianensis","Aubl.","SIPARUNACEAE Siparuna guianensis Aubl.","RBR00061911",,"RBR","Gomes-Pimentel, R.","1476","Native","2022","Gomes-Pimentel, R.","2022","Bronze","Ouro","jbrj-public-img.s3-sa-east-1.amazonaws.com/JPG/rbr/rbr/0/6/19/11/rbr00061911.jpg","Rio de Janeiro","Bangu. Mirante PNMSM. Parque Natural Municipal da Serra do Mendanha"
"PARQUE NATURAL MUNICIPAL SERRA DO MENDANHA","Angiosperms","Melastomataceae","Pleroma","hospitum","(Schrank et Mart. ex DC.) Triana","MELASTOMATACEAE Pleroma hospitum (Schrank et Mart. ex DC.) Triana","RBR00061429",,"RBR","Gomes-Pimentel, R.","1360","Native","2021","Gomes-Pimentel, R.","2022","Bronze","Ouro","jbrj-public-img.s3-sa-east-1.amazonaws.com/JPG/rbr/rbr/0/6/14/29/rbr00061429.jpg","Rio de Janeiro","Bangu. Parque Natural Municipal da Serra do Mendanha"
"PARQUE NATURAL MUNICIPAL SERRA DO MENDANHA","Angiosperms","Melastomataceae","Clidemia","hirta","(L.) D.Don","MELASTOMATACEAE Clidemia hirta (L.) D.Don","RBR00061761",,"RBR","Gomes-Pimentel, R.","1384","Native","2021","Silva-Goncalves, K.C.","2021","Bronze","Ouro","jbrj-public-img.s3-sa-east-1.amazonaws.com/JPG/rbr/rbr/0/6/17/61/rbr00061761.jpg","Rio de Janeiro","Bangu. Mirante (caminho)?. Parque Natural Municipal da Serra do Mendanha"
"PARQUE NATURAL MUNICIPAL SERRA DO MENDANHA","Angiosperms","Orchidaceae","Cyrtopodium","palmifrons","Rchb.f. & Warm.","ORCHIDACEAE Cyrtopodium palmifrons Rchb.f. & Warm.","RBR00061841",,"RBR","Gomes-Pimentel, R.","2284","Native","2021","Gomes-Pimentel, R.","2021","Bronze","Ouro","jbrj-public-img.s3-sa-east-1.amazonaws.com/JPG/rbr/rbr/0/6/18/41/rbr00061841.jpg|jbrj-public-img.s3-sa-east-1.amazonaws.com/JPG/rbr/rbr/0/6/18/41/rbr00061841-1.jpg","Rio de Janeiro","Bangu. Caminho Antônio Figueira em direção à Floresta, cerca de 1,5 km após a Estrada Guandu do Sena. Parque Natural Municipal da Serra do Mendanha"
"PARQUE NATURAL MUNICIPAL SERRA DO MENDANHA","Angiosperms","Orchidaceae","Dendrobium","nobile","Lindl.","ORCHIDACEAE Dendrobium nobile Lindl.","RBR00061842",,"RBR","Gomes-Pimentel, R.","1543","Cultivated","2021","Gomes-Pimentel, R.","2021","Bronze","Ouro","jbrj-public-img.s3-sa-east-1.amazonaws.com/JPG/rbr/rbr/0/6/18/42/rbr00061842.jpg","Rio de Janeiro","Bangu. Caminho da ""Bica do Padre"". Parque Natural Municipal da Serra do Mendanha"
"PARQUE NATURAL MUNICIPAL SERRA DO MENDANHA","Angiosperms","Orchidaceae","Epidendrum","cinnabarinum","Salzm.","ORCHIDACEAE Epidendrum cinnabarinum Salzm.","RBR00061843",,"RBR","Gomes-Pimentel, R.","2285","Native","2021","Gomes-Pimentel, R.","2021","Bronze","Ouro","jbrj-public-img.s3-sa-east-1.amazonaws.com/JPG/rbr/rbr/0/6/18/43/rbr00061843.jpg","Rio de Janeiro","Bangu. Caminho da ""Bica do Padre"". Parque Natural Municipal da Serra do Mendanha"
"PARQUE NATURAL MUNICIPAL SERRA DO MENDANHA","Angiosperms","Plantaginaceae","Stemodia","verticillata","(Mill.) Hassl.","PLANTAGINACEAE Stemodia verticillata (Mill.) Hassl.","RBR00061438",,"RBR","Gomes-Pimentel, R.","965","Native","2020","Gomes-Pimentel, R.",,"Bronze","Ouro","jbrj-public-img.s3-sa-east-1.amazonaws.com/JPG/rbr/rbr/0/6/14/38/rbr00061438.jpg|jbrj-public-img.s3-sa-east-1.amazonaws.com/JPG/rbr/rbr/0/6/14/38/rbr00061438-1.jpg","Rio de Janeiro","Bangu. Parque Natural Municipal da Serra do Mendanha"
"PARQUE NATURAL MUNICIPAL SERRA DO MENDANHA","Angiosperms","Asteraceae","Moquiniastrum","polymorphum","(Less.) G. Sancho","ASTERACEAE Moquiniastrum polymorphum (Less.) G. Sancho","RBR00061610",,"RBR","Gomes-Pimentel, R.","666","Native","2020","Gomes-Pimentel, R.","2024","Bronze","Ouro","jbrj-public-img.s3-sa-east-1.amazonaws.com/JPG/rbr/rbr/0/6/16/10/rbr00061610.jpg","Rio de Janeiro","Bangu. Perto reservatório. Parque Natural Municipal da Serra do Mendanha"
"PARQUE NATURAL MUNICIPAL SERRA DO MENDANHA","Angiosperms","Asteraceae","Stifftia","parviflora","(Leandro) D.Don","ASTERACEAE Stifftia parviflora (Leandro) D.Don","RBR00061613",,"RBR","Gomes-Pimentel, R.","652","Native","2020","Gomes-Pimentel, R.","2024","Bronze","Ouro","jbrj-public-img.s3-sa-east-1.amazonaws.com/JPG/rbr/rbr/0/6/16/13/rbr00061613.jpg","Rio de Janeiro","Bangu. Mirante. Parque Natural Municipal da Serra do Mendanha"
"PARQUE NATURAL MUNICIPAL SERRA DO MENDANHA","Angiosperms","Balanophoraceae","Lophophytum","pyramidale","(Leandro) L.J.T. Cardoso & J.M.A. Braga","BALANOPHORACEAE Lophophytum pyramidale (Leandro) L.J.T. Cardoso & J.M.A. Braga","RBR00061124",,"RBR","Gomes-Pimentel, R.","2111","Native","2020","Braga, J.M.A.","2022","Bronze","Ouro","jbrj-public-img.s3-sa-east-1.amazonaws.com/JPG/rbr/rbr/0/6/11/24/rbr00061124.jpg","Rio de Janeiro","Bangu. Parque Natural Municipal da Serra do Mendanha"
"PARQUE NATURAL MUNICIPAL SERRA DO MENDANHA","Angiosperms","Bignoniaceae","Sparattosperma","leucanthum","(Vell.) K.Schum.","BIGNONIACEAE Sparattosperma leucanthum (Vell.) K.Schum.","RBR00061389",,"RBR","Gomes-Pimentel, R.","1473","Native","2020","Frazao, A.","2022","Bronze","Ouro","jbrj-public-img.s3-sa-east-1.amazonaws.com/JPG/rbr/rbr/0/6/13/89/rbr00061389.jpg","Rio de Janeiro","Bangu. Mirante. Parque Natural Municipal da Serra do Mendanha"
"PARQUE NATURAL MUNICIPAL SERRA DO MENDANHA","Angiosperms","Meliaceae","Trichilia","hirta","L.","MELIACEAE Trichilia hirta L.","RBR00059827",,"RBR","Gomes-Pimentel, R.","2065","Native","2020","Amorim, T.A.","2022","Bronze","Ouro","jbrj-public-img.s3-sa-east-1.amazonaws.com/JPG/rbr/rbr/0/5/98/27/rbr00059827.jpg","Rio de Janeiro","Bangu. Parque Natural Municipal da Serra do Mendanha"
"PARQUE NATURAL MUNICIPAL SERRA DO MENDANHA","Angiosperms","Meliaceae","Trichilia","lepidota","Mart.","MELIACEAE Trichilia lepidota Mart.","RBR00059828",,"RBR","Gomes-Pimentel, R.","671","Native","2020","Gomes-Pimentel, R.","2022","Bronze","Ouro","jbrj-public-img.s3-sa-east-1.amazonaws.com/JPG/rbr/rbr/0/5/98/28/rbr00059828-2.jpg|jbrj-public-img.s3-sa-east-1.amazonaws.com/JPG/rbr/rbr/0/5/98/28/rbr00059828-1.jpg|jbrj-public-img.s3-sa-east-1.amazonaws.com/JPG/rbr/rbr/0/5/98/28/rbr00059828.jpg","Rio de Janeiro","Bangu. Parque Natural Municipal da Serra do Mendanha"
"PARQUE NATURAL MUNICIPAL SERRA DO MENDANHA","Angiosperms","Moraceae","Dorstenia","hirta","Desv.","MORACEAE Dorstenia hirta Desv.","RBR00061431",,"RBR","Gomes-Pimentel, R.","542","Native","2020","Machado, A.F.","2022","Bronze","Ouro","jbrj-public-img.s3-sa-east-1.amazonaws.com/JPG/rbr/rbr/0/6/14/31/rbr00061431.jpg","Rio de Janeiro","Bangu. ""Saranthe alto"". Parque Natural Municipal da Serra do Mendanha"
"PARQUE NATURAL MUNICIPAL SERRA DO MENDANHA","Angiosperms","Cannabaceae","Trema","micranthum","(L.) Blume","CANNABACEAE Trema micranthum (L.) Blume","RBR00061650",,"RBR","Gomes-Pimentel, R.","2282","Native","2020","Gomes-Pimentel, R.","2020","Bronze","Ouro","jbrj-public-img.s3-sa-east-1.amazonaws.com/JPG/rbr/rbr/0/6/16/50/rbr00061650.jpg","Rio de Janeiro","Bangu. Parque Natural Municipal da Serra do Mendanha"
"PARQUE NATURAL MUNICIPAL SERRA DO MENDANHA","Angiosperms","Cleomaceae","Tarenaya","aculeata","(L.) Soares Neto & Roalson","CLEOMACEAE Tarenaya aculeata (L.) Soares Neto & Roalson","RBR00061655",,"RBR","Gomes-Pimentel, R.","2327","Native","2020","Gomes-Pimentel, R.","2020","Bronze","Ouro","jbrj-public-img.s3-sa-east-1.amazonaws.com/JPG/rbr/rbr/0/6/16/55/rbr00061655.jpg","Rio de Janeiro","Bangu. Estrada Guandu do Senna e entrada do Parque. Parque Natural Municipal da Serra do Mendanha"
"PARQUE NATURAL MUNICIPAL SERRA DO MENDANHA","Angiosperms","Clusiaceae","Garcinia","gardneriana","(Planch. & Triana) Zappi","CLUSIACEAE Garcinia gardneriana (Planch. & Triana) Zappi","RBR00061402",,"RBR","Gomes-Pimentel, R.","1559","Native","2020","Gomes-Pimentel, R.","2020","Bronze","Ouro","jbrj-public-img.s3-sa-east-1.amazonaws.com/JPG/rbr/rbr/0/6/14/2/rbr00061402.jpg","Rio de Janeiro","Bangu. Parque Natural Municipal da Serra do Mendanha"
"PARQUE NATURAL MUNICIPAL SERRA DO MENDANHA","Angiosperms","Commelinaceae","Tradescantia","zebrina","Heynh. ex Bosse","COMMELINACEAE Tradescantia zebrina Heynh. ex Bosse","RBR00061657",,"RBR","Gomes-Pimentel, R.","1174","Naturalized","2020","Gomes-Pimentel, R.","2020","Bronze","Ouro","jbrj-public-img.s3-sa-east-1.amazonaws.com/JPG/rbr/rbr/0/6/16/57/rbr00061657.jpg","Rio de Janeiro","Bangu. Parque Natural Municipal da Serra do Mendanha"
"PARQUE NATURAL MUNICIPAL SERRA DO MENDANHA","Angiosperms","Euphorbiaceae","Actinostemon","concepcionis","(Chodat & Hassl.) Hochr.","EUPHORBIACEAE Actinostemon concepcionis (Chodat & Hassl.) Hochr.","RBR00061673",,"RBR","Gomes-Pimentel, R.","586","Native","2020","Gomes-Pimentel, R.","2020","Bronze","Ouro","jbrj-public-img.s3-sa-east-1.amazonaws.com/JPG/rbr/rbr/0/6/16/73/rbr00061673.jpg","Rio de Janeiro","Bangu. Floresta após os sítios do entorno. Parque Natural Municipal da Serra do Mendanha"
"PARQUE NATURAL MUNICIPAL SERRA DO MENDANHA","Angiosperms","Hypoxidaceae","Hypoxis","decumbens","L.","HYPOXIDACEAE Hypoxis decumbens L.","RBR00061723",,"RBR","Gomes-Pimentel, R.","2205","Native","2020","Gomes-Pimentel, R.","2020","Bronze","Ouro","jbrj-public-img.s3-sa-east-1.amazonaws.com/JPG/rbr/rbr/0/6/17/23/rbr00061723.jpg|jbrj-public-img.s3-sa-east-1.amazonaws.com/JPG/rbr/rbr/0/6/17/23/rbr00061723-1.jpg","Rio de Janeiro","Bangu. Parque Natural Municipal da Serra do Mendanha"
"PARQUE NATURAL MUNICIPAL SERRA DO MENDANHA","Angiosperms","Lacistemataceae","Lacistema","hasslerianum","Chodat","LACISTEMATACEAE Lacistema hasslerianum Chodat","RBR00061725",,"RBR","Gomes-Pimentel, R.","801","Native","2020","Gomes-Pimentel, R.","2020","Bronze","Ouro","jbrj-public-img.s3-sa-east-1.amazonaws.com/JPG/rbr/rbr/0/6/17/25/rbr00061725.jpg|jbrj-public-img.s3-sa-east-1.amazonaws.com/JPG/rbr/rbr/0/6/17/25/rbr00061725-1.jpg","Rio de Janeiro","Bangu. Margem do rio Fundão. Parque Natural Municipal da Serra do Mendanha"
"PARQUE NATURAL MUNICIPAL SERRA DO MENDANHA","Angiosperms","Lamiaceae","Leonotis","nepetifolia","(L.) R.Br.","LAMIACEAE Leonotis nepetifolia (L.) R.Br.","RBR00061728",,"RBR","Gomes-Pimentel, R.","722","Naturalized","2020","Gomes-Pimentel, R.","2020","Bronze","Ouro","jbrj-public-img.s3-sa-east-1.amazonaws.com/JPG/rbr/rbr/0/6/17/28/rbr00061728.jpg","Rio de Janeiro","Bangu. Caminho Antônio Figueira. Parque Natural Municipal da Serra do Mendanha"
"PARQUE NATURAL MUNICIPAL SERRA DO MENDANHA","Angiosperms","Lamiaceae","Leonurus","japonicus","Houtt.","LAMIACEAE Leonurus japonicus Houtt.","RBR00061729",,"RBR","Gomes-Pimentel, R.","721","Naturalized","2020","Gomes-Pimentel, R.","2020","Bronze","Ouro","jbrj-public-img.s3-sa-east-1.amazonaws.com/JPG/rbr/rbr/0/6/17/29/rbr00061729.jpg","Rio de Janeiro","Bangu. Caminho Antônio Figueira. Parque Natural Municipal da Serra do Mendanha"
"PARQUE NATURAL MUNICIPAL SERRA DO MENDANHA","Angiosperms","Malvaceae","Pachira","glabra","Pasq.","MALVACEAE Pachira glabra Pasq.","RBR00061750",,"RBR","Gomes-Pimentel, R.","2250","Native","2020","Gomes-Pimentel, R.","2020","Bronze","Ouro","jbrj-public-img.s3-sa-east-1.amazonaws.com/JPG/rbr/rbr/0/6/17/50/rbr00061750.jpg","Rio de Janeiro","Bangu. Parque Natural Municipal da Serra do Mendanha"
"PARQUE NATURAL MUNICIPAL SERRA DO MENDANHA","Angiosperms","Meliaceae","Cedrela","odorata","L.","MELIACEAE Cedrela odorata L.","RBR00061793",,"RBR","Gomes-Pimentel, R.","2024","Native","2020","Gomes-Pimentel, R.","2020","Bronze","Ouro","jbrj-public-img.s3-sa-east-1.amazonaws.com/JPG/rbr/rbr/0/6/17/93/rbr00061793.jpg|jbrj-public-img.s3-sa-east-1.amazonaws.com/JPG/rbr/rbr/0/6/17/93/rbr00061793-1.jpg","Rio de Janeiro","Bangu. Margem do rio Fundão. Parque Natural Municipal da Serra do Mendanha"
"PARQUE NATURAL MUNICIPAL SERRA DO MENDANHA","Angiosperms","Moraceae","Dorstenia","cayapia","Vell.","MORACEAE Dorstenia cayapia Vell.","RBR00061803",,"RBR","Gomes-Pimentel, R.","803","Native","2020","Gomes-Pimentel, R.","2020","Bronze","Ouro","jbrj-public-img.s3-sa-east-1.amazonaws.com/JPG/rbr/rbr/0/6/18/3/rbr00061803.jpg","Rio de Janeiro","Bangu. Margem do rio Fundão. Parque Natural Municipal da Serra do Mendanha"
"PARQUE NATURAL MUNICIPAL SERRA DO MENDANHA","Angiosperms","Myrtaceae","Eugenia","uniflora","L.","MYRTACEAE Eugenia uniflora L.","RBR00061821",,"RBR","Gomes-Pimentel, R.","1249","Native","2020","Gomes-Pimentel, R.","2020","Bronze","Ouro","jbrj-public-img.s3-sa-east-1.amazonaws.com/JPG/rbr/rbr/0/6/18/21/rbr00061821.jpg","Rio de Janeiro","Bangu. Parque Natural Municipal da Serra do Mendanha"
"PARQUE NATURAL MUNICIPAL SERRA DO MENDANHA","Angiosperms","Oxalidaceae","Oxalis","barrelieri","L.","OXALIDACEAE Oxalis barrelieri L.","RBR00061855",,"RBR","Gomes-Pimentel, R.","966","Native","2020","Gomes-Pimentel, R.","2020","Bronze","Ouro","jbrj-public-img.s3-sa-east-1.amazonaws.com/JPG/rbr/rbr/0/6/18/55/rbr00061855.jpg","Rio de Janeiro","Bangu. Parque Natural Municipal da Serra do Mendanha"
"PARQUE NATURAL MUNICIPAL SERRA DO MENDANHA","Angiosperms","Passifloraceae","Passiflora","capsularis","L.","PASSIFLORACEAE Passiflora capsularis L.","RBR00061856",,"RBR","Gomes-Pimentel, R.","1835","Native","2020","Gomes-Pimentel, R.","2020","Bronze","Ouro","jbrj-public-img.s3-sa-east-1.amazonaws.com/JPG/rbr/rbr/0/6/18/56/rbr00061856.jpg|jbrj-public-img.s3-sa-east-1.amazonaws.com/JPG/rbr/rbr/0/6/18/56/rbr00061856-1.jpg","Rio de Janeiro","Bangu. Parque Natural Municipal da Serra do Mendanha"
"PARQUE NATURAL MUNICIPAL SERRA DO MENDANHA","Angiosperms","Passifloraceae","Passiflora","kermesina","Link & Otto","PASSIFLORACEAE Passiflora kermesina Link & Otto","RBR00061857",,"RBR","Gomes-Pimentel, R.","510","Native","2020","Gomes-Pimentel, R.","2020","Bronze","Ouro","jbrj-public-img.s3-sa-east-1.amazonaws.com/JPG/rbr/rbr/0/6/18/57/rbr00061857.jpg","Rio de Janeiro","Bangu. Parque Natural Municipal da Serra do Mendanha"
"PARQUE NATURAL MUNICIPAL SERRA DO MENDANHA","Angiosperms","Plantaginaceae","Darcya","vandellioides","(Benth.) Scatigna","PLANTAGINACEAE Darcya vandellioides (Benth.) Scatigna","RBR00061867",,"RBR","Gomes-Pimentel, R.","1808","Native","2020","Gomes-Pimentel, R.","2020","Bronze","Ouro","jbrj-public-img.s3-sa-east-1.amazonaws.com/JPG/rbr/rbr/0/6/18/67/rbr00061867.jpg","Rio de Janeiro","Bangu. Parque Natural Municipal da Serra do Mendanha"
"PARQUE NATURAL MUNICIPAL SERRA DO MENDANHA","Angiosperms","Rhamnaceae","Colubrina","glandulosa","Perkins","RHAMNACEAE Colubrina glandulosa Perkins","RBR00061870",,"RBR","Gomes-Pimentel, R.","114","Native","2020","Gomes-Pimentel, R.","2020","Bronze","Ouro","jbrj-public-img.s3-sa-east-1.amazonaws.com/JPG/rbr/rbr/0/6/18/70/rbr00061870.jpg","Rio de Janeiro","Bangu. Parque Natural Municipal da Serra do Mendanha"
"PARQUE NATURAL MUNICIPAL SERRA DO MENDANHA","Angiosperms","Acanthaceae","Brillantaisia","lamium","(Nees) Benth.","ACANTHACEAE Brillantaisia lamium (Nees) Benth.","RBR00061562",,"RBR","Gomes-Pimentel, R.","2246","Naturalized","2019","Gomes-Pimentel, R.","2019","Bronze","Ouro","jbrj-public-img.s3-sa-east-1.amazonaws.com/JPG/rbr/rbr/0/6/15/62/rbr00061562.jpg","Rio de Janeiro","Bangu. Parque Natural Municipal da Serra do Mendanha"
"PARQUE NATURAL MUNICIPAL SERRA DO MENDANHA","Angiosperms","Euphorbiaceae","Euphorbia","sarcoceras","O.L.M. Silva & Cordeiro","EUPHORBIACEAE Euphorbia sarcoceras O.L.M. Silva & Cordeiro","RBR00061684",,"RBR","Gomes-Pimentel, R.","249","Native","2019","Gomes-Pimentel, R.","2019","Bronze","Ouro","jbrj-public-img.s3-sa-east-1.amazonaws.com/JPG/rbr/rbr/0/6/16/84/rbr00061684.jpg","Rio de Janeiro","Bangu. Próximo da área do reservatório (piscina), área de convivência. Parque Natural Municipal da Serra do Mendanha"
"PARQUE NATURAL MUNICIPAL SERRA DO MENDANHA","Angiosperms","Gesneriaceae","Codonanthe","gracilis","(Mart.) Hanst.","GESNERIACEAE Codonanthe gracilis (Mart.) Hanst.","RBR00061719",,"RBR","Gomes-Pimentel, R.","295A","Native","2019","Gomes-Pimentel, R.","2019","Bronze","Ouro","jbrj-public-img.s3-sa-east-1.amazonaws.com/JPG/rbr/rbr/0/6/17/19/rbr00061719.jpg","Rio de Janeiro","Bangu. Parque Natural Municipal da Serra do Mendanha"
"PARQUE NATURAL MUNICIPAL SERRA DO MENDANHA","Angiosperms","Malvaceae","Sida","rhombifolia","L.","MALVACEAE Sida rhombifolia L.","RBR00061756",,"RBR","Gomes-Pimentel, R.","1595","Native","2019","Gomes-Pimentel, R.","2019","Bronze","Ouro","jbrj-public-img.s3-sa-east-1.amazonaws.com/JPG/rbr/rbr/0/6/17/56/rbr00061756.jpg","Rio de Janeiro","Bangu. Parque Natural Municipal da Serra do Mendanha"
"PARQUE NATURAL MUNICIPAL SERRA DO MENDANHA","Angiosperms","Rubiaceae","Borreria","ocymifolia","(Roem. & Schult.) Bacigalupo & E.L.Cabral","RUBIACEAE Borreria ocymifolia (Roem. & Schult.) Bacigalupo & E.L.Cabral","RBR00061879",,"RBR","Gomes-Pimentel, R.","120","Native","2019","Gomes-Pimentel, R.","2019","Bronze","Ouro","jbrj-public-img.s3-sa-east-1.amazonaws.com/JPG/rbr/rbr/0/6/18/79/rbr00061879.jpg","Rio de Janeiro","Bangu. Parque Natural Municipal da Serra do Mendanha"
"PARQUE NATURAL MUNICIPAL SERRA DO MENDANHA","Angiosperms","Rubiaceae","Manettia","luteo-rubra","(Vell.) Benth.","RUBIACEAE Manettia luteo-rubra (Vell.) Benth.","RBR00061881",,"RBR","Gomes-Pimentel, R.","2296","Native","2019","Gomes-Pimentel, R.","2019","Bronze","Ouro","jbrj-public-img.s3-sa-east-1.amazonaws.com/JPG/rbr/rbr/0/6/18/81/rbr00061881-2.jpg|jbrj-public-img.s3-sa-east-1.amazonaws.com/JPG/rbr/rbr/0/6/18/81/rbr00061881-1.jpg|jbrj-public-img.s3-sa-east-1.amazonaws.com/JPG/rbr/rbr/0/6/18/81/rbr00061881.jpg","Rio de Janeiro","Bangu. Parque Natural Municipal da Serra do Mendanha"
"PARQUE NATURAL MUNICIPAL SERRA DO MENDANHA","Angiosperms","Costaceae","Costus","spicatus","(Jacq.) Sw.","COSTACEAE Costus spicatus (Jacq.) Sw.","RBR00061662",,"RBR","Gomes-Pimentel, R.","104","Unknown","2017","Gomes-Pimentel, R.","2017","Bronze","Ouro","jbrj-public-img.s3-sa-east-1.amazonaws.com/JPG/rbr/rbr/0/6/16/62/rbr00061662.jpg","Rio de Janeiro","Bangu. Trilha circular. Parque Natural Municipal da Serra do Mendanha"
"PARQUE NATURAL MUNICIPAL SERRA DO MENDANHA","Angiosperms","Rubiaceae","Psychotria","suterella","Müll.Arg.","RUBIACEAE Psychotria suterella Müll.Arg.","RBR00061445",,"RBR","Gomes-Pimentel, R.","105","Native","2017","Gomes-Pimentel, R.","2017","Bronze","Ouro","jbrj-public-img.s3-sa-east-1.amazonaws.com/JPG/rbr/rbr/0/6/14/45/rbr00061445.jpg|jbrj-public-img.s3-sa-east-1.amazonaws.com/JPG/rbr/rbr/0/6/14/45/rbr00061445-1.jpg","Rio de Janeiro","Bangu. Parque Natural Municipal da Serra do Mendanha"
"PARQUE NATURAL MUNICIPAL SERRA DO MENDANHA","Angiosperms","Euphorbiaceae","Alchornea","triplinervia","(Spreng.) Müll.Arg.","EUPHORBIACEAE Alchornea triplinervia (Spreng.) Müll.Arg.","RBR00061677",,"RBR","Gomes-Pimentel, R.","60","Native","2016","Gomes-Pimentel, R.","2016","Bronze","Ouro","jbrj-public-img.s3-sa-east-1.amazonaws.com/JPG/rbr/rbr/0/6/16/77/rbr00061677.jpg|jbrj-public-img.s3-sa-east-1.amazonaws.com/JPG/rbr/rbr/0/6/16/77/rbr00061677-1.jpg|jbrj-public-img.s3-sa-east-1.amazonaws.com/JPG/rbr/rbr/0/6/16/77/rbr00061677-2.jpg","Rio de Janeiro","Bangu. Parque Natural Municipal da Serra do Mendanha"
"PARQUE NATURAL MUNICIPAL SERRA DO MENDANHA","Angiosperms","Marantaceae","Ctenanthe","setosa","(Roscoe) Eichler","MARANTACEAE Ctenanthe setosa (Roscoe) Eichler","RBR00061405",,"RBR","Gomes-Pimentel, R.","1725","Native","2016","Cordeiro, M.B.","2016","Bronze","Ouro","jbrj-public-img.s3-sa-east-1.amazonaws.com/JPG/rbr/rbr/0/6/14/5/rbr00061405-2.jpg|jbrj-public-img.s3-sa-east-1.amazonaws.com/JPG/rbr/rbr/0/6/14/5/rbr00061405-1.jpg|jbrj-public-img.s3-sa-east-1.amazonaws.com/JPG/rbr/rbr/0/6/14/5/rbr00061405.jpg","Rio de Janeiro","Bangu. Jardim das antigas churrasqueiras. Parque Natural Municipal da Serra do Mendanha"
"PARQUE NATURAL MUNICIPAL SERRA DO MENDANHA","Angiosperms","Marantaceae","Maranta","divaricata","Roscoe","MARANTACEAE Maranta divaricata Roscoe","RBR00061141",,"RBR","Gomes-Pimentel, R.","68","Native","2016","Cordeiro, M.B.","2016","Bronze","Ouro","jbrj-public-img.s3-sa-east-1.amazonaws.com/JPG/rbr/rbr/0/6/11/41/rbr00061141.jpg","Rio de Janeiro","Bangu. Trilha circular margem do Rio Fundão. Parque Natural Municipal da Serra do Mendanha"
"PARQUE NATURAL MUNICIPAL SERRA DO MENDANHA","Angiosperms","Acanthaceae","Mendoncia","velloziana","Mart.","ACANTHACEAE Mendoncia velloziana Mart.","RBR00061572",,"RBR","Gomes-Pimentel, R.","2292","Native","2024","Gomes-Pimentel, R.","2024","Bronze","Ouro",,"Rio de Janeiro","Bangu. Estrada da Torre de Furnas, trilha para a Lagoa Azul. Parque Natural Municipal da Serra do Mendanha"
"PARQUE NATURAL MUNICIPAL SERRA DO MENDANHA","Angiosperms","Amaranthaceae","Amaranthus","blitum","L.","AMARANTHACEAE Amaranthus blitum L.","RBR00061576",,"RBR","Gomes-Pimentel, R.","2324","Naturalized","2024","Gomes-Pimentel, R.","2024","Bronze","Ouro",,"Rio de Janeiro","Bangu. Entrada do Parque. Parque Natural Municipal da Serra do Mendanha"
"PARQUE NATURAL MUNICIPAL SERRA DO MENDANHA","Angiosperms","Anacardiaceae","Anacardium","occidentale","L.","ANACARDIACEAE Anacardium occidentale L.","RBR00061578",,"RBR","Gomes-Pimentel, R.","2186","Native","2024","Gomes-Pimentel, R.","2024","Bronze","Ouro",,"Rio de Janeiro","Bangu. Parque Natural Municipal da Serra do Mendanha"
"PARQUE NATURAL MUNICIPAL SERRA DO MENDANHA","Angiosperms","Araceae","Aglaonema","commutatum","Schott","ARACEAE Aglaonema commutatum Schott","RBR00061597",,"RBR","Gomes-Pimentel, R.","2297","Cultivated","2024","Gomes-Pimentel, R.","2024","Bronze","Ouro",,"Rio de Janeiro","Bangu. Antiga sede do INEA no PNMSM. Parque Natural Municipal da Serra do Mendanha"
"PARQUE NATURAL MUNICIPAL SERRA DO MENDANHA","Angiosperms","Araceae","Philodendron","cordatum","Kunth ex Schott","ARACEAE Philodendron cordatum Kunth ex Schott","RBR00061599",,"RBR","Gomes-Pimentel, R.","2288","Native","2024","Gomes-Pimentel, R.","2024","Bronze","Ouro",,"Rio de Janeiro","Bangu. Caminho Antônio Figueira. Parque Natural Municipal da Serra do Mendanha"
"PARQUE NATURAL MUNICIPAL SERRA DO MENDANHA","Angiosperms","Araceae","Philodendron","pedatum","(Hook.) Kunth","ARACEAE Philodendron pedatum (Hook.) Kunth","RBR00061600",,"RBR","Gomes-Pimentel, R.","2298","Native","2024","Gomes-Pimentel, R.","2024","Bronze","Ouro",,"Rio de Janeiro","Bangu. Parque Natural Municipal da Serra do Mendanha"
"PARQUE NATURAL MUNICIPAL SERRA DO MENDANHA","Angiosperms","Cactaceae","Hatiora","salicornioides","(Haw.) Britton & Rose","CACTACEAE Hatiora salicornioides (Haw.) Britton & Rose","RBR00061641",,"RBR","Gomes-Pimentel, R.","2126","Native","2024","Gomes-Pimentel, R.","2024","Bronze","Ouro",,"Rio de Janeiro","Bangu. Parque Natural Municipal da Serra do Mendanha"
"PARQUE NATURAL MUNICIPAL SERRA DO MENDANHA","Angiosperms","Campanulaceae","Lobelia","aquatica","Cham.","CAMPANULACEAE Lobelia aquatica Cham.","RBR00061645",,"RBR","Gomes-Pimentel, R.","2068","Native","2024","Gomes-Pimentel, R.","2024","Bronze","Ouro",,"Rio de Janeiro","Bangu. Parque Natural Municipal da Serra do Mendanha"
"PARQUE NATURAL MUNICIPAL SERRA DO MENDANHA","Angiosperms","Cucurbitaceae","Momordica","charantia","L.","CUCURBITACEAE Momordica charantia L.","RBR00061663",,"RBR","Gomes-Pimentel, R.","2242","Naturalized","2024","Gomes-Pimentel, R.","2024","Bronze","Ouro",,"Rio de Janeiro","Bangu. Entrada do Parque. Parque Natural Municipal da Serra do Mendanha"
"PARQUE NATURAL MUNICIPAL SERRA DO MENDANHA","Angiosperms","Fabaceae","Inga","vera","Willd.","FABACEAE Inga vera Willd.","RBR00061696",,"RBR","Gomes-Pimentel, R.","2311","Native","2024","Gomes-Pimentel, R.","2024","Bronze","Ouro",,"Rio de Janeiro","Bangu. Parque Natural Municipal da Serra do Mendanha"
"PARQUE NATURAL MUNICIPAL SERRA DO MENDANHA","Angiosperms","Fabaceae","Mimosa","debilis","Humb. & Bonpl. ex Willd.","FABACEAE Mimosa debilis Humb. & Bonpl. ex Willd.","RBR00061698",,"RBR","Gomes-Pimentel, R.","2303","Native","2024","Germano Filho, P.","2024","Bronze","Ouro",,"Rio de Janeiro","Bangu. Inicio da Estrada da Serra em direção à Estrada da Torre de Furnas. Parque Natural Municipal da Serra do Mendanha"
"PARQUE NATURAL MUNICIPAL SERRA DO MENDANHA","Angiosperms","Fabaceae","Schizolobium","parahyba","(Vell.) Blake","FABACEAE Schizolobium parahyba (Vell.) Blake","RBR00061709",,"RBR","Gomes-Pimentel, R.","2262","Native","2024","Gomes-Pimentel, R.","2024","Bronze","Ouro",,"Rio de Janeiro","Bangu. Parque Natural Municipal da Serra do Mendanha"
"PARQUE NATURAL MUNICIPAL SERRA DO MENDANHA","Angiosperms","Myrtaceae","Plinia","peruviana","(Poir.) Govaerts","MYRTACEAE Plinia peruviana (Poir.) Govaerts","RBR00061825",,"RBR","Gomes-Pimentel, R.","2224","Native","2024","Gomes-Pimentel, R.","2024","Bronze","Ouro",,"Rio de Janeiro","Bangu. Caminho Antônio Figueira em direção à Floresta, cerca de 1,5 km após a Estrada Guandu do Sena. Parque Natural Municipal da Serra do Mendanha"
"PARQUE NATURAL MUNICIPAL SERRA DO MENDANHA","Angiosperms","Urticaceae","Cecropia","pachystachya","Trécul","URTICACEAE Cecropia pachystachya Trécul","RBR00061922",,"RBR","Gomes-Pimentel, R.","2239","Native","2024","Gomes-Pimentel, R.","2024","Bronze","Ouro",,"Rio de Janeiro","Bangu. Floresta após sítios da Boa Esperança. Parque Natural Municipal da Serra do Mendanha"
"PARQUE NATURAL MUNICIPAL SERRA DO MENDANHA","Angiosperms","Urticaceae","Urera","baccifera","(L.) Gaudich. ex Wedd.","URTICACEAE Urera baccifera (L.) Gaudich. ex Wedd.","RBR00061926",,"RBR","Gomes-Pimentel, R.","2238","Native","2024","Gomes-Pimentel, R.","2024","Bronze","Ouro",,"Rio de Janeiro","Bangu. Parque Natural Municipal da Serra do Mendanha"
"PARQUE NATURAL MUNICIPAL SERRA DO MENDANHA","Angiosperms","Violaceae","Anchietea","pyrifolia","(Mart.) G.Don","VIOLACEAE Anchietea pyrifolia (Mart.) G.Don","RBR00061927",,"RBR","Gomes-Pimentel, R.","2310","Native","2024","Gomes-Pimentel, R.","2024","Bronze","Ouro",,"Rio de Janeiro","Bangu. Trilha para a cachoeira. Parque Natural Municipal da Serra do Mendanha"
"PARQUE NATURAL MUNICIPAL SERRA DO MENDANHA","Angiosperms","Fabaceae","Senegalia","pedicellata","(Benth.) Seigler & Ebinger","FABACEAE Senegalia pedicellata (Benth.) Seigler & Ebinger","RBR00061713",,"RBR","Gomes-Pimentel, R.","1046","Native","2023","Gomes-Pimentel, R.","2023","Bronze","Ouro",,"Rio de Janeiro","Bangu. Parque Natural Municipal da Serra do Mendanha"
"PARQUE NATURAL MUNICIPAL SERRA DO MENDANHA","Angiosperms","Myrtaceae","Myrcia","vittoriana","Kiaersk.","MYRTACEAE Myrcia vittoriana Kiaersk.","RBR00059386",,"RBR","Oliveira, M.V.C.S.","31","Native","2023","Oliveira, M.V.C.S.","2023","Bronze","Ouro",,"Rio de Janeiro","No pomar de Myrtaceae do Jardim Botânico da UFRRJ. Parque Natural Municipal da Serra do Mendanha"
"PARQUE NATURAL MUNICIPAL SERRA DO MENDANHA","Angiosperms","Urticaceae","Pilea","cadierei","Gagnep. & Guillaumin","URTICACEAE Pilea cadierei Gagnep. & Guillaumin","RBR00061925",,"RBR","Gomes-Pimentel, R.","1815","Naturalized","2023","Gomes-Pimentel, R.","2023","Bronze","Ouro",,"Rio de Janeiro","Bangu. Parquinho. Parque Natural Municipal da Serra do Mendanha"
"PARQUE NATURAL MUNICIPAL SERRA DO MENDANHA","Angiosperms","Violaceae","Anchietea","selloviana","Cham. & Schltdl.","VIOLACEAE Anchietea selloviana Cham. & Schltdl.","RBR00061928",,"RBR","Gomes-Pimentel, R.","2270","Native","2023","Gomes-Pimentel, R.","2023","Bronze","Ouro",,"Rio de Janeiro","Bangu. Floresta após o sítio Boa Esperança no PNMSM. Parque Natural Municipal da Serra do Mendanha"
"PARQUE NATURAL MUNICIPAL SERRA DO MENDANHA","Angiosperms","Vitaceae","Cissus","erosa","Rich.","VITACEAE Cissus erosa Rich.","RBR00061455",,"RBR","Gomes-Pimentel, R.","2104","Native","2023","Gomes-Pimentel, R.","2023","Bronze","Ouro",,"Rio de Janeiro","Bangu. Parque Natural Municipal da Serra do Mendanha"
"PARQUE NATURAL MUNICIPAL SERRA DO MENDANHA","Angiosperms","Balanophoraceae","Lathrophytum","peckoltii","Eichler","BALANOPHORACEAE Lathrophytum peckoltii Eichler","RBR00061616",,"RBR","Gomes-Pimentel, R.","1795","Native","2022","Gomes-Pimentel, R.","2023","Bronze","Ouro",,"Rio de Janeiro","Bangu. Margem do rio Fundão. Parque Natural Municipal da Serra do Mendanha"
"PARQUE NATURAL MUNICIPAL SERRA DO MENDANHA","Angiosperms","Apiaceae","Centella","asiatica","(L.) Urb.","APIACEAE Centella asiatica (L.) Urb.","RBR00061592",,"RBR","Gomes-Pimentel, R.","1790","Native","2022","Gomes-Pimentel, R.","2022","Bronze","Ouro",,"Rio de Janeiro","Bangu. Caminho Antônio Figueira, cerca de 1200 m após a estrada Guandu do Sena. Parque Natural Municipal da Serra do Mendanha"
"PARQUE NATURAL MUNICIPAL SERRA DO MENDANHA","Angiosperms","Araliaceae","Hydrocotyle","leucocephala","Cham. & Schltdl.","ARALIACEAE Hydrocotyle leucocephala Cham. & Schltdl.","RBR00061604",,"RBR","Gomes-Pimentel, R.","1791","Native","2022","Gomes-Pimentel, R.","2022","Bronze","Ouro",,"Rio de Janeiro","Bangu. Parque Natural Municipal da Serra do Mendanha"
"PARQUE NATURAL MUNICIPAL SERRA DO MENDANHA","Angiosperms","Begoniaceae","Begonia","hirtella","Link","BEGONIACEAE Begonia hirtella Link","RBR00061622",,"RBR","Gomes-Pimentel, R.","1784","Native","2022","Gomes-Pimentel, R.","2022","Bronze","Ouro",,"Rio de Janeiro","Bangu. Parque Natural Municipal da Serra do Mendanha"
"PARQUE NATURAL MUNICIPAL SERRA DO MENDANHA","Angiosperms","Caryophyllaceae","Drymaria","cordata","(L.) Willd. ex Roem. & Schult.","CARYOPHYLLACEAE Drymaria cordata (L.) Willd. ex Roem. & Schult.","RBR00061654",,"RBR","Gomes-Pimentel, R.","1786","Naturalized","2022","Gomes-Pimentel, R.","2022","Bronze","Ouro",,"Rio de Janeiro","Bangu. Estrada Guandu do Senna e entrada do Parque. Parque Natural Municipal da Serra do Mendanha"
"PARQUE NATURAL MUNICIPAL SERRA DO MENDANHA","Angiosperms","Cordiaceae","Varronia","polycephala","Lam.","CORDIACEAE Varronia polycephala Lam.","RBR00061661",,"RBR","Gomes-Pimentel, R.","1218","Native","2022","Gomes-Pimentel, R.","2022","Bronze","Ouro",,"Rio de Janeiro","Bangu. Parque Natural Municipal da Serra do Mendanha"
"PARQUE NATURAL MUNICIPAL SERRA DO MENDANHA","Angiosperms","Euphorbiaceae","Joannesia","princeps","Vell.","EUPHORBIACEAE Joannesia princeps Vell.","RBR00061686",,"RBR","Gomes-Pimentel, R.","1609","Native","2022","Gomes-Pimentel, R.","2022","Bronze","Ouro",,"Rio de Janeiro","Bangu. Parque Natural Municipal da Serra do Mendanha"
"PARQUE NATURAL MUNICIPAL SERRA DO MENDANHA","Angiosperms","Fabaceae","Inga","edulis","Mart.","FABACEAE Inga edulis Mart.","RBR00061694",,"RBR","Gomes-Pimentel, R.","1128","Native","2022","Gomes-Pimentel, R.","2022","Bronze","Ouro",,"Rio de Janeiro","Bangu. Caminho Antônio Figueira. Parque Natural Municipal da Serra do Mendanha"
"PARQUE NATURAL MUNICIPAL SERRA DO MENDANHA","Angiosperms","Fabaceae","Mucuna","pruriens","(L.) DC.","FABACEAE Mucuna pruriens (L.) DC.","RBR00061701",,"RBR","Gomes-Pimentel, R.","1910","Native","2022","Gomes-Pimentel, R.","2022","Bronze","Ouro",,"Rio de Janeiro","Bangu. parque natural Municipal da Serra do Mendanha"
"PARQUE NATURAL MUNICIPAL SERRA DO MENDANHA","Angiosperms","Linderniaceae","Lindernia","diffusa","(L.) Wettst.","LINDERNIACEAE Lindernia diffusa (L.) Wettst.","RBR00061733",,"RBR","Gomes-Pimentel, R.","893","Native","2022","Gomes-Pimentel, R.","2022","Bronze","Ouro",,"Rio de Janeiro","Bangu. Entrada do Parque. Parque Natural Municipal da Serra do Mendanha"
"PARQUE NATURAL MUNICIPAL SERRA DO MENDANHA","Angiosperms","Linderniaceae","Lindernia","rotundifolia","(L.) Alston","LINDERNIACEAE Lindernia rotundifolia (L.) Alston","RBR00061736",,"RBR","Gomes-Pimentel, R.","1800","Native","2022","Gomes-Pimentel, R.","2022","Bronze","Ouro",,"Rio de Janeiro","Bangu. Entrada do Parque. Parque Natural Municipal da Serra do Mendanha"
"PARQUE NATURAL MUNICIPAL SERRA DO MENDANHA","Angiosperms","Loganiaceae","Spigelia","pusilla","Mart.","LOGANIACEAE Spigelia pusilla Mart.","RBR00061737",,"RBR","Gomes-Pimentel, R.","895","Native","2022","Gomes-Pimentel, R.","2022","Bronze","Ouro",,"Rio de Janeiro","Bangu. trilha circular. Parque Natural Municipal da Serra do Mendanha"
"PARQUE NATURAL MUNICIPAL SERRA DO MENDANHA","Angiosperms","Melastomataceae","Miconia","ibaguensis","(Bonpl.) Triana","MELASTOMATACEAE Miconia ibaguensis (Bonpl.) Triana","RBR00061771",,"RBR","Gomes-Pimentel, R.","1358","Native","2022","Gomes-Pimentel, R.","2022","Bronze","Ouro",,"Rio de Janeiro","Bangu. Sítio Zecão/Guandu Alto. Parque Natural Municipal da Serra do Mendanha"
"PARQUE NATURAL MUNICIPAL SERRA DO MENDANHA","Angiosperms","Orchidaceae","Cattleya","forbesii","Lindl.","ORCHIDACEAE Cattleya forbesii Lindl.","RBR00061840",,"RBR","Gomes-Pimentel, R.","1475","Native","2022","Gomes-Pimentel, R.","2022","Bronze","Ouro",,"Rio de Janeiro","Bangu. Trilha para o mirante do PNMSM. Parque Natural Municipal da Serra do Mendanha"
"PARQUE NATURAL MUNICIPAL SERRA DO MENDANHA","Angiosperms","Urticaceae","Coussapoa","curranii","S.F.Blake","URTICACEAE Coussapoa curranii S.F.Blake","RBR00061454",,"RBR","Amorim, T.A.","s/n","Native","2022","Amorim, T.A.","2022","Bronze","Ouro",,"Rio de Janeiro","Bangu. Parque Natural Municipal da Serra do Mendanha"
"PARQUE NATURAL MUNICIPAL SERRA DO MENDANHA","Angiosperms","Violaceae","Noisettia","orchidiflora","(Rudge) Ging.","VIOLACEAE Noisettia orchidiflora (Rudge) Ging.","RBR00061931",,"RBR","Gomes-Pimentel, R.","1814","Native","2022","Amorim, T.A.","2022","Bronze","Ouro",,"Rio de Janeiro","Bangu. Margem do rio Fundão. Parque Natural Municipal da Serra do Mendanha"
"PARQUE NATURAL MUNICIPAL SERRA DO MENDANHA","Angiosperms","Anacardiaceae","Astronium","graveolens","Jacq.","ANACARDIACEAE Astronium graveolens Jacq.","RBR00061579",,"RBR","Gomes-Pimentel, R.","1211","Native","2021","Gomes-Pimentel, R.","2021","Bronze","Ouro",,"Rio de Janeiro","Bangu. Trilha circular. Parque Natural Municipal da Serra do Mendanha"
"PARQUE NATURAL MUNICIPAL SERRA DO MENDANHA","Angiosperms","Apocynaceae","Macropharynx","peltata","(Vell.) J.F.Morales & M.E. Endress","APOCYNACEAE Macropharynx peltata (Vell.) J.F.Morales & M.E. Endress","RBR00061596",,"RBR","Gomes-Pimentel, R.","1403","Native","2021","Gomes-Pimentel, R.","2021","Bronze","Ouro",,"Rio de Janeiro","Bangu. Margem do rio Fundão. Parque Natural Municipal da Serra do Mendanha"
"PARQUE NATURAL MUNICIPAL SERRA DO MENDANHA","Angiosperms","Bignoniaceae","Lundia","corymbifera","(Vahl) Sandwith","BIGNONIACEAE Lundia corymbifera (Vahl) Sandwith","RBR00061387",,"RBR","Gomes-Pimentel, R.","1977","Native","2021","Gomes-Pimentel, R.","2021","Bronze","Ouro",,"Rio de Janeiro","Bangu. Parque Natural Municipal da Serra do Mendanha"
"PARQUE NATURAL MUNICIPAL SERRA DO MENDANHA","Angiosperms","Cannabaceae","Celtis","iguanaea","(Jacq.) Sarg.","CANNABACEAE Celtis iguanaea (Jacq.) Sarg.","RBR00061646",,"RBR","Gomes-Pimentel, R.","1458","Unknown","2021","Gomes-Pimentel, R.","2021","Bronze","Ouro",,"Rio de Janeiro","Bangu. Parque Natural Municipal da Serra do Mendanha"
"PARQUE NATURAL MUNICIPAL SERRA DO MENDANHA","Angiosperms","Fabaceae","Bauhinia","forficata","Link","FABACEAE Bauhinia forficata Link","RBR00061689",,"RBR","Gomes-Pimentel, R.","1408","Native","2021","Gomes-Pimentel, R.","2021","Bronze","Ouro",,"Rio de Janeiro","Bangu. Estrada Caixinha, entrada do PNMSM. Parque Natural Municipal da Serra do Mendanha"
"PARQUE NATURAL MUNICIPAL SERRA DO MENDANHA","Angiosperms","Bignoniaceae","Spathodea","campanulata","P. Beauv.","BIGNONIACEAE Spathodea campanulata P. Beauv.","RBR00061391",,"RBR","Gomes-Pimentel, R.","615","Cultivated","2020","Frazao, A.","2022","Bronze","Ouro",,"Rio de Janeiro","Bangu. Parque Natural Municipal da Serra do Mendanha"
"PARQUE NATURAL MUNICIPAL SERRA DO MENDANHA","Angiosperms","Commelinaceae","Commelina","erecta","L.","COMMELINACEAE Commelina erecta L.","RBR00061656",,"RBR","Gomes-Pimentel, R.","456","Native","2020","Gomes-Pimentel, R.","2020","Bronze","Ouro",,"Rio de Janeiro","Bangu. Parque Natural Municipal da Serra do Mendanha"
"PARQUE NATURAL MUNICIPAL SERRA DO MENDANHA","Angiosperms","Fabaceae","Abrus","precatorius","L.","FABACEAE Abrus precatorius L.","RBR00061688",,"RBR","Gomes-Pimentel, R.","574","Naturalized","2020","Gomes-Pimentel, R.","2020","Bronze","Ouro",,"Rio de Janeiro","Bangu. Cerca de 2 km após o caminho Antônio Figueira. Parque Natural Municipal da Serra do Mendanha"
"PARQUE NATURAL MUNICIPAL SERRA DO MENDANHA","Angiosperms","Fabaceae","Paubrasilia","echinata","(Lam.) Gagnon, H.C.Lima & G.P.Lewis","FABACEAE Paubrasilia echinata (Lam.) Gagnon, H.C.Lima & G.P.Lewis","RBR00061703",,"RBR","Gomes-Pimentel, R.","395","Native","2020","Gomes-Pimentel, R.","2020","Bronze","Ouro",,"Rio de Janeiro","Bangu. Sede. Parque Natural Municipal da Serra do Mendanha"
"PARQUE NATURAL MUNICIPAL SERRA DO MENDANHA","Angiosperms","Fabaceae","Piptadenia","gonoacantha","(Mart.) J.F.Macbr.","FABACEAE Piptadenia gonoacantha (Mart.) J.F.Macbr.","RBR00061704",,"RBR","Gomes-Pimentel, R.","650","Native","2020","Gomes-Pimentel, R.","2020","Bronze","Ouro",,"Rio de Janeiro","Bangu. Tilha circular. Parque Natural Municipal da Serra do Mendanha"
"PARQUE NATURAL MUNICIPAL SERRA DO MENDANHA","Angiosperms","Fabaceae","Platycyamus","regnellii","Benth.","FABACEAE Platycyamus regnellii Benth.","RBR00061706",,"RBR","Gomes-Pimentel, R.","1238","Native","2020","Gomes-Pimentel, R.","2020","Bronze","Ouro",,"Rio de Janeiro","Bangu. Trilha circular. Parque Natural Municipal da Serra do Mendanha"
"PARQUE NATURAL MUNICIPAL SERRA DO MENDANHA","Angiosperms","Malvaceae","Pavonia","sepium","A.St.-Hil.","MALVACEAE Pavonia sepium A.St.-Hil.","RBR00061751",,"RBR","Gomes-Pimentel, R.","332","Native","2020","Gomes-Pimentel, R.","2020","Bronze","Ouro",,"Rio de Janeiro","Bangu. Margem do Rio Fundão. Parque Natural Municipal da Serra do Mendanha"
"PARQUE NATURAL MUNICIPAL SERRA DO MENDANHA","Angiosperms","Fabaceae","Cassia","grandis","L.f.","FABACEAE Cassia grandis L.f.","RBR00061690",,"RBR","Gomes-Pimentel, R.","233","Native","2019","Gomes-Pimentel, R.","2019","Bronze","Ouro",,"Rio de Janeiro","Bangu. Estrada Caixinha, entrada do PNMSM. Parque Natural Municipal da Serra do Mendanha"
"PARQUE NATURAL MUNICIPAL SERRA DO MENDANHA","Angiosperms","Fabaceae","Cenostigma","pluviosum","(DC.) Gagnon & G.P.Lewis","FABACEAE Cenostigma pluviosum (DC.) Gagnon & G.P.Lewis","RBR00061691",,"RBR","Gomes-Pimentel, R.","1895","Native","2019","Gomes-Pimentel, R.","2019","Bronze","Ouro",,"Rio de Janeiro","Bangu. Parque Natural Municipal da Serra do Mendanha"
"PARQUE NATURAL MUNICIPAL SERRA DO MENDANHA","Angiosperms","Fabaceae","Clitoria","fairchildiana","R.A.Howard","FABACEAE Clitoria fairchildiana R.A.Howard","RBR00061693",,"RBR","Gomes-Pimentel, R.","175","Native","2019","Gomes-Pimentel, R.","2019","Bronze","Ouro",,"Rio de Janeiro","Bangu. Parque Natural Municipal da Serra do Mendanha"
"PARQUE NATURAL MUNICIPAL SERRA DO MENDANHA","Ferns and Lycophytes","Anemiaceae","Anemia","phyllitidis","(L.) Sw.","ANEMIACEAE Anemia phyllitidis (L.) Sw.","RB01420839","x","RB","Braga, J.M.A.","18-124","Native","2018","Pena, N.T.L.","2022","Bronze","Ouro",,,"Parque Natural Municipal da Serra do Mendanha, Bangu, Maciço do Mendanha, Serra do Gericinó, Caixinha, proximidades do Reservatório Caixinha."
"PARQUE NATURAL MUNICIPAL SERRA DO MENDANHA","Angiosperms","Piperaceae","Piper","grazielae","Carv.-Silva & E.F.Guim.","PIPERACEAE Piper grazielae Carv.-Silva & E.F.Guim.","RB01420819","x","RB","Braga, J.M.A.","18-094","Native","2018","Silva, L.C.C.","2022","Bronze","Ouro",,,"Parque Natural Municipal da Serra do Mendanha, Bangu, Maciço do Mendanha, Serra do Gericinó, Caixinha, proximidades do Reservatório Caixinha."
"PARQUE NATURAL MUNICIPAL SERRA DO MENDANHA","Angiosperms","Alstroemeriaceae","Bomarea","edulis","(Tussac) Herb.","ALSTROEMERIACEAE Bomarea edulis (Tussac) Herb.","RB01420838","x","RB","Braga, J.M.A.","18-123","Native","2018","Braga, J.M.A.","2018","Bronze","Ouro",,,"Parque Natural Municipal da Serra do Mendanha, Bangu, Maciço do Mendanha, Serra do Gericinó, Caixinha, proximidades do Reservatório Caixinha."
"PARQUE NATURAL MUNICIPAL SERRA DO MENDANHA","Angiosperms","Arecaceae","Geonoma","pohliana","Mart.","ARECACEAE Geonoma pohliana subsp. pohliana Mart.","RB01420836","x","RB","Braga, J.M.A.","18-121","Native","2018","Braga, J.M.A.","2018","Bronze","Ouro",,,"Parque Natural Municipal da Serra do Mendanha, Bangu, Maciço do Mendanha, Serra do Gericinó, Caixinha, proximidades do Reservatório Caixinha."
"PARQUE NATURAL MUNICIPAL SERRA DO MENDANHA","Angiosperms","Begoniaceae","Begonia","arborescens","Raddi","BEGONIACEAE Begonia arborescens Raddi","RB01420842","x","RB","Braga, J.M.A.","18-127","Native","2018","Kollman, L.","2018","Bronze","Ouro",,,"Parque Natural Municipal da Serra do Mendanha, Bangu, Maciço do Mendanha, Serra do Gericinó, Caixinha, proximidades do Reservatório Caixinha."
"PARQUE NATURAL MUNICIPAL SERRA DO MENDANHA","Angiosperms","Cactaceae","Rhipsalis","lindbergiana","K.Schum.","CACTACEAE Rhipsalis lindbergiana K.Schum.","RB01420840","x","RB","Braga, J.M.A.","18-125","Native","2018","Braga, J.M.A.","2018","Bronze","Ouro",,,"Parque Natural Municipal da Serra do Mendanha, Bangu, Maciço do Mendanha, Serra do Gericinó, Caixinha, proximidades do Reservatório Caixinha."
"PARQUE NATURAL MUNICIPAL SERRA DO MENDANHA","Angiosperms","Thymelaeaceae","Funifera","brasiliensis","(Raddi) Mansf.","THYMELAEACEAE Funifera brasiliensis (Raddi) Mansf.","RB01420845","x","RB","Braga, J.M.A.","18-130","Native","2018","Braga, J.M.A.","2018","Bronze","Ouro",,,"Parque Natural Municipal da Serra do Mendanha, Bangu, Maciço do Mendanha, Serra do Gericinó, Caixinha, proximidades do Reservatório Caixinha."
"PARQUE NATURAL MUNICIPAL SERRA DO MENDANHA","Angiosperms","Arecaceae","Bactris","caryotifolia","Mart.","ARECACEAE Bactris caryotifolia Mart.","RB01119327","x","RB","Baez, C.","570","Native","2016","Baez, C.","2016","Bronze","Ouro",,,"Serra do Mendanha. Mata na subida do morro das antenas. Parque Natural Municipal da Serra do Mendanha"
"PARQUE NATURAL MUNICIPAL SERRA DO MENDANHA","Angiosperms","Arecaceae","Geonoma","schottiana","Mart.","ARECACEAE Geonoma schottiana Mart.","RB01119325","x","RB","Baez, C.","568","Native","2016","Baez, C.","2016","Bronze","Ouro",,,"Serra do Mendanha. Mata na subida do morro das antenas. Parque Natural Municipal da Serra do Mendanha"
"PARQUE NATURAL MUNICIPAL SERRA DO MENDANHA","Angiosperms","Gesneriaceae","Paliavana","prasinata","(Ker Gawl.) Benth.","GESNERIACEAE Paliavana prasinata (Ker Gawl.) Benth.","RB01119322","x","RB","Baez, C.","565","Native","2016","Baez, C.","2016","Bronze","Ouro",,,"Serra do Mendanha. Subida do morro das antenas na beira da estrada. Parque Natural Municipal da Serra do Mendanha"
"PARQUE NATURAL MUNICIPAL SERRA DO MENDANHA","Ferns and Lycophytes","Aspleniaceae","Asplenium","coronatum","A. Reis & Sylvestre","ASPLENIACEAE Asplenium coronatum A. Reis & Sylvestre","RFFP19560",,"RFFP","Jascone, C.E.S.","1105","Native","2008","Reis, A.","2023","Bronze","Ouro",,"Rio de Janeiro","Município do Rio de Janeiro, Campo Grande, Parque Natural Municipal da Serra do Mendanha, rio Pecador. Mata Atlântica, floresta ombrófila densa submontana. Mata ciliar."
"PARQUE NATURAL MUNICIPAL SERRA DO MENDANHA","Angiosperms","Begoniaceae","Begonia","fischeri","Schrank","BEGONIACEAE Begonia fischeri Schrank","RFFP19568",,"RFFP","Jascone, C.E.S.","1113","Native","2008","Jaques, E.L.","2023","Bronze","Ouro",,"Rio de Janeiro","Campo Grande, Parque Natural Municipal da Serra do Mendanha, rio Pecador."
"PARQUE NATURAL MUNICIPAL SERRA DO MENDANHA","Angiosperms","Cordiaceae","Cordia","taguahyensis","Vell.","CORDIACEAE Cordia taguahyensis Vell.","RFFP25314",,"RFFP","Santos, M.C.F.","2296","Native","2008","Moraes, L.P.M.","2017","Bronze","Ouro",,"Rio de Janeiro","Campo Grande, Parque Natural Municipal da Serra do Mendanha, trilha da Caninana, 100 m de altitude."
"PARQUE NATURAL MUNICIPAL SERRA DO MENDANHA","Angiosperms","Menispermaceae","Disciphania","hernandia","(Vell.) Barneby","MENISPERMACEAE Disciphania hernandia (Vell.) Barneby","RFFP19569",,"RFFP","Jascone, C.E.S.","1114","Native","2008","Feliz, P.","2016","Bronze","Ouro",,"Rio de Janeiro","Município do Rio de Janeiro, Campo Grande, Parque Natural Municipal da Serra do Mendanha, rio Pecador. Mata Atlântica, floresta ombrófila densa submontana. Mata ciliar."
"PARQUE NATURAL MUNICIPAL SERRA DO MENDANHA","Ferns and Lycophytes","Athyriaceae","Diplazium","ambiguum","Raddi","ATHYRIACEAE Diplazium ambiguum Raddi","RFFP19556",,"RFFP","Jascone, C.E.S.","1101","Native","2008","Jascone, C.E.","2008","Bronze","Ouro",,"Rio de Janeiro","Município do Rio de Janeiro, Campo Grande, Parque Natural Municipal da Serra do Mendanha, rio Pecador. Mata Atlântica, floresta ombrófila densa submontana. Mata ciliar."
"PARQUE NATURAL MUNICIPAL SERRA DO MENDANHA","Ferns and Lycophytes","Didymochlaenaceae","Didymochlaena","truncatula","(Sw.) J.Sm.","DIDYMOCHLAENACEAE Didymochlaena truncatula (Sw.) J.Sm.","RFFP19558",,"RFFP","Jascone, C.E.S.","1103","Unknown","2008","Jascone, C.E.S.","2008","Bronze","Ouro",,"Rio de Janeiro","Município do Rio de Janeiro, Campo Grande, Parque Natural Municipal da Serra do Mendanha, rio Pecador. Mata Atlântica, floresta ombrófila densa submontana. Mata ciliar."
"PARQUE NATURAL MUNICIPAL SERRA DO MENDANHA","Ferns and Lycophytes","Hemidictyaceae","Hemidictyum","marginatum","(L.) C.Presl","HEMIDICTYACEAE Hemidictyum marginatum (L.) C.Presl","RFFP19559",,"RFFP","Jascone, C.E.S.","1104","Native","2008","Jascone, C.E.S.","2008","Bronze","Ouro",,"Rio de Janeiro","Município do Rio de Janeiro, Campo Grande, Parque Natural Municipal da Serra do Mendanha, rio Pecador. Mata Atlântica, floresta ombrófila densa submontana. Mata ciliar."
"PARQUE NATURAL MUNICIPAL SERRA DO MENDANHA","Ferns and Lycophytes","Polypodiaceae","Campyloneurum","decurrens","(Raddi) C.Presl","POLYPODIACEAE Campyloneurum decurrens (Raddi) C.Presl","RFFP19567",,"RFFP","Jascone, C.E.S.","1112","Native","2008","Jascone, C.E.S.","2008","Bronze","Ouro",,"Rio de Janeiro","Município do Rio de Janeiro, Campo Grande, Parque Natural Municipal da Serra do Mendanha, rio Pecador. Mata Atlântica, floresta ombrófila densa submontana. Mata ciliar."
"PARQUE NATURAL MUNICIPAL SERRA DO MENDANHA","Ferns and Lycophytes","Pteridaceae","Adiantum","raddianum","C.Presl","PTERIDACEAE Adiantum raddianum C.Presl","RFFP19546",,"RFFP","Jascone, C.E.S.","1091","Native","2008","Jascone, C.E.","2008","Bronze","Ouro",,"Rio de Janeiro","Município do Rio de Janeiro, Campo Grande, Parque Natural Municipal da Serra do Mendanha, rio Pecador. Mata Atlântica, floresta ombrófila densa submontana. Mata ciliar."
"PARQUE NATURAL MUNICIPAL SERRA DO MENDANHA","Angiosperms","Burmanniaceae","Gymnosiphon","divaricatus","(Benth.) Benth. & Hook.f.","BURMANNIACEAE Gymnosiphon divaricatus (Benth.) Benth. & Hook.f.","RFFP25346",,"RFFP","Santos, M.C.F.","2248","Native","2007","Silva, D.F.","2026","Bronze","Ouro",,"Rio de Janeiro","Campo Grande, Parque Natural Municipal da Serra do Mendanha, Trilha para Cachoeira do Mendanha, próximo ao córrego."
"PARQUE NATURAL MUNICIPAL SERRA DO MENDANHA","Angiosperms","Cyperaceae","Scleria","latifolia","Sw.","CYPERACEAE Scleria latifolia Sw.","RFFP18462",,"RFFP","Correia, A.R.A.","38","Native","2007","Machado, D.N.S.","2025","Bronze","Ouro",,"Rio de Janeiro","Bairro de Campo Grande, Parque Natural Municipal da Serra do Mendanha, Estrada de Furnas, lado direito, cerca de 100 m antes da entrada para a Torre da Light."
"PARQUE NATURAL MUNICIPAL SERRA DO MENDANHA","Angiosperms","Melastomataceae","Leandra","variabilis","Raddi","MELASTOMATACEAE Leandra variabilis Raddi","RB01435806","x","RB","Santos, M.C.F.","2239","Native","2007","Barros, A.A.M.","2020","Bronze","Ouro",,,"Campo Grande, Trilha para a Cachoeira, após descida íngreme Parque Natural Municipal da Serra do Mendanha"
"PARQUE NATURAL MUNICIPAL SERRA DO MENDANHA","Angiosperms","Poaceae","Olyra","latifolia","L.","POACEAE Olyra latifolia L.","RFFP18455",,"RFFP","Correia, A.R.A.","59","Native","2007","Silva, C.","2020","Bronze","Ouro",,"Rio de Janeiro","Município do Rio de Janeiro, Bairro de Campo Grabde, Parque Natural Municipal da Serra do Mendanha, Estrada de Furnas, trilha da Light. Mata Atlântica secundária."
"PARQUE NATURAL MUNICIPAL SERRA DO MENDANHA","Angiosperms","Poaceae","Pharus","latifolius","L.","POACEAE Pharus latifolius L.","RFFP25334",,"RFFP","Santos, M.C.F.","2236","Native","2007","Machado, D.N.S.","2020","Bronze","Ouro",,"Rio de Janeiro","Município do Rio de Janeiro, Campo Grande, Parque Natural Municipal da Serra do Mendanha, trilha da Light, próximo ao córrego, cerca de 700 m de altitude. Mata Atlântica, floresta ombrófila densa submontana."
"PARQUE NATURAL MUNICIPAL SERRA DO MENDANHA","Angiosperms","Cyclanthaceae","Asplundia","brachypus","(Drude) Harling","CYCLANTHACEAE Asplundia brachypus (Drude) Harling","RFFP25343",,"RFFP","Santos, M.C.F.","2245","Native","2007","Leal, E.S.","2017","Bronze","Ouro",,"Rio de Janeiro","Campo Grande, Parque Natural Municipal da Serra do Mendanha, trilha para Cachoeira, próximo ao córrego."
"PARQUE NATURAL MUNICIPAL SERRA DO MENDANHA","Angiosperms","Oxalidaceae","Oxalis","umbraticola","A.St.-Hil.","OXALIDACEAE Oxalis umbraticola A.St.-Hil.","RFFP25357",,"RFFP","Santos, M.C.F.","2185","Native","2007","Costa, T.S.","2015","Bronze","Ouro",,"Rio de Janeiro","Município do Rio de Janeiro, Campo Grande, Parque Natural Municipal da Serra do Mendanha, Trilha da Caninãna, após 500 m de altitude, bifurcação em clareira, próximo ao rio Fundão."
"PARQUE NATURAL MUNICIPAL SERRA DO MENDANHA","Angiosperms","Solanaceae","Solanum","argenteum","Dunal","SOLANACEAE Solanum argenteum Dunal","RB01452688","x","RB","Santos, M.C.F.","2268","Native","2007","Gouvea, Y.F.","2015","Bronze","Ouro",,,"Campo Grande, Parque Natural Municipal da Serra do Mendanha, Trilha Principal, após bifurcação, lado esquerdo."
"PARQUE NATURAL MUNICIPAL SERRA DO MENDANHA","Angiosperms","Malvaceae","Pavonia","communis","A.St.-Hil.","MALVACEAE Pavonia communis A.St.-Hil.","RFFP25365",,"RFFP","Santos, M.C.F.","2193","Native","2007","Santos, M.C.F.","2007","Bronze","Ouro",,"Rio de Janeiro","Município do Rio de Janeiro, Campo Grande, Parque Natural Municipal da Serra do Mendanha, Trilha da Caninãna. Mata Atlântica, floresta ombrófila densa submontana."
"PARQUE NATURAL MUNICIPAL SERRA DO MENDANHA","Angiosperms","Asteraceae","Tilesia","baccata","(L.) Pruski","ASTERACEAE Tilesia baccata (L.) Pruski","RFFP18489",,"RFFP","Correia, A.R.A.","7","Naturalized","2006","Pinto, L.J.S.",,"Bronze","Ouro",,"Rio de Janeiro","Município do Rio de Janeiro, Parque Natural Municipal da Serra do Mendanha, início da trilha da torre (próximo à sede). Mata Atlântica secundária."
"PARQUE NATURAL MUNICIPAL SERRA DO MENDANHA","Angiosperms","Bromeliaceae","Tillandsia","gardneri","Lindl.","BROMELIACEAE Tillandsia gardneri Lindl.","RFFP29720",,"RFFP","Moura, R.","415","Native","2006","Loyola, R.M.",,"Bronze","Ouro",,"Rio de Janeiro","Parque Natural Municipal da Serra do Mendanha."
"PARQUE NATURAL MUNICIPAL SERRA DO MENDANHA","Angiosperms","Malvaceae","Pseudobombax","grandiflorum","(Cav.) A.Robyns","MALVACEAE Pseudobombax grandiflorum (Cav.) A.Robyns","RFFP27002",,"RFFP","Santos, M.C.F.","1827","Native","2006","Santos, M.C.F.",,"Bronze","Ouro",,"Rio de Janeiro","Município do Rio de Janeiro, Parque Natural Municipal da Serra do Mendanha, entre 200 e 300m na trilha da Caninana, lado esquerdo. Mata Atlântica secundária."
"PARQUE NATURAL MUNICIPAL SERRA DO MENDANHA","Angiosperms","Solanaceae","Athenaea","brasiliana","Hunz.","SOLANACEAE Athenaea brasiliana Hunz.","RFFP27079",,"RFFP","Santos, M.C.F.","1846","Native","2006","Gouvea, Y.F.",,"Bronze","Ouro",,"Rio de Janeiro","coordenadas: latitude: 22º48´02,69”S longitude: 43º04´29,99”W; Município do Rio de Janeiro, Serra do Mendanha, Parque Natural Municipal da Serra do Mendanha, Estrada de Furnas (acesso às torres de retransmissão), próximo ao sítio da rampa de vôo livre (S 22º49´53"" - WO 43º31´64""), lado direito, cerca de 600m de altitude. Mata Atlântica secundária."
"PARQUE NATURAL MUNICIPAL SERRA DO MENDANHA","Angiosperms","Solanaceae","Solanum","castaneum","Carvalho","SOLANACEAE Solanum castaneum Carvalho","RFFP27075",,"RFFP","Santos, M.C.F.","1842","Native","2006","Gouvea, Y.F.",,"Bronze","Ouro",,"Rio de Janeiro","coordenadas: latitude: 22º48´02,69”S longitude: 43º04´29,99”W; Município do Rio de Janeiro, Serra do Mendanha, Parque Natural Municipal da Serra do Mendanha, Estrada de Furnas (acesso às torres de retransmissão), próximo ao sítio da rampa de vôo livre (S 22º 49´53 - WO 43º 31´64""), lado direito, cerca de 600m de altitude. Mata Atlântica secundária."
"PARQUE NATURAL MUNICIPAL SERRA DO MENDANHA","Angiosperms","Solanaceae","Solanum","cladotrichum","Dunal","SOLANACEAE Solanum cladotrichum Dunal","RFFP27074",,"RFFP","Santos, M.C.F.","1841","Native","2006","Gouvea, Y.F.",,"Bronze","Ouro",,"Rio de Janeiro","coordenadas: latitude: 22º48´02,69”S longitude: 43º04´29,99”W; Município do Rio de Janeiro, Serra do Mendanha, Parque Natural Municipal da Serra do Mendanha, Estrada de Furnas (acesso às torres de retransmissão), próximo ao sítio da rampa de vôo livre (S 22º49´53""- WO 43º31´64""), lado esquerdo, cerca de 600m de altitude. Mata Atlântica secundária."
"PARQUE NATURAL MUNICIPAL SERRA DO MENDANHA","Angiosperms","Solanaceae","Solanum","gnaphalocarpon","Vell.","SOLANACEAE Solanum gnaphalocarpon Vell.","192014","x","BHCB","Carvalho, L.J.S.","09","Native","2006","Gouvea, Y.F.",,"Bronze","Ouro",,,"Parque Natural Municipal da Serra do Mendanha, entre 100 a 200m do início da trilha, próximo às torres de retransmissão, no lado direito."
"PARQUE NATURAL MUNICIPAL SERRA DO MENDANHA","Angiosperms","Cyperaceae","Scleria","secans","(L.) Urb.","CYPERACEAE Scleria secans (L.) Urb.","RFFP27038",,"RFFP","Santos, M.C.F.","2039","Native","2006","Machado, D.N.S.","2025","Bronze","Ouro",,"Rio de Janeiro","Parque Natural Municipal da Serra do Mendanha, parte média da trilha da Caninana, lado direito."
"PARQUE NATURAL MUNICIPAL SERRA DO MENDANHA","Angiosperms","Malpighiaceae","Bunchosia","maritima","(Vell.) J.F.Macbr.","MALPIGHIACEAE Bunchosia maritima (Vell.) J.F.Macbr.","RFFP18259","splink","RFFP","Malafaia, A.G.C.","6","Native","2006","Santos, L.C.","2025","Bronze","Ouro",,"Rio de Janeiro","Município do Rio de Janeiro, Campo Grande, Parque Natural Municipal da Serra do Mendanha, 400 m após o início da trilha principal. Mata Atlântica secundária."
"PARQUE NATURAL MUNICIPAL SERRA DO MENDANHA","Angiosperms","Malvaceae","Luehea","grandiflora","Mart.","MALVACEAE Luehea grandiflora Mart.","RFFP27050",,"RFFP","Santos, M.C.F.","1835","Native","2006","Lopes, L.D.","2023","Bronze","Ouro",,"Rio de Janeiro","Município do Rio de Janeiro, Parque Natural Municipal da Serra do Mendanha, início da trilha da Travessia, lado esquerdo. Mata Atlântica secundária."
"PARQUE NATURAL MUNICIPAL SERRA DO MENDANHA","Angiosperms","Solanaceae","Solanum","acerifolium","Dunal","SOLANACEAE Solanum acerifolium Dunal","BHCB192015","splink","BHCB","Santos, M.C.F.","1968","Native","2006","Gouvea, Y.F.","2018","Bronze","Ouro",,"Rio de Janeiro","Parque Natural Municipal da Serra do Mendanha, Estrada de Furnas, antes do sítio da rampa de vôo livre, lado esquerdo."
"PARQUE NATURAL MUNICIPAL SERRA DO MENDANHA","Angiosperms","Apocynaceae","Asclepias","curassavica","L.","APOCYNACEAE Asclepias curassavica L.","RFFP27088",,"RFFP","Santos, M.C.F.","1855","Native","2006","Santos, M.C.F.","2006","Bronze","Ouro",,"Rio de Janeiro","coordenadas: latitude: 22º53´43,13”S longitude: 42º58´22,24”W; Município do Rio de Janeiro, Serra do Mendanha, Parque Natural Municipal da Serra do Mendanha, Estrada de Furnas (acesso às torres de retransmissão), antes do sítio da rampa de vôo livre (S 22º49´53"" - WO 43º31´64""), lado direito, cerca de 600m de altitude."
"PARQUE NATURAL MUNICIPAL SERRA DO MENDANHA","Angiosperms","Bromeliaceae","Aechmea","fasciata","(Lindl.) Baker","BROMELIACEAE Aechmea fasciata (Lindl.) Baker","RFFP29702",,"RFFP","Moura, R.","417","Native","2006","Moura, R.","2006","Bronze","Ouro",,"Rio de Janeiro","Parque Natural Municipal da Serra do Mendanha."
"PARQUE NATURAL MUNICIPAL SERRA DO MENDANHA","Angiosperms","Bromeliaceae","Quesnelia","marmorata","(Lem.) R.W.Read","BROMELIACEAE Quesnelia marmorata (Lem.) R.W.Read","RFFP29708",,"RFFP","Moura, R.","426","Native","2006","Loyola, R.M.","2006","Bronze","Ouro",,"Rio de Janeiro","Parque Natural Municipal da Serra do Mendanha, entrada do parque."
"PARQUE NATURAL MUNICIPAL SERRA DO MENDANHA","Angiosperms","Bromeliaceae","Quesnelia","quesneliana","(Brongn.) L.B.Sm.","BROMELIACEAE Quesnelia quesneliana (Brongn.) L.B.Sm.","RFFP29709",,"RFFP","Moura, R.","427","Native","2006","Loyola, R.M.","2006","Bronze","Ouro",,"Rio de Janeiro","Parque Natural Municipal da Serra do Mendanha, parte média da trilha da Caninana."
"PARQUE NATURAL MUNICIPAL SERRA DO MENDANHA","Angiosperms","Bromeliaceae","Tillandsia","tricholepis","Baker","BROMELIACEAE Tillandsia tricholepis Baker","RFFP26927",,"RFFP","Santos, M.C.F.","1993","Native","2006","Santos, M.C.F.","2006","Bronze","Ouro",,"Rio de Janeiro","Parque Natural Municipal da Serra do Mendanha, início da trilha Principal (da travessia para o PMNI), antes do bambuzal e jaqueiras."
"PARQUE NATURAL MUNICIPAL SERRA DO MENDANHA","Angiosperms","Bromeliaceae","Vriesea","philippocoburgii","Wawra","BROMELIACEAE Vriesea philippocoburgii Wawra","RFFP29703",,"RFFP","Moura, R.","416","Native","2006","Moura, R.","2006","Bronze","Ouro",,"Rio de Janeiro","Parque Natural Municipal da Serra do Mendanha."
"PARQUE NATURAL MUNICIPAL SERRA DO MENDANHA","Ferns and Lycophytes","Aspleniaceae","Asplenium","cristatum","Lam.","ASPLENIACEAE Asplenium cristatum Lam.","RFFP18982","splink","RFFP","Jascone, C.E.","476","Native","2005","Jascone, C.E.",,"Bronze","Ouro",,"Rio de Janeiro","Município do Rio de Janeiro, Campo Grande, Parque Natural Municipal Serra do Mendanha, Rio Fundão. Mata Atlântica, floresta ombrófila densa submontana."
"PARQUE NATURAL MUNICIPAL SERRA DO MENDANHA","Ferns and Lycophytes","Blechnaceae","Blechnum","lanceola","Sw.","BLECHNACEAE Blechnum lanceola Sw.","RFFP18980","splink","RFFP","Jascone, C.E.","474","Native","2005","Jascone, C.E.",,"Bronze","Ouro",,"Rio de Janeiro","Município do Rio de Janeiro, Campo Grande, Parque Natural Municipal Serra do Mendanha, Rio Fundão. Mata Atlântica, floresta ombrófila densa submontana."
"PARQUE NATURAL MUNICIPAL SERRA DO MENDANHA","Ferns and Lycophytes","Dryopteridaceae","Mickelia","guianensis","(Aubl.) R.C.Moran, Labiak & Sundue","DRYOPTERIDACEAE Mickelia guianensis (Aubl.) R.C.Moran, Labiak & Sundue","RFFP18986",,"RFFP","Jascone, C.E.","480","Native","2005","Jascone, C.E.",,"Bronze","Ouro",,"Rio de Janeiro","Município do Rio de Janeiro, Campo Grande, Parque Natural Municipal Serra do Mendanha, Rio Fundão. Mata Atlântica, floresta ombrófila densa submontana."
"PARQUE NATURAL MUNICIPAL SERRA DO MENDANHA","Ferns and Lycophytes","Polypodiaceae","Microgramma","vacciniifolia","(Langsd. & Fisch.) Copel.","POLYPODIACEAE Microgramma vacciniifolia (Langsd. & Fisch.) Copel.","RFFP18979","splink","RFFP","Jascone, C.E.","473","Native","2005","Jascone, C.E.",,"Bronze","Ouro",,"Rio de Janeiro","Município do Rio de Janeiro, Campo Grande, Parque Natural Municipal Serra do Mendanha, Rio Fundão. Mata Atlântica, floresta ombrófila densa submontana."
"PARQUE NATURAL MUNICIPAL SERRA DO MENDANHA","Ferns and Lycophytes","Pteridaceae","Adiantum","obliquum","Willd.","PTERIDACEAE Adiantum obliquum Willd.","RFFP18993","splink","RFFP","Jascone, C.E.","487","Native","2005","Jascone, C.E.",,"Bronze","Ouro",,"Rio de Janeiro","Município do Rio de Janeiro, Campo Grande, Parque Natural Municipal Serra do Mendanha, Rio Fundão. Mata Atlântica, floresta ombrófila densa submontana."
"PARQUE NATURAL MUNICIPAL SERRA DO MENDANHA","Ferns and Lycophytes","Pteridaceae","Hemionitis","tomentosa","(Lam.) Raddi","PTERIDACEAE Hemionitis tomentosa (Lam.) Raddi","RFFP18981","splink","RFFP","Jascone, C.E.","475","Native","2005","Jascone, C.E.",,"Bronze","Ouro",,"Rio de Janeiro","Município do Rio de Janeiro, Campo Grande, Parque Natural Municipal Serra do Mendanha, Rio Fundão. Mata Atlântica, floresta ombrófila densa submontana."
"PARQUE NATURAL MUNICIPAL SERRA DO MENDANHA","Ferns and Lycophytes","Tectariaceae","Tectaria","incisa","Cav.","TECTARIACEAE Tectaria incisa Cav.","RFFP18987","splink","RFFP","Jascone, C.E.","481","Native","2005","Jascone, C.E.",,"Bronze","Ouro",,"Rio de Janeiro","Município do Rio de Janeiro, Campo Grande, Parque Natural Municipal Serra do Mendanha, Rio Fundão. Mata Atlântica, floresta ombrófila densa submontana."
"PARQUE NATURAL MUNICIPAL SERRA DO MENDANHA","Ferns and Lycophytes","Hymenophyllaceae","Vandenboschia","rupestris","(Raddi) Ebihara","HYMENOPHYLLACEAE Vandenboschia rupestris (Raddi) Ebihara","RFFP18974","splink","RFFP","Jascone, C.E.","468","Native","2005","Dutra, G.","2024","Bronze","Ouro",,"Rio de Janeiro","Município do Rio de Janeiro, Campo Grande, Parque Natural Municipal Serra do Mendanha, Rio Fundão. Mata Atlântica, floresta ombrófila densa submontana."
"PARQUE NATURAL MUNICIPAL SERRA DO MENDANHA","Ferns and Lycophytes","Aspleniaceae","Hymenasplenium","triquetrum","(N. Murak. & R.C. Moran) L. Regalado & Prada","ASPLENIACEAE Hymenasplenium triquetrum (N. Murak. & R.C. Moran) L. Regalado & Prada","RFFP18978","splink","RFFP","Jascone, C.E.","472","Native","2005","Sylvestre, L.S.","2023","Bronze","Ouro",,"Rio de Janeiro","Município do Rio de Janeiro, Campo Grande, Parque Natural Municipal Serra do Mendanha, Rio Fundão. Mata Atlântica, floresta ombrófila densa submontana."
"PARQUE NATURAL MUNICIPAL SERRA DO MENDANHA","Angiosperms","Sapotaceae","Chrysophyllum","flexuosum","Mart.","SAPOTACEAE Chrysophyllum flexuosum Mart.","RFFP27218",,"RFFP","Goncalves, M.E.M.B.","80","Native","2005","Lima, R.G.V.N.","2021","Bronze","Ouro",,"Rio de Janeiro","Município do Rio de Janeiro de Janeiro, entre Bangu e Campo Grande, Parque Natural Municipal da Serra do Mendanha, margem do rio Fundão. Mata Atlântica Secundária."
"PARQUE NATURAL MUNICIPAL SERRA DO MENDANHA","Angiosperms","Arecaceae","Desmoncus","polyacanthos","Mart.","ARECACEAE Desmoncus polyacanthos Mart.","RFFP27198",,"RFFP","Goncalves, M.E.M.B.","64","Native","2005","Santos, M.C.F.","2007","Bronze","Ouro",,"Rio de Janeiro","Município do Rio de Janeiro, Campo Grande, Parque Natural Municipal da Serra do Mendanha, margem do rio Fundão, parte média."
"PARQUE NATURAL MUNICIPAL SERRA DO MENDANHA","Angiosperms","Bromeliaceae","Hohenbergia","augusta","(Vell.) É.Morren","BROMELIACEAE Hohenbergia augusta (Vell.) É.Morren","RFFP36996",,"RFFP","Goncalves, M.E.M.B.","68","Native","2005","Moura, R.L.","2005","Bronze","Ouro",,"Rio de Janeiro","Campo Grande, Parque Natural Municipal da Serra de Mendanha, margem do rio Fundão."
"PARQUE NATURAL MUNICIPAL SERRA DO MENDANHA","Angiosperms","Commelinaceae","Dichorisandra","thyrsiflora","J.C.Mikan","COMMELINACEAE Dichorisandra thyrsiflora J.C.Mikan","RFFP26001",,"RFFP","Santos, M.C.F.","1722","Native","2004","Santos, M.C.F.",,"Bronze","Ouro",,"Rio de Janeiro","Município do Rio de Janeiro, Campo Grande, Parque Natural Municipal da Serra do Mendanha, trilha da Caninana, parte média, lado direito. Mata Atlântica secundáriaMata Atlântica secundária."
"PARQUE NATURAL MUNICIPAL SERRA DO MENDANHA","Ferns and Lycophytes","Cyatheaceae","Cyathea","delgadii","Pohl. ex Sternb.","CYATHEACEAE Cyathea delgadii Pohl. ex Sternb.","RFFP19287","splink","RFFP","Jascone, C.E.","158","Native","2004","Jascone, C.E.",,"Bronze","Ouro",,"Nova Iguaçu","Município de Nova Iguaçu, Parque Natural Municipal de Nova Iguaçu, trilha da travessia para o Parque Natural Municipal Serra do Mendanha. Mata Atlântica secundária."
"PARQUE NATURAL MUNICIPAL SERRA DO MENDANHA","Ferns and Lycophytes","Dryopteridaceae","Ctenitis","aspidioides","(C.Presl) Copel.","DRYOPTERIDACEAE Ctenitis aspidioides (C.Presl) Copel.","RFFP18866","splink","RFFP","Jascone, C.E.","143","Native","2004","Jascone, C.E.",,"Bronze","Ouro",,"Rio de Janeiro","Município do Rio de Janeiro, Campo Grande, Parque Natural Municipal Serra do Mendanha, rio Fundão. Mata Atlântica secundária."
"PARQUE NATURAL MUNICIPAL SERRA DO MENDANHA","Ferns and Lycophytes","Dryopteridaceae","Olfersia","cervina","(L.) Kunze","DRYOPTERIDACEAE Olfersia cervina (L.) Kunze","RFFP19390","splink","RFFP","Jascone, C.E.","282","Native","2004","Jascone, C.E.",,"Bronze","Ouro",,"Rio de Janeiro","Campo Grande, Parque Natural Municipal Serra do Mendanha, trilha principal, em um córrego. Mata Atlântica secundária."
"PARQUE NATURAL MUNICIPAL SERRA DO MENDANHA","Ferns and Lycophytes","Gleicheniaceae","Sticherus","bifidus","(Willd.) Ching","GLEICHENIACEAE Sticherus bifidus (Willd.) Ching","RFFP19283","splink","RFFP","Jascone, C.E.","154","Native","2004","Jascone, C.E.",,"Bronze","Ouro",,"Nova Iguaçu","Município de Nova Iguaçu, Parque Natural Municipal de Nova Iguaçu, trilha da travessia para o Parque Natural Municipal Serra do Mendanha. Mata Atlântica secundária."
"PARQUE NATURAL MUNICIPAL SERRA DO MENDANHA","Ferns and Lycophytes","Hymenophyllaceae","Vandenboschia","radicans","(Sw.) Copel.","HYMENOPHYLLACEAE Vandenboschia radicans (Sw.) Copel.","RFFP19380","splink","RFFP","Jascone, C.E.","272","Native","2004","Jascone, C.E.",,"Bronze","Ouro",,"Rio de Janeiro","Campo Grande, Parque Natural Municipal Serra do Mendanha, trilha principal, em um córrego. Mata Atlântica secundária."
"PARQUE NATURAL MUNICIPAL SERRA DO MENDANHA","Ferns and Lycophytes","Lindsaeaceae","Lindsaea","lancea","(L.) Bedd.","LINDSAEACEAE Lindsaea lancea (L.) Bedd.","RFFP19286","splink","RFFP","Jascone, C.E.","157","Native","2004","Jascone, C.E.",,"Bronze","Ouro",,"Nova Iguaçu","Município de Nova Iguaçu, Parque Natural Municipal de Nova Iguaçu, trilha da travessia para o Parque Natural Municipal Serra do Mendanha. Mata Atlântica secundária."
"PARQUE NATURAL MUNICIPAL SERRA DO MENDANHA","Ferns and Lycophytes","Polypodiaceae","Campyloneurum","nitidum","(Kaulf.) C.Presl","POLYPODIACEAE Campyloneurum nitidum (Kaulf.) C.Presl","RFFP18867","splink","RFFP","Jascone, C.E.","144","Native","2004","Jascone, C.E.",,"Bronze","Ouro",,"Rio de Janeiro","Município do Rio de Janeiro, Campo Grande, Parque Natural Municipal Serra do Mendanha, rio Fundão. Mata Atlântica secundária."
"PARQUE NATURAL MUNICIPAL SERRA DO MENDANHA","Ferns and Lycophytes","Pteridaceae","Adiantum","abscissum","Schrad.","PTERIDACEAE Adiantum abscissum Schrad.","RFFP19280","splink","RFFP","Jascone, C.E.","151","Native","2004","Jascone, C.E.",,"Bronze","Ouro",,"Nova Iguaçu","Município de Nova Iguaçu, Parque Natural Municipal de Nova Iguaçu, trilha da travessia para o Parque Natural Municipal Serra do Mendanha. Mata Atlântica secundária."
"PARQUE NATURAL MUNICIPAL SERRA DO MENDANHA","Angiosperms","Ranunculaceae","Clematis","dioica","L.","RANUNCULACEAE Clematis dioica L.","RFFP20946","splink","RFFP","Thuler, E.","15","Unknown","2004","Valente, A.A.",,"Bronze","Ouro",,"Rio de Janeiro","Município do Rio de Janeiro, Parque Natural Municipal da Serra do Mendanha, trilha principal, lado direito. Mata Atlântica secundária."
"PARQUE NATURAL MUNICIPAL SERRA DO MENDANHA","Angiosperms","Rubiaceae","Coffea","arabica","L.","RUBIACEAE Coffea arabica L.","RFFP22176","splink","RFFP","Silva, J.C.F.","1","Naturalized","2004","Pinto, L.J.S.",,"Bronze","Ouro",,"Rio de Janeiro","Município do Rio de Janeiro, Campo Grande, Parque Natural Municipal da Serra do Mendanha. Mata Atlântica Secundária."
"PARQUE NATURAL MUNICIPAL SERRA DO MENDANHA","Ferns and Lycophytes","Saccolomataceae","Saccoloma","inaequale","(Kunze) Mett.","SACCOLOMATACEAE Saccoloma inaequale (Kunze) Mett.","RFFP19282",,"RFFP","Jascone, C.E.","153","Native","2004","Jascone, C.E.",,"Bronze","Ouro",,"Nova Iguaçu","Município de Nova Iguaçu, Parque Natural Municipal de Nova Iguaçu, trilha da travessia para o Parque Natural Municipal Serra do Mendanha. Mata Atlântica secundária."
"PARQUE NATURAL MUNICIPAL SERRA DO MENDANHA","Angiosperms","Sapindaceae","Allophylus","heterophyllus","(Cambess.) Radlk.","SAPINDACEAE Allophylus heterophyllus (Cambess.) Radlk.","RFFP26007",,"RFFP","Santos, M.C.F.","1728","Native","2004","Jascone, C.E.",,"Bronze","Ouro",,"Rio de Janeiro","Município do Rio de Janeiro, Campo Grande, Parque Natural Municipal da Serra do Mendanha, trilha da Caninana, parte média, lado direito (após o 2º ponto da pedra). Mata Atlântica secundária."
"PARQUE NATURAL MUNICIPAL SERRA DO MENDANHA","Ferns and Lycophytes","Selaginellaceae","Selaginella","muscosa","Spring","SELAGINELLACEAE Selaginella muscosa Spring","RFFP18870","splink","RFFP","Jascone, C.E.","147","Native","2004","Jascone, C.E.",,"Bronze","Ouro",,"Rio de Janeiro","Município do Rio de Janeiro, Campo Grande, Parque Natural Municipal Serra do Mendanha, rio Fundão. Mata Atlântica secundária."
"PARQUE NATURAL MUNICIPAL SERRA DO MENDANHA","Ferns and Lycophytes","Thelypteridaceae","Goniopteris","vivipara","(Raddi) Brade","THELYPTERIDACEAE Goniopteris vivipara (Raddi) Brade","RFFP19372","splink","RFFP","Jascone, C.E.","264","Native","2004","Jascone, C.E.",,"Bronze","Ouro",,"Rio de Janeiro","Campo Grande, Parque Natural Municipal Serra do Mendanha, trilha principal.Mata Atlântica secundária."
"PARQUE NATURAL MUNICIPAL SERRA DO MENDANHA","Angiosperms","Cyperaceae","Rhynchospora","tenuiflora","(Brongn.) L.B.Sm.","CYPERACEAE Rhynchospora tenuiflora (Brongn.) L.B.Sm.","RFFP27289",,"RFFP","Goncalves, M.E.M.B.","31","Native","2004","Machado, D.N.S.","2025","Bronze","Ouro",,"Rio de Janeiro","Campo Grande, Parque Natural Municipal da Serra do Mendanha, à beira do Rio Fundão, lado esquerdo."
"PARQUE NATURAL MUNICIPAL SERRA DO MENDANHA","Angiosperms","Malpighiaceae","Bronwenia","ferruginea","(Cav.) W.R.Anderson & C.C.Davis","MALPIGHIACEAE Bronwenia ferruginea (Cav.) W.R.Anderson & C.C.Davis","RFFP27133",,"RFFP","Santos, M.C.F.","1773","Native","2004","Santos, L.C.","2025","Bronze","Ouro",,"Rio de Janeiro","Município do Rio de Janeiro, Campo Grande, Parque Natural Municipal da Serra do Mendanha, trilha da Torre, antes do bananal, lado direito. Mata Atlântica secundária."
"PARQUE NATURAL MUNICIPAL SERRA DO MENDANHA","Angiosperms","Malpighiaceae","Tetrapterys","mucronata","Cav.","MALPIGHIACEAE Tetrapterys mucronata Cav.","RFFP27230",,"RFFP","Goncalves, M.E.M.B.","44","Native","2004","Santos, L.C.","2025","Bronze","Ouro",,"Rio de Janeiro","Município do Rio de Janeiro, Campo Grande, Parque Natural Municipal da Serra do Mendanha, trilha principal, lado direito, antes do brejo. Mata Atlântica Secundária."
"PARQUE NATURAL MUNICIPAL SERRA DO MENDANHA","Angiosperms","Anacardiaceae","Spondias","mombin","L.","ANACARDIACEAE Spondias mombin L.","RFFP26009",,"RFFP","Santos, M.C.F.","1730","Native","2004","Barros, A.A.M.","2024","Bronze","Ouro",,"Rio de Janeiro","Município do Rio de Janeiro, Campo Grande, Parque Natural Municipal da Serra do Mendanha, trilha da Caninana, parte alta, lado direito."
"PARQUE NATURAL MUNICIPAL SERRA DO MENDANHA","Ferns and Lycophytes","Aspleniaceae","Asplenium","regulare","Sw.","ASPLENIACEAE Asplenium regulare Sw.","RFFP19378","splink","RFFP","Jascone, C.E.","270","Native","2004","Sylvestre, L.S.","2023","Bronze","Ouro",,"Rio de Janeiro","Campo Grande, Parque Natural Municipal Serra do Mendanha, trilha principal. Mata Atlântica secundária."
"PARQUE NATURAL MUNICIPAL SERRA DO MENDANHA","Angiosperms","Marantaceae","Stromanthe","porteana","Gris","MARANTACEAE Stromanthe porteana Gris","RB01447305","x","RB","Santos, M.C.F.","1771","Native","2004","Fraga, F.R.M.","2020","Bronze","Ouro",,,"Campo Grande, Parque Natural Municipal da Serra do Mendanha, trilha do capim, após a região úmida na encosta á esquerda."
"PARQUE NATURAL MUNICIPAL SERRA DO MENDANHA","Angiosperms","Myrtaceae","Myrcia","marliereana","A.R.Lourenço & E.Lucas","MYRTACEAE Myrcia marliereana A.R.Lourenço & E.Lucas","RB01409417","x","RB","Santos, M.C.F.","1729","Native","2004","Salgueirinho, T.F.S.","2018","Bronze","Ouro",,,"Campo Grande. Parque Natural Municipal da Serra do Mendanha. Trilha da Caninana. Parte alta ao lado direito."
"PARQUE NATURAL MUNICIPAL SERRA DO MENDANHA","Angiosperms","Bromeliaceae","Billbergia","pyramidalis","(Sims) Lindl.","BROMELIACEAE Billbergia pyramidalis (Sims) Lindl.","RFFP26003",,"RFFP","Santos, M.C.F.","1724","Native","2004","Moura, R.","2006","Bronze","Ouro",,"Rio de Janeiro","Campo Grande, Parque Natural Municipal da Serra do Mendanha, trilha da Caninana, no meio da mata à esquerda da trilha."
"PARQUE NATURAL MUNICIPAL SERRA DO MENDANHA","Angiosperms","Bromeliaceae","Vriesea","procera","(Mart. ex Schult. & Schult.f.) Wittm.","BROMELIACEAE Vriesea procera (Mart. ex Schult. & Schult.f.) Wittm.","RFFP27137",,"RFFP","Santos, M.C.F.","1740","Native","2004","Valente, A.A.","2005","Bronze","Ouro",,"Nova Iguaçu","Campo Grande, Parque Natural Municipal da Serra do Mendanha, sede do Parque em frente à piscina."
"PARQUE NATURAL MUNICIPAL SERRA DO MENDANHA","Angiosperms","Bromeliaceae","Billbergia","zebrina","(Herb.) Lindl.","BROMELIACEAE Billbergia zebrina (Herb.) Lindl.","RFFP27145",,"RFFP","Santos, M.C.F.","1748","Native","2004","Loyola, R.M.","2004","Bronze","Ouro",,"Rio de Janeiro","Campo Grande, Parque Natural Municipal da Serra do Mendanha, área de lazer do Parque próximo á piscina."
"PARQUE NATURAL MUNICIPAL SERRA DO MENDANHA","Angiosperms","Bromeliaceae","Nidularium","purpureum","Beer","BROMELIACEAE Nidularium purpureum Beer","RFFP26005",,"RFFP","Santos, M.C.F.","1726","Native","2004","Loyola, R.M.","2004","Bronze","Ouro",,"Rio de Janeiro","Campo Grande, Parque Natural Municipal da Serra do Mendanha, trilha da Caninana, à beira do Rio Fundão, margem direita."
"PARQUE NATURAL MUNICIPAL SERRA DO MENDANHA","Angiosperms","Araceae","Monstera","adansonii","Schott","ARACEAE Monstera adansonii Schott","RFFP13357","splink","RFFP","Valente, A.A.","334","Native","2003","Santos, M.C.F.",,"Bronze","Ouro",,"Rio de Janeiro","Município do Rio de Janeiro, Campo Grande, Parque Natural Municipal da Serra do Mendanha, Trilha principal entre 100 e 200m. Mata Atlântica Secundária."
"PARQUE NATURAL MUNICIPAL SERRA DO MENDANHA","Ferns and Lycophytes","Aspleniaceae","Asplenium","brasiliense","Sw.","ASPLENIACEAE Asplenium brasiliense Sw.","RFFP18876",,"RFFP","Jascone, C.E.","136","Native","2003","Jascone, C.E.",,"Bronze","Ouro",,"Rio de Janeiro","Município do Rio de Janeiro, Campo Grande, Parque Natural Municipal da Serra do Mendanha, trilha da Caninãna. Mata Atlântica secundária."
"PARQUE NATURAL MUNICIPAL SERRA DO MENDANHA","Ferns and Lycophytes","Blechnaceae","Neoblechnum","brasiliense","(Desv.) Gasper & V.A.O. Dittrich","BLECHNACEAE Neoblechnum brasiliense (Desv.) Gasper & V.A.O. Dittrich","RFFP18891","splink","RFFP","Jascone, C.E.","7","Native","2003","Jascone, C.E.",,"Bronze","Ouro",,"Rio de Janeiro","Município do Rio de Janeiro, Campo Grande, Parque Natural Municipal da Serra do Mendanha, trilha principal. Mata Atlântica submontana secundária, floresta ombrófila densa."
"PARQUE NATURAL MUNICIPAL SERRA DO MENDANHA","Ferns and Lycophytes","Dryopteridaceae","Ctenitis","distans","(Brack.) Ching","DRYOPTERIDACEAE Ctenitis distans (Brack.) Ching","RFFP18917","splink","RFFP","Jascone, C.E.","33","Native","2003","Jascone, C.E.",,"Bronze","Ouro",,"Rio de Janeiro","Município do Rio de Janeiro, Campo Grande, Parque Natural Municipal da Serra do Mendanha, trilha principal. Mata Atlântica submontana secundária, floresta ombrófila densa."
"PARQUE NATURAL MUNICIPAL SERRA DO MENDANHA","Ferns and Lycophytes","Lygodiaceae","Lygodium","volubile","Sw.","LYGODIACEAE Lygodium volubile Sw.","RFFP18901","splink","RFFP","Jascone, C.E.","17","Native","2003","Jascone, C.E.",,"Bronze","Ouro",,"Rio de Janeiro","Município do Rio de Janeiro, Campo Grande, Parque Natural Municipal da Serra do Mendanha, trilha principal. Mata Atlântica submontana secundária, floresta ombrófila densa."
"PARQUE NATURAL MUNICIPAL SERRA DO MENDANHA","Angiosperms","Moraceae","Dorstenia","arifolia","Lam.","MORACEAE Dorstenia arifolia Lam.","RFFP26296",,"RFFP","Santos, M.C.F.","1657","Native","2003","Valente, A.A.",,"Bronze","Ouro",,"Rio de Janeiro","Município do Rio de Janeiro, Campo Grande, Parque Natural Municipal da Serra do Mendanha, à beira do Rio Fundão, parte média. Mata Atlântica secundária."
"PARQUE NATURAL MUNICIPAL SERRA DO MENDANHA","Angiosperms","Moraceae","Dorstenia","tentaculata","Fisch. & C.A.Mey.","MORACEAE Dorstenia tentaculata Fisch. & C.A.Mey.","RFFP26297",,"RFFP","Santos, M.C.F.","1658","Native","2003","Valente, A.A.",,"Bronze","Ouro",,"Rio de Janeiro","Município do Rio de Janeiro, Campo Grande, Parque Natural Municipal da Serra do Mendanha, à beira do Rio Fundão, parte média. Mata Atlântica secundária."
"PARQUE NATURAL MUNICIPAL SERRA DO MENDANHA","Angiosperms","Moraceae","Sorocea","guilleminiana","Gaudich.","MORACEAE Sorocea guilleminiana Gaudich.","RFFP13394","splink","RFFP","Valente, A.A.","383","Native","2003","Valente, A.A.",,"Bronze","Ouro",,"Rio de Janeiro","Município do Rio de Janeiro, Campo Grande, Parque Natural Municipal da Serra do Mendanha, Trilha da Caninana. Mata Atlântica Secundária."
"PARQUE NATURAL MUNICIPAL SERRA DO MENDANHA","Angiosperms","Phyllanthaceae","Margaritaria","nobilis","L.f.","PHYLLANTHACEAE Margaritaria nobilis L.f.","RFFP13395","splink","RFFP","Valente, A.A.","377","Native","2003","Pinto, L.J.S.",,"Bronze","Ouro",,"Rio de Janeiro","Município do Rio de Janeiro, Campo Grande, Parque Natural Municipal da Serra do Mendanha, Trilha da Caninana. Mata Atlântica Secundária."
"PARQUE NATURAL MUNICIPAL SERRA DO MENDANHA","Angiosperms","Polygalaceae","Caamembeca","salicifolia","(Poir.) J.F.B.Pastore","POLYGALACEAE Caamembeca salicifolia (Poir.) J.F.B.Pastore","RFFP13363","splink","RFFP","Valente, A.A.","340","Native","2003","Valente, A.A.",,"Bronze","Ouro",,"Rio de Janeiro","Município do Rio de Janeiro, Campo Grande, Parque Natural Municipal da Serra do Mendanha, Trilha Principal após 500m. Mata Atlântica Secundária."
"PARQUE NATURAL MUNICIPAL SERRA DO MENDANHA","Ferns and Lycophytes","Polypodiaceae","Campyloneurum","aphanophlebium","(Kunze) T.Moore","POLYPODIACEAE Campyloneurum aphanophlebium (Kunze) T.Moore","RFFP18895","splink","RFFP","Jascone, C.E.","11","Native","2003","Jascone, C.E.",,"Bronze","Ouro",,"Rio de Janeiro","Município do Rio de Janeiro, Campo Grande, Parque Natural Municipal da Serra do Mendanha, trilha principal. Mata Atlântica submontana secundária, floresta ombrófila densa."
"PARQUE NATURAL MUNICIPAL SERRA DO MENDANHA","Ferns and Lycophytes","Polypodiaceae","Pleopeltis","angusta","Humb. & Bonpl. ex Willd.","POLYPODIACEAE Pleopeltis angusta Humb. & Bonpl. ex Willd.","RFFP18861",,"RFFP","Jascone, C.E.","134","Unknown","2003","Jascone, C.E.",,"Bronze","Ouro",,"Rio de Janeiro","Município do Rio de Janeiro, Campo Grande, Parque Natural Municipal Serra do Mendanha, trilha da Caninãna. Mata Atlântica secundária."
"PARQUE NATURAL MUNICIPAL SERRA DO MENDANHA","Ferns and Lycophytes","Polypodiaceae","Pleopeltis","hirsutissima","(Raddi) de la Sota","POLYPODIACEAE Pleopeltis hirsutissima (Raddi) de la Sota","RFFP18928","splink","RFFP","Jascone, C.E.","44","Native","2003","Jascone, C.E.",,"Bronze","Ouro",,"Rio de Janeiro","Município do Rio de Janeiro, Campo Grande, Parque Natural Municipal da Serra do Mendanha, trilha principal. Mata Atlântica submontana secundária, floresta ombrófila densa."
"PARQUE NATURAL MUNICIPAL SERRA DO MENDANHA","Ferns and Lycophytes","Pteridaceae","Adiantopsis","radiata","(L.) Fée","PTERIDACEAE Adiantopsis radiata (L.) Fée","RFFP18889","splink","RFFP","Jascone, C.E.","52","Native","2003","Jascone, C.E.",,"Bronze","Ouro",,"Rio de Janeiro","Município do Rio de Janeiro, Campo Grande, Parque Natural Municipal da Serra do Mendanha, trilha da Caninãna. Mata Atlântica submontana secundária, floresta ombrófila densa."
"PARQUE NATURAL MUNICIPAL SERRA DO MENDANHA","Ferns and Lycophytes","Pteridaceae","Adiantum","latifolium","Lam.","PTERIDACEAE Adiantum latifolium Lam.","RFFP18893","splink","RFFP","Jascone, C.E.","9","Native","2003","Jascone, C.E.",,"Bronze","Ouro",,"Rio de Janeiro","Município do Rio de Janeiro, Campo Grande, Parque Natural Municipal da Serra do Mendanha, trilha principal. Mata Atlântica submontana secundária, floresta ombrófila densa."
"PARQUE NATURAL MUNICIPAL SERRA DO MENDANHA","Ferns and Lycophytes","Pteridaceae","Adiantum","pentadactylon","Langsd. & Fisch.","PTERIDACEAE Adiantum pentadactylon Langsd. & Fisch.","RFFP18906","splink","RFFP","Jascone, C.E.","22","Native","2003","Jascone, C.E.",,"Bronze","Ouro",,"Rio de Janeiro","Município do Rio de Janeiro, Campo Grande, Parque Natural Municipal da Serra do Mendanha, trilha principal. Mata Atlântica submontana secundária, floresta ombrófila densa."
"PARQUE NATURAL MUNICIPAL SERRA DO MENDANHA","Ferns and Lycophytes","Pteridaceae","Adiantum","serratodentatum","Willd.","PTERIDACEAE Adiantum serratodentatum Willd.","RFFP18887","splink","RFFP","Jascone, C.E.","50","Native","2003","Jascone, C.E.",,"Bronze","Ouro",,"Rio de Janeiro","Município do Rio de Janeiro, Campo Grande, Parque Natural Municipal da Serra do Mendanha, trilha da Torre. Mata Atlântica submontana secundária, floresta ombrófila densa."
"PARQUE NATURAL MUNICIPAL SERRA DO MENDANHA","Ferns and Lycophytes","Pteridaceae","Doryopteris","varians","(Raddi) J. Sm.","PTERIDACEAE Doryopteris varians (Raddi) J. Sm.","RFFP18937","splink","RFFP","Jascone, C.E.","128","Native","2003","Jascone, C.E.",,"Bronze","Ouro",,"Rio de Janeiro","Município do Rio de Janeiro, Campo Grande, Parque Natural Municipal da Serra do Mendanha, Trilha da Caninãna. Mata Atlântica Submontana Secundária, floresta ombrófila densa."
"PARQUE NATURAL MUNICIPAL SERRA DO MENDANHA","Ferns and Lycophytes","Pteridaceae","Pteris","denticulata","Sw.","PTERIDACEAE Pteris denticulata var. denticulata Sw.","RFFP18912","splink","RFFP","Jascone, C.E.","28","Native","2003","Jascone, C.E.",,"Bronze","Ouro",,"Rio de Janeiro","Município do Rio de Janeiro, Campo Grande, Parque Natural Municipal da Serra do Mendanha, trilha principal. Mata Atlântica submontana secundária, floresta ombrófila densa."
"PARQUE NATURAL MUNICIPAL SERRA DO MENDANHA","Ferns and Lycophytes","Pteridaceae","Pteris","leptophylla","Sw.","PTERIDACEAE Pteris leptophylla Sw.","RFFP18913","splink","RFFP","Jascone, C.E.","29","Native","2003","Jascone, C.E.",,"Bronze","Ouro",,"Rio de Janeiro","Município do Rio de Janeiro, Campo Grande, Parque Natural Municipal da Serra do Mendanha, trilha principal. Mata Atlântica submontana secundária, floresta ombrófila densa."
"PARQUE NATURAL MUNICIPAL SERRA DO MENDANHA","Ferns and Lycophytes","Pteridaceae","Pteris","splendens","Kaulf.","PTERIDACEAE Pteris splendens Kaulf.","RFFP18903","splink","RFFP","Jascone, C.E.","19","Native","2003","Jascone, C.E.",,"Bronze","Ouro",,"Rio de Janeiro","Município do Rio de Janeiro, Campo Grande, Parque Natural Municipal da Serra do Mendanha, trilha principal. Mata Atlântica submontana secundária, floresta ombrófila densa."
"PARQUE NATURAL MUNICIPAL SERRA DO MENDANHA","Angiosperms","Rubiaceae","Genipa","americana","L.","RUBIACEAE Genipa americana L.","RFFP25953",,"RFFP","Santos, M.C.F.","1561","Native","2003","Santos, M.C.F.",,"Bronze","Ouro",,"Rio de Janeiro","Município do Rio de Janeiro, Campo Grande, Parque Natural Municipal da Serra do Mendanha, atrás da casa da Sede do Parque do Mendanha. Floresta Ombrófila Densa Submontana."
"PARQUE NATURAL MUNICIPAL SERRA DO MENDANHA","Ferns and Lycophytes","Selaginellaceae","Selaginella","plana","(Desv. ex Poir.) Hieron.","SELAGINELLACEAE Selaginella plana (Desv. ex Poir.) Hieron.","RFFP18911","splink","RFFP","Jascone, C.E.","27","Naturalized","2003","Jascone, C.E.",,"Bronze","Ouro",,"Rio de Janeiro","Município do Rio de Janeiro, Campo Grande, Parque Natural Municipal da Serra do Mendanha, trilha principal. Mata Atlântica submontana secundária, floresta ombrófila densa."
"PARQUE NATURAL MUNICIPAL SERRA DO MENDANHA","Angiosperms","Solanaceae","Solanum","asterophorum","Mart.","SOLANACEAE Solanum asterophorum Mart.","192019","x","BHCB","Santos, M.C.F.","1361","Native","2003","Gouvea, Y.F.",,"Bronze","Ouro",,,"Campo Grande, Parque Natural Municipal da Serra do Mendanha, trilha da Caninana, após 500m, descendo para o rio."
"PARQUE NATURAL MUNICIPAL SERRA DO MENDANHA","Ferns and Lycophytes","Thelypteridaceae","Macrothelypteris","torresiana","(Gaudich.) Ching","THELYPTERIDACEAE Macrothelypteris torresiana (Gaudich.) Ching","RFFP21377","splink","RFFP","Zumpichiatti, G.","21","Naturalized","2003","Jascone, C.E.",,"Bronze","Ouro",,"Rio de Janeiro","Município do Rio de Janeiro, Campo Grande, Parque Natural Municipal Serra do Mendanha, trilha circular. Mata Atlântica secundária."
"PARQUE NATURAL MUNICIPAL SERRA DO MENDANHA","Angiosperms","Amaranthaceae","Hebanthe","erianthos","(Poir.) Pedersen","AMARANTHACEAE Hebanthe erianthos (Poir.) Pedersen","RFFP13396","splink","RFFP","Valente, A.A.","378","Native","2003","Barros, A.A.M.","2024","Bronze","Ouro",,"Rio de Janeiro","Município do Rio de Janeiro, Campo Grande, Parque Natural Municipal da Serra do Mendanha, Trilha da Caninana."
"PARQUE NATURAL MUNICIPAL SERRA DO MENDANHA","Angiosperms","Nyctaginaceae","Neea","verticillata","Ruiz & Pav.","NYCTAGINACEAE Neea verticillata Ruiz & Pav.","RB00653330","x","RB","Santos, M.C.F.","1562","Native","2003","Costa, D.S.","2015","Bronze","Ouro",,,"Campo Grande, Parque Natural Municipal da Serra do Mendanha, mata à esquerda do Rio Principal, próximo às pedras grandes no meio do rio."
"PARQUE NATURAL MUNICIPAL SERRA DO MENDANHA","Angiosperms","Erythroxylaceae","Erythroxylum","pulchrum","A.St.-Hil.","ERYTHROXYLACEAE Erythroxylum pulchrum A.St.-Hil.","RB00549911","x","RB","Valente, A.","411","Native","2003","J.l.costa-Lima","2012","Bronze","Ouro",,,"Campo Grande, Parque Natural Municipal da Serra do Mendanha, Trilha da Torre, após torre."
"PARQUE NATURAL MUNICIPAL SERRA DO MENDANHA","Angiosperms","Urticaceae","Cecropia","hololeuca","Miq.","URTICACEAE Cecropia hololeuca Miq.","RFFP26392",,"RFFP","Santos, M.C.F.","1270","Native","2003","Carauta, J.J.P.","2005","Bronze","Ouro",,"Rio de Janeiro","Município do Rio de Janeiro, Campo Grande, Parque Natural Municipal da Serra do Mendanha, Trilha Principal, lado direito. Mata Atlântica, floresta ombrófila densa submontana."
"PARQUE NATURAL MUNICIPAL SERRA DO MENDANHA","Angiosperms","Araceae","Anthurium","scandens","(Aubl.) Engl.","ARACEAE Anthurium scandens (Aubl.) Engl.","RB01597529","x","RB","Guimaraes, G.S.","724","Native","2024",,,"Latão","Ouro",,,"Maciço Gericinó-Mendanha. Sob árvore em área de lazer do Parque. Parque Natural Municipal da Serra do Mendanha"
"PARQUE NATURAL MUNICIPAL SERRA DO MENDANHA","Angiosperms","Araceae","Philodendron","nadruzianum","Sakur.","ARACEAE Philodendron nadruzianum Sakur.","RB01597524","x","RB","Guimaraes, G.S.","719","Native","2024",,,"Latão","Ouro",,,"Maciço Gericinó-Mendanha. Se desenvolvendo sob emaranhado de trepadeiras, sob barranco à 3 metros da margem de córrego de cachoeira com canos modernos. Parque Natural Municipal da Serra do Mendanha"
"PARQUE NATURAL MUNICIPAL SERRA DO MENDANHA","Angiosperms","Araceae","Philodendron","propinquum","Schott","ARACEAE Philodendron propinquum Schott","RB01597479","x","RB","Guimaraes, G.S.","674","Native","2024",,,"Latão","Ouro",,,"Maciço Gericinó-Mendanha. Margem do rio. Parque Natural Municipal da Serra do Mendanha"
"PARQUE NATURAL MUNICIPAL SERRA DO MENDANHA","Angiosperms","Moraceae","Sorocea","racemosa","Gaudich.","MORACEAE Sorocea racemosa Gaudich.","RB01597530","x","RB","Guimaraes, G.S.","725","Native","2024",,,"Latão","Ouro",,,"Maciço Gericinó-Mendanha. Sob barranco à 3 metros da margem de córrego de cachoeira com canos modernos. Parque Natural Municipal da Serra do Mendanha"
"PARQUE NATURAL MUNICIPAL SERRA DO MENDANHA","Angiosperms","Combretaceae","Terminalia","acuminata","(Allemão) Eichler","COMBRETACEAE Terminalia acuminata (Allemão) Eichler","RB01102995","x","RB","Fernandez, E.P.","222","Native","2016",,,"Latão","Ouro",,,"Campo Grande. Entrada da Cachoeira do Mendanha. Parque Natural Municipal da Serra do Mendanha"
"PARQUE NATURAL MUNICIPAL SERRA DO MENDANHA","Angiosperms","Myrtaceae","Myrcia","loranthifolia","(DC.) G.P.Burton & E.Lucas","MYRTACEAE Myrcia loranthifolia (DC.) G.P.Burton & E.Lucas","RFFP25338",,"RFFP","Santos, M.C.F.","2240","Native","2007",,,"Latão","Ouro",,"Rio de Janeiro","Município do Rio de Janeiro, Campo Grande, Parque Natural Municipal da Serra do Mendanha, trilha para Cachoeira, após descida íngreme. floresta ombrófila densa submontana."
"PARQUE NATURAL MUNICIPAL SERRA DO MENDANHA","Ferns and Lycophytes","Blechnaceae","Blechnum","occidentale","L.","BLECHNACEAE Blechnum occidentale L.","RFFP19377","splink","RFFP","Jascone, C.E.","269","Native","2004",,,"Latão","Ouro",,"Rio de Janeiro","Campo Grande, Parque Natural Municipal Serra do Mendanha, trilha principal. Mata Atlântica secundária."
