"UC","Grupos","Família","Gênero","Espécie","Autor","Táxon_completo","Barcode","BD_Origem","Herbário","Coletor","Número_da_Coleta","Origem_FFBr","AnoColeta","Identificador","AnoID","ConfiançaID","ConfiançaLoc","Imagens","Município","Localidade"
"ESTAÇÃO ECOLÓGICA MOGI-GUAÇU","Angiosperms","Rubiaceae","Declieuxia","fruticosa","(Willd. ex Roem. & Schult.) Kuntze","RUBIACEAE Declieuxia fruticosa (Willd. ex Roem. & Schult.) Kuntze","UB00333866",,"UB","Eiten, G.","2626","Native",,"Zappi, D.","2025","Ouro","Ouro","jbrj-public.s3-sa-east-1.amazonaws.com/fsi/server?type=image&source=DZI/ub/ub/0/33/38/66/ub00333866.dzi","Mogi Guaçu","“Campos das Sete Lagoas”. Just east of the boundary of the Reserva Florestal at Fazenda Campininha. About 10km north of Rio Mogi-Guaçu and the village of Padua Sales. About 30km NW of city Mogi-Mirim."
"ESTAÇÃO ECOLÓGICA MOGI-GUAÇU","Angiosperms","Burseraceae","Protium","ovatum","Engl.","BURSERACEAE Protium ovatum Engl.","NY00609145",,"NY","Kuhlmann, M.","3930","Native",,"Daly, D.C.","1989","Ouro","Ouro","jbrj-public.s3-sa-east-1.amazonaws.com/fsi/server?type=image&source=DZI/newyork/ny_/0/60/91/45/ny_00609145.dzi","Mogi Guaçu","Mojí-Guaçú, Reserva Florestal, proximidade de Padua Sales, E.F.S."
"ESTAÇÃO ECOLÓGICA MOGI-GUAÇU","Angiosperms","Cyatheaceae","Cyathea","delgadii","Pohl. ex Sternb.","CYATHEACEAE Cyathea delgadii Pohl. ex Sternb.","SJRP00014897",,"SJRP","Simabukuro, G.A.","058","Native","1990","Windisch, P.G.","1990","Ouro","Ouro","jbrj-public-img.s3-sa-east-1.amazonaws.com/JPG/sjrp/sjrp/0/1/48/97/sjrp00014897.jpg","Mogi Guaçu","na reserva florestal."
"ESTAÇÃO ECOLÓGICA MOGI-GUAÇU","Angiosperms","Malvaceae","Helicteres","brevispira","A.St.-Hil.","MALVACEAE Helicteres brevispira A.St.-Hil.","SJRP00006864",,"SJRP","Mattos, J.","12288","Native","1987","Cristobal, C.L.","1987","Ouro","Ouro","jbrj-public-img.s3-sa-east-1.amazonaws.com/JPG/sjrp/sjrp/0/0/68/64/sjrp00006864.jpg","Mogi Guaçu","perto de Padua Sales, reserva florestal (Fazenda Campininha)."
"ESTAÇÃO ECOLÓGICA MOGI-GUAÇU","Angiosperms","Malvaceae","Corchorus",,"L.","MALVACEAE Corchorus L.","UFG0010321",,"UFG","Gibbs, P.","2911","Native","1976",,,"Ouro","Ouro","jbrj-public.s3.amazonaws.com/fsi/server?type=image&source=DZI/ufg/ufg/0/1/3/21/ufg00010321.dzi","Mogi Guaçu","Reserva Florestal da Fazenda Caspiainha"
"ESTAÇÃO ECOLÓGICA MOGI-GUAÇU","Angiosperms","Bromeliaceae","Tillandsia","geminiflora","Brongn.","BROMELIACEAE Tillandsia geminiflora Brongn.","UFG0010192",,"UFG","Gibbs, P.","2915","Native","1976","Strehl, T.","1991","Ouro","Ouro","jbrj-public.s3-sa-east-1.amazonaws.com/fsi/server?type=image&source=DZI/ufg/ufg/0/1/1/92/ufg00010192.dzi","Mogi Guaçu","Reserva Florestal da Fazenda Campininha"
"ESTAÇÃO ECOLÓGICA MOGI-GUAÇU","Angiosperms","Lamiaceae","Eriope","crassipes","Benth.","LAMIACEAE Eriope crassipes Benth.","SPF00082104",,"SPF","Mattos, J.","15465","Native","1969","Harley, R.M.","1997","Ouro","Ouro","jbrj-public.s3-sa-east-1.amazonaws.com/fsi/server?type=image&source=DZI/spf/spf/0/8/21/4/spf00082104.dzi","Mogi Guaçu","Perto de Pádua Sales, Fazenda Campininha (Reserva Florestal). Cerrado degradado."
"ESTAÇÃO ECOLÓGICA MOGI-GUAÇU","Angiosperms","Asteraceae","Chresta","sphaerocephala","DC.","ASTERACEAE Chresta sphaerocephala DC.","ALCB048228",,"ALCB","Mattos, J.","12504","Native","1965","Loeuille, B.","2011","Ouro","Ouro","jbrj-public.s3.amazonaws.com/fsi/server?type=image&source=DZI/alcb/alcb/0/4/82/28/alcb00048228_1.dzi|jbrj-public.s3.amazonaws.com/fsi/server?type=image&source=DZI/alcb/alcb/0/4/82/28/alcb00048228.dzi","Mogi Guaçu","Perto de Pádua Sales, Reserva Florestal ( Fazenda Campininha), perto da Torre."
"ESTAÇÃO ECOLÓGICA MOGI-GUAÇU","Angiosperms","Asteraceae","Emilia","fosbergii","Nicolson","ASTERACEAE Emilia fosbergii Nicolson","ALCB039582",,"ALCB","Mattos, A.","12512","Native","1965","Hind, D.J.N.","1997","Ouro","Ouro","jbrj-public.s3.amazonaws.com/fsi/server?type=image&source=DZI/alcb/alcb/0/3/95/82/alcb00039582.dzi","Mogi Guaçu","Perto de Pádua Sales, Reserva Florestal (Fazenda Campininha), perto da torre."
"ESTAÇÃO ECOLÓGICA MOGI-GUAÇU","Angiosperms","Myrtaceae","Psidium","australe","Cambess.","MYRTACEAE Psidium australe Cambess.","US01889562",,"US","Mattos, J.R.","10620","Native","1962",,"2016","Ouro","Ouro","jbrj-public.s3-sa-east-1.amazonaws.com/fsi/server?type=image&source=DZI/us/us/1/88/95/62/us01889562.dzi","Mogi Guaçu","Reserva florestal (Fazenda Campininha), perto de Pádua Salles"
"ESTAÇÃO ECOLÓGICA MOGI-GUAÇU","Angiosperms","Euphorbiaceae","Croton","glandulosus","L.","EUPHORBIACEAE Croton glandulosus L.","SPF00150758",,"SPF","Mattos, J.","8993","Native","1961","Cordeiro, I.","10/1","Ouro","Ouro","jbrj-public.s3-sa-east-1.amazonaws.com/fsi/server?type=image&source=DZI/spf/spf/0/15/7/58/spf00150758.dzi","Mogi Guaçu","Reserva Florestal. Fazenda Campininha, perto de Pádua Sales."
"ESTAÇÃO ECOLÓGICA MOGI-GUAÇU","Angiosperms","Polygalaceae","Asemeia","martiana","(A.W.Benn.) J.F.B.Pastore & J.R.Abbott","POLYGALACEAE Asemeia martiana (A.W.Benn.) J.F.B.Pastore & J.R.Abbott","NY00784331",,"NY","Eiten, G.","2625","Native","1961","Pastore, J.F.B.","2006","Ouro","Ouro","jbrj-public.s3-sa-east-1.amazonaws.com/fsi/server?type=image&source=DZI/newyork/ny_/0/78/43/31/ny_00784331.dzi","Mogi Guaçu","Campos das Sete Lagôas"". Just east of the boundary of the Reserva Florestal at Fazenda Campininha. About 10 km. north of Rio Moji-Guaçu & the village of PADUA SALES. (About 30 km NW of city MOJI-MIRIM.)"
"ESTAÇÃO ECOLÓGICA MOGI-GUAÇU","Angiosperms","Asteraceae","Trichogonia","attenuata","G.M.Barroso","ASTERACEAE Trichogonia attenuata G.M.Barroso","NY00809451",,"NY","Eiten, G.","1685","Native","1960","Roque, N.","1998","Ouro","Ouro","jbrj-public.s3-sa-east-1.amazonaws.com/fsi/server?type=image&source=DZI/newyork/ny_/0/80/94/51/ny_00809451.dzi","Mogi Guaçu","Campos das Sete Lagôas"". Just west of the boundary of the Reserva Florestal at Fazenda Campininha. About 11 km. NNE of Rio Moji-Guaçu & the village of Pauda Sales. (About 30 km NW of city of Moji-Mirim)."
"ESTAÇÃO ECOLÓGICA MOGI-GUAÇU","Angiosperms","Melastomataceae","Miconia","paucidens","DC.","MELASTOMATACEAE Miconia paucidens DC.","SPF00083156",,"SPF","Handro, O.","894","Native","1959","Goldenberg, R.","2011","Ouro","Ouro","jbrj-public.s3-sa-east-1.amazonaws.com/fsi/server?type=image&source=DZI/spf/spf/0/8/31/56/spf00083156.dzi","Mogi Guaçu","Reserva Florestal, perto de Pádua Sales."
"ESTAÇÃO ECOLÓGICA MOGI-GUAÇU","Angiosperms","Rubiaceae","Coussarea","hydrangeifolia","(Benth.) Müll.Arg.","RUBIACEAE Coussarea hydrangeifolia (Benth.) Müll.Arg.","SPF00077063",,"SPF","Handro, O.","833","Native","1958","Gomes, M.","97","Ouro","Ouro","jbrj-public.s3-sa-east-1.amazonaws.com/fsi/server?type=image&source=DZI/spf/spf/0/7/70/63/spf00077063.dzi","Mogi Guaçu","Reserva Florestal."
"ESTAÇÃO ECOLÓGICA MOGI-GUAÇU","Angiosperms","Apocynaceae","Mandevilla","illustris","(Vell.) Woodson","APOCYNACEAE Mandevilla illustris (Vell.) Woodson","NY00644052",,"NY","Handro, O.","733","Native","1957","Fallen, M.E.","1984","Ouro","Ouro","jbrj-public.s3-sa-east-1.amazonaws.com/fsi/server?type=image&source=DZI/newyork/ny_/0/64/40/52/ny_00644052.dzi","Mogi Guaçu","Mojí-Guaçú, Reserva FLorestal (Fazenda Campininha), perto de Pádua Sales"
"ESTAÇÃO ECOLÓGICA MOGI-GUAÇU","Angiosperms","Rubiaceae","Tocoyena","formosa","(Cham. & Schltdl.) K.Schum.","RUBIACEAE Tocoyena formosa (Cham. & Schltdl.) K.Schum.","NY01096288",,"NY","Handro, O.","714","Native","1957","Kirkbride Junior, J.H.","1977","Ouro","Ouro","jbrj-public.s3-sa-east-1.amazonaws.com/fsi/server?type=image&source=DZI/newyork/ny_/1/9/62/88/ny_01096288.dzi","Mogi Guaçu","Mojí-Guaçú, Reserva Florestal (Fazenda Campininha), perto de Padua Sales"
"ESTAÇÃO ECOLÓGICA MOGI-GUAÇU","Angiosperms","Salicaceae","Casearia","sylvestris","Sw.","SALICACEAE Casearia sylvestris Sw.","ALCB050157",,"ALCB","Kuhlmann, M.","3944","Native","1956","Nepomuceno, F.A.A.","2017","Ouro","Ouro","jbrj-public.s3.amazonaws.com/fsi/server?type=image&source=DZI/alcb/alcb/0/5/1/57/alcb00050157.dzi","Mogi Guaçu","Reserva Florestal Fazenda Campininha, próxima de Padua Sales, E.F.S."
"ESTAÇÃO ECOLÓGICA MOGI-GUAÇU","Ferns and Lycophytes","Sapotaceae","Pouteria","ramiflora","(Mart.) Radlk.","SAPOTACEAE Pouteria ramiflora (Mart.) Radlk.","NY00375530",,"NY","Kuhlmann, M.","3926","Native","1956","Pennington, T.D.","1991","Ouro","Ouro","jbrj-public.s3-sa-east-1.amazonaws.com/fsi/server?type=image&source=DZI/newyork/ny_/0/37/55/30/ny_00375530.dzi","Mogi Guaçu","Moji-Guaçu, Reserva Florestal (Fazenda Campininha)"
"ESTAÇÃO ECOLÓGICA MOGI-GUAÇU","Angiosperms","Piperaceae","Piper","fuligineum","Kunth","PIPERACEAE Piper fuligineum Kunth","SPF00061607",,"SPF","Handro, O.","588","Native","1956","Yuncker, T.G.","1960","Ouro","Ouro","jbrj-public.s3-sa-east-1.amazonaws.com/fsi/server?type=image&source=DZI/spf/spf/0/6/16/7/spf00061607.dzi","Mogi Guaçu","Reserva Florestal (Fazenda Campininha), perto de Pádua Sales."
"ESTAÇÃO ECOLÓGICA MOGI-GUAÇU","Angiosperms","Verbenaceae","Glandularia","sessilis","(Cham.) Tronc.","VERBENACEAE Glandularia sessilis (Cham.) Tronc.","US00118708",,"US","Kuhlmann, M.","3717","Native","1955",,,"Ouro","Ouro","jbrj-public.s3-sa-east-1.amazonaws.com/fsi/server?type=image&source=DZI/us/us/0/11/87/8/us00118708.dzi","Mogi Guaçu","Moji-Guacu, Reserva Florestal."
"ESTAÇÃO ECOLÓGICA MOGI-GUAÇU","Angiosperms","Malpighiaceae","Banisteriopsis","laevifolia","(A.Juss.) B.Gates","MALPIGHIACEAE Banisteriopsis laevifolia (A.Juss.) B.Gates","NY00776912",,"NY","Kuhlmann, M.","3510","Native","1955","Gates, B.","1979","Ouro","Ouro","jbrj-public.s3-sa-east-1.amazonaws.com/fsi/server?type=image&source=DZI/newyork/ny_/0/77/69/12/ny_00776912.dzi","Mogi Guaçu","Moji-Guaçu, Reserva Florestal da Fazenda Campininha"
"ESTAÇÃO ECOLÓGICA MOGI-GUAÇU","Angiosperms","Vitaceae","Cissus","erosa","Rich.","VITACEAE Cissus erosa Rich.","SPF00148402",,"SPF","Handro, O.","432","Native","1955","Lombardi, J.A.","97","Ouro","Ouro","jbrj-public.s3-sa-east-1.amazonaws.com/fsi/server?type=image&source=DZI/spf/spf/0/14/84/2/spf00148402.dzi","Mogi Guaçu","Reserva Florestal (Fazenda Campininha)."
"ESTAÇÃO ECOLÓGICA MOGI-GUAÇU","Angiosperms","Picramniaceae","Picramnia","sellowii","Planch.","PICRAMNIACEAE Picramnia sellowii Planch.","NY00569275",,"NY","Handro, O.","378","Native","1953","Thomas, W.W.","1995","Ouro","Ouro","jbrj-public.s3-sa-east-1.amazonaws.com/fsi/server?type=image&source=DZI/newyork/ny_/0/56/92/75/ny_00569275.dzi","Mogi Guaçu","Mojí-Guassú, Reserva Florestal, perto de Pádua Sales. Da margem do Rio Mojí-Guassú"
"ESTAÇÃO ECOLÓGICA MOGI-GUAÇU","Angiosperms","Fabaceae","Calliandra","parviflora","Benth.","FABACEAE Calliandra parviflora Benth.","MBM041373","REFLORA","MBM","Handro, O.","441","Native","03/00/0","Determiner, N.",,"Ouro","Ouro",,"Mogi Guaçu","Reserva Florestal"
"ESTAÇÃO ECOLÓGICA MOGI-GUAÇU","Angiosperms","Fabaceae",,,"Lindl.","FABACEAE Fabaceae Lindl.","MBM069274","REFLORA","MBM","Mattos, J.","9000","Native","23/00/0","Mattos, N.F.",,"Ouro","Ouro",,"Mogi Guaçu","Mogi -Guaçu, Reserva Florestal"
"ESTAÇÃO ECOLÓGICA MOGI-GUAÇU","Angiosperms","Fabaceae","Mimosa","dolens","(Benth.) Barneby","FABACEAE Mimosa dolens var. acerba (Benth.) Barneby","MBM069259","x","MBM","Mattos, J.","8988","Native",,"Ribas, O.S.",,"Ouro","Ouro",,"Mogi Guaçu","Fazenda Campininha, Reserva Florestal"
"ESTAÇÃO ECOLÓGICA MOGI-GUAÇU","Angiosperms","Verbenaceae","Lantana","camara","L.","VERBENACEAE Lantana camara L.","US00118789","x","US","Eiten, G.","5629","Native",,,,"Ouro","Ouro",,"Mogi Guaçu","Campos das sete Lagoas, fazenda campininha just north of Rio Moji-Guacu."
"ESTAÇÃO ECOLÓGICA MOGI-GUAÇU","Angiosperms","Lauraceae","Nectandra","megapotamica","(Spreng.) Mez","LAURACEAE Nectandra megapotamica (Spreng.) Mez","252183","splink","SP","Rossi, L.","984","Native",,"Baitello, J.B.","2003","Ouro","Ouro",,"Mogi Guaçu","Mata do Português , vizinho a Estação Ecológica de Mogi-Guaçu"
"ESTAÇÃO ECOLÓGICA MOGI-GUAÇU",,"Fabaceae","Mimosa",,"L.","FABACEAE Mimosa L.","HUEFS0287147","splink","HUEFS","Souza, V.C.","40730",,"2017",,,"Ouro","Ouro",,"Mogi Guaçu","Fazenda Campinha."
"ESTAÇÃO ECOLÓGICA MOGI-GUAÇU","Angiosperms","Fabaceae","Stylosanthes","gracilis","Kunth","FABACEAE Stylosanthes gracilis Kunth","RB01382905","JABOT","RB","Souza, V.C.","40653","Native","2017","Souza, V.C.",,"Ouro","Ouro",,"Mogi Guaçu","Fazenda Campinha"
"ESTAÇÃO ECOLÓGICA MOGI-GUAÇU","Angiosperms","Fabaceae","Mimosa","setosa","Benth.","FABACEAE Mimosa setosa Benth.","CEN00131364","REFLORA","CEN","Souza, V.C.","40730","Native","2017","Simon, M.","2024","Ouro","Ouro",,"Mogi Guaçu","Fazenda Campinha."
"ESTAÇÃO ECOLÓGICA MOGI-GUAÇU","Angiosperms","Sapindaceae","Serjania","pinnatifolia","Radlk.","SAPINDACEAE Serjania pinnatifolia Radlk.","ESA138961","splink","ESA","Souza, V.C.","40648","Native","2017","Acevedo, P.","2020","Ouro","Ouro",,"Mogi Guaçu","Fazenda Campinha. Cerrado."
"ESTAÇÃO ECOLÓGICA MOGI-GUAÇU","Angiosperms","Convolvulaceae","Distimake","macrocalyx","(Ruiz & Pav.) A.R. Simões & Staples","CONVOLVULACEAE Distimake macrocalyx (Ruiz & Pav.) A.R. Simões & Staples","ESA138974","splink","ESA","Souza, V.C.","40661","Native","2017","Simao-Bianchini, R.","2018","Ouro","Ouro",,"Mogi Guaçu","Fazenda Campinha. Cerrado."
"ESTAÇÃO ECOLÓGICA MOGI-GUAÇU","Angiosperms","Malpighiaceae","Banisteriopsis","argyrophylla","(A.Juss.) B.Gates","MALPIGHIACEAE Banisteriopsis argyrophylla (A.Juss.) B.Gates","ESA138980","splink","ESA","Souza, V.C.","40667","Native","2017","Sebastiani, R.","2018","Ouro","Ouro",,"Mogi Guaçu","Fazenda Campinha. Cerrado."
"ESTAÇÃO ECOLÓGICA MOGI-GUAÇU","Angiosperms","Sapindaceae","Serjania","reticulata","Cambess.","SAPINDACEAE Serjania reticulata Cambess.","ESA138969","splink","ESA","Souza, V.C.","40656","Native","2017","Acevedo, P.","2018","Ouro","Ouro",,"Mogi Guaçu","Fazenda Campinha. Cerrado."
"ESTAÇÃO ECOLÓGICA MOGI-GUAÇU","Angiosperms","Fabaceae","Crotalaria","martiana","Benth.","FABACEAE Crotalaria martiana Benth.","ESA138968","splink","ESA","Souza, V.C.","40655","Native","2017","Souza, V.C.","2017","Ouro","Ouro",,"Mogi Guaçu","Fazenda Campinha. Cerrado."
"ESTAÇÃO ECOLÓGICA MOGI-GUAÇU","Angiosperms","Myrtaceae","Myrcia","bicarinata","(O.Berg) D.Legrand","MYRTACEAE Myrcia bicarinata (O.Berg) D.Legrand","SPSF00049379","splink","SPSF","Santos, M.F.","849","Native","2012","Santos, M.F.",,"Ouro","Ouro",,"Mogi Guaçu","Estação Ecológica Mogi-Guaçu."
"ESTAÇÃO ECOLÓGICA MOGI-GUAÇU","Angiosperms","Myrtaceae","Myrcia","glomerata","(Cambess.) G.P.Burton & E.Lucas","MYRTACEAE Myrcia glomerata (Cambess.) G.P.Burton & E.Lucas","SPSF00057180","splink","SPSF","Santos, M.F.","850","Native","2012","Santos, M.F.",,"Ouro","Ouro",,"Mogi Guaçu","Estação Ecológica Mogi-Guaçu."
"ESTAÇÃO ECOLÓGICA MOGI-GUAÇU","Angiosperms","Melastomataceae","Miconia","fallax","DC.","MELASTOMATACEAE Miconia fallax DC.","SPSF00045883","splink","SPSF","Arzolla, F.A.R.D.P.","1544","Native","2010","Goldemberg, R.","2014","Ouro","Ouro",,"Mogi Guaçu","Estação Ecológica Mogi-Guaçu."
"ESTAÇÃO ECOLÓGICA MOGI-GUAÇU","Angiosperms","Melastomataceae","Miconia","trianae","Cogn.","MELASTOMATACEAE Miconia trianae Cogn.","SPSF00044001","splink","SPSF","Arzolla, F.A.R.D.P.","1464","Native","2010","Goldemberg, R.","2014","Ouro","Ouro",,"Mogi Guaçu","Estação Ecológica Mogi-Guaçu."
"ESTAÇÃO ECOLÓGICA MOGI-GUAÇU","Angiosperms","Lauraceae","Ocotea","pulchella","(Nees & Mart.) Mez","LAURACEAE Ocotea pulchella (Nees & Mart.) Mez","SPSF00045884","splink","SPSF","Arzolla, F.A.R.D.P.","1545","Native","2010","Baitello, J.B.","2010","Ouro","Ouro",,"Mogi Guaçu","Estação Ecológica Mogi-Guaçu."
"ESTAÇÃO ECOLÓGICA MOGI-GUAÇU","Angiosperms","Meliaceae","Trichilia","pallida","Sw.","MELIACEAE Trichilia pallida Sw.","SPSF00043946","splink","SPSF","Arzolla, F.A.R.D.P.","1445","Native","2010","Pastore, J.A.","2010","Ouro","Ouro",,"Mogi Guaçu","Estação Ecológica Mogi-Guaçu."
"ESTAÇÃO ECOLÓGICA MOGI-GUAÇU","Angiosperms","Myrtaceae","Campomanesia","adamantium","(Cambess.) O.Berg","MYRTACEAE Campomanesia adamantium (Cambess.) O.Berg","SPSF00044021","splink","SPSF","Arzolla, F.A.R.D.P.","1484","Native","2010","Aguiar, O.T.","2010","Ouro","Ouro",,"Mogi Guaçu","Estação Ecológica Mogi-Guaçu."
"ESTAÇÃO ECOLÓGICA MOGI-GUAÇU","Angiosperms","Myrtaceae","Eugenia","pyriformis","Cambess.","MYRTACEAE Eugenia pyriformis Cambess.","SPSF00044022","splink","SPSF","Arzolla, F.A.R.D.P.","1485","Native","2010","Aguiar, O.T.","2010","Ouro","Ouro",,"Mogi Guaçu","Estação Ecológica Mogi-Guaçu."
"ESTAÇÃO ECOLÓGICA MOGI-GUAÇU","Angiosperms","Myrtaceae","Myrcia","rufipes","DC.","MYRTACEAE Myrcia rufipes DC.","45881","x","SPSF","Arzolla, F.A.R.D.P.","1542","Native","2010","Aguiar, O.T.","2010","Ouro","Ouro",,,"Estação Ecológica Mogi-Guaçu."
"ESTAÇÃO ECOLÓGICA MOGI-GUAÇU","Angiosperms","Myrtaceae","Myrcia","subcordata","DC.","MYRTACEAE Myrcia subcordata DC.","SPSF00043936","splink","SPSF","Arzolla, F.A.R.D.P.","1435","Native","2010","Aguiar, O.T.","2010","Ouro","Ouro",,"Mogi Guaçu","Estação Ecológica Mogi-Guaçu."
"ESTAÇÃO ECOLÓGICA MOGI-GUAÇU","Angiosperms","Fabaceae","Andira","fraxinifolia","Benth.","FABACEAE Andira fraxinifolia Benth.","SPSF00038154","splink","SPSF","Guerin, N.","84","Native","2007","Pennington, R.T.","2014","Ouro","Ouro",,"Mogi Guaçu","Estação Ecológica Mogi-Guaçu."
"ESTAÇÃO ECOLÓGICA MOGI-GUAÇU","Angiosperms","Moraceae","Ficus","luschnathiana","(Miq.) Miq.","MORACEAE Ficus luschnathiana (Miq.) Miq.","SPSF00038220","splink","SPSF","Aguiar, O.T.","698","Native","2006","Romaniuc Neto, S.","2007","Ouro","Ouro",,"Mogi Guaçu","Estação Ecológica Mogi-Guaçu."
"ESTAÇÃO ECOLÓGICA MOGI-GUAÇU","Angiosperms","Poaceae","Andropogon","bicornis","L.","POACEAE Andropogon bicornis L.","SPSF00037433","splink","SPSF","Contieri, W.A.",,"Native","2003","Rua, G.H.","2005","Ouro","Ouro",,"Mogi Guaçu","Estação Ecológica Mogi-Guaçu."
"ESTAÇÃO ECOLÓGICA MOGI-GUAÇU","Angiosperms","Rubiaceae","Palicourea","marcgravii","A.St.-Hil.","RUBIACEAE Palicourea marcgravii A.St.-Hil.","UEC115066","splink","UEC","Correa, A.M.","0145","Native","2001","Jung-Mendacolli, S.L.","2002","Ouro","Ouro",,"Mogi Guaçu","Fazenda Campinha, trilha 2."
"ESTAÇÃO ECOLÓGICA MOGI-GUAÇU","Angiosperms","Myrtaceae","Campomanesia","pubescens","(Mart. ex DC.) O.Berg","MYRTACEAE Campomanesia pubescens (Mart. ex DC.) O.Berg","FLOR0031179","splink","FLOR","Mattos, J.","32444","Native","1999","Mattos, J.","1999","Ouro","Ouro",,"Mogi Guaçu","Padua Sales. Reserva Florestal ( Fazenda Campininha)."
"ESTAÇÃO ECOLÓGICA MOGI-GUAÇU","Angiosperms","Myrtaceae","Eugenia","involucrata","DC.","MYRTACEAE Eugenia involucrata DC.","FLOR0031193","splink","FLOR","Mattos, J.","32471","Native","1998","Mattos, J.","1998","Ouro","Ouro",,"Mogi Guaçu","Na Reserva Florestal, no pomar de Fruteiras nativas."
"ESTAÇÃO ECOLÓGICA MOGI-GUAÇU","Angiosperms","Myrtaceae","Eugenia","punicifolia","(Kunth) DC.","MYRTACEAE Eugenia punicifolia (Kunth) DC.","FLOR0031178","splink","FLOR","Mattos, J.","32447","Native","1998","Mattos, J.","1998","Ouro","Ouro",,"Mogi Guaçu","Padua Sales.Reserva Florestal (Fazenda Campininha)."
"ESTAÇÃO ECOLÓGICA MOGI-GUAÇU","Angiosperms","Myrtaceae","Psidium","grandifolium","Mart. ex DC.","MYRTACEAE Psidium grandifolium Mart. ex DC.","FLOR0031203","splink","FLOR","Mattos, J.","32463","Native","1998","Mattos, J.","1998","Ouro","Ouro",,"Mogi Guaçu","Padua Sales, na reserva florestal (Fazenda Campininha)."
"ESTAÇÃO ECOLÓGICA MOGI-GUAÇU","Angiosperms","Euphorbiaceae","Gymnanthes","klotzschiana","Müll.Arg.","EUPHORBIACEAE Gymnanthes klotzschiana Müll.Arg.","HUEFS031527","x","HUEFS","Luchi, A.E.","145","Native","1994","Souza, S.M.A.",,"Ouro","Ouro",,,"Estação Ecológica de Mogi-Guaçu."
"ESTAÇÃO ECOLÓGICA MOGI-GUAÇU","Angiosperms","Thelypteridaceae","Meniscium","chrysodioides","Fée","THELYPTERIDACEAE Meniscium chrysodioides Fée","BHCB01118000",,"BHCB","Simabukuro, E.A.","96","Native","1993","Fernandes, R.S.","2014","Ouro","Ouro",,"Mogi Guaçu","Reserva Florestal."
"ESTAÇÃO ECOLÓGICA MOGI-GUAÇU","Angiosperms","Thelypteridaceae","Christella","dentata","(Forssk.) Brownsey & Jermy","THELYPTERIDACEAE Christella dentata (Forssk.) Brownsey & Jermy","UEC062957","splink","UEC","Simabukuro, E.A.","97","Native","1993","Salino, A.","1993","Ouro","Ouro",,"Mogi Guaçu","Reserva Florestal"
"ESTAÇÃO ECOLÓGICA MOGI-GUAÇU","Angiosperms","Rubiaceae","Chomelia","pohliana","Müll.Arg.","RUBIACEAE Chomelia pohliana Müll.Arg.","JPB0054681","splink","JPB","Godoi, J.V.","176","Native","1992","Barbosa, M.R.","1999","Ouro","Ouro",,"Mogi Guaçu","Reserva Florestal (Fazenda Campininha)"
"ESTAÇÃO ECOLÓGICA MOGI-GUAÇU","Angiosperms","Gleicheniaceae","Dicranopteris","flexuosa","(Schrad.) Underw.","GLEICHENIACEAE Dicranopteris flexuosa (Schrad.) Underw.","UEC076504","splink","UEC","Simabukuro, E.A.","87","Native","1991","Lima, L.V.","2017","Ouro","Ouro",,"Mogi Guaçu","Reserva Florestal"
"ESTAÇÃO ECOLÓGICA MOGI-GUAÇU","Angiosperms","Blechnaceae","Parablechnum","usterianum","(Christ) Gasper & Salino","BLECHNACEAE Parablechnum usterianum (Christ) Gasper & Salino","UEC060093","splink","UEC","Simabukuro, E.A.","86","Native","1990","Dittrich, V.A.O.","2006","Ouro","Ouro",,"Mogi Guaçu","Reserva Florestal de Mogi Guaçu"
"ESTAÇÃO ECOLÓGICA MOGI-GUAÇU","Angiosperms","Thelypteridaceae","Amauropelta","pachyrhachis","(Kunze ex Mett.) Salino & T.E.Almeida","THELYPTERIDACEAE Amauropelta pachyrhachis (Kunze ex Mett.) Salino & T.E.Almeida","UEC062837","splink","UEC","Simabukuro, E.A.","80","Native","1990","Salino, A.","1996","Ouro","Ouro",,"Mogi Guaçu","Reserva Florestal"
"ESTAÇÃO ECOLÓGICA MOGI-GUAÇU","Angiosperms","Thelypteridaceae","Amauropelta","rivularioides","(Fée) Salino & T.E.Almeida","THELYPTERIDACEAE Amauropelta rivularioides (Fée) Salino & T.E.Almeida","UEC062801","splink","UEC","Simabukuro, E.A.","83","Native","1990","Salino, A.","1996","Ouro","Ouro",,"Mogi Guaçu","Reserva Florestal"
"ESTAÇÃO ECOLÓGICA MOGI-GUAÇU","Angiosperms","Thelypteridaceae","Cyclosorus","interruptus","(Willd.) H. Ito","THELYPTERIDACEAE Cyclosorus interruptus (Willd.) H. Ito","UEC062908","splink","UEC","Esteves, L.M.","63","Native","1985","Salino, A.","1997","Ouro","Ouro",,"Mogi Guaçu","Reserva Florestal"
"ESTAÇÃO ECOLÓGICA MOGI-GUAÇU","Angiosperms","Thelypteridaceae","Meniscium","longifolium","Desv.","THELYPTERIDACEAE Meniscium longifolium Desv.","UEC062894","splink","UEC","Esteves, L.M.","69","Native","1985","Salino, A.","1997","Ouro","Ouro",,"Mogi Guaçu","Reserva Florestal de Mogi Guaçu"
"ESTAÇÃO ECOLÓGICA MOGI-GUAÇU","Angiosperms","Polygalaceae","Senega","poaya","(Mart.) J.F.B.Pastore","POLYGALACEAE Senega poaya (Mart.) J.F.B.Pastore","UEC079242","splink","UEC","Machado Neto, A.","s.n.","Native","1983","Pastore, J.F.B.","2010","Ouro","Ouro",,"Mogi Guaçu","Reserva Florestal da Campininha."
"ESTAÇÃO ECOLÓGICA MOGI-GUAÇU","Angiosperms","Sapindaceae","Serjania","obtusidentata","Radlk.","SAPINDACEAE Serjania obtusidentata Radlk.","UEC082940","splink","UEC","Kinoshita, L.S.","14235","Native","1982","Somner, G.V.","1991","Ouro","Ouro",,"Mogi Guaçu","Reserva florestal da Fazenda Campininha."
"ESTAÇÃO ECOLÓGICA MOGI-GUAÇU","Angiosperms","Bignoniaceae","Fridericia","platyphylla","(Cham.) L.G.Lohmann","BIGNONIACEAE Fridericia platyphylla (Cham.) L.G.Lohmann","SPF00181026","splink","SPF","Mantovani, W.","1188","Native","1981","Lohmann, L.G.","2007","Ouro","Ouro",,"Mogi Guaçu","Padua SalesReserva Florestal da Fazenda Capininha"
"ESTAÇÃO ECOLÓGICA MOGI-GUAÇU","Angiosperms","Fabaceae","Leptolobium","dasycarpum","Vogel","FABACEAE Leptolobium dasycarpum Vogel","UEC080373","splink","UEC","Kuhlmann, M.","3565","Native","1981","Rodrigues, R.S.","2005","Ouro","Ouro",,"Mogi Guaçu","Reserva Biológica da Fazenda Campininha, Reserva Florestal. No cerrado."
"ESTAÇÃO ECOLÓGICA MOGI-GUAÇU","Angiosperms","Rubiaceae","Eumachia","cephalantha","(Müll. Arg.) Delprete & J.H. Kirkbr.","RUBIACEAE Eumachia cephalantha (Müll. Arg.) Delprete & J.H. Kirkbr.","269344","x","COL","Gonzalez, E.F.","8448","Native","1980","Taylor, C.M.","2015","Ouro","Ouro",,"Mogi Guaçu","Moji-Guaçu, Fazenda Campinha."
"ESTAÇÃO ECOLÓGICA MOGI-GUAÇU","Angiosperms","Rubiaceae","Palicourea","sessilis","(Vell.) C.M.Taylor","RUBIACEAE Palicourea sessilis (Vell.) C.M.Taylor","268376a","x","COL","Gonzalez, E.F.","8430","Native","1980","Taylor, C.M.","2015","Ouro","Ouro",,"Mogi Guaçu","Mun. Mojí-Guacú, Padua Sales, Fazenda Campinha."
"ESTAÇÃO ECOLÓGICA MOGI-GUAÇU","Angiosperms","Fabaceae","Desmodium","incanum","(Sw.) DC.","FABACEAE Desmodium incanum (Sw.) DC.","HUEFS0135019","splink","HUEFS","Chiea, S.A.C.","72","Native","1980","Lima, L.C.P.","2011","Ouro","Ouro",,"Mogi Guaçu","Estação experimental de Mogi-Guaçu, fazenda Campinha."
"ESTAÇÃO ECOLÓGICA MOGI-GUAÇU","Angiosperms","Apocynaceae","Tabernaemontana","catharinensis","A.DC.","APOCYNACEAE Tabernaemontana catharinensis A.DC.","MBM069088",,"MBM","Custodio Filho, A.","404","Native","1980","Koch, I.","2009","Ouro","Ouro",,"Mogi Guaçu","Fazenda Campinha."
"ESTAÇÃO ECOLÓGICA MOGI-GUAÇU","Angiosperms","Primulaceae","Myrsine","guianensis","(Aubl.) Kuntze","PRIMULACEAE Myrsine guianensis (Aubl.) Kuntze","RB00533018","x","RB","Forero, E.","8204","Native","1980","Jung-Mendacolli, S.L.","2002","Ouro","Ouro",,"Mogi Guaçu","Mun. de Mojí-Guaçú, Padua Sales, Fazenda Campinha."
"ESTAÇÃO ECOLÓGICA MOGI-GUAÇU","Angiosperms","Lythraceae","Diplusodon","virgatus","Pohl","LYTHRACEAE Diplusodon virgatus Pohl","CEN00029213","splink","CEN","Melo, M.M.R.F.","194","Native","1980","Cavalcanti, T.B.","1994","Ouro","Ouro",,"Mogi Guaçu","Estação Experimental de Moji-Guaçu, Fazenda Campinha."
"ESTAÇÃO ECOLÓGICA MOGI-GUAÇU","Angiosperms","Gesneriaceae","Sinningia","elatior","(Kunth) Chautems","GESNERIACEAE Sinningia elatior (Kunth) Chautems","186328","x","COL","Jung, S.L.","85","Native","1977","Chautems, A.","2016","Ouro","Ouro",,"Mogi Guaçu","Moji-Guaçu, Fazenda Campinha."
"ESTAÇÃO ECOLÓGICA MOGI-GUAÇU","Angiosperms","Lauraceae","Ocotea","corymbosa","(Meisn.) Mez","LAURACEAE Ocotea corymbosa (Meisn.) Mez","UB1009952","splink","UB","Gibbs, P.E.","4280","Native","1977","Alves, F.M.","2012","Ouro","Ouro",,"Mogi Guaçu","25km NW de Mogi-Guaçu. Estação Experimental de Mogi-Guaçu (Fazenda Campinha)."
"ESTAÇÃO ECOLÓGICA MOGI-GUAÇU","Angiosperms","Fabaceae","Mimosa","xanthocentra","Mart.","FABACEAE Mimosa xanthocentra Mart.","IBGE00014907","REFLORA","IBGE","Gibbs, P.E.","4230","Native","1977","Simon, M.F.","2001","Ouro","Ouro",,"Mogi Guaçu","Estação experimental de Mogi-Guaçú (Fazenda Campinha). Folha Cartográfica."
"ESTAÇÃO ECOLÓGICA MOGI-GUAÇU","Angiosperms","Fabaceae","Mimosa","debilis","Humb. & Bonpl. ex Willd.","FABACEAE Mimosa debilis var. debilis Humb. & Bonpl. ex Willd.","6998","splink","UEC","Gibbs, P.E.","4319","Native","1977","Tamashiro, J.Y.","1997","Ouro","Ouro",,"Mogi Guaçu","Estação experimental de Mogi Guaçu, Fazenda Campinha. Cerrado-cerradão."
"ESTAÇÃO ECOLÓGICA MOGI-GUAÇU","Angiosperms","Fabaceae","Enterolobium","gummiferum","(Mart.) J.F.Macbr.","FABACEAE Enterolobium gummiferum (Mart.) J.F.Macbr.","NY00408750","splink","NY","Gibbs, P.E.","3374","Native","1976","Mesquita, A.L.",,"Ouro","Ouro",,"Mogi Guaçu","25km NW de Mogi-Guaçú. Estaçao Experimental de Mogi-Guaçú (Fazenda Campinha)"
"ESTAÇÃO ECOLÓGICA MOGI-GUAÇU","Angiosperms","Myrtaceae","Myrcia","bella","Cambess.","MYRTACEAE Myrcia bella Cambess.","SP029614","splink","SP","Mattos, J.","16366","Native","1976","Mattos, J.R.",,"Ouro","Ouro",,"Mogi Guaçu","Perto de Pádua Sales, Reserva Florestal, Fazenda Campininha. No cerrado."
"ESTAÇÃO ECOLÓGICA MOGI-GUAÇU","Angiosperms","Rubiaceae","Faramea","stenantha","Müll.Arg.","RUBIACEAE Faramea stenantha Müll.Arg.","UB1010021","splink","UB","Gibles, P.","2906","Native","1976","Jardim, J.","2004","Ouro","Ouro",,"Mogi Guaçu","Reserva Florestal da Fazenda Campininha."
"ESTAÇÃO ECOLÓGICA MOGI-GUAÇU","Angiosperms","Fabaceae","Cyclolobium","brasiliense","Benth.","FABACEAE Cyclolobium brasiliense Benth.","7894","splink","UEC","Gibbs, P.E.","2904","Native","1976","Rodrigues, R.S.","2003","Ouro","Ouro",,"Mogi Guaçu","Reserva Florestal da Fazenda Campininha"
"ESTAÇÃO ECOLÓGICA MOGI-GUAÇU","Angiosperms","Malvaceae","Corchorus","hirtus","L.","MALVACEAE Corchorus hirtus L.","15019","splink","UEC","Gibbs, P.E.","2911","Native","1976","Souza, B.M.","1997","Ouro","Ouro",,"Mogi Guaçu","Reserva Florestal da Fazenda Campininha"
"ESTAÇÃO ECOLÓGICA MOGI-GUAÇU","Angiosperms","Rubiaceae","Faramea","hyacinthina","Mart.","RUBIACEAE Faramea hyacinthina Mart.","UEC111267","splink","UEC","Gibbs, P.E.","2906","Native","1976","Gomes, M.","1997","Ouro","Ouro",,"Mogi Guaçu","reserva florestal da fazenda campiniinha"
"ESTAÇÃO ECOLÓGICA MOGI-GUAÇU","Angiosperms","Sapotaceae","Pouteria","gardneriana","(A.DC.) Radlk.","SAPOTACEAE Pouteria gardneriana (A.DC.) Radlk.","UEC092966","splink","UEC","Gibbs, P.E.","29005","Native","1976","Carneiro, C.E.","1996","Ouro","Ouro",,"Mogi Guaçu","Reserva Florestal da Fazenda Campiniha."
"ESTAÇÃO ECOLÓGICA MOGI-GUAÇU","Angiosperms","Bignoniaceae","Tabebuia","insignis","(Miq.) Sandwith","BIGNONIACEAE Tabebuia insignis (Miq.) Sandwith","UEC148510","splink","UEC","Gibbs, P.E.","2903","Native","1976","Gentry, A.","1983","Ouro","Ouro",,"Mogi Guaçu","reserva florestal Fazenda Campininha"
"ESTAÇÃO ECOLÓGICA MOGI-GUAÇU","Angiosperms","Bignoniaceae","Fridericia","poeppigii","(DC.) L.G.Lohmann","BIGNONIACEAE Fridericia poeppigii (DC.) L.G.Lohmann","HUEFS0040459","splink","HUEFS","Mattos, J.","16240","Native","1975","Silva-Castro, M.M.","2015","Ouro","Ouro",,"Mogi Guaçu","Perto de Pádua Salles, na Reserva Florestal (Fazenda Campininha)."
"ESTAÇÃO ECOLÓGICA MOGI-GUAÇU","Angiosperms","Myrtaceae","Psidium","guineense","Sw.","MYRTACEAE Psidium guineense Sw.","FLOR0040277","splink","FLOR","Mattos, J.","16054","Native","1974",,,"Ouro","Ouro",,"Mogi Guaçu","Perto de Pádua Sales, na Reserva Florestal, Fazenda Campininha."
"ESTAÇÃO ECOLÓGICA MOGI-GUAÇU","Angiosperms","Bignoniaceae","Fridericia","formosa","(Bureau) L.G.Lohmann","BIGNONIACEAE Fridericia formosa (Bureau) L.G.Lohmann","1026601","splink","MO","Mattos, J.R.","16240","Native","1974","Kaehler, M.","2016","Ouro","Ouro",,"Mogi Guaçu","Mogi-Guacu. Perto de Padua Sales na Reserva Florestal."
"ESTAÇÃO ECOLÓGICA MOGI-GUAÇU","Angiosperms","Myrtaceae","Eugenia","bimarginata","DC.","MYRTACEAE Eugenia bimarginata DC.","K001021832","splink","K","Mattos, J.","19362","Native","1972",,,"Ouro","Ouro",,"Mogi Guaçu","Perto de Pádua Sales, Reserva Florestal, Fazenda Campininha."
"ESTAÇÃO ECOLÓGICA MOGI-GUAÇU","Angiosperms","Myrtaceae","Myrcia","subalpestris","DC.","MYRTACEAE Myrcia subalpestris DC.","SP032800","splink","SP","Mattos, J.","16361","Native","1972","Lima, D.F.","2016","Ouro","Ouro",,"Mogi Guaçu","Perto de Padua Sales, na Reserva Florestal , Fazenda Campininha."
"ESTAÇÃO ECOLÓGICA MOGI-GUAÇU","Angiosperms","Rubiaceae","Rudgea","viburnoides","(Cham.) Benth.","RUBIACEAE Rudgea viburnoides (Cham.) Benth.","101598","splink","CEPEC","Mattos, J.","12527","Native","1971","Zappi, D.C.",,"Ouro","Ouro",,"Mogi Guaçu","Perto de Pádua Sales. Reserva Florestal, Fazenda Campininha, perto do Rio Mogi Guaçu."
"ESTAÇÃO ECOLÓGICA MOGI-GUAÇU","Angiosperms","Euphorbiaceae","Acalypha","velamea","Baill.","EUPHORBIACEAE Acalypha velamea Baill.","SP0102912","splink","SP","Mattos, J.","15257","Native","1967","Sousa, A.A.C.","2018","Ouro","Ouro",,"Mogi Guaçu","Reserva Florestal. Fazenda Campininha. Perto de Pádua Sales. No cerrado degradado."
"ESTAÇÃO ECOLÓGICA MOGI-GUAÇU","Angiosperms","Verbenaceae","Lippia","origanoides","Kunth","VERBENACEAE Lippia origanoides Kunth","CESJ037431","splink","CESJ","Mattos, J.","14483","Native","1967","Salimena, F.R.G.","2017","Ouro","Ouro",,"Mogi Guaçu","Fazenda Campininha, Perto de Pádua Sales, Reserva Florestal."
"ESTAÇÃO ECOLÓGICA MOGI-GUAÇU","Angiosperms","Onagraceae","Ludwigia","sericea","(Cambess.) H.Hara","ONAGRACEAE Ludwigia sericea (Cambess.) H.Hara","HAS0088952","splink","HAS","Mattos, J.","14404","Native","1967","Cocco, S.P.","2014","Ouro","Ouro",,"Mogi Guaçu","Perto de Pádua Sales, quase na divisa com a Reserva Florestal (Fazenda Campininha)"
"ESTAÇÃO ECOLÓGICA MOGI-GUAÇU","Angiosperms","Fabaceae","Senna","silvestris","(Vell.) H.S.Irwin & Barneby","FABACEAE Senna silvestris (Vell.) H.S.Irwin & Barneby","HUEFS0099952","splink","HUEFS","Mattos, J.","14481","Native","1967","Queiroz, L.P.","2010","Ouro","Ouro",,"Mogi Guaçu","perto de Pádua Sales, Reserva Florestal, Fazenda Campininha."
"ESTAÇÃO ECOLÓGICA MOGI-GUAÇU","Angiosperms","Burseraceae","Protium","spruceanum","(Benth.) Engl.","BURSERACEAE Protium spruceanum (Benth.) Engl.","SP046607","splink","SP","Mattos, J.","15062","Native","1967","Lima, L.R.","2005","Ouro","Ouro",,"Mogi Guaçu","Fazenda Campininha, Perto de Pádua Sales, Reserva Florestal."
"ESTAÇÃO ECOLÓGICA MOGI-GUAÇU","Angiosperms","Poaceae","Andropogon","glaziovii","Hack.","POACEAE Andropogon glaziovii Hack.","SP040316","splink","SP","Mattos, J.","14489","Native","1967","Zanin, A.","2001","Ouro","Ouro",,"Mogi Guaçu","Fazenda Campininha, perto de Pádua Sales, Reserva Florestal (Fazenda Campininha)"
"ESTAÇÃO ECOLÓGICA MOGI-GUAÇU","Angiosperms","Myrtaceae","Blepharocalyx","salicifolius","(Kunth) O.Berg","MYRTACEAE Blepharocalyx salicifolius (Kunth) O.Berg","CEN00062575","splink","CEN","Mattos, J.","14403","Native","1967","Barroso, G.M.","1989","Ouro","Ouro",,"Mogi Guaçu","Perto de Padua Sales, quase na divisa com a Reserva Florestal, fazenda Campininha"
"ESTAÇÃO ECOLÓGICA MOGI-GUAÇU","Angiosperms","Euphorbiaceae","Croton","didrichsenii","G.L.Webster","EUPHORBIACEAE Croton didrichsenii G.L.Webster","SP0157771","splink","SP","Mattos, J.R.","13673","Native","1966","Cordeiro, I.","2006","Ouro","Ouro",,"Mogi Guaçu","Perto de Pádua Sales, na Reserva Florestal (Fazenda Campininha).&nf;No cerrado degradado."
"ESTAÇÃO ECOLÓGICA MOGI-GUAÇU","Angiosperms","Fabaceae","Mimosa","calycina","Benth.","FABACEAE Mimosa calycina Benth.","157746","splink","SP","Mattos, J.R.","13691","Native","1966","Fortunato, R.","1987","Ouro","Ouro",,"Mogi Guaçu","Fazenda Campininha, Perto de Pádua Sales, reserva Florestal"
"ESTAÇÃO ECOLÓGICA MOGI-GUAÇU","Angiosperms","Malpighiaceae","Peixotoa","reticulata","Griseb.","MALPIGHIACEAE Peixotoa reticulata Griseb.","SP020718","splink","SP","Mattos, J.","13680","Native","1966","Mamede, M.C.H.","1987","Ouro","Ouro",,"Mogi Guaçu","Pádua Sales, Reserva Florestal, Fazenda Campininha"
"ESTAÇÃO ECOLÓGICA MOGI-GUAÇU","Angiosperms","Malvaceae","Byttneria","sagittifolia","A. St.-Hil.","MALVACEAE Byttneria sagittifolia A. St.-Hil.","40518","splink","FUEL","Mattos, J.","13671","Native","1966","Cristobal, C.L.","1987","Ouro","Ouro",,"Mogi Guaçu","Perto de Pádua Sales na Reserva Florestal, Fazenda Campininha"
"ESTAÇÃO ECOLÓGICA MOGI-GUAÇU","Angiosperms","Asteraceae","Echinocoryne","schwenkiifolia","(Mart. ex DC.) H.Rob.","ASTERACEAE Echinocoryne schwenkiifolia (Mart. ex DC.) H.Rob.","UEC134115","splink","UEC","Mattos, J.","12495","Native","1965","Barroso, G.M.",,"Ouro","Ouro",,"Mogi Guaçu","Perto de Pádua Sales, Reserva Florestal Fazenda Campininha, perto da torre."
"ESTAÇÃO ECOLÓGICA MOGI-GUAÇU","Angiosperms","Bignoniaceae","Adenocalymma","bracteatum","(Cham.) DC.","BIGNONIACEAE Adenocalymma bracteatum (Cham.) DC.","SPF00181017","splink","SPF","Mattos, J.","12251","Native","1965","Gentry, A.H.",,"Ouro","Ouro",,"Mogi Guaçu","Perto de Padua Sales, Reserva Florestal da Fazenda CapininhaNo Cerradão"
"ESTAÇÃO ECOLÓGICA MOGI-GUAÇU","Angiosperms","Sapindaceae","Serjania","lethalis","A.St.-Hil.","SAPINDACEAE Serjania lethalis A.St.-Hil.","31110","x","FUEL","Mattos, J.","12524","Native","1965","Barroso, G.M.",,"Ouro","Ouro",,"Mogi Guaçu","Fazenda Campininha, Reserva Florestal, Perto de Pádua Sales,Reserva Florestal, perto do Rio Mojí-Guaçú."
"ESTAÇÃO ECOLÓGICA MOGI-GUAÇU","Angiosperms","Scrophulariaceae","Buddleja","stachyoides","Cham. & Schltdl.","SCROPHULARIACEAE Buddleja stachyoides Cham. & Schltdl.","193735","splink","ICN","Mattos, J.","12514","Native","1965","Coelho, G.P.",,"Ouro","Ouro",,"Mogi Guaçu","perto de Pádua Sales, Reserva Florestal da Fazenda Campininha"
"ESTAÇÃO ECOLÓGICA MOGI-GUAÇU","Angiosperms","Asteraceae","Pterocaulon","rugosum","(Vahl) Malme","ASTERACEAE Pterocaulon rugosum (Vahl) Malme","HUFU00085998","splink","HUFU","Mattos, J.","12249","Native","1965","Monge, M.","2024","Ouro","Ouro",,"Mogi Guaçu","Reserva Florestal da Fazenda Campininha"
"ESTAÇÃO ECOLÓGICA MOGI-GUAÇU","Angiosperms","Fabaceae","Mimosa","radula","Benth.","FABACEAE Mimosa radula Benth.","157920","x","SP","Mattos, J.","12481","Native","1965","Borges, L.M.","2024","Ouro","Ouro",,"Mogi Guaçu","Fazenda Campininha, Perto de Pádua Sales, Reserva Florestal, perto da Torre"
"ESTAÇÃO ECOLÓGICA MOGI-GUAÇU","Angiosperms","Arecaceae","Acrocomia","emensis","(Toledo) Lorenzi","ARECACEAE Acrocomia emensis (Toledo) Lorenzi","SP055694","splink","SP","Mattos, J.","12475","Native","1965","Lima, G.P.","2017","Ouro","Ouro",,"Mogi Guaçu","Fazenda Campininha, Perto de Pádua Sales, Reserva Florestal, junto à torre"
"ESTAÇÃO ECOLÓGICA MOGI-GUAÇU","Angiosperms","Asteraceae","Moquiniastrum","pulchrum","(Cabrera) G.Sancho","ASTERACEAE Moquiniastrum pulchrum (Cabrera) G.Sancho","UEC155695","splink","UEC","Mattos, J.","12275","Native","1965","Monge, M.","2015","Ouro","Ouro",,"Mogi Guaçu","perto de Pádua sales, reserva florestal, fazenda campininha"
"ESTAÇÃO ECOLÓGICA MOGI-GUAÇU","Angiosperms","Asteraceae","Vernonanthura","membranacea","(Gardner) H.Rob.","ASTERACEAE Vernonanthura membranacea (Gardner) H.Rob.","UEC155281","splink","UEC","Mattos, J.","12244","Native","1965","Monge, M.","2015","Ouro","Ouro",,"Mogi Guaçu","Perto da Padua Sales, Reserva Florestal, Faz. Campininha."
"ESTAÇÃO ECOLÓGICA MOGI-GUAÇU","Angiosperms","Rubiaceae","Borreria","verticillata","(L.) G.Mey.","RUBIACEAE Borreria verticillata (L.) G.Mey.","SP0114234","splink","SP","Mattos, J.","13193","Native","1965","Miguel, L.M.","2014","Ouro","Ouro",,"Mogi Guaçu","Reserva Florestal, Perto de Pádua Sales, Fazenda Campininha"
"ESTAÇÃO ECOLÓGICA MOGI-GUAÇU","Angiosperms","Fabaceae","Mimosa","gracilis","(Benth.) Barneby","FABACEAE Mimosa gracilis var. capillipes (Benth.) Barneby","156593","splink","SP","Mattos, J.","13147","Native","1965","Morales, M.","2010","Ouro","Ouro",,"Mogi Guaçu","Fazenda Campininha, Perto de Pádua Sales, Reserva Florestal"
"ESTAÇÃO ECOLÓGICA MOGI-GUAÇU","Angiosperms","Fabaceae","Mimosa","xanthocentra","(Benth.) Barneby","FABACEAE Mimosa xanthocentra var. subsericea (Benth.) Barneby","156588","splink","SP","Mattos, J.","13152","Native","1965","Borges, L.M.","2010","Ouro","Ouro",,"Mogi Guaçu","Fazenda Campininha, Perto de Pádua Sales, Reserva Florestal"
"ESTAÇÃO ECOLÓGICA MOGI-GUAÇU","Angiosperms","Araliaceae","Didymopanax","vinosus","(Cham. & Schltdl.) Marchal","ARALIACEAE Didymopanax vinosus (Cham. & Schltdl.) Marchal","7373","splink","IAC","Mattos, J.R.","12250","Native","1965","Fiaschi, P.","2005","Ouro","Ouro",,"Mogi Guaçu","Parto de Padua Sales, Reserva Florestal (Fazenda Campininha)"
"ESTAÇÃO ECOLÓGICA MOGI-GUAÇU","Angiosperms","Melastomataceae","Leandra","melastomoides","Raddi","MELASTOMATACEAE Leandra melastomoides Raddi","156657","splink","SP","Mattos, J.R.","13160","Native","1965","Souza, M.L.D.","2005","Ouro","Ouro",,"Mogi Guaçu","Perto de Pádua Sales, Reserva Florestal (Fazenda Campininha). Na mata ciliar"
"ESTAÇÃO ECOLÓGICA MOGI-GUAÇU","Angiosperms","Amaranthaceae","Gomphrena","macrocephala","A.St.-Hil.","AMARANTHACEAE Gomphrena macrocephala A.St.-Hil.","156607","splink","SP","Mattos, J.","13153","Native","1965","Siqueira, J.C.","2002","Ouro","Ouro",,"Mogi Guaçu","Perto de Pádua Sales, Reserva Florestal (Fazenda Campininha)"
"ESTAÇÃO ECOLÓGICA MOGI-GUAÇU","Angiosperms","Poaceae","Taquara","micrantha","(Kunth) I.L.C.Oliveira & R.P.Oliveira","POACEAE Taquara micrantha (Kunth) I.L.C.Oliveira & R.P.Oliveira","114240","splink","SP","Mattos, J.","13186","Native","1965","Oliveira, R.P.","2001","Ouro","Ouro",,"Mogi Guaçu","Fazenda Campininha, Reserva Florestal"
"ESTAÇÃO ECOLÓGICA MOGI-GUAÇU","Angiosperms","Arecaceae","Butia","paraguayensis","(Barb.Rodr.) Bailey","ARECACEAE Butia paraguayensis (Barb.Rodr.) Bailey","SP055827","splink","SP","Mattos, J.","s.n.","Native","1965","Fernandes, H.Q.B.","2000","Ouro","Ouro",,"Mogi Guaçu","Fazenda Campininha, Perto de Pádua Sales, Reserva Florestal. No cerrado"
"ESTAÇÃO ECOLÓGICA MOGI-GUAÇU","Angiosperms","Solanaceae","Cestrum","mariquitense","Kunth","SOLANACEAE Cestrum mariquitense Kunth","115520","splink","SP","Mattos, J.","12229","Native","1965","Stehmann, J.R.","2000","Ouro","Ouro",,"Mogi Guaçu","Fazenda Campininha, Perto de Pádua Sales, Reserva Florestal"
"ESTAÇÃO ECOLÓGICA MOGI-GUAÇU","Angiosperms","Fabaceae","Chamaecrista","cathartica","(Mart.) H.S.Irwin & Barneby","FABACEAE Chamaecrista cathartica (Mart.) H.S.Irwin & Barneby","118733","splink","SP","Mattos, J.R.","12246","Native","1965","Scalon, V.R.","1998","Ouro","Ouro",,"Mogi Guaçu","Estação Experimental de Mogi Guaçu, Perto de Pádua Sales, Reserva Florestal, Fazenda Campiinha, cerrado"
"ESTAÇÃO ECOLÓGICA MOGI-GUAÇU","Angiosperms","Poaceae","Schizachyrium","condensatum","(Kunth) Nees","POACEAE Schizachyrium condensatum (Kunth) Nees","156628","splink","SP","Mattos, J.","12294","Native","1965","Zanin, A.","1998","Ouro","Ouro",,"Mogi Guaçu","Fazenda Campininha, Reserva florestal. Perto de Pádua Sales."
"ESTAÇÃO ECOLÓGICA MOGI-GUAÇU","Angiosperms","Myrtaceae","Myrcia","uberavensis","O.Berg","MYRTACEAE Myrcia uberavensis O.Berg","84163","splink","SP","Mattos, J.","12521","Native","1965","Kawasaki, M.L.","1997","Ouro","Ouro",,"Mogi Guaçu","Perto de Padua Sales, Reserva Florestal, Fazenda Campininha. No cerrado degradado."
"ESTAÇÃO ECOLÓGICA MOGI-GUAÇU","Angiosperms","Melastomataceae","Acisanthera","variabilis","(DC.) Triana","MELASTOMATACEAE Acisanthera variabilis (DC.) Triana","156650","splink","SP","Mattos, J.","12260","Native","1965","Chiea, S.A.C.","1986","Ouro","Ouro",,"Mogi Guaçu","Fazenda Campininha, Perto de Pádua Sales, Reserva Florestal"
"ESTAÇÃO ECOLÓGICA MOGI-GUAÇU","Angiosperms","Piperaceae","Piper","miquelianum","C.DC.","PIPERACEAE Piper miquelianum C.DC.","84157","splink","SP","Mattos, J.","84157","Native","1965","Callejas, R.","1985","Ouro","Ouro",,"Mogi Guaçu","Fazenda Campininha, Perto de Pádua Sales, Reserva Florestal, perto do Rio Mogi-Guaçu."
"ESTAÇÃO ECOLÓGICA MOGI-GUAÇU","Angiosperms","Asteraceae","Chrysolaena","cognata","(Less.) Dematt.","ASTERACEAE Chrysolaena cognata (Less.) Dematt.","UEC132890","splink","UEC","Mattos, J.","13194","Native","1965","Barroso, G.M.","1979","Ouro","Ouro",,"Mogi Guaçu","Perto de Pádua Sales, Reserva Florestal Fazenda Campininha. No cerrado degradado."
"ESTAÇÃO ECOLÓGICA MOGI-GUAÇU","Angiosperms","Myrtaceae","Eugenia","livida","O.Berg","MYRTACEAE Eugenia livida O.Berg","SP028108","splink","SP","Mattos, J.","12259","Native","1965","Mattos, J.R.","1976","Ouro","Ouro",,"Mogi Guaçu","Perto de Pádua Sales, Reserva florestal, Fazenda Campininha., perto da torre. Num cerrado degradado."
"ESTAÇÃO ECOLÓGICA MOGI-GUAÇU","Angiosperms","Myrtaceae","Myrcia","anomala","Cambess.","MYRTACEAE Myrcia anomala Cambess.","SP029515","splink","SP","Mattos, J.","13170","Native","1965","Mattos, J.R.","1976","Ouro","Ouro",,"Mogi Guaçu","Perto de Pádua Sales, Reserva Florestal da Fazenda Camoininha. No cerrado degradado."
"ESTAÇÃO ECOLÓGICA MOGI-GUAÇU","Angiosperms","Myrtaceae","Eugenia","pitanga","(O.Berg) Nied.","MYRTACEAE Eugenia pitanga (O.Berg) Nied.","SP028759","splink","SP","Mattos, J.","12519","Native","1965","Mattos, J.R.","1965","Ouro","Ouro",,"Mogi Guaçu","Perto de Pádua Sales, Reserva Florestal, Fazenda Campininha. No cerrado degradado."
"ESTAÇÃO ECOLÓGICA MOGI-GUAÇU","Angiosperms","Fabaceae","Mimosa","xanthocentra","(Benth.) Barneby","FABACEAE Mimosa xanthocentra var. tremula (Benth.) Barneby","66039","splink","SP","Mattos, J.","10624","Native","1963","Morales, M.","2010","Ouro","Ouro",,"Mogi Guaçu","Fazenda Campininha, Reserva Florestal, perto de Pádua Sales"
"ESTAÇÃO ECOLÓGICA MOGI-GUAÇU","Angiosperms","Chrysobalanaceae","Leptobalanus","humilis","(Cham. & Schltdl.) Sothers & Prance","CHRYSOBALANACEAE Leptobalanus humilis (Cham. & Schltdl.) Sothers & Prance","RB00069954","x","RB","Mattos, A.","136","Native","1961","Prance, G.T.",,"Ouro","Ouro",,"Mogi Guaçu","Mogiguaçu, faz. Campinha, 10km de Padua Sales."
"ESTAÇÃO ECOLÓGICA MOGI-GUAÇU","Angiosperms","Fabaceae","Stryphnodendron","adstringens","(Mart.) Coville","FABACEAE Stryphnodendron adstringens (Mart.) Coville","459555","x","NY","Eiten, G.","2696","Native","1961","Forero, E.",,"Ouro","Ouro",,"Mogi Guaçu","Campos das Sete Lagoas. Fazenda Campininha just north of Rio Moji-Guaçu. 3.6km NNW of Padua Sales. (About 27km NW of city of Moji-Mirim)"
"ESTAÇÃO ECOLÓGICA MOGI-GUAÇU","Angiosperms","Myrtaceae","Psidium",,"L.","MYRTACEAE Psidium L.","FLOR0031210","splink","FLOR","Mattos, J.","32423","Native","1961",,,"Ouro","Ouro",,"Mogi Guaçu","Padua Sales, Reserva Florestal (Fazenda Campininha)."
"ESTAÇÃO ECOLÓGICA MOGI-GUAÇU","Angiosperms","Rutaceae","Metrodorea","stipularis","Mart.","RUTACEAE Metrodorea stipularis Mart.","SP048771","splink","SP","Fontella, J.","s.n.","Native","1961","Pirani, J.R.","2002","Ouro","Ouro",,"Mogi Guaçu","Fazenda Campininha, Reserva florestal."
"ESTAÇÃO ECOLÓGICA MOGI-GUAÇU","Angiosperms","Solanaceae","Cestrum","pedicellatum","Sendtn.","SOLANACEAE Cestrum pedicellatum Sendtn.","64610","splink","SP","Mattos, J.","8977","Native","1961","Carvalho, L.F.","1994","Ouro","Ouro",,"Mogi Guaçu","Fazenda Campininha, Reserva Florestal, perto de Pádua Sales"
"ESTAÇÃO ECOLÓGICA MOGI-GUAÇU","Angiosperms","Euphorbiaceae","Alchornea","glandulosa","Poepp. & Endl.","EUPHORBIACEAE Alchornea glandulosa Poepp. & Endl.","SP0064598","splink","SP","Mattos, J.","8982","Native","1961","Cordeiro, I.","1989","Ouro","Ouro",,"Mogi Guaçu","Fazenda Campininha, Reserva Florestal, perto de Pádua Sales. No cerrado, a 1 Km NE da sede."
"ESTAÇÃO ECOLÓGICA MOGI-GUAÇU","Angiosperms","Melastomataceae","Miconia","chamissois","Naudin","MELASTOMATACEAE Miconia chamissois Naudin","64597","splink","SP","Mattos, J.","8979","Native","1961","Chiea, S.A.C.","1984","Ouro","Ouro",,"Mogi Guaçu","Reserva Florestal (Fazenda Campininha), perto de Pádua Sales. No cerrado, 1km NE da sede"
"ESTAÇÃO ECOLÓGICA MOGI-GUAÇU","Angiosperms","Poaceae","Eragrostis","bahiensis","Schrad. ex Schult.","POACEAE Eragrostis bahiensis Schrad. ex Schult.","HAS0071752","splink","HAS","Mattos, J.","8996","Native","1961","Boechat, S.C.","1978","Ouro","Ouro",,"Mogi Guaçu","Reserva Florestal, Fazenda Campininha"
"ESTAÇÃO ECOLÓGICA MOGI-GUAÇU","Angiosperms","Asteraceae","Clibadium","armanii","(Balb.) Sch.Bip. ex O.E.Schulz","ASTERACEAE Clibadium armanii (Balb.) Sch.Bip. ex O.E.Schulz","IPA0056177","splink","IPA","Mattos, J.","s.n.","Native","1961","Barroso, G.M.","1965","Ouro","Ouro",,"Mogi Guaçu","Moji-Guaçu, Reserva Florestal (Fazenda Campininha), perto de Padua Sales. No campo sulo (cerrado degradado e destocado)."
"ESTAÇÃO ECOLÓGICA MOGI-GUAÇU","Angiosperms","Fabaceae","Dimorphandra","mollis","Benth.","FABACEAE Dimorphandra mollis Benth.","IBGE00076968","REFLORA","SP","Eiten, G.","3258","Native","1961","Eiten, G.","1961","Ouro","Ouro",,"Mogi Guaçu","Campos Sete Lagoas. Fazenda Campinha, ao norte do Rio Moji-Guaçu. 10km ao norte/noroeste da Padua Sales. Cerca de 27km ao noroeste da cidade de Moji-Mirim. Folha Cartográfica SF-23-Y-A Coordenada Coletada."
"ESTAÇÃO ECOLÓGICA MOGI-GUAÇU","Angiosperms","Fabaceae","Crotalaria","maypurensis","Kunth","FABACEAE Crotalaria maypurensis Kunth","NY00590781","splink","NY","Eiten, G.","1670","Native","1960","Windler, D.R.",,"Ouro","Ouro",,"Mogi Guaçu","""Campos das Sete Lagoas"". Just east of the boundary of the Reserva Florestal at Fazenda Campininha. About 11km NNE of Rio Moji-Guaçu & the village of Padua Sales. (About 30km NW of city of Moji-Mirim)"
"ESTAÇÃO ECOLÓGICA MOGI-GUAÇU","Angiosperms","Euphorbiaceae","Euphorbia","potentilloides","Boiss.","EUPHORBIACEAE Euphorbia potentilloides Boiss.","SP0074797","splink","SP","Eiten, G.","2118","Native","1960","Silva, O.L.M.","2013","Ouro","Ouro",,"Mogi Guaçu","""Campos das Sete Lagoas"". Just east of the boundary of the Reserva Florestal at Fazenda Campininha. About 10 km. north of Rio Moji-Guaçu & the village of Padua Sales. (About 30 km. NW of city Moji-Mirim.)&nf;General vegetation: campo cerrado (a type of"
"ESTAÇÃO ECOLÓGICA MOGI-GUAÇU","Angiosperms","Fabaceae","Mimosa","debilis","Humb. & Bonpl. ex Willd.","FABACEAE Mimosa debilis Humb. & Bonpl. ex Willd.","UB1223465",,"UB","Eiten, G.","1699","Native","1960","Borges, L.M.","2010","Ouro","Ouro",,"Mogi Guaçu","Campos das Sete Lagoas. Fazenda Campinha."
"ESTAÇÃO ECOLÓGICA MOGI-GUAÇU","Angiosperms","Poaceae","Paspalum","rojasii","Hack.","POACEAE Paspalum rojasii Hack.","74343","splink","SP","Eiten, G.","1676","Native","1960","Oliveira, R.C.","2005","Ouro","Ouro",,"Mogi Guaçu","Fazenda Campininha, ""Campos das Sete Lagoas"". Just east of the boundary of the Reserva Florestal Fazenda Campininha. About 11 km NNE of Rio Mogi Guaçú & village Padua Sales. About 30 km NW of city of Mogi-Mirim."
"ESTAÇÃO ECOLÓGICA MOGI-GUAÇU","Angiosperms","Xyridaceae","Xyris","hymenachne","Mart.","XYRIDACEAE Xyris hymenachne Mart.","77238","splink","SP","Eiten, G.","1925","Native","1960","Wanderley, M.G.L.","2003","Ouro","Ouro",,"Mogi Guaçu","Fazenda Campinha, Campos de Sete Lagoas"
"ESTAÇÃO ECOLÓGICA MOGI-GUAÇU","Angiosperms","Fabaceae","Cerradicola","decumbens","(Benth.) L.P.Queiroz","FABACEAE Cerradicola decumbens (Benth.) L.P.Queiroz","NY00601428","splink","NY","Eiten, G.","1677","Native","1960","Cowan, R.S.","1961","Ouro","Ouro",,"Mogi Guaçu","""Campos das Sete Lagôas"". Just east of the boundary of the Reserva Florestal at Fazenda Campininha. About 10 km. north of Rio Moji-Guaçu & the the village of Padua Sales. (About 30 km NW of city of Moji-Mirim.)"
"ESTAÇÃO ECOLÓGICA MOGI-GUAÇU","Angiosperms","Poaceae","Echinolaena","inflexa","(Poir.) Chase","POACEAE Echinolaena inflexa (Poir.) Chase","74352","splink","SP","Eiten, G.","1681","Native","1960","Swallen, J.R.","1961","Ouro","Ouro",,"Mogi Guaçu","Fazenda Campininha, Campos das Setes Lagoas. Just east of the boundary of the Reserva Florestal at Fazenda Campininha. About 11 km NNE of Rio Mogi-Guaçu & the village of Padua Sales. (About 30 km NW of city of Mogi-Mirim)."
"ESTAÇÃO ECOLÓGICA MOGI-GUAÇU","Angiosperms","Myrtaceae","Eugenia","aurata","O.Berg","MYRTACEAE Eugenia aurata O.Berg","HAS0073481","splink","HAS","Mattos, J.R.","8379","Native","1960","Mattos, J.","1960","Ouro","Ouro",,"Mogi Guaçu","Reserva Florestal (fazenda Campininha), perto de Pádua Sales"
"ESTAÇÃO ECOLÓGICA MOGI-GUAÇU","Angiosperms","Asteraceae","Lessingianthus","grandiflorus","(Less.) H.Rob.","ASTERACEAE Lessingianthus grandiflorus (Less.) H.Rob.","UEC040222","splink","UEC","Eiten, G.","1501","Native","1959","Semir, J.","2010","Ouro","Ouro",,"Mogi Guaçu","município de Moji Guaçu:""Campos das setes Lagoas""./ Fazenda Campinha, just north of Rio Moji-Guaçu. 15 km. N. of PADUA SALES. About 27 km. NW ofcity of MOJI-MIRIM"
"ESTAÇÃO ECOLÓGICA MOGI-GUAÇU","Angiosperms","Lamiaceae","Hyptis","caespitosa","A.St.-Hil. ex Benth.","LAMIACEAE Hyptis caespitosa A.St.-Hil. ex Benth.","4060","splink","UFMT","Handro, O.","882","Native","1959","Harley, R.M.","2004","Ouro","Ouro",,"Mogi Guaçu","Reserva Florestal, perto de Pádua Sales."
"ESTAÇÃO ECOLÓGICA MOGI-GUAÇU","Angiosperms","Euphorbiaceae","Croton","grandivelus","Baill.","EUPHORBIACEAE Croton grandivelus Baill.","SP0056572","splink","SP","Handro, O.","896","Native","1959","Cordeiro, I.","2003","Ouro","Ouro",,"Mogi Guaçu","Reserva Florestal. Perto de Padua Sales. Cerrado."
"ESTAÇÃO ECOLÓGICA MOGI-GUAÇU","Angiosperms","Apocynaceae","Aspidosperma","tomentosum","Mart. & Zucc.","APOCYNACEAE Aspidosperma tomentosum Mart. & Zucc.","MO0101404578","splink","MO","Handro, O.","880","Native","1959","Potgieter, K.","1999","Ouro","Ouro",,"Mogi Guaçu","Reserva Florestal, perto de Pádua Sales."
"ESTAÇÃO ECOLÓGICA MOGI-GUAÇU","Angiosperms","Opiliaceae","Agonandra","brasiliensis","Miers ex Benth. & Hook.f.","OPILIACEAE Agonandra brasiliensis Miers ex Benth. & Hook.f.","3142512","x","MO","Handro, O.","885","Native","1959","Hiepko, P.","1996","Ouro","Ouro",,"Mogi Guaçu","Mojí-Guassú, Reserva Florestal (Fazenda Campininha), perto de Pádua Sales"
"ESTAÇÃO ECOLÓGICA MOGI-GUAÇU","Angiosperms","Bignoniaceae","Jacaranda","decurrens","Cham.","BIGNONIACEAE Jacaranda decurrens Cham.","SP059155","splink","SP","Handro, O.","887","Native","1959","Vattimo, I.","1988","Ouro","Ouro",,"Mogi Guaçu","Fazenda Campininha, Perto de Pádua Sales, Reserva Florestal"
"ESTAÇÃO ECOLÓGICA MOGI-GUAÇU","Angiosperms","Asteraceae","Galinsoga","parviflora","Cav.","ASTERACEAE Galinsoga parviflora Cav.","77011","splink","SP","Eiten, G.","1490","Native","1959","Schulz, D.L.","1979","Ouro","Ouro",,"Mogi Guaçu","Fazenda Campinha, Campos das Sete Lagoas, just northof Rio Mogi Guaçu, 3.4 km NNW of Padua Sales (27 km NW of city of Mogi Mirim)"
"ESTAÇÃO ECOLÓGICA MOGI-GUAÇU","Angiosperms","Asteraceae","Stevia","collina","Gardner","ASTERACEAE Stevia collina Gardner","56501","splink","SP","Handro, O.","834","Native","1958","Nakajima, J.N.","1999","Ouro","Ouro",,"Mogi Guaçu","Fazenda Campininha, Reserva Florestal, perto de Pádua Sales"
"ESTAÇÃO ECOLÓGICA MOGI-GUAÇU","Angiosperms","Amaranthaceae","Froelichia","procera","(Seub.) Pedersen","AMARANTHACEAE Froelichia procera (Seub.) Pedersen","UB0112021","splink","UB","Handro, O.","829","Native","1958","Marchioretto, M.S.","1998","Ouro","Ouro",,"Mogi Guaçu","Reserva Florestal, perto de Pádua Sales."
"ESTAÇÃO ECOLÓGICA MOGI-GUAÇU","Angiosperms","Melastomataceae","Acisanthera","alsinaefolia","(Mart. & Schrank ex DC.) Triana","MELASTOMATACEAE Acisanthera alsinaefolia (Mart. & Schrank ex DC.) Triana","UEC004615","splink","UEC","Kuhlmann, M.","4204","Native","1957","Martins, A.B.",,"Ouro","Ouro",,"Mogi Guaçu","Reserva Florestal Fazenda Campininha, proximidades de Padua Sales E.F.S."
"ESTAÇÃO ECOLÓGICA MOGI-GUAÇU","Angiosperms","Orchidaceae","Cyrtopodium","dusenii","Schltr.","ORCHIDACEAE Cyrtopodium dusenii Schltr.","MBM050600","splink","MBM","Kuhlmann, M.","4268","Native","1957","Batista, J.A.N.",,"Ouro","Ouro",,"Mogi Guaçu","Reserva Florestal."
"ESTAÇÃO ECOLÓGICA MOGI-GUAÇU","Angiosperms","Malpighiaceae","Byrsonima","coccolobifolia","Kunth","MALPIGHIACEAE Byrsonima coccolobifolia Kunth","IPA0020495","splink","IPA","Kuhlmann, M.","4263","Native","1957","Francener, A.","2015","Ouro","Ouro",,"Mogi Guaçu","Reserva Florestal, Fazenda Campininha."
"ESTAÇÃO ECOLÓGICA MOGI-GUAÇU","Angiosperms","Poaceae","Anthaenantia","lanata","(Kunth) Benth.","POACEAE Anthaenantia lanata (Kunth) Benth.","UB0016805","splink","UB","Kuhlman, M.","4253","Native","1957","Filgueiras, T.S.","2012","Ouro","Ouro",,"Mogi Guaçu","Reserva Florestal (Fazenda Campininha)."
"ESTAÇÃO ECOLÓGICA MOGI-GUAÇU","Angiosperms","Fabaceae","Stylosanthes","capitata","Vogel","FABACEAE Stylosanthes capitata Vogel","80251","splink","SP","Kuhlmann, M.","4258","Native","1957","Siniscalchi, C.M.","2011","Ouro","Ouro",,"Mogi Guaçu","Fazenda Campininha, Reserva Florestal"
"ESTAÇÃO ECOLÓGICA MOGI-GUAÇU","Angiosperms","Piperaceae","Peperomia","blanda","(Jacq.) Kunth","PIPERACEAE Peperomia blanda (Jacq.) Kunth","SP010616","splink","SP","Kuhlmann, M.","4207","Native","1957","Monteiro, D.","2011","Ouro","Ouro",,"Mogi Guaçu","Fazenda Campininha, Reserva Florestal."
"ESTAÇÃO ECOLÓGICA MOGI-GUAÇU","Angiosperms","Euphorbiaceae","Sapium","glandulosum","(L.) Morong","EUPHORBIACEAE Sapium glandulosum (L.) Morong","SP0056387","splink","SP","Handro, O.","720","Native","1957","Cordeiro, I.","2009","Ouro","Ouro",,"Mogi Guaçu","Reserva Florestal. (Fazenda Campininha), perto de Pádua Sales. Campo."
"ESTAÇÃO ECOLÓGICA MOGI-GUAÇU","Angiosperms","Fabaceae","Desmodium","pachyrhizum","Vogel","FABACEAE Desmodium pachyrhizum Vogel","SP011708","splink","SP","Kuhlmann, M.","4259","Native","1957","Lima, L.C.P.","2008","Ouro","Ouro",,"Mogi Guaçu","Faz. Campininha. Reserva Florestal"
"ESTAÇÃO ECOLÓGICA MOGI-GUAÇU","Angiosperms","Rubiaceae","Borreria","warmingii","K.Schum.","RUBIACEAE Borreria warmingii K.Schum.","UB1010022",,"UB","Kuhlmann, M.","4208","Native","1957","Delprete, P.G.","2008","Ouro","Ouro",,"Mogi Guaçu","Reserva Florestal da Fazenda Campininha, próx. de Pádua Sales."
"ESTAÇÃO ECOLÓGICA MOGI-GUAÇU","Angiosperms","Euphorbiaceae","Manihot","caerulescens","Pohl","EUPHORBIACEAE Manihot caerulescens Pohl","SP0075938","splink","SP","Kuhlmann, M.","4187","Native","1957","Cordeiro, I.","2004","Ouro","Ouro",,"Mogi Guaçu","Reserva Florestal. Fazenda Campininha, proximidades de Pádua Sales. Cerrado."
"ESTAÇÃO ECOLÓGICA MOGI-GUAÇU","Angiosperms","Malpighiaceae","Byrsonima","clausseniana","A.Juss.","MALPIGHIACEAE Byrsonima clausseniana A.Juss.","SP014599","splink","SP","Kuhlmann, M.","4264","Native","1957","Mamede, M.C.H.","2003","Ouro","Ouro",,"Mogi Guaçu","Fazenda Campininha, Reserva Florestal"
"ESTAÇÃO ECOLÓGICA MOGI-GUAÇU","Angiosperms","Asteraceae","Chromolaena","campestris","(DC.) R.M.King & H.Rob.","ASTERACEAE Chromolaena campestris (DC.) R.M.King & H.Rob.","UEC113992","splink","UEC","Handro, O.","721","Native","1957","Esteves, R.L.","2002","Ouro","Ouro",,"Mogi Guaçu","Reserva Florestal, Fazenda Campininha, perto de Pádua Sales."
"ESTAÇÃO ECOLÓGICA MOGI-GUAÇU","Angiosperms","Asteraceae","Elephantopus","micropappus","Less.","ASTERACEAE Elephantopus micropappus Less.","80663","splink","SP","Kuhlmann, M.","4178","Naturalized","1957","Sancho, G.","2001","Ouro","Ouro",,"Mogi Guaçu","Reserva Florestal Fazenda Campininha, próximidades de Pádua Sales, E.F.S."
"ESTAÇÃO ECOLÓGICA MOGI-GUAÇU","Angiosperms","Poaceae","Paspalum","erianthum","Nees ex Trin.","POACEAE Paspalum erianthum Nees ex Trin.","SP036507","splink","SP","Kuhlmann, M.","4252","Native","1957","Valls, J.F.M.","1999","Ouro","Ouro",,"Mogi Guaçu","Fazenda Campininha, Reserva Florestal."
"ESTAÇÃO ECOLÓGICA MOGI-GUAÇU","Angiosperms","Poaceae","Paspalum","pectinatum","Nees ex Trin.","POACEAE Paspalum pectinatum Nees ex Trin.","105942","splink","SP","Kuhlmann, M.","4192","Native","1957","Valls, J.F.M.","1999","Ouro","Ouro",,"Mogi Guaçu","Fazenda Campininha, Reserva Florestal( Fazenda Campininha)."
"ESTAÇÃO ECOLÓGICA MOGI-GUAÇU","Angiosperms","Lamiaceae","Aegiphila","verticillata","Vell.","LAMIACEAE Aegiphila verticillata Vell.","HUEFS0254992","splink","HUEFS","Kuhlmann, M.","4276","Native","1957","Franca, F.","1997","Ouro","Ouro",,"Mogi Guaçu","Reserva Florestal, Fazenda Campininha."
"ESTAÇÃO ECOLÓGICA MOGI-GUAÇU","Angiosperms","Rubiaceae","Palicourea","trichophora","(Müll. Arg.) Delprete & J.H.Kirkbr.","RUBIACEAE Palicourea trichophora (Müll. Arg.) Delprete & J.H.Kirkbr.","3227880","x","MO","Kuhlmann, M.","4271","Native","1957","Taylor, C.M.","1997","Ouro","Ouro",,"Mogi Guaçu","Mogi-Guaçu. Reserva Florestal, Fazenda Campininha"
"ESTAÇÃO ECOLÓGICA MOGI-GUAÇU","Angiosperms","Euphorbiaceae","Sapium",,"Jacq.","EUPHORBIACEAE Sapium Jacq.","NY00538682","splink","NY","Handro, O.","720","Native","1957","Wurdack, K.J.","1990","Ouro","Ouro",,"Mogi Guaçu","Mojí-Guaçú, Reserva Florestal (Fazenda Campininha), perto de Padua Sales"
"ESTAÇÃO ECOLÓGICA MOGI-GUAÇU","Angiosperms","Vochysiaceae","Qualea","parviflora","Mart.","VOCHYSIACEAE Qualea parviflora Mart.","584304","x","NY","Kuhlmann, M.","4210","Native","1957","Kawasaki, M.L.","1989","Ouro","Ouro",,"Mogi Guaçu","Mogi Guaçu, Reserva Florestal, Fazenda Campininha"
"ESTAÇÃO ECOLÓGICA MOGI-GUAÇU","Angiosperms","Malpighiaceae","Camarea","affinis","A.St.-Hil.","MALPIGHIACEAE Camarea affinis A.St.-Hil.","SP017021","splink","SP","Kuhlmann, M.","4250","Native","1957","Mamede, M.C.H.","1987","Ouro","Ouro",,"Mogi Guaçu","Reserva Florestal. Fazenda Campininha"
"ESTAÇÃO ECOLÓGICA MOGI-GUAÇU","Angiosperms","Bignoniaceae","Anemopaegma","acutifolium","DC.","BIGNONIACEAE Anemopaegma acutifolium DC.","SP058173","splink","SP","Handro, O.","723","Native","1957","Gentry, A.H.","1978","Ouro","Ouro",,"Mogi Guaçu","Fazenda Campininha, Reserva Florestal, perdo de Pádua Sales"
"ESTAÇÃO ECOLÓGICA MOGI-GUAÇU","Angiosperms","Cyperaceae","Bulbostylis","paradoxa","(Spreng.) Lindm.","CYPERACEAE Bulbostylis paradoxa (Spreng.) Lindm.","UB0004263","splink","UB","Kuhlmann, M.","4185","Native","1957","Koyama, T.M.","1966","Ouro","Ouro",,"Mogi Guaçu","Reserva Florestal da Fazenda Campininha. Proximidades de Padua Sales, E.F.S."
"ESTAÇÃO ECOLÓGICA MOGI-GUAÇU","Angiosperms","Fabaceae","Mimosa","uninervis","(Chodat & Hassler) Hassler","FABACEAE Mimosa uninervis (Chodat & Hassler) Hassler","56398","splink","SP","Handro, O.","731","Native","1957","Burkart, A.","1964","Ouro","Ouro",,"Mogi Guaçu","Fazenda Campininha, Reserva Florestal, perto de Pádua Sales"
"ESTAÇÃO ECOLÓGICA MOGI-GUAÇU","Angiosperms","Asteraceae","Baccharis","sessiliflora","Vahl","ASTERACEAE Baccharis sessiliflora Vahl","MBM069132","splink","MBM","Handro, O.","586","Native","1956","Barroso, G.M.",,"Ouro","Ouro",,"Mogi Guaçu","Reserva Florestal."
"ESTAÇÃO ECOLÓGICA MOGI-GUAÇU","Angiosperms","Burseraceae","Protium","heptaphyllum","(Aubl.) Marchand","BURSERACEAE Protium heptaphyllum (Aubl.) Marchand","MBM069059",,"MBM","Kuhlmann, M.","3930","Native","1956","Pirani, J.R.",,"Ouro","Ouro",,"Mogi Guaçu","Reserva Florestal."
"ESTAÇÃO ECOLÓGICA MOGI-GUAÇU","Angiosperms","Piperaceae","Peperomia","duartei","Yunck.","PIPERACEAE Peperomia duartei Yunck.","NY00559054","splink","NY","Kuhlmann, M.","3908","Native","1956","Yuncker, T.G.",,"Ouro","Ouro",,"Mogi Guaçu","Reserva Florestal (Fazenda Campininha). Cultivada em Sao Paulo"
"ESTAÇÃO ECOLÓGICA MOGI-GUAÇU","Angiosperms","Malpighiaceae","Glicophyllum","ramiflorum","(A.Juss.) R.F.Almeida","MALPIGHIACEAE Glicophyllum ramiflorum (A.Juss.) R.F.Almeida","SP021574","splink","SP","Kuhlmann, M.","3925","Native","1956","Mamede, M.C.H.","2021","Ouro","Ouro",,"Mogi Guaçu","Fazenda Campininha, Reserva Florestal"
"ESTAÇÃO ECOLÓGICA MOGI-GUAÇU","Angiosperms","Fabaceae","Bowdichia","virgilioides","Kunth","FABACEAE Bowdichia virgilioides Kunth","NY00532995","splink","NY","Handro, O.","623","Native","1956","Borges, L.M.","2011","Ouro","Ouro",,"Mogi Guaçu","Reserva Florestal (Fazenda de Campininha) pertode Padua Sales"
"ESTAÇÃO ECOLÓGICA MOGI-GUAÇU","Angiosperms","Primulaceae","Geissanthus","ambiguus","(Mart.) G.Agostini","PRIMULACEAE Geissanthus ambiguus (Mart.) G.Agostini","33635","splink","IAC","Kuhlmann, M.","3941","Native","1956","Bernacci, L.C.","2002","Ouro","Ouro",,"Mogi Guaçu","Reserva Florestal, Fazenda Campininha, proximo a Padua Sales"
"ESTAÇÃO ECOLÓGICA MOGI-GUAÇU","Angiosperms","Asteraceae","Stomatanthes","dictyophyllus","(DC.) R.M.King & H.Rob.","ASTERACEAE Stomatanthes dictyophyllus (DC.) R.M.King & H.Rob.","65779","splink","SP","Kuhlmann, M.","3929","Native","1956","Esteves, R.L.","1999","Ouro","Ouro",,"Mogi Guaçu","Fazenda Campininha, Reserva Florestal, próximo de Pádua Sales"
"ESTAÇÃO ECOLÓGICA MOGI-GUAÇU","Angiosperms","Malpighiaceae","Heteropterys","byrsonimifolia","A.Juss.","MALPIGHIACEAE Heteropterys byrsonimifolia A.Juss.","SP017905","splink","SP","Kuhlmann, M.","3927","Native","1956","Mamede, M.C.H.","1998","Ouro","Ouro",,"Mogi Guaçu","Fazenda Campininha, Reserva Florestal"
"ESTAÇÃO ECOLÓGICA MOGI-GUAÇU","Angiosperms","Myrtaceae","Myrcia","tomentosa","(Aubl.) DC.","MYRTACEAE Myrcia tomentosa (Aubl.) DC.","55451","splink","SP","Handro, O.","619","Native","1956","Kawasaki, M.L.","1997","Ouro","Ouro",,"Mogi Guaçu","Reserva Florestal da Fazenda Campininha, perto de Pádua Sales. Cerrado."
"ESTAÇÃO ECOLÓGICA MOGI-GUAÇU","Angiosperms","Orchidaceae","Habenaria","nuda","Lindl.","ORCHIDACEAE Habenaria nuda Lindl.","SP0105498","splink","SP","Kuhlmann, M.","3801","Native","1956","Batista, J.A.N.","1996","Ouro","Ouro",,"Mogi Guaçu","Fazenda Campininha, Reserva Florestal"
"ESTAÇÃO ECOLÓGICA MOGI-GUAÇU","Angiosperms","Malpighiaceae","Banisteriopsis","variabilis","B.Gates","MALPIGHIACEAE Banisteriopsis variabilis B.Gates","SP013630","splink","SP","Kuhlmann, M.","3791","Native","1956","Gates, B.","1979","Ouro","Ouro",,"Mogi Guaçu","Reserva Florestal (Fazenda Campininha)"
"ESTAÇÃO ECOLÓGICA MOGI-GUAÇU","Angiosperms","Arecaceae","Geonoma","brevispatha","Barb.Rodr.","ARECACEAE Geonoma brevispatha Barb.Rodr.","MBML007571","splink","MBML","Kuhlmann, M.","3790","Native","1956","Mattos, J.","1974","Ouro","Ouro",,"Mogi Guaçu","Reserva Florestal, Fazenda Campininha."
"ESTAÇÃO ECOLÓGICA MOGI-GUAÇU","Angiosperms","Malpighiaceae","Banisteriopsis","campestris","(A.Juss.) Little","MALPIGHIACEAE Banisteriopsis campestris (A.Juss.) Little","442185","x","NY","Kuhlmann, M.","3508","Native","1955","Gates, B.",,"Ouro","Ouro",,"Mogi Guaçu","Moji-Guaçú, Reserva florestal (Fazenda Campininha)"
"ESTAÇÃO ECOLÓGICA MOGI-GUAÇU","Angiosperms","Bignoniaceae","Handroanthus","ochraceus","(Cham.) Mattos","BIGNONIACEAE Handroanthus ochraceus (Cham.) Mattos","55586","splink","SP","Handro, O.","510","Native","1955","Santo, F.S.E.","2011","Ouro","Ouro",,"Mogi Guaçu","Reserva Florestal, Fazenda Campininha. Perto de Pádua sales."
"ESTAÇÃO ECOLÓGICA MOGI-GUAÇU","Angiosperms","Fabaceae","Vatairea","macrocarpa","(Benth.) Ducke","FABACEAE Vatairea macrocarpa (Benth.) Ducke","47755","splink","SP","Kuhlmann, M.","s.n.","Native","1955","Cardoso, D.","2009","Ouro","Ouro",,"Mogi Guaçu","Reserva Florestal (Fazenda Campininha)"
"ESTAÇÃO ECOLÓGICA MOGI-GUAÇU","Angiosperms","Apocynaceae","Himatanthus","obovatus","(Müll. Arg.) Woodson","APOCYNACEAE Himatanthus obovatus (Müll. Arg.) Woodson","55585","splink","SP","Handro, O.","452","Native","1955","Spina, A.P.","2003","Ouro","Ouro",,"Mogi Guaçu","Fazenda Campininha, Reserva Florestal"
"ESTAÇÃO ECOLÓGICA MOGI-GUAÇU","Angiosperms","Dilleniaceae","Davilla","elliptica","A.St.-Hil.","DILLENIACEAE Davilla elliptica A.St.-Hil.","3060005","x","MO","Handro, O.","480","Native","1955","Aymard, G.","2002","Ouro","Ouro",,"Mogi Guaçu","Mojí-Guassú, Reserva Florestal, perto de Pádua Salles."
"ESTAÇÃO ECOLÓGICA MOGI-GUAÇU","Angiosperms","Lythraceae","Cuphea","melvilla","Lindl.","LYTHRACEAE Cuphea melvilla Lindl.","CEN00029090","splink","CEN","Handro, O.","443","Native","1955","Cavalcanti, T.B.","1999","Ouro","Ouro",,"Mogi Guaçu","Reserva Florestal (Fazenda Campininha) perto de Pádua Sales, mata a margem do Rio Moji-Guaçu."
"ESTAÇÃO ECOLÓGICA MOGI-GUAÇU","Angiosperms","Anacardiaceae","Tapirira","guianensis","Aubl.","ANACARDIACEAE Tapirira guianensis Aubl.","HB000013448","splink","HB","Hendro, O.","538","Native","1955","Pirani, J.R.","1984","Ouro","Ouro",,"Mogi Guaçu","Reserva florestal, perto de Pádua Salles, mata à margem do Rio Mojí-Guassú."
"ESTAÇÃO ECOLÓGICA MOGI-GUAÇU","Angiosperms","Lamiaceae","Hyptis","nudicaulis","Benth.","LAMIACEAE Hyptis nudicaulis Benth.","00500878","x","NY","Kuhlmann, M.","s.n.","Native","1955","Harley, R.M.","1983","Ouro","Ouro",,"Mogi Guaçu","Mojí-Guassú, Reserva Florestal (Fazenda Campininha), perto de Pádua Sales."
"ESTAÇÃO ECOLÓGICA MOGI-GUAÇU","Angiosperms","Melastomataceae","Miconia","stenostachya","DC.","MELASTOMATACEAE Miconia stenostachya DC.","58987","splink","SP","Handro, O.","515","Native","1955","Chiea, S.A.C.","1983","Ouro","Ouro",,"Mogi Guaçu","Reserva Florestal, perto de Pádua Sales"
"ESTAÇÃO ECOLÓGICA MOGI-GUAÇU","Angiosperms","Rubiaceae","Sabicea","brasiliensis","Wernham","RUBIACEAE Sabicea brasiliensis Wernham","38189","splink","IAC","Handro, O.","442","Native","1955","Kirkbride Junior, J.H.","1977","Ouro","Ouro",,"Mogi Guaçu","Reserva Florestal, Fazenda Campininha, perto de Pádua Sales"
"ESTAÇÃO ECOLÓGICA MOGI-GUAÇU","Angiosperms","Apocynaceae","Hemipogon","acerosus","Decne.","APOCYNACEAE Hemipogon acerosus Decne.","58981","splink","SP","Handro, O.","370","Native","1953","Rapini, A.","2005","Ouro","Ouro",,"Mogi Guaçu","Fazenda Campininha, Reserva Florestal, perto de Pádua Sales"
"ESTAÇÃO ECOLÓGICA MOGI-GUAÇU","Angiosperms","Polygonaceae","Ruprechtia","laxiflora","Meisn.","POLYGONACEAE Ruprechtia laxiflora Meisn.","NY00885056","splink","NY","Kuhlmann, M.","2939","Native","1953","Melo, E.","1994","Ouro","Ouro",,"Mogi Guaçu","Reserva Florestal da Fazenda Campininha, margem do rio Mogi Guaçu."
"ESTAÇÃO ECOLÓGICA MOGI-GUAÇU","Angiosperms","Apocynaceae","Hemipogon","setaceus","Decne.","APOCYNACEAE Hemipogon setaceus Decne.","NY00821833",,"NY","Eiten, G.","1671","Native","1960","Smith, L.B.",,"Prata","Ouro","jbrj-public.s3-sa-east-1.amazonaws.com/fsi/server?type=image&source=DZI/newyork/ny_/0/82/18/33/ny_00821833.dzi","Mogi Guaçu","Campos das Sete Lagôas. Just east of the boundary of the Reserva Florestal at Fazenda Campininha. About 10 km NNE of Rio Moji-Guaçu & the village of Padua Sales. About 30 km NW of city of Moji-Mirim"
"ESTAÇÃO ECOLÓGICA MOGI-GUAÇU","Angiosperms","Aristolochiaceae","Aristolochia","labiata","Willd.","ARISTOLOCHIACEAE Aristolochia labiata Willd.","ESA138972","splink","ESA","Souza, V.C.","40659","Naturalized","2017","Souza, V.C.","2017","Prata","Ouro",,"Mogi Guaçu","Fazenda Campinha. Cerrado."
"ESTAÇÃO ECOLÓGICA MOGI-GUAÇU",,"Bixaceae","Cochlospermum","regium","(Mart. ex Schrank) Pilg.","BIXACEAE Cochlospermum regium (Mart. ex Schrank) Pilg.","ESA139868","splink","ESA","Souza, V.C.","40728",,"2017","Souza, V.C.","2017","Prata","Ouro",,"Mogi Guaçu","Fazenda Campinha. Cerrado."
"ESTAÇÃO ECOLÓGICA MOGI-GUAÇU","Angiosperms","Lauraceae","Licaria","armeniaca","(Nees) Kosterm.","LAURACEAE Licaria armeniaca (Nees) Kosterm.","ESA138970","splink","ESA","Souza, V.C.","40657","Native","2017","Souza, V.C.","2017","Prata","Ouro",,"Mogi Guaçu","Fazenda Campinha. Cerrado."
"ESTAÇÃO ECOLÓGICA MOGI-GUAÇU","Angiosperms","Malvaceae","Luehea","grandiflora","Mart.","MALVACEAE Luehea grandiflora Mart.","ESA138986","splink","ESA","Souza, V.C.","40673","Native","2017","Souza, V.C.","2017","Prata","Ouro",,"Mogi Guaçu","Fazenda Campinha. Cerrado."
"ESTAÇÃO ECOLÓGICA MOGI-GUAÇU","Angiosperms","Myristicaceae","Virola","sebifera","Aubl.","MYRISTICACEAE Virola sebifera Aubl.","ESA138964","splink","ESA","Souza, V.C.","40651","Native","2017","Souza, V.C.","2017","Prata","Ouro",,"Mogi Guaçu","Fazenda Campinha. Cerrado."
"ESTAÇÃO ECOLÓGICA MOGI-GUAÇU","Angiosperms","Celastraceae","Peritassa","campestris","(Cambess.) A.C. Sm.","CELASTRACEAE Peritassa campestris (Cambess.) A.C. Sm.","SPSF00043991","splink","SPSF","Arzolla, F.A.R.D.P.","1454","Native","2010","Franco, G.A.D.C.","2010","Prata","Ouro",,"Mogi Guaçu","Estação Ecológica Mogi-Guaçu."
"ESTAÇÃO ECOLÓGICA MOGI-GUAÇU","Angiosperms","Euphorbiaceae","Cnidoscolus","urens","(L.) Arthur","EUPHORBIACEAE Cnidoscolus urens subsp. urens (L.) Arthur","SPSF00043992","splink","SPSF","Arzolla, F.A.R.D.P.","1455","Unknown","2010","Franco, G.A.D.C.","2010","Prata","Ouro",,"Mogi Guaçu","Estação Ecológica Mogi-Guaçu."
"ESTAÇÃO ECOLÓGICA MOGI-GUAÇU","Angiosperms","Siparunaceae","Siparuna","guianensis","Aubl.","SIPARUNACEAE Siparuna guianensis Aubl.","SPSF00043938","splink","SPSF","Arzolla, F.A.R.D.P.","1437","Native","2010","Franco, G.A.D.C.","2010","Prata","Ouro",,"Mogi Guaçu","Estação Ecológica Mogi-Guaçu."
"ESTAÇÃO ECOLÓGICA MOGI-GUAÇU","Angiosperms","Rubiaceae","Manettia","cordifolia","Mart.","RUBIACEAE Manettia cordifolia Mart.","SPSF00039776","splink","SPSF","Sebastiani, R.","311","Native","2008","Cielo Filho, R.","2008","Prata","Ouro",,"Mogi Guaçu","Estação Ecológica Mogi-Guaçu."
"ESTAÇÃO ECOLÓGICA MOGI-GUAÇU","Angiosperms","Fabaceae","Inga","vera","Willd.","FABACEAE Inga vera Willd.","374367","splink","SP","Luchi, A.E.","255","Native","1994","Rossi, L.",,"Prata","Ouro",,"Mogi Guaçu","Estação Ecológica de Mogi-Guaçu, Mata ciliar do Rio Moji-Guaçu, mata do Português"
"ESTAÇÃO ECOLÓGICA MOGI-GUAÇU","Angiosperms","Rubiaceae","Psychotria","carthagenensis","Jacq.","RUBIACEAE Psychotria carthagenensis Jacq.","275450","x","SP","Luchi, A.E.","116","Native","1993","Rossi, L.",,"Prata","Ouro",,,"Estação Ecológica de Mogi-Guaçu, Mata do Português, rio Mogi-Guaçu"
"ESTAÇÃO ECOLÓGICA MOGI-GUAÇU","Angiosperms","Lauraceae","Endlicheria","paniculata","(Spreng.) J.F.Macbr.","LAURACEAE Endlicheria paniculata (Spreng.) J.F.Macbr.","SPSF00050831","splink","SPSF","Torres, R.B.","s/n","Native","1987","Torres, R.B.","1988","Prata","Ouro",,"Mogi Guaçu","Estação Ecológica Mogi-Guaçu."
"ESTAÇÃO ECOLÓGICA MOGI-GUAÇU","Angiosperms","Asteraceae","Baccharis","dracunculifolia","DC.","ASTERACEAE Baccharis dracunculifolia DC.","97285","splink","SP","Eiten, G.","3524","Native","1961","Smith, L.B.","1962","Prata","Ouro",,"Mogi Guaçu","Fazenda Campininha, ""Campos de Sete Lagoas"". Just east of the boundary of the Reserva Florestal at Fazenda Campininha. About 11 km NNE of Rio Mogi-GUaçu & the village of Padua Sales"
"ESTAÇÃO ECOLÓGICA MOGI-GUAÇU","Angiosperms","Lamiaceae","Salvia","rosmarinoides","A.St.-Hil. ex Benth.","LAMIACEAE Salvia rosmarinoides A.St.-Hil. ex Benth.","MO1249998","x","MO","Eiten, G.","3529","Native","1961","Smith, L.B.","1962","Prata","Ouro",,"Mogi Guaçu","Municipio de Moji-Guaçu; """"Campos das Sete Lagôas'. Fazenda Campinha, just north of Rio Moji-Guaçu. 6.2km NNW of Padua Sales. General vegetation: campo cerrado (a type of scrubby woodland originally) on upland, or very rarely forest. Open marsh or dense secondary forest (""""mata"""") along the streams."
"ESTAÇÃO ECOLÓGICA MOGI-GUAÇU","Angiosperms","Euphorbiaceae","Euphorbia","heterophylla","L.","EUPHORBIACEAE Euphorbia heterophylla L.","SP0075075","splink","SP","Eiten, G.","1725","Native","1960","Smith, L.B.","1961","Prata","Ouro",,"Mogi Guaçu","Campos das Sete Lagoas, Just east of the boundary of the Reserva Florestal at Fazenda Campininha. About 11 km NNE of Rio Moji-Guaçu & the village of Padua SAles (about 30 km NW of city of Moji-Mirim)"
"ESTAÇÃO ECOLÓGICA MOGI-GUAÇU","Angiosperms","Malvaceae","Peltaea","speciosa","(Kunth) Standl.","MALVACEAE Peltaea speciosa (Kunth) Standl.","UB1034539",,"UB","Eiten, G.","1778B","Native","1960","Smith, L.B.","1961","Prata","Ouro",,"Mogi Guaçu","""Campos das Sete Lagôas"". Just east of the boundary of the Reserva Florestal at Fazenda Campininha. About 10 km NNE of Rio Moji-Guaçu and the village of Padua Sales. (About 30 km NW of city Moji-Mirim)."
"ESTAÇÃO ECOLÓGICA MOGI-GUAÇU","Angiosperms","Lythraceae","Cuphea",,"P.Browne","LYTHRACEAE Cuphea P.Browne","TEPB0001751",,"TEPB","Gibbs, P.E.",,,"1976","Freire, F.M.",,"Bronze","Ouro","jbrj-public-img.s3-sa-east-1.amazonaws.com/JPG/tepb/tepb/0/1/75/1/tepb0001751.jpg","Mogi Guaçu","Reserva Florestal da Fazenda Campininha."
"ESTAÇÃO ECOLÓGICA MOGI-GUAÇU","Angiosperms","Lauraceae","Ocotea",,"Aubl.","LAURACEAE Ocotea Aubl.","TEPB0001754",,"TEPB","Gibbs, P.E.",,"Native","1976","Proenca, C.","2007","Bronze","Ouro","jbrj-public-img.s3-sa-east-1.amazonaws.com/JPG/tepb/tepb/0/1/75/4/tepb0001754.jpg","Mogi Guaçu","Reserva Florestal da Fazenda Campininha."
"ESTAÇÃO ECOLÓGICA MOGI-GUAÇU","Angiosperms","Styracaceae","Styrax","camporum","Pohl","STYRACACEAE Styrax camporum Pohl","W20070011584",,"W","Mattos, J.","12263","Native","1965","Mattos, J.","1976","Bronze","Ouro","jbrj-public.s3-sa-east-1.amazonaws.com/fsi/server?type=image&source=DZI/nhmwien/w/20070/1/15/84/w20070011584.dzi","Mogi Guaçu","Pádua x Sales, Reserva Florestal Fazenda Campininha, perto da Torre"
"ESTAÇÃO ECOLÓGICA MOGI-GUAÇU","Angiosperms","Asteraceae","Vernonanthura","ferruginea","(Less.) H.Rob.","ASTERACEAE Vernonanthura ferruginea (Less.) H.Rob.","K001060372",,"K","Eiten, G.","5615","Native","1964","Administrador","2018","Bronze","Ouro","jbrj-public.s3-sa-east-1.amazonaws.com/fsi/server?type=image&source=DZI/kew/k/0/10/60/37/2/k001060372.dzi","Mogi Guaçu","Moji-Guaçu. Campos das Sete Lagôas. Fazenda Campinha, just north of Rio Moji-Guaçu. 6,2 km NNW of Padua Sales.."
"ESTAÇÃO ECOLÓGICA MOGI-GUAÇU","Angiosperms","Euphorbiaceae","Croton","sclerocalyx","(Didr.) Müll.Arg.","EUPHORBIACEAE Croton sclerocalyx (Didr.) Müll.Arg.","UB00333862",,"UB","Eiten, G.","2635","Native","1961","Burilli, N.G.","2024","Bronze","Ouro","jbrj-public.s3-sa-east-1.amazonaws.com/fsi/server?type=image&source=DZI/ub/ub/0/33/38/62/ub00333862.dzi","Mogi Guaçu","“Campos das Sete Lagoas”. Fazenda Campinha, jst north of Rio Mogi-Guaçu. About 10km north of river and village of Padua Sales. About 30km NW of city of Mogi-Mirim."
"ESTAÇÃO ECOLÓGICA MOGI-GUAÇU","Angiosperms","Fabaceae","Senna","rugosa","(G.Don) H.S.Irwin & Barneby","FABACEAE Senna rugosa (G.Don) H.S.Irwin & Barneby","SPF00145156",,"SPF","Mattos, J.","8989","Native","1961","Administrador","2019","Bronze","Ouro","jbrj-public.s3-sa-east-1.amazonaws.com/fsi/server?type=image&source=DZI/spf/spf/0/14/51/56/spf00145156.dzi","Mogi Guaçu","Reserva Florestal da Fazenda Campininha."
"ESTAÇÃO ECOLÓGICA MOGI-GUAÇU","Angiosperms","Fabaceae","Indigofera","suffruticosa","Mill.","FABACEAE Indigofera suffruticosa Mill.","NY00601371",,"NY","Mattos, J.","8978","Native","1961","Handro, O.","1964","Bronze","Ouro","jbrj-public.s3-sa-east-1.amazonaws.com/fsi/server?type=image&source=DZI/newyork/ny_/0/60/13/71/ny_00601371.dzi","Mogi Guaçu","Mojí-Guaçú, Reserva Florestal (Fazenda Campininha), perto de Pádua Sales. 1 km. NE da sede"
"ESTAÇÃO ECOLÓGICA MOGI-GUAÇU","Angiosperms","Styracaceae","Styrax","glabratus","Schott","STYRACACEAE Styrax glabratus Schott","W20070011588",,"W","Mattos, J.","8980","Native","1961","Gomes, J.C.","1964","Bronze","Ouro","jbrj-public.s3-sa-east-1.amazonaws.com/fsi/server?type=image&source=DZI/nhmwien/w/20070/1/15/88/w20070011588.dzi","Mogi Guaçu","Reserva Florestal Fazenda Campininha, perto de Pádua Sales"
"ESTAÇÃO ECOLÓGICA MOGI-GUAÇU","Angiosperms","Polygalaceae","Senega","tenuis","(DC.) J.F.B.Pastore","POLYGALACEAE Senega tenuis (DC.) J.F.B.Pastore","US01879235",,"US","Eiten, G.","2291","Native","1960","Bernardi, L.","2000","Bronze","Ouro","jbrj-public.s3-sa-east-1.amazonaws.com/fsi/server?type=image&source=DZI/us/us/1/87/92/35/us01879235.dzi","Mogi Guaçu","Campos das Sete Lagoas"", Fazenda Campininha just north of Rio Moji-Guaçu. 3.6 km NNW of Padua Sales. About 27 km NW of city of Moji-Mirim"
"ESTAÇÃO ECOLÓGICA MOGI-GUAÇU","Angiosperms","Lamiaceae","Leonurus","sibiricus","L.","LAMIACEAE Leonurus sibiricus L.","NY00501063",,"NY","Eiten, G.","1726","Native","1960","Wurdack, J.J.","1961","Bronze","Ouro","jbrj-public.s3-sa-east-1.amazonaws.com/fsi/server?type=image&source=DZI/newyork/ny_/0/50/10/63/ny_00501063.dzi","Mogi Guaçu","Campos das Sete Lagôas"". Just east of the boundary of the Reserva Florestal at Fazenda Campininha. About 11 km. NNE of Rio Moji-Guaçu & the village of Padua Sales. (About 30 km NW of city of Moji-Mirim)."
"ESTAÇÃO ECOLÓGICA MOGI-GUAÇU","Angiosperms","Amaranthaceae","Amaranthus","viridis","L.","AMARANTHACEAE Amaranthus viridis L.","US01332790",,"US","Eiten, G.","1551","Native","1959","Coons, M.P.","1975","Bronze","Ouro","jbrj-public.s3-sa-east-1.amazonaws.com/fsi/server?type=image&source=DZI/us/us/1/33/27/90/us01332790.dzi","Mogi Guaçu","Campos das Sete Lagoas"", Fazenda Campininha just north of Rio Moji-Guaçu. 7 km NNW of Padua Sales. 3 km N of river"
"ESTAÇÃO ECOLÓGICA MOGI-GUAÇU","Angiosperms","Apocynaceae","Rhodocalyx","riedelii","(Müll.Arg.) J.F.Morales & M.E.Endress","APOCYNACEAE Rhodocalyx riedelii (Müll.Arg.) J.F.Morales & M.E.Endress","SPF00082944",,"SPF","Handro, O.","828A","Native","1958","Monguilhott, L.","9/6","Bronze","Ouro","jbrj-public.s3-sa-east-1.amazonaws.com/fsi/server?type=image&source=DZI/spf/spf/0/8/29/44/spf00082944.dzi","Mogi Guaçu","Reserva Florestal, perto de Pádua Sales, margem do rio Mogi-Guaçu."
"ESTAÇÃO ECOLÓGICA MOGI-GUAÇU","Angiosperms","Cyperaceae","Rhynchospora","albiceps","Kunth","CYPERACEAE Rhynchospora albiceps Kunth","NY00589481",,"NY","Kuhlmann, M.","4184","Native","1957","Araujo, A.C.","2001","Bronze","Ouro","jbrj-public.s3-sa-east-1.amazonaws.com/fsi/server?type=image&source=DZI/newyork/ny_/0/58/94/81/ny_00589481.dzi","Mogi Guaçu","Mogí-guaçú, Reserva Florestal, Fazenda Campininha, proximidades de Pádua Sales, E. F. S."
"ESTAÇÃO ECOLÓGICA MOGI-GUAÇU","Angiosperms","Fabaceae","Anadenanthera","peregrina","(L.) Speg.","FABACEAE Anadenanthera peregrina (L.) Speg.","SPF00146189",,"SPF","Handro, O.","589","Native","1956","Administrador","2019","Bronze","Ouro","jbrj-public.s3-sa-east-1.amazonaws.com/fsi/server?type=image&source=DZI/spf/spf/0/14/61/89/spf00146189.dzi","Mogi Guaçu","Reserva Florestal (Fazenda Campinha)."
"ESTAÇÃO ECOLÓGICA MOGI-GUAÇU","Ferns and Lycophytes","Celastraceae","Plenckia","populnea","Reissek","CELASTRACEAE Plenckia populnea Reissek","NY00686030",,"NY","Handro, O.","536","Native","1955","Handro, O.",,"Bronze","Ouro","jbrj-public.s3-sa-east-1.amazonaws.com/fsi/server?type=image&source=DZI/newyork/ny_/0/68/60/30/ny_00686030.dzi","Mogi Guaçu","Mojí-Guaçú. Reserva Florestal, perto de Pádua Sales."
"ESTAÇÃO ECOLÓGICA MOGI-GUAÇU","Angiosperms","Fabaceae","Indigofera","bongardiana","(Kuntze) Burkart","FABACEAE Indigofera bongardiana (Kuntze) Burkart","NY00602993",,"NY","Handro, O.","517","Native","1955","Handro, O.","1964","Bronze","Ouro","jbrj-public.s3-sa-east-1.amazonaws.com/fsi/server?type=image&source=DZI/newyork/ny_/0/60/29/93/ny_00602993.dzi","Mogi Guaçu","Mojí-Guassú, Reserva Florestal, perto de Pádua Salles"
"ESTAÇÃO ECOLÓGICA MOGI-GUAÇU","Angiosperms","Malpighiaceae","Byrsonima","verbascifolia","(L.) DC.","MALPIGHIACEAE Byrsonima verbascifolia (L.) DC.","SPF00066384",,"SPF","Handro, O.","534","Native","1955","Handro, O.","71","Bronze","Ouro","jbrj-public.s3-sa-east-1.amazonaws.com/fsi/server?type=image&source=DZI/spf/spf/0/6/63/84/spf00066384.dzi","Mogi Guaçu","Reserva Florestal, perto de Pàdua Sales. Cerrado."
"ESTAÇÃO ECOLÓGICA MOGI-GUAÇU","Angiosperms","Commelinaceae","Commelina","erecta","L.","COMMELINACEAE Commelina erecta L.","ESA138962","splink","ESA","Souza, V.C.","40649","Native","2017","Souza, V.C.","2017","Bronze","Ouro",,"Mogi Guaçu","Fazenda Campinha. Cerrado."
"ESTAÇÃO ECOLÓGICA MOGI-GUAÇU",,"Poaceae","Homolepis","glutinosa","(Sw.) Zuloaga & Soderstr.","POACEAE Homolepis glutinosa (Sw.) Zuloaga & Soderstr.","ESA138985","splink","ESA","Souza, V.C.","40672",,"2017","Souza, V.C.","2017","Bronze","Ouro",,"Mogi Guaçu","Fazenda Campinha. Cerrado."
"ESTAÇÃO ECOLÓGICA MOGI-GUAÇU","Angiosperms","Asteraceae","Piptocarpha","angustifolia","Dusén ex Malme","ASTERACEAE Piptocarpha angustifolia Dusén ex Malme","SPSF00043996","splink","SPSF","Arzolla, F.A.R.D.P.","1459","Native","2010","Volet, D.P.","2016","Bronze","Ouro",,"Mogi Guaçu","Estação Ecológica Mogi-Guaçu."
"ESTAÇÃO ECOLÓGICA MOGI-GUAÇU","Angiosperms","Siparunaceae","Siparuna","brasiliensis","(Spreng.) A.DC.","SIPARUNACEAE Siparuna brasiliensis (Spreng.) A.DC.","SPSF00044014","splink","SPSF","Arzolla, F.A.R.D.P.","1477","Native","2010","Maruyama, A.","2016","Bronze","Ouro",,"Mogi Guaçu","Estação Ecológica Mogi-Guaçu."
"ESTAÇÃO ECOLÓGICA MOGI-GUAÇU","Angiosperms","Fabaceae","Leptolobium","elegans","Vogel","FABACEAE Leptolobium elegans Vogel","SPSF00043994","splink","SPSF","Arzolla, F.A.R.D.P.","1457","Native","2010","Baitello, J.B.","2012","Bronze","Ouro",,"Mogi Guaçu","Estação Ecológica Mogi-Guaçu."
"ESTAÇÃO ECOLÓGICA MOGI-GUAÇU","Angiosperms","Annonaceae","Annona","coriacea","Mart.","ANNONACEAE Annona coriacea Mart.","SPSF00044003","splink","SPSF","Arzolla, F.A.R.D.P.","1466","Native","2010","Arzolla, F.A.R.D.P.","2010","Bronze","Ouro",,"Mogi Guaçu","Estação Ecológica Mogi-Guaçu."
"ESTAÇÃO ECOLÓGICA MOGI-GUAÇU","Angiosperms","Aquifoliaceae","Ilex","paraguariensis","A.St.-Hil.","AQUIFOLIACEAE Ilex paraguariensis A.St.-Hil.","SPSF00043942","splink","SPSF","Arzolla, F.A.R.D.P.","1441","Native","2010","Arzolla, F.A.R.D.P.","2010","Bronze","Ouro",,"Mogi Guaçu","Estação Ecológica Mogi-Guaçu."
"ESTAÇÃO ECOLÓGICA MOGI-GUAÇU","Angiosperms","Asteraceae","Chromolaena","laevigata","(Lam.) R.M.King & H.Rob.","ASTERACEAE Chromolaena laevigata (Lam.) R.M.King & H.Rob.","SPSF00043928","splink","SPSF","Arzolla, F.A.R.D.P.","1427","Native","2010","Arzolla, F.A.R.D.","2010","Bronze","Ouro",,"Mogi Guaçu","Estação Ecológica Mogi-Guaçu."
"ESTAÇÃO ECOLÓGICA MOGI-GUAÇU","Angiosperms","Asteraceae","Piptocarpha","axillaris","(Less.) Baker","ASTERACEAE Piptocarpha axillaris (Less.) Baker","SPSF00043997","splink","SPSF","Arzolla, F.A.R.D.P.","1460","Native","2010","Pastore, J.A.","2010","Bronze","Ouro",,"Mogi Guaçu","Estação Ecológica Mogi-Guaçu."
"ESTAÇÃO ECOLÓGICA MOGI-GUAÇU","Angiosperms","Asteraceae","Vernonanthura","divaricata","(Spreng.) H.Rob.","ASTERACEAE Vernonanthura divaricata (Spreng.) H.Rob.","SPSF00044013","splink","SPSF","Arzolla, F.A.R.D.P.","1476","Native","2010","Arzola, F.A.R.D.P.","2010","Bronze","Ouro",,"Mogi Guaçu","Estação Ecológica Mogi-Guaçu."
"ESTAÇÃO ECOLÓGICA MOGI-GUAÇU","Ferns and Lycophytes","Bignoniaceae","Anemopaegma","arvense","(Vell.) Stellfeld ex de Souza","BIGNONIACEAE Anemopaegma arvense (Vell.) Stellfeld ex de Souza","SPSF00043929","splink","SPSF","Arzolla, F.A.R.D.P.","1428","Native","2010","Arzolla, F.A.R.D.","2010","Bronze","Ouro",,"Mogi Guaçu","Estação Ecológica Mogi-Guaçu."
"ESTAÇÃO ECOLÓGICA MOGI-GUAÇU","Angiosperms","Caryocaraceae","Caryocar","brasiliense","Cambess.","CARYOCARACEAE Caryocar brasiliense Cambess.","SPSF00044012","splink","SPSF","Arzolla, F.A.R.D.P.","1475","Native","2010","Arzolla, F.A.R.D.P.","2010","Bronze","Ouro",,"Mogi Guaçu","Estação Ecológica Mogi-Guaçu."
"ESTAÇÃO ECOLÓGICA MOGI-GUAÇU","Angiosperms","Clethraceae","Clethra","scabra","Pers.","CLETHRACEAE Clethra scabra Pers.","SPSF00043943","splink","SPSF","Arzolla, F.A.R.D.P.","1442cv","Native","2010","Arzolla, F.A.R.D.P.","2010","Bronze","Ouro",,"Mogi Guaçu","Estação Ecológica Mogi-Guaçu."
"ESTAÇÃO ECOLÓGICA MOGI-GUAÇU",,"Connaraceae","Rourea","pseudospadicea","G.Schellenb.","CONNARACEAE Rourea pseudospadicea G.Schellenb.","SPSF00043995","splink","SPSF","Arzolla, F.A.R.D.P.","1458",,"2010","Pastore, J.A.","2010","Bronze","Ouro",,"Mogi Guaçu","Estação Ecológica Mogi-Guaçu."
"ESTAÇÃO ECOLÓGICA MOGI-GUAÇU","Angiosperms","Euphorbiaceae","Croton","floribundus","Spreng.","EUPHORBIACEAE Croton floribundus Spreng.","SPSF00044005","splink","SPSF","Arzolla, F.A.R.D.P.","1468","Native","2010","Arzolla, F.A.R.D.","2010","Bronze","Ouro",,"Mogi Guaçu","Estação Ecológica Mogi-Guaçu."
"ESTAÇÃO ECOLÓGICA MOGI-GUAÇU","Angiosperms","Fabaceae","Anadenanthera","peregrina","(Benth.) Altschul","FABACEAE Anadenanthera peregrina var. falcata (Benth.) Altschul","SPSF00044016","splink","SPSF","Arzolla, F.A.R.D.P.","1479","Native","2010","Arzolla, F.A.R.D.P.","2010","Bronze","Ouro",,"Mogi Guaçu","Estação Ecológica Mogi-Guaçu."
"ESTAÇÃO ECOLÓGICA MOGI-GUAÇU","Algae","Fabaceae","Andira","humilis","Mart. ex Benth.","FABACEAE Andira humilis Mart. ex Benth.","SPSF00044010","splink","SPSF","Arzolla, F.A.R.D.P.","1473","Native","2010","Arzolla, F.A.R.D.P.","2010","Bronze","Ouro",,"Mogi Guaçu","Estação Ecológica Mogi-Guaçu."
"ESTAÇÃO ECOLÓGICA MOGI-GUAÇU","Angiosperms","Fabaceae","Bauhinia","longifolia","(Bong.) Steud.","FABACEAE Bauhinia longifolia (Bong.) Steud.","SPSF00043944","splink","SPSF","Arzolla, F.A.R.D.P.","1443","Native","2010","Pastore, J.A.","2010","Bronze","Ouro",,"Mogi Guaçu","Estação Ecológica Mogi-Guaçu."
"ESTAÇÃO ECOLÓGICA MOGI-GUAÇU","Angiosperms","Fabaceae","Dahlstedtia","floribunda","(Vogel) M.J. Silva & A.M.G. Azevedo","FABACEAE Dahlstedtia floribunda (Vogel) M.J. Silva & A.M.G. Azevedo","SPSF00043945",,"SPSF","Arzolla, F.A.R.D.P.","1444","Unknown","2010","Arzolla, F.A.R.D.P.","2010","Bronze","Ouro",,"Mogi Guaçu","Estação Ecológica Mogi-Guaçu."
"ESTAÇÃO ECOLÓGICA MOGI-GUAÇU","Ferns and Lycophytes","Fabaceae","Platypodium","elegans","Vogel","FABACEAE Platypodium elegans Vogel","SPSF00044008","splink","SPSF","Arzolla, F.A.R.D.P.","1471","Native","2010","Arzolla, F.A.R.D.P.","2010","Bronze","Ouro",,"Mogi Guaçu","Estação Ecológica Mogi-Guaçu."
"ESTAÇÃO ECOLÓGICA MOGI-GUAÇU","Angiosperms","Fabaceae","Stryphnodendron","rotundifolium","Mart.","FABACEAE Stryphnodendron rotundifolium Mart.","SPSF00044006","splink","SPSF","Arzolla, F.A.R.D.P.","1469","Native","2010","Arzolla, F.A.R.D.P.","2010","Bronze","Ouro",,"Mogi Guaçu","Estação Ecológica Mogi-Guaçu."
"ESTAÇÃO ECOLÓGICA MOGI-GUAÇU","Angiosperms","Malpighiaceae","Byrsonima","intermedia","A.Juss.","MALPIGHIACEAE Byrsonima intermedia A.Juss.","SPSF00043933","splink","SPSF","Arzolla, F.A.R.D.P.","1432","Native","2010","Pastore, J.A.","2010","Bronze","Ouro",,"Mogi Guaçu","Estação Ecológica Mogi-Guaçu."
"ESTAÇÃO ECOLÓGICA MOGI-GUAÇU","Angiosperms","Melastomataceae","Miconia","albicans","(Sw.) Steud.","MELASTOMATACEAE Miconia albicans (Sw.) Steud.","SPSF00043934","splink","SPSF","Arzolla, F.A.R.D.P.","1433","Native","2010","Arzolla, F.A.R.D.P.","2010","Bronze","Ouro",,"Mogi Guaçu","Estação Ecológica Mogi-Guaçu."
"ESTAÇÃO ECOLÓGICA MOGI-GUAÇU","Angiosperms","Proteaceae","Roupala","montana","Aubl.","PROTEACEAE Roupala montana Aubl.","SPSF00044004","splink","SPSF","Arzolla, F.A.R.D.P.","1467","Native","2010","Arzolla, F.A.R.D.P.","2010","Bronze","Ouro",,"Mogi Guaçu","Estação Ecológica Mogi-Guaçu."
"ESTAÇÃO ECOLÓGICA MOGI-GUAÇU","Angiosperms","Rosaceae","Prunus","myrtifolia","(L.) Urb.","ROSACEAE Prunus myrtifolia (L.) Urb.","SPSF00043947",,"SPSF","Arzolla, F.A.R.D.P.","1446","Native","2010","Arzolla, F.A.R.D.P.","2010","Bronze","Ouro",,"Mogi Guaçu","Estação Ecológica Mogi-Guaçu."
"ESTAÇÃO ECOLÓGICA MOGI-GUAÇU","Angiosperms","Rubiaceae","Amaioua","intermedia","Mart. ex Schult. & Schult.f.","RUBIACEAE Amaioua intermedia Mart. ex Schult. & Schult.f.","SPSF00043937","splink","SPSF","Arzolla, F.A.R.D.P.","1436","Native","2010","Arzolla, F.A.R.D.P.","2010","Bronze","Ouro",,"Mogi Guaçu","Estação Ecológica Mogi-Guaçu."
"ESTAÇÃO ECOLÓGICA MOGI-GUAÇU",,"Rubiaceae","Guettarda","uruguensis","Cham. & Schltdl.","RUBIACEAE Guettarda uruguensis Cham. & Schltdl.","SPSF00043948","splink","SPSF","Arzolla, F.A.R.D.P.","1447",,"2010","Pastore, J.A.","2010","Bronze","Ouro",,"Mogi Guaçu","Estação Ecológica Mogi-Guaçu."
"ESTAÇÃO ECOLÓGICA MOGI-GUAÇU","Angiosperms","Rutaceae","Esenbeckia","febrifuga","(A.St.-Hil.) A. Juss. ex Mart.","RUTACEAE Esenbeckia febrifuga (A.St.-Hil.) A. Juss. ex Mart.","SPSF00043950","splink","SPSF","Arzolla, F.A.R.D.P.","1449","Native","2010","Arzolla, F.A.R.D.","2010","Bronze","Ouro",,"Mogi Guaçu","Estação Ecológica Mogi-Guaçu."
"ESTAÇÃO ECOLÓGICA MOGI-GUAÇU","Angiosperms","Sapindaceae","Cupania","vernalis","Cambess.","SAPINDACEAE Cupania vernalis Cambess.","SPSF00044018","splink","SPSF","Arzolla, F.A.R.D.P.","1481","Native","2010","Arzolla, F.A.R.D.P.","2010","Bronze","Ouro",,"Mogi Guaçu","Estação Ecológica Mogi-Guaçu."
"ESTAÇÃO ECOLÓGICA MOGI-GUAÇU","Angiosperms","Sapotaceae","Chrysophyllum","marginatum","(Hook. & Arn.) Radlk.","SAPOTACEAE Chrysophyllum marginatum (Hook. & Arn.) Radlk.","SPSF00043951","splink","SPSF","Arzolla, F.A.R.D.P.","1450","Native","2010","Pastore, J.A.","2010","Bronze","Ouro",,"Mogi Guaçu","Estação Ecológica Mogi-Guaçu."
"ESTAÇÃO ECOLÓGICA MOGI-GUAÇU","Angiosperms","Thymelaeaceae","Daphnopsis","utilis","Warm.","THYMELAEACEAE Daphnopsis utilis Warm.","SPSF00043954","splink","SPSF","Arzolla, F.A.R.D.P.","1453",,"2010","Pastore, J.A.","2010","Bronze","Ouro",,"Mogi Guaçu","Estação Ecológica Mogi-Guaçu."
"ESTAÇÃO ECOLÓGICA MOGI-GUAÇU","Angiosperms","Vochysiaceae","Qualea","cordata","Spreng.","VOCHYSIACEAE Qualea cordata Spreng.","SPSF00043939","splink","SPSF","Arzolla, F.A.R.D.P.","1438","Native","2010","Pastore, J.A.","2010","Bronze","Ouro",,"Mogi Guaçu","Estação Ecológica Mogi-Guaçu."
"ESTAÇÃO ECOLÓGICA MOGI-GUAÇU","Angiosperms","Vochysiaceae","Vochysia","tucanorum","Mart.","VOCHYSIACEAE Vochysia tucanorum Mart.","SPSF00043940","splink","SPSF","Arzolla, F.A.R.D.P.","1439","Unknown","2010","Arzolla, F.A.R.D.P.","2010","Bronze","Ouro",,"Mogi Guaçu","Estação Ecológica Mogi-Guaçu."
"ESTAÇÃO ECOLÓGICA MOGI-GUAÇU","Angiosperms","Iridaceae","Pseudotrimezia","juncifolia","(Klatt) Lovo & A.Gil","IRIDACEAE Pseudotrimezia juncifolia (Klatt) Lovo & A.Gil","SPSF00040948","splink","SPSF","Durigan, G.",,"Native","2008","Marques, I.S.","2023","Bronze","Ouro",,"Mogi Guaçu","Estação Ecológica Mogi-Guaçu."
"ESTAÇÃO ECOLÓGICA MOGI-GUAÇU","Angiosperms","Marantaceae","Goeppertia","zebrina","(Sims) Nees","MARANTACEAE Goeppertia zebrina (Sims) Nees","SPSF00039748","splink","SPSF","Ribeiro, A.P.","30","Native","2008","Louzada, R.","2008","Bronze","Ouro",,"Mogi Guaçu","Estação Ecológica Mogi-Guaçu."
"ESTAÇÃO ECOLÓGICA MOGI-GUAÇU","Angiosperms","Hymenophyllaceae","Trichomanes","cristatum","Kaulf.","HYMENOPHYLLACEAE Trichomanes cristatum Kaulf.","UEC062700","splink","UEC","Simabukuro, E.A.","98","Native","1993","Salino, A.","1993","Bronze","Ouro",,"Mogi Guaçu","Reserva Florestal"
"ESTAÇÃO ECOLÓGICA MOGI-GUAÇU","Angiosperms","Osmundaceae","Osmunda","regalis","L.","OSMUNDACEAE Osmunda regalis L.","UEC067764","splink","UEC","Simabukuro, E.A.","88","Native","1991","Salino, A.",,"Bronze","Ouro",,"Mogi Guaçu","Reserva Florestal de Mogi Guaçu."
"ESTAÇÃO ECOLÓGICA MOGI-GUAÇU","Angiosperms","Osmundaceae","Osmundastrum","cinnamomeum","(L.) C.Presl","OSMUNDACEAE Osmundastrum cinnamomeum (L.) C.Presl","UEC067797","splink","UEC","Simabukuro, E.A.","85","Native","1991","Salino, A.",,"Bronze","Ouro",,"Mogi Guaçu","Reserva Florestal de Mogi Guaçu."
"ESTAÇÃO ECOLÓGICA MOGI-GUAÇU","Angiosperms","Pteridaceae","Pityrogramma","trifoliata","(L.) R.M.Tryon","PTERIDACEAE Pityrogramma trifoliata (L.) R.M.Tryon","UEC067641","splink","UEC","Shimabukuro, E.A.","91","Native","1991","Salino, A.",,"Bronze","Ouro",,"Mogi Guaçu","Reserva Florestal"
"ESTAÇÃO ECOLÓGICA MOGI-GUAÇU","Angiosperms","Pteridaceae","Adiantum","serratodentatum","Willd.","PTERIDACEAE Adiantum serratodentatum Willd.","UEC052853","splink","UEC","Shimabukuro, E.A.","93","Native","1991","Prado, J.","2009","Bronze","Ouro",,"Mogi Guaçu","Fazenda Campininha, Reserva Florestal de Mogi Guaçu."
"ESTAÇÃO ECOLÓGICA MOGI-GUAÇU","Angiosperms","Fabaceae","Inga","vera","(DC.) T.D.Penn.","FABACEAE Inga vera subsp. affinis (DC.) T.D.Penn.","275511","splink","SP","Luchi, A.E.","253","Native","1991","Mamede, M.C.H.","2008","Bronze","Ouro",,"Mogi Guaçu","Estação Ecológica de Mogi-Guaçu, Mata do Português, mata ciliar do Rio Moji-Guaçu"
"ESTAÇÃO ECOLÓGICA MOGI-GUAÇU","Angiosperms","Polypodiaceae","Pleopeltis","minima","(Bory) J. Prado & R.Y. Hirai","POLYPODIACEAE Pleopeltis minima (Bory) J. Prado & R.Y. Hirai","UEC067465","splink","UEC","Simabukuro, E.A.","76","Native","1990","Nonato, F.R.","2015","Bronze","Ouro",,"Mogi Guaçu","Reserva Florestal de Mogi Guaçu"
"ESTAÇÃO ECOLÓGICA MOGI-GUAÇU","Angiosperms","Polypodiaceae","Serpocaulon","vacillans","(Link) A.R.Sm.","POLYPODIACEAE Serpocaulon vacillans (Link) A.R.Sm.","UEC067082","splink","UEC","Simabukuro, E.A.","81","Native","1990","Prado, J.","2009","Bronze","Ouro",,"Mogi Guaçu","Reserva Florestal"
"ESTAÇÃO ECOLÓGICA MOGI-GUAÇU","Angiosperms","Polypodiaceae","Pleopeltis","angusta","Humb. & Bonpl. ex Willd.","POLYPODIACEAE Pleopeltis angusta Humb. & Bonpl. ex Willd.","UEC067627","splink","UEC","Shimabukuro, E.A.","77","Native","1990","Salino, A.","1992","Bronze","Ouro",,"Mogi Guaçu","Reserva Florestal"
"ESTAÇÃO ECOLÓGICA MOGI-GUAÇU","Angiosperms","Blechnaceae","Neoblechnum","brasiliense","(Desv.) Gasper & V.A.O. Dittrich","BLECHNACEAE Neoblechnum brasiliense (Desv.) Gasper & V.A.O. Dittrich","SJRP00014273","splink","SJRP","Simabukuro, E.A.","4","Native","1989","Prado, J.","2021","Bronze","Ouro",,"Mogi Guaçu","Reserva Florestal de Mogi Guaçu"
"ESTAÇÃO ECOLÓGICA MOGI-GUAÇU","Angiosperms","Blechnaceae","Telmatoblechnum","serrulatum","(Rich.) Perrie, D.J. Ohlsen & Brownsey","BLECHNACEAE Telmatoblechnum serrulatum (Rich.) Perrie, D.J. Ohlsen & Brownsey","SJRP00014692","splink","SJRP","Simabukuro, E.A.","6","Native","1989","Prado, J.","2021","Bronze","Ouro",,"Mogi Guaçu","Reserva Florestal de Mogi Guaçu"
"ESTAÇÃO ECOLÓGICA MOGI-GUAÇU","Angiosperms","Polypodiaceae","Serpocaulon","triseriale","(Sw.) A.R.Sm.","POLYPODIACEAE Serpocaulon triseriale (Sw.) A.R.Sm.","02825","splink","SJRP","Sinabukuro, E.A.","1","Native","1989","Salino, A.","2007","Bronze","Ouro",,"Mogi Guaçu","reserva florestal de Mogi-Guaçu"
"ESTAÇÃO ECOLÓGICA MOGI-GUAÇU","Angiosperms","Dennstaedtiaceae","Pteridium","esculentum","(Kaulf.) Thomson","DENNSTAEDTIACEAE Pteridium esculentum subsp. arachnoideum (Kaulf.) Thomson","UEC067396","splink","UEC","Esteves, L.M.","68","Native","1985","Windisch, P.G.",,"Bronze","Ouro",,"Mogi Guaçu","Reserva Florestal de Mogi Guaçu"
"ESTAÇÃO ECOLÓGICA MOGI-GUAÇU","Angiosperms","Hymenophyllaceae","Crepidomanes","pyxidiferum","(L.) Dubuisson & Ebihara","HYMENOPHYLLACEAE Crepidomanes pyxidiferum (L.) Dubuisson & Ebihara","UEC062687","splink","UEC","Esteves, L.M.","72","Native","1985","Windisch, P.G.",,"Bronze","Ouro",,"Mogi Guaçu","Reserva Florestal"
"ESTAÇÃO ECOLÓGICA MOGI-GUAÇU","Angiosperms","Lycopodiaceae","Palhinhaea","camporum","(B. Øllg. & P.G. Windisch) Holub","LYCOPODIACEAE Palhinhaea camporum (B. Øllg. & P.G. Windisch) Holub","1426","splink","SJRP","Esteves, L.M.","65","Naturalized","1985","Ollgaard, B.",,"Bronze","Ouro",,"Mogi Guaçu","reserva florestal"
"ESTAÇÃO ECOLÓGICA MOGI-GUAÇU","Angiosperms","Pteridaceae","Pityrogramma","calomelanos","(L.) Link","PTERIDACEAE Pityrogramma calomelanos (L.) Link","UEC067663","splink","UEC","Esteves, L.M.","64","Native","1985","Windisch, P.G.",,"Bronze","Ouro",,"Mogi Guaçu","Reserva Florestal"
"ESTAÇÃO ECOLÓGICA MOGI-GUAÇU","Angiosperms","Anemiaceae","Anemia",,"Sw.","ANEMIACEAE Anemia Sw.","SJRP00013820","splink","SJRP","Esteves, L.M.","61","Native","1985","Prado, J.","2022","Bronze","Ouro",,"Mogi Guaçu","Reserva Florestal de Mogi Guaçu"
"ESTAÇÃO ECOLÓGICA MOGI-GUAÇU","Angiosperms","Polypodiaceae","Campyloneurum","nitidum","(Kaulf.) C.Presl","POLYPODIACEAE Campyloneurum nitidum (Kaulf.) C.Presl","SJRP00021771","splink","SJRP","Esteves, L.M.","104","Native","1985","Prado, J.","2021","Bronze","Ouro",,"Mogi Guaçu","Reserva Florestal de Mogi Guaçu ( Fazenda Champininha)"
"ESTAÇÃO ECOLÓGICA MOGI-GUAÇU","Angiosperms","Pteridaceae","Doryopteris","concolor","(Langsd. & Fisch.) Kuhn & Decken","PTERIDACEAE Doryopteris concolor (Langsd. & Fisch.) Kuhn & Decken","UEC076385","splink","UEC","Esteves, L.M.","38","Native","1985","Prado, J.","2009","Bronze","Ouro",,"Mogi Guaçu","Reserva Florestal, Fazenda Campininha."
"ESTAÇÃO ECOLÓGICA MOGI-GUAÇU","Angiosperms","Polypodiaceae","Microgramma","squamulosa","(Kaulf.) de la Sota","POLYPODIACEAE Microgramma squamulosa (Kaulf.) de la Sota","UEC055251","splink","UEC","Esteves, L.M.","100","Native","1985","Breier, T.B.","2003","Bronze","Ouro",,"Mogi Guaçu","Reserva Florestal - Fazenda Campininha"
"ESTAÇÃO ECOLÓGICA MOGI-GUAÇU","Angiosperms","Polypodiaceae","Pleopeltis","pleopeltifolia","(Raddi) Alston","POLYPODIACEAE Pleopeltis pleopeltifolia (Raddi) Alston","UEC067484","splink","UEC","Esteves, L.M.","25","Native","1984","Windisch, P.G.",,"Bronze","Ouro",,"Mogi Guaçu","Reserva Florestal"
"ESTAÇÃO ECOLÓGICA MOGI-GUAÇU",,"Polypodiaceae","Pleopeltis","hirsutissima","(Raddi) de la Sota","POLYPODIACEAE Pleopeltis hirsutissima (Raddi) de la Sota","UEC067575","splink","UEC","Esteves, L.M.","9",,"1984","Prado, J.","2009","Bronze","Ouro",,"Mogi Guaçu","Reserva Florestal de Mogi Guaçu"
"ESTAÇÃO ECOLÓGICA MOGI-GUAÇU","Angiosperms","Rubiaceae","Galianthe","laxa","(Cham. & Schltdl.) E.L.Cabral","RUBIACEAE Galianthe laxa (Cham. & Schltdl.) E.L.Cabral","UEC095640","splink","UEC","Negrao, D.A.","s.n.","Native","1983","Salas, R.","2015","Bronze","Ouro",,"Mogi Guaçu","Brasil, São Paulo-Mogi Guaçu. Reserva Florestal da Campininha."
"ESTAÇÃO ECOLÓGICA MOGI-GUAÇU","Angiosperms","Fabaceae","Ctenodon","marginatus","(Benth.) D.B.O.S.Cardoso, P.L.R.Moraes & H.C.Lima","FABACEAE Ctenodon marginatus (Benth.) D.B.O.S.Cardoso, P.L.R.Moraes & H.C.Lima","UEC038260","splink","UEC","Mantovani, W.","1333","Native","1980","Fortuna-Perez, A.P.","2007","Bronze","Ouro",,"Mogi Guaçu","Martinho Prado - Res. Bio. Faz. Campininha (Estação Ecológica de Mogi-Guaçu)"
"ESTAÇÃO ECOLÓGICA MOGI-GUAÇU","Angiosperms","Bromeliaceae","Acanthostachys","strobilacea","(Schult. & Schult.f.) Klotzsch","BROMELIACEAE Acanthostachys strobilacea (Schult. & Schult.f.) Klotzsch","324220","x","COL","Forero, E.","8217","Native","1980","Gracas Wanderley, L.M.","1984","Bronze","Ouro",,"Mogi Guaçu","Mun. Mojí-Guacú, Padua Sales, Fazenda Campinha."
"ESTAÇÃO ECOLÓGICA MOGI-GUAÇU","Angiosperms","Connaraceae","Connarus","suberosus","Planch.","CONNARACEAE Connarus suberosus Planch.","185379","x","COL","Jung, S.L.","51","Native","1977","Gonzalez, E.F.","1978","Bronze","Ouro",,"Mogi Guaçu","Moji-Guaçu, Fazenda Campinha."
"ESTAÇÃO ECOLÓGICA MOGI-GUAÇU","Angiosperms","Lythraceae","Cuphea","polymorpha","A.St.-Hil.","LYTHRACEAE Cuphea polymorpha A.St.-Hil.","UEC093515","splink","UEC","Gibbs, P.E.","2908","Native","1976","Figueiredo, N.","1981","Bronze","Ouro",,"Mogi Guaçu","Reserva Florestal da Fazenda Campininha"
"ESTAÇÃO ECOLÓGICA MOGI-GUAÇU","Angiosperms","Oxalidaceae","Oxalis","rhombeo-ovata","A.St.-Hil.","OXALIDACEAE Oxalis rhombeo-ovata A.St.-Hil.","UEC042835","splink","UEC","Gibbs, P.E.","2907","Naturalized","1976","Lourteig, A.","1980","Bronze","Ouro",,"Mogi Guaçu","Reserva Florestal da Fazenda Campininha."
"ESTAÇÃO ECOLÓGICA MOGI-GUAÇU","Angiosperms","Myrtaceae","Eugenia","acutata","Miq.","MYRTACEAE Eugenia acutata Miq.","SP010828","splink","SP","Mattos, J.","16322","Native","1973","Mamede, M.C.H.","2010","Bronze","Ouro",,"Mogi Guaçu","Perto de Pádua Sales, na Reserva Florestal da Fazenda Campininha"
"ESTAÇÃO ECOLÓGICA MOGI-GUAÇU","Angiosperms","Aristolochiaceae","Aristolochia","esperanzae","Kuntze","ARISTOLOCHIACEAE Aristolochia esperanzae Kuntze","156171","splink","SP","Mattos, J.","16365","Native","1972","Jr, L.C.","1992","Bronze","Ouro",,"Mogi Guaçu","Reserva Florestal (Fazenda Campininha)"
"ESTAÇÃO ECOLÓGICA MOGI-GUAÇU","Angiosperms","Apocynaceae","Vailia","bicuspidata","(E.Fourn.) Morillo","APOCYNACEAE Vailia bicuspidata (E.Fourn.) Morillo","156116","splink","SP","Mattos, J.","16364","Native","1972","Fontella, J.","1991","Bronze","Ouro",,"Mogi Guaçu","Fazenda Campininha, Reserva Florestal"
"ESTAÇÃO ECOLÓGICA MOGI-GUAÇU","Angiosperms","Asteraceae","Lessingianthus","brevifolius","(Less.) H.Rob.","ASTERACEAE Lessingianthus brevifolius (Less.) H.Rob.","108697","splink","SP","Mattos, J.","15468","Native","1969","Bianchini, R.S.","2015","Bronze","Ouro",,"Mogi Guaçu","Fazenda Campininha, Perto de Pádua Sales (Reserva Florestal)"
"ESTAÇÃO ECOLÓGICA MOGI-GUAÇU","Angiosperms","Fabaceae","Chamaecrista","flexuosa","(L.) Greene","FABACEAE Chamaecrista flexuosa (L.) Greene","40573","splink","IAC","Mattos, J.R.","15463","Native","1969","Bernacci, L.C.","2002","Bronze","Ouro",,"Mogi Guaçu","perto de Pádua Salles, Fazenda Campininha, Reserva Florestal"
"ESTAÇÃO ECOLÓGICA MOGI-GUAÇU","Angiosperms","Fabaceae","Mimosa","dolens","(Benth.) Barneby","FABACEAE Mimosa dolens subsp. eriophylla (Benth.) Barneby","119114","x","SP","Mattos, J.","14485","Native","1967","Mendes, T.P.","2022","Bronze","Ouro",,"Mogi Guaçu","Fazenda Campininha, Perto de Pádua Sales, Reserva Florestal"
"ESTAÇÃO ECOLÓGICA MOGI-GUAÇU","Angiosperms","Fabaceae","Zornia","curvata","Mohlenbr.","FABACEAE Zornia curvata Mohlenbr.","119099","splink","SP","Mattos, J.","14492","Native","1967","Perez, A.P.F.","2012","Bronze","Ouro",,"Mogi Guaçu","Fazenda Campininha, Reserva Florestal. Perto de Pádua Sales. Cerrado degradado"
"ESTAÇÃO ECOLÓGICA MOGI-GUAÇU","Angiosperms","Aquifoliaceae","Ilex","theezans","Mart. ex Reissek","AQUIFOLIACEAE Ilex theezans Mart. ex Reissek","101651","splink","SP","Mattos, J.","15061","Native","1967","Barroso, G.M.","1979","Bronze","Ouro",,"Mogi Guaçu","Fazenda Campininha, Perto de Pádua Sales (Reserva Florestal)"
"ESTAÇÃO ECOLÓGICA MOGI-GUAÇU","Angiosperms","Fabaceae","Chamaecrista","setosa","(Vogel) H.S.Irwin & Barneby","FABACEAE Chamaecrista setosa var. setosa (Vogel) H.S.Irwin & Barneby","NY00470992","splink","NY","Mattos, J.","13675","Native","1966","Hervencio, P.",,"Bronze","Ouro",,"Mogi Guaçu","Perto de Pádua Sales, Reserva Florestal da Fazenda Campininha"
"ESTAÇÃO ECOLÓGICA MOGI-GUAÇU","Angiosperms","Asteraceae","Lessingianthus","obtusatus","(Less.) H.Rob.","ASTERACEAE Lessingianthus obtusatus (Less.) H.Rob.","157749","splink","SP","Mattos, J.","13674","Native","1966","Bianchini, R.S.","2016","Bronze","Ouro",,"Mogi Guaçu","Fazenda Campininha, Pádua Sales, na Reserva Florestal"
"ESTAÇÃO ECOLÓGICA MOGI-GUAÇU","Angiosperms","Fabaceae","Crotalaria","flavicoma","Benth.","FABACEAE Crotalaria flavicoma Benth.","UEC131033","splink","UEC","Mattos, J.","13678","Native","1966","Filliettaz, A.M.","1997","Bronze","Ouro",,"Mogi Guaçu","perto de Pádua Sales, Reserva Florestal Fazenda Campininha"
"ESTAÇÃO ECOLÓGICA MOGI-GUAÇU","Angiosperms","Rubiaceae","Borreria","latifolia","(Aubl.) K.Schum.","RUBIACEAE Borreria latifolia (Aubl.) K.Schum.","HUEFS0085092","splink","HUEFS","Mattos, J.","13687","Native","1966","Cabral, E.L.","1996","Bronze","Ouro",,"Mogi Guaçu","perto de Pádua Sales, Reserva Florestal, Fazenda Campininha."
"ESTAÇÃO ECOLÓGICA MOGI-GUAÇU","Angiosperms","Bignoniaceae","Jacaranda","rufa","Silva Manso","BIGNONIACEAE Jacaranda rufa Silva Manso","141303","splink","SP","Mattos, J.","13672","Native","1966","Mattos, J.","1966","Bronze","Ouro",,"Mogi Guaçu","Fazenda Campininha, Perto de Pádua Sales, Reserva Florestal"
"ESTAÇÃO ECOLÓGICA MOGI-GUAÇU","Angiosperms","Fabaceae","Stylosanthes","grandifolia","M.B.Ferreira & Sousa Costa","FABACEAE Stylosanthes grandifolia M.B.Ferreira & Sousa Costa","43188","splink","PAMG","Mattos, J.","12281","Native","1965","Brandao, M.",,"Bronze","Ouro",,"Mogi Guaçu","Perto de Pádua Sales, Reserva Florestal (Fazenda Campininha)"
"ESTAÇÃO ECOLÓGICA MOGI-GUAÇU","Angiosperms","Malvaceae","Eriotheca","gracilipes","(K.Schum.) A.Robyns","MALVACEAE Eriotheca gracilipes (K.Schum.) A.Robyns","NY00402452","splink","NY","Mattos, J.","12274","Native","1965","Martins, V.L.C.",,"Bronze","Ouro",,"Mogi Guaçu","Moji-Guaçu, perto de Pádua Sales, Reserva Florestal (Fazenda Campininha)."
"ESTAÇÃO ECOLÓGICA MOGI-GUAÇU","Angiosperms","Asteraceae","Lessingianthus","bardanoides","(Less.) H.Rob.","ASTERACEAE Lessingianthus bardanoides (Less.) H.Rob.","UEC131419","splink","UEC","Mattos, J.","12235","Native","1965","Renon, P.","2025","Bronze","Ouro",,"Mogi Guaçu","Perto de Pádua Sales, Reserva Florestal da Fazenda Campininha."
"ESTAÇÃO ECOLÓGICA MOGI-GUAÇU","Angiosperms","Poaceae","Axonopus","pressus","(Nees ex Steud.) Parodi","POACEAE Axonopus pressus (Nees ex Steud.) Parodi","HAS0070821","splink","HAS","Mattos, J.","12254","Native","1965","Delfini, C.","2016","Bronze","Ouro",,"Mogi Guaçu","perto de Pádua Sales, Reserva Florestal (Fazenda Campininha)"
"ESTAÇÃO ECOLÓGICA MOGI-GUAÇU","Angiosperms","Bignoniaceae","Adenocalymma","peregrinum","(Miers) L.G.Lohmann","BIGNONIACEAE Adenocalymma peregrinum (Miers) L.G.Lohmann","114231","x","SP","Mattos, J.","13182","Native","1965","Fonseca, L.H.M.","2014","Bronze","Ouro",,"Mogi Guaçu","Fazenda Campininha, Perto de Pádua Sales. Reserva Florestal"
"ESTAÇÃO ECOLÓGICA MOGI-GUAÇU","Angiosperms","Rubiaceae","Coccocypselum","lanceolatum","(Ruiz & Pav.) Pers.","RUBIACEAE Coccocypselum lanceolatum (Ruiz & Pav.) Pers.","SP0156585","splink","SP","Mattos, J.","13163","Native","1965","Costa, C.B.","2007","Bronze","Ouro",,"Mogi Guaçu","Fazenda Campininha, Perto de Pádua Sales, Reserva Florestal"
"ESTAÇÃO ECOLÓGICA MOGI-GUAÇU","Angiosperms","Iridaceae","Cipura","paludosa","Aubl.","IRIDACEAE Cipura paludosa Aubl.","SP0156624","splink","SP","Mattos, J.","13161","Native","1965","Chukr, N.S.","1995","Bronze","Ouro",,"Mogi Guaçu","Fazenda Campininha, Perto de Pádua Sales, Reserva Florestal"
"ESTAÇÃO ECOLÓGICA MOGI-GUAÇU","Angiosperms","Asteraceae","Vernonanthura","polyanthes","(Sprengel) Vega & Dematteis","ASTERACEAE Vernonanthura polyanthes (Sprengel) Vega & Dematteis","UEC136913","splink","UEC","Mattos, J.","12488","Native","1965","Rodrigues, T.S.","1990","Bronze","Ouro",,"Mogi Guaçu","Perto de Padua Sales, Reserva Florestal (fazenda Campininha), perto da Torre."
"ESTAÇÃO ECOLÓGICA MOGI-GUAÇU","Angiosperms","Fabaceae","Chamaecrista","basifolia","(Vogel) H.S.Irwin & Barneby","FABACEAE Chamaecrista basifolia (Vogel) H.S.Irwin & Barneby","84155","splink","SP","Mattos, J.R.","12480","Native","1965","Mamede, M.C.H.","1989","Bronze","Ouro",,"Mogi Guaçu","Estação Experimental de Mogi Guaçu. Perto de Padua Sales, Reserva Florestal, Fazenda Campininha, perto da Torre, cerrado degradado"
"ESTAÇÃO ECOLÓGICA MOGI-GUAÇU","Angiosperms","Poaceae","Aristida","riparia","Trin.","POACEAE Aristida riparia Trin.","156668","splink","SP","Mattos, J.","12287","Native","1965","Wagner, H.M.L.","1984","Bronze","Ouro",,"Mogi Guaçu","Fazenda Campininha, Perto de Pádua sales, Reserva Florestal"
"ESTAÇÃO ECOLÓGICA MOGI-GUAÇU","Angiosperms","Arecaceae","Syagrus","flexuosa","(Mart.) Becc.","ARECACEAE Syagrus flexuosa (Mart.) Becc.","157979","splink","SP","Mattos, J.","12291","Native","1965","Mattos, J.R.","1976","Bronze","Ouro",,"Mogi Guaçu","Fazenda Campininha, Perto de Sales. Reserva Florestal. No cerrado denso"
"ESTAÇÃO ECOLÓGICA MOGI-GUAÇU","Angiosperms","Commelinaceae","Commelina","obliqua","Vahl","COMMELINACEAE Commelina obliqua Vahl","HAS0067565","splink","HAS","Mattos, J.","12237","Native","1965","Mattos, J.","1971","Bronze","Ouro",,"Mogi Guaçu","Perto de Pádua Sales, Reserva Florestal (Fazenda Campininha)"
"ESTAÇÃO ECOLÓGICA MOGI-GUAÇU","Angiosperms","Ochnaceae","Ouratea","spectabilis","(Mart.) Engl.","OCHNACEAE Ouratea spectabilis (Mart.) Engl.","RB00782151","x","RB","Eiten, G.","5661","Native","1964","Yamamoto, K.I.",,"Bronze","Ouro",,,"""Campo das Sete Lagoas"". Fazenda Campininha just north of Rio Moji-Guaçu. 4,0km NNW of Padua."
"ESTAÇÃO ECOLÓGICA MOGI-GUAÇU","Angiosperms","Portulacaceae","Portulaca","mucronata","Link","PORTULACACEAE Portulaca mucronata Link","HAS0082199","splink","HAS","Mattos, J.","10629","Native","1963","Oliveira, A.","2006","Bronze","Ouro",,"Mogi Guaçu","Pádua Sales, na Reserva Florestal, Fazenda Campininha"
"ESTAÇÃO ECOLÓGICA MOGI-GUAÇU","Angiosperms","Asteraceae","Calea","mediterranea","(Vell.) Pruski","ASTERACEAE Calea mediterranea (Vell.) Pruski","US01792217","splink","US","Eiten, G.","3555","Native","1961","Bueno, V.R.",,"Bronze","Ouro",,"Mogi Guaçu","Municipio de Moji-Guacu: ""Campos das Sete Lagoas"", Fazenda Campinha, just north of Rio Moji-Guacu, 6.0 km. NNW of Padua Sales (about 27 km. NW of city of Moji-Mirim)."
"ESTAÇÃO ECOLÓGICA MOGI-GUAÇU","Angiosperms","Cyperaceae","Cyperus","luzulae","(L.) Retz.","CYPERACEAE Cyperus luzulae (L.) Retz.","V106481","x","UBC","Eiten, G.","1557","Native","1961","Eiten, L.T.",,"Bronze","Ouro",,"Mogi Guaçu","Municipio de moji-guacu, campos das sete lagoas, fazenda campinha, just north of Rio moji-guacu, 7 km NNW of padua sales"
"ESTAÇÃO ECOLÓGICA MOGI-GUAÇU","Angiosperms","Euphorbiaceae","Alchornea","glandulosa","(Casar.) Secco","EUPHORBIACEAE Alchornea glandulosa subsp. iricurana (Casar.) Secco","v0349736WIS","x","WIS","Mattos, J.","8982","Native","1961","Mattos, J.",,"Bronze","Ouro",,"Mogi Guaçu","Moji-Guaçu, Reserva Florestal (Fazenda Campininha), perto de Padua Sales. No cerrado, a 1 km NE da sede,"
"ESTAÇÃO ECOLÓGICA MOGI-GUAÇU","Angiosperms","Fabaceae","Copaifera","langsdorffii","Desf.","FABACEAE Copaifera langsdorffii Desf.","0045532","x","WU","Eiten, G.","3550","Native","1961","Eiten, G.",,"Bronze","Ouro",,"Mogi Guaçu","Brazil, State of São Paulo, Municipio de Moji-Guaçu: ""Campos das Sete Lagoas"". Fazenda Campininha just north of Rio Moji-Guaçu. 6.8 km NNW of Padua Sales. 22°11-18's, 47°7-10' w. (About 27 km NW of city of Moji-Mirim). 625 m."
"ESTAÇÃO ECOLÓGICA MOGI-GUAÇU","Angiosperms","Fabaceae","Stylosanthes","scabra","Vogel","FABACEAE Stylosanthes scabra Vogel","K000908750","splink","K","Eiten, G.","2742","Native","1961","Mannetje, L.T.",,"Bronze","Ouro",,"Mogi Guaçu","Moji-Guaçu: 'Campos das Sete Lagoas'. Fazenda Campininha just north of Rio Moji-Guaçu. 3.7km NNW of Padua Sales. (About 27km NW of city of Moji-mirim)."
"ESTAÇÃO ECOLÓGICA MOGI-GUAÇU","Angiosperms","Polygalaceae","Polygala",,"L.","POLYGALACEAE Polygala L.","UB0333867","splink","UB","Eiten, G.","2625","Native","1961","Moura, R.","2024","Bronze","Ouro",,"Mogi Guaçu","“Campos das Sete Lagoas”. Just east of the boundary of the Reserva Florestal at Fazenda Campininha. About 10km north of Rio Mogi-Guaçu and the village of Padua Sales. About 30km NW of city Mogi-Mirim."
"ESTAÇÃO ECOLÓGICA MOGI-GUAÇU",,"Oxalidaceae","Oxalis","physocalyx","Zucc. ex Progel","OXALIDACEAE Oxalis physocalyx Zucc. ex Progel","UB1076804",,"UB","Eiten, G.","2683",,"1961","Abreu, M.C.","2010","Bronze","Ouro",,"Mogi Guaçu","Campos das Sete Lagoas. Just east of the boundary of the Reserva Florestal at Fazenda Campininha. About 10km north of Rio Moji-Guaçu & the village of Pádua Sales."
"ESTAÇÃO ECOLÓGICA MOGI-GUAÇU","Angiosperms","Moraceae","Dorstenia","brasiliensis","Lam.","MORACEAE Dorstenia brasiliensis Lam.","64190","splink","SP","Fontella, J.","s.n.","Native","1961","Jose, P.A.S.","2006","Bronze","Ouro",,"Mogi Guaçu","Fazenda Campininha, Reserva Florestal"
"ESTAÇÃO ECOLÓGICA MOGI-GUAÇU",,"Loranthaceae","Psittacanthus","robustus","(Mart.) Mart.","LORANTHACEAE Psittacanthus robustus (Mart.) Mart.","HAS0088131","splink","HAS","Mattos, J.","9005",,"1961","Paula, C.H.R.","2002","Bronze","Ouro",,"Mogi Guaçu","Pádua Sales, Reserva Florestal ( Fazenda Campininha)"
"ESTAÇÃO ECOLÓGICA MOGI-GUAÇU","Angiosperms","Rubiaceae","Galianthe","grandifolia","E.L.Cabral","RUBIACEAE Galianthe grandifolia E.L.Cabral","HUEFS0276960","splink","HUEFS","Eiten, G.","2632","Native","1961","Cabral, E.L.","1993","Bronze","Ouro",,"Mogi Guaçu","Campos das Sete Lagoas#?#. Fazenda Campinha, jst north of Rio Mogi-Guaçu. About 10km north of river and village of Padua Sales. About 30km NW of city of Mogi-Mirim."
"ESTAÇÃO ECOLÓGICA MOGI-GUAÇU","Angiosperms","Malvaceae","Helicteres","sacarolha","A.St.-Hil., Juss. & Cambess.","MALVACEAE Helicteres sacarolha A.St.-Hil., Juss. & Cambess.","SJRP00006910","splink","SJRP","Mattos, J.","8998","Native","1961","Mattos, J.","1963","Bronze","Ouro",,"Mogi Guaçu","Reserva Florestal (Fazenda Campininha), perto de Padua Sales"
"ESTAÇÃO ECOLÓGICA MOGI-GUAÇU","Angiosperms","Asteraceae","Mikania","cordifolia","(L.f.) Willd.","ASTERACEAE Mikania cordifolia (L.f.) Willd.","ICN00060775","splink","ICN","Eiten, G.","1992","Native","1960","Wurdack, J.J.",,"Bronze","Ouro",,"Mogi Guaçu","Campo das Sete Lagoas Fazenda Campininha just north of Rio Moji-Guaçu 3 7 km NNW of Padua Sales 22°11-18' S 47°7-10' W"
"ESTAÇÃO ECOLÓGICA MOGI-GUAÇU","Angiosperms","Fabaceae","Zornia","latifolia","Sm.","FABACEAE Zornia latifolia Sm.","139356","splink","SP","Eiten, G.","2001","Native","1960","Schiamarelli, A.",,"Bronze","Ouro",,"Mogi Guaçu","Campos das Sete Lagoas, Fazenda Campinha, just of Rio Mogi-Guaçu, 3.7 km of Pádua Sales"
"ESTAÇÃO ECOLÓGICA MOGI-GUAÇU","Angiosperms","Verbenaceae","Lippia","lupulina","Cham.","VERBENACEAE Lippia lupulina Cham.","US03199082","splink","US","Eiten, G.","2273","Native","1960","Mirra, F.",,"Bronze","Ouro",,"Mogi Guaçu","Município de Moji-Guaçu: 'Campos das Sete Lagôas'. Fazenda Campininha just north of Rio Moji-Guaçu. 10 km. NNE of Padua Sales. (About 27 km. NW of city of Moji-Mirim)."
"ESTAÇÃO ECOLÓGICA MOGI-GUAÇU","Angiosperms","Cyperaceae","Cyperus","aggregatus","(Willd.) Endl.","CYPERACEAE Cyperus aggregatus (Willd.) Endl.","UB1034540","splink","UB","Eiten, G.","1680","Native","1960","Pereira-Silva, L.","2023","Bronze","Ouro",,"Mogi Guaçu","""Campos das Sete Lagoas"". Just east of the boundary of the Reserva Florestal at Fazenda da Campininha. About 11 km NNE of Rio Moji-Guaçu & the village of PADUA SALES."
"ESTAÇÃO ECOLÓGICA MOGI-GUAÇU","Angiosperms","Eriocaulaceae","Floralia","flaccida","(Bong.) Andrino","ERIOCAULACEAE Floralia flaccida (Bong.) Andrino","UB0012780","x","UB","Eiten, G.","1924","Native","1960","Andrino, C.O.","2023","Bronze","Ouro",,,"Campos das Sete Lagôas"""". Fazenda Campininha just north of Rio Moji-Guaçu 3.7 km NNW of Padua Sales. (About 27 km NW of city of Moji-Mirim)"
"ESTAÇÃO ECOLÓGICA MOGI-GUAÇU","Angiosperms","Rubiaceae","Borreria","alata","(Aubl.) DC.","RUBIACEAE Borreria alata (Aubl.) DC.","SP030769","splink","SP","Eiten, G.","1728","Native","1960","Sobrado, S.V.","2014","Bronze","Ouro",,"Mogi Guaçu","Campos das Sete Lagôas, just east of the boundary of the Reserva Florestal at Fazenda Campininha about 11 km NNE of Rio Mogi-Guaçu & the Village of Pádua Sales"
"ESTAÇÃO ECOLÓGICA MOGI-GUAÇU","Angiosperms","Fabaceae","Chamaecrista","desvauxii","(Benth.) H.S.Irwin & Barneby","FABACEAE Chamaecrista desvauxii var. mollissima (Benth.) H.S.Irwin & Barneby","NY00515245","splink","NY","Eiten, G.","1716","Native","1960","Baker, B.","2011","Bronze","Ouro",,"Mogi Guaçu","""Campos das Sete Lagoas"". Fazenda Campinha, just N of Rio Moji-Gauçu. 4 km NNW of Padua Sales (About 27 km NW of city of Moji-Mirim)"
"ESTAÇÃO ECOLÓGICA MOGI-GUAÇU","Angiosperms","Poaceae","Panicum","campestre","Nees ex Trin.","POACEAE Panicum campestre Nees ex Trin.","74345","splink","SP","Eiten, G.","1669","Native","1960","Guglieri, A.","2004","Bronze","Ouro",,"Mogi Guaçu","Campos das Sete Lagoas. Just east of the boundary of the Reserva Florestal at Fazenda Campininha. About 11 km NNE of Rio Mogi Guaçu & the village of Pádua Sales."
"ESTAÇÃO ECOLÓGICA MOGI-GUAÇU","Angiosperms","Iridaceae","Sisyrinchium","vaginatum","Spreng.","IRIDACEAE Sisyrinchium vaginatum Spreng.","NY00528783","splink","NY","Mattos, J.R.","8474a","Native","1960","Smith, L.B.","1962","Bronze","Ouro",,"Mogi Guaçu","Fazenda Campinha, 7 km NNW de Padua Sales"
"ESTAÇÃO ECOLÓGICA MOGI-GUAÇU","Angiosperms","Apocynaceae","Nautonia","nummularia","Decne.","APOCYNACEAE Nautonia nummularia Decne.","56568","splink","SP","Handro, O.","892","Native","1959","Fontella","1979","Bronze","Ouro",,"Mogi Guaçu","Reserva Florestal, perto de Pádua Sales"
"ESTAÇÃO ECOLÓGICA MOGI-GUAÇU","Angiosperms","Cyperaceae","Cyperus","lanceolatus","Poir.","CYPERACEAE Cyperus lanceolatus Poir.","IBGE00074941","splink","IBGE","Eiten, G.","1532","Native","1959","Eiten, L.T.","1970","Bronze","Ouro",,"Mogi Guaçu","Campos das Sete Lagoas, Fazenda Campinha. Folha Cartográfica SF-23-Y-A. Coordenada Calculada."
"ESTAÇÃO ECOLÓGICA MOGI-GUAÇU","Angiosperms","Eriocaulaceae","Syngonanthus","glandulosus","Gleason","ERIOCAULACEAE Syngonanthus glandulosus Gleason","SP0316268","splink","SP","Handro, O.","883","Native","1959","Handro, O.","1959","Bronze","Ouro",,"Mogi Guaçu","Reserva Florestal, perto de Pádua Sales"
"ESTAÇÃO ECOLÓGICA MOGI-GUAÇU","Angiosperms","Fabaceae","Zornia","reticulata","Sm.","FABACEAE Zornia reticulata Sm.","56505","splink","SP","Handro, O.","838","Native","1958","Perez, A.P.F.","2009","Bronze","Ouro",,"Mogi Guaçu","Reserva Florestal, Perto de Pádua Sales"
"ESTAÇÃO ECOLÓGICA MOGI-GUAÇU","Angiosperms","Amaranthaceae","Froelichia","interrupta","(L.) Moq.","AMARANTHACEAE Froelichia interrupta (L.) Moq.","56496","splink","SP","Handro, O.","829","Native","1958","Mattos, N.F.","1996","Bronze","Ouro",,"Mogi Guaçu","Fazenda Campininha, Reserva Florestal, perto de Pádua Sales"
"ESTAÇÃO ECOLÓGICA MOGI-GUAÇU","Angiosperms","Lauraceae","Ocotea","minarum","(Nees & Mart.) Mez","LAURACEAE Ocotea minarum (Nees & Mart.) Mez","RB00131726","x","RB","Handro, O.","693","Native","1957","Teixeira, B.C.",,"Bronze","Ouro",,"Mogi Guaçu","MOJI-GUAÇU , RESERVA FLORESTAL ( FAZ. CAMPINHA ,.PERTO DE PÁDUA SALES )."
"ESTAÇÃO ECOLÓGICA MOGI-GUAÇU","Angiosperms","Fabaceae","Helicotropis","linearis","(Kunth) A. Delgado","FABACEAE Helicotropis linearis (Kunth) A. Delgado","SP028542","splink","SP","Handro, O.","727","Native","1957","Mamede, M.C.H.","2026","Bronze","Ouro",,"Mogi Guaçu","Fazenda Campininha, Reserva Florestal, perto de Pádua Sales"
"ESTAÇÃO ECOLÓGICA MOGI-GUAÇU","Angiosperms","Malvaceae","Melochia","spicata","(L.) Fryxell","MALVACEAE Melochia spicata var. spicata (L.) Fryxell","UB0055425","splink","UB","Kuhlmann, M.","4209","Native","1957","Costa, F.C.P.","2024","Bronze","Ouro",,"Mogi Guaçu","Reserva Florestal, Fazenda Campininha."
"ESTAÇÃO ECOLÓGICA MOGI-GUAÇU","Angiosperms","Fabaceae","Stylosanthes","bracteata","Vogel","FABACEAE Stylosanthes bracteata Vogel","43159","splink","PAMG","Kuhlmann, M.","4258","Native","1957","Gissi, D.S.","2022","Bronze","Ouro",,"Mogi Guaçu","Reserva florestal, Fazenda Campininha"
"ESTAÇÃO ECOLÓGICA MOGI-GUAÇU","Angiosperms","Asteraceae","Lessingianthus","ligulifolius","(Mart. ex DC.) H.Rob.","ASTERACEAE Lessingianthus ligulifolius (Mart. ex DC.) H.Rob.","80664","splink","SP","Kuhlmann, M.","4176","Native","1957","Bianchini, R.S.","2016","Bronze","Ouro",,"Mogi Guaçu","Fazenda Campininha, Reserva Florestal, proximidades de Pádua Sales, E.F.S."
"ESTAÇÃO ECOLÓGICA MOGI-GUAÇU","Angiosperms","Malvaceae","Melochia","spicata","(L.) Fryxell","MALVACEAE Melochia spicata (L.) Fryxell","SJRP00007083","splink","SJRP","Kuhlmann, M.","4209","Native","1957","Goncalez, V.M.","2015","Bronze","Ouro",,"Mogi Guaçu","Reserva Florestal (Fazenda Campininha)"
"ESTAÇÃO ECOLÓGICA MOGI-GUAÇU","Angiosperms","Poaceae","Lasiacis","ligulata","Hitchc. & Chase","POACEAE Lasiacis ligulata Hitchc. & Chase","105972","splink","SP","Kuhlmann, M.","4189","Native","1957","Rodrigues, R.S.","2013","Bronze","Ouro",,"Mogi Guaçu","Fazenda Campininha, Reserva Florestal."
"ESTAÇÃO ECOLÓGICA MOGI-GUAÇU","Angiosperms","Poaceae","Paspalum","eucomum","Nees ex Trin.","POACEAE Paspalum eucomum Nees ex Trin.","105973","splink","SP","Kuhlmann, M.","4195","Native","1957","Rodrigues, R.S.","2012","Bronze","Ouro",,"Mogi Guaçu","Fazenda Campininha, Reserva Florestal."
"ESTAÇÃO ECOLÓGICA MOGI-GUAÇU","Angiosperms","Euphorbiaceae","Tragia","uberabana","Müll.Arg.","EUPHORBIACEAE Tragia uberabana Müll.Arg.","SP0075959","splink","SP","Kuhlmann, M.","4249","Native","1957","Maya-L, C.A.","2008","Bronze","Ouro",,"Mogi Guaçu","Reserva Florestal. Fazenda Campininha"
"ESTAÇÃO ECOLÓGICA MOGI-GUAÇU","Angiosperms","Fabaceae","Stylosanthes","guianensis","(Aubl.) Sw.","FABACEAE Stylosanthes guianensis (Aubl.) Sw.","81020","splink","SP","Kuhlmann, M.","4201","Cultivated","1957","Mamede, M.C.H.","2008","Bronze","Ouro",,"Mogi Guaçu","Reserva Florestal (Fazenda Campininha). No cerrado"
"ESTAÇÃO ECOLÓGICA MOGI-GUAÇU","Angiosperms","Apocynaceae","Oxypetalum","aequaliflorum","E.Fourn.","APOCYNACEAE Oxypetalum aequaliflorum E.Fourn.","56382","splink","SP","Handro, O.","715","Naturalized","1957","Farinaccio, M.A.","1999","Bronze","Ouro",,"Mogi Guaçu","Reserva Florestal (Fazenda Campininha) perto de Pádua Sales"
"ESTAÇÃO ECOLÓGICA MOGI-GUAÇU","Angiosperms","Poaceae","Hyparrhenia","bracteata","(Humb. & Bonpl. ex Willd.) Stapf","POACEAE Hyparrhenia bracteata (Humb. & Bonpl. ex Willd.) Stapf","SP033528","splink","SP","Kuhlmann, M.","4190","Native","1957","Wagner, H.M.L.","1999","Bronze","Ouro",,"Mogi Guaçu","Fazenda Campininha, Reserva Florestal."
"ESTAÇÃO ECOLÓGICA MOGI-GUAÇU","Angiosperms","Fabaceae","Rhynchosia","clausseni","Benth.","FABACEAE Rhynchosia clausseni Benth.","SP027823","splink","SP","Kuhlmann, M.","4260","Native","1957","Neves, F.F.D.'E.","1997","Bronze","Ouro",,"Mogi Guaçu","Fazenda Campininha, Reserva Florestal"
"ESTAÇÃO ECOLÓGICA MOGI-GUAÇU",,"Fabaceae","Machaerium","acutifolium","Vogel","FABACEAE Machaerium acutifolium Vogel","81014","splink","SP","Kuhlmann, M.","4261",,"1957","Sartori, A.","1994","Bronze","Ouro",,"Mogi Guaçu","Fazenda Campininha, Reserva Florestal"
"ESTAÇÃO ECOLÓGICA MOGI-GUAÇU","Angiosperms","Apocynaceae","Blepharodon","lineare","(Decne.) Decne.","APOCYNACEAE Blepharodon lineare (Decne.) Decne.","56399","splink","SP","Handro, O.","732","Native","1957","Fontella, J.","1991","Bronze","Ouro",,"Mogi Guaçu","Fazenda Campininha, Reserva Florestal. Perto de Pádua Sales"
"ESTAÇÃO ECOLÓGICA MOGI-GUAÇU","Angiosperms","Cyperaceae","Rhynchospora",,"Vahl","CYPERACEAE Rhynchospora Vahl","NE 89730","x","NE","Kuhlmann, M.","4184","Native","1957","Thomas, W.","1988","Bronze","Ouro",,"Mogi Guaçu","Mogi-guacu, Estado de Sao Paulo, Reserva Florestal Fazenda Campininha, proximidades de Padua-Sales, E.F.S. Cerrados."
"ESTAÇÃO ECOLÓGICA MOGI-GUAÇU","Angiosperms","Fabaceae","Centrosema","bracteosum","Benth.","FABACEAE Centrosema bracteosum Benth.","NY00566473","splink","NY","Handro, O.","726","Native","1957","Barbosa, V.P.","1975","Bronze","Ouro",,"Mogi Guaçu","Moji-Guaçu, Reserva Florestal (Fazenda Campininha), perto de Páuda Sales"
"ESTAÇÃO ECOLÓGICA MOGI-GUAÇU","Angiosperms","Combretaceae","Terminalia","argentea","Mart. & Zucc.","COMBRETACEAE Terminalia argentea Mart. & Zucc.","NY00565699","splink","NY","Kuhlmann, M.","4174","Native","1957","Mattos, N.F.","1965","Bronze","Ouro",,"Mogi Guaçu","Mogi-Guaçu, Fazenda Campininha, proximidades de Padua Sales, E. F. S. Reserva Florestal"
"ESTAÇÃO ECOLÓGICA MOGI-GUAÇU","Angiosperms","Bignoniaceae","Handroanthus","impetiginosus","(Mart. ex DC.) Mattos","BIGNONIACEAE Handroanthus impetiginosus (Mart. ex DC.) Mattos","HB000010933","splink","HB","Handro, O.","694","Native","1957","Handro, O.","1957","Bronze","Ouro",,"Mogi Guaçu","Reserva Florestal (Fazenda Campininha), perto de Padua Sales"
"ESTAÇÃO ECOLÓGICA MOGI-GUAÇU","Angiosperms","Myrtaceae","Eugenia","klotzschiana","O.Berg","MYRTACEAE Eugenia klotzschiana O.Berg","SP057015","splink","SP","Kuhlmann, M.","4266","Native","1957","Kuhlmann, M.","1957","Bronze","Ouro",,"Mogi Guaçu","Reserva Florestal , Fazenda Campininha."
"ESTAÇÃO ECOLÓGICA MOGI-GUAÇU","Angiosperms","Anacardiaceae","Anacardium","humile","A.St.-Hil.","ANACARDIACEAE Anacardium humile A.St.-Hil.","V106393","x","UBC","Handro, O.","608","Native","1956","Handro, O.",,"Bronze","Ouro",,"Mogi Guaçu","moji-guacu, reserva florestal"
"ESTAÇÃO ECOLÓGICA MOGI-GUAÇU","Angiosperms","Asteraceae","Aldama","robusta","(Gardner) E.E.Schill. & Panero","ASTERACEAE Aldama robusta (Gardner) E.E.Schill. & Panero","HUSC016015","splink","HUSC","Kuhlmann, M.","3809","Native","1956","Magenta, M.","0-0-0","Bronze","Ouro",,"Mogi Guaçu","Reserva Florestal Fazenda Campininha, próx. Padua Sales"
"ESTAÇÃO ECOLÓGICA MOGI-GUAÇU","Angiosperms","Fabaceae","Andira","vermifuga","(Mart.) Benth.","FABACEAE Andira vermifuga (Mart.) Benth.","145834","splink","CEPEC","Handro, O.","616","Native","1956","Arroyo, M.K.",,"Bronze","Ouro",,"Mogi Guaçu","Reserva Florestal (fazenda Campininha), perto de Pádua Sales."
"ESTAÇÃO ECOLÓGICA MOGI-GUAÇU",,"Asteraceae","Mikania","erioclada","DC.","ASTERACEAE Mikania erioclada DC.","80677","splink","SP","Kuhlmann, M.","3794",,"1956","Bianchini, R.S.","2025","Bronze","Ouro",,"Mogi Guaçu","Fazenda Campininha, Reserva Florestal, próximo de Pádua Sales, E.F.S."
"ESTAÇÃO ECOLÓGICA MOGI-GUAÇU",,"Asteraceae","Lessingianthus","virgulatus","(Mart. ex DC.) H.Rob.","ASTERACEAE Lessingianthus virgulatus (Mart. ex DC.) H.Rob.","55446","splink","SP","Handro, O.","614",,"1956","Bianchini, R.S.","2016","Bronze","Ouro",,"Mogi Guaçu","Fazenda Campininha, Reserva Florestal, perto de Pádua Sales"
"ESTAÇÃO ECOLÓGICA MOGI-GUAÇU","Angiosperms","Fabaceae","Tachigali","aurea","Tul.","FABACEAE Tachigali aurea Tul.","127367","splink","SP","Kuhlmann, M.","3815","Native","1956","Mamede, M.C.H.","2013","Bronze","Ouro",,"Mogi Guaçu","Fazenda Campininha, Reserva Florestal, próximo de Pádua Sales"
"ESTAÇÃO ECOLÓGICA MOGI-GUAÇU","Angiosperms","Arecaceae","Geonoma","pohliana","Mart.","ARECACEAE Geonoma pohliana subsp. pohliana Mart.","SP055940","splink","SP","Kuhlmann, M.","3790","Native","1956","Favaretto, B.G.S.","2012","Bronze","Ouro",,"Mogi Guaçu","Fazenda Campininha, Reserva florestal. Capões em brejos junto a nascentes e cursos d'agua"
"ESTAÇÃO ECOLÓGICA MOGI-GUAÇU",,"Apocynaceae","Mandevilla","virescens","(A.St.-Hil.) Pichon","APOCYNACEAE Mandevilla virescens (A.St.-Hil.) Pichon","55457","splink","SP","Handro, O.","625",,"1956","Mamede, M.C.H.","2011","Bronze","Ouro",,"Mogi Guaçu","Reserva Florestal"
"ESTAÇÃO ECOLÓGICA MOGI-GUAÇU","Angiosperms","Asteraceae","Ayapana","amygdalina","(Lam.) R.M.King & H.Rob.","ASTERACEAE Ayapana amygdalina (Lam.) R.M.King & H.Rob.","UB0049945","splink","UB","Kuhlmann, M.","3932","Native","1956","Proenca, C.E.B.","2009","Bronze","Ouro",,"Mogi Guaçu","Reserva Florestal, Fazenda Campininha, próximo de Pádua Sales."
"ESTAÇÃO ECOLÓGICA MOGI-GUAÇU","Angiosperms","Fabaceae","Desmodium","barbatum","(L.) Benth.","FABACEAE Desmodium barbatum (L.) Benth.","81030","x","SP","Kuhlmann, M.","3798","Native","1956","Azevedo, A.M.G.","1980","Bronze","Ouro",,"Mogi Guaçu","Fazenda Campininha. Reserva Florestal"
"ESTAÇÃO ECOLÓGICA MOGI-GUAÇU","Angiosperms","Apocynaceae","Hancornia","speciosa","Gomes","APOCYNACEAE Hancornia speciosa Gomes","65701","splink","SP","Kuhlmann, M.","3795","Native","1956","Kuhlmann, M.","1956","Bronze","Ouro",,"Mogi Guaçu","Fazenda Campininha, Reserva Florestal, perto de Pádua SAles"
"ESTAÇÃO ECOLÓGICA MOGI-GUAÇU","Angiosperms","Bignoniaceae","Pyrostegia","venusta","(Ker Gawl.) Miers","BIGNONIACEAE Pyrostegia venusta (Ker Gawl.) Miers","K000990624","splink","K","Handro, O.","493","Native","1955","Handro, O.",,"Bronze","Ouro",,"Mogi Guaçu","Reserva Florestal."
"ESTAÇÃO ECOLÓGICA MOGI-GUAÇU","Angiosperms","Melastomataceae","Pleroma","stenocarpum","(Schrank et Mart. ex DC.) Triana","MELASTOMATACEAE Pleroma stenocarpum (Schrank et Mart. ex DC.) Triana","78313","splink","SP","Kuhlmann, M.","3567","Native","1955","Mamede, M.C.H.","2023","Bronze","Ouro",,"Mogi Guaçu","Fazenda Campininha, Reserva Florestal, próximo de Padua Sales"
"ESTAÇÃO ECOLÓGICA MOGI-GUAÇU","Angiosperms","Fabaceae","Betencourtia","martii","(DC.) L.P.Queiroz","FABACEAE Betencourtia martii (DC.) L.P.Queiroz","81031","splink","SP","Kuhlmann, M.","3741","Native","1955","Oliveira, A.C.S.","2022","Bronze","Ouro",,"Mogi Guaçu","Fazenda Campininha, Reserva Florestal. No cerrado"
"ESTAÇÃO ECOLÓGICA MOGI-GUAÇU",,"Apocynaceae","Mandevilla","velame","(A.St.-Hil.) Pichon","APOCYNACEAE Mandevilla velame (A.St.-Hil.) Pichon","59001","splink","SP","Handro, O.","429",,"1955","Mamede, M.C.H.","2011","Bronze","Ouro",,"Mogi Guaçu","Fazenda Campininha, Reserva Florestal, perto de Pádua Sales"
"ESTAÇÃO ECOLÓGICA MOGI-GUAÇU",,"Fabaceae","Macroptilium","lathyroides","(L.) Urb.","FABACEAE Macroptilium lathyroides (L.) Urb.","81021","splink","SP","Kuhlmann, M.","3702",,"1955","Silva, E.D.","2011","Bronze","Ouro",,"Mogi Guaçu","Fazenda Campininha, Reserva Florestal. Na várzea do rio Mogi Guaçu"
"ESTAÇÃO ECOLÓGICA MOGI-GUAÇU","Angiosperms","Fabaceae","Desmodium","guaraniticum","(Chodat & Hassl.) Malme","FABACEAE Desmodium guaraniticum (Chodat & Hassl.) Malme","59008","splink","SP","Kuhlmann, M.","s.n.","Native","1955","Azevedo, A.M.G.","1981","Bronze","Ouro",,"Mogi Guaçu","Reserva Florestal Fazenda Campininha, perto de Pádua Sales"
"ESTAÇÃO ECOLÓGICA MOGI-GUAÇU","Angiosperms","Poaceae","Andropogon","hypogynus","Hack.","POACEAE Andropogon hypogynus Hack.","K001072853","splink","K","Kuhlmann, M.","2936","Native","1953","Oiiveira, R.C.",,"Bronze","Ouro",,"Mogi Guaçu","Reserva Florestal (Fazenda Campinha)."
"ESTAÇÃO ECOLÓGICA MOGI-GUAÇU","Angiosperms","Verbenaceae","Lippia","stachyoides","Cham.","VERBENACEAE Lippia stachyoides Cham.","639107","x","NY","Handro, O.","376","Native","1953","Mattos, J.","1963","Bronze","Ouro",,"Mogi Guaçu","Mogi Guaçu, Reserva Florestal, Fazenda Campininha, perto de Pádua Sales"
"ESTAÇÃO ECOLÓGICA MOGI-GUAÇU","Angiosperms","Smilacaceae","Smilax",,"L.","SMILACACEAE Smilax L.","US01327213",,"US","Eiten, G.","2227","Native",,,"2016","Latão","Ouro","jbrj-public.s3-sa-east-1.amazonaws.com/fsi/server?type=image&source=DZI/us/us/1/32/72/13/us01327213.dzi","Mogi Guaçu","Campos das Sete Lagôas. Fazenda Campinha, just north of Rio Moji-Guaçu. About 27km NW of city of Mogi-Mirim."
"ESTAÇÃO ECOLÓGICA MOGI-GUAÇU","Angiosperms","Cyatheaceae","Cyathea","corcovadensis","(Raddi) Domin","CYATHEACEAE Cyathea corcovadensis (Raddi) Domin","SJRP00014908",,"SJRP","Simabukuro, E.A.","63","Native","1990",,,"Latão","Ouro","jbrj-public-img.s3-sa-east-1.amazonaws.com/JPG/sjrp/sjrp/0/1/49/8/sjrp00014908.jpg","Mogi Guaçu","Reserva Florestal."
"ESTAÇÃO ECOLÓGICA MOGI-GUAÇU","Angiosperms","Cyperaceae","Eleocharis",,"R.Br.","CYPERACEAE Eleocharis R.Br.","ICN00048241",,"ICN","Eiten, G.","5650","Native","1964",,,"Latão","Ouro","jbrj-public.s3-sa-east-1.amazonaws.com/fsi/server?type=image&source=DZI/icn/icn/0/4/82/41/icn00048241.dzi","Mogi Guaçu","Campos das Sete Lagoas"". Fazenda Campininha just north of Rio Moji-Guaçu. 5,7km NNW of PADUA SALES (about 27km NW of city of MOJI-MIRIM)"
"ESTAÇÃO ECOLÓGICA MOGI-GUAÇU",,,"Indet",,,"NA Indet. sp.","ASE0002271",,"ASE","Eiten, G.","5662",,"1964",,,"Latão","Ouro","jbrj-public.s3-sa-east-1.amazonaws.com/fsi/server?type=image&source=DZI/ase/ase/0/0/22/71/ase00002271.dzi","Mogi Guaçu","Campos das Sete Lagoas, Fazenda campinha,just north of Rio Mogi-Guaçu.4.0 km NNW os Padua Sales. (about 27 km NW of city of Mogi-mirim).General vegetation: campo cerrado ( a type of scrubby woodland originally) on upland, or very rarely forest. Open"
"ESTAÇÃO ECOLÓGICA MOGI-GUAÇU","Angiosperms","Moraceae","Brosimum","gaudichaudii","Trécul","MORACEAE Brosimum gaudichaudii Trécul","US01333614",,"US","Eiten, G.","5076","Native","1962",,"2016","Latão","Ouro","jbrj-public.s3-sa-east-1.amazonaws.com/fsi/server?type=image&source=DZI/us/us/1/33/36/14/us01333614.dzi","Mogi Guaçu","Campos das Sete Lagoas"", Fazenda Campininha just north of Rio Moji-Guaçu. 3.7 km NNW of Padua Sales. (About 27 km NW of city of MOJI-MIRIM)"
"ESTAÇÃO ECOLÓGICA MOGI-GUAÇU","Angiosperms","Asteraceae","Mikania","micrantha","Kunth","ASTERACEAE Mikania micrantha Kunth","US01673735",,"US","Eiten, G.","2584","Native","1961",,,"Latão","Ouro","jbrj-public.s3-sa-east-1.amazonaws.com/fsi/server?type=image&source=DZI/us/us/1/67/37/35/us01673735.dzi","Mogi Guaçu","Município de Moji-Guaçu: ''Campos das Sete Lagôas''. Fazenda Campinha, just north of Rio Moji-Guaçu. 4.6 km. NNW of Padua Sales (About 27 km NW of city of Moji-Mirim)"
"ESTAÇÃO ECOLÓGICA MOGI-GUAÇU",,"Malpighiaceae","Banisteriopsis","stellaris","(Griseb.) B.Gates","MALPIGHIACEAE Banisteriopsis stellaris (Griseb.) B.Gates","K001224386",,"K","Eiten, G.","2573",,"1961",,,"Latão","Ouro","jbrj-public.s3-sa-east-1.amazonaws.com/fsi/server?type=image&source=DZI/kew/k/0/12/24/38/6/k001224386.dzi","Mogi Guaçu","Campos das Sete Lagôas"". Fazenda Campinha, just north of Rio Moji-Guaçu. 6.6km NNW of Padua Sales."
"ESTAÇÃO ECOLÓGICA MOGI-GUAÇU","Angiosperms","Malvaceae","Sida","glaziovii","K.Schum.","MALVACEAE Sida glaziovii K.Schum.","K001217002",,"K","Eiten, G.","2656","Native","1961",,,"Latão","Ouro","jbrj-public.s3-sa-east-1.amazonaws.com/fsi/server?type=image&source=DZI/kew/k/0/12/17/0/2/k001217002.dzi","Mogi Guaçu","Campos das Sete Lagoas. Fazenda Campininha just north of Rio Moji-Guaçu. 3,3km NNW of Padua Sales"
"ESTAÇÃO ECOLÓGICA MOGI-GUAÇU","Angiosperms","Rubiaceae","Galianthe",,"Griseb. ex Lorentz","RUBIACEAE Galianthe Griseb. ex Lorentz","UB00333864",,"UB","Eiten, G.","2632","Native","1961",,"2024","Latão","Ouro","jbrj-public.s3-sa-east-1.amazonaws.com/fsi/server?type=image&source=DZI/ub/ub/0/33/38/64/ub00333864.dzi","Mogi Guaçu","“Campos das Sete Lagoas”. Fazenda Campinha, jst north of Rio Mogi-Guaçu. About 10km north of river and village of Padua Sales. About 30km NW of city of Mogi-Mirim."
"ESTAÇÃO ECOLÓGICA MOGI-GUAÇU","Angiosperms","Malpighiaceae","Heteropterys","tomentosa","A.Juss.","MALPIGHIACEAE Heteropterys tomentosa A.Juss.","US01876507",,"US","Eiten, G.","3236","Native","1961",,"2016","Latão","Ouro","jbrj-public.s3-sa-east-1.amazonaws.com/fsi/server?type=image&source=DZI/us/us/1/87/65/7/us01876507.dzi","Mogi Guaçu","Campos das Sete Lagoas. Fazenda Campininha just north of Rio Moji-Guaçu, 8.5 km NNE of Padua Sales."
"ESTAÇÃO ECOLÓGICA MOGI-GUAÇU","Angiosperms","Oxalidaceae","Oxalis",,"L.","OXALIDACEAE Oxalis L.","US01853853",,"US","Mattos, J.R.","8992","Native","1961",,"2016","Latão","Ouro","jbrj-public.s3-sa-east-1.amazonaws.com/fsi/server?type=image&source=DZI/us/us/1/85/38/53/us01853853.dzi","Mogi Guaçu","Reserva Florestal (Fazenda Campininha), perto de Pádua Sales"
"ESTAÇÃO ECOLÓGICA MOGI-GUAÇU","Angiosperms","Asteraceae","Chrysolaena","platensis","(Spreng.) H.Rob.","ASTERACEAE Chrysolaena platensis (Spreng.) H.Rob.","NY00809207",,"NY","Eiten, G.","1682","Native","1960",,,"Latão","Ouro","jbrj-public.s3-sa-east-1.amazonaws.com/fsi/server?type=image&source=DZI/newyork/ny_/0/80/92/7/ny_00809207.dzi","Mogi Guaçu","Campos das Sete Lagôas"". Just east of the boundary of the Reserva Florestal at Fazenda Campininha. About 11 km NNE of Rio Moji-Guaçu & the village of Padua Sales. (About 30 km NW of city of Moji-Mirim)."
"ESTAÇÃO ECOLÓGICA MOGI-GUAÇU","Angiosperms","Onagraceae","Ludwigia","leptocarpa","(Nutt.) H.Hara","ONAGRACEAE Ludwigia leptocarpa (Nutt.) H.Hara","US01356770",,"US","Eiten, G.","1961","Native","1960",,,"Latão","Ouro","jbrj-public.s3-sa-east-1.amazonaws.com/fsi/server?type=image&source=DZI/us/us/1/35/67/70/us01356770.dzi","Mogi Guaçu","Município de Moji-Guaçu: """"Campos das Sete Lagôas"""". Fazenda Campinha, just north of Rio Moji-Guaçu, 3.7 km. NNW of Padua Sales (About 27 km. NW of city of Moji-Mirim)"
"ESTAÇÃO ECOLÓGICA MOGI-GUAÇU","Angiosperms","Poaceae","Paspalum","guenoarum","Arechav.","POACEAE Paspalum guenoarum Arechav.","NY00764131",,"NY","Eiten, G.","1676","Native","1960",,,"Latão","Ouro","jbrj-public.s3-sa-east-1.amazonaws.com/fsi/server?type=image&source=DZI/newyork/ny_/0/76/41/31/ny_00764131.dzi","Mogi Guaçu","Campos das Sete Lagôas"". Just east of the boundary of the Reserva Florestal at Fazenda Campininha. About 11 km. NNE of Rio Moji-Guaçu & the village of Padua Sales. (About 30 km NW of city of Moji-Mirim)."
"ESTAÇÃO ECOLÓGICA MOGI-GUAÇU","Angiosperms","Eriocaulaceae","Comanthera","xeranthemoides","(Bong.) L.R.Parra & Giul.","ERIOCAULACEAE Comanthera xeranthemoides (Bong.) L.R.Parra & Giul.","US01934864",,"US","Eiten, G.","2349","Native","1960",,"2016","Latão","Ouro","jbrj-public.s3-sa-east-1.amazonaws.com/fsi/server?type=image&source=DZI/us/us/1/93/48/64/us01934864.dzi","Mogi Guaçu","Campos das Sete Lagoas"". Fazenda Campininha just north of Rio Moji-Guaçu. 3.1 km NNW of Padua Sales (About 27 km NW of city of Moji-Mirim). 350 m south of main house & 150 m west of road"
"ESTAÇÃO ECOLÓGICA MOGI-GUAÇU","Angiosperms","Lythraceae","Cuphea","carthagenensis","(Jacq.) J.F.Macbr.","LYTHRACEAE Cuphea carthagenensis (Jacq.) J.F.Macbr.","US01884833",,"US","Eiten, G.","1957","Native","1960",,"2016","Latão","Ouro","jbrj-public.s3-sa-east-1.amazonaws.com/fsi/server?type=image&source=DZI/us/us/1/88/48/33/us01884833.dzi","Mogi Guaçu","Campos das Sete Lagoas"", Fazenda Campininha just north of Rio Moji-Guaçu. 3.7 km NNW of Padua Sales. About 27 km NW of city of Moji Mirim"
"ESTAÇÃO ECOLÓGICA MOGI-GUAÇU","Angiosperms","Malpighiaceae","Tetrapterys",,"Cav.","MALPIGHIACEAE Tetrapterys Cav.","US01870192",,"US","Eiten, G.","2281","Native","1960",,"2016","Latão","Ouro","jbrj-public.s3-sa-east-1.amazonaws.com/fsi/server?type=image&source=DZI/us/us/1/87/1/92/us01870192.dzi","Mogi Guaçu","Campos das Sete Lagoas. Fazenda Campininha just north of Rio Moji-Guaçu, 10km NNE of Padua Sales. About 27km NW of city of Moji-Mirim"
"ESTAÇÃO ECOLÓGICA MOGI-GUAÇU","Angiosperms","Meliaceae","Melia","azedarach","L.","MELIACEAE Melia azedarach L.","US01867505",,"US","Eiten, G.","1993","Native","1960",,"2016","Latão","Ouro","jbrj-public.s3-sa-east-1.amazonaws.com/fsi/server?type=image&source=DZI/us/us/1/86/75/5/us01867505.dzi","Mogi Guaçu","Campos das Sete Lagoas"", Fazenda Campininha just north of Rio Moji-Guaçu. 3-7 km NNW of Padua Sales. 3 km N of river. ABout 27 km NW of city of Mogi-Mirim"
"ESTAÇÃO ECOLÓGICA MOGI-GUAÇU","Angiosperms","Xyridaceae","Xyris","jupicai","Rich.","XYRIDACEAE Xyris jupicai Rich.","US01915847",,"US","Eiten, G.","2339","Native","1960",,"2016","Latão","Ouro","jbrj-public.s3-sa-east-1.amazonaws.com/fsi/server?type=image&source=DZI/us/us/1/91/58/47/us01915847.dzi","Mogi Guaçu","Campos das Sete Lagoas"", Fazenda Campininha just north of Rio Moji-Guaçu. 3.1 km NNW of Padua Sales. 3 km N of river"
"ESTAÇÃO ECOLÓGICA MOGI-GUAÇU","Angiosperms","Xyridaceae","Xyris","savanensis","Miq.","XYRIDACEAE Xyris savanensis Miq.","US01916234",,"US","Eiten, G.","2290","Native","1960",,"2016","Latão","Ouro","jbrj-public.s3-sa-east-1.amazonaws.com/fsi/server?type=image&source=DZI/us/us/1/91/62/34/us01916234.dzi","Mogi Guaçu","Campos das Sete Lagoas"", Fazenda Campininha just north of Rio Moji-Guaçu. 3.6 km NNW of Padua Sales. (About 27 km NW of city of MOJI-MIRIM)"
"ESTAÇÃO ECOLÓGICA MOGI-GUAÇU","Angiosperms","Myrtaceae","Eugenia","dysenterica","(Mart.) DC.","MYRTACEAE Eugenia dysenterica (Mart.) DC.","US01897869",,"US","Eiten, G.","1481","Native","1959",,"2016","Latão","Ouro","jbrj-public.s3-sa-east-1.amazonaws.com/fsi/server?type=image&source=DZI/us/us/1/89/78/69/us01897869.dzi","Mogi Guaçu","Campos das Sete Lagoas"". Fazenda Campininha just north of Rio Moji-Guaçu. 3.6 km NNW of Padua Sales (About 27 km NW of city of Moji-Mirim)"
"ESTAÇÃO ECOLÓGICA MOGI-GUAÇU","Angiosperms","Ochnaceae","Ouratea",,"Aubl.","OCHNACEAE Ouratea Aubl.","US01878334",,"US","Handro, O.","884","Native","1959",,"2016","Latão","Ouro","jbrj-public.s3-sa-east-1.amazonaws.com/fsi/server?type=image&source=DZI/us/us/1/87/83/34/us01878334.dzi","Mogi Guaçu","Reserva Florestal (Fazenda Campininha), margem do Rio Moji-Guassú, perto de Pádua Sales."
"ESTAÇÃO ECOLÓGICA MOGI-GUAÇU","Angiosperms","Solanaceae","Solanum","palinacanthum","Dunal","SOLANACEAE Solanum palinacanthum Dunal","US01931950",,"US","Eiten, G.","1599","Native","1959",,"2016","Latão","Ouro","jbrj-public.s3-sa-east-1.amazonaws.com/fsi/server?type=image&source=DZI/us/us/1/93/19/50/us01931950.dzi","Mogi Guaçu","Campos das Sete Lagoas"", Fazenda Campininha just north of Rio Moji-Guaçu. 3.4 km NNW of Padua Sales. (About 27 km NW of city of MOJI-MIRIM)"
"ESTAÇÃO ECOLÓGICA MOGI-GUAÇU","Angiosperms","Asteraceae","Elephantopus","biflorus","(Less.) Sch.Bip.","ASTERACEAE Elephantopus biflorus (Less.) Sch.Bip.","US01636991",,"US","Kuhlmann, M.","4180","Native","1957",,,"Latão","Ouro","jbrj-public.s3-sa-east-1.amazonaws.com/fsi/server?type=image&source=DZI/us/us/1/63/69/91/us01636991.dzi","Mogi Guaçu","Mogí-guaçú, Reserva Florestal Fazenda Campininha, proximidades de Padua Sales, E.F.S. Cerrados"
"ESTAÇÃO ECOLÓGICA MOGI-GUAÇU","Angiosperms","Malpighiaceae","Byrsonima",,"Rich. ex Kunth","MALPIGHIACEAE Byrsonima Rich. ex Kunth","SPF00031739",,"SPF","Kuhlmann, M.","4264","Native","1957",,,"Latão","Ouro","jbrj-public.s3-sa-east-1.amazonaws.com/fsi/server?type=image&source=DZI/spf/spf/0/3/17/39/spf00031739.dzi","Mogi Guaçu","Reserva Florestal (Fazenda Campininha). Cerrados."
"ESTAÇÃO ECOLÓGICA MOGI-GUAÇU","Angiosperms","Asteraceae","Mikania","microdonta","DC.","ASTERACEAE Mikania microdonta DC.","US01673754",,"US","Kuhlmann, M.","3794","Native","1956",,,"Latão","Ouro","jbrj-public.s3-sa-east-1.amazonaws.com/fsi/server?type=image&source=DZI/us/us/1/67/37/54/us01673754.dzi","Mogi Guaçu","Mojí-Guaçu, Fazenda Campininha, próximo de Padua Sales, Reserva Florestal, E.F.S."
"ESTAÇÃO ECOLÓGICA MOGI-GUAÇU","Angiosperms","Annonaceae","Annona","crassiflora","Mart.","ANNONACEAE Annona crassiflora Mart.","US01346940",,"US","Handro, O.","543","Native","1955",,"2016","Latão","Ouro","jbrj-public.s3-sa-east-1.amazonaws.com/fsi/server?type=image&source=DZI/us/us/1/34/69/40/us01346940.dzi","Mogi Guaçu","Reserva Florestal, perto de Pádua Sales"
"ESTAÇÃO ECOLÓGICA MOGI-GUAÇU","Angiosperms","Annonaceae","Xylopia","aromatica","(Lam.) Mart.","ANNONACEAE Xylopia aromatica (Lam.) Mart.","US01346719",,"US","Handro, O.","447","Native","1955",,"2016","Latão","Ouro","jbrj-public.s3-sa-east-1.amazonaws.com/fsi/server?type=image&source=DZI/us/us/1/34/67/19/us01346719.dzi","Mogi Guaçu","Reserva Florestal (Fazenda Campininha), perto de Pádua Sales."
"ESTAÇÃO ECOLÓGICA MOGI-GUAÇU","Angiosperms","Melastomataceae","Miconia","heliotropoides","Triana","MELASTOMATACEAE Miconia heliotropoides Triana","US01916808",,"US","Handro, O.","515","Native","1955",,"2016","Latão","Ouro","jbrj-public.s3-sa-east-1.amazonaws.com/fsi/server?type=image&source=DZI/us/us/1/91/68/8/us01916808.dzi","Mogi Guaçu","Reserva Florestal, perto de Pádua Sales"
"ESTAÇÃO ECOLÓGICA MOGI-GUAÇU","Angiosperms","Vochysiaceae","Vochysia","cinnamomea","Pohl","VOCHYSIACEAE Vochysia cinnamomea Pohl","US01873547",,"US","Kuhlmann, M.","3576","Native","1955",,"2016","Latão","Ouro","jbrj-public.s3-sa-east-1.amazonaws.com/fsi/server?type=image&source=DZI/us/us/1/87/35/47/us01873547.dzi","Mogi Guaçu","Reserva Florestal (Fazenda Campininha)"
"ESTAÇÃO ECOLÓGICA MOGI-GUAÇU","Angiosperms","Aristolochiaceae","Aristolochia",,"L.","ARISTOLOCHIACEAE Aristolochia L.","ESA138965","splink","ESA","Souza, V.C.","40652","Native","2017",,,"Latão","Ouro",,"Mogi Guaçu","Fazenda Campinha. Cerrado."
"ESTAÇÃO ECOLÓGICA MOGI-GUAÇU","Angiosperms","Bignoniaceae","Fridericia",,"Mart. emend L.G. Lohmann","BIGNONIACEAE Fridericia Mart. emend L.G. Lohmann","ESA138984","splink","ESA","Souza, V.C.","40671","Native","2017",,,"Latão","Ouro",,"Mogi Guaçu","Fazenda Campinha. Cerrado."
"ESTAÇÃO ECOLÓGICA MOGI-GUAÇU","Angiosperms","Sapindaceae","Serjania",,"Mill.","SAPINDACEAE Serjania Mill.","CEN00109507","splink","CEN","Souza, V.C.","40648","Native","2017",,,"Latão","Ouro",,"Mogi Guaçu","Fazenda Campinha,"
"ESTAÇÃO ECOLÓGICA MOGI-GUAÇU","Angiosperms","Malpighiaceae","Banisteriopsis",,"C.B.Rob. ex Small","MALPIGHIACEAE Banisteriopsis C.B.Rob. ex Small","ESA138979","splink","ESA","Souza, V.C.","40666","Native","2017",,"1905","Latão","Ouro",,"Mogi Guaçu","Fazenda Campinha. Cerrado."
"ESTAÇÃO ECOLÓGICA MOGI-GUAÇU","Angiosperms","Myrtaceae","Myrcia",,"DC.","MYRTACEAE Myrcia DC.","SPSF00043953","splink","SPSF","Arzolla, F.A.R.D.P.","1452","Native","2010",,,"Latão","Ouro",,"Mogi Guaçu","Estação Ecológica Mogi-Guaçu."
"ESTAÇÃO ECOLÓGICA MOGI-GUAÇU","Angiosperms","Rubiaceae","Psychotria",,"L.","RUBIACEAE Psychotria L.","SPSF00039758","splink","SPSF","Baitello, J.B.","2053","Native","2008",,,"Latão","Ouro",,"Mogi Guaçu","Estação Ecológica Mogi-Guaçu."
"ESTAÇÃO ECOLÓGICA MOGI-GUAÇU","Angiosperms","Rubiaceae","Coccocypselum",,"P.Browne","RUBIACEAE Coccocypselum P.Browne","SP0399623","splink","SP","Sebastiani, R.","79","Native","2004",,,"Latão","Ouro",,"Mogi Guaçu","Reserva Biológica e Estação Ecólogica de Mogi-Guaçu, Fazenda Campininha, córrego ao lado do viveiro"
"ESTAÇÃO ECOLÓGICA MOGI-GUAÇU","Angiosperms","Blechnaceae","Salpichlaena","volubilis","(Kaulf.) J.Sm.","BLECHNACEAE Salpichlaena volubilis (Kaulf.) J.Sm.","02927","splink","SJRP","Simabukuro, E.A.","15","Native","1989",,,"Latão","Ouro",,"Mogi Guaçu","reserva florestal da cidade"
"ESTAÇÃO ECOLÓGICA MOGI-GUAÇU","Angiosperms","Thelypteridaceae","Thelypteris",,"Schmidel","THELYPTERIDACEAE Thelypteris Schmidel","24884","splink","SJRP","Simabukuro, E.A.","036","Native","1989",,,"Latão","Ouro",,"Mogi Guaçu","reserva florestal"
"ESTAÇÃO ECOLÓGICA MOGI-GUAÇU","Angiosperms","Melastomataceae","Chaetogastra","herbacea","(DC.) P.J.F.Guim. & Michelang.","MELASTOMATACEAE Chaetogastra herbacea (DC.) P.J.F.Guim. & Michelang.","P04888200","splink","P","Chinea, S.A.C.",,"Native","1980",,,"Latão","Ouro",,"Mogi Guaçu","Mogi Guaçu, Estação Experimental de Mogi Guaçu, Fazenda Campinha."
"ESTAÇÃO ECOLÓGICA MOGI-GUAÇU","Angiosperms","Sapindaceae","Serjania","erecta","Radlk.","SAPINDACEAE Serjania erecta Radlk.","36493","x","FLOR","Mantovani, W.","288","Native","1980",,,"Latão","Ouro",,"Mogi Guaçu","Fazenda Campininha, perto de Pádua Sales, Reserva Florestal."
"ESTAÇÃO ECOLÓGICA MOGI-GUAÇU","Angiosperms","Ericaceae","Gaylussacia",,"Kunth","ERICACEAE Gaylussacia Kunth","186384","x","COL","Jung, S.L.","77","Native","1977",,,"Latão","Ouro",,"Mogi Guaçu","Moji-Guaçu, Fazenda Campinha."
"ESTAÇÃO ECOLÓGICA MOGI-GUAÇU","Angiosperms","Vochysiaceae","Qualea","multiflora","(Mart.) Stafleu","VOCHYSIACEAE Qualea multiflora subsp. pubescens (Mart.) Stafleu","15759","splink","UEC","Gibbs, P.E.","4329","Native","1977",,,"Latão","Ouro",,"Mogi Guaçu","25 km NW de Mogi Guaçu., Fazenda Campinha. Estação Experimental de Mogi-Guaçu."
"ESTAÇÃO ECOLÓGICA MOGI-GUAÇU","Angiosperms","Myrtaceae","Myrcia","splendens","(Sw.) DC.","MYRTACEAE Myrcia splendens (Sw.) DC.","UEC103435","splink","UEC","Gibbs, P.E.","2898","Native","1976",,,"Latão","Ouro",,"Mogi Guaçu","Reserva Florestal da Fazenda Campininha."
"ESTAÇÃO ECOLÓGICA MOGI-GUAÇU","Angiosperms","Fabaceae","Galactia",,"P.Browne","FABACEAE Galactia P.Browne","HAS0086278","splink","HAS","Mattos, J.","15470","Native","1969",,,"Latão","Ouro",,"Mogi Guaçu","Perto de Pádua-Sales, Fazenda Campininha (Reserva Florestal)"
"ESTAÇÃO ECOLÓGICA MOGI-GUAÇU","Angiosperms","Bignoniaceae","Handroanthus","heptaphyllus","(Vell.) Mattos","BIGNONIACEAE Handroanthus heptaphyllus (Vell.) Mattos","UB1334625","splink","UB","Handro, O.","694","Native","1967",,"2011","Latão","Ouro",,"Mogi Guaçu","Reserva Florestal (Fazenda Campininha), perto de Pádua Sales."
"ESTAÇÃO ECOLÓGICA MOGI-GUAÇU","Angiosperms","Cyperaceae","Fimbristylis","dichotoma","(L.) Vahl","CYPERACEAE Fimbristylis dichotoma (L.) Vahl","39271","splink","UFP","Mattos, J.","14494","Native","1967",,"1988","Latão","Ouro",,"Mogi Guaçu","Perto de Pádua Sales, Reserva Florestal, Fazenda Campininha"
"ESTAÇÃO ECOLÓGICA MOGI-GUAÇU","Angiosperms","Asteraceae","Chromolaena","horminoides","DC.","ASTERACEAE Chromolaena horminoides DC.","NY00785039","splink","NY","Mattos, J.","13693","Native","1966",,,"Latão","Ouro",,"Mogi Guaçu","Moji Guaçu, p. de Pádua Sales, na Reserva Florestal (Fazenda Campininha)."
"ESTAÇÃO ECOLÓGICA MOGI-GUAÇU","Angiosperms","Asteraceae","Vernonia",,"Schreb.","ASTERACEAE Vernonia Schreb.","UEC155272","splink","UEC","Mattos, J.","13684","Native","1966",,,"Latão","Ouro",,"Mogi Guaçu","Perto da Pádua Sales. Reserva Florestal, Faz. Campininha."
"ESTAÇÃO ECOLÓGICA MOGI-GUAÇU","Angiosperms","Fabaceae","Chamaecrista",,"(L.) Moench","FABACEAE Chamaecrista (L.) Moench","RB01555827","JABOT","RB","Mattos, J.","13150","Native","1965",,,"Latão","Ouro",,"Mogi Guaçu","Perto de Padua Sales, Reserva Florestal (Fazenda Campininha)"
"ESTAÇÃO ECOLÓGICA MOGI-GUAÇU","Angiosperms","Poaceae","Eragrostis",,"Wolf","POACEAE Eragrostis Wolf","7044","splink","PEUFR","Mattos, J.","12252","Native","1965",,,"Latão","Ouro",,"Mogi Guaçu","Reserva Florestal; fazenda Campininha"
"ESTAÇÃO ECOLÓGICA MOGI-GUAÇU","Angiosperms","Poaceae","Schizachyrium",,"Nees","POACEAE Schizachyrium Nees","115530","splink","SP","Mattos, J.","12233","Native","1965",,,"Latão","Ouro",,"Mogi Guaçu","Fazenda Campininha, Perto de Padua Sales, Reserva Florestal."
"ESTAÇÃO ECOLÓGICA MOGI-GUAÇU","Angiosperms","Fabaceae","Stylosanthes","acuminata","M.B.Ferreira & Sousa Costa","FABACEAE Stylosanthes acuminata M.B.Ferreira & Sousa Costa","SP027910","splink","SP","Mattos, J.R.","13145","Native","1965",,"1997","Latão","Ouro",,"Mogi Guaçu","Próximo a Pádua Sales, Reserva Florestal (Fazenda Campininha). No cerrado degradado"
"ESTAÇÃO ECOLÓGICA MOGI-GUAÇU","Angiosperms","Convolvulaceae","Distimake","contorquens","(Choisy) A.R. Simões & Staples","CONVOLVULACEAE Distimake contorquens (Choisy) A.R. Simões & Staples","US03147400","splink","US","Eiten, G.","5688","Native","1964",,,"Latão","Ouro",,"Mogi Guaçu","Municipio de Moji-Guaçu: ""Campos das Sete Lagôas"". Fazenda Campinha, just north of Rio Moji-Guaçu. 10 km. NNE of Padua Sales. (About 27 km. NW of city of Moji-Mirim.)."
"ESTAÇÃO ECOLÓGICA MOGI-GUAÇU","Angiosperms","Asteraceae","Ambrosia","polystachya","DC.","ASTERACEAE Ambrosia polystachya DC.","K001031210","splink","K","Eiten, G.","3525","Native","1961",,,"Latão","Ouro",,"Mogi Guaçu","Campos das Sete Lagoas. Fazenda Campininha just north of Rio Moji-Guaçu. 2,1 km NNW of Padua Sales. About 27 km NW of city of Moji-Mirim."
"ESTAÇÃO ECOLÓGICA MOGI-GUAÇU","Angiosperms","Asteraceae",,,"Bercht. & J.Presl","ASTERACEAE Asteraceae Bercht. & J.Presl","HAS0065160","splink","HAS","Mattos, J.","9024","Native","1961",,,"Latão","Ouro",,"Mogi Guaçu","Perto da Pádua Sales, na Reserva Florestal (Fazenda Campiminha)."
"ESTAÇÃO ECOLÓGICA MOGI-GUAÇU","Angiosperms","Polygalaceae","Asemeia",,"Raf. emend. Small","POLYGALACEAE Asemeia Raf. emend. Small","CCAA00004650","splink","CCAA","Eiten, G.","2625","Native","1961",,,"Latão","Ouro",,"Mogi Guaçu","Campos das Sete Lagoas. Just east of the boundary of the Reserva Florestal at Fazenda Campinha. About 10km north of Rio Mogi-Guaçu and the village of Padua Sales. About 30 km NW of city Mogi-Mirim."
"ESTAÇÃO ECOLÓGICA MOGI-GUAÇU","Angiosperms","Polygalaceae",,,"Hoffmanns. & Link","POLYGALACEAE Polygalaceae Hoffmanns. & Link","BOTU038494","splink","BOTU","Eiten, G.L.T.","2625","Native","1961",,,"Latão","Ouro",,"Mogi Guaçu","Campos das Sete Lagoas. Just east of the boundary of the Reserva Florestal at Fazenda Campinha, about 10km north of Rio Mogi-Guaçu and the Village of Padua Sales, about 30km NW of city of Mogi-Mirim"
"ESTAÇÃO ECOLÓGICA MOGI-GUAÇU","Angiosperms","Polygalaceae","Senega",,"Spach","POLYGALACEAE Senega Spach","HUEFS0276959","splink","HUEFS","Eiten, G.","2625","Native","1961",,,"Latão","Ouro",,"Mogi Guaçu","Campos das Sete Lagoas#?#. Just east of the boundary of the Reserva Florestal at Fazenda Campininha. About 10km north of Rio Mogi-Guaçu and the village of Padua Sales. About 30km NW of city Mogi-Mirim."
"ESTAÇÃO ECOLÓGICA MOGI-GUAÇU","Angiosperms","Styracaceae","Styrax","ferrugineus","Nees & Mart.","STYRACACEAE Styrax ferrugineus Nees & Mart.","104703","x","BHCB","Mattos, J.","8980","Native","1961",,,"Latão","Ouro",,"Mogi Guaçu","Fazenda Campininha, Reserva Florestal. Perto de Padua Sales. A 1km NE da sede."
"ESTAÇÃO ECOLÓGICA MOGI-GUAÇU","Angiosperms","Asteraceae","Porophyllum","lanceolatum","DC.","ASTERACEAE Porophyllum lanceolatum DC.","US 2369710","x","US","Eiten, G.","1721","Native","1960",,,"Latão","Ouro",,"Mogi Guaçu","Municipio de Moji-Guacu: ""Campos das Sete Lagoas"", Fazenda Campinha, just north of Rio Moji-Guacu, 3.4 km. NNW of Padua Sales (about 27 km. NW of city of Moji-Mirim)."
"ESTAÇÃO ECOLÓGICA MOGI-GUAÇU","Angiosperms","Asteraceae","Vernonanthura","cuneifolia","(Gardner) H.Rob.","ASTERACEAE Vernonanthura cuneifolia (Gardner) H.Rob.","MO1998628","x","MO","Mattos, J.R.","8253","Native","1960",,,"Latão","Ouro",,"Mogi Guaçu","Municipio de Moji-Guacu: Fazenda Campinha, 3,0-3,2 km NNW de Padua Sales, Terreno brejoso aberto na baixada entre um capao da mata e cerrada degradado"
"ESTAÇÃO ECOLÓGICA MOGI-GUAÇU","Angiosperms","Cyperaceae","Bulbostylis","junciformis","(Kunth) C.B.Clarke","CYPERACEAE Bulbostylis junciformis (Kunth) C.B.Clarke","ASE0030871","splink","ASE","Eiten, G.","1675","Native","1960",,,"Latão","Ouro",,"Mogi Guaçu","Campos das Sete Lagoas, Just east of the boundary of the Reserva Florestal at Fazenda Campininha. About 11 km. Nine of Rio Moji-Guaçu & the village of PAUDA SALES."
"ESTAÇÃO ECOLÓGICA MOGI-GUAÇU","Angiosperms","Fabaceae","Eriosema",,"(DC.) Desv.","FABACEAE Eriosema (DC.) Desv.","HAS0086140","splink","HAS","Mattos, J.","297","Native","1960",,,"Latão","Ouro",,"Mogi Guaçu","Perto de Pádua Sales, Na Reserva Florestal ( Fazenda Campininha)"
"ESTAÇÃO ECOLÓGICA MOGI-GUAÇU","Angiosperms","Fabaceae","Eriosema","rufum","(Kunth) G.Don","FABACEAE Eriosema rufum (Kunth) G.Don","HAS0086189","splink","HAS","Mattos, J.","402","Naturalized","1960",,,"Latão","Ouro",,"Mogi Guaçu","Perto de Pádua Sales, na Reserva Florestal (Fazenda Campininha)"
"ESTAÇÃO ECOLÓGICA MOGI-GUAÇU","Angiosperms","Poaceae","Aristida","pallens","Cav.","POACEAE Aristida pallens Cav.","US04225257","splink","US","Mattos, J.R.","8296","Native","1960",,,"Latão","Ouro",,"Mogi Guaçu","Município de Moji-Guaçu: Fazenda Campinha, 3,2 - 3,4 km NNW de PADUA SALES. Em frente da sede."
"ESTAÇÃO ECOLÓGICA MOGI-GUAÇU","Angiosperms","Cucurbitaceae","Cayaponia","espelina","(Silva Manso) Cogn.","CUCURBITACEAE Cayaponia espelina (Silva Manso) Cogn.","US02722362","splink","US","Handro, O.","897","Native","1959",,,"Latão","Ouro",,"Mogi Guaçu","Moji-Guassu, Reserva Florestal, perto de Padua Sales."
"ESTAÇÃO ECOLÓGICA MOGI-GUAÇU","Angiosperms","Ochnaceae","Ouratea","castaneifolia","(DC.) Engl.","OCHNACEAE Ouratea castaneifolia (DC.) Engl.","K001201691","splink","K","Handro, O.","884","Native","1959",,,"Latão","Ouro",,"Mogi Guaçu","Reserva Florestal (Fazenda Campininha), margem do Rio Mojí-Guassú, perto de Pádua Sales."
"ESTAÇÃO ECOLÓGICA MOGI-GUAÇU","Angiosperms","Fabaceae","Plathymenia","reticulata","Benth.","FABACEAE Plathymenia reticulata Benth.","56492","splink","SP","Handro, O.","825","Native","1958",,,"Latão","Ouro",,"Mogi Guaçu","Reserva Florestal, Perto de Pádua Sales"
"ESTAÇÃO ECOLÓGICA MOGI-GUAÇU","Angiosperms","Orchidaceae","Pelexia",,"Poit. ex Lindl.","ORCHIDACEAE Pelexia Poit. ex Lindl.","SP0056493","splink","SP","Handro, O.","826","Native","1958",,,"Latão","Ouro",,"Mogi Guaçu","Fazenda Campininha, Reserva Florestal perto de Pádua Sales"
"ESTAÇÃO ECOLÓGICA MOGI-GUAÇU","Angiosperms","Rubiaceae","Coussarea",,"Aubl.","RUBIACEAE Coussarea Aubl.","US02689695","splink","US","Handro, O.","833","Native","1958",,,"Latão","Ouro",,"Mogi Guaçu","Moji-Guassu, Reserva Florestal, perto de Padua Sales"
"ESTAÇÃO ECOLÓGICA MOGI-GUAÇU","Angiosperms","Symplocaceae","Symplocos","pubescens","Klotzsch ex Benth.","SYMPLOCACEAE Symplocos pubescens Klotzsch ex Benth.","170123","splink","IAN","Handro, O.","824","Native","1958",,,"Latão","Ouro",,"Mogi Guaçu","Reserva Florestal, próximo a Pádua Sales, margem da mata."
"ESTAÇÃO ECOLÓGICA MOGI-GUAÇU","Angiosperms","Acanthaceae","Ruellia","multifolia","(Nees) Lindau","ACANTHACEAE Ruellia multifolia (Nees) Lindau","US02861336","splink","US","Handro, O.","728","Native","1957",,,"Latão","Ouro",,"Mogi Guaçu","Mojí-Guaçú, Reserva Florestal (Fazenda Campininha), perto de Pádua Sales."
"ESTAÇÃO ECOLÓGICA MOGI-GUAÇU","Angiosperms","Apocynaceae","Mandevilla",,"Lindl.","APOCYNACEAE Mandevilla Lindl.","COI00107702","splink","COI","Handro, O.","733",,"1957",,,"Latão","Ouro",,"Mogi Guaçu","Brasil - Estado de São Paulo: Mojí-Guaçú, Reserva Florestal (Ffazenda Campininha),, perto de Pádua Sales."
"ESTAÇÃO ECOLÓGICA MOGI-GUAÇU","Angiosperms","Apocynaceae","Rhodocalyx","rotundifolius","Müll.Arg.","APOCYNACEAE Rhodocalyx rotundifolius Müll.Arg.","US03246759","splink","US","Handro, O.","713","Native","1957",,,"Latão","Ouro",,"Mogi Guaçu","Mojí-Guaçú, Reserva Florestal (Fazenda Campininha), perto de Pádua Sales."
"ESTAÇÃO ECOLÓGICA MOGI-GUAÇU","Ferns and Lycophytes","Lamiaceae","Salvia","scabrida","Pohl","LAMIACEAE Salvia scabrida Pohl","P04164415","splink","P","Kuhlmann, M.",,"Native","1957",,,"Latão","Ouro",,"Mogi Guaçu","Reserva Florestal. Fazenda Campininha."
"ESTAÇÃO ECOLÓGICA MOGI-GUAÇU","Angiosperms","Poaceae","Paspalum","dedeccae","Quarín","POACEAE Paspalum dedeccae Quarín","1921404","x","NY","Kuhlmann, M.","4254","Native","1957",,,"Latão","Ouro",,"Mogi Guaçu","Moji-Guaçú, Reserva Florestal (Fazenda Campininha)"
"ESTAÇÃO ECOLÓGICA MOGI-GUAÇU","Angiosperms","Rhamnaceae","Crumenaria","polygaloides","Reissek","RHAMNACEAE Crumenaria polygaloides Reissek","UB1010000","splink","UB","Kuhlmann, M.","4272","Native","1957",,,"Latão","Ouro",,"Mogi Guaçu","Fazenda Campininha, Reserva Florestal."
"ESTAÇÃO ECOLÓGICA MOGI-GUAÇU","Angiosperms","Fabaceae","Anadenanthera","colubrina","(Vell.) Brenan","FABACEAE Anadenanthera colubrina (Vell.) Brenan","US02210822","splink","US","Kuhlman, M.","3935","Native","1956",,,"Latão","Ouro",,"Mogi Guaçu","Mojí-Guaçú, Reserva Florestal (Fazenda Campininha), perto de Pádua Sales, Arvore do cerrado"
"ESTAÇÃO ECOLÓGICA MOGI-GUAÇU","Angiosperms","Fabaceae","Andira",,"Lam.","FABACEAE Andira Lam.","HUEM000005437","splink","HUEM","Handro, O.","631","Native","1956",,,"Latão","Ouro",,"Mogi Guaçu","Reserva Florestal"
"ESTAÇÃO ECOLÓGICA MOGI-GUAÇU","Angiosperms","Bromeliaceae","Aechmea","bromeliifolia","(Rudge) Baker","BROMELIACEAE Aechmea bromeliifolia (Rudge) Baker","US03979188","splink","US","Handro, O.","506","Native","1955",,,"Latão","Ouro",,"Mogi Guaçu","Mojí-Guassu, Reserva Florestal, perto de Padua Salles."
"ESTAÇÃO ECOLÓGICA MOGI-GUAÇU","Angiosperms","Bromeliaceae","Billbergia","porteana","Brong. ex Beer","BROMELIACEAE Billbergia porteana Brong. ex Beer","US03981051","splink","US","Kuhlmann, M.","54722","Native","1955",,,"Latão","Ouro",,"Mogi Guaçu","Mojí-Guassú, Reserva Florestal, perto de Pádua Salles, mata a margem do rio Mojí-Guassú."
"ESTAÇÃO ECOLÓGICA MOGI-GUAÇU","Angiosperms","Lamiaceae","Hypenia","pauliana","(Epling) Harley","LAMIACEAE Hypenia pauliana (Epling) Harley","00500922","x","NY","Handro, O.","437","Native","1955",,,"Latão","Ouro",,"Mogi Guaçu","Moji-Guaçu, Reserva Florestal (Fazenda Campininha), perto de Pádua Sales."
"ESTAÇÃO ECOLÓGICA MOGI-GUAÇU","Angiosperms","Lamiaceae","Medusantha","crinita","(Benth.) Harley & J.F.B.Pastore","LAMIACEAE Medusantha crinita (Benth.) Harley & J.F.B.Pastore","US02887956","splink","US","Handro, O.","495","Native","1955",,,"Latão","Ouro",,"Mogi Guaçu","Mojí-Guassú, Reserva Florestal, perto de Pádu Sales. Arbusto do campo cerrado."
"ESTAÇÃO ECOLÓGICA MOGI-GUAÇU","Bryophytes","Loganiaceae","Strychnos","pseudoquina","A.St.-Hil.","LOGANIACEAE Strychnos pseudoquina A.St.-Hil.","US 2678467","x","US","Handro, O.","439","Native","1955",,,"Latão","Ouro",,"Mogi Guaçu","Mojí-Guassú, Reserva Florestal, perto de Pádua Salles."
"ESTAÇÃO ECOLÓGICA MOGI-GUAÇU","Angiosperms","Violaceae","Pombalia","parviflora","(Mutis ex L.f.) Paula-Souza","VIOLACEAE Pombalia parviflora (Mutis ex L.f.) Paula-Souza","UPCB0058135","splink","UPCB","Handro, O.","533","Native","1955",,"2023","Latão","Ouro",,"Mogi Guaçu","Reserva Florestal perto de Pádua Sales."
"ESTAÇÃO ECOLÓGICA MOGI-GUAÇU","Angiosperms","Lauraceae","Cryptocarya","moschata","Nees & Mart.","LAURACEAE Cryptocarya moschata Nees & Mart.","NY01015949",,"NY","Moraes, P.L.R.","2242","Native","2000","Moraes, P.L.R.",,"Ouro","Prata","jbrj-public.s3-sa-east-1.amazonaws.com/fsi/server?type=image&source=DZI/newyork/ny_/1/1/59/49/ny_01015949.dzi","Mogi Guaçu","Fazenda Campininha, Mata do Córrego do Mariana. Árvore 19."
"ESTAÇÃO ECOLÓGICA MOGI-GUAÇU","Angiosperms","Sapindaceae","Serjania","caracasana","(Jacq.) Willd.","SAPINDACEAE Serjania caracasana (Jacq.) Willd.","NY00514350",,"NY","Godoi, J.V.","214","Native","1992","Ferrucci, M.S.",,"Ouro","Prata","jbrj-public.s3-sa-east-1.amazonaws.com/fsi/server?type=image&source=DZI/newyork/ny_/0/51/43/50/ny_00514350.dzi","Mogi Guaçu","Mogi-Guaçu, Reserva Biológica e Estaçao Experimental de Mogi-Guaçu, Mata da Figueira."
"ESTAÇÃO ECOLÓGICA MOGI-GUAÇU","Angiosperms","Sapindaceae","Serjania","fuscifolia","Radlk.","SAPINDACEAE Serjania fuscifolia Radlk.","NY00514469",,"NY","Romaniuc Neto, S.","1314","Native","1992","Ferrucci, M.S.",,"Ouro","Prata","jbrj-public.s3-sa-east-1.amazonaws.com/fsi/server?type=image&source=DZI/newyork/ny_/0/51/44/69/ny_00514469.dzi","Mogi Guaçu","Mogi-Guaçu, Reserva Biológica e Estaçao Experimental de Mogi-Guaçu, Mata de Figueira."
"ESTAÇÃO ECOLÓGICA MOGI-GUAÇU","Angiosperms","Fabaceae","Senegalia","parviceps","(Speg.) Seigler & Ebinger","FABACEAE Senegalia parviceps (Speg.) Seigler & Ebinger","NY00391240",,"NY","Pereira, D.F.","19","Native","1991","Seigler, D.S.","2009","Ouro","Prata","jbrj-public.s3-sa-east-1.amazonaws.com/fsi/server?type=image&source=DZI/newyork/ny_/0/39/12/40/ny_00391240.dzi","Mogi Guaçu","Fazenda Campininha, Mata do Portugues"
"ESTAÇÃO ECOLÓGICA MOGI-GUAÇU","Angiosperms","Asteraceae","Baccharis","linearifolia","(Lam.) Pers.","ASTERACEAE Baccharis linearifolia (Lam.) Pers.","FCAB003493",,"FCAB","Siqueira, J.C.","1523","Native","1982","Heiden, G.","2007","Ouro","Prata","jbrj-public-img.s3-sa-east-1.amazonaws.com/JPG/fcab/fcab/0/34/93/fcab003493.jpg","Mogi Guaçu","Fazenda Campininha."
"ESTAÇÃO ECOLÓGICA MOGI-GUAÇU","Angiosperms","Primulaceae","Myrsine","monticola","Mart.","PRIMULACEAE Myrsine monticola Mart.","FCAB003504",,"FCAB","Siqueira, J.C.","1510","Native","1982","Freitas, M.F.","2003","Ouro","Prata","jbrj-public-img.s3-sa-east-1.amazonaws.com/JPG/fcab/fcab/0/35/4/fcab003504.jpg","Mogi Guaçu","Faz. Campininha."
"ESTAÇÃO ECOLÓGICA MOGI-GUAÇU","Angiosperms","Rutaceae","Metrodorea","nigra","A.St.-Hil.","RUTACEAE Metrodorea nigra A.St.-Hil.","P04764923",,"P","Forero, E.","8382","Native","1980","Pirani, J.R.","1994","Ouro","Prata","jbrj-public.s3.amazonaws.com/fsi/server?type=image&source=DZI/mnhn/p/4/76/49/23/p04764923.dzi","Mogi Guaçu","Pádua Sales, Fazenda Campininha."
"ESTAÇÃO ECOLÓGICA MOGI-GUAÇU","Angiosperms","Vochysiaceae","Qualea","multiflora","Mart.","VOCHYSIACEAE Qualea multiflora Mart.","US01874317",,"US","Yamamoto, K.","7606","Native","1978",,"2016","Ouro","Prata","jbrj-public.s3-sa-east-1.amazonaws.com/fsi/server?type=image&source=DZI/us/us/1/87/43/17/us01874317.dzi","Mogi Guaçu","Faz. Campininha, beira de cerradão, próximo a aceiro."
"ESTAÇÃO ECOLÓGICA MOGI-GUAÇU","Angiosperms","Calophyllaceae","Kielmeyera","coriacea","Mart. & Zucc.","CALOPHYLLACEAE Kielmeyera coriacea Mart. & Zucc.","NY00477147",,"NY","Ratter, J.A.","4322","Native","1978","Trad, R.J.","2013","Ouro","Prata","jbrj-public.s3-sa-east-1.amazonaws.com/fsi/server?type=image&source=DZI/newyork/ny_/0/47/71/47/ny_00477147.dzi","Mogi Guaçu","Fazenda Campininha, near Padua Sales"
"ESTAÇÃO ECOLÓGICA MOGI-GUAÇU","Angiosperms","Fabaceae","Dioclea",,"Kunth","FABACEAE Dioclea Kunth","NY02634449",,"NY","Tamashiro, J.Y.","6521","Native","1977",,,"Ouro","Prata","jbrj-public.s3-sa-east-1.amazonaws.com/fsi/server?type=image&source=DZI/newyork/ny_/2/63/44/49/ny_02634449.dzi","Mogi Guaçu","Fazenda Campininha"
"ESTAÇÃO ECOLÓGICA MOGI-GUAÇU","Angiosperms","Asteraceae","Piptocarpha","rotundifolia","(Less.) Baker","ASTERACEAE Piptocarpha rotundifolia (Less.) Baker","NY00798161",,"NY","Gibbs, P.E.","4225","Native","1977","Pruski, J.F.","1985","Ouro","Prata","jbrj-public.s3-sa-east-1.amazonaws.com/fsi/server?type=image&source=DZI/newyork/ny_/0/79/81/61/ny_00798161.dzi","Mogi Guaçu","Fazenda Campininha"
"ESTAÇÃO ECOLÓGICA MOGI-GUAÇU","Angiosperms","Rutaceae","Galipea","jasminiflora","(A.St.-Hil.) Engl.","RUTACEAE Galipea jasminiflora (A.St.-Hil.) Engl.","NY00382438",,"NY","Gibbs, P.E.","4330","Native","1977","Kallunki, J.A.","1980","Ouro","Prata","jbrj-public.s3-sa-east-1.amazonaws.com/fsi/server?type=image&source=DZI/newyork/ny_/0/38/24/38/ny_00382438.dzi","Mogi Guaçu","25 km NW de Mogi-Guaçú. Estaçao Experimental de Mogi-Guaçú (Fazenda Campininha)."
"ESTAÇÃO ECOLÓGICA MOGI-GUAÇU","Angiosperms","Fabaceae","Eriosema","heterophyllum","Benth.","FABACEAE Eriosema heterophyllum Benth.","NY00595731",,"NY","Gibbs, P.E.","3382","Native","1976","Fortunato, R.H.",,"Ouro","Prata","jbrj-public.s3-sa-east-1.amazonaws.com/fsi/server?type=image&source=DZI/newyork/ny_/0/59/57/31/ny_00595731.dzi","Mogi Guaçu","25 km NW de Mogi-Guaçú. Estação Experimental de Mogi-Guaçú (Fazenda Campininha)"
"ESTAÇÃO ECOLÓGICA MOGI-GUAÇU","Angiosperms","Fabaceae","Copaifera","langsdorffii","Desf.","FABACEAE Copaifera langsdorffii var. langsdorffii Desf.","NY00470869",,"NY","Eiten, G.","5614","Native","1964","Costa, J.S.","2013","Ouro","Prata","jbrj-public.s3-sa-east-1.amazonaws.com/fsi/server?type=image&source=DZI/newyork/ny_/0/47/8/69/ny_00470869.dzi","Mogi Guaçu","Campos das Sete Lagoas"". Fazenda Campininha, just north of Rio Moji-Guaçu/ 2/5 km NNW of Pauda Sales"
"ESTAÇÃO ECOLÓGICA MOGI-GUAÇU","Angiosperms","Fabaceae","Desmanthus","tatuhyensis","Hoehne","FABACEAE Desmanthus tatuhyensis var. tatuhyensis Hoehne","NY00408729",,"NY","Eiten, G.","5698","Native","1964","Luckow, M.A.","1988","Ouro","Prata","jbrj-public.s3-sa-east-1.amazonaws.com/fsi/server?type=image&source=DZI/newyork/ny_/0/40/87/29/ny_00408729.dzi","Mogi Guaçu","Campos das Sete Lagoas"". Fazenda Campininha, just north of Rio Moji-Guaçu. 10km. NNE of Padua Sales (about 27km NW of city of Moji-Mirim)"
"ESTAÇÃO ECOLÓGICA MOGI-GUAÇU","Ferns and Lycophytes","Fabaceae","Crotalaria","incana","L.","FABACEAE Crotalaria incana L.","NY00590814",,"NY","Eiten, G.","5623","Naturalized","1964","Windler, D.R.","1977","Ouro","Prata","jbrj-public.s3-sa-east-1.amazonaws.com/fsi/server?type=image&source=DZI/newyork/ny_/0/59/8/14/ny_00590814.dzi","Mogi Guaçu","Campos das Sete Lagoas. Fazenda Campininha, just north of Rio Moji-Guaçu. 3.7km NNW of Padua Sales. (About 27km NW of city of Moji-Mirim), along brook near main house, by large planted Eucalyptus tree"
"ESTAÇÃO ECOLÓGICA MOGI-GUAÇU","Angiosperms","Fabaceae","Crotalaria","pallida","Aiton","FABACEAE Crotalaria pallida Aiton","NY00590893",,"NY","Eiten, G.","5622","Native","1964","Windler, D.R.","1977","Ouro","Prata","jbrj-public.s3-sa-east-1.amazonaws.com/fsi/server?type=image&source=DZI/newyork/ny_/0/59/8/93/ny_00590893.dzi","Mogi Guaçu","Campos das Sete Lagoas. Fazenda Campininha, just north of Rio Moji-Guaçu. 3.7km NNW of Padua Sales"
"ESTAÇÃO ECOLÓGICA MOGI-GUAÇU","Angiosperms","Fabaceae","Crotalaria","stipularia","Desv.","FABACEAE Crotalaria stipularia Desv.","NY01081247",,"NY","Eiten, G.","5628","Native","1964","Windler, D.R.","1976","Ouro","Prata","jbrj-public.s3-sa-east-1.amazonaws.com/fsi/server?type=image&source=DZI/newyork/ny_/1/8/12/47/ny_01081247.dzi","Mogi Guaçu","Campos das Sete Lagôas"". Fazenda Campininha, just north of Rio Moji-Guaçu. 3.7 km NNW of Padua Sales. (About 27 km NW of city of Moji-Mirim)."
"ESTAÇÃO ECOLÓGICA MOGI-GUAÇU","Angiosperms","Rubiaceae","Cordiera","sessilis","(Vell.) Kuntze","RUBIACEAE Cordiera sessilis (Vell.) Kuntze","NY00779148",,"NY","Jose Correa, F.","1429","Native","1963","Persson, C.","2003","Ouro","Prata","jbrj-public.s3-sa-east-1.amazonaws.com/fsi/server?type=image&source=DZI/newyork/ny_/0/77/91/48/ny_00779148.dzi","Mogi Guaçu","Fazenda Campininha."
"ESTAÇÃO ECOLÓGICA MOGI-GUAÇU","Angiosperms","Asteraceae","Campuloclinium","chlorolepis","(Baker) R.M.King & H.Rob.","ASTERACEAE Campuloclinium chlorolepis (Baker) R.M.King & H.Rob.","US00145831",,"US","Eiten, G.","2592","Native","1961",,,"Ouro","Prata","jbrj-public.s3-sa-east-1.amazonaws.com/fsi/server?type=image&source=DZI/us/us/0/14/58/31/us00145831.dzi","Mogi Guaçu","Fazenda Campininha, north of Rio Moji-Guacu. About 10 km N of river & village of Padua Sales."
"ESTAÇÃO ECOLÓGICA MOGI-GUAÇU","Angiosperms","Malpighiaceae","Banisteriopsis","schizoptera","(A.Juss.) B.Gates","MALPIGHIACEAE Banisteriopsis schizoptera (A.Juss.) B.Gates","NY00442418",,"NY","Eiten, G.","2573","Native","1961","Gates, B.",,"Ouro","Prata","jbrj-public.s3-sa-east-1.amazonaws.com/fsi/server?type=image&source=DZI/newyork/ny_/0/44/24/18/ny_00442418.dzi","Mogi Guaçu","Campos das Sete Lagôas"". Fazenda Campininha, just north of Rio Moji-Guaçú. 6.6 km NNW of Padua Sales (About 27 km NW of city of Moji-Mirim)"
"ESTAÇÃO ECOLÓGICA MOGI-GUAÇU","Angiosperms","Poaceae","Gymnopogon","foliosus","(Willd.) Nees","POACEAE Gymnopogon foliosus (Willd.) Nees","NY00641066",,"NY","Eiten, G.","2697","Native","1961","Swallen, J.R.",,"Ouro","Prata","jbrj-public.s3-sa-east-1.amazonaws.com/fsi/server?type=image&source=DZI/newyork/ny_/0/64/10/66/ny_00641066.dzi","Mogi Guaçu","Campos das Sete Lagôas"". Fazenda Campininha, just north of Rio Moji-Guaçu. 4.0 km. NNW of Padua Sales. (About 27 km. NW of city of Moji-Mirim.)"
"ESTAÇÃO ECOLÓGICA MOGI-GUAÇU","Angiosperms","Poaceae","Paspalum","plicatulum","Michx.","POACEAE Paspalum plicatulum Michx.","NY00762188",,"NY","Eiten, G.","2674","Native","1961","Swallen, J.R.",,"Ouro","Prata","jbrj-public.s3-sa-east-1.amazonaws.com/fsi/server?type=image&source=DZI/newyork/ny_/0/76/21/88/ny_00762188.dzi","Mogi Guaçu","Campos das Sete Lagôas"". Fazenda Campininha, just north of Rio Moji-Guaçu. ~8.5 km. NNE of Padua Sales. (About 27 km. NW of city of Moji-Mirim.)"
"ESTAÇÃO ECOLÓGICA MOGI-GUAÇU",,"Poaceae","Panicum","olyroides","Henrard","POACEAE Panicum olyroides var. hirsutum Henrard","K001059468",,"K","Eiten, G.","2577",,"1961","Oliveira, R.C.","2014","Ouro","Prata","jbrj-public.s3-sa-east-1.amazonaws.com/fsi/server?type=image&source=DZI/kew/k/0/10/59/46/8/k001059468.dzi","Mogi Guaçu","Campos das Sete Lagôas. Fazenda Campininha, just north of Rio Moji-Guaçu. 6.6km NNW of Padua Sales. (About 27km NW of city of Moji-Mirim)."
"ESTAÇÃO ECOLÓGICA MOGI-GUAÇU","Angiosperms","Poaceae","Trichanthecium","schwackeanum","(Mez) Zuloaga & Morrone","POACEAE Trichanthecium schwackeanum (Mez) Zuloaga & Morrone","NY00652108",,"NY","Eiten, G.","3513","Native","1961","Zuloaga, F.O.","1989","Ouro","Prata","jbrj-public.s3-sa-east-1.amazonaws.com/fsi/server?type=image&source=DZI/newyork/ny_/0/65/21/8/ny_00652108.dzi","Mogi Guaçu","Campos das Sete Lagôas"". About 100 ft. from entrance of Fazenda Campininha, just north of Rio Moji-Guaçu. 1.8 km. NNW of Padua Sales. (About 27 km. NW of city of Moji-Mirim.)"
"ESTAÇÃO ECOLÓGICA MOGI-GUAÇU","Angiosperms","Rubiaceae","Richardia","grandiflora","(Cham. & Schltdl.) Steud.","RUBIACEAE Richardia grandiflora (Cham. & Schltdl.) Steud.","NY00502573",,"NY","Eiten, G.","2646","Native","1961","Kirkbride Junior, J.H.","1975","Ouro","Prata","jbrj-public.s3-sa-east-1.amazonaws.com/fsi/server?type=image&source=DZI/newyork/ny_/0/50/25/73/ny_00502573.dzi","Mogi Guaçu","Campos das Sete Lagoas. Fazenda Campininha, just north of Rio Moji-Guaçu. 3.1 km NNW of Padua Sales"
"ESTAÇÃO ECOLÓGICA MOGI-GUAÇU","Angiosperms","Rubiaceae","Palicourea","iodotricha","(Müll. Arg.) Delprete & J.H.Kirkbr.","RUBIACEAE Palicourea iodotricha (Müll. Arg.) Delprete & J.H.Kirkbr.","NY00501820",,"NY","Eiten, G.","3548","Native","1961","Kirkbride Junior, J.H.","1974","Ouro","Prata","jbrj-public.s3-sa-east-1.amazonaws.com/fsi/server?type=image&source=DZI/newyork/ny_/0/50/18/20/ny_00501820.dzi","Mogi Guaçu","Campos das Sete Lagoas. Fazenda Campininha, just north of Rio Moji-Guaçu. 6.6 km NNW of Padua Sales"
"ESTAÇÃO ECOLÓGICA MOGI-GUAÇU","Angiosperms","Asteraceae","Aldama","oblongifolia","(Gardner) E.E.Schill. & Panero","ASTERACEAE Aldama oblongifolia (Gardner) E.E.Schill. & Panero","NY00801720",,"NY","Eiten, G.","2395","Native","1960","Barroso, G.M.",,"Ouro","Prata","jbrj-public.s3-sa-east-1.amazonaws.com/fsi/server?type=image&source=DZI/newyork/ny_/0/80/17/20/ny_00801720.dzi","Mogi Guaçu","Campos das Sete Lagôas"". Fazenda Campininha, just north of Rio Moji-Guaçu. 10 km NNE of Padua Sales. (About 27 km. NW of city of Moji-Mirim.)"
"ESTAÇÃO ECOLÓGICA MOGI-GUAÇU","Angiosperms","Poaceae","Setaria","parviflora","(Poir.) Kerguélen","POACEAE Setaria parviflora (Poir.) Kerguélen","NY00782151",,"NY","Eiten, G.","1972","Native","1960","Pensiero, J.F.",,"Ouro","Prata","jbrj-public.s3-sa-east-1.amazonaws.com/fsi/server?type=image&source=DZI/newyork/ny_/0/78/21/51/ny_00782151.dzi","Mogi Guaçu","Campos das Sete Lagôas"". Fazenda Campininha, just north of Rio Moji-Guaçu. 3.7 km. NNW of Padua Sales (About 27 km. NW of city of Moji-Mirim.)"
"ESTAÇÃO ECOLÓGICA MOGI-GUAÇU","Angiosperms","Poaceae","Sorghastrum","viride","Swallen","POACEAE Sorghastrum viride Swallen","US00067945",,"US","Eiten, G.","2336","Native","1960",,,"Ouro","Prata","jbrj-public.s3-sa-east-1.amazonaws.com/fsi/server?type=image&source=DZI/us/us/0/6/79/45/us00067945.dzi","Mogi Guaçu","Campos das sete lagoas, Fazenda Campininha, N of Rio Moji-Guacu."
"ESTAÇÃO ECOLÓGICA MOGI-GUAÇU","Angiosperms","Myrtaceae","Myrcia","cardiaca","O.Berg","MYRTACEAE Myrcia cardiaca O.Berg","US01891932",,"US","Mattos, J.R.","8332","Native","1960",,"2016","Ouro","Prata","jbrj-public.s3-sa-east-1.amazonaws.com/fsi/server?type=image&source=DZI/us/us/1/89/19/32/us01891932.dzi","Mogi Guaçu","Faz. Campininha, 9/11 Km NNW de Pádua Sales"
"ESTAÇÃO ECOLÓGICA MOGI-GUAÇU","Angiosperms","Solanaceae","Solanum","americanum","Mill.","SOLANACEAE Solanum americanum Mill.","NY00669437",,"NY","Eiten, G.","1895","Native","1960","Nee, M.H.","2004","Ouro","Prata","jbrj-public.s3-sa-east-1.amazonaws.com/fsi/server?type=image&source=DZI/newyork/ny_/0/66/94/37/ny_00669437.dzi","Mogi Guaçu","Campos das Sete Lagôas"". Fazenda Campininha, just north of Rio Moji-Guaçu. 3.4km NNW of Padua Sales. (27km NW of city of Moji-Mirim.)"
"ESTAÇÃO ECOLÓGICA MOGI-GUAÇU","Angiosperms","Rubiaceae","Cordiera","humilis","(K.Schum.) Kuntze","RUBIACEAE Cordiera humilis (K.Schum.) Kuntze","NY00685761",,"NY","Eiten, G.","2210","Native","1960","Persson, C.","2003","Ouro","Prata","jbrj-public.s3-sa-east-1.amazonaws.com/fsi/server?type=image&source=DZI/newyork/ny_/0/68/57/61/ny_00685761.dzi","Mogi Guaçu","Campos das Sete Lagôas. Fazenda Campininha, just north of Rio Moji-Guaçu 4 km NNW of Padua Sales. About 27 km NW of city of Moji-Mirim. In cerrado 10 m. east of dirt road."
"ESTAÇÃO ECOLÓGICA MOGI-GUAÇU","Angiosperms","Proteaceae","Roupala","montana","(Klotzsch) K.S.Edwards","PROTEACEAE Roupala montana var. brasiliensis (Klotzsch) K.S.Edwards","US01332533",,"US","Mattos, J.R.","8363","Native","1960","Prance, G.T.","2002","Ouro","Prata","jbrj-public.s3-sa-east-1.amazonaws.com/fsi/server?type=image&source=DZI/us/us/1/33/25/33/us01332533.dzi","Mogi Guaçu","Fazenda Campininha, 5,1km NW de Padua Sales"
"ESTAÇÃO ECOLÓGICA MOGI-GUAÇU","Angiosperms","Cucurbitaceae","Melothria","campestris","(Naudin) H. Schaef. & S.S. Renner","CUCURBITACEAE Melothria campestris (Naudin) H. Schaef. & S.S. Renner","NY00626626",,"NY","Eiten, G.","1768","Native","1960","Gomes-Klein, V.L.","1998","Ouro","Prata","jbrj-public.s3-sa-east-1.amazonaws.com/fsi/server?type=image&source=DZI/newyork/ny_/0/62/66/26/ny_00626626.dzi","Mogi Guaçu","Campos das Sete Lagôas"". Fazenda Campininha, just north of Rio Moji-Guaçu. 10km NNE of Padua Sales. (About 27km NW of city of Moji-Mirim)."
"ESTAÇÃO ECOLÓGICA MOGI-GUAÇU","Angiosperms","Amaranthaceae","Gomphrena","virgata","Mart.","AMARANTHACEAE Gomphrena virgata Mart.","US01340881",,"US","Eiten, G.","2247","Native","1960","Siqueira, J.C.","1992","Ouro","Prata","jbrj-public.s3-sa-east-1.amazonaws.com/fsi/server?type=image&source=DZI/us/us/1/34/8/81/us01340881.dzi","Mogi Guaçu","Campos das Sete Lagoas"". Fazenda Campininha, just north of Rio Mogi Guaçu 10 km NNE of Padua Sales (about 27 km NW of city of Moji-Mirim"
"ESTAÇÃO ECOLÓGICA MOGI-GUAÇU","Angiosperms","Amaranthaceae","Gomphrena","prostrata","Mart.","AMARANTHACEAE Gomphrena prostrata Mart.","NY00493443",,"NY","Mattos, J.R.","8508","Native","1960","Siqueira, J.C.","1989","Ouro","Prata","jbrj-public.s3-sa-east-1.amazonaws.com/fsi/server?type=image&source=DZI/newyork/ny_/0/49/34/43/ny_00493443.dzi","Mogi Guaçu","Fazenda Campininha, 7 km NNW de PADUA SALES"
"ESTAÇÃO ECOLÓGICA MOGI-GUAÇU","Angiosperms","Cyperaceae","Rhynchospora","velutina","(Kunth) Boeckeler","CYPERACEAE Rhynchospora velutina (Kunth) Boeckeler","NY00613097",,"NY","Eiten, G.","1741","Native","1960","Kral, R.","1986","Ouro","Prata","jbrj-public.s3-sa-east-1.amazonaws.com/fsi/server?type=image&source=DZI/newyork/ny_/0/61/30/97/ny_00613097.dzi","Mogi Guaçu","Campos das Sete Lagôas"". Fazenda Campininha, just north of Rio Moji-Guaçu. ca. 4 km. NNW of Padua Sales. (About 27 km. NW of city of Moji-Mirim.)"
"ESTAÇÃO ECOLÓGICA MOGI-GUAÇU","Angiosperms","Alismataceae","Helanthium","bolivianum","(Rusby) Lehtonen & Myllys","ALISMATACEAE Helanthium bolivianum (Rusby) Lehtonen & Myllys","NY00393751",,"NY","Eiten, G.","2289","Native","1960","Haynes, R.R.","1985","Ouro","Prata","jbrj-public.s3-sa-east-1.amazonaws.com/fsi/server?type=image&source=DZI/newyork/ny_/0/39/37/51/ny_00393751.dzi","Mogi Guaçu","Campos das Sete Lagôas"". Fazenda campininha, just north of Rio Moji-Guaçu. (about 27 km. NW of city of MOJI-MIRIM.)"
"ESTAÇÃO ECOLÓGICA MOGI-GUAÇU","Angiosperms","Alismataceae","Helanthium","tenellum","(Mart.) Britton","ALISMATACEAE Helanthium tenellum (Mart.) Britton","NY00393803",,"NY","Eiten, G.","2294","Native","1960","Haynes, R.R.","1985","Ouro","Prata","jbrj-public.s3-sa-east-1.amazonaws.com/fsi/server?type=image&source=DZI/newyork/ny_/0/39/38/3/ny_00393803.dzi","Mogi Guaçu","Campos das sete Lagôas"". Fazenda Campininha, just north of Rio Moji-Guaçu. 3.6 km. NNW of PADUA SALES. (about 27 km. NW of city of MOJI-MIRIM.)"
"ESTAÇÃO ECOLÓGICA MOGI-GUAÇU","Angiosperms","Cyperaceae","Cyperus","laxus","Lam.","CYPERACEAE Cyperus laxus Lam.","NY00602533",,"NY","Eiten, G.","1970","Native","1960","Tucker, G.C.","1985","Ouro","Prata","jbrj-public.s3-sa-east-1.amazonaws.com/fsi/server?type=image&source=DZI/newyork/ny_/0/60/25/33/ny_00602533.dzi","Mogi Guaçu","Campos das Sete Lagôas"". Fazenda Campininha, just north of Rio Moji-Guaçu. 3.7 km. NNW of Padua Sales. (About 27 km. NW of city of Moji-Mirim.)"
"ESTAÇÃO ECOLÓGICA MOGI-GUAÇU","Angiosperms","Poaceae","Panicum","peladoense","Henrard","POACEAE Panicum peladoense Henrard","NY00660966",,"NY","Eiten, G.","2116","Native","1960","Zuloaga, F.O.","1983","Ouro","Prata","jbrj-public.s3-sa-east-1.amazonaws.com/fsi/server?type=image&source=DZI/newyork/ny_/0/66/9/66/ny_00660966.dzi","Mogi Guaçu","Campos das Sete Lagôas"". Fazenda Campininha, just north of Rio Moji-Guaçu. 10 km. NNE of Padua Sales. (About 27 km. NW of city of Moji-Mirim.)"
"ESTAÇÃO ECOLÓGICA MOGI-GUAÇU","Angiosperms","Cyatheaceae","Cyathea","phalerata","Mart.","CYATHEACEAE Cyathea phalerata Mart.","NY00816521",,"NY","Eiten, G.","2128","Native","1960","Barrington, D.S.","1974","Ouro","Prata","jbrj-public.s3-sa-east-1.amazonaws.com/fsi/server?type=image&source=DZI/newyork/ny_/0/81/65/21/ny_00816521.dzi","Mogi Guaçu","Campos das Sete Lagôas"". Fazenda Campininha, just N of Rio Moji-Guaçu. 4.5km NNW of Padua Sales. (About 27km NW of city of Moji-Mirim)."
"ESTAÇÃO ECOLÓGICA MOGI-GUAÇU","Angiosperms","Trigoniaceae","Trigonia","nivea","Cambess.","TRIGONIACEAE Trigonia nivea var. nivea Cambess.","NY00411090",,"NY","Eiten, G.","1731","Native","1960","Lleras, E.","1974","Ouro","Prata","jbrj-public.s3-sa-east-1.amazonaws.com/fsi/server?type=image&source=DZI/newyork/ny_/0/41/10/90/ny_00411090.dzi","Mogi Guaçu","Campos das Sete Lagoas"". Fazenda Campininha, just north of Rio Moji-Guaçu. 7 km. NNW of PADUA SALES. (About 27 km. NW of city of MOJI-MIRIM)"
"ESTAÇÃO ECOLÓGICA MOGI-GUAÇU","Angiosperms","Fabaceae","Bauhinia","rufa","(Bong.) Steud.","FABACEAE Bauhinia rufa (Bong.) Steud.","NY00595070",,"NY","Eiten, G.","1955","Native","1960","Wunderlin, R.P.","1972","Ouro","Prata","jbrj-public.s3-sa-east-1.amazonaws.com/fsi/server?type=image&source=DZI/newyork/ny_/0/59/50/70/ny_00595070.dzi","Mogi Guaçu","Campos das Sete Lagoas"". Fazenda Campininha, just north of Rio Moji-Guaçu. 3.7 km NNW of Padua Sales (about 27 km NW of city of Moji-Mirim)"
"ESTAÇÃO ECOLÓGICA MOGI-GUAÇU","Angiosperms","Cyperaceae","Rhynchospora","robusta","(Kunth) Boeckeler","CYPERACEAE Rhynchospora robusta (Kunth) Boeckeler","NY00613043",,"NY","Eiten, G.","2335","Native","1960","Koyama, T.M.","1971","Ouro","Prata","jbrj-public.s3-sa-east-1.amazonaws.com/fsi/server?type=image&source=DZI/newyork/ny_/0/61/30/43/ny_00613043.dzi","Mogi Guaçu","Campos das Sete Lagôas"". Fazenda Campininha, just north of Rio Moji-Guaçu. 3.1 km. NNW of Padua Sales. (About 27 km. NW of city of Moji-Mirim.) 350 m. south of main house & 150 m. west of road."
"ESTAÇÃO ECOLÓGICA MOGI-GUAÇU","Angiosperms","Eriocaulaceae","Eriocaulon","crassiscapum","Bong.","ERIOCAULACEAE Eriocaulon crassiscapum Bong.","NY00501110",,"NY","Eiten, G.","1749","Native","1960","Moldenke, H.N.","1961","Ouro","Prata","jbrj-public.s3-sa-east-1.amazonaws.com/fsi/server?type=image&source=DZI/newyork/ny_/0/50/11/10/ny_00501110.dzi","Mogi Guaçu","Campos das Sete Lagôas"". Fazenda Campininha, just north of Rio Moji-Guaçu. Ca. 4 km NNW of Padua Sales. (About 27 km NW of city of Moji-Mirim)"
"ESTAÇÃO ECOLÓGICA MOGI-GUAÇU","Angiosperms","Poaceae","Cenchrus","echinatus","L.","POACEAE Cenchrus echinatus L.","NY00650208",,"NY","Eiten, G.","1553","Native","1959","Swallen, J.R.",,"Ouro","Prata","jbrj-public.s3-sa-east-1.amazonaws.com/fsi/server?type=image&source=DZI/newyork/ny_/0/65/2/8/ny_00650208.dzi","Mogi Guaçu","Campos das Sete Lagôas"". Fazenda Campininha, just north of Rio Moji-Guaçu. Ca. 7 km NNW of Padua Sales (about 27 NW of city of Moji-Mirim). 3 km N of river"
"ESTAÇÃO ECOLÓGICA MOGI-GUAÇU","Angiosperms","Poaceae","Eragrostis","perennis","Döll","POACEAE Eragrostis perennis Döll","NY00639491",,"NY","Eiten, G.","1520","Native","1959","Swallen, J.R.",,"Ouro","Prata","jbrj-public.s3-sa-east-1.amazonaws.com/fsi/server?type=image&source=DZI/newyork/ny_/0/63/94/91/ny_00639491.dzi","Mogi Guaçu","Campos das Sete Lagoas"". Just N of property line of Fazenda Campininha, just north of Rio Moji-Guaçu. ~15 km. N of Padua Sales. (About 27 km. NW of city of Moji-Mirim.)"
"ESTAÇÃO ECOLÓGICA MOGI-GUAÇU","Angiosperms","Poaceae","Paspalum","carinatum","Humb. & Bonpl. ex Flüggé","POACEAE Paspalum carinatum Humb. & Bonpl. ex Flüggé","NY00662324",,"NY","Eiten, G.","1571","Native","1959","Swallen, J.R.",,"Ouro","Prata","jbrj-public.s3-sa-east-1.amazonaws.com/fsi/server?type=image&source=DZI/newyork/ny_/0/66/23/24/ny_00662324.dzi","Mogi Guaçu","Campos das Sete Lagôas"". Fazenda Campininha, just north of Rio Moji-Guaçu. 9 km. N of Padua Sales (About 27 km. NW of city of Moji-Mirim.)"
"ESTAÇÃO ECOLÓGICA MOGI-GUAÇU","Angiosperms","Poaceae","Paspalum","urvillei","Steud.","POACEAE Paspalum urvillei Steud.","NY00762557",,"NY","Eiten, G.","1543","Native","1959","Swallen, J.R.",,"Ouro","Prata","jbrj-public.s3-sa-east-1.amazonaws.com/fsi/server?type=image&source=DZI/newyork/ny_/0/76/25/57/ny_00762557.dzi","Mogi Guaçu","Campos das Sete Lagôas"". Fazenda Campininha, just north of Rio Moji-Guaçu. ~ 6 km. NW of Padua Sales. (About 27 km. NW of city of Moji-Mirim.). 3 km. N of river"
"ESTAÇÃO ECOLÓGICA MOGI-GUAÇU","Angiosperms","Begoniaceae","Begonia","cucullata","(Lodd.) Golding","BEGONIACEAE Begonia cucullata var. spatulata (Lodd.) Golding","NY00453920",,"NY","Eiten, G.","1660","Native","1959","Smith, L.B.","1985","Ouro","Prata","jbrj-public.s3-sa-east-1.amazonaws.com/fsi/server?type=image&source=DZI/newyork/ny_/0/45/39/20/ny_00453920.dzi","Mogi Guaçu","Campos das Sete Lagôas"". Fazenda Campininha, just north of Rio Moji-Guaçu. 1.8 km NNW of PADUA SALES. (About 27 km NW of city of MOJI-MIRIM)"
"ESTAÇÃO ECOLÓGICA MOGI-GUAÇU","Angiosperms","Cyperaceae","Rhynchospora","marisculus","Lindl. & Nees","CYPERACEAE Rhynchospora marisculus Lindl. & Nees","NY00612768",,"NY","Eiten, G.","1530","Native","1959","Guaglianone, E.R.","1977","Ouro","Prata","jbrj-public.s3-sa-east-1.amazonaws.com/fsi/server?type=image&source=DZI/newyork/ny_/0/61/27/68/ny_00612768.dzi","Mogi Guaçu","Campos das Sete Lagôas"". Fazenda Campininha, just north of Rio Moji-Guaçu. 3.8 km NNW of Padua Sales. (About 27 km. NW of city of Moji-Mirim.)"
"ESTAÇÃO ECOLÓGICA MOGI-GUAÇU","Angiosperms","Fabaceae","Centrosema","pubescens","Benth.","FABACEAE Centrosema pubescens Benth.","NY00585312",,"NY","Eiten, G.","1573","Native","1959","Irwin, H.S.","1966","Ouro","Prata","jbrj-public.s3-sa-east-1.amazonaws.com/fsi/server?type=image&source=DZI/newyork/ny_/0/58/53/12/ny_00585312.dzi","Mogi Guaçu","Campos das Sete Lagôas"". Fazenda Campininha, just north of Rio Moji-Guaçu. 9 km NNE of Padua Sales"
"ESTAÇÃO ECOLÓGICA MOGI-GUAÇU","Angiosperms","Araliaceae","Didymopanax","macrocarpus","(Cham. & Schltdl.) Seem.","ARALIACEAE Didymopanax macrocarpus (Cham. & Schltdl.) Seem.","SPF00072926",,"SPF","Kuhlmann, M.","3585","Native","1956","Fiaschi, P.","7/1","Ouro","Prata","jbrj-public.s3-sa-east-1.amazonaws.com/fsi/server?type=image&source=DZI/spf/spf/0/7/29/26/spf00072926.dzi","Mogi Guaçu","FAzenda Campininha, próximo de Pádua Sales, E.F.S."
"ESTAÇÃO ECOLÓGICA MOGI-GUAÇU","Angiosperms","Poaceae","Trichanthecium","parvifolium","(Lam.) Zuloaga & Morrone","POACEAE Trichanthecium parvifolium (Lam.) Zuloaga & Morrone","NY00652660",,"NY","Eiten, G.","1536","Native","1956","Swallen, J.R.",,"Ouro","Prata","jbrj-public.s3-sa-east-1.amazonaws.com/fsi/server?type=image&source=DZI/newyork/ny_/0/65/26/60/ny_00652660.dzi","Mogi Guaçu","Campos das Sete Lagoas"". Fazenda Campininha, just north of Rio Moji-Guaçu. 3.8 km. N of Padua Sales. (About 27 km. NW of city of Moji-Mirim.)"
"ESTAÇÃO ECOLÓGICA MOGI-GUAÇU","Angiosperms","Fabaceae","Bauhinia","holophylla","(Bong.) Steud.","FABACEAE Bauhinia holophylla (Bong.) Steud.","MBM091479","REFLORA","MBM","Salatino, A.","1","Native","13/00/0","Burkart, A.",,"Ouro","Prata",,"Mogi Guaçu","Fazenda Campininha"
"ESTAÇÃO ECOLÓGICA MOGI-GUAÇU","Angiosperms","Fabaceae","Centrosema",,"(DC.) Benth.","FABACEAE Centrosema (DC.) Benth.","78012","x","Herbario INPA","Hopkins, M.","4226","Native",,,,"Ouro","Prata",,"Mogi Guaçu","Fazenda Campininha"
"ESTAÇÃO ECOLÓGICA MOGI-GUAÇU","Angiosperms","Fabaceae","Chamaecrista","desvauxii","(Collad.) Killip","FABACEAE Chamaecrista desvauxii (Collad.) Killip","78147","x","Herbario INPA","Hopkins, M.","6691","Native",,"Conceicao, A.S.",,"Ouro","Prata",,"Mogi Guaçu","Faz. Campininha."
"ESTAÇÃO ECOLÓGICA MOGI-GUAÇU","Angiosperms","Fabaceae","Crotalaria","trichotoma","Bojer","FABACEAE Crotalaria trichotoma Bojer","250322","x","Herbario INPA","Hopkins, M.","5622","Native",,,,"Ouro","Prata",,"Mogi Guaçu","Campos das Sete Lagôas. Fazenda Campininha, just north of rio Moji-Guaçu. 3.7 km, NNw of Padua Sales. (About 27 km NW of city of Moji-Mirim). Campo cerrado (a type of scrubby woodland originally) on upland, or very rarely forest. Open marsh or dense"
"ESTAÇÃO ECOLÓGICA MOGI-GUAÇU","Angiosperms","Fabaceae","Dahlstedtia","muehlbergiana","(Hassl.) M.J.Silva & A.M.G.Azevedo","FABACEAE Dahlstedtia muehlbergiana (Hassl.) M.J.Silva & A.M.G.Azevedo","MBM056724","REFLORA","MBM","Gibbs, P.E.","4175","Naturalized","04/00/0","Azevedo-Tozzi, A.M.G.",,"Ouro","Prata",,"Mogi Guaçu","Fazenda Campininha"
"ESTAÇÃO ECOLÓGICA MOGI-GUAÇU","Angiosperms","Fabaceae","Inga","marginata","Willd.","FABACEAE Inga marginata Willd.","MBM059534","REFLORA","MBM","Mieko","s.n.","Native","11/00/0","Determiner, N.",,"Ouro","Prata",,"Mogi Guaçu","Fazenda Campininha"
"ESTAÇÃO ECOLÓGICA MOGI-GUAÇU","Angiosperms","Fabaceae","Machaerium","villosum","Vogel","FABACEAE Machaerium villosum Vogel","MBM056738","REFLORA","MBM","Gibbs, P.E.","4045","Native","04/00/0","C., V.M.F.",,"Ouro","Prata",,"Mogi Guaçu","Fazenda Campininha"
"ESTAÇÃO ECOLÓGICA MOGI-GUAÇU","Angiosperms","Melastomataceae","Miconia","rubiginosa","(Bonpl.) DC.","MELASTOMATACEAE Miconia rubiginosa (Bonpl.) DC.","MBM229847","splink","MBM","Ratter, J.A.","4319","Native",,"Wurdack, J.J.",,"Ouro","Prata",,"Mogi Guaçu","Fazenda Campininha."
"ESTAÇÃO ECOLÓGICA MOGI-GUAÇU","Angiosperms","Moraceae","Ficus","obtusifolia","Kunth","MORACEAE Ficus obtusifolia Kunth","MBM059231",,"MBM","Leitao Filho, H.F.","2169","Native",,"Berg, C.C.",,"Ouro","Prata",,"Mogi Guaçu","Fazenda Campininha."
"ESTAÇÃO ECOLÓGICA MOGI-GUAÇU","Angiosperms","Nyctaginaceae","Neea","theifera","Oerst.","NYCTAGINACEAE Neea theifera Oerst.","MBM049349","x","MBM","Gibbs, P.E.","3538","Native",,"Furlan, A.",,"Ouro","Prata",,"Mogi Guaçu","Fazenda Campininha, Estação Experimental"
"ESTAÇÃO ECOLÓGICA MOGI-GUAÇU","Angiosperms","Primulaceae","Myrsine","coriacea","(Sw.) R.Br. ex Roem. & Schult.","PRIMULACEAE Myrsine coriacea (Sw.) R.Br. ex Roem. & Schult.","MBM056848","splink","MBM","Gibbs, P.E.","4769","Native",,"Freitas, M.F.",,"Ouro","Prata",,"Mogi Guaçu","Fazenda Campininha."
"ESTAÇÃO ECOLÓGICA MOGI-GUAÇU","Angiosperms","Rubiaceae","Palicourea","rigida","Kunth","RUBIACEAE Palicourea rigida Kunth","MBM056883","x","MBM","Gibbs, P.E.","4047","Native",,"Zappi, D.C.",,"Ouro","Prata",,"Mogi Guaçu","Fazenda Campininha"
"ESTAÇÃO ECOLÓGICA MOGI-GUAÇU","Angiosperms","Solanaceae","Solanum","robustum","H.L.Wendl.","SOLANACEAE Solanum robustum H.L.Wendl.","MBM138049","splink","MBM","Leitao Filho, H.F.","9139B","Native",,"Carvalho, L.A.F.",,"Ouro","Prata",,"Mogi Guaçu","Fazenda Campininha."
"ESTAÇÃO ECOLÓGICA MOGI-GUAÇU","Angiosperms","Solanaceae","Solanum","variabile","Mart.","SOLANACEAE Solanum variabile Mart.","MBM060508","splink","MBM","Leitao Filho, H.F.","9139A","Native",,"Carvalho, L.A.F.",,"Ouro","Prata",,"Mogi Guaçu","Fazenda Campininha."
"ESTAÇÃO ECOLÓGICA MOGI-GUAÇU",,"Symplocaceae","Symplocos","nitens","(Pohl) Benth.","SYMPLOCACEAE Symplocos nitens var. nitens (Pohl) Benth.","MBM052346",,"MBM","Gibbs, P.E.","4267",,,"Bida, A.",,"Ouro","Prata",,"Mogi Guaçu","Fazenda Campininha, Estação Experimental de Mogi-Guaçu."
"ESTAÇÃO ECOLÓGICA MOGI-GUAÇU","Angiosperms","Piperaceae","Peperomia","pseudoestrellensis","C.DC.","PIPERACEAE Peperomia pseudoestrellensis C.DC.","185678","splink","SP","Barros, F.","s.n.","Native",,"Monteiro, D.","2011","Ouro","Prata",,"Mogi Guaçu","Fazenda Campininha"
"ESTAÇÃO ECOLÓGICA MOGI-GUAÇU","Angiosperms","Loranthaceae","Psittacanthus","dichroos","(Mart.) Mart.","LORANTHACEAE Psittacanthus dichroos (Mart.) Mart.","644500","x","NY","Eiten, G.","3263","Native",,"Kuijt, J.","2004","Ouro","Prata",,"Mogi Guaçu","Campos das Sete Lagôas. Fazenda Campininha, just north of Rio Moji-Guaçu. About 10 km north of river & village of Padua Sales. About 30 km NW of city of Moji-Mirim"
"ESTAÇÃO ECOLÓGICA MOGI-GUAÇU","Angiosperms","Lamiaceae","Medusantha","eriophylla","(Pohl ex Benth.) Harley & J.F.B.Pastore","LAMIACEAE Medusantha eriophylla (Pohl ex Benth.) Harley & J.F.B.Pastore","78016","x","Herbario INPA","Hopkins, M.","4314","Native",,"Harley, R.M.","1998","Ouro","Prata",,"Mogi Guaçu","25 km NW de Mogi-Guaçú (Fazenda Campininha). Cerrado - cerradão."
"ESTAÇÃO ECOLÓGICA MOGI-GUAÇU","Angiosperms","Cyperaceae","Rhynchospora","tenuis","Link","CYPERACEAE Rhynchospora tenuis Link","78009","x","Herbario INPA","Hopkins, M.","4037","Native",,"Thomas, W.W.","1986","Ouro","Prata",,"Mogi Guaçu","Fazenda Campininha."
"ESTAÇÃO ECOLÓGICA MOGI-GUAÇU","Ferns and Lycophytes","Asteraceae","Bidens","gardneri","Baker","ASTERACEAE Bidens gardneri Baker","127513","splink","SP","Eiten, G.","2606","Native",,"Barroso, G.M.","1979","Ouro","Prata",,"Mogi Guaçu","Fazenda Campininha, Campos das Sete Lagoas."
"ESTAÇÃO ECOLÓGICA MOGI-GUAÇU","Angiosperms","Fabaceae","Senna","silvestris","H.S.Irwin & Barneby","FABACEAE Senna silvestris subsp. bifaria H.S.Irwin & Barneby","74565","x","SP","Eiten, G.","1686","Native",,"Barneby, R.C.","1979","Ouro","Prata",,"Mogi Guaçu","Campos das Sete Lagoas, Fazenda Campininha, just north of Rio Mogi Guaçu, campo cerrado"
"ESTAÇÃO ECOLÓGICA MOGI-GUAÇU","Angiosperms","Poaceae","Digitaria","horizontalis","Willd.","POACEAE Digitaria horizontalis Willd.","250300","x","Herbario INPA","Hopkins, M.","2658","Native",,"Renvoize, S.A.","1979","Ouro","Prata",,"Mogi Guaçu","Campos das Sete Lagôas. Fazenda Campininha, just north of rio Moji-Guaçu. 8.5 km NNE of Padua Sales (About 27 km, NW of city of Moji-Mirim). Campo cerrado (a type of scrubby woodland originally) on upland, or very rarely forest. Open marsh or dense s"
"ESTAÇÃO ECOLÓGICA MOGI-GUAÇU","Angiosperms","Poaceae","Ichnanthus","inconstans","(Trin. ex Nees) Döll","POACEAE Ichnanthus inconstans (Trin. ex Nees) Döll","250295","x","Herbario INPA","Hopkins, M.","2588","Native",,"Stieber, M.T.","1978","Ouro","Prata",,"Mogi Guaçu","Campos das Sete Lagoas. Fazenda Campininha, just north of rio Mogi-Guaçu. 5-3 km NNW of Padua Sales. Campo cerrado (a type of scrubby woodland originally) on upland, or very rarely forest. Open marsh or dense secondary forest (mata) along the streams"
"ESTAÇÃO ECOLÓGICA MOGI-GUAÇU","Angiosperms","Eriocaulaceae","Paepalanthus","speciosus","(Bong.) Körn.","ERIOCAULACEAE Paepalanthus speciosus (Bong.) Körn.","SP0074418","splink","SP","Eiten, G.","2724","Native",,"Moldenke, H.N.","1962","Ouro","Prata",,"Mogi Guaçu","Fazenda Campininha"
"ESTAÇÃO ECOLÓGICA MOGI-GUAÇU","Ferns and Lycophytes","Convolvulaceae","Distimake","cissoides","(Lam.) A.R. Simões & Staples","CONVOLVULACEAE Distimake cissoides (Lam.) A.R. Simões & Staples","446973","splink","SP","Pastore, M.","279","Native","2013","Petrongari, F.S.","2021","Ouro","Prata",,"Mogi Guaçu","Fazenda Campininha, Martinho Prado. Beira da ""Mata da Mariana"", próximo à plantação de laranja. Às 12h"
"ESTAÇÃO ECOLÓGICA MOGI-GUAÇU","Angiosperms","Euphorbiaceae","Croton",,"L.","EUPHORBIACEAE Croton L.","SP0447170","splink","SP","Sousa, A.A.C.","1","Native","2012",,,"Ouro","Prata",,"Mogi Guaçu","Fazenda Campininha, trilha 4, sentido Goiabal após cruzamento com a trilha 1"
"ESTAÇÃO ECOLÓGICA MOGI-GUAÇU","Angiosperms","Euphorbiaceae","Croton","pedicellatus","Kunth","EUPHORBIACEAE Croton pedicellatus Kunth","RB01376743","x","RB","Caruzo, M.B.R.","178","Native","2012",,,"Ouro","Prata",,"Mogi Guaçu","Fazenda Campininha. Trilha beirando o fio d´água, próximo ao escritório da sede do IBt."
"ESTAÇÃO ECOLÓGICA MOGI-GUAÇU",,"Euphorbiaceae","Microstachys",,"A.Juss.","EUPHORBIACEAE Microstachys A.Juss.","476722","x","SP","Caruzo, M.B.R.","175",,"2012",,,"Ouro","Prata",,"Mogi Guaçu","Fazenda Campininha, Estrada para o bairro do Cajú, divisa com Fazenda Sete Lagoas"
"ESTAÇÃO ECOLÓGICA MOGI-GUAÇU","Angiosperms","Euphorbiaceae","Actinostemon","concepcionis","(Chodat & Hassl.) Hochr.","EUPHORBIACEAE Actinostemon concepcionis (Chodat & Hassl.) Hochr.","SP0443647","splink","SP","Pscheidt, A.C.","128","Native","2012","Cordeiro, I.","2016","Ouro","Prata",,"Mogi Guaçu","Fazenda Campininha, Martinho Prado. Cerrado, mata"
"ESTAÇÃO ECOLÓGICA MOGI-GUAÇU","Angiosperms","Bignoniaceae","Amphilophium","mansoanum","(DC.) L.G.Lohmann","BIGNONIACEAE Amphilophium mansoanum (DC.) L.G.Lohmann","213315","x","SPF","Fonseca, L.H.M.","175","Native","2011","Lohmann, L.G.","2016","Ouro","Prata",,"Mogi Guaçu","Fazenda Campininha."
"ESTAÇÃO ECOLÓGICA MOGI-GUAÇU","Angiosperms","Bignoniaceae","Amphilophium","elongatum","(Vahl) L.G.Lohmann","BIGNONIACEAE Amphilophium elongatum (Vahl) L.G.Lohmann","100833423","splink","MO","Fonseca, L.H.M.","175","Native","2011","Lohmann, L.G.","2014","Ouro","Prata",,"Mogi Guaçu","Fazenda Campininha."
"ESTAÇÃO ECOLÓGICA MOGI-GUAÇU","Angiosperms","Malvaceae","Pavonia","malacophylla","(Link & Otto) Garcke","MALVACEAE Pavonia malacophylla (Link & Otto) Garcke","SP0453177","splink","SP","Goncalez, V.M.","106","Native","2011","Esteves, G.L.","2012","Ouro","Prata",,"Mogi Guaçu","Fazenda Campininha"
"ESTAÇÃO ECOLÓGICA MOGI-GUAÇU","Angiosperms","Malvaceae","Sida","linifolia","Cav.","MALVACEAE Sida linifolia Cav.","453169","splink","SP","Goncalez, V.M.","104","Native","2011","Esteves, G.L.","2012","Ouro","Prata",,"Mogi Guaçu","Fazenda Campininha"
"ESTAÇÃO ECOLÓGICA MOGI-GUAÇU","Angiosperms","Poaceae","Sacciolepis","indica","(L.) Chase","POACEAE Sacciolepis indica (L.) Chase","425873","x","SP","Shirasuna, R.T.","2915","Native","2010",,,"Ouro","Prata",,"Mogi Guaçu","Fazenda Campininha, IBT, sede IBt."
"ESTAÇÃO ECOLÓGICA MOGI-GUAÇU","Angiosperms","Bignoniaceae","Anemopaegma","chamberlaynii","(Sims) Bureau & K.Schum.","BIGNONIACEAE Anemopaegma chamberlaynii (Sims) Bureau & K.Schum.","RB01399956","x","RB","Trovo, M.L.O.","332","Native","2007","Lohmann, L.G.","2008","Ouro","Prata",,"Mogi Guaçu","Fazenda Campininha. Beira da estrada qu corta a reserva"
"ESTAÇÃO ECOLÓGICA MOGI-GUAÇU","Angiosperms","Malpighiaceae","Heteropterys","leschenaultiana","A.Juss.","MALPIGHIACEAE Heteropterys leschenaultiana A.Juss.","SP122222","splink","SP","Sebastiani, R.","91","Naturalized","2004","Mamede, M.C.H.","2015","Ouro","Prata",,"Mogi Guaçu","Fazenda Campininha, Martinho Prado Jr., RBEE"
"ESTAÇÃO ECOLÓGICA MOGI-GUAÇU","Angiosperms","Malpighiaceae","Niedenzuella","multiglandulosa","(A.Juss.) W.R.Anderson","MALPIGHIACEAE Niedenzuella multiglandulosa (A.Juss.) W.R.Anderson","SP122556","splink","SP","Sebastiani, R.","88","Native","2004","Mamede, M.C.H.","2013","Ouro","Prata",,"Mogi Guaçu","Fazenda Campininha, Martinho Prado Jr., trilha da Mata da Mariana, RBEE"
"ESTAÇÃO ECOLÓGICA MOGI-GUAÇU","Angiosperms","Malpighiaceae","Diplopterys","pubipetala","(A.Juss.) W.R.Anderson & C.C.Davis","MALPIGHIACEAE Diplopterys pubipetala (A.Juss.) W.R.Anderson & C.C.Davis","SP122013","splink","SP","Sebastiani, R.","89","Native","2004","Sebastiani, R.","2008","Ouro","Prata",,"Mogi Guaçu","Fazenda Campininha, Martinho Prado Jr., trilha da Mata da Mariana, RBEE"
"ESTAÇÃO ECOLÓGICA MOGI-GUAÇU","Angiosperms","Malpighiaceae","Heteropterys","cochleosperma","A.Juss.","MALPIGHIACEAE Heteropterys cochleosperma A.Juss.","SP122143","splink","SP","Sebastiani, R.","90","Native","2004","Sebastiani, R.","2004","Ouro","Prata",,"Mogi Guaçu","Fazenda Campininha, Martinho Prado Jr., RBEE"
"ESTAÇÃO ECOLÓGICA MOGI-GUAÇU","Angiosperms","Malvaceae","Pseudobombax","longiflorum","(Mart.) A.Robyns","MALVACEAE Pseudobombax longiflorum (Mart.) A.Robyns","372064","splink","SP","Duarte, M.C.","46","Native","2004","Duarte, M.C.","2004","Ouro","Prata",,"Mogi Guaçu","Fazenda Campininha, Distrito de Martinho Prado. Caminho do Bonato"
"ESTAÇÃO ECOLÓGICA MOGI-GUAÇU","Angiosperms","Rubiaceae","Palicourea","deflexa","(DC.) Borhidi","RUBIACEAE Palicourea deflexa (DC.) Borhidi","UEC116662","splink","UEC","Correa, A.M.","48","Native","2002","Jung-Mendacolli, S.L.",,"Ouro","Prata",,"Mogi Guaçu","faz. campininha, trilha 3"
"ESTAÇÃO ECOLÓGICA MOGI-GUAÇU","Angiosperms","Rubiaceae","Psychotria","subtriflora","Müll.Arg.","RUBIACEAE Psychotria subtriflora Müll.Arg.","3183364","splink","MO","Correa","2/49","Native","2002","Taylor, C.M.","2015","Ouro","Prata",,"Mogi Guaçu","Mogi-Guacu, Faz. Campininha, Trilha 2. 22:15'168""S. 47:09'148""W."
"ESTAÇÃO ECOLÓGICA MOGI-GUAÇU","Angiosperms","Rubiaceae","Palicourea","hoffmannseggiana","(Roem. & Schult.) Borhidi","RUBIACEAE Palicourea hoffmannseggiana (Roem. & Schult.) Borhidi","UEC116968","splink","UEC","Correa, A.M.","0129","Native","2001","Jung-Mendacolli, S.L.",,"Ouro","Prata",,"Mogi Guaçu","Fazenda Campininha."
"ESTAÇÃO ECOLÓGICA MOGI-GUAÇU","Angiosperms","Rubiaceae","Palicourea","tenerior","(Cham.) Delprete & J.H.Kirkbr.","RUBIACEAE Palicourea tenerior (Cham.) Delprete & J.H.Kirkbr.","UEC116925","splink","UEC","Correa, A.M.","01/27","Native","2001","Jung-Mendacolli, S.L.",,"Ouro","Prata",,"Mogi Guaçu","Fazenda Campininha."
"ESTAÇÃO ECOLÓGICA MOGI-GUAÇU","Angiosperms","Apocynaceae","Forsteronia","glabrescens","Müll.Arg.","APOCYNACEAE Forsteronia glabrescens Müll.Arg.","UEC188830","splink","UEC","Aguiar, S.","05","Native","2001","Morokawa, R.","2009","Ouro","Prata",,"Mogi Guaçu","Estação Biológica de Mogi Guaçu, (faz. Campininha)"
"ESTAÇÃO ECOLÓGICA MOGI-GUAÇU","Angiosperms","Bignoniaceae","Cuspidaria","pulchra","(Cham.) L.G.Lohmann","BIGNONIACEAE Cuspidaria pulchra (Cham.) L.G.Lohmann","34358","x","HRCB","Tannus, J.L.S.","467","Native","2001","Assis, M.A.","2001","Ouro","Prata",,"Mogi Guaçu","Fazenda Campininha"
"ESTAÇÃO ECOLÓGICA MOGI-GUAÇU","Angiosperms","Rubiaceae","Palicourea","gracilenta","(Müll.Arg.) Delprete & J.H.Kirkbr.","RUBIACEAE Palicourea gracilenta (Müll.Arg.) Delprete & J.H.Kirkbr.","UEC116806","splink","UEC","Correa, A.M.","01/13","Native","2001","Jung-Mendacolli, S.L.","2001","Ouro","Prata",,"Mogi Guaçu","fazenda campininha"
"ESTAÇÃO ECOLÓGICA MOGI-GUAÇU","Angiosperms","Lauraceae","Cryptocarya","aschersoniana","Mez","LAURACEAE Cryptocarya aschersoniana Mez","362936","splink","SP","Moraes, P.L.R.","2246","Native","2000","Moraes, P.L.R.",,"Ouro","Prata",,"Mogi Guaçu","Fazenda Campininha"
"ESTAÇÃO ECOLÓGICA MOGI-GUAÇU","Angiosperms","Lauraceae","Ocotea","odorifera","(Vell.) Rohwer","LAURACEAE Ocotea odorifera (Vell.) Rohwer","SPSF00028020","splink","SPSF","Moraes, P.L.R.","2248","Native","2000",,,"Ouro","Prata",,"Mogi Guaçu","Fazenda Campininha."
"ESTAÇÃO ECOLÓGICA MOGI-GUAÇU","Angiosperms","Melastomataceae","Miconia","theaezans","(Bonpl.) Cogn.","MELASTOMATACEAE Miconia theaezans (Bonpl.) Cogn.","UEC162369","splink","UEC","Demarco, D.","s.n.","Native","2000","Caddah, M.K.","2010","Ouro","Prata",,"Mogi Guaçu","Reserva Biológica Campininha, Cerrado-cerradão."
"ESTAÇÃO ECOLÓGICA MOGI-GUAÇU","Angiosperms","Moraceae","Ficus","guaranitica","Chodat","MORACEAE Ficus guaranitica Chodat","148155","splink","UEC","Gomes, B.Z.","s.n.","Native","2000","Machado, A.F.P.","2010","Ouro","Prata",,"Mogi Guaçu","Reserva Biológica Campininha, Cerrado-Cerradão"
"ESTAÇÃO ECOLÓGICA MOGI-GUAÇU","Angiosperms","Polygalaceae","Bredemeyera","floribunda","Willd.","POLYGALACEAE Bredemeyera floribunda Willd.","UEC063850","splink","UEC","Jungbluth, P.","s.n.",,"2000","Pastore, J.F.B.","2010","Ouro","Prata",,"Mogi Guaçu","Reserva Biológica Campininha. Cerrado - cerradão."
"ESTAÇÃO ECOLÓGICA MOGI-GUAÇU","Angiosperms","Gentianaceae","Voyria","aphylla","(Jacq.) Pers.","GENTIANACEAE Voyria aphylla (Jacq.) Pers.","332772","splink","SP","Gusmao, L.F.P.","48","Native","1999","Cordeiro, I.",,"Ouro","Prata",,"Mogi Guaçu","Fazenda Campininha"
"ESTAÇÃO ECOLÓGICA MOGI-GUAÇU","Angiosperms","Bignoniaceae","Adenocalymma","paulistarum","Bureau & K.Schum.","BIGNONIACEAE Adenocalymma paulistarum Bureau & K.Schum.","32780","x","HRCB","Assis, M.A.","1318","Native","1999","Assis, M.A.","1999","Ouro","Prata",,"Mogi Guaçu","Fazenda Campininha"
"ESTAÇÃO ECOLÓGICA MOGI-GUAÇU","Angiosperms","Myrtaceae","Psidium","acutangulum","DC.","MYRTACEAE Psidium acutangulum DC.","FLOR0031202","splink","FLOR","Mattos, J.","32459","Native","1998","Mattos, J.",,"Ouro","Prata",,"Mogi Guaçu","Maji Guaçu, Padua Sales Florestal. (Fazenda Campininha)."
"ESTAÇÃO ECOLÓGICA MOGI-GUAÇU","Angiosperms","Myrtaceae","Campomanesia","schlechtendaliana","(O.Berg) Nied.","MYRTACEAE Campomanesia schlechtendaliana (O.Berg) Nied.","HBR0066788",,"HBR","Mattos, J.R.","32454","Native","1998","Mattos, J.","1998","Ouro","Prata",,"Mogi Guaçu","Fazenda Campininha ( Reserva Biológica )"
"ESTAÇÃO ECOLÓGICA MOGI-GUAÇU","Angiosperms","Poaceae","Urochloa","brizantha","(Hochst. ex A.Rich.) R.D.Webster","POACEAE Urochloa brizantha (Hochst. ex A.Rich.) R.D.Webster","SP039696","splink","SP","Moraes, M.G.","6","Native","1997","Shirasuna, R.T.","2014","Ouro","Prata",,"Mogi Guaçu","Fazenda Campininha, Distrito de Martinho Prado."
"ESTAÇÃO ECOLÓGICA MOGI-GUAÇU","Angiosperms","Lacistemataceae","Lacistema","hasslerianum","Chodat","LACISTEMATACEAE Lacistema hasslerianum Chodat","UEC018293","splink","UEC","Benson, W.W.","4665","Native","1997","Torres, R.B.","2004","Ouro","Prata",,"Mogi Guaçu","Fazenda Campininha."
"ESTAÇÃO ECOLÓGICA MOGI-GUAÇU","Angiosperms","Myrtaceae","Eugenia","brasiliensis","Lam.","MYRTACEAE Eugenia brasiliensis Lam.","312678","x","SP","Barbedo, C.J.","s.n.","Native","1997","Kawasaki, M.L.","1997","Ouro","Prata",,"Mogi Guaçu","Fazenda Campininha, cerrado"
"ESTAÇÃO ECOLÓGICA MOGI-GUAÇU",,"Poaceae","Echinolaena",,"Desv.","POACEAE Echinolaena Desv.","UEC048243","splink","UEC","Longhi-Wagner, H.M.","3296",,"1996",,,"Ouro","Prata",,"Mogi Guaçu","Fazenda Campininha, Beira de cerrado."
"ESTAÇÃO ECOLÓGICA MOGI-GUAÇU","Angiosperms","Poaceae","Eragrostis","rufescens","Schrad. ex Schult.","POACEAE Eragrostis rufescens Schrad. ex Schult.","110701","x","ICN","Longhi-Wagner, H.M.","3300","Native","1996",,,"Ouro","Prata",,"Mogi Guaçu","Fazenda Campininha"
"ESTAÇÃO ECOLÓGICA MOGI-GUAÇU","Angiosperms","Poaceae","Paspalum",,"L.","POACEAE Paspalum L.","113122","x","ICN","Longhi-Wagner, H.M.","3293","Native","1996",,,"Ouro","Prata",,"Mogi Guaçu","Fazenda Campininha."
"ESTAÇÃO ECOLÓGICA MOGI-GUAÇU","Angiosperms","Rutaceae","Zanthoxylum","rhoifolium","Lam.","RUTACEAE Zanthoxylum rhoifolium Lam.","SJRP00010357","x","SJRP","Silva, L.L.",,"Native","1996","Pirani, J.R.",,"Ouro","Prata",,"Mogi Guaçu","Fazenda Campininha."
"ESTAÇÃO ECOLÓGICA MOGI-GUAÇU","Angiosperms","Poaceae","Paspalum","multicaule","Poir.","POACEAE Paspalum multicaule Poir.","110700","x","ICN","Longhi-Wagner, H.M.","3297","Native","1996","Oliveira, R.C.","2001","Ouro","Prata",,"Mogi Guaçu","Fazenda Campininha."
"ESTAÇÃO ECOLÓGICA MOGI-GUAÇU","Angiosperms","Fabaceae","Eriosema","longifolium","Benth.","FABACEAE Eriosema longifolium Benth.","310018","splink","SP","Wagner, H.M.L.","3302","Native","1996","Fortunato, R.","1998","Ouro","Prata",,"Mogi Guaçu","Fazenda Campininha. Beira de cerrado"
"ESTAÇÃO ECOLÓGICA MOGI-GUAÇU","Angiosperms","Apocynaceae","Temnadenia","violacea","(Vell.) Miers","APOCYNACEAE Temnadenia violacea (Vell.) Miers","UEC164926","splink","UEC","Kinoshita, L.S.","9686","Native","1996","Kinoshita, L.S.","1996","Ouro","Prata",,"Mogi Guaçu","Estação Biológica de Mogi Guaçu, (faz. Campininha)"
"ESTAÇÃO ECOLÓGICA MOGI-GUAÇU","Angiosperms","Poaceae","Andropogon","leucostachyus","Kunth","POACEAE Andropogon leucostachyus Kunth","110699","x","ICN","Longhi-Wagner, H.M.","3294","Native","1996","Zanin, A.","1996","Ouro","Prata",,"Mogi Guaçu","Fazenda Campininha"
"ESTAÇÃO ECOLÓGICA MOGI-GUAÇU","Angiosperms","Poaceae","Hyparrhenia","rufa","(Nees) Stapf","POACEAE Hyparrhenia rufa (Nees) Stapf","SP033590","splink","SP","Moraes, M.G.","19","Native","1996","Sendulsky, T.","1996","Ouro","Prata",,"Mogi Guaçu","Fazenda Campininha, Distrito de Martinho Prado."
"ESTAÇÃO ECOLÓGICA MOGI-GUAÇU","Angiosperms","Poaceae","Panicum","millegrana","Poir.","POACEAE Panicum millegrana Poir.","SP035687","splink","SP","Moraes, M.G.","16","Native","1996","Sendulsky, T.","1996","Ouro","Prata",,"Mogi Guaçu","Fazenda Campininha, Distrito de Martinho Prado."
"ESTAÇÃO ECOLÓGICA MOGI-GUAÇU","Angiosperms","Poaceae","Sorghastrum","minarum","(Nees) Hitchc.","POACEAE Sorghastrum minarum (Nees) Hitchc.","374115","splink","SP","Moraes, M.G.","13","Native","1996","Sendulsky, T.","1996","Ouro","Prata",,"Mogi Guaçu","Fazenda Campininha, Distrito de Martinho Prado."
"ESTAÇÃO ECOLÓGICA MOGI-GUAÇU","Angiosperms","Poaceae","Trachypogon","spicatus","(L.f.) Kuntze","POACEAE Trachypogon spicatus (L.f.) Kuntze","374128","splink","SP","Moraes, M.G.","12","Native","1996","Sendulsky, T.","1996","Ouro","Prata",,"Mogi Guaçu","Fazenda Campininha, Distrito de Martinho Prado."
"ESTAÇÃO ECOLÓGICA MOGI-GUAÇU","Angiosperms","Bignoniaceae","Bignonia","binata","Thunb.","BIGNONIACEAE Bignonia binata Thunb.","K000977491","x","K","Assis, M.A.","687","Native","1995","Assis, M.A.",,"Ouro","Prata",,"Mogi Guaçu","Fazenda Campininha."
"ESTAÇÃO ECOLÓGICA MOGI-GUAÇU","Angiosperms","Fabaceae","Harpalyce","brasiliana","Benth.","FABACEAE Harpalyce brasiliana Benth.","91387","splink","UEC","Tozzi, A.M.G.A.","955","Native","1995",,,"Ouro","Prata",,"Mogi Guaçu","Fazenda Campininha"
"ESTAÇÃO ECOLÓGICA MOGI-GUAÇU","Angiosperms","Melastomataceae","Miconia","staminea","(Desr.) DC.","MELASTOMATACEAE Miconia staminea (Desr.) DC.","103477","splink","CEPEC","Pereira, D.F.","137","Native","1995","Goldenberg, R.",,"Ouro","Prata",,"Mogi Guaçu","Martinho Prado. Fazenda Campininha. Mata da Figueira."
"ESTAÇÃO ECOLÓGICA MOGI-GUAÇU","Angiosperms","Vochysiaceae","Qualea","grandiflora","Mart.","VOCHYSIACEAE Qualea grandiflora Mart.","150697","splink","UEC","Luz, N.M.D.R.","s.n.","Native","1995","Shimizu, G.H.","2007","Ouro","Prata",,"Mogi Guaçu","Fazenda Campininha"
"ESTAÇÃO ECOLÓGICA MOGI-GUAÇU","Angiosperms","Malpighiaceae","Peixotoa",,"A.Juss.","MALPIGHIACEAE Peixotoa A.Juss.","91395","splink","UEC","Tozzi, A.M.G.A.","95-11","Native","1995","Amorim, A.M.A.","1999","Ouro","Prata",,"Mogi Guaçu","Estação Biológica de Mogi Guaçu, (faz. Campininha)"
"ESTAÇÃO ECOLÓGICA MOGI-GUAÇU","Angiosperms","Meliaceae","Guarea","macrophylla","(A.Juss.) T.D.Penn.","MELIACEAE Guarea macrophylla subsp. spiciflora (A.Juss.) T.D.Penn.","275441","splink","SP","Luchi, A.E.","246","Native","1994","Pastore, J.A.","2003","Ouro","Prata",,"Mogi Guaçu","Fazenda Campininha, Mata do Portugues, rio Mogi Guaçu"
"ESTAÇÃO ECOLÓGICA MOGI-GUAÇU","Angiosperms","Meliaceae","Guarea","guidonia","(L.) Sleumer","MELIACEAE Guarea guidonia (L.) Sleumer","275440","splink","SP","Luchi, A.E.","244","Native","1994","Pastore, J.A.","2002","Ouro","Prata",,"Mogi Guaçu","Fazenda Campininha, Mata do Portugues, rio Mogi Guaçu"
"ESTAÇÃO ECOLÓGICA MOGI-GUAÇU","Angiosperms","Convolvulaceae","Distimake","aegyptius","(L.) A.R. Simões & Staples","CONVOLVULACEAE Distimake aegyptius (L.) A.R. Simões & Staples","266730","splink","SP","Godoi, J.V.","372","Native","1993","Petrongari, F.S.","2021","Ouro","Prata",,"Mogi Guaçu","Fazenda Campininha, Mata da Figueira"
"ESTAÇÃO ECOLÓGICA MOGI-GUAÇU","Angiosperms","Convolvulaceae","Camonea","umbellata","(L.) A.R. Simões & Staples","CONVOLVULACEAE Camonea umbellata (L.) A.R. Simões & Staples","420029","splink","SP","Godoi, J.V.","367","Native","1993","Bianchini, R.S.","2019","Ouro","Prata",,"Mogi Guaçu","Fazenda Campininha, Mata da Figueira"
"ESTAÇÃO ECOLÓGICA MOGI-GUAÇU","Angiosperms","Lauraceae","Nectandra",,"Rol. ex Rottb.","LAURACEAE Nectandra Rol. ex Rottb.","262315","splink","SP","Toledo, C.B.","525","Native","1993","Ribeiro, H.L.","2018","Ouro","Prata",,"Mogi Guaçu","Reserva Biológica e Estação Experimental de Mogi-Guaçu, mata da Figueira"
"ESTAÇÃO ECOLÓGICA MOGI-GUAÇU","Angiosperms","Malpighiaceae","Banisteriopsis","malifolia","(Nees & Mart.) B.Gates","MALPIGHIACEAE Banisteriopsis malifolia (Nees & Mart.) B.Gates","UEC037551","splink","UEC","Pinto, A.P.","31168","Native","1993","Francener, A.","2013","Ouro","Prata",,"Mogi Guaçu","Estação Biológica de Mogi Guaçu, (faz. Campininha)"
"ESTAÇÃO ECOLÓGICA MOGI-GUAÇU","Angiosperms","Bromeliaceae","Billbergia","distachia","(Vell.) Mez","BROMELIACEAE Billbergia distachia (Vell.) Mez","SP051104","splink","SP","Romaniuc Neto, S.","1385","Native","1993","Wanderley, M.G.L.","2007","Ouro","Prata",,"Mogi Guaçu","Reserva Biológica e Estação Experimental de Mogi Guaçu. Mata da Figueira."
"ESTAÇÃO ECOLÓGICA MOGI-GUAÇU",,"Meliaceae","Guarea","macrophylla","(Vell.) T.D.Penn.","MELIACEAE Guarea macrophylla subsp. tuberculata (Vell.) T.D.Penn.","275432","splink","SP","Luchi, A.E.","235",,"1993","Pastore, J.A.","2003","Ouro","Prata",,"Mogi Guaçu","Fazenda Campininha, Mata da Figueira, rio Mogi Guaçu"
"ESTAÇÃO ECOLÓGICA MOGI-GUAÇU","Angiosperms","Meliaceae","Guarea","macrophylla","Vahl","MELIACEAE Guarea macrophylla Vahl","275434","splink","SP","Luchi, A.E.","237","Native","1993","Pastore, J.A.","2003","Ouro","Prata",,"Mogi Guaçu","Fazenda Campininha, Mata da Figueira, rio Mogi Guaçu"
"ESTAÇÃO ECOLÓGICA MOGI-GUAÇU","Angiosperms","Asteraceae","Chromolaena","odorata","(L.) R.M.King & H.Rob.","ASTERACEAE Chromolaena odorata (L.) R.M.King & H.Rob.","UEC123523","splink","UEC","Tachizawa, E.M.","31157","Native","1993","Esteves, R.L.","2002","Ouro","Prata",,"Mogi Guaçu","Fazenda Campininha."
"ESTAÇÃO ECOLÓGICA MOGI-GUAÇU","Angiosperms","Vitaceae","Cissus","verticillata","(L.) Nicolson & C.E.Jarvis","VITACEAE Cissus verticillata (L.) Nicolson & C.E.Jarvis","263225","splink","SP","Godoi, J.V.","369","Native","1993","Lombardi, J.A.","2002","Ouro","Prata",,"Mogi Guaçu","Fazenda Campininha, Mata da Figueira"
"ESTAÇÃO ECOLÓGICA MOGI-GUAÇU","Angiosperms","Apocynaceae","Forsteronia","pubescens","A.DC.","APOCYNACEAE Forsteronia pubescens A.DC.","UEC156353","splink","UEC","Godoi, J.V.","s.n.","Native","1993","Koch, I.","1997","Ouro","Prata",,"Mogi Guaçu","Estação Biológica de Mogi Guaçu, (faz. Campininha)"
"ESTAÇÃO ECOLÓGICA MOGI-GUAÇU","Angiosperms","Fabaceae","Canavalia","brasiliensis","Mart. ex Benth.","FABACEAE Canavalia brasiliensis Mart. ex Benth.","259207","splink","SP","Godoi, J.V.","377","Native","1993","Queiroz, L.P.","1997","Ouro","Prata",,"Mogi Guaçu","Reserva Biológica e Estação Experimental de Mogi Guaçu, mata da Figueira"
"ESTAÇÃO ECOLÓGICA MOGI-GUAÇU","Angiosperms","Apocynaceae","Condylocarpon","isthmicum","(Vell.) A.DC.","APOCYNACEAE Condylocarpon isthmicum (Vell.) A.DC.","262532","splink","SP","Godoi, J.V.","383","Native","1993","Kinoshita, L.S.","1996","Ouro","Prata",,"Mogi Guaçu","Reserva Biológica e Estação Experimental de Mogi-Guaçu. À 30,0m dist. do rio"
"ESTAÇÃO ECOLÓGICA MOGI-GUAÇU","Angiosperms","Urticaceae","Cecropia","pachystachya","Trécul","URTICACEAE Cecropia pachystachya Trécul","259398","splink","SP","Godoi, J.V.","354","Native","1993","Romaniuc Neto, S.","1996","Ouro","Prata",,"Mogi Guaçu","Fazenda Campininha"
"ESTAÇÃO ECOLÓGICA MOGI-GUAÇU","Angiosperms","Fabaceae","Ctenodon","racemosus","(Vogel) D.B.O.S.Cardoso, Filardi & H.C.Lima","FABACEAE Ctenodon racemosus (Vogel) D.B.O.S.Cardoso, Filardi & H.C.Lima","NY00452082","splink","NY","Pereira, D.F.","130","Native","1992","Lima, M.P.M.",,"Ouro","Prata",,"Mogi Guaçu","Martinho Prado, Fazenda Campininha, Mata da Figueira"
"ESTAÇÃO ECOLÓGICA MOGI-GUAÇU","Angiosperms","Melastomataceae","Pleroma","heteromallum","(D.Don) D.Don","MELASTOMATACEAE Pleroma heteromallum (D.Don) D.Don","18424","x","SJRP","Guimaraes, P.","108","Native","1992",,,"Ouro","Prata",,"Mogi Guaçu","Fazenda Campininha"
"ESTAÇÃO ECOLÓGICA MOGI-GUAÇU","Angiosperms","Myrtaceae","Eugenia","hiemalis","Cambess.","MYRTACEAE Eugenia hiemalis Cambess.","SP027128","splink","SP","Pereira, D.F.","195","Native","1992","Kawasaki, M.L.",,"Ouro","Prata",,"Mogi Guaçu","Reserva Biológica e Estação Experimental de Mogi Guaçu, Mata da Figueira."
"ESTAÇÃO ECOLÓGICA MOGI-GUAÇU","Angiosperms","Rubiaceae","Psychotria","hastisepala","Müll.Arg.","RUBIACEAE Psychotria hastisepala Müll.Arg.","SP0253928","splink","SP","Pereira, D.F.","147","Native","1992","Taylor, C.M.",,"Ouro","Prata",,"Mogi Guaçu","Fazenda Campininha, Mata da Mariana"
"ESTAÇÃO ECOLÓGICA MOGI-GUAÇU",,"Sapindaceae","Serjania","mansiana","Mart.","SAPINDACEAE Serjania mansiana Mart.","514522","x","NY","Lohmann, C.E.O.","19",,"1992","Ferrucci, M.S.",,"Ouro","Prata",,"Mogi Guaçu","Mogi-Guaçu. Reserva Biológica e Estaçao Experimental de Mogi-Guaçu. Mata do Casemiro."
"ESTAÇÃO ECOLÓGICA MOGI-GUAÇU","Angiosperms","Fabaceae","Macropsychanthus","violaceus","(Mart. ex Benth.) L.P.Queiroz & Snak","FABACEAE Macropsychanthus violaceus (Mart. ex Benth.) L.P.Queiroz & Snak","HUEFS0030429","splink","HUEFS","Lohmann, C.E.O.","10","Native","1992","Queiroz, L.P.","2021","Ouro","Prata",,"Mogi Guaçu","Reserva biológica e Estação Experimental de Mogi Guaçu, Mata da Figueira."
"ESTAÇÃO ECOLÓGICA MOGI-GUAÇU","Angiosperms","Myrtaceae","Eugenia","francavilleana","O.Berg","MYRTACEAE Eugenia francavilleana O.Berg","254300","splink","SP","Lohmann, C.E.O.","17","Native","1992","Mazine, F.F.","2019","Ouro","Prata",,"Mogi Guaçu","Reserva Biológica e Estação Experimental de Mogi Guaçu, Mata do Casimiro."
"ESTAÇÃO ECOLÓGICA MOGI-GUAÇU","Angiosperms","Melastomataceae","Miconia","nervosa","(Sm.) Triana","MELASTOMATACEAE Miconia nervosa (Sm.) Triana","SP030161","splink","SP","Lohmann, C.E.O.","14","Native","1992","Goldenberg, R.","2014","Ouro","Prata",,"Mogi Guaçu","Reserva Biológica e Estação Experimental de Mogi Guaçu, Mata do Cassimiro"
"ESTAÇÃO ECOLÓGICA MOGI-GUAÇU","Angiosperms","Myrtaceae","Eugenia","paracatuana","O.Berg","MYRTACEAE Eugenia paracatuana O.Berg","SP028620","splink","SP","Romaniuc Neto, S.","1336","Native","1992","Mazine, F.F.","2013","Ouro","Prata",,"Mogi Guaçu","Reserva Biológica e Estação Experimental de Mogi Guaçu. Mata da Figueira."
"ESTAÇÃO ECOLÓGICA MOGI-GUAÇU","Angiosperms","Rhamnaceae","Gouania","polygama","(Jacq.) Urb.","RHAMNACEAE Gouania polygama (Jacq.) Urb.","100442074","x","MO","Godoi, J.V.","169","Native","1992","Pool, A.","2012","Ouro","Prata",,"Mogi Guaçu","Mogi-Guaçu, Reserva Biológica e Estação Experimental de Mogi-Guaçu, Mata da Figueira"
"ESTAÇÃO ECOLÓGICA MOGI-GUAÇU","Angiosperms","Moraceae","Ficus","adhatodifolia","Schott in Spreng.","MORACEAE Ficus adhatodifolia Schott in Spreng.","253098","splink","SP","Romaniuc Neto, S.","1299","Native","1992","Pederneiras, L.C.","2011","Ouro","Prata",,"Mogi Guaçu","Fazenda Campininha"
"ESTAÇÃO ECOLÓGICA MOGI-GUAÇU","Angiosperms","Acanthaceae","Thyrsacanthus","ramosus","(Nees) A.Côrtes & Rapini","ACANTHACEAE Thyrsacanthus ramosus (Nees) A.Côrtes & Rapini","254304","splink","SP","Lohmann, C.E.O.","21","Native","1992","Kameyama, C.","2010","Ouro","Prata",,"Mogi Guaçu","Fazenda Campininha, Mata do Cassimiro"
"ESTAÇÃO ECOLÓGICA MOGI-GUAÇU","Angiosperms","Asteraceae","Dasyphyllum","vagans","(Gardner) Cabrera","ASTERACEAE Dasyphyllum vagans (Gardner) Cabrera","253929","splink","SP","Pereira, D.F.","148","Native","1992","Monge, M.","2010","Ouro","Prata",,"Mogi Guaçu","Fazenda Campininha, Mata da Mariana"
"ESTAÇÃO ECOLÓGICA MOGI-GUAÇU","Angiosperms","Bignoniaceae","Lundia","obliqua","Sond.","BIGNONIACEAE Lundia obliqua Sond.","SP059313","splink","SP","Godoi, J.V.","188","Native","1992","Kaehler, M.","2010","Ouro","Prata",,"Mogi Guaçu","Reserva Biológica e Estação Experimental de Mogi GUaçu"
"ESTAÇÃO ECOLÓGICA MOGI-GUAÇU","Angiosperms","Amaranthaceae","Hebanthe","erianthos","(Poir.) Pedersen","AMARANTHACEAE Hebanthe erianthos (Poir.) Pedersen","256048","splink","SP","Godoi, J.V.","245","Native","1992","Marchioretto, M.S.","2008","Ouro","Prata",,"Mogi Guaçu","Fazenda Campininha, Mata da Figueira. Ca de 50 m do rio"
"ESTAÇÃO ECOLÓGICA MOGI-GUAÇU","Angiosperms","Rubiaceae","Psychotria","capillacea","(Müll.Arg.) Standl.","RUBIACEAE Psychotria capillacea (Müll.Arg.) Standl.","SP0253093","splink","SP","Godoi, J.V.","196","Native","1992","Taylor, C.M.","2007","Ouro","Prata",,"Mogi Guaçu","Fazenda Campininha"
"ESTAÇÃO ECOLÓGICA MOGI-GUAÇU","Angiosperms","Trigoniaceae","Trigonia","nivea","Cambess.","TRIGONIACEAE Trigonia nivea var. pubescens Cambess.","252785","splink","SP","Godoi, J.V.","170","Native","1992","Miguel, J.R.","2007","Ouro","Prata",,"Mogi Guaçu","Fazenda Campininha, Mata da Figueira"
"ESTAÇÃO ECOLÓGICA MOGI-GUAÇU","Angiosperms","Acanthaceae","Justicia","lythroides","(Pohl ex Nees) V.A.W.Graham","ACANTHACEAE Justicia lythroides (Pohl ex Nees) V.A.W.Graham","253220","splink","SP","Lohmann, C.E.O.","12","Native","1992","Kameyama, C.","2006","Ouro","Prata",,"Mogi Guaçu","Fazenda Campininha, Mata da Figueira"
"ESTAÇÃO ECOLÓGICA MOGI-GUAÇU","Angiosperms","Lamiaceae","Vitex","polygama","Cham.","LAMIACEAE Vitex polygama Cham.","SP0252765","splink","SP","Pereira, D.F.","141","Native","1992","Franca, F.","2006","Ouro","Prata",,"Mogi Guaçu","Fazenda Campininha, Martinho Prado, Mata da Figueira"
"ESTAÇÃO ECOLÓGICA MOGI-GUAÇU","Angiosperms","Malpighiaceae","Niedenzuella","acutifolia","(Cav.) W.R.Anderson","MALPIGHIACEAE Niedenzuella acutifolia (Cav.) W.R.Anderson","SP020035","splink","SP","Godoi, J.V.","265","Native","1992","Mamede, M.C.H.","2006","Ouro","Prata",,"Mogi Guaçu","Reserva Biológica e Estação Experimental de Mogi-Guaçu, Mata da Mariana"
"ESTAÇÃO ECOLÓGICA MOGI-GUAÇU","Angiosperms","Apocynaceae","Prestonia","coalita","(Vell.) Woodson","APOCYNACEAE Prestonia coalita (Vell.) Woodson","252788","splink","SP","Godoi, J.V.","173","Native","1992","Kinoshita, L.S.","2005","Ouro","Prata",,"Mogi Guaçu","Reserva Biológica e Estação Experimental de Mogi Guaçu, Mata da Figueira"
"ESTAÇÃO ECOLÓGICA MOGI-GUAÇU","Angiosperms","Commelinaceae","Tradescantia",,"L. emend. M.Pell.","COMMELINACEAE Tradescantia L. emend. M.Pell.","HURB000020124","splink","HURB","Romaniuc Neto, S.","1297","Native","1992","Aona, L.Y.S.","2005","Ouro","Prata",,"Mogi Guaçu","ResErva biológica e Estação Experimental de Mogi Guaçú."
"ESTAÇÃO ECOLÓGICA MOGI-GUAÇU","Angiosperms","Asteraceae","Mikania","variifolia","Hieron.","ASTERACEAE Mikania variifolia Hieron.","253087","splink","SP","Godoi, J.V.","190","Native","1992","Ritter, M.R.","2003","Ouro","Prata",,"Mogi Guaçu","Fazenda Campininha"
"ESTAÇÃO ECOLÓGICA MOGI-GUAÇU","Angiosperms","Lauraceae","Nectandra","oppositifolia","Nees & Mart.","LAURACEAE Nectandra oppositifolia Nees & Mart.","252759","splink","SP","Pereira, D.F.","135","Native","1992","Baitello, J.B.","2003","Ouro","Prata",,"Mogi Guaçu","Martinho Prado, Fazenda Campininha, Mata da Figueira"
"ESTAÇÃO ECOLÓGICA MOGI-GUAÇU","Angiosperms","Meliaceae","Guarea","kunthiana","A.Juss.","MELIACEAE Guarea kunthiana A.Juss.","254016","splink","SP","Godoi, J.V.","233","Native","1992","Pastore, J.A.","2003","Ouro","Prata",,"Mogi Guaçu","Fazenda Campininha, Mata do Casemiro"
"ESTAÇÃO ECOLÓGICA MOGI-GUAÇU","Angiosperms","Amaranthaceae","Chamissoa","altissima","(Jacq.) Kunth","AMARANTHACEAE Chamissoa altissima (Jacq.) Kunth","254307","splink","SP","Lohmann, C.E.O.","25","Native","1992","Siqueira, J.C.","2002","Ouro","Prata",,"Mogi Guaçu","Reserva Biológica e Estação Experimental de Mogi Guaçu, Mata da Figueira"
"ESTAÇÃO ECOLÓGICA MOGI-GUAÇU","Angiosperms","Lecythidaceae","Cariniana","estrellensis","(Raddi) Kuntze","LECYTHIDACEAE Cariniana estrellensis (Raddi) Kuntze","253950","splink","SP","Romaniuc Neto, S.","1301","Native","1992","Mori, S.A.","2002","Ouro","Prata",,"Mogi Guaçu","Fazenda Campininha, Mata do Portugues"
"ESTAÇÃO ECOLÓGICA MOGI-GUAÇU","Angiosperms","Rubiaceae","Ixora","venulosa","Benth.","RUBIACEAE Ixora venulosa Benth.","SP0253914","splink","SP","Zifirino, R.","16","Native","1992","Delprete, P.G.","2001","Ouro","Prata",,"Mogi Guaçu","Fazenda Campininha"
"ESTAÇÃO ECOLÓGICA MOGI-GUAÇU",,"Fabaceae","Hymenaea","courbaril","L.","FABACEAE Hymenaea courbaril L.","15505","x","HRCB","Guardia, M.C.","s.n.",,"1992","Souza, V.C.","2000","Ouro","Prata",,"Mogi Guaçu","Faz. Campininha"
"ESTAÇÃO ECOLÓGICA MOGI-GUAÇU","Angiosperms","Celastraceae","Hippocratea","volubilis","L.","CELASTRACEAE Hippocratea volubilis L.","257913","splink","SP","Godoi, J.V.","256","Native","1992","Lombardi, J.A.","1999","Ouro","Prata",,"Mogi Guaçu","Fazenda Campininha, Mata da Figueira"
"ESTAÇÃO ECOLÓGICA MOGI-GUAÇU","Angiosperms","Fabaceae","Centrosema","virginianum","(L.) Benth.","FABACEAE Centrosema virginianum (L.) Benth.","252795","splink","SP","Godoi, J.V.","186","Native","1992","Queiroz, L.P.","1997","Ouro","Prata",,"Mogi Guaçu","Fazenda Campininha. Estação Experimental de Mogi Guaçu"
"ESTAÇÃO ECOLÓGICA MOGI-GUAÇU","Angiosperms","Rubiaceae","Palicourea","croceoides","Ham.","RUBIACEAE Palicourea croceoides Ham.","3163661","splink","MO","Pereira","194","Native","1992","Taylor, C.M.","1997","Ouro","Prata",,"Mogi Guaçu","Mogi-Guaçu, Reserva Biologica e Estação Experimental de Mogi-Guaçu, mata da Figueira"
"ESTAÇÃO ECOLÓGICA MOGI-GUAÇU","Angiosperms","Malvaceae","Sidastrum","micranthum","(A.St.-Hil.) Fryxell","MALVACEAE Sidastrum micranthum (A.St.-Hil.) Fryxell","253210","splink","SP","Lohmann, C.E.O.","2","Native","1992","Esteves, G.L.","1996","Ouro","Prata",,"Mogi Guaçu","Fazenda Campininha, Mata do Portugues"
"ESTAÇÃO ECOLÓGICA MOGI-GUAÇU","Angiosperms","Meliaceae","Trichilia","catigua","A.Juss.","MELIACEAE Trichilia catigua A.Juss.","HUEFS0090781","splink","HUEFS","Romaniuc Neto, S.","1290","Native","1992","Pastore, J.A.","1996","Ouro","Prata",,"Mogi Guaçu","Reserva Biológica e Estação Experimental de Mogi-Guaçu."
"ESTAÇÃO ECOLÓGICA MOGI-GUAÇU","Angiosperms","Rosaceae","Rubus","brasiliensis","Mart.","ROSACEAE Rubus brasiliensis Mart.","256049","splink","SP","Godoi, J.V.","246","Native","1992","Kiyama, C.Y.","1996","Ouro","Prata",,"Mogi Guaçu","Fazenda Campininha, Mata da Figueira"
"ESTAÇÃO ECOLÓGICA MOGI-GUAÇU","Angiosperms","Rubiaceae","Psychotria","leiocarpa","Cham. & Schltdl.","RUBIACEAE Psychotria leiocarpa Cham. & Schltdl.","SP0257770","splink","SP","Pereira, D.F.","202","Native","1992","Zappi, D.C.","1996","Ouro","Prata",,"Mogi Guaçu","Fazenda Campininha, Mata da Mariana"
"ESTAÇÃO ECOLÓGICA MOGI-GUAÇU","Angiosperms","Violaceae","Pombalia","atropurpurea","(A.St.-Hil.) Paula-Souza","VIOLACEAE Pombalia atropurpurea (A.St.-Hil.) Paula-Souza","UPCB0058347","splink","UPCB","Pereira, D.F.","189","Native","1992","Souza, J.P.","1996","Ouro","Prata",,"Mogi Guaçu","Reserva Biológica e Estação Experimental de Mogi-Guaçu, Mata da Figueira."
"ESTAÇÃO ECOLÓGICA MOGI-GUAÇU","Angiosperms","Orchidaceae","Rodriguezia","decora","(Lem.) Rchb.f.","ORCHIDACEAE Rodriguezia decora (Lem.) Rchb.f.","253926","x","SP","Pereira, D.F.","145","Native","1992","Barros, F.","1993","Ouro","Prata",,"Mogi Guaçu","Fazenda Campininha, Mata da Figueira"
"ESTAÇÃO ECOLÓGICA MOGI-GUAÇU","Angiosperms","Sapindaceae","Serjania","meridionalis","Cambess.","SAPINDACEAE Serjania meridionalis Cambess.","SP047336","splink","SP","Godoi, J.V.","202","Native","1992","Ferrucci, M.S.","1993","Ouro","Prata",,"Mogi Guaçu","Fazenda Campininha, Mata do Portugues"
"ESTAÇÃO ECOLÓGICA MOGI-GUAÇU","Angiosperms","Malpighiaceae","Mascagnia","cordifolia","(A.Juss.) Griseb.","MALPIGHIACEAE Mascagnia cordifolia (A.Juss.) Griseb.","SP019846","splink","SP","Zifirino, R.","6","Native","1992","Mamede, M.C.H.","1992","Ouro","Prata",,"Mogi Guaçu","Reserva Biológica e Estação Experimental de Mogi-Guaçu"
"ESTAÇÃO ECOLÓGICA MOGI-GUAÇU","Angiosperms","Lauraceae","Nectandra","lanceolata","Nees","LAURACEAE Nectandra lanceolata Nees","SPSF00015067","splink","SPSF","Moraes, P.L.R.","s/n","Native","1991","Baitello, J.B.",,"Ouro","Prata",,"Mogi Guaçu","Fazenda Campininha."
"ESTAÇÃO ECOLÓGICA MOGI-GUAÇU","Angiosperms","Lauraceae","Nectandra","nitidula","Nees & Mart.","LAURACEAE Nectandra nitidula Nees & Mart.","SPSF00015066","splink","SPSF","Moraes, P.L.R.",,"Native","1991","Baitello, J.B.",,"Ouro","Prata",,"Mogi Guaçu","Fazenda Campininha."
"ESTAÇÃO ECOLÓGICA MOGI-GUAÇU","Angiosperms","Sapindaceae","Cardiospermum","grandiflorum","Sw.","SAPINDACEAE Cardiospermum grandiflorum Sw.","NY00447824","splink","NY","Romaniuc Neto, S.","1169","Native","1991","Ferrucci, M.S.",,"Ouro","Prata",,"Mogi Guaçu","Martinho Prado, Fazenda Campininha, Reserva Biológica. Mata da Mariana, Corrego da Divisa."
"ESTAÇÃO ECOLÓGICA MOGI-GUAÇU","Angiosperms","Verbenaceae","Lantana","trifolia","L.","VERBENACEAE Lantana trifolia L.","248605","splink","SP","Pereira, D.F.","23","Native","1991","Salimena, F.R.G.","2017","Ouro","Prata",,"Mogi Guaçu","Fazenda Campininha, Mata do Português"
"ESTAÇÃO ECOLÓGICA MOGI-GUAÇU","Angiosperms","Bignoniaceae","Fridericia","leucopogon","(Cham.) L.G.Lohmann","BIGNONIACEAE Fridericia leucopogon (Cham.) L.G.Lohmann","NY00412073","splink","NY","Romaniuc Neto, S.","1188","Native","1991","Kaehler, M.","2016","Ouro","Prata",,"Mogi Guaçu","Mogi-Guaçu, Martinho Prado, Fazenda Campininha, Reserva Biologica, Mata da Mariana, Corrego da Divisa."
"ESTAÇÃO ECOLÓGICA MOGI-GUAÇU","Angiosperms","Rhamnaceae","Gouania","latifolia","Reissek","RHAMNACEAE Gouania latifolia Reissek","100442526","splink","MO-DUPLICATES","Romaniuc Neto, S.","1178","Native","1991","Pool, A.","2012","Ouro","Prata",,"Mogi Guaçu","Mogi-Guaçu, Martinho Prado, Fazenda Campininha, Reserva Biologica. Mata da Figueira. Corrego da Divisa"
"ESTAÇÃO ECOLÓGICA MOGI-GUAÇU","Angiosperms","Fabaceae","Desmodium","subsecundum","Vogel","FABACEAE Desmodium subsecundum Vogel","248637","x","SP","Pereira, D.F.","31","Native","1991","Lima, L.C.P.","2011","Ouro","Prata",,"Mogi Guaçu","Faz. Campininha. Mata da Figueira"
"ESTAÇÃO ECOLÓGICA MOGI-GUAÇU","Angiosperms","Fabaceae","Senegalia","tenuifolia","(L.) Britton & Rose","FABACEAE Senegalia tenuifolia (L.) Britton & Rose","248627","splink","SP","Pereira, D.F.","41","Native","1991","Borges, L.M.","2009","Ouro","Prata",,"Mogi Guaçu","Fazenda Campininha, Mata da Figueira"
"ESTAÇÃO ECOLÓGICA MOGI-GUAÇU","Angiosperms","Asteraceae","Baccharis","trinervis","Pers.","ASTERACEAE Baccharis trinervis Pers.","248448","splink","SP","Romaniuc Neto, S.","1168","Native","1991","Heiden, G.","2007","Ouro","Prata",,"Mogi Guaçu","Fazenda Campininha, Martinho Prado, Mata da Mariana, cÃ³rrego da Divisa."
"ESTAÇÃO ECOLÓGICA MOGI-GUAÇU","Angiosperms","Trigoniaceae","Trigonia","nivea","(Warm.) Miguel & E.F.Guim.","TRIGONIACEAE Trigonia nivea var. candida (Warm.) Miguel & E.F.Guim.","247428","splink","SP","Godoi, J.V.","35","Native","1991","Miguel, J.R.","2007","Ouro","Prata",,"Mogi Guaçu","Fazenda Campininha, Martinho Prado. Mata da Figueira"
"ESTAÇÃO ECOLÓGICA MOGI-GUAÇU","Angiosperms","Malpighiaceae","Heteropterys","crenulata","Mart. ex Griseb.","MALPIGHIACEAE Heteropterys crenulata Mart. ex Griseb.","SP018299","splink","SP","Romaniuc Neto, S.","1191","Native","1991","Sebastiani, R.","2005","Ouro","Prata",,"Mogi Guaçu","Martinho Prado Júnior, Fazenda Campininha, Mata da Mariana, córrego da Divisa"
"ESTAÇÃO ECOLÓGICA MOGI-GUAÇU","Angiosperms","Passifloraceae","Passiflora","miersii","Mast.","PASSIFLORACEAE Passiflora miersii Mast.","247440","splink","SP","Romaniuc Neto, S.","1047","Native","1991","Bernacci, L.C.","2003","Ouro","Prata",,"Mogi Guaçu","Fazenda Campininha, Martinho Prado. Mata da Mariana"
"ESTAÇÃO ECOLÓGICA MOGI-GUAÇU","Angiosperms","Malpighiaceae","Byrsonima","laxiflora","Griseb.","MALPIGHIACEAE Byrsonima laxiflora Griseb.","SP015265","splink","SP","Romaniuc Neto, S.","1046","Native","1991","Mamede, M.C.H.","2002","Ouro","Prata",,"Mogi Guaçu","Martinho Prado Júnior, Fazenda Campininha, Mata da Mariana"
"ESTAÇÃO ECOLÓGICA MOGI-GUAÇU","Angiosperms","Bromeliaceae","Tillandsia","pohliana","Mez","BROMELIACEAE Tillandsia pohliana Mez","SP053055","splink","SP","Godoi, J.V.","167","Native","1991","Wanderley, M.G.L.","2000","Ouro","Prata",,"Mogi Guaçu","Fazenda Campininha, Mata da Figueira."
"ESTAÇÃO ECOLÓGICA MOGI-GUAÇU","Angiosperms","Verbenaceae","Verbena","litoralis","Kunth","VERBENACEAE Verbena litoralis Kunth","248602","x","SP","Pereira, D.F.","26","Native","1991","Atkins, S.","1999","Ouro","Prata",,"Mogi Guaçu","Fazenda Campininha, Mata do Portugues"
"ESTAÇÃO ECOLÓGICA MOGI-GUAÇU","Angiosperms","Melastomataceae","Miconia","collatata","Wurdack","MELASTOMATACEAE Miconia collatata Wurdack","253917","splink","SP","Zifirino, R.","19","Native","1991","Goldenberg, R.","1998","Ouro","Prata",,"Mogi Guaçu","Reserva Biológica e Estação Experimental de Mogi Guaçu, Mata da Figueira"
"ESTAÇÃO ECOLÓGICA MOGI-GUAÇU","Angiosperms","Sapindaceae","Serjania","laruotteana","Cambess.","SAPINDACEAE Serjania laruotteana Cambess.","SP047270","splink","SP","Romaniuc Neto, S.","1180","Native","1991","Somner, G.V.","1997","Ouro","Prata",,"Mogi Guaçu","Fazenda Campininha, Martinho Prado. Mata da Mariana, córrego da divisa. 7,0 m do rio."
"ESTAÇÃO ECOLÓGICA MOGI-GUAÇU","Angiosperms","Gesneriaceae","Sinningia","allagophylla","(Mart.) Wiehler","GESNERIACEAE Sinningia allagophylla (Mart.) Wiehler","UEC135284","splink","UEC","Almeida, V.P.","25672","Native","1991","Chautems, A.","1994","Ouro","Prata",,"Mogi Guaçu","Fazenda Campininha."
"ESTAÇÃO ECOLÓGICA MOGI-GUAÇU","Angiosperms","Sapindaceae","Paullinia","elegans","Cambess.","SAPINDACEAE Paullinia elegans Cambess.","SP046754","splink","SP","Pereira, D.F.","17","Native","1991","Ferrucci, M.S.","1993","Ouro","Prata",,"Mogi Guaçu","Fazenda Campininha, Mata do Português. 130 m do rio."
"ESTAÇÃO ECOLÓGICA MOGI-GUAÇU","Angiosperms","Fabaceae","Mimosa","sensitiva","L.","FABACEAE Mimosa sensitiva L.","248598","splink","SP","Pereira, B.A.S.","30","Native","1991","Lima, M.P.M.","1992","Ouro","Prata",,"Mogi Guaçu","Fazenda Campininha, Mata do Português"
"ESTAÇÃO ECOLÓGICA MOGI-GUAÇU","Angiosperms","Lauraceae","Nectandra","grandiflora","Nees & Mart","LAURACEAE Nectandra grandiflora Nees & Mart","14788","x","HRCB","Moraes, P.L.R.","s.n.","Native","1991","Baitello, J.B.","1992","Ouro","Prata",,"Mogi Guaçu","Fazenda Campininha"
"ESTAÇÃO ECOLÓGICA MOGI-GUAÇU","Angiosperms","Urticaceae","Boehmeria","nivea","(L.) Gaudich.","URTICACEAE Boehmeria nivea (L.) Gaudich.","53633","x","IAC","Capellari Junior, L.","s/nº","Native","1990","Gaglioti, A.L.","2011","Ouro","Prata",,"Mogi Guaçu","Fazenda Campininha - UNIMEP - Horto Mãe"
"ESTAÇÃO ECOLÓGICA MOGI-GUAÇU","Angiosperms","Euphorbiaceae","Actinostemon","klotzschii","(Didr.) Pax","EUPHORBIACEAE Actinostemon klotzschii (Didr.) Pax","SP0255969","splink","SP","Rossi, L.","866","Native","1989","Cordeiro, I.",,"Ouro","Prata",,"Mogi Guaçu","Fazenda Campininha, Mata da Mariana. Interior da mata ciliar."
"ESTAÇÃO ECOLÓGICA MOGI-GUAÇU","Angiosperms","Moraceae","Maclura","tinctoria","(L.) D.Don ex Steud.","MORACEAE Maclura tinctoria (L.) D.Don ex Steud.","248520","splink","SP","Romaniuc Neto, S.","1163","Native","1989","Romaniuc Neto, S.",,"Ouro","Prata",,"Mogi Guaçu","Fazenda Campininha, Martinho Prado"
"ESTAÇÃO ECOLÓGICA MOGI-GUAÇU","Angiosperms","Myrtaceae","Eugenia","astringens","Cambess.","MYRTACEAE Eugenia astringens Cambess.","SORO013772","splink","SORO","Kinoshita, L.S.","89-56","Native","1989","Mazine, F.F.","2025","Ouro","Prata",,"Mogi Guaçu","Fazenda Campininha"
"ESTAÇÃO ECOLÓGICA MOGI-GUAÇU","Angiosperms","Apocynaceae","Secondatia","densiflora","A.DC.","APOCYNACEAE Secondatia densiflora A.DC.","UEC195459","splink","UEC","Tozzi, A.M.G.A.","22095","Native","1989","Morokawa, R.","2009","Ouro","Prata",,"Mogi Guaçu","Estação Biológica de Mogi Guaçu, (faz. Campininha)"
"ESTAÇÃO ECOLÓGICA MOGI-GUAÇU","Angiosperms","Orchidaceae","Epistephium","sclerophyllum","Lindl.","ORCHIDACEAE Epistephium sclerophyllum Lindl.","UEC034790","splink","UEC","Kinoshita, L.S.","89/61","Native","1989","Pansarin, E.R.","2005","Ouro","Prata",,"Mogi Guaçu","Fazenda Campininha, Em cerrado."
"ESTAÇÃO ECOLÓGICA MOGI-GUAÇU","Angiosperms","Cannabaceae","Celtis","pubescens","Sprengel","CANNABACEAE Celtis pubescens Sprengel","34012","x","IAC","Mazzoni-Viveiros, C.S.","19","Native","1989","Luca, A.Q.","1998","Ouro","Prata",,"Mogi Guaçu","Fazenda Campininha"
"ESTAÇÃO ECOLÓGICA MOGI-GUAÇU","Angiosperms","Salicaceae","Xylosma","venosa","N.E.Br.","SALICACEAE Xylosma venosa N.E.Br.","252187","splink","SP","Rossi, L.","988","Native","1989","Torres, R.B.","1998","Ouro","Prata",,"Mogi Guaçu","Fazenda Campininha, Mata do Portugues"
"ESTAÇÃO ECOLÓGICA MOGI-GUAÇU","Angiosperms","Calophyllaceae","Kielmeyera","corymbosa","Mart. & Zucc.","CALOPHYLLACEAE Kielmeyera corymbosa Mart. & Zucc.","UEC142993","splink","UEC","Franco, A.L.M.","22489","Native","1989","Bittrich, V.","1997","Ouro","Prata",,"Mogi Guaçu","Estação Biológica de Mogi Guaçu, (faz. Campininha)"
"ESTAÇÃO ECOLÓGICA MOGI-GUAÇU","Angiosperms","Sapindaceae","Matayba","elaeagnoides","Radlk.","SAPINDACEAE Matayba elaeagnoides Radlk.","248561","splink","SP","Romaniuc Neto, S.","1132","Native","1989","Sommer, G.V.","1997","Ouro","Prata",,"Mogi Guaçu","Fazenda Campininha, Martinho Prado. Mata Mariana."
"ESTAÇÃO ECOLÓGICA MOGI-GUAÇU","Angiosperms","Euphorbiaceae","Croton","urucurana","Baill.","EUPHORBIACEAE Croton urucurana Baill.","46226","x","HAS","Mazzioni-Viveiros, S.C.","18","Native","1989","Cordeiro, I.","1990","Ouro","Prata",,"Mogi Guaçu","Fazenda Campininha, Mata do Português, aprox. 30m do rio, junto a picada, lado D"
"ESTAÇÃO ECOLÓGICA MOGI-GUAÇU","Angiosperms","Euphorbiaceae","Maprounea","guianensis","Aubl.","EUPHORBIACEAE Maprounea guianensis Aubl.","SP0248473","splink","SP","Romaniuc Neto, S.","1084","Native","1988","Cordeiro, I.",,"Ouro","Prata",,"Mogi Guaçu","Martinho Prado Júnior, Fazenda Campininha. Mata da Mariana."
"ESTAÇÃO ECOLÓGICA MOGI-GUAÇU","Angiosperms","Lauraceae","Ocotea","glaziovii","Mez","LAURACEAE Ocotea glaziovii Mez","255960","splink","SP","Rossi, L.","857","Native","1988","Baitello, J.B.",,"Ouro","Prata",,"Mogi Guaçu","Fazenda Campininha, Mata da Figueira"
"ESTAÇÃO ECOLÓGICA MOGI-GUAÇU","Angiosperms","Myrtaceae","Myrcia","multiflora","(Lam.) DC.","MYRTACEAE Myrcia multiflora (Lam.) DC.","255996","splink","SP","Rossi, L.","1198","Native","1988","Santos, M.F.","2024","Ouro","Prata",,"Mogi Guaçu","Bairro Martinho Prado, Reserva Biológica e Estação experimental de Mogi Guaçu, Mata da mariana, margem do córrego da Mariana."
"ESTAÇÃO ECOLÓGICA MOGI-GUAÇU","Angiosperms","Euphorbiaceae","Acalypha","gracilis","Spreng.","EUPHORBIACEAE Acalypha gracilis Spreng.","SP052153","splink","SP","Rossi, L.","855","Native","1988","Sousa, A.A.C.","2018","Ouro","Prata",,"Mogi Guaçu","Fazenda Campininha. Mata do Português. No interior da mata."
"ESTAÇÃO ECOLÓGICA MOGI-GUAÇU","Angiosperms","Apocynaceae","Aspidosperma","cylindrocarpon","Müll.Arg.","APOCYNACEAE Aspidosperma cylindrocarpon Müll.Arg.","UEC037376","splink","UEC","Romaniuc","1074","Native","1988","Marcondes-Ferreira, W.","2013","Ouro","Prata",,"Mogi Guaçu","Martinho Prado, Fazenda Campininha. Mata da Mariana. A6"
"ESTAÇÃO ECOLÓGICA MOGI-GUAÇU","Angiosperms","Annonaceae","Annona","sylvatica","A.St.-Hil.","ANNONACEAE Annona sylvatica A.St.-Hil.","SP007229","splink","SP","Romaniuc Neto, S.","1073","Native","1988","Mello-Silva, R.","2012","Ouro","Prata",,"Mogi Guaçu","Fazenda Campininha, Martinho Prado. Mata da Mariana"
"ESTAÇÃO ECOLÓGICA MOGI-GUAÇU","Angiosperms","Sapindaceae","Allophylus",,"L.","SAPINDACEAE Allophylus L.","255974","x","SP","Rossi, L.","1176","Native","1988","Pereira, L.A.","2012","Ouro","Prata",,"Mogi Guaçu","Fazenda Campininha, Bairro Martinho Prado, mata da Mariana.&nf;Material referente a estudo fitossociológico, indivíduo A3-9."
"ESTAÇÃO ECOLÓGICA MOGI-GUAÇU","Angiosperms","Annonaceae","Guatteria","australis","A.St.-Hil.","ANNONACEAE Guatteria australis A.St.-Hil.","SP007997","splink","SP","Romaniuc Neto, S.","1071","Native","1988","Lopes, J.C.","2010","Ouro","Prata",,"Mogi Guaçu","Martinho Prado. Fazenda Campininha"
"ESTAÇÃO ECOLÓGICA MOGI-GUAÇU","Angiosperms","Urticaceae","Urera","caracasana","(Jacq.) Griseb.","URTICACEAE Urera caracasana (Jacq.) Griseb.","248523","splink","SP","Romaniuc Neto, S.","1154","Native","1988","Gaglioti, A.L.","2010","Ouro","Prata",,"Mogi Guaçu","Fazenda Campininha, Martinho Prado. Mata do Portugues"
"ESTAÇÃO ECOLÓGICA MOGI-GUAÇU","Angiosperms","Anacardiaceae","Tapirira","obtusa","(Benth.) J.D.Mitch.","ANACARDIACEAE Tapirira obtusa (Benth.) J.D.Mitch.","248486","splink","SP","Romaniuc Neto, S.","1069","Native","1988","Pirani, J.R.","2009","Ouro","Prata",,"Mogi Guaçu","Martinho Prado, Fazenda Campininha. Mata Mariana"
"ESTAÇÃO ECOLÓGICA MOGI-GUAÇU","Angiosperms","Fabaceae","Senegalia","polyphylla","(DC.) Britton & Rose","FABACEAE Senegalia polyphylla (DC.) Britton & Rose","248487","splink","SP","Romaniuc Neto, S.","1098","Native","1988","Borges, L.M.","2009","Ouro","Prata",,"Mogi Guaçu","Fazenda Campininha, Martinho Prado"
"ESTAÇÃO ECOLÓGICA MOGI-GUAÇU","Angiosperms","Myrtaceae","Myrcia","costeira","M.F.Santos","MYRTACEAE Myrcia costeira M.F.Santos","K000565676","splink","K","Romaniuc Neto, S.","1113","Native","1988","Kawasaki, M.L.","2009","Ouro","Prata",,"Mogi Guaçu","Martinho Prado, Fazenda Campininha"
"ESTAÇÃO ECOLÓGICA MOGI-GUAÇU","Angiosperms","Malpighiaceae","Carolus","chlorocarpus","(A.Juss.) W.R.Anderson","MALPIGHIACEAE Carolus chlorocarpus (A.Juss.) W.R.Anderson","SP017222","splink","SP","Romaniuc Neto, S.","1105","Native","1988","Mamede, M.C.H.","2006","Ouro","Prata",,"Mogi Guaçu","Martinho Prado Júnior, Fazenda Campininha. Mata da Mariana"
"ESTAÇÃO ECOLÓGICA MOGI-GUAÇU","Angiosperms","Lauraceae","Ocotea","aciphylla","(Nees & Mart.) Mez","LAURACEAE Ocotea aciphylla (Nees & Mart.) Mez","255964","splink","SP","Rossi, L.","861","Native","1988","Baitello, J.B.","2003","Ouro","Prata",,"Mogi Guaçu","Fazenda Campininha, mata da Mariana"
"ESTAÇÃO ECOLÓGICA MOGI-GUAÇU","Angiosperms","Lauraceae","Persea","willdenovii","Kosterm.","LAURACEAE Persea willdenovii Kosterm.","255962","splink","SP","Rossi, L.","859","Native","1988","Baitello, J.B.","2003","Ouro","Prata",,"Mogi Guaçu","Fazenda Campininha, Mata da Mariana"
"ESTAÇÃO ECOLÓGICA MOGI-GUAÇU","Angiosperms","Malvaceae","Luehea","divaricata","Mart.","MALVACEAE Luehea divaricata Mart.","SP0252197","splink","SP","Rossi, L.","998","Native","1988","Souza, B.M.","2002","Ouro","Prata",,"Mogi Guaçu","Fazenda Campininha, Mata da Figueira"
"ESTAÇÃO ECOLÓGICA MOGI-GUAÇU","Angiosperms","Annonaceae","Duguetia","lanceolata","A.St.-Hil.","ANNONACEAE Duguetia lanceolata A.St.-Hil.","SP007859","splink","SP","Assad-Ludewigs, I.Y.","s.n.","Native","1988","Mello-Silva, R.","2001","Ouro","Prata",,"Mogi Guaçu","Fazenda Campininha, área cerrado"
"ESTAÇÃO ECOLÓGICA MOGI-GUAÇU","Angiosperms","Rubiaceae","Ixora","brevifolia","Benth.","RUBIACEAE Ixora brevifolia Benth.","SP0255993","splink","SP","Rossi, L.","1195","Native","1988","Delprete, P.G.","2001","Ouro","Prata",,"Mogi Guaçu","Fazenda Campininha, Martinho Prado, mata da Mariana, margem do córrego da Mariana"
"ESTAÇÃO ECOLÓGICA MOGI-GUAÇU","Angiosperms","Melastomataceae","Miconia","tristis","Spring","MELASTOMATACEAE Miconia tristis Spring","248547","splink","SP","Romaniuc Neto, S.","1101","Native","1988","Goldenberg, R.","1998","Ouro","Prata",,"Mogi Guaçu","Martinho Prado Júnior, Fazenda Campininha. Mata da Mariana"
"ESTAÇÃO ECOLÓGICA MOGI-GUAÇU","Angiosperms","Myrtaceae","Eugenia","dodonaeifolia","Cambess.","MYRTACEAE Eugenia dodonaeifolia Cambess.","SP024309","splink","SP","Romaniuc Neto, S.","1120","Native","1988","Kawasaki, M.L.","1998","Ouro","Prata",,"Mogi Guaçu","Martinho Prado, Fazenda Campininha."
"ESTAÇÃO ECOLÓGICA MOGI-GUAÇU","Angiosperms","Primulaceae","Myrsine","umbellata","Mart.","PRIMULACEAE Myrsine umbellata Mart.","255991","splink","SP","Rossi, L.","1193","Native","1988","Freitas, M.F.","1998","Ouro","Prata",,"Mogi Guaçu","Fazenda Campininha, Martinho Prado, Mata da Mariana, margem do córrego da Mariana"
"ESTAÇÃO ECOLÓGICA MOGI-GUAÇU","Angiosperms","Rubiaceae","Faramea","latifolia","(Cham. & Schltdl.) DC.","RUBIACEAE Faramea latifolia (Cham. & Schltdl.) DC.","255977","x","SP","Rossi, L.","1179","Native","1988","Gomes, M.","1997","Ouro","Prata",,"Mogi Guaçu","Fazenda Campininha, Bairro de Martinho Prado, mata da Mariana, margem do córrego da Mariana"
"ESTAÇÃO ECOLÓGICA MOGI-GUAÇU","Angiosperms","Salicaceae","Casearia","decandra","Jacq.","SALICACEAE Casearia decandra Jacq.","248476","splink","SP","Romaniuc Neto, S.","1086","Native","1988","Torres, R.B.","1997","Ouro","Prata",,"Mogi Guaçu","Fazenda Campininha, Martinho Prado, Mata da Mariana"
"ESTAÇÃO ECOLÓGICA MOGI-GUAÇU","Ferns and Lycophytes","Amaranthaceae","Pfaffia","glomerata","(Spreng.) Pedersen","AMARANTHACEAE Pfaffia glomerata (Spreng.) Pedersen","248483","splink","SP","Romaniuc Neto, S.","1067","Native","1988","Siqueira, J.C.","1996","Ouro","Prata",,"Mogi Guaçu","Fazenda Campininha, Martinho Prado. Mata do Português"
"ESTAÇÃO ECOLÓGICA MOGI-GUAÇU","Angiosperms","Malpighiaceae","Banisteriopsis","nummifera","(A.Juss.) B.Gates","MALPIGHIACEAE Banisteriopsis nummifera (A.Juss.) B.Gates","SP013284","splink","SP","Romaniuc Neto, S.","1104","Native","1988","Mamede, M.C.H.","1992","Ouro","Prata",,"Mogi Guaçu","Martinho Prado Júnior, Fazenda Campininha, Mata da Figueira"
"ESTAÇÃO ECOLÓGICA MOGI-GUAÇU","Angiosperms","Myrtaceae","Eugenia","florida","DC.","MYRTACEAE Eugenia florida DC.","SP026967","splink","SP","Romaniuc Neto, S.","1122","Native","1988","Sobral, M.","1992","Ouro","Prata",,"Mogi Guaçu","Martinho Prado Júnior, Fazenda Campininha."
"ESTAÇÃO ECOLÓGICA MOGI-GUAÇU","Angiosperms","Malvaceae","Pavonia",,"Cav.","MALVACEAE Pavonia Cav.","48599","splink","UEC","Bernacci, L.C.","20207","Native","1988","Esteves, G.L.","1990","Ouro","Prata",,"Mogi Guaçu","Estação Biológica de Mogi Guaçu, (faz. Campininha)"
"ESTAÇÃO ECOLÓGICA MOGI-GUAÇU","Angiosperms","Moraceae","Brosimum","rubescens","Taub.","MORACEAE Brosimum rubescens Taub.","248554","splink","SP","Romaniuc Neto, S.","1128","Native","1988","Romaniuc Neto, S.","1988","Ouro","Prata",,"Mogi Guaçu","Fazenda Campininha, Martinho Prado. Mata da Mariana"
"ESTAÇÃO ECOLÓGICA MOGI-GUAÇU","Angiosperms","Orchidaceae","Oeceoclades","maculata","(Lindl.) Lindl.","ORCHIDACEAE Oeceoclades maculata (Lindl.) Lindl.","SP0252191","splink","SP","Rossi, L.","992","Native","1988","Barros, F.","1988","Ouro","Prata",,"Mogi Guaçu","Fazenda Campininha, Mata do Portugues"
"ESTAÇÃO ECOLÓGICA MOGI-GUAÇU","Angiosperms","Euphorbiaceae","Alchornea","triplinervia","(Spreng.) Müll.Arg.","EUPHORBIACEAE Alchornea triplinervia (Spreng.) Müll.Arg.","UEC134862","splink","UEC","Ludewigs, I.Y.A.","s.n.","Native","1987","Cordeiro, I.",,"Ouro","Prata",,"Mogi Guaçu","Martinho Prado, Fazenda Campininha"
"ESTAÇÃO ECOLÓGICA MOGI-GUAÇU","Angiosperms","Cyperaceae","Eleocharis","radicans","(Poir.) Kunth","CYPERACEAE Eleocharis radicans (Poir.) Kunth","248510","splink","SP","Ludewigs, I.Y.A.","34","Native","1987","Trevisan, R.","2009","Ouro","Prata",,"Mogi Guaçu","Fazenda Campininha, Martinho Prado, mata do Português"
"ESTAÇÃO ECOLÓGICA MOGI-GUAÇU","Angiosperms","Cyperaceae","Cyperus","unicolor","Boeckeler","CYPERACEAE Cyperus unicolor Boeckeler","248507","splink","SP","Ludewigs, I.Y.A.","32A","Native","1987","Tucker, G.C.","2007","Ouro","Prata",,"Mogi Guaçu","Fazenda Campininha, Martinho Prado"
"ESTAÇÃO ECOLÓGICA MOGI-GUAÇU","Angiosperms","Cyperaceae","Cyperus","virens","Michx.","CYPERACEAE Cyperus virens Michx.","248509","splink","SP","Ludewigs, I.Y.A.","33","Native","1987","Tucker, G.C.","2007","Ouro","Prata",,"Mogi Guaçu","Fazenda Campininha, Martinho Prado"
"ESTAÇÃO ECOLÓGICA MOGI-GUAÇU","Angiosperms","Acanthaceae","Ruellia","angustiflora","(Nees) Lindau ex Rambo","ACANTHACEAE Ruellia angustiflora (Nees) Lindau ex Rambo","SP030196","splink","SP","Toledo, C.B.","1","Native","1987","Kameyama, C.","1999","Ouro","Prata",,"Mogi Guaçu","Martinho Prado, Fazenda Campininha"
"ESTAÇÃO ECOLÓGICA MOGI-GUAÇU","Angiosperms","Apocynaceae","Mandevilla","pohliana","(Stadelm.) A.H.Gentry","APOCYNACEAE Mandevilla pohliana (Stadelm.) A.H.Gentry","UEC177401","splink","UEC","Taroda, N.","18293","Native","1986","Simoes, A.O.","2004","Ouro","Prata",,"Mogi Guaçu","Estação Biológica de Mogi Guaçu, (faz. Campininha)"
"ESTAÇÃO ECOLÓGICA MOGI-GUAÇU","Angiosperms","Fabaceae","Dalbergia","miscolobium","Benth.","FABACEAE Dalbergia miscolobium Benth.","76951","splink","CEPEC","Cordeiro, L.","51","Native","1985","Carvalho, A.M.",,"Ouro","Prata",,"Mogi Guaçu","Instituto Florestal de Mogi Guacu, Faz. Campininha."
"ESTAÇÃO ECOLÓGICA MOGI-GUAÇU","Angiosperms","Fabaceae","Dalbergia","nigra","(Vell.) Allemão ex Benth.","FABACEAE Dalbergia nigra (Vell.) Allemão ex Benth.","76948","splink","CEPEC","Cordeiro, L.","36","Native","1985","Carvalho, A.M.",,"Ouro","Prata",,"Mogi Guaçu","Arboreto. Fazenda Campininha."
"ESTAÇÃO ECOLÓGICA MOGI-GUAÇU","Angiosperms","Lamiaceae","Medusantha",,"Harley & J.F.B.Pastore","LAMIACEAE Medusantha Harley & J.F.B.Pastore","SP0202183","splink","SP","Cerati, T.M.","135","Native","1985","Antar, G.M.","2017","Ouro","Prata",,"Mogi Guaçu","Fazenda Campininha, Martinho Prado"
"ESTAÇÃO ECOLÓGICA MOGI-GUAÇU","Angiosperms","Fabaceae","Senna","macranthera","(DC. ex Collad.) H.S.Irwin & Barneby","FABACEAE Senna macranthera (DC. ex Collad.) H.S.Irwin & Barneby","202172","splink","SP","Cerati, T.M.","145","Native","1985","Silva, R.R.","2005","Ouro","Prata",,"Mogi Guaçu","Estação Experimental de Mogi Guaçu, Martinho Prado, Fazenda Campininha"
"ESTAÇÃO ECOLÓGICA MOGI-GUAÇU","Angiosperms","Lamiaceae","Hyptis","marrubioides","Epling","LAMIACEAE Hyptis marrubioides Epling","SP0202187","splink","SP","Cerati, T.M.","129","Native","1985","Harley, R.M.","2000","Ouro","Prata",,"Mogi Guaçu","Fazenda Campininha, Martinho Prado"
"ESTAÇÃO ECOLÓGICA MOGI-GUAÇU","Angiosperms","Symplocaceae","Symplocos","celastrinea","Mart.","SYMPLOCACEAE Symplocos celastrinea Mart.","UPCB0101831","splink","UPCB","Giulietti, A.M.","1012","Native","1985","Bida, A.","1996","Ouro","Prata",,"Mogi Guaçu","Fazenda Campininha."
"ESTAÇÃO ECOLÓGICA MOGI-GUAÇU","Angiosperms","Acanthaceae","Dicliptera",,"Juss.","ACANTHACEAE Dicliptera Juss.","UEC079158","splink","UEC","Webster, G.L.","25171","Native","1984","Kameyama, C.",,"Ouro","Prata",,"Mogi Guaçu","Fazenda Campininha, Riparian forest along Rio Moji-Guaçu."
"ESTAÇÃO ECOLÓGICA MOGI-GUAÇU","Angiosperms","Bignoniaceae","Cuspidaria","pulchella","(Cham.) K.Schum.","BIGNONIACEAE Cuspidaria pulchella (Cham.) K.Schum.","176042","x","SPF","Kirizawa, M.","1313","Native","1984","Lohmann, L.G.","2014","Ouro","Prata",,"Mogi Guaçu","Fazenda Campininha"
"ESTAÇÃO ECOLÓGICA MOGI-GUAÇU","Angiosperms","Lamiaceae","Hypenia","reticulata","(Mart. ex Benth.) Harley","LAMIACEAE Hypenia reticulata (Mart. ex Benth.) Harley","SP0195228","splink","SP","Kirizawa, M.","1143","Native","1984","Harley, R.M.","2004","Ouro","Prata",,"Mogi Guaçu","Fazenda Campininha, Vila Pádua Sales"
"ESTAÇÃO ECOLÓGICA MOGI-GUAÇU","Angiosperms","Apocynaceae","Matelea","orthosioides","(E.Fourn.) Fontella","APOCYNACEAE Matelea orthosioides (E.Fourn.) Fontella","UEC040528","splink","UEC","Webster, G.L.","25173","Native","1984","Pereira, J.F.","1999","Ouro","Prata",,"Mogi Guaçu","Fazenda Campininha"
"ESTAÇÃO ECOLÓGICA MOGI-GUAÇU","Angiosperms","Erythroxylaceae","Erythroxylum","campestre","A.St.-Hil.","ERYTHROXYLACEAE Erythroxylum campestre A.St.-Hil.","199302","splink","SP","Kirizawa, M.","1312","Native","1984","Jr, A.A.","1997","Ouro","Prata",,"Mogi Guaçu","Fazenda Campininha"
"ESTAÇÃO ECOLÓGICA MOGI-GUAÇU","Angiosperms","Fabaceae","Clitoria","guianensis","(Aubl.) Benth.","FABACEAE Clitoria guianensis var. guianensis (Aubl.) Benth.","SP026332","splink","SP","Sugiyama, M.","435","Native","1984","Queiroz, L.P.","1997","Ouro","Prata",,"Mogi Guaçu","Martinho Prado, Fazenda Campininha. Estação Experimental de Mogi Guaçu"
"ESTAÇÃO ECOLÓGICA MOGI-GUAÇU","Angiosperms","Santalaceae","Phoradendron","crassifolium","(Pohl ex DC.) Eichler","SANTALACEAE Phoradendron crassifolium (Pohl ex DC.) Eichler","200066","splink","SP","Sugiyama, M.","439","Native","1984","Kuijt, J.","1996","Ouro","Prata",,"Mogi Guaçu","Fazenda Campininha, Martinho Prado"
"ESTAÇÃO ECOLÓGICA MOGI-GUAÇU","Angiosperms","Erythroxylaceae","Erythroxylum","pelleterianum","A.St.-Hil.","ERYTHROXYLACEAE Erythroxylum pelleterianum A.St.-Hil.","UPCB00084991","x","UPCB","Mantovani, W.","1883","Naturalized","1984","Mendonca, J.O.","1995","Ouro","Prata",,"Mogi Guaçu","Fazenda Campininha, Padua-Sales."
"ESTAÇÃO ECOLÓGICA MOGI-GUAÇU","Angiosperms","Arecaceae","Euterpe","edulis","Mart.","ARECACEAE Euterpe edulis Mart.","202895c","splink","SP","Aguiar, F.F.A.","s.n.","Native","1984","Henderson, A.","1992","Ouro","Prata",,"Mogi Guaçu","Fazenda Campininha, Baixadas próximas dos córregos sob bosque ou cerradão ou mata"
"ESTAÇÃO ECOLÓGICA MOGI-GUAÇU","Angiosperms","Cyperaceae","Bulbostylis","fendleri","C.B.Clarke","CYPERACEAE Bulbostylis fendleri C.B.Clarke","200574","splink","SP","Klink, C.","53","Native","1983","Prata, A.P.","2001","Ouro","Prata",,"Mogi Guaçu","Fazenda Campininha"
"ESTAÇÃO ECOLÓGICA MOGI-GUAÇU","Angiosperms","Poaceae","Digitaria","insularis","(L.) Fedde","POACEAE Digitaria insularis (L.) Fedde","IBGE00011972","splink","IBGE","Klink, C.A.","46","Native","1983","Canto-Dorow, T.S.","2001","Ouro","Prata",,"Mogi Guaçu","Fazenda Campininha/Estação Experimental de Mogi-Guaçu. Coordenada calculada."
"ESTAÇÃO ECOLÓGICA MOGI-GUAÇU","Angiosperms","Erythroxylaceae","Erythroxylum","tortuosum","Mart.","ERYTHROXYLACEAE Erythroxylum tortuosum Mart.","MO1060764","x","MO","Eiten, G.","5061","Native","1983","Plowman, T.","1983","Ouro","Prata",,"Mogi Guaçu","Municipio de Moji-Guacu; """"Campos das Sete Lagóas"""". Fazenda Campininha, just north of Rio Moji-Guascu 4.5 km. NNW of Padua Sales.( About 27 km. NW of city of MOJI-MIRIM). Genreal vegetation; campo cerrado ( a type of scrubby woodland originally) on upland, or very rarely forest. Open marsh or dense secondary forest (""""Mata"""") along the streams. Habitat: Open marshy ground at head of brook, densely grassy, transitional to cutover cerrado."
"ESTAÇÃO ECOLÓGICA MOGI-GUAÇU","Angiosperms","Amaranthaceae","Pfaffia","tuberosa","(Spreng.) Hicken","AMARANTHACEAE Pfaffia tuberosa (Spreng.) Hicken","UEC080231","splink","UEC","Leitao Filho, H.F.","13480","Native","1982","Siqueira, J.C.",,"Ouro","Prata",,"Mogi Guaçu","Estação Biológica de Mogi Guaçu, (faz. Campininha)"
"ESTAÇÃO ECOLÓGICA MOGI-GUAÇU","Angiosperms","Melastomataceae","Miconia","cinerascens","Miq.","MELASTOMATACEAE Miconia cinerascens var. cinerascens Miq.","UEC083716","splink","UEC","Martins, F.R.","14319","Native","1982","Caddah, M.K.","2012","Ouro","Prata",,"Mogi Guaçu","Estação Biológica de Mogi Guaçu, (faz. Campininha)"
"ESTAÇÃO ECOLÓGICA MOGI-GUAÇU","Angiosperms","Fabaceae","Crotalaria","martiana","(Windler & S.G.Skinner) Planchuelo","FABACEAE Crotalaria martiana subsp. mohlenbrockii (Windler & S.G.Skinner) Planchuelo","SP026458","splink","SP","Lopes, A.B.","s.n.","Native","1982","Flores, A.S.","2005","Ouro","Prata",,"Mogi Guaçu","Fazenda Campininha"
"ESTAÇÃO ECOLÓGICA MOGI-GUAÇU","Angiosperms","Asteraceae","Chromolaena","maximiliani","(Schrad. ex DC.) R.M.King & H.Rob.","ASTERACEAE Chromolaena maximiliani (Schrad. ex DC.) R.M.King & H.Rob.","UEC124455","splink","UEC","Morais, H.C.","13485","Native","1982","Esteves, R.L.","2002","Ouro","Prata",,"Mogi Guaçu","Faz. Campininha."
"ESTAÇÃO ECOLÓGICA MOGI-GUAÇU","Angiosperms","Asteraceae","Chromolaena","squalida","(DC.) R.M.King & H.Rob.","ASTERACEAE Chromolaena squalida (DC.) R.M.King & H.Rob.","UEC124802","splink","UEC","Morais, H.C.","13487","Native","1982","Esteves, R.L.","2002","Ouro","Prata",,"Mogi Guaçu","Faz. Campininha."
"ESTAÇÃO ECOLÓGICA MOGI-GUAÇU","Angiosperms","Fabaceae","Eriosema","campestre","Benth.","FABACEAE Eriosema campestre var. campestre Benth.","168479","splink","SP","Sugiyama, M.","28","Native","1982","Flores, A.S.","1997","Ouro","Prata",,"Mogi Guaçu","Fazenda Campininha, Bairro Martinho Prado"
"ESTAÇÃO ECOLÓGICA MOGI-GUAÇU","Angiosperms","Poaceae","Eragrostis","solida","Nees","POACEAE Eragrostis solida Nees","175576","splink","SP","Mantovani, W.","1878","Native","1982","Boechat, S.C.","1995","Ouro","Prata",,"Mogi Guaçu","Fazenda Campininha, Martinho Prado."
"ESTAÇÃO ECOLÓGICA MOGI-GUAÇU","Angiosperms","Orchidaceae","Campylocentrum",,"Benth.","ORCHIDACEAE Campylocentrum Benth.","SP0226478","splink","SP","Barros, F.","609","Native","1981",,,"Ouro","Prata",,"Mogi Guaçu","Fazenda Campininha"
"ESTAÇÃO ECOLÓGICA MOGI-GUAÇU","Angiosperms","Convolvulaceae","Distimake","maragniensis","(Choisy) Petrongari & Sim.-Bianch.","CONVOLVULACEAE Distimake maragniensis (Choisy) Petrongari & Sim.-Bianch.","168943","splink","SP","Mantovani, W.","1754","Native","1981","Petrongari, F.S.","2021","Ouro","Prata",,"Mogi Guaçu","Fazenda Campininha, Martinho Prado"
"ESTAÇÃO ECOLÓGICA MOGI-GUAÇU","Angiosperms","Rubiaceae","Borreria","tenella","(Kunth) Cham. & Schltdl.","RUBIACEAE Borreria tenella (Kunth) Cham. & Schltdl.","SP0168499","splink","SP","Sugiyama, M.","5","Native","1981","Sobrado, S.V.","2014","Ouro","Prata",,"Mogi Guaçu","Fazenda Campininha, Martinho Prado"
"ESTAÇÃO ECOLÓGICA MOGI-GUAÇU","Angiosperms","Verbenaceae","Lantana","fucata","Lindl.","VERBENACEAE Lantana fucata Lindl.","168632","splink","SP","Mantovani, W.","1543","Native","1981","Silva, T.R.S.","2013","Ouro","Prata",,"Mogi Guaçu","Fazenda Campininha, Martinho Prado"
"ESTAÇÃO ECOLÓGICA MOGI-GUAÇU","Angiosperms","Asteraceae","Baccharis","brevifolia","DC.","ASTERACEAE Baccharis brevifolia DC.","168821","x","SP","Mantovani, W.","1730","Native","1981","Heiden, G.","2011","Ouro","Prata",,"Mogi Guaçu","Fazenda Campininha, Martinho Prado."
"ESTAÇÃO ECOLÓGICA MOGI-GUAÇU","Angiosperms","Asteraceae","Baccharis","crispa","Spreng.","ASTERACEAE Baccharis crispa Spreng.","169535","splink","SP","Mantovani, W.","1802","Native","1981","Heiden, G.","2011","Ouro","Prata",,"Mogi Guaçu","Fazenda Campininha, Martinho Prado."
"ESTAÇÃO ECOLÓGICA MOGI-GUAÇU","Angiosperms","Asteraceae","Baccharis","subdentata","DC.","ASTERACEAE Baccharis subdentata DC.","169424","splink","SP","Mantovani, W.","1871","Native","1981","Heiden, G.","2011","Ouro","Prata",,"Mogi Guaçu","Fazenda Campininha, Martinho Prado."
"ESTAÇÃO ECOLÓGICA MOGI-GUAÇU","Angiosperms","Bignoniaceae","Zeyheria","montana","Mart.","BIGNONIACEAE Zeyheria montana Mart.","168816","splink","SP","Mantovani, W.","1726","Native","1981","Santo, F.S.E.","2011","Ouro","Prata",,"Mogi Guaçu","Fazenda Campininha, Matinho Prado,"
"ESTAÇÃO ECOLÓGICA MOGI-GUAÇU","Angiosperms","Asteraceae","Chaptalia","integerrima","(Vell.) Burkart","ASTERACEAE Chaptalia integerrima (Vell.) Burkart","168716","splink","SP","Mantovani, W.","1695","Native","1981","Monge, M.","2010","Ouro","Prata",,"Mogi Guaçu","Fazenda Campininha, Martinho Prado"
"ESTAÇÃO ECOLÓGICA MOGI-GUAÇU","Angiosperms","Polygalaceae","Bredemeyera",,"Willd.","POLYGALACEAE Bredemeyera Willd.","169451","splink","SP","Mantovani, W.","1841","Native","1981","Miranda, E.B.","2010","Ouro","Prata",,"Mogi Guaçu","Fazenda Campininha, Martinho Prado"
"ESTAÇÃO ECOLÓGICA MOGI-GUAÇU","Angiosperms","Rubiaceae","Borreria","runkii","K.Schum.","RUBIACEAE Borreria runkii K.Schum.","SP0169526","splink","SP","Sugiyama, M.","167","Native","1981","Bacigalupo, N.M.","2007","Ouro","Prata",,"Mogi Guaçu","Fazenda Campininha, Matinho Prado"
"ESTAÇÃO ECOLÓGICA MOGI-GUAÇU","Angiosperms","Rubiaceae","Galium","noxium","(A.St.-Hil.) Dempster","RUBIACEAE Galium noxium subsp. noxium (A.St.-Hil.) Dempster","SP0168894","splink","SP","Oliveira, C.M.","16","Native","1981","Gomes, M.","2007","Ouro","Prata",,"Mogi Guaçu","Fazenda Campininha, Martinho Prado"
"ESTAÇÃO ECOLÓGICA MOGI-GUAÇU","Angiosperms","Apocynaceae","Mandevilla","petraea","(A.St.-Hil.) Pichon","APOCYNACEAE Mandevilla petraea (A.St.-Hil.) Pichon","98638","splink","UEC","Sugiyama, M.","209","Native","1981","Simoes, A.O.","2004","Ouro","Prata",,"Mogi Guaçu","Estação Biológica de Mogi Guaçu, (faz. Campininha)"
"ESTAÇÃO ECOLÓGICA MOGI-GUAÇU","Angiosperms","Calophyllaceae","Kielmeyera","rubriflora","Cambess.","CALOPHYLLACEAE Kielmeyera rubriflora Cambess.","168836","splink","SP","Oliveira, C.M.","111","Native","1981","Bittrich, V.","2003","Ouro","Prata",,"Mogi Guaçu","Fazenda Campininha, Martinho Prado"
"ESTAÇÃO ECOLÓGICA MOGI-GUAÇU","Angiosperms","Fabaceae","Chamaecrista","flexuosa","(L.) Greene","FABACEAE Chamaecrista flexuosa var. flexuosa (L.) Greene","168627","splink","SP","Mantovani, W.","1545","Native","1981","Conceicao, A.S.","2003","Ouro","Prata",,"Mogi Guaçu","Estação Experimental de Mogi Guaçu, Martinho Prado, Fazenda Campininha"
"ESTAÇÃO ECOLÓGICA MOGI-GUAÇU","Angiosperms","Amaranthaceae","Alternanthera","brasiliana","(L.) Kuntze","AMARANTHACEAE Alternanthera brasiliana var. brasiliana (L.) Kuntze","168904","splink","SP","Oliveira, C.M.","55","Native","1981","Siqueira, J.C.","2002","Ouro","Prata",,"Mogi Guaçu","Fazenda Campininha"
"ESTAÇÃO ECOLÓGICA MOGI-GUAÇU","Angiosperms","Lythraceae","Cuphea","repens","Koehne","LYTHRACEAE Cuphea repens Koehne","168823","splink","SP","Mantovani, W.","1738","Native","1981","Cavalcanti, T.B.","2002","Ouro","Prata",,"Mogi Guaçu","Fazenda Campininha, Martinho Prado"
"ESTAÇÃO ECOLÓGICA MOGI-GUAÇU","Angiosperms","Vitaceae","Cissus","campestris","(Baker) Planch.","VITACEAE Cissus campestris (Baker) Planch.","168511","splink","SP","Mantovani, W.","1603","Native","1981","Lombardi, J.A.","2002","Ouro","Prata",,"Mogi Guaçu","Fazenda Campininha, Martinho Prado"
"ESTAÇÃO ECOLÓGICA MOGI-GUAÇU","Angiosperms","Asteraceae","Chromolaena","leucocephala","Gardner","ASTERACEAE Chromolaena leucocephala Gardner","169470","splink","SP","Sugiyama, M.","142","Native","1981","Esteves, R.L.","2001","Ouro","Prata",,"Mogi Guaçu","Fazenda Campininha, Martinho Prado"
"ESTAÇÃO ECOLÓGICA MOGI-GUAÇU","Angiosperms","Asteraceae","Grazielia","intermedia","(DC.) R.M.King & H.Rob.","ASTERACEAE Grazielia intermedia (DC.) R.M.King & H.Rob.","168965","splink","SP","Mantovani, W.","1764","Native","1981","Esteves, R.L.","2001","Ouro","Prata",,"Mogi Guaçu","Fazenda Campininha, Martinho Prado"
"ESTAÇÃO ECOLÓGICA MOGI-GUAÇU","Angiosperms","Verbenaceae","Stachytarpheta","cayennensis","(Rich.) Vahl","VERBENACEAE Stachytarpheta cayennensis (Rich.) Vahl","168644","splink","SP","Mantovani, W.","1528","Native","1981","Atkins, S.","2001","Ouro","Prata",,"Mogi Guaçu","Fazenda Campininha, Martinho Prado"
"ESTAÇÃO ECOLÓGICA MOGI-GUAÇU","Angiosperms","Asteraceae","Stevia","crenulata","Baker","ASTERACEAE Stevia crenulata Baker","169553","x","SP","Mantovani, W.","1811","Native","1981","Nakajima, J.N.","2000","Ouro","Prata",,"Mogi Guaçu","Fazenda Campininha, Martinho Prado"
"ESTAÇÃO ECOLÓGICA MOGI-GUAÇU","Angiosperms","Cyperaceae","Bulbostylis","consanguinea","(Kunth) C.B.Clarke","CYPERACEAE Bulbostylis consanguinea (Kunth) C.B.Clarke","168550","splink","SP","Mantovani, W.","1616","Native","1981","Prata, A.P.","2000","Ouro","Prata",,"Mogi Guaçu","Fazenda Campininha, Martinho Prado"
"ESTAÇÃO ECOLÓGICA MOGI-GUAÇU","Angiosperms","Malvaceae","Sida","martiana","A.St.-Hil.","MALVACEAE Sida martiana A.St.-Hil.","169444","splink","SP","Mantovani, W.","1845","Native","1981","Esteves, G.L.","2000","Ouro","Prata",,"Mogi Guaçu","Fazenda Campininha, Martinho Prado"
"ESTAÇÃO ECOLÓGICA MOGI-GUAÇU","Angiosperms","Malvaceae","Sida","linearifolia","A.St.-Hil.","MALVACEAE Sida linearifolia A.St.-Hil.","168495","x","SP","Sugiyama, M.","45","Native","1981","Esteves, G.L.","1999","Ouro","Prata",,"Mogi Guaçu","Fazenda Campininha, Martinho Prado"
"ESTAÇÃO ECOLÓGICA MOGI-GUAÇU","Angiosperms","Fabaceae","Chamaecrista","desvauxii","(Amshoff) H.S.Irwin & Barneby","FABACEAE Chamaecrista desvauxii var. saxatilis (Amshoff) H.S.Irwin & Barneby","SP024427","splink","SP","Sugiyama, M.","30","Native","1981","Scalon, V.R.","1998","Ouro","Prata",,"Mogi Guaçu","Estação Experimental de Mogi Guaçu, Martinho Prado, Fazenda Campininha"
"ESTAÇÃO ECOLÓGICA MOGI-GUAÇU","Angiosperms","Orchidaceae","Habenaria","coxipoensis","Hoehne","ORCHIDACEAE Habenaria coxipoensis Hoehne","SP0168994","splink","SP","Oliveira, C.M.","99","Native","1981","Batista, J.A.N.","1998","Ouro","Prata",,"Mogi Guaçu","Fazenda Campininha, Martinho Prado"
"ESTAÇÃO ECOLÓGICA MOGI-GUAÇU","Angiosperms","Apocynaceae","Mandevilla","emarginata","(Vell.) C.Ezcurra","APOCYNACEAE Mandevilla emarginata (Vell.) C.Ezcurra","168906","splink","SP","Oliveira, C.M.","35","Native","1981","Sales, M.F.","1997","Ouro","Prata",,"Mogi Guaçu","Fazenda Campininha, Martinho Prado, Reserva Biológica"
"ESTAÇÃO ECOLÓGICA MOGI-GUAÇU","Angiosperms","Apocynaceae","Mesechites","mansoanus","(A.DC.) Woodson","APOCYNACEAE Mesechites mansoanus (A.DC.) Woodson","UEC195451","splink","UEC","Cytrynowicz, M.","12227","Native","1981","Simoes, A.O.","1997","Ouro","Prata",,"Mogi Guaçu","Faz. Campininha. Cerrado"
"ESTAÇÃO ECOLÓGICA MOGI-GUAÇU","Angiosperms","Asteraceae","Conyza","bonariensis","(L.) Cronquist","ASTERACEAE Conyza bonariensis (L.) Cronquist","168526","splink","SP","Sugiyama, M.","38","Native","1981","Hind, D.J.N.","1997","Ouro","Prata",,"Mogi Guaçu","Fazenda Campininha, Martinho Prado"
"ESTAÇÃO ECOLÓGICA MOGI-GUAÇU","Angiosperms","Asteraceae","Senecio","pohlii","Sch.Bip. ex Baker","ASTERACEAE Senecio pohlii Sch.Bip. ex Baker","168599","splink","SP","Mantovani, W.","1558","Native","1981","Hind, D.J.N.","1997","Ouro","Prata",,"Mogi Guaçu","Fazenda Campininha, Martinho Prado"
"ESTAÇÃO ECOLÓGICA MOGI-GUAÇU","Angiosperms","Erythroxylaceae","Erythroxylum","cuneifolium","(Mart.) O.E.Schulz","ERYTHROXYLACEAE Erythroxylum cuneifolium (Mart.) O.E.Schulz","168548","x","SP","Sugiyama, M.","55","Naturalized","1981","Jr, A.A.","1997","Ouro","Prata",,"Mogi Guaçu","Fazenda Campininha, Martinho Prado"
"ESTAÇÃO ECOLÓGICA MOGI-GUAÇU","Angiosperms","Malvaceae","Peltaea","edouardii","(Hochr.) Krapov. & Cristóbal","MALVACEAE Peltaea edouardii (Hochr.) Krapov. & Cristóbal","SP0168496","splink","SP","Sugiyama, M.","35","Native","1981","Esteves, G.L.","1997","Ouro","Prata",,"Mogi Guaçu","Fazenda Campininha, Martinho Prado"
"ESTAÇÃO ECOLÓGICA MOGI-GUAÇU","Angiosperms","Poaceae","Eragrostis","polytricha","Nees","POACEAE Eragrostis polytricha Nees","SP044213","splink","SP","Mantovani, W.","1598","Native","1981","Boechat, S.C.","1997","Ouro","Prata",,"Mogi Guaçu","Fazenda Campininha, Martinho Prado."
"ESTAÇÃO ECOLÓGICA MOGI-GUAÇU","Angiosperms","Verbenaceae","Stachytarpheta","gesnerioides","Cham.","VERBENACEAE Stachytarpheta gesnerioides Cham.","24949","splink","UEC","Leitao Filho, H.F.","12300","Native","1981","Atkins, S.","1997","Ouro","Prata",,"Mogi Guaçu","Fazenda Campininha"
"ESTAÇÃO ECOLÓGICA MOGI-GUAÇU","Angiosperms","Solanaceae","Solanum","viarum","Dunal","SOLANACEAE Solanum viarum Dunal","SP117432","splink","SP","Mantovani, W.","1732","Native","1981","Semir, J.","1996","Ouro","Prata",,"Mogi Guaçu","Fazenda Campininha, Martinho Prado"
"ESTAÇÃO ECOLÓGICA MOGI-GUAÇU","Angiosperms","Poaceae","Agenium","villosum","(Nees) Pilg.","POACEAE Agenium villosum (Nees) Pilg.","SP040097","splink","SP","Oliveira, C.M.","25","Native","1981","Filgueiras, T.S.","1995","Ouro","Prata",,"Mogi Guaçu","Fazenda Campininha, Martinho Prado"
"ESTAÇÃO ECOLÓGICA MOGI-GUAÇU","Angiosperms","Rubiaceae","Tocoyena","formosa","(Cham. & Schltdl.) K.Schum.","RUBIACEAE Tocoyena formosa var. formosa (Cham. & Schltdl.) K.Schum.","SP0168503","splink","SP","Sugiyama, M.","49","Native","1981","Prado, A.L.","1995","Ouro","Prata",,"Mogi Guaçu","Fazenda Campininha, Martinho Prado"
"ESTAÇÃO ECOLÓGICA MOGI-GUAÇU","Angiosperms","Apocynaceae","Odontadenia","lutea","(Vell.) Markgr.","APOCYNACEAE Odontadenia lutea (Vell.) Markgr.","UEC141104","splink","UEC","Cytrynowicz, M.","12225","Native","1981","Marcondes-Ferreira, W.","1984","Ouro","Prata",,"Mogi Guaçu","Estação Biológica de Mogi Guaçu, (faz. Campininha)"
"ESTAÇÃO ECOLÓGICA MOGI-GUAÇU","Angiosperms","Orchidaceae","Epidendrum","denticulatum","Barb.Rodr.","ORCHIDACEAE Epidendrum denticulatum Barb.Rodr.","SP0168577","splink","SP","Sugiyama, M.","59","Native","1981","Barros, F.","1981","Ouro","Prata",,"Mogi Guaçu","Fazenda Campininha, Martinho Prado"
"ESTAÇÃO ECOLÓGICA MOGI-GUAÇU","Angiosperms","Orchidaceae","Galeandra","junceoides","Barb.Rodr.","ORCHIDACEAE Galeandra junceoides Barb.Rodr.","SP0168575","splink","SP","Sugiyama, M.","51","Native","1981","Barros, F.","1981","Ouro","Prata",,"Mogi Guaçu","Fazenda Campininha, Martinho Prado"
"ESTAÇÃO ECOLÓGICA MOGI-GUAÇU","Angiosperms","Poaceae","Gymnopogon","spicatus","(Spreng.) Kuntze","POACEAE Gymnopogon spicatus (Spreng.) Kuntze","168558","splink","SP","Sugiyama, M.","3","Native","1981","Sendulsky, T.","1981","Ouro","Prata",,"Mogi Guaçu","Fazenda Campininha, Martinho Prado."
"ESTAÇÃO ECOLÓGICA MOGI-GUAÇU","Angiosperms","Ericaceae","Gaylussacia","brasiliensis","(Spreng.) Meisn.","ERICACEAE Gaylussacia brasiliensis (Spreng.) Meisn.","119296","splink","CEPEC","Melo, M.R.F.","167","Native","1980","Romao, G.O.",,"Ouro","Prata",,"Mogi Guaçu","Estação Experimental de Mogi-Guaçú. Faz. Campininha."
"ESTAÇÃO ECOLÓGICA MOGI-GUAÇU","Angiosperms","Fabaceae","Bauhinia",,"L.","FABACEAE Bauhinia L.","198425","splink","SP","Forero, E.","8413","Native","1980",,,"Ouro","Prata",,"Mogi Guaçu","Estação Experimental de Mogi Guaçu. Padua Sales, Fazenda Campininha"
"ESTAÇÃO ECOLÓGICA MOGI-GUAÇU","Angiosperms","Fabaceae","Cerradicola","elliptica","(Desv) L.P.Queiroz","FABACEAE Cerradicola elliptica (Desv) L.P.Queiroz","MBM299026","REFLORA","MBM","Mantovani, W.","1038","Native","1980","Mantovani, W.",,"Ouro","Prata",,"Mogi Guaçu","Fazenda Campininha"
"ESTAÇÃO ECOLÓGICA MOGI-GUAÇU","Angiosperms","Fabaceae","Mimosa","xanthocentra","(Benth.) Barneby","FABACEAE Mimosa xanthocentra var. tenuis (Benth.) Barneby","459036","x","NY","C. Filho, A.","195","Native","1980","Barneby, R.C.",,"Ouro","Prata",,"Mogi Guaçu","Fazenda Campininha"
"ESTAÇÃO ECOLÓGICA MOGI-GUAÇU","Angiosperms","Orchidaceae","Capanemia",,"Barb.Rodr.","ORCHIDACEAE Capanemia Barb.Rodr.","SP0226476","splink","SP","Barros, F.","428","Native","1980",,,"Ouro","Prata",,"Mogi Guaçu","Fazenda Campininha"
"ESTAÇÃO ECOLÓGICA MOGI-GUAÇU","Angiosperms","Solanaceae","Nicotiana","langsdorffii","Weinm.","SOLANACEAE Nicotiana langsdorffii Weinm.","CEN00062552","x","CEN","Forero, E.","8456","Native","1980","Stehmann, J.R.",,"Ouro","Prata",,"Mogi Guaçu","Mogi Guaçu, Pádua Sales, Faz. Campininha."
"ESTAÇÃO ECOLÓGICA MOGI-GUAÇU","Angiosperms","Malpighiaceae","Glicophyllum","chamaecerasifolium","(A.Juss.) R.F.Almeida","MALPIGHIACEAE Glicophyllum chamaecerasifolium (A.Juss.) R.F.Almeida","SP021577","splink","SP","Forero, E.","8202","Native","1980","Mamede, M.C.H.","2021","Ouro","Prata",,"Mogi Guaçu","Fazenda Campininha, Pádua Sales"
"ESTAÇÃO ECOLÓGICA MOGI-GUAÇU","Angiosperms","Monimiaceae","Mollinedia","widgrenii","A.DC.","MONIMIACEAE Mollinedia widgrenii A.DC.","SP048279","splink","SP","Forero, E.","8421","Native","1980","Lirio, E.J.","2016","Ouro","Prata",,"Mogi Guaçu","Fazenda Campininha, Pádua Sales"
"ESTAÇÃO ECOLÓGICA MOGI-GUAÇU","Angiosperms","Erythroxylaceae","Erythroxylum","daphnites","Mart.","ERYTHROXYLACEAE Erythroxylum daphnites Mart.","RB00079897","x","RB","Foreo, E.","8477","Naturalized","1980","Costa-Lima, J.L.","2015","Ouro","Prata",,"Mogi Guaçu","Mun. de Mojí-Guaçú, Padua Sales, faz. Campininha."
"ESTAÇÃO ECOLÓGICA MOGI-GUAÇU","Angiosperms","Erythroxylaceae","Erythroxylum","suberosum","A.St.-Hil.","ERYTHROXYLACEAE Erythroxylum suberosum A.St.-Hil.","RB00079858","x","RB","Foreo, E.","8218","Native","1980","Costa-Lima, J.L.","2012","Ouro","Prata",,"Mogi Guaçu","Mun. de Mojí-Guacú, Padua Sales, faz. Campininha."
"ESTAÇÃO ECOLÓGICA MOGI-GUAÇU","Angiosperms","Loganiaceae","Spigelia","scabra","Cham. & Schltdl.","LOGANIACEAE Spigelia scabra Cham. & Schltdl.","198451","x","SP","Forero, E.","8439","Native","1980","Casas, J.F.","2012","Ouro","Prata",,"Mogi Guaçu","Fazenda Campininha, Pádua Sales"
"ESTAÇÃO ECOLÓGICA MOGI-GUAÇU","Angiosperms","Piperaceae","Peperomia","circinnata","Link","PIPERACEAE Peperomia circinnata Link","198417","splink","SP","Forero, E.","8411","Native","1980","Guimaraes, E.F.","2012","Ouro","Prata",,"Mogi Guaçu","Fazenda Campininha, Pádua Sales"
"ESTAÇÃO ECOLÓGICA MOGI-GUAÇU","Angiosperms","Rubiaceae","Cordiera","obtusa","(K.Schum.) Kuntze","RUBIACEAE Cordiera obtusa (K.Schum.) Kuntze","SP0167722","splink","SP","Mantovani, W.","1142","Native","1980","Zappi, D.C.","2012","Ouro","Prata",,"Mogi Guaçu","Fazenda Campininha, Martinho Prado"
"ESTAÇÃO ECOLÓGICA MOGI-GUAÇU","Angiosperms","Urticaceae","Boehmeria","cylindrica","(L.) Sw.","URTICACEAE Boehmeria cylindrica (L.) Sw.","198438","splink","SP","Forero, E.","8426","Native","1980","Gaglioti, A.L.","2012","Ouro","Prata",,"Mogi Guaçu","Fazenda Campininha, Pádua Sales"
"ESTAÇÃO ECOLÓGICA MOGI-GUAÇU","Angiosperms","Solanaceae","Solanum","lycocarpum","A.St.-Hil.","SOLANACEAE Solanum lycocarpum A.St.-Hil.","RB00466532","x","RB","Melo, M.R.F.","189","Native","1980","Farruggia, F.","2011","Ouro","Prata",,"Mogi Guaçu","Fazenda Campininha."
"ESTAÇÃO ECOLÓGICA MOGI-GUAÇU","Angiosperms","Styracaceae","Styrax","pohlii","A.DC.","STYRACACEAE Styrax pohlii A.DC.","RB00471809","x","RB","Melo, M.R.F.","206","Native","1980","Capistrano, T.R.","2011","Ouro","Prata",,"Mogi Guaçu","Fazenda Campininha."
"ESTAÇÃO ECOLÓGICA MOGI-GUAÇU","Angiosperms","Asteraceae","Trixis","glutinosa","D.Don","ASTERACEAE Trixis glutinosa D.Don","165983","splink","SP","Mantovani, W.","823","Native","1980","Monge, M.","2010","Ouro","Prata",,"Mogi Guaçu","Fazenda Campininha, Martinho Prado"
"ESTAÇÃO ECOLÓGICA MOGI-GUAÇU","Angiosperms","Asteraceae","Trixis","nobilis","(Vell.) Katinas","ASTERACEAE Trixis nobilis (Vell.) Katinas","165641","splink","SP","Mantovani, W.","734","Native","1980","Monge, M.","2010","Ouro","Prata",,"Mogi Guaçu","Fazenda Campininha, Pádua Sales"
"ESTAÇÃO ECOLÓGICA MOGI-GUAÇU","Angiosperms","Burseraceae","Protium","heptaphyllum","(Swart) Daly","BURSERACEAE Protium heptaphyllum subsp. ulei (Swart) Daly","268374","x","COL","Gonzalez, E.F.","8494","Native","1980","Daly, D.","2010","Ouro","Prata",,"Mogi Guaçu","Mun. Mojí-cuaçú, Padua sales, Fazenda Campininha."
"ESTAÇÃO ECOLÓGICA MOGI-GUAÇU","Angiosperms","Fabaceae","Mimosa","alleniana","Morong","FABACEAE Mimosa alleniana Morong","166546","splink","SP","Mantovani, W.","1011","Native","1980","Morales, M.","2010","Ouro","Prata",,"Mogi Guaçu","Fazenda Campininha, Martinho Prado Júnior, Reserva Biológica"
"ESTAÇÃO ECOLÓGICA MOGI-GUAÇU","Angiosperms","Malvaceae","Waltheria","communis","A.St.-Hil.","MALVACEAE Waltheria communis A.St.-Hil.","198224","splink","SP","Forero, E.","8214","Native","1980","Esteves, G.L.","2009","Ouro","Prata",,"Mogi Guaçu","Fazenda Campininha, Pádua Sales"
"ESTAÇÃO ECOLÓGICA MOGI-GUAÇU","Angiosperms","Peraceae","Pera","glabrata","(Schott) Baill.","PERACEAE Pera glabrata (Schott) Baill.","UB1223479",,"UB","Melo, M.R.F.","202","Native","1980","Bigio, N.C.","2009","Ouro","Prata",,"Mogi Guaçu","Estação Experimental Mogi-Guaçu. Fazenda Campininha."
"ESTAÇÃO ECOLÓGICA MOGI-GUAÇU","Angiosperms","Amaranthaceae","Pfaffia","gnaphaloides","(L.f.) Mart.","AMARANTHACEAE Pfaffia gnaphaloides (L.f.) Mart.","167947","splink","SP","Mantovani, W.","1271","Native","1980","Marchioretto, M.S.","2008","Ouro","Prata",,"Mogi Guaçu","Fazenda Campininha, Martinho Prado"
"ESTAÇÃO ECOLÓGICA MOGI-GUAÇU","Angiosperms","Euphorbiaceae","Microstachys","bidentata","(Mart.) F.Dietr.","EUPHORBIACEAE Microstachys bidentata (Mart.) F.Dietr.","SP0163952","splink","SP","Custodio Filho, A.","227","Native","1980","Cordeiro, I.","2008","Ouro","Prata",,"Mogi Guaçu","Fazenda Campininha"
"ESTAÇÃO ECOLÓGICA MOGI-GUAÇU","Angiosperms","Bromeliaceae","Ananas","ananassoides","(Baker) L.B.Sm.","BROMELIACEAE Ananas ananassoides (Baker) L.B.Sm.","167489","x","SP","Custodio Filho, A.","481","Native","1980","Wanderley, M.G.L.","2007","Ouro","Prata",,"Mogi Guaçu","Fazenda Campininha"
"ESTAÇÃO ECOLÓGICA MOGI-GUAÇU","Angiosperms","Bromeliaceae","Dyckia","tuberosa","(Vell.) Beer","BROMELIACEAE Dyckia tuberosa (Vell.) Beer","SP051585","splink","SP","Forero, E.","8199","Native","1980","Wanderley, M.G.L.","2007","Ouro","Prata",,"Mogi Guaçu","Fazenda Campininha, Pádua Sales"
"ESTAÇÃO ECOLÓGICA MOGI-GUAÇU","Angiosperms","Bromeliaceae","Tillandsia","tenuifolia","L.","BROMELIACEAE Tillandsia tenuifolia L.","SP053222","splink","SP","Forero, E.","8385","Native","1980","Wanderley, M.G.L.","2007","Ouro","Prata",,"Mogi Guaçu","Fazenda Campininha, Pádua Sales"
"ESTAÇÃO ECOLÓGICA MOGI-GUAÇU","Angiosperms","Dilleniaceae","Doliocarpus","dentatus","(Aubl.) Standl.","DILLENIACEAE Doliocarpus dentatus (Aubl.) Standl.","RB00075784","x","RB","Forero, E.","8466","Native","1980","Fraga","2007","Ouro","Prata",,"Mogi Guaçu","Mun. de Mojí-Guaçu - Padua Sales - Fazenda Campininha."
"ESTAÇÃO ECOLÓGICA MOGI-GUAÇU","Angiosperms","Malpighiaceae","Byrsonima","pachyphylla","A.Juss.","MALPIGHIACEAE Byrsonima pachyphylla A.Juss.","SP015734","splink","SP","Custodio Filho, A.","464","Native","1980","Mamede, M.C.H.","2007","Ouro","Prata",,"Mogi Guaçu","Fazenda Campininha"
"ESTAÇÃO ECOLÓGICA MOGI-GUAÇU","Angiosperms","Malvaceae","Waltheria","indica","L.","MALVACEAE Waltheria indica L.","164992","splink","SP","Mantovani, W.","643","Native","1980","Cruz, F.R.","2007","Ouro","Prata",,"Mogi Guaçu","Fazenda Campininha, Pádua Sales"
"ESTAÇÃO ECOLÓGICA MOGI-GUAÇU","Angiosperms","Piperaceae","Peperomia","nitida","Dahlst.","PIPERACEAE Peperomia nitida Dahlst.","198456","splink","SP","Forero, E.","8444","Native","1980","Silva, M.C.","2007","Ouro","Prata",,"Mogi Guaçu","Fazenda Campininha, Pádua Sales"
"ESTAÇÃO ECOLÓGICA MOGI-GUAÇU","Ferns and Lycophytes","Verbenaceae","Lantana",,"L.","VERBENACEAE Lantana L.","639096","x","NY","Chiea, S.A.C.","59","Native","1980","Sanders, R.W.","2006","Ouro","Prata",,"Mogi Guaçu","Mogi-Guaçu, Estaçao Experimental de Mogi-Guaço, Fazenda Campininha"
"ESTAÇÃO ECOLÓGICA MOGI-GUAÇU","Angiosperms","Cyperaceae","Bulbostylis","loefgrenii","(Boeckeler) Prata & M.G.López","CYPERACEAE Bulbostylis loefgrenii (Boeckeler) Prata & M.G.López","165587","splink","SP","Mantovani, W.","731","Native","1980","Prata, A.P.","2005","Ouro","Prata",,"Mogi Guaçu","Fazenda Campininha, Pádua Sales"
"ESTAÇÃO ECOLÓGICA MOGI-GUAÇU","Angiosperms","Turneraceae","Piriqueta","aurea","(Cambess.) Urb.","TURNERACEAE Piriqueta aurea (Cambess.) Urb.","166589","splink","SP","Mantovani, W.","990","Native","1980","Arbo, M.M.","2005","Ouro","Prata",,"Mogi Guaçu","Fazenda Campininha, Martinho Prado"
"ESTAÇÃO ECOLÓGICA MOGI-GUAÇU","Angiosperms","Ericaceae","Gaylussacia","brasiliensis","(Spreng.) Meisn.","ERICACEAE Gaylussacia brasiliensis var. brasiliensis (Spreng.) Meisn.","180426","splink","SP","Melo, M.M.R.F.","167","Native","1980","Romao, G.O.","2004","Ouro","Prata",,"Mogi Guaçu","Fazenda Campininha"
"ESTAÇÃO ECOLÓGICA MOGI-GUAÇU","Angiosperms","Lamiaceae","Cyanocephalus","rugosus","(Benth.) Harley & J.F.B.Pastore","LAMIACEAE Cyanocephalus rugosus (Benth.) Harley & J.F.B.Pastore","SP0166076","splink","SP","Mantovani, W.","919","Native","1980","Harley, R.M.","2004","Ouro","Prata",,"Mogi Guaçu","Fazenda Campininha, Martinho Prado"
"ESTAÇÃO ECOLÓGICA MOGI-GUAÇU","Angiosperms","Melastomataceae","Leandra","aurea","(Cham.) Cogn.","MELASTOMATACEAE Leandra aurea (Cham.) Cogn.","180501","splink","SP","Chiea, S.A.C.","48","Native","1980","Souza, M.L.D.","2004","Ouro","Prata",,"Mogi Guaçu","Estação Experimental de Mogi Guaçu. Fazenda Campininha"
"ESTAÇÃO ECOLÓGICA MOGI-GUAÇU","Angiosperms","Chrysobalanaceae","Couepia","grandiflora","(Mart. & Zucc.) Benth.","CHRYSOBALANACEAE Couepia grandiflora (Mart. & Zucc.) Benth.","198202","splink","SP","Forero, E.","8191","Native","1980","Prance, G.T.","2003","Ouro","Prata",,"Mogi Guaçu","Fazenda Campininha, Pádua Sales"
"ESTAÇÃO ECOLÓGICA MOGI-GUAÇU","Angiosperms","Cyperaceae","Cyperus","rigens","C.Presl","CYPERACEAE Cyperus rigens C.Presl","180419","splink","SP","Melo, M.M.R.F.","215","Native","1980","Tucker, G.C.","2003","Ouro","Prata",,"Mogi Guaçu","Fazenda Campininha"
"ESTAÇÃO ECOLÓGICA MOGI-GUAÇU","Angiosperms","Oxalidaceae","Oxalis","cytisoides","Mart. ex Zucc.","OXALIDACEAE Oxalis cytisoides Mart. ex Zucc.","198470","splink","SP","Forero, E.","8458","Native","1980","Fiaschi, P.","2003","Ouro","Prata",,"Mogi Guaçu","Fazenda Campininha, Pádua Sales"
"ESTAÇÃO ECOLÓGICA MOGI-GUAÇU","Angiosperms","Passifloraceae","Passiflora","lepidota","Mast.","PASSIFLORACEAE Passiflora lepidota Mast.","167715","splink","SP","Mantovani, W.","1157","Native","1980","Bernacci, L.C.","2003","Ouro","Prata",,"Mogi Guaçu","Fazenda Campininha, Martinho Prado"
"ESTAÇÃO ECOLÓGICA MOGI-GUAÇU","Angiosperms","Smilacaceae","Smilax","brasiliensis","Spreng.","SMILACACEAE Smilax brasiliensis Spreng.","198411","splink","SP","Forero, E.","8405","Native","1980","Andreata, R.H.P.","2003","Ouro","Prata",,"Mogi Guaçu","Fazenda Campininha, Pádua Sales"
"ESTAÇÃO ECOLÓGICA MOGI-GUAÇU","Angiosperms","Smilacaceae","Smilax","fluminensis","Steud.","SMILACACEAE Smilax fluminensis Steud.","198429","splink","SP","Forero, E.","8417","Native","1980","Andreata, R.H.P.","2003","Ouro","Prata",,"Mogi Guaçu","Fazenda Campininha, Pádua Sales"
"ESTAÇÃO ECOLÓGICA MOGI-GUAÇU","Angiosperms","Primulaceae","Myrsine","gardneriana","A.DC.","PRIMULACEAE Myrsine gardneriana A.DC.","33608","splink","IAC","Forero, E.","8246","Native","1980","Bernacci, L.C.","2002","Ouro","Prata",,"Mogi Guaçu","Pádua Sales, Fazenda Campininha"
"ESTAÇÃO ECOLÓGICA MOGI-GUAÇU","Angiosperms","Proteaceae","Roupala","montana","Aubl.","PROTEACEAE Roupala montana var. montana Aubl.","166095","splink","SP","Mantovani, W.","907","Native","1980","Prance, G.T.","2002","Ouro","Prata",,"Mogi Guaçu","Fazenda Campininha, Martinho Prado"
"ESTAÇÃO ECOLÓGICA MOGI-GUAÇU","Angiosperms","Combretaceae","Terminalia","glabrescens","Mart.","COMBRETACEAE Terminalia glabrescens Mart.","UEC127505","splink","UEC","Forero, E.","8467","Native","1980","Marquete, N.","2001","Ouro","Prata",,"Mogi Guaçu","Pádua Sales, fazenda Campininha"
"ESTAÇÃO ECOLÓGICA MOGI-GUAÇU","Angiosperms","Cyperaceae","Bulbostylis","hirtella","(Schrad.) Urb.","CYPERACEAE Bulbostylis hirtella (Schrad.) Urb.","RB01265474","x","RB","Filho., A.C.","458","Native","1980","Prata, A.P.","2000","Ouro","Prata",,"Mogi Guaçu","Fazenda da Campininha"
"ESTAÇÃO ECOLÓGICA MOGI-GUAÇU","Angiosperms","Ebenaceae","Diospyros","lasiocalyx","(Mart.) B.Walln.","EBENACEAE Diospyros lasiocalyx (Mart.) B.Walln.","RB00076730","x","RB","Forero, E.","8245","Native","1980","Sothers, C.","2000","Ouro","Prata",,"Mogi Guaçu","Mun. Mojí-Guaçú, Padua Sales, Fazenda Campininha."
"ESTAÇÃO ECOLÓGICA MOGI-GUAÇU","Angiosperms","Malpighiaceae","Heteropterys","eglandulosa","A.Juss.","MALPIGHIACEAE Heteropterys eglandulosa A.Juss.","SP018379","splink","SP","Forero, E.","8398","Native","1980","Mamede, M.C.H.","2000","Ouro","Prata",,"Mogi Guaçu","Pádua Sales, Fazenda Campininha"
"ESTAÇÃO ECOLÓGICA MOGI-GUAÇU","Angiosperms","Malpighiaceae","Heteropterys","umbellata","A.Juss.","MALPIGHIACEAE Heteropterys umbellata A.Juss.","SP019311","splink","SP","Custodio Filho, A.","411","Native","1980","Amorim, A.M.","2000","Ouro","Prata",,"Mogi Guaçu","Fazenda Campininha"
"ESTAÇÃO ECOLÓGICA MOGI-GUAÇU","Angiosperms","Malvaceae","Sida","planicaulis","Cav.","MALVACEAE Sida planicaulis Cav.","198465","splink","SP","Forero, E.","8453","Native","1980","Esteves, G.L.","2000","Ouro","Prata",,"Mogi Guaçu","Fazenda Campininha, Pádua Sales"
"ESTAÇÃO ECOLÓGICA MOGI-GUAÇU","Angiosperms","Solanaceae","Solanum","granulosoleprosum","Dunal","SOLANACEAE Solanum granulosoleprosum Dunal","167734","splink","SP","Mantovani, W.","1233","Native","1980","Nee, M.","2000","Ouro","Prata",,"Mogi Guaçu","Fazenda Campininha, Martinho Prado"
"ESTAÇÃO ECOLÓGICA MOGI-GUAÇU","Angiosperms","Asteraceae","Chromolaena","verbenacea","(DC.) R.M.King & H.Rob.","ASTERACEAE Chromolaena verbenacea (DC.) R.M.King & H.Rob.","166049","splink","SP","Mantovani, W.","911","Native","1980","Esteves, R.L.","1999","Ouro","Prata",,"Mogi Guaçu","Fazenda Campininha, Martinho Prado"
"ESTAÇÃO ECOLÓGICA MOGI-GUAÇU","Angiosperms","Asteraceae","Heterocondylus","alatus","(Vell.) R.M.King & H.Rob.","ASTERACEAE Heterocondylus alatus (Vell.) R.M.King & H.Rob.","166045","splink","SP","Mantovani, W.","934","Native","1980","Esteves, R.L.","1999","Ouro","Prata",,"Mogi Guaçu","Fazenda Campininha, Martinho Prado"
"ESTAÇÃO ECOLÓGICA MOGI-GUAÇU","Angiosperms","Ericaceae","Gaylussacia","pseudogaultheria","Cham. & Schltdl.","ERICACEAE Gaylussacia pseudogaultheria Cham. & Schltdl.","UEC064972","splink","UEC","Forero, E.","8366","Native","1980","Silva, R.R.","1999","Ouro","Prata",,"Mogi Guaçu","Pádua Sales. Fazenda Campininha"
"ESTAÇÃO ECOLÓGICA MOGI-GUAÇU","Angiosperms","Melastomataceae","Miconia","pusilliflora","(DC.) Naudin","MELASTOMATACEAE Miconia pusilliflora (DC.) Naudin","198457","splink","SP","Forero, E.","8445","Native","1980","Goldenberg, R.","1999","Ouro","Prata",,"Mogi Guaçu","Padua Sales. Fazenda Campininha"
"ESTAÇÃO ECOLÓGICA MOGI-GUAÇU","Angiosperms","Poaceae","Paspalum","ammodes","Trin.","POACEAE Paspalum ammodes Trin.","166477","splink","SP","Mantovani, W.","1047","Native","1980","Valls, J.F.M.","1999","Ouro","Prata",,"Mogi Guaçu","Fazenda Campininha, Martinho Prado."
"ESTAÇÃO ECOLÓGICA MOGI-GUAÇU","Angiosperms","Poaceae","Paspalum","gardnerianum","Nees","POACEAE Paspalum gardnerianum Nees","165096","splink","SP","Mantovani, W.","471","Native","1980","Valls, J.F.M.","1999","Ouro","Prata",,"Mogi Guaçu","Fazenda Campininha, Pádua Sales."
"ESTAÇÃO ECOLÓGICA MOGI-GUAÇU","Angiosperms","Cyperaceae","Eleocharis","montana","(Kunth) Roem. & Schult.","CYPERACEAE Eleocharis montana (Kunth) Roem. & Schult.","167330","splink","SP","Muniz, C.F.S.","174","Native","1980","Faria, A.D.","1998","Ouro","Prata",,"Mogi Guaçu","Fazenda Campininha, Pádua Sales"
"ESTAÇÃO ECOLÓGICA MOGI-GUAÇU","Angiosperms","Fabaceae","Calopogonium","caeruleum","(Benth.) C.Wright","FABACEAE Calopogonium caeruleum (Benth.) C.Wright","UEC158782","splink","UEC","Mantovani, W.","14355","Native","1980","Queiroz, L.P.","1998","Ouro","Prata",,"Mogi Guaçu","fazenda campininha"
"ESTAÇÃO ECOLÓGICA MOGI-GUAÇU","Angiosperms","Myrtaceae","Myrcia","diaphana","(O.Berg) N.Silveira","MYRTACEAE Myrcia diaphana (O.Berg) N.Silveira","198431","splink","SP","Forero, E.","8419","Native","1980","Kawasaki, M.L.","1998","Ouro","Prata",,"Mogi Guaçu","Fazenda Campininha, Pádua Sales"
"ESTAÇÃO ECOLÓGICA MOGI-GUAÇU","Angiosperms","Poaceae","Axonopus","marginatus","(Trin.) Chase","POACEAE Axonopus marginatus (Trin.) Chase","167842","splink","SP","Mantovani, W.","1290","Native","1980","Valls, J.F.M.","1998","Ouro","Prata",,"Mogi Guaçu","Fazenda Campininha, Martinho Prado"
"ESTAÇÃO ECOLÓGICA MOGI-GUAÇU","Angiosperms","Asteraceae","Ageratum","conyzoides","L.","ASTERACEAE Ageratum conyzoides L.","180394","splink","SP","Melo, M.M.R.F.","195","Native","1980","Hind, D.J.N.","1997","Ouro","Prata",,"Mogi Guaçu","Fazenda Campininha, Estação experimental de Mogi Guaçu."
"ESTAÇÃO ECOLÓGICA MOGI-GUAÇU","Angiosperms","Asteraceae","Pseudogynoxys","cabrerae","H.Rob. & Cuatrec.","ASTERACEAE Pseudogynoxys cabrerae H.Rob. & Cuatrec.","UEC129112","splink","UEC","Custodio Filho, A.","415","Native","1980","Hind, D.J.N.","1997","Ouro","Prata",,"Mogi Guaçu","Fazenda Campininha."
"ESTAÇÃO ECOLÓGICA MOGI-GUAÇU","Angiosperms","Malvaceae","Pavonia","communis","A.St.-Hil.","MALVACEAE Pavonia communis A.St.-Hil.","SP0167425","splink","SP","Custodio Filho, A.","412","Native","1980","Esteves, G.L.","1996","Ouro","Prata",,"Mogi Guaçu","Fazenda Campininha"
"ESTAÇÃO ECOLÓGICA MOGI-GUAÇU","Angiosperms","Poaceae","Eragrostis","leucosticta","Nees ex Döll","POACEAE Eragrostis leucosticta Nees ex Döll","164970","splink","SP","Mantovani, W.","620","Native","1980","Boechat, S.C.","1996","Ouro","Prata",,"Mogi Guaçu","Fazenda Campininha, Pádua Sales."
"ESTAÇÃO ECOLÓGICA MOGI-GUAÇU","Angiosperms","Poaceae","Schizachyrium","sanguineum","(Retz.) Alston","POACEAE Schizachyrium sanguineum (Retz.) Alston","165106","x","SP","Mantovani, W.","475","Native","1980","Zanin, A.","1996","Ouro","Prata",,"Mogi Guaçu","Fazenda Campininha, Pádua Sales."
"ESTAÇÃO ECOLÓGICA MOGI-GUAÇU","Angiosperms","Verbenaceae","Lantana","hypoleuca","Briq.","VERBENACEAE Lantana hypoleuca Briq.","165635","splink","SP","Mantovani, W.","765","Native","1980","Silva, T.R.S.","1996","Ouro","Prata",,"Mogi Guaçu","Fazenda Campininha, Pádua Sales"
"ESTAÇÃO ECOLÓGICA MOGI-GUAÇU","Angiosperms","Cyperaceae","Scleria","sororia","Kunth","CYPERACEAE Scleria sororia Kunth","167334","splink","SP","Muniz, C.F.S.","178","Native","1980","Thomas, W.W.","1995","Ouro","Prata",,"Mogi Guaçu","Fazenda Campininha, Pádua Sales"
"ESTAÇÃO ECOLÓGICA MOGI-GUAÇU","Angiosperms","Malvaceae","Krapovickasia","macrodon","(A.DC.) Fryxell","MALVACEAE Krapovickasia macrodon (A.DC.) Fryxell","SP0166064","splink","SP","Mantovani, W.","863","Native","1980","Esteves, G.L.","1993","Ouro","Prata",,"Mogi Guaçu","Fazenda Campininha, Martinho Prado"
"ESTAÇÃO ECOLÓGICA MOGI-GUAÇU","Angiosperms","Smilacaceae","Smilax","polyantha","Griseb.","SMILACACEAE Smilax polyantha Griseb.","UEC006807","splink","UEC","Carvalho, R.M.","11596","Native","1980","Andreata, R.H.P.","1993","Ouro","Prata",,"Mogi Guaçu","Fazenda Campininha"
"ESTAÇÃO ECOLÓGICA MOGI-GUAÇU","Angiosperms","Myrtaceae","Myrciaria","floribunda","(H.West ex Willd.) O.Berg","MYRTACEAE Myrciaria floribunda (H.West ex Willd.) O.Berg","198390","splink","SP","Forero, E.","8384","Native","1980","Sobral, M.","1992","Ouro","Prata",,"Mogi Guaçu","Padua Sales, Fazenda campininha."
"ESTAÇÃO ECOLÓGICA MOGI-GUAÇU","Angiosperms","Polygalaceae","Monnina","richardiana","A.St.-Hil. & Moq.","POLYGALACEAE Monnina richardiana A.St.-Hil. & Moq.","168347","splink","SP","Mantovani, W.","1416","Native","1980","Freire-Fierro, A.","1992","Ouro","Prata",,"Mogi Guaçu","Fazenda Campininha, Martinho Prado"
"ESTAÇÃO ECOLÓGICA MOGI-GUAÇU","Angiosperms","Verbenaceae","Petrea","volubilis","L.","VERBENACEAE Petrea volubilis L.","198387","splink","SP","Forero, E.","8381","Native","1980","Rueda, R.","1992","Ouro","Prata",,"Mogi Guaçu","Fazenda Campininha, Pádua Sales"
"ESTAÇÃO ECOLÓGICA MOGI-GUAÇU",,"Cyperaceae","Rhynchospora","corymbosa","(L.) Britton","CYPERACEAE Rhynchospora corymbosa (L.) Britton","198418","splink","SP","Forero, E.","8412",,"1980","Thomas, W.W.","1990","Ouro","Prata",,"Mogi Guaçu","Fazenda Campininha, Pádua Sales"
"ESTAÇÃO ECOLÓGICA MOGI-GUAÇU","Angiosperms","Lythraceae","Cuphea","thymoides","Cham. & Schltdl.","LYTHRACEAE Cuphea thymoides Cham. & Schltdl.","UEC093463","splink","UEC","Carvalho, R.M.","11589","Native","1980","Cavalcanti, T.B.","1987","Ouro","Prata",,"Mogi Guaçu","Fazenda Campininha"
"ESTAÇÃO ECOLÓGICA MOGI-GUAÇU","Angiosperms","Melastomataceae","Miconia","inaequidens","(DC.) Naudin","MELASTOMATACEAE Miconia inaequidens (DC.) Naudin","UB1334597","splink","UB","Forero, E.","8422","Native","1980","Chiea, S.C.","1985","Ouro","Prata",,"Mogi Guaçu","Pádua Sales. Fazenda Campininha."
"ESTAÇÃO ECOLÓGICA MOGI-GUAÇU","Angiosperms","Myrtaceae","Campomanesia","velutina","(Cambess.) O.Berg","MYRTACEAE Campomanesia velutina (Cambess.) O.Berg","UEC072345","splink","UEC","Cytrynowicz, M.","11429","Native","1980","Proenca, C.","1985","Ouro","Prata",,"Mogi Guaçu","Fazenda Campininha"
"ESTAÇÃO ECOLÓGICA MOGI-GUAÇU","Angiosperms","Asteraceae","Chaptalia","nutans","(L.) Pol.","ASTERACEAE Chaptalia nutans (L.) Pol.","588524","x","COL","Gonzalez, E.F.","8443","Native","1980","Diaz-Piedrahita, S.","1984","Ouro","Prata",,"Mogi Guaçu","Mun. Mojí-Guacú, Padua Sales, Fazenda Campininha."
"ESTAÇÃO ECOLÓGICA MOGI-GUAÇU","Angiosperms","Fabaceae","Crotalaria","micans","Link","FABACEAE Crotalaria micans Link","590943","x","NY","C. Filho, A.","193","Native","1980","Windler, D.R.","1982","Ouro","Prata",,"Mogi Guaçu","Fazenda Campininha"
"ESTAÇÃO ECOLÓGICA MOGI-GUAÇU","Angiosperms","Fabaceae","Crotalaria","pallida","(G.Don) Polhill","FABACEAE Crotalaria pallida var. obovata (G.Don) Polhill","163862","splink","SP","Custodio Filho, A.","191","Native","1980","Lewis, G.P.","1982","Ouro","Prata",,"Mogi Guaçu","Fazenda Campininha"
"ESTAÇÃO ECOLÓGICA MOGI-GUAÇU","Angiosperms","Orchidaceae","Ionopsis","utricularioides","(Sw.) Lindl.","ORCHIDACEAE Ionopsis utricularioides (Sw.) Lindl.","SP0166033","splink","SP","Mantovani, W.","940","Native","1980","Barros, F.","1981","Ouro","Prata",,"Mogi Guaçu","Fazenda Campininha, Martinho Prado"
"ESTAÇÃO ECOLÓGICA MOGI-GUAÇU","Angiosperms","Asteraceae","Aspilia","reflexa","(Sch.Bip. ex Baker) Baker","ASTERACEAE Aspilia reflexa (Sch.Bip. ex Baker) Baker","25232","x","UEC","Carvalho, R.M.","11598","Native","1980","Santos, J.U.M.","1980","Ouro","Prata",,"Mogi Guaçu","Faz. Campininha"
"ESTAÇÃO ECOLÓGICA MOGI-GUAÇU","Angiosperms","Orchidaceae","Galeandra","montana","Barb.Rodr.","ORCHIDACEAE Galeandra montana Barb.Rodr.","SP0163790","splink","SP","Mantovani, W.","394","Native","1980","Barros, F.","1980","Ouro","Prata",,"Mogi Guaçu","Fazenda Campininha, Pádua Sales"
"ESTAÇÃO ECOLÓGICA MOGI-GUAÇU","Angiosperms","Salicaceae","Prockia","crucis","P.Browne ex L.","SALICACEAE Prockia crucis P.Browne ex L.","UEC006021","splink","UEC","Mieko","9868","Native","1979","Torres, R.B.","2004","Ouro","Prata",,"Mogi Guaçu","Fazenda Campininha."
"ESTAÇÃO ECOLÓGICA MOGI-GUAÇU","Angiosperms","Asteraceae","Stomatanthes","trigonus","(Gardner) H.Rob.","ASTERACEAE Stomatanthes trigonus (Gardner) H.Rob.","162852","splink","SP","Mantovani, W.","260","Native","1979","King, R.M.","2001","Ouro","Prata",,"Mogi Guaçu","Fazenda Campininha, Bairro de Pádua Sales"
"ESTAÇÃO ECOLÓGICA MOGI-GUAÇU","Angiosperms","Cyperaceae","Bulbostylis","scabra","(J.Presl & C.Presl) C.B.Clarke","CYPERACEAE Bulbostylis scabra (J.Presl & C.Presl) C.B.Clarke","525580","splink","SP","Mantovani, W.","216b","Native","1979","Prata, A.P.","1999","Ouro","Prata",,"Mogi Guaçu","Fazenda Campininha"
"ESTAÇÃO ECOLÓGICA MOGI-GUAÇU","Angiosperms","Annonaceae","Annona","cacans","Warm.","ANNONACEAE Annona cacans Warm.","258764","x","SP","Salatino, M.L.F.","s.n.","Native","1979","Mello-Silva, R.","1994","Ouro","Prata",,"Mogi Guaçu","Fazenda Campininha"
"ESTAÇÃO ECOLÓGICA MOGI-GUAÇU","Angiosperms","Solanaceae","Solanum","mauritianum","Scop.","SOLANACEAE Solanum mauritianum Scop.","UEC082462","splink","UEC","Uieda, W.","9379","Native","1979","Carvalho, L.F.","1981","Ouro","Prata",,"Mogi Guaçu","Fazenda Campininha"
"ESTAÇÃO ECOLÓGICA MOGI-GUAÇU","Angiosperms","Apocynaceae","Mandevilla","clandestina","J.F.Morales","APOCYNACEAE Mandevilla clandestina J.F.Morales","MBM059342","x","MBM","Leitao Filho, H.F.","7628","Native","1978","Castello, A.C.D.",,"Ouro","Prata",,"Mogi Guaçu","Fazenda Campininha"
"ESTAÇÃO ECOLÓGICA MOGI-GUAÇU","Angiosperms","Malpighiaceae","Heteropterys","rhopalifolia","A.Juss.","MALPIGHIACEAE Heteropterys rhopalifolia A.Juss.","10008","splink","UEC","Yamamoto, K.","8123(3)","Native","1978","Amorim, A.M.A.",,"Ouro","Prata",,"Mogi Guaçu","Estação Biológica de Mogi Guaçu, (faz. Campininha)"
"ESTAÇÃO ECOLÓGICA MOGI-GUAÇU","Angiosperms","Vochysiaceae","Qualea","multiflora","Mart.","VOCHYSIACEAE Qualea multiflora subsp. multiflora Mart.","US01874317","splink","US","Yamamoto, K.","7606","Native","1978",,,"Ouro","Prata",,"Mogi Guaçu","Faz. Campininha, beira de cerradão, próximo a aceiro."
"ESTAÇÃO ECOLÓGICA MOGI-GUAÇU","Angiosperms","Malvaceae","Eriotheca","pubescens","(Mart.) Schott & Endl.","MALVACEAE Eriotheca pubescens (Mart.) Schott & Endl.","UEC029122","splink","UEC","Leitao Filho, H.F.","8260","Native","1978","Duarte, M.C.","2006","Ouro","Prata",,"Mogi Guaçu","Estação Experimental do instituto floresta - Fazenda Campininha."
"ESTAÇÃO ECOLÓGICA MOGI-GUAÇU","Angiosperms","Cyperaceae","Cyperus","esculentus","L.","CYPERACEAE Cyperus esculentus L.","UEC075260","splink","UEC","Monteiro, R.","7685","Native","1978","Tucker, G.C.","2000","Ouro","Prata",,"Mogi Guaçu","Fazenda Campininha, Brejo."
"ESTAÇÃO ECOLÓGICA MOGI-GUAÇU","Angiosperms","Malvaceae","Melochia","pilosa","(Mill.) Fawc. & Rendle","MALVACEAE Melochia pilosa (Mill.) Fawc. & Rendle","UEC108246","splink","UEC","Leitao Filho, H.F.","7367","Native","1978","Esteves, G.L.","1998","Ouro","Prata",,"Mogi Guaçu","Fazenda Campininha"
"ESTAÇÃO ECOLÓGICA MOGI-GUAÇU","Angiosperms","Rubiaceae","Palicourea","crocea","(Sw.) Roem. & Schult.","RUBIACEAE Palicourea crocea (Sw.) Roem. & Schult.","UEC117017","splink","UEC","Ratter, J.A.","8760","Native","1978","Taylor, C.M.","1997","Ouro","Prata",,"Mogi Guaçu","Fazenda Campininha."
"ESTAÇÃO ECOLÓGICA MOGI-GUAÇU","Angiosperms","Erythroxylaceae","Erythroxylum","deciduum","A.St.-Hil.","ERYTHROXYLACEAE Erythroxylum deciduum A.St.-Hil.","UEC059296","splink","UEC","Leitao Filho, H.F.","8427","Naturalized","1978","Mendonca, J.O.","1996","Ouro","Prata",,"Mogi Guaçu","Estação exp. do instituto florestal. Faz. Campininha."
"ESTAÇÃO ECOLÓGICA MOGI-GUAÇU","Angiosperms","Nyctaginaceae","Guapira","noxia","(Netto) Lundell","NYCTAGINACEAE Guapira noxia (Netto) Lundell","UEC110667","splink","UEC","Leitao Filho, H.F.","8280","Native","1978","Furlan, A.","1995","Ouro","Prata",,"Mogi Guaçu","Fazenda Campininha"
"ESTAÇÃO ECOLÓGICA MOGI-GUAÇU","Angiosperms","Poaceae","Megathyrsus","maximus","(Jacq.) B.K.Simon & S.W.L.Jacobs","POACEAE Megathyrsus maximus (Jacq.) B.K.Simon & S.W.L.Jacobs","UEC096484","splink","UEC","Yamamoto, K.","7714","Native","1978","Filgueiras, T.S.","1981","Ouro","Prata",,"Mogi Guaçu","Fazenda Campininha"
"ESTAÇÃO ECOLÓGICA MOGI-GUAÇU","Angiosperms","Asteraceae","Lessingianthus","rubricaulis","(Humb. & Bonpl.) H.Rob.","ASTERACEAE Lessingianthus rubricaulis (Humb. & Bonpl.) H.Rob.","3557","x","UEC","Gibbs, P.E.","4566","Native","1977","Barroso, G.M.",,"Ouro","Prata",,"Mogi Guaçu","Fazenda Campininha."
"ESTAÇÃO ECOLÓGICA MOGI-GUAÇU","Angiosperms","Bignoniaceae","Cuspidaria","sceptrum","(Cham.) L.G.Lohmann","BIGNONIACEAE Cuspidaria sceptrum (Cham.) L.G.Lohmann","UEC139537","splink","UEC","Taroda, N.","4941","Native","1977","Gentry, A.",,"Ouro","Prata",,"Mogi Guaçu","Estação Biológica de Mogi Guaçu, (faz. Campininha)"
"ESTAÇÃO ECOLÓGICA MOGI-GUAÇU","Angiosperms","Bignoniaceae","Stizophyllum","perforatum","(Cham.) Miers","BIGNONIACEAE Stizophyllum perforatum (Cham.) Miers","483742","x","NY","Gibbs, P.E.","4332","Native","1977","Gentry, A.H.",,"Ouro","Prata",,"Mogi Guaçu","25 Km NW de Mogi-Guaçú. Estaçao Experimental de Mogi-Guaçú (Fazenda Campininha)"
"ESTAÇÃO ECOLÓGICA MOGI-GUAÇU","Angiosperms","Cyperaceae","Eleocharis","sellowiana","Kunth","CYPERACEAE Eleocharis sellowiana Kunth","ICN00007695","x","ICN","Joly, C.A.","6783","Native","1977","Trevisan, R.",,"Ouro","Prata",,"Mogi Guaçu","Fazenda Campininha"
"ESTAÇÃO ECOLÓGICA MOGI-GUAÇU","Angiosperms","Fabaceae","Dalbergia","frutescens","(Vell.) Britton","FABACEAE Dalbergia frutescens var. frutescens (Vell.) Britton","75054","splink","CEPEC","Leitao Filho, H.F.","6031","Native","1977","Carvalho, A.M.",,"Ouro","Prata",,"Mogi Guaçu","Est. Exp. do Inst. Floresta. Faz. Campininha."
"ESTAÇÃO ECOLÓGICA MOGI-GUAÇU","Angiosperms","Fabaceae","Mimosa","dolens","(Benth.) Barneby","FABACEAE Mimosa dolens var. rigida (Benth.) Barneby","7109","splink","UEC","Parentoni, R.","4666","Native","1977","Fortunato, R.",,"Ouro","Prata",,"Mogi Guaçu","Fazenda Campininha, Cerradão."
"ESTAÇÃO ECOLÓGICA MOGI-GUAÇU","Angiosperms","Lamiaceae","Gymneia","virgata","(Benth.) Harley & J.F.B.Pastore","LAMIACEAE Gymneia virgata (Benth.) Harley & J.F.B.Pastore","UEC043740","splink","UEC","Leitao Filho, H.F.","6086","Native","1977","Ferreira, H.D.",,"Ouro","Prata",,"Mogi Guaçu","Estação Experimental do Instituo Florestal. Fazenda Campininha."
"ESTAÇÃO ECOLÓGICA MOGI-GUAÇU","Angiosperms","Primulaceae","Myrsine","loefgrenii","(Mez) Imkhan.","PRIMULACEAE Myrsine loefgrenii (Mez) Imkhan.","MBM056843","splink","MBM","Semir, J.","4908","Native","1977","Freitas, M.F.",,"Ouro","Prata",,"Mogi Guaçu","Fazenda Campininha."
"ESTAÇÃO ECOLÓGICA MOGI-GUAÇU","Angiosperms","Sapindaceae","Magonia",,"A.St.-Hil.","SAPINDACEAE Magonia A.St.-Hil.","RB00383934","x","RB","Joly, C.A.",,"Native","1977","Ferrucci",,"Ouro","Prata",,"Mogi Guaçu","Fazenda Campininha."
"ESTAÇÃO ECOLÓGICA MOGI-GUAÇU","Angiosperms","Sapindaceae","Magonia","pubescens","A.St.-Hil.","SAPINDACEAE Magonia pubescens A.St.-Hil.","RB00383927","x","RB","Joly, C.A.",,"Native","1977","Ferrucci, M.S.",,"Ouro","Prata",,"Mogi Guaçu","Fazenda Campininha."
"ESTAÇÃO ECOLÓGICA MOGI-GUAÇU","Angiosperms","Fabaceae","Macropsychanthus","rufescens","(Benth.) L.P.Queiroz & Snak","FABACEAE Macropsychanthus rufescens (Benth.) L.P.Queiroz & Snak","HUEFS0277943","splink","HUEFS","Tamashiro, J.Y.","6521","Native","1977","Queiroz, L.P.","2024","Ouro","Prata",,"Mogi Guaçu","Fazenda Campininha, Mata do Bugio"
"ESTAÇÃO ECOLÓGICA MOGI-GUAÇU","Angiosperms","Cyperaceae","Rhynchospora","rugosa","(Vahl) Gale","CYPERACEAE Rhynchospora rugosa (Vahl) Gale","4239709","x","NY","Tamashiro, J.Y.","13","Native","1977","Thomas, W.W.","2023","Ouro","Prata",,"Mogi Guaçu","Fazenda Campininha."
"ESTAÇÃO ECOLÓGICA MOGI-GUAÇU","Angiosperms","Convolvulaceae","Distimake","tomentosus","(Choisy) Petrongari & Sim.-Bianch.","CONVOLVULACEAE Distimake tomentosus (Choisy) Petrongari & Sim.-Bianch.","165553","x","SP","Sakane, M.","713","Native","1977","Petrongari, F.S.","2021","Ouro","Prata",,"Mogi Guaçu","Fazenda Campininha, Pádua Sales"
"ESTAÇÃO ECOLÓGICA MOGI-GUAÇU","Angiosperms","Malpighiaceae","Glicophyllum","salicifolium","(A.Juss.) R.F.Almeida","MALPIGHIACEAE Glicophyllum salicifolium (A.Juss.) R.F.Almeida","146720","x","SP","Jung, S.L.","81","Native","1977","Mamede, M.C.H.","2021","Ouro","Prata",,"Mogi Guaçu","Fazenda Campininha"
"ESTAÇÃO ECOLÓGICA MOGI-GUAÇU",,"Fabaceae","Rhynchosia","melanocarpa","Grear","FABACEAE Rhynchosia melanocarpa Grear","MBM056737","REFLORA","MBM","Tamashiro, J.Y.","6530",,"1977","Bezerra, L.M.P.A.","2019","Ouro","Prata",,"Mogi Guaçu","Fazenda Campininha"
"ESTAÇÃO ECOLÓGICA MOGI-GUAÇU","Angiosperms","Verbenaceae","Lippia","lasiocalycina","Cham.","VERBENACEAE Lippia lasiocalycina Cham.","146742","splink","SP","Jung, S.L.","70","Native","1977","Salimena, F.R.G.","2017","Ouro","Prata",,"Mogi Guaçu","Fazenda Campininha"
"ESTAÇÃO ECOLÓGICA MOGI-GUAÇU","Angiosperms","Asteraceae","Lessingianthus","graminifolius","(Gardner) Dematt.","ASTERACEAE Lessingianthus graminifolius (Gardner) Dematt.","152969","splink","SP","Gibbs, P.E.","4566","Native","1977","Semir, J.","2016","Ouro","Prata",,"Mogi Guaçu","Fazenda Campininha"
"ESTAÇÃO ECOLÓGICA MOGI-GUAÇU","Angiosperms","Meliaceae","Trichilia","elegans","A.Juss.","MELIACEAE Trichilia elegans A.Juss.","IBGE00016637","splink","IBGE","Gibbs, P.E.","4333","Native","1977","Flores, T.B.","2015","Ouro","Prata",,"Mogi Guaçu","25 km NW de Mogi-Guaçú. Estação Experimental de Mogi-Guaçú (Fazenda Campininha). Folha Cartográfica SF-23-Y-C Coordenada Calculada."
"ESTAÇÃO ECOLÓGICA MOGI-GUAÇU","Angiosperms","Fabaceae","Mimosa","pteridifolia","Benth.","FABACEAE Mimosa pteridifolia Benth.","UEC021716","splink","UEC","Tamashiro, J.Y.","6531","Native","1977","Silva, J.S.","2013","Ouro","Prata",,"Mogi Guaçu","Fazenda Campininha, Em cerrado ""aceiro""."
"ESTAÇÃO ECOLÓGICA MOGI-GUAÇU","Angiosperms","Rubiaceae","Cordiera","concolor","(Cham.) Kuntze","RUBIACEAE Cordiera concolor (Cham.) Kuntze","SP0154824","splink","SP","Gibbs, P.E.","4679","Native","1977","Zappi, D.C.","2012","Ouro","Prata",,"Mogi Guaçu","Fazenda Campininha, Estação Experimental de Mogi-Guaçu"
"ESTAÇÃO ECOLÓGICA MOGI-GUAÇU","Angiosperms","Piperaceae","Piper","anisum","(Spreng.) Angely","PIPERACEAE Piper anisum (Spreng.) Angely","146739","x","SP","Jung, S.L.","170","Native","1977","Monteiro, D.","2011","Ouro","Prata",,"Mogi Guaçu","Fazenda Campininha, Próximo ao Bosque das Goiabas."
"ESTAÇÃO ECOLÓGICA MOGI-GUAÇU","Angiosperms","Fabaceae","Lonchocarpus","cultratus","(Vell.) A.M.G.Azevedo & H.C.Lima","FABACEAE Lonchocarpus cultratus (Vell.) A.M.G.Azevedo & H.C.Lima","IBGE00014765","REFLORA","IBGE","Gibbs, P.E.","4344","Native","1977","Silva, M.J.","2010","Ouro","Prata",,"Mogi Guaçu","25 Km a NW de Mogi-Guaçu. Estação Experimental de Mogi-Guaçu, Fazenda Campininha. Coordenada calculada."
"ESTAÇÃO ECOLÓGICA MOGI-GUAÇU","Angiosperms","Asteraceae","Koanophyllon","myrtilloides","(DC.) R.M.King & H.Rob.","ASTERACEAE Koanophyllon myrtilloides (DC.) R.M.King & H.Rob.","165449","splink","SP","Sakane, M.","708","Native","1977","Esteves, R.L.","2007","Ouro","Prata",,"Mogi Guaçu","Fazenda Campininha, Pádua Sales"
"ESTAÇÃO ECOLÓGICA MOGI-GUAÇU","Angiosperms","Asteraceae","Chromolaena","stachyophylla","(Spreng.) R.M.King & H.Rob.","ASTERACEAE Chromolaena stachyophylla (Spreng.) R.M.King & H.Rob.","RB00397735","x","RB","Carnielli, V.","6528","Native","1977","Esteves, R.L.","2005","Ouro","Prata",,"Mogi Guaçu","Fazenda Campininha."
"ESTAÇÃO ECOLÓGICA MOGI-GUAÇU","Angiosperms","Primulaceae","Cybianthus","densicomus","Mart.","PRIMULACEAE Cybianthus densicomus Mart.","150811","splink","SP","Jung, S.L.","56","Native","1977","Bernacci, L.C.","2005","Ouro","Prata",,"Mogi Guaçu","Fazenda Campininha"
"ESTAÇÃO ECOLÓGICA MOGI-GUAÇU","Angiosperms","Rhamnaceae","Rhamnidium","elaeocarpum","Reissek","RHAMNACEAE Rhamnidium elaeocarpum Reissek","153252","splink","SP","Leitao Filho, H.F.","6030","Native","1977","Lima, R.","2005","Ouro","Prata",,"Mogi Guaçu","Fazenda Campininha, beira do rio Mogi Guaçu"
"ESTAÇÃO ECOLÓGICA MOGI-GUAÇU","Angiosperms","Melastomataceae","Leandra","viscosa","Cogn.","MELASTOMATACEAE Leandra viscosa Cogn.","146766","splink","SP","Jung, S.L.","93","Native","1977","Souza, M.L.D.","2004","Ouro","Prata",,"Mogi Guaçu","Fazenda Campininha"
"ESTAÇÃO ECOLÓGICA MOGI-GUAÇU","Angiosperms","Amaranthaceae","Pfaffia","jubata","Mart.","AMARANTHACEAE Pfaffia jubata Mart.","165418","splink","SP","Sakane, M.","615","Native","1977","Siqueira, J.C.","2002","Ouro","Prata",,"Mogi Guaçu","Fazenda Campininha"
"ESTAÇÃO ECOLÓGICA MOGI-GUAÇU","Angiosperms","Orchidaceae","Habenaria","johannensis","Barb.Rodr.","ORCHIDACEAE Habenaria johannensis Barb.Rodr.","UEC034256","splink","UEC","Gibbs, P.E.","4294","Native","1977","Batista, J.A.N.","2001","Ouro","Prata",,"Mogi Guaçu","Fazenda Campininha, 25 km NW da cidade. Estação Experimental de Mogi Guaçu. Local úmido."
"ESTAÇÃO ECOLÓGICA MOGI-GUAÇU","Angiosperms","Rubiaceae","Emmeorhiza","umbellata","(Spreng.) K.Schum.","RUBIACEAE Emmeorhiza umbellata (Spreng.) K.Schum.","28499","x","IAC","Jung-Mendacolli, S.L.","s/nº","Naturalized","1977","Jung-Mendacolli, S.L.","2001","Ouro","Prata",,"Mogi Guaçu","Fazenda Campininha"
"ESTAÇÃO ECOLÓGICA MOGI-GUAÇU","Angiosperms","Polygonaceae","Polygonum","hydropiperoides","Michx.","POLYGONACEAE Polygonum hydropiperoides Michx.","UEC154528","splink","UEC","Gibbs, P.E.","6101","Native","1977","Melo, E.","2000","Ouro","Prata",,"Mogi Guaçu","Estação experimental de Mogi Guaçu, 25 km. NW de Mogi-Guaçu. Fazenda Campininha."
"ESTAÇÃO ECOLÓGICA MOGI-GUAÇU","Angiosperms","Primulaceae","Cybianthus","verticillatus","(Vell.) G.Agostini","PRIMULACEAE Cybianthus verticillatus (Vell.) G.Agostini","146725","splink","SP","Jung, S.L.","82","Native","1977","Pipoly, J.J.","2000","Ouro","Prata",,"Mogi Guaçu","Fazenda Campininha"
"ESTAÇÃO ECOLÓGICA MOGI-GUAÇU","Angiosperms","Fabaceae","Chamaecrista","linearifolia","(G.Don) H.S.Irwin & Barneby","FABACEAE Chamaecrista linearifolia (G.Don) H.S.Irwin & Barneby","SP024435","splink","SP","Sakane, M.","716","Native","1977","Scalon, V.R.","1998","Ouro","Prata",,"Mogi Guaçu","Estação Experimental de Mogi Guaçu Pádua Sales, Fazenda Campininha"
"ESTAÇÃO ECOLÓGICA MOGI-GUAÇU","Angiosperms","Thelypteridaceae","Pelazoneuron","patens","Sw.) A.R. Sm. & S.E. Fawc.","THELYPTERIDACEAE Pelazoneuron patens Sw.) A.R. Sm. & S.E. Fawc.","UEC062830","splink","UEC","Gibbs, P.E.","6096","Native","1977","Salino, A.","1998","Ouro","Prata",,"Mogi Guaçu","Fazenda Campininha, 25 Km NW de Mogi Guaçu. Estação Experimental de Mogi Guaçu."
"ESTAÇÃO ECOLÓGICA MOGI-GUAÇU","Angiosperms","Erythroxylaceae","Erythroxylum","subracemosum","Turcz.","ERYTHROXYLACEAE Erythroxylum subracemosum Turcz.","146707","splink","SP","Jung, S.L.","117","Native","1977","Jr, A.A.","1997","Ouro","Prata",,"Mogi Guaçu","Fazenda Campininha"
"ESTAÇÃO ECOLÓGICA MOGI-GUAÇU","Angiosperms","Passifloraceae","Passiflora","edulis","Sims","PASSIFLORACEAE Passiflora edulis Sims","UEC143139","splink","UEC","Gibbs, P.E.","4350","Native","1977","Bernacci, L.C.","1997","Ouro","Prata",,"Mogi Guaçu","Estação experimental de Mogi Guaçu, 25 Km NW de Mogi-Guaçú. Fazenda Campininha."
"ESTAÇÃO ECOLÓGICA MOGI-GUAÇU","Angiosperms","Santalaceae","Phoradendron","piperoides","(Kunth) Trel.","SANTALACEAE Phoradendron piperoides (Kunth) Trel.","150808","splink","SP","Jung, S.L.","55","Native","1977","Kuijt, J.","1996","Ouro","Prata",,"Mogi Guaçu","Fazenda Campininha"
"ESTAÇÃO ECOLÓGICA MOGI-GUAÇU","Angiosperms","Lamiaceae","Hypenia","macrantha","(A.St.-Hil. ex Benth.) Harley","LAMIACEAE Hypenia macrantha (A.St.-Hil. ex Benth.) Harley","55456","x","CEN","Jung-Mendacolli, S.L.","64","Native","1977","Harley, R.M.","1993","Ouro","Prata",,"Mogi Guaçu","Fazenda Campininha."
"ESTAÇÃO ECOLÓGICA MOGI-GUAÇU","Angiosperms","Malvaceae","Peltaea","polymorpha","(A.St.-Hil.) Krapov. & Cristóbal","MALVACEAE Peltaea polymorpha (A.St.-Hil.) Krapov. & Cristóbal","SP0146729","splink","SP","Jung, S.L.","113","Native","1977","Esteves, G.L.","1993","Ouro","Prata",,"Mogi Guaçu","Fazenda Campininha"
"ESTAÇÃO ECOLÓGICA MOGI-GUAÇU","Angiosperms","Myrtaceae","Myrcia","selloi","(Spreng.) N.Silveira","MYRTACEAE Myrcia selloi (Spreng.) N.Silveira","UEC103870","splink","UEC","Jung-Mendacolli, S.L.","102","Native","1977","Kawasaki, M.L.","1993","Ouro","Prata",,"Mogi Guaçu","Fazenda Campininha."
"ESTAÇÃO ECOLÓGICA MOGI-GUAÇU","Angiosperms","Acanthaceae","Ruellia","geminiflora","Kunth","ACANTHACEAE Ruellia geminiflora Kunth","153379","splink","SP","Leitao Filho, H.F.","6078","Native","1977","Ezcurra, C.","1991","Ouro","Prata",,"Mogi Guaçu","Fazenda Campininha"
"ESTAÇÃO ECOLÓGICA MOGI-GUAÇU","Angiosperms","Sapindaceae","Serjania","ovalifolia","Radlk.","SAPINDACEAE Serjania ovalifolia Radlk.","14450","x","UEC","Leitao Filho, H.F.","4297","Native","1977","Somner, G.V.","1991","Ouro","Prata",,"Mogi Guaçu","25 km NW de Mogi-Guaçu. Estação Experimental de Mogi-Guaçu. Fazenda Campininha."
"ESTAÇÃO ECOLÓGICA MOGI-GUAÇU","Angiosperms","Poaceae","Sporobolus","cubensis","Hitchc.","POACEAE Sporobolus cubensis Hitchc.","PMSP017588","x","PMSP","Jung, S.L.","86","Native","1977","Boechat, S.C.","1990","Ouro","Prata",,"Mogi Guaçu","Fazenda Campininha, 650m.s.m.; cerrado recém queimado."
"ESTAÇÃO ECOLÓGICA MOGI-GUAÇU","Angiosperms","Malvaceae","Sida","cordifolia","L.","MALVACEAE Sida cordifolia L.","154801","splink","SP","Tamashiro, J.Y.","12","Native","1977","Krapovickas, A.","1987","Ouro","Prata",,"Mogi Guaçu","Fazenda Campininha"
"ESTAÇÃO ECOLÓGICA MOGI-GUAÇU","Angiosperms","Sapindaceae","Paullinia","carpopoda","Cambess.","SAPINDACEAE Paullinia carpopoda Cambess.","SP046717","splink","SP","Parentoni, R.","s.n.","Native","1977","Sommer, G.V.","1987","Ouro","Prata",,"Mogi Guaçu","Fazenda Campininha, Estação Experimental de Mogi Guaçu"
"ESTAÇÃO ECOLÓGICA MOGI-GUAÇU","Angiosperms","Onagraceae","Ludwigia","nervosa","(Poir.) H.Hara","ONAGRACEAE Ludwigia nervosa (Poir.) H.Hara","144421","splink","SP","Kirizawa, M.","127","Native","1977","Zardini, E.","1986","Ouro","Prata",,"Mogi Guaçu","Fazenda Campininha"
"ESTAÇÃO ECOLÓGICA MOGI-GUAÇU","Angiosperms","Fabaceae","Dalbergia","frutescens","(Vell.) Britton","FABACEAE Dalbergia frutescens (Vell.) Britton","153044","splink","SP","Leitao Filho, H.F.","6031","Naturalized","1977","Carvalho, A.M.","1985","Ouro","Prata",,"Mogi Guaçu","Estação Experimental do Instituto Florestal. Fazenda Campininha. Mata ciliar"
"ESTAÇÃO ECOLÓGICA MOGI-GUAÇU","Angiosperms","Euphorbiaceae","Dalechampia","micromeria","Baill.","EUPHORBIACEAE Dalechampia micromeria Baill.","UEC151341","splink","UEC","Gibbs, P.E.","4357","Native","1977","Webster, G.L.","1984","Ouro","Prata",,"Mogi Guaçu","fazenda Campininha"
"ESTAÇÃO ECOLÓGICA MOGI-GUAÇU","Angiosperms","Fabaceae","Sesbania","punicea","(Cav.) Benth.","FABACEAE Sesbania punicea (Cav.) Benth.","UEC051602","splink","UEC","Leitao Filho, H.F.","4263","Native","1977","Monteiro, R.","1983","Ouro","Prata",,"Mogi Guaçu","Estação Experimental de Mogi- Guaçu (Fazenda Campininha)."
"ESTAÇÃO ECOLÓGICA MOGI-GUAÇU",,"Poaceae","Ichnanthus",,"P.Beauv.","POACEAE Ichnanthus P.Beauv.","01048929","x","NY","Gibbs, P.E.","4270",,"1977","Zuloaga, F.O.","1983","Ouro","Prata",,"Mogi Guaçu","25 km NW de Mogi-Guaçú. Estação Experimental de Mogi-Guaçú (Fazenda Campininha)"
"ESTAÇÃO ECOLÓGICA MOGI-GUAÇU","Angiosperms","Rubiaceae","Borreria","suaveolens","G. Mey.","RUBIACEAE Borreria suaveolens G. Mey.","36225","x","FUEL","Jung-Mendacolli, S.L.","91","Native","1977","Jung-Mendacolli, S.L.","1983","Ouro","Prata",,"Mogi Guaçu","Fazenda Campininha"
"ESTAÇÃO ECOLÓGICA MOGI-GUAÇU","Angiosperms","Amaranthaceae","Gomphrena","arborescens","L.f.","AMARANTHACEAE Gomphrena arborescens L.f.","UEC066938","splink","UEC","Gibbs, P.E.","4307","Native","1977","Siqueira, J.C.","1982","Ouro","Prata",,"Mogi Guaçu","Estação Biológica de Mogi Guaçu, (faz. Campininha)"
"ESTAÇÃO ECOLÓGICA MOGI-GUAÇU","Angiosperms","Rubiaceae","Coussarea","contracta","(Walp.) Müll.Arg.","RUBIACEAE Coussarea contracta (Walp.) Müll.Arg.","IBGE00018155","splink","IBGE","Gibbs, P.E.","4355","Native","1977","Kirkbride Junior, J.H.","1982","Ouro","Prata",,"Mogi Guaçu","25 km. NW de Mogi Guaçú. Estação Experimental de Mogi Guaçú (Fazenda Campininha). Folha Cartográfica SF-23-Y-A Coordenada Calculada."
"ESTAÇÃO ECOLÓGICA MOGI-GUAÇU","Angiosperms","Meliaceae","Trichilia","elegans","A.Juss.","MELIACEAE Trichilia elegans subsp. elegans A.Juss.","NY00408452","splink","NY","Gibbs, P.E.","4333","Native","1977","Pennington, T.D.","1981","Ouro","Prata",,"Mogi Guaçu","25 km. NW de Mogi-Guaçú. Estaçao Experimental de Mogi-Guaçú (Fazenda Campininha)"
"ESTAÇÃO ECOLÓGICA MOGI-GUAÇU","Angiosperms","Caryocaraceae","Caryocar","brasiliense","(Wittm.) Prance & Freitas","CARYOCARACEAE Caryocar brasiliense subsp. intermedium (Wittm.) Prance & Freitas","NY00393438","splink","NY","Morais, H.C.","5679","Native","1977","Prance, G.T.","1978","Ouro","Prata",,"Mogi Guaçu","Nativo em cerrado na Estaçao Experimental. Fazenda Campininha"
"ESTAÇÃO ECOLÓGICA MOGI-GUAÇU","Angiosperms","Rubiaceae","Alibertia",,"A.Rich. ex DC.","RUBIACEAE Alibertia A.Rich. ex DC.","28416","x","IAC","Jung-Mendacolli, S.L.","72","Native","1977","Jung-Mendacolli, S.L.","1977","Ouro","Prata",,"Mogi Guaçu","Fazenda Campininha"
"ESTAÇÃO ECOLÓGICA MOGI-GUAÇU","Angiosperms","Myrtaceae","Myrcia","venulosa","DC.","MYRTACEAE Myrcia venulosa DC.","154878","splink","SP","Gibbs, P.E.","3398","Native","1976","Kawasaki, M.L.",,"Ouro","Prata",,"Mogi Guaçu","25km NW de Mogi Guaçu, Estação Experimental de Mogi Guaçu, Fazenda Campininha."
"ESTAÇÃO ECOLÓGICA MOGI-GUAÇU","Angiosperms","Violaceae","Pombalia","communis","(A.St.-Hil.) Paula-Souza","VIOLACEAE Pombalia communis (A.St.-Hil.) Paula-Souza","W20100013038","x","W","Gibbs, P.E.","3367","Native","1976","Paula-Souza, J.",,"Ouro","Prata",,"Mogi Guaçu","25 km NW de Mogi Guaçu, Estação Experimental de Mogi Guaçu, Fazenda Campininha"
"ESTAÇÃO ECOLÓGICA MOGI-GUAÇU","Angiosperms","Fabaceae","Tipuana","tipu","(Benth.) Kuntze","FABACEAE Tipuana tipu (Benth.) Kuntze","K000908624","REFLORA","K","Gibbs, P.E.","3542","Native","1976","Administrador","2020","Ouro","Prata",,"Mogi Guaçu","25 km NW de Moji-Guaçu. Estação Experimental de Moji-Guaçu (Fazenda Campininha)."
"ESTAÇÃO ECOLÓGICA MOGI-GUAÇU","Angiosperms","Elaeocarpaceae","Sloanea","petalata","D.Sampaio e V.C.Souza","ELAEOCARPACEAE Sloanea petalata D.Sampaio e V.C.Souza","UEC060394","splink","UEC","Gibbs, P.E.","3553","Native","1976","Sampaio, D.","2009","Ouro","Prata",,"Mogi Guaçu","Estação experimental de Mogi Guaçu, 25 Km. NW de Mogi-Guaçu. Fazenda Campininha)."
"ESTAÇÃO ECOLÓGICA MOGI-GUAÇU","Angiosperms","Fabaceae","Machaerium","hirtum","(Vell.) Stellfeld","FABACEAE Machaerium hirtum (Vell.) Stellfeld","UEC183406","splink","UEC","Gibbs, P.E.","4051","Native","1976","Filardi, F.L.R.","2009","Ouro","Prata",,"Mogi Guaçu","25Km, NW de Mogi Guaçú. Estação Biológica de Mogi Guaçu, (faz. Campininha)"
"ESTAÇÃO ECOLÓGICA MOGI-GUAÇU","Angiosperms","Lamiaceae","Aegiphila","integrifolia","(Jacq.) Moldenke","LAMIACEAE Aegiphila integrifolia (Jacq.) Moldenke","IAN154952","splink","IAN","Gibbs, P.E.","3551","Native","1976","Franca, F.","2006","Ouro","Prata",,"Mogi Guaçu","25Km NW dfe Mogi-guaçu. Estação Experimental de Mogi-guaçu, fazenda Campininha. Cerradão, cerrado."
"ESTAÇÃO ECOLÓGICA MOGI-GUAÇU","Angiosperms","Asteraceae","Chromolaena","chaseae","(B.L.Rob.) R.M.King & H.Robinson","ASTERACEAE Chromolaena chaseae (B.L.Rob.) R.M.King & H.Robinson","UEC123307","splink","UEC","Leitao Filho, H.F.","2165","Native","1976","Esteves, R.L.","2005","Ouro","Prata",,"Mogi Guaçu","Fazenda Campininha."
"ESTAÇÃO ECOLÓGICA MOGI-GUAÇU","Angiosperms","Cyperaceae","Cyperus","haspan","L.","CYPERACEAE Cyperus haspan L.","UEC075222","splink","UEC","Gibbs, P.E.","3669","Native","1976","Tucker, G.C.","2000","Ouro","Prata",,"Mogi Guaçu","Estação Experimental de Mogi-Guaçu, Fazenda Campininha."
"ESTAÇÃO ECOLÓGICA MOGI-GUAÇU","Angiosperms","Polygonaceae","Polygonum","punctatum","Elliott","POLYGONACEAE Polygonum punctatum Elliott","UEC157056","splink","UEC","Gibbs, P.E.","3641","Native","1976","Melo, E.","2000","Ouro","Prata",,"Mogi Guaçu","Estação Experimental de Mogi-Guaçu, 25 Km. NW de Mogi-Guaçú. Fazenda Campininha."
"ESTAÇÃO ECOLÓGICA MOGI-GUAÇU","Angiosperms","Verbenaceae","Duranta","erecta","L.","VERBENACEAE Duranta erecta L.","UEC168137","splink","UEC","Leitao Filho, H.F.","2248","Native","1976","Franca, F.","1998","Ouro","Prata",,"Mogi Guaçu","Fazenda Campininha."
"ESTAÇÃO ECOLÓGICA MOGI-GUAÇU","Angiosperms","Cactaceae","Epiphyllum","phyllanthus","(L.) Haw.","CACTACEAE Epiphyllum phyllanthus (L.) Haw.","UFG0010193","splink","UFG","Gibbs, P.","3556","Native","1976","Kiesling, R.","1997","Ouro","Prata",,"Mogi Guaçu","Fazenda Campininha, do Instituto Florestal. Nativo em cerrado fechado."
"ESTAÇÃO ECOLÓGICA MOGI-GUAÇU","Angiosperms","Fabaceae","Bauhinia","ungulata","L.","FABACEAE Bauhinia ungulata L.","UEC144406","splink","UEC","Leitao Filho, H.F.","2251","Native","1976","Vaz, A.M.S.F.","1996","Ouro","Prata",,"Mogi Guaçu","Estação Biológica de Mogi Guaçu, (faz. Campininha)"
"ESTAÇÃO ECOLÓGICA MOGI-GUAÇU","Angiosperms","Caryocaraceae","Caryocar","brasiliense","Cambess.","CARYOCARACEAE Caryocar brasiliense subsp. brasiliense Cambess.","NY00393436","splink","NY","Gibbs, P.E.","3358","Native","1976","Prance, G.T.","1978","Ouro","Prata",,"Mogi Guaçu","25 km. NW de Mogi-Guaçu. Estaçao Experimental de Mogi-Guaçu (Fazenda Campininha)"
"ESTAÇÃO ECOLÓGICA MOGI-GUAÇU","Angiosperms","Asteraceae","Achyrocline","satureioides","(Lam.) DC.","ASTERACEAE Achyrocline satureioides (Lam.) DC.","UB1334586",,"UB","Kuhn, E.","s.n.","Native","1975","Barroso, G.M.",,"Ouro","Prata",,"Mogi Guaçu","Fazenda Campininha."
"ESTAÇÃO ECOLÓGICA MOGI-GUAÇU","Angiosperms","Bignoniaceae","Jacaranda","caroba","(Vell.) DC.","BIGNONIACEAE Jacaranda caroba (Vell.) DC.","MO089356","x","MO","Morawetz, W.","11-291075","Native","1975",,,"Ouro","Prata",,"Mogi Guaçu","Mogi Guacu, Faz. Campininha"
"ESTAÇÃO ECOLÓGICA MOGI-GUAÇU","Angiosperms","Phyllanthaceae","Phyllanthus","orbiculatus","Rich.","PHYLLANTHACEAE Phyllanthus orbiculatus Rich.","SP0153851","splink","SP","Kuhn, E.","s.n.","Native","1975","Cordeiro, I.","1982","Ouro","Prata",,"Mogi Guaçu","Fazenda Campininha"
"ESTAÇÃO ECOLÓGICA MOGI-GUAÇU","Angiosperms","Campanulaceae","Lobelia","fistulosa","Vell.","CAMPANULACEAE Lobelia fistulosa Vell.","154275","splink","SP","Kuhn, E.","s.n.","Native","1973","Vieira, A.O.S.","1997","Ouro","Prata",,"Mogi Guaçu","Fazenda Campininha"
"ESTAÇÃO ECOLÓGICA MOGI-GUAÇU","Angiosperms","Bignoniaceae","Jacaranda","cuspidifolia","Mart.","BIGNONIACEAE Jacaranda cuspidifolia Mart.","RB00057449","x","RB","Alves, H.","326","Native","1973","Vattimo, I.","1982","Ouro","Prata",,"Mogi Guaçu","Moji-Guaçu. Fazenda Campininha."
"ESTAÇÃO ECOLÓGICA MOGI-GUAÇU","Angiosperms","Cunoniaceae","Lamanonia","ternata","Vell.","CUNONIACEAE Lamanonia ternata Vell.","153883","splink","SP","Kuhn, E.","s.n.","Native","1972","Zickel, C.S.","1996","Ouro","Prata",,"Mogi Guaçu","Fazenda Campininha"
"ESTAÇÃO ECOLÓGICA MOGI-GUAÇU","Angiosperms","Poaceae",,,"Barnhart","POACEAE Poaceae Barnhart","6992","x","PEUFR","Sendulsky, T.","1123","Native","1971",,,"Ouro","Prata",,"Mogi Guaçu","Fazenda Campininha"
"ESTAÇÃO ECOLÓGICA MOGI-GUAÇU","Angiosperms","Poaceae","Saccharum",,"L.","POACEAE Saccharum L.","114134","x","SP","Sendulsky, T.","1120","Native","1971",,,"Ouro","Prata",,"Mogi Guaçu","Fazenda Campininha"
"ESTAÇÃO ECOLÓGICA MOGI-GUAÇU","Angiosperms","Poaceae","Steinchisma","laxum","(Sw.) Zuloaga","POACEAE Steinchisma laxum (Sw.) Zuloaga","CEN00052517","x","CEN","Sendulsky, T.","1119","Native","1971","Valls, J.F.M.",,"Ouro","Prata",,"Mogi Guaçu","Fazenda Campininha."
"ESTAÇÃO ECOLÓGICA MOGI-GUAÇU","Angiosperms","Poaceae","Trachypogon",,"Nees","POACEAE Trachypogon Nees","114144","splink","SP","Sendulsky, T.","1130","Native","1971",,,"Ouro","Prata",,"Mogi Guaçu","Fazenda Campininha"
"ESTAÇÃO ECOLÓGICA MOGI-GUAÇU","Angiosperms","Poaceae","Eriochrysis","cayennensis","P.Beauv.","POACEAE Eriochrysis cayennensis P.Beauv.","SP044510","splink","SP","Sendulsky, T.","1123","Native","1971",,"2001","Ouro","Prata",,"Mogi Guaçu","Fazenda Campininha"
"ESTAÇÃO ECOLÓGICA MOGI-GUAÇU","Angiosperms","Poaceae","Andropogon","selloanus","(Hack.) Hack.","POACEAE Andropogon selloanus (Hack.) Hack.","114136","x","SP","Sendulsky, T.","1122","Native","1971","Zanin, A.","1997","Ouro","Prata",,"Mogi Guaçu","Fazenda Campininha"
"ESTAÇÃO ECOLÓGICA MOGI-GUAÇU","Angiosperms","Poaceae","Andropogon","lateralis","Nees","POACEAE Andropogon lateralis Nees","SP040361","splink","SP","Sendulsky, T.","1121","Native","1971","Sendulsky, T.","1981","Ouro","Prata",,"Mogi Guaçu","Fazenda Campininha"
"ESTAÇÃO ECOLÓGICA MOGI-GUAÇU","Angiosperms","Solanaceae","Solanum","paniculatum","L.","SOLANACEAE Solanum paniculatum L.","153870","splink","SP","Kuhn, E.","178","Native","1971","Carvalho, L.A.F.","1981","Ouro","Prata",,"Mogi Guaçu","Fazenda Campininha"
"ESTAÇÃO ECOLÓGICA MOGI-GUAÇU","Angiosperms","Fabaceae","Cajanus","cajan","(L.) Huth","FABACEAE Cajanus cajan (L.) Huth","108692","splink","SP","Mattos, J.R.","15475","Native","1969","Burkart, A.","1974","Ouro","Prata",,"Mogi Guaçu","Fazenda Campininha, perto de Pádua Sales, Cultivado. Estação Experimental de Mogi Guaçu"
"ESTAÇÃO ECOLÓGICA MOGI-GUAÇU","Angiosperms","Gentianaceae","Deianira","erubescens","Cham. & Schltdl.","GENTIANACEAE Deianira erubescens Cham. & Schltdl.","119487","x","SP","Hoehne, W.","6122","Native","1966","Guimaraes, E.F.","1990","Ouro","Prata",,"Mogi Guaçu","Fazenda Campininha"
"ESTAÇÃO ECOLÓGICA MOGI-GUAÇU","Angiosperms","Melastomataceae","Rhynchanthera","dichotoma","(Desr.) DC.","MELASTOMATACEAE Rhynchanthera dichotoma (Desr.) DC.","119539","splink","SP","Hoehne, W.","6129","Native","1966","Renner, S.S.","1987","Ouro","Prata",,"Mogi Guaçu","Fazenda Campininha"
"ESTAÇÃO ECOLÓGICA MOGI-GUAÇU","Angiosperms","Calophyllaceae","Kielmeyera","variabilis","Mart. & Zucc.","CALOPHYLLACEAE Kielmeyera variabilis Mart. & Zucc.","84866","splink","SP","Paula, J.E.","199","Native","1965","Bittrich, V.","2008","Ouro","Prata",,"Mogi Guaçu","Fazenda Campininha"
"ESTAÇÃO ECOLÓGICA MOGI-GUAÇU","Angiosperms","Cyperaceae","Bulbostylis","sphaerolepis","(Boeckeler) Beetle","CYPERACEAE Bulbostylis sphaerolepis (Boeckeler) Beetle","157965","splink","SP","Mattos, J.","12511","Native","1965","Prata, A.P.","1999","Ouro","Prata",,"Mogi Guaçu","Fazenda Campininha, Perto de Pádua Sales"
"ESTAÇÃO ECOLÓGICA MOGI-GUAÇU","Angiosperms","Cyperaceae","Eleocharis","acutangula","(Roxb.) Schult.","CYPERACEAE Eleocharis acutangula (Roxb.) Schult.","114244","splink","SP","Mattos, J.","13189","Native","1965","Faria, A.D.","1998","Ouro","Prata",,"Mogi Guaçu","Fazenda Campininha, Perto de Pádua Sales"
"ESTAÇÃO ECOLÓGICA MOGI-GUAÇU","Angiosperms","Pontederiaceae","Pontederia","cordata","L.","PONTEDERIACEAE Pontederia cordata L.","114247","x","SP","Mattos, J.","13197","Native","1965","Faria, A.D.","1996","Ouro","Prata",,"Mogi Guaçu","Fazenda Campininha"
"ESTAÇÃO ECOLÓGICA MOGI-GUAÇU","Angiosperms","Poaceae","Sporobolus","indicus","(L.) R.Br.","POACEAE Sporobolus indicus (L.) R.Br.","156627","splink","SP","Mattos, J.","13173","Native","1965","Boechat, S.C.","1990","Ouro","Prata",,"Mogi Guaçu","Fazenda Campininha, Perto de Pádua Sales."
"ESTAÇÃO ECOLÓGICA MOGI-GUAÇU","Angiosperms","Onagraceae","Ludwigia","octovalvis","(Jacq.) P.H.Raven","ONAGRACEAE Ludwigia octovalvis (Jacq.) P.H.Raven","156498","splink","SP","Mattos, J.","12271","Native","1965","Zardini, E.","1986","Ouro","Prata",,"Mogi Guaçu","Fazenda Campininha, perto de Pádua Sales"
"ESTAÇÃO ECOLÓGICA MOGI-GUAÇU","Angiosperms","Onagraceae","Ludwigia","tomentosa","(Cambess.) H.Hara","ONAGRACEAE Ludwigia tomentosa (Cambess.) H.Hara","156503","splink","SP","Mattos, J.","12269","Native","1965","Zardini, E.","1986","Ouro","Prata",,"Mogi Guaçu","Fazenda Campininha, perto de Pádua Sales"
"ESTAÇÃO ECOLÓGICA MOGI-GUAÇU","Angiosperms","Fabaceae","Copaifera","langsdorffii","(Vogel) Benth.","FABACEAE Copaifera langsdorffii var. glabra (Vogel) Benth.","K000834460","splink","K","Eiten, G.","5614","Native","1964","Costa, J.",,"Ouro","Prata",,"Mogi Guaçu","'Campos das Setes Lagôas'. Fazenda Campininha, just north of Rio Moji-Guaçu 2,5 km NNW of Padua Sales.(about 27 km NW of city of Moji-Mirim)."
"ESTAÇÃO ECOLÓGICA MOGI-GUAÇU","Angiosperms","Lamiaceae","Cyanocephalus","lippioides","(Pohl ex Benth.) Harley & J.F.B.Pastore","LAMIACEAE Cyanocephalus lippioides (Pohl ex Benth.) Harley & J.F.B.Pastore","UB0054619","splink","UB","Eiten, G.","5617","Native","1964","Harley, R.M.",,"Ouro","Prata",,"Mogi Guaçu","""Campos das Sete Lagôas"". Fazenda Campininha, just north of Rio Moji-Guaçu. 6.5 km. NNW of Padua Sales. (About 27 km. NW of city of Moji-Mirim)."
"ESTAÇÃO ECOLÓGICA MOGI-GUAÇU","Angiosperms","Cyperaceae","Eleocharis","bicolor","Chapm.","CYPERACEAE Eleocharis bicolor Chapm.","321637","splink","SP","Eiten, G.","5663","Native","1964","Trevisan, R.","2009","Ouro","Prata",,"Mogi Guaçu","Campos das Sete Lagôas, Fazenda Campininha, just north of Rio Mogi Guaçu 4,0 km NNW of Pádua Sales"
"ESTAÇÃO ECOLÓGICA MOGI-GUAÇU","Angiosperms","Fabaceae","Senna","obtusifolia","(L.) H.S.Irwin & Barneby","FABACEAE Senna obtusifolia (L.) H.S.Irwin & Barneby","128213","splink","SP","Eiten, G.","5627","Native","1964","Barneby, R.C.","1979","Ouro","Prata",,"Mogi Guaçu","Campos das Sete Lagoas, Fazenda Campininha, just N of rio Mogi Guaçu, 3,7km NNW of Padua Sales, campo cerrado"
"ESTAÇÃO ECOLÓGICA MOGI-GUAÇU","Angiosperms","Rubiaceae","Cordiera","myrciifolia","(K.Schum.) C.H.Perss. & Delprete","RUBIACEAE Cordiera myrciifolia (K.Schum.) C.H.Perss. & Delprete","CGMS1112986","splink","CGMS","Gomes Junior, J.C.","1429","Native","1963","Barbosa, M.R.","2012","Ouro","Prata",,"Mogi Guaçu","Fazenda Campininha. Fazenda Campininha."
"ESTAÇÃO ECOLÓGICA MOGI-GUAÇU","Angiosperms","Fabaceae","Hymenaea","stigonocarpa","Mart. ex Hayne","FABACEAE Hymenaea stigonocarpa Mart. ex Hayne","65703","splink","SP","Mattos, J.","10566","Native","1962","Pinto, R.B.","2017","Ouro","Prata",,"Mogi Guaçu","Estação Experimental de Mogi Guaçu, Perto de Pádua Sales, Fazenda Campininha, cerrado"
"ESTAÇÃO ECOLÓGICA MOGI-GUAÇU",,"Xyridaceae","Xyris","stenocephala","Malme","XYRIDACEAE Xyris stenocephala Malme","129652","splink","SP","Eiten, G.","5104",,"1962","Wanderley, M.G.L.","2013","Ouro","Prata",,"Mogi Guaçu","Fazenda Campininha"
"ESTAÇÃO ECOLÓGICA MOGI-GUAÇU",,"Cyperaceae","Cyperus",,"L.","CYPERACEAE Cyperus L.","UB0008799","splink","UB","Eiten, G.","5047",,"1962","Prata, A.P.","2008","Ouro","Prata",,"Mogi Guaçu","""Campos das Sete Lagoas"". Fazenda Campininha, just north of Rio Moji-Guaçu. 1,8 km. NNW of Padua Sales. (About 27 km. NW of city of Moji-Guaçu)."
"ESTAÇÃO ECOLÓGICA MOGI-GUAÇU","Angiosperms","Cyperaceae","Cyperus","pohlii","(Nees) Steud.","CYPERACEAE Cyperus pohlii (Nees) Steud.","330217","splink","SP","Eiten, G.","5047","Native","1962","Tucker, G.C.","2003","Ouro","Prata",,"Mogi Guaçu","Fazenda Campininha"
"ESTAÇÃO ECOLÓGICA MOGI-GUAÇU",,"Xyridaceae","Xyris","tenella","Kunth","XYRIDACEAE Xyris tenella Kunth","129475","splink","SP","Eiten, G.","5105",,"1962","Wanderley, M.G.L.","2003","Ouro","Prata",,"Mogi Guaçu","Fazenda Campininha"
"ESTAÇÃO ECOLÓGICA MOGI-GUAÇU","Angiosperms","Droseraceae","Drosera","communis","A.St.-Hil.","DROSERACEAE Drosera communis A.St.-Hil.","120919","splink","SP","Eiten, G.","5108","Native","1962","Silva, T.R.S.","2000","Ouro","Prata",,"Mogi Guaçu","Fazenda Campininha"
"ESTAÇÃO ECOLÓGICA MOGI-GUAÇU","Angiosperms","Asteraceae","Mikania","officinalis","Mart.","ASTERACEAE Mikania officinalis Mart.","131987","x","ICN","Mattos, J.","9667","Native","1961","Ritter, M.R.",,"Ouro","Prata",,"Mogi Guaçu","Fazenda Campininha"
"ESTAÇÃO ECOLÓGICA MOGI-GUAÇU","Angiosperms","Fabaceae","Mimosa","distans","Benth.","FABACEAE Mimosa distans var. distans Benth.","NY00419252","splink","NY","Eiten, G.","3533","Native","1961","Barneby, R.C.",,"Ouro","Prata",,"Mogi Guaçu","Campos das Sete Lagoas. Fazenda Campininha, just north of Rio Moji-Guaçu. 6.2km. NNW of Padua Sales (About 27km NW of city of Moji-mirim"
"ESTAÇÃO ECOLÓGICA MOGI-GUAÇU","Angiosperms","Melastomataceae","Microlicia","euphorbioides","Mart.","MELASTOMATACEAE Microlicia euphorbioides Mart.","522514","x","NY","Eiten, G.","2718plant 2","Native","1961","Wurdack, J.J.",,"Ouro","Prata",,"Mogi Guaçu","Campos das Sete Lagoas. Fazenda Campininha, just north of Rio Moji-Guaçu, (about 27 km NW of city of Moji-Mirim)"
"ESTAÇÃO ECOLÓGICA MOGI-GUAÇU","Angiosperms","Poaceae","Eragrostis","secundiflora","J.Presl","POACEAE Eragrostis secundiflora J.Presl","UB0017535","x","UB","Eiten, G.","2617","Native","1961","Boechat, S.C.",,"Ouro","Prata",,"Mogi Guaçu","Campos das Sete Lagôas. Fazenda Campiniha, just north of Rio Moji-Guaçu. 3.2 - 3.3 km. NNW of Padua Sales. (About 27 km. NW of city of Mji-Mirim)."
"ESTAÇÃO ECOLÓGICA MOGI-GUAÇU","Angiosperms","Poaceae","Panicum","sellowii","Nees","POACEAE Panicum sellowii Nees","K001078614","splink","K","Eiten, G.","2676","Native","1961","Swallen, J.R.",,"Ouro","Prata",,"Mogi Guaçu","'Campos das Sete Lagôas'. Fazenda Campininha, just north of rio Moji-Guaçu. 8,5km NNE of Padua Sales. About 27km NW of city of Miji-Mirim."
"ESTAÇÃO ECOLÓGICA MOGI-GUAÇU","Angiosperms","Poaceae","Paspalum","conjugatum","P.J.Bergius","POACEAE Paspalum conjugatum P.J.Bergius","NY00662785","splink","NY","Eiten, G.","2673","Native","1961","Swallen, J.R.",,"Ouro","Prata",,"Mogi Guaçu","""Campos das Sete Lagôas"". Fazenda Campininha, just north of Rio Moji-Guaçu. ~8.5 km. NNE of Padua Sales. (About 27 km. NW of city of Moji-Mirim.)"
"ESTAÇÃO ECOLÓGICA MOGI-GUAÇU","Angiosperms","Lamiaceae","Cantinoa","americana","(Aubl.) Harley & J.F.B.Pastore","LAMIACEAE Cantinoa americana (Aubl.) Harley & J.F.B.Pastore","UB0321356","splink","UB","Eiten, G.","2657","Naturalized","1961","Antar, G.M.","2024","Ouro","Prata",,"Mogi Guaçu","""Campos das Sete Lagoas"". Fazenda Campininha, just north of Rio Moji-Guaçu ~8,5km NNE of Padua Sales"
"ESTAÇÃO ECOLÓGICA MOGI-GUAÇU","Angiosperms","Asteraceae","Pterocaulon","virgatum","(L.) DC.","ASTERACEAE Pterocaulon virgatum (L.) DC.","RB00427592","x","RB","Eiten, G.","2566","Native","1961","Monge, M.","2023","Ouro","Prata",,"Mogi Guaçu","Campos das Sete Lagoas. ( Distribuido pelo Inst. de Bot. de S.Paulo).Fazenda Campininha, just north of Rio Moji-Guaçu 3,5 km. NNW of PADUA SALES. ( About 27 km. NW of city of Moji-Mirim )."
"ESTAÇÃO ECOLÓGICA MOGI-GUAÇU","Angiosperms","Fabaceae","Stylosanthes","viscosa","(L.) Sw.","FABACEAE Stylosanthes viscosa (L.) Sw.","K000908741","REFLORA","K","Eiten, G.","2695","Native","1961","Administrador","2020","Ouro","Prata",,"Mogi Guaçu","Campos das Sete Lagôas. Fazenda Campininha, just north of Rio Moji-Guaçu. 3.6 km. NNW of Padua Sales. (About 27km NW of city of Moji-Mirim)."
"ESTAÇÃO ECOLÓGICA MOGI-GUAÇU","Angiosperms","Euphorbiaceae","Croton","antisyphiliticus","Mart.","EUPHORBIACEAE Croton antisyphiliticus Mart.","96583","x","HAS","Mattos, J.","9021","Native","1961","Caruzo, M.B.R.","2019","Ouro","Prata",,"Mogi Guaçu","Fazenda Campininha, além da torre"
"ESTAÇÃO ECOLÓGICA MOGI-GUAÇU","Angiosperms","Commelinaceae","Commelina","diffusa","Burm.f.","COMMELINACEAE Commelina diffusa Burm.f.","117150","splink","SP","Eiten, G.","3515","Native","1961","Barreto, R.C.","2017","Ouro","Prata",,"Mogi Guaçu","Fazenda Campininha"
"ESTAÇÃO ECOLÓGICA MOGI-GUAÇU","Angiosperms","Lamiaceae","Marsypianthes","chamaedrys","(Vahl) Kuntze","LAMIACEAE Marsypianthes chamaedrys (Vahl) Kuntze","64826A","x","SP","Mattos, J.","9621","Native","1961","Antar, G.M.","2017","Ouro","Prata",,"Mogi Guaçu","Fazenda Campininha, perto de Pádua Sales"
"ESTAÇÃO ECOLÓGICA MOGI-GUAÇU","Angiosperms","Asteraceae","Bidens","bipinnata","L.","ASTERACEAE Bidens bipinnata L.","UB00053130","x","UB","Eiten, G.","2599","Naturalized","1961","Robinson, H.","2016","Ouro","Prata",,"Mogi Guaçu","Campos das Sete Lagôas"". Fazenda Campininha, just north of Rio Moji-Guaçu. About 10km north of river & village of Padua Sales (about 30 km NW of city of Moji-Mirim)"
"ESTAÇÃO ECOLÓGICA MOGI-GUAÇU","Angiosperms","Sapindaceae","Serjania","perulacea","Radlk.","SAPINDACEAE Serjania perulacea Radlk.","RBR00032621","splink","RBR","Mattos, J.","9620","Native","1961","Ferrucci, M.S.","2013","Ouro","Prata",,"Mogi Guaçu","Fazenda Campininha, Perto de Padua Sales"
"ESTAÇÃO ECOLÓGICA MOGI-GUAÇU","Angiosperms","Convolvulaceae","Jacquemontia","velutina","Choisy","CONVOLVULACEAE Jacquemontia velutina Choisy","K000945311","x","K","Eiten, G.","2623","Native","1961","Buril, M.T.","2011","Ouro","Prata",,"Mogi Guaçu","Campos das Sete Lagoas. Fazenda Campininha, just north of Rio Moji-Guaçu. 3km NNW of Padua Sales."
"ESTAÇÃO ECOLÓGICA MOGI-GUAÇU","Angiosperms","Myrtaceae",,,"Juss.","MYRTACEAE Myrtaceae Juss.","ASU0008016","splink","ASU","Mattos, J.","9623","Native","1961","Landrum, L.R.","2010","Ouro","Prata",,"Mogi Guaçu","Mogi Guacu,, perto de Padua Sales, Fazenda Campininha"
"ESTAÇÃO ECOLÓGICA MOGI-GUAÇU","Angiosperms","Poaceae","Axonopus","siccus","(Nees) Kuhlm.","POACEAE Axonopus siccus (Nees) Kuhlm.","1577004","x","MO","Eiten, G.","2581","Native","1961","Morrone, O.","2008","Ouro","Prata",,"Mogi Guaçu","Mun. de Moji-Guaçu: ""Campos das Sete Lagôas"". Fazenda Campininha, just N of Rio Moji-Guaçu. 4.6 km NNW of Padua Sales. (About 27 km NW of city of Moji-Mirim.) General vegetation: campo cerrado on upland (or occasionally forest). Open marsh or dense secondary forest along streams. This habitat: degraded campo cerrado. Well-scattered shrubs and small trees twisted by former fires, giving a savanna-like aspect. Ground cover of grasses and herbs. Soil poor, reddish brown fine sand with a little clay"
"ESTAÇÃO ECOLÓGICA MOGI-GUAÇU","Angiosperms","Rubiaceae","Galianthe","palustris","(Cham. & Schltdl.) Cabaña Fader & E. L. Cabral,","RUBIACEAE Galianthe palustris (Cham. & Schltdl.) Cabaña Fader & E. L. Cabral,","UB1323612",,"UB","Eiten, G.","3517","Native","1961","Delprete, P.G.","2008","Ouro","Prata",,"Mogi Guaçu","""Campos das Sete lagoas"". Fazenda Campininha, just north of Rio Moji-Guaçu. 1.8km NNW of Padua Sales. About 27km NW of city of Moji-Mirim. 22°11-18´ S, 47°7-10´W."
"ESTAÇÃO ECOLÓGICA MOGI-GUAÇU","Angiosperms","Euphorbiaceae","Croton","gnaphaloides","Schrad.","EUPHORBIACEAE Croton gnaphaloides Schrad.","SP0337002","splink","SP","Mattos, J.R.","s.n.","Native","1961","Cordeiro, I.","2006","Ouro","Prata",,"Mogi Guaçu","Fazenda Campininha.&nf;No campo sujo do cerrado degradado."
"ESTAÇÃO ECOLÓGICA MOGI-GUAÇU","Bryophytes","Fabaceae","Chamaecrista","rotundifolia","(Pers.) Greene","FABACEAE Chamaecrista rotundifolia var. rotundifolia (Pers.) Greene","139190","splink","SP","Eiten, G.","2603","Native","1961","Conceicao, A.S.","2003","Ouro","Prata",,"Mogi Guaçu","Campos das Sete Lagoas, Fazenda Campininha, justh north of rio Mogi Guaçu, 3,2-3,3km NNW of Padua Sales, campo cerrado"
"ESTAÇÃO ECOLÓGICA MOGI-GUAÇU","Angiosperms","Xyridaceae","Xyris","asperula","Mart.","XYRIDACEAE Xyris asperula Mart.","74416","splink","SP","Eiten, G.","2720","Native","1961","Wanderley, M.G.L.","2003","Ouro","Prata",,"Mogi Guaçu","Fazenda Campininha"
"ESTAÇÃO ECOLÓGICA MOGI-GUAÇU","Angiosperms","Asteraceae","Barrosoa","candolleana","(Hook. & Arn.) R.M.King & H.Rob.","ASTERACEAE Barrosoa candolleana (Hook. & Arn.) R.M.King & H.Rob.","79849","splink","SP","Eiten, G.","2708","Native","1961","Esteves, R.L.","2002","Ouro","Prata",,"Mogi Guaçu","Fazenda Campininha, Campos das Sete Lagoas. 3.7km NNW of Padua Sales."
"ESTAÇÃO ECOLÓGICA MOGI-GUAÇU","Angiosperms","Poaceae","Digitaria","ciliaris","(Retz.) Koeler","POACEAE Digitaria ciliaris (Retz.) Koeler","127480","splink","SP","Eiten, G.","2658","Native","1961","Canto-Dorow, T.S.","2001","Ouro","Prata",,"Mogi Guaçu","Fazenda Campininha, ""Campos das Sete Lagoas"". (About 27 km NW of city of Mogi-Mirim)."
"ESTAÇÃO ECOLÓGICA MOGI-GUAÇU","Angiosperms","Poaceae","Saccharum","villosum","Steud.","POACEAE Saccharum villosum Steud.","130659","splink","SP","Eiten, G.","2585","Native","1961","Filgueiras, T.S.","2001","Ouro","Prata",,"Mogi Guaçu","Fazenda Campininha, Campo das Sete Lagoas. Fazenda Campininha, just north of Rio Mogi-Guaçu. Ca. 5 km NNW of Padua Sales."
"ESTAÇÃO ECOLÓGICA MOGI-GUAÇU","Angiosperms","Polygonaceae","Polygonum","meisnerianum","Cham.","POLYGONACEAE Polygonum meisnerianum Cham.","216079","splink","SP","Eiten, G.","3518","Native","1961","Melo, E.","2000","Ouro","Prata",,"Mogi Guaçu","Fazenda Campininha"
"ESTAÇÃO ECOLÓGICA MOGI-GUAÇU","Angiosperms","Poaceae","Eragrostis","pilosa","(L.) P.Beauv.","POACEAE Eragrostis pilosa (L.) P.Beauv.","SP044194","splink","SP","Eiten, G.","2668","Native","1961","Boechat, S.C.","1995","Ouro","Prata",,"Mogi Guaçu","Fazenda Campininha, ""Campos das Sete lagoas"". Just north of rio Mogi-Guaçu. Ca. 8.5 km NNW of Padua Sales. ( About 27 km NW of city of Mogi Mirim)."
"ESTAÇÃO ECOLÓGICA MOGI-GUAÇU","Angiosperms","Phytolaccaceae","Phytolacca","thyrsiflora","Fenzl. ex J.A.Schmidt","PHYTOLACCACEAE Phytolacca thyrsiflora Fenzl. ex J.A.Schmidt","97281","splink","SP","Eiten, G.","3526","Native","1961","Marchioretto, M.S.","1993","Ouro","Prata",,"Mogi Guaçu","Fazenda Campininha"
"ESTAÇÃO ECOLÓGICA MOGI-GUAÇU","Angiosperms","Fabaceae","Mimosa","distans","Benth.","FABACEAE Mimosa distans Benth.","SP025594","splink","SP","Eiten, G.","3533","Native","1961","Barneby, R.C.","1991","Ouro","Prata",,"Mogi Guaçu","Fazenda Campininha, Campos das Sete Lagoas, just north Rio Moji-Guaçu 6,2 km NNW of Padua Sales"
"ESTAÇÃO ECOLÓGICA MOGI-GUAÇU","Angiosperms","Polygonaceae","Polygonum","acuminatum","Kunth","POLYGONACEAE Polygonum acuminatum Kunth","195577","splink","SP","Eiten, G.","3512","Native","1961","Melo, E.","1990","Ouro","Prata",,"Mogi Guaçu","Fazenda Campininha"
"ESTAÇÃO ECOLÓGICA MOGI-GUAÇU","Angiosperms","Asteraceae","Ichthyothere",,"Mart.","ASTERACEAE Ichthyothere Mart.","NY01080699","x","NY","Eiten, G.","2741","Native","1961","Pruski, J.F.","1986","Ouro","Prata",,"Mogi Guaçu","Campos das Sete Lagôas"". Fazenda Campininha, just north of Rio Moji-Guaçu. 3.7 km NNW of Padua Sales. (About 27 km NW of city of Moji-Mirim.)"
"ESTAÇÃO ECOLÓGICA MOGI-GUAÇU","Angiosperms","Onagraceae","Ludwigia","elegans","(Cambess.) H.Hara","ONAGRACEAE Ludwigia elegans (Cambess.) H.Hara","77352","splink","SP","Eiten, G.","3521","Native","1961","Zardini, E.","1985","Ouro","Prata",,"Mogi Guaçu","Fazenda Campininha"
"ESTAÇÃO ECOLÓGICA MOGI-GUAÇU","Angiosperms","Fabaceae","Chamaecrista","rotundifolia","(Pers.) Greene","FABACEAE Chamaecrista rotundifolia (Pers.) Greene","127625","x","UB","Eiten, G.","2603","Native","1961","Barneby, R.","1984","Ouro","Prata",,"Mogi Guaçu","Campos das Sete Lagoas. Fazenda Campinha."
"ESTAÇÃO ECOLÓGICA MOGI-GUAÇU","Angiosperms","Asteraceae","Acmella","bellidioides","(Sm.) R.K.Jansen","ASTERACEAE Acmella bellidioides (Sm.) R.K.Jansen","NY00663735","splink","NY","Eiten, G.","3531","Native","1961","Jansen, R.K.","1982","Ouro","Prata",,"Mogi Guaçu","""Campos das Sete Lagôas"". Fazenda Campininha, just north of Rio Moji-Guaçu. 6.2 km NNW of Padua Sales (about 27 km of city of Moji-Mirim)"
"ESTAÇÃO ECOLÓGICA MOGI-GUAÇU","Angiosperms","Fabaceae","Chamaecrista","nictitans","(DC. ex Collad.) H.S.Irwin & Barneby","FABACEAE Chamaecrista nictitans subsp. patellaria (DC. ex Collad.) H.S.Irwin & Barneby","154026","splink","SP","Eiten, G.","2660","Native","1961","Irwin, H.S.","1982","Ouro","Prata",,"Mogi Guaçu","Campos das Sete Lagoas, Fazenda Campininha, just north of Rio Mogi Guaçu, 8,5km NNE of Padua Sales, campo cerrado. Small clearing in forest along brook"
"ESTAÇÃO ECOLÓGICA MOGI-GUAÇU","Angiosperms","Poaceae","Panicum","olyroides","Kunth","POACEAE Panicum olyroides Kunth","NY00661931","splink","NY","Eiten, G.","2577","Native","1961","Zuloaga, F.O.","1982","Ouro","Prata",,"Mogi Guaçu","""Campos das Sete Lagôas"". Fazenda Campininha, just north of Rio Moji-Guaçu. 6.6 km. NNW of Padua Sales (About 27 km. NW of city of Moji-Mirim.)"
"ESTAÇÃO ECOLÓGICA MOGI-GUAÇU","Angiosperms","Poaceae","Eleusine","indica","(L.) Gaertn.","POACEAE Eleusine indica (L.) Gaertn.","UB0017736","x","UB","Eiten, G.","2666","Native","1961","Soderstrom, T.R.","1968","Ouro","Prata",,"Mogi Guaçu","Campos das Sete Lagoas. Fazenda Campininha"
"ESTAÇÃO ECOLÓGICA MOGI-GUAÇU","Angiosperms","Poaceae","Urochloa","plantaginea","(Link) R.D.Webster","POACEAE Urochloa plantaginea (Link) R.D.Webster","CESJ069008","splink","CESJ","Eiten, G.","2664","Native","1961","Soderstrom, T.R.","1968","Ouro","Prata",,"Mogi Guaçu","Campo das Sete Lagoas, Fazenda Campininha, just north of Rio Moji-Guaçu. Ca. 8.5 km NNE of Padua Sales. (About 27 km NW of city of Moji-Mirim.)"
"ESTAÇÃO ECOLÓGICA MOGI-GUAÇU","Angiosperms","Asteraceae","Achyrocline","alata","(Kunth) DC.","ASTERACEAE Achyrocline alata (Kunth) DC.","NY00663764","splink","NY","Eiten, G.","2583","Native","1961","Barroso, G.M.","1966","Ouro","Prata",,"Mogi Guaçu","""campos das Sete Lagôas"". Fazenda Campininha, just north of Rio Moji-Guaçu. 4.6 km NNW of Padua Sales (about 27 km NW of city of Moji-Mirim)"
"ESTAÇÃO ECOLÓGICA MOGI-GUAÇU","Angiosperms","Asteraceae","Ichthyothere","rufa","Gardner","ASTERACEAE Ichthyothere rufa Gardner","64809","splink","SP","Mattos, J.","9664","Native","1961","Barroso, G.M.","1963","Ouro","Prata",,"Mogi Guaçu","Fazenda Campininha, ca. da Torre"
"ESTAÇÃO ECOLÓGICA MOGI-GUAÇU","Angiosperms","Eriocaulaceae","Paepalanthus","flaccidus","(Bong.) Kunth","ERIOCAULACEAE Paepalanthus flaccidus (Bong.) Kunth","K000988133","x","K","Eiten, G.","1924","Native","1960","Moldenke, H.N.",,"Ouro","Prata",,"Mogi Guaçu","Campos das Sete Lagoas. Fazenda Campinha, just north of Rio Moji-Guaçi. 3.7km NNW of Padua Sales."
"ESTAÇÃO ECOLÓGICA MOGI-GUAÇU","Angiosperms","Fabaceae","Calliandra","parvifolia","(Hook. & Arn.) Speg.","FABACEAE Calliandra parvifolia (Hook. & Arn.) Speg.","NY00408600","splink","NY","Eiten, G.","2217","Native","1960","Barneby, R.C.",,"Ouro","Prata",,"Mogi Guaçu","""Campos das Sete Lagoas"". Fazenda Campininha, just north of Rio Moji-Guaçu. 4.6km NNW of Padua Slaes (about 27km NW of city of Moji-Mirim)"
"ESTAÇÃO ECOLÓGICA MOGI-GUAÇU","Angiosperms","Malpighiaceae","Heteropterys","procoriacea","Nied.","MALPIGHIACEAE Heteropterys procoriacea Nied.","475914","x","NY","Mattos, J.R.","8244","Native","1960","Anderson, W.R.",,"Ouro","Prata",,"Mogi Guaçu","Fazenda Campininha, 3,0-3,2 km NNW de Padua Sales"
"ESTAÇÃO ECOLÓGICA MOGI-GUAÇU",,"Myrtaceae","Eugenia",,"L.","MYRTACEAE Eugenia L.","83526","x","HAS","Mattos, J.","32415",,"1960",,,"Ouro","Prata",,"Mogi Guaçu","Fazenda Campininha"
"ESTAÇÃO ECOLÓGICA MOGI-GUAÇU","Angiosperms","Myrtaceae","Myrcia","guianensis","(Aubl.) DC.","MYRTACEAE Myrcia guianensis (Aubl.) DC.","UB1009994","splink","UB","Mattos, J.R.","8440","Native","1960","Kawasaki, M.L.",,"Ouro","Prata",,"Mogi Guaçu","Fazenda Campininha, 4,2km NNW de Padua Sales."
"ESTAÇÃO ECOLÓGICA MOGI-GUAÇU","Angiosperms","Myrtaceae","Myrcia","lasiantha","DC.","MYRTACEAE Myrcia lasiantha DC.","885664","x","NY","Eiten, G.","2204","Native","1960","Legrand, C.M.D.E.",,"Ouro","Prata",,"Mogi Guaçu","Campos das Sete Lagôas. Fazenda Campininha, just north of Rio Moji-Guaçu. 4 km NNW of Padua Sales. About 27 km NW of city of Moji-Mirim."
"ESTAÇÃO ECOLÓGICA MOGI-GUAÇU","Angiosperms","Myrtaceae","Myrcia","tortuosa","(O.Berg) N.Silveira","MYRTACEAE Myrcia tortuosa (O.Berg) N.Silveira","232513","x","MBM","Mattos, J.R.","174","Native","1960","Mattos, J.R.",,"Ouro","Prata",,"Mogi Guaçu","Fazenda Campininha."
"ESTAÇÃO ECOLÓGICA MOGI-GUAÇU","Angiosperms","Poaceae","Loudetiopsis","chrysothrix","(Nees) Conert","POACEAE Loudetiopsis chrysothrix (Nees) Conert","K001059578","x","K","Eiten, G.","1722","Native","1960","Oliveira, R.P.",,"Ouro","Prata",,"Mogi Guaçu","Campos das Sete Lagôas, Fazenda Campininha, just north of Rio Moji Guaçu, 4km NNW of Padua Sales, about 27km NW of city of Moji Mirim."
"ESTAÇÃO ECOLÓGICA MOGI-GUAÇU","Angiosperms","Poaceae","Luziola","bahiensis","(Steud.) Hitchc.","POACEAE Luziola bahiensis (Steud.) Hitchc.","V106460","x","UBC","Eiten, G.","1971","Native","1960","Swallen, J.R.",,"Ouro","Prata",,"Mogi Guaçu","Municipio de Moji-Guaçu, Campos das Sete Lagôas, Fazenda Campininha, just north of Rio Moij-Guaçu. 3.7 km NNW of Padua sales."
"ESTAÇÃO ECOLÓGICA MOGI-GUAÇU","Angiosperms","Poaceae","Paspalum","coryphaeum","Trin.","POACEAE Paspalum coryphaeum Trin.","2971346","splink","MO","Mattos, J.R.","8550","Native","1960","Davidse, G.",,"Ouro","Prata",,"Mogi Guaçu","Município de Moji-Guacu: Fazenda Campininha, 10 km NNW de PADUA SALES. Cerrado derrubado, quemado e arado para plantar Pinus."
"ESTAÇÃO ECOLÓGICA MOGI-GUAÇU","Angiosperms","Verbenaceae","Stachytarpheta","maximilianii","Schauer","VERBENACEAE Stachytarpheta maximilianii var. glabrata Schauer","NY00583278","x","NY","Eiten, G.","1714",,"1960","Moldenke, H.N.",,"Ouro","Prata",,"Mogi Guaçu","Campos das Sete Lagôas"". Fazenda Campininha, just north of Rio Moji-Guaçu. 3.4 km. NNW of Padua Sales. (27 km. NW of city of Moji-Mirim.)"
"ESTAÇÃO ECOLÓGICA MOGI-GUAÇU","Angiosperms","Fabaceae","Chamaecrista","desvauxii","(Collad.) Killip","FABACEAE Chamaecrista desvauxii var. desvauxii (Collad.) Killip","K000839652","REFLORA","K","Eiten, G.","1746","Native","1960","Administrador","2020","Ouro","Prata",,"Mogi Guaçu","Campos das Sete Lagoas. Fazenda Campininha, just north of Rio Moji-Guaçu. 4,2Km NNW of Padua Sales.(About 27Km NW of city of Moji-Morim)."
"ESTAÇÃO ECOLÓGICA MOGI-GUAÇU","Angiosperms","Ochnaceae","Sauvagesia","racemosa","A.St.-Hil.","OCHNACEAE Sauvagesia racemosa A.St.-Hil.","UB1009961",,"UB","Mattos, J.R.","8230","Native","1960","Chacon, R.G.","2019","Ouro","Prata",,"Mogi Guaçu","3km NNW de Padua Sales. Fazenda Campininha."
"ESTAÇÃO ECOLÓGICA MOGI-GUAÇU","Angiosperms","Euphorbiaceae","Astraea","lobata","(L.) Klotzsch","EUPHORBIACEAE Astraea lobata (L.) Klotzsch","SP0075385","splink","SP","Mattos, J.R.","8512","Native","1960","Silva, O.L.M.","2018","Ouro","Prata",,"Mogi Guaçu","Fazenda Campininha, 7 km NNW de Padua Sales. Cerrado derrubado, queimado e arado para plantar Pinus."
"ESTAÇÃO ECOLÓGICA MOGI-GUAÇU","Angiosperms","Bignoniaceae","Handroanthus","chrysotrichus","(Mart. ex DC.) Mattos","BIGNONIACEAE Handroanthus chrysotrichus (Mart. ex DC.) Mattos","127464","splink","SP","Mattos, J.R.","8378","Native","1960","Lohmann, L.G.","2016","Ouro","Prata",,"Mogi Guaçu","Fazenda Campininha, 3,4 km NNW de Pádua Sales"
"ESTAÇÃO ECOLÓGICA MOGI-GUAÇU","Angiosperms","Asteraceae","Moquiniastrum","barrosoae","(Cabrera) G. Sancho","ASTERACEAE Moquiniastrum barrosoae (Cabrera) G. Sancho","MO2279237","x","MO","Mattos, J.R.","8275","Native","1960","Pruski, J.","2014","Ouro","Prata",,"Mogi Guaçu","Fazenda Campininha, 3,2-3,4 km NNW de Padua Sales. Em frente da sede."
"ESTAÇÃO ECOLÓGICA MOGI-GUAÇU","Angiosperms","Gentianaceae","Chelonanthus","viridiflorus","(Mart.) Gilg","GENTIANACEAE Chelonanthus viridiflorus (Mart.) Gilg","74304","splink","SP","Eiten, G.","2284","Native","1960","Cordeiro, I.","2014","Ouro","Prata",,"Mogi Guaçu","Fazenda Campininha"
"ESTAÇÃO ECOLÓGICA MOGI-GUAÇU","Angiosperms","Piperaceae","Piper","dilatatum","Rich.","PIPERACEAE Piper dilatatum Rich.","188382","x","UB","Mattos, J.R.","8516","Native","1960","Carvalho-Silva, M.","2013","Ouro","Prata",,"Mogi Guaçu","Fazenda Campininha, uns poucos km NNW de Padua Sales."
"ESTAÇÃO ECOLÓGICA MOGI-GUAÇU","Angiosperms","Malpighiaceae","Galphimia","australis","Chodat","MALPIGHIACEAE Galphimia australis Chodat","SP010724","splink","SP","Mattos, J.R.","8484","Native","1960","Mamede, M.C.H.","2012","Ouro","Prata",,"Mogi Guaçu","Fazenda Campininha, 7 km NNW de Pádua Sales"
"ESTAÇÃO ECOLÓGICA MOGI-GUAÇU","Angiosperms","Fabaceae","Erythrina","crista-galli","L.","FABACEAE Erythrina crista-galli L.","SPSF00007695","splink","SPSF","Costa, B.",,"Native","1960","Martins, M.V.","2011","Ouro","Prata",,"Mogi Guaçu","Fazenda Campininha."
"ESTAÇÃO ECOLÓGICA MOGI-GUAÇU","Angiosperms","Acanthaceae","Dyschoriste","maranhonis","(Nees) Kuntze","ACANTHACEAE Dyschoriste maranhonis (Nees) Kuntze","75362","splink","SP","Mattos, J.R.","8530","Native","1960","Kameyama, C.","2010","Ouro","Prata",,"Mogi Guaçu","Fazenda Campininha, 2 km NNW de Pádua Sales"
"ESTAÇÃO ECOLÓGICA MOGI-GUAÇU","Angiosperms","Phyllanthaceae","Moeroris","stipulata","Raf.","PHYLLANTHACEAE Moeroris stipulata Raf.","SP0109803","splink","SP","Mattos, J.R.","8226","Native","1960","Martins, E.R.","2009","Ouro","Prata",,"Mogi Guaçu","3 km NNW de Pádua Sales. Fazenda Campininha.&nf;Faixa arbustiva de vegetação de transição de uns poucos metros de largura entre um capão de mata baixa e terreno brejoso, abert. Solo encharcado orgânico."
"ESTAÇÃO ECOLÓGICA MOGI-GUAÇU","Angiosperms","Poaceae","Mnesithea","aurita","(Steud.) de Koning & Sosef","POACEAE Mnesithea aurita (Steud.) de Koning & Sosef","SP034771","splink","SP","Eiten, G.","1979","Native","1960","Filgueiras, T.S.","2009","Ouro","Prata",,"Mogi Guaçu","Fazenda Campininha, Campos das Sete Lagoas, just north of Rio Mogi Guaçú. 3.7 km NNW of Padua Sales. (About 27 km NW of city of Mogi Mirim)."
"ESTAÇÃO ECOLÓGICA MOGI-GUAÇU","Angiosperms","Bignoniaceae","Anemopaegma","glaucum","Mart. ex DC.","BIGNONIACEAE Anemopaegma glaucum Mart. ex DC.","SP058198","splink","SP","Mattos, J.R.","8328","Native","1960","Silva-Castro, M.M.","2007","Ouro","Prata",,"Mogi Guaçu","Fazenda Campininha, 9-11 km NNW de Padua Sales"
"ESTAÇÃO ECOLÓGICA MOGI-GUAÇU","Angiosperms","Euphorbiaceae","Astraea","paulina","Didr.","EUPHORBIACEAE Astraea paulina Didr.","504325","x","NY","Mattos, J.R.","8512","Native","1960","Berry, P.E.","2007","Ouro","Prata",,"Mogi Guaçu","Fazenda Campininha, 7 km NNW de Padua Sales"
"ESTAÇÃO ECOLÓGICA MOGI-GUAÇU","Angiosperms","Piperaceae","Peperomia","macrostachyos","(Vahl) A.Dietr.","PIPERACEAE Peperomia macrostachyos (Vahl) A.Dietr.","75170","splink","SP","Mattos, J.R.","8232","Native","1960","Silva, M.C.","2007","Ouro","Prata",,"Mogi Guaçu","Fazenda Campininha, 3 km NNW de Padua Sales."
"ESTAÇÃO ECOLÓGICA MOGI-GUAÇU","Angiosperms","Melastomataceae","Leandra","purpurascens","(DC.) Cogn.","MELASTOMATACEAE Leandra purpurascens (DC.) Cogn.","75336","splink","SP","Mattos, J.R.","8427","Native","1960","Souza, M.L.D.","2005","Ouro","Prata",,"Mogi Guaçu","Fazenda Campininha, terreno do Instituto de Botânica, ca 10km ao sul do centro de São Paulo. Beira da mata"
"ESTAÇÃO ECOLÓGICA MOGI-GUAÇU","Angiosperms","Ericaceae","Agarista","chlorantha","(Cham.) G.Don","ERICACEAE Agarista chlorantha (Cham.) G.Don","75192","splink","SP","Mattos, J.R.","8214","Native","1960","Romao, G.O.","2004","Ouro","Prata",,"Mogi Guaçu","Fazenda Campininha, 3 km NNW de Pádua Sales"
"ESTAÇÃO ECOLÓGICA MOGI-GUAÇU","Angiosperms","Euphorbiaceae","Manihot","esculenta","Crantz","EUPHORBIACEAE Manihot esculenta Crantz","SP0139308","splink","SP","Eiten, G.","1707","Native","1960","Cordeiro, I.","2004","Ouro","Prata",,"Mogi Guaçu","Campos das Sete Lagoas. Fazenda Campininha, just north of Rio Moji-Guaçu. 11 km NNE of Padua Sales. (About 27 km NW of city of Moji-Mirim)."
"ESTAÇÃO ECOLÓGICA MOGI-GUAÇU","Angiosperms","Oxalidaceae","Oxalis","tenerrima","Knuth","OXALIDACEAE Oxalis tenerrima Knuth","76866","splink","SP","Eiten, G.","1696","Native","1960","Fiaschi, P.","2004","Ouro","Prata",,"Mogi Guaçu","Fazenda Campininha"
"ESTAÇÃO ECOLÓGICA MOGI-GUAÇU","Angiosperms","Celastraceae","Anthodon","decussatus","Ruiz & Pav.","CELASTRACEAE Anthodon decussatus Ruiz & Pav.","75343","splink","SP","Mattos, J.R.","8525","Native","1960","Lombardi, J.A.","2003","Ouro","Prata",,"Mogi Guaçu","Fazenda Campininha, 2 km NNW de Pádua Sales"
"ESTAÇÃO ECOLÓGICA MOGI-GUAÇU","Angiosperms","Cyperaceae","Fimbristylis","complanata","(Retz.) Link","CYPERACEAE Fimbristylis complanata (Retz.) Link","NY00777664","splink","NY","Eiten, G.","1966","Native","1960","Prata, A.P.N.","2003","Ouro","Prata",,"Mogi Guaçu","Campos das Sete Lagoas. fazenda Campininha, just north of Rio Moji-Guaçu. 3.7 km NNW of Padua Sales. About 27 km NW of city of Moji-Mirim"
"ESTAÇÃO ECOLÓGICA MOGI-GUAÇU","Angiosperms","Rubiaceae","Coccocypselum","lymansmithii","Standl.","RUBIACEAE Coccocypselum lymansmithii Standl.","NY00396712","splink","NY","Eiten, G.","2338","Native","1960","Delprete, P.G.","2003","Ouro","Prata",,"Mogi Guaçu","Campos das Sete lagoas. Fazenda Campininha, just north of Rio Moji-Guaçu. 3.1 km MNW of Padua Sales (about 27 km NW od City of Moji-Mirim"
"ESTAÇÃO ECOLÓGICA MOGI-GUAÇU","Angiosperms","Asteraceae","Barrosoa","betoniciformis","(DC.) R.M.King & H.Rob.","ASTERACEAE Barrosoa betoniciformis (DC.) R.M.King & H.Rob.","75370","splink","SP","Mattos, J.R.","8565","Native","1960","Esteves, R.L.","2002","Ouro","Prata",,"Mogi Guaçu","Fazenda Campininha, 3 a 3,2km NNW de Padua Sales."
"ESTAÇÃO ECOLÓGICA MOGI-GUAÇU","Angiosperms","Poaceae","Paspalum","pilosum","Lam.","POACEAE Paspalum pilosum Lam.","SP036755","splink","SP","Eiten, G.","1976","Native","1960","Oliveira, R.C.","1997","Ouro","Prata",,"Mogi Guaçu","Fazenda Campininha, ""Campos das Sete Lagoas"". Just north of Rio Mogi-Guaçu. 3,7 km NNW of PADUA SALES. (about 27 km. NW of city of MOGI-MIRIN."
"ESTAÇÃO ECOLÓGICA MOGI-GUAÇU","Angiosperms","Rubiaceae","Psychotria","anceps","Kunth","RUBIACEAE Psychotria anceps Kunth","SP0075178","splink","SP","Mattos, J.R.","8210","Native","1960","Taylor, C.M.","1997","Ouro","Prata",,"Mogi Guaçu","Fazenda Campininha, 3 km NNW de Pádua Sales"
"ESTAÇÃO ECOLÓGICA MOGI-GUAÇU","Angiosperms","Solanaceae","Solanum","capsicoides","All.","SOLANACEAE Solanum capsicoides All.","SP116077","splink","SP","Eiten, G.","1926","Native","1960","Agra, M.F.","1990","Ouro","Prata",,"Mogi Guaçu","Fazenda Campininha, Campos das Sete Lagoas"
"ESTAÇÃO ECOLÓGICA MOGI-GUAÇU","Angiosperms","Melastomataceae","Macairea","radula","(Bonpl.) DC.","MELASTOMATACEAE Macairea radula (Bonpl.) DC.","77268","splink","SP","Eiten, G.","1745","Native","1960","Renner, S.S.","1986","Ouro","Prata",,"Mogi Guaçu","Campos das Sete Lagoas. Fazenda Campininha, just north of Rio Mogi Guaçu. 4km NNW of Pádua Sales. About 27km NW of city of Mogi Mirim. Campo cerrado (a type a scrubby woodland originally) on upland, or very rarely forest. Open marsh or dense secondar"
"ESTAÇÃO ECOLÓGICA MOGI-GUAÇU","Angiosperms","Piperaceae","Piper","chimonanthifolium","Kunth","PIPERACEAE Piper chimonanthifolium Kunth","MO0100838561","splink","MO","Mattos, J.R.","8233","Native","1960","Callejas, R.","1986","Ouro","Prata",,"Mogi Guaçu","Município de Moji-Guacu: Fazenda Campininha, 3 km NNW de Padua Sales. Dentro de um capao de mata muito dense e sombreada, na baixada"
"ESTAÇÃO ECOLÓGICA MOGI-GUAÇU","Angiosperms","Fabaceae","Chamaecrista","cathartica","(Mart.) H.S.Irwin & Barneby","FABACEAE Chamaecrista cathartica var. cathartica (Mart.) H.S.Irwin & Barneby","74805","splink","SP","Eiten, G.","2245","Native","1960","Irwin, H.S.","1982","Ouro","Prata",,"Mogi Guaçu","Campos das Sete Lagoas, Fazenda Campininha, north of Rio Mogi Guaçu, 10km NNE of Padua Sales, campo cerrado"
"ESTAÇÃO ECOLÓGICA MOGI-GUAÇU","Angiosperms","Fabaceae","Senna","pendula","(Vogel) H.S.Irwin & Barneby","FABACEAE Senna pendula var. glabrata (Vogel) H.S.Irwin & Barneby","76784","splink","SP","Eiten, G.","1989","Native","1960","Irwin, H.S.","1982","Ouro","Prata",,"Mogi Guaçu","Campos das Sete Lagoas, Fazenda Campininha, justh N of Rio Mogi Guaçu, 3,7km NNW of Padua Sales, campo cerrado"
"ESTAÇÃO ECOLÓGICA MOGI-GUAÇU","Angiosperms","Fabaceae","Senna","pilifera","(Vogel) H.S.Irwin & Barneby","FABACEAE Senna pilifera var. pilifera (Vogel) H.S.Irwin & Barneby","00469672","x","NY","Mattos, J.R.","8568",,"1960","Irwin, H.S.","1979","Ouro","Prata",,"Mogi Guaçu","Fazenda Campininha, 3 - 3.2 Km. NNW de Padua Sales"
"ESTAÇÃO ECOLÓGICA MOGI-GUAÇU",,"Erythroxylaceae","Erythroxylum",,"P.Browne","ERYTHROXYLACEAE Erythroxylum P.Browne","387013","x","NY","Mattos, J.R.","8326",,"1960","Plowman, T.C.","1978","Ouro","Prata",,"Mogi Guaçu","Faz. Campininha, 9-11 km NNW de PADUA SALES"
"ESTAÇÃO ECOLÓGICA MOGI-GUAÇU","Angiosperms","Menispermaceae","Cissampelos","ovalifolia","DC.","MENISPERMACEAE Cissampelos ovalifolia DC.","75144","splink","SP","Mattos, J.R.","8291","Native","1960","Barneby, R.","1978","Ouro","Prata",,"Mogi Guaçu","Fazenda Campininha, Pádua Sales"
"ESTAÇÃO ECOLÓGICA MOGI-GUAÇU","Angiosperms","Menispermaceae","Odontocarya","acuparata","Miers","MENISPERMACEAE Odontocarya acuparata Miers","75344","splink","SP","Mattos, J.R.","8523","Native","1960","Barneby, R.","1978","Ouro","Prata",,"Mogi Guaçu","Fazenda Campininha, 2 km NNW de Pádua Sales"
"ESTAÇÃO ECOLÓGICA MOGI-GUAÇU","Angiosperms","Rubiaceae","Coccocypselum","aureum","(Spreng.) Cham. & Schltdl.","RUBIACEAE Coccocypselum aureum (Spreng.) Cham. & Schltdl.","NY00887163","splink","NY","Eiten, G.","1701","Native","1960","Steyermark, J.A.","1965","Ouro","Prata",,"Mogi Guaçu","""Campos das Sete Lagôas"". Fazenda Campininha, just north of Rio Moji-Guaçu. About 10 km north-NE NW of city of Moji-Mirim.) (About 30 km NW of city of Moji-Mirim.)"
"ESTAÇÃO ECOLÓGICA MOGI-GUAÇU","Angiosperms","Eriocaulaceae","Syngonanthus","caulescens","(Poir.) Ruhland","ERIOCAULACEAE Syngonanthus caulescens (Poir.) Ruhland","SP0075018","splink","SP","Eiten, G.","2348","Native","1960","Moldenke, H.N.","1962","Ouro","Prata",,"Mogi Guaçu","Fazenda Campininha"
"ESTAÇÃO ECOLÓGICA MOGI-GUAÇU",,"Fabaceae","Chamaecrista","nictitans","(L.) Moench","FABACEAE Chamaecrista nictitans (L.) Moench","UB1199518",,"UB","Eiten, G.","1692",,"1960","Cowan, R.S.","1961","Ouro","Prata",,"Mogi Guaçu","""Campos das Sete Lagôas"". Fazenda Campininha, just north of Rio Moji-Guaçu. 3,4 km NNW of Padua Sales. (27 km NW of city of Moji-Mirim)."
"ESTAÇÃO ECOLÓGICA MOGI-GUAÇU","Angiosperms","Fabaceae","Tephrosia","adunca","Benth.","FABACEAE Tephrosia adunca Benth.","76853","x","SP","Eiten, G.","2238","Native","1960","Cowan, R.S.","1961","Ouro","Prata",,"Mogi Guaçu","Campos Das Sete Lagoas. Fazenda Campininha, just north of Rio Mogi Guaçu. 10km NNE of Pádua Sales.About 27km NW of city of Mogi Mirim. Cut-over & burned campo cerrado, ground ploughed for planting of Pinus. Ground vegetation returning, grasses, herbs"
"ESTAÇÃO ECOLÓGICA MOGI-GUAÇU",,"Melastomataceae","Chaetogastra","gracilis","(Bonpl.) DC.","MELASTOMATACEAE Chaetogastra gracilis (Bonpl.) DC.","NY00514869","splink","NY","Eiten, G.","1952",,"1960","Wurdack, J.J.","1961","Ouro","Prata",,"Mogi Guaçu","Campos das Sete Lagoas. Fazenda Campininha, just north of Rio Moji-Guaçu 3.7 km NNW of Padua Sales (about 27 km NW of city of Moji-Mirim)"
"ESTAÇÃO ECOLÓGICA MOGI-GUAÇU","Angiosperms","Poaceae","Paspalum","cordatum","Hack.","POACEAE Paspalum cordatum Hack.","NY00662867","splink","NY","Eiten, G.","1654","Native","1959","Swallen, J.R.",,"Ouro","Prata",,"Mogi Guaçu","""Campos das Sete Lagôas"". Fazenda Campininha, just north of Rio Moji-Guaçu. 10 km. NNE of Padua Sales. (About 27 km. NW of city of Moji-Mirim.)"
"ESTAÇÃO ECOLÓGICA MOGI-GUAÇU","Angiosperms","Poaceae","Paspalum","maculosum","Trin.","POACEAE Paspalum maculosum Trin.","NY00662940","splink","NY","Eiten, G.","1607","Native","1959","Swallen, J.R.",,"Ouro","Prata",,"Mogi Guaçu","""Campos das Sete Lagôas"". Fazenda Campininha, just north of Rio Moji-Guaçu. ~4 km. NNW of Padua Sales. (About 27 km. NW of city of Moji-Mirim.)"
"ESTAÇÃO ECOLÓGICA MOGI-GUAÇU","Angiosperms","Verbenaceae","Verbena","bonariensis","L.","VERBENACEAE Verbena bonariensis L.","75013","splink","SP","Eiten, G.","1595","Native","1959","Salimena, F.R.G.","2010","Ouro","Prata",,"Mogi Guaçu","Fazenda Campininha"
"ESTAÇÃO ECOLÓGICA MOGI-GUAÇU",,"Cyperaceae","Cyperus","meyenianus","Kunth","CYPERACEAE Cyperus meyenianus Kunth","77078","splink","SP","Eiten, G.","1659",,"1959","Tucker, G.C.","2006","Ouro","Prata",,"Mogi Guaçu","Fazenda Campininha"
"ESTAÇÃO ECOLÓGICA MOGI-GUAÇU","Angiosperms","Cyperaceae","Bulbostylis","capillaris","(L.) C.B.Clarke","CYPERACEAE Bulbostylis capillaris (L.) C.B.Clarke","319456","splink","SP","Eiten, G.","1507","Native","1959","Prata, A.P.","2003","Ouro","Prata",,"Mogi Guaçu","Fazenda Campininha"
"ESTAÇÃO ECOLÓGICA MOGI-GUAÇU","Angiosperms","Xyridaceae","Xyris","schizachne","Mart.","XYRIDACEAE Xyris schizachne Mart.","77022","splink","SP","Eiten, G.","1637","Native","1959","Wanderley, M.G.L.","2003","Ouro","Prata",,"Mogi Guaçu","Fazenda Campininha"
"ESTAÇÃO ECOLÓGICA MOGI-GUAÇU","Angiosperms","Poaceae","Saccharum","asperum","(Nees) Steud.","POACEAE Saccharum asperum (Nees) Steud.","74326","splink","SP","Eiten, G.","1545","Native","1959","Filgueiras, T.S.","1998","Ouro","Prata",,"Mogi Guaçu","Fazenda Campininha, ""Campos das Sete Lagoas"". Just N of Rio Mogi Guaçú. 6 km NW of Padua Sales. About 27 km NW of city of Mogi-Mirim. 3 km N of river."
"ESTAÇÃO ECOLÓGICA MOGI-GUAÇU","Angiosperms","Thelypteridaceae","Meniscium","arborescens","Humb. & Bonpl. ex Willd.","THELYPTERIDACEAE Meniscium arborescens Humb. & Bonpl. ex Willd.","NY00816197","splink","NY","Eiten, G.","1645","Native","1959","Salino, A.","1997","Ouro","Prata",,"Mogi Guaçu","""Campos das Sete Lagôas"". Fazenda Campininha, just north of Rio Moji-Guaçu. 10 km. NNE of Padua Sales. (About 27 km. NW of city of Moji-Mirim.)"
"ESTAÇÃO ECOLÓGICA MOGI-GUAÇU","Angiosperms","Poaceae","Paspalum","notatum","Flüggé","POACEAE Paspalum notatum Flüggé","74340","splink","SP","Eiten, G.","1598","Native","1959","Canto-Dorow, T.S.","1992","Ouro","Prata",,"Mogi Guaçu","Fazenda Campininha, ""Campos das Sete Lagôas"". Fazenda Campininha, just north of Rio Mogi-Guaçu 3.4km NNW of PADUA SALES. (27 km. NW of city of MOGI_MIRIM)."
"ESTAÇÃO ECOLÓGICA MOGI-GUAÇU","Angiosperms","Poaceae","Oedochloa","procurrens","(Nees ex Trin.) C.Silva & R.P.Oliveira","POACEAE Oedochloa procurrens (Nees ex Trin.) C.Silva & R.P.Oliveira","NY00641383","x","NY","Eiten, G.","1505","Native","1959","Killeen, T.J.","1991","Ouro","Prata",,"Mogi Guaçu","Campos das Sete Lagoas"". Just N. of property line Fazenda Campininha, just north of Rio Moji-Guaçu. ~15 km. N. of Padua Sales. (About 27 km. NW of city of Moji-Mirim.)"
"ESTAÇÃO ECOLÓGICA MOGI-GUAÇU","Angiosperms","Melastomataceae","Rhynchanthera","verbenoides","Cham.","MELASTOMATACEAE Rhynchanthera verbenoides Cham.","76895","x","SP","Eiten, G.","1640","Native","1959","Renner, S.S.","1987","Ouro","Prata",,"Mogi Guaçu","Fazenda Campininha, 'Campos de Sete Lagoas'. ~ 4 km NNW of Padua Sales. 2 km N of river"
"ESTAÇÃO ECOLÓGICA MOGI-GUAÇU","Angiosperms","Alismataceae","Echinodorus","longipetalus","Micheli","ALISMATACEAE Echinodorus longipetalus Micheli","NY00393776","splink","NY","Eiten, G.","1555","Native","1959","Haynes, R.R.","1985","Ouro","Prata",,"Mogi Guaçu","""Campos das Sete Lagoas"". Fazenda Campininha, just north of Rio Moji-Guacu. ~7 km. NNW. of PADUA SALES. (about 27 km NW of city of MOJI-MIRIM.)"
"ESTAÇÃO ECOLÓGICA MOGI-GUAÇU","Angiosperms","Fabaceae","Chamaecrista","desvauxii","(Kunth ex Vogel) H.S.Irwin & Barneby","FABACEAE Chamaecrista desvauxii var. langsdorffii (Kunth ex Vogel) H.S.Irwin & Barneby","UB1218792","splink","UB","Eiten, G.","1512","Native","1959","Cowan, R.S.","1961","Ouro","Prata",,"Mogi Guaçu","""Campos das Sete Lagôas"". Fazenda Campininha, just north Rio Mogi-Guaçu. 15 km N of Pádua Sales (about 27 km NW of city of Mogi-Mirim)."
"ESTAÇÃO ECOLÓGICA MOGI-GUAÇU","Angiosperms","Fabaceae","Chamaecrista","setosa","(Vogel) H.S.Irwin & Barneby","FABACEAE Chamaecrista setosa (Vogel) H.S.Irwin & Barneby","UB1223469","splink","UB","Eiten, G.","1480","Native","1959","Cowan, R.S.","1961","Ouro","Prata",,"Mogi Guaçu","""Campos das Sete Lagôas"". Fazenda Campininha. 3,6 km north of Rio Mogi-Guaçu and village of Pádua Sales (or 23 km WNW of city of Mogi-Guaçu)."
"ESTAÇÃO ECOLÓGICA MOGI-GUAÇU","Angiosperms","Asteraceae","Stomatanthes","loefgrenii","(B.L.Rob.) H.Rob.","ASTERACEAE Stomatanthes loefgrenii (B.L.Rob.) H.Rob.","56401","splink","SP","Handro, O.","734","Native","1957","Esteves, R.L.","2007","Ouro","Prata",,"Mogi Guaçu","Fazenda Campininha, Perto de Pádua Sales"
"ESTAÇÃO ECOLÓGICA MOGI-GUAÇU","Angiosperms","Orchidaceae","Cyrtopodium","blanchetii","Rchb.f.","ORCHIDACEAE Cyrtopodium blanchetii Rchb.f.","SP0065474","splink","SP","Kuhlmann, M.","4269","Native","1957","Bianchetti, L.B.","2002","Ouro","Prata",,"Mogi Guaçu","Fazenda Campininha"
"ESTAÇÃO ECOLÓGICA MOGI-GUAÇU","Angiosperms","Gentianaceae","Tetrapollinia","caerulescens","(Aubl.) Maguire & B.M.Boom","GENTIANACEAE Tetrapollinia caerulescens (Aubl.) Maguire & B.M.Boom","58985","splink","SP","Handro, O.","591","Native","1956","Struwe, L.","2003","Ouro","Prata",,"Mogi Guaçu","Fazenda Campininha, perto de Pádua Sales"
"ESTAÇÃO ECOLÓGICA MOGI-GUAÇU","Angiosperms","Fabaceae","Chamaecrista","labouriaeae","(H.S.Irwin & Barneby) H.S.Irwin & Barneby","FABACEAE Chamaecrista labouriaeae (H.S.Irwin & Barneby) H.S.Irwin & Barneby","97471","splink","SP","Kuhlmann, M.","3802","Native","1956","Scalon, V.R.","1998","Ouro","Prata",,"Mogi Guaçu","Estação Experimental de Mogi Guaçu, Fazenda Campininha, prox. de Pádua Sales, cerrado"
"ESTAÇÃO ECOLÓGICA MOGI-GUAÇU","Angiosperms","Rubiaceae","Richardia","pedicellata","(K.Schum.) Kuntze","RUBIACEAE Richardia pedicellata (K.Schum.) Kuntze","SP0121424","splink","SP","Kuhlmann, M.","3940","Native","1956","Bacigalupo, N.","1997","Ouro","Prata",,"Mogi Guaçu","Fazenda Campininha, Próximo de Pádua Sales, E.F.S."
"ESTAÇÃO ECOLÓGICA MOGI-GUAÇU","Angiosperms","Asteraceae","Lessingianthus","coriaceus","(Less.) H.Rob.","ASTERACEAE Lessingianthus coriaceus (Less.) H.Rob.","UEC137663","splink","UEC","Handro, O.","473","Native","1955","Barroso, G.M.",,"Ouro","Prata",,"Mogi Guaçu","Fazenda Campininha, perto de Padua Sales"
"ESTAÇÃO ECOLÓGICA MOGI-GUAÇU","Angiosperms","Asteraceae","Riencourtia","oblongifolia","Gardner","ASTERACEAE Riencourtia oblongifolia Gardner","RB00427773","x","RB","Khulmann, M.","3513","Native","1955","Barroso, G.M.",,"Ouro","Prata",,"Mogi Guaçu","Fazenda Campininha."
"ESTAÇÃO ECOLÓGICA MOGI-GUAÇU","Angiosperms","Rubiaceae","Spermacoce","glabra","Michx.","RUBIACEAE Spermacoce glabra Michx.","81084","x","SP","Kuhlmann, M.","3711","Native","1955","Bacigalupo, N.",,"Ouro","Prata",,"Mogi Guaçu","Fazenda Campininha, Próximo de Pádua Sales, E.F.S."
"ESTAÇÃO ECOLÓGICA MOGI-GUAÇU","Angiosperms","Lamiaceae","Cantinoa","carpinifolia","(Benth.) Harley & J.F.B.Pastore","LAMIACEAE Cantinoa carpinifolia (Benth.) Harley & J.F.B.Pastore","SP0076289","splink","SP","Kuhlmann, M.","3683","Naturalized","1955","Antar, G.M.","2024","Ouro","Prata",,"Mogi Guaçu","Fazenda Campininha, proximidades de Pádua Sales"
"ESTAÇÃO ECOLÓGICA MOGI-GUAÇU","Angiosperms","Rubiaceae","Galium","megapotamicum","Spreng.","RUBIACEAE Galium megapotamicum Spreng.","28526","x","IAC","Kuhlmann, M.","3710","Native","1955","Jung-Mendacolli, S.L.","2009","Ouro","Prata",,"Mogi Guaçu","Fazenda Campininha, próximo de Pádua Sales"
"ESTAÇÃO ECOLÓGICA MOGI-GUAÇU","Angiosperms","Asteraceae","Lessingianthus","elegans","(Gardner) H.Rob.","ASTERACEAE Lessingianthus elegans (Gardner) H.Rob.","RB00405414","x","RB","Handro, O.","477","Native","1955","Nakajima, J.N.","2008","Ouro","Prata",,"Mogi Guaçu","Fazenda Campininha, perto de Pádua Salles."
"ESTAÇÃO ECOLÓGICA MOGI-GUAÇU","Angiosperms","Vitaceae","Cissus","erosa","Rich.","VITACEAE Cissus erosa subsp. erosa Rich.","RB00451021","x","RB","Handro, O.","431","Native","1955","Lombardi, J.A.","2006","Ouro","Prata",,"Mogi Guaçu","Fazenda Campininha, perto de Pádua Sales."
"ESTAÇÃO ECOLÓGICA MOGI-GUAÇU","Angiosperms","Loganiaceae","Strychnos","bicolor","Progel","LOGANIACEAE Strychnos bicolor Progel","76780","splink","SP","Kuhlmann, M.","3512","Native","1955","Zappi, D.C.","2005","Ouro","Prata",,"Mogi Guaçu","Fazenda Campininha"
"ESTAÇÃO ECOLÓGICA MOGI-GUAÇU","Angiosperms","Turneraceae","Turnera","orientalis","(Urb.) Arbo","TURNERACEAE Turnera orientalis (Urb.) Arbo","79274A","splink","SP","Kuhlmann, M.","3715","Native","1955","Arbo, M.M.","2005","Ouro","Prata",,"Mogi Guaçu","Fazenda Campininha, próx. de Pádua Sales"
"ESTAÇÃO ECOLÓGICA MOGI-GUAÇU","Angiosperms","Araceae","Spathicarpa","hastifolia","Hook.","ARACEAE Spathicarpa hastifolia Hook.","78898","x","SP","Kuhlmann, M.","3733","Native","1955","Goncalves, E.G.","2000","Ouro","Prata",,"Mogi Guaçu","Fazenda Campininha"
"ESTAÇÃO ECOLÓGICA MOGI-GUAÇU","Angiosperms","Malvaceae","Hibiscus","striatus","Cav.","MALVACEAE Hibiscus striatus Cav.","SP0079672","splink","SP","Kuhlmann, M.","3703","Native","1955","Krapovickas, A.","1999","Ouro","Prata",,"Mogi Guaçu","Fazenda Campininha, Próximo de Pádua Sales"
"ESTAÇÃO ECOLÓGICA MOGI-GUAÇU","Angiosperms","Passifloraceae","Passiflora","clathrata","Mast.","PASSIFLORACEAE Passiflora clathrata Mast.","78818","splink","SP","Kuhlmann, M.","3506","Native","1955","Bernacci, L.C.","1999","Ouro","Prata",,"Mogi Guaçu","Fazenda Campininha"
"ESTAÇÃO ECOLÓGICA MOGI-GUAÇU","Ferns and Lycophytes","Poaceae","Elionurus","muticus","(Spreng.) Kuntze","POACEAE Elionurus muticus (Spreng.) Kuntze","18110","x","IAC","Dedecca, D.M.","618","Native","1955","Longhi-Wagner, H.M.","1999","Ouro","Prata",,"Mogi Guaçu","Fazenda Campininha, Estação de Pádua Sales"
"ESTAÇÃO ECOLÓGICA MOGI-GUAÇU","Angiosperms","Rubiaceae","Limnosipanea","erythraeoides","(Cham.) K.Schum.","RUBIACEAE Limnosipanea erythraeoides (Cham.) K.Schum.","18112","x","IAC","Dedecca, D.M.","620","Native","1955","Jung-Mendacolli, S.L.","1999","Ouro","Prata",,"Mogi Guaçu","Fazenda Campininha, Estação de Pádua Sales"
"ESTAÇÃO ECOLÓGICA MOGI-GUAÇU","Angiosperms","Cyperaceae","Eleocharis","elegans","(Kunth) Roem. & Schult.","CYPERACEAE Eleocharis elegans (Kunth) Roem. & Schult.","215361","splink","SP","Kuhlmann, M.","3697","Native","1955","Faria, A.D.","1998","Ouro","Prata",,"Mogi Guaçu","Fazenda Campininha, Várzea do rio Mogi Guaçu"
"ESTAÇÃO ECOLÓGICA MOGI-GUAÇU","Angiosperms","Asteraceae","Sphagneticola","trilobata","(L.) Pruski","ASTERACEAE Sphagneticola trilobata (L.) Pruski","804518","x","NY","Kuhlmann, M.","3694","Native","1955","Pruski, J.F.","1997","Ouro","Prata",,"Mogi Guaçu","Fazenda Campininha, próximo de Pádua Sales - E.F.S. - Lagôa temporária - Varzea do Rio Moji-Guaçu."
"ESTAÇÃO ECOLÓGICA MOGI-GUAÇU","Angiosperms","Convolvulaceae","Ipomoea","virgata","Meisn.","CONVOLVULACEAE Ipomoea virgata Meisn.","UEC030987","splink","UEC","Handro, O.","448","Native","1955","Simao-Bianchini, R.","1997","Ouro","Prata",,"Mogi Guaçu","Estação Biológica de Mogi Guaçu, (faz. Campininha)"
"ESTAÇÃO ECOLÓGICA MOGI-GUAÇU","Angiosperms","Sapotaceae","Pradosia","brevipes","(Pierre) T.D.Penn.","SAPOTACEAE Pradosia brevipes (Pierre) T.D.Penn.","79145","splink","SP","Kuhlmann, M.","3502","Native","1955","Carneiro, C.E.","1997","Ouro","Prata",,"Mogi Guaçu","Fazenda Campininha"
"ESTAÇÃO ECOLÓGICA MOGI-GUAÇU","Angiosperms","Gentianaceae","Schultesia","brachyptera","Cham.","GENTIANACEAE Schultesia brachyptera Cham.","59082","splink","SP","Handro, O.","475","Native","1955","Guimaraes, E.F.","1996","Ouro","Prata",,"Mogi Guaçu","Fazenda Campininha, perto de Pádua Sales"
"ESTAÇÃO ECOLÓGICA MOGI-GUAÇU","Angiosperms","Orchidaceae","Polystachya","foliosa","(Hook.) Rchb.f.","ORCHIDACEAE Polystachya foliosa (Hook.) Rchb.f.","SP0059006","splink","SP","Kuhlmann, M.","s.n.","Native","1955","Catharino, E.L.M.","1988","Ouro","Prata",,"Mogi Guaçu","Fazenda Campininha, Perto de Pádua Sales, mata à margem do rio Mogi Guaçu"
"ESTAÇÃO ECOLÓGICA MOGI-GUAÇU","Angiosperms","Orchidaceae","Cyrtopodium","paludicolum","Hoehne","ORCHIDACEAE Cyrtopodium paludicolum Hoehne","27136","splink","SP",,"75","Native","1927","Bianchetti, L.B.","2002","Ouro","Prata",,"Mogi Guaçu","Fazenda Campininha"
"ESTAÇÃO ECOLÓGICA MOGI-GUAÇU","Angiosperms","Pontederiaceae","Heteranthera","reniformis","Ruiz & Pav.","PONTEDERIACEAE Heteranthera reniformis Ruiz & Pav.","UEC034046","splink","UEC","Gibbs, P.E.","s.n.","Native","0","Horn, C.N.","1984","Ouro","Prata",,"Mogi Guaçu","Estação experimental de Mogi Guaçu, Fazenda Campininha. 25 km NW de Mogi Guaçú."
"ESTAÇÃO ECOLÓGICA MOGI-GUAÇU","Angiosperms","Asteraceae","Baccharis","erigeroides","DC.","ASTERACEAE Baccharis erigeroides DC.","NY00787776",,"NY","Mattos, J.R.","8509","Native","1960","Smith, L.B.","1962","Prata","Prata","jbrj-public.s3-sa-east-1.amazonaws.com/fsi/server?type=image&source=DZI/newyork/ny_/0/78/77/76/ny_00787776.dzi","Mogi Guaçu","Fazenda Campininha, 7km NNW de Padua Sales."
"ESTAÇÃO ECOLÓGICA MOGI-GUAÇU","Angiosperms","Rubiaceae","Richardia","brasiliensis","Gomes","RUBIACEAE Richardia brasiliensis Gomes","NY00502477",,"NY","Eiten, G.","1491","Native","1959","Smith, L.B.",,"Prata","Prata","jbrj-public.s3-sa-east-1.amazonaws.com/fsi/server?type=image&source=DZI/newyork/ny_/0/50/24/77/ny_00502477.dzi","Mogi Guaçu","Campos das Sete Lagoas. Fazenda Campininha, just north of Rio Moji-Guaçu. 3.4 km NNW of Padua Sales (27 km NW of city of Moji-Mirim)"
"ESTAÇÃO ECOLÓGICA MOGI-GUAÇU","Angiosperms","Phytolaccaceae","Gallesia","integrifolia","(Spreng.) Harms","PHYTOLACCACEAE Gallesia integrifolia (Spreng.) Harms","275398","splink","SP","Luchi, A.E.","51","Native","1992","Rossi, L.",,"Prata","Prata",,"Mogi Guaçu","Fazenda Campininha, Mata do Portugues, rio Mogi Guaçu"
"ESTAÇÃO ECOLÓGICA MOGI-GUAÇU","Angiosperms","Lamiaceae","Tectona","grandis","L.f.","LAMIACEAE Tectona grandis L.f.","SP0253935","splink","SP","Pereira, D.F.","154","Native","1992","Rossi, L.","1996","Prata","Prata",,"Mogi Guaçu","Fazenda Campininha, Mata da Figueira"
"ESTAÇÃO ECOLÓGICA MOGI-GUAÇU","Angiosperms","Nyctaginaceae","Guapira","areolata","(Heimerl) Lundell","NYCTAGINACEAE Guapira areolata (Heimerl) Lundell","249996","splink","SP","Romaniuc Neto, S.","1259","Native","1991","Rossetto, E.F.S.","2026","Prata","Prata",,"Mogi Guaçu","Fazenda Campininha, Mata da Mariana"
"ESTAÇÃO ECOLÓGICA MOGI-GUAÇU","Angiosperms","Nyctaginaceae","Pisonia","aculeata","L.","NYCTAGINACEAE Pisonia aculeata L.","250003","splink","SP","Romaniuc Neto, S.","1265","Native","1991","Rossi, L.","1992","Prata","Prata",,"Mogi Guaçu","Fazenda Campininha, Martinho Prado, Mata da Figueira"
"ESTAÇÃO ECOLÓGICA MOGI-GUAÇU","Angiosperms","Fabaceae","Ormosia","arborea","(Vell.) Harms","FABACEAE Ormosia arborea (Vell.) Harms","248491","splink","SP","Romaniuc Neto, S.","1096","Native","1988","Mantovani, W.",,"Prata","Prata",,"Mogi Guaçu","Martinho Prado, Fazenda Campininha, mata da Mariana B13.2"
"ESTAÇÃO ECOLÓGICA MOGI-GUAÇU","Angiosperms","Lythraceae","Lafoensia","replicata","Pohl","LYTHRACEAE Lafoensia replicata Pohl","248468","splink","SP","Romaniuc Neto, S.","1100","Native","1988","Rossi, L.",,"Prata","Prata",,"Mogi Guaçu","Fazenda Campininha, Martinho Prado, Mata da Mariana"
"ESTAÇÃO ECOLÓGICA MOGI-GUAÇU","Angiosperms","Myrtaceae","Myrcia","hebepetala","DC.","MYRTACEAE Myrcia hebepetala DC.","115200","splink","CEPEC","Rossi, L.","1188","Native","1988","Mantovani, W.",,"Prata","Prata",,"Mogi Guaçu","Martinho Prado, Reserva Biológica e Estação Experimental de Mogi guaçu. Mata da Mariana, margem do Córrego da Mariana."
"ESTAÇÃO ECOLÓGICA MOGI-GUAÇU","Angiosperms","Araliaceae","Dendropanax","cuneatus","(DC.) Decne. & Planch.","ARALIACEAE Dendropanax cuneatus (DC.) Decne. & Planch.","248461","splink","SP","Romaniuc Neto, S.","1075","Native","1988","Rossi, L.","1989","Prata","Prata",,"Mogi Guaçu","Fazenda Campininha, Martinho Prado, Mata da Mariana"
"ESTAÇÃO ECOLÓGICA MOGI-GUAÇU","Angiosperms","Cordiaceae","Cordia","sellowiana","Cham.","CORDIACEAE Cordia sellowiana Cham.","254494","splink","SP","Rossi, L.","823","Native","1988","Rossi, L.","1989","Prata","Prata",,"Mogi Guaçu","Fazenda Campininha, Mata da Mariana"
"ESTAÇÃO ECOLÓGICA MOGI-GUAÇU","Angiosperms","Malvaceae","Eriotheca","candolleana","(K.Schum.) A.Robyns","MALVACEAE Eriotheca candolleana (K.Schum.) A.Robyns","SP0248462","splink","SP","Romaniuc Neto, S.","1076","Native","1988","Rossi, L.","1989","Prata","Prata",,"Mogi Guaçu","Fazenda Campininha, Martinho Prado"
"ESTAÇÃO ECOLÓGICA MOGI-GUAÇU","Angiosperms","Solanaceae","Solanum","bullatum","Vell.","SOLANACEAE Solanum bullatum Vell.","255976","x","SP","Rossi, L.","1178","Native","1988","Mantovani, W.","1989","Prata","Prata",,"Mogi Guaçu","Fazenda Campininha, Bairro de Martinho Prado"
"ESTAÇÃO ECOLÓGICA MOGI-GUAÇU","Angiosperms","Myrtaceae","Campomanesia","guazumifolia","(Cambess.) O.Berg","MYRTACEAE Campomanesia guazumifolia (Cambess.) O.Berg","SP010713","splink","SP","Romaniuc Neto, S.","1119","Native","1988","Rossi, L.","1988","Prata","Prata",,"Mogi Guaçu","Martinho Prado, Fazenda Campininha."
"ESTAÇÃO ECOLÓGICA MOGI-GUAÇU","Angiosperms","Fabaceae","Peltophorum","dubium","(Spreng.) Taub.","FABACEAE Peltophorum dubium (Spreng.) Taub.","248492","splink","SP","Romaniuc Neto, S.","1097","Native","1987","Mantovani, W.",,"Prata","Prata",,"Mogi Guaçu","Martinho Prado, Fazenda Campininha"
"ESTAÇÃO ECOLÓGICA MOGI-GUAÇU","Angiosperms","Apiaceae","Eryngium","juncifolium","(Urb.) Mathias & Constance","APIACEAE Eryngium juncifolium (Urb.) Mathias & Constance","195239","splink","SP","Kirizawa, M.","1130","Native","1984","Pirani, J.R.","2005","Prata","Prata",,"Mogi Guaçu","Fazenda Campininha, Vila Pádua Sales"
"ESTAÇÃO ECOLÓGICA MOGI-GUAÇU","Angiosperms","Apiaceae","Eryngium","junceum","Cham. & Schltdl.","APIACEAE Eryngium junceum Cham. & Schltdl.","168625","splink","SP","Mantovani, W.","1547","Native","1981","Pirani, J.R.","2005","Prata","Prata",,"Mogi Guaçu","Fazenda Campininha, Martinho Prado"
"ESTAÇÃO ECOLÓGICA MOGI-GUAÇU","Angiosperms","Apiaceae","Eryngium","pristis","Cham. & Schltdl.","APIACEAE Eryngium pristis Cham. & Schltdl.","168507","splink","SP","Mantovani, W.","1601","Native","1981","Pirani, J.R.","2005","Prata","Prata",,"Mogi Guaçu","Fazenda Campininha, Martinho Prado"
"ESTAÇÃO ECOLÓGICA MOGI-GUAÇU",,"Orobanchaceae","Buchnera","lavandulacea","Cham. & Schltdl.","OROBANCHACEAE Buchnera lavandulacea Cham. & Schltdl.","169536","splink","SP","Sugiyama, M.","183",,"1981","Souza, V.C.","2003","Prata","Prata",,"Mogi Guaçu","Fazenda Campininha, Martinho Prado"
"ESTAÇÃO ECOLÓGICA MOGI-GUAÇU","Angiosperms","Fabaceae","Chamaecrista","calycioides","(DC. ex Collad.) Greene","FABACEAE Chamaecrista calycioides (DC. ex Collad.) Greene","SP024143","splink","SP","Sugiyama, M.","117","Native","1981","Mantovani, W.","1989","Prata","Prata",,"Mogi Guaçu","Estação Experimental de Mogi Guaçu, Martinho Prado, Fazenda Campininha"
"ESTAÇÃO ECOLÓGICA MOGI-GUAÇU","Angiosperms","Orobanchaceae","Buchnera","ternifolia","Kunth","OROBANCHACEAE Buchnera ternifolia Kunth","168685","splink","SP","Mantovani, W.","1672","Native","1981","Souza, V.C.","1989","Prata","Prata",,"Mogi Guaçu","Fazenda Campininha, Martinho Prado"
"ESTAÇÃO ECOLÓGICA MOGI-GUAÇU","Angiosperms","Asteraceae","Bidens","graveolens","Mart.","ASTERACEAE Bidens graveolens Mart.","168749","splink","SP","Mantovani, W.","1635","Native","1981","Mantovani, W.","1981","Prata","Prata",,"Mogi Guaçu","Fazenda Campininha, Martinho Prado."
"ESTAÇÃO ECOLÓGICA MOGI-GUAÇU","Angiosperms","Asteraceae","Elephantopus","elongatus","Gardner","ASTERACEAE Elephantopus elongatus Gardner","169564","splink","SP","Mantovani, W.","1801","Native","1981","Mantovani, W.","1981","Prata","Prata",,"Mogi Guaçu","Fazenda Campininha, Martinho Prado"
"ESTAÇÃO ECOLÓGICA MOGI-GUAÇU","Angiosperms","Asteraceae","Erechtites","hieracifolius","(L.) Raf. ex DC.","ASTERACEAE Erechtites hieracifolius (L.) Raf. ex DC.","168750","splink","SP","Mantovani, W.","1637","Native","1981","Mantovani, W.","1981","Prata","Prata",,"Mogi Guaçu","Fazenda Campininha, Martinho Prado"
"ESTAÇÃO ECOLÓGICA MOGI-GUAÇU","Angiosperms","Asteraceae","Mikania","sessilifolia","DC.","ASTERACEAE Mikania sessilifolia DC.","169481","splink","SP","Sugiyama, M.","168","Native","1981","Mantovani, W.","1981","Prata","Prata",,"Mogi Guaçu","Fazenda Campininha, Martinho Prado"
"ESTAÇÃO ECOLÓGICA MOGI-GUAÇU","Angiosperms","Asteraceae","Orthopappus","angustifolius","(Sw.) Gleason","ASTERACEAE Orthopappus angustifolius (Sw.) Gleason","168640","splink","SP","Mantovani, W.","1532","Native","1981","Mantovani, W.","1981","Prata","Prata",,"Mogi Guaçu","Fazenda Campininha, Martinho Prado"
"ESTAÇÃO ECOLÓGICA MOGI-GUAÇU","Angiosperms","Asteraceae","Pterocaulon","alopecuroides","(Lam.) DC.","ASTERACEAE Pterocaulon alopecuroides (Lam.) DC.","168639","splink","SP","Mantovani, W.","1533","Native","1981","Mantovani, W.","1981","Prata","Prata",,"Mogi Guaçu","Fazenda Campininha, Martinho Prado"
"ESTAÇÃO ECOLÓGICA MOGI-GUAÇU","Angiosperms","Asteraceae","Verbesina","sordescens","DC.","ASTERACEAE Verbesina sordescens DC.","168592","splink","SP","Mantovani, W.","1595","Native","1981","Mantovani, W.","1981","Prata","Prata",,"Mogi Guaçu","Fazenda Campininha, Martinho Prado"
"ESTAÇÃO ECOLÓGICA MOGI-GUAÇU","Angiosperms","Convolvulaceae","Evolvulus","sericeus","Sw.","CONVOLVULACEAE Evolvulus sericeus Sw.","168634","splink","SP","Mantovani, W.","1540","Native","1981","Mantovani, W.","1981","Prata","Prata",,"Mogi Guaçu","Fazenda Campininha, Martinho Prado"
"ESTAÇÃO ECOLÓGICA MOGI-GUAÇU","Angiosperms","Convolvulaceae","Ipomoea","argentea","Meisn.","CONVOLVULACEAE Ipomoea argentea Meisn.","168537","splink","SP","Sugiyama, M.","84","Native","1981","Mantovani, W.","1981","Prata","Prata",,"Mogi Guaçu","Fazenda Campininha, Martinho Prado"
"ESTAÇÃO ECOLÓGICA MOGI-GUAÇU","Angiosperms","Fabaceae","Eriosema","campestre","Benth.","FABACEAE Eriosema campestre Benth.","SP026716","splink","SP","Oliveira, C.M.","41","Native","1981","Mantovani, W.","1981","Prata","Prata",,"Mogi Guaçu","Fazenda Campininha, Bairro Martinho Prado"
"ESTAÇÃO ECOLÓGICA MOGI-GUAÇU","Angiosperms","Lythraceae","Lafoensia","pacari","A.St.-Hil.","LYTHRACEAE Lafoensia pacari A.St.-Hil.","169510","splink","SP","Sugiyama, M.","161","Native","1981","Mantovani, W.","1981","Prata","Prata",,"Mogi Guaçu","Fazenda Campininha, Martinho Prado"
"ESTAÇÃO ECOLÓGICA MOGI-GUAÇU","Angiosperms","Rubiaceae","Guettarda","viburnoides","Cham. & Schltdl.","RUBIACEAE Guettarda viburnoides Cham. & Schltdl.","SP0168501","splink","SP","Sugiyama, M.","100","Native","1981","Mantovani, W.","1981","Prata","Prata",,"Mogi Guaçu","Fazenda Campininha, Martinho Prado"
"ESTAÇÃO ECOLÓGICA MOGI-GUAÇU","Angiosperms","Nyctaginaceae","Neea","hermaphrodita","S.Moore","NYCTAGINACEAE Neea hermaphrodita S.Moore","167628","splink","SP","Mantovani, W.","1079","Native","1980","Rossetto, E.F.S.","2026","Prata","Prata",,"Mogi Guaçu","Fazenda Campininha, Martinho Prado"
"ESTAÇÃO ECOLÓGICA MOGI-GUAÇU","Angiosperms","Heliotropiaceae","Heliotropium","indicum","L.","HELIOTROPIACEAE Heliotropium indicum L.","167418","splink","SP","Custodio Filho, A.","401","Native","1980","Rossi, L.","2024","Prata","Prata",,"Mogi Guaçu","Fazenda Campininha"
"ESTAÇÃO ECOLÓGICA MOGI-GUAÇU","Angiosperms","Asteraceae","Aldama","macrorhiza","(Baker) E.E.Schill. & Panero","ASTERACEAE Aldama macrorhiza (Baker) E.E.Schill. & Panero","166496","x","SP","Mantovani, W.","961","Native","1980","Pirani, J.R.","2014","Prata","Prata",,"Mogi Guaçu","Fazenda Campininha, Martinho Prado"
"ESTAÇÃO ECOLÓGICA MOGI-GUAÇU","Angiosperms","Begoniaceae","Begonia","cucullata","Willd.","BEGONIACEAE Begonia cucullata Willd.","SP0180506","splink","SP","Chiea, S.A.C.","53","Native","1980","Smith, S.F.","1997","Prata","Prata",,"Mogi Guaçu","Fazenda Campininha"
"ESTAÇÃO ECOLÓGICA MOGI-GUAÇU","Angiosperms","Begoniaceae","Begonia","fischeri","Schrank","BEGONIACEAE Begonia fischeri Schrank","SP0198373","splink","SP","Forero, E.","8367","Native","1980","Smith, S.F.","1997","Prata","Prata",,"Mogi Guaçu","Fazenda Campininha, Pádua Sales"
"ESTAÇÃO ECOLÓGICA MOGI-GUAÇU","Angiosperms","Fabaceae","Senna","pilifera","(Vogel) H.S.Irwin & Barneby","FABACEAE Senna pilifera (Vogel) H.S.Irwin & Barneby","167879","splink","SP","Mantovani, W.","1383","Native","1980","Mantovani, W.","1989","Prata","Prata",,"Mogi Guaçu","Estação Experimental de Mogi Guaçu Martinho Prado, Fazenda Campininha"
"ESTAÇÃO ECOLÓGICA MOGI-GUAÇU","Angiosperms","Orobanchaceae","Buchnera","rosea","Kunth","OROBANCHACEAE Buchnera rosea Kunth","164989","splink","SP","Mantovani, W.","683","Native","1980","Souza, V.C.","1989","Prata","Prata",,"Mogi Guaçu","Fazenda Campininha, Pádua Sales"
"ESTAÇÃO ECOLÓGICA MOGI-GUAÇU","Angiosperms","Fabaceae","Macroptilium","prostratum","(Benth.) Urb.","FABACEAE Macroptilium prostratum (Benth.) Urb.","166550","splink","SP","Mantovani, W.","982","Native","1980","Mantovani, W.","1983","Prata","Prata",,"Mogi Guaçu","Fazenda Campininha, Martinho Prado"
"ESTAÇÃO ECOLÓGICA MOGI-GUAÇU","Angiosperms","Asteraceae","Baccharis","aphylla","(Vell.) DC.","ASTERACEAE Baccharis aphylla (Vell.) DC.","167601","splink","SP","Mantovani, W.","1077","Native","1980","Mantovani, W.","1981","Prata","Prata",,"Mogi Guaçu","Fazenda Campininha, Martinho Prado."
"ESTAÇÃO ECOLÓGICA MOGI-GUAÇU","Angiosperms","Asteraceae","Calea","cuneifolia","DC.","ASTERACEAE Calea cuneifolia DC.","167596","splink","SP","Mantovani, W.","1159","Native","1980","Mantovani, W.","1981","Prata","Prata",,"Mogi Guaçu","Fazenda Campininha, Martinho Prado."
"ESTAÇÃO ECOLÓGICA MOGI-GUAÇU","Angiosperms","Asteraceae","Elephantopus","mollis","Kunth","ASTERACEAE Elephantopus mollis Kunth","165011","splink","SP","Mantovani, W.","619","Native","1980","Mantovani, W.","1981","Prata","Prata",,"Mogi Guaçu","Fazenda Campininha, Pádua Sales"
"ESTAÇÃO ECOLÓGICA MOGI-GUAÇU","Angiosperms","Cucurbitaceae","Ceratosanthes","hilariana","Cogn.","CUCURBITACEAE Ceratosanthes hilariana Cogn.","167625","splink","SP","Mantovani, W.","1076","Native","1980","Mantovani, W.","1981","Prata","Prata",,"Mogi Guaçu","Fazenda Campininha, Martinho Prado"
"ESTAÇÃO ECOLÓGICA MOGI-GUAÇU","Angiosperms","Euphorbiaceae","Manihot","tripartita","(Spreng.) Müll.Arg.","EUPHORBIACEAE Manihot tripartita (Spreng.) Müll.Arg.","SP0167500","splink","SP","Custodio Filho, A.","348","Native","1980","Mantovani, W.","1981","Prata","Prata",,"Mogi Guaçu","Fazenda Campininha."
"ESTAÇÃO ECOLÓGICA MOGI-GUAÇU","Angiosperms","Rubiaceae","Declieuxia","lysimachioides","Zucc. ex Schult. & Schult.f.","RUBIACEAE Declieuxia lysimachioides Zucc. ex Schult. & Schult.f.","SP0167907","splink","SP","Mantovani, W.","1311","Native","1980","Mantovani, W.","1981","Prata","Prata",,"Mogi Guaçu","Fazenda Campininha, Martinho Prado"
"ESTAÇÃO ECOLÓGICA MOGI-GUAÇU","Angiosperms","Asteraceae","Acanthospermum","australe","(Loefl.) Kuntze","ASTERACEAE Acanthospermum australe (Loefl.) Kuntze","165034","x","SP","Mantovani, W.","583","Native","1980","Mantovani, W.","1980","Prata","Prata",,"Mogi Guaçu","Fazenda Campininha, Pádua Sales."
"ESTAÇÃO ECOLÓGICA MOGI-GUAÇU","Angiosperms","Asteraceae","Stevia","cinerascens","Sch.Bip. ex Baker","ASTERACEAE Stevia cinerascens Sch.Bip. ex Baker","165158","splink","SP","Mantovani, W.","484","Native","1980","Mantovani, W.","1980","Prata","Prata",,"Mogi Guaçu","Fazenda Campininha, Pádua Sales"
"ESTAÇÃO ECOLÓGICA MOGI-GUAÇU","Angiosperms","Bignoniaceae","Cybistax","antisyphilitica","(Mart.) Mart.","BIGNONIACEAE Cybistax antisyphilitica (Mart.) Mart.","167855","splink","SP","Mantovani, W.","1398","Unknown","1980","Mantovani, W.","1980","Prata","Prata",,"Mogi Guaçu","Fazenda Campininha, Martinho Prado"
"ESTAÇÃO ECOLÓGICA MOGI-GUAÇU","Angiosperms","Asteraceae","Lessingianthus","brevipetiolatus","(Sch.Bip. ex Baker) H.Rob.","ASTERACEAE Lessingianthus brevipetiolatus (Sch.Bip. ex Baker) H.Rob.","5127B","x","VIC","Silva, A.F.","s.n.","Native","1978","Silva, A.F.","1978","Prata","Prata",,"Mogi Guaçu","Fazenda Campininha, Cerrado."
"ESTAÇÃO ECOLÓGICA MOGI-GUAÇU","Angiosperms","Dilleniaceae","Davilla","rugosa","Poir.","DILLENIACEAE Davilla rugosa Poir.","5106","x","VIC","Silva, A.F.","19","Native","1978","Silva, A.F.","1978","Prata","Prata",,"Mogi Guaçu","Fazenda Campininha, Cerrado."
"ESTAÇÃO ECOLÓGICA MOGI-GUAÇU","Angiosperms","Annonaceae","Duguetia","furfuracea","(A.St.-Hil.) Saff.","ANNONACEAE Duguetia furfuracea (A.St.-Hil.) Saff.","UEC029864","splink","UEC","Monteiro, R.","4076","Native","1977","Pirani, J.R.","1985","Prata","Prata",,"Mogi Guaçu","Estação Biológica de Mogi Guaçu, (faz. Campininha)"
"ESTAÇÃO ECOLÓGICA MOGI-GUAÇU","Angiosperms","Loranthaceae","Tripodanthus","acutifolius","(Ruiz & Pav.) Tiegh.","LORANTHACEAE Tripodanthus acutifolius (Ruiz & Pav.) Tiegh.","3287027","x","MO","Gibbs, P.E.","4283","Native","1977","Hatschbach, G.","1981","Prata","Prata",,"Mogi Guaçu","25 km NW de Mogi-Guaçú, Estação Experimental do Mogi-Guaçú (Fazenda Campininha)."
"ESTAÇÃO ECOLÓGICA MOGI-GUAÇU","Angiosperms","Melastomataceae","Cambessedesia","espora","(A.St.-Hil. ex Bonpl.) DC.","MELASTOMATACEAE Cambessedesia espora (A.St.-Hil. ex Bonpl.) DC.","165510","splink","SP","Sakane, M.","710","Native","1977","Mantovani, W.","1981","Prata","Prata",,"Mogi Guaçu","Fazenda Campininha, Pádua Sales"
"ESTAÇÃO ECOLÓGICA MOGI-GUAÇU","Angiosperms","Asteraceae","Achyrocline","vauthieriana","DC.","ASTERACEAE Achyrocline vauthieriana DC.","IBGE00076960","x","IBGE","Eiten, G.","2583","Native","1961","Smith, L.B.","1966","Prata","Prata",,"Mogi Guaçu","Campos Sete Lagoas. Fazenda Campinha, ao norte de Rio Moji-Guaçu. Cerca de 5km ao noroeste da cidade de Moji-Mirim. Folha Cartográfica SF-23-Y-A Coordenada Coletada."
"ESTAÇÃO ECOLÓGICA MOGI-GUAÇU","Angiosperms","Asteraceae","Vernonanthura","cymosa","(Vell.) H.Rob.","ASTERACEAE Vernonanthura cymosa (Vell.) H.Rob.","3387638","x","MO","Eiten, G.","2564","Native","1961","Smith, L.B.","1966","Prata","Prata",,"Mogi Guaçu","Moji-Guaçu: ""Campos das Sete Lagôas"". Fazenda Campininha, just north of Rio Moji-Guaçu. 3.5 km. NNW of Padua Sale. (About 27 km. NW of city of Moji-Mirim.) 150 m NE of main house. General vegetation: campo cerrado (a type of scrubby woodland originally) on upland, or very rarely forest. Open marsh or dense secondary forest (""mata"") along the streams. Cerrado scrub (degraded from original tree-wwodland cerradão). Sandy soil."
"ESTAÇÃO ECOLÓGICA MOGI-GUAÇU","Angiosperms","Apiaceae","Eryngium","ebracteatum","Lam.","APIACEAE Eryngium ebracteatum Lam.","NY00617426","splink","NY","Eiten, G.","1954","Native","1960","Smith, L.B.",,"Prata","Prata",,"Mogi Guaçu","Campos das Sete Lagoas. Fazenda Campininha, just north of Rio Moji-Guaçu 3.7 km NNW of Padua Sales (about 27 km NW of city of Moji-Mirim)"
"ESTAÇÃO ECOLÓGICA MOGI-GUAÇU","Angiosperms","Apocynaceae","Rhabdadenia","madida","(Vell.) Miers","APOCYNACEAE Rhabdadenia madida (Vell.) Miers","V117459","x","UBC","Mattos, J.R.","8243","Native","1960","Smith, L.B.",,"Prata","Prata",,"Mogi Guaçu","moji-guacu, fazenda campininha, 3 km north, northwest of padua sales"
"ESTAÇÃO ECOLÓGICA MOGI-GUAÇU","Angiosperms","Apiaceae","Eryngium","hemisphaericum","Urb.","APIACEAE Eryngium hemisphaericum Urb.","75330","splink","SP","Mattos, J.R.","8497","Native","1960","Pirani, J.R.","2005","Prata","Prata",,"Mogi Guaçu","Fazenda Campininha, 7 km NNW de Pádua Sales"
"ESTAÇÃO ECOLÓGICA MOGI-GUAÇU","Angiosperms","Plantaginaceae","Bacopa","monnierioides","(Cham.) B.L.Rob.","PLANTAGINACEAE Bacopa monnierioides (Cham.) B.L.Rob.","76841","splink","SP","Eiten, G.","2351","Native","1960","Souza, V.C.","2003","Prata","Prata",,"Mogi Guaçu","Fazenda Campininha"
"ESTAÇÃO ECOLÓGICA MOGI-GUAÇU","Angiosperms","Plantaginaceae","Bacopa","serpyllifolia","(Benth.) Pennell","PLANTAGINACEAE Bacopa serpyllifolia (Benth.) Pennell","77241","splink","SP","Eiten, G.","1932","Native","1960","Souza, V.C.","2003","Prata","Prata",,"Mogi Guaçu","Fazenda Campininha"
"ESTAÇÃO ECOLÓGICA MOGI-GUAÇU","Angiosperms","Euphorbiaceae","Bernardia","spartioides","(Baill.) Müll.Arg.","EUPHORBIACEAE Bernardia spartioides (Baill.) Müll.Arg.","SP0074812","splink","SP","Eiten, G.","2259","Native","1960","Smith, L.B.","1961","Prata","Prata",,"Mogi Guaçu","""Campos das Sete Lagoas"". Fazenda Campininha, just north of Rio Moji-Guaçu. 10 Km. NNE of Padua Sales. ( About 27 Km. NW of city og Moji-Mirim).&nf;General vegetation: campo cerrado on unpland (or occasionally forest). Open marash or dense secondary fo"
"ESTAÇÃO ECOLÓGICA MOGI-GUAÇU","Angiosperms","Malvaceae","Sida","rhombifolia","L.","MALVACEAE Sida rhombifolia L.","NY00410735","splink","NY","Eiten, G.","1698","Native","1960","Smith, L.B.","1961","Prata","Prata",,"Mogi Guaçu","""Campos das Sete Lagôas"". Fazenda Campininha, just north of Rio Moji-Guaçu. 3.4 km NNW of PADUA SALES (27 km NW of the city of MOJI-MIRIM)"
"ESTAÇÃO ECOLÓGICA MOGI-GUAÇU","Angiosperms","Rubiaceae","Palicourea",,"Aubl.","RUBIACEAE Palicourea Aubl.","HO21813","x","HO","Eiten, G.","1561","Native","1959","Smith, L.B.","1961","Prata","Prata",,"Mogi Guaçu","Municipio de Moji-Guacu: “Campos das Sete Lagoas”. Fazenda Campininha, just N of Rio Moji-Guacu ca 4km NNW of Padua Sales (About 27km NW of city of Moji-Mirim)"
"ESTAÇÃO ECOLÓGICA MOGI-GUAÇU","Angiosperms","Cordiaceae","Varronia","calocephala","(Cham.) Friesen","CORDIACEAE Varronia calocephala (Cham.) Friesen","74833","splink","SP","Kuhlmann, M.","4173","Native","1957","Rossi, L.","2024","Prata","Prata",,"Mogi Guaçu","Fazenda Campininha, proximidades de Padua Sales"
"ESTAÇÃO ECOLÓGICA MOGI-GUAÇU","Angiosperms","Hydroleaceae","Hydrolea","spinosa","L.","HYDROLEACEAE Hydrolea spinosa L.","56406","splink","SP","Handro, O.","739","Native","1957","Mantovani, W.","1986","Prata","Prata",,"Mogi Guaçu","Fazenda Campininha, Perto de Pádua Sales"
"ESTAÇÃO ECOLÓGICA MOGI-GUAÇU","Angiosperms","Lamiaceae","Hyptis","radicans","(Pohl) Harley & J.F.B.Pastore","LAMIACEAE Hyptis radicans (Pohl) Harley & J.F.B.Pastore","SPF00190051",,"SPF","Trovo, M.L.O.","333","Native","2007","Silva-Luz, C.L.","15/4/15","Bronze","Prata","jbrj-public.s3-sa-east-1.amazonaws.com/fsi/server?type=image&source=DZI/spf/spf/0/19/0/51/spf00190051.dzi","Mogi Guaçu","Fazenda Campininha. Beira da trilha que corta a região de Cerradão."
"ESTAÇÃO ECOLÓGICA MOGI-GUAÇU","Angiosperms","Sapindaceae","Serjania","communis","Cambess.","SAPINDACEAE Serjania communis Cambess.","NY00514455",,"NY","Godoi, J.V.","363","Native","1993","Godoi, J.V.","1993","Bronze","Prata","jbrj-public.s3-sa-east-1.amazonaws.com/fsi/server?type=image&source=DZI/newyork/ny_/0/51/44/55/ny_00514455.dzi","Mogi Guaçu","Mogi-Guaçu, Reserva Biológica e Estaçao Experimental de Mogi-Guaçu. Mata da Figueira."
"ESTAÇÃO ECOLÓGICA MOGI-GUAÇU","Angiosperms","Violaceae","Anchietea","pyrifolia","(Mart.) G.Don","VIOLACEAE Anchietea pyrifolia (Mart.) G.Don","ESA061831",,"ESA","Zifirino, R.","7","Native","1992","Godoi, J.V.","1992","Bronze","Prata","jbrj-public.s3-sa-east-1.amazonaws.com/fsi/server?type=image&source=DZI/esa/esa/0/6/18/31/esa00061831.dzi","Mogi Guaçu","Reserva Biológica e Estação Experimental de Mogi Guaçu"
"ESTAÇÃO ECOLÓGICA MOGI-GUAÇU","Angiosperms","Rhamnaceae","Gouania","inornata","Reissek","RHAMNACEAE Gouania inornata Reissek","NY00533392",,"NY","Godoi, J.V.","50","Native","1991","Godoi, J.V.","1991","Bronze","Prata","jbrj-public.s3-sa-east-1.amazonaws.com/fsi/server?type=image&source=DZI/newyork/ny_/0/53/33/92/ny_00533392.dzi","Mogi Guaçu","Mogi-Guaçu, Fazenda Campininha, Mata da Mariana."
"ESTAÇÃO ECOLÓGICA MOGI-GUAÇU","Angiosperms","Rhamnaceae","Crumenaria","erecta","Reissek","RHAMNACEAE Crumenaria erecta Reissek","NY00884973",,"NY","Jung-Mendacolli, S.L.","65","Native","1977","Bartoli, A.","2009","Bronze","Prata","jbrj-public.s3-sa-east-1.amazonaws.com/fsi/server?type=image&source=DZI/newyork/ny_/0/88/49/73/ny_00884973.dzi","Mogi Guaçu","Fazenda Campininha"
"ESTAÇÃO ECOLÓGICA MOGI-GUAÇU","Angiosperms","Lindsaeaceae","Lindsaea","divaricata","Klotzsch","LINDSAEACEAE Lindsaea divaricata Klotzsch","NY00815871",,"NY","Eiten, G.","5683","Native","1964","Moran, R.C.",,"Bronze","Prata","jbrj-public.s3-sa-east-1.amazonaws.com/fsi/server?type=image&source=DZI/newyork/ny_/0/81/58/71/ny_00815871.dzi","Mogi Guaçu","Campos das Sete Lagôas"". Fazenda Campininha, just N of Rio Moji-Guaçu. 4.0km NNW of Padua Sales. (About 27km NW of city of Moji-Mirim)."
"ESTAÇÃO ECOLÓGICA MOGI-GUAÇU","Angiosperms","Cyperaceae","Eleocharis","flavescens","(Poir.) Urb.","CYPERACEAE Eleocharis flavescens (Poir.) Urb.","UB0007940",,"UB","Eiten, G.","5648","Native","1964","Farias, D.C.","2024","Bronze","Prata","jbrj-public.s3-sa-east-1.amazonaws.com/fsi/server?type=image&source=DZI/ub/ub/0/0/79/40/ub00007940.dzi","Mogi Guaçu","Campos das Sete Lagoas"""". Fazenda Campininha, just north of Rio Moji-Guaçu. 5.7 km NNW of Padua Sales. About 27 km NW of city of Moji-Mirim"
"ESTAÇÃO ECOLÓGICA MOGI-GUAÇU","Angiosperms","Cyperaceae","Eleocharis","fluctuans","(L.T. Eiten) E.H. Roalson","CYPERACEAE Eleocharis fluctuans (L.T. Eiten) E.H. Roalson","UB0007939",,"UB","Eiten, G.","5653","Native","1964","Farias, D.C.","2024","Bronze","Prata","jbrj-public.s3-sa-east-1.amazonaws.com/fsi/server?type=image&source=DZI/ub/ub/0/0/79/39/ub00007939.dzi","Mogi Guaçu","Campos das Sete Lagoas"""". Fazenda Campininha, just north of Rio Moji-Guaçu. 5.7 km NNW of Padua Sales. About 27 km NW of city of Moji-Mirim"
"ESTAÇÃO ECOLÓGICA MOGI-GUAÇU","Ferns and Lycophytes","Malvaceae","Luehea",,"Willd.","MALVACEAE Luehea Willd.","NY00628936",,"NY","Eiten, G.","5619","Native","1964","Gerace, S.","2020","Bronze","Prata","jbrj-public.s3-sa-east-1.amazonaws.com/fsi/server?type=image&source=DZI/newyork/ny_/0/62/89/36/ny_00628936.dzi","Mogi Guaçu","Campos das Sete Lagôas"". Fazenda Campininha, just north of Rio Moji-Guaçu. 6.5 km. NNW of Padua Sales. (About 27 km. NW of city of Moji-Mirim.)"
"ESTAÇÃO ECOLÓGICA MOGI-GUAÇU","Angiosperms","Dryopteridaceae","Cyclodium","meniscioides","(Willd.) C.Presl","DRYOPTERIDACEAE Cyclodium meniscioides (Willd.) C.Presl","NY00808401",,"NY","Eiten, G.","5675","Native","1964","Moran, R.C.","1999","Bronze","Prata","jbrj-public.s3-sa-east-1.amazonaws.com/fsi/server?type=image&source=DZI/newyork/ny_/0/80/84/1/ny_00808401.dzi","Mogi Guaçu","Campos das Sete Lagoas"". Fazenda Campinha, just N of Rio Moji-Gauçu. 4 km NNW of Padua Sales (About 27 km NW of city of Moji-Mirim)"
"ESTAÇÃO ECOLÓGICA MOGI-GUAÇU",,"Asteraceae","Mikania","decumbens","Malme","ASTERACEAE Mikania decumbens Malme","NY00797347",,"NY","Mattos, J.R.","9667",,"1961","Holmes, W.C.",,"Bronze","Prata","jbrj-public.s3-sa-east-1.amazonaws.com/fsi/server?type=image&source=DZI/newyork/ny_/0/79/73/47/ny_00797347.dzi","Mogi Guaçu","Moji-Guaçu, Fazenda Campininha"
"ESTAÇÃO ECOLÓGICA MOGI-GUAÇU","Angiosperms","Asteraceae","Aldama","rubra","(Magenta & Pirani) E.E.Schill. & Panero","ASTERACEAE Aldama rubra (Magenta & Pirani) E.E.Schill. & Panero","US01768774",,"US","Eiten, G.","2570","Native","1961","Magenta, M.A.G.","2020","Bronze","Prata","jbrj-public.s3-sa-east-1.amazonaws.com/fsi/server?type=image&source=DZI/us/us/1/76/87/74/us01768774.dzi","Mogi Guaçu","State of São Paulo. Município de Moji-Guaçu: """"Campos das Sete Lagôas"""". Fazenda Campininha, just north of Rio Moji-Guaçu. 6.6 km NNW of Padua Sales. (About 27 km. NW of city of Moji-Mirim)"
"ESTAÇÃO ECOLÓGICA MOGI-GUAÇU","Angiosperms","Eriocaulaceae","Coracoralina","chiquitensis","(Herzog) Andrino","ERIOCAULACEAE Coracoralina chiquitensis (Herzog) Andrino","NY00504682",,"NY","Eiten, G.","2724","Cultivated","1961","Trovo, M.L.O.","2015","Bronze","Prata","jbrj-public.s3-sa-east-1.amazonaws.com/fsi/server?type=image&source=DZI/newyork/ny_/0/50/46/82/ny_00504682.dzi","Mogi Guaçu","Campos das Sete Lagôas"". Fazenda Campininha, just north of Rio Moji-Guaçu. 3.7 km NNW of Padua Sales. (About 27 km NW of city of Moji-Mirim)"
"ESTAÇÃO ECOLÓGICA MOGI-GUAÇU","Angiosperms","Fabaceae","Stylosanthes","pubescens","(Pilger) Gissi","FABACEAE Stylosanthes pubescens (Pilger) Gissi","NY00623152",,"NY","Eiten, G.","2744","Native","1961","Costa, N.S.","1999","Bronze","Prata","jbrj-public.s3-sa-east-1.amazonaws.com/fsi/server?type=image&source=DZI/newyork/ny_/0/62/31/52/ny_00623152.dzi","Mogi Guaçu","Campos das Sete Lagôas"". Fazenda Campininha, just north of Rio Moji-Guaçu. 3.7 km NNW of Padua Sales. (About 27 km. NW of city of Moji-Mirim)."
"ESTAÇÃO ECOLÓGICA MOGI-GUAÇU",,"Lamiaceae","Salvia","minarum","Briq.","LAMIACEAE Salvia minarum Briq.","P04164848",,"P","Eiten, G.","3529",,"1961","Santos, E.P.","1991","Bronze","Prata","jbrj-public.s3.amazonaws.com/fsi/server?type=image&source=DZI/mnhn/p/4/16/48/48/p04164848.dzi","Mogi Guaçu","Campos da Sete Lagôas"". Fazenda Campininha, just north of Rio Moju-Guaçu. 6,2km NNW of Padua Sales."
"ESTAÇÃO ECOLÓGICA MOGI-GUAÇU","Angiosperms","Polygalaceae","Asemeia","violacea","(Aubl.) J.F.B.Pastore & J.R.Abbott","POLYGALACEAE Asemeia violacea (Aubl.) J.F.B.Pastore & J.R.Abbott","US01879429",,"US","Eiten, G.","2613","Native","1961","Marques, M.C.","1978","Bronze","Prata","jbrj-public.s3-sa-east-1.amazonaws.com/fsi/server?type=image&source=DZI/us/us/1/87/94/29/us01879429.dzi","Mogi Guaçu","Campos das Sete Lgôas"". Fazenda Campininha, just north of Rio Moji-Guaçu 3.2-3.3km NNW of Padua Sales."
"ESTAÇÃO ECOLÓGICA MOGI-GUAÇU","Angiosperms","Cyperaceae","Cyperus","ceylanicus","(Vahl) T.Koyama","CYPERACEAE Cyperus ceylanicus (Vahl) T.Koyama","NY00622964",,"NY","Eiten, G.","2714","Native","1961","Eiten, L.T.","1962","Bronze","Prata","jbrj-public.s3-sa-east-1.amazonaws.com/fsi/server?type=image&source=DZI/newyork/ny_/0/62/29/64/ny_00622964.dzi","Mogi Guaçu","Campos das Sete Lagoas"". Fazenda Campininha, just north of Rio Moji-Guaçu. 3.7 km. NNW of Padua Sales. (About 27 km. NW of city of Moji-Mirim.)"
"ESTAÇÃO ECOLÓGICA MOGI-GUAÇU","Angiosperms","Arecaceae","Acrocomia","hassleri","(Barb.Rodr.) W.J.Hahn","ARECACEAE Acrocomia hassleri (Barb.Rodr.) W.J.Hahn","NY00568127",,"NY","Eiten, G.","2391","Native","1960","Lleras, E.",,"Bronze","Prata","jbrj-public.s3-sa-east-1.amazonaws.com/fsi/server?type=image&source=DZI/newyork/ny_/0/56/81/27/ny_00568127.dzi","Mogi Guaçu","Campos das Sete Lagôas"". Fazenda Campininha, just north of Rio Moji-Guaçu. 9.7 km NNE of Padua Sales (About 27 km NW of city of Moji-Mirim).In recently plowed bround about 300 m south of fire tower."
"ESTAÇÃO ECOLÓGICA MOGI-GUAÇU","Angiosperms","Asteraceae","Bidens","subalternans","DC.","ASTERACEAE Bidens subalternans DC.","NY00781778",,"NY","Eiten, G.","1715","Native","1960","Wurdack, J.J.",,"Bronze","Prata","jbrj-public.s3-sa-east-1.amazonaws.com/fsi/server?type=image&source=DZI/newyork/ny_/0/78/17/78/ny_00781778.dzi","Mogi Guaçu","Campos das Sete Lagôas"". Fazenda Campininha, just north of Rio Moji-Guaçu. ~4km NNW of Padua Sales. (About 27km NW of city of Moji-Mirim)."
"ESTAÇÃO ECOLÓGICA MOGI-GUAÇU","Angiosperms","Pteridaceae","Pityrogramma","ebenea","(L.) Proctor","PTERIDACEAE Pityrogramma ebenea (L.) Proctor","NY00807761",,"NY","Eiten, G.","1958","Native","1960","Morton, C.V.",,"Bronze","Prata","jbrj-public.s3-sa-east-1.amazonaws.com/fsi/server?type=image&source=DZI/newyork/ny_/0/80/77/61/ny_00807761.dzi","Mogi Guaçu","Campos das Sete Lagõas"". Fazenda Campininha, just north of Rio Moji-Guaçu. 3.7km NNW of Padua Sales. (About 27km. NW of city of Moji-Mirim)."
"ESTAÇÃO ECOLÓGICA MOGI-GUAÇU",,"Smilacaceae","Smilax","irrorata","Mart. ex Griseb.","SMILACACEAE Smilax irrorata Mart. ex Griseb.","NY00625382",,"NY","Eiten, G.","2199",,"1960","Cowan, R.S.",,"Bronze","Prata","jbrj-public.s3-sa-east-1.amazonaws.com/fsi/server?type=image&source=DZI/newyork/ny_/0/62/53/82/ny_00625382.dzi","Mogi Guaçu","Campos das Sete Lagôas"". Fazenda Campininha, just north of Rio Moji-Guaçu. 4km NNW of Padua Sales. (About 27km NW of city of Moji-Mirim)."
"ESTAÇÃO ECOLÓGICA MOGI-GUAÇU","Angiosperms","Cyperaceae","Rhynchospora","caracasana","(Kunth) Boeckeler","CYPERACEAE Rhynchospora caracasana (Kunth) Boeckeler","NY00612841",,"NY","Mattos, J.R.","8560","Native","1960","Silva Filho, P.J.","2017","Bronze","Prata","jbrj-public.s3-sa-east-1.amazonaws.com/fsi/server?type=image&source=DZI/newyork/ny_/0/61/28/41/ny_00612841.dzi","Mogi Guaçu","Fazenda Campininha, 3 km NNW de Padua Sales."
"ESTAÇÃO ECOLÓGICA MOGI-GUAÇU","Angiosperms","Cyperaceae","Rhynchospora","globosa","(Kunth) Roem. & Schult.","CYPERACEAE Rhynchospora globosa (Kunth) Roem. & Schult.","NY00612603",,"NY","Eiten, G.","2347","Native","1960","Araujo, A.C.","2001","Bronze","Prata","jbrj-public.s3-sa-east-1.amazonaws.com/fsi/server?type=image&source=DZI/newyork/ny_/0/61/26/3/ny_00612603.dzi","Mogi Guaçu","Campos das Sete Lagôas"". Fazenda Campininha, just north of Rio Moji-Guaçu. 3.1 km. NNW of Padua Sales. (About 27 km. NW of city of Moji-Mirim.)"
"ESTAÇÃO ECOLÓGICA MOGI-GUAÇU","Angiosperms","Cyperaceae","Rhynchospora","loefgrenii","Boeckeler","CYPERACEAE Rhynchospora loefgrenii Boeckeler","NY00612964",,"NY","Eiten, G.","2334","Native","1960","Araujo, A.C.","2001","Bronze","Prata","jbrj-public.s3-sa-east-1.amazonaws.com/fsi/server?type=image&source=DZI/newyork/ny_/0/61/29/64/ny_00612964.dzi","Mogi Guaçu","Campos das Sete Lagôas"". Fazenda Campininha, just north of Rio Moji-Guaçu. 3.1 km. NNW of Padua Sales. 350 m. south of main house & 150 m. west of road. (About 27 km. NW of city of Moji-Mirim.)"
"ESTAÇÃO ECOLÓGICA MOGI-GUAÇU","Angiosperms","Rubiaceae","Hexasepalum","teres","(Walter) J.H.Kirkbr.","RUBIACEAE Hexasepalum teres (Walter) J.H.Kirkbr.","NY00397139",,"NY","Eiten, G.","1708","Native","1960","Bruza, J.","1981","Bronze","Prata","jbrj-public.s3-sa-east-1.amazonaws.com/fsi/server?type=image&source=DZI/newyork/ny_/0/39/71/39/ny_00397139.dzi","Mogi Guaçu","Campos das Sete Lagoas"". Fazenda Campininha, just north of Rio Moji-Guaçu. 3.4 km NNW of Padua Sales (27 km NW of city of Moji-Mirim)"
"ESTAÇÃO ECOLÓGICA MOGI-GUAÇU","Angiosperms","Phyllanthaceae","Moeroris","amara","(Schumach. & Thonn.)","PHYLLANTHACEAE Moeroris amara (Schumach. & Thonn.)","NY00528648",,"NY","Eiten, G.","2282a","Native","1960","Jablonski, E.","1965","Bronze","Prata","jbrj-public.s3-sa-east-1.amazonaws.com/fsi/server?type=image&source=DZI/newyork/ny_/0/52/86/48/ny_00528648.dzi","Mogi Guaçu","Campos das Sete lagoas"". fazenda Campininha, just north of Rio Moji-Guaçu. 10 km NNE of Padua Sales (About 27 km NW of city of Moji-Mirim)"
"ESTAÇÃO ECOLÓGICA MOGI-GUAÇU","Angiosperms","Phyllanthaceae","Phyllanthus","niruri","L.","PHYLLANTHACEAE Phyllanthus niruri L.","NY00529033",,"NY","Eiten, G.","2354","Native","1960","Jablonski, E.","1964","Bronze","Prata","jbrj-public.s3-sa-east-1.amazonaws.com/fsi/server?type=image&source=DZI/newyork/ny_/0/52/90/33/ny_00529033.dzi","Mogi Guaçu","Campos das Sete Lagoas"". Fazenda Campininha, just north of Rio Moji-Guaçu. 3.1 km NNW of Padua Sales"
"ESTAÇÃO ECOLÓGICA MOGI-GUAÇU",,"Acanthaceae","Hygrophila",,"R.Br.","ACANTHACEAE Hygrophila R.Br.","NY00491968",,"NY","Mattos, J.R.","8530",,"1960","Leonard, E.C.","1962","Bronze","Prata","jbrj-public.s3-sa-east-1.amazonaws.com/fsi/server?type=image&source=DZI/newyork/ny_/0/49/19/68/ny_00491968.dzi","Mogi Guaçu","Fazenda Campininha, 2 km NNW de Padua Sales."
"ESTAÇÃO ECOLÓGICA MOGI-GUAÇU","Angiosperms","Cyperaceae","Cyperus","brasiliensis","(Kunth) Bauters","CYPERACEAE Cyperus brasiliensis (Kunth) Bauters","NY00539131",,"NY","Eiten, G.","1762","Native","1960","Eiten, L.T.","1962","Bronze","Prata","jbrj-public.s3-sa-east-1.amazonaws.com/fsi/server?type=image&source=DZI/newyork/ny_/0/53/91/31/ny_00539131.dzi","Mogi Guaçu","Campos das Sete Lagôas"". Fazenda Campininha, just north of Rio Moji-Guaçu. ca. 4 km NNW of Padua Sales. (About 27 km NW of city of Moji-Mirim.)."
"ESTAÇÃO ECOLÓGICA MOGI-GUAÇU","Angiosperms","Cyperaceae","Cyperus","megapotamicus","(A.Dietr.) Kunth","CYPERACEAE Cyperus megapotamicus (A.Dietr.) Kunth","NY00622366",,"NY","Eiten, G.","1947","Native","1960","Eiten, L.T.","1962","Bronze","Prata","jbrj-public.s3-sa-east-1.amazonaws.com/fsi/server?type=image&source=DZI/newyork/ny_/0/62/23/66/ny_00622366.dzi","Mogi Guaçu","Campos das Sete Lagôas"". Fazenda Campininha, just north of Rio Moji-Guaçu. 3.7 km. NNW of Padua Sales. (About 27 km. NW of city Moji-Mirim.)."
"ESTAÇÃO ECOLÓGICA MOGI-GUAÇU","Angiosperms","Lindsaeaceae","Lindsaea","lancea","(L.) Bedd.","LINDSAEACEAE Lindsaea lancea (L.) Bedd.","NY00815881",,"NY","Eiten, G.","2124","Unknown","1960","Morton, C.V.","1961","Bronze","Prata","jbrj-public.s3-sa-east-1.amazonaws.com/fsi/server?type=image&source=DZI/newyork/ny_/0/81/58/81/ny_00815881.dzi","Mogi Guaçu","Campos das Sete Lagôas"". Fazenda Campininha, just N of Rio Moji-Guaçu. 4.5km NNW of Padua Sales. (About 27km NW of city of Moji-Mirim)."
"ESTAÇÃO ECOLÓGICA MOGI-GUAÇU","Angiosperms","Malvaceae","Triumfetta","semitriloba","Jacq.","MALVACEAE Triumfetta semitriloba Jacq.","NY00628999",,"NY","Eiten, G.","1894","Native","1960","Wurdack, J.J.","1961","Bronze","Prata","jbrj-public.s3-sa-east-1.amazonaws.com/fsi/server?type=image&source=DZI/newyork/ny_/0/62/89/99/ny_00628999.dzi","Mogi Guaçu","Campos das Sete Lagôas"". Fazenda Campininha, just north of Rio Moji-Guaçu. 3.4 km. NNW of Padua Sales (27 km. NW of city of Moji-Mirim.)"
"ESTAÇÃO ECOLÓGICA MOGI-GUAÇU","Angiosperms","Rosaceae","Rubus","brasiliensis","(Gardner) Hook. f.","ROSACEAE Rubus brasiliensis var. organensis (Gardner) Hook. f.","NY00656692",,"NY","Eiten, G.","1781","Native","1960","Hortorium, B.","1961","Bronze","Prata","jbrj-public.s3-sa-east-1.amazonaws.com/fsi/server?type=image&source=DZI/newyork/ny_/0/65/66/92/ny_00656692.dzi","Mogi Guaçu","Campos das Sete Lagôas"". Fazenda Campininha, just north of Rio Moji-Guaçu. 1 km NNW of Padua Sales (about 27 km NW of city of Moji-Mirim). Roadside, about 200m. from entrance of fazenda"
"ESTAÇÃO ECOLÓGICA MOGI-GUAÇU","Angiosperms","Euphorbiaceae","Croton","angustifrons","Müll.Arg.","EUPHORBIACEAE Croton angustifrons Müll.Arg.","NY00503958",,"NY","Eiten, G.","1562","Native","1959","Jablonski, E.","1964","Bronze","Prata","jbrj-public.s3-sa-east-1.amazonaws.com/fsi/server?type=image&source=DZI/newyork/ny_/0/50/39/58/ny_00503958.dzi","Mogi Guaçu","Campos das Sete Lagoas"". Fazenda Campininha, just north of Rio Moji-Guaçu. 4 km NNW of Padua Sales. (About 27 km NW of city of Moji-Mirim)"
"ESTAÇÃO ECOLÓGICA MOGI-GUAÇU","Angiosperms","Asteraceae","Bidens","pilosa","L.","ASTERACEAE Bidens pilosa L.","NY00781752",,"NY","Eiten, G.","1547","Native","1959","Wurdack, J.J.","1961","Bronze","Prata","jbrj-public.s3-sa-east-1.amazonaws.com/fsi/server?type=image&source=DZI/newyork/ny_/0/78/17/52/ny_00781752.dzi","Mogi Guaçu","Campos das Sete Lagôas"". Fazenda Campininha, just north of Rio Moji-Guaçu. 7km NNW of Padua Sales. (About 27km NW of city of Moji-Mirim). 3km N of river."
"ESTAÇÃO ECOLÓGICA MOGI-GUAÇU",,"Araliaceae","Hydrocotyle","leucocephala","Cham. & Schltdl.","ARALIACEAE Hydrocotyle leucocephala Cham. & Schltdl.","SPF00128417",,"SPF","Kuhlmann, M.","3716",,"0","Correa, I.P.","98","Bronze","Prata","jbrj-public.s3-sa-east-1.amazonaws.com/fsi/server?type=image&source=DZI/spf/spf/0/12/84/17/spf00128417.dzi","Mogi Guaçu","Fazenda Campininha, próximo de Pádua Sales, E.F.S. Várzea do rio Mogi Guaçu."
"ESTAÇÃO ECOLÓGICA MOGI-GUAÇU","Angiosperms","Apiaceae","Eryngium","marginatum","Pohl ex Urb.","APIACEAE Eryngium marginatum Pohl ex Urb.","53113","x","HAS","Mattos, J.","404","Native",,"Lucas, D.","2016","Bronze","Prata",,"Mogi Guaçu","Fazenda Campininha, 2 km depois da torre."
"ESTAÇÃO ECOLÓGICA MOGI-GUAÇU","Angiosperms","Euphorbiaceae","Astraea",,"Klotzsch","EUPHORBIACEAE Astraea Klotzsch","91145","x","HAS","Mattos, J.","9626","Native",,"Carrion, J.F.","2016","Bronze","Prata",,"Mogi Guaçu","Fazenda Campininha, entre a mata e os eucaliptos da sede"
"ESTAÇÃO ECOLÓGICA MOGI-GUAÇU","Angiosperms","Poaceae","Melinis","repens","(Willd.) Zizka","POACEAE Melinis repens (Willd.) Zizka","SP034461","splink","SP","Eiten, G.","2670","Native",,"Rodrigues, R.S.","2014","Bronze","Prata",,"Mogi Guaçu","Fazenda Campininha, Campos das Sete Lagoas, just north of Rio Mogi Guaçu. 8 1/2 km NNE of Pádua Sales. About 27 km NW of city of Mogi-Mirim."
"ESTAÇÃO ECOLÓGICA MOGI-GUAÇU","Angiosperms","Cyperaceae","Cyperus","diffusus","Vahl","CYPERACEAE Cyperus diffusus Vahl","77055","splink","SP","Eiten, G.","1782","Native",,"Eiten, L.T.","1962","Bronze","Prata",,"Mogi Guaçu","Fazenda Campininha"
"ESTAÇÃO ECOLÓGICA MOGI-GUAÇU","Angiosperms","Acanthaceae","Mendoncia","velloziana","Mart.","ACANTHACEAE Mendoncia velloziana Mart.","528600","splink","SP","Bianchini, R.S.","2492","Native","2018","Bianchini, R.S.","2023","Bronze","Prata",,"Mogi Guaçu","Fazenda Campininha"
"ESTAÇÃO ECOLÓGICA MOGI-GUAÇU","Angiosperms","Apocynaceae","Oxypetalum","appendiculatum","Mart.","APOCYNACEAE Oxypetalum appendiculatum Mart.","528588","splink","SP","Bianchini, R.S.","2480","Naturalized","2018","Bianchini, R.S.","2023","Bronze","Prata",,"Mogi Guaçu","Fazenda Campininha"
"ESTAÇÃO ECOLÓGICA MOGI-GUAÇU","Angiosperms","Apocynaceae","Oxypetalum","balansae","Malme","APOCYNACEAE Oxypetalum balansae Malme","528595","splink","SP","Bianchini, R.S.","2487","Naturalized","2018","Bianchini, R.S.","2023","Bronze","Prata",,"Mogi Guaçu","Fazenda Campininha"
"ESTAÇÃO ECOLÓGICA MOGI-GUAÇU","Angiosperms","Aristolochiaceae","Aristolochia","melastoma","Silva Manso ex Duch.","ARISTOLOCHIACEAE Aristolochia melastoma Silva Manso ex Duch.","528587A","splink","SP","Bianchini, R.S.","2479","Native","2018","Bianchini, R.S.","2023","Bronze","Prata",,"Mogi Guaçu","Fazenda Campininha"
"ESTAÇÃO ECOLÓGICA MOGI-GUAÇU","Angiosperms","Asteraceae","Lepidaploa","remotiflora","(Rich.) H.Rob.","ASTERACEAE Lepidaploa remotiflora (Rich.) H.Rob.","528598","splink","SP","Bianchini, R.S.","2490","Native","2018","Bianchini, R.S.","2023","Bronze","Prata",,"Mogi Guaçu","Fazenda Campininha"
"ESTAÇÃO ECOLÓGICA MOGI-GUAÇU","Angiosperms","Asteraceae","Lessingianthus","glabratus","(Less.) H.Rob.","ASTERACEAE Lessingianthus glabratus (Less.) H.Rob.","528596","splink","SP","Bianchini, R.S.","2488","Native","2018","Souza-Buturi, F.O.","2023","Bronze","Prata",,"Mogi Guaçu","Fazenda Campininha"
"ESTAÇÃO ECOLÓGICA MOGI-GUAÇU","Angiosperms","Asteraceae","Lessingianthus","niederleinii","(Hieron.) H.Rob.","ASTERACEAE Lessingianthus niederleinii (Hieron.) H.Rob.","540694","splink","SP","Bianchini, R.S.","2493","Native","2018","Bianchini, R.S.","2023","Bronze","Prata",,"Mogi Guaçu","Fazenda Campininha"
"ESTAÇÃO ECOLÓGICA MOGI-GUAÇU",,"Asteraceae","Lessingianthus","sancti-pauli","(Hieron.) Dematt.","ASTERACEAE Lessingianthus sancti-pauli (Hieron.) Dematt.","540695","splink","SP","Bianchini, R.S.","2494",,"2018","Bianchini, R.S.","2023","Bronze","Prata",,"Mogi Guaçu","Fazenda Campininha"
"ESTAÇÃO ECOLÓGICA MOGI-GUAÇU","Angiosperms","Euphorbiaceae","Dalechampia","triphylla","Lam.","EUPHORBIACEAE Dalechampia triphylla Lam.","SP0528590","splink","SP","Bianchini, R.S.","2482",,"2018","Bianchini, R.S.","2023","Bronze","Prata",,"Mogi Guaçu","Fazenda Campininha"
"ESTAÇÃO ECOLÓGICA MOGI-GUAÇU","Angiosperms","Convolvulaceae","Ipomoea","cairica","(L.) Sweet","CONVOLVULACEAE Ipomoea cairica (L.) Sweet","528594","splink","SP","Bianchini, R.S.","2486","Native","2018","Bianchini, R.S.","2018","Bronze","Prata",,"Mogi Guaçu","Fazenda Campininha"
"ESTAÇÃO ECOLÓGICA MOGI-GUAÇU",,"Convolvulaceae","Ipomoea","quamoclit","L.","CONVOLVULACEAE Ipomoea quamoclit L.","528579","splink","SP","Bianchini, R.S.","2471",,"2018","Bianchini, R.S.","2018","Bronze","Prata",,"Mogi Guaçu","Fazenda Campininha"
"ESTAÇÃO ECOLÓGICA MOGI-GUAÇU","Angiosperms","Convolvulaceae","Ipomoea","triloba","L.","CONVOLVULACEAE Ipomoea triloba L.","528593","splink","SP","Bianchini, R.S.","2485","Native","2018","Bianchini, R.S.","2018","Bronze","Prata",,"Mogi Guaçu","Fazenda Campininha"
"ESTAÇÃO ECOLÓGICA MOGI-GUAÇU","Angiosperms","Apocynaceae","Forsteronia",,"G.Mey.","APOCYNACEAE Forsteronia G.Mey.","UEC179023","splink","UEC","Machado, R.M.","178","Native","2016","Machado, R.M.","2016","Bronze","Prata",,"Mogi Guaçu","Fazenda Campininha. Lat 22°25’15’’S Long 47°15’73’’W"
"ESTAÇÃO ECOLÓGICA MOGI-GUAÇU","Angiosperms","Poaceae","Axonopus","capillaris","(Lam.) Chase","POACEAE Axonopus capillaris (Lam.) Chase","SP041197","splink","SP","Rodrigues, R.S.","282",,"2012","Rodrigues, R.S.",,"Bronze","Prata",,"Mogi Guaçu","Fazenda Campininha, Fazenda Campininha. Gleba A. Ao longo da trilha, junto a sede."
"ESTAÇÃO ECOLÓGICA MOGI-GUAÇU","Angiosperms","Malvaceae","Luehea","speciosa","Willd.","MALVACEAE Luehea speciosa Willd.","SP0476907","splink","SP","Pastore, M.","194","Native","2012","Oliveira, G.I.","2023","Bronze","Prata",,"Mogi Guaçu","Fazenda Campininha"
"ESTAÇÃO ECOLÓGICA MOGI-GUAÇU","Angiosperms","Euphorbiaceae","Microstachys","serrulata","(Mart.) F.Dietr","EUPHORBIACEAE Microstachys serrulata (Mart.) F.Dietr","45664","x","VIC","Rodrigues, R.S.","286","Native","2012","Pscheidt, A.C.","2015","Bronze","Prata",,"Mogi Guaçu","Fazenda Campininha., Reserva Biológica Estação Experimental de Mogi-Guaçu."
"ESTAÇÃO ECOLÓGICA MOGI-GUAÇU","Angiosperms","Poaceae","Rugoloa","polygonata","(Schrad.) Zuloaga","POACEAE Rugoloa polygonata (Schrad.) Zuloaga","472677","x","SP","Rodrigues, R.S.","268a","Native","2012","Rodrigues, R.S.","2014","Bronze","Prata",,"Mogi Guaçu","Fazenda Campininha, Reserva Biológica de Mogi Guaçu, Gleba B."
"ESTAÇÃO ECOLÓGICA MOGI-GUAÇU","Angiosperms","Poaceae","Cenchrus","purpureus","(Schumach.) Morrone","POACEAE Cenchrus purpureus (Schumach.) Morrone","SP042056","splink","SP","Rodrigues, R.S.","303","Native","2012","Rodrigues, R.S.","2012","Bronze","Prata",,"Mogi Guaçu","Fazenda Campininha, Gleba A"
"ESTAÇÃO ECOLÓGICA MOGI-GUAÇU","Angiosperms","Poaceae","Panicum","aquaticum","Poir.","POACEAE Panicum aquaticum Poir.","475532","splink","SP","Rodrigues, R.S.","290","Native","2012","Rodrigues, R.S.","2012","Bronze","Prata",,"Mogi Guaçu","Fazenda Campininha, Fazenda Campininha. Gleba A."
"ESTAÇÃO ECOLÓGICA MOGI-GUAÇU","Angiosperms","Poaceae","Panicum","rudgei","Roem. & Schult.","POACEAE Panicum rudgei Roem. & Schult.","SP035893","splink","SP","Rodrigues, R.S.","270","Native","2012","Rodrigues, R.S.","2012","Bronze","Prata",,"Mogi Guaçu","Fazenda Campininha, Gleba A."
"ESTAÇÃO ECOLÓGICA MOGI-GUAÇU","Angiosperms","Poaceae","Parodiophyllochloa","penicillata","(Nees ex Trin.) Zuloaga & Morrone","POACEAE Parodiophyllochloa penicillata (Nees ex Trin.) Zuloaga & Morrone","472673","splink","SP","Rodrigues, R.S.","264","Native","2012","Rodrigues, R.S.","2012","Bronze","Prata",,"Mogi Guaçu","Fazenda Campininha, Gleba B."
"ESTAÇÃO ECOLÓGICA MOGI-GUAÇU","Angiosperms","Poaceae","Paspalum","mandiocanum","Trin.","POACEAE Paspalum mandiocanum Trin.","472675","splink","SP","Rodrigues, R.S.","266","Native","2012","Rodrigues, R.S.","2012","Bronze","Prata",,"Mogi Guaçu","Fazenda Campininha, Fazenda Campininha. Gleba B."
"ESTAÇÃO ECOLÓGICA MOGI-GUAÇU","Angiosperms","Poaceae","Paspalum","virgatum","L.","POACEAE Paspalum virgatum L.","472687","splink","SP","Rodrigues, R.S.","278","Native","2012","Rodrigues, R.S.","2012","Bronze","Prata",,"Mogi Guaçu","Fazenda Campininha, Fazenda Campininha. Gleba A."
"ESTAÇÃO ECOLÓGICA MOGI-GUAÇU","Angiosperms","Poaceae","Urochloa","humidicola","(Rendle) Morrone & Zuloaga","POACEAE Urochloa humidicola (Rendle) Morrone & Zuloaga","SP039743","splink","SP","Rodrigues, R.S.","279","Native","2012","Rodrigues, R.S.","2012","Bronze","Prata",,"Mogi Guaçu","Fazenda Campininha, Fazenda Campininha. Gleba A."
"ESTAÇÃO ECOLÓGICA MOGI-GUAÇU","Angiosperms","Malvaceae","Melochia","spicata","(K. Schum.) Dorr","MALVACEAE Melochia spicata var. regnellii (K. Schum.) Dorr","453188","x","SP","Goncalez, V.M.","100","Native","2011","Mamede, M.C.H.","2023","Bronze","Prata",,"Mogi Guaçu","Fazenda Campininha"
"ESTAÇÃO ECOLÓGICA MOGI-GUAÇU","Angiosperms","Poaceae","Hildaea","tenuis","(J. Presl & C.Presl) C.Silva & R.P.Oliveira","POACEAE Hildaea tenuis (J. Presl & C.Presl) C.Silva & R.P.Oliveira","SP033373","splink","SP","Rodrigues, R.S.","s.n.","Native","2011","Mamede, M.C.H.","2017","Bronze","Prata",,"Mogi Guaçu","Fazenda Campininha, Próximo ao Distrito de Martinho Prado."
"ESTAÇÃO ECOLÓGICA MOGI-GUAÇU","Angiosperms","Bignoniaceae","Fridericia","triplinervia","(Mart. ex DC.) L.G.Lohmann","BIGNONIACEAE Fridericia triplinervia (Mart. ex DC.) L.G.Lohmann","SPF00213313","splink","SPF","Fonseca, L.H.M.","177","Native","2011","Fonseca, L.H.M.","2014","Bronze","Prata",,"Mogi Guaçu","Fazenda Campininha."
"ESTAÇÃO ECOLÓGICA MOGI-GUAÇU","Angiosperms","Poaceae","Oplismenus","hirtellus","(L.) P.Beauv.","POACEAE Oplismenus hirtellus (L.) P.Beauv.","SP035119","splink","SP","Rodrigues, R.S.","242","Native","2011","Rodrigues, R.S.","2012","Bronze","Prata",,"Mogi Guaçu","Fazenda Campininha, Fazenda Campininha. Gleba A. Junto à sede."
"ESTAÇÃO ECOLÓGICA MOGI-GUAÇU","Angiosperms","Poaceae","Parodiophyllochloa","pantricha","(Hack.) Zuloaga & Morrone","POACEAE Parodiophyllochloa pantricha (Hack.) Zuloaga & Morrone","472613","splink","SP","Rodrigues, R.S.","216a","Native","2011","Rodrigues, R.S.","2012","Bronze","Prata",,"Mogi Guaçu","Fazenda Campininha, Gleba A."
"ESTAÇÃO ECOLÓGICA MOGI-GUAÇU","Angiosperms","Poaceae","Steinchisma","decipiens","(Nees ex Trin.) W.V.Br.","POACEAE Steinchisma decipiens (Nees ex Trin.) W.V.Br.","472661","x","SP","Rodrigues, R.S.","249","Native","2011","Rodrigues, R.S.","2012","Bronze","Prata",,"Mogi Guaçu","Fazenda Campininha, Gleba B."
"ESTAÇÃO ECOLÓGICA MOGI-GUAÇU","Angiosperms","Xyridaceae","Xyris","macrocephala","Vahl","XYRIDACEAE Xyris macrocephala Vahl","442072","splink","SP","Rodrigues, R.S.","250","Native","2011","Guedes, J.S.","2012","Bronze","Prata",,"Mogi Guaçu","Fazenda Campininha, próximo ao distrito de Martinho Prado"
"ESTAÇÃO ECOLÓGICA MOGI-GUAÇU","Angiosperms","Bignoniaceae","Fridericia","samydoides","(Cham.) L.G.Lohmann","BIGNONIACEAE Fridericia samydoides (Cham.) L.G.Lohmann","MO2867243","x","MO","Fonseca, L.H.M.","172","Native","2011","Fonseca, L.H.","2011","Bronze","Prata",,"Mogi Guaçu","Fazenda Campininha."
"ESTAÇÃO ECOLÓGICA MOGI-GUAÇU","Angiosperms","Poaceae","Melinis","minutiflora","P.Beauv.","POACEAE Melinis minutiflora P.Beauv.","440810","x","SP","Rodrigues, R.S.","131","Native","2011","Rodrigues, R.S.","2011","Bronze","Prata",,"Mogi Guaçu","Fazenda Campininha, gleba A. próximo ao distrito de Martinho Prado. Ao longo da trilha 3, junto ao riacho."
"ESTAÇÃO ECOLÓGICA MOGI-GUAÇU","Angiosperms","Poaceae","Parodiophyllochloa","ovulifera","(Trin.) Zuloaga & Morrone","POACEAE Parodiophyllochloa ovulifera (Trin.) Zuloaga & Morrone","440817","splink","SP","Rodrigues, R.S.","138","Native","2011","Rodrigues, R.S.","2011","Bronze","Prata",,"Mogi Guaçu","Fazenda Campininha, próximo ao distrito de Martinho Prado. Área A."
"ESTAÇÃO ECOLÓGICA MOGI-GUAÇU","Angiosperms","Poaceae","Paspalum","conspersum","Schrad.","POACEAE Paspalum conspersum Schrad.","475538","splink","SP","Rodrigues, R.S.","221","Native","2011","Rodrigues, R.S.","2011","Bronze","Prata",,"Mogi Guaçu","Fazenda Campininha, Gleba A."
"ESTAÇÃO ECOLÓGICA MOGI-GUAÇU","Angiosperms","Poaceae","Paspalum","malacophyllum","Trin.","POACEAE Paspalum malacophyllum Trin.","SP036959","splink","SP","Rodrigues, R.S.","112","Native","2011","Rodrigues, R.S.","2011","Bronze","Prata",,"Mogi Guaçu","Fazenda Campininha, Próximo ao distrito de Martinho Prado."
"ESTAÇÃO ECOLÓGICA MOGI-GUAÇU","Angiosperms","Poaceae","Paspalum","mandiocanum","Trin.","POACEAE Paspalum mandiocanum var. mandiocanum Trin.","440806","splink","SP","Rodrigues, R.S.","s.n.","Native","2011","Rodrigues, R.S.","2011","Bronze","Prata",,"Mogi Guaçu","Fazenda Campininha, Estação Experimental, próximo ao distrito de Martinho Prado."
"ESTAÇÃO ECOLÓGICA MOGI-GUAÇU","Angiosperms","Poaceae","Pseudechinolaena","polystachya","(Kunth) Stapf","POACEAE Pseudechinolaena polystachya (Kunth) Stapf","472598","splink","SP","Rodrigues, R.S.","137","Native","2011","Rodrigues, R.S.","2011","Bronze","Prata",,"Mogi Guaçu","Fazenda Campininha, Proximo ao Distrito de Martinho Prado. Final da trilha 1, SPNP."
"ESTAÇÃO ECOLÓGICA MOGI-GUAÇU","Angiosperms","Poaceae","Merostachys","fistulosa","Döll","POACEAE Merostachys fistulosa Döll","425859","x","SP","Shirasuna, R.T.","2901","Native","2010","Silva, R.V.","2017","Bronze","Prata",,"Mogi Guaçu","Fazenda Campininha"
"ESTAÇÃO ECOLÓGICA MOGI-GUAÇU","Angiosperms","Cyperaceae","Actinoscirpus",,"(Ohwi) R. Haines & Lye","CYPERACEAE Actinoscirpus (Ohwi) R. Haines & Lye","SP00416786","splink","SP-FUNGI","Abrahao, M.C.","1492","Native","2009","Abrahao, M.C.","2011","Bronze","Prata",,"Mogi Guaçu","Martinho Prado Junior, Reserva Biológica e Estação Experimental de Mogi Guaçu"
"ESTAÇÃO ECOLÓGICA MOGI-GUAÇU","Angiosperms","Asteraceae","Bidens","squarrosa","Kunth","ASTERACEAE Bidens squarrosa Kunth","452794","x","SP","Nascimento, A.","101","Native","2008","Bianchini, R.S.","2024","Bronze","Prata",,"Mogi Guaçu","Fazenda Campininha, Sudistrito de Martinho Prado."
"ESTAÇÃO ECOLÓGICA MOGI-GUAÇU","Angiosperms","Melastomataceae","Miconia","latecrenata","(DC.) Naudin","MELASTOMATACEAE Miconia latecrenata (DC.) Naudin","UB1010019","splink","UB","Godoi, J.V.","145","Native","2006","Guido, B.M.O.",,"Bronze","Prata",,"Mogi Guaçu","Reserva Biológica e Estação Experimental de Mogi-Guaçu."
"ESTAÇÃO ECOLÓGICA MOGI-GUAÇU","Angiosperms","Chloranthaceae","Hedyosmum","brasiliense","Mart. ex Miq.","CHLORANTHACEAE Hedyosmum brasiliense Mart. ex Miq.","UEC035530","splink","UEC","Firetti, F.","4","Native","2005","Amaral, M.C.E.","2005","Bronze","Prata",,"Mogi Guaçu","Martinho Prado, Fazenda Campininha."
"ESTAÇÃO ECOLÓGICA MOGI-GUAÇU","Angiosperms","Primulaceae","Myrsine",,"L.","PRIMULACEAE Myrsine L.","47225","x","IAC","Assis, M.A.","1756","Native","2005","Assis, M.A.","2005","Bronze","Prata",,"Mogi Guaçu","Faz. Campininha, mata da figueira"
"ESTAÇÃO ECOLÓGICA MOGI-GUAÇU","Angiosperms","Apocynaceae","Forsteronia","velloziana","(A.DC.) Woodson","APOCYNACEAE Forsteronia velloziana (A.DC.) Woodson","UEC184292","splink","UEC","Gomes, S.M.","681","Native","2003","Gomes, S.M.",,"Bronze","Prata",,"Mogi Guaçu","Fazenda Campininha."
"ESTAÇÃO ECOLÓGICA MOGI-GUAÇU","Angiosperms","Annonaceae","Xylopia",,"L.","ANNONACEAE Xylopia L.","UEC192890","splink","UEC","Farias-Singer, R.","782","Native","2003","Farias-Singer, R.","2008","Bronze","Prata",,"Mogi Guaçu","Brasil, SP, Mogi-Guaçu, Fazenda Campininha."
"ESTAÇÃO ECOLÓGICA MOGI-GUAÇU","Angiosperms","Bignoniaceae","Jacaranda","brasiliana","(Lam.) Pers.","BIGNONIACEAE Jacaranda brasiliana (Lam.) Pers.","UEC174070","splink","UEC","Farias-Singer, R.","775","Native","2003","Farias-Singer, R.","2008","Bronze","Prata",,"Mogi Guaçu","Brasil: SP, Mogi-Guaçu, Fazenda Campininha; próximo do eucalipto."
"ESTAÇÃO ECOLÓGICA MOGI-GUAÇU","Angiosperms","Arecaceae","Attalea","exigua","Drude","ARECACEAE Attalea exigua Drude","145076","x","SPF","Groppo, M.","651","Native","2001","Groppo, M.","2001","Bronze","Prata",,"Mogi Guaçu","Fazenda Campininha. Cerradão à cerca de 100 m da sede da fazenda."
"ESTAÇÃO ECOLÓGICA MOGI-GUAÇU","Bryophytes","Caryophyllaceae","Polycarpaea","corymbosa","(L.) Lam.","CARYOPHYLLACEAE Polycarpaea corymbosa (L.) Lam.","UEC027852","splink","UEC","Amaral, M.C.E.","2001/05","Native","2001","Amaral, M.C.E.","2001","Bronze","Prata",,"Mogi Guaçu","Fazenda Campininha, Inst. Botânico de São Paulo, na área de cerrado. Ai longo da trilha, solo arenoso, muito abundante."
"ESTAÇÃO ECOLÓGICA MOGI-GUAÇU","Angiosperms","Asteraceae","Chrysolaena","obovata","(Less.) Dematt.","ASTERACEAE Chrysolaena obovata (Less.) Dematt.","UEC137224","splink","UEC","Moraes, M.D.","543","Native","2000","Moraes, M.D.",,"Bronze","Prata",,"Mogi Guaçu","Martinho Prado, Fazenda Campininha, trilha SPNP2"
"ESTAÇÃO ECOLÓGICA MOGI-GUAÇU","Angiosperms","Asteraceae","Mikania","stylosa","Gardner","ASTERACEAE Mikania stylosa Gardner","UEC121938","splink","UEC","Mello, S.M.","s.n.","Native","2000","Oliveira, C.T.","2015","Bronze","Prata",,"Mogi Guaçu","Reserva Biológica Campininha, Cerrado-cerradão."
"ESTAÇÃO ECOLÓGICA MOGI-GUAÇU","Algae","Bignoniaceae","Tanaecium","selloi","(Spreng.) L.G.Lohmann","BIGNONIACEAE Tanaecium selloi (Spreng.) L.G.Lohmann","47159","x","HRCB","Assis, M.A.","687","Native","1995","Frazao, A.","2016","Bronze","Prata",,"Mogi Guaçu","Fazenda Campininha"
"ESTAÇÃO ECOLÓGICA MOGI-GUAÇU","Angiosperms","Sematophyllaceae","Brittonodoxa","subpinnata","(Brid.) W.R. Buck, P.E.A.S.Câmara & Carv.-Silva","SEMATOPHYLLACEAE Brittonodoxa subpinnata (Brid.) W.R. Buck, P.E.A.S.Câmara & Carv.-Silva","13781","x","HUSC","Visnadi, S.R.","3274","Native","1994","Visnadi, S.R.",,"Bronze","Prata",,"Mogi Guaçu","Fazenda Campininha, Reserva Biológica e Estação Experimental"
"ESTAÇÃO ECOLÓGICA MOGI-GUAÇU",,"Calymperaceae","Octoblepharum","albidum","Hedw.","CALYMPERACEAE Octoblepharum albidum Hedw.","209905","x","ICN","Visnadi, S.R.","3776",,"1994","Visnadi, S.R.","2001","Bronze","Prata",,"Mogi Guaçu","Fazenda Campininha, Reserva Biológica e Estação Experimental"
"ESTAÇÃO ECOLÓGICA MOGI-GUAÇU",,"Convolvulaceae","Ipomoea","indica","(Burm.) Merr.","CONVOLVULACEAE Ipomoea indica (Burm.) Merr.","263226","splink","SP","Godoi, J.V.","371",,"1993","Bianchini, R.S.",,"Bronze","Prata",,"Mogi Guaçu","Fazenda Campininha, Mata da Figueira"
"ESTAÇÃO ECOLÓGICA MOGI-GUAÇU","Angiosperms","Dicranaceae","Campylopus","cryptopodioides","Broth.","DICRANACEAE Campylopus cryptopodioides Broth.","001439","x","HUFABC","Visnadi, S.R.","652","Native","1993","Vital, D.M.",,"Bronze","Prata",,"Mogi Guaçu","Fazenda Campininha, Reserva Biológica e Estação Ex, Cerrado, tronco de Anandenanthera falcata. Associado a Campylopus lamellinervis (C. Müll.) Mitt., Sematophyllum subpinnatum (Brid.) Octoblepharum.."
"ESTAÇÃO ECOLÓGICA MOGI-GUAÇU",,"Phytolaccaceae","Seguieria","americana","L.","PHYTOLACCACEAE Seguieria americana L.","259193","splink","SP","Godoi, J.V.","293",,"1993","Udulutsch, R.G.","2006","Bronze","Prata",,"Mogi Guaçu","Fazenda Campininha, Mata da Figueira"
"ESTAÇÃO ECOLÓGICA MOGI-GUAÇU","Angiosperms","Convolvulaceae","Ipomoea","ramosissima","(Poir.) Choisy","CONVOLVULACEAE Ipomoea ramosissima (Poir.) Choisy","262536","splink","SP","Toledo, C.B.","526","Native","1993","Bianchini, R.S.","1997","Bronze","Prata",,"Mogi Guaçu","Fazenda Campininha, Mata da Figueira"
"ESTAÇÃO ECOLÓGICA MOGI-GUAÇU",,"Convolvulaceae","Jacquemontia","densiflora","(Meisn.) Hallier f.","CONVOLVULACEAE Jacquemontia densiflora (Meisn.) Hallier f.","263243","splink","SP","Romaniuc Neto, S.","1368",,"1993","Bianchini, R.S.","1995","Bronze","Prata",,"Mogi Guaçu","Fazenda Campininha, Mata da Figueira"
"ESTAÇÃO ECOLÓGICA MOGI-GUAÇU","Angiosperms","Bignoniaceae","Cuspidaria","floribunda","(DC.) A.H.Gentry","BIGNONIACEAE Cuspidaria floribunda (DC.) A.H.Gentry","259425","splink","SP","Godoi, J.V.","295","Native","1993","Godoi, J.V.","1993","Bronze","Prata",,"Mogi Guaçu","Fazenda Campininha, Estação Experimental. Reserva Biologica. Mata da Figueira"
"ESTAÇÃO ECOLÓGICA MOGI-GUAÇU","Angiosperms","Convolvulaceae","Aniseia","martinicensis","(Jacq.) Choisy","CONVOLVULACEAE Aniseia martinicensis (Jacq.) Choisy","333087","splink","SP","Romaniuc Neto, S.","1375","Native","1993","Godoi, J.V.","1993","Bronze","Prata",,"Mogi Guaçu","Fazenda Campininha, Mata da Figueira"
"ESTAÇÃO ECOLÓGICA MOGI-GUAÇU","Angiosperms","Convolvulaceae","Ipomoea","alba","L.","CONVOLVULACEAE Ipomoea alba L.","262543","splink","SP","Romaniuc Neto, S.","1386","Native","1993","Godoi, J.V.","1993","Bronze","Prata",,"Mogi Guaçu","Fazenda Campininha, Mata da Figueira"
"ESTAÇÃO ECOLÓGICA MOGI-GUAÇU","Angiosperms","Myrtaceae","Syzygium","jambos","(L.) Alston","MYRTACEAE Syzygium jambos (L.) Alston","253921","splink","SP","Pereira, D.F.","156","Native","1992","Guerra, T.P.",,"Bronze","Prata",,"Mogi Guaçu","Reserva Biológica e Estação experimental de Mogi Guaçu, Mata da Figueira."
"ESTAÇÃO ECOLÓGICA MOGI-GUAÇU","Angiosperms","Heliotropiaceae","Myriopus","rubicundus","(Salzm. ex DC.) Luebert","HELIOTROPIACEAE Myriopus rubicundus (Salzm. ex DC.) Luebert","252786","splink","SP","Godoi, J.V.","171","Native","1992","Mamede, M.C.H.","2024","Bronze","Prata",,"Mogi Guaçu","Fazenda Campininha, Mata da Figueira"
"ESTAÇÃO ECOLÓGICA MOGI-GUAÇU",,"Rubiaceae","Faramea","multiflora","A.Rich. in DC.","RUBIACEAE Faramea multiflora A.Rich. in DC.","SP0257765","splink","SP","Pereira, D.F.","197",,"1992","Mamede, M.C.H.","2024","Bronze","Prata",,"Mogi Guaçu","Fazenda Campininha, Mata da Figueira"
"ESTAÇÃO ECOLÓGICA MOGI-GUAÇU","Angiosperms","Rubiaceae","Palicourea","brevicollis","(Müll.Arg.) C.M.Taylor","RUBIACEAE Palicourea brevicollis (Müll.Arg.) C.M.Taylor","SP0257767","splink","SP","Pereira, D.F.","199","Naturalized","1992","Mamede, M.C.H.","2024","Bronze","Prata",,"Mogi Guaçu","Fazenda Campininha, Mata da Figueira"
"ESTAÇÃO ECOLÓGICA MOGI-GUAÇU","Angiosperms","Loranthaceae","Struthanthus","rhynchophyllus","Eichler","LORANTHACEAE Struthanthus rhynchophyllus Eichler","253899","splink","SP","Pereira, J.C.C.","3","Native","1992","Vaz, L.C.","2023","Bronze","Prata",,"Mogi Guaçu","Fazenda Campininha"
"ESTAÇÃO ECOLÓGICA MOGI-GUAÇU","Angiosperms","Cannabaceae","Celtis","boliviensis","Planch.","CANNABACEAE Celtis boliviensis Planch.","253960","splink","SP","Romaniuc Neto, S.","1311","Native","1992","Zamengo, H.B.S.","2022","Bronze","Prata",,"Mogi Guaçu","Fazenda Campininha, Mata da Figueira"
"ESTAÇÃO ECOLÓGICA MOGI-GUAÇU","Angiosperms","Celastraceae","Monteverdia","evonymoides","(Reissek) Biral","CELASTRACEAE Monteverdia evonymoides (Reissek) Biral","257759","splink","SP","Pereira, D.F.","191","Native","1992","Mamede, M.C.H.","2022","Bronze","Prata",,"Mogi Guaçu","Fazenda Campininha, Mata da Figueira"
"ESTAÇÃO ECOLÓGICA MOGI-GUAÇU","Angiosperms","Asteraceae","Vernonanthura","brasiliana","(L.) H.Rob.","ASTERACEAE Vernonanthura brasiliana (L.) H.Rob.","254311","splink","SP","Lohmann, C.E.O.","29","Native","1992","Bianchini, R.S.","2016","Bronze","Prata",,"Mogi Guaçu","Fazenda Campininha, Mata do Português"
"ESTAÇÃO ECOLÓGICA MOGI-GUAÇU","Angiosperms","Bignoniaceae","Pyrostegia",,"C.Presl","BIGNONIACEAE Pyrostegia C.Presl","253902","splink","SP","Zifirino, R.","3","Native","1992","Gomes, B.M.","2014","Bronze","Prata",,"Mogi Guaçu","Reserva Biológica e estação experimental do Mogi Guaçu."
"ESTAÇÃO ECOLÓGICA MOGI-GUAÇU",,"Acanthaceae","Ruellia","jussieuoides","Schltdl. & Cham.","ACANTHACEAE Ruellia jussieuoides Schltdl. & Cham.","253213","x","SP","Lohmann, C.E.O.","5",,"1992","Kojima, R.K.","2012","Bronze","Prata",,"Mogi Guaçu","Fazenda Campininha, Mata da Mariana"
"ESTAÇÃO ECOLÓGICA MOGI-GUAÇU","Angiosperms","Rubiaceae","Geophila","repens","(L.) I.M.Johnst.","RUBIACEAE Geophila repens (L.) I.M.Johnst.","257768","x","SP","Pereira, D.F.","200","Native","1992","Mendacolli, S.L.J.","2009","Bronze","Prata",,"Mogi Guaçu","Fazenda Campininha, Mata da Figueira"
"ESTAÇÃO ECOLÓGICA MOGI-GUAÇU","Angiosperms","Smilacaceae","Smilax","campestris","Griseb.","SMILACACEAE Smilax campestris Griseb.","256047","splink","SP","Godoi, J.V.","244","Native","1992","Andreata, R.","2003","Bronze","Prata",,"Mogi Guaçu","Fazenda Campininha, Mata da Figueira"
"ESTAÇÃO ECOLÓGICA MOGI-GUAÇU","Angiosperms","Cordiaceae","Cordia","superba","Cham.","CORDIACEAE Cordia superba Cham.","SJRP00002413","splink","SJRP","Pereira, D.F.","133","Native","1992","Ranga, N.T.","1999","Bronze","Prata",,"Mogi Guaçu","Martinho Prado, Fazenda Campininha. Mata da Figueira"
"ESTAÇÃO ECOLÓGICA MOGI-GUAÇU","Angiosperms","Rubiaceae","Chiococca","alba","(L.) Hitchc.","RUBIACEAE Chiococca alba (L.) Hitchc.","38263","splink","IAC","Pereira, D.F.","206","Native","1992","Pereira, D.F.","1993","Bronze","Prata",,"Mogi Guaçu","Reserva Biológica e Estação Experimental de Mogi-Guaçu, mata da Mariana"
"ESTAÇÃO ECOLÓGICA MOGI-GUAÇU","Angiosperms","Apocynaceae","Asclepias","curassavica","L.","APOCYNACEAE Asclepias curassavica L.","254310","splink","SP","Lohmann, C.E.O.","28","Native","1992","Romaniuc Neto, S.","1992","Bronze","Prata",,"Mogi Guaçu","Reserva Biológica e Estação Experimental de Mogi-Guaçu"
"ESTAÇÃO ECOLÓGICA MOGI-GUAÇU","Angiosperms","Bromeliaceae","Tillandsia","recurvata","(L.) L.","BROMELIACEAE Tillandsia recurvata (L.) L.","253209","splink","SP","Lohmann, C.E.O.","1","Native","1992","Lohmann, C.E.O.","1992","Bronze","Prata",,"Mogi Guaçu","Fazenda Campininha"
"ESTAÇÃO ECOLÓGICA MOGI-GUAÇU","Angiosperms","Cannabaceae","Trema","micranthum","(L.) Blume","CANNABACEAE Trema micranthum (L.) Blume","36721","x","IAC","Guardia, M.C.","s/nº","Native","1992","Guardia, M.C.","1992","Bronze","Prata",,"Mogi Guaçu","Fazenda Campininha"
"ESTAÇÃO ECOLÓGICA MOGI-GUAÇU","Angiosperms","Trigoniaceae","Trigonia","nivea","Cambess.","TRIGONIACEAE Trigonia nivea Cambess.","UEC084572","splink","UEC","Godoi, J.V.","170","Native","1992","Godoi, J.V.","1992","Bronze","Prata",,"Mogi Guaçu","Reserva Biologica e Estação Experimental de Mogi- Guaçu."
"ESTAÇÃO ECOLÓGICA MOGI-GUAÇU","Angiosperms","Fabaceae","Senna","alata","(L.) Roxb.","FABACEAE Senna alata (L.) Roxb.","248621","splink","SP","Pereira, D.F.","8","Native","1991","Godoi, J.V.",,"Bronze","Prata",,"Mogi Guaçu","Estação Experimental de Mogi Guaçu, Fazenda Campininha, Mata do Português"
"ESTAÇÃO ECOLÓGICA MOGI-GUAÇU","Angiosperms","Cordiaceae","Varronia","polycephala","Lam.","CORDIACEAE Varronia polycephala Lam.","248613","splink","SP","Pereira, D.F.","15","Native","1991","Mamede, M.C.H.","2024","Bronze","Prata",,"Mogi Guaçu","Fazenda Campininha, Mata do Português"
"ESTAÇÃO ECOLÓGICA MOGI-GUAÇU","Angiosperms","Marantaceae","Maranta","divaricata","Roscoe","MARANTACEAE Maranta divaricata Roscoe","247419","x","SP","Romaniuc Neto, S.","1042","Native","1991","Luna, N.K.","2018","Bronze","Prata",,"Mogi Guaçu","Fazenda Campininha, Martinho Prado. Mata da Figueira"
"ESTAÇÃO ECOLÓGICA MOGI-GUAÇU","Angiosperms","Fabaceae","Centrosema","arenarium","Benth.","FABACEAE Centrosema arenarium Benth.","248615","splink","SP","Pereira, D.F.","13","Native","1991","Mamede, M.C.H.","2009","Bronze","Prata",,"Mogi Guaçu","Fazenda Campininha, Mata do Português. Estação Experimental de Mogi Guaçu"
"ESTAÇÃO ECOLÓGICA MOGI-GUAÇU",,"Moraceae","Ficus","eximia","Schott","MORACEAE Ficus eximia Schott","250005","splink","SP","Romaniuc Neto, S.","1267",,"1991","Souza, L.R.M.","2006","Bronze","Prata",,"Mogi Guaçu","Fazenda Campininha, Martinho Prado, Mata da Figueira"
"ESTAÇÃO ECOLÓGICA MOGI-GUAÇU","Angiosperms","Smilacaceae","Smilax","quinquenervia","Vell.","SMILACACEAE Smilax quinquenervia Vell.","249994","splink","SP","Romaniuc Neto, S.","1257","Native","1991","Andreata, R.","2003","Bronze","Prata",,"Mogi Guaçu","Fazenda Campininha, Mata da Mariana"
"ESTAÇÃO ECOLÓGICA MOGI-GUAÇU","Angiosperms","Menispermaceae","Cissampelos","glaberrima","A.St.-Hil.","MENISPERMACEAE Cissampelos glaberrima A.St.-Hil.","247439","splink","SP","Romaniuc Neto, S.","1048","Native","1991","Costa, F.N.","1997","Bronze","Prata",,"Mogi Guaçu","Fazenda Campininha, Martinho Prado. Mata da Mariana"
"ESTAÇÃO ECOLÓGICA MOGI-GUAÇU","Angiosperms","Convolvulaceae","Ipomoea","setifera","Poir.","CONVOLVULACEAE Ipomoea setifera Poir.","248628","splink","SP","Pereira, D.F.","40","Native","1991","Bianchini, R.S.","1996","Bronze","Prata",,"Mogi Guaçu","Fazenda Campininha, Mata da Figueira"
"ESTAÇÃO ECOLÓGICA MOGI-GUAÇU","Angiosperms","Amphipleuraceae","Frustulia","crassinervia","(Bréb.) J.C.Costa","AMPHIPLEURACEAE Frustulia crassinervia (Bréb.) J.C.Costa","255734","splink","SP-ALGAE","Bicudo, D.C.",,"Native","1990","Bicudo, D.C.",,"Bronze","Prata",,"Mogi Guaçu","Fazenda Campininha, represa ao lado do Açude do Jacaré"
"ESTAÇÃO ECOLÓGICA MOGI-GUAÇU","Angiosperms","Amphipleuraceae","Frustulia","rhomboides","(Ehrenb.) De Toni","AMPHIPLEURACEAE Frustulia rhomboides (Ehrenb.) De Toni","255733","splink","SP-ALGAE","Bicudo, D.C.",,"Native","1990","Bicudo, D.C.",,"Bronze","Prata",,"Mogi Guaçu","Fazenda Campininha, represa ao lado do Açude do Jacaré"
"ESTAÇÃO ECOLÓGICA MOGI-GUAÇU","Angiosperms","Eunotiaceae","Actinella","siolii","Hust.","EUNOTIACEAE Actinella siolii Hust.","255732","splink","SP-ALGAE","Bicudo, D.C.",,"Native","1990","Bicudo, D.C.",,"Bronze","Prata",,"Mogi Guaçu","Fazenda Campininha, represa ao lado do Açude do Jacaré"
"ESTAÇÃO ECOLÓGICA MOGI-GUAÇU","Angiosperms",,"Scytonema","fritschii","Ghose","NA Scytonema fritschii Ghose","188495","splink","SP-ALGAE","Bicudo, D.C.",,"Native","1990","Sant'anna, C.L.",,"Bronze","Prata",,"Mogi Guaçu","Fazenda Campininha"
"ESTAÇÃO ECOLÓGICA MOGI-GUAÇU","Angiosperms","Moraceae","Brosimum","guianense","(Aubl.) Huber","MORACEAE Brosimum guianense (Aubl.) Huber","251811","splink","SP","Cordeiro, I.","888","Native","1990","Santos, A.","2010","Bronze","Prata",,"Mogi Guaçu","Fazenda Campininha"
"ESTAÇÃO ECOLÓGICA MOGI-GUAÇU","Angiosperms","Fabaceae","Bauhinia","forficata","Link","FABACEAE Bauhinia forficata Link","UNIP03261","x","UNIP","Capellari Junior, L.","s.n.","Native","1990","Capellari Junior, L.","1990","Bronze","Prata",,"Mogi Guaçu","Fazenda Campininha. UNIMEP. Horto Mãe."
"ESTAÇÃO ECOLÓGICA MOGI-GUAÇU","Angiosperms","Rutaceae","Ruta","graveolens","L.","RUTACEAE Ruta graveolens L.","RB01181990","x","RB","Capellari",,"Native","1990","Capellari Junior, L.","1990","Bronze","Prata",,"Mogi Guaçu","Fazenda Campininha - INIMEP- Horto Mãe."
"ESTAÇÃO ECOLÓGICA MOGI-GUAÇU","Angiosperms","Rubiaceae","Cordiera","macrophylla","(K.Schum.) Kuntze","RUBIACEAE Cordiera macrophylla (K.Schum.) Kuntze","SP0248504","splink","SP","Romaniuc Neto, S.","1142","Native","1989","Mamede, M.C.H.","2007","Bronze","Prata",,"Mogi Guaçu","Fazenda Campininha, Martinho Prado"
"ESTAÇÃO ECOLÓGICA MOGI-GUAÇU","Angiosperms","Myrtaceae","Syzygium","cumini","(L.) Skeels","MYRTACEAE Syzygium cumini (L.) Skeels","HUPG00008151","splink","HUPG","Cesar, O.",,"Native","1989","Soares, L.H.","2000","Bronze","Prata",,"Mogi Guaçu","Nogi Guaçu, Fazenda Campininha"
"ESTAÇÃO ECOLÓGICA MOGI-GUAÇU","Angiosperms","Elaeocarpaceae","Sloanea","hirsuta","(Schott) Planch. ex Benth.","ELAEOCARPACEAE Sloanea hirsuta (Schott) Planch. ex Benth.","248470","x","SP","Romaniuc Neto, S.","1081","Native","1988","Mamede, M.C.H.","2022","Bronze","Prata",,"Mogi Guaçu","Fazenda Campininha, Martinho Prado, mata da Mariana"
"ESTAÇÃO ECOLÓGICA MOGI-GUAÇU","Angiosperms","Fabaceae","Machaerium","nyctitans","(Vell.) Benth.","FABACEAE Machaerium nyctitans (Vell.) Benth.","248490","splink","SP","Romaniuc Neto, S.","1095","Native","1988","Mamede, M.C.H.","2008","Bronze","Prata",,"Mogi Guaçu","Martinho Prado. Fazenda Campininha. mata da Mariana A11.2"
"ESTAÇÃO ECOLÓGICA MOGI-GUAÇU","Angiosperms","Aquifoliaceae","Ilex","cerasifolia","Reissek","AQUIFOLIACEAE Ilex cerasifolia Reissek","254492","splink","SP","Rossi, L.","821","Native","1988","Jr, M.G.","2002","Bronze","Prata",,"Mogi Guaçu","Fazenda Campininha, Mata da Mariana"
"ESTAÇÃO ECOLÓGICA MOGI-GUAÇU","Angiosperms","Commelinaceae","Gibasis","geniculata","(Jacq.) Rohweder","COMMELINACEAE Gibasis geniculata (Jacq.) Rohweder","248469","splink","SP","Romaniuc Neto, S.","1080","Native","1988","Wanderley, M.G.L.","1997","Bronze","Prata",,"Mogi Guaçu","Fazenda Campininha, Martinho Prado. Mata da Mariana"
"ESTAÇÃO ECOLÓGICA MOGI-GUAÇU","Angiosperms","Myrtaceae","Myrciaria","tenella","(DC.) O.Berg","MYRTACEAE Myrciaria tenella (DC.) O.Berg","248527","splink","SP","Romaniuc Neto, S.","1158","Native","1987","Romaniuc Neto, S.",,"Bronze","Prata",,"Mogi Guaçu","Martinho Prado, Fazenda Campininha."
"ESTAÇÃO ECOLÓGICA MOGI-GUAÇU","Angiosperms","Plantaginaceae","Stemodia","verticillata","(Mill.) Hassl.","PLANTAGINACEAE Stemodia verticillata (Mill.) Hassl.","248481","x","SP","Romaniuc Neto, S.","1092","Native","1987","Scatigna, A.V.","2016","Bronze","Prata",,"Mogi Guaçu","Fazenda Campininha, Martinho Prado, Mata do Português"
"ESTAÇÃO ECOLÓGICA MOGI-GUAÇU","Angiosperms","Asteraceae","Porophyllum","ruderale","(Jacq.) Cass.","ASTERACEAE Porophyllum ruderale subsp. ruderale (Jacq.) Cass.","248513","splink","SP","Toledo, C.B.","2","Native","1987","Carneiro, C.R.","2014","Bronze","Prata",,"Mogi Guaçu","Fazenda Campininha, Martinho Prado, Mata do Português"
"ESTAÇÃO ECOLÓGICA MOGI-GUAÇU","Angiosperms","Asteraceae","Gamochaeta","americana","(Mill.) Wedd.","ASTERACEAE Gamochaeta americana (Mill.) Wedd.","248512","x","SP","Toledo, C.B.","3","Native","1987","Bianchini, R.S.","2006","Bronze","Prata",,"Mogi Guaçu","Fazenda Campininha, Martinho Prado, Mata do Português"
"ESTAÇÃO ECOLÓGICA MOGI-GUAÇU","Angiosperms","Cordiaceae","Cordia","trichotoma","(Vell.) Arráb. ex Steud.","CORDIACEAE Cordia trichotoma (Vell.) Arráb. ex Steud.","SJRP00002474","splink","SJRP","Ludewigs, I.Y.A.","s.n.","Native","1987","Ranga, N.T.","1999","Bronze","Prata",,"Mogi Guaçu","Martinho Prado, Fazenda Campininha"
"ESTAÇÃO ECOLÓGICA MOGI-GUAÇU","Angiosperms","Asteraceae","Vernonanthura","hilairiana","(Gardner) A.J.Vega & M.Dematt.","ASTERACEAE Vernonanthura hilairiana (Gardner) A.J.Vega & M.Dematt.","248514","splink","SP","Ludewigs, I.Y.A.","1","Native","1986","Bianchini, R.S.","2016","Bronze","Prata",,"Mogi Guaçu","Fazenda Campininha, Martinho Prado, mata do Português, barranco do rio Mogi-Guaçu"
"ESTAÇÃO ECOLÓGICA MOGI-GUAÇU","Angiosperms","Alismataceae","Sagittaria","guayanensis","Kunth","ALISMATACEAE Sagittaria guayanensis subsp. guayanensis Kunth","UEC090586","splink","UEC","Taroda, N.","18296","Native","1986","Pansarin, E.R.","1998","Bronze","Prata",,"Mogi Guaçu","Estação Biológica de Mogi Guaçu, (faz. Campininha)"
"ESTAÇÃO ECOLÓGICA MOGI-GUAÇU","Angiosperms","Fabaceae","Paubrasilia","echinata","(Lam.) Gagnon, H.C.Lima & G.P.Lewis","FABACEAE Paubrasilia echinata (Lam.) Gagnon, H.C.Lima & G.P.Lewis","203091","splink","SP","Aguiar, F.F.A.","s.n.","Native","1985","Mamede, M.C.H.","2022","Bronze","Prata",,"Mogi Guaçu","Estação Experimental de Mogi Guaçu. Fazenda Campininha"
"ESTAÇÃO ECOLÓGICA MOGI-GUAÇU","Angiosperms","Bignoniaceae","Jacaranda",,"Juss.","BIGNONIACEAE Jacaranda Juss.","202160","splink","SP","Cerati, T.M.","156","Native","1985","Gomes, B.M.","2014","Bronze","Prata",,"Mogi Guaçu","Fazenda Campininha, Martinho Prado"
"ESTAÇÃO ECOLÓGICA MOGI-GUAÇU","Angiosperms","Asteraceae","Mikania","psilostachya","DC.","ASTERACEAE Mikania psilostachya DC.","202168","splink","SP","Cerati, T.M.","149","Native","1985","Bianchini, R.S.","1993","Bronze","Prata",,"Mogi Guaçu","Fazenda Campininha, Martinho Prado"
"ESTAÇÃO ECOLÓGICA MOGI-GUAÇU","Angiosperms","Melastomataceae","Miconia","ligustroides","(DC.) Naudin","MELASTOMATACEAE Miconia ligustroides (DC.) Naudin","UEC161697","splink","UEC","Klein, A.","s.n.","Native","1985","Goldenberg, R.R.","1992","Bronze","Prata",,"Mogi Guaçu","Estação Biológica de Mogi Guaçu, (faz. Campininha)"
"ESTAÇÃO ECOLÓGICA MOGI-GUAÇU","Angiosperms","Fabaceae","Dipteryx","alata","Vogel","FABACEAE Dipteryx alata Vogel","5832","x","HRCB","Cordeiro, L.","44","Native","1985","Giannotti, E.","1985","Bronze","Prata",,"Mogi Guaçu","Fazenda Campininha"
"ESTAÇÃO ECOLÓGICA MOGI-GUAÇU","Ferns and Lycophytes","Cyperaceae","Scleria","scabra","Willd.","CYPERACEAE Scleria scabra Willd.","201184","splink","SP","Kirizawa, M.","1359","Native","1984","Schneider, L.","2021","Bronze","Prata",,"Mogi Guaçu","Fazenda Campininha"
"ESTAÇÃO ECOLÓGICA MOGI-GUAÇU","Angiosperms","Acanthaceae","Dicliptera","squarrosa","Nees","ACANTHACEAE Dicliptera squarrosa Nees","316685","splink","SP","Trigo, J.R.","16147","Unknown","1984","Hirao, Y.V.","2012","Bronze","Prata",,"Mogi Guaçu","Fazenda Campininha"
"ESTAÇÃO ECOLÓGICA MOGI-GUAÇU","Angiosperms","Winteraceae","Drimys","brasiliensis","Miers","WINTERACEAE Drimys brasiliensis subsp. brasiliensis Miers","SP055681","splink","SP","Kirizawa, M.","1311","Native","1984","Casas, X.M.","2008","Bronze","Prata",,"Mogi Guaçu","Fazenda Campininha"
"ESTAÇÃO ECOLÓGICA MOGI-GUAÇU","Angiosperms","Solanaceae","Schwenckia","americana","J.A.Schmidt","SOLANACEAE Schwenckia americana var. angustifolia J.A.Schmidt","MA-01-00704084","x","MA","Kirizawa, M.","1310","Native","1984","Galassi, S.C.","1994","Bronze","Prata",,"Mogi Guaçu","Mogi Guaçu, Fazenda Campininha."
"ESTAÇÃO ECOLÓGICA MOGI-GUAÇU","Angiosperms","Winteraceae","Drimys","brasiliensis","Miers","WINTERACEAE Drimys brasiliensis Miers","42371","x","IAC","Kirizawa, M.","1311","Native","1984","Kirizawa, M.","1984","Bronze","Prata",,"Mogi Guaçu","Fazenda Campininha"
"ESTAÇÃO ECOLÓGICA MOGI-GUAÇU","Angiosperms","Myrtaceae","Myrcia","albotomentosa","DC.","MYRTACEAE Myrcia albotomentosa DC.","062078","x","ICN","Ferreira, H.D.","s.n.","Native","1982","Ferreira, H.D.",,"Bronze","Prata",,"Mogi Guaçu","Fazenda Campininha"
"ESTAÇÃO ECOLÓGICA MOGI-GUAÇU","Ferns and Lycophytes","Poaceae","Tristachya","leiostachya","Nees","POACEAE Tristachya leiostachya Nees","175577","splink","SP","Mantovani, W.","1875","Native","1982","Wagner, H.M.L.","1997","Bronze","Prata",,"Mogi Guaçu","Fazenda Campininha, Martinho Prado."
"ESTAÇÃO ECOLÓGICA MOGI-GUAÇU","Angiosperms","Bignoniaceae","Jacaranda","macrantha","Cham.","BIGNONIACEAE Jacaranda macrantha Cham.","UEC140149","splink","UEC","Kinoshita, L.S.","14240","Native","1982","Vattimo-Gil, I.","1988","Bronze","Prata",,"Mogi Guaçu","Fazenda Campininha."
"ESTAÇÃO ECOLÓGICA MOGI-GUAÇU","Angiosperms","Asteraceae","Wedelia","longifolia","Mart. ex Baker","ASTERACEAE Wedelia longifolia Mart. ex Baker","168979","splink","SP","Oliveira, C.M.","93","Native","1981","Loureiro, N.","2026","Bronze","Prata",,"Mogi Guaçu","Fazenda Campininha, Martinho Prado"
"ESTAÇÃO ECOLÓGICA MOGI-GUAÇU","Angiosperms","Asteraceae","Wedelia","trichostephia","DC.","ASTERACEAE Wedelia trichostephia DC.","168745","splink","SP","Mantovani, W.","1648","Native","1981","Loureiro, N.","2026","Bronze","Prata",,"Mogi Guaçu","Fazenda Campininha, Martinho Prado"
"ESTAÇÃO ECOLÓGICA MOGI-GUAÇU","Angiosperms","Fabaceae","Ancistrotropis","peduncularis","(Fawc. & Rendle) A.Delgado","FABACEAE Ancistrotropis peduncularis (Fawc. & Rendle) A.Delgado","SP028529","splink","SP","Mantovani, W.","1744","Native","1981","Mamede, M.C.H.","2026","Bronze","Prata",,"Mogi Guaçu","Fazenda Campininha, Reserva Biológica, Martinho Prado"
"ESTAÇÃO ECOLÓGICA MOGI-GUAÇU","Angiosperms","Fabaceae","Ctenodon","falcatus","(Poir.) D.B.O.S.Cardoso, P.L.R.Moraes & H.C.Lima","FABACEAE Ctenodon falcatus (Poir.) D.B.O.S.Cardoso, P.L.R.Moraes & H.C.Lima","SP025979","splink","SP","Mantovani, W.","1643","Native","1981","Mamede, M.C.H.","2026","Bronze","Prata",,"Mogi Guaçu","Martinho Prado, Fazenda Campininha. Estação Experimental de Mogi Guaçu"
"ESTAÇÃO ECOLÓGICA MOGI-GUAÇU","Angiosperms","Fabaceae","Ctenodon","histrix","(Poir.) D.B.O.S.Cardoso, P.L.R.Moraes & H.C.Lima","FABACEAE Ctenodon histrix (Poir.) D.B.O.S.Cardoso, P.L.R.Moraes & H.C.Lima","SP026026","splink","SP","Mantovani, W.","1655","Native","1981","Mamede, M.C.H.","2026","Bronze","Prata",,"Mogi Guaçu","Martinho Prado, Fazenda Campininha. Estação Experimental de Mogi Guaçu"
"ESTAÇÃO ECOLÓGICA MOGI-GUAÇU","Angiosperms","Orchidaceae","Pachygenium","laminatum","(Schltr.) Szlach. et al.","ORCHIDACEAE Pachygenium laminatum (Schltr.) Szlach. et al.","SP0169604","splink","SP","Sugiyama, M.","185","Naturalized","1981","Mamede, M.C.H.","2026","Bronze","Prata",,"Mogi Guaçu","Fazenda Campininha, Martinho Prado"
"ESTAÇÃO ECOLÓGICA MOGI-GUAÇU",,"Polygalaceae","Senega","cuspidata","(DC.) J.F.B.Pastore","POLYGALACEAE Senega cuspidata (DC.) J.F.B.Pastore","169523","splink","SP","Sugiyama, M.","141",,"1981","Mamede, M.C.H.","2026","Bronze","Prata",,"Mogi Guaçu","Fazenda Campininha, Martinho Prado"
"ESTAÇÃO ECOLÓGICA MOGI-GUAÇU",,"Lamiaceae","Hyptis","campestris","Harley & J.F.B.Pastore","LAMIACEAE Hyptis campestris Harley & J.F.B.Pastore","SP0168975","splink","SP","Oliveira, C.M.","78",,"1981","Mamede, M.C.H.","2025","Bronze","Prata",,"Mogi Guaçu","Fazenda Campininha, Martinho Prado"
"ESTAÇÃO ECOLÓGICA MOGI-GUAÇU","Angiosperms","Orobanchaceae","Esterhazya","splendida","J.C.Mikan","OROBANCHACEAE Esterhazya splendida J.C.Mikan","169572","splink","SP","Sugiyama, M.","192","Native","1981","Mamede, M.C.H.","2025","Bronze","Prata",,"Mogi Guaçu","Fazenda Campininha, Martinho Prado"
"ESTAÇÃO ECOLÓGICA MOGI-GUAÇU","Angiosperms","Gentianaceae","Calolisianthus","amplissimus","(Mart.) Gilg","GENTIANACEAE Calolisianthus amplissimus (Mart.) Gilg","169577","splink","SP","Sugiyama, M.","195","Native","1981","Mamede, M.C.H.","2024","Bronze","Prata",,"Mogi Guaçu","Fazenda Campininha, Martinho Prado"
"ESTAÇÃO ECOLÓGICA MOGI-GUAÇU","Angiosperms","Theaceae","Laplacea","fruticosa","(Schrad.) Kobuski","THEACEAE Laplacea fruticosa (Schrad.) Kobuski","168699","splink","SP","Mantovani, W.","1656","Native","1981","Mamede, M.C.H.","2024","Bronze","Prata",,"Mogi Guaçu","Fazenda Campininha, Martinho Prado"
"ESTAÇÃO ECOLÓGICA MOGI-GUAÇU","Angiosperms","Asteraceae","Lessingianthus","zuccarinianus","(Mart. ex DC.) H.Rob.","ASTERACEAE Lessingianthus zuccarinianus (Mart. ex DC.) H.Rob.","169482","splink","SP","Sugiyama, M.","151","Native","1981","Bianchini, R.S.","2023","Bronze","Prata",,"Mogi Guaçu","Fazenda Campininha, Martinho Prado"
"ESTAÇÃO ECOLÓGICA MOGI-GUAÇU","Angiosperms","Polygalaceae","Asemeia","hebeclada","(DC.) J.F.B.Pastore & J.R.Abbott","POLYGALACEAE Asemeia hebeclada (DC.) J.F.B.Pastore & J.R.Abbott","168695","splink","SP","Mantovani, W.","1667","Native","1981","Mamede, M.C.H.","2022","Bronze","Prata",,"Mogi Guaçu","Fazenda Campininha, Martinho Prado"
"ESTAÇÃO ECOLÓGICA MOGI-GUAÇU","Angiosperms","Polygalaceae","Asemeia","rhodoptera","(Mart. ex A.W.Benn.) J.F.B.Pastore & J.R.Abbott","POLYGALACEAE Asemeia rhodoptera (Mart. ex A.W.Benn.) J.F.B.Pastore & J.R.Abbott","168583","splink","SP","Mantovani, M.","1613","Native","1981","Mamede, M.C.H.","2022","Bronze","Prata",,"Mogi Guaçu","Fazenda Campininha, Martinho Prado"
"ESTAÇÃO ECOLÓGICA MOGI-GUAÇU","Angiosperms","Asteraceae","Chromolaena","pungens","(Gardner) R.M.King & H.Rob.","ASTERACEAE Chromolaena pungens (Gardner) R.M.King & H.Rob.","169540","splink","SP","Mantovani, W.","1828","Native","1981","Christ, A.L.","2019","Bronze","Prata",,"Mogi Guaçu","Fazenda Campininha, Martinho Prado"
"ESTAÇÃO ECOLÓGICA MOGI-GUAÇU","Angiosperms","Fabaceae","Mimosa","gracilis","Benth.","FABACEAE Mimosa gracilis Benth.","168948","x","SP","Mantovani, W.","1748","Native","1981","Jordao, L.S.B.","2017","Bronze","Prata",,"Mogi Guaçu","Fazenda Campininha, Martinho Prado Júnior, Reserva Biológica"
"ESTAÇÃO ECOLÓGICA MOGI-GUAÇU","Angiosperms","Asteraceae","Echinocoryne","holosericea","(Mart. ex DC.) H.Rob.","ASTERACEAE Echinocoryne holosericea (Mart. ex DC.) H.Rob.","169430","splink","SP","Mantovani, W.","1863","Native","1981","Bianchini, R.S.","2016","Bronze","Prata",,"Mogi Guaçu","Fazenda Campininha, Martinho Prado"
"ESTAÇÃO ECOLÓGICA MOGI-GUAÇU","Angiosperms","Asteraceae","Vernonanthura","ignobilis","(Less.) H.Rob.","ASTERACEAE Vernonanthura ignobilis (Less.) H.Rob.","169538","splink","SP","Mantovani, W.","1830","Native","1981","Bianchini, R.S.","2016","Bronze","Prata",,"Mogi Guaçu","Fazenda Campininha, Martinho Prado,"
"ESTAÇÃO ECOLÓGICA MOGI-GUAÇU","Angiosperms","Fabaceae","Crotalaria","balansae","Micheli","FABACEAE Crotalaria balansae Micheli","168591","splink","SP","Mantovani, W.","1596","Native","1981","Rockinger, A.","2016","Bronze","Prata",,"Mogi Guaçu","Martinho Prado, Fazenda Campininha. Estação Experimental de Mogi Guaçu"
"ESTAÇÃO ECOLÓGICA MOGI-GUAÇU",,"Asteraceae","Stenocephalum","apiculatum","(Mart. ex DC.) Sch.Bip.","ASTERACEAE Stenocephalum apiculatum (Mart. ex DC.) Sch.Bip.","169487","x","SP","Sugiyama, M.","155",,"1981","Bianchini, R.S.","2015","Bronze","Prata",,"Mogi Guaçu","Fazenda Campininha, Martinho Prado"
"ESTAÇÃO ECOLÓGICA MOGI-GUAÇU","Angiosperms","Fabaceae","Centrosema","angustifolium","(Kunth) Benth.","FABACEAE Centrosema angustifolium (Kunth) Benth.","168684","splink","SP","Mantovani, W.","1673","Native","1981","Lopes, K.B.","2013","Bronze","Prata",,"Mogi Guaçu","Martinho Prado, Fazenda Campininha. Estação Experimental de Mogi Guaçu"
"ESTAÇÃO ECOLÓGICA MOGI-GUAÇU","Angiosperms","Poaceae","Axonopus","aureus","P. Beauv.","POACEAE Axonopus aureus P. Beauv.","SP041161","splink","SP","Mantovani, W.","1822","Native","1981","Rodrigues, R.S.","2013","Bronze","Prata",,"Mogi Guaçu","Fazenda Campininha, Martinho Prado."
"ESTAÇÃO ECOLÓGICA MOGI-GUAÇU","Angiosperms","Apocynaceae","Vailia","picta","(Vahl) Morillo","APOCYNACEAE Vailia picta (Vahl) Morillo","168519","splink","SP","Mantovani, W.","1615","Native","1981","Mamede, M.C.H.","2011","Bronze","Prata",,"Mogi Guaçu","Fazenda Campininha, Martinho Prado"
"ESTAÇÃO ECOLÓGICA MOGI-GUAÇU","Angiosperms","Asteraceae","Gyptis","lanigera","(Hook. & Arn.) R.M.King & H.Rob.","ASTERACEAE Gyptis lanigera (Hook. & Arn.) R.M.King & H.Rob.","168918","splink","SP","Oliveira, C.M.","49","Native","1981","Bianchini, R.S.","2010","Bronze","Prata",,"Mogi Guaçu","Fazenda Campininha, Martinho Prado"
"ESTAÇÃO ECOLÓGICA MOGI-GUAÇU","Angiosperms","Asteraceae","Campuloclinium","megacephalum","(Mart. ex Baker) R.M.King & H.Rob.","ASTERACEAE Campuloclinium megacephalum (Mart. ex Baker) R.M.King & H.Rob.","168746","splink","SP","Sugiyama, M.","125","Native","1981","Bianchini, R.S.O.","2009","Bronze","Prata",,"Mogi Guaçu","Fazenda Campininha, Martinho Prado."
"ESTAÇÃO ECOLÓGICA MOGI-GUAÇU",,"Asteraceae","Grazielia","mollissima","(Sch.Bip. ex Baker) R.M.King & H.Rob.","ASTERACEAE Grazielia mollissima (Sch.Bip. ex Baker) R.M.King & H.Rob.","168527","splink","SP","Sugiyama, M.","72",,"1981","Hattori, E.K.O.","2009","Bronze","Prata",,"Mogi Guaçu","Fazenda Campininha, Martinho Prado"
"ESTAÇÃO ECOLÓGICA MOGI-GUAÇU","Angiosperms","Fabaceae","Mimosa","diplotricha","C.Wright ex Sauvalle","FABACEAE Mimosa diplotricha C.Wright ex Sauvalle","168633","splink","SP","Mantovani, W.","1541","Native","1981","Mamede, M.C.H.","2008","Bronze","Prata",,"Mogi Guaçu","Fazenda Campininha, Martinho Prado Júnior, Reserva Biológica"
"ESTAÇÃO ECOLÓGICA MOGI-GUAÇU","Angiosperms","Asteraceae","Achyrocline","flaccida","(Weinm.) DC.","ASTERACEAE Achyrocline flaccida (Weinm.) DC.","SP030259","splink","SP","Sugiyama, M.","69","Native","1981","Deble, L.P.","2007","Bronze","Prata",,"Mogi Guaçu","Fazenda Campininha, Martinho Prado."
"ESTAÇÃO ECOLÓGICA MOGI-GUAÇU","Angiosperms","Orchidaceae","Bulbophyllum","epiphytum","Barb.Rodr.","ORCHIDACEAE Bulbophyllum epiphytum Barb.Rodr.","SP0247774","splink","SP","Barros, F.","652","Cultivated","1981","Smidt, E.C.","2007","Bronze","Prata",,"Mogi Guaçu","Fazenda Campininha, Martinho Prado"
"ESTAÇÃO ECOLÓGICA MOGI-GUAÇU","Angiosperms","Rubiaceae","Coccocypselum","geophiloides","Wawra","RUBIACEAE Coccocypselum geophiloides Wawra","SP0185656","splink","SP","Barros, F.","615","Native","1981","Costa, C.B.","2007","Bronze","Prata",,"Mogi Guaçu","Fazenda Campininha"
"ESTAÇÃO ECOLÓGICA MOGI-GUAÇU","Angiosperms","Rubiaceae","Galianthe","hispidula","(A.Rich. ex DC.) E.L.Cabral & Bacigalupo","RUBIACEAE Galianthe hispidula (A.Rich. ex DC.) E.L.Cabral & Bacigalupo","169454","x","SP","Mantovani, W.","1874","Native","1981","Cabral, E.L.","2007","Bronze","Prata",,"Mogi Guaçu","Fazenda Campininha, Bairro Martinho Prado"
"ESTAÇÃO ECOLÓGICA MOGI-GUAÇU","Angiosperms","Orchidaceae","Cleistes","ramboi","Pabst","ORCHIDACEAE Cleistes ramboi Pabst","SP0168576","splink","SP","Sugiyama, M.","2","Native","1981","Silva, D.G.","2005","Bronze","Prata",,"Mogi Guaçu","Fazenda Campininha, Martinho Prado"
"ESTAÇÃO ECOLÓGICA MOGI-GUAÇU","Angiosperms","Poaceae","Panicum","cervicatum","Chase","POACEAE Panicum cervicatum Chase","168565","splink","SP","Sugiyama, M.","76","Native","1981","Guglieri, A.","2004","Bronze","Prata",,"Mogi Guaçu","Fazenda Campininha, Martinho Prado."
"ESTAÇÃO ECOLÓGICA MOGI-GUAÇU","Angiosperms","Poaceae","Panicum","olyroides","Kunth","POACEAE Panicum olyroides var. olyroides Kunth","168799","splink","SP","Sugiyama, M.","109","Native","1981","Guglieri, A.","2004","Bronze","Prata",,"Mogi Guaçu","Fazenda Campininha, Martinho Prado."
"ESTAÇÃO ECOLÓGICA MOGI-GUAÇU","Angiosperms","Poaceae","Aristida","megapotamica","Henrard","POACEAE Aristida megapotamica var. brevipes Henrard","SP040743","splink","SP","Sugiyama, M.","46","Native","1981","Wagner, H.M.L.","2001","Bronze","Prata",,"Mogi Guaçu","Fazenda Campininha, Martinho Prado."
"ESTAÇÃO ECOLÓGICA MOGI-GUAÇU",,"Convolvulaceae","Ipomoea","campestris","Meisn.","CONVOLVULACEAE Ipomoea campestris Meisn.","168539","splink","SP","Sugiyama, M.","11",,"1981","Bianchini, R.S.","2000","Bronze","Prata",,"Mogi Guaçu","Fazenda Campininha, Martinho Prado"
"ESTAÇÃO ECOLÓGICA MOGI-GUAÇU","Angiosperms","Asteraceae","Tilesia","baccata","(L.) Pruski","ASTERACEAE Tilesia baccata (L.) Pruski","168629","splink","SP","Mantovani, W.","1552","Native","1981","Magenta, M.A.G.","1999","Bronze","Prata",,"Mogi Guaçu","Fazenda Campininha, Martinho Prado"
"ESTAÇÃO ECOLÓGICA MOGI-GUAÇU","Angiosperms","Convolvulaceae","Jacquemontia","spiciflora","(Choisy) Hallier f.","CONVOLVULACEAE Jacquemontia spiciflora (Choisy) Hallier f.","168626","splink","SP","Mantovani, W.","1546","Native","1981","Bianchini, R.S.","1996","Bronze","Prata",,"Mogi Guaçu","Fazenda Campininha, Martinho Prado"
"ESTAÇÃO ECOLÓGICA MOGI-GUAÇU","Angiosperms","Dioscoreaceae","Dioscorea","amaranthoides","C.Presl","DIOSCOREACEAE Dioscorea amaranthoides C.Presl","168574","splink","SP","Sugiyama, M.","99","Native","1981","Kirizawa, M.","1996","Bronze","Prata",,"Mogi Guaçu","Fazenda Campininha, Martinho Prado"
"ESTAÇÃO ECOLÓGICA MOGI-GUAÇU","Angiosperms","Lamiaceae","Salvia","nervosa","Benth.","LAMIACEAE Salvia nervosa Benth.","168969","x","SP","Oliveira, C.M.","71","Native","1981","Santos, E.P.","1992","Bronze","Prata",,"Mogi Guaçu","Fazenda Campininha, Martinho Prado"
"ESTAÇÃO ECOLÓGICA MOGI-GUAÇU","Angiosperms","Fabaceae","Ctenodon","histrix","(Benth.) D.B.O.S.Cardoso, P.L.R.Moraes & H.C.Lima","FABACEAE Ctenodon histrix var. densiflorus (Benth.) D.B.O.S.Cardoso, P.L.R.Moraes & H.C.Lima","UEC150585","splink","UEC","Leitao Filho, H.F.","12280","Native","1981","Dure, R.","1985","Bronze","Prata",,"Mogi Guaçu","Estação Biológica de Mogi Guaçu, (faz. Campininha)"
"ESTAÇÃO ECOLÓGICA MOGI-GUAÇU","Angiosperms","Commelinaceae","Dichorisandra","hexandra","(Aubl.) C.B.Clarke","COMMELINACEAE Dichorisandra hexandra (Aubl.) C.B.Clarke","SP0168555","splink","SP","Sugiyama, M.","61","Native","1981","Mantovani, W.","1981","Bronze","Prata",,"Mogi Guaçu","Fazenda Campininha, Martinho Prado"
"ESTAÇÃO ECOLÓGICA MOGI-GUAÇU","Angiosperms","Cyperaceae","Bulbostylis","sphaerocephala","(Boeckeler) C.B.Clarke","CYPERACEAE Bulbostylis sphaerocephala (Boeckeler) C.B.Clarke","168551","splink","SP","Sugiyama, M.","21","Native","1981","Mantovani, W.","1981","Bronze","Prata",,"Mogi Guaçu","Fazenda Campininha, Martinho Prado"
"ESTAÇÃO ECOLÓGICA MOGI-GUAÇU","Angiosperms","Cyperaceae","Rhynchospora","exaltata","Kunth","CYPERACEAE Rhynchospora exaltata Kunth","169598","x","SP","Mantovani, W.","1861","Native","1981","Mantovani, W.","1981","Bronze","Prata",,"Mogi Guaçu","Fazenda Campininha, Martinho Prado"
"ESTAÇÃO ECOLÓGICA MOGI-GUAÇU","Angiosperms","Cyperaceae","Rhynchospora","nervosa","(Vahl) Boeckeler","CYPERACEAE Rhynchospora nervosa (Vahl) Boeckeler","168793","x","SP","Sugiyama, M.","106","Native","1981","Mantovani, W.","1981","Bronze","Prata",,"Mogi Guaçu","Fazenda Campininha"
"ESTAÇÃO ECOLÓGICA MOGI-GUAÇU","Angiosperms","Poaceae","Schizachyrium","spicatum","(Spreng.) Herter","POACEAE Schizachyrium spicatum (Spreng.) Herter","168563","splink","SP","Sugiyama, M.","22","Native","1981","Mantovani, W.","1981","Bronze","Prata",,"Mogi Guaçu","Fazenda Campininha, Martinho Prado."
"ESTAÇÃO ECOLÓGICA MOGI-GUAÇU","Angiosperms","Smilacaceae","Smilax","spinosa","Mill.","SMILACACEAE Smilax spinosa Mill.","SP0168804","splink","SP","Sugiyama, M.","131","Native","1981","Mantovani, W.","1981","Bronze","Prata",,"Mogi Guaçu","Fazenda Campininha, Martinho Prado"
"ESTAÇÃO ECOLÓGICA MOGI-GUAÇU",,"Lamiaceae","Salvia","coccinea","Buc'hoz ex Etl.","LAMIACEAE Salvia coccinea Buc'hoz ex Etl.","SP0167521","splink","SP","Custodio Filho, A.","455",,"1980","Costa, M.S.V.",,"Bronze","Prata",,"Mogi Guaçu","Fazenda Campininha"
"ESTAÇÃO ECOLÓGICA MOGI-GUAÇU","Angiosperms","Asteraceae","Solidago","chilensis","Meyen","ASTERACEAE Solidago chilensis Meyen","198398","splink","SP","Forero, E.","8392","Native","1980","Mamede, M.C.H.","2025","Bronze","Prata",,"Mogi Guaçu","Fazenda Campininha, Pádua Sales"
"ESTAÇÃO ECOLÓGICA MOGI-GUAÇU","Angiosperms","Ochnaceae","Ouratea","lancifolia","R.G. Chacon & K. Yamam.","OCHNACEAE Ouratea lancifolia R.G. Chacon & K. Yamam.","RB00268253","x","RB","Forero, E.","8235","Native","1980","Lima, A.Q.","2025","Bronze","Prata",,"Mogi Guaçu","MOJI GUAÇÚ, PADUA SALES, FAZENDA CAMPININHA."
"ESTAÇÃO ECOLÓGICA MOGI-GUAÇU",,"Asteraceae","Stenocephalum","tragiifolium","(DC.) Sch.Bip.","ASTERACEAE Stenocephalum tragiifolium (DC.) Sch.Bip.","167593","splink","SP","Mantovani, W.","1238",,"1980","Bianchini, R.S.","2024","Bronze","Prata",,"Mogi Guaçu","Fazenda Campininha, Martinho Prado"
"ESTAÇÃO ECOLÓGICA MOGI-GUAÇU","Angiosperms","Ochnaceae","Ouratea","floribunda","(A.St.-Hil.) Engl.","OCHNACEAE Ouratea floribunda (A.St.-Hil.) Engl.","CEN00039793","splink","CEN","Gonzalez, E.F.","8235","Native","1980","Deccache, L.S.J.","2024","Bronze","Prata",,"Mogi Guaçu","Pádua Sales, Fazenda Campininha."
"ESTAÇÃO ECOLÓGICA MOGI-GUAÇU","Angiosperms","Asteraceae","Campuloclinium","burchellii","(Baker) R.M.King & H.Rob.","ASTERACEAE Campuloclinium burchellii (Baker) R.M.King & H.Rob.","165152","splink","SP","Mantovani, W.","507","Native","1980","Bianchini, R.S.O.","2023","Bronze","Prata",,"Mogi Guaçu","Fazenda Campininha, PÃ¡dua Sales"
"ESTAÇÃO ECOLÓGICA MOGI-GUAÇU","Angiosperms","Orchidaceae","Rodriguezia","obtusifolia","(Lindl.) Rchb.f.","ORCHIDACEAE Rodriguezia obtusifolia (Lindl.) Rchb.f.","SP0232375","splink","SP","Barros, F.","380","Native","1980","Gomes, G.S.","2021","Bronze","Prata",,"Mogi Guaçu","Fazenda Campininha, Próximo a Pádua Sales"
"ESTAÇÃO ECOLÓGICA MOGI-GUAÇU","Angiosperms","Apocynaceae","Morilloa","lutea","(E.Fourn.) Fontella, Goes & S.A.Cáceres","APOCYNACEAE Morilloa lutea (E.Fourn.) Fontella, Goes & S.A.Cáceres","165004","splink","SP","Mantovani, W.","641","Native","1980","Santos, R.G.P.","2019","Bronze","Prata",,"Mogi Guaçu","Fazenda Campininha, Pàdua Sales, Reserva Biológica"
"ESTAÇÃO ECOLÓGICA MOGI-GUAÇU","Angiosperms","Fabaceae","Mimosa","gracilis","Benth.","FABACEAE Mimosa gracilis var. gracilis Benth.","SP034741","splink","SP","Mantovani, W.","1371","Native","1980","Jordao, L.S.B.","2017","Bronze","Prata",,"Mogi Guaçu","Fazenda Campininha, Martinho Prado Júnior, Reserva Biológica"
"ESTAÇÃO ECOLÓGICA MOGI-GUAÇU",,"Asteraceae","Lessingianthus","onopordioides","(Baker) H.Rob.","ASTERACEAE Lessingianthus onopordioides (Baker) H.Rob.","165024","splink","SP","Mantovani, W.","661",,"1980","Bianchini, R.S.","2016","Bronze","Prata",,"Mogi Guaçu","Fazenda Campininha, Pádua Sales"
"ESTAÇÃO ECOLÓGICA MOGI-GUAÇU","Angiosperms","Asteraceae","Vernonanthura","mucronulata","(Less.) H.Rob.","ASTERACEAE Vernonanthura mucronulata (Less.) H.Rob.","166009","x","SP","Mantovani, W.","865","Native","1980","Bianchini, R.S.","2016","Bronze","Prata",,"Mogi Guaçu","Fazenda Campininha, Martinho Prado"
"ESTAÇÃO ECOLÓGICA MOGI-GUAÇU","Angiosperms","Fabaceae","Eriosema","crinitum","(Kunth) G.Don","FABACEAE Eriosema crinitum (Kunth) G.Don","163701","splink","SP","Mantovani, W.","445","Native","1980","Candido, E.S.","2016","Bronze","Prata",,"Mogi Guaçu","Fazenda Campininha, Pádua Sales"
"ESTAÇÃO ECOLÓGICA MOGI-GUAÇU","Angiosperms","Fabaceae","Eriosema","crinitum","(Kunth) G.Don","FABACEAE Eriosema crinitum var. crinitum (Kunth) G.Don","UEC004799","splink","UEC","Carvalho, R.M.","11585","Native","1980","Candido, E.S.","2016","Bronze","Prata",,"Mogi Guaçu","Estação Biológica de Mogi Guaçu, (faz. Campininha)"
"ESTAÇÃO ECOLÓGICA MOGI-GUAÇU","Angiosperms","Fabaceae","Eriosema","simplicifolium","(DC.) G.Don","FABACEAE Eriosema simplicifolium (DC.) G.Don","163700","splink","SP","Mantovani, W.","436","Native","1980","Candido, E.S.","2016","Bronze","Prata",,"Mogi Guaçu","Fazenda Campininha, Pádua Sales"
"ESTAÇÃO ECOLÓGICA MOGI-GUAÇU","Angiosperms","Fabaceae","Eriosema","simplicifolium","Grear","FABACEAE Eriosema simplicifolium var. micranthum Grear","UEC004702","splink","UEC","Carvalho, R.M.","11581","Native","1980","Candido, E.S.","2016","Bronze","Prata",,"Mogi Guaçu","Estação Biológica de Mogi Guaçu, (faz. Campininha)"
"ESTAÇÃO ECOLÓGICA MOGI-GUAÇU",,"Malvaceae","Peltaea","lasiantha","Krapov. & Cristóbal","MALVACEAE Peltaea lasiantha Krapov. & Cristóbal","SP0163650","splink","SP","Mantovani, W.","287",,"1980","Jr, A.J.F.","2016","Bronze","Prata",,"Mogi Guaçu","Fazenda Campininha, Pádua Sales"
"ESTAÇÃO ECOLÓGICA MOGI-GUAÇU","Angiosperms","Apocynaceae","Blepharodon",,"Decne.","APOCYNACEAE Blepharodon Decne.","419277","x","COL","Gonzalez, E.F.","8203","Native","1980","Liede-Schuman, S.","2014","Bronze","Prata",,"Mogi Guaçu","Municipio Mojí-Guacú, Padua Sales, Fazenda Campininha."
"ESTAÇÃO ECOLÓGICA MOGI-GUAÇU","Angiosperms","Melastomataceae","Miconia",,"Ruiz & Pav.","MELASTOMATACEAE Miconia Ruiz & Pav.","SPSF00014620","splink","SPSF","Mantovani, W.","1408","Native","1980","Neusa, J.","2013","Bronze","Prata",,"Mogi Guaçu","Martinho Prado, fazenda Campininha."
"ESTAÇÃO ECOLÓGICA MOGI-GUAÇU","Angiosperms","Apocynaceae","Mandevilla","longiflora","(Desf.) Pichon","APOCYNACEAE Mandevilla longiflora (Desf.) Pichon","163626","splink","SP","Mantovani, W.","351","Native","1980","Mamede, M.C.H.","2011","Bronze","Prata",,"Mogi Guaçu","Fazenda Campininha, Pádua Sales, Reserva Biológica"
"ESTAÇÃO ECOLÓGICA MOGI-GUAÇU","Angiosperms","Poaceae","Digitaria","neesiana","Henrard","POACEAE Digitaria neesiana Henrard","166478","x","SP","Mantovani, W.","1048","Native","1980","Rodrigues, R.S.","2011","Bronze","Prata",,"Mogi Guaçu","Fazenda Campininha, Martinho Prado."
"ESTAÇÃO ECOLÓGICA MOGI-GUAÇU","Angiosperms","Malvaceae","Sida","tuberculata","R.E.Fr.","MALVACEAE Sida tuberculata R.E.Fr.","165065","splink","SP","Mantovani, W.","650","Native","1980","Goncalez, V.M.","2010","Bronze","Prata",,"Mogi Guaçu","Fazenda Campininha, Pádua Sales"
"ESTAÇÃO ECOLÓGICA MOGI-GUAÇU","Angiosperms","Bignoniaceae","Tabebuia","aurea","(Silva Manso) Benth. & Hook.f. ex S.Moore","BIGNONIACEAE Tabebuia aurea (Silva Manso) Benth. & Hook.f. ex S.Moore","SP059552","splink","SP","Mantovani, W.","892","Native","1980","Almeida, R.F.","2009","Bronze","Prata",,"Mogi Guaçu","Fazenda Campininha, Martinho Prado"
"ESTAÇÃO ECOLÓGICA MOGI-GUAÇU","Angiosperms","Fabaceae","Desmanthus","virgatus","(L.) Willd.","FABACEAE Desmanthus virgatus (L.) Willd.","163746","x","SP","Mantovani, W.","396","Native","1980","Mamede, M.C.H.","2008","Bronze","Prata",,"Mogi Guaçu","Fazenda Campininha, Reserva Biológica. Pádua Sales"
"ESTAÇÃO ECOLÓGICA MOGI-GUAÇU","Angiosperms","Fabaceae","Poiretia","coriifolia","Vogel","FABACEAE Poiretia coriifolia Vogel","180387","splink","SP","Melo, M.M.R.F.","181","Native","1980","Mamede, M.C.H.","2008","Bronze","Prata",,"Mogi Guaçu","Estação Experimental de Mogi Guaçu. Fazenda Campininha"
"ESTAÇÃO ECOLÓGICA MOGI-GUAÇU","Angiosperms","Cyperaceae","Scleria","bracteata","Cav.","CYPERACEAE Scleria bracteata Cav.","166034","splink","SP","Mantovani, W.","925","Native","1980","Araujo, A.C.","2007","Bronze","Prata",,"Mogi Guaçu","Fazenda Campininha, Martinho Prado"
"ESTAÇÃO ECOLÓGICA MOGI-GUAÇU","Angiosperms","Cyperaceae","Scleria","latifolia","Sw.","CYPERACEAE Scleria latifolia Sw.","167328","splink","SP","Muniz, C.F.S.","172","Native","1980","Araujo, A.C.","2007","Bronze","Prata",,"Mogi Guaçu","Fazenda Campininha, Pádua Sales"
"ESTAÇÃO ECOLÓGICA MOGI-GUAÇU",,"Polygalaceae","Securidaca","rivinifolia","A.St.-Hil. & Moq.","POLYGALACEAE Securidaca rivinifolia A.St.-Hil. & Moq.","167405","splink","SP","Custodio Filho, A.","342",,"1980","Marques, M.C.","2002","Bronze","Prata",,"Mogi Guaçu","Fazenda Campininha"
"ESTAÇÃO ECOLÓGICA MOGI-GUAÇU","Angiosperms","Aristolochiaceae","Aristolochia","gibertii","Hook.","ARISTOLOCHIACEAE Aristolochia gibertii Hook.","SP011961","splink","SP","Chiea, S.A.C.","71","Native","1980","Barros, F.","2001","Bronze","Prata",,"Mogi Guaçu","Estação Experimental de Mogi Guaçu, Fazenda Campininha"
"ESTAÇÃO ECOLÓGICA MOGI-GUAÇU","Angiosperms","Cyperaceae","Cyperus","odoratus","L.","CYPERACEAE Cyperus odoratus L.","168394","splink","SP","Mantovani, W.","1440","Native","1980","Muniz, C.F.S.","2001","Bronze","Prata",,"Mogi Guaçu","Fazenda Campininha, Martinho Prado"
"ESTAÇÃO ECOLÓGICA MOGI-GUAÇU","Angiosperms","Aquifoliaceae","Ilex","brasiliensis","(Spreng.) Loes.","AQUIFOLIACEAE Ilex brasiliensis (Spreng.) Loes.","198450","splink","SP","Forero, E.","8438","Native","1980","Jr, M.G.","2000","Bronze","Prata",,"Mogi Guaçu","Fazenda Campininha, Pádua Sales"
"ESTAÇÃO ECOLÓGICA MOGI-GUAÇU","Angiosperms","Asteraceae","Mikania","salviifolia","Gardner","ASTERACEAE Mikania salviifolia Gardner","165144","splink","SP","Mantovani, W.","485","Native","1980","Bianchini, R.S.","2000","Bronze","Prata",,"Mogi Guaçu","Fazenda Campininha, Pádua Sales"
"ESTAÇÃO ECOLÓGICA MOGI-GUAÇU","Angiosperms","Marantaceae","Maranta","ruiziana","Körn.","MARANTACEAE Maranta ruiziana Körn.","UEC021769","splink","UEC","Cytrynowicz, M.","11123","Native","1980","Wanderley, M.D.G.L.","2000","Bronze","Prata",,"Mogi Guaçu","Fazenda Campininha."
"ESTAÇÃO ECOLÓGICA MOGI-GUAÇU","Angiosperms","Asteraceae","Eclipta","prostrata","(L.) L.","ASTERACEAE Eclipta prostrata (L.) L.","198432","x","SP","Forero, E.","8420","Native","1980","Reis, R.","1997","Bronze","Prata",,"Mogi Guaçu","Fazenda Campininha, Pádua Sales"
"ESTAÇÃO ECOLÓGICA MOGI-GUAÇU",,"Asteraceae","Hoehnephytum","trixoides","(Gardner) Cabrera","ASTERACEAE Hoehnephytum trixoides (Gardner) Cabrera","166047","splink","SP","Mantovani, W.","928",,"1980","Nordenstam, B.","1996","Bronze","Prata",,"Mogi Guaçu","Fazenda Campininha, Martinho Prado"
"ESTAÇÃO ECOLÓGICA MOGI-GUAÇU","Angiosperms","Gentianaceae","Deianira","nervosa","Cham. & Schltdl.","GENTIANACEAE Deianira nervosa Cham. & Schltdl.","164983","x","SP","Mantovani, W.","653","Native","1980","Hoch, A.M.","1995","Bronze","Prata",,"Mogi Guaçu","Fazenda Campininha, Pádua Sales"
"ESTAÇÃO ECOLÓGICA MOGI-GUAÇU","Angiosperms","Polygalaceae","Securidaca","rivinifolia","A.St.-Hil. & Moq.","POLYGALACEAE Securidaca rivinifolia var. rivinifolia A.St.-Hil. & Moq.","FUEL015197","splink","FUEL","Forero, E.","8470","Native","1980","Marques, M.C.","1991","Bronze","Prata",,"Mogi Guaçu","Pádua Sales, Fazenda Campininha, Fazenda Campininha"
"ESTAÇÃO ECOLÓGICA MOGI-GUAÇU","Angiosperms","Bignoniaceae","Jacaranda","acutifolia","Bonpl.","BIGNONIACEAE Jacaranda acutifolia Bonpl.","UEC140005","splink","UEC","Semir, J.","11605","Native","1980","Vattimo-Gil, I.","1988","Bronze","Prata",,"Mogi Guaçu","Estação Biológica de Mogi Guaçu, (faz. Campininha)"
"ESTAÇÃO ECOLÓGICA MOGI-GUAÇU",,"Asteraceae","Stenocephalum","megapotamicum","(Spreng.) Sch.Bip.","ASTERACEAE Stenocephalum megapotamicum (Spreng.) Sch.Bip.","162894","splink","SP","Mantovani, W.","214",,"1979","Bianchini, R.S.","2016","Bronze","Prata",,"Mogi Guaçu","Fazenda Campininha"
"ESTAÇÃO ECOLÓGICA MOGI-GUAÇU","Angiosperms","Asteraceae","Pterocaulon","balansae","Chodat","ASTERACEAE Pterocaulon balansae Chodat","01080728","x","NY","L. Filho, H.F.","10382","Native","1979","Egea, M.M.","2015","Bronze","Prata",,"Mogi Guaçu","Mogi-Guaçu, Estação Experimental do Inst. Florestal; Faz. Campininha."
"ESTAÇÃO ECOLÓGICA MOGI-GUAÇU","Angiosperms","Asteraceae","Achyrocline","gertiana","Deble & Marchiori","ASTERACEAE Achyrocline gertiana Deble & Marchiori","162836","x","SP","Mantovani, W.","239","Native","1979","Deble, L.P.","2007","Bronze","Prata",,"Mogi Guaçu","Fazenda Campininha, Padua Sales."
"ESTAÇÃO ECOLÓGICA MOGI-GUAÇU","Angiosperms","Solanaceae","Solanum","stipulaceum","Willd. ex Roem. & Schult.","SOLANACEAE Solanum stipulaceum Willd. ex Roem. & Schult.","IBGE00019155","splink","IBGE","Vieda, W.","9379","Native","1979","Fonseca, M.L.","2002","Bronze","Prata",,"Mogi Guaçu","Fazenda Campininha. Folha Cartográfica SF-23-Y-A. Coordenada Calculada."
"ESTAÇÃO ECOLÓGICA MOGI-GUAÇU","Angiosperms","Bignoniaceae","Adenocalymma",,"Mart. ex Meisn. emend L.G.Lohmann","BIGNONIACEAE Adenocalymma Mart. ex Meisn. emend L.G.Lohmann","5111","x","VIC","Silva, A.F.","21","Native","1978","Araujo, R.S.","2007","Bronze","Prata",,"Mogi Guaçu","Fazenda Campininha, Cerrado."
"ESTAÇÃO ECOLÓGICA MOGI-GUAÇU","Angiosperms","Poaceae","Echinochloa","crus-galli","(L.) P. Beauv.","POACEAE Echinochloa crus-galli (L.) P. Beauv.","UEC019778","splink","UEC","Monteiro, R.","7686","Native","1978","Boldrini, I.J.","1997","Bronze","Prata",,"Mogi Guaçu","Fazenda Campininha"
"ESTAÇÃO ECOLÓGICA MOGI-GUAÇU","Ferns and Lycophytes","Commelinaceae","Tripogandra","diuretica","(Mart.) Handlos","COMMELINACEAE Tripogandra diuretica (Mart.) Handlos","UEC131913","splink","UEC","Monteiro, R.","7689","Native","1978","Barreto, R.","1996","Bronze","Prata",,"Mogi Guaçu","Fazenda Campininha."
"ESTAÇÃO ECOLÓGICA MOGI-GUAÇU","Angiosperms","Cyperaceae","Carex","brasiliensis","A.St.-Hil.","CYPERACEAE Carex brasiliensis A.St.-Hil.","MBM059102",,"MBM","Gibbs, P.E.","6099","Native","1977","Araujo, A.C.",,"Bronze","Prata",,"Mogi Guaçu","Fazenda Campininha, Estação Experimental de Moji-Guaçu."
"ESTAÇÃO ECOLÓGICA MOGI-GUAÇU","Angiosperms","Asteraceae","Calea","cymosa","Less.","ASTERACEAE Calea cymosa Less.","MBM056760",,"MBM","Carnielli, V.","6525","Native","1977","Reis-Silva, G.A.","2017","Bronze","Prata",,"Mogi Guaçu","Fazenda Campininha."
"ESTAÇÃO ECOLÓGICA MOGI-GUAÇU","Angiosperms","Asteraceae","Echinocoryne","stricta","(Gardner) H.Rob.","ASTERACEAE Echinocoryne stricta (Gardner) H.Rob.","144425","x","SP","Kirizawa, M.","114","Native","1977","Lorencini, T.S.","2012","Bronze","Prata",,"Mogi Guaçu","Fazenda Campininha"
"ESTAÇÃO ECOLÓGICA MOGI-GUAÇU","Angiosperms","Meteoriaceae","Floribundaria","flaccida","(Mitt.) Broth.","METEORIACEAE Floribundaria flaccida (Mitt.) Broth.","SP072655","splink","SP-BRYOPHYTA","Goncalves, A.L.","s.n.","Native","1977","Oliveira, J.R.P.M.","2009","Bronze","Prata",,"Mogi Guaçu","Fazenda Campininha"
"ESTAÇÃO ECOLÓGICA MOGI-GUAÇU","Angiosperms","Cleomaceae","Tarenaya","parviflora","(Kunth) Iltis","CLEOMACEAE Tarenaya parviflora (Kunth) Iltis","154958","splink","IAN","Gibbs, P.E.","6103","Native","1977","Costa, M.B.","2000","Bronze","Prata",,"Mogi Guaçu","25 Km NW de Mogi Guaçú. Estação Experimental de Mogi-Guaçú. (Fazenda Campininha). Mata ciliar."
"ESTAÇÃO ECOLÓGICA MOGI-GUAÇU",,"Convolvulaceae","Ipomoea","hederifolia","L.","CONVOLVULACEAE Ipomoea hederifolia L.","153008","splink","SP","Parientoni, R.","4782",,"1977","Bianchini, R.S.","2000","Bronze","Prata",,"Mogi Guaçu","Fazenda Campininha"
"ESTAÇÃO ECOLÓGICA MOGI-GUAÇU",,"Heliotropiaceae","Heliotropium","funkiae","Feuillet","HELIOTROPIACEAE Heliotropium funkiae Feuillet","UEC033522","splink","UEC","Gibbs, P.E.","6104",,"1977","Cavalheiro, L.","2000","Bronze","Prata",,"Mogi Guaçu","25 km NW de Mogi Guaçú. Estação experimental de Mogi Guaçú (Fazenda Campininha)."
"ESTAÇÃO ECOLÓGICA MOGI-GUAÇU","Angiosperms","Urticaceae","Boehmeria","caudata","Sw.","URTICACEAE Boehmeria caudata Sw.","146647","splink","SP","Makino, H.","s.n.","Native","1977","Correa, F.C.","2000","Bronze","Prata",,"Mogi Guaçu","Fazenda Campininha, Mata do Bugio"
"ESTAÇÃO ECOLÓGICA MOGI-GUAÇU","Angiosperms","Aquifoliaceae","Ilex","affinis","Gardner","AQUIFOLIACEAE Ilex affinis Gardner","IBGE00008115","splink","IBGE","Gibbs, P.E.","4272","Native","1977","Mendonca, R.C.","1999","Bronze","Prata",,"Mogi Guaçu","25 Km. NW de Mogi-Guaçú. Estação Experimental de Mogi-Guaçú. (Fazenda Campininha). Coordenadas calculadas."
"ESTAÇÃO ECOLÓGICA MOGI-GUAÇU","Angiosperms","Fabaceae","Periandra","heterophylla","Benth.","FABACEAE Periandra heterophylla Benth.","UEC156802","splink","UEC","Leitao Filho, H.F.","6049a","Native","1977","Silveira, L.T.","1998","Bronze","Prata",,"Mogi Guaçu","Estação experimental do Instituto Florestal. Fazenda Campininha."
"ESTAÇÃO ECOLÓGICA MOGI-GUAÇU","Angiosperms","Fabaceae","Senna","macranthera","(Vogel) H.S.Irwin & Barneby","FABACEAE Senna macranthera var. nervosa (Vogel) H.S.Irwin & Barneby","UEC147889","splink","UEC","Benson, W.W.","4660","Native","1977","Hervencio, P.","1996","Bronze","Prata",,"Mogi Guaçu","Fazenda Campininha, Cerradão."
"ESTAÇÃO ECOLÓGICA MOGI-GUAÇU","Angiosperms","Sematophyllaceae","Donnellia","commutata","(Müll.Hal.) W.R.Buck","SEMATOPHYLLACEAE Donnellia commutata (Müll.Hal.) W.R.Buck","NY02247577","splink","NY","Vital, D.M.","6999","Native","1977","Buck, W.R.","1994","Bronze","Prata",,"Mogi Guaçu","Estacao Biologica de Mogi Guacu."
"ESTAÇÃO ECOLÓGICA MOGI-GUAÇU","Angiosperms","Asteraceae","Isostigma","peucedanifolium","(Spreng.) Less.","ASTERACEAE Isostigma peucedanifolium (Spreng.) Less.","IBGE00009441","splink","IBGE","Gibbs, P.E.","4163","Native","1977","Silva, F.","1992","Bronze","Prata",,"Mogi Guaçu","25 Km a NM de Mogi-Guaçú. Estação Experimental de Mogi-Guaçú. (Fazenda Campininha). Coordenada calculada."
"ESTAÇÃO ECOLÓGICA MOGI-GUAÇU","Angiosperms","Menispermaceae","Cissampelos","andromorpha","DC.","MENISPERMACEAE Cissampelos andromorpha DC.","146767","splink","SP","Jung, S.L.","96","Native","1977","Godoi, J.V.","1992","Bronze","Prata",,"Mogi Guaçu","Fazenda Campininha"
"ESTAÇÃO ECOLÓGICA MOGI-GUAÇU","Angiosperms","Cordiaceae","Cordia","ecalyculata","Vell.","CORDIACEAE Cordia ecalyculata Vell.","UEC031308","splink","UEC","Gibbs, P.E.","6093","Native","1977","Taroda, N.","1983","Bronze","Prata",,"Mogi Guaçu","25km NW de Mogi Guaçu. Estação Experimental de Mogi - Guaçu. Fazenda Campininha."
"ESTAÇÃO ECOLÓGICA MOGI-GUAÇU","Angiosperms","Fabaceae","Galactia","benthamiana","Micheli","FABACEAE Galactia benthamiana Micheli","8360","splink","UEC","Leitao Filho, H.F.","6040","Native","1977","Andrade, J.B.","1978","Bronze","Prata",,"Mogi Guaçu","Estação Biológica de Mogi Guaçu, (faz. Campininha)"
"ESTAÇÃO ECOLÓGICA MOGI-GUAÇU","Angiosperms","Batrachospermaceae","Torularia","atra","(Hudson) M.J.Wynne","BATRACHOSPERMACEAE Torularia atra (Hudson) M.J.Wynne","131629","splink","SP-ALGAE","Sakane, M.",,"Native","1976","Necchi Junior, O.",,"Bronze","Prata",,"Mogi Guaçu","Fazenda Campininha"
"ESTAÇÃO ECOLÓGICA MOGI-GUAÇU","Ferns and Lycophytes","Cyperaceae","Scleria","distans","Poir.","CYPERACEAE Scleria distans Poir.","IBGE00010514","splink","IBGE","Gibbs, P.E.","3371","Native","1976","Schmeider, L.","2018","Bronze","Prata",,"Mogi Guaçu","25 Km NW de Mogi-Guaçu. Estacão Experimental de Mogi-Guaçu (Fazenda Campininha). Folha cartográfica SF-23-Y-D. Coordenada calculada"
"ESTAÇÃO ECOLÓGICA MOGI-GUAÇU","Angiosperms","Iridaceae","Sisyrinchium","restioides","Spreng.","IRIDACEAE Sisyrinchium restioides Spreng.","UEC056034","splink","UEC","Gibbs, P.E.","3543","Native","1976","Inacio, C.D.","2014","Bronze","Prata",,"Mogi Guaçu","Estação Experimental de Mogi-Guaçu, Fazenda Campininha. 25 Km NW de Mogi-Guaçu."
"ESTAÇÃO ECOLÓGICA MOGI-GUAÇU","Angiosperms","Cabombaceae","Cabomba","furcata","Schult. & Schult.f.","CABOMBACEAE Cabomba furcata Schult. & Schult.f.","SP010320","splink","SP","Sakane, M.","s.n.","Native","1976","Al., E.","2003","Bronze","Prata",,"Mogi Guaçu","Fazenda Campininha. Planta coletada no lago do viveiro."
"ESTAÇÃO ECOLÓGICA MOGI-GUAÇU","Ferns and Lycophytes","Cyperaceae","Scleria","hirtella","Sw.","CYPERACEAE Scleria hirtella Sw.","NY00568948","splink","NY","Gibbs, P.E.","3371","Native","1976","Alves, M.","2002","Bronze","Prata",,"Mogi Guaçu","25 km NW de Mogi-Guaçú. Estação Experimental de Mogi-Guaçú (Fazenda Campininha)"
"ESTAÇÃO ECOLÓGICA MOGI-GUAÇU",,"Heliotropiaceae","Heliotropium","elongatum","(Lehm.) I.M.Johnst.","HELIOTROPIACEAE Heliotropium elongatum (Lehm.) I.M.Johnst.","UEC058465","splink","UEC","Gibbs, P.E.","3359",,"1976","Melo, J.I.M.","2001","Bronze","Prata",,"Mogi Guaçu","25km NW de Magi-Guaçu. estação Experimental de Magi-Guaçu - Fazenda Campininha."
"ESTAÇÃO ECOLÓGICA MOGI-GUAÇU","Angiosperms","Fabaceae","Betencourtia","scarlatina","(Mart. ex Benth.) L.P.Queiroz","FABACEAE Betencourtia scarlatina (Mart. ex Benth.) L.P.Queiroz","UEC152472","splink","UEC","Gibbs, P.E.","2003","Native","1976","Queiroz, L.","1998","Bronze","Prata",,"Mogi Guaçu","Fazenda Campininha"
"ESTAÇÃO ECOLÓGICA MOGI-GUAÇU","Angiosperms","Nyctaginaceae","Guapira",,"Aubl.","NYCTAGINACEAE Guapira Aubl.","1014763","x","NY","Gibbs, P.E.","3538","Native","1976","Nee, M.H.","1997","Bronze","Prata",,"Mogi Guaçu","25 km NW de Mogi-Guaçú. Estação Experimental de Mogi-Guaçú (Fazenda Campininha)"
"ESTAÇÃO ECOLÓGICA MOGI-GUAÇU",,"Apocynaceae","Mandevilla","scabra","(Hoffmanns. ex Roem. & Schult.) K.Schum.","APOCYNACEAE Mandevilla scabra (Hoffmanns. ex Roem. & Schult.) K.Schum.","1549890","splink","SP","Gibbs, P.E.","3397",,"1976","Sugiyama, M.","1983","Bronze","Prata",,"Mogi Guaçu","25 km NW de Mogi Guaçú. Estação Experimental de Mogi-Guaçu, Fazenda Campininha"
"ESTAÇÃO ECOLÓGICA MOGI-GUAÇU","Angiosperms","Pinaceae","Pinus","caribaea","(Sénécl.) W.H.Barrett & Golfari","PINACEAE Pinus caribaea var. hondurensis (Sénécl.) W.H.Barrett & Golfari","120820","splink","SP","Mattos, J.","s.n.","Native","1972","Mamede, M.C.H.","2026","Bronze","Prata",,"Mogi Guaçu","Fazenda Campininha, Cultivada, procedência ignorada"
"ESTAÇÃO ECOLÓGICA MOGI-GUAÇU","Angiosperms","Asteraceae","Calea",,"L.","ASTERACEAE Calea L.","3942","x","UFP","Alves, J.L.H.","UFP3942",,"1972","Joao, S.","2003","Bronze","Prata",,"Mogi Guaçu","Fazenda Campininha."
"ESTAÇÃO ECOLÓGICA MOGI-GUAÇU","Angiosperms","Poaceae","Aristida",,"L.","POACEAE Aristida L.","7737","splink","PEUFR","Sendulsky, T.","1125","Native","1971","Schessl, M.","2004","Bronze","Prata",,"Mogi Guaçu","Fazenda Campininha"
"ESTAÇÃO ECOLÓGICA MOGI-GUAÇU","Angiosperms","Poaceae","Aristida","setifolia","Kunth","POACEAE Aristida setifolia Kunth","114139","x","SP","Sendulsky, T.","1125","Native","1971","Wagner, H.M.L.","1988","Bronze","Prata",,"Mogi Guaçu","Fazenda Campininha, Fazenda Campininha"
"ESTAÇÃO ECOLÓGICA MOGI-GUAÇU","Angiosperms","Asteraceae","Chrysolaena","propinqua","(Hieron.) H.Rob.","ASTERACEAE Chrysolaena propinqua var. propinqua (Hieron.) H.Rob.","108696","splink","SP","Mattos, J.","15467","Native","1969","Bianchini, R.S.","2015","Bronze","Prata",,"Mogi Guaçu","Fazenda Campininha, Perto de Pádua Sales"
"ESTAÇÃO ECOLÓGICA MOGI-GUAÇU","Angiosperms","Fabaceae","Mimosa","diplotricha","C.Wright ex Sauvalle","FABACEAE Mimosa diplotricha var. diplotricha C.Wright ex Sauvalle","SP034720","splink","SP","Kuhn, E.","s.n.","Native","1967","Jordao, L.S.B.","2017","Bronze","Prata",,"Mogi Guaçu","Fazenda Campininha"
"ESTAÇÃO ECOLÓGICA MOGI-GUAÇU","Angiosperms","Santalaceae","Phoradendron","quadrangulare","(Kunth) Griseb.","SANTALACEAE Phoradendron quadrangulare (Kunth) Griseb.","153857","splink","SP","Kuhn, E.","s.n.","Native","1966","Mamede, M.C.H.","2023","Bronze","Prata",,"Mogi Guaçu","Fazenda Campininha"
"ESTAÇÃO ECOLÓGICA MOGI-GUAÇU",,"Polygalaceae","Senega","mandonii","(Chodat) J.F.B.Pastore","POLYGALACEAE Senega mandonii (Chodat) J.F.B.Pastore","119494","x","SP","Hoehne, W.","6115",,"1966","Mamede, M.C.H.","2022","Bronze","Prata",,"Mogi Guaçu","Fazenda Campininha"
"ESTAÇÃO ECOLÓGICA MOGI-GUAÇU","Angiosperms","Malvaceae","Sida","caudata","A.St.-Hil. & Naudin","MALVACEAE Sida caudata A.St.-Hil. & Naudin","157968","splink","SP","Mattos, J.","12501","Native","1965","Mamede, M.C.H.","2023","Bronze","Prata",,"Mogi Guaçu","Fazenda Campininha, perto de Pádua Sales"
"ESTAÇÃO ECOLÓGICA MOGI-GUAÇU","Angiosperms","Convolvulaceae","Distimake","hirsutus","(O'Donell) Petrongari & Sim.-Bianch.","CONVOLVULACEAE Distimake hirsutus (O'Donell) Petrongari & Sim.-Bianch.","SPSF00032315","splink","SPSF","Mattos, J.","12226","Native","1965","Baitello, J.B.","2017","Bronze","Prata",,"Mogi Guaçu","Fazenda Campininha."
"ESTAÇÃO ECOLÓGICA MOGI-GUAÇU","Angiosperms","Orchidaceae","Trichocentrum","pumilum","(Lindl.) M.W.Chase & N.H.Williams","ORCHIDACEAE Trichocentrum pumilum (Lindl.) M.W.Chase & N.H.Williams","SP0156120","splink","SP","Mattos, J.","13133","Native","1965","Meneguzzo, T.E.C.","2017","Bronze","Prata",,"Mogi Guaçu","Fazenda Campininha, Perto de Pádua Sales"
"ESTAÇÃO ECOLÓGICA MOGI-GUAÇU","Angiosperms","Asteraceae","Acilepidopsis","echitifolia","(Mart. ex DC.) H.Rob.","ASTERACEAE Acilepidopsis echitifolia (Mart. ex DC.) H.Rob.","156517","splink","SP","Mattos, J.","12272","Native","1965","Bianchini, R.S.","2016","Bronze","Prata",,"Mogi Guaçu","Fazenda Campininha, Perto de Pádua Sales"
"ESTAÇÃO ECOLÓGICA MOGI-GUAÇU","Angiosperms","Poaceae","Setaria","sulcata","Raddi","POACEAE Setaria sulcata Raddi","SP038935","splink","SP","Mattos, J.","12286","Native","1965","Rodrigues, R.S.","2011","Bronze","Prata",,"Mogi Guaçu","Fazenda Campininha, Perto de Padua Sales."
"ESTAÇÃO ECOLÓGICA MOGI-GUAÇU","Angiosperms","Cyperaceae","Scleria","variegata","(Nees) Steud.","CYPERACEAE Scleria variegata (Nees) Steud.","114245","x","SP","Mattos, J.","13188","Native","1965","Araujo, A.C.","2007","Bronze","Prata",,"Mogi Guaçu","Fazenda Campininha, Pádua Sales"
"ESTAÇÃO ECOLÓGICA MOGI-GUAÇU","Angiosperms","Malvaceae","Triumfetta","bartramia","L.","MALVACEAE Triumfetta bartramia L.","115532","splink","SP","Mattos, J.","12231","Native","1965","Maia, B.","1998","Bronze","Prata",,"Mogi Guaçu","Fazenda Campininha, perto de Pádua Sales"
"ESTAÇÃO ECOLÓGICA MOGI-GUAÇU","Angiosperms","Fabaceae","Crotalaria","lanceolata","E.Mey.","FABACEAE Crotalaria lanceolata E.Mey.","84156","splink","SP","Mattos, J.","12509","Native","1965","Filliettaz, A.M.","1997","Bronze","Prata",,"Mogi Guaçu","Perto de Pádua Sales, Fazenda Campininha, perto da Torre, cerrado degradado. Estação Experimental de Mogi Guaçu"
"ESTAÇÃO ECOLÓGICA MOGI-GUAÇU","Angiosperms","Poaceae","Chloris","pycnothrix","Trin.","POACEAE Chloris pycnothrix Trin.","156622","splink","SP","Mattos, J.","13172","Native","1965","Wagner, H.M.L.","1996","Bronze","Prata",,"Mogi Guaçu","Fazenda Campininha, Perto de Pádua Sales."
"ESTAÇÃO ECOLÓGICA MOGI-GUAÇU","Angiosperms","Sapindaceae","Serjania","acoma","Radlk.","SAPINDACEAE Serjania acoma Radlk.","SP046967","splink","SP","Mattos, J.","12279","Native","1965","Vargas, R.A.","1990","Bronze","Prata",,"Mogi Guaçu","Fazenda Campininha, Perto de Pádua Sales."
"ESTAÇÃO ECOLÓGICA MOGI-GUAÇU","Angiosperms","Rubiaceae","Diodia",,"L.","RUBIACEAE Diodia L.","SP0084869","splink","SP","Paula, J.E.","193",,"1965","Jr, J.H.K.","1972","Bronze","Prata",,"Mogi Guaçu","Fazenda Campininha"
"ESTAÇÃO ECOLÓGICA MOGI-GUAÇU","Angiosperms","Cyperaceae","Eleocharis","confervoides","(Poir.) Steud.","CYPERACEAE Eleocharis confervoides (Poir.) Steud.","UB0007786","x","UB","Eiten, G.","5668","Native","1964","Alves, M.",,"Bronze","Prata",,"Mogi Guaçu","Campos das Sete Lagoas. 4km NNW of Pádua Sales"
"ESTAÇÃO ECOLÓGICA MOGI-GUAÇU","Angiosperms","Cyperaceae","Eleocharis","maculosa","(Vahl) Roem. & Schult.","CYPERACEAE Eleocharis maculosa (Vahl) Roem. & Schult.","FLOR0072241","splink","FLOR","Eiten, G.","5634","Native","1964","Nunes, C.S.",,"Bronze","Prata",,"Mogi Guaçu","""Campos das Sete Lagoas"". Fazenda Campininha, just north of Rio Moji-Guaçu. 3.7 km NNW of Padua Sales (about 27 km NW of city of Moji-Mirim)."
"ESTAÇÃO ECOLÓGICA MOGI-GUAÇU","Angiosperms","Lentibulariaceae","Utricularia",,"L.","LENTIBULARIACEAE Utricularia L.","UB1244131",,"UB","Eiten, G.","5703","Native","1964","Haynes, R.R.",,"Bronze","Prata",,"Mogi Guaçu","Campos das Sete Lagoas. Fazenda Campininha, just north of Rio Mogi-Guaçu. 11km NNE of Pádua Sales."
"ESTAÇÃO ECOLÓGICA MOGI-GUAÇU","Angiosperms","Rapateaceae","Cephalostemon","gracilis","(Poepp. & Endl.) R.H.Schomb.","RAPATEACEAE Cephalostemon gracilis (Poepp. & Endl.) R.H.Schomb.","NY01066326","x","NY","Eiten, G.","5671","Native","1964","Maguire, B.",,"Bronze","Prata",,"Mogi Guaçu","Campos das Sete Lagôas"". Fazenda Campininha, just north of Rio Moji-Guaçu. 4.0 km NNW of Padua Sales. (About 27 km NW of city of Moji-Mirim)"
"ESTAÇÃO ECOLÓGICA MOGI-GUAÇU","Angiosperms","Cyperaceae","Eleocharis","capillacea","Kunth","CYPERACEAE Eleocharis capillacea Kunth","321639","splink","SP","Eiten, G.","5667","Naturalized","1964","Farias, D.C.","2024","Bronze","Prata",,"Mogi Guaçu","Fazenda Campininha"
"ESTAÇÃO ECOLÓGICA MOGI-GUAÇU","Angiosperms","Cyperaceae","Eleocharis","loefgreniana","Boeckeler","CYPERACEAE Eleocharis loefgreniana Boeckeler","UB0008089","splink","UB","Eiten, G.","5663","Native","1964","Nunes, C.S.","2024","Bronze","Prata",,"Mogi Guaçu","""Campos das Sete Lagoas"". Fazenda Campininha, just north of Rio Moji-Guaçu. 4 km. NNW of Padua Sales. (About 27 km. NW of city of Moji-Guaçu)."
"ESTAÇÃO ECOLÓGICA MOGI-GUAÇU","Angiosperms","Cyperaceae","Eleocharis","filiculmis","Kunth","CYPERACEAE Eleocharis filiculmis Kunth","552625","splink","SP","Eiten, G.","5650","Native","1964","Nunes, C.S.","2022","Bronze","Prata",,"Mogi Guaçu","Fazenda Campininha"
"ESTAÇÃO ECOLÓGICA MOGI-GUAÇU","Angiosperms","Verbenaceae","Lantana","tiliaefolia","Cham.","VERBENACEAE Lantana tiliaefolia Cham.","MO1252275","x","MO","Eiten, G.","5629","Native","1964","Liesner, R.","2013","Bronze","Prata",,"Mogi Guaçu","Moji-Guaçu: """"Campos das Sete Lagôas"""". Fazenda Campininha, just north of Rio Moji-Guaçu. 3.7 km. NNW of Padua Sales. (About 27 km. NW of city of Moji-Mirim). Campo cerrado (a type of scrubby woodland originally) on upland, or very rarely forest. Open marsh or dense secondary forest (""""mata"""") along the streams. Area once covered with gallery forest, now cleared and forming a brushy field with shrubs to 2 m tall, plus thick growth of molassas grass. 22º11-18'S., 47º7-10;W."
"ESTAÇÃO ECOLÓGICA MOGI-GUAÇU","Angiosperms","Rapateaceae","Cephalostemon","riedelianus","Körn.","RAPATEACEAE Cephalostemon riedelianus Körn.","SP052423","splink","SP","Eiten, G.","5671","Native","1964","Arce, D.V.","2001","Bronze","Prata",,"Mogi Guaçu","Fazenda Campininha, Pádua Sales"
"ESTAÇÃO ECOLÓGICA MOGI-GUAÇU","Angiosperms","Anacardiaceae","Tapirira",,"Aubl.","ANACARDIACEAE Tapirira Aubl.","UB00113605","x","UB","Gomes Junior, J.C.","1427","Native","1963","Proenca, C.E.B.","1995","Bronze","Prata",,"Mogi Guaçu","Fazenda Campininha."
"ESTAÇÃO ECOLÓGICA MOGI-GUAÇU","Angiosperms","Eriocaulaceae","Paepalanthus","lundii","Körn.","ERIOCAULACEAE Paepalanthus lundii Körn.","UB0013376","x","UB","Eiten, G.","5106","Naturalized","1962","Trovo, M.L.O.",,"Bronze","Prata",,"Mogi Guaçu","Campos das Sete Lagoas. Fazenda Campininha, just north of Rio Mogi Guaçu. 4km NNW of Pádua Sales"
"ESTAÇÃO ECOLÓGICA MOGI-GUAÇU","Angiosperms","Cyperaceae","Rhynchospora","rupestris","A.C.Araújo & W.W.Thomas","CYPERACEAE Rhynchospora rupestris A.C.Araújo & W.W.Thomas","UB0010565","splink","UB","Eiten, G.","5103","Native","1962","Alves, K.","2022","Bronze","Prata",,"Mogi Guaçu","""Campos das Sete Lagoas"". Fazenda Campininha, just of Rio Mogi Guaçu. 4km NNW of Padua Sales (About 27km NW of city Mogi Mirim)."
"ESTAÇÃO ECOLÓGICA MOGI-GUAÇU","Angiosperms","Cyperaceae","Bulbostylis","fimbriata","(Nees) C.B.Clarke","CYPERACEAE Bulbostylis fimbriata (Nees) C.B.Clarke","UB0004483","splink","UB","Eiten, G.","5112","Native","1962","Lopez, G.","2016","Bronze","Prata",,"Mogi Guaçu","""Campos das Sete Lagoas"". Fazenda Campininha, just north of Rio Mogi-Guaçu. 4 km NNW of Padua Sales. (About 27 km NW of city of Moji-Mirim.)."
"ESTAÇÃO ECOLÓGICA MOGI-GUAÇU","Ferns and Lycophytes","Cyperaceae","Scleria","mitis","P.J.Bergius","CYPERACEAE Scleria mitis P.J.Bergius","RON00026164","splink","RON","Eiten, G.","5046","Native","1962","Almeida, R.F.","2011","Bronze","Prata",,"Mogi Guaçu","""Campos das Sete Lagoas"". Fazenda Campininha, just north of Rio Moji-Guaçu, 1.8 km NNW of Padua Sales. (about 27 km NW of city of Moji-Mirim)., Mogi Guaçu, São Paulo, Brasil"
"ESTAÇÃO ECOLÓGICA MOGI-GUAÇU","Angiosperms","Polypodiaceae","Serpocaulon","latipes","(Langsd. & Fisch.) A.R. Sm.","POLYPODIACEAE Serpocaulon latipes (Langsd. & Fisch.) A.R. Sm.","UB00034789","x","UB","Eiten, G.","5063","Native","1962","Sehnem, A.","1976","Bronze","Prata",,"Mogi Guaçu","Campos das Sete Lagoas. Fazenda Campininha, just N of rio Moji-Guaçu; 6,6 km NNW of Pádua Sales. About 27 km NW of city of Moji-Mirim."
"ESTAÇÃO ECOLÓGICA MOGI-GUAÇU","Angiosperms","Asteraceae","Conyza","sumatrensis","(Retz.) E.Walker","ASTERACEAE Conyza sumatrensis (Retz.) E.Walker","3317609","x","MO","Eiten, G.","3516","Native","1961","(Vars. ), M.I.)",,"Bronze","Prata",,"Mogi Guaçu","Municipio de Moji-Guacu: ""Campos das Sete Lagôas"". /Fazenda Campininha, just north of Rio Moji-guacu. 1.8 km. NNW of Padua Sales. (About 27 km. NW of city of MOJI-MIRIM). General vegetation: campo cerrado (a type of scrubby woodland originally) on upland, or very rarely forest. Open marsh or dense secondary forest ('mata"") along the streams."
"ESTAÇÃO ECOLÓGICA MOGI-GUAÇU","Angiosperms","Chrysobalanaceae","Leptobalanus","octandrus","(Hoffmanns. ex Roem. & Schult.) Sothers & Prance","CHRYSOBALANACEAE Leptobalanus octandrus subsp. octandrus (Hoffmanns. ex Roem. & Schult.) Sothers & Prance","78778","splink","SP","Eiten, G.","3252","Native","1961","Mamede, M.C.H.","2022","Bronze","Prata",,"Mogi Guaçu","Fazenda Campininha"
"ESTAÇÃO ECOLÓGICA MOGI-GUAÇU","Angiosperms","Fabaceae","Cerradicola",,"L.P.Queiroz","FABACEAE Cerradicola L.P.Queiroz","RB00177072","x","RB","Mattos Filho, A.","130",,"1961","Oliveira, A.C.S.","2022","Bronze","Prata",,"Mogi Guaçu","Faz. Campininha, a 10 km de Padua Sales."
"ESTAÇÃO ECOLÓGICA MOGI-GUAÇU","Angiosperms","Polygalaceae","Asemeia","hirsuta","(A.St.-Hil. & Moq.) J.F.B.Pastore & J.R.Abbott","POLYGALACEAE Asemeia hirsuta (A.St.-Hil. & Moq.) J.F.B.Pastore & J.R.Abbott","78800","splink","SP","Eiten, G.","2613","Naturalized","1961","Mamede, M.C.H.","2022","Bronze","Prata",,"Mogi Guaçu","Fazenda Campininha"
"ESTAÇÃO ECOLÓGICA MOGI-GUAÇU","Angiosperms","Fabaceae","Senna","pilifera","(S.Moore) H.S.Irwin & Barneby","FABACEAE Senna pilifera var. subglabra (S.Moore) H.S.Irwin & Barneby","RB00147751","x","RB","Mattos, A.","131","Native","1961","Rosignoli-Oliveira, L.G.","2017","Bronze","Prata",,"Mogi Guaçu","Fazenda Campininha."
"ESTAÇÃO ECOLÓGICA MOGI-GUAÇU","Angiosperms","Rubiaceae","Borreria","argentea","Cham.","RUBIACEAE Borreria argentea Cham.","SP0064848","splink","SP","Mattos, J.","9639","Native","1961","Mamede, M.C.H.","2008","Bronze","Prata",,"Mogi Guaçu","Fazenda Campininha, Perto de Pádua Sales"
"ESTAÇÃO ECOLÓGICA MOGI-GUAÇU","Angiosperms","Connaraceae","Connarus","blanchetii","Planch.","CONNARACEAE Connarus blanchetii Planch.","139207","splink","SP","Eiten, G.","3550","Native","1961","Costa, J.","2007","Bronze","Prata",,"Mogi Guaçu","Fazenda Campininha"
"ESTAÇÃO ECOLÓGICA MOGI-GUAÇU","Angiosperms","Fabaceae","Chamaecrista","multiseta","(Benth.) H.S.Irwin & Barneby","FABACEAE Chamaecrista multiseta (Benth.) H.S.Irwin & Barneby","64616","splink","SP","Mattos, J.R.","9001","Native","1961","Mamede, M.C.H.","2007","Bronze","Prata",,"Mogi Guaçu","Estação Experimental de Mogi Guaçu. Fazenda Campininha, perto de Pádua Sales, bordo de cerradão além da torre"
"ESTAÇÃO ECOLÓGICA MOGI-GUAÇU","Angiosperms","Asteraceae","Aldama","squalida","(S.Moore) E.E.Schill. & Panero","ASTERACEAE Aldama squalida (S.Moore) E.E.Schill. & Panero","UB1024420",,"UB","Eiten, G.","3528","Native","1961","Magenta, M.","2002","Bronze","Prata",,"Mogi Guaçu","Campos das Sete Lagoas, Fazenda Campininha, just north of Rio Moji-Guaçu. 6,2km NNW of Pádua Sales. (About 27km NW of city of Moji-Mirim)."
"ESTAÇÃO ECOLÓGICA MOGI-GUAÇU",,"Talinaceae","Talinum","paniculatum","(Jacq.) Gaertn.","TALINACEAE Talinum paniculatum (Jacq.) Gaertn.","64811","splink","SP","Mattos, J.","9670",,"1961","Rodrigues, M.I.A.","1999","Bronze","Prata",,"Mogi Guaçu","Fazenda Campininha"
"ESTAÇÃO ECOLÓGICA MOGI-GUAÇU","Angiosperms","Poaceae","Axonopus","chrysoblepharis","(Lag.) Chase","POACEAE Axonopus chrysoblepharis (Lag.) Chase","64600","splink","SP","Mattos, J.","8983",,"1961","Wagner, H.M.L.","1998","Bronze","Prata",,"Mogi Guaçu","Fazenda Campininha, Perto de Pádua Sales. 1km NE da sede."
"ESTAÇÃO ECOLÓGICA MOGI-GUAÇU","Angiosperms","Asteraceae","Lessingianthus","farinosus","(Baker) H.Rob.","ASTERACEAE Lessingianthus farinosus (Baker) H.Rob.","3346492","splink","MO","Eiten, G.","2568","Native","1961","Jones, S.B.","1981","Bronze","Prata",,"Mogi Guaçu","Municipio de Moji-Guacu: ""Campos das Sete Lagôas"". Fazenda Campininha, just north of Rio Moji-Guacu. 6.6 km. NNW of PADUA SALES. (About 27 km. NW of city of MOJI-MIRIM.) General vegetation: campo cerrado on upland (or ocasionally forest). Open march or dense secondary forest along streams. This habitat: degraded campo cerrado. Well-scattered low shrubs twisted by former fires, giving a savanna-like aspect. Ground cover of grasses & herbs. Soil poor, reddish-brown fine sand with a little caly. Burned previous year."
"ESTAÇÃO ECOLÓGICA MOGI-GUAÇU","Angiosperms","Cyperaceae","Cyperus","sellowianus","(Kunth) T.Koyama","CYPERACEAE Cyperus sellowianus (Kunth) T.Koyama","UB0009089","x","UB","Eiten, G.","2705","Unknown","1961","Eiten, L.T.","1971","Bronze","Prata",,"Mogi Guaçu","Campos de Sete Lagoas. Fazenda Campininha, just north of rio Moji-Guaçu 3.7Km NNW of Pádua Sales (About 27Km NW of city of Mogi-Mirim)General vegetation: campo cerrado (a type of scrubby woodland originally) on upland, or very rarely forest. Open m"
"ESTAÇÃO ECOLÓGICA MOGI-GUAÇU","Angiosperms","Bignoniaceae","Fridericia","speciosa","Mart.","BIGNONIACEAE Fridericia speciosa Mart.","64831","x","SP","Mattos, J.","9637","Native","1961","Mattos, J.","1967","Bronze","Prata",,"Mogi Guaçu","Fazenda Campininha, Perto de Pádua Sales"
"ESTAÇÃO ECOLÓGICA MOGI-GUAÇU","Angiosperms","Chrysobalanaceae","Leptobalanus","octandrus","(Hoffmanns. ex Roem. & Schult.) Sothers & Prance","CHRYSOBALANACEAE Leptobalanus octandrus (Hoffmanns. ex Roem. & Schult.) Sothers & Prance","UB1009967",,"UB","Eiten, G.","3252","Native","1961","Gomes, J.C.","1964","Bronze","Prata",,"Mogi Guaçu","Campos das Sete Lagoas. Fazenda Campininha."
"ESTAÇÃO ECOLÓGICA MOGI-GUAÇU","Angiosperms","Anemiaceae","Anemia","raddiana","Link","ANEMIACEAE Anemia raddiana Link","NY00807501","splink","NY","Eiten, G.","3249","Native","1961","Morton, C.V.","1962","Bronze","Prata",,"Mogi Guaçu","""Campos das Sete Lagôas"". Fazenda Campininha, just N of Rio Moji-Guaçu. 6.6km NNW of Padua Sales. (About 27km NW of city of Moji-Mirim)."
"ESTAÇÃO ECOLÓGICA MOGI-GUAÇU","Angiosperms","Cyperaceae","Fimbristylis","autumnalis","(L.) Roem. & Schult.","CYPERACEAE Fimbristylis autumnalis (L.) Roem. & Schult.","UB0008514","splink","UB","Eiten, G.","2715","Native","1961","Eiten, L.T.","1962","Bronze","Prata",,"Mogi Guaçu","""Campos das Sete Lagoas"". Fazenda Campininha, just north of Rio Moji-Guaçu. 3,7 km NNW of Padua Sales. (About 27 km NW of city of Moji-Mirim.)."
"ESTAÇÃO ECOLÓGICA MOGI-GUAÇU","Angiosperms","Araceae","Thaumatophyllum","undulatum","(Engl.) Sakur., Calazans & Mayo","ARACEAE Thaumatophyllum undulatum (Engl.) Sakur., Calazans & Mayo","US 2963924","x","US","Eiten, G.","s.n.","Native","1960","Strong, M.T.",,"Bronze","Prata",,"Mogi Guaçu","Campos das Sete Lagoas. Fazenda Campininha, just north of Rio Moji-Guaçu. 2.8 Km NNW of Pádua Sales. About 27 Km NW of city of Moji-Mirim"
"ESTAÇÃO ECOLÓGICA MOGI-GUAÇU","Angiosperms","Asteraceae","Eupatorium",,"L.","ASTERACEAE Eupatorium L.","V106447","x","UBC","Eiten, G.","1906","Native","1960","Wurdack, J.J.",,"Bronze","Prata",,"Mogi Guaçu","Municipio de moji-guacu, campos das sete lagoas, fazenda campininha, just north of Rio moji-guacu, -4 km north northwest of padua sales"
"ESTAÇÃO ECOLÓGICA MOGI-GUAÇU","Angiosperms","Cyperaceae","Cyperus","hortensis","(Salzm. ex Steud.) Dorr","CYPERACEAE Cyperus hortensis (Salzm. ex Steud.) Dorr","US02238974","splink","US","Eiten, G.","1967","Native","1960","Strong, M.T.",,"Bronze","Prata",,"Mogi Guaçu","Municipio de Moji-Guacu: ""Campos das Sete Lagoas"", Fazenda Campininha, just north of Rio Moji-Guacu, 3.7 km NNW of Padua Sales (about 27 km NW of city of Moji-Mirim)"
"ESTAÇÃO ECOLÓGICA MOGI-GUAÇU","Angiosperms","Cyperaceae","Cyperus","lipomexicanus","Goetgh.","CYPERACEAE Cyperus lipomexicanus Goetgh.","US02240091","splink","US","Eiten, G.","1969","Native","1960","Strong, M.T.",,"Bronze","Prata",,"Mogi Guaçu","Municipio de Moji-Guacu: ""Campos das Sete Lagoas"", Fazenda Campininha, just north of Rio Moji-Guacu, 3.7 km NNW of Padua Sales, (about 27 km. NW of city of Moji-Mirim), campo cerrado, side of brook in water or in soaking soil alongside"
"ESTAÇÃO ECOLÓGICA MOGI-GUAÇU","Angiosperms","Cyperaceae","Rhynchospora","albobracteata","A.C.Araújo","CYPERACEAE Rhynchospora albobracteata A.C.Araújo","15909","x","FUEL","Eiten, G.","2332","Native","1960","Eiten, L.T.",,"Bronze","Prata",,"Mogi Guaçu","Fazenda Campininha, 3,1 km NNW of Pádua Sales, on gentle slope in front of main house"
"ESTAÇÃO ECOLÓGICA MOGI-GUAÇU","Angiosperms","Fabaceae","Zornia","pardina","Mohlenbr.","FABACEAE Zornia pardina Mohlenbr.","K000624364","splink","K","Eiten, G.","1769","Native","1960","Fortuna-Perez, A.P.",,"Bronze","Prata",,"Mogi Guaçu","Flora of Brazil. State of São Paulo. Municipio de Mogi Guaçu: 'Campos de Sete Lagoas'. Fazenda Campininha, just north of Rio Moji-Guacu. 10 km NNE of padua Sales. (About 27 km NW of city of Moji-Mirim.)."
"ESTAÇÃO ECOLÓGICA MOGI-GUAÇU","Angiosperms","Malpighiaceae","Heteropterys","orinocensis","(Kunth) A.Juss.","MALPIGHIACEAE Heteropterys orinocensis (Kunth) A.Juss.","NY00475733","splink","NY","Eiten, G.","2200","Native","1960","Wurdack, J.J.",,"Bronze","Prata",,"Mogi Guaçu","""Campos das Sete Lagôas"". Fazenda Campininha, just north of Rio Moji-Guaçú. 4 km NNW of Padua Sales (About 27 km NW of city of Moji-Mirim)"
"ESTAÇÃO ECOLÓGICA MOGI-GUAÇU","Angiosperms","Lamiaceae","Leonurus","japonicus","Houtt.","LAMIACEAE Leonurus japonicus Houtt.","SP0075055","splink","SP","Eiten, G.","1726","Native","1960","Mamede, M.C.H.","2025","Bronze","Prata",,"Mogi Guaçu","Fazenda Campininha"
"ESTAÇÃO ECOLÓGICA MOGI-GUAÇU","Angiosperms","Cyperaceae","Cyperus","polystachyos","Rottb.","CYPERACEAE Cyperus polystachyos Rottb.","UB1069431","splink","UB","Eiten, G.","1978","Native","1960","Pereira-Silva, L.","2023","Bronze","Prata",,"Mogi Guaçu","""Campos das Sete Lagoas"". Fazenda Campininha, just north of Rio Moji-Guaçu. 3.7 km. NNW of Padua Sales. (About 27 km. NW of city Moji-Mirim)."
"ESTAÇÃO ECOLÓGICA MOGI-GUAÇU","Angiosperms","Fabaceae","Crotalaria",,"L.","FABACEAE Crotalaria L.","K000893238","x","K","Eiten, G.","2362",,"1960","Administrador","2020","Bronze","Prata",,"Mogi Guaçu","Campos das Sete Lagôas. Fazenda Campininha, just north of Rio Moji-Guaçu. 3.5 km NNW of Padua Sales. (About 27km NW of city of Moji-Mirim). 100 meters north of main house."
"ESTAÇÃO ECOLÓGICA MOGI-GUAÇU","Angiosperms","Cyperaceae","Rhynchospora","elegantula","Maury","CYPERACEAE Rhynchospora elegantula Maury","77100","splink","SP","Mattos, J.R.","8560","Native","1960","Silva Filho, P.J.S.","2017","Bronze","Prata",,"Mogi Guaçu","Fazenda Campininha, 3 km NNW de Pádua Sales"
"ESTAÇÃO ECOLÓGICA MOGI-GUAÇU","Angiosperms","Asteraceae","Aldama","goyazii","E.E.Schill. & Panero","ASTERACEAE Aldama goyazii E.E.Schill. & Panero","75378","splink","SP","Mattos, J.R.","8534","Native","1960","Bianchini, R.S.","2015","Bronze","Prata",,"Mogi Guaçu","Fazenda Campininha, 2 km NNW de Padua Sales"
"ESTAÇÃO ECOLÓGICA MOGI-GUAÇU","Angiosperms","Cyperaceae","Fimbristylis",,"Vahl","CYPERACEAE Fimbristylis Vahl","UB0008530","splink","UB","Eiten, G.","1945","Native","1960","Alves, M.","2015","Bronze","Prata",,"Mogi Guaçu","""Campos das Sete Lagoas"". Fazenda Campininha, just north of Rio Moji-Guaçu. 3,7 km NNW of Padua Sales. (About 27 km NW of city of Moji-Mirim.)."
"ESTAÇÃO ECOLÓGICA MOGI-GUAÇU","Angiosperms","Fabaceae","Mimosa","dolens","Vell.","FABACEAE Mimosa dolens Vell.","88290","x","HAS","Mattos, J.","311","Native","1960","Schmidt-Silveira, F.","2015","Bronze","Prata",,"Mogi Guaçu","Fazenda Campininha, em clareira da mata à direita da Av. de Eucalyptus ao chegar à Sede"
"ESTAÇÃO ECOLÓGICA MOGI-GUAÇU",,"Lentibulariaceae","Utricularia","nervosa","Weber ex Benj.","LENTIBULARIACEAE Utricularia nervosa Weber ex Benj.","UB1241325",,"UB","Eiten, G.","2333",,"1960","Donza, A.","2015","Bronze","Prata",,"Mogi Guaçu","""Campos das Sete Lagôas"". Fazenda Campininha, just north of Rio Moji-Guaçu. 3.2 km NNW of Padua Sales (about 27 km NW of city of Moji-Mirim)."
"ESTAÇÃO ECOLÓGICA MOGI-GUAÇU","Angiosperms","Myrtaceae","Eugenia","anomala","D.Legrand","MYRTACEAE Eugenia anomala D.Legrand","SP056949","splink","SP","Mattos, J.","s.n.","Native","1960","Jr, J.E.Q.F.","2014","Bronze","Prata",,"Mogi Guaçu","Fazenda Campininha. No cerrado."
"ESTAÇÃO ECOLÓGICA MOGI-GUAÇU","Angiosperms","Poaceae","Axonopus","fissifolius","(Raddi) Kuhlm.","POACEAE Axonopus fissifolius (Raddi) Kuhlm.","77363","splink","SP","Eiten, G.","1948",,"1960","Rodrigues, R.S.","2013","Bronze","Prata",,"Mogi Guaçu","Fazenda Campininha, ""Campos das Sete Lagoas"". Fazenda campininha, just north of Rio Mogi-Guaçu. 3,7 km NNW of Pádua Sales. (About 27 km NW of city of Mogi-Mirim.)"
"ESTAÇÃO ECOLÓGICA MOGI-GUAÇU",,"Oxalidaceae","Oxalis","corniculata","L.","OXALIDACEAE Oxalis corniculata L.","UB1273159",,"UB","Eiten, G.","1696",,"1960","Queiroz, V.V.","2012","Bronze","Prata",,"Mogi Guaçu","""Campos das Sete Lagoas"". Fazenda Campininha, just north of Rio Mogi Guaçu. 3,4 km. NNW of Padua Sales. (About 27 km. NW of city of Mogi Mirim)."
"ESTAÇÃO ECOLÓGICA MOGI-GUAÇU",,"Mayacaceae","Mayaca","fluviatilis","Aubl.","MAYACACEAE Mayaca fluviatilis Aubl.","NY00413662","splink","NY","Eiten, G.","1936",,"1960","Carvalho, M.L.S.","2006","Bronze","Prata",,"Mogi Guaçu","""Campos das Sete Lagôas"". Fazenda Campininha, just north of Rio Moji-Guaçu. 3.7 km NNW of Padua Sales (About 27 km NW of city o Moji-Mirim)"
"ESTAÇÃO ECOLÓGICA MOGI-GUAÇU","Angiosperms","Mayacaceae","Mayaca","sellowiana","Kunth","MAYACACEAE Mayaca sellowiana Kunth","NY00413681","splink","NY","Eiten, G.","2293","Native","1960","Carvalho, M.L.S.","2006","Bronze","Prata",,"Mogi Guaçu","""Campos das Sete Lagoas"". Fazenda Campininha, just north of Rio Mogi-Guaçú. 3.6 km NNW of Padua Sales (About 27 km NW of City of Mogi-Mirim)"
"ESTAÇÃO ECOLÓGICA MOGI-GUAÇU","Angiosperms","Portulacaceae","Portulaca","oleracea","L.","PORTULACACEAE Portulaca oleracea L.","82197","x","HAS","Mattos, J.","25087a","Native","1960","Oliveira, A.","2006","Bronze","Prata",,"Mogi Guaçu","Fazenda Campininha"
"ESTAÇÃO ECOLÓGICA MOGI-GUAÇU",,"Polypodiaceae","Serpocaulon","fraxinifolium","(Jacq.) A.R.Sm.","POLYPODIACEAE Serpocaulon fraxinifolium (Jacq.) A.R.Sm.","UB00034771","x","UB","Mattos, J.R.","8234",,"1960","Pietrobom, M.R.","2005","Bronze","Prata",,"Mogi Guaçu","Fazenda Campininha, 3 km NNW de Pádua Sales."
"ESTAÇÃO ECOLÓGICA MOGI-GUAÇU",,,"Indet",,"Juss.","NA Indet. sp. Juss.","2988145","splink","MO","Mattos, J.R.","8525",,"1960","Lombardi, J.A.","2000","Bronze","Prata",,"Mogi Guaçu","Municipio de Moji-Cuacu; Fazenda Campininha, 2 km NNW de Padua Sales. Dentro de um capao d emata."
"ESTAÇÃO ECOLÓGICA MOGI-GUAÇU","Angiosperms","Piperaceae","Piper","subcinereum","C.DC.","PIPERACEAE Piper subcinereum C.DC.","15905","splink","FUEL","Mattos, J.R.","8233","Native","1960","Goncalves, E.G.","2000","Bronze","Prata",,"Mogi Guaçu","Fazenda Campininha, 3km N.W. de Padua Sales"
"ESTAÇÃO ECOLÓGICA MOGI-GUAÇU","Angiosperms","Siparunaceae","Siparuna","tomentosa","(Ruiz & Pav.) A.DC.","SIPARUNACEAE Siparuna tomentosa (Ruiz & Pav.) A.DC.","SP047977","splink","SP","Mattos, J.","8217","Native","1960","Pignal, M.","2000","Bronze","Prata",,"Mogi Guaçu","Fazenda Campininha, 3 km NNW de Pádua Sales."
"ESTAÇÃO ECOLÓGICA MOGI-GUAÇU","Angiosperms","Poaceae","Sorghastrum","stipoides","(Kunth) Nash","POACEAE Sorghastrum stipoides (Kunth) Nash","75173","x","SP","Mattos, J.R.","8242","Native","1960","Lerina, R.","1999","Bronze","Prata",,"Mogi Guaçu","Fazenda Campininha, 3-3,2 km NNW de PÃ¡dua Sales."
"ESTAÇÃO ECOLÓGICA MOGI-GUAÇU","Angiosperms","Lentibulariaceae","Utricularia","cucullata","A.St.-Hil. & Girard","LENTIBULARIACEAE Utricularia cucullata A.St.-Hil. & Girard","75057","splink","SP","Eiten, G.","1751","Native","1960","Correa, M.A.","1997","Bronze","Prata",,"Mogi Guaçu","Fazenda Campininha"
"ESTAÇÃO ECOLÓGICA MOGI-GUAÇU","Angiosperms","Lentibulariaceae","Utricularia","trichophylla","Spruce ex Oliv.","LENTIBULARIACEAE Utricularia trichophylla Spruce ex Oliv.","75077","splink","SP","Eiten, G.","1752","Native","1960","Correa, M.A.","1994","Bronze","Prata",,"Mogi Guaçu","Fazenda Campininha, Campos de Sete Lagoas, ca. 4 km NNW of Padua Sales. In water at edge of stream that divides marsh from cerrado"
"ESTAÇÃO ECOLÓGICA MOGI-GUAÇU","Angiosperms","Poaceae","Aristida","jubata","(Arechav.) Herter","POACEAE Aristida jubata (Arechav.) Herter","75146","splink","SP","Mattos, J.R.","8296","Native","1960","Wagner, H.M.L.","1988","Bronze","Prata",,"Mogi Guaçu","Fazenda Campininha, 3,2 -3,4 km NNW de Padua Sales. Em frente a sede"
"ESTAÇÃO ECOLÓGICA MOGI-GUAÇU",,"Fabroniaceae","Fabronia","ciliaris","(Brid.) Brid.","FABRONIACEAE Fabronia ciliaris (Brid.) Brid.","UB1199520",,"UB","Eiten, G.","1916",,"1960","Hobinson, H.","1969","Bronze","Prata",,"Mogi Guaçu","""Campos das Sete Lagoas"". Fazenda Campininha, just north of Rio Moji-Guaçu. 3,4 km NNW of Padua Sales. (About 27 km NW of city of Moji-Mirim.)."
"ESTAÇÃO ECOLÓGICA MOGI-GUAÇU","Angiosperms","Fabroniaceae","Fabronia","ciliaris","(Hook.) W.R. Buck","FABRONIACEAE Fabronia ciliaris var. polycarpa (Hook.) W.R. Buck","UB1199520","splink","UB","Eiten, G.","1916","Native","1960","Hobinson, H.","1969","Bronze","Prata",,"Mogi Guaçu","""Campos das Sete Lagoas"". Fazenda Campininha, just north of Rio Moji-Guaçu. 3,4 km NNW of Padua Sales. (About 27 km NW of city of Moji-Mirim.)."
"ESTAÇÃO ECOLÓGICA MOGI-GUAÇU","Angiosperms","Rutaceae","Citrus",,"(L.) Osbeck","RUTACEAE Citrus ×limon (L.) Osbeck","UB1334576","splink","UB","Eiten, G.","1928","Native","1960","Moore, H.E.","1968","Bronze","Prata",,"Mogi Guaçu","""Campos das Sete Lagoas"". Fazenda Campininha, just north of Rio Moji-Guaçu. 3,4km NNW of Padua Sales."
"ESTAÇÃO ECOLÓGICA MOGI-GUAÇU","Ferns and Lycophytes","Asteraceae","Porophyllum","ruderale","(Jacq.) Cass.","ASTERACEAE Porophyllum ruderale (Jacq.) Cass.","77247","splink","SP","Eiten, G.","1721","Native","1960","Coleman, J.R.","1967","Bronze","Prata",,"Mogi Guaçu","Fazenda Campininha, ""Campos de Sete Lagoas"". Just north of Rio Mogi Guaçu. Ca. 4 km NNW of Padua Sales"
"ESTAÇÃO ECOLÓGICA MOGI-GUAÇU","Angiosperms","Anacardiaceae","Lithraea","molleoides","(Vell.) Engl.","ANACARDIACEAE Lithraea molleoides (Vell.) Engl.","79574","splink","SP","Mattos, J.R.","8524","Native","1960","Mattos, J.","1966","Bronze","Prata",,"Mogi Guaçu","Fazenda Campininha, 2 km NNW de Pádua Sales"
"ESTAÇÃO ECOLÓGICA MOGI-GUAÇU","Angiosperms","Orthotrichaceae","Schlotheimia","rugifolia","(Hook.) Schwägr.","ORTHOTRICHACEAE Schlotheimia rugifolia (Hook.) Schwägr.","NY02120319","splink","NY","Eiten, G.","2112","Native","1960","Crum, H.A.","1964","Bronze","Prata",,"Mogi Guaçu","""Campos das Sete Lagôas"". Fazenda Campininha, just north of Rio Moji-Guaçu. 6.3 km N of Padua Sales. (About 27 km NW of city of Moji-Mirim.)"
"ESTAÇÃO ECOLÓGICA MOGI-GUAÇU","Angiosperms","Cyperaceae","Rhynchospora","emaciata","(Nees) Boeckeler","CYPERACEAE Rhynchospora emaciata (Nees) Boeckeler","UB0011227","x","UB","Mattos, J.R.","8560","Native","1960","Eiten, L.T.","1962","Bronze","Prata",,"Mogi Guaçu","Fazenda Campininha, 3 km NNW de Padua Sales."
"ESTAÇÃO ECOLÓGICA MOGI-GUAÇU","Angiosperms","Cyperaceae","Rhynchospora","polyantha","Steud.","CYPERACEAE Rhynchospora polyantha Steud.","UB0010810","x","UB","Mattos, J.R.","8562","Native","1960","Eiten, L.T.","1962","Bronze","Prata",,"Mogi Guaçu","Fazenda Campininha, 3 km NNW de Padua Sales."
"ESTAÇÃO ECOLÓGICA MOGI-GUAÇU","Angiosperms","Cyperaceae","Rhynchospora","polyphylla","(Vahl) Vahl","CYPERACEAE Rhynchospora polyphylla (Vahl) Vahl","UB0010355","x","UB","Mattos, R.","8480","Native","1960","Eiten, L.T.","1962","Bronze","Prata",,"Mogi Guaçu","Fazenda Campininha, 7 km NNW de Padua Sales."
"ESTAÇÃO ECOLÓGICA MOGI-GUAÇU","Angiosperms","Cyperaceae","Scleria","macrophylla","J.Presl & C.Presl","CYPERACEAE Scleria macrophylla J.Presl & C.Presl","UB00330714","x","UB","Eiten, G.","2358","Native","1960","Eiten, L.T.","1962","Bronze","Prata",,"Mogi Guaçu","Campos das Sete Lagoas. Fazenda Campininha, just north of Rio Mogi Guaçu. 2.8 km NNW of Padua Sales. (About 27 km. NW of city of Mogi Mirim)."
"ESTAÇÃO ECOLÓGICA MOGI-GUAÇU","Angiosperms","Xyridaceae","Xyris","caroliniana","Walter","XYRIDACEAE Xyris caroliniana Walter","NY00503159","splink","NY","Mattos, J.R.","8557","Native","1960","Smith, L.B.","1962","Bronze","Prata",,"Mogi Guaçu","Fazenda Campininha. 3 km NNW de Padua Sales."
"ESTAÇÃO ECOLÓGICA MOGI-GUAÇU",,"Asteraceae","Senecio","brasiliensis","(Spreng.) Less.","ASTERACEAE Senecio brasiliensis (Spreng.) Less.","76898","splink","SP","Eiten, G.","2277",,"1960","Wurdack, J.J.","1961","Bronze","Prata",,"Mogi Guaçu","Fazenda Campininha, ""Campos das Sete Lagoas"", just north of Rio Mogi Guaçu. 10 km NNE of Pádua Sales"
"ESTAÇÃO ECOLÓGICA MOGI-GUAÇU","Angiosperms","Ochnaceae","Sauvagesia","erecta","L.","OCHNACEAE Sauvagesia erecta L.","76828","splink","SP","Eiten, G.","1930","Native","1960","Wurdack, J.J.","1961","Bronze","Prata",,"Mogi Guaçu","Fazenda Campininha"
"ESTAÇÃO ECOLÓGICA MOGI-GUAÇU","Angiosperms","Cyperaceae","Bulbostylis","fasciculata","Uittien","CYPERACEAE Bulbostylis fasciculata Uittien","330215","splink","SP","Eiten, G.","1503","Native","1959","Maciel-Silva, J.F.","2022","Bronze","Prata",,"Mogi Guaçu","Fazenda Campininha"
"ESTAÇÃO ECOLÓGICA MOGI-GUAÇU","Angiosperms","Poaceae","Rhytachne","rottboellioides","Desv. ex Ham.","POACEAE Rhytachne rottboellioides Desv. ex Ham.","SP038110","splink","SP","Eiten, G.","1535","Native","1959","Wagner, H.M.L.","1999","Bronze","Prata",,"Mogi Guaçu","Fazenda Campininha, ""Campos das Sete Lagoas"". Just N of Rio Mogi Guaçú. 3.8 km N of Padua Sales. About 27 km NW of city of Mogi-Mirim."
"ESTAÇÃO ECOLÓGICA MOGI-GUAÇU","Angiosperms","Poaceae","Trachypogon","vestitus","Andersson","POACEAE Trachypogon vestitus Andersson","SP039408","splink","SP","Eiten, G.","1655","Native","1959","Flores, A.I.P.","1998","Bronze","Prata",,"Mogi Guaçu","Fazenda Campininha, ""Campo das Sete Lagoas"". Just north of Rio Mogi-Guaçu. 10 km. NNE of PAdua Sales. (About 27 km. NW of city of Moji-Mirim.)"
"ESTAÇÃO ECOLÓGICA MOGI-GUAÇU","Angiosperms","Malpighiaceae","Heteropterys",,"Kunth","MALPIGHIACEAE Heteropterys Kunth","HO12923","x","HO","Eiten, G.","1629","Native","1959","Wurdack, J.J.","1961","Bronze","Prata",,"Mogi Guaçu","Municipio de Moji-Guacu: “Campos das Sete Lagoas”. Fazenda Campininha, just north of Rio Moji-Guacu. Ca. 4km NNW of Padua Sales. About 27km NW of city of Moji-Mirim)"
"ESTAÇÃO ECOLÓGICA MOGI-GUAÇU","Angiosperms","Typhaceae","Typha","angustifolia","L.","TYPHACEAE Typha angustifolia L.","SP0074536","splink","SP","Eiten, G.","1656","Native","1959","Smith, L.B.","1961","Bronze","Prata",,"Mogi Guaçu","Fazenda Campininha"
"ESTAÇÃO ECOLÓGICA MOGI-GUAÇU","Ferns and Lycophytes","Verbenaceae","Lippia",,"L.","VERBENACEAE Lippia L.","HO23632","x","HO","Eiten, G.","1575","Native","1959","Wurdack, J.J.","1961","Bronze","Prata",,"Mogi Guaçu","Municipio de Moji-Guacu: “Campos das Sete Lagoas”. Fazenda Campininha, just N of Rio Moji-Guacu. 9km NNE of Padua Sales (about 27km NW of city of Moji-Mirim)"
"ESTAÇÃO ECOLÓGICA MOGI-GUAÇU","Angiosperms","Opiliaceae","Agonandra","brasiliensis","Miers ex Benth. & Hook.f.","OPILIACEAE Agonandra brasiliensis subsp. brasiliensis Miers ex Benth. & Hook.f.","HB000051125","splink","HB","Handro, O.","885","Native","1959","Handro, O.","1959","Bronze","Prata",,"Mogi Guaçu","Fazenda Campininha."
"ESTAÇÃO ECOLÓGICA MOGI-GUAÇU","Angiosperms","Oxalidaceae","Averrhoa","carambola","L.","OXALIDACEAE Averrhoa carambola L.","UB0334552","splink","UB","Eiten, G.","1525","Native","1959","Eiten, G.","1959","Bronze","Prata",,"Mogi Guaçu","Campo das Sete Lagoas. Fazenda Campininha, just north of Rio Moji-Guaçu. 3,4km NNW of Padua Sales."
"ESTAÇÃO ECOLÓGICA MOGI-GUAÇU","Angiosperms","Poaceae","Paspalum","geminiflorum","Steud.","POACEAE Paspalum geminiflorum Steud.","SP036681","splink","SP","Kuhlmann, M.","4197","Native","1957","Rodrigues, R.S.","2013","Bronze","Prata",,"Mogi Guaçu","Fazenda Campininha"
"ESTAÇÃO ECOLÓGICA MOGI-GUAÇU","Angiosperms","Poaceae","Sporobolus","ciliatus","J.Presl","POACEAE Sporobolus ciliatus J.Presl","SP038580","splink","SP","Kuhlmann, M.","4251","Native","1957","Wagner, H.M.L.","2001","Bronze","Prata",,"Mogi Guaçu","Fazenda Campininha"
"ESTAÇÃO ECOLÓGICA MOGI-GUAÇU","Angiosperms","Fabaceae","Hymenaea","stigonocarpa","Mart. ex Hayne","FABACEAE Hymenaea stigonocarpa var. stigonocarpa Mart. ex Hayne","54663","splink","SP","Kuhlmann, M.","4199","Native","1957","Lee, Y.T.","1971","Bronze","Prata",,"Mogi Guaçu","Estação Experimental de Mogi Guaçu, Fazenda Campininha"
"ESTAÇÃO ECOLÓGICA MOGI-GUAÇU","Angiosperms","Lamiaceae","Cantinoa","dubia","(Pohl ex Benth.) Harley & J.F.B.Pastore","LAMIACEAE Cantinoa dubia (Pohl ex Benth.) Harley & J.F.B.Pastore","SP0076305","splink","SP","Kuhlmann, M.","3810","Native","1956","Alves, D.S.","2026","Bronze","Prata",,"Mogi Guaçu","Fazenda Campininha, Próximo de Pádua Sales"
"ESTAÇÃO ECOLÓGICA MOGI-GUAÇU","Angiosperms","Orchidaceae","Cyclopogon","polyaden","(Vell.) F.S.Rocha & Waechter","ORCHIDACEAE Cyclopogon polyaden (Vell.) F.S.Rocha & Waechter","SP0055432","splink","SP","Handro, O.","602","Native","1956","Mamede, M.C.H.","2026","Bronze","Prata",,"Mogi Guaçu","Fazenda Campininha, Margem do rio Mogi Guaçu. Cult. em São Paulo, fl. 20/8/1956"
"ESTAÇÃO ECOLÓGICA MOGI-GUAÇU","Angiosperms","Asteraceae","Achyrocline","vargasiana","DC.","ASTERACEAE Achyrocline vargasiana DC.","SP030273","splink","SP","Kuhlmann, M.","3803","Native","1956","Deble, L.P.","2007","Bronze","Prata",,"Mogi Guaçu","Fazenda Campininha, Prox. de Padua Sales, E.F.S."
"ESTAÇÃO ECOLÓGICA MOGI-GUAÇU","Angiosperms","Orchidaceae","Capanemia","micromera","Barb.Rodr.","ORCHIDACEAE Capanemia micromera Barb.Rodr.","SP0058968","splink","SP","Handro, O.","590","Naturalized","1956","Handro, O.","1962","Bronze","Prata",,"Mogi Guaçu","Fazenda Campininha, perto de Pádua Sales"
"ESTAÇÃO ECOLÓGICA MOGI-GUAÇU","Angiosperms","Orchidaceae","Pachygenium","sceptrum","(Schltr.) Szlach. et al.","ORCHIDACEAE Pachygenium sceptrum (Schltr.) Szlach. et al.","SP0050358","splink","SP","Kuhlmann, M.","3709","Naturalized","1955","Mamede, M.C.H.","2026","Bronze","Prata",,"Mogi Guaçu","Fazenda Campininha"
"ESTAÇÃO ECOLÓGICA MOGI-GUAÇU","Angiosperms","Orchidaceae","Microchilus","arietinus","(Rchb.f. & Warm.) Ormerod","ORCHIDACEAE Microchilus arietinus (Rchb.f. & Warm.) Ormerod","58975","x","SP","Handro, O.","537","Native","1955","Mamede, M.C.H.","2025","Bronze","Prata",,"Mogi Guaçu","Fazenda Campininha, Perto de Pádua Sales"
"ESTAÇÃO ECOLÓGICA MOGI-GUAÇU","Angiosperms","Fabaceae","Eriosema","rufum","(Kunth) G.Don","FABACEAE Eriosema rufum var. rufum (Kunth) G.Don","59085","splink","SP","Handro, O.","478","Native","1955","Candido, E.S.","2016","Bronze","Prata",,"Mogi Guaçu","Pádua Sales, Fazenda Campininha"
"ESTAÇÃO ECOLÓGICA MOGI-GUAÇU","Angiosperms","Asteraceae","Aspilia","foliacea","(Spreng.) Baker","ASTERACEAE Aspilia foliacea (Spreng.) Baker","80673","splink","SP","Kuhlmann, M.","3738","Native","1955","Rodrigues, T.S.","1992","Bronze","Prata",,"Mogi Guaçu","Fazenda Campininha"
"ESTAÇÃO ECOLÓGICA MOGI-GUAÇU","Angiosperms","Convolvulaceae","Evolvulus","sericeus","Sw.","CONVOLVULACEAE Evolvulus sericeus var. sericeus Sw.","69888","x","SP","Kuhlmann, M.","3696","Native","1955","Bianchini, R.S.","1991","Bronze","Prata",,"Mogi Guaçu","Fazenda Campininha, próximo de Pádua Sales"
"ESTAÇÃO ECOLÓGICA MOGI-GUAÇU","Angiosperms","Gentianaceae","Calolisianthus","speciosus","(Cham. & Schltdl.) Gilg","GENTIANACEAE Calolisianthus speciosus (Cham. & Schltdl.) Gilg","59075","splink","SP","Handro, O.","467","Native","1955","Simonis, J.E.","1983","Bronze","Prata",,"Mogi Guaçu","Fazenda Campininha, perto de Pádua Sales"
"ESTAÇÃO ECOLÓGICA MOGI-GUAÇU","Ferns and Lycophytes","Rubiaceae","Psychotria","stachyoides","Benth.","RUBIACEAE Psychotria stachyoides Benth.","SP0081070","splink","SP","Kuhlmann, M.","3719","Native","1955","Jr, J.H.K.","1977","Bronze","Prata",,"Mogi Guaçu","Fazenda Campininha, Próximo de Pádua Sales, E.F.S."
"ESTAÇÃO ECOLÓGICA MOGI-GUAÇU","Angiosperms","Cyperaceae",,,"Juss.","CYPERACEAE Cyperaceae Juss.","18103","x","IAC","Dedecca, D.M.","611","Native","1955","Dedecca, D.M.","1955","Bronze","Prata",,"Mogi Guaçu","Fazenda Campininha, Estação de Pádua Sales"
"ESTAÇÃO ECOLÓGICA MOGI-GUAÇU","Angiosperms","Rubiaceae","Rudgea",,"Salisb.","RUBIACEAE Rudgea Salisb.","28538","x","IAC","Kuhlmann, M.","s/nº","Native","1955","Kuhlmann, M.","1955","Bronze","Prata",,"Mogi Guaçu","Fazenda Campininha"
"ESTAÇÃO ECOLÓGICA MOGI-GUAÇU","Angiosperms","Fabaceae","Poiretia","tetraphylla","(Poir.) Burkart","FABACEAE Poiretia tetraphylla (Poir.) Burkart","SP027752","splink","SP","Duarte, C.","30","Native","1928","Muller, C.","1984","Bronze","Prata",,"Mogi Guaçu","Fazenda Campininha"
"ESTAÇÃO ECOLÓGICA MOGI-GUAÇU","Angiosperms","Asteraceae","Trichogonia",,"Gardner","ASTERACEAE Trichogonia Gardner","FCAB003505",,"FCAB","Siqueira, J.C.","1509","Native","1982",,,"Latão","Prata","jbrj-public-img.s3-sa-east-1.amazonaws.com/JPG/fcab/fcab/0/35/5/fcab003505.jpg","Mogi Guaçu","Fazenda Campininha."
"ESTAÇÃO ECOLÓGICA MOGI-GUAÇU","Angiosperms","Asteraceae","Trichogonia","salviifolia","Gardner","ASTERACEAE Trichogonia salviifolia Gardner","FCAB003491",,"FCAB","Siqueira, J.C.","1525","Native","1982",,,"Latão","Prata","jbrj-public-img.s3-sa-east-1.amazonaws.com/JPG/fcab/fcab/0/34/91/fcab003491.jpg","Mogi Guaçu","Fazenda Campininha."
"ESTAÇÃO ECOLÓGICA MOGI-GUAÇU","Angiosperms","Fabaceae","Stylosanthes",,"Sw.","FABACEAE Stylosanthes Sw.","FCAB003501",,"FCAB","Siqueira, J.C.","1516","Native","1982",,,"Latão","Prata","jbrj-public-img.s3-sa-east-1.amazonaws.com/JPG/fcab/fcab/0/35/1/fcab003501.jpg","Mogi Guaçu","Fazenda Campininha."
"ESTAÇÃO ECOLÓGICA MOGI-GUAÇU","Angiosperms","Polygonaceae","Polygonum",,"L.","POLYGONACEAE Polygonum L.","US01338878",,"US","Leitao Filho, H.F.","7627","Native","1978",,"2016","Latão","Prata","jbrj-public.s3-sa-east-1.amazonaws.com/fsi/server?type=image&source=DZI/us/us/1/33/88/78/us01338878.dzi","Mogi Guaçu","Fazenda Campininha"
"ESTAÇÃO ECOLÓGICA MOGI-GUAÇU","Angiosperms","Calophyllaceae","Kielmeyera",,"Mart. & Zucc.","CALOPHYLLACEAE Kielmeyera Mart. & Zucc.","FCAB003010",,"FCAB","Leitao Filho, H.F.","4039","Native","1976",,,"Latão","Prata","jbrj-public-img.s3-sa-east-1.amazonaws.com/JPG/fcab/fcab/0/30/10/fcab003010.jpg","Mogi Guaçu","Fazenda Campininha."
"ESTAÇÃO ECOLÓGICA MOGI-GUAÇU","Angiosperms","Thelypteridaceae","Amauropelta",,"Kunze","THELYPTERIDACEAE Amauropelta Kunze","US01541148",,"US","Eiten, G.","5682","Native","1964",,,"Latão","Prata","jbrj-public.s3-sa-east-1.amazonaws.com/fsi/server?type=image&source=DZI/us/us/1/54/11/48/us01541148.dzi","Mogi Guaçu","Municipio de Moji-Guacu: ''Campos das Sete Lagôas''. Fazenda Campininha, just north of Rio Moji-Guacu. 4.0 km. NNW of Padua Sales (About 27 km. NW of city of Moji-Mirim)"
"ESTAÇÃO ECOLÓGICA MOGI-GUAÇU","Angiosperms","Rapateaceae","Cephalostemon","angustatus","Malme","RAPATEACEAE Cephalostemon angustatus Malme","US01934979",,"US","Eiten, G.","5671","Native","1964",,"2016","Latão","Prata","jbrj-public.s3-sa-east-1.amazonaws.com/fsi/server?type=image&source=DZI/us/us/1/93/49/79/us01934979.dzi","Mogi Guaçu","Campos das Sete Lagoas"". Fazenda Campininha, just north of Rio Mogi-Guaçu. 4.0 Km NNW of Pádua Sales. About 27 Km NW of city of Mogi Mirim"
"ESTAÇÃO ECOLÓGICA MOGI-GUAÇU","Angiosperms","Cyperaceae","Scleria",,"P.J.Bergius","CYPERACEAE Scleria P.J.Bergius","ICN00048240",,"ICN","Eiten, G.","5046","Native","1962",,,"Latão","Prata","jbrj-public.s3-sa-east-1.amazonaws.com/fsi/server?type=image&source=DZI/icn/icn/0/4/82/40/icn00048240.dzi|jbrj-public.s3-sa-east-1.amazonaws.com/fsi/server?type=image&source=DZI/icn/icn/0/4/82/40/icn00048240_1.dzi","Mogi Guaçu","Campos das Ste Lagoas"", Fazenda Campininha, just north of Rio Mogi-Guaçu, 1,8km NNW of Padua Sales.(about 27km NW of Moji-Mirim)"
"ESTAÇÃO ECOLÓGICA MOGI-GUAÇU","Angiosperms","Asteraceae","Aldama","grandiflora","(Gardner) E.E.Schill. & Panero","ASTERACEAE Aldama grandiflora (Gardner) E.E.Schill. & Panero","US01768755",,"US","Eiten, G.","3528","Native","1961",,,"Latão","Prata","jbrj-public.s3-sa-east-1.amazonaws.com/fsi/server?type=image&source=DZI/us/us/1/76/87/55/us01768755.dzi","Mogi Guaçu","State of São Paulo. Município de Moji-Guaçu: """"Campos das Sete Lagôas"""". Fazenda Campininha, just north of Rio Moji-Guaçu. 6.2 km. NNW of Padua Sales. (About 27 km. NW of city of Moji-Mirim.)"
"ESTAÇÃO ECOLÓGICA MOGI-GUAÇU",,"Asteraceae","Baccharis","humilis","Sch.Bip. ex Baker","ASTERACEAE Baccharis humilis Sch.Bip. ex Baker","US01725027",,"US","Mattos, J.R.","8482",,"1960",,,"Latão","Prata","jbrj-public.s3-sa-east-1.amazonaws.com/fsi/server?type=image&source=DZI/us/us/1/72/50/27/us01725027.dzi","Mogi Guaçu","Estado de São Paulo. Município de Moji-Guaçu: Fazenda Campininha, 7 km NNW de Padua Sales."
"ESTAÇÃO ECOLÓGICA MOGI-GUAÇU","Angiosperms","Asteraceae","Porophyllum",,"Guett.","ASTERACEAE Porophyllum Guett.","NY01188488",,"NY","Eiten, G.","1721","Native","1960",,,"Latão","Prata","jbrj-public.s3-sa-east-1.amazonaws.com/fsi/server?type=image&source=DZI/newyork/ny_/1/18/84/88/ny_01188488.dzi","Mogi Guaçu","Campos das Sete Lagôas"". Fazenda Campininha, just north of Rio Moji-Guaçu. ~ 4 km. NNW of Padua Sales. (About 27 km. NW of city of Moji-Mirim)"
"ESTAÇÃO ECOLÓGICA MOGI-GUAÇU","Angiosperms","Asteraceae","Viguiera",,"Kunth","ASTERACEAE Viguiera Kunth","US01769268",,"US","Mattos, J.R.","8534","Native","1960",,,"Latão","Prata","jbrj-public.s3-sa-east-1.amazonaws.com/fsi/server?type=image&source=DZI/us/us/1/76/92/68/us01769268.dzi","Mogi Guaçu","Estado de São Paulo. Município de Moji-Guaçu: Fazenda Campininha, 2 km NNW de Padua Sales"
"ESTAÇÃO ECOLÓGICA MOGI-GUAÇU","Angiosperms","Fabaceae","Stylosanthes","guianensis","(Aubl.) Sw.","FABACEAE Stylosanthes guianensis var. guianensis (Aubl.) Sw.","NY00623145",,"NY","Eiten, G.","1899","Native","1960",,,"Latão","Prata","jbrj-public.s3-sa-east-1.amazonaws.com/fsi/server?type=image&source=DZI/newyork/ny_/0/62/31/45/ny_00623145.dzi","Mogi Guaçu","Campos das Sete Lagôas"". Fazenda Campininha, just north of Rio Moji-Guaçu. ~4 km NNW of Padua Sales. (About 27 km. NW of city of Moji-Mirim)."
"ESTAÇÃO ECOLÓGICA MOGI-GUAÇU","Angiosperms","Lindsaeaceae","Lindsaea","lancea","(L.) Bedd.","LINDSAEACEAE Lindsaea lancea var. lancea (L.) Bedd.","US01458797",,"US","Eiten, G.","2124","Native","1960",,,"Latão","Prata","jbrj-public.s3-sa-east-1.amazonaws.com/fsi/server?type=image&source=DZI/us/us/1/45/87/97/us01458797.dzi","Mogi Guaçu","Municipio de Moji-Guacu: """"Campos das Sete Lagoas"""", Fazenda Campininha, just north of Rio Moji-Guacu. 6 km NNW of Padua Sales."
"ESTAÇÃO ECOLÓGICA MOGI-GUAÇU","Angiosperms","Malvaceae","Sida",,"L.","MALVACEAE Sida L.","K001217160",,"K","Eiten, G.","1711","Native","1960",,,"Latão","Prata","jbrj-public.s3-sa-east-1.amazonaws.com/fsi/server?type=image&source=DZI/kew/k/0/12/17/16/0/k001217160.dzi","Mogi Guaçu","Campos das Sete Lagoas. Fazenda Campininha, just north of rio Mogi Guaçu. 3,4 km NNW of Padua Sales 27 km NW of city pf Moji-Mirim."
"ESTAÇÃO ECOLÓGICA MOGI-GUAÇU","Angiosperms","Poaceae","Panicum","dichotomiflorum","Michx.","POACEAE Panicum dichotomiflorum Michx.","NY00651847",,"NY","Eiten, G.","1940","Native","1960",,,"Latão","Prata","jbrj-public.s3-sa-east-1.amazonaws.com/fsi/server?type=image&source=DZI/newyork/ny_/0/65/18/47/ny_00651847.dzi","Mogi Guaçu","Campos das Sete Lagoas"". Fazenda Campininha, just north of Rio Moji-Guaçu. 3.7 km. NNW of Padua Sales. (About 27 km. NW of city of Moji-Mirim.)"
"ESTAÇÃO ECOLÓGICA MOGI-GUAÇU","Angiosperms","Polypodiaceae","Pecluma","robusta","(Fée) M.Kessler & A.R.Sm.","POLYPODIACEAE Pecluma robusta (Fée) M.Kessler & A.R.Sm.","US01593957",,"US","Eiten, G.","2123","Native","1960",,,"Latão","Prata","jbrj-public.s3-sa-east-1.amazonaws.com/fsi/server?type=image&source=DZI/us/us/1/59/39/57/us01593957.dzi","Mogi Guaçu","Municipio de Moji-Guacu: """" Campos das Sete Lagoas"""", Fazenda Campininha, just north of Rio Moji-Guacu, 6 km. NNW of Padua Sales. About 27 km NW of city of Moji-Mirim)"
"ESTAÇÃO ECOLÓGICA MOGI-GUAÇU","Angiosperms","Aquifoliaceae","Ilex",,"L.","AQUIFOLIACEAE Ilex L.","US01866762",,"US","Mattos, J.R.","8209","Native","1960",,"2016","Latão","Prata","jbrj-public.s3-sa-east-1.amazonaws.com/fsi/server?type=image&source=DZI/us/us/1/86/67/62/us01866762.dzi","Mogi Guaçu","Fazenda Campininha, 3 km NNW de Pádua Salles."
"ESTAÇÃO ECOLÓGICA MOGI-GUAÇU","Angiosperms","Araceae","Thaumatophyllum","uliginosum","(Mayo) Sakur., Calazans & Mayo","ARACEAE Thaumatophyllum uliginosum (Mayo) Sakur., Calazans & Mayo","US01919303",,"US","Eiten, G.","2330","Native","1960",,"2016","Latão","Prata","jbrj-public.s3-sa-east-1.amazonaws.com/fsi/server?type=image&source=DZI/us/us/1/91/93/3/us01919303.dzi","Mogi Guaçu","Campos das Sete Lagoas. Fazenda Campininha, just north of Rio Moji-Guaçu. 2.8 Km NNW of Pádua Sales. About 27 Km NW of city of Moji-Mirim"
"ESTAÇÃO ECOLÓGICA MOGI-GUAÇU","Angiosperms","Melastomataceae","Leandra","vesiculosa","Cogn.","MELASTOMATACEAE Leandra vesiculosa Cogn.","US01904799",,"US","Mattos, J.R.","8204","Native","1960",,"2016","Latão","Prata","jbrj-public.s3-sa-east-1.amazonaws.com/fsi/server?type=image&source=DZI/us/us/1/90/47/99/us01904799.dzi","Mogi Guaçu","Fazenda Campininha, 3 km NNW de Padua Sales."
"ESTAÇÃO ECOLÓGICA MOGI-GUAÇU","Angiosperms","Piperaceae","Piper",,"L.","PIPERACEAE Piper L.","US01331104",,"US","Mattos, J.R.","8241","Native","1960",,"2016","Latão","Prata","jbrj-public.s3-sa-east-1.amazonaws.com/fsi/server?type=image&source=DZI/us/us/1/33/11/4/us01331104.dzi","Mogi Guaçu","Fazenda Campininha, 3.0/3.2 Km NNW de Padua Sales"
"ESTAÇÃO ECOLÓGICA MOGI-GUAÇU","Angiosperms","Rutaceae","Citrus","aurantiifolia","(Christm.) Swingle","RUTACEAE Citrus aurantiifolia (Christm.) Swingle","US01859255",,"US","Eiten, G.","1928","Native","1960",,"2016","Latão","Prata","jbrj-public.s3-sa-east-1.amazonaws.com/fsi/server?type=image&source=DZI/us/us/1/85/92/55/us01859255.dzi","Mogi Guaçu","Campos das Sete Lagoas. Fazenda Campininha, just north of Rio Mogi Guaçu. 3.4 km NNW of Padua Sales. Cultivated. Side of main house"
"ESTAÇÃO ECOLÓGICA MOGI-GUAÇU","Angiosperms","Alismataceae","Sagittaria","rhombifolia","Cham.","ALISMATACEAE Sagittaria rhombifolia Cham.","US01326579",,"US","Eiten, G.","1639","Native","1959",,"2016","Latão","Prata","jbrj-public.s3-sa-east-1.amazonaws.com/fsi/server?type=image&source=DZI/us/us/1/32/65/79/us01326579.dzi","Mogi Guaçu","Campos das Sete Lagôas. Fazenda Campininha, just north of Rio Mogi-Guaçu. 4 Km NNW of Padua Sales"
"ESTAÇÃO ECOLÓGICA MOGI-GUAÇU","Angiosperms","Melastomataceae","Leandra",,"Raddi","MELASTOMATACEAE Leandra Raddi","K000969866",,"K",,,"Native","1955",,,"Latão","Prata","jbrj-public.s3-sa-east-1.amazonaws.com/fsi/server?type=image&source=DZI/kew/k/0/9/69/86/6/k000969866.dzi","Mogi Guaçu","Moji-Guaçú, Fazenda Campininha, Próximo de Pádua Sales."
"ESTAÇÃO ECOLÓGICA MOGI-GUAÇU","Angiosperms","Bignoniaceae","Bignonia",,"L.","BIGNONIACEAE Bignonia L.","NY00412196","x","NY","Forero, E.","8369","Native",,,,"Latão","Prata",,"Mogi Guaçu","Mogi-Guaçu, Padua Sales. Fazenda Campininha."
"ESTAÇÃO ECOLÓGICA MOGI-GUAÇU","Angiosperms","Dilleniaceae","Doliocarpus","dentatus","(Aubl.) Standl.","DILLENIACEAE Doliocarpus dentatus subsp. dentatus (Aubl.) Standl.","US01877708","splink","US","Forero, E.","8466","Native",,,,"Latão","Prata",,"Mogi Guaçu","Padua Sales, Fazenda Campininha"
"ESTAÇÃO ECOLÓGICA MOGI-GUAÇU","Angiosperms","Orchidaceae",,,"A.Juss.","ORCHIDACEAE Orchidaceae A.Juss.","SP0528583","splink","SP","Bianchini, R.S.","2475","Native","2018",,,"Latão","Prata",,"Mogi Guaçu","Fazenda Campininha"
"ESTAÇÃO ECOLÓGICA MOGI-GUAÇU","Angiosperms","Rubiaceae",,,"Juss.","RUBIACEAE Rubiaceae Juss.","SP0528581","splink","SP","Bianchini, R.S.","2473","Native","2018",,,"Latão","Prata",,"Mogi Guaçu","Fazenda Campininha"
"ESTAÇÃO ECOLÓGICA MOGI-GUAÇU","Angiosperms","Solanaceae","Solanum",,"L.","SOLANACEAE Solanum L.","528589","x","SP","Bianchini, R.S.","2481","Native","2018",,,"Latão","Prata",,"Mogi Guaçu","Fazenda Campininha"
"ESTAÇÃO ECOLÓGICA MOGI-GUAÇU","Angiosperms","Vitaceae","Cissus",,"L.","VITACEAE Cissus L.","528582","splink","SP","Bianchini, R.S.","2474","Native","2018",,,"Latão","Prata",,"Mogi Guaçu","Fazenda Campininha"
"ESTAÇÃO ECOLÓGICA MOGI-GUAÇU","Angiosperms","Sapindaceae","Serjania","piscatoria","Radlk.","SAPINDACEAE Serjania piscatoria Radlk.","UEC192641","splink","UEC","Vargas, W.","26","Native","2016",,,"Latão","Prata",,"Mogi Guaçu","Trilha 4, Fazenda Campininha."
"ESTAÇÃO ECOLÓGICA MOGI-GUAÇU","Angiosperms","Solanaceae","Cestrum",,"L.","SOLANACEAE Cestrum L.","UEC196179","splink","UEC","Machado, R.M.","s.n.","Native","2016",,,"Latão","Prata",,"Mogi Guaçu","Fazenda Campininha."
"ESTAÇÃO ECOLÓGICA MOGI-GUAÇU","Angiosperms","Ericaceae",,,"Juss.","ERICACEAE Ericaceae Juss.","476919","splink","SP","Pastore, M.","193","Native","2012",,,"Latão","Prata",,"Mogi Guaçu","Fazenda Campininha"
"ESTAÇÃO ECOLÓGICA MOGI-GUAÇU","Angiosperms","Poaceae","Steinchisma",,"Raf.","POACEAE Steinchisma Raf.","472662","splink","SP","Rodrigues, R.S.","251","Native","2011",,,"Latão","Prata",,"Mogi Guaçu","Fazenda Campininha, Gleba B."
"ESTAÇÃO ECOLÓGICA MOGI-GUAÇU","Angiosperms","Apocynaceae","Oxypetalum",,"R.Br.","APOCYNACEAE Oxypetalum R.Br.","402317","splink","SP","Lima, L.R.","488","Native","2008",,,"Latão","Prata",,"Mogi Guaçu","Fazenda Campininha"
"ESTAÇÃO ECOLÓGICA MOGI-GUAÇU","Angiosperms","Calymperaceae",,,"Kindb.","CALYMPERACEAE Calymperaceae Kindb.","410561","splink","SP-BRYOPHYTA","Yano, O.","31219","Native","2008",,,"Latão","Prata",,"Mogi Guaçu","Reserva Biológica e Estação Experimental de Mogi-Guaçu"
"ESTAÇÃO ECOLÓGICA MOGI-GUAÇU","Angiosperms","Lejeuneaceae","Lejeunea",,"Lib.","LEJEUNEACEAE Lejeunea Lib.","410551","splink","SP-BRYOPHYTA","Yano, O.","31209","Native","2008",,,"Latão","Prata",,"Mogi Guaçu","Reserva Biológica e Estação Experimental de Mogi-Guaçu"
"ESTAÇÃO ECOLÓGICA MOGI-GUAÇU","Angiosperms","Lejeuneaceae",,,"Rostovzev","LEJEUNEACEAE Lejeuneaceae Rostovzev","410520","splink","SP-BRYOPHYTA","Yano, O.","31178","Native","2008",,,"Latão","Prata",,"Mogi Guaçu","Reserva Biológica e Estação Experimental de Mogi-Guaçu"
"ESTAÇÃO ECOLÓGICA MOGI-GUAÇU","Angiosperms","Lejeuneaceae","Lopholejeunea",,"(Spruce) Schiffn.","LEJEUNEACEAE Lopholejeunea (Spruce) Schiffn.","410557","splink","SP-BRYOPHYTA","Yano, O.","31215","Native","2008",,,"Latão","Prata",,"Mogi Guaçu","Reserva Biológica e Estação Experimental de Mogi-Guaçu"
"ESTAÇÃO ECOLÓGICA MOGI-GUAÇU","Bryophytes","Metzgeriaceae","Metzgeria",,"Raddi","METZGERIACEAE Metzgeria Raddi","410563","splink","SP-BRYOPHYTA","Yano, O.","31221","Native","2008",,,"Latão","Prata",,"Mogi Guaçu","Reserva Biológica e Estação Experimental de Mogi-Guaçu"
"ESTAÇÃO ECOLÓGICA MOGI-GUAÇU","Angiosperms","Sematophyllaceae","Sematophyllum",,"Mitt.","SEMATOPHYLLACEAE Sematophyllum Mitt.","410554","splink","SP-BRYOPHYTA","Yano, O.","31212","Native","2008",,,"Latão","Prata",,"Mogi Guaçu","Reserva Biológica e Estação Experimental de Mogi-Guaçu"
"ESTAÇÃO ECOLÓGICA MOGI-GUAÇU","Angiosperms","Apocynaceae","Aspidosperma",,"Mart. & Zucc.","APOCYNACEAE Aspidosperma Mart. & Zucc.","2010","splink","CPMA",,,"Native","2006",,,"Latão","Prata",,"Mogi Guaçu","Fazenda Campininha"
"ESTAÇÃO ECOLÓGICA MOGI-GUAÇU","Angiosperms","Rubiaceae","Palicourea","racemosa","(Aubl.) G.Nicholson","RUBIACEAE Palicourea racemosa (Aubl.) G.Nicholson","K001197474","splink","K","Assis, M.A.","s.n.","Native","2005",,,"Latão","Prata",,"Mogi Guaçu","Fazenda Campininha.."
"ESTAÇÃO ECOLÓGICA MOGI-GUAÇU","Angiosperms","Fabaceae","Anadenanthera",,"Speg.","FABACEAE Anadenanthera Speg.","399622","x","SP","Sebastiani, R.","86","Native","2004",,,"Latão","Prata",,"Mogi Guaçu","Fazenda Campininha, caminho para a estrada da Mariana"
"ESTAÇÃO ECOLÓGICA MOGI-GUAÇU","Angiosperms","Asteraceae","Mikania","banisteriae","DC.","ASTERACEAE Mikania banisteriae DC.","1826","splink","CPMA","Benicio",,"Native","2002",,,"Latão","Prata",,"Mogi Guaçu","Fazenda Campininha"
"ESTAÇÃO ECOLÓGICA MOGI-GUAÇU","Angiosperms","Asteraceae","Mikania",,"Willd.","ASTERACEAE Mikania Willd.","1828","splink","CPMA","/pedro, B.",,"Native","2002",,,"Latão","Prata",,"Mogi Guaçu","Fazenda Campininha"
"ESTAÇÃO ECOLÓGICA MOGI-GUAÇU","Angiosperms","Calophyllaceae","Calophyllum","brasiliense","Cambess.","CALOPHYLLACEAE Calophyllum brasiliense Cambess.","374354","splink","SP","Luchi, A.E.","s.n.","Native","2002",,,"Latão","Prata",,"Mogi Guaçu","Fazenda Campininha, Amostra de madeira SPw 2001"
"ESTAÇÃO ECOLÓGICA MOGI-GUAÇU","Angiosperms","Apocynaceae",,,"Juss.","APOCYNACEAE Apocynaceae Juss.","UEC164928","splink","UEC","Correa, A.M.","0126","Native","2001",,,"Latão","Prata",,"Mogi Guaçu","Estação Biológica de Mogi Guaçu, (faz. Campininha)"
"ESTAÇÃO ECOLÓGICA MOGI-GUAÇU","Angiosperms","Asteraceae","Achyrocline",,"(Less.) DC.","ASTERACEAE Achyrocline (Less.) DC.","UEC100380","splink","UEC","Chan, G.T.W.","s.n.","Native","2000",,,"Latão","Prata",,"Mogi Guaçu","Reserva Biológica Campininha, Cerrado-cerradão."
"ESTAÇÃO ECOLÓGICA MOGI-GUAÇU","Angiosperms","Cordiaceae","Cordia",,"L.","CORDIACEAE Cordia L.","UEC033920","splink","UEC","Alves, B.C.","s.n.","Native","2000",,,"Latão","Prata",,"Mogi Guaçu","Reserva Biológica Campininha"
"ESTAÇÃO ECOLÓGICA MOGI-GUAÇU","Angiosperms","Malvaceae","Byttneria",,"Loefl.","MALVACEAE Byttneria Loefl.","UEC065298","splink","UEC","Moraes, M.D.","544","Native","2000",,,"Latão","Prata",,"Mogi Guaçu","Martinho Prado, Fazenda Campininha, trilha SPNP2."
"ESTAÇÃO ECOLÓGICA MOGI-GUAÇU","Angiosperms","Rosaceae","Prunus",,"L.","ROSACEAE Prunus L.","148151","splink","UEC","Alves, B.C.","s.n.","Native","2000",,,"Latão","Prata",,"Mogi Guaçu","Reserva Biológica Campininha, Cerrado-cerradão."
"ESTAÇÃO ECOLÓGICA MOGI-GUAÇU","Angiosperms","Sapindaceae","Cupania",,"L.","SAPINDACEAE Cupania L.","148144","splink","UEC","Giardini, M.A.","s.n.","Native","2000",,,"Latão","Prata",,"Mogi Guaçu","Reserva Biológica Campininha, Cerrado-cerradão."
"ESTAÇÃO ECOLÓGICA MOGI-GUAÇU","Angiosperms","Symplocaceae","Symplocos",,"Jacq.","SYMPLOCACEAE Symplocos Jacq.","148153","splink","UEC","Chan, G.T.W.","s.n.","Native","2000",,,"Latão","Prata",,"Mogi Guaçu","Reserva Biológica Campininha, Cerrado-cerradão."
"ESTAÇÃO ECOLÓGICA MOGI-GUAÇU","Angiosperms","Bignoniaceae","Cuspidaria",,"DC.","BIGNONIACEAE Cuspidaria DC.","UEC125304","splink","UEC",,"s.n.","Native","1998",,,"Latão","Prata",,"Mogi Guaçu","Estação Biológica de Mogi Guaçu, (faz. Campininha)"
"ESTAÇÃO ECOLÓGICA MOGI-GUAÇU","Angiosperms","Euphorbiaceae","Mabea","fistulifera","Mart.","EUPHORBIACEAE Mabea fistulifera Mart.","UEC154164","splink","UEC",,"s.n.","Native","1998",,,"Latão","Prata",,"Mogi Guaçu","Estação Biológica de Mogi Guaçu, (faz. Campininha)"
"ESTAÇÃO ECOLÓGICA MOGI-GUAÇU","Angiosperms","Poaceae","Schizachyrium","microstachyum","(Desv. ex Ham.) Roseng., B.R.Arrill. & Izag.","POACEAE Schizachyrium microstachyum (Desv. ex Ham.) Roseng., B.R.Arrill. & Izag.","SP038325","splink","SP","Moraes, M.G.","36","Native","1997",,,"Latão","Prata",,"Mogi Guaçu","Fazenda Campininha, Distrito Martinho Prado."
"ESTAÇÃO ECOLÓGICA MOGI-GUAÇU","Angiosperms","Asteraceae","Tridax","procumbens","L.","ASTERACEAE Tridax procumbens L.","RB01415906","x","RB","Magenta, M.",,"Native","1996",,,"Latão","Prata",,"Mogi Guaçu","Fazenda Campininha."
"ESTAÇÃO ECOLÓGICA MOGI-GUAÇU","Angiosperms","Poaceae","Aristida","megapotamica","Spreng.","POACEAE Aristida megapotamica Spreng.","374106","splink","SP","Moraes, M.G.","14","Native","1996",,,"Latão","Prata",,"Mogi Guaçu","Fazenda Campininha, Distrito de Martinho Prado."
"ESTAÇÃO ECOLÓGICA MOGI-GUAÇU","Angiosperms","Poaceae","Trachypogon","macroglossus","Trin.","POACEAE Trachypogon macroglossus Trin.","374126","x","SP","Moraes, M.G.","29","Native","1996",,,"Latão","Prata",,"Mogi Guaçu","Fazenda Campininha, Distrito de Martinho Prado."
"ESTAÇÃO ECOLÓGICA MOGI-GUAÇU","Angiosperms","Arecaceae",,,"Bercht. & J.Presl.","ARECACEAE Arecaceae Bercht. & J.Presl.","UEC064027","splink","UEC","Mamani, R.L.","s.n.","Native","1995",,,"Latão","Prata",,"Mogi Guaçu","Fazenda Campininha"
"ESTAÇÃO ECOLÓGICA MOGI-GUAÇU","Angiosperms","Asteraceae","Chromolaena",,"DC.","ASTERACEAE Chromolaena DC.","UEC119964","splink","UEC","Machado, G.","s.n.","Native","1995",,,"Latão","Prata",,"Mogi Guaçu","Fazenda Campininha."
"ESTAÇÃO ECOLÓGICA MOGI-GUAÇU","Angiosperms","Bignoniaceae",,,"Juss.","BIGNONIACEAE Bignoniaceae Juss.","86908","splink","UEC","Kinoshita, L.S.","9589","Native","1995",,,"Latão","Prata",,"Mogi Guaçu","Estação Biológica de Mogi Guaçu, (faz. Campininha)"
"ESTAÇÃO ECOLÓGICA MOGI-GUAÇU","Angiosperms","Lythraceae","Lafoensia",,"Vand.","LYTHRACEAE Lafoensia Vand.","UEC170754","splink","UEC","Martins, S.S.","s.n.","Native","1995",,,"Latão","Prata",,"Mogi Guaçu","Fazenda Campininha"
"ESTAÇÃO ECOLÓGICA MOGI-GUAÇU","Angiosperms","Vochysiaceae","Vochysia",,"Aubl.","VOCHYSIACEAE Vochysia Aubl.","PMSP002120","x","PMSP","Godoy, S.A.P.","514","Native","1995",,,"Latão","Prata",,"Mogi Guaçu","Fazenda Campininha, Reserva Biológica e Est. Exp. de Mogi-guaçu."
"ESTAÇÃO ECOLÓGICA MOGI-GUAÇU",,"Bromeliaceae","Billbergia",,"Thunb.","BROMELIACEAE Billbergia Thunb.","UEC075988","splink","UEC","Soares, H.M.","31154B",,"1993",,,"Latão","Prata",,"Mogi Guaçu","Fazenda Campininha"
"ESTAÇÃO ECOLÓGICA MOGI-GUAÇU","Angiosperms","Cucurbitaceae",,,"A.Juss.","CUCURBITACEAE Cucurbitaceae A.Juss.","259211","splink","SP","Godoi, J.V.","291","Native","1993",,,"Latão","Prata",,"Mogi Guaçu","Fazenda Campininha"
"ESTAÇÃO ECOLÓGICA MOGI-GUAÇU","Angiosperms","Loranthaceae",,,"Juss.","LORANTHACEAE Loranthaceae Juss.","259178","splink","SP","Romaniuc Neto, S.","1348","Native","1993",,,"Latão","Prata",,"Mogi Guaçu","Fazenda Campininha"
"ESTAÇÃO ECOLÓGICA MOGI-GUAÇU","Angiosperms","Rubiaceae","Genipa","americana","L.","RUBIACEAE Genipa americana L.","SP0374364","splink","SP","Luchi, A.E.","263","Native","1993",,,"Latão","Prata",,"Mogi Guaçu","Fazenda Campininha, rio Mogi-Guaçu, Mata do Português"
"ESTAÇÃO ECOLÓGICA MOGI-GUAÇU","Angiosperms","Verbenaceae",,,"J.St.-Hil.","VERBENACEAE Verbenaceae J.St.-Hil.","259174","splink","SP","Romaniuc Neto, S.","1342","Native","1993",,,"Latão","Prata",,"Mogi Guaçu","Fazenda Campininha"
"ESTAÇÃO ECOLÓGICA MOGI-GUAÇU","Angiosperms","Convolvulaceae",,,"Juss.","CONVOLVULACEAE Convolvulaceae Juss.","253900","splink","SP","Pereira, D.F.","4A","Native","1992",,,"Latão","Prata",,"Mogi Guaçu","Fazenda Campininha"
"ESTAÇÃO ECOLÓGICA MOGI-GUAÇU",,"Lamiaceae","Aegiphila","vitelliniflora","Walp.","LAMIACEAE Aegiphila vitelliniflora Walp.","HUEFS0027878","splink","HUEFS","Pereira, D.F.","175",,"1992",,,"Latão","Prata",,"Mogi Guaçu","Reserva Biologica e Estação Experimental de Mogi Guaçu."
"ESTAÇÃO ECOLÓGICA MOGI-GUAÇU","Angiosperms","Lauraceae",,,"Juss.","LAURACEAE Lauraceae Juss.","253909","splink","SP","Zifirino, R.","10","Native","1992",,,"Latão","Prata",,"Mogi Guaçu","Fazenda Campininha"
"ESTAÇÃO ECOLÓGICA MOGI-GUAÇU","Angiosperms","Monimiaceae",,,"Juss.","MONIMIACEAE Monimiaceae Juss.","253898","splink","SP","Pereira, D.F.","2A","Native","1992",,,"Latão","Prata",,"Mogi Guaçu","Fazenda Campininha"
"ESTAÇÃO ECOLÓGICA MOGI-GUAÇU","Angiosperms","Passifloraceae",,,"Juss. ex Roussel","PASSIFLORACEAE Passifloraceae Juss. ex Roussel","252794","splink","SP","Godoi, J.V.","180","Native","1992",,,"Latão","Prata",,"Mogi Guaçu","Fazenda Campininha"
"ESTAÇÃO ECOLÓGICA MOGI-GUAÇU","Angiosperms","Poaceae","Urochloa",,"P.Beauv.","POACEAE Urochloa P.Beauv.","253922","splink","SP","Pereira, D.F.","158","Native","1992",,,"Latão","Prata",,"Mogi Guaçu","Reserva Biológica e Estação Experimental de Mogi-Guaçu, Mata da Figueira."
"ESTAÇÃO ECOLÓGICA MOGI-GUAÇU","Angiosperms","Sapotaceae","Chrysophyllum",,"L.","SAPOTACEAE Chrysophyllum L.","257919","splink","SP","Godoi, J.V.","262","Native","1992",,,"Latão","Prata",,"Mogi Guaçu","Fazenda Campininha, Mata da Mariana"
"ESTAÇÃO ECOLÓGICA MOGI-GUAÇU","Angiosperms","Sapotaceae",,,"Juss.","SAPOTACEAE Sapotaceae Juss.","255952","x","SP","Assad-Ludewigs, I.Y.","35","Native","1992",,,"Latão","Prata",,"Mogi Guaçu","Fazenda Campininha, Mata do Português"
"ESTAÇÃO ECOLÓGICA MOGI-GUAÇU","Angiosperms","Siparunaceae","Siparuna",,"Aubl.","SIPARUNACEAE Siparuna Aubl.","NY01091724","splink","NY","Pereira, D.F.","132","Native","1992",,,"Latão","Prata",,"Mogi Guaçu","Martinho Prado, Fazenda Campininha, Mata da Figueira"
"ESTAÇÃO ECOLÓGICA MOGI-GUAÇU","Angiosperms","Solanaceae",,,"A.Juss.","SOLANACEAE Solanaceae A.Juss.","253949","splink","SP","Godoi, J.V.","213","Native","1992",,,"Latão","Prata",,"Mogi Guaçu","Fazenda Campininha"
"ESTAÇÃO ECOLÓGICA MOGI-GUAÇU","Angiosperms","Asteraceae","Chromolaena","porphyrolepis","(Baker) R.M.King & H.Robinson","ASTERACEAE Chromolaena porphyrolepis (Baker) R.M.King & H.Robinson","NY00806536","splink","NY","Godoi, J.V.","51","Native","1991",,,"Latão","Prata",,"Mogi Guaçu","Mogi-Guaçu, Fazenda Campininha, Mata da Figueira."
"ESTAÇÃO ECOLÓGICA MOGI-GUAÇU","Angiosperms","Orchidaceae","Catasetum",,"Rich. ex Kunth","ORCHIDACEAE Catasetum Rich. ex Kunth","SP0247436","splink","SP","Romaniuc Neto, S.","1045","Native","1991",,,"Latão","Prata",,"Mogi Guaçu","Fazenda Campininha, Martinho Prado, Mata da Figueira"
"ESTAÇÃO ECOLÓGICA MOGI-GUAÇU","Angiosperms","Salicaceae",,,"Mirb.","SALICACEAE Salicaceae Mirb.","248618","splink","SP","Pereira, D.F.","10","Native","1991",,,"Latão","Prata",,"Mogi Guaçu","Fazenda Campininha, Mata do Português"
"ESTAÇÃO ECOLÓGICA MOGI-GUAÇU","Angiosperms","Sapindaceae",,,"Juss.","SAPINDACEAE Sapindaceae Juss.","474892","splink","SP","Godoi, J.V.","140","Native","1991",,,"Latão","Prata",,"Mogi Guaçu","Fazenda Campininha"
"ESTAÇÃO ECOLÓGICA MOGI-GUAÇU","Angiosperms","Apocynaceae","Himatanthus",,"Willdenow","APOCYNACEAE Himatanthus Willdenow","11281","x","HRCB","Cesar, O.",,"Native","1989",,,"Latão","Prata",,"Mogi Guaçu","Fazenda Campininha"
"ESTAÇÃO ECOLÓGICA MOGI-GUAÇU","Angiosperms","Bignoniaceae","Amphilophium",,"Kunth emend L.G. Lohmann","BIGNONIACEAE Amphilophium Kunth emend L.G. Lohmann","UEC139844","splink","UEC","Buzato, S.","21109","Native","1989",,,"Latão","Prata",,"Mogi Guaçu","Estação Biológica de Mogi Guaçu, (faz. Campininha)"
"ESTAÇÃO ECOLÓGICA MOGI-GUAÇU","Angiosperms","Combretaceae","Terminalia","phaeocarpa","Eichler","COMBRETACEAE Terminalia phaeocarpa Eichler","248467","splink","SP","Romaniuc Neto, S.","1079","Native","1988",,,"Latão","Prata",,"Mogi Guaçu","Fazenda Campininha, Martinho Prado"
"ESTAÇÃO ECOLÓGICA MOGI-GUAÇU","Angiosperms","Combretaceae","Terminalia","triflora","(Griseb.) Lillo","COMBRETACEAE Terminalia triflora (Griseb.) Lillo","248516","splink","SP","Ludewigs, I.Y.A.","48","Native","1988",,,"Latão","Prata",,"Mogi Guaçu","Fazenda Campininha, Martinho Prado"
"ESTAÇÃO ECOLÓGICA MOGI-GUAÇU","Angiosperms","Malvaceae","Guazuma","ulmifolia","Lam.","MALVACEAE Guazuma ulmifolia Lam.","SP0255975","splink","SP","Rossi, L.","1177","Native","1988",,,"Latão","Prata",,"Mogi Guaçu","Fazenda Campininha, Martinho Prado, Mata da Mariana, margem do córrego da Mariana"
"ESTAÇÃO ECOLÓGICA MOGI-GUAÇU","Angiosperms","Nyctaginaceae","Guapira","opposita","(Vell.) Reitz","NYCTAGINACEAE Guapira opposita (Vell.) Reitz","248556","splink","SP","Romaniuc Neto, S.","1138","Naturalized","1988",,,"Latão","Prata",,"Mogi Guaçu","Fazenda Campininha, Martinho Prado. Mata da Mariana"
"ESTAÇÃO ECOLÓGICA MOGI-GUAÇU","Angiosperms","Salicaceae","Casearia","gossypiosperma","Briq.","SALICACEAE Casearia gossypiosperma Briq.","248475","splink","SP","Romaniuc Neto, S.","1087","Native","1988",,,"Latão","Prata",,"Mogi Guaçu","Fazenda Campininha, Martinho Prado"
"ESTAÇÃO ECOLÓGICA MOGI-GUAÇU","Angiosperms","Solanaceae","Cestrum","schlechtendalii","G.Don","SOLANACEAE Cestrum schlechtendalii G.Don","SP115497","splink","SP","Rossi, L.","1190","Native","1988",,,"Latão","Prata",,"Mogi Guaçu","Bairro de Martinho Prado, Reserva Biológica e Estação Experimental de Mogi Guaçu, mata da Mariana, margem do córrego da Mariana, crescendo no interior da mata"
"ESTAÇÃO ECOLÓGICA MOGI-GUAÇU","Angiosperms","Euphorbiaceae","Alchornea",,"Sw.","EUPHORBIACEAE Alchornea Sw.","SPSF00027234","splink","SPSF","Ludewigs, I.Y.A.",,"Native","1987",,,"Latão","Prata",,"Mogi Guaçu","Martinho Prado, fazenda Campininha."
"ESTAÇÃO ECOLÓGICA MOGI-GUAÇU","Angiosperms","Lamiaceae","Vitex","triflora","Vahl","LAMIACEAE Vitex triflora Vahl","SP0255947","splink","SP","Toledo, C.B.","s.n.","Native","1987",,,"Latão","Prata",,"Mogi Guaçu","Fazenda Campininha, Mata do Português, margem do rio Mogi Guaçu"
"ESTAÇÃO ECOLÓGICA MOGI-GUAÇU","Angiosperms","Solanaceae","Nicotiana",,"L.","SOLANACEAE Nicotiana L.","248564","splink","SP","Romaniuc Neto, S.","1135","Native","1987",,,"Latão","Prata",,"Mogi Guaçu","Fazenda Campininha, Martinho Prado"
"ESTAÇÃO ECOLÓGICA MOGI-GUAÇU",,"Acanthaceae","Asystasia","gangetica","(L.) T.Anderson","ACANTHACEAE Asystasia gangetica (L.) T.Anderson","202161","splink","SP","Cerati, T.M.","151",,"1985",,,"Latão","Prata",,"Mogi Guaçu","Fazenda Campininha, Martinho Prado"
"ESTAÇÃO ECOLÓGICA MOGI-GUAÇU","Angiosperms","Arecaceae","Butia",,"(Becc.) Becc.","ARECACEAE Butia (Becc.) Becc.","200896","splink","SP","Aguiar, F.F.A.","s.n.","Native","1984",,,"Latão","Prata",,"Mogi Guaçu","Fazenda Campininha"
"ESTAÇÃO ECOLÓGICA MOGI-GUAÇU","Angiosperms","Malvaceae","Helicteres","ovata","Lam.","MALVACEAE Helicteres ovata Lam.","1417","splink","CPMA","Narciso",,"Native","1981",,,"Latão","Prata",,"Mogi Guaçu","Fazenda Campininha"
"ESTAÇÃO ECOLÓGICA MOGI-GUAÇU","Angiosperms","Malvaceae","Peltaea",,"(C.Presl) Standl.","MALVACEAE Peltaea (C.Presl) Standl.","SP0168593","splink","SP","Mantovani, W.","1594","Native","1981",,,"Latão","Prata",,"Mogi Guaçu","Fazenda Campininha, Martinho Prado"
"ESTAÇÃO ECOLÓGICA MOGI-GUAÇU","Angiosperms","Mayacaceae","Mayaca",,"Aubl.","MAYACACEAE Mayaca Aubl.","185773","x","SP","Barros, F.","626","Native","1981",,,"Latão","Prata",,"Mogi Guaçu","Fazenda Campininha"
"ESTAÇÃO ECOLÓGICA MOGI-GUAÇU","Angiosperms","Amaranthaceae",,,"A.Juss.","AMARANTHACEAE Amaranthaceae A.Juss.","198403","x","SP","Forero, E.","8397","Native","1980",,,"Latão","Prata",,"Mogi Guaçu","Fazenda Campininha, Pádua Sales"
"ESTAÇÃO ECOLÓGICA MOGI-GUAÇU","Angiosperms","Asteraceae","Aspilia",,"Thouars","ASTERACEAE Aspilia Thouars","UEC118842","splink","UEC","Carvalho, R.","11592","Native","1980",,,"Latão","Prata",,"Mogi Guaçu","Fazenda Campininha"
"ESTAÇÃO ECOLÓGICA MOGI-GUAÇU","Angiosperms","Asteraceae","Cyrtocymura","scorpioides","(Lam.) H.Rob.","ASTERACEAE Cyrtocymura scorpioides (Lam.) H.Rob.","198493","splink","SP","Forero, E.","8481","Naturalized","1980",,,"Latão","Prata",,"Mogi Guaçu","Fazenda Campininha, Pádua Sales"
"ESTAÇÃO ECOLÓGICA MOGI-GUAÇU","Angiosperms","Asteraceae","Riencourtia",,"Cass.","ASTERACEAE Riencourtia Cass.","76347","x","CEN","Chiea, S.A.C.","87","Native","1980",,,"Latão","Prata",,"Mogi Guaçu","Mogi-Guaçu. Estação Experimental de Mogi-Guaçu, Fazenda Campininha."
"ESTAÇÃO ECOLÓGICA MOGI-GUAÇU","Angiosperms","Cyperaceae","Carex",,"L.","CYPERACEAE Carex L.","167327","splink","SP","Muniz, C.F.S.","171","Native","1980",,,"Latão","Prata",,"Mogi Guaçu","Fazenda Campininha, Pádua Sales"
"ESTAÇÃO ECOLÓGICA MOGI-GUAÇU","Angiosperms","Cyperaceae","Carex","polysticha","Boeckeler","CYPERACEAE Carex polysticha Boeckeler","198386","splink","SP","Forero, E.","8380","Native","1980",,,"Latão","Prata",,"Mogi Guaçu","Fazenda Campininha, Pádua Sales"
"ESTAÇÃO ECOLÓGICA MOGI-GUAÇU","Angiosperms","Fabaceae","Camptosema",,"Hook. & Arn.","FABACEAE Camptosema Hook. & Arn.","RB00170686","JABOT","RB","Foreno, E.","8404","Native","1980",,,"Latão","Prata",,"Mogi Guaçu","Mun. Moji-Guaçú, Padua Sales. Fazenda Campininha."
"ESTAÇÃO ECOLÓGICA MOGI-GUAÇU","Angiosperms","Fabaceae","Zornia","glabra","Desv.","FABACEAE Zornia glabra Desv.","167683","splink","SP","Mantovani, W.","1149","Native","1980",,,"Latão","Prata",,"Mogi Guaçu","Fazenda Campininha, Martinho Prado"
"ESTAÇÃO ECOLÓGICA MOGI-GUAÇU","Angiosperms","Lamiaceae","Hypenia",,"(Mart. ex Benth.) Harley","LAMIACEAE Hypenia (Mart. ex Benth.) Harley","UEC048995","splink","UEC","Carvalho, M.","11574","Native","1980",,,"Latão","Prata",,"Mogi Guaçu","Fazenda Campininha."
"ESTAÇÃO ECOLÓGICA MOGI-GUAÇU","Angiosperms","Lamiaceae","Plectranthus",,"L'Hér.","LAMIACEAE Plectranthus L'Hér.","SP0167526","splink","SP","Custodio Filho, A.","468","Native","1980",,,"Latão","Prata",,"Mogi Guaçu","Fazenda Campininha, Cultivada"
"ESTAÇÃO ECOLÓGICA MOGI-GUAÇU","Angiosperms","Malpighiaceae",,,"Juss.","MALPIGHIACEAE Malpighiaceae Juss.","577099","x","COL","Gonzalez, E.F.","8231","Native","1980",,,"Latão","Prata",,"Mogi Guaçu","Mun. Mojí-cuaçú, Padua sales, Fazenda Campininha."
"ESTAÇÃO ECOLÓGICA MOGI-GUAÇU","Angiosperms","Menispermaceae","Cissampelos",,"L.","MENISPERMACEAE Cissampelos L.","25234","splink","UEC","Carvalho, R.M.","11599","Native","1980",,,"Latão","Prata",,"Mogi Guaçu","Fazenda Campininha"
"ESTAÇÃO ECOLÓGICA MOGI-GUAÇU","Angiosperms","Myrtaceae","Campomanesia",,"Ruiz et Pav.","MYRTACEAE Campomanesia Ruiz et Pav.","UB1042371","splink","UB","Forero, E.","8206","Native","1980",,,"Latão","Prata",,"Mogi Guaçu","Padua Sales, Fazenda Campininha."
"ESTAÇÃO ECOLÓGICA MOGI-GUAÇU","Angiosperms","Nyctaginaceae",,,"Juss.","NYCTAGINACEAE Nyctaginaceae Juss.","167312","splink","SP","Muniz, C.F.S.","158","Native","1980",,,"Latão","Prata",,"Mogi Guaçu","Fazenda Campininha, Martinho Prado"
"ESTAÇÃO ECOLÓGICA MOGI-GUAÇU","Angiosperms","Passifloraceae","Passiflora",,"L.","PASSIFLORACEAE Passiflora L.","327616","x","COL","Gonzalez, E.F.","8371","Native","1980",,,"Latão","Prata",,"Mogi Guaçu","Mun. Mojí-cuaçú, Padua sales, Fazenda Campininha."
"ESTAÇÃO ECOLÓGICA MOGI-GUAÇU","Angiosperms","Piperaceae","Peperomia",,"Ruiz & Pav.","PIPERACEAE Peperomia Ruiz & Pav.","198405","splink","SP","Forero, E.","8399","Native","1980",,,"Latão","Prata",,"Mogi Guaçu","Fazenda Campininha, Pádua Sales"
"ESTAÇÃO ECOLÓGICA MOGI-GUAÇU","Angiosperms","Polypodiaceae","Pleopeltis",,"Humb.","POLYPODIACEAE Pleopeltis Humb.","P00888064","splink","P","Barros, F.",,"Native","1980",,,"Latão","Prata",,"Mogi Guaçu","Pr. Pádua Sales, Fazenda Campininha."
"ESTAÇÃO ECOLÓGICA MOGI-GUAÇU","Angiosperms","Rubiaceae","Faramea",,"Aubl.","RUBIACEAE Faramea Aubl.","SP0198408","splink","SP","Forero, E.","8402","Native","1980",,,"Latão","Prata",,"Mogi Guaçu","Fazenda Campininha, Bairro Pádua Sales"
"ESTAÇÃO ECOLÓGICA MOGI-GUAÇU","Angiosperms","Rubiaceae","Tocoyena","brasiliensis","Mart.","RUBIACEAE Tocoyena brasiliensis Mart.","RB01287736","x","RB","Custido Filho, A.","465","Native","1980",,,"Latão","Prata",,"Mogi Guaçu","Fazenda da Campininha"
"ESTAÇÃO ECOLÓGICA MOGI-GUAÇU","Angiosperms","Salicaceae","Casearia",,"Jacq.","SALICACEAE Casearia Jacq.","198448","splink","SP","Forero, E.","8436","Native","1980",,,"Latão","Prata",,"Mogi Guaçu","Fazenda Campininha, Pádua Sales"
"ESTAÇÃO ECOLÓGICA MOGI-GUAÇU","Angiosperms","Sapindaceae","Matayba","juglandifolia","(Cambess.) Radlk.","SAPINDACEAE Matayba juglandifolia (Cambess.) Radlk.","198382","x","SP","Forero, E.","8376","Native","1980",,,"Latão","Prata",,"Mogi Guaçu","Fazenda Campininha, Pádua Sales"
"ESTAÇÃO ECOLÓGICA MOGI-GUAÇU","Angiosperms","Solanaceae","Solanum","delicatulum","L.B.Sm. & Downs","SOLANACEAE Solanum delicatulum L.B.Sm. & Downs","36021","splink","UFP","Chiea, S.A.C.","61","Native","1980",,"0-0-0","Latão","Prata",,"Mogi Guaçu","Estação Experimental de Mogi-Guaçu, Fazenda Campininha."
"ESTAÇÃO ECOLÓGICA MOGI-GUAÇU","Angiosperms","Verbenaceae","Duranta",,"L.","VERBENACEAE Duranta L.","167514","x","SP","Custodio Filho, A.","430","Native","1980",,,"Latão","Prata",,"Mogi Guaçu","Fazenda Campininha"
"ESTAÇÃO ECOLÓGICA MOGI-GUAÇU",,"Asteraceae","Baccharis","coridifolia","DC.","ASTERACEAE Baccharis coridifolia DC.","8698","x","VIC","Silva, A.F.","01",,"1978",,,"Latão","Prata",,"Mogi Guaçu","Fazenda Campininha, Cerrado."
"ESTAÇÃO ECOLÓGICA MOGI-GUAÇU","Angiosperms","Fabaceae","Stylosanthes","montevidensis","Vogel","FABACEAE Stylosanthes montevidensis Vogel","154787","splink","SP","Yamamoto, E.K.","7608","Native","1978",,,"Latão","Prata",,"Mogi Guaçu","Fazenda Campininha"
"ESTAÇÃO ECOLÓGICA MOGI-GUAÇU","Angiosperms","Fissidentaceae","Fissidens","elegans","Brid.","FISSIDENTACEAE Fissidens elegans Brid.","SP074648","splink","SP-BRYOPHYTA","Piccolo, R.A.","s.n.","Native","1978",,,"Latão","Prata",,"Mogi Guaçu","Fazenda Campininha"
"ESTAÇÃO ECOLÓGICA MOGI-GUAÇU","Angiosperms","Frullaniaceae","Frullania","glomerata","(Lehm. & Lindenb.) Mont.","FRULLANIACEAE Frullania glomerata (Lehm. & Lindenb.) Mont.","SP069575","splink","SP-BRYOPHYTA","Piccolo, R.A.","s.n.","Native","1978",,,"Latão","Prata",,"Mogi Guaçu","Fazenda Campininha"
"ESTAÇÃO ECOLÓGICA MOGI-GUAÇU","Angiosperms","Lythraceae","Cuphea","ericoides","Cham. & Schltdl.","LYTHRACEAE Cuphea ericoides Cham. & Schltdl.","5128A","x","VIC","Silva, A.F.","s.n.","Native","1978",,,"Latão","Prata",,"Mogi Guaçu","Fazenda Campininha"
"ESTAÇÃO ECOLÓGICA MOGI-GUAÇU",,"Malpighiaceae","Banisteriopsis","salicifolia","(DC.) B.Gates","MALPIGHIACEAE Banisteriopsis salicifolia (DC.) B.Gates","UEC166694","splink","UEC",,"s.n.",,"1978",,,"Latão","Prata",,"Mogi Guaçu","Estação Biológica de Mogi Guaçu, (faz. Campininha)"
"ESTAÇÃO ECOLÓGICA MOGI-GUAÇU","Angiosperms","Polygonaceae","Polygonum","diospyrifolium","Cham.","POLYGONACEAE Polygonum diospyrifolium Cham.","UEC154515","splink","UEC","Leitao Filho, H.F.","7627","Native","1978",,,"Latão","Prata",,"Mogi Guaçu","Fazenda Campininha"
"ESTAÇÃO ECOLÓGICA MOGI-GUAÇU","Angiosperms","Calophyllaceae","Kielmeyera","grandiflora","(Wawra) Saddi","CALOPHYLLACEAE Kielmeyera grandiflora (Wawra) Saddi","UEC135659","splink","UEC","Yamamoto, K.","8442","Native","1978",,"1988","Latão","Prata",,"Mogi Guaçu","Estação Biológica de Mogi Guaçu, (faz. Campininha)"
"ESTAÇÃO ECOLÓGICA MOGI-GUAÇU","Angiosperms","Acanthaceae","Ruellia",,"L.","ACANTHACEAE Ruellia L.","UEC066867","splink","UEC","Leitao Filho, H.F.","6078","Native","1977",,,"Latão","Prata",,"Mogi Guaçu","Fazenda Campininha."
"ESTAÇÃO ECOLÓGICA MOGI-GUAÇU","Angiosperms","Annonaceae","Guatteria",,"Ruiz & Pav.","ANNONACEAE Guatteria Ruiz & Pav.","UEC093131","splink","UEC","Gibbs, P.E.","4274","Native","1977",,,"Latão","Prata",,"Mogi Guaçu","Estação Biológica de Mogi Guaçu, (faz. Campininha)"
"ESTAÇÃO ECOLÓGICA MOGI-GUAÇU","Angiosperms","Asteraceae","Stomatanthes","subcapitatus","(Malme) H.Rob.","ASTERACEAE Stomatanthes subcapitatus (Malme) H.Rob.","HRJ00005929","splink","HRJ","Carnielli, V.","6528","Native","1977",,,"Latão","Prata",,"Mogi Guaçu","Fazenda Campininha."
"ESTAÇÃO ECOLÓGICA MOGI-GUAÇU","Angiosperms","Bignoniaceae","Anemopaegma",,"Mart. ex Meisn.","BIGNONIACEAE Anemopaegma Mart. ex Meisn.","152928","splink","SP","Sakane, M.","s.n.","Native","1977",,,"Latão","Prata",,"Mogi Guaçu","Faz. Campininha"
"ESTAÇÃO ECOLÓGICA MOGI-GUAÇU","Angiosperms","Brassicaceae",,,"Burnett","BRASSICACEAE Brassicaceae Burnett","165483","splink","SP","Sakane, M.","709","Native","1977",,,"Latão","Prata",,"Mogi Guaçu","Fazenda Campininha, Pádua Sales"
"ESTAÇÃO ECOLÓGICA MOGI-GUAÇU","Angiosperms","Cyperaceae","Carex","pseudocyperus","L.","CYPERACEAE Carex pseudocyperus L.","UEC043029","splink","UEC","Gibbs, P.E.","6099","Native","1977",,,"Latão","Prata",,"Mogi Guaçu","Estação Biológica de Mogi Guaçu, (faz. Campininha)"
"ESTAÇÃO ECOLÓGICA MOGI-GUAÇU","Angiosperms","Euphorbiaceae","Actinostemon",,"Mart. ex Klotzsch","EUPHORBIACEAE Actinostemon Mart. ex Klotzsch","503766","x","NY","Makino, H.","s.n.","Native","1977",,,"Latão","Prata",,"Mogi Guaçu","Mogi-Guaçú, Fazenda Campininha, Mata do bugio"
"ESTAÇÃO ECOLÓGICA MOGI-GUAÇU","Angiosperms","Fabaceae","Dalbergia",,"L.f.","FABACEAE Dalbergia L.f.","RB00174097","JABOT","RB","Leitao Filho, H.F.","6031","Native","1977",,,"Latão","Prata",,"Mogi Guaçu","Estação Experimental do Instituto Florestal, Faz. Campininha."
"ESTAÇÃO ECOLÓGICA MOGI-GUAÇU","Angiosperms","Fabaceae","Desmodium","distortum","(Aubl.) J.F.Macbr.","FABACEAE Desmodium distortum (Aubl.) J.F.Macbr.","UEC066137","splink","UEC","Gibbs, P.E.","4565","Native","1977",,,"Latão","Prata",,"Mogi Guaçu","Fazenda Campininha."
"ESTAÇÃO ECOLÓGICA MOGI-GUAÇU","Angiosperms","Lamiaceae","Vitex",,"Tour. ex L.","LAMIACEAE Vitex Tour. ex L.","MG060996","x","MG","Gibbs, P.E.","sn","Native","1977",,,"Latão","Prata",,"Mogi Guaçu","Fazenda Campininha"
"ESTAÇÃO ECOLÓGICA MOGI-GUAÇU","Angiosperms","Neckeraceae","Neckeropsis","undulata","(Hedw.) Reichardt","NECKERACEAE Neckeropsis undulata (Hedw.) Reichardt","SP072656","splink","SP-BRYOPHYTA","Goncalves, A.L.","s.n.","Native","1977",,,"Latão","Prata",,"Mogi Guaçu","Fazenda Campininha"
"ESTAÇÃO ECOLÓGICA MOGI-GUAÇU","Angiosperms","Poaceae","Leersia",,"Sol. ex Sw.","POACEAE Leersia Sol. ex Sw.","UEC056869","splink","UEC","Gibbs, P.E.","6097","Native","1977",,,"Latão","Prata",,"Mogi Guaçu","Estação Experimental de Mogi-Guaçu, Fazenda Campininha. 25 km NW de Mogi-Guaçu."
"ESTAÇÃO ECOLÓGICA MOGI-GUAÇU","Angiosperms","Asteraceae","Pseudogynoxys",,"(Greenm.) Cabrera","ASTERACEAE Pseudogynoxys (Greenm.) Cabrera","01080721","x","NY","Gibbs, P.E.","3373","Native","1976",,,"Latão","Prata",,"Mogi Guaçu","25 km NW de Mogi-Guaçú. Estação Experimental de Mogi-Guaçú (Fazenda Campininha). Em lugar úmido ao lado do Rio Mogi Guassu."
"ESTAÇÃO ECOLÓGICA MOGI-GUAÇU","Ferns and Lycophytes","Lamiaceae","Hyptis",,"Jacq.","LAMIACEAE Hyptis Jacq.","UEC059578","splink","UEC","Gibbs, P.E.","2007","Native","1976",,,"Latão","Prata",,"Mogi Guaçu","Fazenda Campininha."
"ESTAÇÃO ECOLÓGICA MOGI-GUAÇU","Angiosperms","Fabaceae","Bauhinia","andrade-limae","A.C.B. Santos & Vaz","FABACEAE Bauhinia andrade-limae A.C.B. Santos & Vaz","3899","x","UFP","Alves, J.L.H.","UFP3899",,"1972",,,"Latão","Prata",,"Mogi Guaçu","Fazenda Campininha."
"ESTAÇÃO ECOLÓGICA MOGI-GUAÇU","Angiosperms","Pinaceae","Pinus","kesiya","Royle ex Gordon","PINACEAE Pinus kesiya Royle ex Gordon","120822","splink","SP","Mattos, J.","s.n.","Native","1972",,,"Latão","Prata",,"Mogi Guaçu","Fazenda Campininha, Cultivada, procedência ignorada"
"ESTAÇÃO ECOLÓGICA MOGI-GUAÇU","Angiosperms","Pinaceae","Pinus","taeda","L.","PINACEAE Pinus taeda L.","120821","splink","SP","Mattos, J.","s.n.","Native","1972",,,"Latão","Prata",,"Mogi Guaçu","Fazenda Campininha, perto de Pádua Sales. Cultivada"
"ESTAÇÃO ECOLÓGICA MOGI-GUAÇU","Angiosperms","Bromeliaceae","Ananas","bracteatus","(Lindl.) Schult. & Schult.f.","BROMELIACEAE Ananas bracteatus (Lindl.) Schult. & Schult.f.","UB0002574","x","UB","Gottsberger, G.","12-11067","Native","1967",,,"Latão","Prata",,"Mogi Guaçu","Padua Sales, Município de Moji-Guaçú, 25-33km NW of the city of Moji-Mirim, 6-18km NNE of the city of Conchal. Fazenda Campininha"
"ESTAÇÃO ECOLÓGICA MOGI-GUAÇU","Angiosperms","Malvaceae","Helicteres",,"L.","MALVACEAE Helicteres L.","UB1362713","splink","UB","Gottsberger, G.K.","11-21067","Native","1967",,,"Latão","Prata",,"Mogi Guaçu","Padua Sales. 25-33 km NW of the city of Moji-Mirim, 6-18 km NNE of the city of Conchal. Fazenda Campininha."
"ESTAÇÃO ECOLÓGICA MOGI-GUAÇU","Angiosperms","Malvaceae","Sida","viarum","A.St.-Hil.","MALVACEAE Sida viarum A.St.-Hil.","00998087","x","NY","Mattos, J.","9644","Native","1965",,,"Latão","Prata",,"Mogi Guaçu","Mojí-Guaçú, Fazenda Campininha, perto de Pádua Sales. No cerrado degradado, próximo da Torre."
"ESTAÇÃO ECOLÓGICA MOGI-GUAÇU","Angiosperms","Fabaceae","Desmanthus","tatuhyensis","Hoehne","FABACEAE Desmanthus tatuhyensis Hoehne","US02208693","splink","US","Eiten, G.","5698","Native","1964",,,"Latão","Prata",,"Mogi Guaçu","Municipio de Moji-Guacu, Campos das Sete Lagoas, Fazenda Campininha, just north of Rio Moji-Guaçu, 10 km NNE of Padua Sales (about 27 km NW of city of Moji-Mirim)"
"ESTAÇÃO ECOLÓGICA MOGI-GUAÇU","Angiosperms","Lamiaceae","Leonotis","nepetifolia","(L.) R.Br.","LAMIACEAE Leonotis nepetifolia (L.) R.Br.","US02934231","splink","US","Eiten, G.","5626","Native","1964",,,"Latão","Prata",,"Mogi Guaçu","State of São Paulo. Municipio de Moji-Guaçu: ""Campos das Sete Lagôas"". Fazenda Campininha, just north of Rio Moji-Guaçu. 3.7 km. NNW of Padua Sales. (About 27 km. NW of city of Moji-Mirim)."
"ESTAÇÃO ECOLÓGICA MOGI-GUAÇU","Angiosperms","Rapateaceae",,,"Dumort.","RAPATEACEAE Rapateaceae Dumort.","UB0027579","x","UB","Eiten, G.","5671","Native","1964",,,"Latão","Prata",,"Mogi Guaçu","Campos das Sete Lagoas. Fazenda Campininha, just north or Rio Moji Guaçu. 4km NNW of Pádua Sales"
"ESTAÇÃO ECOLÓGICA MOGI-GUAÇU","Angiosperms","Lamiaceae",,,"Martinov","LAMIACEAE Lamiaceae Martinov","BRI AQ0447627","x","BRI","Eiten, G.","5617","Native","1964",,"2022","Latão","Prata",,"Mogi Guaçu","State of Sao Paulo. Municipio de Moji-Guacu: 'Campos das Sete Lagoas'. Fazenda Campininha, just north of Rio Moji-Guacu, 6.5km NNW of Padua Sales, about 27km NW of city of Moji-Mirim."
"ESTAÇÃO ECOLÓGICA MOGI-GUAÇU","Angiosperms","Orchidaceae","Oncidium",,"Sw.","ORCHIDACEAE Oncidium Sw.","UB1075947","splink","UB","Gomes Junior, J.C.","1425","Native","1963","Incognito",,"Latão","Prata",,"Mogi Guaçu","Fazenda Campininha."
"ESTAÇÃO ECOLÓGICA MOGI-GUAÇU","Angiosperms","Cyperaceae","Bulbostylis",,"Kunth","CYPERACEAE Bulbostylis Kunth","76371","splink","UFP","Eiten, G.","5112","Native","1962",,"0-0-0","Latão","Prata",,"Mogi Guaçu","Fazenda Campininha, Campos das Setes Lagoas - Ao norte do rio Moji-Guaçu."
"ESTAÇÃO ECOLÓGICA MOGI-GUAÇU","Angiosperms","Juncaceae",,,"Juss.","JUNCACEAE Juncaceae Juss.","UB0014975","x","UB","Eiten, G.","5053","Native","1962",,,"Latão","Prata",,"Mogi Guaçu","Fazenda Campininha, just north of Rio Mogi-Guaçu. 1.8km NNW of Padua Sales. About 27km NW of city of Moji-Mirim"
"ESTAÇÃO ECOLÓGICA MOGI-GUAÇU","Angiosperms","Anemiaceae","Anemia","ferruginea","Humb. & Bonpl. ex Kunth","ANEMIACEAE Anemia ferruginea var. ferruginea Humb. & Bonpl. ex Kunth","US01427243","splink","US","Eiten, G.","3249","Native","1961",,,"Latão","Prata",,"Mogi Guaçu","Município de Moji-Guaçu: ""Campos das Sete Lagos"". Fazenda Campininha, just north of Rio Moji-Guaçu 6.6 km NNW of Padua Sales."
"ESTAÇÃO ECOLÓGICA MOGI-GUAÇU","Angiosperms","Asteraceae","Hieracium","commersonii","Monnier","ASTERACEAE Hieracium commersonii Monnier","127496","splink","SP","Eiten, G.","3530","Native","1961",,,"Latão","Prata",,"Mogi Guaçu","Fazenda Campininha"
"ESTAÇÃO ECOLÓGICA MOGI-GUAÇU","Angiosperms","Bromeliaceae",,,"A.Juss.","BROMELIACEAE Bromeliaceae A.Juss.","US 3487603","x","US","Eiten, G.","3546","Native","1961",,,"Latão","Prata",,"Mogi Guaçu","Município de Moji-Guaçu: ""Campos das Sete Lagôas"". Fazenda Campininha, just north of Rio Moji-Guaçu. 6.4 km. NNW of Padua Sales. (About 27 km. NW of city of Moji-Mirim.)."
"ESTAÇÃO ECOLÓGICA MOGI-GUAÇU","Angiosperms","Commelinaceae","Commelina",,"L.","COMMELINACEAE Commelina L.","US00039023","splink","US","Eiten, G.","3515","Native","1961",,,"Latão","Prata",,"Mogi Guaçu","Fazenda campininha, n of rio moji-guacu"
"ESTAÇÃO ECOLÓGICA MOGI-GUAÇU","Angiosperms","Convolvulaceae","Jacquemontia","blanchetii","Moric.","CONVOLVULACEAE Jacquemontia blanchetii Moric.","US03144199","splink","US","Eiten, G.","2623","Native","1961",,,"Latão","Prata",,"Mogi Guaçu","Município de Moji-Guaçu: ""Campos das Sete Lagôas"". Fazenda Campininha, just north of Rio Moji-Guaçu. 3.2-3.3 km. NNW. of Padua Sales. (About 27 km. NW of city of Moji-Mirim.)."
"ESTAÇÃO ECOLÓGICA MOGI-GUAÇU","Angiosperms","Cyperaceae","Cyperus","sesquiflorus","(Torr.) Mattf. & Kük.","CYPERACEAE Cyperus sesquiflorus (Torr.) Mattf. & Kük.","UB0010198","splink","UB","Eiten, G.","2728","Native","1961",,,"Latão","Prata",,"Mogi Guaçu","""Campos das Sete Lagoas"". Fazenda Campininha, just north of Rio Moji-Guaçu. 3.7 km NNW of Padua Sales. (About 27 km NW of city of Moji-Mirim)."
"ESTAÇÃO ECOLÓGICA MOGI-GUAÇU","Angiosperms","Euphorbiaceae","Croton","fulvus","Mart.","EUPHORBIACEAE Croton fulvus Mart.","US01248700","splink","US","Eiten, G.","3536","Native","1961",,,"Latão","Prata",,"Mogi Guaçu","Municipio de Moji-Guacu: ""Campos das Sete Lagoas"". Fazenda Campininha, just north of Rio Moji-Guacu. 6.2 km NNW of Padua Sales. (About 27 km. NW of city of Moji-Mirim.)"
"ESTAÇÃO ECOLÓGICA MOGI-GUAÇU","Angiosperms","Euphorbiaceae","Croton","triqueter","Lam.","EUPHORBIACEAE Croton triqueter Lam.","US01248895","splink","US","Eiten, G.","3545","Native","1961",,,"Latão","Prata",,"Mogi Guaçu","Municipio de Moji-Guacu: ""Campos das Sete Lagoas"". Fazenda Campininha, just north of Rio Moji-Guacu. 6.2 km. NNW of Padua Sales."
"ESTAÇÃO ECOLÓGICA MOGI-GUAÇU","Angiosperms","Fabaceae","Chamaecrista","nictitans","(Vogel) H.S. Irwin & Barneby","FABACEAE Chamaecrista nictitans subsp. patellaria var. ramosa (Vogel) H.S. Irwin & Barneby","US00397113","splink","US","Eiten, G.","2660","Native","1961",,,"Latão","Prata",,"Mogi Guaçu","Fazenda campininha, just n of rio moji-guacu, 8.5 km nne of padua sales"
"ESTAÇÃO ECOLÓGICA MOGI-GUAÇU","Angiosperms","Fabaceae","Desmanthus",,"Willd.","FABACEAE Desmanthus Willd.","98150","x","HAS","Mattos, J.","9010","Native","1961",,,"Latão","Prata",,"Mogi Guaçu","Fazenda Campininha"
"ESTAÇÃO ECOLÓGICA MOGI-GUAÇU","Angiosperms","Fabaceae","Phaseolus",,"L.","FABACEAE Phaseolus L.","45779","x","HAS","Mattos, J.","9652","Native","1961",,,"Latão","Prata",,"Mogi Guaçu","Fazenda Campininha,"
"ESTAÇÃO ECOLÓGICA MOGI-GUAÇU","Angiosperms","Malvaceae","Triumfetta",,"L.","MALVACEAE Triumfetta L.","UB0122574",,"UB","Eiten, G.","2643","Native","1961",,,"Latão","Prata",,"Mogi Guaçu","""Campos das Sete Lagoas"". Fazenda Campininha, just north of Rio Moji-Guaçu. 3,4 km NNW of Padua Sales. (About 27 km. Nw of city of Moji Mirim)."
"ESTAÇÃO ECOLÓGICA MOGI-GUAÇU","Angiosperms","Orchidaceae","Habenaria",,"Willd.","ORCHIDACEAE Habenaria Willd.","SP0170295","splink","SP","Mattos, J.","10893","Native","1961",,,"Latão","Prata",,"Mogi Guaçu","Fazenda Campininha"
"ESTAÇÃO ECOLÓGICA MOGI-GUAÇU",,"Poaceae","Axonopus","pellitus","(Nees ex Trin.) Hitchc. & Chase","POACEAE Axonopus pellitus (Nees ex Trin.) Hitchc. & Chase","UB00321378","x","UB","Eiten, G.","2581",,"1961",,,"Latão","Prata",,"Mogi Guaçu","Campos das Sete Lagoas. Fazenda Campininha, just north Moji-Guaçu, 4,6 km NWW of Padua Sales (About 27 km NW of city Moji-Mirim)."
"ESTAÇÃO ECOLÓGICA MOGI-GUAÇU","Angiosperms","Rubiaceae","Borreria","latifolia","K.Schum.","RUBIACEAE Borreria latifolia var. sideritis K.Schum.","NY02713788","splink","NY","Eiten, G.","2738","Native","1961",,,"Latão","Prata",,"Mogi Guaçu","Mojí-Guaçú. ""Campos das Sete Lagôas"". Fazenda Campininha, just north of Rio Moji-Guaçu. 3.7 km. NNW of PADUA SALES. (About 27 km. NW of city of MOJI-MIRIM.)"
"ESTAÇÃO ECOLÓGICA MOGI-GUAÇU","Angiosperms","Anacardiaceae",,,"R.Br.","ANACARDIACEAE Anacardiaceae R.Br.","UB00113591","x","UB","Mattos, J.R.","8323","Native","1960",,,"Latão","Prata",,"Mogi Guaçu","Fazenda Campininha, 9.0 - 11.0 km NNW de Padua Sales."
"ESTAÇÃO ECOLÓGICA MOGI-GUAÇU","Angiosperms","Araliaceae","Hydrocotyle","ranunculoides","L.f.","ARALIACEAE Hydrocotyle ranunculoides L.f.","76840","splink","SP","Eiten, G.","1980","Native","1960",,,"Latão","Prata",,"Mogi Guaçu","Fazenda Campininha, Campos das Sete Lagoas, just north of Rio Mogi Guaçu, 3,7 km NNW of Padua Sales"
"ESTAÇÃO ECOLÓGICA MOGI-GUAÇU","Angiosperms","Asteraceae","Baccharis",,"L.","ASTERACEAE Baccharis L.","75327","splink","SP","Mattos, J.","8482","Native","1960",,,"Latão","Prata",,"Mogi Guaçu","Fazenda Campininha"
"ESTAÇÃO ECOLÓGICA MOGI-GUAÇU","Angiosperms","Asteraceae","Emilia",,"(Cass.) Cass.","ASTERACEAE Emilia (Cass.) Cass.","UB00051311","x","UB","Mattos, J.R.","8341","Native","1960",,,"Latão","Prata",,"Mogi Guaçu","Faz. Campininha, 9-11km NNW de Padua Sales."
"ESTAÇÃO ECOLÓGICA MOGI-GUAÇU","Angiosperms","Bromeliaceae","Dyckia",,"Schult. & Schult.f.","BROMELIACEAE Dyckia Schult. & Schult.f.","NY02171712","x","NY","Eiten, G.","2398","Native","1960",,,"Latão","Prata",,"Mogi Guaçu","Campos das Sete Lagôas"". Fazenda Campininha, just north of Rio Moji-Guaçu. 3.4 km. NNW of Padua Sales (About 27 km. NW of city of Moji-Mirim.)"
"ESTAÇÃO ECOLÓGICA MOGI-GUAÇU","Angiosperms","Bromeliaceae","Pseudananas","sagenarius","(Arruda) Camargo","BROMELIACEAE Pseudananas sagenarius (Arruda) Camargo","US03978488","splink","US","Eiten, G.","2399","Native","1960",,,"Latão","Prata",,"Mogi Guaçu","Município de Moji-Guaçu: ""Campos das Sete Lagôas"". Fazenda Campininha, just north of Rio Moji-Guaçu. 5.3 km. NNW of Padua Sales. (About 27 km. NW of city of Moji-Mirim)."
"ESTAÇÃO ECOLÓGICA MOGI-GUAÇU","Angiosperms","Cyperaceae","Bulbostylis","juncoides","(Vahl) Kük. ex Osten","CYPERACEAE Bulbostylis juncoides (Vahl) Kük. ex Osten","UB0004241","splink","UB","Eiten, G.","1776","Native","1960",,,"Latão","Prata",,"Mogi Guaçu","""Campo das Sete Lagoas"". Fazenda Campininha, just north of Rio Mogi Guaçu. 10 km NNE of Padua Sales. (about 27 km. NW of city of Mogi Mirim)."
"ESTAÇÃO ECOLÓGICA MOGI-GUAÇU","Angiosperms","Cyperaceae","Eleocharis","minima","Kunth","CYPERACEAE Eleocharis minima Kunth","UB0008193","x","UB","Eiten, G.","2302","Native","1960",,,"Latão","Prata",,"Mogi Guaçu","Municipio de Moji-Guaçu: """"Campos das Sete Lagoas. Fazenda Campininha, just north of Rio Moji-Guaçu. 3,6 km. NNW of city of PADUA SALES (about 27 km. NW of city MOJI-MIRIM.)"
"ESTAÇÃO ECOLÓGICA MOGI-GUAÇU","Angiosperms","Ericaceae","Agarista",,"D.Don ex G.Don","ERICACEAE Agarista D.Don ex G.Don","UB1223457","splink","UB","Mattos, J.R.","8228","Native","1960",,,"Latão","Prata",,"Mogi Guaçu","3km NNW de Padua Sales. Fazenda Campininha."
"ESTAÇÃO ECOLÓGICA MOGI-GUAÇU","Angiosperms","Euphorbiaceae","Sapium","obovatum","Klotzsch ex Müll.Arg.","EUPHORBIACEAE Sapium obovatum Klotzsch ex Müll.Arg.","US01291544","splink","US","Mattos, J.R.","8495","Native","1960",,,"Latão","Prata",,"Mogi Guaçu","Municipio de Moji-Guacu: Fazenda Campininha, 7 kilometers NNW of Padual Salles."
"ESTAÇÃO ECOLÓGICA MOGI-GUAÇU","Angiosperms","Fabaceae","Adesmia",,"DC.","FABACEAE Adesmia DC.","84596","x","HAS","Mattos, N.","s.n.","Native","1960",,,"Latão","Prata",,"Mogi Guaçu","Fazenda Campininha"
"ESTAÇÃO ECOLÓGICA MOGI-GUAÇU","Angiosperms","Fabaceae","Clitoria","falcata","(Benth.) Fantz","FABACEAE Clitoria falcata var. aurantiaca (Benth.) Fantz","HAS0084822","splink","HAS","Mattos, J.","8450","Native","1960",,,"Latão","Prata",,"Mogi Guaçu","Perto de Pádua Sales, fazenda Campininha,"
"ESTAÇÃO ECOLÓGICA MOGI-GUAÇU","Angiosperms","Fabaceae","Dioclea","lasiophylla","Mart. ex Benth.","FABACEAE Dioclea lasiophylla Mart. ex Benth.","87430","x","HAS","Mattos, J.","431","Native","1960",,,"Latão","Prata",,"Mogi Guaçu","Fazenda Campininha, perto da sede."
"ESTAÇÃO ECOLÓGICA MOGI-GUAÇU","Angiosperms","Lentibulariaceae","Utricularia","flaccida","A.DC.","LENTIBULARIACEAE Utricularia flaccida A.DC.","US03216161","splink","US","Eiten, G.","2333","Native","1960",,,"Latão","Prata",,"Mogi Guaçu","Município de Moji-Guaçu: ""Campos das Sete Lagôas"". Fazenda Campininha, just north of Rio Moji-Guaçu. 3.1 km. NNW of Padua Sales. (About 27 km. NW of city of Moji-Mirim)."
"ESTAÇÃO ECOLÓGICA MOGI-GUAÇU","Angiosperms","Piperaceae",,,"Giseke","PIPERACEAE Piperaceae Giseke","FLOR0052681","splink","FLOR","Mattos, J.","8516","Native","1960",,,"Latão","Prata",,"Mogi Guaçu","Fazenda Campininha, uns poucos km NNW de Padua Sales."
"ESTAÇÃO ECOLÓGICA MOGI-GUAÇU",,"Plantaginaceae","Bacopa","salzmannii","(Benth.) Wettst. ex Edwall","PLANTAGINACEAE Bacopa salzmannii (Benth.) Wettst. ex Edwall","US03902270","splink","US","Eiten, G.","1932",,"1960",,,"Latão","Prata",,"Mogi Guaçu","Município de Moji-Guaçu: ""Campos das Sete Lagôas"". Fazenda Campininha, just north of Rio Moji-Guaçu. 3.7 km. NNW of Padua Sales. (About 27 km. NW of city of Moji-Mirim)."
"ESTAÇÃO ECOLÓGICA MOGI-GUAÇU","Angiosperms","Poaceae","Digitaria",,"Haller","POACEAE Digitaria Haller","US04277544","splink","US","Mattos, J.R.","8536","Native","1960",,,"Latão","Prata",,"Mogi Guaçu","Município de Moji-Guaçu: Fazenda Campininha, 10 km NNW de Padua Sales. Cerrado derrubado, queimado arado para plantar Pinus."
"ESTAÇÃO ECOLÓGICA MOGI-GUAÇU","Angiosperms","Rubiaceae","Chomelia","obtusa","Cham. & Schltdl.","RUBIACEAE Chomelia obtusa Cham. & Schltdl.","75346","splink","SP","Mattos, J.R.","8519","Native","1960",,,"Latão","Prata",,"Mogi Guaçu","Fazenda Campininha, 2 km NNW Padua Sales, dentro de um capão de mata"
"ESTAÇÃO ECOLÓGICA MOGI-GUAÇU","Angiosperms","Rutaceae","Citrus",,"L.","RUTACEAE Citrus L.","2802713","x","MO","Eiten, G.","1927","Native","1960",,,"Latão","Prata",,"Mogi Guaçu","Municipio de Moji-Guaçu: ""Campos das Sete Lagoas'. Fazenda Campininha, just north of Rio Moji-Guaçu. 3.4 km. NNW of Padua Sales. (About 27 km. NW of city of Moji-Mirim.) General vegetation: campo cerrado (a type of scrubby woodland originally) on upland, or very rarely forest. Open marsh or dense secondary forest (""mata"") along the streams. This habitat: Cultivated. Back of main house."
"ESTAÇÃO ECOLÓGICA MOGI-GUAÇU","Angiosperms","Lythraceae","Lafoensia","vandelliana","Cham. & Schltdl.","LYTHRACEAE Lafoensia vandelliana Cham. & Schltdl.","US03041250","splink","US","Eiten, G.","1515","Native","1959",,,"Latão","Prata",,"Mogi Guaçu","Município de Moji-Guaçu: Just N. of property line of ""Campos das Sete Lagôas"". Fazenda Campininha, just north of Rio Moji-Guaçu. -15 km. N. of Padua Sales. (About 27 km. NW of city of Moji-Mirim)."
"ESTAÇÃO ECOLÓGICA MOGI-GUAÇU","Angiosperms","Poaceae","Rhytachne",,"Desv. ex Ham.","POACEAE Rhytachne Desv. ex Ham.","US04239638","splink","US","Eiten, G.","1535","Native","1959",,,"Latão","Prata",,"Mogi Guaçu","Município de Moji-Guaçu: ""Campos das Sete Lagôas"". Fazenda Campininha, just north of Rio Moji-Guaçu. 3.8 km. NNW of Padua Sales. (About 27 km. NW of city of Moji-Mirim.)."
"ESTAÇÃO ECOLÓGICA MOGI-GUAÇU","Angiosperms","Poaceae","Saccharum","angustifolium","(Nees) Trin.","POACEAE Saccharum angustifolium (Nees) Trin.","NY00783926","x","NY","Eiten, G.","1545","Native","1959",,,"Latão","Prata",,"Mogi Guaçu","Campos das Sete Lagôas"". Fazenda Campininha, just north of Rio Moji-Guaçu. ~6 km. NW of Padua Sales. (About 27 km. NW of city of Moji-Mirim.) 3 km. N of river"
"ESTAÇÃO ECOLÓGICA MOGI-GUAÇU","Angiosperms","Poaceae","Tripidium","ravennae","(L.) H.Scholz","POACEAE Tripidium ravennae (L.) H.Scholz","US04342343","splink","US","Eiten, G.","1545","Native","1959",,,"Latão","Prata",,"Mogi Guaçu","Município de Moji-Guaçu: ""Campos das Sete Lagôas"". Fazenda Campininha, just north of Rio Moji-Guaçu. 76 km. NNW of Paduua Sales. (About 27 km. NW of city of Moji-Mirim.) 3 km. N. of river."
"ESTAÇÃO ECOLÓGICA MOGI-GUAÇU","Angiosperms","Verbenaceae","Verbena","litoralis","(Moldenke) N.O'Leary","VERBENACEAE Verbena litoralis var. subglabrata (Moldenke) N.O'Leary","NY00584692","splink","NY","Eiten, G.","1595","Native","1959",,,"Latão","Prata",,"Mogi Guaçu","""Campos das Sete Lagôas"". Fazenda Campininha, just north of Rio Moji-Guaçu. 3.4 km. NNW of Padua Sales. (27 km. NW of city of Moji-Mirim.)"
"ESTAÇÃO ECOLÓGICA MOGI-GUAÇU","Angiosperms","Asteraceae","Disynaphia",,"Hook. & Arn. ex DC.","ASTERACEAE Disynaphia Hook. & Arn. ex DC.","80683","x","SP","Kuhlmann, M.","3793","Native","1956",,,"Latão","Prata",,"Mogi Guaçu","Fazenda Campininha, Próximo de Pádua Sales, E.F.S."
"ESTAÇÃO ECOLÓGICA MOGI-GUAÇU","Angiosperms","Acanthaceae","Dyschoriste",,"Nees","ACANTHACEAE Dyschoriste Nees","65831","splink","SP","Kuhlmann, M.","3688","Native","1955",,,"Latão","Prata",,"Mogi Guaçu","Fazenda Campininha, próximo de Pádua Sales"
"ESTAÇÃO ECOLÓGICA MOGI-GUAÇU","Angiosperms","Gentianaceae","Deianira",,"Cham. & Schltdl.","GENTIANACEAE Deianira Cham. & Schltdl.","MA-01-00277036","x","MA","Handro, O.","466","Native","1955",,,"Latão","Prata",,"Mogi Guaçu","Estado de Sâo Paulo: Municipio de Mojí-Guassú: Fazenda Campininha, perto de Pádua Sales"
"ESTAÇÃO ECOLÓGICA MOGI-GUAÇU","Angiosperms","Gentianaceae","Deianira","chiquitana","Herzog","GENTIANACEAE Deianira chiquitana Herzog","US03241593","splink","US","Handro, O.","466","Native","1955",,,"Latão","Prata",,"Mogi Guaçu","Município de Mojí-Guassú, Fazenda Campininha, perto de Pádua Sales."
"ESTAÇÃO ECOLÓGICA MOGI-GUAÇU","Angiosperms","Solanaceae","Physalis",,"L.","SOLANACEAE Physalis L.","79419","splink","SP","Kuhlmann, M.","3713","Native","1955",,,"Latão","Prata",,"Mogi Guaçu","Fazenda Campininha"
"ESTAÇÃO ECOLÓGICA MOGI-GUAÇU","Angiosperms","Bignoniaceae","Tabebuia","fluviatilis","(Aubl.) DC.","BIGNONIACEAE Tabebuia fluviatilis (Aubl.) DC.","152","splink","BHCB","Leitao Filho, H.F.","s.n.","Native","0",,"0-0-0","Latão","Prata",,"Mogi Guaçu","Fazenda Campininha"
