"UC","Grupos","Família","Gênero","Espécie","Autor","Táxon_completo","Barcode","BD_Origem","Herbário","Coletor","Número_da_Coleta","Origem_FFBr","AnoColeta","Identificador","AnoID","ConfiançaID","ConfiançaLoc","Imagens","Município","Localidade"
"PARQUE NACIONAL SEMPRE-VIVAS","Angiosperms","Acanthaceae","Justicia",,"L.","ACANTHACEAE Justicia L.","BHCB052947","splink","BHCB","Almeida, T.E.","875","Native","2007",,"0-0-0","Latão","Ouro",,"Bocaiúva","Parque Nacional das Sempre-Vivas, Caminho entre Campos de São Domingos e a Serra do Landim passando pelo Córrego do Landi."
"PARQUE NACIONAL SEMPRE-VIVAS","Angiosperms","Acanthaceae","Justicia",,"L.","ACANTHACEAE Justicia L.","SPF00097590",,"SPF","Sakuragui, C.M.","CFCR15318","Native","1994",,,"Latão","Prata","jbrj-public.s3-sa-east-1.amazonaws.com/fsi/server?type=image&source=DZI/spf/spf/0/9/75/90/spf00097590.dzi","Buenópolis","Curimataí"
"PARQUE NACIONAL SEMPRE-VIVAS","Angiosperms","Amaranthaceae","Alternanthera",,"Forssk.","AMARANTHACEAE Alternanthera Forssk.","BHCB054118","splink","BHCB","Almeida, T.E.","909","Native","2007",,"0-0-0","Latão","Ouro",,"Bocaiúva","Parque Nacional das Sempre-Vivas, Caminho entre Campos de São Domingos e a Serra do Landi, passando pelo Córrego do Landi. Campos limpos, capão de mata, campos rupestres e campos sujos."
"PARQUE NACIONAL SEMPRE-VIVAS","Angiosperms","Amaranthaceae","Alternanthera",,"Forssk.","AMARANTHACEAE Alternanthera Forssk.","BHCB054120","splink","BHCB","Almeida, T.E.","893","Native","2007",,"0-0-0","Latão","Ouro",,"Bocaiúva","Parque Nacional das Sempre-Vivas, Caminho entre Campos de São Domingos e a Serra do Landi, passando pelo Córrego do Landi. Campos limpos, capão de mata, campos rupestres e campos sujos."
"PARQUE NACIONAL SEMPRE-VIVAS","Angiosperms","Amaranthaceae",,,"A.Juss.","AMARANTHACEAE Amaranthaceae A.Juss.","9520","splink","DIAM","Costa, F.N.","2148","Native","2018",,,"Latão","Ouro",,"Buenópolis","Buenópolis. Parque Nacional das Sempre-Vivas. Campos São Domingos"
"PARQUE NACIONAL SEMPRE-VIVAS","Angiosperms","Amaranthaceae",,,"A.Juss.","AMARANTHACEAE Amaranthaceae A.Juss.","8458","splink","DIAM","Coser, T.S.","1126","Native","2018",,,"Latão","Ouro",,"Buenópolis","Buenópolis. Parque Nacional das Sempre-Vivas. Fazenda Lameirão"
"PARQUE NACIONAL SEMPRE-VIVAS","Angiosperms","Amaranthaceae",,,"A.Juss.","AMARANTHACEAE Amaranthaceae A.Juss.","MBM450306",,"MBM","Dutra, L.L.","228","Native","2018",,,"Latão","Ouro",,"Buenópolis","Parque Nacional das Sempre-Vivas."
"PARQUE NACIONAL SEMPRE-VIVAS","Angiosperms","Amaranthaceae",,,"A.Juss.","AMARANTHACEAE Amaranthaceae A.Juss.","SPSF00057085","splink","SPSF","Dutra, L.L.","228","Native","2018",,,"Latão","Ouro",,"Buenópolis","Parque Nacional das Sempre-Vivas."
"PARQUE NACIONAL SEMPRE-VIVAS","Angiosperms","Amaranthaceae",,,"A.Juss.","AMARANTHACEAE Amaranthaceae A.Juss.","HUFU00059338","splink","HUFU","Machado, F.A.","30","Native","2014",,,"Latão","Ouro",,"Olhos-d'Água","Parque Nacional das Sempre-vivas., Trilha que parte de aprox. 4km depois de Macacos em direção ao alojamneto do Parque, passando pela base da Serra do Galho e pelo vale do Rio Preto."
"PARQUE NACIONAL SEMPRE-VIVAS","Angiosperms","Amaranthaceae","Gomphrena","agrestis","Mart.","AMARANTHACEAE Gomphrena agrestis Mart.","107251","x","BHCB","Almeida, T.E.","968",,"2007","Almeida, T.E.",,"Bronze","Ouro",,,"Parque Nacional das Sempre-Vivas, Região do 'Vai e volta' (Pinturas rupestres)."
"PARQUE NACIONAL SEMPRE-VIVAS","Angiosperms","Amaranthaceae","Gomphrena","agrestis","Mart.","AMARANTHACEAE Gomphrena agrestis Mart.","BHCB054733","splink","BHCB","Almeida, T.E.","858",,"2007","Almeida, T.E.","2007","Bronze","Ouro",,"Buenópolis","Parque Nacional das Sempre-Vivas, Caminho entre Campos de São Domingos e a Serra do Landi, passando pelo Córrego do Landi."
"PARQUE NACIONAL SEMPRE-VIVAS","Angiosperms","Amaranthaceae","Gomphrena","scapigera","Mart.","AMARANTHACEAE Gomphrena scapigera Mart.","8501","splink","DIAM","Coser, T.S.C.M.","1089",,"2018","Costa, F.N.","2023","Bronze","Ouro",,"Buenópolis","Buenópolis. Parque Nacional das Sempre-Vivas. Fazenda Lameirão"
"PARQUE NACIONAL SEMPRE-VIVAS","Angiosperms","Amaranthaceae","Pfaffia","tuberosa","(Spreng.) Hicken","AMARANTHACEAE Pfaffia tuberosa (Spreng.) Hicken","BHCB055069","splink","BHCB","Almeida, T.E.","861","Native","2007","Almeida, T.E.","2007","Bronze","Ouro",,"Buenópolis","Parque Nacional das Sempre-Vivas, Caminho entre Campos de São Domingos e a Serra do Landi, passando pelo Córrego do Landi."
"PARQUE NACIONAL SEMPRE-VIVAS","Angiosperms","Amaranthaceae","Xerosiphon","aphyllus","(Pohl ex Moq.) Pedersen","AMARANTHACEAE Xerosiphon aphyllus (Pohl ex Moq.) Pedersen","W2004-0013323","splink","W","Hatschbach, G.","72218","Native","2001","Hatschbach, G.","2001","Prata","Prata",,"Buenópolis","Curimataí, arredores (Mun. Buenópolis) Minas Gerais; Alt.: 700m."
"PARQUE NACIONAL SEMPRE-VIVAS","Angiosperms","Anacardiaceae","Anacardium","humile","A.St.-Hil.","ANACARDIACEAE Anacardium humile A.St.-Hil.","8651","splink","DIAM","Coser, T.S.","1067","Native","2018","Coser, T.S.",,"Bronze","Ouro",,"Buenópolis","Buenópolis. Parque Nacional das Sempre-Vivas. Fazenda Lameirão. Cerrado ralo"
"PARQUE NACIONAL SEMPRE-VIVAS","Angiosperms","Anacardiaceae","Anacardium","humile","A.St.-Hil.","ANACARDIACEAE Anacardium humile A.St.-Hil.","UB0337585","splink","UB","Coser, T.S.","1067","Native","2018","Coser, T.S.",,"Bronze","Ouro",,"Buenópolis","Parque Nacional das Sempre-Vivas. Fazenda Limeirão"
"PARQUE NACIONAL SEMPRE-VIVAS","Angiosperms","Anacardiaceae","Tapirira","guianensis","Aubl.","ANACARDIACEAE Tapirira guianensis Aubl.","HDJF00020738",,"HDJF","Costa, T.R.","4","Native","2016","Machado, E.L.M.","2016","Prata","Ouro",,"Diamantina","Parque Nacional das Sempre-Vivas, região sul, Distrito de São João da Chapada."
"PARQUE NACIONAL SEMPRE-VIVAS",,"Anacardiaceae","Tapirira","guianensis","Aubl.","ANACARDIACEAE Tapirira guianensis Aubl.","US01887061",,"US","Hatschbach, G.G.","77655",,"2004",,"2016","Latão","Prata","jbrj-public.s3-sa-east-1.amazonaws.com/fsi/server?type=image&source=DZI/us/us/1/88/70/61/us01887061.dzi","Buenópolis","Curimatai."
"PARQUE NACIONAL SEMPRE-VIVAS","Angiosperms","Anacardiaceae","Tapirira","guianensis","Aubl.","ANACARDIACEAE Tapirira guianensis Aubl.","US01887061","splink","US","Hatschbach, G.","77655","Native","2004",,,"Latão","Prata",,"Buenópolis","Curimatai."
"PARQUE NACIONAL SEMPRE-VIVAS","Angiosperms","Annonaceae","Xylopia","emarginata","Mart.","ANNONACEAE Xylopia emarginata Mart.","HDJF00020751",,"HDJF","Costa, T.R.","17","Native","2016","Machado, E.L.M.","2016","Prata","Ouro",,"Diamantina","Parque Nacional das Sempre-Vivas, região sul, Distrito de São João da Chapada."
"PARQUE NACIONAL SEMPRE-VIVAS","Angiosperms","Annonaceae","Xylopia","emarginata","Mart.","ANNONACEAE Xylopia emarginata Mart.","MBM274430",,"MBM","Hatschbach, G.","73642","Native","2002","Mello-Silva, R.",,"Ouro","Prata","jbrj-public.s3.amazonaws.com/fsi/server?type=image&source=DZI/mbm/mbm/0/27/44/30/mbm00274430.dzi","Buenópolis","Curimataí, Rio Preto"
"PARQUE NACIONAL SEMPRE-VIVAS","Angiosperms","Annonaceae","Xylopia","emarginata","Mart.","ANNONACEAE Xylopia emarginata Mart.","CGMS01079518",,"CGMS","Hatschbach, G.","72243","Native","2001","Mello-Silva, R.","2002","Ouro","Prata","jbrj-public.s3-sa-east-1.amazonaws.com/fsi/server?type=image&source=DZI/cgms/cgms/1/7/95/18/cgms01079518.dzi","Buenópolis","Curimataí, arredores."
"PARQUE NACIONAL SEMPRE-VIVAS","Angiosperms","Annonaceae","Xylopia","emarginata","Mart.","ANNONACEAE Xylopia emarginata Mart.","CESJ044339","splink","CESJ","Hatschbach, G.","73642","Native","2002","Mello-Silva, R.","2003","Ouro","Prata",,"Buenópolis","Curimataí, Rio Preto"
"PARQUE NACIONAL SEMPRE-VIVAS","Angiosperms","Annonaceae","Xylopia","emarginata","Mart.","ANNONACEAE Xylopia emarginata Mart.","SPF00156709","splink","SPF","Hatschbach, G.","73642","Native","2002","Mello-Silva, R.","2003","Ouro","Prata",,"Buenópolis","Curimataí, Rio Preto."
"PARQUE NACIONAL SEMPRE-VIVAS","Angiosperms","Apiaceae","Klotzschia",,"Cham.","APIACEAE Klotzschia Cham.","HDJF011034 HDJF00011034","splink","HDJF","Goncalves, F.B.","44","Native","2022",,,"Latão","Ouro",,"Bocaiúva","Torre. Região da Nascente do rio Jequitaí. Parque Nacional das Sempre-Vivas (PNSV)"
"PARQUE NACIONAL SEMPRE-VIVAS","Angiosperms","Apocynaceae","Ditassa","fasciculata","E.Fourn.","APOCYNACEAE Ditassa fasciculata E.Fourn.","MBM274433","splink","MBM","Hatschbach, G.","73797","Native","2002","Rapini, A.",,"Ouro","Prata",,"Buenópolis","Curimataí, Rio Preto."
"PARQUE NACIONAL SEMPRE-VIVAS","Angiosperms","Apocynaceae","Ditassa","fasciculata","E.Fourn.","APOCYNACEAE Ditassa fasciculata E.Fourn.","373168","splink","SP","Hatschbach, G.","73797","Native","2002","Rapini, A.","2003","Ouro","Prata",,"Buenópolis","Curimataí, rio Preto"
"PARQUE NACIONAL SEMPRE-VIVAS","Angiosperms","Apocynaceae","Ditassa","fasciculata","E.Fourn.","APOCYNACEAE Ditassa fasciculata E.Fourn.","FURB00519","splink","FURB","Hatschbach, G.","73797","Native","2002","Rapini, A.","2003","Ouro","Prata",,"Buenópolis","Curimataí, Rio Preto."
"PARQUE NACIONAL SEMPRE-VIVAS","Angiosperms","Apocynaceae","Ditassa","fasciculata","E.Fourn.","APOCYNACEAE Ditassa fasciculata E.Fourn.","HUEFS0072424","splink","HUEFS","Hatschbach, G.","73797","Native","2002","Rapini, A.","2003","Ouro","Prata",,"Buenópolis","Curimataí, Rio Preto"
"PARQUE NACIONAL SEMPRE-VIVAS","Angiosperms","Apocynaceae","Ditassa","fasciculata","E.Fourn.","APOCYNACEAE Ditassa fasciculata E.Fourn.","MA-01-00780570","x","MA","Hatschbach, G.","73797","Native","2002","Rapini, A.","2003","Ouro","Prata",,"Buenópolis","Curimataí, Rio Preto (Mun. Buenópolis) Minas Gerais"
"PARQUE NACIONAL SEMPRE-VIVAS","Angiosperms","Apocynaceae","Mandevilla",,"Lindl.","APOCYNACEAE Mandevilla Lindl.","5715","splink","DIAM","Machado, F.A.","13","Native","2014",,,"Latão","Ouro",,"Olhos-d'Água","Olhos D'Água: Parque Nacional das Sempre-vivas. Fazenda Álamos, cabeceira do córrego dos Confins. Coordenadas (WGS84): 17°37'21'' S, 43°45'54'' W"
"PARQUE NACIONAL SEMPRE-VIVAS","Angiosperms","Apocynaceae","Mandevilla",,"Lindl.","APOCYNACEAE Mandevilla Lindl.","HUFU00059341","splink","HUFU","Machado, F.A.","13","Native","2014",,,"Latão","Ouro",,"Olhos-d'Água","Parque Nacional das Sempre-vivas., Fazenda dos Álamos, cabeceira do córrego dos confins."
"PARQUE NACIONAL SEMPRE-VIVAS","Angiosperms","Aquifoliaceae","Ilex","affinis","Gardner","AQUIFOLIACEAE Ilex affinis Gardner","HCF000008555","splink","HCF","Hatschbach, G.","79416","Native","2005","Groppo, M.","2009","Ouro","Prata",,"Buenópolis","Curimataí"
"PARQUE NACIONAL SEMPRE-VIVAS","Angiosperms","Aquifoliaceae","Ilex","affinis","Gardner","AQUIFOLIACEAE Ilex affinis Gardner","CESJ083167","splink","CESJ","Hatschbach, G.","73652","Native","2002","Groppo, M.","2009","Ouro","Prata",,"Buenópolis","Curimataí, Rio Preto"
"PARQUE NACIONAL SEMPRE-VIVAS","Angiosperms","Aquifoliaceae","Ilex","affinis","Gardner","AQUIFOLIACEAE Ilex affinis Gardner","MBM308551",,"MBM","Hatschbach, G.","79416","Native","2005","Jr, M.G.","2009","Bronze","Prata","jbrj-public.s3.amazonaws.com/fsi/server?type=image&source=DZI/mbm/mbm/0/30/85/51/mbm00308551.dzi","Buenópolis","Curimataí"
"PARQUE NACIONAL SEMPRE-VIVAS","Angiosperms","Aquifoliaceae","Ilex",,"L.","AQUIFOLIACEAE Ilex L.","UB0052426","splink","UB","Silva, S.R.","1661","Native","2019",,,"Latão","Ouro",,"Diamantina","Parque Nacional das Sempre-Vivas"
"PARQUE NACIONAL SEMPRE-VIVAS","Angiosperms","Aquifoliaceae","Ilex",,"L.","AQUIFOLIACEAE Ilex L.","121635","x","CEN","Silva, S.R.","1661","Native","2019",,,"Latão","Ouro",,,"Parque Nacional das Sempre-Vivas."
"PARQUE NACIONAL SEMPRE-VIVAS","Angiosperms","Aquifoliaceae","Ilex",,"L.","AQUIFOLIACEAE Ilex L.","195374","x","BHCB","Martinelli, G.","19776","Native","2016",,,"Latão","Ouro",,,"Parque Nacional das Sempre-Vivas, Trilha entre a Pedra Redonda e Serra do Galho."
"PARQUE NACIONAL SEMPRE-VIVAS","Angiosperms","Araliaceae","Dendropanax","cuneatus","(DC.) Decne. & Planch.","ARALIACEAE Dendropanax cuneatus (DC.) Decne. & Planch.","HDJF00020742",,"HDJF","Costa, T.R.","8","Native","2016","Machado, E.L.M.","2016","Prata","Ouro",,"Diamantina","Parque Nacional das Sempre-Vivas, região norte, Município de Olhos Dágua."
"PARQUE NACIONAL SEMPRE-VIVAS","Angiosperms","Asteraceae","Acritopappus","longifolius","(Gardner) R.M.King & H.Rob.","ASTERACEAE Acritopappus longifolius (Gardner) R.M.King & H.Rob.","HDJF009616 HDJF00009616","splink","HDJF","Chaves, D.A.","1314","Native","2018","Chaves, D.","2019","Bronze","Prata",,"Buenópolis","Curimatai."
"PARQUE NACIONAL SEMPRE-VIVAS","Angiosperms","Asteraceae","Agrianthus","campestris","Mart. ex DC.","ASTERACEAE Agrianthus campestris Mart. ex DC.","HDJF009606 HDJF00009606","splink","HDJF","Chaves, D.A.","1265","Native","2018","Chaves, D.","2019","Bronze","Prata",,"Buenópolis","Curimatai."
"PARQUE NACIONAL SEMPRE-VIVAS","Angiosperms","Asteraceae","Aldama","bracteata","(Gardner) E.E.Schill. & Panero","ASTERACEAE Aldama bracteata (Gardner) E.E.Schill. & Panero","BHCB047304","splink","BHCB","Almeida, T.E.","s.n.","Native","2007","Bueno, V.R.","2018","Bronze","Ouro",,"Buenópolis","Parque Nacional das Sempre-Vivas, Campos São Domingos. Cabeceira do Córrego São Domingos."
"PARQUE NACIONAL SEMPRE-VIVAS","Angiosperms","Asteraceae","Aldama","bracteata","(Gardner) E.E.Schill. & Panero","ASTERACEAE Aldama bracteata (Gardner) E.E.Schill. & Panero","HDJF009597 HDJF00009597","splink","HDJF","Chaves, D.A.","1220","Native","2018","Chaves, D.","2019","Bronze","Prata",,"Buenópolis","Curimatai."
"PARQUE NACIONAL SEMPRE-VIVAS","Angiosperms","Asteraceae","Aspilia","jolyana","G.M.Barroso","ASTERACEAE Aspilia jolyana G.M.Barroso","ESAL000028090","splink","ESAL","Mansanares, M.E.","768","Native",,"Mansanares, M.E.",,"Ouro","Ouro",,"Diamantina","São João da Chapada, Parque Nacional das Sempre-vivas"
"PARQUE NACIONAL SEMPRE-VIVAS","Angiosperms","Asteraceae",,,"Bercht. & J.Presl","ASTERACEAE Asteraceae Bercht. & J.Presl","HDJF011000 HDJF00011000","splink","HDJF","Goncalves, F.B.","8","Native","2022",,,"Latão","Ouro",,"Buenópolis","Córrego de Lajes. Região da Nascente do rio Jequitaí. Parque Nacional das Sempre-Vivas (PNSV)"
"PARQUE NACIONAL SEMPRE-VIVAS","Angiosperms","Asteraceae",,,"Bercht. & J.Presl","ASTERACEAE Asteraceae Bercht. & J.Presl","10903","splink","DIAM","Costa, F.N.","2130","Native","2018",,,"Latão","Ouro",,"Diamantina","Diamantina. Parque Nacional das Sempre-Vivas. Campos São Domingos, bem próximo do alojamento. Campo rupestre próximo ao córrego Curralinho ou Pau-de-Copas, nascente do rio Jequitaí. 17°54'58,4""S, 43°47'6""W, 1261 m alt."
"PARQUE NACIONAL SEMPRE-VIVAS","Angiosperms","Asteraceae",,,"Bercht. & J.Presl","ASTERACEAE Asteraceae Bercht. & J.Presl","10996","splink","DIAM","Coser, T.S.","882","Native","2018",,,"Latão","Ouro",,"Buenópolis","Buenópolis. Parque Nacional das Sempre-Vivas. Fazenda Lameirão"
"PARQUE NACIONAL SEMPRE-VIVAS","Angiosperms","Asteraceae",,,"Bercht. & J.Presl","ASTERACEAE Asteraceae Bercht. & J.Presl","10998","splink","DIAM","Coser, T.S.","1054","Native","2018",,,"Latão","Ouro",,"Buenópolis","Buenópolis. Parque Nacional das Sempre-Vivas. Fazenda Lameirão"
"PARQUE NACIONAL SEMPRE-VIVAS","Angiosperms","Asteraceae",,,"Bercht. & J.Presl","ASTERACEAE Asteraceae Bercht. & J.Presl","10993","splink","DIAM","Costa, F.N.","2103","Native","2018",,,"Latão","Ouro",,"Diamantina","Diamantina. Parque Nacional das Sempre-Vivas. Próximo à entrada do Parque Nacional das Sempre Vivas no caminho que circunda a Serrado Galho. 17°57'45.8""S, 43°47'19.6""W, 1244 msm. Mancha de cerrado na borda de afloramentos rochosos. Queimado recentemente."
"PARQUE NACIONAL SEMPRE-VIVAS","Angiosperms","Asteraceae","Ayapana","amygdalina","(Lam.) R.M.King & H.Rob.","ASTERACEAE Ayapana amygdalina (Lam.) R.M.King & H.Rob.","SPF00221331","splink","SPF","Cota, M.M.T.","742","Native","2014","Oliveira, C.T.","2014","Bronze","Ouro",,"Olhos-d'Água","Parque Nacional das Sempre-Vivas, Entrada do distrito de Macacos; estrada em direção ao norte do parque; sentido Inhacica."
"PARQUE NACIONAL SEMPRE-VIVAS","Angiosperms","Asteraceae","Baccharis","ligustrina","DC.","ASTERACEAE Baccharis ligustrina DC.","SPF00224408","splink","SPF","Siniscalchi, C.M.","546","Native","2014","Heiden, G.","2014","Ouro","Ouro",,"Bocaiúva","Parque Nacional das Sempre-Vivas, Entrada do distrito de Macacos, estrada em direção ao norte do parque, sentido Inhacica."
"PARQUE NACIONAL SEMPRE-VIVAS","Angiosperms","Asteraceae","Baccharis","perlata","Sch.Bip. ex Baker","ASTERACEAE Baccharis perlata Sch.Bip. ex Baker","UB0052419",,"UB","Silva, S.R.","1673","Native","2019","Bringel, J.B.","2022","Ouro","Ouro",,"Diamantina","Parque Nacional das Sempre-Vivas"
"PARQUE NACIONAL SEMPRE-VIVAS","Angiosperms","Asteraceae","Baccharis","perlata","Sch.Bip. ex Baker","ASTERACEAE Baccharis perlata Sch.Bip. ex Baker","UB0052419","splink","UB","Silva, S.R.","1673","Native","2019","Bringel, J.B.","2022","Ouro","Ouro",,"Diamantina","Parque Nacional das Sempre-Vivas"
"PARQUE NACIONAL SEMPRE-VIVAS","Angiosperms","Asteraceae","Baccharis","reticularia","DC.","ASTERACEAE Baccharis reticularia DC.","HDJF009607 HDJF00009607","splink","HDJF","Chaves, D.A.","1267","Native","2018","Chaves, D.","2019","Bronze","Prata",,"Buenópolis","Curimatai."
"PARQUE NACIONAL SEMPRE-VIVAS","Angiosperms","Asteraceae","Bidens","flagellaris","Baker","ASTERACEAE Bidens flagellaris Baker","HDJF009605 HDJF00009605","splink","HDJF","Chaves, D.A.","1259","Native","2018","Chaves, D.","2019","Bronze","Prata",,"Buenópolis","Curimatai."
"PARQUE NACIONAL SEMPRE-VIVAS","Angiosperms","Asteraceae","Calea",,"L.","ASTERACEAE Calea L.","K001103790",,"K","Pirani, J.R.","5329","Native","2004",,,"Latão","Prata","jbrj-public.s3-sa-east-1.amazonaws.com/fsi/server?type=image&source=DZI/kew/k/0/11/3/79/0/k001103790.dzi","Buenópolis","Curimataí, Simão, 1,8 km S da praça de Jatobá em Curimataí. Sopés da Cadeia do Espinhaço, na confluência do Riachinho com o Rio Simão."
"PARQUE NACIONAL SEMPRE-VIVAS","Angiosperms","Asteraceae","Calea",,"L.","ASTERACEAE Calea L.","3470909","x","MO","Pirani, J.R.","5329","Native","2004",,,"Latão","Prata",,"Buenópolis","Mun. Buenópolis, Curimataí, Simão, 1,8 km S da praça de Jatobá em Curimataí. Sopés da Cadeia do Espinhaço, na confluência do Riachinho com o Rio Simão."
"PARQUE NACIONAL SEMPRE-VIVAS","Angiosperms","Asteraceae","Chresta","sphaerocephala","DC.","ASTERACEAE Chresta sphaerocephala DC.","HDJF009610 HDJF00009610","splink","HDJF","Chaves, D.A.","1282","Native","2018","Chaves, D.","2019","Bronze","Prata",,"Buenópolis","Curimatai."
"PARQUE NACIONAL SEMPRE-VIVAS","Angiosperms","Asteraceae","Chronopappus","lanatus","Loeuille, Semir & Pirani","ASTERACEAE Chronopappus lanatus Loeuille, Semir & Pirani","BHCB208901","splink","BHCB","Candido, J.B.","329","Native","2019","Loeuille, B.F.P.","2019","Bronze","Ouro",,"Diamantina","Parque Nacional das Sempre-Vivas, Beira da estrada sentido alojamento dos funcionários ao lado direito, sobre barranco"
"PARQUE NACIONAL SEMPRE-VIVAS","Angiosperms","Asteraceae","Dasyphyllum","sprengelianum","(Gardner) Cabrera","ASTERACEAE Dasyphyllum sprengelianum (Gardner) Cabrera","224409","x","SPF","Siniscalchi, C.M.","560","Native","2014","Saavedra, M.M.","2014","Ouro","Ouro",,,"Parque Nacional das Sempre-Vivas, Entrada do distrito de Macacos, trilha margeando o rio Jequitaí, na divisa com a cidade de Bocaiúva."
"PARQUE NACIONAL SEMPRE-VIVAS","Angiosperms","Asteraceae","Disynaphia","praeficta","(B.L.Rob.) R.M.King & H.Rob.","ASTERACEAE Disynaphia praeficta (B.L.Rob.) R.M.King & H.Rob.","BHCB203491","splink","BHCB","Brina, A.E.","s.n.","Native","2019",,"0-0-0","Latão","Ouro",,"Diamantina","Parque Nacional das Sempre-Vivas"
"PARQUE NACIONAL SEMPRE-VIVAS","Angiosperms","Asteraceae","Echinocoryne","schwenkiifolia","(Mart. ex DC.) H.Rob.","ASTERACEAE Echinocoryne schwenkiifolia (Mart. ex DC.) H.Rob.","120938","splink","BHCB","Almeida, T.E.","1369","Native","2008","Teles, A.M.","2008","Ouro","Ouro",,"Buenópolis","Parque Nacional das Sempre-Vivas, Caminho para a Serra do Mocó, passando pelo córrego do Mocó. Campos rupestres, campos limpos, campos sujos, cerrado sentido restrito e matas de galeria."
"PARQUE NACIONAL SEMPRE-VIVAS","Angiosperms","Asteraceae","Echinocoryne","schwenkiifolia","(Mart. ex DC.) H.Rob.","ASTERACEAE Echinocoryne schwenkiifolia (Mart. ex DC.) H.Rob.","121457","splink","BHCB","Souza, D.T.","457","Native","2008","Sobral, M.","2008","Prata","Ouro",,"Buenópolis","Parque Nacional das Sempre-Vivas, Campos de São Domingos, Mocó."
"PARQUE NACIONAL SEMPRE-VIVAS","Angiosperms","Asteraceae","Echinocoryne","stricta","(Gardner) H.Rob.","ASTERACEAE Echinocoryne stricta (Gardner) H.Rob.","US01629949",,"US","Hatschbach, G.","72232","Native","2001",,,"Latão","Prata","jbrj-public.s3-sa-east-1.amazonaws.com/fsi/server?type=image&source=DZI/us/us/1/62/99/49/us01629949.dzi","Buenópolis","Curimatai, arredores (Mun. Buenopolis) Minas Gerais"
"PARQUE NACIONAL SEMPRE-VIVAS","Angiosperms","Asteraceae","Echinocoryne","stricta","(Gardner) H.Rob.","ASTERACEAE Echinocoryne stricta (Gardner) H.Rob.","US 3407285","x","US","Hatschbach, G.","72232","Native","2001",,,"Latão","Prata",,"Buenópolis","Curimatai, arredores (Mun. Buenopolis) Minas Gerais"
"PARQUE NACIONAL SEMPRE-VIVAS","Angiosperms","Asteraceae","Eremanthus","elaeagnus","(Mart. ex DC.) Sch.Bip.","ASTERACEAE Eremanthus elaeagnus (Mart. ex DC.) Sch.Bip.","BHCB051515","splink","BHCB","Almeida, T.E.","1348",,"2008","Loeuille, B.F.P.","2009","Bronze","Ouro",,"Buenópolis","Parque Nacional das Sempre-Vivas, Caminho para a Serra do Mocó, passando pelo córrego do Mocó. Campos rupestres, Campos limpos, Campos sujos, Cerrado sentido restrito e Mata de galeria."
"PARQUE NACIONAL SEMPRE-VIVAS","Angiosperms","Asteraceae","Heterocoma","lanuginosa","(Glaz. ex Oliv.) Loeuille, J.N.Nakaj. & Semir","ASTERACEAE Heterocoma lanuginosa (Glaz. ex Oliv.) Loeuille, J.N.Nakaj. & Semir","MBM258427",,"MBM","Hatschbach, G.","72231","Native","2001","Monge, M.","2025","Ouro","Prata",,"Buenópolis","Curimataí, base da Serra dos Macacos"
"PARQUE NACIONAL SEMPRE-VIVAS","Angiosperms","Asteraceae","Heterocoma","lanuginosa","(Glaz. ex Oliv.) Loeuille, J.N.Nakaj. & Semir","ASTERACEAE Heterocoma lanuginosa (Glaz. ex Oliv.) Loeuille, J.N.Nakaj. & Semir","HUFU00046340","splink","HUFU","Hatschbach, G.","72231","Native","2001","Nakajima, J.N.","2022","Ouro","Prata",,"Buenópolis","Curimataí, Base da Serra dos Macacos. Próximo do córrego."
"PARQUE NACIONAL SEMPRE-VIVAS","Angiosperms","Asteraceae","Heterocoma","lanuginosa","(Glaz. ex Oliv.) Loeuille, J.N.Nakaj. & Semir","ASTERACEAE Heterocoma lanuginosa (Glaz. ex Oliv.) Loeuille, J.N.Nakaj. & Semir","102971101","splink","MO-DUPLICATES","Hatschbach, G.G.","72231","Native","2001","Pruski, J.","2013","Ouro","Prata",,"Buenópolis","Curimataí"
"PARQUE NACIONAL SEMPRE-VIVAS","Angiosperms","Asteraceae","Heterocoma","lanuginosa","(Glaz. ex Oliv.) Loeuille, J.N.Nakaj. & Semir","ASTERACEAE Heterocoma lanuginosa (Glaz. ex Oliv.) Loeuille, J.N.Nakaj. & Semir","102971102","splink","MO-DUPLICATES","Hatschbach, G.G.","72231","Native","2001","Pruski, J.","2013","Ouro","Prata",,"Buenópolis","Curimataí"
"PARQUE NACIONAL SEMPRE-VIVAS","Angiosperms","Asteraceae","Heterocoma","lanuginosa","(Glaz. ex Oliv.) Loeuille, J.N.Nakaj. & Semir","ASTERACEAE Heterocoma lanuginosa (Glaz. ex Oliv.) Loeuille, J.N.Nakaj. & Semir","HUCS017947","splink","HUCS","Hatschbach, G.","72231","Native","2001","Robinson, H.","2001","Ouro","Prata",,"Buenópolis","Curimataí - base da Serra dos Macacos"
"PARQUE NACIONAL SEMPRE-VIVAS","Angiosperms","Asteraceae","Lepidaploa","lilacina","(Mart. ex DC.) H.Rob.","ASTERACEAE Lepidaploa lilacina (Mart. ex DC.) H.Rob.","HDJF009612 HDJF00009612","splink","HDJF","Chaves, D.A.","1288","Native","2018","Chaves, D.","2019","Bronze","Prata",,"Buenópolis","Curimatai."
"PARQUE NACIONAL SEMPRE-VIVAS","Angiosperms","Asteraceae","Lepidaploa","rufogrisea","(A.St.-Hil.) H.Rob.","ASTERACEAE Lepidaploa rufogrisea (A.St.-Hil.) H.Rob.","5945","splink","DIAM","Costa, F.N.","1820","Native","2016","Nakajima, J.N.","2018","Ouro","Ouro",,"Olhos-d'Água","Olhos D'Água. Parque Nacional das Sempre-Vivas. Trilha do Télegrafo, nas proximidades da Água da Estaca, localmente conhecido como Meia Pataca. Bacia do Rio Jequitinhonha. 17°42'05,7""S, 43°42'16,9""W, 928 m elev. Cerrado em meio a afloramento rochosos."
"PARQUE NACIONAL SEMPRE-VIVAS","Angiosperms","Asteraceae","Lessingianthus","psilophyllus","(DC.) H.Rob.","ASTERACEAE Lessingianthus psilophyllus (DC.) H.Rob.","121449","splink","BHCB","Souza, D.T.","449","Native","2008","Almeida, T.E.","2008","Bronze","Ouro",,"Buenópolis","Parque Nacional das Sempre-Vivas, Campos de São Domingos, Mocó."
"PARQUE NACIONAL SEMPRE-VIVAS","Angiosperms","Asteraceae","Lessingianthus","pycnostachyus","(DC.) H.Rob.","ASTERACEAE Lessingianthus pycnostachyus (DC.) H.Rob.","HUFU00059353","splink","HUFU","Echternacht, L.","2571","Native","2014","Nakajima, J.N.","2015","Ouro","Ouro",,"Olhos-d'Água","Parque Nacional das Sempre-vivas., No vale do rio Jequitaí."
"PARQUE NACIONAL SEMPRE-VIVAS","Angiosperms","Asteraceae","Lychnocephalus","tomentosus","Mart. ex DC.","ASTERACEAE Lychnocephalus tomentosus Mart. ex DC.","SPF00224392","splink","SPF","Siniscalchi, C.M.","559","Native","2014","Loeuille, B.","2014","Ouro","Ouro",,"Buenópolis","Parque Nacional das Sempre-Vivas, Estrada em direção ao norte do parque."
"PARQUE NACIONAL SEMPRE-VIVAS","Angiosperms","Asteraceae","Lychnocephalus","tomentosus","Mart. ex DC.","ASTERACEAE Lychnocephalus tomentosus Mart. ex DC.","BHCB039510","splink","BHCB","Siniscalchi, C.M.","542","Native","2014","Loeuille, B.F.P.","2014","Bronze","Ouro",,"Bocaiúva","Parque Nacional das Sempre-Vivas, Entrada do distrito de Macacos, estrada em direção ao norte do parque, sentido Inhacica."
"PARQUE NACIONAL SEMPRE-VIVAS","Angiosperms","Asteraceae","Lychnocephalus","tomentosus","Mart. ex DC.","ASTERACEAE Lychnocephalus tomentosus Mart. ex DC.","BHCB025522","splink","BHCB","Almeida, T.E.","1343","Native","2008","Loeuille, B.F.P.","2015","Bronze","Ouro",,"Buenópolis","Parque Nacional das Sempre-Vivas, Caminho entre a vila de Macacos e o Campos São Domingos. Campos rupestres e campos limpos."
"PARQUE NACIONAL SEMPRE-VIVAS","Angiosperms","Asteraceae","Lychnophora",,"Mart.","ASTERACEAE Lychnophora Mart.","HUFU00059359",,"HUFU","Echternacht, L.","2508","Native","2014",,,"Latão","Ouro","jbrj-public.s3-sa-east-1.amazonaws.com/fsi/server?type=image&source=DZI/hufu/hufu/0/5/93/59/hufu00059359.dzi","Olhos-d'Água","Parque Nacional das Sempre-vivas. ; Fazenda dos álamosCampos dos Ferreira, nascente do sobradão."
"PARQUE NACIONAL SEMPRE-VIVAS","Angiosperms","Asteraceae","Lychnophora",,"Mart.","ASTERACEAE Lychnophora Mart.","UB0052431",,"UB","Silva, S.R.","1667","Native","2019",,,"Latão","Ouro",,"Diamantina","Parque Nacional das Sempre-Vivas"
"PARQUE NACIONAL SEMPRE-VIVAS","Angiosperms","Asteraceae","Lychnophora",,"Mart.","ASTERACEAE Lychnophora Mart.","UB0052431","splink","UB","Silva, S.R.","1667","Native","2019",,,"Latão","Ouro",,"Diamantina","Parque Nacional das Sempre-Vivas"
"PARQUE NACIONAL SEMPRE-VIVAS","Angiosperms","Asteraceae","Lychnophora","villosissima","Mart.","ASTERACEAE Lychnophora villosissima Mart.","BHCB203493","splink","BHCB","Brina, A.E.","s.n.","Native","2019","Meyer, P.B.","2019","Bronze","Ouro",,"Diamantina","Parque Nacional das Sempre-Vivas"
"PARQUE NACIONAL SEMPRE-VIVAS","Angiosperms","Asteraceae","Mikania","microcephala","DC.","ASTERACEAE Mikania microcephala DC.","FUEL030854","splink","FUEL","Hatschbach, G.","77652","Native","2004","Robinson, H.","2005","Ouro","Prata",,"Buenópolis","Curimataí"
"PARQUE NACIONAL SEMPRE-VIVAS","Angiosperms","Asteraceae","Mikania","microcephala","DC.","ASTERACEAE Mikania microcephala DC.","FURB18104","splink","FURB","Hatschbach, G.","77652","Native","2004","Robinson, H.","2005","Ouro","Prata",,"Buenópolis","Curimataí."
"PARQUE NACIONAL SEMPRE-VIVAS","Angiosperms","Asteraceae","Mikania","microcephala","DC.","ASTERACEAE Mikania microcephala DC.","US01673832",,"US","Hatschbach, G.","77652","Native","2004",,,"Latão","Prata","jbrj-public.s3-sa-east-1.amazonaws.com/fsi/server?type=image&source=DZI/us/us/1/67/38/32/us01673832.dzi","Buenópolis","Curimataí (Mun. Buenópolis)"
"PARQUE NACIONAL SEMPRE-VIVAS","Angiosperms","Asteraceae","Mikania","microcephala","DC.","ASTERACEAE Mikania microcephala DC.","US 3674511","x","US","Hatschbach, G.","77652","Native","2004",,,"Latão","Prata",,"Buenópolis","Curimataí (Mun. Buenópolis)"
"PARQUE NACIONAL SEMPRE-VIVAS","Angiosperms","Asteraceae","Mikania","sessilifolia","DC.","ASTERACEAE Mikania sessilifolia DC.","HDJF009609 HDJF00009609","splink","HDJF","Chaves, D.A.","1274","Native","2018","Chaves, D.","2019","Bronze","Prata",,"Buenópolis","Curimatai."
"PARQUE NACIONAL SEMPRE-VIVAS","Angiosperms","Asteraceae","Mikania","sessilifolia","DC.","ASTERACEAE Mikania sessilifolia DC.","HUFU00085168","splink","HUFU","Chaves, D.A.","1274","Native","2018","Chaves, D.A.","2019","Bronze","Prata",,"Buenópolis","Curimatai."
"PARQUE NACIONAL SEMPRE-VIVAS","Angiosperms","Asteraceae","Minasia","alpestris","(Gardner) H.Rob.","ASTERACEAE Minasia alpestris (Gardner) H.Rob.","CEN00121658","splink","CEN","Silva, S.R.","1685","Native","2021","Manete, H.","2021","Bronze","Ouro",,"Diamantina","Parque Nacional das Sempre-Vivas."
"PARQUE NACIONAL SEMPRE-VIVAS","Angiosperms","Asteraceae","Minasia","alpestris","(Gardner) H.Rob.","ASTERACEAE Minasia alpestris (Gardner) H.Rob.","CEN00121670","splink","CEN","Silva, S.R.","1697","Native","2021","Manete, H.","2021","Bronze","Ouro",,"Diamantina","Parque Nacional das Sempre-Vivas."
"PARQUE NACIONAL SEMPRE-VIVAS","Angiosperms","Asteraceae","Minasia","alpestris","(Gardner) H.Rob.","ASTERACEAE Minasia alpestris (Gardner) H.Rob.","UB0052401",,"UB","Silva, S.R.","1685","Native","2021","Manete, H.","2021","Bronze","Ouro",,"Diamantina","Parque Nacional das Sempre-Vivas"
"PARQUE NACIONAL SEMPRE-VIVAS","Angiosperms","Asteraceae","Minasia","alpestris","(Gardner) H.Rob.","ASTERACEAE Minasia alpestris (Gardner) H.Rob.","UB0052414",,"UB","Silva, S.R.","1697","Native","2021","Manete, H.","2021","Bronze","Ouro",,"Diamantina","Parque Nacional das Sempre-vivas"
"PARQUE NACIONAL SEMPRE-VIVAS","Angiosperms","Asteraceae","Minasia","alpestris","(Gardner) H.Rob.","ASTERACEAE Minasia alpestris (Gardner) H.Rob.","220359","x","UB","Silva, S.R.","1697","Native","2021","Manete, H.","2021","Bronze","Ouro",,,"Parque Nacional das Sempre-vivas"
"PARQUE NACIONAL SEMPRE-VIVAS","Angiosperms","Asteraceae","Minasia","pereirae","H.Rob.","ASTERACEAE Minasia pereirae H.Rob.","ESAL000028099","splink","ESAL","Mansanares, M.E.","816","Native",,"Mansanares, M.E.",,"Ouro","Ouro",,"Diamantina","São João da Chapada, Parque Nacional das Sempre-vivas"
"PARQUE NACIONAL SEMPRE-VIVAS","Angiosperms","Asteraceae","Minasia","pereirae","H.Rob.","ASTERACEAE Minasia pereirae H.Rob.","224419","x","SPF","Siniscalchi, C.M.","554","Native","2014","Loeuille, B.","2017","Ouro","Ouro",,,"Parque Nacional das Sempre-Vivas, Estrada em direção ao norte do parque."
"PARQUE NACIONAL SEMPRE-VIVAS","Angiosperms","Asteraceae","Minasia","pereirae","H.Rob.","ASTERACEAE Minasia pereirae H.Rob.","BHCB203494","splink","BHCB","Junqueira, P.A.","268","Native","2019","Meyer, P.B.","2019","Bronze","Ouro",,"Diamantina","Parque Nacional das Sempre-Vivas"
"PARQUE NACIONAL SEMPRE-VIVAS","Angiosperms","Asteraceae","Minasia","pereirae","H.Rob.","ASTERACEAE Minasia pereirae H.Rob.","BHCB025621","splink","BHCB","Almeida, T.E.","1344","Native","2008","Loeuille, B.F.P.","2015","Bronze","Ouro",,"Buenópolis","Parque Nacional das Sempre-Vivas, Caminho entre a vila de Macacos e o Campos São Domingos. Campos rupestres e Campos limpos"
"PARQUE NACIONAL SEMPRE-VIVAS","Angiosperms","Asteraceae","Minasia","pereirae","H.Rob.","ASTERACEAE Minasia pereirae H.Rob.","BHCB209062","splink","BHCB","Candido, J.B.","379","Native","2019",,"0-0-0","Latão","Ouro",,"Diamantina","Parque Nacional das Sempre-Vivas, Beira da estrada, à esquerda do alojamento, seguindo reto pela estrada principal."
"PARQUE NACIONAL SEMPRE-VIVAS","Angiosperms","Asteraceae","Paralychnophora","glaziouana","Loeuille","ASTERACEAE Paralychnophora glaziouana Loeuille","HDJF009613 HDJF00009613","splink","HDJF","Chaves, D.A.","1294","Native","2018","Chaves, D.","2019","Bronze","Prata",,"Buenópolis","Curimatai."
"PARQUE NACIONAL SEMPRE-VIVAS","Angiosperms","Asteraceae","Piptolepis","corymbosa","J.B.Cândido & Loeuille","ASTERACEAE Piptolepis corymbosa J.B.Cândido & Loeuille","211499","x","BHCB","Candido, J.B.","332","Native","2019","Candido, J.B.","2021","Ouro","Ouro",,,"Parque Nacional das Sempre-Vivas, Área de afloramento rochoso, atrás do alojamento as margens de um pequeno córrego nas rochas."
"PARQUE NACIONAL SEMPRE-VIVAS","Angiosperms","Asteraceae","Piptolepis","leptospermoides","(Mart. ex DC.) Sch.Bip.","ASTERACEAE Piptolepis leptospermoides (Mart. ex DC.) Sch.Bip.","BHCB203495","splink","BHCB","Brina, A.E.","s.n.","Native","2019","Meyer, P.B.","2019","Bronze","Ouro",,"Diamantina","Parque Nacional das Sempre-Vivas"
"PARQUE NACIONAL SEMPRE-VIVAS","Angiosperms","Asteraceae","Piptolepis","pilosa","J.B.Cândido & Loeuille","ASTERACEAE Piptolepis pilosa J.B.Cândido & Loeuille","BHCB211505","splink","BHCB","Candido, J.B.","376","Native","2019","Candido, J.B.","2021","Ouro","Ouro",,"Diamantina","Parque Nacional das Sempre-Vivas, Próximo ao Rio Jequitaí, pegando estrada a direita do alojamento, ca. 4km do alojamento."
"PARQUE NACIONAL SEMPRE-VIVAS","Angiosperms","Asteraceae","Piptolepis",,"Sch.Bip.","ASTERACEAE Piptolepis Sch.Bip.","5900","splink","DIAM","Costa, F.N.","1849","Native","2016",,,"Latão","Ouro",,"Olhos-d'Água","Olhos D'Água. Parque Nacional das Sempre-Vivas. Trilha do Telégrafo, Campos João Alves. Bacia do Rio Jequitinhonha.17°43'58,2""S, 43°41'58,2""W, 1134 m elev. Campo rupestre."
"PARQUE NACIONAL SEMPRE-VIVAS","Angiosperms","Asteraceae","Piptolepis",,"Sch.Bip.","ASTERACEAE Piptolepis Sch.Bip.","7717","splink","DIAM","Martinelli, G.","19506","Native","2016",,,"Latão","Ouro",,"Diamantina","Diamantina. Parque Nacional Sempre-Vivas. Margens do Córrego Jequitaí. Campos rupestres com afloramentos rochosos. Elev.: 1238 m"
"PARQUE NACIONAL SEMPRE-VIVAS","Angiosperms","Asteraceae","Proteopsis","argentea","Mart. & Zucc. ex Sch.Bip.","ASTERACEAE Proteopsis argentea Mart. & Zucc. ex Sch.Bip.","203496","x","BHCB","Brina, A.E.","s.n.","Native","2019",,,"Latão","Ouro",,,"Parque Nacional das Sempre-Vivas"
"PARQUE NACIONAL SEMPRE-VIVAS","Angiosperms","Asteraceae","Pseudobrickellia","brasiliensis","(Spreng.) R.M.King & H.Rob.","ASTERACEAE Pseudobrickellia brasiliensis (Spreng.) R.M.King & H.Rob.","HUFU00085162","splink","HUFU","Chaves, D.A.","1242","Native","2018","Chaves, D.A.","2019","Bronze","Prata",,"Buenópolis","Curimatai."
"PARQUE NACIONAL SEMPRE-VIVAS","Angiosperms","Asteraceae","Senecio","adamantinus","Bong.","ASTERACEAE Senecio adamantinus Bong.","68984","x","HUFU","Echternacht, L.","2532","Native","2014","Freitas, F.S.","2015","Bronze","Ouro",,,"Parque Nacional das Sempre-vivas., Fazenda dos álamos, cabeceira do córrego dos confins."
"PARQUE NACIONAL SEMPRE-VIVAS","Angiosperms","Asteraceae","Symphyopappus","reticulatus","Baker","ASTERACEAE Symphyopappus reticulatus Baker","UB0052416",,"UB","Silva, S.R.","1678","Native","2019","Ribeiro, R.N.","2022","Bronze","Ouro",,"Diamantina","Parque Nacional das Sempre-Vivas"
"PARQUE NACIONAL SEMPRE-VIVAS","Angiosperms","Asteraceae","Symphyopappus","reticulatus","Baker","ASTERACEAE Symphyopappus reticulatus Baker","UB0052416","splink","UB","Silva, S.R.","1678","Native","2019","Ribeiro, R.N.","2022","Bronze","Ouro",,"Diamantina","Parque Nacional das Sempre-Vivas"
"PARQUE NACIONAL SEMPRE-VIVAS","Angiosperms","Asteraceae","Symphyopappus","reticulatus","Baker","ASTERACEAE Symphyopappus reticulatus Baker","213335","x","SPF","Fonseca, L.H.M.","206","Native","2012","Lopes, I.T.F.V.","2016","Bronze","Ouro",,,"Parque Nacional das Sempre-Vivas, Vilarejo de Macacos."
"PARQUE NACIONAL SEMPRE-VIVAS","Angiosperms","Asteraceae","Wunderlichia","senae","Glaz. ex Maguire & G.M.Barroso","ASTERACEAE Wunderlichia senae Glaz. ex Maguire & G.M.Barroso","UB0052429",,"UB","Silva, S.R.","1657","Native","2019","Bringel, J.B.","2022","Ouro","Ouro",,"Diamantina","Parque Nacional das Sempre-vivas"
"PARQUE NACIONAL SEMPRE-VIVAS","Angiosperms","Asteraceae","Wunderlichia","senae","Glaz. ex Maguire & G.M.Barroso","ASTERACEAE Wunderlichia senae Glaz. ex Maguire & G.M.Barroso","220396","x","UB","Silva, S.R.","1657","Native","2019","Bringel, J.B.","2022","Ouro","Ouro",,,"Parque Nacional das Sempre-vivas"
"PARQUE NACIONAL SEMPRE-VIVAS","Angiosperms","Asteraceae","Wunderlichia","senae","Glaz. ex Maguire & G.M.Barroso","ASTERACEAE Wunderlichia senae Glaz. ex Maguire & G.M.Barroso","BHCB203497","splink","BHCB","Junqueira, P.A.","280","Native","2019",,"0-0-0","Latão","Ouro",,"Diamantina","Parque Nacional das Sempre-Vivas"
"PARQUE NACIONAL SEMPRE-VIVAS","Angiosperms","Asteraceae","Wunderlichia","senae","Glaz. ex Maguire & G.M.Barroso","ASTERACEAE Wunderlichia senae Glaz. ex Maguire & G.M.Barroso","HDJF009614 HDJF00009614","splink","HDJF","Chaves, D.A.","1302","Native","2018","Chaves, D.","2019","Bronze","Prata",,"Buenópolis","Curimatai."
"PARQUE NACIONAL SEMPRE-VIVAS","Angiosperms","Burseraceae","Protium","heptaphyllum","(Aubl.) Marchand","BURSERACEAE Protium heptaphyllum (Aubl.) Marchand","HDJF00020743",,"HDJF","Costa, T.R.","9","Native","2016","Machado, E.L.M.","2016","Prata","Ouro",,"Diamantina","Parque Nacional das Sempre-Vivas, região sul, Distrito de São João da Chapada."
"PARQUE NACIONAL SEMPRE-VIVAS","Angiosperms","Burseraceae","Protium","spruceanum","(Benth.) Engl.","BURSERACEAE Protium spruceanum (Benth.) Engl.","HDJF00020752",,"HDJF","Costa, T.R.","18","Native","2016","Machado, E.L.M.","2016","Prata","Ouro",,"Diamantina","Parque Nacional das Sempre-Vivas, região sul, Distrito de São João da Chapada."
"PARQUE NACIONAL SEMPRE-VIVAS","Angiosperms","Calophyllaceae","Kielmeyera","appariciana","Saddi","CALOPHYLLACEAE Kielmeyera appariciana Saddi","UB0052396",,"UB","Silva, S.R.","1668","Native","2019","Figueira, M.","2022","Bronze","Ouro",,"Diamantina","Parque Nacional das Sempre-Vivas"
"PARQUE NACIONAL SEMPRE-VIVAS","Angiosperms","Calophyllaceae","Kielmeyera","appariciana","Saddi","CALOPHYLLACEAE Kielmeyera appariciana Saddi","220346","x","UB","Silva, S.R.","1668","Native","2019","Figueira, M.","2022","Bronze","Ouro",,,"Parque Nacional das Sempre-Vivas"
"PARQUE NACIONAL SEMPRE-VIVAS","Angiosperms","Celastraceae","Maytenus",,"Molina","CELASTRACEAE Maytenus Molina","HDJF00020766",,"HDJF","Costa, T.R.","32","Native","2016","Machado, E.L.M.","2016","Prata","Ouro",,"Diamantina","Parque Nacional das Sempre-Vivas, região sul, Distrito de São João da Chapada."
"PARQUE NACIONAL SEMPRE-VIVAS","Angiosperms","Celastraceae","Monteverdia","gonoclados","(Mart.) Biral","CELASTRACEAE Monteverdia gonoclados (Mart.) Biral","HDJF00020765",,"HDJF","Costa, T.R.","31","Native","2016","Machado, E.L.M.","2016","Prata","Ouro",,"Diamantina","Parque Nacional das Sempre-Vivas, região sul, Distrito de São João da Chapada."
"PARQUE NACIONAL SEMPRE-VIVAS","Angiosperms","Chloranthaceae","Hedyosmum","brasiliense","Mart. ex Miq.","CHLORANTHACEAE Hedyosmum brasiliense Mart. ex Miq.","HDJF00020737",,"HDJF","Costa, T.R.","3","Native","2016","Machado, E.L.M.","2016","Prata","Ouro",,"Diamantina","Parque Nacional das Sempre-Vivas, região sul, Distrito de São João da Chapada."
"PARQUE NACIONAL SEMPRE-VIVAS","Angiosperms","Chrysobalanaceae","Hirtella","gracilipes","(Hook.f.) Prance","CHRYSOBALANACEAE Hirtella gracilipes (Hook.f.) Prance","SPF00077477",,"SPF","Arbo, M.M.","4538","Native","1990","Pirani, J.R.","1993","Prata","Prata","jbrj-public.s3-sa-east-1.amazonaws.com/fsi/server?type=image&source=DZI/spf/spf/0/7/74/77/spf00077477.dzi","Buenópolis","Curimataí"
"PARQUE NACIONAL SEMPRE-VIVAS","Angiosperms","Chrysobalanaceae","Hirtella","gracilipes","(Hook.f.) Prance","CHRYSOBALANACEAE Hirtella gracilipes (Hook.f.) Prance","FURB22112","splink","FURB","Hatschbach, G.","79413","Native","2005","Hatschbach, G.","2006","Prata","Prata",,"Buenópolis","Curimataí."
"PARQUE NACIONAL SEMPRE-VIVAS","Angiosperms","Chrysobalanaceae","Hirtella","gracilipes","(Hook.f.) Prance","CHRYSOBALANACEAE Hirtella gracilipes (Hook.f.) Prance","ALCB042486","splink","ALCB","Hatschbach, G.","79413","Native","2005","Hatschbach, G.","2006","Prata","Prata",,"Buenópolis","Curimataí"
"PARQUE NACIONAL SEMPRE-VIVAS","Angiosperms","Clethraceae","Clethra","scabra","Pers.","CLETHRACEAE Clethra scabra Pers.","HDJF00020746",,"HDJF","Costa, T.R.","12","Native","2016","Machado, E.L.M.","2016","Prata","Ouro",,"Diamantina","Parque Nacional das Sempre-Vivas, região sul, Distrito de São João da Chapada."
"PARQUE NACIONAL SEMPRE-VIVAS","Angiosperms","Clusiaceae","Clusia","diamantina","Bittrich","CLUSIACEAE Clusia diamantina Bittrich","UB0052395","splink","UB","Silva, S.R.","1695","Native","2021","Manete, H.","2021","Bronze","Ouro",,"Diamantina","Parque Nacional das Sempre-Vivas"
"PARQUE NACIONAL SEMPRE-VIVAS","Angiosperms","Convolvulaceae","Distimake","cissoides","(Lam.) A.R. Simões & Staples","CONVOLVULACEAE Distimake cissoides (Lam.) A.R. Simões & Staples","MBM140259",,"MBM","Arbo, M.M.","4540","Native","1990","Krapovickas, A.",,"Bronze","Prata","jbrj-public.s3.amazonaws.com/fsi/server?type=image&source=DZI/mbm/mbm/0/14/2/59/mbm00140259.dzi","Buenópolis","Curimatai"
"PARQUE NACIONAL SEMPRE-VIVAS","Angiosperms","Convolvulaceae","Evolvulus","elegans","Moric.","CONVOLVULACEAE Evolvulus elegans Moric.","SPF00075834",,"SPF","Arbo, M.M.","4530","Native","1990","Simao-Bianchini, R.","12/4","Ouro","Prata","jbrj-public.s3-sa-east-1.amazonaws.com/fsi/server?type=image&source=DZI/spf/spf/0/7/58/34/spf00075834.dzi","Buenópolis","Curimataí"
"PARQUE NACIONAL SEMPRE-VIVAS","Angiosperms","Convolvulaceae","Evolvulus","elegans","Moric.","CONVOLVULACEAE Evolvulus elegans Moric.","MO2000444",,"MO","M. Arbo, R.M.-S.S.M.","4530",,"1990","Ak","1993","Bronze","Prata","jbrj-public.s3.amazonaws.com/fsi/server?type=image&source=DZI/missouri/mo/2/0/4/44/mo02000444.dzi","Buenópolis","Mun. Buenopolis. Curimatai, 40 km E de BR-135, entre Buenopolis y Joaquim Felicio. Cerradao, borde de arroyo. Entre rocas."
"PARQUE NACIONAL SEMPRE-VIVAS","Angiosperms","Convolvulaceae","Evolvulus","elegans","Moric.","CONVOLVULACEAE Evolvulus elegans Moric.","258799","splink","SP","Mello-Silva, R.","606",,"1992","Bianchini, R.S.","1994","Bronze","Prata",,"Buenópolis","Curimataí, Simão, às margens da cachoeira do Riachinho"
"PARQUE NACIONAL SEMPRE-VIVAS","Angiosperms","Convolvulaceae","Evolvulus","elegans","Moric.","CONVOLVULACEAE Evolvulus elegans Moric.","MO0100374724","splink","MO","Arbo, M.M.","4530",,"1990","Ak","1993","Bronze","Prata",,"Buenópolis","Mun. Buenopolis. Curimatai, 40 km E de BR-135, entre Buenopolis y Joaquim Felicio. Cerradao, borde de arroyo. Entre rocas."
"PARQUE NACIONAL SEMPRE-VIVAS","Angiosperms","Convolvulaceae","Evolvulus","glomeratus","Nees & Mart.","CONVOLVULACEAE Evolvulus glomeratus Nees & Mart.","258801","splink","SP","Mello-Silva, R.","622",,"1992","Bianchini, R.S.","1993","Bronze","Prata",,"Buenópolis","Curimataí, Simão, às margens da cachoeira do Riachinho"
"PARQUE NACIONAL SEMPRE-VIVAS","Angiosperms","Convolvulaceae","Evolvulus","linoides","Moric.","CONVOLVULACEAE Evolvulus linoides Moric.","312249","splink","SP","Sakuragui, C.M.","CFCR15317",,"1994","Bianchini, R.S.","1997","Bronze","Prata",,"Buenópolis","Curimataí, Cachoeira do Simão"
"PARQUE NACIONAL SEMPRE-VIVAS","Angiosperms","Convolvulaceae","Evolvulus","pterocaulon","Moric.","CONVOLVULACEAE Evolvulus pterocaulon Moric.","258800","splink","SP","Mello-Silva, R.","617",,"1992","Bianchini, R.S.","1993","Bronze","Prata",,"Buenópolis","Curimataí, Simão, às margens da cachoeira do Riachinho"
"PARQUE NACIONAL SEMPRE-VIVAS","Angiosperms","Cyperaceae","Cyperus","diamantinus","(D.A.Simpson) Govaerts","CYPERACEAE Cyperus diamantinus (D.A.Simpson) Govaerts","UB0052418",,"UB","Silva, S.R.","1674","Native","2019","Matzenauer, W.","2022","Bronze","Ouro",,"Diamantina","Parque Nacional das Sempre-Vivas"
"PARQUE NACIONAL SEMPRE-VIVAS","Angiosperms","Cyperaceae","Cyperus","diamantinus","(D.A.Simpson) Govaerts","CYPERACEAE Cyperus diamantinus (D.A.Simpson) Govaerts","UB0052418","splink","UB","Silva, S.R.","1674","Native","2019","Matzenauer, W.","2022","Bronze","Ouro",,"Diamantina","Parque Nacional das Sempre-Vivas"
"PARQUE NACIONAL SEMPRE-VIVAS","Angiosperms","Cyperaceae","Lagenocarpus","albo-niger","(A.St.-Hil.) C.B.Clarke","CYPERACEAE Lagenocarpus albo-niger (A.St.-Hil.) C.B.Clarke","SPF00189531",,"SPF","Echternacht, L.","1682","Native","2008","Costa, S.M.","7/16","Bronze","Ouro","jbrj-public.s3-sa-east-1.amazonaws.com/fsi/server?type=image&source=DZI/spf/spf/0/18/95/31/spf00189531.dzi","Diamantina","Parque Nacional das Sempre-Vivas"
"PARQUE NACIONAL SEMPRE-VIVAS","Angiosperms","Cyperaceae","Lagenocarpus",,"Nees","CYPERACEAE Lagenocarpus Nees","120915","x","BHCB","Almeida, T.E.","1346","Native","2008","Sobral, M.",,"Bronze","Ouro",,,"Parque Nacional das Sempre-Vivas, Caminho entre a vila de Macacos e o Campos São Domingos. Campos rupestres e Campos limpos"
"PARQUE NACIONAL SEMPRE-VIVAS","Angiosperms","Cyperaceae","Lagenocarpus","rigidus","Nees","CYPERACEAE Lagenocarpus rigidus Nees","CEN00121660","splink","CEN","Silva, S.R.","1687","Native","2021","Manete, H.","2021","Bronze","Ouro",,"Diamantina","Parque Nacional das Sempre-Vivas."
"PARQUE NACIONAL SEMPRE-VIVAS","Angiosperms","Cyperaceae","Lagenocarpus","rigidus","Nees","CYPERACEAE Lagenocarpus rigidus Nees","UB0052432",,"UB","Silva, S.R.","1687","Native","2021","Manete, H.","2021","Bronze","Ouro",,"Diamantina","Parque Nacional das Sempre-Vivas"
"PARQUE NACIONAL SEMPRE-VIVAS","Angiosperms","Cyperaceae","Lagenocarpus","rigidus","Nees","CYPERACEAE Lagenocarpus rigidus Nees","UB0052433","splink","UB","Silva, S.R.","1687","Native","2021","Manete, H.","2021","Bronze","Ouro",,"Diamantina","Parque Nacional das Sempre-Vivas"
"PARQUE NACIONAL SEMPRE-VIVAS","Angiosperms","Cyperaceae","Lagenocarpus","rigidus","Nees","CYPERACEAE Lagenocarpus rigidus Nees","CEN00121779","splink","CEN","Silva, S.R.","1655","Native","2019","Manete, H.","2022","Bronze","Ouro",,"Diamantina","Parque Nacional das Sempre-Vivas."
"PARQUE NACIONAL SEMPRE-VIVAS","Angiosperms","Cyperaceae","Rhynchospora","consanguinea","(Kunth) Boeckeler","CYPERACEAE Rhynchospora consanguinea (Kunth) Boeckeler","HUFU00059343","splink","HUFU","Machado, F.A.","16","Native","2014","Echternacht, L.",,"Bronze","Ouro",,"Olhos-d'Água","Parque Nacional das Sempre-vivas., São Domingos"
"PARQUE NACIONAL SEMPRE-VIVAS","Angiosperms","Cyperaceae","Rhynchospora","setigera","(Kunth) Griseb.","CYPERACEAE Rhynchospora setigera (Kunth) Griseb.","UB0052397",,"UB","Silva, S.R.","1680","Native","2019","Nunes, C.S.","2022","Bronze","Ouro",,"Diamantina","Parque Nacional das Sempre-Vivas"
"PARQUE NACIONAL SEMPRE-VIVAS","Angiosperms","Cyperaceae","Rhynchospora","setigera","(Kunth) Griseb.","CYPERACEAE Rhynchospora setigera (Kunth) Griseb.","UB0052397","splink","UB","Silva, S.R.","1680","Native","2019","Nunes, C.S.","2022","Bronze","Ouro",,"Diamantina","Parque Nacional das Sempre-Vivas"
"PARQUE NACIONAL SEMPRE-VIVAS","Angiosperms","Cyperaceae","Rhynchospora","speciosa","(Kunth) Boeckeler","CYPERACEAE Rhynchospora speciosa (Kunth) Boeckeler","R010008825 R010008826 R010008827","splink","R","Alves, R.J.V.","8663","Native","2011","Alves, K.","2022","Bronze","Ouro",,,"Parque Nacional das Sempre-Vivas. Serra do Espinhaço."
"PARQUE NACIONAL SEMPRE-VIVAS","Angiosperms","Cyperaceae","Trilepis",,"Nees","CYPERACEAE Trilepis Nees","UB0052423",,"UB","Silva, S.R.","1669","Native","2019","Nunes, C.S.","2022","Bronze","Ouro",,"Diamantina","Parque Nacional das Sempre-Vivas"
"PARQUE NACIONAL SEMPRE-VIVAS","Angiosperms","Cyperaceae","Trilepis",,"Nees","CYPERACEAE Trilepis Nees","220430","x","UB","Silva, S.R.","1669","Native","2019","Nunes, C.S.","2022","Bronze","Ouro",,,"Parque Nacional das Sempre-Vivas"
"PARQUE NACIONAL SEMPRE-VIVAS","Angiosperms","Droseraceae","Drosera","ascendens","A.St.-Hil.","DROSERACEAE Drosera ascendens A.St.-Hil.","SPF00232546",,"SPF","Gonella, P.M.","734","Native","2014","Gonella, P.M.","2014","Bronze","Ouro","jbrj-public.s3-sa-east-1.amazonaws.com/fsi/server?type=image&source=DZI/spf/spf/0/23/25/46/spf00232546.dzi","Buenópolis","Parque Nacional das Sempre-Vivas, Vale logo atrás do alojamento de guarda-parques."
"PARQUE NACIONAL SEMPRE-VIVAS","Angiosperms","Droseraceae","Drosera","ascendens","A.St.-Hil.","DROSERACEAE Drosera ascendens A.St.-Hil.","SPF00209207",,"SPF","Gonella, P.M.","612","Native","2013","Gonella, P.M.","2013","Bronze","Ouro","jbrj-public.s3-sa-east-1.amazonaws.com/fsi/server?type=image&source=DZI/spf/spf/0/20/92/7/spf00209207.dzi","Buenópolis","Parque Nacional das Sempre-Vivas, Vale logo atrás do alojamento de guarda-parques."
"PARQUE NACIONAL SEMPRE-VIVAS","Angiosperms","Droseraceae","Drosera","ascendens","A.St.-Hil.","DROSERACEAE Drosera ascendens A.St.-Hil.","SPF00209209",,"SPF","Gonella, P.M.","607","Native","2013","Gonella, P.M.","2013","Bronze","Ouro","jbrj-public.s3-sa-east-1.amazonaws.com/fsi/server?type=image&source=DZI/spf/spf/0/20/92/9/spf00209209.dzi","Diamantina","Parque Nacional das Sempre-Vivas, Seguindo à direita em bifurcação antes do alojamento de guarda-parques (17°56'7.07""S 43°46'24.35""W) por cerca de 6 km."
"PARQUE NACIONAL SEMPRE-VIVAS","Angiosperms","Droseraceae","Drosera","ascendens","A.St.-Hil.","DROSERACEAE Drosera ascendens A.St.-Hil.","SPF00209210",,"SPF","Gonella, P.M.","603","Native","2013","Gonella, P.M.","2013","Bronze","Ouro","jbrj-public.s3-sa-east-1.amazonaws.com/fsi/server?type=image&source=DZI/spf/spf/0/20/92/10/spf00209210.dzi","Diamantina","Parque Nacional das Sempre-Vivas, Seguindo à direita em bifurcação antes do alojamento de guarda-parques (17°56'7.07""S 43°46'24.35""W) por cerca de 6 km."
"PARQUE NACIONAL SEMPRE-VIVAS","Angiosperms","Droseraceae","Drosera","ascendens","A.St.-Hil.","DROSERACEAE Drosera ascendens A.St.-Hil.","SPF00209208",,"SPF","Gonella, P.M.","455","Native","2011","Gonella, P.M.","2013","Bronze","Ouro","jbrj-public.s3-sa-east-1.amazonaws.com/fsi/server?type=image&source=DZI/spf/spf/0/20/92/8/spf00209208.dzi","Buenópolis","Parque Nacional das Sempre-Vivas, Vale logo atrás do alojamento de guarda-parques."
"PARQUE NACIONAL SEMPRE-VIVAS","Angiosperms","Droseraceae","Drosera","camporupestris","Rivadavia","DROSERACEAE Drosera camporupestris Rivadavia","SPF00213519",,"SPF","Gonella, P.M.","611","Native","2013","Gonella, P.M.","2013","Bronze","Ouro","jbrj-public.s3-sa-east-1.amazonaws.com/fsi/server?type=image&source=DZI/spf/spf/0/21/35/19/spf00213519.dzi","Buenópolis","Parque Nacional das Sempre-Vivas, Vale logo atrás do alojamento de guarda-parques."
"PARQUE NACIONAL SEMPRE-VIVAS","Angiosperms","Droseraceae","Drosera","camporupestris","Rivadavia","DROSERACEAE Drosera camporupestris Rivadavia","SPF00213522",,"SPF","Gonella, P.M.","598","Native","2013","Gonella, P.M.","2013","Bronze","Ouro","jbrj-public.s3-sa-east-1.amazonaws.com/fsi/server?type=image&source=DZI/spf/spf/0/21/35/22/spf00213522.dzi","Buenópolis","Parque Nacional das Sempre-Vivas, Seguindo à direita em bifurcação antes do alojamento de guarda-parques (17°56'7.07""""S 43°46'24.35""""W) por cerca de 1.5 km, em área de nascentes na base do afloramento à direita da estr"
"PARQUE NACIONAL SEMPRE-VIVAS","Angiosperms","Droseraceae","Drosera","camporupestris","Rivadavia","DROSERACEAE Drosera camporupestris Rivadavia","SPF00213525",,"SPF","Gonella, P.M.","606","Native","2013","Gonella, P.M.","2013","Bronze","Ouro","jbrj-public.s3-sa-east-1.amazonaws.com/fsi/server?type=image&source=DZI/spf/spf/0/21/35/25/spf00213525.dzi","Diamantina","Parque Nacional das Sempre-Vivas, Seguindo à direita em bifurcação antes do alojamento de guarda-parques (17°56'7.07""""S 43°46'24.35""""W) por cerca de 6"
"PARQUE NACIONAL SEMPRE-VIVAS","Angiosperms","Droseraceae","Drosera","camporupestris","Rivadavia","DROSERACEAE Drosera camporupestris Rivadavia","SPF00213610",,"SPF","Gonella, P.M.","451","Native","2011","Gonella, P.M.","2011","Bronze","Ouro","jbrj-public.s3-sa-east-1.amazonaws.com/fsi/server?type=image&source=DZI/spf/spf/0/21/36/10/spf00213610.dzi","Buenópolis","Parque Nacional das Sempre-Vivas, Em vale logo atrás do alojamento de guarda-parques."
"PARQUE NACIONAL SEMPRE-VIVAS","Angiosperms","Droseraceae","Drosera","camporupestris","Rivadavia","DROSERACEAE Drosera camporupestris Rivadavia","SPF00213691",,"SPF","Gonella, P.M.","459","Native","2011","Gonella, P.M.","2011","Bronze","Ouro","jbrj-public.s3-sa-east-1.amazonaws.com/fsi/server?type=image&source=DZI/spf/spf/0/21/36/91/spf00213691.dzi","Buenópolis","Parque Nacional das Sempre-Vivas, Ca. 800 m ao leste do alojamento de guarda-parques"
"PARQUE NACIONAL SEMPRE-VIVAS","Angiosperms","Droseraceae","Drosera","communis","A.St.-Hil.","DROSERACEAE Drosera communis A.St.-Hil.","233298","x","SPF","Gonella, P.M.","733","Native","2014","Gonella, P.M.","2014","Bronze","Ouro",,,"Parque Nacional das Sempre-Vivas, Estrada sentido Inhacica."
"PARQUE NACIONAL SEMPRE-VIVAS","Angiosperms","Droseraceae","Drosera","grantsaui","Rivadavia","DROSERACEAE Drosera grantsaui Rivadavia","SPF00213606",,"SPF","Gonella, P.M.","448","Native","2011","Gonella, P.M.","2011","Bronze","Ouro","jbrj-public.s3-sa-east-1.amazonaws.com/fsi/server?type=image&source=DZI/spf/spf/0/21/36/6/spf00213606.dzi","Buenópolis","Parque Nacional das Sempre-Vivas, Em vale logo atrás do alojamento de guarda-parques."
"PARQUE NACIONAL SEMPRE-VIVAS","Angiosperms","Droseraceae","Drosera","grantsaui","Rivadavia","DROSERACEAE Drosera grantsaui Rivadavia","233301","x","SPF","Gonella, P.M.","728","Native","2014","Gonella, P.M.","2014","Bronze","Ouro",,,"Parque Nacional das Sempre-Vivas, Estrada sentido Inhacica."
"PARQUE NACIONAL SEMPRE-VIVAS","Angiosperms","Droseraceae","Drosera","grantsaui","Rivadavia","DROSERACEAE Drosera grantsaui Rivadavia","SPF00233323","splink","SPF","Gonella, P.M.","736","Native","2014","Gonella, P.M.","2014","Bronze","Ouro",,"Buenópolis","Parque Nacional das Sempre-Vivas, Vale logo atrás do alojamento de guarda-parques."
"PARQUE NACIONAL SEMPRE-VIVAS","Angiosperms","Droseraceae","Drosera","grantsaui","Rivadavia","DROSERACEAE Drosera grantsaui Rivadavia","R010008828","x","R","Alves, R.J.V.","8656","Native","2011",,,"Latão","Ouro",,,"Parque Nacional das Sempre-Vivas. Serra do Espinhaço."
"PARQUE NACIONAL SEMPRE-VIVAS","Angiosperms","Droseraceae","Drosera","hirtella","A.St.-Hil.","DROSERACEAE Drosera hirtella A.St.-Hil.","SPF00213523",,"SPF","Gonella, P.M.","604","Native","2013","Gonella, P.M.","2013","Bronze","Ouro","jbrj-public.s3-sa-east-1.amazonaws.com/fsi/server?type=image&source=DZI/spf/spf/0/21/35/23/spf00213523.dzi","Diamantina","Parque Nacional das Sempre-Vivas, Seguindo à direita em bifurcação antes do alojamento de guarda-parques (17°56'7.07""""S 43°46'24.35""""W) por cerca de 6"
"PARQUE NACIONAL SEMPRE-VIVAS","Angiosperms","Droseraceae","Drosera","hirtella","A.St.-Hil.","DROSERACEAE Drosera hirtella A.St.-Hil.","SPF00213510",,"SPF","Gonella, P.M.","458","Native","2011","Gonella, P.M.","2011","Bronze","Ouro","jbrj-public.s3-sa-east-1.amazonaws.com/fsi/server?type=image&source=DZI/spf/spf/0/21/35/10/spf00213510.dzi","Buenópolis","Parque Nacional das Sempre-Vivas, Ca. 800 m ao leste do alojamento de guarda-parques"
"PARQUE NACIONAL SEMPRE-VIVAS","Angiosperms","Droseraceae","Drosera","latifolia","(Eichler) Gonella & Rivadavia","DROSERACEAE Drosera latifolia (Eichler) Gonella & Rivadavia","SPF00232544",,"SPF","Gonella, P.M.","735","Native","2014","Gonella, P.M.","2014","Bronze","Ouro","jbrj-public.s3-sa-east-1.amazonaws.com/fsi/server?type=image&source=DZI/spf/spf/0/23/25/44/spf00232544.dzi","Buenópolis","Parque Nacional das Sempre-Vivas, Vale logo atrás do alojamento de guarda-parques."
"PARQUE NACIONAL SEMPRE-VIVAS","Angiosperms","Droseraceae","Drosera","latifolia","(Eichler) Gonella & Rivadavia","DROSERACEAE Drosera latifolia (Eichler) Gonella & Rivadavia","SPF00209211",,"SPF","Gonella, P.M.","609","Native","2013","Gonella, P.M.","2013","Bronze","Ouro","jbrj-public.s3-sa-east-1.amazonaws.com/fsi/server?type=image&source=DZI/spf/spf/0/20/92/11/spf00209211.dzi","Buenópolis","Parque Nacional das Sempre-Vivas, Vale logo atrás do alojamento de guarda-parques."
"PARQUE NACIONAL SEMPRE-VIVAS","Angiosperms","Droseraceae","Drosera","latifolia","(Eichler) Gonella & Rivadavia","DROSERACEAE Drosera latifolia (Eichler) Gonella & Rivadavia","SPF00209229",,"SPF","Gonella, P.M.","452","Native","2011","Gonella, P.M.","2013","Bronze","Ouro","jbrj-public.s3-sa-east-1.amazonaws.com/fsi/server?type=image&source=DZI/spf/spf/0/20/92/29/spf00209229.dzi","Buenópolis","Parque Nacional das Sempre-Vivas, Vale logo atrás do alojamento de guarda-parques."
"PARQUE NACIONAL SEMPRE-VIVAS","Angiosperms","Droseraceae","Drosera","spiralis","A.St.-Hil.","DROSERACEAE Drosera spiralis A.St.-Hil.","RB01418275","x","RB","Gonella, P.M.","737",,"2014","Gonella, P.M.",,"Bronze","Ouro",,,"Parque Nacional das Sempre-Vivas. Vale logo atrás do alojamento de guarda-parques."
"PARQUE NACIONAL SEMPRE-VIVAS","Angiosperms","Droseraceae","Drosera","spiralis","A.St.-Hil.","DROSERACEAE Drosera spiralis A.St.-Hil.","RB01418275","x","Rio de Janeiro Botanical Garden Herbarium","Gonella, P.M.","737",,"2014","Gonella, P.M.",,"Bronze","Ouro",,,"Parque Nacional das Sempre-Vivas. Vale logo atrás do alojamento de guarda-parques."
"PARQUE NACIONAL SEMPRE-VIVAS","Angiosperms","Droseraceae","Drosera","spiralis","A.St.-Hil.","DROSERACEAE Drosera spiralis A.St.-Hil.","232543","x","SPF","Gonella, P.M.","737",,"2014","Gonella, P.M.","2014","Bronze","Ouro",,,"Parque Nacional das Sempre-Vivas, Vale logo atrás do alojamento de guarda-parques."
"PARQUE NACIONAL SEMPRE-VIVAS","Angiosperms","Droseraceae","Drosera","spiralis","A.St.-Hil.","DROSERACEAE Drosera spiralis A.St.-Hil.","233324","x","SPF","Gonella, P.M.","729",,"2014","Gonella, P.M.","2014","Bronze","Ouro",,,"Parque Nacional das Sempre-Vivas, Estrada sentido Inhacica."
"PARQUE NACIONAL SEMPRE-VIVAS","Angiosperms","Droseraceae","Drosera","spiralis","A.St.-Hil.","DROSERACEAE Drosera spiralis A.St.-Hil.","HUEFS0191210","splink","HUEFS","Rapini, A.","1982",,"2012","Gonella, P.M.","2013","Bronze","Ouro",,"Diamantina","Parque Nacional Sempre-Vivas"
"PARQUE NACIONAL SEMPRE-VIVAS","Angiosperms","Droseraceae","Drosera","tentaculata","Rivadavia","DROSERACEAE Drosera tentaculata Rivadavia","SPF00213596",,"SPF","Gonella, P.M.","456",,"2011","Gonella, P.M.","2011","Bronze","Ouro","jbrj-public.s3-sa-east-1.amazonaws.com/fsi/server?type=image&source=DZI/spf/spf/0/21/35/96/spf00213596.dzi","Buenópolis","Parque Nacional das Sempre-Vivas, Subindo morro atrás do alojamento de guarda-parques."
"PARQUE NACIONAL SEMPRE-VIVAS","Angiosperms","Droseraceae","Drosera","tentaculata","Rivadavia","DROSERACEAE Drosera tentaculata Rivadavia","SPF00233326","splink","SPF","Gonella, P.M.","750",,"2014","Gonella, P.M.","2014","Bronze","Ouro",,"Buenópolis","Parque Nacional das Sempre-Vivas, Trilha para o rio Jequitaí."
"PARQUE NACIONAL SEMPRE-VIVAS","Angiosperms","Droseraceae","Drosera","tentaculata","Rivadavia","DROSERACEAE Drosera tentaculata Rivadavia","SPF00233299","splink","SPF","Gonella, P.M.","730",,"2014","Gonella, P.M.","2014","Bronze","Ouro",,"Diamantina","Parque Nacional das Sempre-Vivas, Estrada sentido Inhacica."
"PARQUE NACIONAL SEMPRE-VIVAS","Angiosperms","Droseraceae","Drosera","tomentosa","A.St.-Hil.","DROSERACEAE Drosera tomentosa var. glabrata A.St.-Hil.","SPF00213641",,"SPF","Gonella, P.M.","450","Native","2011","Gonella, P.M.","2011","Bronze","Ouro","jbrj-public.s3-sa-east-1.amazonaws.com/fsi/server?type=image&source=DZI/spf/spf/0/21/36/41/spf00213641.dzi","Buenópolis","Parque Nacional das Sempre-Vivas, Em vale logo atrás do alojamento de guarda-parques."
"PARQUE NACIONAL SEMPRE-VIVAS","Angiosperms","Ericaceae","Agarista","angustissima","Taub.","ERICACEAE Agarista angustissima Taub.","BHCB202241","splink","BHCB","Brina, A.E.","s.n.","Native","2019",,"0-0-0","Latão","Ouro",,"Diamantina","São João da Chapada, Parque Nacional das Sempre-vivas"
"PARQUE NACIONAL SEMPRE-VIVAS","Angiosperms","Eriocaulaceae","Actinocephalus",,"(Körn.) Sano","ERIOCAULACEAE Actinocephalus (Körn.) Sano","RB01071610","x","RB","Trovo, M.L.O.","632","Native","2014",,,"Latão","Ouro",,,"Fazenda Álamo, córrego do Sobradão. Parque Nacional das Sempre-Vivas"
"PARQUE NACIONAL SEMPRE-VIVAS","Angiosperms","Eriocaulaceae","Actinocephalus","compactus","(Gardner) Sano","ERIOCAULACEAE Actinocephalus compactus (Gardner) Sano","OUPR000029460",,"OUPR","Echternacht, L.","2510","Native","2014","Sano, P.T.","2014","Bronze","Ouro",,"Olhos-d'Água","Parque Nacional das Sempre-vivas. Fazenda dos Álamos, Campos dos Ferreira, nascente do córrego do sobradão."
"PARQUE NACIONAL SEMPRE-VIVAS","Angiosperms","Eriocaulaceae","Actinocephalus","compactus","(Gardner) Sano","ERIOCAULACEAE Actinocephalus compactus (Gardner) Sano","70216","x","HUFU","Echternacht, L.","2510","Native","2014","Sano, P.T.","2014","Bronze","Ouro",,,"Parque Nacional das Sempre-vivas, Fazenda dos Álamos, Campos dos Ferreira, nascente do córrego do sobradão."
"PARQUE NACIONAL SEMPRE-VIVAS","Angiosperms","Eriocaulaceae","Actinocephalus","divaricatus","(Körn.) Sano","ERIOCAULACEAE Actinocephalus divaricatus (Körn.) Sano","68969","x","HUFU","Echternacht, L.","2547","Native","2014","Echternacht, L.","2014","Ouro","Ouro",,,"Parque Nacional das Sempre-Vivas, Campos São Domingos."
"PARQUE NACIONAL SEMPRE-VIVAS","Angiosperms","Eriocaulaceae","Actinocephalus","geniculatus","(Bong.) F.N.Costa","ERIOCAULACEAE Actinocephalus geniculatus (Bong.) F.N.Costa","OUPR000029476","splink","OUPR","Echternacht, L.","2577","Native","2014","Echternacht, L.","2014","Ouro","Ouro",,"Diamantina","Parque Nacional das Sempre-vivas. Trilha que parte de aprox. 4 km depois de Macacos em direção ao alojamento do Parque, passando pela base da Serra do Galho e pelo vale do Rio Preto."
"PARQUE NACIONAL SEMPRE-VIVAS","Angiosperms","Eriocaulaceae","Actinocephalus","geniculatus","(Bong.) F.N.Costa","ERIOCAULACEAE Actinocephalus geniculatus (Bong.) F.N.Costa","69015","x","HUFU","Echternacht, L.","2577","Native","2014","Echternacht, L.","2014","Ouro","Ouro",,,"Parque Nacional das Sempre-Vivas, Trilha que parte de aprox. 4 km depois de Macacos em direção ao alojamento do Parque, passando pela base da Serra do Galho e pelo vale do Rio Preto."
"PARQUE NACIONAL SEMPRE-VIVAS","Angiosperms","Eriocaulaceae","Actinocephalus","longifolius","(Körn) F.N.Costa","ERIOCAULACEAE Actinocephalus longifolius (Körn) F.N.Costa","5932","splink","DIAM","Costa, F.N.","1807","Native","2016","Almeida, R.B.","2025","Bronze","Ouro",,"Olhos-d'Água","Olhos D'Água. Parque Nacional das Sempre-Vivas. Trilha do Télegrafo, nas proximidades da Água de Estaca, localmente conhecido como Meia Pataca. Bacia do Rio Jequitinhonha. 17°41'37,7""S, 43°43'11,3""W, 993 m elev. Cerrado com manchas de campo rupestre próximo aos afloramentos rochosos."
"PARQUE NACIONAL SEMPRE-VIVAS","Angiosperms","Eriocaulaceae","Actinocephalus","longifolius","(Körn) F.N.Costa","ERIOCAULACEAE Actinocephalus longifolius (Körn) F.N.Costa","7695","splink","DIAM","Martinelli, G.","19485","Native","2016","Almeida, R.B.","2025","Bronze","Ouro",,"Diamantina","Diamantina. Parque Nacional Sempre-Vivas. Margens do Córrego Jequitaí. Campos rupestres com afloramentos rochosos. 17°53'30""S; 43°48'23""W. Elev.: 1238 m."
"PARQUE NACIONAL SEMPRE-VIVAS","Angiosperms","Eriocaulaceae","Actinocephalus","longifolius","(Körn) F.N.Costa","ERIOCAULACEAE Actinocephalus longifolius (Körn) F.N.Costa","9444","splink","DIAM","Ramos, R.","154","Native","2014","Almeida, R.B.","2025","Bronze","Ouro",,"Olhos-d'Água","Olhos D'Água. Parque Nacional das Sempre-Vivas, próximo à trilha do Telégrafo. 17°38'32,8""S; 43°44'52,8""W, 1104m alt."
"PARQUE NACIONAL SEMPRE-VIVAS","Angiosperms","Eriocaulaceae","Actinocephalus","longifolius","(Körn) F.N.Costa","ERIOCAULACEAE Actinocephalus longifolius (Körn) F.N.Costa","4936","splink","DIAM","Costa, F.N.","1574","Native","2014","Almeida, R.B.","2025","Bronze","Ouro",,"Buenópolis","Buenópolis. Parque Nacional das Sempre-Vivas. Vargem Grande. 17°55'34,2""S, 43°54'07,5""W, 1111 m alt. Campo rupestre."
"PARQUE NACIONAL SEMPRE-VIVAS","Angiosperms","Eriocaulaceae","Actinocephalus","macrocephalus","(Bong.) F.N.Costa & Sano","ERIOCAULACEAE Actinocephalus macrocephalus (Bong.) F.N.Costa & Sano","5713","splink","DIAM","Machado, F.A.","6","Native","2014",,,"Latão","Ouro",,"Olhos-d'Água","Olhos d'Água: Parque Nacional das Sempre-vivas. Fazenda Álamos. Coordenadas (WGS84): 17°36'58'' S, 43°46'12'' W"
"PARQUE NACIONAL SEMPRE-VIVAS","Angiosperms","Eriocaulaceae","Actinocephalus","polyanthus","(Bong.) Sano","ERIOCAULACEAE Actinocephalus polyanthus (Bong.) Sano","RB01071614","x","RB","Trovo, M.L.O.","636","Native","2014",,,"Latão","Ouro",,,"Fazenda Álamo, 2-3 km após o córrego do Sobradão. Parque Nacional das Sempre-Vivas"
"PARQUE NACIONAL SEMPRE-VIVAS","Angiosperms","Eriocaulaceae","Actinocephalus","rigidus","(Bong.) Sano","ERIOCAULACEAE Actinocephalus rigidus (Bong.) Sano","OUPR000029471",,"OUPR","Echternacht, L.","2555","Native","2014","Echternacht, L.","2014","Ouro","Ouro",,"Diamantina","Parque Nacional das Sempre-vivas. Campos São Domingos, a oeste do alojamento."
"PARQUE NACIONAL SEMPRE-VIVAS","Angiosperms","Eriocaulaceae","Actinocephalus","rigidus","(Bong.) Sano","ERIOCAULACEAE Actinocephalus rigidus (Bong.) Sano","RB01601243","x","RB","Araujo-Silva, V.","604","Native","2025","Araujo-Silva, V.",,"Bronze","Ouro",,,"Curimataí. Estrada sentido Zé Lanza - Lamarão. a leste do alojamento dos brigadistas. Parque Nacional das Sempre-Vivas"
"PARQUE NACIONAL SEMPRE-VIVAS","Angiosperms","Eriocaulaceae","Actinocephalus","rigidus","(Bong.) Sano","ERIOCAULACEAE Actinocephalus rigidus (Bong.) Sano","BHCB204943","splink","BHCB","Junqueira, P.A.","304","Native","2019","Echternacht, L.A.","2020","Bronze","Ouro",,"Buenópolis","Parque Nacional das Sempre-Vivas"
"PARQUE NACIONAL SEMPRE-VIVAS","Angiosperms","Eriocaulaceae","Actinocephalus","rigidus","(Bong.) Sano","ERIOCAULACEAE Actinocephalus rigidus (Bong.) Sano","UB0340218",,"UB","Almeida, R.B.","30","Native","2018","Almeida, R.B.","2019","Bronze","Ouro",,"Buenópolis","Parque Nacional das Sempre-Vivas."
"PARQUE NACIONAL SEMPRE-VIVAS","Angiosperms","Eriocaulaceae","Actinocephalus","rigidus","(Bong.) Sano","ERIOCAULACEAE Actinocephalus rigidus (Bong.) Sano","UB0340218","splink","UB","Almeida, R.B.","30","Native","2018","Almeida, R.B.","2019","Bronze","Ouro",,"Buenópolis","Parque Nacional das Sempre-Vivas."
"PARQUE NACIONAL SEMPRE-VIVAS","Angiosperms","Eriocaulaceae","Actinocephalus","stereophyllus","(Ruhland) Sano","ERIOCAULACEAE Actinocephalus stereophyllus (Ruhland) Sano","7713","splink","DIAM","Martinelli, G.","19765","Native","2016","Almeida, R.B.","2025","Bronze","Ouro",,"Diamantina","Diamantina. Parque Nacional Sempre-Vivas. Trilha entre a Pedra Redonda e Serra do Galho. Campos rupestres. 17°57'36""S; 43°47'18""W. Elev.: 1240 m."
"PARQUE NACIONAL SEMPRE-VIVAS","Angiosperms","Eriocaulaceae","Actinocephalus","stereophyllus","(Ruhland) Sano","ERIOCAULACEAE Actinocephalus stereophyllus (Ruhland) Sano","227785","x","SPF","Gonella, P.M.","732","Native","2014","Almeida, R.B.","2024","Bronze","Ouro",,,"Parque Nacional das Sempre-Vivas, Estrada sentido Inhacica."
"PARQUE NACIONAL SEMPRE-VIVAS","Angiosperms","Eriocaulaceae","Actinocephalus","stereophyllus","(Ruhland) Sano","ERIOCAULACEAE Actinocephalus stereophyllus (Ruhland) Sano","227786","x","SPF","Gonella, P.M.","749","Native","2014","Almeida, R.B.","2024","Bronze","Ouro",,,"Parque Nacional das Sempre-Vivas, Estrada da sede do Parque para Curimataí. Grande campo arenoso."
"PARQUE NACIONAL SEMPRE-VIVAS","Angiosperms","Eriocaulaceae","Actinocephalus","stereophyllus","(Ruhland) Sano","ERIOCAULACEAE Actinocephalus stereophyllus (Ruhland) Sano","RB01071620","x","RB","Trovo, M.L.O.","642","Native","2014",,,"Latão","Ouro",,,"Campo da Balisa, parte sul do parque. Parque Nacional das Sempre-Vivas"
"PARQUE NACIONAL SEMPRE-VIVAS","Angiosperms","Eriocaulaceae","Comanthera","aciphylla","(Bong.) L.R.Parra & Giul.","ERIOCAULACEAE Comanthera aciphylla (Bong.) L.R.Parra & Giul.","ESAL000027939","splink","ESAL","Mansanares, M.E.","809","Native",,"Echternacht, L.",,"Ouro","Ouro",,"Diamantina","Parque Nacional das Sempre-vivas"
"PARQUE NACIONAL SEMPRE-VIVAS","Angiosperms","Eriocaulaceae","Comanthera","aciphylla","(Bong.) L.R.Parra & Giul.","ERIOCAULACEAE Comanthera aciphylla (Bong.) L.R.Parra & Giul.","OUPR000029475","splink","OUPR","Echternacht, L.","2576","Native","2014","Echternacht, L.","2014","Ouro","Ouro",,"Diamantina","Parque Nacional das Sempre-vivas. Trilha que parte de aprox. 4 km depois de Macacos em direção ao alojamento do Parque, passando pela base da Serra do Galho e pelo vale do Rio Preto."
"PARQUE NACIONAL SEMPRE-VIVAS","Ferns and Lycophytes","Eriocaulaceae","Comanthera","aciphylla","(Bong.) L.R.Parra & Giul.","ERIOCAULACEAE Comanthera aciphylla (Bong.) L.R.Parra & Giul.","69014","x","HUFU","Echternacht, L.","2576","Native","2014","Echternacht, L.","2014","Ouro","Ouro",,,"Parque Nacional das Sempre-Vivas, Trilha que parte de aprox. 4 km depois de Macacos em direção ao alojamento do Parque, passando pela base da Serra do Galho e pelo vale do Rio Preto."
"PARQUE NACIONAL SEMPRE-VIVAS","Angiosperms","Eriocaulaceae","Comanthera","aciphylla","(Bong.) L.R.Parra & Giul.","ERIOCAULACEAE Comanthera aciphylla (Bong.) L.R.Parra & Giul.","OUPR000047927","splink","OUPR","Lima, T.M.","203","Native","2025","Lima, T.M.","2025","Bronze","Ouro",,"Buenópolis","Serra do Urubu, campo arenoso em frente ao afloramento. Sudoeste do Parque Nacional das Sempre-Vivas. Areia branca, vegetação rala."
"PARQUE NACIONAL SEMPRE-VIVAS","Angiosperms","Eriocaulaceae","Comanthera","aciphylla","(Bong.) L.R.Parra & Giul.","ERIOCAULACEAE Comanthera aciphylla (Bong.) L.R.Parra & Giul.","OUPR000047923","splink","OUPR","Lima, T.M.","199","Native","2025","Lima, T.M.","2025","Bronze","Ouro",,"Buenópolis","Área ca. 200m a leste do alojamento dos brigadistas do Parque Nacional das Sempre-Vivas. Campo de areia branca, vegetação herbácea rala."
"PARQUE NACIONAL SEMPRE-VIVAS","Angiosperms","Eriocaulaceae","Comanthera","bisulcata","(Körn.) L.R.Parra & Giul.","ERIOCAULACEAE Comanthera bisulcata (Körn.) L.R.Parra & Giul.","221554","x","SPF","Echternacht, L.","2234","Native","2012","Echternacht, L.","2012","Ouro","Ouro",,,"Parque Nacional das Sempre-Vivas, Próximo à entrada do Parque, vindo de São João da Chapada e Macacos."
"PARQUE NACIONAL SEMPRE-VIVAS","Angiosperms","Eriocaulaceae","Comanthera","bisulcata","(Körn.) L.R.Parra & Giul.","ERIOCAULACEAE Comanthera bisulcata (Körn.) L.R.Parra & Giul.","OUPR000047934","splink","OUPR","Lima, T.M.","210","Native","2025","Lima, T.M.","2025","Bronze","Ouro",,"Bocaiúva","Estrada próxima à nascente do Rio Jequitaí. Sudoeste do Parque Nacional das Sempre-Vivas. Campo sujo, solo arenoso."
"PARQUE NACIONAL SEMPRE-VIVAS","Angiosperms","Eriocaulaceae","Comanthera","bisulcata","(Körn.) L.R.Parra & Giul.","ERIOCAULACEAE Comanthera bisulcata (Körn.) L.R.Parra & Giul.","OUPR000047936",,"OUPR","Lima, T.M.","212","Native","2025","Lima, T.M.","2025","Bronze","Ouro",,"Diamantina","Estrada em direção a Felipe, acesso pela bifurcação a leste que sai da Estrada da nascente do Rio Jequitaí. Sudeste do Parque Nacional das Sempre-Vivas. Cerrado rupestre, solo arenoso, abaixo das candeias."
"PARQUE NACIONAL SEMPRE-VIVAS","Angiosperms","Eriocaulaceae","Comanthera","bisulcata","(Körn.) L.R.Parra & Giul.","ERIOCAULACEAE Comanthera bisulcata (Körn.) L.R.Parra & Giul.","OUPR000047947",,"OUPR","Lima, T.M.","223","Native","2025","Lima, T.M.","2025","Bronze","Ouro",,"Buenópolis","Beira da estrada que sai da base dos brigadistas do Parque Nacional das Sempre-Vivas para Curumataí, a 7km da base. Campo sujo arenoso."
"PARQUE NACIONAL SEMPRE-VIVAS","Angiosperms","Eriocaulaceae","Comanthera","bisulcata","(Körn.) L.R.Parra & Giul.","ERIOCAULACEAE Comanthera bisulcata (Körn.) L.R.Parra & Giul.","BHCB061532","splink","BHCB","Echternacht, L.A.","1693","Native","2008","Watanabe, M.T.C.","2021","Bronze","Ouro",,"Buenópolis","Parque Nacional das Sempre-Vivas, Campos Santo Agostinho. Estrada do Mocó."
"PARQUE NACIONAL SEMPRE-VIVAS","Angiosperms","Eriocaulaceae","Comanthera","centauroides","(Bong.) L.R.Parra & Giul.","ERIOCAULACEAE Comanthera centauroides (Bong.) L.R.Parra & Giul.","ESAL000027938","splink","ESAL","Mansanares, M.E.","719","Native",,"Echternacht, L.",,"Ouro","Ouro",,"Diamantina","Parque Nacional das Sempre-vivas"
"PARQUE NACIONAL SEMPRE-VIVAS","Angiosperms","Eriocaulaceae","Comanthera","centauroides","(Bong.) L.R.Parra & Giul.","ERIOCAULACEAE Comanthera centauroides (Bong.) L.R.Parra & Giul.","SPF00221563","splink","SPF","Echternacht, L.","2229","Native","2012","Echternacht, L.","2012","Ouro","Ouro",,"Buenópolis","Parque Nacional das Sempre-Vivas, Campos São Domingo."
"PARQUE NACIONAL SEMPRE-VIVAS","Angiosperms","Eriocaulaceae","Comanthera","centauroides","(Bong.) L.R.Parra & Giul.","ERIOCAULACEAE Comanthera centauroides (Bong.) L.R.Parra & Giul.","OUPR000047922","splink","OUPR","Lima, T.M.","198","Native","2025","Lima, T.M.","2025","Bronze","Ouro",,"Buenópolis","Área ca. 200m a sudoeste do alojamento dos brigadistas do Parque Nacional das Sempre-Vivas. Campo limpo."
"PARQUE NACIONAL SEMPRE-VIVAS","Angiosperms","Eriocaulaceae","Comanthera","centauroides","(Bong.) L.R.Parra & Giul.","ERIOCAULACEAE Comanthera centauroides (Bong.) L.R.Parra & Giul.","OUPR000047956","splink","OUPR","Lima, T.M.","233","Native","2025","Lima, T.M.","2025","Bronze","Ouro",,"Olhos-d'Água","Estrada para Mundo Velho, ca. 3km após bifurcação p/ Felipe. Parque Nacional das Sempre-Vivas. Campo limpo arenoso."
"PARQUE NACIONAL SEMPRE-VIVAS","Angiosperms","Eriocaulaceae","Comanthera","centauroides","(Bong.) L.R.Parra & Giul.","ERIOCAULACEAE Comanthera centauroides (Bong.) L.R.Parra & Giul.","OUPR000047929",,"OUPR","Lima, T.M.","205","Native","2025","Lima, T.M.","2025","Bronze","Ouro",,"Bocaiúva","Beira da estrada que sai da Serra do Urubu em direção à Nascente do Rio Jequitaí. Sudoestes do Parque Nacional das Sempre-Vivas. Campo limpo, solo arenoso."
"PARQUE NACIONAL SEMPRE-VIVAS","Angiosperms","Eriocaulaceae","Comanthera","elegans","(Bong.) L.R.Parra & Giul.","ERIOCAULACEAE Comanthera elegans (Bong.) L.R.Parra & Giul.","ESAL000027940","splink","ESAL","Mansanares, M.E.","723","Native",,"Echternacht, L.",,"Ouro","Ouro",,"Diamantina","Parque Nacional das Sempre-vivas"
"PARQUE NACIONAL SEMPRE-VIVAS","Angiosperms","Eriocaulaceae","Comanthera","elegans","(Bong.) L.R.Parra & Giul.","ERIOCAULACEAE Comanthera elegans (Bong.) L.R.Parra & Giul.","ESAL000027941","splink","ESAL","Mansanares, M.E.","722","Native",,"Echternacht, L.",,"Ouro","Ouro",,"Diamantina","Parque Nacional das Sempre-vivas"
"PARQUE NACIONAL SEMPRE-VIVAS","Angiosperms","Eriocaulaceae","Comanthera","elegans","(Bong.) L.R.Parra & Giul.","ERIOCAULACEAE Comanthera elegans (Bong.) L.R.Parra & Giul.","SPF00221565","splink","SPF","Echternacht, L.","2232","Native","2012","Echternacht, L.","2012","Ouro","Ouro",,"Buenópolis","Parque Nacional das Sempre-Vivas, Campos São Domingo."
"PARQUE NACIONAL SEMPRE-VIVAS","Angiosperms","Eriocaulaceae","Comanthera","elegans","(Bong.) L.R.Parra & Giul.","ERIOCAULACEAE Comanthera elegans (Bong.) L.R.Parra & Giul.","4233","splink","DIAM","Tannure, M.P.","37","Native","2011","Echternacht, L.",,"Ouro","Ouro",,"Buenópolis","Buenópolis. Parque Nacional das Sempre-vivas (Porção Sul). 17°54'58.687''S, 43°47'01.395''W Campo rupestre"
"PARQUE NACIONAL SEMPRE-VIVAS","Angiosperms","Eriocaulaceae","Comanthera","elegans","(Bong.) L.R.Parra & Giul.","ERIOCAULACEAE Comanthera elegans (Bong.) L.R.Parra & Giul.","4234","splink","DIAM","Tannure, M.P.","34","Native","2011","Echternacht, L.",,"Ouro","Ouro",,,"Parque Nacional das Sempre-vivas (porção Norte). 17°37'17.8''S, 43°46'01.9''W. Campo rupestre"
"PARQUE NACIONAL SEMPRE-VIVAS","Angiosperms","Eriocaulaceae","Comanthera","elegantula","(Ruhland) L.R.Parra & Giul.","ERIOCAULACEAE Comanthera elegantula (Ruhland) L.R.Parra & Giul.","69008","x","HUFU","Echternacht, L.","2570","Native","2014","Echternacht, L.","2014","Ouro","Ouro",,,"Parque Nacional das Sempre-Vivas, No vale do rio Jequitaí."
"PARQUE NACIONAL SEMPRE-VIVAS","Angiosperms","Eriocaulaceae","Comanthera","elegantula","(Ruhland) L.R.Parra & Giul.","ERIOCAULACEAE Comanthera elegantula (Ruhland) L.R.Parra & Giul.","221553","x","SPF","Echternacht, L.","2230","Native","2012","Echternacht, L.","2012","Ouro","Ouro",,,"Parque Nacional das Sempre-Vivas, Campos São Domingo."
"PARQUE NACIONAL SEMPRE-VIVAS","Angiosperms","Eriocaulaceae","Comanthera","elegantula","(Ruhland) L.R.Parra & Giul.","ERIOCAULACEAE Comanthera elegantula (Ruhland) L.R.Parra & Giul.","OUPR000047920",,"OUPR","Lima, T.M.","196","Native","2025","Lima, T.M.","2025","Bronze","Ouro",,"Buenópolis","Área ca. 200m a sudoeste do alojamento dos brigadistas do Parque Nacional das Sempre-Vivas. Campo limpo."
"PARQUE NACIONAL SEMPRE-VIVAS","Angiosperms","Eriocaulaceae","Comanthera","elegantula","(Ruhland) L.R.Parra & Giul.","ERIOCAULACEAE Comanthera elegantula (Ruhland) L.R.Parra & Giul.","OUPR000047940",,"OUPR","Lima, T.M.","216","Native","2025","Lima, T.M.","2025","Bronze","Ouro",,"Buenópolis","Estrada em direção a Curumataí, saindo da base dos brigadistas do Parque Nacional das Sempre-vivas, ca. 5.5km da base, depois de uma porteira. Campo sujo próximo a um brejo, areia branca úmida."
"PARQUE NACIONAL SEMPRE-VIVAS","Angiosperms","Eriocaulaceae","Comanthera","elegantula","(Ruhland) L.R.Parra & Giul.","ERIOCAULACEAE Comanthera elegantula (Ruhland) L.R.Parra & Giul.","BHCB061837","splink","BHCB","Echternacht, L.A.","1695","Native","2008","Watanabe, M.T.C.","2021","Bronze","Ouro",,"Diamantina","Parque Nacional das Sempre-Vivas, Campos Santo Agostinho. Estrada do Mocó."
"PARQUE NACIONAL SEMPRE-VIVAS","Angiosperms","Eriocaulaceae","Comanthera",,"L.B.Sm.","ERIOCAULACEAE Comanthera L.B.Sm.","SPF00227783","splink","SPF","Gonella, P.M.","731","Native","2014",,,"Latão","Ouro",,"Diamantina","Parque Nacional das Sempre-Vivas, Estrada sentido Inhacica."
"PARQUE NACIONAL SEMPRE-VIVAS","Angiosperms","Eriocaulaceae","Comanthera","ruprechtiana","(Körn.) L.R.Parra & Giul.","ERIOCAULACEAE Comanthera ruprechtiana (Körn.) L.R.Parra & Giul.","OUPR000047928","splink","OUPR","Lima, T.M.","204","Native","2025","Lima, T.M.","2025","Bronze","Ouro",,"Bocaiúva","Beira da estrada que sai da Serra do Urubu em direção à Nascente do Rio Jequitaí. Sudoestes do Parque Nacional das Sempre-Vivas. Campo limpo, solo arenoso."
"PARQUE NACIONAL SEMPRE-VIVAS","Angiosperms","Eriocaulaceae","Comanthera","ruprechtiana","(Körn.) L.R.Parra & Giul.","ERIOCAULACEAE Comanthera ruprechtiana (Körn.) L.R.Parra & Giul.","OUPR000047935","splink","OUPR","Lima, T.M.","211","Native","2025","Lima, T.M.","2025","Bronze","Ouro",,"Olhos-d'Água","Estrada em direção a Felipe, acesso pela bifurcação a leste que sai da Estrada da nascente do Rio Jequitaí. Sudeste do Parque Nacional das Sempre-Vivas. Campo sujo, solo arenoso."
"PARQUE NACIONAL SEMPRE-VIVAS","Angiosperms","Eriocaulaceae","Comanthera","ruprechtiana","(Körn.) L.R.Parra & Giul.","ERIOCAULACEAE Comanthera ruprechtiana (Körn.) L.R.Parra & Giul.","OUPR000047937","splink","OUPR","Lima, T.M.","213","Native","2025","Lima, T.M.","2025","Bronze","Ouro",,"Diamantina","Estrada em direção a Felipe, acesso pela bifurcação a leste que sai da Estrada da nascente do Rio Jequitaí. Sudeste do Parque Nacional das Sempre-Vivas. Cerrado rupestre, solo arenoso, abaixo das candeias."
"PARQUE NACIONAL SEMPRE-VIVAS","Angiosperms","Eriocaulaceae","Comanthera","ruprechtiana","(Körn.) L.R.Parra & Giul.","ERIOCAULACEAE Comanthera ruprechtiana (Körn.) L.R.Parra & Giul.","OUPR000047946","splink","OUPR","Lima, T.M.","222","Native","2025","Lima, T.M.","2025","Bronze","Ouro",,"Buenópolis","Ca. 200m ao sul da estrada que sai da base dos brigadistas do Parque Nacional das Sempre-Vivas para Curumataí, a 7km da base. Campo limpo arenoso."
"PARQUE NACIONAL SEMPRE-VIVAS","Angiosperms","Eriocaulaceae","Comanthera","ruprechtiana","(Körn.) L.R.Parra & Giul.","ERIOCAULACEAE Comanthera ruprechtiana (Körn.) L.R.Parra & Giul.","9902","splink","DIAM","Ramos, R.","406","Native","2016","Lima, T.M.","2025","Bronze","Ouro",,"Olhos-d'Água","Olhos D'Água. Parque Nacional das Sempre-Vivas, região Água da Estaca ou Córrego Meia Pataca. 17°42'06,9""S; 43°42'17,4""O"
"PARQUE NACIONAL SEMPRE-VIVAS","Angiosperms","Eriocaulaceae","Comanthera","xeranthemoides","(Bong.) L.R.Parra & Giul.","ERIOCAULACEAE Comanthera xeranthemoides (Bong.) L.R.Parra & Giul.","5708","splink","DIAM","Echternacht, L.","2533","Native","2014",,,"Ouro","Ouro",,"Olhos-d'Água","Olhos d'Água: Parque Nacional das Sempre-vivas. Fazenda Álamos, cabeceira do córrego dos Confins. Coordenadas (WGS84): 17°37'21'' S, 43°45'54'' W"
"PARQUE NACIONAL SEMPRE-VIVAS",,"Eriocaulaceae","Comanthera","xeranthemoides","(Bong.) L.R.Parra & Giul.","ERIOCAULACEAE Comanthera xeranthemoides (Bong.) L.R.Parra & Giul.","221601","x","SPF","Echternacht, L.","2227",,"2012","Echternacht, L.","2012","Ouro","Ouro",,,"Parque Nacional das Sempre-Vivas, Campos São Domingo."
"PARQUE NACIONAL SEMPRE-VIVAS","Angiosperms","Eriocaulaceae","Comanthera","xeranthemoides","(Bong.) L.R.Parra & Giul.","ERIOCAULACEAE Comanthera xeranthemoides (Bong.) L.R.Parra & Giul.","P00847878","x","P","Echternacht, L.","2227","Native","2012","Echternacht, L.","2012","Ouro","Ouro",,,"Parque Nacional das Sempre-vivas. Campos São Domingo."
"PARQUE NACIONAL SEMPRE-VIVAS","Angiosperms","Eriocaulaceae","Comanthera","xeranthemoides","(Bong.) L.R.Parra & Giul.","ERIOCAULACEAE Comanthera xeranthemoides (Bong.) L.R.Parra & Giul.","OUPR000047924","splink","OUPR","Lima, T.M.","200","Native","2025","Lima, T.M.","2025","Bronze","Ouro",,"Buenópolis","Área ca. 200m a leste do alojamento dos brigadistas do Parque Nacional das Sempre-Vivas. Margem do riacho, substrato escuro encharcado. Em meio a uma toceira densa de grama."
"PARQUE NACIONAL SEMPRE-VIVAS","Angiosperms","Eriocaulaceae","Comanthera","xeranthemoides","(Bong.) L.R.Parra & Giul.","ERIOCAULACEAE Comanthera xeranthemoides (Bong.) L.R.Parra & Giul.","9413","splink","DIAM","Ramos, R.","135","Native","2014","Lima, T.M.","2025","Bronze","Ouro",,"Olhos-d'Água","Olhos D'Água. Parque Nacional das Sempre-Vivas, próximo à trilha do Telégrafo. 17°38'15,3""S; 43°45'6,2""W, 1122m alt."
"PARQUE NACIONAL SEMPRE-VIVAS","Angiosperms","Eriocaulaceae",,,"Martinov","ERIOCAULACEAE Eriocaulaceae Martinov","10899","splink","DIAM","Costa, F.N.","2116","Native","2018",,,"Ouro","Ouro",,"Diamantina","Diamantina. Parque Nacional das Sempre-Vivas. Porção sul do Parque na estrada para o alojamento, no ""apertado de serra"". 17°57'25,8""S, 43°47'0,1""W, 1180 m alt. Campo rupestre. Solo arenoso quartzítico."
"PARQUE NACIONAL SEMPRE-VIVAS","Angiosperms","Eriocaulaceae",,,"Martinov","ERIOCAULACEAE Eriocaulaceae Martinov","HDJF011008 HDJF00011008","splink","HDJF","Goncalves, F.B.","18","Native","2022",,,"Latão","Ouro",,"Bocaiúva","Torre. Região da Nascente do rio Jequitaí. Parque Nacional das Sempre-Vivas (PNSV)"
"PARQUE NACIONAL SEMPRE-VIVAS","Angiosperms","Eriocaulaceae","Eriocaulon","aquatile","Mart. ex Körn.","ERIOCAULACEAE Eriocaulon aquatile Mart. ex Körn.","BHCB021081","splink","BHCB","Almeida, T.E.","859",,"2007","Oliveira, A.","2014","Bronze","Ouro",,"Buenópolis","Parque Nacional das Sempre-Vivas, Caminho entre Campos de São Domingos e a Serra do Landi"
"PARQUE NACIONAL SEMPRE-VIVAS","Angiosperms","Eriocaulaceae","Eriocaulon",,"L.","ERIOCAULACEAE Eriocaulon L.","5732","splink","DIAM","Echternacht, L.","2536","Native","2014",,,"Ouro","Ouro",,"Olhos-d'Água","Olhos d'Água: Parque Nacional das Sempre-vivas. Fazenda Álamos, cabeceira do córrego dos Confins. Coordenadas (WGS84): 17°35'23'' S, 43°47'01'' W"
"PARQUE NACIONAL SEMPRE-VIVAS","Angiosperms","Eriocaulaceae","Eriocaulon",,"L.","ERIOCAULACEAE Eriocaulon L.","68980","x","HUFU","Echternacht, L.","2536","Native","2014",,,"Ouro","Ouro",,,"Parque Nacional das Sempre-vivas, Fazenda dos Álamos, cabeceira do córrego dos Confins."
"PARQUE NACIONAL SEMPRE-VIVAS","Angiosperms","Eriocaulaceae","Floralia","vaginata","(Körn.) Andrino","ERIOCAULACEAE Floralia vaginata (Körn.) Andrino","9900","splink","DIAM","Ramos, R.","444","Native","2016","Costa, F.N.",,"Ouro","Ouro",,"Olhos-d'Água","Olhos D'Água. Parque Nacional das Sempre-Vivas. Campo João Alves. 17°36'58,5""S, 43°46'11,6""W. Elev.1203 m."
"PARQUE NACIONAL SEMPRE-VIVAS","Angiosperms","Eriocaulaceae","Gnomus","scleranthus","(Ruhland) Andrino & Sano","ERIOCAULACEAE Gnomus scleranthus (Ruhland) Andrino & Sano","BHCB069525","splink","BHCB","Echternacht, L.A.","1685",,"2008","Paiva, G.R.","2025","Bronze","Ouro",,"Diamantina","PARNA Sempre-vivas, Próximo à localidade de Vau, na estrada que segue para a casa do IBAMA"
"PARQUE NACIONAL SEMPRE-VIVAS","Angiosperms","Eriocaulaceae","Gnomus","sphaerocephalus","(Ruhland) Andrino & Sano","ERIOCAULACEAE Gnomus sphaerocephalus (Ruhland) Andrino & Sano","RB01601228","x","RB","Araujo-Silva, V.","589",,"2025","Trovo, M.L.O.","2025","Bronze","Ouro",,,"Curimataí. Nos arredores do alojamento dos brigadistas. Parque Nacional das Sempre-Vivas"
"PARQUE NACIONAL SEMPRE-VIVAS","Angiosperms","Eriocaulaceae","Gnomus","sphaerocephalus","(Ruhland) Andrino & Sano","ERIOCAULACEAE Gnomus sphaerocephalus (Ruhland) Andrino & Sano","8854","splink","DIAM","Coser, T.S.","1131",,"2018","Lima, T.M.","2025","Bronze","Ouro",,"Buenópolis","Buenópolis. Parque Nacional das Sempre-Vivas. Fazenda Lameirão"
"PARQUE NACIONAL SEMPRE-VIVAS","Angiosperms","Eriocaulaceae","Gnomus","sphaerocephalus","(Ruhland) Andrino & Sano","ERIOCAULACEAE Gnomus sphaerocephalus (Ruhland) Andrino & Sano","123237","x","BHCB","Echternacht, L.A.","1690",,"2008","Paiva, G.R.",,"Bronze","Ouro",,,"Parque Nacional das Sempre-Vivas, Campos Santos Agostinhos. Estrada do Mocó"
"PARQUE NACIONAL SEMPRE-VIVAS","Angiosperms","Eriocaulaceae","Gnomus","sphaerocephalus","(Ruhland) Andrino & Sano","ERIOCAULACEAE Gnomus sphaerocephalus (Ruhland) Andrino & Sano","SPF00189503","splink","SPF","Echternacht, L.","1690",,"2008","Trovo, M.L.O.","2015","Bronze","Ouro",,"Diamantina","Parque Nacional das Sempre-Vivas"
"PARQUE NACIONAL SEMPRE-VIVAS","Angiosperms","Eriocaulaceae","Hydriade","distichophylla","(Mart.) Andrino & F.N.Costa","ERIOCAULACEAE Hydriade distichophylla (Mart.) Andrino & F.N.Costa","3575","splink","DIAM","Costa, F.N.","1481","Native","2012",,,"Ouro","Ouro",,"Diamantina","Diamantina. Parque Nacional das Sempre-Vivas. Campos São Domingos, bem próximo do alojamento. Campo rupestre"
"PARQUE NACIONAL SEMPRE-VIVAS","Angiosperms","Eriocaulaceae","Hydriade","distichophylla","(Mart.) Andrino & F.N.Costa","ERIOCAULACEAE Hydriade distichophylla (Mart.) Andrino & F.N.Costa","OUPR000047925","splink","OUPR","Lima, T.M.","201","Native","2025","Lima, T.M.","2025","Bronze","Ouro",,"Buenópolis","Área ca. 200m a sudeste do alojamento dos brigadistas do Parque Nacional das Sempre-Vivas. Na margem do riacho, próximo a uma cascatinha. Solo encharcado."
"PARQUE NACIONAL SEMPRE-VIVAS","Angiosperms","Eriocaulaceae","Hydriade","distichophylla","(Mart.) Andrino & F.N.Costa","ERIOCAULACEAE Hydriade distichophylla (Mart.) Andrino & F.N.Costa","107198","x","BHCB","Almeida, T.E.","852","Native","2007","Paiva, G.R.",,"Bronze","Ouro",,,"Parque Nacional das Sempre-Vivas, Caminho entre Campos de São Domingos e a Serra do Landi, passando pelo Córrego do Landi. Campos limpos, capão de mata, campos rupestres e campos sujos."
"PARQUE NACIONAL SEMPRE-VIVAS","Angiosperms","Eriocaulaceae","Hydriade","distichophylla","(Mart.) Andrino & F.N.Costa","ERIOCAULACEAE Hydriade distichophylla (Mart.) Andrino & F.N.Costa","RB01071618","x","RB","Trovo, M.L.O.","640","Native","2014",,,"Latão","Ouro",,,"Fazenda Álamo, córrego do Sobradão. Parque Nacional das Sempre-Vivas"
"PARQUE NACIONAL SEMPRE-VIVAS","Angiosperms","Eriocaulaceae","Leiothrix",,"(Körn.) Ruhland","ERIOCAULACEAE Leiothrix (Körn.) Ruhland","HUFU00029448",,"HUFU","Echternacht, L.","2525","Native","2014",,,"Ouro","Ouro","jbrj-public.s3-sa-east-1.amazonaws.com/fsi/server?type=image&source=DZI/hufu/hufu/0/2/94/48/hufu00029448.dzi","Olhos-d'Água","Parque Nacional das Sempre-vivas"
"PARQUE NACIONAL SEMPRE-VIVAS","Angiosperms","Eriocaulaceae","Leiothrix",,"(Körn.) Ruhland","ERIOCAULACEAE Leiothrix (Körn.) Ruhland","10902","splink","DIAM","Costa, F.N.","2129","Native","2018",,,"Ouro","Ouro",,"Diamantina","Diamantina. Parque Nacional das Sempre-Vivas. Afloramento no caminho para a casa dos vigilantes. 17°57'36""S, 43°47'10""W, 1.244 msm. Campo rupestre com afloramentos rochosos."
"PARQUE NACIONAL SEMPRE-VIVAS","Angiosperms","Eriocaulaceae","Leiothrix",,"(Körn.) Ruhland","ERIOCAULACEAE Leiothrix (Körn.) Ruhland","10991","splink","DIAM","Costa, F.N.","2104","Native","2018",,,"Ouro","Ouro",,"Diamantina","Diamantina. Parque Nacional das Sempre-Vivas. Próximo à entrada do Parque Nacional das Sempre Vivas no caminho que circunda a Serrado Galho. 17°57'45.8""S, 43°47'19.6""W, 1244 msm. Mancha de cerrado na borda de afloramentos rochosos. Queimado recentemente."
"PARQUE NACIONAL SEMPRE-VIVAS","Angiosperms","Eriocaulaceae","Leiothrix",,"(Körn.) Ruhland","ERIOCAULACEAE Leiothrix (Körn.) Ruhland","10995","splink","DIAM","Costa, F.N.","2111","Native","2018",,,"Ouro","Ouro",,"Diamantina","Diamantina. Parque Nacional das Sempre-Vivas. Campos São Domingos, bem próximo do alojamento. Campo rupestre próximo ao córrego Curralinho ou Pau-de-Copas, nascente do rio Jequitaí. 17°54'58,4""S, 43°47'6""W, 1261 m alt."
"PARQUE NACIONAL SEMPRE-VIVAS","Angiosperms","Eriocaulaceae","Leiothrix",,"(Körn.) Ruhland","ERIOCAULACEAE Leiothrix (Körn.) Ruhland","OUPR000041724","splink","OUPR","Echternacht, L.","2589","Native","2015",,,"Ouro","Ouro",,"Diamantina","Parque Nacional das Sempre-vivas. Trajeto da sede da Fazenda do Gavião até a região dos Felipe, seguindo o Rio Inhaí, a oeste da Cachoeira do Gavião."
"PARQUE NACIONAL SEMPRE-VIVAS","Angiosperms","Eriocaulaceae","Leiothrix","argentea","Silveira","ERIOCAULACEAE Leiothrix argentea Silveira","RB01601251","x","RB","Araujo-Silva, V.","612","Native","2025","Trovo, M.L.O.","2025","Bronze","Ouro",,,"Curimataí. Estrada sentido Zé Lanza - Lamarão. a leste do alojamento dos brigadistas. Parque Nacional das Sempre-Vivas"
"PARQUE NACIONAL SEMPRE-VIVAS","Angiosperms","Eriocaulaceae","Leiothrix","argentea","Silveira","ERIOCAULACEAE Leiothrix argentea Silveira","RB01601231","x","RB","Araujo-Silva, V.","592","Native","2025","Trovo, M.L.O.","2025","Bronze","Ouro",,,"Curimataí. Nos arredores do alojamento dos brigadistas. Parque Nacional das Sempre-Vivas"
"PARQUE NACIONAL SEMPRE-VIVAS","Angiosperms","Eriocaulaceae","Leiothrix","argentea","Silveira","ERIOCAULACEAE Leiothrix argentea Silveira","RB01071607","x","RB","Trovo, M.L.O.","629","Native","2014",,,"Latão","Ouro",,,"Fazenda Álamo, córrego do Sobradão. Parque Nacional das Sempre-Vivas"
"PARQUE NACIONAL SEMPRE-VIVAS","Angiosperms","Eriocaulaceae","Leiothrix","curvifolia","(Bong.) Ruhland","ERIOCAULACEAE Leiothrix curvifolia (Bong.) Ruhland","OUPR000047943","splink","OUPR","Lima, T.M.","219","Native","2025","Lima, T.M.","2025","Bronze","Ouro",,"Buenópolis","Ca. 300m ao sul da estrada que sai da base dos brigadistas do Parque Nacional das Sempre-Vivas para Curumataí, a 7km da base. Campo sujo. Próxima à valeta com solo úmido e escuro."
"PARQUE NACIONAL SEMPRE-VIVAS","Angiosperms","Eriocaulaceae","Leiothrix","curvifolia","(Bong.) Ruhland","ERIOCAULACEAE Leiothrix curvifolia (Bong.) Ruhland","5911","splink","DIAM","Costa, F.N.","1861","Native","2016","Guiao, F.F.","2025","Bronze","Ouro",,"Olhos-d'Água","Olhos D'Água. Parque Nacional das Sempre-Vivas. Trilha do Telégrafo. Campo João Alves. Bacia do Rio Jequitinhonha. 17°43'58,1""S, 43°41'58,2""W, 1134 m elev. Campo rupestre."
"PARQUE NACIONAL SEMPRE-VIVAS","Angiosperms","Eriocaulaceae","Leiothrix","echinocephala","Ruhland","ERIOCAULACEAE Leiothrix echinocephala Ruhland","204928","x","BHCB","Brina, A.E.","s.n.","Native","2019","Echternacht, L.A.",,"Bronze","Ouro",,,"Parque Nacional das Sempre-Vivas"
"PARQUE NACIONAL SEMPRE-VIVAS","Angiosperms","Eriocaulaceae","Leiothrix","echinocephala","Ruhland","ERIOCAULACEAE Leiothrix echinocephala Ruhland","2999","splink","DIAM","Costa, F.N.","1393","Native","2011","Guiao, F.F.","2025","Bronze","Ouro",,"Olhos-d'Água","Olhos D'Água. Extremo norte do PARNA Sempre-Vivas. Nascente do Sobradão. Campo Rupestre. 17°36'58.9""S, 43°46'09.3""W, 1214"
"PARQUE NACIONAL SEMPRE-VIVAS","Angiosperms","Eriocaulaceae","Leiothrix","flagellaris","(Guill.) Ruhland","ERIOCAULACEAE Leiothrix flagellaris (Guill.) Ruhland","68995","x","HUFU","Echternacht, L.","2556","Native","2014",,,"Ouro","Ouro",,,"Parque Nacional das Sempre-Vivas, Vale do Rio Jequitaí."
"PARQUE NACIONAL SEMPRE-VIVAS","Angiosperms","Eriocaulaceae","Leiothrix","flagellaris","(Guill.) Ruhland","ERIOCAULACEAE Leiothrix flagellaris (Guill.) Ruhland","OUPR000047931","splink","OUPR","Lima, T.M.","207","Native","2025","Lima, T.M.","2025","Bronze","Ouro",,"Bocaiúva","Estrada próxima à nascente do Rio Jequitaí. Sudoeste do Parque Nacional das Sempre-Vivas. Campo arenoso, vegetação esparsa, próximo à grande afloramento."
"PARQUE NACIONAL SEMPRE-VIVAS","Angiosperms","Eriocaulaceae","Leiothrix","flagellaris","(Guill.) Ruhland","ERIOCAULACEAE Leiothrix flagellaris (Guill.) Ruhland","BHCB204937","splink","BHCB","Junqueira, P.A.","264","Native","2019","Junqueira, P.A.","2019","Bronze","Ouro",,"Diamantina","Parque Nacional das Sempre-Vivas"
"PARQUE NACIONAL SEMPRE-VIVAS","Angiosperms","Eriocaulaceae","Leiothrix","flavescens","(Bong.) Ruhland","ERIOCAULACEAE Leiothrix flavescens (Bong.) Ruhland","OUPR000047957","splink","OUPR","Lima, T.M.","234","Native","2025","Lima, T.M.","2025","Bronze","Ouro",,"Olhos-d'Água","Estrada para Mundo Velho, ca. 4.5km após bifurcação p/ Felipe. Parque Nacional das Sempre-Vivas. Planta anfíbia, alguns individuos crescendo no barranco adjacente à um poço, outros completamente submersos no fundo do poço."
"PARQUE NACIONAL SEMPRE-VIVAS","Angiosperms","Eriocaulaceae","Leiothrix","flavescens","(Bong.) Ruhland","ERIOCAULACEAE Leiothrix flavescens (Bong.) Ruhland","RB01601233","x","RB","Araujo-Silva, V.","594","Native","2025","Araujo-Silva, V.","2025","Bronze","Ouro",,,"Curimataí. Nos arredores do alojamento dos brigadistas. Parque Nacional das Sempre-Vivas"
"PARQUE NACIONAL SEMPRE-VIVAS","Angiosperms","Eriocaulaceae","Leiothrix","flavescens","(Bong.) Ruhland","ERIOCAULACEAE Leiothrix flavescens (Bong.) Ruhland","227784","x","SPF","Gonella, P.M.","739","Native","2014","Trovo, M.L.O.","2018","Bronze","Ouro",,,"Parque Nacional das Sempre-Vivas, Estrada em direção ao norte do parque."
"PARQUE NACIONAL SEMPRE-VIVAS","Angiosperms","Eriocaulaceae","Leiothrix","flavescens","(Bong.) Ruhland","ERIOCAULACEAE Leiothrix flavescens (Bong.) Ruhland","HDJF011009 HDJF00011009","splink","HDJF","Goncalves, F.B.","19","Native","2022",,,"Latão","Ouro",,"Bocaiúva","Torre. Região da Nascente do rio Jequitaí. Parque Nacional das Sempre-Vivas (PNSV)"
"PARQUE NACIONAL SEMPRE-VIVAS","Angiosperms","Eriocaulaceae","Leiothrix","flavescens","(Bong.) Ruhland","ERIOCAULACEAE Leiothrix flavescens (Bong.) Ruhland","HDJF011010 HDJF00011010","splink","HDJF","Goncalves, F.B.","20","Native","2022",,,"Latão","Ouro",,"Bocaiúva","Rancharia. Região da Nascente do rio Jequitaí. Parque Nacional das Sempre-Vivas (PNSV)"
"PARQUE NACIONAL SEMPRE-VIVAS","Angiosperms","Eriocaulaceae","Leiothrix","fulgida","Ruhland","ERIOCAULACEAE Leiothrix fulgida Ruhland","SPF00221599","splink","SPF","Echternacht, L.","2226","Native","2012","Giulietti, A.M.","2012","Ouro","Ouro",,"Buenópolis","Parque Nacional das Sempre-Vivas, Campos São Domingo."
"PARQUE NACIONAL SEMPRE-VIVAS","Angiosperms","Eriocaulaceae","Leiothrix","fulgida","Ruhland","ERIOCAULACEAE Leiothrix fulgida Ruhland","RB01601254","x","RB","Araujo-Silva, V.","615","Native","2025","Araujo-Silva, V.","2026","Bronze","Ouro",,,"Estrada de acesso de Macacos para o PARNA. ca. 5.5 km do alojamento dos brigadistas. Parque Nacional das Sempre-Vivas"
"PARQUE NACIONAL SEMPRE-VIVAS","Angiosperms","Eriocaulaceae","Leiothrix","fulgida","Ruhland","ERIOCAULACEAE Leiothrix fulgida Ruhland","RB01601236","x","RB","Araujo-Silva, V.","597","Native","2025","Araujo-Silva, V.","2026","Bronze","Ouro",,,"Curimataí. Serra do Urubu. Parque Nacional das Sempre-Vivas"
"PARQUE NACIONAL SEMPRE-VIVAS","Angiosperms","Eriocaulaceae","Leiothrix","luxurians","(Körn.) Ruhland","ERIOCAULACEAE Leiothrix luxurians (Körn.) Ruhland","OUPR000047932","splink","OUPR","Lima, T.M.","208","Native","2025","Lima, T.M.","2025","Bronze","Ouro",,"Bocaiúva","Estrada próxima à nascente do Rio Jequitaí. Sudoeste do Parque Nacional das Sempre-Vivas. Campo arenoso, vegetação esparsa, próximo à grande afloramento."
"PARQUE NACIONAL SEMPRE-VIVAS","Angiosperms","Eriocaulaceae","Leiothrix","luxurians","(Körn.) Ruhland","ERIOCAULACEAE Leiothrix luxurians (Körn.) Ruhland","5738","splink","DIAM","Echternacht, L.","2540","Native","2014","Guiao, F.F.","2025","Bronze","Ouro",,"Diamantina","Diamantina: Parque Nacional das Sempre-vivas. Fazenda dos Gavião. Baliza. Coordenadas (WGS84): 17°53'07""S, 43°42'28""W"
"PARQUE NACIONAL SEMPRE-VIVAS","Angiosperms","Eriocaulaceae","Leiothrix","plantago","(Mart. ex Körn.) Giul.","ERIOCAULACEAE Leiothrix plantago (Mart. ex Körn.) Giul.","HUFU00029451",,"HUFU","Echternacht, L.","2591","Native","2015","Echtemacht, L.","2015","Bronze","Ouro","jbrj-public.s3-sa-east-1.amazonaws.com/fsi/server?type=image&source=DZI/hufu/hufu/0/2/94/51/hufu00029451.dzi","Diamantina","PARNA Sempre-vivas"
"PARQUE NACIONAL SEMPRE-VIVAS","Angiosperms","Eriocaulaceae","Leiothrix","prolifera","(Bong.) Ruhland","ERIOCAULACEAE Leiothrix prolifera (Bong.) Ruhland","BHCB204926","splink","BHCB","Brina, A.E.","s.n.","Native","2019","Echternacht, L.A.","2020","Bronze","Ouro",,"Diamantina","Parque Nacional das Sempre-Vivas"
"PARQUE NACIONAL SEMPRE-VIVAS","Angiosperms","Eriocaulaceae","Leiothrix","spergula","Ruhland","ERIOCAULACEAE Leiothrix spergula Ruhland","ESAL000027943","splink","ESAL","Mansanares, M.E.","746","Native",,"Mourao, B.","2016","Bronze","Ouro",,"Diamantina","Parque Nacional das Sempre-vivas"
"PARQUE NACIONAL SEMPRE-VIVAS","Angiosperms","Eriocaulaceae","Leiothrix","vivipara","(Bong.) Ruhland","ERIOCAULACEAE Leiothrix vivipara (Bong.) Ruhland","OUPR000029468","splink","OUPR","Echternacht, L.","2545","Native","2014","Echternacht, L.","2014","Ouro","Ouro",,"Diamantina","Parque Nacional das Sempre-vivas. Fazenda dos Gavião, Baliza."
"PARQUE NACIONAL SEMPRE-VIVAS","Angiosperms","Eriocaulaceae","Leiothrix","vivipara","(Bong.) Ruhland","ERIOCAULACEAE Leiothrix vivipara (Bong.) Ruhland","68971","x","HUFU","Echternacht, L.","2545","Native","2014","Echternacht, L.","2014","Ouro","Ouro",,,"Parque Nacional das Sempre-Vivas, Fazenda dos Gavião, Baliza."
"PARQUE NACIONAL SEMPRE-VIVAS","Angiosperms","Eriocaulaceae","Leiothrix","vivipara","(Bong.) Ruhland","ERIOCAULACEAE Leiothrix vivipara (Bong.) Ruhland","9531","splink","DIAM","Costa, F.N.","2154","Native","2018","Guiao, F.F.","2025","Bronze","Ouro",,"Buenópolis","Buenópolis. Parque Nacional das Sempre-Vivas. Campos São Domingos. 17°55'07,7""S, 43°47'14,9""W, 1293 msm. Campo rupestre."
"PARQUE NACIONAL SEMPRE-VIVAS","Angiosperms","Eriocaulaceae","Leiothrix","vivipara","(Bong.) Ruhland","ERIOCAULACEAE Leiothrix vivipara (Bong.) Ruhland","5721","splink","DIAM","Echternacht, L.","2545","Native","2014","Enchternacht, L.",,"Bronze","Ouro",,"Diamantina","Diamantina: Parque Nacional das Sempre-vivas. Fazenda dos Gavião, Baliza. Coordenadas (WGS84):"
"PARQUE NACIONAL SEMPRE-VIVAS","Angiosperms","Eriocaulaceae","Paepalanthus","albiceps","Silveira","ERIOCAULACEAE Paepalanthus albiceps Silveira","OUPR000029490","splink","OUPR","Machado, F.A.","19","Native","2014","Andrino, C.O.","2017","Ouro","Ouro",,"Olhos-d'Água","Parque Nacional das Sempre-vivas. São Domingos."
"PARQUE NACIONAL SEMPRE-VIVAS",,"Eriocaulaceae","Paepalanthus","albiceps","Silveira","ERIOCAULACEAE Paepalanthus albiceps Silveira","3574","splink","DIAM","Costa, F.N.","1478",,"2012","Costa, F.N.",,"Ouro","Ouro",,"Diamantina","Diamantina. Parque Nacional das Sempre-Vivas. Campos São Domingos, bem próximo do alojamento. Campo rupestre"
"PARQUE NACIONAL SEMPRE-VIVAS","Angiosperms","Eriocaulaceae","Paepalanthus","albiceps","Silveira","ERIOCAULACEAE Paepalanthus albiceps Silveira","189510","x","SPF","Echternacht, L.","1676","Native","2008","Costa, F.N.","2011","Ouro","Ouro",,,"Parque Nacional das Sempre-Vivas"
"PARQUE NACIONAL SEMPRE-VIVAS","Angiosperms","Eriocaulaceae","Paepalanthus","albiceps","Silveira","ERIOCAULACEAE Paepalanthus albiceps Silveira","BHCB069456","splink","BHCB","Almeida, T.E.","937","Native","2007","Paiva, G.R.","2025","Bronze","Ouro",,"Diamantina","Parque Nacional das Sempre-Vivas, Mata do Beija-Flor e caminho para a Mata do Beija-Flor. Floresta Estacional Semidecidual; Mata de Galeria; Campo Limpo e Campo Rupestre."
"PARQUE NACIONAL SEMPRE-VIVAS","Angiosperms","Eriocaulaceae","Paepalanthus","albiceps","Silveira","ERIOCAULACEAE Paepalanthus albiceps Silveira","BHCB069455","splink","BHCB","Almeida, T.E.","910","Native","2007","Paiva, G.R.","2025","Bronze","Ouro",,"Buenópolis","Parque Nacional das Sempre-Vivas, Caminho entre Campos de São Domingos e a Serra do Landi, passando pelo Córrego do Landi. Campos limpos, capão de mata, campos rupestres e campos sujos."
"PARQUE NACIONAL SEMPRE-VIVAS","Angiosperms","Eriocaulaceae","Paepalanthus","argenteus","(Bong.) Körn.","ERIOCAULACEAE Paepalanthus argenteus (Bong.) Körn.","OUPR000029470","splink","OUPR","Echternacht, L.","2548","Native","2014","Echternacht, L.","2014","Ouro","Ouro",,"Diamantina","Parque Nacional das Sempre-vivas. Campos São Domingos."
"PARQUE NACIONAL SEMPRE-VIVAS","Angiosperms","Eriocaulaceae","Paepalanthus","argenteus","(Bong.) Körn.","ERIOCAULACEAE Paepalanthus argenteus (Bong.) Körn.","HUFU00057224",,"HUFU","Werlang, A.P.L.","21","Native","2014",,,"Latão","Ouro","jbrj-public.s3-sa-east-1.amazonaws.com/fsi/server?type=image&source=DZI/hufu/hufu/0/5/72/24/hufu00057224.dzi","Diamantina","Estrada para o Parque Nacional das Sempre-Vivas ; após o povoado de macacos."
"PARQUE NACIONAL SEMPRE-VIVAS","Angiosperms","Eriocaulaceae","Paepalanthus","argenteus","(Bong.) Körn.","ERIOCAULACEAE Paepalanthus argenteus (Bong.) Körn.","HUFU00057225",,"HUFU","Werlang, A.P.L.","22","Native","2014",,,"Latão","Ouro","jbrj-public.s3-sa-east-1.amazonaws.com/fsi/server?type=image&source=DZI/hufu/hufu/0/5/72/25/hufu00057225.dzi","Diamantina","Parque Nacional das Sempre-Vivas ; após a sede do ICMBIO."
"PARQUE NACIONAL SEMPRE-VIVAS","Angiosperms","Eriocaulaceae","Paepalanthus","argenteus","(Bong.) Körn.","ERIOCAULACEAE Paepalanthus argenteus (Bong.) Körn.","OUPR000029492","splink","OUPR","Werlang, A.P.L.","22","Native","2014",,,"Latão","Ouro",,"Diamantina","Parque Nacional das Sempre-Vivas, após a sede do ICMBio."
"PARQUE NACIONAL SEMPRE-VIVAS","Angiosperms","Eriocaulaceae","Paepalanthus","argenteus","(Bong.) Körn.","ERIOCAULACEAE Paepalanthus argenteus (Bong.) Körn.","HUFU00057225","splink","HUFU","Werlang, A.P.L.","22","Native","2014",,,"Latão","Ouro",,"Diamantina","Parque Nacional das Sempre-Vivas, após a sede do ICMBIO."
"PARQUE NACIONAL SEMPRE-VIVAS","Angiosperms","Eriocaulaceae","Paepalanthus","argyrolinon","Körn.","ERIOCAULACEAE Paepalanthus argyrolinon Körn.","254719","x","UB","Fonseca, S.N.","454","Native","2024","Costa, F.N.",,"Ouro","Ouro",,,"Brasil. Minas Gerais. Buenópolis. Parque Nacional das Sempre-Vivas. Fazenda Lameirão"
"PARQUE NACIONAL SEMPRE-VIVAS","Angiosperms","Eriocaulaceae","Paepalanthus","argyrolinon","Körn.","ERIOCAULACEAE Paepalanthus argyrolinon Körn.","11018","splink","DIAM","Fonseca, S.N.","454","Native","2024","Costa, F.N.",,"Ouro","Ouro",,"Buenópolis","Buenópolis. Parque Nacional das Sempre-Vivas. Fazenda Lameirão. -43.839178 (long.); -17.902552 (lat.). Campo rupestre. Solo arenoso quartzítico"
"PARQUE NACIONAL SEMPRE-VIVAS","Angiosperms","Eriocaulaceae","Paepalanthus","argyrolinon","Körn.","ERIOCAULACEAE Paepalanthus argyrolinon Körn.","11014","splink","DIAM","Costa, F.N.","2255","Native","2022","Costa, F.N.",,"Ouro","Ouro",,"Diamantina","Diamantina. Parque Nacional das Sempre-Vivas. Região dos Filipe. Campo rupestre. Solo arenoso quartzítico. UTM 23 0637133, 8021296"
"PARQUE NACIONAL SEMPRE-VIVAS","Angiosperms","Eriocaulaceae","Paepalanthus","argyrolinon","Körn.","ERIOCAULACEAE Paepalanthus argyrolinon Körn.","OUPR000032716","splink","OUPR","Echternacht, L.","s.n.","Native","2014","Echternacht, L.","2014","Ouro","Ouro",,"Diamantina","PARNA Sempre-vivas. Trajeto da ponte velha sobre o inhacica, do antigo telégrafo, até a Fazenda do Gavião. Na entreda da Lapa da Conquista."
"PARQUE NACIONAL SEMPRE-VIVAS","Angiosperms","Eriocaulaceae","Paepalanthus","falcatus","(Bong.) Körn.","ERIOCAULACEAE Paepalanthus falcatus (Bong.) Körn.","3090","splink","DIAM","Andrino, C.O.","150","Native","2011","Costa, F.N.","2025","Ouro","Ouro",,"Olhos-d'Água","Olhos D'Água. Parque Nacional Sempre-Vivas. Porção Norte. Nascente do Sobradão. 17°36'58,9""S, 43°46'09,3""W. 1214 m alt."
"PARQUE NACIONAL SEMPRE-VIVAS","Angiosperms","Eriocaulaceae","Paepalanthus","falcatus","(Bong.) Körn.","ERIOCAULACEAE Paepalanthus falcatus (Bong.) Körn.","3092","splink","DIAM","Cota, M.M.T.","45","Native","2010","Costa, F.N.","2025","Ouro","Ouro",,"Diamantina","Diamantina. Inhaí. Parque Nacional das Sempre-Vivas. Próximo a casa do Geraldo. S17°47'38.34"", W43°37'44''. 704m alt. Cerrado rupestre."
"PARQUE NACIONAL SEMPRE-VIVAS","Angiosperms","Eriocaulaceae","Paepalanthus","falcatus","(Bong.) Körn.","ERIOCAULACEAE Paepalanthus falcatus (Bong.) Körn.","BHCB059012","splink","BHCB","Almeida, T.E.","936","Native","2007","Ramos, R.","2021","Bronze","Ouro",,"Diamantina","Parque Nacional das Sempre-Vivas, Mata do Beija-Flor e caminho para a Mata do Beija-Flor. Floresta Estacional Semidecidual; Mata de Galeria; Campo Limpo e Campo Rupestre."
"PARQUE NACIONAL SEMPRE-VIVAS","Angiosperms","Eriocaulaceae","Paepalanthus","flaccidus","(Bong.) Kunth","ERIOCAULACEAE Paepalanthus flaccidus (Bong.) Kunth","OUPR000047959","splink","OUPR","Lima, T.M.","237","Native","2025","Lima, T.M.","2025","Bronze","Ouro",,"Olhos-d'Água","Brejo adjacente à estrada p/ Mundo Velho. Ca. 4.5 km após bifurcação p/ Felipe. Parque Nacional da Sempre-Vivas. Área de brejo, crescendo sobre rocha, raízes em musgos bem úmidos."
"PARQUE NACIONAL SEMPRE-VIVAS","Angiosperms","Eriocaulaceae","Paepalanthus","flaccidus","(Bong.) Kunth","ERIOCAULACEAE Paepalanthus flaccidus (Bong.) Kunth","RB01071619","x","RB","Trovo, M.L.O.","641","Native","2014",,,"Latão","Ouro",,,"Campo da Balisa, parte sul do parque. Parque Nacional das Sempre-Vivas"
"PARQUE NACIONAL SEMPRE-VIVAS","Angiosperms","Eriocaulaceae","Paepalanthus","lychnophorellus","Echtern. & Trovó","ERIOCAULACEAE Paepalanthus lychnophorellus Echtern. & Trovó","204927","x","BHCB","Brina, A.E.","s.n.","Native","2019","Echternacht, L.A.",,"Bronze","Ouro",,,"Parque Nacional das Sempre-Vivas"
"PARQUE NACIONAL SEMPRE-VIVAS","Angiosperms","Eriocaulaceae","Paepalanthus",,"Mart.","ERIOCAULACEAE Paepalanthus Mart.","SPF00231454","splink","SPF","Costa, F.N.","1585","Native","2014",,,"Ouro","Ouro",,"Buenópolis","Parque Nacional das Sempre-Vivas"
"PARQUE NACIONAL SEMPRE-VIVAS","Angiosperms","Eriocaulaceae","Paepalanthus",,"Mart.","ERIOCAULACEAE Paepalanthus Mart.","SPF00231451","splink","SPF","Costa, F.N.","1629","Native","2014",,,"Ouro","Ouro",,"Diamantina","Parque Nacional das Sempre-Vivas"
"PARQUE NACIONAL SEMPRE-VIVAS","Angiosperms","Eriocaulaceae","Paepalanthus",,"Mart.","ERIOCAULACEAE Paepalanthus Mart.","SPF00231453","splink","SPF","Costa, F.N.","1584","Native","2014",,,"Ouro","Ouro",,"Buenópolis","Parque Nacional das Sempre-Vivas"
"PARQUE NACIONAL SEMPRE-VIVAS","Angiosperms","Eriocaulaceae","Paepalanthus",,"Mart.","ERIOCAULACEAE Paepalanthus Mart.","OUPR000029463","splink","OUPR","Echternacht, L.","2523","Native","2014",,,"Ouro","Ouro",,"Olhos-d'Água","Parque Nacional das Sempre-vivas. Fazenda dos Álamos, cabeceira do córrego dos Confins."
"PARQUE NACIONAL SEMPRE-VIVAS","Angiosperms","Eriocaulaceae","Paepalanthus",,"Mart.","ERIOCAULACEAE Paepalanthus Mart.","OUPR000047950","splink","OUPR","Lima, T.M.","227","Native","2025","Lima, T.M.","2025","Bronze","Ouro",,"Diamantina","Estrada de Macacos para a base dos brigadistas do Parque Nacional das Sempre-Vivas, ca. 4.5km da base. Região protegida por pequena lapa, solo arenoso c/ serrapilheira."
"PARQUE NACIONAL SEMPRE-VIVAS","Angiosperms","Eriocaulaceae","Paepalanthus","polygonus","Körn.","ERIOCAULACEAE Paepalanthus polygonus Körn.","OUPR000047948","splink","OUPR","Lima, T.M.","224","Native","2025","Lima, T.M.","2025","Bronze","Ouro",,"Diamantina","Estrada de Macacos para a base dos brigadistas do Parque Nacional das Sempre-Vivas, ca. 4km da base. Campo sujo arenos, embaixo de arvoreta."
"PARQUE NACIONAL SEMPRE-VIVAS","Angiosperms","Eriocaulaceae","Paepalanthus","polygonus","Körn.","ERIOCAULACEAE Paepalanthus polygonus Körn.","221382","x","SPF","Cota, M.M.T.","767","Native","2014","Andrino, C.O.","2016","Bronze","Ouro",,,"Parque Nacional das Sempre-Vivas, Entrada do distrito de Macacos; trilha próximo ao rio Jequitaí; na divisa com a cidade de Bocaiúva."
"PARQUE NACIONAL SEMPRE-VIVAS","Angiosperms","Eriocaulaceae","Paepalanthus","polygonus","Körn.","ERIOCAULACEAE Paepalanthus polygonus Körn.","RB01071611","x","RB","Trovo, M.L.O.","633","Native","2014",,,"Latão","Ouro",,,"Fazenda Álamo, córrego do Sobradão. Parque Nacional das Sempre-Vivas"
"PARQUE NACIONAL SEMPRE-VIVAS","Angiosperms","Eriocaulaceae","Paepalanthus","pubescens","Körn.","ERIOCAULACEAE Paepalanthus pubescens Körn.","BHCB058880","splink","BHCB","Echternacht, L.A.","1677","Native","2008","Ramos, R.","2021","Bronze","Ouro",,"Diamantina","Parque Nacional das Sempre-Vivas, Próximo à localidade de Vau, ao lado da casa do IBAMA. Campos Santo Agostinho."
"PARQUE NACIONAL SEMPRE-VIVAS","Angiosperms","Eriocaulaceae","Paepalanthus","regalis","Mart.","ERIOCAULACEAE Paepalanthus regalis Mart.","RB01601245","x","RB","Araujo-Silva, V.","606","Native","2025","Trovo, M.L.O.","2025","Bronze","Ouro",,,"Curimataí. Estrada sentido Zé Lanza - Lamarão. a leste do alojamento dos brigadistas. Parque Nacional das Sempre-Vivas"
"PARQUE NACIONAL SEMPRE-VIVAS","Angiosperms","Eriocaulaceae","Paepalanthus","regalis","Mart.","ERIOCAULACEAE Paepalanthus regalis Mart.","SPF00189508","splink","SPF","Echternacht, L.","1696","Native","2008","Trovo, M.L.O.",,"Bronze","Ouro",,"Diamantina","Parque Nacional das Sempre-Vivas"
"PARQUE NACIONAL SEMPRE-VIVAS","Angiosperms","Eriocaulaceae","Paepalanthus","subfalcatus","Ruhland","ERIOCAULACEAE Paepalanthus subfalcatus Ruhland","5943","splink","DIAM","Costa, F.N.","1818","Native","2016","Costa, F.N.","2025","Ouro","Ouro",,"Olhos-d'Água","Olhos d'Água. Parque Nacional das Sempre-Vivas. Trilha do Telégrafo, nas proximidades da Água de Estaca, localmente conhecido como Meia Pataca. Bacia do Rio Jequitinhonha. 17°42'05,7""S, 43°42'16,9""W, 928 m elev. Cerrado em meio a afloramentos rochosos."
"PARQUE NACIONAL SEMPRE-VIVAS","Angiosperms","Eriocaulaceae","Paepalanthus","subfalcatus","Ruhland","ERIOCAULACEAE Paepalanthus subfalcatus Ruhland","4959","splink","DIAM","Costa, F.N.","1584","Native","2014","Costa, F.N.","2025","Ouro","Ouro",,"Buenópolis","Buenópolis. Parque Nacional das Sempre-Vivas. Arredores da Vargem Grande. 17°55'39,2""S, 43°53'24,5""W, 1143 m alt. Campo rupestre."
"PARQUE NACIONAL SEMPRE-VIVAS","Angiosperms","Eriocaulaceae","Paepalanthus","subfalcatus","Ruhland","ERIOCAULACEAE Paepalanthus subfalcatus Ruhland","9408","splink","DIAM","Ramos, R.","142","Native","2014","Costa, F.N.","2025","Ouro","Ouro",,"Olhos-d'Água","Olhos D'Água. Parque Nacional das Sempre-Vivas, próximo à trilha do Telégrafo. 17°38'32,6""S; 43°44'54,3""W, 1108m alt."
"PARQUE NACIONAL SEMPRE-VIVAS","Angiosperms","Eriocaulaceae","Paepalanthus","subfalcatus","Ruhland","ERIOCAULACEAE Paepalanthus subfalcatus Ruhland","4938","splink","DIAM","Costa, F.N.","1585","Native","2014","Costa, F.N.","2025","Ouro","Ouro",,"Buenópolis","Buenópolis. Parque Nacional das Sempre-Vivas. Localidade de Lamarão, no caminho para Vargem Grande à partir do Campos São Domingos. 17°55'20,6""S, 43°50'39,2""W, 1355 m alt. Cerrado."
"PARQUE NACIONAL SEMPRE-VIVAS","Angiosperms","Eriocaulaceae","Paepalanthus","subfalcatus","Ruhland","ERIOCAULACEAE Paepalanthus subfalcatus Ruhland","OUPR000029477","splink","OUPR","Echternacht, L.","2578","Native","2014","Echternacht, L.","2014","Ouro","Ouro",,"Diamantina","Parque Nacional das Sempre-vivas. Trilha que parte de aprox. 4 km depois de Macacos em direção ao alojamento do Parque, passando pela base da Serra do Galho e pelo vale do Rio Preto."
"PARQUE NACIONAL SEMPRE-VIVAS","Angiosperms","Eriocaulaceae","Paepalanthus","trichopetalus","Körn.","ERIOCAULACEAE Paepalanthus trichopetalus Körn.","OUPR000029478","splink","OUPR","Echternacht, L.","2579","Native","2014","Echternacht, L.","2014","Ouro","Ouro",,"Diamantina","Parque Nacional das Sempre-vivas. Trilha que parte de aprox. 4 km depois de Macacos em direção ao alojamento do Parque, passando pela base da Serra do Galho e pelo vale do Rio Preto."
"PARQUE NACIONAL SEMPRE-VIVAS","Angiosperms","Eriocaulaceae","Paepalanthus","xanthopus","Silveira","ERIOCAULACEAE Paepalanthus xanthopus Silveira","SPF00231448","splink","SPF","Costa, F.N.","1477","Native","2012","Echternacht, L.",,"Ouro","Ouro",,"Diamantina","Parque Nacional das Sempre-Vivas"
"PARQUE NACIONAL SEMPRE-VIVAS","Angiosperms","Eriocaulaceae","Paepalanthus","xanthopus","Silveira","ERIOCAULACEAE Paepalanthus xanthopus Silveira","3530","splink","DIAM","Costa, F.N.","1477","Native","2012","Costa, F.N.",,"Ouro","Ouro",,"Diamantina","Diamantina. Parque Nacional das Sempre-Vivas. Caminho para o alojamento do PARNA, partindo da Comunidade de Macacos, ca. 4 km de antes do alojamento. Campo Rupestre"
"PARQUE NACIONAL SEMPRE-VIVAS","Angiosperms","Eriocaulaceae","Syngonanthus","anthemiflorus","(Bong.) Ruhland","ERIOCAULACEAE Syngonanthus anthemiflorus (Bong.) Ruhland","221598","x","SPF","Echternacht, L.","2225","Native","2012","Echternacht, L.","2012","Ouro","Ouro",,,"Parque Nacional das Sempre-Vivas, Campos São Domingo."
"PARQUE NACIONAL SEMPRE-VIVAS","Angiosperms","Eriocaulaceae","Syngonanthus","anthemiflorus","(Bong.) Ruhland","ERIOCAULACEAE Syngonanthus anthemiflorus (Bong.) Ruhland","P00847874","x","P","Echternacht, L.","2225","Native","2012","Echternacht, L.","2012","Ouro","Ouro",,,"Parque Nacional das Sempre-vivas. Campos São Domingo"
"PARQUE NACIONAL SEMPRE-VIVAS","Angiosperms","Eriocaulaceae","Syngonanthus","anthemiflorus","(Bong.) Ruhland","ERIOCAULACEAE Syngonanthus anthemiflorus (Bong.) Ruhland","ESAL000027933","splink","ESAL","Mansanares, M.E.","718","Native",,"Mansanares, M.E.",,"Bronze","Ouro",,"Diamantina","Parque Nacional das Sempre-vivas"
"PARQUE NACIONAL SEMPRE-VIVAS","Angiosperms","Eriocaulaceae","Syngonanthus","anthemiflorus","(Bong.) Ruhland","ERIOCAULACEAE Syngonanthus anthemiflorus (Bong.) Ruhland","RB01601261","x","RB","Araujo-Silva, V.","622","Native","2025","Araujo-Silva, V.","2025","Bronze","Ouro",,,"Estrada Mundo Velho. Parque Nacional das Sempre-Vivas"
"PARQUE NACIONAL SEMPRE-VIVAS","Angiosperms","Eriocaulaceae","Syngonanthus","anthemiflorus","(Bong.) Ruhland","ERIOCAULACEAE Syngonanthus anthemiflorus (Bong.) Ruhland","RB01601237","x","RB","Araujo-Silva, V.","598","Native","2025","Araujo-Silva, V.","2025","Bronze","Ouro",,,"Estrada sentido ao Filipe/Fazenda dos Gavião. Ca. 800 m após a Serra do Urubu, passando pelos campos de colheita das sempre-vivas, em campo a oeste da estrada. Parque Nacional das Sempre-Vivas"
"PARQUE NACIONAL SEMPRE-VIVAS","Angiosperms","Eriocaulaceae","Syngonanthus","anthemiflorus","(Ruhland) L.R.Parra & Giul.","ERIOCAULACEAE Syngonanthus anthemiflorus var. similis (Ruhland) L.R.Parra & Giul.","5658","splink","DIAM","Fonseca, S.N.","2","Native","2014","Enchternacht, L.",,"Bronze","Ouro",,"Buenópolis","Buenópolis. Parque Nacional das Sempre-Vivas. Vargem Grande. 17°55'39,2""S; 43°53'24,5""W, alt. 1143 m elev."
"PARQUE NACIONAL SEMPRE-VIVAS","Angiosperms","Eriocaulaceae","Syngonanthus","anthemiflorus","(Ruhland) L.R.Parra & Giul.","ERIOCAULACEAE Syngonanthus anthemiflorus var. similis (Ruhland) L.R.Parra & Giul.","5673","splink","DIAM","Fonseca, S.N.","14","Native","2014","Enchternacht, L.",,"Bronze","Ouro",,"Diamantina","Diamantina. Parque Nacional das Sempre-Vivas. Região da Vargem da Jacuba. 17°53'30,9""S 43°43'28,24""W."
"PARQUE NACIONAL SEMPRE-VIVAS","Angiosperms","Eriocaulaceae","Syngonanthus","arenarius","(Gardner) Ruhland","ERIOCAULACEAE Syngonanthus arenarius (Gardner) Ruhland","RB01601256","x","RB","Araujo-Silva, V.","617","Native","2025","Echternacht, L.","2025","Ouro","Ouro",,,"Estrada Mundo Velho. Parque Nacional das Sempre-Vivas"
"PARQUE NACIONAL SEMPRE-VIVAS","Angiosperms","Eriocaulaceae","Syngonanthus","arenarius","(Gardner) Ruhland","ERIOCAULACEAE Syngonanthus arenarius (Gardner) Ruhland","P00847895","x","P","Echternacht, L.","2231","Native","2012","Echternacht, L.","2012","Ouro","Ouro",,,"Parque Nacional das Sempre-vivas. Campos São Domingo."
"PARQUE NACIONAL SEMPRE-VIVAS","Angiosperms","Eriocaulaceae","Syngonanthus","arenarius","(Gardner) Ruhland","ERIOCAULACEAE Syngonanthus arenarius (Gardner) Ruhland","ESAL000027934","splink","ESAL","Mansanares, M.E.","804","Native",,"Mansanares, M.E.",,"Bronze","Ouro",,"Diamantina","Parque Nacional das Sempre-vivas"
"PARQUE NACIONAL SEMPRE-VIVAS","Angiosperms","Eriocaulaceae","Syngonanthus","arenarius","(Gardner) Ruhland","ERIOCAULACEAE Syngonanthus arenarius (Gardner) Ruhland","BHCB031878","splink","BHCB","Echternacht, L.A.","1679","Native","2008","Echternacht, L.A.","0-0-0","Bronze","Ouro",,"Diamantina","Parque Nacional das Sempre-Vivas, Próximo à localidade de Vau, ao lado da casa do IBAMA. Campos Santo Agostinho."
"PARQUE NACIONAL SEMPRE-VIVAS","Angiosperms","Eriocaulaceae","Syngonanthus","arenarius","(Körn.) Ruhland","ERIOCAULACEAE Syngonanthus arenarius var. heterophyllus (Körn.) Ruhland","221564","x","SPF","Echternacht, L.","2231","Native","2012","Echternacht, L.","2012","Ouro","Ouro",,,"Parque Nacional das Sempre-Vivas, Campos São Domingo."
"PARQUE NACIONAL SEMPRE-VIVAS","Angiosperms","Eriocaulaceae","Syngonanthus","arenarius","(Körn.) Ruhland","ERIOCAULACEAE Syngonanthus arenarius var. heterophyllus (Körn.) Ruhland","HUFU00030033",,"HUFU","Echtemacht, L.","2522","Native","2014","Echtemacht, L.","2014","Bronze","Ouro","jbrj-public.s3-sa-east-1.amazonaws.com/fsi/server?type=image&source=DZI/hufu/hufu/0/3/0/33/hufu00030033.dzi","Olhos-d'Água","Parque Nacional das Sempre-vivas"
"PARQUE NACIONAL SEMPRE-VIVAS","Angiosperms","Eriocaulaceae","Syngonanthus","arenarius","(Körn.) Ruhland","ERIOCAULACEAE Syngonanthus arenarius var. heterophyllus (Körn.) Ruhland","OUPR000047945","splink","OUPR","Lima, T.M.","221","Native","2025","Lima, T.M.","2025","Bronze","Ouro",,"Buenópolis","Ca. 300m ao sul da estrada que sai da base dos brigadistas do Parque Nacional das Sempre-Vivas para Curumataí, a 7km da base. Campo de areia c/ gramíneas em meio a afloramentos rochosos."
"PARQUE NACIONAL SEMPRE-VIVAS","Angiosperms","Eriocaulaceae","Syngonanthus","arenarius","(Körn.) Ruhland","ERIOCAULACEAE Syngonanthus arenarius var. heterophyllus (Körn.) Ruhland","RB01601229","x","RB","Araujo-Silva, V.","590","Native","2025","Araujo-Silva, V.","2025","Bronze","Ouro",,,"Curimataí. Nos arredores do alojamento dos brigadistas. Parque Nacional das Sempre-Vivas"
"PARQUE NACIONAL SEMPRE-VIVAS","Angiosperms","Eriocaulaceae","Syngonanthus","arenarius","(Körn.) Ruhland","ERIOCAULACEAE Syngonanthus arenarius var. heterophyllus (Körn.) Ruhland","7714","splink","DIAM","Martinelli, G.","19752","Native","2016","Guiao, F.F.","2025","Bronze","Ouro",,"Diamantina","Diamantina. Parque Nacional Sempre-Vivas. Trilha entre a Pedra Redonda e Serra do Galho. Campos rupestres. 17°57'36""S, 43°47'18""W. Elev.: 1240 m."
"PARQUE NACIONAL SEMPRE-VIVAS","Angiosperms","Eriocaulaceae","Syngonanthus","caulescens","(Poir.) Ruhland","ERIOCAULACEAE Syngonanthus caulescens (Poir.) Ruhland","9903","splink","DIAM","Ramos, R.","405","Native","2016","Guiao, F.F.",,"Bronze","Ouro",,"Olhos-d'Água","Olhos D'Água. Parque Nacional das Sempre-Vivas, região Água da Estaca ou Córrego Meia Pataca. 17°42'06,9""S; 43º42'17,4""O"
"PARQUE NACIONAL SEMPRE-VIVAS","Angiosperms","Eriocaulaceae","Syngonanthus","densiflorus","(Körn.) Ruhland","ERIOCAULACEAE Syngonanthus densiflorus (Körn.) Ruhland","5747","splink","DIAM","Echternacht, L.","2521","Native","2014","Enchternacht, L.",,"Bronze","Ouro",,"Olhos-d'Água","Olhos d'Água: Parque Nacional das Sempre-vivas. Fazenda Álamos, cabeceira do córrego dos Confins. Coordenadas (WGS84): 17°38'11'' S, 43°45'25'' W"
"PARQUE NACIONAL SEMPRE-VIVAS","Angiosperms","Eriocaulaceae","Syngonanthus","densiflorus","(Körn.) Ruhland","ERIOCAULACEAE Syngonanthus densiflorus (Körn.) Ruhland","BHCB031879","splink","BHCB","Echternacht, L.A.","1689","Native","2008","Echternacht, L.A.","2008","Bronze","Ouro",,"Diamantina","Parque Nacional das Sempre-Vivas, Campos Santo Agostinho. Estrada do Mocó."
"PARQUE NACIONAL SEMPRE-VIVAS","Angiosperms","Eriocaulaceae","Syngonanthus","hygrotrichus","Ruhland","ERIOCAULACEAE Syngonanthus hygrotrichus Ruhland","OUPR000029467","splink","OUPR","Echternacht, L.","2544","Native","2014","Echternacht, L.","2014","Ouro","Ouro",,"Diamantina","Parque Nacional das Sempre-vivas. Fazenda dos Gavião, Baliza."
"PARQUE NACIONAL SEMPRE-VIVAS","Angiosperms","Eriocaulaceae","Syngonanthus","hygrotrichus","Ruhland","ERIOCAULACEAE Syngonanthus hygrotrichus Ruhland","HUFU00030034",,"HUFU","Echtemacht, L.","2544","Native","2014","Echtemacht, L.","2014","Bronze","Ouro","jbrj-public.s3-sa-east-1.amazonaws.com/fsi/server?type=image&source=DZI/hufu/hufu/0/3/0/34/hufu00030034.dzi",,"Parque Nacional das Sempre-vivas"
"PARQUE NACIONAL SEMPRE-VIVAS","Angiosperms","Eriocaulaceae","Syngonanthus","laricifolius","(Gardner) Ruhland","ERIOCAULACEAE Syngonanthus laricifolius (Gardner) Ruhland","RB01601227","x","RB","Araujo-Silva, V.","588","Native","2025","Araujo-Silva, V.","2025","Bronze","Ouro",,,"Curimataí. Nos arredores do alojamento dos brigadistas. Parque Nacional das Sempre-Vivas"
"PARQUE NACIONAL SEMPRE-VIVAS","Angiosperms","Eriocaulaceae","Syngonanthus","laricifolius","(Gardner) Ruhland","ERIOCAULACEAE Syngonanthus laricifolius (Gardner) Ruhland","8855","splink","DIAM","Coser, T.S.","1129","Native","2018","Araujo-Silva, V.","2025","Bronze","Ouro",,"Buenópolis","Buenópolis. Parque Nacional das Sempre-Vivas. Fazenda Lameirão. Campo Rupestre. Úmido"
"PARQUE NACIONAL SEMPRE-VIVAS","Angiosperms","Eriocaulaceae","Syngonanthus","macrolepis","Silveira","ERIOCAULACEAE Syngonanthus macrolepis Silveira","9940","splink","DIAM","Ramos, R.","425","Native","2016","Araujo-Silva, V.","2025","Bronze","Ouro",,"Olhos-d'Água","Olhos D'Água. Parque Nacional das Sempre-Vivas. 17°42'35,02""S; 43°42'15,54""O"
"PARQUE NACIONAL SEMPRE-VIVAS","Angiosperms","Eriocaulaceae","Syngonanthus","minutulus","(Steud.) Moldenke","ERIOCAULACEAE Syngonanthus minutulus (Steud.) Moldenke","10519","splink","DIAM","Costa, F.N.","2382","Native","2024","Costa, F.N.","2024","Ouro","Ouro",,"Diamantina","Parque Nacional das Sempre-Vivas. Porção sul do Parque na estrada para alojamento, no ""apertado de serra"". Campo rupestre. Solo arenoso"
"PARQUE NACIONAL SEMPRE-VIVAS","Angiosperms","Eriocaulaceae","Syngonanthus","minutulus","(Steud.) Moldenke","ERIOCAULACEAE Syngonanthus minutulus (Steud.) Moldenke","RB01601230","x","RB","Araujo-Silva, V.","591","Native","2025","Araujo-Silva, V.","2025","Bronze","Ouro",,,"Curimataí. Nos arredores do alojamento dos brigadistas. Parque Nacional das Sempre-Vivas"
"PARQUE NACIONAL SEMPRE-VIVAS","Angiosperms","Eriocaulaceae","Syngonanthus","minutulus","(Steud.) Moldenke","ERIOCAULACEAE Syngonanthus minutulus (Steud.) Moldenke","7582","splink","DIAM","Costa, F.N.","2084","Native","2017","Guiao, F.F.","2025","Bronze","Ouro",,"Diamantina","Diamantina. Parque Nacional das Sempre-Vivas. Fazenda Gavião, na região da localidade denominada Baliza. Bacia do Rio Jequitinhonha. , 1226 msm. Campo rupestre"
"PARQUE NACIONAL SEMPRE-VIVAS","Angiosperms","Eriocaulaceae","Syngonanthus","minutulus","(Steud.) Moldenke","ERIOCAULACEAE Syngonanthus minutulus (Steud.) Moldenke","7963","splink","DIAM","Costa, F.N.","1984","Native","2016","Guiao, F.F.","2025","Bronze","Ouro",,"Buenópolis","Buenópolis. Parque Nacional das Sempre-Vivas. Campos São Domingos, próximo ao alojamento. , 1283m elev. Campo rupestre"
"PARQUE NACIONAL SEMPRE-VIVAS","Angiosperms","Eriocaulaceae","Syngonanthus","minutulus","(Steud.) Moldenke","ERIOCAULACEAE Syngonanthus minutulus (Steud.) Moldenke","RB01071612","x","RB","Trovo, M.L.O.","634","Native","2014",,,"Latão","Ouro",,,"Fazenda Álamo, córrego do Sobradão. Parque Nacional das Sempre-Vivas"
"PARQUE NACIONAL SEMPRE-VIVAS","Angiosperms","Eriocaulaceae","Syngonanthus","niger","Silveira","ERIOCAULACEAE Syngonanthus niger Silveira","221562","x","SPF","Echternacht, L.","2228","Native","2012","Echternacht, L.","2012","Ouro","Ouro",,,"Parque Nacional das Sempre-Vivas, Campos São Domingo."
"PARQUE NACIONAL SEMPRE-VIVAS","Angiosperms","Eriocaulaceae","Syngonanthus","niger","Silveira","ERIOCAULACEAE Syngonanthus niger Silveira","166379","splink","BHCB","Echternacht, L.A.","2228","Native","2012","Echternacht, L.A.","2012","Bronze","Ouro",,"Buenópolis","Parque Nacional das Sempre-Vivas, Campos São Domingo."
"PARQUE NACIONAL SEMPRE-VIVAS","Angiosperms","Eriocaulaceae","Syngonanthus",,"Ruhland","ERIOCAULACEAE Syngonanthus Ruhland","8609","splink","DIAM","Coser, T.S.","916","Native","2018","Araujo-Silva, V.","2025","Bronze","Ouro",,"Buenópolis","Buenópolis. Parque Nacional das Sempre-Vivas. Fazenda Lameirão. Campo sujo. Rio Durão"
"PARQUE NACIONAL SEMPRE-VIVAS","Angiosperms","Eriocaulaceae","Syngonanthus",,"Ruhland","ERIOCAULACEAE Syngonanthus Ruhland","8853","splink","DIAM","Coser, T.S.","1130","Native","2018","Araujo-Silva, V.","2025","Bronze","Ouro",,"Buenópolis","Buenópolis. Parque Nacional das Sempre-Vivas. Fazenda Lameirão. Campo Rupestre. Úmido"
"PARQUE NACIONAL SEMPRE-VIVAS","Angiosperms","Eriocaulaceae","Syngonanthus","verticillatus","(Bong.) Ruhland","ERIOCAULACEAE Syngonanthus verticillatus (Bong.) Ruhland","221597","x","SPF","Echternacht, L.","2224","Native","2012","Echternacht, L.","2012","Ouro","Ouro",,,"Parque Nacional das Sempre-Vivas, Próximo à entrada do Parque, vindo de São João da Chapada e Macacos."
"PARQUE NACIONAL SEMPRE-VIVAS","Angiosperms","Eriocaulaceae","Syngonanthus","verticillatus","(Bong.) Ruhland","ERIOCAULACEAE Syngonanthus verticillatus (Bong.) Ruhland","P00847875","x","P","Echternacht, L.","2224","Native","2012","Echternacht, L.","2012","Ouro","Ouro",,,"Parque Nacional das Sempre-vivas. Próximo à entrada do Parque, vindo de São João da Chapada e Macacos"
"PARQUE NACIONAL SEMPRE-VIVAS","Angiosperms","Eriocaulaceae","Syngonanthus","verticillatus","(Bong.) Ruhland","ERIOCAULACEAE Syngonanthus verticillatus (Bong.) Ruhland","166388","splink","BHCB","Echternacht, L.A.","2224","Native","2012","Echternacht, L.A.","2012","Bronze","Ouro",,"Diamantina","Parque Nacional das Sempre-Vivas, Próximo à entrada do Parque, vindo de São João da Chapada e Macaco"
"PARQUE NACIONAL SEMPRE-VIVAS","Angiosperms","Eriocaulaceae","Syngonanthus","verticillatus","(Bong.) Ruhland","ERIOCAULACEAE Syngonanthus verticillatus (Bong.) Ruhland","RB01071616","x","RB","Trovo, M.L.O.","638","Native","2014",,,"Latão","Ouro",,,"Fazenda Álamo, 2-3 km após o córrego do Sobradão. Parque Nacional das Sempre-Vivas"
"PARQUE NACIONAL SEMPRE-VIVAS","Angiosperms","Eriocaulaceae","Syngonanthus","widgrenianus","(Körn.) Ruhland","ERIOCAULACEAE Syngonanthus widgrenianus (Körn.) Ruhland","5733","splink","DIAM","Echternacht, L.","2535","Native","2014","Enchternacht, L.",,"Bronze","Ouro",,"Olhos-d'Água","Olhos d'Água: Parque Nacional das Sempre-vivas. Fazenda Álamos, cabeceira do córrego dos Confins. Coordenadas (WGS84): 17°35'23'' S, 43°47'01'' W"
"PARQUE NACIONAL SEMPRE-VIVAS","Angiosperms","Erythroxylaceae","Erythroxylum","pelleterianum","A.St.-Hil.","ERYTHROXYLACEAE Erythroxylum pelleterianum A.St.-Hil.","HDJF00020756",,"HDJF","Costa, T.R.","22","Native","2016","Machado, E.L.M.","2016","Prata","Ouro",,"Diamantina","Parque Nacional das Sempre-Vivas, região norte, Município de Olhos Dágua."
"PARQUE NACIONAL SEMPRE-VIVAS","Angiosperms","Euphorbiaceae","Alchornea","glandulosa","Poepp. & Endl.","EUPHORBIACEAE Alchornea glandulosa Poepp. & Endl.","HDJF00020754",,"HDJF","Costa, T.R.","20","Native","2016","Machado, E.L.M.","2016","Prata","Ouro",,"Diamantina","Parque Nacional das Sempre-Vivas, região norte, Município de Olhos Dágua."
"PARQUE NACIONAL SEMPRE-VIVAS","Angiosperms","Euphorbiaceae","Croton","campestris","A.St.-Hil.","EUPHORBIACEAE Croton campestris A.St.-Hil.","SPF00163762",,"SPF","Riina, R.","1367","Native","2004","Cordeiro, I.","3/10","Ouro","Prata","jbrj-public.s3-sa-east-1.amazonaws.com/fsi/server?type=image&source=DZI/spf/spf/0/16/37/62/spf00163762.dzi","Buenópolis","Curimataí. Simão. 1.8 km ao sul da Praça do Jatobá de Curimataí. Cachoeira em córrego que deságua no rio Simão. Sopés da cadeia do Espinhaço."
"PARQUE NACIONAL SEMPRE-VIVAS","Angiosperms","Euphorbiaceae","Croton","campestris","A.St.-Hil.","EUPHORBIACEAE Croton campestris A.St.-Hil.","SP0247353","splink","SP","Arbo, M.M.","4541","Native","1990","Lima, L.R.","2000","Ouro","Prata",,"Buenópolis","Curimatai, 40 km E de BR-135, entre Buenópolis y Joaquim Felício"
"PARQUE NACIONAL SEMPRE-VIVAS","Angiosperms","Euphorbiaceae","Croton","siderophyllus","Baill.","EUPHORBIACEAE Croton siderophyllus Baill.","UB0052411","splink","UB","Silva, S.R.","1694","Native","2021","Sodre, R.","2021","Bronze","Ouro",,"Diamantina","Parque Nacional das Sempre-Vivas"
"PARQUE NACIONAL SEMPRE-VIVAS","Angiosperms","Euphorbiaceae","Croton","siderophyllus","Baill.","EUPHORBIACEAE Croton siderophyllus Baill.","UB0052411",,"UB","Silva, S.R.","1694","Native","2021","Sodre, R.","2021","Bronze","Ouro",,"Diamantina","Parque Nacional das Sempre-Vivas"
"PARQUE NACIONAL SEMPRE-VIVAS","Angiosperms","Euphorbiaceae","Euphorbia","goyazensis","Boiss.","EUPHORBIACEAE Euphorbia goyazensis Boiss.","K001210829","splink","K","Arbo, M.M.","4535","Native","1990",,,"Latão","Prata",,"Buenópolis","Curimatai, 40 km E de BR-135, entre Buenópolis y Joaquim Felício."
"PARQUE NACIONAL SEMPRE-VIVAS","Angiosperms","Euphorbiaceae","Euphorbia","sipolisii","N.E.Br.","EUPHORBIACEAE Euphorbia sipolisii N.E.Br.","BHCB026813","splink","BHCB","Almeida, T.E.","1442",,"2008","Hurbath, F.","2015","Bronze","Ouro",,"Diamantina","Parque Nacional das Sempre-Vivas, À beira da estrada que leva à Fazenda Buriti, antes das Veredas"
"PARQUE NACIONAL SEMPRE-VIVAS","Angiosperms","Fabaceae","Calliandra",,"Benth.","FABACEAE Calliandra Benth.","CEN00121630",,"CEN","Silva, S.R.","1656","Native","2019",,,"Latão","Ouro","jbrj-public.s3-sa-east-1.amazonaws.com/fsi/server?type=image&source=DZI/cen/cen/0/12/16/30/cen00121630.dzi","Diamantina","Parque Nacional das Sempre-Vivas."
"PARQUE NACIONAL SEMPRE-VIVAS","Angiosperms","Fabaceae","Calliandra",,"Benth.","FABACEAE Calliandra Benth.","UB0052413",,"UB","Silva, S.R.","1698","Native","2021",,,"Latão","Ouro",,"Diamantina","Parque Nacional das Sempre-Vivas"
"PARQUE NACIONAL SEMPRE-VIVAS","Angiosperms","Fabaceae","Calliandra",,"Benth.","FABACEAE Calliandra Benth.","UB0052413","splink","UB","Silva, S.R.","1698","Native","2021",,,"Latão","Ouro",,"Diamantina","Parque Nacional das Sempre-Vivas"
"PARQUE NACIONAL SEMPRE-VIVAS","Angiosperms","Fabaceae","Calliandra",,"Benth.","FABACEAE Calliandra Benth.","UB0052409",,"UB","Silva, S.R.","1656","Native","2019",,,"Latão","Ouro",,"Diamantina","Parque Nacional das Sempre-Vivas"
"PARQUE NACIONAL SEMPRE-VIVAS","Angiosperms","Fabaceae","Calliandra",,"Benth.","FABACEAE Calliandra Benth.","UB0052409","splink","UB","Silva, S.R.","1656","Native","2019",,,"Latão","Ouro",,"Diamantina","Parque Nacional das Sempre-Vivas"
"PARQUE NACIONAL SEMPRE-VIVAS","Angiosperms","Fabaceae","Calliandra","fasciculata","Benth.","FABACEAE Calliandra fasciculata Benth.","203498","x","BHCB","Brina, A.E.","s.n.","Native","2019","Meyer, P.B.",,"Bronze","Ouro",,,"Parque Nacional das Sempre-Vivas"
"PARQUE NACIONAL SEMPRE-VIVAS","Angiosperms","Fabaceae","Calliandra","fasciculata","Benth.","FABACEAE Calliandra fasciculata Benth.","UB1196035",,"UB","Silva, R.M.","612","Native","1992","Fernandes, J.M.","2011","Ouro","Prata",,"Buenópolis","Curimataí. Local chamado Simão, s margens da cachoeira do Riachinho e arredores. Base da Serra com afloramento de quartzito."
"PARQUE NACIONAL SEMPRE-VIVAS","Angiosperms","Fabaceae","Calliandra","fasciculata","Benth.","FABACEAE Calliandra fasciculata Benth.","SPF00168456",,"SPF","Pirani, J.R.","5327","Native","2004","Administrador","2023","Bronze","Prata","jbrj-public.s3-sa-east-1.amazonaws.com/fsi/server?type=image&source=DZI/spf/spf/0/16/84/56/spf00168456.dzi","Buenópolis","Curimataí, Simão."
"PARQUE NACIONAL SEMPRE-VIVAS","Angiosperms","Fabaceae","Centrosema",,"(DC.) Benth.","FABACEAE Centrosema (DC.) Benth.","HUEFS0248800","splink","HUEFS","Cardoso, D.","3914","Native","2016",,,"Ouro","Ouro",,"Diamantina","Parque Nacional das Sempre-Vivas, estrada para o alojamento."
"PARQUE NACIONAL SEMPRE-VIVAS","Angiosperms","Fabaceae","Chamaecrista",,"(L.) Moench","FABACEAE Chamaecrista (L.) Moench","HUEFS00079774",,"HUEFS","Bitencourt, C.","87","Native","2012","Administrador","2024","Bronze","Ouro","jbrj-public.s3-sa-east-1.amazonaws.com/fsi/server?type=image&source=DZI/huefs/huefs/0/7/97/74/huefs00079774.dzi","Diamantina","PARNA Sempre-vivas, em campo rupestre."
"PARQUE NACIONAL SEMPRE-VIVAS",,"Fabaceae","Chamaecrista",,"(L.) Moench","FABACEAE Chamaecrista (L.) Moench","BOTU039583","splink","BOTU","Nascimento, G.M.Z.C.","357",,"2022","Nascimento, G.M.","2022","Bronze","Ouro",,"Diamantina","Parque Nacional das Sempre-Vivas, São João da Chapada"
"PARQUE NACIONAL SEMPRE-VIVAS","Angiosperms","Fabaceae","Chamaecrista",,"(L.) Moench","FABACEAE Chamaecrista (L.) Moench","BOTU039584","splink","BOTU","Nascimento, G.M.Z.C.","358","Native","2022","Nascimento, G.M.","2022","Bronze","Ouro",,"Diamantina","Parque Nacional das Sempre-Vivas, Distrito de Macacos"
"PARQUE NACIONAL SEMPRE-VIVAS","Angiosperms","Fabaceae","Chamaecrista",,"(L.) Moench","FABACEAE Chamaecrista (L.) Moench","BOTU039585","splink","BOTU","Nascimento, G.M.Z.C.","359","Native","2022","Nascimento, G.M.","2022","Bronze","Ouro",,"Diamantina","Parque Nacional das Sempre-Vivas, Distrito de Macacos"
"PARQUE NACIONAL SEMPRE-VIVAS","Angiosperms","Fabaceae","Chamaecrista",,"(L.) Moench","FABACEAE Chamaecrista (L.) Moench","HUEFS079775","x","HUEFS","Bitencourt, C.","88","Native","2012","Administrador","2020","Bronze","Ouro",,,"PARNA Sempre-vivas, em campo rupestre."
"PARQUE NACIONAL SEMPRE-VIVAS","Angiosperms","Fabaceae","Chamaecrista","bracteolata","(Vogel) H.S.Irwin & Barneby","FABACEAE Chamaecrista bracteolata (Vogel) H.S.Irwin & Barneby","SPF00221947",,"SPF","Cota, M.M.T.","783","Native","2014","Administrador","2023","Bronze","Ouro","jbrj-public.s3-sa-east-1.amazonaws.com/fsi/server?type=image&source=DZI/spf/spf/0/22/19/47/spf00221947.dzi","Buenópolis","Parque Nacional das Sempre-Vivas, Entrada do distrito de Macacos; trilha margeando o rio Jequitaí; na divisa com a cidade de Bocaiúva."
"PARQUE NACIONAL SEMPRE-VIVAS","Angiosperms","Fabaceae","Chamaecrista","cathartica","(Mart.) H.S.Irwin & Barneby","FABACEAE Chamaecrista cathartica (Mart.) H.S.Irwin & Barneby","SPF00221981",,"SPF","Cota, M.M.T.","750","Native","2014","Administrador","2023","Bronze","Ouro","jbrj-public.s3-sa-east-1.amazonaws.com/fsi/server?type=image&source=DZI/spf/spf/0/22/19/81/spf00221981.dzi","Bocaiúva","Parque Nacional das Sempre-Vivas, Entrada do distrito de Macacos; estrada sentido norte do parque; próximo ao rio Jequitaí."
"PARQUE NACIONAL SEMPRE-VIVAS","Angiosperms","Fabaceae","Chamaecrista","cathartica","(Mart.) H.S.Irwin & Barneby","FABACEAE Chamaecrista cathartica (Mart.) H.S.Irwin & Barneby","SPF00225140",,"SPF","Cota, M.M.T.","41","Native","2010","Administrador","2023","Bronze","Ouro","jbrj-public.s3-sa-east-1.amazonaws.com/fsi/server?type=image&source=DZI/spf/spf/0/22/51/40/spf00225140.dzi","Diamantina","Parque Nacional das Sempre-Vivas"
"PARQUE NACIONAL SEMPRE-VIVAS","Angiosperms","Fabaceae","Chamaecrista","conferta","(Benth.) H.S.Irwin & Barneby","FABACEAE Chamaecrista conferta (Benth.) H.S.Irwin & Barneby","SPF00222017",,"SPF","Cota, M.M.T.","709","Native","2014","Administrador","2023","Bronze","Ouro","jbrj-public.s3-sa-east-1.amazonaws.com/fsi/server?type=image&source=DZI/spf/spf/0/22/20/17/spf00222017.dzi","Diamantina","Parque Nacional das Sempre-Vivas, Entrada de Macacos. Estrada em frente da casa de apoio do parque; cerca de 1;5 km adiante."
"PARQUE NACIONAL SEMPRE-VIVAS","Angiosperms","Fabaceae","Chamaecrista","conferta","(Benth.) H.S.Irwin & Barneby","FABACEAE Chamaecrista conferta var. conferta (Benth.) H.S.Irwin & Barneby","SPF00222016",,"SPF","Cota, M.M.T.","778","Native","2014","Administrador","2023","Bronze","Ouro","jbrj-public.s3-sa-east-1.amazonaws.com/fsi/server?type=image&source=DZI/spf/spf/0/22/20/16/spf00222016.dzi","Buenópolis","Parque Nacional das Sempre-Vivas, Entrada do distrito de Macacos; trilha margeando o rio Jequitaí; na divisa com a cidade de Bocaiúva."
"PARQUE NACIONAL SEMPRE-VIVAS","Angiosperms","Fabaceae","Chamaecrista","desvauxii","(Collad.) Killip","FABACEAE Chamaecrista desvauxii (Collad.) Killip","SPF00221998",,"SPF","Cota, M.M.T.","776","Native","2014","Administrador","2023","Bronze","Ouro","jbrj-public.s3-sa-east-1.amazonaws.com/fsi/server?type=image&source=DZI/spf/spf/0/22/19/98/spf00221998.dzi","Buenópolis","Parque Nacional das Sempre-Vivas, Entrada do distrito de Macacos; trilha próximo ao rio Jequitaí; na divisa com a cidade de Bocaiúva."
"PARQUE NACIONAL SEMPRE-VIVAS","Angiosperms","Fabaceae","Chamaecrista","desvauxii","(Collad.) Killip","FABACEAE Chamaecrista desvauxii (Collad.) Killip","SPF00222003",,"SPF","Cota, M.M.T.","713","Native","2014","Administrador","2023","Bronze","Ouro","jbrj-public.s3-sa-east-1.amazonaws.com/fsi/server?type=image&source=DZI/spf/spf/0/22/20/3/spf00222003.dzi","Diamantina","Parque Nacional das Sempre-Vivas, Entrada de Macacos. Estrada em frente da casa de apoio do parque; cerca de 1;5 km adiante."
"PARQUE NACIONAL SEMPRE-VIVAS","Angiosperms","Fabaceae","Chamaecrista","desvauxii","(Collad.) Killip","FABACEAE Chamaecrista desvauxii (Collad.) Killip","SPF00222004",,"SPF","Cota, M.M.T.","775","Native","2014","Administrador","2023","Bronze","Ouro","jbrj-public.s3-sa-east-1.amazonaws.com/fsi/server?type=image&source=DZI/spf/spf/0/22/20/4/spf00222004.dzi","Buenópolis","Parque Nacional das Sempre-Vivas, Entrada do distrito de Macacos; trilha próximo ao rio Jequitaí; na divisa com a cidade de Bocaiúva."
"PARQUE NACIONAL SEMPRE-VIVAS","Angiosperms","Fabaceae","Chamaecrista","desvauxii","(Collad.) Killip","FABACEAE Chamaecrista desvauxii (Collad.) Killip","SPF00225082",,"SPF","Cota, M.M.T.","257","Native","2011","Administrador","2023","Bronze","Ouro","jbrj-public.s3-sa-east-1.amazonaws.com/fsi/server?type=image&source=DZI/spf/spf/0/22/50/82/spf00225082.dzi","Buenópolis","Parque Nacional das Sempre-Vivas"
"PARQUE NACIONAL SEMPRE-VIVAS","Angiosperms","Fabaceae","Chamaecrista","desvauxii","(Collad.) Killip","FABACEAE Chamaecrista desvauxii (Collad.) Killip","SPF00225069",,"SPF","Cota, M.M.T.","249","Native","2011","Administrador","2019","Bronze","Ouro","jbrj-public.s3-sa-east-1.amazonaws.com/fsi/server?type=image&source=DZI/spf/spf/0/22/50/69/spf00225069.dzi","Diamantina","Parque Nacional das Sempre-Vivas"
"PARQUE NACIONAL SEMPRE-VIVAS","Angiosperms","Fabaceae","Chamaecrista","exsudans","(Benth.) H.S.Irwin & Barneby","FABACEAE Chamaecrista exsudans (Benth.) H.S.Irwin & Barneby","SPF00221955",,"SPF","Cota, M.M.T.","751","Native","2014","Administrador","2023","Bronze","Ouro","jbrj-public.s3-sa-east-1.amazonaws.com/fsi/server?type=image&source=DZI/spf/spf/0/22/19/55/spf00221955.dzi","Buenópolis","Parque Nacional das Sempre-Vivas, Entrada do distrito de Macacos. Estrada de Macacos para a casa de apoio."
"PARQUE NACIONAL SEMPRE-VIVAS","Angiosperms","Fabaceae","Chamaecrista","exsudans","(Benth.) H.S.Irwin & Barneby","FABACEAE Chamaecrista exsudans (Benth.) H.S.Irwin & Barneby","SPF00221957",,"SPF","Cota, M.M.T.","705","Native","2014","Administrador","2023","Bronze","Ouro","jbrj-public.s3-sa-east-1.amazonaws.com/fsi/server?type=image&source=DZI/spf/spf/0/22/19/57/spf00221957.dzi","Diamantina","Parque Nacional das Sempre-Vivas, Entrada de Macacos. Estrada em frente da casa de apoio do parque; cerca de 1;5 km adiante."
"PARQUE NACIONAL SEMPRE-VIVAS","Angiosperms","Fabaceae","Chamaecrista","hedysaroides","(Vogel) H.S.Irwin & Barneby","FABACEAE Chamaecrista hedysaroides (Vogel) H.S.Irwin & Barneby","SPF00222009",,"SPF","Cota, M.M.T.","754","Native","2014","Administrador","2023","Bronze","Ouro","jbrj-public.s3-sa-east-1.amazonaws.com/fsi/server?type=image&source=DZI/spf/spf/0/22/20/9/spf00222009.dzi","Buenópolis","Parque Nacional das Sempre-Vivas, Entrada do distrito de Macacos; trilha próximo ao rio Jequitaí; na divisa com a cidade de Bocaiúva."
"PARQUE NACIONAL SEMPRE-VIVAS","Angiosperms","Fabaceae","Chamaecrista","olesiphylla","(Vogel) H.S.Irwin & Barneby","FABACEAE Chamaecrista olesiphylla (Vogel) H.S.Irwin & Barneby","CEN00121662",,"CEN","Silva, S.R.","1689","Native","2021","Rando, J.G.","2021","Ouro","Ouro","jbrj-public.s3-sa-east-1.amazonaws.com/fsi/server?type=image&source=DZI/cen/cen/0/12/16/62/cen00121662.dzi","Diamantina","Parque Nacional das Sempre-Vivas."
"PARQUE NACIONAL SEMPRE-VIVAS","Angiosperms","Fabaceae","Chamaecrista","olesiphylla","(Vogel) H.S.Irwin & Barneby","FABACEAE Chamaecrista olesiphylla (Vogel) H.S.Irwin & Barneby","CEN00121663",,"CEN","Silva, S.R.","1690","Native","2021","Rando, J.G.","2021","Ouro","Ouro","jbrj-public.s3-sa-east-1.amazonaws.com/fsi/server?type=image&source=DZI/cen/cen/0/12/16/63/cen00121663.dzi","Diamantina","Parque Nacional das Sempre-Vivas."
"PARQUE NACIONAL SEMPRE-VIVAS","Angiosperms","Fabaceae","Chamaecrista","olesiphylla","(Vogel) H.S.Irwin & Barneby","FABACEAE Chamaecrista olesiphylla (Vogel) H.S.Irwin & Barneby","UB0052403",,"UB","Silva, S.R.","1690","Native","2021","Rando, J.G.","2021","Ouro","Ouro",,"Diamantina","Parque Nacional das Sempre-Vivas"
"PARQUE NACIONAL SEMPRE-VIVAS","Angiosperms","Fabaceae","Chamaecrista","olesiphylla","(Vogel) H.S.Irwin & Barneby","FABACEAE Chamaecrista olesiphylla (Vogel) H.S.Irwin & Barneby","UB0052404",,"UB","Silva, S.R.","1689","Native","2021","Rando, J.G.","2021","Ouro","Ouro",,"Diamantina","Parque Nacional das Sempre-Vivas"
"PARQUE NACIONAL SEMPRE-VIVAS","Angiosperms","Fabaceae","Chamaecrista","olesiphylla","(Vogel) H.S.Irwin & Barneby","FABACEAE Chamaecrista olesiphylla (Vogel) H.S.Irwin & Barneby","UB0052405",,"UB","Silva, S.R.","1688","Native","2021","Rando, J.G.","2021","Ouro","Ouro",,"Diamantina","Parque Nacional das Sempre-Vivas"
"PARQUE NACIONAL SEMPRE-VIVAS","Angiosperms","Fabaceae","Chamaecrista","ramosa","(Vogel) H.S.Irwin & Barneby","FABACEAE Chamaecrista ramosa (Vogel) H.S.Irwin & Barneby","121920","x","BHCB","Almeida, T.E.","s.n.","Native","2007","Cota, M.M.T.","2012","Bronze","Ouro",,,"Parque Nacional das Sempre-Vivas, Caminho para a Serra do Landi, passando pelo córrego do Landi. Cerrado Sentido Restrito"
"PARQUE NACIONAL SEMPRE-VIVAS","Angiosperms","Fabaceae","Chamaecrista","rossicorum","(H.S. Irwin & Barneby) Rando","FABACEAE Chamaecrista rossicorum (H.S. Irwin & Barneby) Rando","SPF00221961",,"SPF","Cota, M.M.T.","739","Native","2014","Administrador","2023","Bronze","Ouro","jbrj-public.s3-sa-east-1.amazonaws.com/fsi/server?type=image&source=DZI/spf/spf/0/22/19/61/spf00221961.dzi","Olhos-d'Água","Parque Nacional das Sempre-Vivas, Entrada do distrito de Macacos; estrada em direção ao norte do parque; sentido Inhacica."
"PARQUE NACIONAL SEMPRE-VIVAS","Angiosperms","Fabaceae","Chamaecrista","rossicorum","(H.S. Irwin & Barneby) Rando","FABACEAE Chamaecrista rossicorum (H.S. Irwin & Barneby) Rando","SPF00221962",,"SPF","Cota, M.M.T.","737","Native","2014","Administrador","2023","Bronze","Ouro","jbrj-public.s3-sa-east-1.amazonaws.com/fsi/server?type=image&source=DZI/spf/spf/0/22/19/62/spf00221962.dzi","Olhos-d'Água","Parque Nacional das Sempre-Vivas, Entrada do distrito de Macacos; estrada em direção ao norte do parque; sentido Inhacica."
"PARQUE NACIONAL SEMPRE-VIVAS","Angiosperms","Fabaceae","Chamaecrista","rotundata","(Vogel) H.S.Irwin & Barneby","FABACEAE Chamaecrista rotundata (Vogel) H.S.Irwin & Barneby","SPF00221964",,"SPF","Cota, M.M.T.","746","Native","2014","Administrador","2023","Bronze","Ouro","jbrj-public.s3-sa-east-1.amazonaws.com/fsi/server?type=image&source=DZI/spf/spf/0/22/19/64/spf00221964.dzi","Bocaiúva","Parque Nacional das Sempre-Vivas, Entrada do distrito de Macacos; estrada sentido norte do parque; próximo ao rio Jequitaí."
"PARQUE NACIONAL SEMPRE-VIVAS","Angiosperms","Fabaceae","Chamaecrista","rotundata","(Vogel) H.S.Irwin & Barneby","FABACEAE Chamaecrista rotundata (Vogel) H.S.Irwin & Barneby","SPF00221965",,"SPF","Cota, M.M.T.","782","Native","2014","Administrador","2023","Bronze","Ouro","jbrj-public.s3-sa-east-1.amazonaws.com/fsi/server?type=image&source=DZI/spf/spf/0/22/19/65/spf00221965.dzi","Buenópolis","Parque Nacional das Sempre-Vivas, Entrada do distrito de Macacos; trilha margeando o rio Jequitaí; na divisa com a cidade de Bocaiúva."
"PARQUE NACIONAL SEMPRE-VIVAS","Angiosperms","Fabaceae","Chamaecrista","rotundata","(Vogel) H.S.Irwin & Barneby","FABACEAE Chamaecrista rotundata (Vogel) H.S.Irwin & Barneby","SPF00221966",,"SPF","Cota, M.M.T.","780","Native","2014","Administrador","2023","Bronze","Ouro","jbrj-public.s3-sa-east-1.amazonaws.com/fsi/server?type=image&source=DZI/spf/spf/0/22/19/66/spf00221966.dzi","Buenópolis","Parque Nacional das Sempre-Vivas, Entrada do distrito de Macacos; trilha margeando o rio Jequitaí; na divisa com a cidade de Bocaiúva."
"PARQUE NACIONAL SEMPRE-VIVAS","Angiosperms","Fabaceae","Chamaecrista","rotundata","(Vogel) H.S.Irwin & Barneby","FABACEAE Chamaecrista rotundata (Vogel) H.S.Irwin & Barneby","SPF00221967",,"SPF","Cota, M.M.T.","804","Native","2014","Administrador","2023","Bronze","Ouro","jbrj-public.s3-sa-east-1.amazonaws.com/fsi/server?type=image&source=DZI/spf/spf/0/22/19/67/spf00221967.dzi","Olhos-d'Água","Parque Nacional das Sempre-Vivas, Fazenda Álamo."
"PARQUE NACIONAL SEMPRE-VIVAS","Angiosperms","Fabaceae","Chamaecrista","rotundata","(Vogel) H.S.Irwin & Barneby","FABACEAE Chamaecrista rotundata (Vogel) H.S.Irwin & Barneby","203499","x","BHCB","Brina, A.E.","s.n.","Native","2019",,,"Latão","Ouro",,,"Parque Nacional das Sempre-Vivas"
"PARQUE NACIONAL SEMPRE-VIVAS","Angiosperms","Fabaceae","Chamaecrista","stillifera","(H.S.Irwin & Barneby) H.S.Irwin & Barneby","FABACEAE Chamaecrista stillifera (H.S.Irwin & Barneby) H.S.Irwin & Barneby","MO0100450998","splink","MO","Hatschbach, G.G.","73644","Native","2002","Barneby",,"Ouro","Prata",,"Buenópolis","Curimatai,Rio Preto (mun. Buenopolis)."
"PARQUE NACIONAL SEMPRE-VIVAS","Angiosperms","Fabaceae","Chamaecrista","stillifera","(H.S.Irwin & Barneby) H.S.Irwin & Barneby","FABACEAE Chamaecrista stillifera (H.S.Irwin & Barneby) H.S.Irwin & Barneby","COR00006657",,"COR","Hatschbach, G.","73644","Native","2002","Hatschbach, G.","2002","Prata","Prata","jbrj-public.s3-sa-east-1.amazonaws.com/fsi/server?type=image&source=DZI/cor/cor/0/0/66/57/cor00006657.dzi","Buenópolis","Curimataí, rio Preto"
"PARQUE NACIONAL SEMPRE-VIVAS","Angiosperms","Fabaceae","Chamaecrista","stillifera","(H.S.Irwin & Barneby) H.S.Irwin & Barneby","FABACEAE Chamaecrista stillifera (H.S.Irwin & Barneby) H.S.Irwin & Barneby","ALCB027015",,"ALCB","Hatschbach, G.","73644","Native","2002","Hatschbach, G.","2002","Prata","Prata","jbrj-public.s3.amazonaws.com/fsi/server?type=image&source=DZI/alcb/alcb/0/2/70/15/alcb00027015.dzi","Buenópolis","Curimataí, rio Preto."
"PARQUE NACIONAL SEMPRE-VIVAS","Angiosperms","Fabaceae","Chamaecrista","stillifera","(H.S.Irwin & Barneby) H.S.Irwin & Barneby","FABACEAE Chamaecrista stillifera (H.S.Irwin & Barneby) H.S.Irwin & Barneby","HUCP00009521","splink","HUCP","Hatschbach, G.G.","73644","Native","2002","Hatschbach, G.G.",,"Prata","Prata",,"Buenópolis","Curimataí, Rio Preto."
"PARQUE NACIONAL SEMPRE-VIVAS","Angiosperms","Fabaceae","Chamaecrista","stillifera","(H.S.Irwin & Barneby) H.S.Irwin & Barneby","FABACEAE Chamaecrista stillifera (H.S.Irwin & Barneby) H.S.Irwin & Barneby","COR00006657","splink","COR","Hatschbach, G.","73644","Native","2002","Hatschbach, G.","2002","Prata","Prata",,"Buenópolis","Curimataí, Rio Preto"
"PARQUE NACIONAL SEMPRE-VIVAS","Angiosperms","Fabaceae","Chamaecrista","tragacanthoides","(Mart. ex Benth.) H.S.Irwin & Barneby","FABACEAE Chamaecrista tragacanthoides var. tragacanthoides (Mart. ex Benth.) H.S.Irwin & Barneby","SPF00221937",,"SPF","Cota, M.M.T.","771","Native","2014","Administrador","2023","Bronze","Ouro","jbrj-public.s3-sa-east-1.amazonaws.com/fsi/server?type=image&source=DZI/spf/spf/0/22/19/37/spf00221937.dzi","Buenópolis","Parque Nacional das Sempre-Vivas, Entrada do distrito de Macacos; trilha próximo ao rio Jequitaí; na divisa com a cidade de Bocaiúva."
"PARQUE NACIONAL SEMPRE-VIVAS","Angiosperms","Fabaceae","Chamaecrista","ursina","(Mart. ex Benth.) H.S.Irwin & Barneby","FABACEAE Chamaecrista ursina (Mart. ex Benth.) H.S.Irwin & Barneby","SPF00221951",,"SPF","Cota, M.M.T.","745","Native","2014","Administrador","2023","Bronze","Ouro","jbrj-public.s3-sa-east-1.amazonaws.com/fsi/server?type=image&source=DZI/spf/spf/0/22/19/51/spf00221951.dzi","Bocaiúva","Parque Nacional das Sempre-Vivas, Entrada do distrito de Macacos; estrada sentido norte do parque; próximo ao rio Jequitaí."
"PARQUE NACIONAL SEMPRE-VIVAS","Angiosperms","Fabaceae","Copaifera","langsdorffii","Desf.","FABACEAE Copaifera langsdorffii Desf.","HDJF00020764",,"HDJF","Costa, T.R.","30","Native","2016","Machado, E.L.M.","2016","Prata","Ouro",,"Diamantina","Parque Nacional das Sempre-Vivas, região sul, Distrito de São João da Chapada."
"PARQUE NACIONAL SEMPRE-VIVAS","Angiosperms","Fabaceae","Copaifera","langsdorffii","Desf.","FABACEAE Copaifera langsdorffii Desf.","120921","splink","BHCB","Almeida, T.E.","1352","Native","2008","Sobral, M.","0-0-0","Prata","Ouro",,"Buenópolis","Parque Nacional das Sempre-Vivas, Caminho para a Serra do Mocó, passando pelo córrego do Mocó. Campos rupestres, Campos limpos, Campos sujos, Cerrado sentido restrito e Matas de galeria"
"PARQUE NACIONAL SEMPRE-VIVAS","Angiosperms","Fabaceae","Crotalaria","micans","Link","FABACEAE Crotalaria micans Link","SPF00221370","x","University of São Paulo - Department of Botany","Cota, M.M.T.","798","Native","2014","Administrador",,"Bronze","Ouro",,,"Parque Nacional das Sempre-Vivas, Fazenda Álamo."
"PARQUE NACIONAL SEMPRE-VIVAS","Angiosperms","Fabaceae","Crotalaria","rufipila","Benth.","FABACEAE Crotalaria rufipila Benth.","SPF00221318","x","University of São Paulo - Department of Botany","Cota, M.M.T.","738","Native","2014","Administrador",,"Bronze","Ouro",,,"Parque Nacional das Sempre-Vivas, Entrada do distrito de Macacos; estrada em direção ao norte do parque; sentido Inhacica."
"PARQUE NACIONAL SEMPRE-VIVAS","Angiosperms","Fabaceae","Crotalaria","unifoliolata","Benth.","FABACEAE Crotalaria unifoliolata Benth.","SPF00221627","x","University of São Paulo - Department of Botany","Cota, M.M.T.","706","Native","2014","Administrador",,"Bronze","Ouro",,,"Parque Nacional das Sempre-Vivas, Entrada de Macacos. Estrada em frente da casa de apoio do parque; cerca de 1;5 km adiante."
"PARQUE NACIONAL SEMPRE-VIVAS","Angiosperms","Fabaceae","Ctenodon",,"Baill.","FABACEAE Ctenodon Baill.","BOTU039586","splink","BOTU","Nascimento, G.M.Z.C.","352","Native","2022","Nascimento, G.M.","2022","Bronze","Ouro",,"Diamantina","Parque Nacional das Sempre-Vivas, Distrito de Macacos"
"PARQUE NACIONAL SEMPRE-VIVAS","Angiosperms","Fabaceae",,,"Lindl.","FABACEAE Fabaceae Lindl.","HUEFS0261985","splink","HUEFS","Hatschbach, G.","72226","Native","2001",,,"Latão","Prata",,"Buenópolis","Curimataí, arredores."
"PARQUE NACIONAL SEMPRE-VIVAS","Angiosperms","Fabaceae","Galactia",,"P.Browne","FABACEAE Galactia P.Browne","BOTU038940","splink","BOTU","Nascimento, G.M.Z.C.","365","Native","2022","Nascimento, G.M.","2022","Bronze","Ouro",,"Buenópolis","Distrito de Curimataí, Parque Nacional das Sempre-Vivas"
"PARQUE NACIONAL SEMPRE-VIVAS","Angiosperms","Fabaceae","Galactia",,"P.Browne","FABACEAE Galactia P.Browne","BOTU038941","splink","BOTU","Nascimento, G.M.Z.C.","364","Native","2022","Nascimento, G.M.","2022","Bronze","Ouro",,"Buenópolis","Distrito de Curimataí, Parque Nacional das Sempre-Vivas"
"PARQUE NACIONAL SEMPRE-VIVAS","Angiosperms","Fabaceae","Inga","marginata","Willd.","FABACEAE Inga marginata Willd.","HDJF00020736",,"HDJF","Costa, T.R.","2","Native","2016","Machado, E.L.M.","2016","Prata","Ouro",,"Diamantina","Parque Nacional das Sempre-Vivas, região sul, Distrito de São João da Chapada."
"PARQUE NACIONAL SEMPRE-VIVAS","Angiosperms","Fabaceae","Leptolobium","brachystachyum","(Benth.) Sch.Rodr. & A.M.G.Azevedo","FABACEAE Leptolobium brachystachyum (Benth.) Sch.Rodr. & A.M.G.Azevedo","HUEFS0248805","splink","HUEFS","Cardoso, D.","3919","Native","2016",,,"Ouro","Ouro",,"Diamantina","Parque Nacional das Sempre-Vivas, estrada para o alojamento."
"PARQUE NACIONAL SEMPRE-VIVAS","Angiosperms","Fabaceae","Leptolobium","brachystachyum","(Benth.) Sch.Rodr. & A.M.G.Azevedo","FABACEAE Leptolobium brachystachyum (Benth.) Sch.Rodr. & A.M.G.Azevedo","SPF00221372",,"SPF","Cota, M.M.T.","805","Native","2014","Administrador","2023","Bronze","Ouro","jbrj-public.s3-sa-east-1.amazonaws.com/fsi/server?type=image&source=DZI/spf/spf/0/22/13/72/spf00221372.dzi","Olhos-d'Água","Parque Nacional das Sempre-Vivas, Fazenda Álamo."
"PARQUE NACIONAL SEMPRE-VIVAS","Angiosperms","Fabaceae","Lupinus","parvifolius","Gardner","FABACEAE Lupinus parvifolius Gardner","SPF00221316","x","University of São Paulo - Department of Botany","Cota, M.M.T.","759","Native","2014","Administrador",,"Bronze","Ouro",,,"Parque Nacional das Sempre-Vivas, Entrada do distrito de Macacos; trilha próximo ao rio Jequitaí; na divisa com a cidade de Bocaiúva."
"PARQUE NACIONAL SEMPRE-VIVAS","Angiosperms","Fabaceae","Mimosa","antrorsa","Benth.","FABACEAE Mimosa antrorsa Benth.","MBM275284","splink","MBM","Hatschbach, G.","73656","Native","2002","Ribas, O.S.",,"Ouro","Prata",,"Buenópolis","Curimataí, arredores."
"PARQUE NACIONAL SEMPRE-VIVAS","Angiosperms","Fabaceae","Mimosa","antrorsa","Benth.","FABACEAE Mimosa antrorsa Benth.","W20050014689",,"W","Hatschbach, G.","73656","Native","2002","Administrador","2024","Bronze","Prata","jbrj-public.s3-sa-east-1.amazonaws.com/fsi/server?type=image&source=DZI/nhmwien/w/20050/1/46/89/w20050014689.dzi","Buenópolis","Curimataí, arredores."
"PARQUE NACIONAL SEMPRE-VIVAS","Angiosperms","Fabaceae","Mimosa","aurivillus","Mart.","FABACEAE Mimosa aurivillus Mart.","SPF00221327",,"SPF","Cota, M.M.T.","756","Native","2014","Administrador","2023","Bronze","Ouro","jbrj-public.s3-sa-east-1.amazonaws.com/fsi/server?type=image&source=DZI/spf/spf/0/22/13/27/spf00221327.dzi","Buenópolis","Parque Nacional das Sempre-Vivas, Entrada do distrito de Macacos; trilha próximo ao rio Jequitaí; na divisa com a cidade de Bocaiúva."
"PARQUE NACIONAL SEMPRE-VIVAS","Angiosperms","Fabaceae","Mimosa","aurivillus","Mart.","FABACEAE Mimosa aurivillus Mart.","SPF00217863",,"SPF","Cota, M.M.T.","242","Native","2011","Administrador","2019","Bronze","Ouro","jbrj-public.s3-sa-east-1.amazonaws.com/fsi/server?type=image&source=DZI/spf/spf/0/21/78/63/spf00217863.dzi","Diamantina","Parque Nacional das Sempre-Vivas, Estrada para Inhaí."
"PARQUE NACIONAL SEMPRE-VIVAS","Angiosperms","Fabaceae","Mimosa","filipes","Mart.","FABACEAE Mimosa filipes Mart.","UB1185341",,"UB","Mello-Silva, R.","615","Native","1992","Barneby, R.",,"Ouro","Prata",,"Buenópolis","Curimataí. Local chamado Simão, s margens da cachoeira do Riachinho e arredores. Base da serra, com afloramento de quartzito."
"PARQUE NACIONAL SEMPRE-VIVAS","Angiosperms","Fabaceae","Mimosa","maguirei","Barneby","FABACEAE Mimosa maguirei Barneby","MBM275287","splink","MBM","Hatschbach, G.","73647","Native","2002","Ribas, O.S.","2002","Ouro","Prata",,"Buenópolis","Curimataí, Rio Preto"
"PARQUE NACIONAL SEMPRE-VIVAS","Angiosperms","Fabaceae","Ormosia","arborea","(Vell.) Harms","FABACEAE Ormosia arborea (Vell.) Harms","HUEFS0248786","splink","HUEFS","Cardoso, D.","3900","Native","2016",,,"Ouro","Ouro",,"Diamantina","Estrada para o Parque Nacional das Sempre-Vivas, sentido Macacos."
"PARQUE NACIONAL SEMPRE-VIVAS","Angiosperms","Fabaceae","Periandra","mediterranea","(Vell.) Taub.","FABACEAE Periandra mediterranea (Vell.) Taub.","202242","x","BHCB","Brina, A.E.","s.n.","Native","2019",,,"Latão","Ouro",,,"Parque Nacional das Sempre-Vivas"
"PARQUE NACIONAL SEMPRE-VIVAS","Angiosperms","Fabaceae","Poiretia","punctata","(Willd.) Desv.","FABACEAE Poiretia punctata (Willd.) Desv.","MBM160922",,"MBM","Mello-Silva, R.","623","Native","0","Mello-Silva, R.",,"Bronze","Prata","jbrj-public.s3.amazonaws.com/fsi/server?type=image&source=DZI/mbm/mbm/0/16/9/22/mbm00160922_1.dzi|jbrj-public.s3.amazonaws.com/fsi/server?type=image&source=DZI/mbm/mbm/0/16/9/22/mbm00160922.dzi","Buenópolis","Curimataí"
"PARQUE NACIONAL SEMPRE-VIVAS","Angiosperms","Fabaceae","Senna","corifolia","(Taub. ex Harms) H.S.Irwin & Barneby","FABACEAE Senna corifolia var. caesia (Taub. ex Harms) H.S.Irwin & Barneby","MBM259139",,"MBM","Hatschbach, G.","72216","Native","2001","Marazzi, B.",,"Bronze","Prata","jbrj-public.s3.amazonaws.com/fsi/server?type=image&source=DZI/mbm/mbm/0/25/91/39/mbm00259139.dzi","Buenópolis","Curimataí, arredores"
"PARQUE NACIONAL SEMPRE-VIVAS","Angiosperms","Fabaceae","Swartzia","apetala","Raddi","FABACEAE Swartzia apetala Raddi","HDJF00020768",,"HDJF","Costa, T.R.","34","Native","2016","Machado, E.L.M.","2016","Prata","Ouro",,"Diamantina","Parque Nacional das Sempre-Vivas, região norte, Município de Olhos Dágua."
"PARQUE NACIONAL SEMPRE-VIVAS","Angiosperms","Fabaceae","Zollernia","ilicifolia","(Brongn.) Vogel","FABACEAE Zollernia ilicifolia (Brongn.) Vogel","K000892295","splink","K","Hatschbach, G.","79402","Native","2005","Lewis, G.P.",,"Ouro","Prata",,"Buenópolis","Curimataí, Rio Preto."
"PARQUE NACIONAL SEMPRE-VIVAS","Angiosperms","Fabaceae","Zollernia","ilicifolia","(Brongn.) Vogel","FABACEAE Zollernia ilicifolia (Brongn.) Vogel","SPSF00042150","splink","SPSF","Hatschbach, G.","79402","Native","2005","Lewis, G.",,"Ouro","Prata",,"Buenópolis","Curimataí - Rio Preto."
"PARQUE NACIONAL SEMPRE-VIVAS","Angiosperms","Fabaceae","Zollernia","ilicifolia","(Brongn.) Vogel","FABACEAE Zollernia ilicifolia (Brongn.) Vogel","MBM313517","splink","MBM","Hatschbach, G.","79402","Native","2005","Lewis, G.P.","2006","Ouro","Prata",,"Buenópolis","Curimataí, Rio Preto"
"PARQUE NACIONAL SEMPRE-VIVAS","Angiosperms","Fabaceae","Zollernia","ilicifolia","(Brongn.) Vogel","FABACEAE Zollernia ilicifolia (Brongn.) Vogel","CESJ082701","splink","CESJ","Hatschbach, G.","79402","Native","2005","Lewis, G.P.","2006","Ouro","Prata",,"Buenópolis","Curimataí, Rio Preto"
"PARQUE NACIONAL SEMPRE-VIVAS","Angiosperms","Fabaceae","Zollernia","ilicifolia","(Brongn.) Vogel","FABACEAE Zollernia ilicifolia (Brongn.) Vogel","ASU0057977","splink","ASU","Seijo, G.","79402","Native","2005","Lewis, G.","2006","Ouro","Prata",,"Buenópolis","Curimatai, Rio Preto (Mun. Buenópolís)."
"PARQUE NACIONAL SEMPRE-VIVAS","Angiosperms","Fabaceae","Zornia","confusa","Vanni","FABACEAE Zornia confusa Vanni","BOTU035963","splink","BOTU","Pirani, J.R.M.-S.","5330","Native","2004","Fortuna-Perez, A.P.","2014","Bronze","Prata",,"Buenópolis","Curimataí, Simão, 1,8km ao sul da praça de Jatobá em Curimataí. Sopés da Cadeia do Espinhaço, na confluência do Riachinho com o Rio Simão"
"PARQUE NACIONAL SEMPRE-VIVAS","Angiosperms","Gentianaceae","Curtia",,"Cham. & Schltdl.","GENTIANACEAE Curtia Cham. & Schltdl.","HUEFS191211","x","HUEFS","Rapini, A.","1983","Native","2012",,,"Latão","Ouro",,,"Parque Nacional Sempre-Vivas, próximo ao alojamento"
"PARQUE NACIONAL SEMPRE-VIVAS","Angiosperms","Gentianaceae",,,"Juss.","GENTIANACEAE Gentianaceae Juss.","HDJF011017 HDJF00011017","splink","HDJF","Goncalves, F.B.","27","Native","2022",,,"Latão","Ouro",,"Bocaiúva","Torre. Região da Nascente do rio Jequitaí. Parque Nacional das Sempre-Vivas (PNSV)"
"PARQUE NACIONAL SEMPRE-VIVAS","Angiosperms","Gentianaceae",,,"Juss.","GENTIANACEAE Gentianaceae Juss.","R010008607 R010008608 R010008609","splink","R","Alves, R.J.V.","8674","Native","2011",,,"Latão","Ouro",,,"Serra do Espinhaço, Parque Nacional das Sempre-Vivas."
"PARQUE NACIONAL SEMPRE-VIVAS","Angiosperms","Humiriaceae","Vantanea","obovata","(Nees & Mart.) Benth.","HUMIRIACEAE Vantanea obovata (Nees & Mart.) Benth.","BHCB039511","splink","BHCB","Siniscalchi, C.M.","547","Native","2014","Giaretta, A.","2016","Bronze","Ouro",,"Olhos-d'Água","Parque Nacional das Sempre-Vivas, Entrada do distrito de Macacos, estrada em direção ao norte do parque, sentido Inhacica, entrada da Mata do Gavião."
"PARQUE NACIONAL SEMPRE-VIVAS","Angiosperms","Lamiaceae","Cyanocephalus","peduncularis","(Benth.) Harley & J.F.B.Pastore","LAMIACEAE Cyanocephalus peduncularis (Benth.) Harley & J.F.B.Pastore","MBM275369",,"MBM","Hatschbach, G.","73626","Native","2002","Buchoski, M.G.","2022","Bronze","Prata",,"Buenópolis","Curimataí, Rio Preto"
"PARQUE NACIONAL SEMPRE-VIVAS","Angiosperms","Lamiaceae","Cyanocephalus","peduncularis","(Benth.) Harley & J.F.B.Pastore","LAMIACEAE Cyanocephalus peduncularis (Benth.) Harley & J.F.B.Pastore","K001232736","splink","K","Hatschbach, G.","73626","Native","2002",,,"Latão","Prata",,"Buenópolis","Curimataí, Rio Preto (Mun. Buenópolis) Minas Gerais"
"PARQUE NACIONAL SEMPRE-VIVAS","Angiosperms","Lamiaceae","Eriope","foetida","A.St.-Hil. ex Benth.","LAMIACEAE Eriope foetida A.St.-Hil. ex Benth.","K001220902","splink","K","Hatschbach, G.","72242","Native","2001",,,"Latão","Prata",,"Buenópolis","Curimataí, arredores (Mun. Buenópolis) Minas Gerais"
"PARQUE NACIONAL SEMPRE-VIVAS","Ferns and Lycophytes","Lamiaceae","Eriope","salviifolia","(Pohl ex Benth.) Harley","LAMIACEAE Eriope salviifolia (Pohl ex Benth.) Harley","MBM306418","splink","MBM","Mello-Silva, R.","2527","Native","2004","Harley, R.M.",,"Ouro","Prata",,"Buenópolis","Curimataí, Simão."
"PARQUE NACIONAL SEMPRE-VIVAS","Ferns and Lycophytes","Lamiaceae","Eriope","salviifolia","(Pohl ex Benth.) Harley","LAMIACEAE Eriope salviifolia (Pohl ex Benth.) Harley","HUEFS0097324","splink","HUEFS","Mello-Silva, R.","2527","Native","2004","Harley, R.M.","2007","Ouro","Prata",,"Buenópolis","Curimataí. Simão. 1,8 km ao sul da Praça do Jatobá, em Curimataí. Cachoeira em córrego que desagua no rio Simão. Sopés da Cadeia do Espinhaço."
"PARQUE NACIONAL SEMPRE-VIVAS","Angiosperms","Lamiaceae","Eriope","salviifolia","(Pohl ex Benth.) Harley","LAMIACEAE Eriope salviifolia (Pohl ex Benth.) Harley","NY01067764","splink","NY","Mello-Silva, R.","2527","Native","2004","Harley, R.M.","2005","Ouro","Prata",,"Buenópolis","Curimataí. Simão. 1.8 km ao sul da Praça do Jatobá, em Curimataí. Cachoeira em córrego que desagua no rio Simão. Sopés da Cadeia do Espinhaço"
"PARQUE NACIONAL SEMPRE-VIVAS","Angiosperms","Lamiaceae","Eriope","salviifolia","(Pohl ex Benth.) Harley","LAMIACEAE Eriope salviifolia (Pohl ex Benth.) Harley","MBM258947","splink","MBM","Hatschbach, G.","72236","Native","2001","Harley, R.M.",,"Ouro","Prata",,"Buenópolis","Curimataí, arredores."
"PARQUE NACIONAL SEMPRE-VIVAS","Angiosperms","Lamiaceae","Eriope","salviifolia","(Pohl ex Benth.) Harley","LAMIACEAE Eriope salviifolia (Pohl ex Benth.) Harley","K001226155",,"K","Mello-Silva, R.","2527","Native","2004",,,"Latão","Prata","jbrj-public.s3-sa-east-1.amazonaws.com/fsi/server?type=image&source=DZI/kew/k/0/12/26/15/5/k001226155.dzi","Buenópolis","Curimataí, Simão, 1,8km ao sul da Praça do Jatobá, em Curimataí. Cachoeira em córrego que desagua no rio Simão. Sopé da Cadeia do Espinhaço."
"PARQUE NACIONAL SEMPRE-VIVAS","Angiosperms","Lamiaceae","Hyptidendron","leucophyllum","(Pohl ex Benth.) Harley","LAMIACEAE Hyptidendron leucophyllum (Pohl ex Benth.) Harley","UB0052400",,"UB","Silva, S.R.","1684","Native","2021","Manete, H.","2021","Bronze","Ouro",,"Diamantina","Parque Nacional das Sempre-Vivas"
"PARQUE NACIONAL SEMPRE-VIVAS","Angiosperms","Lamiaceae","Hyptidendron","leucophyllum","(Pohl ex Benth.) Harley","LAMIACEAE Hyptidendron leucophyllum (Pohl ex Benth.) Harley","220350","x","UB","Silva, S.R.","1684","Native","2021","Manete, H.","2021","Bronze","Ouro",,,"Parque Nacional das Sempre-Vivas"
"PARQUE NACIONAL SEMPRE-VIVAS","Angiosperms","Lamiaceae","Hyptis","passerina","Mart. ex Benth.","LAMIACEAE Hyptis passerina Mart. ex Benth.","BHCB203500","splink","BHCB","Brina, A.E.","s.n.","Native","2019",,"0-0-0","Latão","Ouro",,"Diamantina","Parque Nacional das Sempre-Vivas"
"PARQUE NACIONAL SEMPRE-VIVAS","Angiosperms","Lamiaceae","Hyptis","passerina","Mart. ex Benth.","LAMIACEAE Hyptis passerina Mart. ex Benth.","BHCB203501","splink","BHCB","Brina, A.E.","s.n.","Native","2019",,"0-0-0","Latão","Ouro",,"Buenópolis","Parque Nacional das Sempre-Vivas"
"PARQUE NACIONAL SEMPRE-VIVAS","Angiosperms","Lamiaceae","Hyptis","rubiginosa","Benth.","LAMIACEAE Hyptis rubiginosa Benth.","MBM275370",,"MBM","Hatschbach, G.","73625","Native","2002","Harley, R.M.",,"Ouro","Prata","jbrj-public.s3.amazonaws.com/fsi/server?type=image&source=DZI/mbm/mbm/0/27/53/70/mbm00275370.dzi","Buenópolis","Curimataí, Rio Preto"
"PARQUE NACIONAL SEMPRE-VIVAS","Angiosperms","Lamiaceae","Hyptis","rubiginosa","Benth.","LAMIACEAE Hyptis rubiginosa Benth.","CESJ063920","splink","CESJ","Hatschbach, G.","73625","Native","2002","Harley, R.","2006","Ouro","Prata",,"Buenópolis","Curimataí, Rio Preto"
"PARQUE NACIONAL SEMPRE-VIVAS","Angiosperms","Lamiaceae","Hyptis","rubiginosa","Benth.","LAMIACEAE Hyptis rubiginosa Benth.","K001226962","splink","K","Hatschbach, G.","73625","Native","2002",,,"Latão","Prata",,"Buenópolis","Curimataí, Rio Preto (Mun. Buenópolis) Minas Gerais"
"PARQUE NACIONAL SEMPRE-VIVAS","Angiosperms","Lamiaceae",,,"Martinov","LAMIACEAE Lamiaceae Martinov","10895","splink","DIAM","Costa, F.N.","2097","Native","2018",,,"Latão","Ouro",,"Diamantina","Diamantina. Parque Nacional das Sempre-Vivas. Fazenda do Gavião. Região dos Filipe. 17°54'24.9""S, 43°42'22.8""W, 1103 msm. Campo rupestre com afloramentos rochosos."
"PARQUE NACIONAL SEMPRE-VIVAS","Angiosperms","Lamiaceae",,,"Martinov","LAMIACEAE Lamiaceae Martinov","HUEFS00248790","x","HUEFS","Cardoso, D.","3904","Native","2016",,,"Latão","Ouro",,,"Estrada para o Parque Nacional das Sempre-Vivas, sentido Macacos."
"PARQUE NACIONAL SEMPRE-VIVAS","Angiosperms","Lamiaceae",,,"Martinov","LAMIACEAE Lamiaceae Martinov","HUFU00059340","splink","HUFU","Machado, F.A.","32","Native","2014",,,"Latão","Ouro",,"Olhos-d'Água","Parque Nacional das Sempre-vivas., Trilha que parte de aprox. 4km depois de Macacos em direção ao alojamneto do Parque, passando pela base da Serra do Galho e pelo vale do Rio Preto."
"PARQUE NACIONAL SEMPRE-VIVAS","Angiosperms","Lauraceae","Nectandra","lanceolata","Nees","LAURACEAE Nectandra lanceolata Nees","HDJF00020749",,"HDJF","Costa, T.R.","15","Native","2016","Machado, E.L.M.","2016","Prata","Ouro",,"Diamantina","Parque Nacional das Sempre-Vivas, região sul, Distrito de São João da Chapada."
"PARQUE NACIONAL SEMPRE-VIVAS","Angiosperms","Lauraceae","Nectandra","oppositifolia","Nees & Mart.","LAURACEAE Nectandra oppositifolia Nees & Mart.","HDJF00020757",,"HDJF","Costa, T.R.","23","Native","2016","Machado, E.L.M.","2016","Prata","Ouro",,"Diamantina","Parque Nacional das Sempre-Vivas, região norte, Município de Olhos Dágua."
"PARQUE NACIONAL SEMPRE-VIVAS","Angiosperms","Lauraceae","Nectandra","warmingii","Meisn.","LAURACEAE Nectandra warmingii Meisn.","HDJF00020769",,"HDJF","Costa, T.R.","36","Native","2016","Machado, E.L.M.","2016","Prata","Ouro",,"Diamantina","Parque Nacional das Sempre-Vivas, região norte, Município de Olhos Dágua."
"PARQUE NACIONAL SEMPRE-VIVAS","Angiosperms","Lauraceae","Ocotea","corymbosa","(Meisn.) Mez","LAURACEAE Ocotea corymbosa (Meisn.) Mez","HDJF00020759",,"HDJF","Costa, T.R.","25","Native","2016","Machado, E.L.M.","2016","Prata","Ouro",,"Diamantina","Parque Nacional das Sempre-Vivas, região sul, Distrito de São João da Chapada."
"PARQUE NACIONAL SEMPRE-VIVAS","Angiosperms","Lauraceae","Ocotea","langsdorffii","(Meisn.) Mez","LAURACEAE Ocotea langsdorffii (Meisn.) Mez","MBM274396","splink","MBM","Hatschbach, G.","73651","Native","2002","Werff, H.",,"Ouro","Prata",,"Buenópolis","Curimataí, Rio Preto."
"PARQUE NACIONAL SEMPRE-VIVAS","Angiosperms","Lauraceae","Ocotea","langsdorffii","(Meisn.) Mez","LAURACEAE Ocotea langsdorffii (Meisn.) Mez","SPSF00032402","splink","SPSF","Hatschbach, G.","73651","Native","2002","Werff, H.V.D.",,"Ouro","Prata",,"Buenópolis","Curimataí - Rio Preto."
"PARQUE NACIONAL SEMPRE-VIVAS","Angiosperms","Lauraceae","Ocotea","langsdorffii","(Meisn.) Mez","LAURACEAE Ocotea langsdorffii (Meisn.) Mez","3137214","x","MO","Hatschbach, G.G.","73651","Native","2002","Werff, H.V.D.","2003","Ouro","Prata",,"Buenópolis","Curimataí, Rio Preto (Mun. Buenópolis)."
"PARQUE NACIONAL SEMPRE-VIVAS","Angiosperms","Lentibulariaceae","Genlisea","aurea","A.St.-Hil.","LENTIBULARIACEAE Genlisea aurea A.St.-Hil.","BHCB066550","splink","BHCB","Almeida, T.E.","981",,"2007","Gonella, P.M.","2023","Bronze","Ouro",,"Buenópolis","Parque Nacional das Sempre-Vivas, Campos de São Domingos. Ao lado da casa"
"PARQUE NACIONAL SEMPRE-VIVAS","Angiosperms","Lentibulariaceae","Genlisea","violacea","A.St.-Hil.","LENTIBULARIACEAE Genlisea violacea A.St.-Hil.","SPF00213583",,"SPF","Gonella, P.M.","600",,"2013","Gonella, P.M.","2013","Bronze","Ouro","jbrj-public.s3-sa-east-1.amazonaws.com/fsi/server?type=image&source=DZI/spf/spf/0/21/35/83/spf00213583.dzi","Buenópolis","Parque Nacional das Sempre-Vivas, Seguindo à direita em bifurcação antes do alojamento de guarda-parques (17°56'7.07""""S 43°46'24.35""""W) por cerca de 1.5 km, em área de nascentes na base do afloramento à direita da estr"
"PARQUE NACIONAL SEMPRE-VIVAS","Angiosperms","Lentibulariaceae","Genlisea","violacea","A.St.-Hil.","LENTIBULARIACEAE Genlisea violacea A.St.-Hil.","SPF00202809",,"SPF","Gonella, P.M.","446",,"2011","Gonella, P.M.","11/11","Bronze","Ouro","jbrj-public.s3-sa-east-1.amazonaws.com/fsi/server?type=image&source=DZI/spf/spf/0/20/28/9/spf00202809.dzi","Buenópolis","Parque Nacional das Sempre-Vivas"
"PARQUE NACIONAL SEMPRE-VIVAS","Angiosperms","Lentibulariaceae","Genlisea","violacea","A.St.-Hil.","LENTIBULARIACEAE Genlisea violacea A.St.-Hil.","232545","x","SPF","Gonella, P.M.","738",,"2014","Gonella, P.M.","2014","Bronze","Ouro",,,"Parque Nacional das Sempre-Vivas, Vale logo atrás do alojamento de guarda-parques."
"PARQUE NACIONAL SEMPRE-VIVAS","Angiosperms","Lentibulariaceae","Genlisea","violacea","A.St.-Hil.","LENTIBULARIACEAE Genlisea violacea A.St.-Hil.","206239","x","SPF","Baleeiro, P.C.","303",,"2013","Baleeiro, P.C.","2013","Bronze","Ouro",,,"Parque Nacional das Sempre-Vivas"
"PARQUE NACIONAL SEMPRE-VIVAS","Ferns and Lycophytes","Lentibulariaceae","Genlisea","violacea","A.St.-Hil.","LENTIBULARIACEAE Genlisea violacea A.St.-Hil.","SPF00233333","splink","SPF","Gonella, P.M.","602",,"2013","Gonella, P.M.","2013","Bronze","Ouro",,"Buenópolis","Parque Nacional das Sempre-Vivas, Seguindo à direita em bifurcação antes do alojamento de guarda-parques (17°56'7.07""""S 43°46'24.35""""W) por cerca de 1,5 km, em área de nascentes na base do afloramento à direita da estr"
"PARQUE NACIONAL SEMPRE-VIVAS","Angiosperms","Lentibulariaceae","Utricularia","amethystina","Salzm. ex A.St.-Hil. & Girard","LENTIBULARIACEAE Utricularia amethystina Salzm. ex A.St.-Hil. & Girard","206252","x","SPF","Baleeiro, P.C.","302","Native","2013","Baleeiro, P.C.","2013","Bronze","Ouro",,,"Parque Nacional das Sempre-Vivas"
"PARQUE NACIONAL SEMPRE-VIVAS","Angiosperms","Lentibulariaceae","Utricularia",,"L.","LENTIBULARIACEAE Utricularia L.","HDJF011014 HDJF00011014","splink","HDJF","Goncalves, F.B.","24","Native","2022",,,"Latão","Ouro",,"Bocaiúva","Torre. Região da Nascente do rio Jequitaí. Parque Nacional das Sempre-Vivas (PNSV)"
"PARQUE NACIONAL SEMPRE-VIVAS","Angiosperms","Lentibulariaceae","Utricularia","nana","A.St.-Hil. & Girard","LENTIBULARIACEAE Utricularia nana A.St.-Hil. & Girard","SPF00213572",,"SPF","Gonella, P.M.","441","Native","2011","Gonella, P.M.","2011","Bronze","Ouro","jbrj-public.s3-sa-east-1.amazonaws.com/fsi/server?type=image&source=DZI/spf/spf/0/21/35/72/spf00213572.dzi","Buenópolis","Parque Nacional das Sempre-Vivas, Em vale logo atrás do alojamento de guarda-parques."
"PARQUE NACIONAL SEMPRE-VIVAS",,"Lentibulariaceae","Utricularia","neottioides","A.St.-Hil. & Girard","LENTIBULARIACEAE Utricularia neottioides A.St.-Hil. & Girard","233302","x","SPF","Gonella, P.M.","751",,"2014","Gonella, P.M.","2014","Bronze","Ouro",,,"Parque Nacional das Sempre-Vivas, Trilha para o rio Jequitaí, em rio cortado pela trilha."
"PARQUE NACIONAL SEMPRE-VIVAS","Angiosperms","Lentibulariaceae","Utricularia","purpureocaerulea","A.St.-Hil. & Girard","LENTIBULARIACEAE Utricularia purpureocaerulea A.St.-Hil. & Girard","11521","splink","DIAM","Gonella, P.M.","932","Native","2018",,,"Latão","Ouro",,"Diamantina","Diamantina. Parque Nacional das Sempre-Vivas. Córrego São Domingos. Vale atrás da casa de guarda-parques. Campo rupestre. Solo arenoso com afloramentos de rocha quartzítica. 17°55'1""S; 43°47'6""W, 1280m alt."
"PARQUE NACIONAL SEMPRE-VIVAS","Angiosperms","Lentibulariaceae","Utricularia","tricolor","A.St.-Hil.","LENTIBULARIACEAE Utricularia tricolor A.St.-Hil.","SPF00233300","splink","SPF","Gonella, P.M.","727","Native","2014","Gonella, P.M.","2014","Bronze","Ouro",,"Diamantina","Parque Nacional das Sempre-Vivas, Estrada sentido Inhacica."
"PARQUE NACIONAL SEMPRE-VIVAS","Angiosperms","Loganiaceae","Spigelia","blanchetiana","A.DC.","LOGANIACEAE Spigelia blanchetiana A.DC.","BHCB204917","splink","BHCB","Brina, A.E.","s.n.","Native","2019",,"0-0-0","Latão","Ouro",,"Bocaiúva","Parque Nacional das Sempre-Vivas"
"PARQUE NACIONAL SEMPRE-VIVAS","Angiosperms","Loganiaceae","Spigelia","sellowiana","Cham. & Schltdl.","LOGANIACEAE Spigelia sellowiana Cham. & Schltdl.","R010008503","x","R","Alves, R.J.V.","8658","Native","2011","Zappi, D.",,"Ouro","Ouro",,,"Serra do Espinhaço, Parque Nacional das Sempre-Vivas."
"PARQUE NACIONAL SEMPRE-VIVAS","Angiosperms","Loganiaceae","Spigelia","sellowiana","Cham. & Schltdl.","LOGANIACEAE Spigelia sellowiana Cham. & Schltdl.","SPF00221376",,"SPF","Cota, M.M.T.","796","Native","2014","Cota, M.M.T.","8/15","Bronze","Ouro","jbrj-public.s3-sa-east-1.amazonaws.com/fsi/server?type=image&source=DZI/spf/spf/0/22/13/76/spf00221376.dzi","Olhos-d'Água","Parque Nacional das Sempre-Vivas, Fazenda Álamo."
"PARQUE NACIONAL SEMPRE-VIVAS","Angiosperms","Lycopodiaceae","Lycopodiella",,"Holub","LYCOPODIACEAE Lycopodiella Holub","227974","x","R","Alves, R.J.V.","8655","Native","2011",,,"Latão","Ouro",,,"Serra do Espinhaço, Parque Nacional das Sempre-Vivas"
"PARQUE NACIONAL SEMPRE-VIVAS","Angiosperms","Lygodiaceae","Lygodium","venustum","Sw.","LYGODIACEAE Lygodium venustum Sw.","HUCP00002403","splink","HUCP","Hatschbach, G.G.","77654","Native","2004","Smith, A.R.",,"Bronze","Prata",,"Buenópolis","Curimataí"
"PARQUE NACIONAL SEMPRE-VIVAS","Angiosperms","Lygodiaceae","Lygodium","venustum","Sw.","LYGODIACEAE Lygodium venustum Sw.","HRB00051181","splink","HRB","Hatschbach, G.","77654","Native","2004","Smith, A.R.","2005","Bronze","Prata",,"Buenópolis","Curimataí, beira do rio"
"PARQUE NACIONAL SEMPRE-VIVAS","Angiosperms","Lythraceae","Cuphea",,"P.Browne","LYTHRACEAE Cuphea P.Browne","RB01468983","x","RB","Pacifico, R.","437","Native","2020",,,"Latão","Ouro",,,"Curimataí, estrada do Curral de Pedra. Arredores do Parque Nacional das Sempre-Vivas."
"PARQUE NACIONAL SEMPRE-VIVAS","Angiosperms","Lythraceae","Cuphea",,"P.Browne","LYTHRACEAE Cuphea P.Browne","37612","x","HUEM","Pacifico, R.","437","Native","2020",,,"Latão","Ouro",,,"Curimataí, estrada do Curral de Pedra, Arredores do Parque Nacional das Sempre-Vivas"
"PARQUE NACIONAL SEMPRE-VIVAS","Angiosperms","Lythraceae","Cuphea",,"P.Browne","LYTHRACEAE Cuphea P.Browne","5714","splink","DIAM","Machado, F.A.","17","Native","2014",,,"Latão","Ouro",,"Olhos-d'Água","Olhos d'Água: Parque Nacional das Sempre-vivas. São Domingos. Coordenadas (WGS84): 17°36'24'' S, 43°42'26'' W"
"PARQUE NACIONAL SEMPRE-VIVAS","Angiosperms","Lythraceae","Cuphea",,"P.Browne","LYTHRACEAE Cuphea P.Browne","HUFU00059344","splink","HUFU","Machado, F.A.","17","Native","2014",,,"Latão","Ouro",,"Olhos-d'Água","Parque Nacional das Sempre-vivas., São Domingos"
"PARQUE NACIONAL SEMPRE-VIVAS","Angiosperms","Lythraceae","Diplusodon",,"Pohl","LYTHRACEAE Diplusodon Pohl","UB0052427","splink","UB","Silva, S.R.","1659","Native","2019","Nunes, D.","2024","Bronze","Ouro",,"Diamantina","Parque Nacional das Sempre-Vivas"
"PARQUE NACIONAL SEMPRE-VIVAS","Angiosperms","Lythraceae","Diplusodon",,"Pohl","LYTHRACEAE Diplusodon Pohl","HUFU00059337",,"HUFU","Machado, F.A.","29","Native","2014",,,"Latão","Ouro","jbrj-public.s3-sa-east-1.amazonaws.com/fsi/server?type=image&source=DZI/hufu/hufu/0/5/93/37/hufu00059337.dzi","Olhos-d'Água","Parque Nacional das Sempre-vivas. ; Campos são domingos a oeste do alojamento"
"PARQUE NACIONAL SEMPRE-VIVAS","Angiosperms","Lythraceae","Diplusodon",,"Pohl","LYTHRACEAE Diplusodon Pohl","HUFU00059345",,"HUFU","Machado, F.A.","18","Native","2014",,,"Latão","Ouro","jbrj-public.s3-sa-east-1.amazonaws.com/fsi/server?type=image&source=DZI/hufu/hufu/0/5/93/45/hufu00059345.dzi","Olhos-d'Água","Parque Nacional das Sempre-vivas. ; São Domingos"
"PARQUE NACIONAL SEMPRE-VIVAS","Angiosperms","Lythraceae","Diplusodon",,"Pohl","LYTHRACEAE Diplusodon Pohl","HUFU00059345","splink","HUFU","Machado, F.A.","18","Native","2014",,,"Latão","Ouro",,"Olhos-d'Água","Parque Nacional das Sempre-vivas., São Domingos"
"PARQUE NACIONAL SEMPRE-VIVAS","Angiosperms","Lythraceae","Diplusodon","uninervius","Koehne","LYTHRACEAE Diplusodon uninervius Koehne","MBM260504","splink","MBM","Hatschbach, G.","72217","Native","2001","Cavalcanti, T.B.",,"Ouro","Prata",,"Buenópolis","Curimataí, arredores."
"PARQUE NACIONAL SEMPRE-VIVAS","Angiosperms","Malpighiaceae","Banisteriopsis","laevifolia","(A.Juss.) B.Gates","MALPIGHIACEAE Banisteriopsis laevifolia (A.Juss.) B.Gates","UB0052425",,"UB","Silva, S.R.","1662","Native","2019",,,"Latão","Ouro",,"Diamantina","Parque Nacional das Sempre-Vivas"
"PARQUE NACIONAL SEMPRE-VIVAS","Angiosperms","Malpighiaceae","Banisteriopsis","laevifolia","(A.Juss.) B.Gates","MALPIGHIACEAE Banisteriopsis laevifolia (A.Juss.) B.Gates","220420","x","UB","Silva, S.R.","1662","Native","2019",,,"Latão","Ouro",,,"Parque Nacional das Sempre-Vivas"
"PARQUE NACIONAL SEMPRE-VIVAS","Angiosperms","Malpighiaceae","Diplopterys","pubipetala","(A.Juss.) W.R.Anderson & C.C.Davis","MALPIGHIACEAE Diplopterys pubipetala (A.Juss.) W.R.Anderson & C.C.Davis","MBM280950","splink","MBM","Hatschbach, G.","73631","Native","2002","Anderson, W.R.",,"Ouro","Prata",,"Buenópolis","Curimataí, Rio Preto."
"PARQUE NACIONAL SEMPRE-VIVAS","Angiosperms","Malpighiaceae","Glicophyllum","microphyllum","(A.Juss.) R.F.Almeida","MALPIGHIACEAE Glicophyllum microphyllum (A.Juss.) R.F.Almeida","37609","x","HUEM","Pacifico, R.","434",,"2020","Pacifico, R.","2022","Bronze","Ouro",,,"Curimataí, estrada do Curral de Pedra, Arredores do Parque Nacional das Sempre-Vivas"
"PARQUE NACIONAL SEMPRE-VIVAS","Angiosperms","Malpighiaceae","Heteropterys","byrsonimifolia","A.Juss.","MALPIGHIACEAE Heteropterys byrsonimifolia A.Juss.","HDJF00020763",,"HDJF","Costa, T.R.","29","Native","2016","Machado, E.L.M.","2016","Prata","Ouro",,"Diamantina","Parque Nacional das Sempre-Vivas, região norte, Município de Olhos Dágua."
"PARQUE NACIONAL SEMPRE-VIVAS","Angiosperms","Malpighiaceae","Heteropterys","byrsonimifolia","A.Juss.","MALPIGHIACEAE Heteropterys byrsonimifolia A.Juss.","CEN00121656","splink","CEN","Silva, S.R.","1683","Native","2021","Manete, H.","2021","Bronze","Ouro",,"Diamantina","Parque Nacional das Sempre-Vivas."
"PARQUE NACIONAL SEMPRE-VIVAS","Angiosperms","Malpighiaceae","Heteropterys","byrsonimifolia","A.Juss.","MALPIGHIACEAE Heteropterys byrsonimifolia A.Juss.","UB0052399",,"UB","Silva, S.R.","1683","Native","2021","Manete, H.","2021","Bronze","Ouro",,"Diamantina","Parque Nacional das Sempre-Vivas"
"PARQUE NACIONAL SEMPRE-VIVAS","Angiosperms","Malpighiaceae","Heteropterys","byrsonimifolia","A.Juss.","MALPIGHIACEAE Heteropterys byrsonimifolia A.Juss.","UB0052399","splink","UB","Silva, S.R.","1683","Native","2021","Manete, H.","2021","Bronze","Ouro",,"Diamantina","Parque Nacional das Sempre-Vivas"
"PARQUE NACIONAL SEMPRE-VIVAS","Angiosperms","Malpighiaceae","Heteropterys","byrsonimifolia","A.Juss.","MALPIGHIACEAE Heteropterys byrsonimifolia A.Juss.","MBM272735",,"MBM","Hatschbach, G.","73628","Native","2002","Anderson, W.R.",,"Ouro","Prata","jbrj-public.s3.amazonaws.com/fsi/server?type=image&source=DZI/mbm/mbm/0/27/27/35/mbm00272735.dzi","Buenópolis","Curimataí, Rio Preto"
"PARQUE NACIONAL SEMPRE-VIVAS","Angiosperms","Malpighiaceae","Peixotoa",,"A.Juss.","MALPIGHIACEAE Peixotoa A.Juss.","BHCB050925","splink","BHCB","Souza, D.T.","454","Native","2008","Amorim, A.","2019","Ouro","Ouro",,"Buenópolis","Parque Nacional das Sempre-Vivas, Campos de São Domingos, Mocó"
"PARQUE NACIONAL SEMPRE-VIVAS","Angiosperms","Malpighiaceae","Peixotoa",,"A.Juss.","MALPIGHIACEAE Peixotoa A.Juss.","BHCB027632","splink","BHCB","Almeida, T.E.","885","Native","2007","Souza, F.S.","2012","Bronze","Ouro",,"Bocaiúva","Parque Nacional das Sempre-Vivas, Caminhos entre Campos de São Domingos e a Serra do Landi, passando pelo Córrego do Landji"
"PARQUE NACIONAL SEMPRE-VIVAS","Angiosperms","Malvaceae","Callianthe","monteiroi","(Krapov.) Donnell","MALVACEAE Callianthe monteiroi (Krapov.) Donnell","ALCB072892","splink","ALCB","Almeida, R.B.","38","Native","2018","Antar, G.M.","2019","Prata","Ouro",,"Buenópolis","Parque Nacional das Sempre-Vivas. Sopé do Morro do Urubu. Sobre rocha. Domínio do Cerrado. Campo rupestre."
"PARQUE NACIONAL SEMPRE-VIVAS","Angiosperms","Malvaceae","Callianthe","monteiroi","(Krapov.) Donnell","MALVACEAE Callianthe monteiroi (Krapov.) Donnell","RB01459665","x","RB","Almeida, R.B.","38","Native","2018","Silva, M.C.",,"Bronze","Ouro",,,"Parque Nacional das Sempre-Vivas. Sopé do Morro do Urubu."
"PARQUE NACIONAL SEMPRE-VIVAS","Angiosperms","Malvaceae","Ceiba","jasminodora","(A.St.-Hil.) K.Schum.","MALVACEAE Ceiba jasminodora (A.St.-Hil.) K.Schum.","BHCB041347","splink","BHCB","Souza, D.T.","451","Native","2008","Carvalho Sobrinho, J.G.","2011","Bronze","Ouro",,"Buenópolis","Parque Nacional das Sempre-Vivas, Campos de São Domingos, Mocó"
"PARQUE NACIONAL SEMPRE-VIVAS","Angiosperms","Malvaceae","Helicteres","velutina","K.Schum.","MALVACEAE Helicteres velutina K.Schum.","MBM258224",,"MBM","Hatschbach, G.","72235","Native","0","Cristobal, C.L.",,"Ouro","Prata","jbrj-public.s3.amazonaws.com/fsi/server?type=image&source=DZI/mbm/mbm/0/25/82/24/mbm00258224.dzi","Buenópolis","Curimataí, arredores"
"PARQUE NACIONAL SEMPRE-VIVAS","Angiosperms","Malvaceae","Helicteres","velutina","K.Schum.","MALVACEAE Helicteres velutina K.Schum.","UB1196031",,"UB","Mello-Silva, R.","610","Native","1992","Cristobal, C.L.","1993","Ouro","Prata",,"Buenópolis","Curimataí. Local chamado Simão, s margens da cachoeira do Riachinho e arredores."
"PARQUE NACIONAL SEMPRE-VIVAS","Angiosperms","Malvaceae","Helicteres","velutina","K.Schum.","MALVACEAE Helicteres velutina K.Schum.","UB1196031","splink","UB","Mello-Silva, R.","610","Native","1992","Cristobal, C.L.","1993","Ouro","Prata",,"Buenópolis","Curimataí. Local chamado Simão, s margens da cachoeira do Riachinho e arredores."
"PARQUE NACIONAL SEMPRE-VIVAS","Angiosperms","Malvaceae","Melochia","spicata","(L.) Fryxell","MALVACEAE Melochia spicata (L.) Fryxell","K001212870","splink","K","Arbo, M.M.","4551","Native","1990",,,"Latão","Prata",,"Buenópolis","Curimatai, 40km E de Br-135, entre Buenópolis e Joaquim Felicio."
"PARQUE NACIONAL SEMPRE-VIVAS","Angiosperms","Malvaceae","Pavonia","cancellata","(L.) Cav.","MALVACEAE Pavonia cancellata (L.) Cav.","MBM140450",,"MBM","Arbo, M.M.","4532","Native","0","Krapovickas, A.",,"Ouro","Prata","imagens2.jbrj.gov.br/fsi/server?type=image&source=mbm/MBM/0/14/4/50/MBM140450.JPG|jbrj-public.s3-sa-east-1.amazonaws.com/fsi/server?type=image&source=DZI/mbm/mbm/0/14/4/50/mbm00140450.dzi","Buenópolis","Curimataí, 40km E da Rod. BR-135"
"PARQUE NACIONAL SEMPRE-VIVAS","Angiosperms","Marcgraviaceae",,,"Bercht. & J.Presl","MARCGRAVIACEAE Marcgraviaceae Bercht. & J.Presl","8060","splink","DIAM","Cunha, L.K.G.","17","Native","2016",,,"Latão","Ouro",,"Diamantina","Diamantina. Parque Nacional das Sempre-Vivas. Região sul do parque. 17°56'15,3""S; 43°46'14,1""W, 1320m elev."
"PARQUE NACIONAL SEMPRE-VIVAS","Angiosperms","Marcgraviaceae","Schwartzia","adamantium","(Cambess.) Bedell ex Gir.-Cañas","MARCGRAVIACEAE Schwartzia adamantium (Cambess.) Bedell ex Gir.-Cañas","CEN00121654","splink","CEN","Silva, S.R.","1681","Native","2019","Figueira, M.","2022","Bronze","Ouro",,"Diamantina","Parque Nacional das Sempre-Vivas."
"PARQUE NACIONAL SEMPRE-VIVAS","Angiosperms","Marcgraviaceae","Schwartzia","adamantium","(Cambess.) Bedell ex Gir.-Cañas","MARCGRAVIACEAE Schwartzia adamantium (Cambess.) Bedell ex Gir.-Cañas","UB0052398",,"UB","Silva, S.R.","1681","Native","2019","Figueira, M.","2022","Bronze","Ouro",,"Diamantina","Parque Nacional das Sempre-Vivas"
"PARQUE NACIONAL SEMPRE-VIVAS","Angiosperms","Marcgraviaceae","Schwartzia","adamantium","(Cambess.) Bedell ex Gir.-Cañas","MARCGRAVIACEAE Schwartzia adamantium (Cambess.) Bedell ex Gir.-Cañas","220348","x","UB","Silva, S.R.","1681","Native","2019","Figueira, M.","2022","Bronze","Ouro",,,"Parque Nacional das Sempre-Vivas"
"PARQUE NACIONAL SEMPRE-VIVAS","Angiosperms","Marcgraviaceae","Schwartzia","adamantium","(Cambess.) Bedell ex Gir.-Cañas","MARCGRAVIACEAE Schwartzia adamantium (Cambess.) Bedell ex Gir.-Cañas","8538","splink","DIAM","Coser, T.S.","1026","Native","2018","Coser, T.S.",,"Bronze","Ouro",,"Buenópolis","Buenópolis. Parque Nacional das Sempre-Vivas, Fazenda Lameirão"
"PARQUE NACIONAL SEMPRE-VIVAS","Angiosperms","Marcgraviaceae","Schwartzia","adamantium","(Cambess.) Bedell ex Gir.-Cañas","MARCGRAVIACEAE Schwartzia adamantium (Cambess.) Bedell ex Gir.-Cañas","7726","splink","DIAM","Martinelli, G.","19540","Native","2016","Forzza, R.C.","2018","Bronze","Ouro",,"Diamantina","Diamantina. Parque Nacional Sempre-Vivas. Córrego Jequitaí. Campos rupestres com afloramentos rochosos. 17°53'30""S; 43°48'23""W. Elev.: 1238 m."
"PARQUE NACIONAL SEMPRE-VIVAS","Angiosperms","Melastomataceae","Cambessedesia",,"DC.","MELASTOMATACEAE Cambessedesia DC.","10907","splink","DIAM","Costa, F.N.","2093","Native","2018",,,"Latão","Ouro",,"Diamantina","Diamantina. Parque Nacional das Sempre-Vivas. Fazenda do Gavião. Região dos Filipe. 17°54'24.9""S, 43°42'22.8""W, 1103 msm. Campo rupestre com afloramentos rochosos."
"PARQUE NACIONAL SEMPRE-VIVAS","Angiosperms","Melastomataceae","Cambessedesia",,"DC.","MELASTOMATACEAE Cambessedesia DC.","7879","splink","DIAM","Silva, K.H.","128","Native","2017",,,"Latão","Ouro",,"Buenópolis","Buenópolis. Parque Nacional das Sempre-Vivas. Campo próximo ao alojamento. 17°54'54,5""S; 43°47'02,3""W. 1271m elev."
"PARQUE NACIONAL SEMPRE-VIVAS","Angiosperms","Melastomataceae","Cambessedesia",,"DC.","MELASTOMATACEAE Cambessedesia DC.","7769","splink","DIAM","Silva, K.H.","36","Native","2016",,,"Latão","Ouro",,"Buenópolis","Buenópolis. Parque Nacional das Sempre-Vivas. Próximo à comunidade de Santa Rita estrada para Curimataí. 17°59'05,5""S; 43°55'30,1""W. 1060m elev."
"PARQUE NACIONAL SEMPRE-VIVAS","Angiosperms","Melastomataceae","Cambessedesia",,"DC.","MELASTOMATACEAE Cambessedesia DC.","UEC174388","splink","UEC","Carmo, J.A.M.","468","Native","2016",,,"Latão","Ouro",,"Diamantina","Parque Nacional das Sempre-Vivas"
"PARQUE NACIONAL SEMPRE-VIVAS","Angiosperms","Melastomataceae","Cambessedesia",,"DC.","MELASTOMATACEAE Cambessedesia DC.","6038","splink","DIAM","Costa, F.N.","1771","Native","2016",,,"Latão","Ouro",,"Buenópolis","Buenópolis. Parque Nacional das Sempre-Vivas. Lamarão, na estrada para Curimataí. 17°55'31,3""S, 43°50'46""W, 1361 m elev. Cerrado."
"PARQUE NACIONAL SEMPRE-VIVAS","Angiosperms","Melastomataceae","Cambessedesia","espora","(A.St.-Hil. ex Bonpl.) DC.","MELASTOMATACEAE Cambessedesia espora (A.St.-Hil. ex Bonpl.) DC.","HUEM000031527","splink","HUEM","Pacifico, R.","432","Native","2020","Pacifico, R.","2022","Ouro","Ouro",,"Buenópolis","Curimataí, estrada do Curral de Pedra, Arredores do Parque Nacional das Sempre-Vivas"
"PARQUE NACIONAL SEMPRE-VIVAS","Angiosperms","Melastomataceae","Cambessedesia","espora","(A.St.-Hil. ex Bonpl.) DC.","MELASTOMATACEAE Cambessedesia espora (A.St.-Hil. ex Bonpl.) DC.","RB01468978","x","RB","Pacifico, R.","432","Native","2020","Pacifico, R.","2022","Ouro","Ouro",,,"Curimataí, estrada do Curral de Pedra. Arredores do Parque Nacional das Sempre-Vivas."
"PARQUE NACIONAL SEMPRE-VIVAS","Angiosperms","Melastomataceae","Cambessedesia","hilariana","(Kunth) DC.","MELASTOMATACEAE Cambessedesia hilariana (Kunth) DC.","BHCB062496","splink","BHCB","Almeida, T.E.","1408","Native","2008","Almeida, T.E.","2008","Bronze","Ouro",,"Diamantina","Parque Nacional das Sempre-Vivas, Região do rio e da Cachoeira Inhá-Cica. Campos limpos, Cerrados rupestres e Campos rupestres"
"PARQUE NACIONAL SEMPRE-VIVAS","Angiosperms","Melastomataceae","Cambessedesia","hilariana","(Kunth) DC.","MELASTOMATACEAE Cambessedesia hilariana (Kunth) DC.","BHCB062494","splink","BHCB","Almeida, T.E.","832","Native","2007","Almeida, T.E.","2008","Bronze","Ouro",,"Buenópolis","Parque Nacional das Sempre-Vivas, Caminho entre Campos de São Domingos e a Serra do Landi, passando pelo Córrego do Landi. Campos limpos, capão de mata, campos rupestres e campos sujos."
"PARQUE NACIONAL SEMPRE-VIVAS","Angiosperms","Melastomataceae","Fritzschia",,"Cham.","MELASTOMATACEAE Fritzschia Cham.","7939","splink","DIAM","Costa, F.N.","1880","Native","2016",,,"Latão","Ouro",,"Buenópolis","Buenópolis. Parque Nacional das Sempre-Vivas. Estrada partindo do alojamento em direção à Curimataí. 17°55'03,4""S; 43°48'06,1"" W, 1305 m elev. Campo rupestre."
"PARQUE NACIONAL SEMPRE-VIVAS","Angiosperms","Melastomataceae","Fritzschia",,"Cham.","MELASTOMATACEAE Fritzschia Cham.","3831","splink","DIAM","Goncalves, D.J.P.","370","Native","2011",,,"Latão","Ouro",,"Buenópolis","Buenópolis. Parque Nacional das Sempre-Vivas, estrada entre o Parque e São João da Chapada, 1117 - msm, 17,994087S; 43,768058000000003W."
"PARQUE NACIONAL SEMPRE-VIVAS","Angiosperms","Melastomataceae","Fritzschia",,"Cham.","MELASTOMATACEAE Fritzschia Cham.","R010008422","x","R","Alves, R.J.V.","8673","Native","2011",,,"Latão","Ouro",,,"Serra do Espinhaço, Parque Nacional das Sempre-Vivas."
"PARQUE NACIONAL SEMPRE-VIVAS","Angiosperms","Melastomataceae","Fritzschia","edmundoi","(Brade) M.J.R.Rocha & P.J.F.Guim.","MELASTOMATACEAE Fritzschia edmundoi (Brade) M.J.R.Rocha & P.J.F.Guim.","HUEM000031562","splink","HUEM","Pacifico, R.","445","Native","2020","Pacifico, R.","2022","Ouro","Prata",,"Buenópolis","Curimataí, Parte de cima da Cachoeira Curimataí"
"PARQUE NACIONAL SEMPRE-VIVAS","Angiosperms","Melastomataceae","Fritzschia","sessilis","(Spreng.) M.J.R.Rocha & P.J.F.Guim.","MELASTOMATACEAE Fritzschia sessilis (Spreng.) M.J.R.Rocha & P.J.F.Guim.","31727","splink","HUCS","Hatschbach, G.","73636",,"2002","Nunes, D.","2017","Bronze","Prata",,"Buenópolis","Curimataí"
"PARQUE NACIONAL SEMPRE-VIVAS","Angiosperms","Melastomataceae","Fritzschia","sessilis","(Spreng.) M.J.R.Rocha & P.J.F.Guim.","MELASTOMATACEAE Fritzschia sessilis (Spreng.) M.J.R.Rocha & P.J.F.Guim.","MBM272750","splink","MBM","Hatschbach, G.","73636","Native","2002",,,"Latão","Prata",,"Buenópolis","Curimataí, Rio Preto."
"PARQUE NACIONAL SEMPRE-VIVAS","Angiosperms","Melastomataceae","Lavoisiera","alba","Mart. & Schrank ex DC.","MELASTOMATACEAE Lavoisiera alba Mart. & Schrank ex DC.","CESJ082905","splink","CESJ","Hatschbach, G.","73646","Native","2002","Martins, A.B.","2005","Ouro","Prata",,"Buenópolis","Curimataí, Rio Preto"
"PARQUE NACIONAL SEMPRE-VIVAS","Angiosperms","Melastomataceae","Lavoisiera","confertiflora","Rich. ex Naudin","MELASTOMATACEAE Lavoisiera confertiflora Rich. ex Naudin","UB0052435",,"UB","Silva, S.R.","1682","Native","2021","Manete, H.","2021","Bronze","Ouro",,"Diamantina","Parque Nacional das Sempre-Vivas"
"PARQUE NACIONAL SEMPRE-VIVAS","Angiosperms","Melastomataceae","Lavoisiera","confertiflora","Rich. ex Naudin","MELASTOMATACEAE Lavoisiera confertiflora Rich. ex Naudin","UB0052435","splink","UB","Silva, S.R.","1682","Native","2021","Manete, H.","2021","Bronze","Ouro",,"Diamantina","Parque Nacional das Sempre-Vivas"
"PARQUE NACIONAL SEMPRE-VIVAS","Angiosperms","Melastomataceae","Lavoisiera","confertiflora","Rich. ex Naudin","MELASTOMATACEAE Lavoisiera confertiflora Rich. ex Naudin","203857","x","BHCB","Brina, A.E.","s.n.","Native","2019","Meyer, P.B.","2020","Bronze","Ouro",,,"Parque Nacional das Sempre-Vivas"
"PARQUE NACIONAL SEMPRE-VIVAS","Angiosperms","Melastomataceae","Macairea","radula","(Bonpl.) DC.","MELASTOMATACEAE Macairea radula (Bonpl.) DC.","BHCB195766","splink","BHCB","Martinelli, G.","19479","Native","2016","Baumgratz, J.F.A.","2018","Ouro","Ouro",,"Diamantina","Parque Nacional das Sempre-Vivas, Margend do Córrego Jequitaí."
"PARQUE NACIONAL SEMPRE-VIVAS","Angiosperms","Melastomataceae","Macairea","radula","(Bonpl.) DC.","MELASTOMATACEAE Macairea radula (Bonpl.) DC.","HUFU00061717","splink","HUFU","Machado, F.A.","24","Native","2014","Versiane, A.F.A.","2016","Ouro","Ouro",,"Olhos-d'Água","Parque Nacional das Sempre-vivas, Vale do Jequitaí"
"PARQUE NACIONAL SEMPRE-VIVAS","Angiosperms","Melastomataceae","Macairea","radula","(Bonpl.) DC.","MELASTOMATACEAE Macairea radula (Bonpl.) DC.","9808","splink","DIAM","Almeida, R.B.","21","Native","2018","Almeida, R.B.","2018","Bronze","Ouro",,"Buenópolis","Buenópolis. Parque Nacional das Sempre-Vivas. Riacho atrás do alojamento. Sobre rocha em riacho. Domínio do Cerrado. Campo rupestre. 17°55'01,5""S; 43°47'11,6""W. Elev. 1276 m"
"PARQUE NACIONAL SEMPRE-VIVAS","Angiosperms","Melastomataceae","Macairea","radula","(Bonpl.) DC.","MELASTOMATACEAE Macairea radula (Bonpl.) DC.","HUFU00075634","splink","HUFU","Silva, K.H.","85","Native","2016","R, O.","2019","Bronze","Ouro",,"Diamantina","Parque Nacional das Sempre-Vivas, Beira da estrada sentido alojamento."
"PARQUE NACIONAL SEMPRE-VIVAS","Angiosperms","Melastomataceae","Macairea","radula","(Bonpl.) DC.","MELASTOMATACEAE Macairea radula (Bonpl.) DC.","9421","splink","DIAM","Coser, T.S.","928","Native","2018",,,"Latão","Ouro",,"Buenópolis","Buenópolis. Parque Nacional das Sempre-Vivas. Fazenda Lameirão. Campo Sujo"
"PARQUE NACIONAL SEMPRE-VIVAS","Angiosperms","Melastomataceae","Marcetia","acerosa","Schrank & Mart. ex DC.","MELASTOMATACEAE Marcetia acerosa Schrank & Mart. ex DC.","204932","x","BHCB","Brina, A.E.","s.n.","Native","2019","Meyer, P.B.",,"Bronze","Ouro",,,"Parque Nacional das Sempre-Vivas"
"PARQUE NACIONAL SEMPRE-VIVAS","Angiosperms","Melastomataceae","Marcetia",,"DC.","MELASTOMATACEAE Marcetia DC.","8047","splink","DIAM","Cunha, L.K.G.","1","Native","2016",,,"Latão","Ouro",,"Buenópolis","Buenópolis. Parque Nacional das Sempre-Vivas. Entrando no Parque na beira da estrada sentido alojamento. , 1305m elev"
"PARQUE NACIONAL SEMPRE-VIVAS","Angiosperms","Melastomataceae","Marcetia",,"DC.","MELASTOMATACEAE Marcetia DC.","UEC174387","splink","UEC","Carmo, J.A.M.","464","Native","2016",,,"Latão","Ouro",,"Diamantina","Parque Nacional das Sempre-Vivas"
"PARQUE NACIONAL SEMPRE-VIVAS","Angiosperms","Melastomataceae","Marcetia",,"DC.","MELASTOMATACEAE Marcetia DC.","5963","splink","DIAM","Costa, F.N.","1780","Native","2016",,,"Latão","Ouro",,"Buenópolis","Buenópolis. Parque Nacional das Sempre-Vivas. Estrada entre alojamento e a comunidade de Macacos. 17°57'05,7""S, 43°46'44,9""W, 1271 m elev. Campo rupestre."
"PARQUE NACIONAL SEMPRE-VIVAS","Angiosperms","Melastomataceae","Marcetia",,"DC.","MELASTOMATACEAE Marcetia DC.","6003","splink","DIAM","Costa, F.N.","1691","Native","2015",,,"Latão","Ouro",,"Buenópolis","Buenópolis. Parque Nacional das Sempre-Vivas. Campo São Domingos, próximo ao alojamento. 17°54'58""S, 43°47'05""W, 1273 m alt. Campo rupestre."
"PARQUE NACIONAL SEMPRE-VIVAS","Angiosperms","Melastomataceae","Marcetia",,"DC.","MELASTOMATACEAE Marcetia DC.","3876","splink","DIAM","Goncalves, D.J.P.","345","Native","2011",,,"Latão","Ouro",,"Diamantina","Diamantina. Parque Nacional das Sempre-Vivas, estrada para o Renegado, perto da Nhá Sica, 1194- msm, 17,849034 s 43,7612394000000003 w."
"PARQUE NACIONAL SEMPRE-VIVAS","Angiosperms","Melastomataceae","Marcetia","taxifolia","(A.St.-Hil.) DC.","MELASTOMATACEAE Marcetia taxifolia (A.St.-Hil.) DC.","UB0052402",,"UB","Silva, S.R.","1686","Native","2021","Goldenberg, R.","2021","Ouro","Ouro",,"Diamantina","Parque Nacional das Sempre-Vivas"
"PARQUE NACIONAL SEMPRE-VIVAS","Angiosperms","Melastomataceae","Marcetia","taxifolia","(A.St.-Hil.) DC.","MELASTOMATACEAE Marcetia taxifolia (A.St.-Hil.) DC.","UB0052402","splink","UB","Silva, S.R.","1686","Native","2021","Goldenberg, R.","2021","Ouro","Ouro",,"Diamantina","Parque Nacional das Sempre-Vivas"
"PARQUE NACIONAL SEMPRE-VIVAS","Angiosperms","Melastomataceae","Marcetia","taxifolia","(A.St.-Hil.) DC.","MELASTOMATACEAE Marcetia taxifolia (A.St.-Hil.) DC.","7598","splink","DIAM","Costa, F.N.","2079","Native","2017","Romero, R.",,"Ouro","Ouro",,"Diamantina","Diamantina. Parque Nacional das Sempre-Vivas. Fazenda Gavião, na região da localidade denominada Baliza. Bacia do Rio Jequitinhonha. 17°53'23,9""S; 43°43'53""W, 1226 msm. Campo rupestre"
"PARQUE NACIONAL SEMPRE-VIVAS","Angiosperms","Melastomataceae","Marcetia","taxifolia","(A.St.-Hil.) DC.","MELASTOMATACEAE Marcetia taxifolia (A.St.-Hil.) DC.","CEN00121646",,"CEN","Silva, S.R.","1672","Native","2019","Manete, H.","2022","Bronze","Ouro","jbrj-public.s3-sa-east-1.amazonaws.com/fsi/server?type=image&source=DZI/cen/cen/0/12/16/46/cen00121646.dzi","Diamantina","Parque Nacional das Sempre-Vivas."
"PARQUE NACIONAL SEMPRE-VIVAS","Angiosperms","Melastomataceae","Marcetia","taxifolia","(A.St.-Hil.) DC.","MELASTOMATACEAE Marcetia taxifolia (A.St.-Hil.) DC.","UB0052420",,"UB","Silva, S.R.","1672","Native","2019","Manete, H.","2022","Bronze","Ouro",,"Diamantina","Parque Nacional das Sempre-Vivas"
"PARQUE NACIONAL SEMPRE-VIVAS","Angiosperms","Melastomataceae",,,"A.Juss.","MELASTOMATACEAE Melastomataceae A.Juss.","8626","splink","DIAM","Coser, T.S.","926","Native","2018",,,"Latão","Ouro",,"Buenópolis","Buenópolis. Parque Nacional das Sempre-Vivas. Fazenda Lameirão. Campo Sujo"
"PARQUE NACIONAL SEMPRE-VIVAS","Angiosperms","Melastomataceae",,,"A.Juss.","MELASTOMATACEAE Melastomataceae A.Juss.","8674","splink","DIAM","Coser, T.S.","858","Native","2018",,,"Latão","Ouro",,"Buenópolis","Buenópolis. Parque Nacional das Sempre-Vivas. Fazenda Lameirão. Turfeira"
"PARQUE NACIONAL SEMPRE-VIVAS","Angiosperms","Melastomataceae",,,"A.Juss.","MELASTOMATACEAE Melastomataceae A.Juss.","8717","splink","DIAM","Coser, T.S.","911","Native","2018",,,"Latão","Ouro",,"Buenópolis","Brasil. Minas Gerais. Buenópolis. Parque Nacional das Sempre-Vivas. Fazenda Lameirão"
"PARQUE NACIONAL SEMPRE-VIVAS","Angiosperms","Melastomataceae",,,"A.Juss.","MELASTOMATACEAE Melastomataceae A.Juss.","8744","splink","DIAM","Coser, T.S.","1037","Native","2018",,,"Latão","Ouro",,"Buenópolis","Buenópolis. Parque Nacional das Sempre-Vivas. Fazenda Lameirão. Campo Rupestre"
"PARQUE NACIONAL SEMPRE-VIVAS","Angiosperms","Melastomataceae",,,"A.Juss.","MELASTOMATACEAE Melastomataceae A.Juss.","8595","splink","DIAM","Coser, T.S.","1044","Native","2018",,,"Latão","Ouro",,"Buenópolis","Buenópolis. Parque Nacional das Sempre-Vivas. Fazenda Lameirão. Campo Rupestre"
"PARQUE NACIONAL SEMPRE-VIVAS","Angiosperms","Melastomataceae","Miconia","elegans","Cogn.","MELASTOMATACEAE Miconia elegans Cogn.","HDJF00020761",,"HDJF","Costa, T.R.","27","Native","2016","Machado, E.L.M.","2016","Prata","Ouro",,"Diamantina","Parque Nacional das Sempre-Vivas, região sul, Distrito de São João da Chapada."
"PARQUE NACIONAL SEMPRE-VIVAS","Angiosperms","Melastomataceae","Miconia","ibaguensis","(Bonpl.) Triana","MELASTOMATACEAE Miconia ibaguensis (Bonpl.) Triana","FURB79780","splink","FURB","Hatschbach, G.","79415","Native","2005","Goldenberg, R.","2010","Ouro","Prata",,"Buenópolis","Curimataí."
"PARQUE NACIONAL SEMPRE-VIVAS","Angiosperms","Melastomataceae","Miconia","ibaguensis","(Bonpl.) Triana","MELASTOMATACEAE Miconia ibaguensis (Bonpl.) Triana","MBM310672",,"MBM","Hatschbach, G.","79415","Native","2005","Goldenberg, R.","2010","Ouro","Prata",,"Buenópolis","Curimataí"
"PARQUE NACIONAL SEMPRE-VIVAS","Angiosperms","Melastomataceae","Miconia","ibaguensis","(Bonpl.) Triana","MELASTOMATACEAE Miconia ibaguensis (Bonpl.) Triana","HCF000039607","splink","HCF","Hatschbach, G.","79415","Native","2005","Goldenberg, R.","2010","Ouro","Prata",,"Buenópolis","Curimataí"
"PARQUE NACIONAL SEMPRE-VIVAS","Angiosperms","Melastomataceae","Miconia","ligustroides","(DC.) Naudin","MELASTOMATACEAE Miconia ligustroides (DC.) Naudin","HDJF00020750",,"HDJF","Costa, T.R.","16","Native","2016","Machado, E.L.M.","2016","Prata","Ouro",,"Diamantina","Parque Nacional das Sempre-Vivas, região sul, Distrito de São João da Chapada."
"PARQUE NACIONAL SEMPRE-VIVAS","Angiosperms","Melastomataceae","Miconia",,"Ruiz & Pav.","MELASTOMATACEAE Miconia Ruiz & Pav.","7804","splink","DIAM","Silva, K.H.","62","Native","2016",,,"Latão","Ouro",,"Buenópolis","Buenópolis. Próximo a comunidade de Santa Rita. Parque Nacional das Sempre-Vivas. Primeira entrada a esquerda após a porteira de madeira.. 1054m elev"
"PARQUE NACIONAL SEMPRE-VIVAS","Angiosperms","Melastomataceae","Miconia",,"Ruiz & Pav.","MELASTOMATACEAE Miconia Ruiz & Pav.","7806","splink","DIAM","Silva, K.H.","81","Native","2016",,,"Latão","Ouro",,"Buenópolis","Buenópolis. Próximo a comunidade de Santa Rita. Parque Nacional das Sempre-Vivas. Próximo a cachoeira do Rio Preto.. 1054m elev"
"PARQUE NACIONAL SEMPRE-VIVAS","Angiosperms","Melastomataceae","Miconia",,"Ruiz & Pav.","MELASTOMATACEAE Miconia Ruiz & Pav.","6051","splink","DIAM","Costa, F.N.","1704","Native","2015",,,"Latão","Ouro",,"Buenópolis","Buenópolis. Parque Nacional das Sempre-Vivas. Campo São Domingos, próximo ao alojamento. 17°54'45,7""S, 43°47'02,2""W, 1290 m alt. Mata ciliar em Campo rupestre."
"PARQUE NACIONAL SEMPRE-VIVAS","Angiosperms","Melastomataceae","Miconia",,"Ruiz & Pav.","MELASTOMATACEAE Miconia Ruiz & Pav.","3832","splink","DIAM","Goncalves, D.J.P.","350","Native","2011",,,"Latão","Ouro",,"Diamantina","Diamantina. Parque Nacional das Sempre-Vivas, Estrada para o Renegado, perto da Nhá Sica, 1249 - msm, -17,838714 S; -43,765340000000002W"
"PARQUE NACIONAL SEMPRE-VIVAS","Angiosperms","Melastomataceae","Miconia","theaezans","(Bonpl.) Cogn.","MELASTOMATACEAE Miconia theaezans (Bonpl.) Cogn.","CAS0068500","splink","CAS","Arbo, M.M.","4549","Native","1990",,,"Latão","Prata",,"Buenópolis","Mun. Buenopolis. Curimatai, 40 km E de BR-135, entre Buenopolis y Joaquim Felicio"
"PARQUE NACIONAL SEMPRE-VIVAS",,"Melastomataceae","Microlicia","armata","(Spreng.) Versiane & R.Romero","MELASTOMATACEAE Microlicia armata (Spreng.) Versiane & R.Romero","8666","splink","DIAM","Coser, T.S.","807",,"2018","Coser, T.S.",,"Bronze","Ouro",,,"Parque Nacional das Sempre-Vivas, Fazenda Lameirão."
"PARQUE NACIONAL SEMPRE-VIVAS","Angiosperms","Melastomataceae","Microlicia","confertiflora","Naudin","MELASTOMATACEAE Microlicia confertiflora Naudin","7406","splink","DIAM","Costa, F.N.","1995","Native","2017",,,"Latão","Ouro",,"Buenópolis","Buenópolis. Parque Nacional das Sempre-Vivas. Campos São Domingos. 17°54'54,5""S 43°47'02,3""W, 1271 msm. Campo rupestre."
"PARQUE NACIONAL SEMPRE-VIVAS","Angiosperms","Melastomataceae","Microlicia","confertiflora","Naudin","MELASTOMATACEAE Microlicia confertiflora Naudin","8132","splink","DIAM","Costa, F.N.","1972","Native","2016",,,"Latão","Ouro",,"Buenópolis","Buenópolis. Parque Nacional das Sempre-Vivas. Campo do Renegado. 17°49'09,4""S; 43°46'23,1""W, 1255m elev. Campo rupestre."
"PARQUE NACIONAL SEMPRE-VIVAS","Angiosperms","Melastomataceae","Microlicia",,"D.Don","MELASTOMATACEAE Microlicia D.Don","RB01468982","x","RB","Pacifico, R.","436","Native","2020","Pacifico, R.","2022","Ouro","Ouro",,,"Curimataí, estrada do Curral de Pedra. Arredores do Parque Nacional das Sempre-Vivas."
"PARQUE NACIONAL SEMPRE-VIVAS","Angiosperms","Melastomataceae","Microlicia",,"D.Don","MELASTOMATACEAE Microlicia D.Don","4555","splink","DIAM","Munhoz, C.B.R.","7079","Native","2010",,,"Ouro","Ouro",,"Diamantina","Diamantina. Acesso por São João da Chapada. Vila Macacos. Parque Nacional das Sempre-Vivas. Afloramento de rocha em campo limpo úmido. 17°54'13""S, 43°47'32""W. Alt: 1268m."
"PARQUE NACIONAL SEMPRE-VIVAS","Angiosperms","Melastomataceae","Microlicia",,"D.Don","MELASTOMATACEAE Microlicia D.Don","4394","splink","DIAM","Munhoz, C.B.R.","7012","Native","2010",,,"Ouro","Ouro",,"Diamantina","Diamantina. Acesso por São João da Chapada. Vila Macacos. Parque Nacional das Sempre-Vivas. Campo úmido. 17°54'13""S, 43°47'32""W."
"PARQUE NACIONAL SEMPRE-VIVAS","Angiosperms","Melastomataceae","Microlicia",,"D.Don","MELASTOMATACEAE Microlicia D.Don","4395","splink","DIAM","Munhoz, C.B.R.","7079","Native","2010",,,"Ouro","Ouro",,"Diamantina","Diamantina. Acesso por São João da Chapada. Vila Macacos. Parque Nacional das Sempre-Vivas. Afloramento de rocha em campo limpo úmido. 17°54'13""S, 43°47'32""W. Alt: 1268m."
"PARQUE NACIONAL SEMPRE-VIVAS",,"Melastomataceae","Microlicia",,"D.Don","MELASTOMATACEAE Microlicia D.Don","HDJF011015 HDJF00011015","splink","HDJF","Goncalves, F.B.","25",,"2022",,,"Latão","Ouro",,"Bocaiúva","Córrego do Bicho. Região da Nascente do rio Jequitaí. Parque Nacional das Sempre-Vivas (PNSV)"
"PARQUE NACIONAL SEMPRE-VIVAS","Angiosperms","Melastomataceae","Microlicia","isophylla","DC.","MELASTOMATACEAE Microlicia isophylla DC.","BHCB205276","splink","BHCB","Junqueira, P.A.","303","Native","2019","Rocha, M.J.R.","2020","Bronze","Ouro",,"Diamantina","Parque Nacional das Sempre-Vivas"
"PARQUE NACIONAL SEMPRE-VIVAS","Angiosperms","Melastomataceae","Microlicia","isophylla","DC.","MELASTOMATACEAE Microlicia isophylla DC.","R010008499","x","R","Alves, R.J.V.","8660","Native","2011",,,"Latão","Ouro",,,"Serra do Espinhaço, Parque Nacional das Sempre-Vivas."
"PARQUE NACIONAL SEMPRE-VIVAS","Angiosperms","Melastomataceae","Microlicia","macrophylla","Naudin","MELASTOMATACEAE Microlicia macrophylla Naudin","205275","x","BHCB","Junqueira, P.A.","270","Native","2019","Rocha, M.J.R.",,"Bronze","Ouro",,,"Parque Nacional das Sempre-Vivas"
"PARQUE NACIONAL SEMPRE-VIVAS","Angiosperms","Melastomataceae","Microlicia","macrophylla","Naudin","MELASTOMATACEAE Microlicia macrophylla Naudin","205270","x","BHCB","Brina, A.E.","s.n.","Native","2019","Rocha, M.J.R.",,"Bronze","Ouro",,,"Parque Nacional das Sempre-Vivas"
"PARQUE NACIONAL SEMPRE-VIVAS","Angiosperms","Melastomataceae","Microlicia","macrophylla","Naudin","MELASTOMATACEAE Microlicia macrophylla Naudin","78314","x","HUFU","Costa, F.N.","2027","Native","2017","R, O.","2019","Bronze","Ouro",,,"Parque Nacional das Sempre-Vivas, Caminho para a Serra do Galho."
"PARQUE NACIONAL SEMPRE-VIVAS","Angiosperms","Melastomataceae","Microlicia","macrophylla","Naudin","MELASTOMATACEAE Microlicia macrophylla Naudin","7439","splink","DIAM","Costa, F.N.","2027","Native","2017",,,"Latão","Ouro",,"Buenópolis","Buenópolis. Parque Nacional das Sempre-Vivas. Caminho para Serra do Galho. 17°57'03""S; 43°47'50,6""W, 1233 msm. Campo rupestre."
"PARQUE NACIONAL SEMPRE-VIVAS","Angiosperms","Melastomataceae","Microlicia","serpyllifolia","D.Don","MELASTOMATACEAE Microlicia serpyllifolia D.Don","CAS0711875","splink","CAS","Pacifico, R.","430","Native","2020",,,"Ouro","Ouro",,,"Minas Gerais, Buenópolis. Curimataí, estrada do Curral de Pedra. Arredores do Parque Nacional das Sempre-Vivas"
"PARQUE NACIONAL SEMPRE-VIVAS","Angiosperms","Melastomataceae","Microlicia","serpyllifolia","D.Don","MELASTOMATACEAE Microlicia serpyllifolia D.Don","RB01468979","x","RB","Pacifico, R.","433","Native","2020","Pacifico, R.","2022","Ouro","Ouro",,,"Curimataí, estrada do Curral de Pedra. Arredores do Parque Nacional das Sempre-Vivas."
"PARQUE NACIONAL SEMPRE-VIVAS","Angiosperms","Melastomataceae","Microlicia","serpyllifolia","D.Don","MELASTOMATACEAE Microlicia serpyllifolia D.Don","RB01468976","x","RB","Pacifico, R.","430","Native","2020","Pacifico, R.","2022","Ouro","Ouro",,,"Curimataí, estrada do Curral de Pedra. Arredores do Parque Nacional das Sempre-Vivas."
"PARQUE NACIONAL SEMPRE-VIVAS","Angiosperms","Melastomataceae","Microlicia","serpyllifolia","D.Don","MELASTOMATACEAE Microlicia serpyllifolia D.Don","37611","x","HUEM","Pacifico, R.","436","Native","2020","Pacifico, R.","2022","Ouro","Ouro",,,"Curimataí, estrada do Curral de Pedra, Arredores do Parque Nacional das Sempre-Vivas"
"PARQUE NACIONAL SEMPRE-VIVAS","Angiosperms","Melastomataceae","Microlicia","serpyllifolia","D.Don","MELASTOMATACEAE Microlicia serpyllifolia D.Don","37608","x","HUEM","Pacifico, R.","433","Native","2020","Pacifico, R.","2022","Ouro","Ouro",,,"Curimataí, estrada do Curral de Pedra, Arredores do Parque Nacional das Sempre-Vivas"
"PARQUE NACIONAL SEMPRE-VIVAS","Angiosperms","Melastomataceae","Microlicia","tomentella","Naudin","MELASTOMATACEAE Microlicia tomentella Naudin","7801","splink","DIAM","Silva, K.H.","28","Native","2016","Moreira, K.V.C.","2019","Bronze","Ouro",,"Buenópolis","Buenópolis. Parque Nacional das Sempre-Vivas. Próximo a comunidade de Santa Rita estrada para Curimataí.. 1163m elev"
"PARQUE NACIONAL SEMPRE-VIVAS","Angiosperms","Melastomataceae","Pleroma",,"D.Don","MELASTOMATACEAE Pleroma D.Don","HUEM000031539","splink","HUEM","Pacifico, R.","439","Native","2020",,,"Ouro","Prata",,"Buenópolis","Curimataí, Parte de cima da Cachoeira Curimataí"
"PARQUE NACIONAL SEMPRE-VIVAS","Angiosperms","Melastomataceae","Pleroma",,"D.Don","MELASTOMATACEAE Pleroma D.Don","CAS0714004","splink","CAS","Pacifico, R.","439","Native","2020",,,"Ouro","Prata",,"Buenópolis","Curimataí, Parte de cima da Cachoeira Curimataí"
"PARQUE NACIONAL SEMPRE-VIVAS","Angiosperms","Melastomataceae","Pleroma","heteromallum","(D.Don) D.Don","MELASTOMATACEAE Pleroma heteromallum (D.Don) D.Don","UB0052421",,"UB","Silva, S.R.","1671","Native","2019","Manete, H.","2022","Bronze","Ouro",,"Diamantina","Parque Nacional das Sempre-Vivas"
"PARQUE NACIONAL SEMPRE-VIVAS","Angiosperms","Melastomataceae","Pleroma","heteromallum","(D.Don) D.Don","MELASTOMATACEAE Pleroma heteromallum (D.Don) D.Don","UB0052421","splink","UB","Silva, S.R.","1671","Native","2019","Manete, H.","2022","Bronze","Ouro",,"Diamantina","Parque Nacional das Sempre-Vivas"
"PARQUE NACIONAL SEMPRE-VIVAS","Angiosperms","Melastomataceae","Pterolepis","alpestris","(DC.) Triana","MELASTOMATACEAE Pterolepis alpestris (DC.) Triana","204916","x","BHCB","Brina, A.E.","s.n.","Native","2019","Meyer, P.B.",,"Bronze","Ouro",,,"Parque Nacional das Sempre-Vivas"
"PARQUE NACIONAL SEMPRE-VIVAS","Angiosperms","Melastomataceae","Pterolepis","alpestris","(DC.) Triana","MELASTOMATACEAE Pterolepis alpestris (DC.) Triana","BHCB204920","splink","BHCB","Brina, A.E.","s.n.","Native","2019","Meyer, P.B.","2020","Bronze","Ouro",,"Diamantina","Parque Nacional das Sempre-Vivas"
"PARQUE NACIONAL SEMPRE-VIVAS","Angiosperms","Melastomataceae","Pterolepis","alpestris","(DC.) Triana","MELASTOMATACEAE Pterolepis alpestris (DC.) Triana","RB01416260","x","RB","Alves, R.J.V.","8671","Native","2011","Nundes, D.","2019","Bronze","Ouro",,,"Serra do Espinhaço, Parque Nacional das Sempre-Vivas."
"PARQUE NACIONAL SEMPRE-VIVAS","Angiosperms","Melastomataceae","Pterolepis","alpestris","(DC.) Triana","MELASTOMATACEAE Pterolepis alpestris (DC.) Triana","BHCB062037","splink","BHCB","Souza, D.T.","432","Native","2008","Paranhos, G.M.","2022","Bronze","Ouro",,"Buenópolis","Parque Nacional das Sempre-Vivas, Campos de São Domingos, Mocó."
"PARQUE NACIONAL SEMPRE-VIVAS","Angiosperms","Melastomataceae","Pterolepis","alpestris","(DC.) Triana","MELASTOMATACEAE Pterolepis alpestris (DC.) Triana","7770","splink","DIAM","Silva, K.H.","12","Native","2016",,,"Latão","Ouro",,"Diamantina","Diamantina. Parque Nacional das Sempre-Vivas. 17°57'45,2""S; 43°47'12,2""W. 1237m elev."
"PARQUE NACIONAL SEMPRE-VIVAS","Angiosperms","Melastomataceae","Rhynchanthera","grandiflora","(Aubl.) DC.","MELASTOMATACEAE Rhynchanthera grandiflora (Aubl.) DC.","MBM310691",,"MBM","Hatschbach, G.","79409","Native","2005","Pacifico, R.","2019","Ouro","Prata",,"Buenópolis","Curimataí"
"PARQUE NACIONAL SEMPRE-VIVAS","Angiosperms","Melastomataceae","Rhynchanthera","grandiflora","(Aubl.) DC.","MELASTOMATACEAE Rhynchanthera grandiflora (Aubl.) DC.","HCF000040014","splink","HCF","Hatschbach, G.","79409","Native","2005","Pacifico, R.","2019","Ouro","Prata",,"Buenópolis","Curimataí"
"PARQUE NACIONAL SEMPRE-VIVAS","Angiosperms","Melastomataceae","Rhynchanthera","grandiflora","(Aubl.) DC.","MELASTOMATACEAE Rhynchanthera grandiflora (Aubl.) DC.","MBM295962",,"MBM","Hatschbach, G.","77651","Native","2004","Rodrigues, K.F.",,"Bronze","Prata","jbrj-public.s3.amazonaws.com/fsi/server?type=image&source=DZI/mbm/mbm/0/29/59/62/mbm00295962.dzi","Buenópolis","Curimataí"
"PARQUE NACIONAL SEMPRE-VIVAS","Angiosperms","Melastomataceae","Rhynchanthera","grandiflora","(Aubl.) DC.","MELASTOMATACEAE Rhynchanthera grandiflora (Aubl.) DC.","SPSF00037907","splink","SPSF","Hatschbach, G.",,"Native","2004","Rodrigues, K.F.","2006","Bronze","Prata",,"Buenópolis","Curimataí - Rio Preto."
"PARQUE NACIONAL SEMPRE-VIVAS","Angiosperms","Melastomataceae","Rhynchanthera","grandiflora","(Aubl.) DC.","MELASTOMATACEAE Rhynchanthera grandiflora (Aubl.) DC.","HCF000028121","splink","HCF","Hatschbach, M.G.","77651","Native","2004","Rodrigues, K.F.","2006","Bronze","Prata",,"Buenópolis","Curimataí"
"PARQUE NACIONAL SEMPRE-VIVAS","Angiosperms","Melastomataceae","Siphanthera",,"Pohl ex DC.","MELASTOMATACEAE Siphanthera Pohl ex DC.","5308","splink","DIAM","Costa, F.N.","1674","Native","2014",,,"Latão","Ouro",,"Olhos-d'Água","Olhos D'Água. Parque Nacional das Sempre-Vivas. Fazenda Álamo. 17°38'07""S; 43°45'19,7""W, 1124 m alt. Campo rupestre."
"PARQUE NACIONAL SEMPRE-VIVAS","Angiosperms","Melastomataceae","Tibouchina",,"Aubl.","MELASTOMATACEAE Tibouchina Aubl.","8673","splink","DIAM","Coser, T.S.","855","Native","2018",,,"Latão","Ouro",,"Buenópolis","Buenópolis. Parque Nacional das Sempre-Vivas. Fazenda Lameirão. Turfeira"
"PARQUE NACIONAL SEMPRE-VIVAS","Angiosperms","Melastomataceae","Tibouchina",,"Aubl.","MELASTOMATACEAE Tibouchina Aubl.","6035","splink","DIAM","Costa, F.N.","1785","Native","2016",,,"Latão","Ouro",,"Buenópolis","Buenópolis. Parque Nacional das Sempre-Vivas. Estrada entre alojamento e a comunidade de Macacos. 17°57'05,7""S , 43°46'44,9""W, 1271 m elev. Campo rupestre."
"PARQUE NACIONAL SEMPRE-VIVAS","Angiosperms","Melastomataceae","Tibouchina",,"Aubl.","MELASTOMATACEAE Tibouchina Aubl.","7768","splink","DIAM","Silva, K.H.","85","Native","2016",,,"Latão","Ouro",,"Diamantina","Diamantina. Parque Nacional das Sempre-Vivas. Beira da estrada sentido alojamento. 17°50'50,7""S; 43°45'40,9""W. 1193m elev."
"PARQUE NACIONAL SEMPRE-VIVAS","Angiosperms","Melastomataceae","Tibouchina",,"Aubl.","MELASTOMATACEAE Tibouchina Aubl.","7803","splink","DIAM","Silva, K.H.","74","Native","2016",,,"Latão","Ouro",,"Buenópolis","Buenópolis. Próximo a comunidade de Santa Rita. Parque Nacional das Sempre-Vivas. Pastagem com árvores. 17°58'32,8""S; 43°55'32,3""W. 1002m elev."
"PARQUE NACIONAL SEMPRE-VIVAS","Angiosperms","Melastomataceae","Tibouchina",,"Aubl.","MELASTOMATACEAE Tibouchina Aubl.","7802","splink","DIAM","Silva, K.H.","39","Native","2016",,,"Latão","Ouro",,"Buenópolis","Buenópolis. Parque Nacional das Sempre-Vivas. Próximo a comunidade de Santa Rita estrada para Curimataí. 17°59'05,5""S; 43°55'30,1""W. 1160m elev."
"PARQUE NACIONAL SEMPRE-VIVAS","Angiosperms","Melastomataceae","Tococa","guianensis","Aubl.","MELASTOMATACEAE Tococa guianensis Aubl.","HCF000006638","splink","HCF","Hatschbach, G.","79419","Native","2005","Goldenberg, R.","2010","Ouro","Prata",,"Buenópolis","Curimataí"
"PARQUE NACIONAL SEMPRE-VIVAS","Angiosperms","Melastomataceae","Trembleya","phlogiformis","Mart. & Schrank ex DC.","MELASTOMATACEAE Trembleya phlogiformis Mart. & Schrank ex DC.","UB1087624","splink","UB","Silva, R.M.","811","Native","1992","Wurdack, J.J.","1993","Ouro","Prata",,"Buenópolis","Curimataí."
"PARQUE NACIONAL SEMPRE-VIVAS","Angiosperms","Melastomataceae","Trembleya","phlogiformis","Mart. & Schrank ex DC.","MELASTOMATACEAE Trembleya phlogiformis Mart. & Schrank ex DC.","UB1087624",,"UB","Silva, R.M.","811","Native","1992","Wurdack, J.J.","1993","Ouro","Prata",,"Buenópolis","Curimataí."
"PARQUE NACIONAL SEMPRE-VIVAS","Angiosperms","Melastomataceae","Trembleya","phlogiformis","Mart. & Schrank ex DC.","MELASTOMATACEAE Trembleya phlogiformis Mart. & Schrank ex DC.","MBM272752","splink","MBM","Hatschbach, G.","73655","Native","2002","Etiqueta., V.","2015","Bronze","Prata",,"Buenópolis","Curimataí, arredores"
"PARQUE NACIONAL SEMPRE-VIVAS","Angiosperms","Meliaceae","Guarea","guidonia","(L.) Sleumer","MELIACEAE Guarea guidonia (L.) Sleumer","HDJF00020748",,"HDJF","Costa, T.R.","14","Native","2016","Machado, E.L.M.","2016","Prata","Ouro",,"Diamantina","Parque Nacional das Sempre-Vivas, região sul, Distrito de São João da Chapada."
"PARQUE NACIONAL SEMPRE-VIVAS","Angiosperms","Moraceae","Brosimum","rubescens","Taub.","MORACEAE Brosimum rubescens Taub.","HDJF00020758",,"HDJF","Costa, T.R.","24","Native","2016","Machado, E.L.M.","2016","Prata","Ouro",,"Diamantina","Parque Nacional das Sempre-Vivas, região sul, Distrito de São João da Chapada."
"PARQUE NACIONAL SEMPRE-VIVAS","Angiosperms","Moraceae","Ficus","luschnathiana","(Miq.) Miq.","MORACEAE Ficus luschnathiana (Miq.) Miq.","HDJF00020735",,"HDJF","Costa, T.R.","1","Native","2016","Machado, E.L.M.","2016","Prata","Ouro",,"Diamantina","Parque Nacional das Sempre-Vivas, região sul, Distrito de São João da Chapada."
"PARQUE NACIONAL SEMPRE-VIVAS","Angiosperms","Myrtaceae","Campomanesia","adamantium","(Cambess.) O.Berg","MYRTACEAE Campomanesia adamantium (Cambess.) O.Berg","8693","splink","DIAM","Coser, T.S.","799","Native","2018","Coser, T.S.",,"Bronze","Ouro",,,"Parque Nacional das Sempre-Vivas. Fazenda Lameirão."
"PARQUE NACIONAL SEMPRE-VIVAS","Angiosperms","Myrtaceae","Eugenia","bimarginata","DC.","MYRTACEAE Eugenia bimarginata DC.","21443","splink","HUCS","Hatschbach, G.","73632","Native","2002","Sobral, M.","2002","Ouro","Prata",,"Buenópolis","Curimataí, Rio Preto"
"PARQUE NACIONAL SEMPRE-VIVAS","Angiosperms","Myrtaceae","Eugenia","bimarginata","DC.","MYRTACEAE Eugenia bimarginata DC.","CGMS1096522","splink","CGMS","Hatschbach, G.","73632","Native","2002","Sobral, M.","2002","Ouro","Prata",,"Buenópolis","Curímataí, Rio Preto."
"PARQUE NACIONAL SEMPRE-VIVAS","Angiosperms","Myrtaceae","Eugenia",,"L.","MYRTACEAE Eugenia L.","HUEFS0079769","splink","HUEFS","Bitencourt, C.","85","Native","2012","Stadnik, A.","2015","Ouro","Ouro",,"Diamantina","PARNA Sempre-vivas, em campo rupestre."
"PARQUE NACIONAL SEMPRE-VIVAS","Angiosperms","Myrtaceae","Eugenia",,"L.","MYRTACEAE Eugenia L.","8741","splink","DIAM","Coser, T.S.","1030","Native","2018",,,"Latão","Ouro",,"Buenópolis","Buenópolis. Parque Nacional das Sempre-Vivas. Fazenda Lameirão."
"PARQUE NACIONAL SEMPRE-VIVAS","Angiosperms","Myrtaceae","Eugenia",,"L.","MYRTACEAE Eugenia L.","8848","splink","DIAM","Coser, T.S.","1108","Native","2018",,,"Latão","Ouro",,"Buenópolis","Buenópolis. Parque Nacional das Sempre-Vivas. Fazenda Lameirão."
"PARQUE NACIONAL SEMPRE-VIVAS","Angiosperms","Myrtaceae","Eugenia","punicifolia","(Kunth) DC.","MYRTACEAE Eugenia punicifolia (Kunth) DC.","8925","splink","DIAM","Coser, T.S.","973",,"2018","Coser, T.S.",,"Bronze","Ouro",,"Buenópolis","Buenópolis. Parque Nacional das Sempre-Vivas. Fazenda Lameirão"
"PARQUE NACIONAL SEMPRE-VIVAS","Angiosperms","Myrtaceae","Eugenia","punicifolia","(Kunth) DC.","MYRTACEAE Eugenia punicifolia (Kunth) DC.","120994","splink","BHCB","Almeida, T.E.","1425","Native","2008",,"0-0-0","Latão","Ouro",,"Diamantina","Parque Nacional das Sempre-Vivas, Região do rio e da Cachoeira Inhá-Cica. Campos limpos, Cerrados rupestre e Campos rupestres"
"PARQUE NACIONAL SEMPRE-VIVAS","Angiosperms","Myrtaceae","Myrcia",,"DC.","MYRTACEAE Myrcia DC.","8476","splink","DIAM","Coser, T.S.","816","Native","2018",,,"Latão","Ouro",,,"Parque Nacional das Sempre-Vivas. Fazenda Lameirão"
"PARQUE NACIONAL SEMPRE-VIVAS","Angiosperms","Myrtaceae","Myrcia",,"DC.","MYRTACEAE Myrcia DC.","8731","splink","DIAM","Coser, T.S.","870","Native","2018",,,"Latão","Ouro",,"Buenópolis","Buenópolis. Parque Nacional das Sempre-Vivas. Fazenda Lameirão."
"PARQUE NACIONAL SEMPRE-VIVAS","Angiosperms","Myrtaceae","Myrcia",,"DC.","MYRTACEAE Myrcia DC.","UB0351116","splink","UB","Coser, T.S.","1055","Native","2018",,,"Latão","Ouro",,,"Brasil. Minas Gerais. Buenopólis. Parque Nacional das Sempre-Vivas. Fazenda Limeirão"
"PARQUE NACIONAL SEMPRE-VIVAS","Angiosperms","Myrtaceae","Myrcia",,"DC.","MYRTACEAE Myrcia DC.","8472","splink","DIAM","Coser, T.S.","776","Native","2018",,,"Latão","Ouro",,"Buenópolis","Buenópolis. Parque Nacional das Sempre-Vivas. Fazenda Lameirão"
"PARQUE NACIONAL SEMPRE-VIVAS","Angiosperms","Myrtaceae","Myrcia",,"DC.","MYRTACEAE Myrcia DC.","8534","splink","DIAM","Coser, T.S.","1006","Native","2018",,,"Latão","Ouro",,"Buenópolis","Buenópolis. Parque Nacional das Sempre-Vivas. Fazenda Lameirão"
"PARQUE NACIONAL SEMPRE-VIVAS","Angiosperms","Myrtaceae","Myrcia","guianensis","(Aubl.) DC.","MYRTACEAE Myrcia guianensis (Aubl.) DC.","FURB32597",,"FURB","Hatschbach, G.","s.n.","Native","2002","Sobral, M.",,"Ouro","Prata","jbrj-public.s3-sa-east-1.amazonaws.com/fsi/server?type=image&source=DZI/furb/furb/0/3/25/97/furb00032597.dzi","Buenópolis","Curimataí, Rio Preto."
"PARQUE NACIONAL SEMPRE-VIVAS","Angiosperms","Myrtaceae","Myrcia","guianensis","(Aubl.) DC.","MYRTACEAE Myrcia guianensis (Aubl.) DC.","MBM272355",,"MBM","Hatschbach, G.","73640","Native","2002","Sobral, M.",,"Ouro","Prata","jbrj-public.s3.amazonaws.com/fsi/server?type=image&source=DZI/mbm/mbm/0/27/23/55/mbm00272355.dzi","Buenópolis","Curimataí, Rio Preto"
"PARQUE NACIONAL SEMPRE-VIVAS","Angiosperms","Myrtaceae","Myrcia","guianensis","(Aubl.) DC.","MYRTACEAE Myrcia guianensis (Aubl.) DC.","W20060012855",,"W","Hatschbach, G.","73640","Native","2002","Sobral, M.",,"Ouro","Prata","jbrj-public.s3-sa-east-1.amazonaws.com/fsi/server?type=image&source=DZI/nhmwien/w/20060/1/28/55/w20060012855.dzi","Buenópolis","Curimataí, Rio Preto"
"PARQUE NACIONAL SEMPRE-VIVAS","Angiosperms","Myrtaceae","Myrcia","guianensis","(Aubl.) DC.","MYRTACEAE Myrcia guianensis (Aubl.) DC.","HCF000016857","splink","HCF","Hatschbach, M.G.","73640","Native","2012","Sobral, M.",,"Ouro","Prata",,"Buenópolis","Curimataí, Rio Preto"
"PARQUE NACIONAL SEMPRE-VIVAS","Angiosperms","Myrtaceae","Myrcia","guianensis","(Aubl.) DC.","MYRTACEAE Myrcia guianensis (Aubl.) DC.","FUEL011768","splink","FUEL","Hatschbach, G.","73640","Native","2002","Sobral, M.",,"Ouro","Prata",,"Buenópolis","Curimataí, Rio Preto"
"PARQUE NACIONAL SEMPRE-VIVAS","Angiosperms","Myrtaceae","Myrcia","mutabilis","(O.Berg) N.Silveira","MYRTACEAE Myrcia mutabilis (O.Berg) N.Silveira","BHCB032981","splink","BHCB","Hatschbach, G.","73648","Native","2002","Santos, M.F.","2014","Ouro","Prata",,"Buenópolis","Curimataí, Rio Preto"
"PARQUE NACIONAL SEMPRE-VIVAS","Angiosperms","Myrtaceae","Myrcia","splendens","(Sw.) DC.","MYRTACEAE Myrcia splendens (Sw.) DC.","8708","splink","DIAM","Coser, T.S.","786","Native","2018","Coser, T.S.",,"Bronze","Ouro",,,"Parque Nacional das Sempre-Vivas. Fazenda Lameirão."
"PARQUE NACIONAL SEMPRE-VIVAS","Angiosperms","Myrtaceae","Myrcia","tomentosa","(Aubl.) DC.","MYRTACEAE Myrcia tomentosa (Aubl.) DC.","RB01204501","x","RB","Gonzaga, D.R.","832","Native","2016","Lima, D.F.","2018","Ouro","Ouro",,,"Distrito de Santa Rita. Área de campo aberto. Estrada entre o distrito de Santa Rita e a Cachoeira Santa Rita. Parque Nacional das Sempre-Vivas"
"PARQUE NACIONAL SEMPRE-VIVAS","Angiosperms","Myrtaceae","Myrcia","tomentosa","(Aubl.) DC.","MYRTACEAE Myrcia tomentosa (Aubl.) DC.","MBM258282",,"MBM","Hatschbach, G.","72222","Native","2001","Kawasaki, M.L.",,"Ouro","Prata","jbrj-public.s3.amazonaws.com/fsi/server?type=image&source=DZI/mbm/mbm/0/25/82/82/mbm00258282.dzi","Buenópolis","Curimataí, arredores"
"PARQUE NACIONAL SEMPRE-VIVAS","Angiosperms","Myrtaceae","Myrciaria",,"O.Berg","MYRTACEAE Myrciaria O.Berg","5321","splink","DIAM","Costa, F.N.","1649","Native","2014",,,"Latão","Ouro",,"Buenópolis","Buenópolis. Parque Nacional das Sempre-Vivas. Campos São Domingos, Proximo ao alojamento na estrada para Curimataí. 17°55'05,7""S, 43°47'48,3""W, 1303 m alt. Cerrado."
"PARQUE NACIONAL SEMPRE-VIVAS","Angiosperms","Myrtaceae",,,"Juss.","MYRTACEAE Myrtaceae Juss.","8513","splink","DIAM","Coser, T.S.","968","Native","2018",,,"Latão","Ouro",,"Buenópolis","Buenópolis. Parque Nacional das Sempre-Vivas. Fazenda Lameirão"
"PARQUE NACIONAL SEMPRE-VIVAS","Angiosperms","Myrtaceae",,,"Juss.","MYRTACEAE Myrtaceae Juss.","8754","splink","DIAM","Coser, T.S.","1065","Native","2018",,,"Latão","Ouro",,"Buenópolis","Buenópolis. Parque Nacional das Sempre-Vivas. Fazenda Lameirão"
"PARQUE NACIONAL SEMPRE-VIVAS","Angiosperms","Myrtaceae",,,"Juss.","MYRTACEAE Myrtaceae Juss.","254690","x","UB","Coser, T.S.","943","Native","2018",,,"Latão","Ouro",,,"Brasil. Minas Gerais. Buenopólis. Parque Nacional das Sempre-Vivas. Fazenda Limeirão"
"PARQUE NACIONAL SEMPRE-VIVAS","Angiosperms","Myrtaceae",,,"Juss.","MYRTACEAE Myrtaceae Juss.","8478","splink","DIAM","Coser, T.S.","823","Native","2018",,,"Latão","Ouro",,,"Parque Nacional das Sempre-Vivas, Fazenda Lameirão. Cerrado típico"
"PARQUE NACIONAL SEMPRE-VIVAS","Angiosperms","Myrtaceae",,,"Juss.","MYRTACEAE Myrtaceae Juss.","8643","splink","DIAM","Coser, T.S.","943","Native","2018",,,"Latão","Ouro",,"Buenópolis","Buenópolis. Parque Nacional das Sempre-Vivas. Fazenda Lameirão"
"PARQUE NACIONAL SEMPRE-VIVAS","Angiosperms","Myrtaceae","Siphoneugena","densiflora","O.Berg","MYRTACEAE Siphoneugena densiflora O.Berg","HDJF00020753",,"HDJF","Costa, T.R.","19","Native","2016","Machado, E.L.M.","2016","Prata","Ouro",,"Diamantina","Parque Nacional das Sempre-Vivas, região sul, Distrito de São João da Chapada."
"PARQUE NACIONAL SEMPRE-VIVAS","Angiosperms","Nyctaginaceae","Guapira",,"Aubl.","NYCTAGINACEAE Guapira Aubl.","8748","splink","DIAM","Coser, T.S.","1058","Native","2018",,,"Latão","Ouro",,"Buenópolis","Buenópolis. Parque Nacional das Sempre-Vivas. Fazenda Lameirão. Cerrado Ralo"
"PARQUE NACIONAL SEMPRE-VIVAS","Angiosperms","Nyctaginaceae","Guapira","hirsuta","(Choisy) Lundell","NYCTAGINACEAE Guapira hirsuta (Choisy) Lundell","HDJF00020747",,"HDJF","Costa, T.R.","13","Native","2016","Machado, E.L.M.","2016","Prata","Ouro",,"Diamantina","Parque Nacional das Sempre-Vivas, região sul, Distrito de São João da Chapada."
"PARQUE NACIONAL SEMPRE-VIVAS","Angiosperms","Nyctaginaceae","Guapira","opposita","(Vell.) Reitz","NYCTAGINACEAE Guapira opposita (Vell.) Reitz","HDJF00020744",,"HDJF","Costa, T.R.","10","Native","2016","Machado, E.L.M.","2016","Prata","Ouro",,"Diamantina","Parque Nacional das Sempre-Vivas, região sul, Distrito de São João da Chapada."
"PARQUE NACIONAL SEMPRE-VIVAS","Angiosperms","Ochnaceae","Ouratea",,"Aubl.","OCHNACEAE Ouratea Aubl.","7868","splink","DIAM","Silva, K.H.","155","Native","2017","Costa, F.N.",,"Bronze","Ouro",,"Diamantina","Diamantina. Parque Nacional das Sempre-Vivas. Trilha da Serra do Galho. 17°57'25,9""S; 43°47'27,4""W. 1258m elev."
"PARQUE NACIONAL SEMPRE-VIVAS","Angiosperms","Ochnaceae","Ouratea",,"Aubl.","OCHNACEAE Ouratea Aubl.","7890","splink","DIAM","Silva, K.H.","20","Native","2016",,,"Latão","Ouro",,"Diamantina","Diamantina. Parque Nacional das Sempre-Vivas. 17°57'24,3""S; 43°46'59,4""W. 1224m elev."
"PARQUE NACIONAL SEMPRE-VIVAS","Angiosperms","Ochnaceae","Ouratea","floribunda","(A.St.-Hil.) Engl.","OCHNACEAE Ouratea floribunda (A.St.-Hil.) Engl.","R010008330","x","R","Alves, R.J.V.","8687","Native","2011","Deccache, L.S.J.",,"Bronze","Ouro",,,"Serra do Espinhaço, Parque Nacional das Sempre-Vivas."
"PARQUE NACIONAL SEMPRE-VIVAS","Angiosperms","Ochnaceae","Ouratea","floribunda","(A.St.-Hil.) Engl.","OCHNACEAE Ouratea floribunda (A.St.-Hil.) Engl.","BHCB202244","splink","BHCB","Brina, A.E.","s.n.","Native","2019",,"0-0-0","Latão","Ouro",,"Diamantina","Parque Nacional das Sempre-Vivas"
"PARQUE NACIONAL SEMPRE-VIVAS","Angiosperms","Ochnaceae","Sauvagesia","elegantissima","A.St.-Hil.","OCHNACEAE Sauvagesia elegantissima A.St.-Hil.","SPF00227563","splink","SPF","Lovo, J.","428","Native","2012","Mello-Silva, R.","2017","Bronze","Ouro",,"Diamantina","Parque Nacional das Sempre-Vivas, Macacos. Estrada principal do parque, a ca. de 3 km do início."
"PARQUE NACIONAL SEMPRE-VIVAS","Angiosperms","Ochnaceae","Sauvagesia","elegantissima","A.St.-Hil.","OCHNACEAE Sauvagesia elegantissima A.St.-Hil.","9806","splink","DIAM","Lovo, J.","428","Native","2012","Mello-Silva, R.","2017","Bronze","Ouro",,"Diamantina","Diamantina. Parque Nacional das Sempre-Vivas. Macacos. Estrada principal do parque, a ca. de 3km do início. Afloramentos rochosos à margem da estrada. 17°57#?#34.8#?#S, 43°47#?#5.8#?#W. Elev. 1232m"
"PARQUE NACIONAL SEMPRE-VIVAS","Angiosperms","Ochnaceae","Sauvagesia","elegantissima","A.St.-Hil.","OCHNACEAE Sauvagesia elegantissima A.St.-Hil.","BHCB202245","splink","BHCB","Brina, A.E.","s.n.","Native","2019",,"0-0-0","Latão","Ouro",,"Diamantina","São João da Chapada, Parque Nacional das Sempre-vivas"
"PARQUE NACIONAL SEMPRE-VIVAS","Angiosperms","Ochnaceae","Sauvagesia","elegantissima","A.St.-Hil.","OCHNACEAE Sauvagesia elegantissima A.St.-Hil.","HUEFS00248801","x","HUEFS","Cardoso, D.","3915","Native","2016",,,"Latão","Ouro",,,"Parque Nacional das Sempre-Vivas, campo rupestre aberto e graminóide em solo arenoso, na estrada para o alojamento."
"PARQUE NACIONAL SEMPRE-VIVAS","Angiosperms","Ochnaceae","Sauvagesia",,"L.","OCHNACEAE Sauvagesia L.","5722","splink","DIAM","Echternacht, L.","2546","Native","2014",,,"Latão","Ouro",,"Diamantina","Diamantina: Parque Nacional das Sempre-Vivas. Campos São Domingos. Coordenadas (WGS84): 17°55'23""S, 43°45'44""W. Alt. 1325m"
"PARQUE NACIONAL SEMPRE-VIVAS","Angiosperms","Ochnaceae","Sauvagesia","setulosa","Queiroz-Lima & D. B. O. S. Cardoso","OCHNACEAE Sauvagesia setulosa Queiroz-Lima & D. B. O. S. Cardoso","3878","splink","DIAM","Goncalves, D.J.P.","343","Native","2011","Caceres, S.Y.","2025","Bronze","Ouro",,"Diamantina","Diamantina. Parque Nacional das Sempre-Vivas, estrada para o Renegado, perto da Nhá Sica, 1194- msm, 17,849034S, 43,7612394000000003W"
"PARQUE NACIONAL SEMPRE-VIVAS","Angiosperms","Ochnaceae","Sauvagesia","setulosa","Queiroz-Lima & D. B. O. S. Cardoso","OCHNACEAE Sauvagesia setulosa Queiroz-Lima & D. B. O. S. Cardoso","HUFABC002955","splink","HUFABC","Cardoso, D.","3920","Native","2016",,,"Latão","Ouro",,"Diamantina","Parque Nacional das Sempre-Vivas, estrada para o a, Campo aberto de cerrado, com áreas esparsas de afloramento rochosos."
"PARQUE NACIONAL SEMPRE-VIVAS","Angiosperms","Ochnaceae","Sauvagesia","setulosa","Queiroz-Lima & D. B. O. S. Cardoso","OCHNACEAE Sauvagesia setulosa Queiroz-Lima & D. B. O. S. Cardoso","13414","x","CNMT","Cardoso, D.","3920","Native","2016",,,"Latão","Ouro",,,"Parque Nacional das Sempre-Vivas, estrada para o alojamento."
"PARQUE NACIONAL SEMPRE-VIVAS","Angiosperms","Oleaceae","Chionanthus","crassifolius","(Mart.) P.S.Green","OLEACEAE Chionanthus crassifolius (Mart.) P.S.Green","233316","x","SPF","Gonella, P.M.","745","Native","2014","Gonella, P.M.","2014","Bronze","Ouro",,,"Parque Nacional das Sempre-Vivas, Estrada em direção ao norte do parque."
"PARQUE NACIONAL SEMPRE-VIVAS","Angiosperms","Orchidaceae","Acianthera","fabiobarrosii","(Borba & Semir) F.Barros & F.Pinheiro","ORCHIDACEAE Acianthera fabiobarrosii (Borba & Semir) F.Barros & F.Pinheiro","BHCB219066","splink","BHCB","Duarte, M.O.","s.n.","Native","0","Duarte, M.O.","0-0-0","Bronze","Ouro",,"Diamantina","Parque Nacional das Sempre-Vivas"
"PARQUE NACIONAL SEMPRE-VIVAS","Angiosperms","Orchidaceae","Bulbophyllum","filifolium","Borba & Smidt","ORCHIDACEAE Bulbophyllum filifolium Borba & Smidt","9022","splink","DIAM","Menezes, E.L.F.","104","Native","2019","Menezes, E.L.F.",,"Bronze","Ouro",,"Diamantina","Diamantina. Parque Nacional das Sempre-Vivas. Entre as Pedras. 17°53#?#40,6#?#S, 43°45#?#50,4#?#W, 1305 m alt."
"PARQUE NACIONAL SEMPRE-VIVAS","Angiosperms","Orchidaceae","Bulbophyllum","involutum","Borba et al.","ORCHIDACEAE Bulbophyllum involutum Borba et al.","BHCB227508","splink","BHCB","Menezes, E.L.F.","103","Native","2019","Menezes, E.L.F.","0-0-0","Bronze","Ouro",,"Diamantina","Parque Nacional das Sempre-Vivas, Apertado de Serra"
"PARQUE NACIONAL SEMPRE-VIVAS","Angiosperms","Orchidaceae","Bulbophyllum","mentosum","Barb.Rodr.","ORCHIDACEAE Bulbophyllum mentosum Barb.Rodr.","9034","splink","DIAM","Menezes, E.L.F.","74","Native","2018","Menezes, E.L.F.",,"Bronze","Ouro",,"Diamantina","Diamantina. Parque Nacional das Sempre-Vivas. Entre as Pedras. 17°57#?#36.2#?#S, 43°47#?#07.5#?#W, 1222 m alt."
"PARQUE NACIONAL SEMPRE-VIVAS","Angiosperms","Orchidaceae","Bulbophyllum","mentosum","Barb.Rodr.","ORCHIDACEAE Bulbophyllum mentosum Barb.Rodr.","BHCB227239","splink","BHCB","Menezes, E.L.F.","74","Native","2018","Menezes, E.L.F.","0-0-0","Bronze","Ouro",,"Diamantina","Parque Nacional das Sempre-Vivas, Entre as Pedras."
"PARQUE NACIONAL SEMPRE-VIVAS","Angiosperms","Orchidaceae","Bulbophyllum","mentosum","Barb.Rodr.","ORCHIDACEAE Bulbophyllum mentosum Barb.Rodr.","7892","splink","DIAM","Silva, K.H.","94","Native","2016","Menezes, E.L.F.",,"Bronze","Ouro",,"Buenópolis","Buenópolis. Parque Nacional das Sempre-Vivas. Beira da estrada sentido alojamento. 17°50'50,7""S; 43°45'40,9""W. 1193m elev."
"PARQUE NACIONAL SEMPRE-VIVAS","Angiosperms","Orchidaceae","Bulbophyllum","rupicolum","Barb.Rodr.","ORCHIDACEAE Bulbophyllum rupicolum Barb.Rodr.","9001","splink","DIAM","Menezes, E.L.F.","116","Native","2019","Menezes, E.L.F.",,"Bronze","Ouro",,"Diamantina","Diamatina. Parque Nacional das Sempre-Vivas, Porteira. 17°50#?#48.5#?#S, 43°45#?#42.8#?#W, 1195 m alt"
"PARQUE NACIONAL SEMPRE-VIVAS","Angiosperms","Orchidaceae","Bulbophyllum","rupicolum","Barb.Rodr.","ORCHIDACEAE Bulbophyllum rupicolum Barb.Rodr.","7588","splink","DIAM","Costa, F.N.","2080","Native","2017","Menezes, E.L.F.",,"Bronze","Ouro",,"Diamantina","Diamantina. Parque Nacional das Sempre-Vivas. Fazenda Gavião, na região da localidade denominada Baliza. Bacia do Rio Jequitinhonha. , 1226 msm. Campo rupestre"
"PARQUE NACIONAL SEMPRE-VIVAS","Angiosperms","Orchidaceae","Bulbophyllum","weddellii","(Lindl.) Rchb.f.","ORCHIDACEAE Bulbophyllum weddellii (Lindl.) Rchb.f.","7885","splink","DIAM","Silva, K.H.","1","Native","2016","Menezes, E.L.F.",,"Bronze","Ouro",,"Buenópolis","Buenópolis. Parque Nacional das Sempre-Vivas. Entrando no parque na beira da estrada sentido alojamento. 17°57'20,1""S; 43°47'07,0""W. 1325m elev."
"PARQUE NACIONAL SEMPRE-VIVAS","Angiosperms","Orchidaceae","Cattleya",,"Lindl.","ORCHIDACEAE Cattleya Lindl.","8259","splink","DIAM","Menezes, E.L.F.","408","Native","2018","Menezes, E.L.F.",,"Bronze","Ouro",,"Diamantina","Diamantina. PARNA Sempre-Vivas, apertado de pedra. 17°57.0#?#36.2#?#S, 43°47,0#?#07.5#?#W, 1222 m alt"
"PARQUE NACIONAL SEMPRE-VIVAS","Angiosperms","Orchidaceae","Cattleya",,"Lindl.","ORCHIDACEAE Cattleya Lindl.","8557","splink","DIAM","Coser, T.S.","1079","Native","2018","Menezes, E.L.F.",,"Bronze","Ouro",,"Buenópolis","Buenópolis. Parque Nacional das Sempre-Vivas. Fazenda Lameirão. Campo rupestre"
"PARQUE NACIONAL SEMPRE-VIVAS","Angiosperms","Orchidaceae","Cattleya",,"Lindl.","ORCHIDACEAE Cattleya Lindl.","9015","splink","DIAM","Menezes, E.L.F.","69","Native","2018","Menezes, E.L.F.",,"Bronze","Ouro",,"Diamantina","Diamantina. Parque Nacional das Sempre-Vivas. Entre as Pedras 17°57#?#36.2#?#S, 43°47#?#07.5#?#W, 1222 m alt."
"PARQUE NACIONAL SEMPRE-VIVAS","Angiosperms","Orchidaceae","Cattleya",,"Lindl.","ORCHIDACEAE Cattleya Lindl.","9192","splink","DIAM","Menezes, E.L.F.","77","Native","2018","Menezes, E.L.F.",,"Bronze","Ouro",,"Diamantina","Diamantina. Parque Nacional das Sempre-Vivas."
"PARQUE NACIONAL SEMPRE-VIVAS","Angiosperms","Orchidaceae","Cattleya",,"Lindl.","ORCHIDACEAE Cattleya Lindl.","BHCB195139","splink","BHCB","Costa, F.N.","1686","Native","2015",,"0-0-0","Latão","Ouro",,"Buenópolis","Parque Nacional das Sempre-Vivas, Campos São Domingos, próximo ao alojamento."
"PARQUE NACIONAL SEMPRE-VIVAS","Angiosperms","Orchidaceae","Cattleya","pumila","Hook.","ORCHIDACEAE Cattleya pumila Hook.","107258","splink","BHCB","Almeida, T.E.","975","Native","2007",,"0-0-0","Latão","Ouro",,"Buenópolis","Parque Nacional das Sempre-Vivas"
"PARQUE NACIONAL SEMPRE-VIVAS","Angiosperms","Orchidaceae","Cattleya","pumila","Hook.","ORCHIDACEAE Cattleya pumila Hook.","107263","splink","BHCB","Almeida, T.E.","989","Native","2007",,"0-0-0","Latão","Ouro",,"Buenópolis","Parque Nacional das Sempre-Vivas, Campões de mata e Mata alagada ao lado da Serra do Landi."
"PARQUE NACIONAL SEMPRE-VIVAS","Angiosperms","Orchidaceae","Cattleya","rupestris","(Lindl.) Van den Berg","ORCHIDACEAE Cattleya rupestris (Lindl.) Van den Berg","BHCB202939","splink","BHCB","Junqueira, P.A.","274","Native","2019","Meyer, P.B.","2019","Bronze","Ouro",,"Diamantina","Parque Nacional das Sempre-Vivas"
"PARQUE NACIONAL SEMPRE-VIVAS","Angiosperms","Orchidaceae","Cattleya","rupestris","(Lindl.) Van den Berg","ORCHIDACEAE Cattleya rupestris (Lindl.) Van den Berg","8560","splink","DIAM","Coser, T.S.","1094","Native","2018","Menezes, E.L.F.",,"Bronze","Ouro",,"Buenópolis","Buenópolis. Parque Nacional das Sempre-Vivas. Fazenda Lameirão."
"PARQUE NACIONAL SEMPRE-VIVAS","Angiosperms","Orchidaceae","Cattleya","rupestris","(Lindl.) Van den Berg","ORCHIDACEAE Cattleya rupestris (Lindl.) Van den Berg","7895","splink","DIAM","Silva, K.H.","93","Native","2016","Menezes, E.L.F.",,"Bronze","Ouro",,"Buenópolis","Buenópolis. Parque Nacional das Sempre-Vivas. Beira da estrada sentido alojamento. 17°50'50,7""S; 43°45'40,9""W. 1193m elev."
"PARQUE NACIONAL SEMPRE-VIVAS","Angiosperms","Orchidaceae","Cattleya","rupestris","(Lindl.) Van den Berg","ORCHIDACEAE Cattleya rupestris (Lindl.) Van den Berg","8053","splink","DIAM","Cunha, L.K.G.","10","Native","2016","Menezes, E.L.F.",,"Bronze","Ouro",,"Diamantina","Diamantina. Parque Nacional das Sempre-Vivas. Região sul do parque. 17°57'45,2""S; 43°47'12,2""W, 1237m elev."
"PARQUE NACIONAL SEMPRE-VIVAS","Angiosperms","Orchidaceae","Cattleya","rupestris","(Lindl.) Van den Berg","ORCHIDACEAE Cattleya rupestris (Lindl.) Van den Berg","BHCB221836","splink","BHCB","Cunha, L.K.G.","10","Native","2016","Menezes, E.L.F.","2019","Bronze","Ouro",,"Diamantina","Parque Nacional das Sempre-Vivas, Região Sul do Parque."
"PARQUE NACIONAL SEMPRE-VIVAS","Angiosperms","Orchidaceae","Cattleya","tereticaulis","(Hoehne) Van den Berg","ORCHIDACEAE Cattleya tereticaulis (Hoehne) Van den Berg","218144","x","BHCB","Costa, F.N.","1951","Native","2016","Menezes, E.L.F.",,"Bronze","Ouro",,,"Parque Nacional das Sempre-Vivas, Nas proximidades do limite sul do Parque"
"PARQUE NACIONAL SEMPRE-VIVAS","Angiosperms","Orchidaceae","Cattleya","tereticaulis","(Hoehne) Van den Berg","ORCHIDACEAE Cattleya tereticaulis (Hoehne) Van den Berg","7949","splink","DIAM","Costa, F.N.","1951","Native","2016","Menezes, E.L.F.",,"Bronze","Ouro",,"Buenópolis","Buenópolis. Parque Nacional das Sempre-Vivas. Nas proximidades do limite sul do parque. , 1235 m elev. Campo rupestre"
"PARQUE NACIONAL SEMPRE-VIVAS","Angiosperms","Orchidaceae","Cyclopogon","calophyllus","Barb.Rodr.","ORCHIDACEAE Cyclopogon calophyllus Barb.Rodr.","BHCB227507","splink","BHCB","Menezes, E.L.F.","111","Native","2019","Menezes, E.L.F.","0-0-0","Bronze","Ouro",,"Diamantina","Parque Nacional das Sempre-Vivas, Serra do Landim"
"PARQUE NACIONAL SEMPRE-VIVAS","Angiosperms","Orchidaceae","Encyclia","patens","Hook.","ORCHIDACEAE Encyclia patens Hook.","BHCB227236","splink","BHCB","Menezes, E.L.F.","124",,"2019","Menezes, E.L.F.","0-0-0","Bronze","Ouro",,"Diamantina","Parque Nacional das Sempre-Vivas, Serra do Landim."
"PARQUE NACIONAL SEMPRE-VIVAS","Angiosperms","Orchidaceae","Epidendrum","avicula","Lindl.","ORCHIDACEAE Epidendrum avicula Lindl.","9029","splink","DIAM","Menezes, E.L.F.","137",,"2019","Menezes, E.L.F.",,"Bronze","Ouro",,"Diamantina","Diamatina. Parque Nacional das Sempre-Vivas, Mocó. 17°55#?#38.5#?#S, 43°53#?#06.2#?#W, 1160 m alt,"
"PARQUE NACIONAL SEMPRE-VIVAS","Angiosperms","Orchidaceae","Epidendrum","dendrobioides","Thunb.","ORCHIDACEAE Epidendrum dendrobioides Thunb.","132557","splink","BHCB","Batista, J.A.N.","2843","Native","2009","Batista, J.A.N.","2009","Ouro","Ouro",,"Diamantina","Parque Nacional das Sempre-Vivas, Campos de São Domingos"
"PARQUE NACIONAL SEMPRE-VIVAS","Angiosperms","Orchidaceae","Epidendrum","dendrobioides","Thunb.","ORCHIDACEAE Epidendrum dendrobioides Thunb.","BHCB227210","splink","BHCB","Menezes, E.L.F.","76",,"2018","Menezes, E.L.F.","0-0-0","Bronze","Ouro",,"Diamantina","PARNA Sempre-vivas, Alojamento do PARNA."
"PARQUE NACIONAL SEMPRE-VIVAS",,"Orchidaceae","Epidendrum","dendrobioides","Thunb.","ORCHIDACEAE Epidendrum dendrobioides Thunb.","BHCB227274","splink","BHCB","Menezes, E.L.F.","85",,"2018","Menezes, E.L.F.","0-0-0","Bronze","Ouro",,"Buenópolis","PARNA Sempre-vivas, Alojamento do PARNA."
"PARQUE NACIONAL SEMPRE-VIVAS","Angiosperms","Orchidaceae","Epidendrum","dendrobioides","Thunb.","ORCHIDACEAE Epidendrum dendrobioides Thunb.","221846","x","BHCB","Silva, K.H.","169",,"2017","Menezes, E.L.F.",,"Bronze","Ouro",,,"Parque Nacional das Sempre-Vivas, Trilha da Serra do Galho."
"PARQUE NACIONAL SEMPRE-VIVAS","Angiosperms","Orchidaceae","Epidendrum","dendrobioides","Thunb.","ORCHIDACEAE Epidendrum dendrobioides Thunb.","7834","splink","DIAM","Silva, K.H.","169",,"2017","Menezes, E.L.F.",,"Bronze","Ouro",,"Diamantina","Diamantina. Parque Nacional das Sempre-Vivas. Trilha da Serra do Galho.. 1145m elev"
"PARQUE NACIONAL SEMPRE-VIVAS","Angiosperms","Orchidaceae","Epidendrum","martianum","Lindl.","ORCHIDACEAE Epidendrum martianum Lindl.","BHCB028324","splink","BHCB","Batista, J.A.N.","2853","Native","2009","Batista, J.A.N.","2017","Ouro","Ouro",,"Diamantina","Parque Nacional das Sempre-Vivas, Campos de São Domingos"
"PARQUE NACIONAL SEMPRE-VIVAS","Angiosperms","Orchidaceae","Epidendrum","nocturnum","Jacq.","ORCHIDACEAE Epidendrum nocturnum Jacq.","BHCB227195","splink","BHCB","Menezes, E.L.F.","84",,"2018","Menezes, E.L.F.","0-0-0","Bronze","Ouro",,"Diamantina","PARNA Sempre-vivas, Depois do apertado de serra. Afloramento rochosos. Campo rupestre."
"PARQUE NACIONAL SEMPRE-VIVAS","Angiosperms","Orchidaceae","Epidendrum","nocturnum","Jacq.","ORCHIDACEAE Epidendrum nocturnum Jacq.","8072","splink","DIAM","Costa, D.A.","91",,"2016","Costa, D.A.",,"Bronze","Ouro",,"Diamantina","Diamantina. Parque Nacional das Sempre-Vivas. Afloramento rochoso. 17°54'36,57501""S; 43°46'44,95555""W, 1282m elev. Campo rupestre."
"PARQUE NACIONAL SEMPRE-VIVAS","Angiosperms","Orchidaceae","Epidendrum","secundum","Jacq.","ORCHIDACEAE Epidendrum secundum Jacq.","8561","splink","DIAM","Coser, T.S.","957",,"2018","Menezes, E.L.F.",,"Bronze","Ouro",,"Buenópolis","Buenópolis. Parque Nacional das Sempre-Vivas. Fazenda Lameirão. Turfeira"
"PARQUE NACIONAL SEMPRE-VIVAS","Angiosperms","Orchidaceae","Epidendrum","secundum","Jacq.","ORCHIDACEAE Epidendrum secundum Jacq.","9558","splink","DIAM","Coser, T.S.","1096",,"2018","Menezes, E.L.F.",,"Bronze","Ouro",,"Buenópolis","Buenópolis. Parque Nacional das Sempre-Vivas. Fazenda Lameirão. Turfeira"
"PARQUE NACIONAL SEMPRE-VIVAS","Angiosperms","Orchidaceae","Epidendrum","secundum","Jacq.","ORCHIDACEAE Epidendrum secundum Jacq.","7880","splink","DIAM","Silva, K.H.","6",,"2016","Menezes, E.L.F.",,"Bronze","Ouro",,"Buenópolis","Buenópolis. Parque Nacional das Sempre-Vivas. Entrando no parque na beira da estrada sentido alojamento. 17°55'03,4""S; 43°48'06,1""W. 1305m elev."
"PARQUE NACIONAL SEMPRE-VIVAS","Angiosperms","Orchidaceae","Epidendrum","secundum","Jacq.","ORCHIDACEAE Epidendrum secundum Jacq.","8046","splink","DIAM","Cunha, L.K.G.","14",,"2016","Menezes, E.L.F.",,"Bronze","Ouro",,"Diamantina","Diamantina. Parque Nacional das Sempre-Vivas. Região sul do parque. 17°57'45,2""S; 43°47'12,2""W, 1237m elev."
"PARQUE NACIONAL SEMPRE-VIVAS","Angiosperms","Orchidaceae","Epidendrum","secundum","Jacq.","ORCHIDACEAE Epidendrum secundum Jacq.","7109","splink","DIAM","Costa, F.N.","1692",,"2015","Menezes, E.L.F.",,"Bronze","Ouro",,"Buenópolis","Buenópolis. Parque Nacional das Sempre-Vivas. Campos São Domingos, próximo ao alojamento. 17°54'58""S, 43°47'05""W, 1273 m elev. Campo Rupestre."
"PARQUE NACIONAL SEMPRE-VIVAS","Angiosperms","Orchidaceae","Epistephium","williamsii","Hook.f.","ORCHIDACEAE Epistephium williamsii Hook.f.","BHCB202250","splink","BHCB","Brina, A.E.","s.n.","Native","2019",,"0-0-0","Latão","Ouro",,"Diamantina","São João da Chapada, Parque Nacional das Sempre-vivas"
"PARQUE NACIONAL SEMPRE-VIVAS","Angiosperms","Orchidaceae","Espinhassoa","glaziovii","(Cogn.) Salazar & J.A.N.Bat.","ORCHIDACEAE Espinhassoa glaziovii (Cogn.) Salazar & J.A.N.Bat.","BHCB227247","splink","BHCB","Menezes, E.L.F.","79",,"2018","Menezes, E.L.F.","0-0-0","Bronze","Ouro",,"Diamantina","Parque Nacional das Sempre-Vivas, Campos São Domingos, próximo ao alojamento."
"PARQUE NACIONAL SEMPRE-VIVAS","Angiosperms","Orchidaceae","Espinhassoa","glaziovii","(Cogn.) Salazar & J.A.N.Bat.","ORCHIDACEAE Espinhassoa glaziovii (Cogn.) Salazar & J.A.N.Bat.","7590","splink","DIAM","Costa, F.N.","2083","Native","2017",,,"Latão","Ouro",,"Diamantina","Diamantina. Parque Nacional das Sempre-Vivas. Fazenda Gavião, na região da localidade denominada Baliza. Bacia do Rio Jequitinhonha. 17°53'23,9""S, 43°43'53""W, 1226 msm. Campo rupestre"
"PARQUE NACIONAL SEMPRE-VIVAS","Angiosperms","Orchidaceae","Gomesa",,"R.Br.","ORCHIDACEAE Gomesa R.Br.","9036","splink","DIAM","Menezes, E.L.F.","106","Native","2019","Menezes, E.L.F.",,"Bronze","Ouro",,"Diamantina","Diamatina. Parque Nacional das Sempre-Vivas. Serra do Landim. 17°53'45,0""S, 43°45'57,1""W 1300 m elev"
"PARQUE NACIONAL SEMPRE-VIVAS","Angiosperms","Orchidaceae","Habenaria","abscondita","J.A.N.Bat. & Cruz-Lustre","ORCHIDACEAE Habenaria abscondita J.A.N.Bat. & Cruz-Lustre","BHCB001318","splink","BHCB","Batista, J.A.N.","2867","Native","2009","Batista, J.A.N.","2021","Ouro","Ouro",,"Diamantina","Parque Nacional das Sempre-Vivas, Campos São Domingos"
"PARQUE NACIONAL SEMPRE-VIVAS","Angiosperms","Orchidaceae","Habenaria","caldensis","Kraenzl.","ORCHIDACEAE Habenaria caldensis Kraenzl.","132570","splink","BHCB","Batista, J.A.N.","2856","Native","2009","Batista, J.A.N.","2009","Ouro","Ouro",,"Diamantina","Parque Nacional das Sempre-Vivas, Campos de São Domingos"
"PARQUE NACIONAL SEMPRE-VIVAS","Angiosperms","Orchidaceae","Habenaria","caldensis","Kraenzl.","ORCHIDACEAE Habenaria caldensis Kraenzl.","CEN00103027",,"CEN","Vale, A.A.","78","Native","2012","Santos, M.T.","2012","Bronze","Ouro","jbrj-public.s3.amazonaws.com/fsi/server?type=image&source=DZI/cen/cen/0/10/30/27/cen00103027.dzi","Buenópolis","Parque Nacional das Sempre-Vivas, campo a sudeste da casa do pesquisador"
"PARQUE NACIONAL SEMPRE-VIVAS","Angiosperms","Orchidaceae","Habenaria","caldensis","Kraenzl.","ORCHIDACEAE Habenaria caldensis Kraenzl.","CEN00103030",,"CEN","Vale, A.A.","97","Native","2012","Santos, M.T.","2012","Bronze","Ouro","jbrj-public.s3.amazonaws.com/fsi/server?type=image&source=DZI/cen/cen/0/10/30/30/cen00103030.dzi","Olhos-d'Água","Parque Nacional das Sempre-Vivas, estrada para Campo Triste, próximo ao Renegado, aprox. 16 km da casa do pesquisador, no Renegado."
"PARQUE NACIONAL SEMPRE-VIVAS","Angiosperms","Orchidaceae","Habenaria","caldensis","Kraenzl.","ORCHIDACEAE Habenaria caldensis Kraenzl.","CEN00103032",,"CEN","Vale, A.A.","105","Native","2012",,,"Latão","Ouro","jbrj-public.s3.amazonaws.com/fsi/server?type=image&source=DZI/cen/cen/0/10/30/32/cen00103032.dzi","Diamantina","Parque Nacional das Sempre-Vivas, estrada Buenópolis, aprox. 5 km da casa do pesquisador, na segunda estrada a direita"
"PARQUE NACIONAL SEMPRE-VIVAS","Angiosperms","Orchidaceae","Habenaria","campylogyna","J.A.N.Bat. & Bianch.","ORCHIDACEAE Habenaria campylogyna J.A.N.Bat. & Bianch.","AFR08577",,"AFR","Batista, J.A.N.","2852","Native","2009","Batista, J.A.N.","2025","Ouro","Ouro",,"Buenópolis","Parque Nacional das Sempre-Vivas. Campos de São Domingos. Parque Nacional das Sempre-Vivas"
"PARQUE NACIONAL SEMPRE-VIVAS","Angiosperms","Orchidaceae","Habenaria","campylogyna","J.A.N.Bat. & Bianch.","ORCHIDACEAE Habenaria campylogyna J.A.N.Bat. & Bianch.","132566","splink","BHCB","Batista, J.A.N.","2852","Native","2009","Batista, J.A.N.","2005","Ouro","Ouro",,"Diamantina","Parque Nacional das Sempre-Vivas, Campos de São Domingos"
"PARQUE NACIONAL SEMPRE-VIVAS","Angiosperms","Orchidaceae","Habenaria","compluviosa","J.A.N.Bat., B.L.Lau & Machado-Costa","ORCHIDACEAE Habenaria compluviosa J.A.N.Bat., B.L.Lau & Machado-Costa","BHCB061729","splink","BHCB","Vale, A.A.","81","Native","2012","Batista, J.A.N.","2022","Ouro","Ouro",,"Buenópolis","Parque Nacional das Sempre-Vivas"
"PARQUE NACIONAL SEMPRE-VIVAS","Angiosperms","Orchidaceae","Habenaria","cruegeri","Cogn.","ORCHIDACEAE Habenaria cruegeri Cogn.","BHCB025756","splink","BHCB","Vale, A.A.","86","Native","2012","Batista, J.A.N.","2018","Ouro","Ouro",,"Buenópolis","Parque Nacional das Sempre-Vivas, Campo a sudoeste/oeste da casa do pesquisador."
"PARQUE NACIONAL SEMPRE-VIVAS","Angiosperms","Orchidaceae","Habenaria","leprieurii","Rchb.f.","ORCHIDACEAE Habenaria leprieurii Rchb.f.","AFR08535",,"AFR","Batista, J.A.N.","2836","Native","2009","Batista, J.A.N.","2025","Ouro","Ouro",,"Buenópolis","Parque Nacional das Sempre-Vivas, Campos de São Domingos, próximo a sede do parque. Parque Nacional das Sempre-Vivas"
"PARQUE NACIONAL SEMPRE-VIVAS","Angiosperms","Orchidaceae","Habenaria","leprieurii","Rchb.f.","ORCHIDACEAE Habenaria leprieurii Rchb.f.","BHCB001621","splink","BHCB","Batista, J.A.N.","2836","Native","2009","Batista, J.A.N.","2025","Ouro","Ouro",,"Diamantina","Parque Nacional das Sempre-Vivas, Campos de São Domingos, próximo a sede do parque."
"PARQUE NACIONAL SEMPRE-VIVAS","Angiosperms","Orchidaceae","Habenaria",,"Willd.","ORCHIDACEAE Habenaria Willd.","10994","splink","DIAM","Costa, F.N.","2107","Native","2018",,,"Latão","Ouro",,"Diamantina","Diamantina. Parque Nacional das Sempre-Vivas. Próximo à entrada do Parque Nacional das Sempre Vivas no caminho que circunda a Serrado Galho. 17°57'45.8""S, 43°47'19.6""W, 1244 msm. Mancha de cerrado na borda de afloramentos rochosos. Queimado recentemente."
"PARQUE NACIONAL SEMPRE-VIVAS","Angiosperms","Orchidaceae","Habenaria",,"Willd.","ORCHIDACEAE Habenaria Willd.","BHCB227218","splink","BHCB","Costa, F.N.","2083","Native","2017",,"0-0-0","Latão","Ouro",,"Diamantina","Parque Nacional das Sempre-Vivas, Fazenda Gavião, na região da localidade denominada Baliza."
"PARQUE NACIONAL SEMPRE-VIVAS","Angiosperms","Orchidaceae","Mormodes","sinuata","Rchb.f. & Warm.","ORCHIDACEAE Mormodes sinuata Rchb.f. & Warm.","BHCB227188","splink","BHCB","Menezes, E.L.F.","97","Native","2019","Menezes, E.L.F.","0-0-0","Bronze","Ouro",,"Diamantina","Parque Nacional das Sempre-Vivas, Entre as pedras."
"PARQUE NACIONAL SEMPRE-VIVAS","Angiosperms","Orchidaceae",,,"A.Juss.","ORCHIDACEAE Orchidaceae A.Juss.","10990","splink","DIAM","Costa, F.N.","2106","Native","2018",,,"Latão","Ouro",,"Diamantina","Diamantina. Parque Nacional das Sempre-Vivas. Próximo à entrada do Parque Nacional das Sempre Vivas no caminho que circunda a Serrado Galho. 17°57'45.8""S, 43°47'19.6""W, 1244 msm. Mancha de cerrado na borda de afloramentos rochosos. Queimado recentemente."
"PARQUE NACIONAL SEMPRE-VIVAS","Angiosperms","Orchidaceae",,,"A.Juss.","ORCHIDACEAE Orchidaceae A.Juss.","9450","splink","DIAM","Silva, K.H.","18","Native","2016",,,"Latão","Ouro",,"Diamantina","Diamantina. Parque Nacional das Sempre-Vivas. 17°57'45,2""S, 43°47'12,2""W. 1237m elev"
"PARQUE NACIONAL SEMPRE-VIVAS","Angiosperms","Orchidaceae","Prescottia","oligantha","(Sw.) Lindl.","ORCHIDACEAE Prescottia oligantha (Sw.) Lindl.","BHCB227223","splink","BHCB","Menezes, E.L.F.","135","Native","2019","Menezes, E.L.F.","0-0-0","Bronze","Ouro",,"Diamantina","Parque Nacional das Sempre-Vivas, Próximo ao local de nome Corredor"
"PARQUE NACIONAL SEMPRE-VIVAS","Angiosperms","Orchidaceae","Prosthechea",,"Knowles & Westc.","ORCHIDACEAE Prosthechea Knowles & Westc.","227231","x","BHCB","Menezes, E.L.F.","131","Native","2019","Menezes, E.L.F.",,"Bronze","Ouro",,,"Parque Nacional das Sempre-Vivas"
"PARQUE NACIONAL SEMPRE-VIVAS","Angiosperms","Orchidaceae","Prosthechea",,"Knowles & Westc.","ORCHIDACEAE Prosthechea Knowles & Westc.","9194","splink","DIAM","Menezes, E.L.F.","131","Native","2019","Menezes, E.L.F.",,"Bronze","Ouro",,"Diamantina","Diamantina. Parque Nacional das Sempre-Vivas. Próximo a Serra do Landim. 17°53'27,6""S, 43°45'51.3""W, 1293 m elev"
"PARQUE NACIONAL SEMPRE-VIVAS","Angiosperms","Orchidaceae","Prosthechea",,"Knowles & Westc.","ORCHIDACEAE Prosthechea Knowles & Westc.","227225","x","BHCB","Costa, F.N.","2381","Native","2024",,,"Latão","Ouro",,,"Parque Nacional das Sempre-Vivas, Porção sul do Parque na estrada para o alojamento, no 'apertado da serra'."
"PARQUE NACIONAL SEMPRE-VIVAS","Angiosperms","Orchidaceae","Prosthechea","pachysepala","(Klotzsch) Chiron & V.P.Castro","ORCHIDACEAE Prosthechea pachysepala (Klotzsch) Chiron & V.P.Castro","9352","splink","DIAM","Menezes, E.L.F.","86","Native","2018","Menezes, E.L.F.",,"Bronze","Ouro",,"Diamantina","Diamantina. Parque Nacional das Sempre-Vivas, próximo ao Apertado de Pedras. 17°53'40,6""S, 43°45'50,4""W, 1305 m elev."
"PARQUE NACIONAL SEMPRE-VIVAS","Angiosperms","Orchidaceae","Prosthechea","pachysepala","(Klotzsch) Chiron & V.P.Castro","ORCHIDACEAE Prosthechea pachysepala (Klotzsch) Chiron & V.P.Castro","8038","splink","DIAM","Costa, F.N.","1992","Native","2016","Menezes, E.L.F.",,"Bronze","Ouro",,"Buenópolis","Buenópolis. Parque Nacional das Sempre-Vivas. Campos São Domingos, próximo ao alojamento. 17°54'24,4""S, 43°46'26,8""W, 1262 m elev. Campo rupestre. Afloramento rochoso com algumas árvores e muitos representantes de Orchidaceae, Bromeliaceae"
"PARQUE NACIONAL SEMPRE-VIVAS","Angiosperms","Orchidaceae","Prosthechea","pachysepala","(Klotzsch) Chiron & V.P.Castro","ORCHIDACEAE Prosthechea pachysepala (Klotzsch) Chiron & V.P.Castro","BHCB221847","splink","BHCB","Costa, F.N.","1992","Native","2016","Menezes, E.L.F.","0-0-0","Bronze","Ouro",,"Buenópolis","Parque Nacional das Sempre-Vivas, Parque Nacional das Sempres Vivas. Campos São Domingoa, próximo ao alojamento."
"PARQUE NACIONAL SEMPRE-VIVAS","Angiosperms","Orchidaceae","Pseudolaelia",,"Porto & Brade","ORCHIDACEAE Pseudolaelia Porto & Brade","7948","splink","DIAM","Costa, F.N.","1963","Native","2016","Menezes, E.L.F.",,"Bronze","Ouro",,"Buenópolis","Buenópolis. Parque Nacional das Sempre-Vivas. Nas proximidades do limite sul do parque. 17°57'30,8""S; 43°47'02,7""W, 1223 m elev. Campo rupestre."
"PARQUE NACIONAL SEMPRE-VIVAS","Angiosperms","Orchidaceae","Pseudolaelia",,"Porto & Brade","ORCHIDACEAE Pseudolaelia Porto & Brade","221837","x","BHCB","Costa, F.N.","1963","Native","2016",,,"Latão","Ouro",,,"Parque Nacional das Sempre-Vivas, Nas aproximidades do limite sul do parque."
"PARQUE NACIONAL SEMPRE-VIVAS","Angiosperms","Orchidaceae","Pseudolaelia",,"Porto & Brade","ORCHIDACEAE Pseudolaelia Porto & Brade","HUEFS0248804","splink","HUEFS","Cardoso, D.","3918","Native","2016",,,"Latão","Ouro",,"Diamantina","Parque Nacional das Sempre-Vivas, estrada para o alojamento."
"PARQUE NACIONAL SEMPRE-VIVAS","Angiosperms","Orchidaceae","Scaphyglottis","modesta","(Rchb.f.) Schltr.","ORCHIDACEAE Scaphyglottis modesta (Rchb.f.) Schltr.","9002","splink","DIAM","Menezes, E.L.F.","170","Native","2019","Menezes, E.L.F.",,"Bronze","Ouro",,"Diamantina","Diamatina. Parque Nacional das Sempre-Vivas, Serra do Landim. 17°54#?#09.8#?#S, 43°46#?#02.8#?#W, 1253 m alt"
"PARQUE NACIONAL SEMPRE-VIVAS","Angiosperms","Orchidaceae","Scaphyglottis","modesta","(Rchb.f.) Schltr.","ORCHIDACEAE Scaphyglottis modesta (Rchb.f.) Schltr.","9119","splink","DIAM","Menezes, E.L.F.","114","Native","2019","Menezes, E.L.F.",,"Bronze","Ouro",,"Diamantina","Diamatina. Parque Nacional das Sempre-Vivas. Serra do Landim. 17°54#?#09.8#?#S, 43°46#?#02.8#?#W, 1253 m alt"
"PARQUE NACIONAL SEMPRE-VIVAS","Angiosperms","Orchidaceae","Stelis","aprica","Lindl.","ORCHIDACEAE Stelis aprica Lindl.","9227","splink","DIAM","Menezes, E.L.F.","230","Native","2019","Menezes, E.L.F.",,"Bronze","Ouro",,"Diamantina","Diamatina. Parque Nacional das Sempre-Vivas. Serra do Landim. 17°54'09.6""S, 43°46'01.7""W, 1248 m alt."
"PARQUE NACIONAL SEMPRE-VIVAS","Angiosperms","Orobanchaceae","Buchnera",,"L.","OROBANCHACEAE Buchnera L.","8709","splink","DIAM","Coser, T.S.","785","Native","2018",,,"Latão","Ouro",,"Buenópolis","Buenópolis. Parque Nacional das Sempre-Vivas. Fazenda Lameirão"
"PARQUE NACIONAL SEMPRE-VIVAS","Angiosperms","Orobanchaceae","Buchnera",,"L.","OROBANCHACEAE Buchnera L.","8186","splink","DIAM","Costa, D.A.","58","Native","2016",,,"Latão","Ouro",,"Diamantina","Diamantina. Parque Nacional das Sempre-Vivas. Estrada para o Campo Triste. 17°51'27,3""S, 43°45'25,9""W, 1248 m alt. Campo limpo."
"PARQUE NACIONAL SEMPRE-VIVAS","Angiosperms","Orobanchaceae","Buchnera","palustris","(Aubl.) Spreng.","OROBANCHACEAE Buchnera palustris (Aubl.) Spreng.","121004","splink","BHCB","Almeida, T.E.","1435","Native","2008",,"0-0-0","Latão","Ouro",,"Diamantina","Parque Nacional das Sempre-Vivas, Afloramento rochoso, Cerrado Rupestre e Campo limpo à beira da estrada que leva à Fazenda Buriti, antes das Veredas"
"PARQUE NACIONAL SEMPRE-VIVAS","Angiosperms","Orobanchaceae","Esterhazya","nanuzae","V.C.Souza","OROBANCHACEAE Esterhazya nanuzae V.C.Souza","224023","x","BHCB","Pezzi, P.H.","146",,"2025","Latvis, M.","2025","Bronze","Ouro",,,"Parque Nacional das Sempre-Vivas, Na beira da estrada de terra dentro do Parque Nacional das Sempre-Vivas."
"PARQUE NACIONAL SEMPRE-VIVAS",,"Orobanchaceae","Esterhazya","nanuzae","V.C.Souza","OROBANCHACEAE Esterhazya nanuzae V.C.Souza","224027","x","BHCB","Pezzi, P.H.","152",,"2025","Latvis, M.","2025","Bronze","Ouro",,,"São João da Chapada, Na beira da estrada de terra que liga Diamantina ao Parque Nacional das Sempre-Vivas."
"PARQUE NACIONAL SEMPRE-VIVAS",,"Orobanchaceae","Esterhazya","nanuzae","V.C.Souza","OROBANCHACEAE Esterhazya nanuzae V.C.Souza","224025","x","BHCB","Pezzi, P.H.","150",,"2025","Latvis, M.","2025","Bronze","Ouro",,,"São João da Chapada, Na beira da estrada de terra que liga Diamantina ao Parque Nacional das Sempre-Vivas."
"PARQUE NACIONAL SEMPRE-VIVAS",,"Orobanchaceae","Esterhazya","nanuzae","V.C.Souza","OROBANCHACEAE Esterhazya nanuzae V.C.Souza","224018","x","BHCB","Pezzi, P.H.","141",,"2025","Latvis, M.","2025","Bronze","Ouro",,,"Parque Nacional das Sempre-Vivas, Na beira da estrada de terra dentro do Parque Nacional das Sempre-Vivas."
"PARQUE NACIONAL SEMPRE-VIVAS","Angiosperms","Orobanchaceae","Esterhazya","nanuzae","V.C.Souza","OROBANCHACEAE Esterhazya nanuzae V.C.Souza","224021","x","BHCB","Pezzi, P.H.","144",,"2025","Latvis, M.","2025","Bronze","Ouro",,,"Parque Nacional das Sempre-Vivas, Na beira da estrada de terra dentro do Parque Nacional das Sempre-Vivas."
"PARQUE NACIONAL SEMPRE-VIVAS","Angiosperms","Orobanchaceae","Esterhazya","splendida","J.C.Mikan","OROBANCHACEAE Esterhazya splendida J.C.Mikan","10104","splink","DIAM","Scatigna, A.V.","491","Native","2014",,,"Latão","Ouro",,"Diamantina","Diamantina. Parque Nacional das Sempre-Vivas. Campo cerrado. 17°55'0,7""S; 43°50'18"" W"
"PARQUE NACIONAL SEMPRE-VIVAS","Angiosperms","Orobanchaceae",,,"Vent.","OROBANCHACEAE Orobanchaceae Vent.","7943","splink","DIAM","Costa, F.N.","1896","Native","2016",,,"Latão","Ouro",,"Diamantina","Diamantina. Parque Nacional das Sempre-Vivas. Caminho para o alojamento. 17°56'15,3""S; 43°46'14,1""W, 1320m elev. Cerrado, campo sujo."
"PARQUE NACIONAL SEMPRE-VIVAS","Angiosperms","Orobanchaceae",,,"Vent.","OROBANCHACEAE Orobanchaceae Vent.","5898","splink","DIAM","Costa, F.N.","1847","Native","2016",,,"Latão","Ouro",,"Olhos-d'Água","Olhos D'Água. Parque Nacional das Sempre-Vivas. Trilha do Telégrafo, nas proximidades do Campos João Alves. Bacia do Rio Jequitinhonha. 17°43'50,2""S; 43°42'03,9""W, 1092 m elev. Cerrado"
"PARQUE NACIONAL SEMPRE-VIVAS","Angiosperms","Orobanchaceae","Physocalyx","aurantiacus","Pohl","OROBANCHACEAE Physocalyx aurantiacus Pohl","7888","splink","DIAM","Silva, K.H.","2","Native","2016","Costa, F.N.","2019","Bronze","Ouro",,"Buenópolis","Buenópolis. Parque Nacional das Sempre-Vivas. Entrando no parque na beira da estrada sentido alojamento. 17°55'03,4""S; 43°48'06,1""W. 1305m elev."
"PARQUE NACIONAL SEMPRE-VIVAS","Angiosperms","Orobanchaceae","Physocalyx","aurantiacus","Pohl","OROBANCHACEAE Physocalyx aurantiacus Pohl","10103","splink","DIAM","Scatigna, A.V.","489","Native","2014",,,"Latão","Ouro",,"Diamantina","Diamantina. Parque Nacional das Sempre-Vivas. Campo rupestre. 17°54'52""S, 43°48'04""W"
"PARQUE NACIONAL SEMPRE-VIVAS","Angiosperms","Orobanchaceae","Physocalyx","major","Mart.","OROBANCHACEAE Physocalyx major Mart.","5988","splink","DIAM","Costa, F.N.","1761","Native","2016","Costa, F.N.","2020","Bronze","Ouro",,"Buenópolis","Buenópolis. Parque Nacional das Sempre-Vivas. Lamarão, na estrada para Curimataí. 17°55'0,8""S, 43°47'42""W, 1289 m elev. Cerrado."
"PARQUE NACIONAL SEMPRE-VIVAS","Angiosperms","Orobanchaceae","Physocalyx","major","Mart.","OROBANCHACEAE Physocalyx major Mart.","6059","splink","DIAM","Costa, F.N.","1712","Native","2015","Costa, F.N.","2020","Bronze","Ouro",,"Buenópolis","Buenópolis. Parque Nacional das Sempre-Vivas. Campos São Domingos, próximo ao alojamento. 17°54'45,7""S, 43°47'02,2""W, 1290 m alt. Mancha de cerrado sensu stricto em meio a Campo rupestre."
"PARQUE NACIONAL SEMPRE-VIVAS","Angiosperms","Oxalidaceae","Oxalis","cytisoides","Mart. ex Zucc.","OXALIDACEAE Oxalis cytisoides Mart. ex Zucc.","HUEFS0132023","splink","HUEFS","Mello-Silva, R.","619","Native","1992","Fiaschi, P.","2011","Ouro","Prata",,"Buenópolis","Curimataí. Local chamado Simão, às margens da cachopeira do Riachinho e arredores."
"PARQUE NACIONAL SEMPRE-VIVAS","Angiosperms","Oxalidaceae","Oxalis","frutescens","L.","OXALIDACEAE Oxalis frutescens L.","UB1087625","splink","UB","Silva, R.M.","616","Native","1992","Lourteig, A.","1993","Bronze","Prata",,"Buenópolis","Curimataí. Local chamado Simão, as margens da cachoeira do Riachinho e arredores. Base da serra."
"PARQUE NACIONAL SEMPRE-VIVAS","Angiosperms","Oxalidaceae","Oxalis","frutescens","L.","OXALIDACEAE Oxalis frutescens L.","UB1087625",,"UB","Silva, R.M.","616","Native","1992","Lourteig, A.","1993","Bronze","Prata",,"Buenópolis","Curimataí. Local chamado Simão, as margens da cachoeira do Riachinho e arredores. Base da serra."
"PARQUE NACIONAL SEMPRE-VIVAS","Angiosperms","Oxalidaceae","Oxalis","frutescens","L.","OXALIDACEAE Oxalis frutescens L.","P05488658","splink","P","Mello-Silva, R.",,"Native","1992",,,"Latão","Prata",,"Buenópolis","Curimatai, lugar llamado Simao, a orillas de la cacho eira del riacho y arredores"
"PARQUE NACIONAL SEMPRE-VIVAS","Angiosperms","Oxalidaceae","Oxalis","hirsutissima","Mart. & Zucc.","OXALIDACEAE Oxalis hirsutissima Mart. & Zucc.","8490","splink","DIAM","Coser, T.S.","820","Native","2018","Coser, T.S.",,"Bronze","Ouro",,,"Brasil. Minas Gerais. Parque Nacional das Sempre-Vivas. Fazenda Lameirão. Cerrado Típico"
"PARQUE NACIONAL SEMPRE-VIVAS","Angiosperms","Oxalidaceae","Oxalis","nigrescens","A.St.-Hil.","OXALIDACEAE Oxalis nigrescens A.St.-Hil.","P05525580","splink","P","Silva, R.M.",,"Native","1992",,,"Latão","Prata",,"Buenópolis","Curimatai, lugar llmado Simão, a orillas de la cachoeira del riacho y alrededores; Base da Serra dos Espinhaço"
"PARQUE NACIONAL SEMPRE-VIVAS","Angiosperms","Pentaphylacaceae","Ternstroemia","carnosa","Cambess.","PENTAPHYLACACEAE Ternstroemia carnosa Cambess.","202251","x","BHCB","Brina, A.E.","s.n.","Native","2019",,,"Latão","Ouro",,,"São João da Chapada, Parque Nacional das Sempre-vivas"
"PARQUE NACIONAL SEMPRE-VIVAS","Angiosperms","Phyllanthaceae","Phyllanthus","klotzschianus","Müll.Arg.","PHYLLANTHACEAE Phyllanthus klotzschianus Müll.Arg.","7721","splink","DIAM","Martinelli, G.","19710","Native","2016","Forzza, R.C.","2018","Bronze","Ouro",,"Diamantina","Diamantina. Parque Nacional Sempre-Vivas. Estrada para Taquaral, localidade de Rural. Campos rupestres com afloramentos rochosos e capões de mata. 17°48'39""S 43°44'34""W. Elev.: 1182 m."
"PARQUE NACIONAL SEMPRE-VIVAS","Angiosperms","Phyllanthaceae","Phyllanthus",,"L.","PHYLLANTHACEAE Phyllanthus L.","7440","splink","DIAM","Costa, F.N.","2025","Native","2017",,,"Latão","Ouro",,"Buenópolis","Buenópolis. Parque Nacional das Sempre-Vivas. Caminho para Serra do Galho. , 1258 msm. Cerrado"
"PARQUE NACIONAL SEMPRE-VIVAS","Angiosperms","Piperaceae","Peperomia",,"Ruiz & Pav.","PIPERACEAE Peperomia Ruiz & Pav.","8639","splink","DIAM","Coser, T.S.","1000","Native","2018",,,"Latão","Ouro",,"Buenópolis","Brasil. Minas Gerais. Buenópolis. Parque Nacional das Sempre-Vivas. Fazenda Lameirão. Cerrado Rupestre"
"PARQUE NACIONAL SEMPRE-VIVAS","Angiosperms","Plantaginaceae","Angelonia",,"Bonpl.","PLANTAGINACEAE Angelonia Bonpl.","5631","splink","DIAM","Echternacht, L.","2511","Native","2014",,,"Latão","Ouro",,"Olhos-d'Água","Olhos D'Água. Parque Nacional das Sempre-Vivas. Fazenda Álamo. Campos dos Ferreira. Nascente do córrego do sobradão. 17°36'58""S, 43°46'12""W alt. 1204 m. Campo rupestre, em afloramentos quartzíticos, solo arenoso."
"PARQUE NACIONAL SEMPRE-VIVAS","Angiosperms","Plantaginaceae","Angelonia","crassifolia","Benth.","PLANTAGINACEAE Angelonia crassifolia Benth.","8196","splink","DIAM","Costa, D.A.","78","Native","2016","Costa, D.A.",,"Bronze","Ouro",,"Diamantina","Diamantina. Parque Nacional das Sempre-Vivas. Atrás do alojamento. 17°54'48,61599""S, 43°46""57,3213""W, Campo limpo"
"PARQUE NACIONAL SEMPRE-VIVAS","Angiosperms","Plantaginaceae","Angelonia","crassifolia","Benth.","PLANTAGINACEAE Angelonia crassifolia Benth.","10145","splink","DIAM","Scatigna, A.V.","605","Native","2015",,,"Latão","Ouro",,"Diamantina","Diamantina. Parque Nacional das Sempre-Vivas. Campo rupestre com solo arenoso, próximo a afloramento rochoso. Caminho para Campo Triste, ca. 3km a leste do alojamento. 17°55'11""S; 43°45'23""W."
"PARQUE NACIONAL SEMPRE-VIVAS","Angiosperms","Plantaginaceae","Angelonia","goyazensis","Benth.","PLANTAGINACEAE Angelonia goyazensis Benth.","8906","splink","DIAM","Coser, T.S.","985","Native","2018","Coser, T.S.",,"Bronze","Ouro",,"Buenópolis","Buenópolis. Parque Nacional das Sempre-Vivas. Fazenda Lameirão. Floresta Estacional Semidecidual"
"PARQUE NACIONAL SEMPRE-VIVAS","Angiosperms","Poaceae","Andropogon",,"L.","POACEAE Andropogon L.","8528","splink","DIAM","Coser, T.S.","936","Native","2018",,,"Latão","Ouro",,"Buenópolis","Brasil. Minas Gerais. Buenópolis. Parque Nacional das Sempre-Vivas. Fazenda Lameirão."
"PARQUE NACIONAL SEMPRE-VIVAS","Angiosperms","Poaceae","Andropogon","leucostachyus","Kunth","POACEAE Andropogon leucostachyus Kunth","UB0052422",,"UB","Silva, S.R.","1670","Native","2019","Oliveira, R.C.","2022","Ouro","Ouro",,"Diamantina","Parque Nacional das Sempre-Vivas"
"PARQUE NACIONAL SEMPRE-VIVAS","Angiosperms","Poaceae","Andropogon","leucostachyus","Kunth","POACEAE Andropogon leucostachyus Kunth","UB0052422","splink","UB","Silva, S.R.","1670","Native","2019","Oliveira, R.C.","2022","Ouro","Ouro",,"Diamantina","Parque Nacional das Sempre-Vivas"
"PARQUE NACIONAL SEMPRE-VIVAS","Angiosperms","Poaceae","Andropogon","leucostachyus","Kunth","POACEAE Andropogon leucostachyus Kunth","5993","splink","DIAM","Costa, F.N.","1746","Native","2016","Costa, F.N.","2022","Bronze","Ouro",,"Buenópolis","Buenópolis. Parque Nacional das Sempre-Vivas. Campo São Domingos, próximo ao alojamento. 17°54'58""S, 43°47'05""W, 1273 m elev. Campo rupestre"
"PARQUE NACIONAL SEMPRE-VIVAS","Angiosperms","Poaceae","Apochloa",,"Zuloaga & Morrone","POACEAE Apochloa Zuloaga & Morrone","UB0052434",,"UB","Silva, S.R.","1679","Native","2019","Valls, J.F.M.","2022","Ouro","Ouro",,"Diamantina","Parque Nacional das Sempre-Vivas"
"PARQUE NACIONAL SEMPRE-VIVAS","Angiosperms","Poaceae","Apochloa",,"Zuloaga & Morrone","POACEAE Apochloa Zuloaga & Morrone","220434","x","UB","Silva, S.R.","1679","Native","2019","Valls, J.F.M.","2022","Ouro","Ouro",,,"Parque Nacional das Sempre-Vivas"
"PARQUE NACIONAL SEMPRE-VIVAS","Angiosperms","Poaceae","Axonopus","brasiliensis","(Spreng.) Kuhlm.","POACEAE Axonopus brasiliensis (Spreng.) Kuhlm.","120976","splink","BHCB","Almeida, T.E.","1407","Native","2008",,"0-0-0","Latão","Ouro",,"Diamantina","Parque Nacional das Sempre-Vivas, Região do rio e da Cachoeira Inhá-Cica. Campos limpos, Cerrados rupestre e Campos rupestres"
"PARQUE NACIONAL SEMPRE-VIVAS","Angiosperms","Poaceae","Axonopus","fastigiatus","(Nees ex Trin.) Kuhlm.","POACEAE Axonopus fastigiatus (Nees ex Trin.) Kuhlm.","120914","splink","BHCB","Almeida, T.E.","1345","Native","2008","Sobral, M.","0-0-0","Bronze","Ouro",,"Buenópolis","Parque Nacional das Sempre-Vivas, Caminho entre a vila de Macacos e o Campos São Domingos. Campos rupestres e Campos limpos"
"PARQUE NACIONAL SEMPRE-VIVAS","Angiosperms","Poaceae","Eragrostis","rufescens","Schrad. ex Schult.","POACEAE Eragrostis rufescens Schrad. ex Schult.","120988","splink","BHCB","Almeida, T.E.","1419","Native","2008",,"0-0-0","Latão","Ouro",,"Diamantina","Parque Nacional das Sempre-Vivas, Região do rio e da Cachoeira Inhá-Cica. Campos limpos, Cerrados rupestre e Campos rupestres"
"PARQUE NACIONAL SEMPRE-VIVAS","Angiosperms","Poaceae","Otachyrium","pterygodium","(Trin.) Pilg.","POACEAE Otachyrium pterygodium (Trin.) Pilg.","120970","splink","BHCB","Almeida, T.E.","1401","Native","2008","Salino, A.","0-0-0","Bronze","Ouro",,"Diamantina","Parque Nacional das Sempre-Vivas, Região do rio e da Cachoeira Inhá-Cica. Campos limpos, Cerrados rupestre e Campos rupestres"
"PARQUE NACIONAL SEMPRE-VIVAS","Angiosperms","Poaceae","Paspalum",,"L.","POACEAE Paspalum L.","HDJF011030 HDJF00011030","splink","HDJF","Goncalves, F.B.","40","Native","2022",,,"Latão","Ouro",,"Bocaiúva","Córrego do Bicho. Região da Nascente do rio Jequitaí. Parque Nacional das Sempre-Vivas (PNSV)"
"PARQUE NACIONAL SEMPRE-VIVAS","Angiosperms","Poaceae","Paspalum",,"L.","POACEAE Paspalum L.","HDJF011031 HDJF00011031","splink","HDJF","Goncalves, F.B.","41","Native","2022",,,"Latão","Ouro",,"Bocaiúva","Torre. Região da Nascente do rio Jequitaí. Parque Nacional das Sempre-Vivas (PNSV)"
"PARQUE NACIONAL SEMPRE-VIVAS","Angiosperms","Poaceae",,,"Barnhart","POACEAE Poaceae Barnhart","HDJF011026 HDJF00011026","splink","HDJF","Goncalves, F.B.","36","Native","2022",,,"Latão","Ouro",,"Bocaiúva","Córrego do Bicho. Região da Nascente do rio Jequitaí. Parque Nacional das Sempre-Vivas (PNSV)"
"PARQUE NACIONAL SEMPRE-VIVAS","Angiosperms","Poaceae",,,"Barnhart","POACEAE Poaceae Barnhart","HDJF011027 HDJF00011027","splink","HDJF","Goncalves, F.B.","37","Native","2022",,,"Latão","Ouro",,"Bocaiúva","Córrego do Bicho. Região da Nascente do rio Jequitaí. Parque Nacional das Sempre-Vivas (PNSV)"
"PARQUE NACIONAL SEMPRE-VIVAS","Angiosperms","Poaceae",,,"Barnhart","POACEAE Poaceae Barnhart","9790","splink","DIAM","Costa, F.N.","2175","Native","2021",,,"Latão","Ouro",,"Diamantina","Diamantina. Parque Nacional das Sempre-Vivas. Área do experimento do Projeto PrevFogo/CNPq, de propriedade do Samuel. , 1205msm. Campo Rupestre. Solo arenoso quartzítico"
"PARQUE NACIONAL SEMPRE-VIVAS","Angiosperms","Poaceae",,,"Barnhart","POACEAE Poaceae Barnhart","8521","splink","DIAM","Coser, T.S.","879","Native","2018",,,"Latão","Ouro",,"Buenópolis","Buenópolis. Parque Nacional da Sempre-Vivas. Fazenda Lameirão"
"PARQUE NACIONAL SEMPRE-VIVAS","Angiosperms","Poaceae",,,"Barnhart","POACEAE Poaceae Barnhart","8525","splink","DIAM","Coser, T.S.","839","Native","2018",,,"Latão","Ouro",,,"Parque Nacional das Sempre-Vivas. Fazenda Lameirão"
"PARQUE NACIONAL SEMPRE-VIVAS","Angiosperms","Poaceae","Trachypogon","vestitus","Andersson","POACEAE Trachypogon vestitus Andersson","120945","x","BHCB","Almeida, T.E.","1376","Native","2008","Sobral, M.",,"Bronze","Ouro",,,"Parque Nacional das Sempre-Vivas, Campos de São Domingos, próximo ao alojamento. Campo limpo e Mata de galeria"
"PARQUE NACIONAL SEMPRE-VIVAS","Angiosperms","Poaceae","Trichanthecium","pseudisachne","(Mez) Zuloaga & Morrone","POACEAE Trichanthecium pseudisachne (Mez) Zuloaga & Morrone","4470","splink","DIAM","Munhoz, C.B.R.","7006","Native","2010","Mello, T.R.B.","2010","Bronze","Ouro",,"Diamantina","Diamantina. Acesso por São João da chapadada. Vila dos Macacos. Parque Nacional das Sempre-Vivas.Campo úmido..17°54'13''S, 43°47'32'' W"
"PARQUE NACIONAL SEMPRE-VIVAS","Angiosperms","Polygalaceae","Polygala",,"L.","POLYGALACEAE Polygala L.","HUEFS0248803","splink","HUEFS","Cardoso, D.","3917","Native","2016",,,"Latão","Ouro",,"Diamantina","Parque Nacional das Sempre-Vivas, estrada para o alojamento."
"PARQUE NACIONAL SEMPRE-VIVAS","Angiosperms","Polygalaceae",,,"Hoffmanns. & Link","POLYGALACEAE Polygalaceae Hoffmanns. & Link","8507","splink","DIAM","Coser, T.S.","1074","Native","2018",,,"Latão","Ouro",,"Olhos-d'Água","Buenópolis. Parque Nacional das Sempre-Vivas. Fazenda Lameirão"
"PARQUE NACIONAL SEMPRE-VIVAS","Angiosperms","Polygalaceae",,,"Hoffmanns. & Link","POLYGALACEAE Polygalaceae Hoffmanns. & Link","8681","splink","DIAM","Coser, T.S.","842","Native","2018",,,"Latão","Ouro",,"Olhos-d'Água","Buenópolis. Parque Nacional das Sempre-Vivas. Fazenda Lameirão"
"PARQUE NACIONAL SEMPRE-VIVAS","Angiosperms","Polygalaceae",,,"Hoffmanns. & Link","POLYGALACEAE Polygalaceae Hoffmanns. & Link","HUEFS0248787","splink","HUEFS","Cardoso, D.","3901","Native","2016",,,"Latão","Ouro",,"Diamantina","Estrada para o Parque Nacional das Sempre-Vivas, sentido Macacos."
"PARQUE NACIONAL SEMPRE-VIVAS","Angiosperms","Polygalaceae","Senega","pseudoerica","(A.St.-Hil. & Moq.) J.F.B.Pastore","POLYGALACEAE Senega pseudoerica (A.St.-Hil. & Moq.) J.F.B.Pastore","107306","x","BHCB","Almeida, T.E.","1045","Native","2007",,,"Latão","Ouro",,,"Parque Nacional das Sempre-Vivas, Região do 'Vai e volta' (Pinturas rupestres)"
"PARQUE NACIONAL SEMPRE-VIVAS","Angiosperms","Polygonaceae","Coccoloba",,"P.Browne","POLYGONACEAE Coccoloba P.Browne","8515","splink","DIAM","Coser, T.S.","956","Native","2018",,,"Latão","Ouro",,"Buenópolis","Buenópolis. Parque Nacional das Sempre-Vivas. Fazenda Lameirão"
"PARQUE NACIONAL SEMPRE-VIVAS","Angiosperms","Polygonaceae","Coccoloba",,"P.Browne","POLYGONACEAE Coccoloba P.Browne","8700","splink","DIAM","Coser, T.S.","792","Native","2018",,,"Latão","Ouro",,"Buenópolis","Buenópolis. Parque Nacional das Sempre-Vivas. Fazenda Lameirão"
"PARQUE NACIONAL SEMPRE-VIVAS","Angiosperms","Pontederiaceae",,,"Kunth","PONTEDERIACEAE Pontederiaceae Kunth","7344","splink","DIAM","Costa, F.N.","1938","Native","2016",,,"Latão","Ouro",,"Buenópolis","Buenópolis. Parque Nacional das Sempre-Vivas. Comunidade de Santa Rita, caminho para Curumataí. Área bastante antropizada, mas com alguns indivíduos de grande porte de espécies arbóreas"
"PARQUE NACIONAL SEMPRE-VIVAS","Angiosperms","Portulacaceae","Portulaca","hirsutissima","Cambess.","PORTULACACEAE Portulaca hirsutissima Cambess.","8918","splink","DIAM","Coser, T.S.","964","Native","2018","Coser, T.S.","2018","Bronze","Ouro",,"Buenópolis","Parque Nacional das Sempre-Vivas. Fazenda Lameirão"
"PARQUE NACIONAL SEMPRE-VIVAS","Angiosperms","Portulacaceae","Portulaca","hirsutissima","Cambess.","PORTULACACEAE Portulaca hirsutissima Cambess.","7430","splink","DIAM","Costa, F.N.","2026","Native","2017","Costa, F.N.","2019","Bronze","Ouro",,"Buenópolis","Buenópolis. Parque Nacional das Sempre-Vivas. Caminho para Serra do Galho. 1233 msm. Campo rupestre"
"PARQUE NACIONAL SEMPRE-VIVAS","Angiosperms","Portulacaceae","Portulaca","hirsutissima","Cambess.","PORTULACACEAE Portulaca hirsutissima Cambess.","120973","splink","BHCB","Almeida, T.E.","1404","Native","2008",,"0-0-0","Latão","Ouro",,"Diamantina","Parque Nacional das Sempre-Vivas, Região do rio e da Cachoeira Inhá-Cica. Campos limpos, Cerrados rupestre e Campos rupestres"
"PARQUE NACIONAL SEMPRE-VIVAS","Angiosperms","Primulaceae","Myrsine","coriacea","(Sw.) R.Br. ex Roem. & Schult.","PRIMULACEAE Myrsine coriacea (Sw.) R.Br. ex Roem. & Schult.","HDJF005210 HDJF00005210","splink","HDJF","Costa, T.R.","6","Native","2016","Machado, E.L.M.","2016","Prata","Ouro",,"Diamantina","Parque Nacional das Sempre-Vivas, região sul, Distrito de São João da Chapada."
"PARQUE NACIONAL SEMPRE-VIVAS","Angiosperms","Primulaceae","Myrsine","coriacea","(Sw.) R.Br. ex Roem. & Schult.","PRIMULACEAE Myrsine coriacea (Sw.) R.Br. ex Roem. & Schult.","HDJF00020740",,"HDJF","Costa, T.R.","6","Native","2016","Machado, E.L.M.","2016","Prata","Ouro",,"Diamantina","Parque Nacional das Sempre-Vivas, região sul, Distrito de São João da Chapada."
"PARQUE NACIONAL SEMPRE-VIVAS","Angiosperms","Primulaceae","Myrsine","coriacea","(Sw.) R.Br. ex Roem. & Schult.","PRIMULACEAE Myrsine coriacea (Sw.) R.Br. ex Roem. & Schult.","HDJF00020755",,"HDJF","Costa, T.R.","21","Native","2016","Machado, E.L.M.","2016","Prata","Ouro",,"Diamantina","Parque Nacional das Sempre-Vivas, região sul, Distrito de São João da Chapada."
"PARQUE NACIONAL SEMPRE-VIVAS","Angiosperms","Pteridaceae","Mineirella","goyazensis","(Taub.) Ponce & Scataglini","PTERIDACEAE Mineirella goyazensis (Taub.) Ponce & Scataglini","BHCB01122096",,"BHCB","Souza, V.C.","s.n.","Native","1994","Ponce, M.M.","2012","Bronze","Prata",,"Buenópolis","Curimataí. Cachoeira do Simão."
"PARQUE NACIONAL SEMPRE-VIVAS","Angiosperms","Pteridaceae","Mineirella","goyazensis","(Taub.) Ponce & Scataglini","PTERIDACEAE Mineirella goyazensis (Taub.) Ponce & Scataglini","UB0035194",,"UB","Mello-Silva, R.","624","Native","1992","Pellegrini, G.","1993","Bronze","Prata",,"Buenópolis","Curimataí. Local chamado Simão, as margens da cachoeira do Riachinho e arredores. Base da serra, com afloramentos de quartzito. Próximo a cachoeira."
"PARQUE NACIONAL SEMPRE-VIVAS","Angiosperms","Rapateaceae","Cephalostemon","riedelianus","Körn.","RAPATEACEAE Cephalostemon riedelianus Körn.","4955","splink","DIAM","Costa, F.N.","1580","Native","2014","Costa, F.N.","2014","Bronze","Ouro",,"Buenópolis","Buenópolis. Parque Nacional das Sempre-Vivas. Vargem Grande. 17°55'29,4""S, 43°54'23""W, Campo rupestre"
"PARQUE NACIONAL SEMPRE-VIVAS","Angiosperms","Rapateaceae","Cephalostemon","riedelianus","Körn.","RAPATEACEAE Cephalostemon riedelianus Körn.","5291","splink","DIAM","Costa, F.N.","1669","Native","2014","Costa, F.N.","2014","Bronze","Ouro",,"Olhos-d'Água","Brasil. Minas Gerais. Olhos D'Água. Parque Nacional das Sempre-Vivas. Fazenda Álamo. 17°38'07""S,43°45'19,7""W,1124 m alt. Campo Rupestre."
"PARQUE NACIONAL SEMPRE-VIVAS","Angiosperms","Rapateaceae","Cephalostemon","riedelianus","Körn.","RAPATEACEAE Cephalostemon riedelianus Körn.","5702","splink","DIAM","Machado, F.A.","10","Native","2014","Enchternacht, L.","2014","Bronze","Ouro",,"Olhos-d'Água","Brasil. Minas Gerais. Olhos D'Água: Parque Nacional das Sempre-Vivas. Fazenda dos Álamos, cabeceira do córrego dos Confins. Coordenadas (WGS84): 17°37'59""S; 43°45'07""W Alt. 1044m."
"PARQUE NACIONAL SEMPRE-VIVAS","Angiosperms","Rapateaceae","Cephalostemon","riedelianus","Körn.","RAPATEACEAE Cephalostemon riedelianus Körn.","4435","splink","DIAM","Munhoz, C.B.R.","7108","Native","2010","Mello, T.R.B.","2020","Bronze","Ouro",,"Diamantina","Diamantina. Acesso por São João da Chapada. Vila Macacos. Parque Nacional das Sempre-Vivas. Afloramento de rocha em campo limpo úmido. 17°54'13""S; 43°47'32""W Alt: 1268m."
"PARQUE NACIONAL SEMPRE-VIVAS","Angiosperms","Rapateaceae","Cephalostemon","riedelianus","Körn.","RAPATEACEAE Cephalostemon riedelianus Körn.","4438","splink","DIAM","Munhoz, C.B.R.","7123","Native","2010","Mello, T.R.B.","2010","Bronze","Ouro",,"Diamantina","Diamantina. Acesso por São João da Chapada. Vila Macacos. Parque Nacional das Sempre-Vivas. Afloramento de rocha em campo limpo úmido. 17°54'13""S; 43°47'32""W Alt: 1268m."
"PARQUE NACIONAL SEMPRE-VIVAS","Angiosperms","Rubiaceae","Amaioua","guianensis","Aubl.","RUBIACEAE Amaioua guianensis Aubl.","HDJF00020745",,"HDJF","Costa, T.R.","11","Native","2016","Machado, E.L.M.","2016","Prata","Ouro",,"Diamantina","Parque Nacional das Sempre-Vivas, região norte, Município de Olhos Dágua."
"PARQUE NACIONAL SEMPRE-VIVAS","Angiosperms","Rubiaceae","Amaioua","intermedia","Mart. ex Schult. & Schult.f.","RUBIACEAE Amaioua intermedia Mart. ex Schult. & Schult.f.","HDJF00020770",,"HDJF","Costa, T.R.","35","Native","2016","Machado, E.L.M.","2016","Prata","Ouro",,"Diamantina","Parque Nacional das Sempre-Vivas, região norte, Município de Olhos Dágua."
"PARQUE NACIONAL SEMPRE-VIVAS","Angiosperms","Rubiaceae","Augusta","longifolia","(Spreng.) Rehder","RUBIACEAE Augusta longifolia (Spreng.) Rehder","K001136250","splink","K","Pirani, J.R.","5319","Native","2004",,,"Latão","Prata",,"Buenópolis","Curimataí, Simão, 1,8 km S da praça de Jatobá em Curimataí. Sopés da cadeia do Espinhaço na confluencia do riachinho com o rio Simão."
"PARQUE NACIONAL SEMPRE-VIVAS","Angiosperms","Rubiaceae","Borreria",,"G.Mey.","RUBIACEAE Borreria G.Mey.","201244","x","UEC","Carmo, J.A.M.","466","Native","2016",,,"Latão","Ouro",,,"Parque Nacional das Sempre-Vivas"
"PARQUE NACIONAL SEMPRE-VIVAS","Angiosperms","Rubiaceae","Cordiera","elliptica","(Cham.) Kuntze","RUBIACEAE Cordiera elliptica (Cham.) Kuntze","120922","splink","BHCB","Almeida, T.E.","1353","Native","2008","Sobral, M.","0-0-0","Prata","Ouro",,"Buenópolis","Parque Nacional das Sempre-Vivas, Caminho para a Serra do Mocó, passando pelo córrego do Mocó. Campos rupestres, Campos limpos, Campos sujos, Cerrado sentido restrito e Matas de galeria"
"PARQUE NACIONAL SEMPRE-VIVAS","Angiosperms","Rubiaceae","Declieuxia","aspalathoides","Müll.Arg.","RUBIACEAE Declieuxia aspalathoides Müll.Arg.","R010008601","x","R","Alves, R.J.V.","8678","Native","2011",,,"Latão","Ouro",,,"Serra do Espinhaço, Parque Nacional das Sempre-Vivas."
"PARQUE NACIONAL SEMPRE-VIVAS","Angiosperms","Rubiaceae","Declieuxia","deltoidea","Müll.Arg.","RUBIACEAE Declieuxia deltoidea Müll.Arg.","37604","x","HUEM","Pacifico, R.","429","Native","2020","Pacifico, R.","2022","Bronze","Ouro",,,"Curimataí, estrada do Curral de Pedra, Arredores do Parque Nacional das Sempre-Vivas"
"PARQUE NACIONAL SEMPRE-VIVAS","Angiosperms","Rubiaceae","Declieuxia",,"Kunth","RUBIACEAE Declieuxia Kunth","8589","splink","DIAM","Coser, T.S.","1012","Native","2018",,,"Latão","Ouro",,"Buenópolis","Buenópolis. Parque Nacional das Sempre-Vivas. Fazenda Lameirão"
"PARQUE NACIONAL SEMPRE-VIVAS","Angiosperms","Rubiaceae","Declieuxia",,"Kunth","RUBIACEAE Declieuxia Kunth","HUEFS00248797","x","HUEFS","Cardoso, D.","3911","Native","2016",,,"Latão","Ouro",,,"Parque Nacional das Sempre-Vivas, estrada para o alojamento."
"PARQUE NACIONAL SEMPRE-VIVAS","Angiosperms","Rubiaceae","Declieuxia",,"Kunth","RUBIACEAE Declieuxia Kunth","5976","splink","DIAM","Costa, F.N.","1803","Native","2016",,,"Latão","Ouro",,"Olhos-d'Água","Olhos D'Agua. Parque Nacional das Sempre-Vivas. Caminho do Telégrafo, trecho entre fazenda Álamo e Córrego da Água limpa. , 1144 m elev. Cerrado, com áreas de Carrasco"
"PARQUE NACIONAL SEMPRE-VIVAS","Angiosperms","Rubiaceae","Declieuxia",,"Kunth","RUBIACEAE Declieuxia Kunth","UEC174392","splink","UEC","Carmo, J.A.M.","288","Native","2015",,,"Latão","Ouro",,"Diamantina","Parque Nacional das Sempre-Vivas"
"PARQUE NACIONAL SEMPRE-VIVAS","Angiosperms","Rubiaceae","Declieuxia",,"Kunth","RUBIACEAE Declieuxia Kunth","SPF00097555",,"SPF","Sakuragui, C.M.","CFCR15326","Native","1994",,,"Latão","Prata","jbrj-public.s3-sa-east-1.amazonaws.com/fsi/server?type=image&source=DZI/spf/spf/0/9/75/55/spf00097555.dzi","Buenópolis","Curimataí"
"PARQUE NACIONAL SEMPRE-VIVAS","Angiosperms","Rubiaceae","Mitracarpus","pusillus","Steyerm.","RUBIACEAE Mitracarpus pusillus Steyerm.","UEC181446","splink","UEC","Carmo, J.A.M.","223","Native","2014","Carmo, J.A.M.","2016","Bronze","Ouro",,"Diamantina","Parque Nacional das Sempre-Vivas"
"PARQUE NACIONAL SEMPRE-VIVAS","Angiosperms","Rubiaceae","Mitracarpus","pusillus","Steyerm.","RUBIACEAE Mitracarpus pusillus Steyerm.","RB01379525","x","RB","Carmo, J.A.M.","282","Native","2015",,,"Latão","Ouro",,,"Parque Nacional das Sempre-Vivas"
"PARQUE NACIONAL SEMPRE-VIVAS","Angiosperms","Rubiaceae","Palicourea","marcgravii","A.St.-Hil.","RUBIACEAE Palicourea marcgravii A.St.-Hil.","UEC175021","splink","UEC","Carmo, J.A.M.","287","Native","2015","Torres-Leite, F.","2025","Bronze","Ouro",,"Diamantina","Parque Nacional das Sempre-Vivas"
"PARQUE NACIONAL SEMPRE-VIVAS","Angiosperms","Rubiaceae","Palicourea","rigida","Kunth","RUBIACEAE Palicourea rigida Kunth","UB0052415",,"UB","Silva, S.R.","1676","Native","2019","Figueira, M.","2022","Bronze","Ouro",,"Diamantina","Parque Nacional das Sempre-Vivas"
"PARQUE NACIONAL SEMPRE-VIVAS","Angiosperms","Rubiaceae","Palicourea","rigida","Kunth","RUBIACEAE Palicourea rigida Kunth","UB0052415","splink","UB","Silva, S.R.","1676","Native","2019","Figueira, M.","2022","Bronze","Ouro",,"Diamantina","Parque Nacional das Sempre-Vivas"
"PARQUE NACIONAL SEMPRE-VIVAS","Angiosperms","Rubiaceae","Palicourea","rigida","Kunth","RUBIACEAE Palicourea rigida Kunth","8751","splink","DIAM","Coser, T.S.","1062","Native","2018","Coser, T.S.",,"Bronze","Ouro",,"Buenópolis","Buenópolis. Parque Nacional das Sempre-Vivas. Fazenda Lameirão"
"PARQUE NACIONAL SEMPRE-VIVAS","Angiosperms","Rubiaceae","Palicourea","rigida","Kunth","RUBIACEAE Palicourea rigida Kunth","5717","splink","DIAM","Machado, F.A.","7","Native","2014","Echternacht, L.","2014","Bronze","Ouro",,"Olhos-d'Água","Olhos d'Água: Parque Nacional das Sempre-vivas. Fazenda Álamos. Coordenadas (WGS84):"
"PARQUE NACIONAL SEMPRE-VIVAS","Angiosperms","Rubiaceae","Posoqueria","latifolia","(Rudge) Schult.","RUBIACEAE Posoqueria latifolia (Rudge) Schult.","HDJF00020739",,"HDJF","Costa, T.R.","5","Native","2016","Machado, E.L.M.","2016","Prata","Ouro",,"Diamantina","Parque Nacional das Sempre-Vivas, região sul, Distrito de São João da Chapada."
"PARQUE NACIONAL SEMPRE-VIVAS","Angiosperms","Rubiaceae","Psychotria",,"L.","RUBIACEAE Psychotria L.","8481","splink","DIAM","Coser, T.S.","1072","Native","2018",,,"Latão","Ouro",,"Buenópolis","Buenópolis. Parque Nacional das Sempre-Vivas. Fazenda Lameirão"
"PARQUE NACIONAL SEMPRE-VIVAS","Angiosperms","Rubiaceae","Psyllocarpus","asparagoides","Mart. ex Mart. & Zucc.","RUBIACEAE Psyllocarpus asparagoides Mart. ex Mart. & Zucc.","SPFR019588","splink","SPFR","Dutra, L.L.","220","Native","2018","Dutra, L.L.","2018","Bronze","Ouro",,"Buenópolis","Parque Nacional das Sempre-Vivas"
"PARQUE NACIONAL SEMPRE-VIVAS","Angiosperms","Rubiaceae","Psyllocarpus","asparagoides","Mart. ex Mart. & Zucc.","RUBIACEAE Psyllocarpus asparagoides Mart. ex Mart. & Zucc.","UEC181391","splink","UEC","Carmo, J.A.M.","285","Native","2015","Carmo, J.A.M.","2015","Bronze","Ouro",,"Diamantina","Parque Nacional das Sempre-Vivas"
"PARQUE NACIONAL SEMPRE-VIVAS","Angiosperms","Rubiaceae","Psyllocarpus","asparagoides","Mart. ex Mart. & Zucc.","RUBIACEAE Psyllocarpus asparagoides Mart. ex Mart. & Zucc.","UEC181390","splink","UEC","Carmo, J.A.M.","290","Native","2015","Carmo, J.A.M.","2015","Bronze","Ouro",,"Diamantina","Parque Nacional das Sempre-Vivas"
"PARQUE NACIONAL SEMPRE-VIVAS","Angiosperms","Rubiaceae","Psyllocarpus","asparagoides","Mart. ex Mart. & Zucc.","RUBIACEAE Psyllocarpus asparagoides Mart. ex Mart. & Zucc.","UEC181392","splink","UEC","Carmo, J.A.M.","284","Native","2015","Carmo, J.A.M.","2015","Bronze","Ouro",,"Diamantina","Parque Nacional das Sempre-Vivas"
"PARQUE NACIONAL SEMPRE-VIVAS","Angiosperms","Rubiaceae","Psyllocarpus","asparagoides","Mart. ex Mart. & Zucc.","RUBIACEAE Psyllocarpus asparagoides Mart. ex Mart. & Zucc.","UEC181385","splink","UEC","Carmo, J.A.M.","224","Native","2014","Carmo, J.A.M.","2014","Bronze","Ouro",,"Diamantina","Parque Nacional das Sempre-Vivas"
"PARQUE NACIONAL SEMPRE-VIVAS","Angiosperms","Rubiaceae","Psyllocarpus","laricoides","Mart. ex Mart. & Zucc.","RUBIACEAE Psyllocarpus laricoides Mart. ex Mart. & Zucc.","UEC181379","splink","UEC","Carmo, J.A.M.","292","Native","2015","Carmo, J.A.M.","2020","Bronze","Ouro",,"Diamantina","Parque Nacional das Sempre-Vivas"
"PARQUE NACIONAL SEMPRE-VIVAS","Angiosperms","Rubiaceae","Psyllocarpus","laricoides","Mart. ex Mart. & Zucc.","RUBIACEAE Psyllocarpus laricoides Mart. ex Mart. & Zucc.","UEC181378","splink","UEC","Carmo, J.A.M.","283","Native","2015","Carmo, J.A.M.","2020","Bronze","Ouro",,"Diamantina","Parque Nacional das Sempre-Vivas"
"PARQUE NACIONAL SEMPRE-VIVAS","Angiosperms","Rubiaceae","Psyllocarpus","laricoides","Mart. ex Mart. & Zucc.","RUBIACEAE Psyllocarpus laricoides Mart. ex Mart. & Zucc.","UEC181400","splink","UEC","Carmo, J.A.M.","289","Native","2015","Carmo, J.A.M.","2015","Bronze","Ouro",,"Diamantina","Parque Nacional das Sempre-Vivas"
"PARQUE NACIONAL SEMPRE-VIVAS","Angiosperms","Rubiaceae","Psyllocarpus","laricoides","Mart. ex Mart. & Zucc.","RUBIACEAE Psyllocarpus laricoides Mart. ex Mart. & Zucc.","UEC181380","splink","UEC","Carmo, J.A.M.","219","Native","2014","Carmo, J.A.M.","2020","Bronze","Ouro",,"Diamantina","Parque Nacional das Sempre-Vivas"
"PARQUE NACIONAL SEMPRE-VIVAS","Angiosperms","Rubiaceae","Psyllocarpus","laricoides","Mart. ex Mart. & Zucc.","RUBIACEAE Psyllocarpus laricoides Mart. ex Mart. & Zucc.","UEC188678","splink","UEC","Carmo, J.A.M.","218","Native","2014","Carmo, J.A.M.","2020","Bronze","Ouro",,"Diamantina","Parque Nacional das Sempre-Vivas."
"PARQUE NACIONAL SEMPRE-VIVAS","Angiosperms","Rubiaceae","Psyllocarpus",,"Mart. ex Mart. & Zucc.","RUBIACEAE Psyllocarpus Mart. ex Mart. & Zucc.","UEC181591","splink","UEC","Carmo, J.A.M.","459","Native","2016",,,"Latão","Ouro",,"Diamantina","Parque Nacional das Sempre-Vivas"
"PARQUE NACIONAL SEMPRE-VIVAS","Angiosperms","Rubiaceae","Psyllocarpus",,"Mart. ex Mart. & Zucc.","RUBIACEAE Psyllocarpus Mart. ex Mart. & Zucc.","SPF00097558",,"SPF","Sakuragui, C.M.","CFCR15324","Native","1994",,,"Latão","Prata","jbrj-public.s3-sa-east-1.amazonaws.com/fsi/server?type=image&source=DZI/spf/spf/0/9/75/58/spf00097558.dzi","Buenópolis","Curimataí, Cachoeira do Simão. Arredor do rio."
"PARQUE NACIONAL SEMPRE-VIVAS","Angiosperms","Rubiaceae","Remijia","ferruginea","(A.St.-Hil.) DC.","RUBIACEAE Remijia ferruginea (A.St.-Hil.) DC.","UEC181368","splink","UEC","Carmo, J.A.M.","222","Native","2014","Carmo, J.A.M.","2016","Bronze","Ouro",,"Diamantina","Parque Nacional das Sempre-Vivas"
"PARQUE NACIONAL SEMPRE-VIVAS","Angiosperms","Rubiaceae",,,"Juss.","RUBIACEAE Rubiaceae Juss.","8686","splink","DIAM","Coser, T.S.","830","Native",,,,"Latão","Ouro",,,"Parque Nacional das Sempre-Vivas. Fazenda Lameirão"
"PARQUE NACIONAL SEMPRE-VIVAS","Angiosperms","Rubiaceae",,,"Juss.","RUBIACEAE Rubiaceae Juss.","11016","splink","DIAM","Costa, F.N.","2117","Native","2018",,,"Latão","Ouro",,"Diamantina","Diamantina. Parque Nacional das Sempre-Vivas. Porção sul do Parque na estrada para o alojamento, no ""apertado de serra"". 17°57'25,8""S, 43°47'0,1""W, 1180 m alt. Campo rupestre. Solo arenoso quartzítico."
"PARQUE NACIONAL SEMPRE-VIVAS","Angiosperms","Rubiaceae",,,"Juss.","RUBIACEAE Rubiaceae Juss.","8718","splink","DIAM","Coser, T.S.","912","Native","2018",,,"Latão","Ouro",,"Buenópolis","Buenópolis. Parque Nacional das Sempre-Vivas. Fazenda Lameirão"
"PARQUE NACIONAL SEMPRE-VIVAS","Angiosperms","Rubiaceae",,,"Juss.","RUBIACEAE Rubiaceae Juss.","8927","splink","DIAM","Coser, T.S.","982","Native","2018",,,"Latão","Ouro",,"Buenópolis","Buenópolis. Parque Nacional da Sempre-Vivas. Fazenda Lameirão"
"PARQUE NACIONAL SEMPRE-VIVAS","Angiosperms","Rubiaceae",,,"Juss.","RUBIACEAE Rubiaceae Juss.","9892","splink","DIAM","Ramos, R.","415","Native","2016",,,"Latão","Ouro",,"Olhos-d'Água","Olhos D'Agua. Parque Nacional das Sempre-Vivas, região Água da Estaca ou Córrego Meia Pataca. 17°42'06,9""S; 43°42'17,4""O"
"PARQUE NACIONAL SEMPRE-VIVAS","Angiosperms","Rutaceae","Helietta","glaziovii","(Engl.) Pirani","RUTACEAE Helietta glaziovii (Engl.) Pirani","3469979","x","MO","Pirani, J.R.","5325","Native","2004",,,"Ouro","Prata",,"Buenópolis","Mun. Buenópolis, Curimataí, Simão, 1,8 km S da praça de Jatobá em Curimataí. Sopés da Cadeia do Espinhaço, na confluência do Riachinho com o Rio Simão."
"PARQUE NACIONAL SEMPRE-VIVAS","Angiosperms","Sapindaceae","Matayba","marginata","Radlk.","SAPINDACEAE Matayba marginata Radlk.","8749","splink","DIAM","Coser, T.S.","1059","Native","2018","Coser, T.S.",,"Bronze","Ouro",,"Buenópolis","Buenópolis. Parque Nacional das Sempre-Vivas. Fazenda Lameirão"
"PARQUE NACIONAL SEMPRE-VIVAS","Angiosperms","Smilacaceae","Smilax",,"L.","SMILACACEAE Smilax L.","8829","splink","DIAM","Coser, T.S.","1135","Native","2018",,,"Latão","Ouro",,"Buenópolis","Buenópolis. Parque Nacional das Sempre-Vivas. Fazenda Lameirão"
"PARQUE NACIONAL SEMPRE-VIVAS",,"Solanaceae","Brunfelsia","rupestris","Plowman","SOLANACEAE Brunfelsia rupestris Plowman","UB0052410",,"UB","Silva, S.R.","1654",,"2019","Silva, S.R.","2022","Bronze","Ouro",,"Diamantina","Parque Nacional das Sempre-Vivas"
"PARQUE NACIONAL SEMPRE-VIVAS","Angiosperms","Solanaceae","Brunfelsia","rupestris","Plowman","SOLANACEAE Brunfelsia rupestris Plowman","UB0052410","splink","UB","Silva, S.R.","1654","Native","2019","Silva, S.R.","2022","Bronze","Ouro",,"Diamantina","Parque Nacional das Sempre-Vivas"
"PARQUE NACIONAL SEMPRE-VIVAS","Angiosperms","Solanaceae","Brunfelsia","rupestris","Plowman","SOLANACEAE Brunfelsia rupestris Plowman","CEN00121629","splink","CEN","Silva, S.R.","1654","Native","2019","Silva, S.R.","2022","Bronze","Ouro",,"Diamantina","Parque Nacional das Sempre-Vivas."
"PARQUE NACIONAL SEMPRE-VIVAS","Angiosperms","Solanaceae","Solanum",,"L.","SOLANACEAE Solanum L.","10126","splink","DIAM","Scatigna, A.V.","1066","Native","2016",,,"Latão","Ouro",,"Diamantina","Diamantina. Parque Nacional das Sempre-Vivas. Fazenda Gavião. Mata de Galeria degradada"
"PARQUE NACIONAL SEMPRE-VIVAS","Angiosperms","Turneraceae","Piriqueta","sidifolia","(Cambess.) Urb.","TURNERACEAE Piriqueta sidifolia (Cambess.) Urb.","UB1196033","splink","UB","Mello-Silva, R.","614","Native","1992","Arbo, M.M.","1993","Ouro","Prata",,"Buenópolis","Curimataí. Local chamado Simão, s margens da cachoeira do Riachinho e arredores."
"PARQUE NACIONAL SEMPRE-VIVAS","Angiosperms","Turneraceae","Piriqueta","sidifolia","Urb.","TURNERACEAE Piriqueta sidifolia var. multiflora Urb.","MBM140402",,"MBM","Arbo, M.M.","4525","Native","0","Arbo, M.M.",,"Ouro","Prata","jbrj-public.s3.amazonaws.com/fsi/server?type=image&source=DZI/mbm/mbm/0/14/4/2/mbm00140402.dzi","Buenópolis","Curimataí, 40km E da Rod. BR-135"
"PARQUE NACIONAL SEMPRE-VIVAS","Angiosperms","Turneraceae","Piriqueta","sidifolia","Urb.","TURNERACEAE Piriqueta sidifolia var. multiflora Urb.","MBM258737","splink","MBM","Hatschbach, G.","72219","Native",,"Arbo, M.M.",,"Ouro","Prata",,"Buenópolis","Curimataí, arredores."
"PARQUE NACIONAL SEMPRE-VIVAS","Angiosperms","Turneraceae","Piriqueta","sidifolia","Urb.","TURNERACEAE Piriqueta sidifolia var. multiflora Urb.","SPF00077667",,"SPF","Mello-Silva, R.","614","Native","1992","Rocha, L.","2012","Bronze","Prata","jbrj-public.s3-sa-east-1.amazonaws.com/fsi/server?type=image&source=DZI/spf/spf/0/7/76/67/spf00077667.dzi","Buenópolis","Curimataí, lugar chamado Simão, às margens de cachoeira do Riachinho e arredores."
"PARQUE NACIONAL SEMPRE-VIVAS","Angiosperms","Turneraceae","Turnera","chamaedrifolia","Cambess.","TURNERACEAE Turnera chamaedrifolia Cambess.","MBM140411","splink","MBM","Arbo, M.M.","4521","Native",,"Arbo, M.M.",,"Ouro","Prata",,"Buenópolis","Curimataí."
"PARQUE NACIONAL SEMPRE-VIVAS","Angiosperms","Turneraceae","Turnera","chamaedrifolia","Cambess.","TURNERACEAE Turnera chamaedrifolia Cambess.","K001231577","splink","K","Arbo, M.M.","4521","Native","1990",,,"Ouro","Prata",,"Buenópolis","Curimatai, 40 km E de BR-135, entre Buenopolis y Joaquim Felicio."
"PARQUE NACIONAL SEMPRE-VIVAS","Angiosperms","Turneraceae","Turnera","chamaedrifolia","Cambess.","TURNERACEAE Turnera chamaedrifolia Cambess.","SPF00162798",,"SPF","Mello-Silva, R.","2530","Native","2004","Rocha, L.","2012","Bronze","Prata","jbrj-public.s3-sa-east-1.amazonaws.com/fsi/server?type=image&source=DZI/spf/spf/0/16/27/98/spf00162798.dzi","Buenópolis","Curimataí. Simão. 1,8 km ao sul da Praça do Jatobá, em Curimataí. Margens do Rio Simão, próximo a cachoeira em córrego que desagua no Rio Simão. Sopés da Cadeia do Espinhaço."
"PARQUE NACIONAL SEMPRE-VIVAS","Angiosperms","Turneraceae","Turnera","chamaedrifolia","Cambess.","TURNERACEAE Turnera chamaedrifolia Cambess.","SPF00097557",,"SPF","Sakuragui, C.M.","CFCR15325","Native","1994","Rocha, L.","2012","Bronze","Prata","jbrj-public.s3-sa-east-1.amazonaws.com/fsi/server?type=image&source=DZI/spf/spf/0/9/75/57/spf00097557.dzi","Buenópolis","Curimataí. Cachoeira do Simão. Arredores do rio."
"PARQUE NACIONAL SEMPRE-VIVAS","Angiosperms","Turneraceae","Turnera","dichotoma","Gardner","TURNERACEAE Turnera dichotoma Gardner","BHCB205786","splink","BHCB","Junqueira, P.A.","278","Native","2019","Meyer, P.B.","2020","Bronze","Ouro",,"Diamantina","Parque Nacional das Sempre-Vivas"
"PARQUE NACIONAL SEMPRE-VIVAS","Angiosperms","Turneraceae","Turnera","opifera","Mart.","TURNERACEAE Turnera opifera Mart.","BHCB004040","splink","BHCB","Almeida, T.E.","886","Native","2007","Rocha, L.","2013","Bronze","Ouro",,"Bocaiúva","Parque Nacional das Sempre-Vivas, Caminho entre Campos de São Domingos e a Serra do Landi, passando pelo Córrego do Landi. Campos Limpos, capão de mata, campos rupestres e campos sujos."
"PARQUE NACIONAL SEMPRE-VIVAS","Angiosperms","Urticaceae","Cecropia","pachystachya","Trécul","URTICACEAE Cecropia pachystachya Trécul","HDJF00020762",,"HDJF","Costa, T.R.","28","Native","2016","Machado, E.L.M.","2016","Prata","Ouro",,"Diamantina","Parque Nacional das Sempre-Vivas, região sul, Distrito de São João da Chapada."
"PARQUE NACIONAL SEMPRE-VIVAS","Angiosperms","Velloziaceae","Barbacenia","ensifolia","Mart. ex Schult. & Schult.f.","VELLOZIACEAE Barbacenia ensifolia Mart. ex Schult. & Schult.f.","BHCB204919","splink","BHCB","Brina, A.E.","s.n.","Native","2019","Ferreira Junior, C.A.","2020","Bronze","Ouro",,"Diamantina","Parque Nacional das Sempre-Vivas"
"PARQUE NACIONAL SEMPRE-VIVAS","Angiosperms","Velloziaceae","Barbacenia","filamentifera","L.B.Sm. & Ayensu","VELLOZIACEAE Barbacenia filamentifera L.B.Sm. & Ayensu","UB0052412",,"UB","Silva, S.R.","1696","Native","2021","Jr, C.A.F.","2021","Bronze","Ouro",,"Diamantina","Parque Nacional das Sempre-Vivas"
"PARQUE NACIONAL SEMPRE-VIVAS","Angiosperms","Velloziaceae","Barbacenia","filamentifera","L.B.Sm. & Ayensu","VELLOZIACEAE Barbacenia filamentifera L.B.Sm. & Ayensu","UB0052412","splink","UB","Silva, S.R.","1696","Native","2021","Jr, C.A.F.","2021","Bronze","Ouro",,"Diamantina","Parque Nacional das Sempre-Vivas"
"PARQUE NACIONAL SEMPRE-VIVAS","Angiosperms","Velloziaceae","Barbacenia","filamentifera","L.B.Sm. & Ayensu","VELLOZIACEAE Barbacenia filamentifera L.B.Sm. & Ayensu","BHCB018657","splink","BHCB","Almeida, T.E.","841","Native","2007","Alcantara, S.","2014","Bronze","Ouro",,"Bocaiúva","Parque Nacional das Sempre-Vivas, Caminho entre Campos capão de mata; campos rupestres e campos sujos."
"PARQUE NACIONAL SEMPRE-VIVAS","Angiosperms","Velloziaceae","Barbacenia",,"Vand.","VELLOZIACEAE Barbacenia Vand.","9518","splink","DIAM","Costa, F.N.","2146","Native","2018",,,"Latão","Ouro",,"Buenópolis","Buenópolis. Parque Nacional das Sempre-Vivas. Campos São Domingos.. 1293msm. Campo Rupestre"
"PARQUE NACIONAL SEMPRE-VIVAS","Angiosperms","Velloziaceae","Barbacenia",,"Vand.","VELLOZIACEAE Barbacenia Vand.","9533","splink","DIAM","Costa, F.N.","2156","Native","2018",,,"Latão","Ouro",,"Buenópolis","Buenópolis. Parque Nacional das Sempre-Vivas. Serra do Urubu. , 1319 msm. Campo Rupestre"
"PARQUE NACIONAL SEMPRE-VIVAS","Angiosperms","Velloziaceae","Barbacenia",,"Vand.","VELLOZIACEAE Barbacenia Vand.","221641","x","SPF","Cota, M.M.T.","760","Native","2014",,,"Latão","Ouro",,,"Parque Nacional das Sempre-Vivas, Entrada do distrito de Macacos; trilha próximo ao rio Jequitaí; na divisa com a cidade de Bocaiúva."
"PARQUE NACIONAL SEMPRE-VIVAS","Angiosperms","Velloziaceae","Barbacenia",,"Vand.","VELLOZIACEAE Barbacenia Vand.","221643","x","SPF","Cota, M.M.T.","784","Native","2014",,,"Latão","Ouro",,,"Parque Nacional das Sempre-Vivas, Entrada do distrito de Macacos; trilha próxima ao rio Jequitaí; na divisa com a cidade de Bocaiúva."
"PARQUE NACIONAL SEMPRE-VIVAS","Angiosperms","Velloziaceae","Barbacenia",,"Vand.","VELLOZIACEAE Barbacenia Vand.","SPF00233279","splink","SPF","Gonella, P.M.","743","Native","2014",,,"Latão","Ouro",,"Olhos-d'Água","Parque Nacional das Sempre-Vivas, Estrada em direção ao norte do parque."
"PARQUE NACIONAL SEMPRE-VIVAS","Angiosperms","Velloziaceae","Barbacenia","vandellii","Pohl ex Seub.","VELLOZIACEAE Barbacenia vandellii Pohl ex Seub.","8617","splink","DIAM","Coser, T.S.","1036","Native","2018","Costa, F.N.","2023","Bronze","Ouro",,"Buenópolis","Buenópolis. Parque Nacional das Sempre-Vivas. Fazenda Lameirão"
"PARQUE NACIONAL SEMPRE-VIVAS","Angiosperms","Velloziaceae","Vellozia","abietina","Mart.","VELLOZIACEAE Vellozia abietina Mart.","UB0052417","splink","UB","Silva, S.R.","1675","Native","2019","Jr, C.A.F.","2022","Bronze","Ouro",,"Diamantina","Parque Nacional das Sempre-Vivas"
"PARQUE NACIONAL SEMPRE-VIVAS","Angiosperms","Velloziaceae","Vellozia","albiflora","Pohl","VELLOZIACEAE Vellozia albiflora Pohl","UB0052408",,"UB","Silva, S.R.","1693","Native","2021","Jr, C.A.F.","2022","Bronze","Ouro",,"Diamantina","Parque Nacional das Sempre-Vivas"
"PARQUE NACIONAL SEMPRE-VIVAS","Angiosperms","Velloziaceae","Vellozia","albiflora","Pohl","VELLOZIACEAE Vellozia albiflora Pohl","UB0052408","splink","UB","Silva, S.R.","1693","Native","2021","Jr, C.A.F.","2022","Bronze","Ouro",,"Diamantina","Parque Nacional das Sempre-Vivas"
"PARQUE NACIONAL SEMPRE-VIVAS","Angiosperms","Velloziaceae","Vellozia","albiflora","Pohl","VELLOZIACEAE Vellozia albiflora Pohl","UB0052428",,"UB","Silva, S.R.","1658","Native","2019","Jr, C.A.F.","2022","Bronze","Ouro",,"Diamantina","Parque Nacional das Sempre-Vivas. Local de coleta próximo da estrada"
"PARQUE NACIONAL SEMPRE-VIVAS","Angiosperms","Velloziaceae","Vellozia","albiflora","Pohl","VELLOZIACEAE Vellozia albiflora Pohl","CEN00121632","splink","CEN","Silva, S.R.","1658","Native","2019","Ferreira Junior, C.A.","2022","Bronze","Ouro",,"Diamantina","Parque Nacional das Sempre-Vivas."
"PARQUE NACIONAL SEMPRE-VIVAS","Angiosperms","Velloziaceae","Vellozia","albiflora","Pohl","VELLOZIACEAE Vellozia albiflora Pohl","UB0052428","splink","UB","Silva, S.R.","1658","Native","2019","Jr, C.A.F.","2022","Bronze","Ouro",,"Diamantina","Parque Nacional das Sempre-Vivas. Local de coleta próximo da estrada"
"PARQUE NACIONAL SEMPRE-VIVAS","Angiosperms","Velloziaceae","Vellozia","compacta","Mart. ex Schult. & Schult.f.","VELLOZIACEAE Vellozia compacta Mart. ex Schult. & Schult.f.","5292","splink","DIAM","Costa, F.N.","1667","Native","2014","Ferreira Junior, C.A.","2014","Bronze","Ouro",,"Olhos-d'Água","Olhos D'Agua. Parque Nacional das Sempre-Vivas. Fazenda Álamo. 17°38'07''S, 43°45'19,7''W, Campo Rupestre"
"PARQUE NACIONAL SEMPRE-VIVAS","Angiosperms","Velloziaceae","Vellozia","cryptantha","Seub.","VELLOZIACEAE Vellozia cryptantha Seub.","CEN00121664","splink","CEN","Silva, S.R.","1691","Native","2021","Ferreira Junior, C.A.","2022","Bronze","Ouro",,"Diamantina","Parque Nacional das Sempre-Vivas."
"PARQUE NACIONAL SEMPRE-VIVAS","Angiosperms","Velloziaceae","Vellozia","cryptantha","Seub.","VELLOZIACEAE Vellozia cryptantha Seub.","UB0052407",,"UB","Silva, S.R.","1691","Native","2021","Jr, C.A.F.","2022","Bronze","Ouro",,"Diamantina","Parque Nacional das Sempre-Vivas"
"PARQUE NACIONAL SEMPRE-VIVAS","Angiosperms","Velloziaceae","Vellozia","cryptantha","Seub.","VELLOZIACEAE Vellozia cryptantha Seub.","UB0052407","splink","UB","Silva, S.R.","1691","Native","2021","Jr, C.A.F.","2022","Bronze","Ouro",,"Diamantina","Parque Nacional das Sempre-Vivas"
"PARQUE NACIONAL SEMPRE-VIVAS","Angiosperms","Velloziaceae","Vellozia","cryptantha","Seub.","VELLOZIACEAE Vellozia cryptantha Seub.","CEN00121634","splink","CEN","Silva, S.R.","1660","Native","2019","Manete, H.","2022","Bronze","Ouro",,"Diamantina","Parque Nacional das Sempre-Vivas."
"PARQUE NACIONAL SEMPRE-VIVAS","Angiosperms","Velloziaceae","Vellozia","epidendroides","Mart. ex Schult. & Schult.f.","VELLOZIACEAE Vellozia epidendroides Mart. ex Schult. & Schult.f.","BHCB204929","splink","BHCB","Brina, A.E.","s.n.","Native","2019","Ferreira Junior, C.A.","2020","Bronze","Ouro",,"Diamantina","Parque Nacional das Sempre-Vivas"
"PARQUE NACIONAL SEMPRE-VIVAS","Angiosperms","Velloziaceae","Vellozia","epidendroides","Mart. ex Schult. & Schult.f.","VELLOZIACEAE Vellozia epidendroides Mart. ex Schult. & Schult.f.","IBGE00077077","x","IBGE","Munhoz, C.B.R.","7085","Native","2010","Fonseca, M.L.","2022","Bronze","Ouro",,,"Acesso por São João da Chapada, Vila Macacos. Parque Nacional das Sempre-Vivas."
"PARQUE NACIONAL SEMPRE-VIVAS","Angiosperms","Velloziaceae","Vellozia","minima","Pohl","VELLOZIACEAE Vellozia minima Pohl","BOTU036974","splink","BOTU","Monteiro, T.C.C.P.","831","Native","2022","Monteiro, T.C.",,"Bronze","Ouro",,"Buenópolis","Distrito de Curimataí, Parque Nacional das Sempre-Vivas, trilha para a sede do parque partindo de Curimataí, passando pelo curral"
"PARQUE NACIONAL SEMPRE-VIVAS","Angiosperms","Velloziaceae","Vellozia","minima","Pohl","VELLOZIACEAE Vellozia minima Pohl","UB0052424",,"UB","Silva, S.R.","1666","Native","2019","Jr, C.A.F.","2021","Bronze","Ouro",,"Diamantina","Parque Nacional das Sempre-Vivas"
"PARQUE NACIONAL SEMPRE-VIVAS","Angiosperms","Velloziaceae","Vellozia","minima","Pohl","VELLOZIACEAE Vellozia minima Pohl","220421","x","UB","Silva, S.R.","1666","Native","2019","Jr, C.A.F.","2021","Bronze","Ouro",,,"Parque Nacional das Sempre-Vivas"
"PARQUE NACIONAL SEMPRE-VIVAS","Angiosperms","Velloziaceae","Vellozia","minima","Pohl","VELLOZIACEAE Vellozia minima Pohl","8607","splink","DIAM","Coser, T.S.","965","Native","2018","Magri, R.A.","2023","Bronze","Ouro",,"Buenópolis","Buenópolis. Parque Nacional das Sempre-Vivas. Fazenda Lameirão"
"PARQUE NACIONAL SEMPRE-VIVAS","Angiosperms","Velloziaceae","Vellozia","patens","L.B.Sm. & Ayensu","VELLOZIACEAE Vellozia patens L.B.Sm. & Ayensu","UB0052406",,"UB","Silva, S.R.","1692","Native","2021","Jr, C.A.F.","2022","Bronze","Ouro",,"Diamantina","Parque Nacional das Sempre-Vivas"
"PARQUE NACIONAL SEMPRE-VIVAS","Angiosperms","Velloziaceae","Vellozia","patens","L.B.Sm. & Ayensu","VELLOZIACEAE Vellozia patens L.B.Sm. & Ayensu","UB0052406","splink","UB","Silva, S.R.","1692","Native","2021","Jr, C.A.F.","2022","Bronze","Ouro",,"Diamantina","Parque Nacional das Sempre-Vivas"
"PARQUE NACIONAL SEMPRE-VIVAS","Angiosperms","Velloziaceae","Vellozia","tillandsioides","Mello-Silva","VELLOZIACEAE Vellozia tillandsioides Mello-Silva","US01329012",,"US","Mello-Silva, R.","283","Native","1990",,"2016","Ouro","Prata","jbrj-public.s3-sa-east-1.amazonaws.com/fsi/server?type=image&source=DZI/us/us/1/32/90/12/us01329012.dzi","Buenópolis","Curimataí. Local chamado Simão, ao longo do Riachinho"
"PARQUE NACIONAL SEMPRE-VIVAS","Angiosperms","Velloziaceae","Vellozia","tillandsioides","Mello-Silva","VELLOZIACEAE Vellozia tillandsioides Mello-Silva","MBM201202","splink","MBM","Mello-Silva, R.","605","Native","1992",,,"Ouro","Prata",,"Buenópolis","Curimataí, Lugar llamado Simão, a orillas de la cachoeira del riacho y alrededores."
"PARQUE NACIONAL SEMPRE-VIVAS","Angiosperms","Velloziaceae","Vellozia","tillandsioides","Mello-Silva","VELLOZIACEAE Vellozia tillandsioides Mello-Silva","SP003934","splink","SP","Mello-Silva, R.","283","Native","1990","Mello-Silva, R.","1996","Ouro","Prata",,"Buenópolis","Curimataí. Simão, ao longo do Riachinho"
"PARQUE NACIONAL SEMPRE-VIVAS","Angiosperms","Velloziaceae","Vellozia",,"Vand.","VELLOZIACEAE Vellozia Vand.","R010008604","x","R","Alves, R.J.V.","8675","Native","2011",,,"Ouro","Ouro",,,"Serra do Espinhaço, Parque Nacional das Sempre-Vivas."
"PARQUE NACIONAL SEMPRE-VIVAS","Angiosperms","Velloziaceae","Vellozia",,"Vand.","VELLOZIACEAE Vellozia Vand.","10892","splink","DIAM","Costa, F.N.","2242","Native","2022",,,"Latão","Ouro",,"Diamantina","Diamantina. Parque Nacional das Sempre-Vivas. Área do experimento do projeto PrevFogo/CNPq, de propriedade do Samuel. 17°55'46,3""S, 43°48'29,6""W, 1205 msm. Campo rupestre. Solo arenoso quartzítico."
"PARQUE NACIONAL SEMPRE-VIVAS","Angiosperms","Velloziaceae","Vellozia",,"Vand.","VELLOZIACEAE Vellozia Vand.","10772","splink","DIAM","Costa, F.N.","2243","Native","2022",,,"Latão","Ouro",,"Diamantina","Diamantina. Parque Nacional das Sempre-Vivas. Área do experimento do Projeto PrevFogo/CNPq, de propriedade do Samuel. 17°55'46,3""S; 43°48'29,6""W, 1205msm. Campo Rupestre. Solo arenoso quartzítico"
"PARQUE NACIONAL SEMPRE-VIVAS","Angiosperms","Velloziaceae","Vellozia",,"Vand.","VELLOZIACEAE Vellozia Vand.","10891","splink","DIAM","Costa, F.N.","2100","Native","2018",,,"Latão","Ouro",,"Diamantina","Diamantina. Parque Nacional das Sempre-Vivas. Fazenda do Gavião. Regiãos dos Filipe. 17°54'24.9""S, 43°42'22.8""W, 1103 msm. Campo rupestre com afloramentos rochosos."
"PARQUE NACIONAL SEMPRE-VIVAS","Angiosperms","Velloziaceae","Vellozia",,"Vand.","VELLOZIACEAE Vellozia Vand.","10896","splink","DIAM","Costa, F.N.","2098","Native","2018",,,"Latão","Ouro",,"Diamantina","Diamantina. Parque Nacional das Sempre-Vivas. Fazenda do Gavião. Região dos Filipe. 17°54'25.9""S, 43°42'14.1""W, 1102 msm. Campo rupestre com afloramentos rochosos."
"PARQUE NACIONAL SEMPRE-VIVAS","Angiosperms","Velloziaceae","Vellozia","variabilis","Mart. ex Schult. & Schult.f.","VELLOZIACEAE Vellozia variabilis Mart. ex Schult. & Schult.f.","BHCB204949","splink","BHCB","Junqueira, P.A.","301","Native","2019","Meyer, P.B.","2020","Bronze","Ouro",,"Bocaiúva","Parque Nacional das Sempre-Vivas"
"PARQUE NACIONAL SEMPRE-VIVAS","Angiosperms","Velloziaceae","Vellozia","variabilis","Mart. ex Schult. & Schult.f.","VELLOZIACEAE Vellozia variabilis Mart. ex Schult. & Schult.f.","9516","splink","DIAM","Costa, F.N.","2144","Native","2018","Costa, F.N.","2023","Bronze","Ouro",,"Buenópolis","Buenópolis. Parque Nacional das Sempre-Vivas. Campos São Domingos.. 1293msm. Campo Rupestre"
"PARQUE NACIONAL SEMPRE-VIVAS","Angiosperms","Verbenaceae","Lippia","hederifolia","Mart. & Schauer","VERBENACEAE Lippia hederifolia Mart. & Schauer","37606","x","HUEM","Pacifico, R.","431","Native","2020","Pacifico, R.","2022","Bronze","Ouro",,,"Curimataí, estrada do Curral de Pedra, Arredores do Parque Nacional das Sempre-Vivas"
"PARQUE NACIONAL SEMPRE-VIVAS","Angiosperms","Verbenaceae","Lippia",,"L.","VERBENACEAE Lippia L.","8714","splink","DIAM","Coser, T.S.","905","Native","2018",,,"Latão","Ouro",,"Buenópolis","Buenópolis. Parque Nacional das Sempre-Vivas. Fazenda Lameirão"
"PARQUE NACIONAL SEMPRE-VIVAS","Angiosperms","Verbenaceae","Lippia",,"L.","VERBENACEAE Lippia L.","9933","splink","DIAM","Ramos, R.","431","Native","2016",,,"Latão","Ouro",,"Olhos-d'Água","Olhos D'Água. Parque Nacional das Sempre-Vivas. 17°43'28,86""S; 43°41'48,35""O. Cerrado em latossolo"
"PARQUE NACIONAL SEMPRE-VIVAS","Angiosperms","Verbenaceae","Lippia","lupulina","Cham.","VERBENACEAE Lippia lupulina Cham.","K004947848","splink","K","Hatschbach, G.","72233","Native","2001",,,"Latão","Prata",,"Buenópolis","Curimataí, arredores (Mun. Buenópolis) Minas Gerais"
"PARQUE NACIONAL SEMPRE-VIVAS","Angiosperms","Verbenaceae","Lippia","origanoides","Kunth","VERBENACEAE Lippia origanoides Kunth","CESJ060349","splink","CESJ","Melo, M.T.P.","s.n.","Native","2010","Salimena, F.R.G.","2012","Ouro","Prata",,"Buenópolis","Curimataí"
"PARQUE NACIONAL SEMPRE-VIVAS","Angiosperms","Verbenaceae","Lippia","pseudothea","(A.St.-Hil.) Schauer","VERBENACEAE Lippia pseudothea (A.St.-Hil.) Schauer","RB01601248","x","RB","Araujo-Silva, V.","609","Native","2025","Cardoso, P.H.","2025","Bronze","Ouro",,,"Curimataí. Estrada sentido Zé Lanza - Lamarão. a leste do alojamento dos brigadistas. Parque Nacional das Sempre-Vivas"
"PARQUE NACIONAL SEMPRE-VIVAS","Angiosperms","Verbenaceae","Lippia","pseudothea","(A.St.-Hil.) Schauer","VERBENACEAE Lippia pseudothea (A.St.-Hil.) Schauer","BHCB202252","splink","BHCB","Brina, A.E.","s.n.","Native","2019",,"0-0-0","Latão","Ouro",,"Diamantina","Parque Nacional das Sempre-Vivas"
"PARQUE NACIONAL SEMPRE-VIVAS","Angiosperms","Verbenaceae","Stachytarpheta","reticulata","Mart. ex Schauer","VERBENACEAE Stachytarpheta reticulata Mart. ex Schauer","RB01601252","x","RB","Araujo-Silva, V.","613","Native","2025","Cardoso, P.H.","2025","Bronze","Ouro",,,"Curimataí. Estrada sentido Zé Lanza - Lamarão. a leste do alojamento dos brigadistas. Parque Nacional das Sempre-Vivas"
"PARQUE NACIONAL SEMPRE-VIVAS","Angiosperms","Verbenaceae","Stachytarpheta","reticulata","Mart. ex Schauer","VERBENACEAE Stachytarpheta reticulata Mart. ex Schauer","RB01468974","x","RB","Pacifico, R.","428","Native","2020","Pacifico, R.","2022","Bronze","Ouro",,,"Curimataí, estrada do Curral de Pedra. Arredores do Parque Nacional das Sempre-Vivas."
"PARQUE NACIONAL SEMPRE-VIVAS","Angiosperms","Verbenaceae","Stachytarpheta","reticulata","Mart. ex Schauer","VERBENACEAE Stachytarpheta reticulata Mart. ex Schauer","37603","x","HUEM","Pacifico, R.","428","Native","2020","Pacifico, R.","2022","Bronze","Ouro",,,"Curimataí, estrada do Curral de Pedra, Arredores do Parque Nacional das Sempre-Vivas"
"PARQUE NACIONAL SEMPRE-VIVAS","Angiosperms","Verbenaceae","Stachytarpheta","reticulata","Mart. ex Schauer","VERBENACEAE Stachytarpheta reticulata Mart. ex Schauer","204935","x","BHCB","Brina, A.E.","s.n.","Native","2019","Meyer, P.B.",,"Bronze","Ouro",,,"Parque Nacional das Sempre-Vivas"
"PARQUE NACIONAL SEMPRE-VIVAS","Angiosperms","Verbenaceae",,,"J.St.-Hil.","VERBENACEAE Verbenaceae J.St.-Hil.","10539","splink","DIAM","Costa, F.N.","2021","Native","2017",,,"Latão","Ouro",,"Diamantina","Diamantina. Parque Nacional das Sempre-Vivas. Caminho para Serra do Galho. 17°57'25,9""S; 43°47'27,4""W; 1258msn. Cerrado"
"PARQUE NACIONAL SEMPRE-VIVAS","Angiosperms","Verbenaceae",,,"J.St.-Hil.","VERBENACEAE Verbenaceae J.St.-Hil.","BHCB068118","splink","BHCB","Almeida, T.E.","1414","Native","2008",,"0-0-0","Latão","Ouro",,"Diamantina","Parque Nacional das Sempre-Vivas, Região do rio e da Cachoeira Inhá-Cica. Campos limpos, Cerrados rupestre e Campos rupestres"
"PARQUE NACIONAL SEMPRE-VIVAS","Angiosperms","Vochysiaceae","Callisthene","major","Mart.","VOCHYSIACEAE Callisthene major Mart.","CESJ083038","splink","CESJ","Hatschbach, G.","79431","Native","2005","Shimizu, G.H.","2009","Ouro","Prata",,"Buenópolis","Curimataí"
"PARQUE NACIONAL SEMPRE-VIVAS","Angiosperms","Vochysiaceae","Callisthene","microphylla","Warm.","VOCHYSIACEAE Callisthene microphylla Warm.","BHCB049771","splink","BHCB","Almeida, T.E.","1421","Native","2008","Shimizu, G.H.","2019","Ouro","Ouro",,"Olhos-d'Água","Parque Nacional das Sempre-Vivas, Região do rio e da Cachoeira Inhá-Cica. Campos limpos, Cerrados rupestre e Campos rupestres"
"PARQUE NACIONAL SEMPRE-VIVAS","Angiosperms","Vochysiaceae","Qualea","cordata","Spreng.","VOCHYSIACEAE Qualea cordata Spreng.","36970","x","BOTU","Monteiro, T.C.C.P.","834","Native","2022","Monteiro, T.C.",,"Bronze","Ouro",,,"Distrito de Curimataí, Parque Nacional das Sempre-Vivas, próximo a uma casa"
"PARQUE NACIONAL SEMPRE-VIVAS","Angiosperms","Vochysiaceae","Vochysia",,"Aubl.","VOCHYSIACEAE Vochysia Aubl.","SPF00229386","splink","SPF","Goncalves, D.","358","Native","2011",,,"Latão","Ouro",,"Buenópolis","Parque Nacional das Sempre-Vivas"
"PARQUE NACIONAL SEMPRE-VIVAS","Angiosperms","Vochysiaceae","Vochysia","thyrsoidea","Pohl","VOCHYSIACEAE Vochysia thyrsoidea Pohl","HDJF00020760",,"HDJF","Costa, T.R.","26","Native","2016","Machado, E.L.M.","2016","Prata","Ouro",,"Diamantina","Parque Nacional das Sempre-Vivas, região norte, Município de Olhos Dágua."
"PARQUE NACIONAL SEMPRE-VIVAS","Angiosperms","Vochysiaceae","Vochysia","tucanorum","Mart.","VOCHYSIACEAE Vochysia tucanorum Mart.","HDJF00020741",,"HDJF","Costa, T.R.","7","Native","2016","Machado, E.L.M.","2016","Prata","Ouro",,"Diamantina","Parque Nacional das Sempre-Vivas, região norte, Município de Olhos Dágua."
"PARQUE NACIONAL SEMPRE-VIVAS","Angiosperms","Vochysiaceae","Vochysia","tucanorum","Mart.","VOCHYSIACEAE Vochysia tucanorum Mart.","120924","splink","BHCB","Almeida, T.E.","1355","Native","2008","Sobral, M.","0-0-0","Prata","Ouro",,"Buenópolis","Parque Nacional das Sempre-Vivas, Caminho para a Serra do Mocó, passando pelo córrego do Mocó. Campos rupestres, Campos limpos, Campos sujos, Cerrado sentido restrito e Matas de galeria"
"PARQUE NACIONAL SEMPRE-VIVAS","Angiosperms","Vochysiaceae","Vochysia","tucanorum","Mart.","VOCHYSIACEAE Vochysia tucanorum Mart.","SPF00229383","splink","SPF","Goncalves, D.","367","Native","2011","Anonimo",,"Latão","Ouro",,"Buenópolis","Parque Nacional das Sempre-Vivas"
"PARQUE NACIONAL SEMPRE-VIVAS","Angiosperms","Winteraceae","Drimys","brasiliensis","Miers","WINTERACEAE Drimys brasiliensis Miers","HDJF00020767",,"HDJF","Costa, T.R.","33","Native","2016","Machado, E.L.M.","2016","Prata","Ouro",,"Diamantina","Parque Nacional das Sempre-Vivas, região norte, Município de Olhos Dágua."
"PARQUE NACIONAL SEMPRE-VIVAS","Angiosperms","Xyridaceae","Abolboda",,"Humb. & Bonpl.","XYRIDACEAE Abolboda Humb. & Bonpl.","10906","splink","DIAM","Costa, F.N.","2133","Native","2018",,,"Latão","Ouro",,"Diamantina","Diamantina. Parque Nacional das Sempre-Vivas. Campos São Domingos, bem próximo do alojamento. Campo rupestre próximo ao córrego Curralinho ou Pau-de-Copas, nascente do rio Jequitaí. 17°54'58,4""S, 43°47'6""W, 1261 m alt."
"PARQUE NACIONAL SEMPRE-VIVAS","Angiosperms","Xyridaceae","Abolboda",,"Humb. & Bonpl.","XYRIDACEAE Abolboda Humb. & Bonpl.","10138","splink","DIAM","Scatigna, A.V.","594","Native","2015",,,"Latão","Ouro",,"Diamantina","Diamantina. Parque Nacional das Sempre-Vivas. Campo úmido, próximo a afloramento rochoso, ca. de 100m do alojamento. 17°55'01''S; 43°47'09''W"
"PARQUE NACIONAL SEMPRE-VIVAS","Angiosperms","Xyridaceae","Abolboda",,"Humb. & Bonpl.","XYRIDACEAE Abolboda Humb. & Bonpl.","R010008819 R010008820 R010008821","splink","R","Alves, R.J.V.","8679","Native","2011",,,"Latão","Ouro",,,"Parque Nacional das Sempre-Vivas"
"PARQUE NACIONAL SEMPRE-VIVAS","Angiosperms","Xyridaceae","Abolboda",,"Humb. & Bonpl.","XYRIDACEAE Abolboda Humb. & Bonpl.","R010008819","x","R","Alves, R.J.V.","8679","Native","2011",,,"Latão","Ouro",,,"Parque Nacional das Sempre-Vivas. Serra do Espinhaço."
"PARQUE NACIONAL SEMPRE-VIVAS","Angiosperms","Xyridaceae","Xyris",,"Gronov. ex L.","XYRIDACEAE Xyris Gronov. ex L.","CEN00121639",,"CEN","Silva, S.R.","1665","Native","2019",,,"Latão","Ouro","jbrj-public.s3-sa-east-1.amazonaws.com/fsi/server?type=image&source=DZI/cen/cen/0/12/16/39/cen00121639.dzi","Diamantina","Parque Nacional das Sempre-Vivas."
"PARQUE NACIONAL SEMPRE-VIVAS","Angiosperms","Xyridaceae","Xyris",,"Gronov. ex L.","XYRIDACEAE Xyris Gronov. ex L.","HDJF010998 HDJF00010998","splink","HDJF","Goncalves, F.B.","6","Native","2022",,,"Latão","Ouro",,"Bocaiúva","Torre. Região da Nascente do rio Jequitaí. Parque Nacional das Sempre-Vivas (PNSV)"
"PARQUE NACIONAL SEMPRE-VIVAS","Angiosperms","Xyridaceae","Xyris",,"Gronov. ex L.","XYRIDACEAE Xyris Gronov. ex L.","HDJF011006 HDJF00011006","splink","HDJF","Goncalves, F.B.","16","Native","2022",,,"Latão","Ouro",,"Buenópolis","Rancharia. Região da Nascente do rio Jequitaí. Parque Nacional das Sempre-Vivas (PNSV)"
"PARQUE NACIONAL SEMPRE-VIVAS","Angiosperms","Xyridaceae","Xyris",,"Gronov. ex L.","XYRIDACEAE Xyris Gronov. ex L.","HDJF011022 HDJF00011022","splink","HDJF","Goncalves, F.B.","32","Native","2022",,,"Latão","Ouro",,"Bocaiúva","Torre. Região da Nascente do rio Jequitaí. Parque Nacional das Sempre-Vivas (PNSV)"
"PARQUE NACIONAL SEMPRE-VIVAS","Angiosperms","Xyridaceae","Xyris",,"Gronov. ex L.","XYRIDACEAE Xyris Gronov. ex L.","HDJF011019 HDJF00011019","splink","HDJF","Goncalves, F.B.","29","Native","2022",,,"Latão","Ouro",,"Bocaiúva","Rancharia. Região da Nascente do rio Jequitaí. Parque Nacional das Sempre-Vivas (PNSV)"
