"UC","Grupos","Família","Gênero","Espécie","Autor","Táxon_completo","Barcode","BD_Origem","Herbário","Coletor","Número_da_Coleta","Origem_FFBr","AnoColeta","Identificador","AnoID","ConfiançaID","ConfiançaLoc","Imagens","Município","Localidade"
"PARQUE NACIONAL SERRA DA CANASTRA","Angiosperms","Melastomataceae","Miconia","albicans","(Sw.) Steud.","MELASTOMATACEAE Miconia albicans (Sw.) Steud.","UPCB00053081",,"UPCB","Valente, B.","92","Native","2018","Goldenberg, R.","2022","Ouro","Ouro","jbrj-public.s3-sa-east-1.amazonaws.com/fsi/server?type=image&source=DZI/upcb/upcb/0/5/30/81/upcb00053081.dzi","Capitólio","Parque Nacional da Serra da Canastra. MG-050, lado direito, sentido Furnas x Capitólio."
"PARQUE NACIONAL SERRA DA CANASTRA","Angiosperms","Melastomataceae","Miconia","ferruginata","DC.","MELASTOMATACEAE Miconia ferruginata DC.","UPCB00053083",,"UPCB","Valente, B.","96","Native","2018","Goldenberg, R.","2022","Ouro","Ouro","jbrj-public.s3-sa-east-1.amazonaws.com/fsi/server?type=image&source=DZI/upcb/upcb/0/5/30/83/upcb00053083.dzi","Capitólio","Parque Nacional da Serra da Canastra. Estrada Trilha do Sol."
"PARQUE NACIONAL SERRA DA CANASTRA","Angiosperms","Orchidaceae","Cleistes","paranaensis","(Barb.Rodr.) Schltr.","ORCHIDACEAE Cleistes paranaensis (Barb.Rodr.) Schltr.","CEN00112177",,"CEN","Cruz-Lustre, G.M.","332","Native","2018","Batista, J.A.N.","2018","Ouro","Ouro","jbrj-public.s3.amazonaws.com/fsi/server?type=image&source=DZI/cen/cen/0/11/21/77/cen00112177.dzi","São Roque de Minas","Parque nacional da Serra da Canastra, arredores da nascente do Rio São Francisco."
"PARQUE NACIONAL SERRA DA CANASTRA","Angiosperms","Poaceae","Mesosetum","canastrense","R.C.Oliveira & M.W.S. Sousa","POACEAE Mesosetum canastrense R.C.Oliveira & M.W.S. Sousa","UFRR00015547",,"UFRR","Fieker, C.Z.","283","Native","2017",,,"Ouro","Ouro","jbrj-public-img.s3-sa-east-1.amazonaws.com/JPG/ufrr/ufrr/0/1/55/47/ufrr00015547.jpg","São Roque de Minas","Parque Nacional da Serra da Canastra. Próximo torre de observação do curral de pedras."
"PARQUE NACIONAL SERRA DA CANASTRA","Angiosperms","Euphorbiaceae","Dalechampia","adscendens","(Müll. Arg.) Müll. Arg.","EUPHORBIACEAE Dalechampia adscendens (Müll. Arg.) Müll. Arg.","SPF00225969",,"SPF","Cordeiro, I.","3544","Native","2015","Cordeiro, I.",,"Ouro","Ouro","jbrj-public.s3-sa-east-1.amazonaws.com/fsi/server?type=image&source=DZI/spf/spf/0/22/59/69/spf00225969.dzi","São Roque de Minas","Parque Nacional da Serra da Canastra"
"PARQUE NACIONAL SERRA DA CANASTRA","Angiosperms","Malpighiaceae","Glicophyllum","argenteum","(A.Juss.) R.F.Almeida & M.Pell.","MALPIGHIACEAE Glicophyllum argenteum (A.Juss.) R.F.Almeida & M.Pell.","SPF00227764",,"SPF","Pirani, J.R.","6617","Native","2015","Almeida, R.F.","10/18","Ouro","Ouro","jbrj-public.s3-sa-east-1.amazonaws.com/fsi/server?type=image&source=DZI/spf/spf/0/22/77/64/spf00227764.dzi","São Roque de Minas","Parque Nacional da Serra da Canastra, Próximo à Portaria de Sacramento."
"PARQUE NACIONAL SERRA DA CANASTRA","Angiosperms","Asteraceae","Eremanthus","mattogrossensis","Kuntze","ASTERACEAE Eremanthus mattogrossensis Kuntze","CEN00092832",,"CEN","Antar, G.M.","842","Native","2015","Loeuille, B.","2015","Ouro","Ouro","jbrj-public.s3.amazonaws.com/fsi/server?type=image&source=DZI/cen/cen/0/9/28/32/cen00092832.dzi","São Roque de Minas","Estrada para a portaria 1 do Parque Nacional da Serra da Canastra."
"PARQUE NACIONAL SERRA DA CANASTRA","Angiosperms","Asteraceae","Mikania","fasciculata","C.T. Oliveira & Pirani","ASTERACEAE Mikania fasciculata C.T. Oliveira & Pirani","SPF00240000",,"SPF","Oliveira, C.T.","977","Native","2014","Oliveira, C.T.","10/15","Ouro","Ouro","jbrj-public.s3-sa-east-1.amazonaws.com/fsi/server?type=image&source=DZI/spf/spf/0/24/0/0/spf00240000.dzi","São Roque de Minas","Parque Nacional da Serra da Canastra"
"PARQUE NACIONAL SERRA DA CANASTRA","Angiosperms","Eriocaulaceae","Paepalanthus",,"Mart.","ERIOCAULACEAE Paepalanthus Mart.","HUFU00051024",,"HUFU","Echternacht, L.","2477","Native","2014",,,"Ouro","Ouro","jbrj-public.s3-sa-east-1.amazonaws.com/fsi/server?type=image&source=DZI/hufu/hufu/0/5/10/24/hufu00051024.dzi","São Roque de Minas","Parque Nacional da Serra da Canastra ; Percurso entre a Portaria 2 (São João Batista da Canastra) e a nascente do Rio São Francisco. Parte alta da Casca D'Anta."
"PARQUE NACIONAL SERRA DA CANASTRA","Angiosperms","Eriocaulaceae","Paepalanthus","trichophyllus","(Bong.) Körn.","ERIOCAULACEAE Paepalanthus trichophyllus (Bong.) Körn.","HUFU00050522",,"HUFU","Echternacht, L.","2496","Native","2014",,,"Ouro","Ouro","jbrj-public.s3-sa-east-1.amazonaws.com/fsi/server?type=image&source=DZI/hufu/hufu/0/5/5/22/hufu00050522.dzi","São Roque de Minas","Parque Nacional da Serra da Canastra ; Percurso entre São João Batista da Canastra e a Portaria 1 (São Roque - Centro de Visitantes. Estrada entre a nascente do Rio São Francisco e a Portaria 1, em direção à vertente sul da Serra."
"PARQUE NACIONAL SERRA DA CANASTRA","Ferns and Lycophytes","Melastomataceae","Microlicia",,"D.Don","MELASTOMATACEAE Microlicia D.Don","UPCB0029239",,"UPCB","Meyer, F.S.","2035","Native","2014",,,"Ouro","Ouro","jbrj-public.s3.amazonaws.com/fsi/server?type=image&source=DZI/upcb/upcb/0/2/92/39/upcb00029239.dzi","São Roque de Minas","Serra da Canasta. Parque Nacional da Serra da Canastra."
"PARQUE NACIONAL SERRA DA CANASTRA","Ferns and Lycophytes","Melastomataceae","Chaetogastra","martiusiana","(DC.) F.S.Mey. & R.Goldenb.","MELASTOMATACEAE Chaetogastra martiusiana (DC.) F.S.Mey. & R.Goldenb.","UPCB0028345",,"UPCB","Meyer, F.S.","2044","Native","2014","Meyer, F.S.","2025","Ouro","Ouro","jbrj-public.s3.amazonaws.com/fsi/server?type=image&source=DZI/upcb/upcb/0/2/83/45/upcb00028345.dzi","São Roque de Minas","Serra da Canastra, Parque Nacional da Serra da Canastra."
"PARQUE NACIONAL SERRA DA CANASTRA","Angiosperms","Melastomataceae","Pleroma",,"D.Don","MELASTOMATACEAE Pleroma D.Don","UPCB0032082",,"UPCB","Meyer, F.S.","2038","Native","2014",,"2025","Ouro","Ouro","jbrj-public.s3.amazonaws.com/fsi/server?type=image&source=DZI/upcb/upcb/0/3/20/82/upcb00032082.dzi","São Roque de Minas","Serra da Canastra. Parque Nacional da Serra Canastra."
"PARQUE NACIONAL SERRA DA CANASTRA","Angiosperms","Melastomataceae","Pleroma","rubrobracteatum","(R.Romero & P.J.F.Guim.) P.J.F.Guim. & Michelang.","MELASTOMATACEAE Pleroma rubrobracteatum (R.Romero & P.J.F.Guim.) P.J.F.Guim. & Michelang.","UPCB00031995",,"UPCB","Meyer, F.S.","2041","Native","2014","Meyer, F.S.","2025","Ouro","Ouro","jbrj-public.s3-sa-east-1.amazonaws.com/fsi/server?type=image&source=DZI/upcb/upcb/0/3/19/95/upcb00031995.dzi","São Roque de Minas","Serra da Canastra. Parque Nacional da Serra da Canastra."
"PARQUE NACIONAL SERRA DA CANASTRA","Angiosperms","Melastomataceae","Pleroma","stenocarpum","(Schrank et Mart. ex DC.) Triana","MELASTOMATACEAE Pleroma stenocarpum (Schrank et Mart. ex DC.) Triana","UPCB0032037",,"UPCB","Meyer, F.S.","2031","Native","2014","Meyer, F.S.","2025","Ouro","Ouro","jbrj-public.s3.amazonaws.com/fsi/server?type=image&source=DZI/upcb/upcb/0/3/20/37/upcb00032037.dzi","São Roque de Minas","Serra da Canastra. Parque Nacional da Serra da Canastra."
"PARQUE NACIONAL SERRA DA CANASTRA","Angiosperms","Myrtaceae","Myrcia","myrtillifolia","DC.","MYRTACEAE Myrcia myrtillifolia DC.","UPCB0036928",,"UPCB","Lima, D.F.","453","Native","2014",,"2025","Ouro","Ouro","jbrj-public.s3.amazonaws.com/fsi/server?type=image&source=DZI/upcb/upcb/0/3/69/28/upcb00036928.dzi","São Roque de Minas","PARNA Serra da Canastra. Morr ao lado da guarita 1."
"PARQUE NACIONAL SERRA DA CANASTRA","Angiosperms","Myrtaceae","Myrcia","subcordata","DC.","MYRTACEAE Myrcia subcordata DC.","UPCB0036926",,"UPCB","Lima, D.F.","462","Native","2014",,"2025","Ouro","Ouro","jbrj-public.s3.amazonaws.com/fsi/server?type=image&source=DZI/upcb/upcb/0/3/69/26/upcb00036926.dzi","São Roque de Minas","PARNA Serra da Canastra. Nascente do Rio São Francisco, na beira do rio."
"PARQUE NACIONAL SERRA DA CANASTRA",,"Melastomataceae","Microlicia","cataphracta","(DC.) Versiane & R.Romero","MELASTOMATACEAE Microlicia cataphracta (DC.) Versiane & R.Romero","UPCB0029258",,"UPCB","Meyer, F.S.","2028",,"2014",,"2024","Ouro","Ouro","jbrj-public.s3.amazonaws.com/fsi/server?type=image&source=DZI/upcb/upcb/0/2/92/58/upcb00029258.dzi","São Roque de Minas","Serra da Canastra. Parque Nacional da Serra Canastra"
"PARQUE NACIONAL SERRA DA CANASTRA","Angiosperms","Melastomataceae","Microlicia","confertiflora","Naudin","MELASTOMATACEAE Microlicia confertiflora Naudin","UPCB0029256",,"UPCB","Meyer, F.S.","2034","Native","2014",,"2024","Ouro","Ouro","jbrj-public.s3.amazonaws.com/fsi/server?type=image&source=DZI/upcb/upcb/0/2/92/56/upcb00029256.dzi","São Roque de Minas","Serra da Canastra. Parque Nacional da Serra Canastra"
"PARQUE NACIONAL SERRA DA CANASTRA","Angiosperms","Polygalaceae","Senega","nudicaulis","(A.W.Benn.) J.F.B.Pastore","POLYGALACEAE Senega nudicaulis (A.W.Benn.) J.F.B.Pastore","CEN00104288",,"CEN","Bringel Junior, J.B.A.","1098","Native","2014","Pastore, J.F.B.","2023","Ouro","Ouro","jbrj-public.s3.amazonaws.com/fsi/server?type=image&source=DZI/cen/cen/0/10/42/88/cen00104288.dzi","São Roque de Minas","Parte leste do PARNA da Serra da Canastra."
"PARQUE NACIONAL SERRA DA CANASTRA","Angiosperms","Melastomataceae","Microlicia","capitata","R.B.Pacifico, Almeda & Fidanza","MELASTOMATACEAE Microlicia capitata R.B.Pacifico, Almeda & Fidanza","UPCB0029253",,"UPCB","Meyer, F.S.","2037","Native","2014","Pacifico, R.","2022","Ouro","Ouro","jbrj-public.s3.amazonaws.com/fsi/server?type=image&source=DZI/upcb/upcb/0/2/92/53/upcb00029253.dzi","São Roque de Minas","Serra da Canastra. Parque Nacional da Serra Canastra."
"PARQUE NACIONAL SERRA DA CANASTRA","Angiosperms","Melastomataceae","Microlicia","hirticalyx","R.Romero & Woodgyer","MELASTOMATACEAE Microlicia hirticalyx R.Romero & Woodgyer","UPCB0032032",,"UPCB","Meyer, F.S.","2032","Native","2014","Pacifico, R.","2022","Ouro","Ouro","jbrj-public.s3.amazonaws.com/fsi/server?type=image&source=DZI/upcb/upcb/0/3/20/32/upcb00032032.dzi","São Roque de Minas","Serra da Canastra. Parque Nacional da Serra Canastra."
"PARQUE NACIONAL SERRA DA CANASTRA","Angiosperms","Melastomataceae","Microlicia","euphorbioides","Mart.","MELASTOMATACEAE Microlicia euphorbioides Mart.","UPCB0032030",,"UPCB","Meyer, F.S.","2027","Native","2014","Versiane, A.F.A.","2016","Ouro","Ouro","jbrj-public.s3.amazonaws.com/fsi/server?type=image&source=DZI/upcb/upcb/0/3/20/30/upcb00032030.dzi","São Roque de Minas","Serra da Canasta. Parque Nacional da Serra da Canastra."
"PARQUE NACIONAL SERRA DA CANASTRA","Angiosperms","Asteraceae","Calea","clausseniana","Baker","ASTERACEAE Calea clausseniana Baker","CEN00104279",,"CEN","Bringel Junior, J.B.A.","1089","Native","2014","Bringel, J.B.","2014","Ouro","Ouro","jbrj-public.s3.amazonaws.com/fsi/server?type=image&source=DZI/cen/cen/0/10/42/79/cen00104279.dzi","São Roque de Minas","PARNA da Serra da Canastra, estrada de Sacramento para São Roque."
"PARQUE NACIONAL SERRA DA CANASTRA","Angiosperms","Asteraceae","Chromolaena","stachyophylla","(Spreng.) R.M.King & H.Rob.","ASTERACEAE Chromolaena stachyophylla (Spreng.) R.M.King & H.Rob.","CEN00104283",,"CEN","Bringel Junior, J.B.A.","1093","Native","2014","Bringel, J.B.","2014","Ouro","Ouro","jbrj-public.s3.amazonaws.com/fsi/server?type=image&source=DZI/cen/cen/0/10/42/83/cen00104283.dzi","São Roque de Minas","PARNA da Serra da Canastra, estrada de Sacramento para São Roque."
"PARQUE NACIONAL SERRA DA CANASTRA","Angiosperms","Asteraceae","Wedelia","macedoi","H.Rob.","ASTERACEAE Wedelia macedoi H.Rob.","CEN00104281",,"CEN","Bringel Junior, J.B.A.","1091","Native","2014","Bringel, J.B.","2014","Ouro","Ouro","jbrj-public.s3.amazonaws.com/fsi/server?type=image&source=DZI/cen/cen/0/10/42/81/cen00104281.dzi","São Roque de Minas","PARNA da Serra da Canastra, estrada de Sacramento para São Roque."
"PARQUE NACIONAL SERRA DA CANASTRA","Angiosperms","Eriocaulaceae","Comanthera","centauroides","(Bong.) L.R.Parra & Giul.","ERIOCAULACEAE Comanthera centauroides (Bong.) L.R.Parra & Giul.","HUFU00050488",,"HUFU","Echternacht, L.","2472","Native","2014","Echternacht, L.","2014","Ouro","Ouro","jbrj-public.s3-sa-east-1.amazonaws.com/fsi/server?type=image&source=DZI/hufu/hufu/0/5/4/88/hufu00050488.dzi","São Roque de Minas","Parque Nacional da Serra da Canastra ; Percurso entre a Portaria 2 (São João Batista da Canastra) e a nascente do Rio São Francisco. Próximo à parte alta da Casca D'Anta."
"PARQUE NACIONAL SERRA DA CANASTRA","Angiosperms","Eriocaulaceae","Paepalanthus","canastrensis","Silveira","ERIOCAULACEAE Paepalanthus canastrensis Silveira","HUFU00050776",,"HUFU","Echternacht, L.","2468","Native","2014","Echternacht, L.","2014","Ouro","Ouro","jbrj-public.s3-sa-east-1.amazonaws.com/fsi/server?type=image&source=DZI/hufu/hufu/0/5/7/76/hufu00050776.dzi","São Roque de Minas","Parque Nacional da Serra da Canastra ; Percurso entre a Portaria 2 (São João Batista da Canastra) e a nascente do Rio São Francisco. Próximo à Garagem de Pedras."
"PARQUE NACIONAL SERRA DA CANASTRA","Angiosperms","Eriocaulaceae","Syngonanthus","davidsei","Huft","ERIOCAULACEAE Syngonanthus davidsei Huft","HUFU00050524",,"HUFU","Freitas, M.S.","33","Native","2014","Echternacht, L.","2014","Ouro","Ouro","jbrj-public.s3-sa-east-1.amazonaws.com/fsi/server?type=image&source=DZI/hufu/hufu/0/5/5/24/hufu00050524.dzi","São Roque de Minas","Parque Nacional da Serra da Canastra ; Nascente do Rio São Francisco."
"PARQUE NACIONAL SERRA DA CANASTRA","Angiosperms","Melastomataceae","Pleroma","integerrimum","(R.Romero & A.B.Martins) P.J.F. Guim. & Michelang.","MELASTOMATACEAE Pleroma integerrimum (R.Romero & A.B.Martins) P.J.F. Guim. & Michelang.","UPCB0032084",,"UPCB","Meyer, F.S.","2030","Native","2014","Meyer, F.S.","2014","Ouro","Ouro","jbrj-public.s3.amazonaws.com/fsi/server?type=image&source=DZI/upcb/upcb/0/3/20/84/upcb00032084.dzi","São Roque de Minas","Serra da Canastra. Parque Nacional da Serra Canastra."
"PARQUE NACIONAL SERRA DA CANASTRA","Angiosperms","Fabaceae","Mimosa","foliolosa","V. F. Dutra & F. C. P. Garcia","FABACEAE Mimosa foliolosa var. grandibractea V. F. Dutra & F. C. P. Garcia","CEN00098018",,"CEN","Borges, L.M.","1034","Native","2013","Borges, L.M.","2013","Ouro","Ouro","jbrj-public.s3.amazonaws.com/fsi/server?type=image&source=DZI/cen/cen/0/9/80/18/cen00098018.dzi","São Roque de Minas","Parque nacional da Serra da Canastra. Estrada para cachoeira Casca d'Anta, a partir da portaria 1 do parque; ca. de 27 km da portaria; campos no topo da cachoeira Casca d'Anta."
"PARQUE NACIONAL SERRA DA CANASTRA","Angiosperms","Lythraceae","Cuphea","hyssopoides","A.St.-Hil.","LYTHRACEAE Cuphea hyssopoides A.St.-Hil.","SPF00207884",,"SPF","Mello-Silva, R.","3593","Native","2012","Cavalcanti, T.B.","14/9/15","Ouro","Ouro","jbrj-public.s3-sa-east-1.amazonaws.com/fsi/server?type=image&source=DZI/spf/spf/0/20/78/84/spf00207884.dzi","São Roque de Minas","Parque Nacional da Serra da Canastra, Estrada para a cachoeira Casca d'Anta, 2 km antes dos altos da cachoeira. Encostas do rio São Francisco, antes das quedas."
"PARQUE NACIONAL SERRA DA CANASTRA","Angiosperms","Podostemaceae","Podostemum","scaturiginum","(Mart.) C.T.Philbrick & Novelo","PODOSTEMACEAE Podostemum scaturiginum (Mart.) C.T.Philbrick & Novelo","R010096246",,"R","Bove, C.P.","2710","Native","2012",,,"Ouro","Ouro","jbrj-public-img.s3-sa-east-1.amazonaws.com/JPG/herbariumr/r/1/0/96/24/6/r010096246.jpg","Vargem Bonita","Rio São Francisco, outside of Parque Nacional da Serra da Canastra"
"PARQUE NACIONAL SERRA DA CANASTRA","Angiosperms","Gentianaceae","Calolisianthus","speciosus","(Cham. & Schltdl.) Gilg","GENTIANACEAE Calolisianthus speciosus (Cham. & Schltdl.) Gilg","ESA120919",,"ESA","Delfini, C.","512","Native","2012","Calio, M.F.","2016","Ouro","Ouro","jbrj-public.s3-sa-east-1.amazonaws.com/fsi/server?type=image&source=DZI/esa/esa/0/12/9/19/esa00120919.dzi","São Roque de Minas","Parque Nacional da Serra da Canastra, proximidades da parte alta da cachoeira Casca D'Anta."
"PARQUE NACIONAL SERRA DA CANASTRA","Angiosperms","Asteraceae","Baccharis","myriocephala","DC.","ASTERACEAE Baccharis myriocephala DC.","ESA120895",,"ESA","Delfini, C.","487","Native","2012","Heiden, G.","2015","Ouro","Ouro","jbrj-public.s3-sa-east-1.amazonaws.com/fsi/server?type=image&source=DZI/esa/esa/0/12/8/95/esa00120895.dzi","São Roque de Minas","Parque Nacional da Serra da Canastra. Proximidades da nascente do Rio São Francisco."
"PARQUE NACIONAL SERRA DA CANASTRA","Angiosperms","Asteraceae","Hololepis","pedunculata","(DC. ex Pers.) DC.","ASTERACEAE Hololepis pedunculata (DC. ex Pers.) DC.","ESA120903",,"ESA","Delfini, C.","495","Native","2012","Loeuille, B.","2015","Ouro","Ouro","jbrj-public.s3-sa-east-1.amazonaws.com/fsi/server?type=image&source=DZI/esa/esa/0/12/9/3/esa00120903.dzi","São Roque de Minas","Parque Nacional da Serra da Canastra. Proximidades da nascente do Rio São Francisco."
"PARQUE NACIONAL SERRA DA CANASTRA","Angiosperms","Melastomataceae","Lavoisiera","imbricata","(Thunb.) DC.","MELASTOMATACEAE Lavoisiera imbricata (Thunb.) DC.","HUFU00037518",,"HUFU","Delfini, C.","486","Native","2012","Versiane, A.F.A.","2014","Ouro","Ouro","jbrj-public.s3-sa-east-1.amazonaws.com/fsi/server?type=image&source=DZI/hufu/hufu/0/3/75/18/hufu00037518.dzi","São Roque de Minas","Parque Nacional da Serra da Canastra; Proximidades da nascente do Rio São Francisco."
"PARQUE NACIONAL SERRA DA CANASTRA","Angiosperms","Melastomataceae","Lavoisiera","pulchella","Cham.","MELASTOMATACEAE Lavoisiera pulchella Cham.","HUFU00037644",,"HUFU","Delfini, C.","494","Native","2012","Versiane, A.F.A.","2014","Ouro","Ouro","jbrj-public.s3-sa-east-1.amazonaws.com/fsi/server?type=image&source=DZI/hufu/hufu/0/3/76/44/hufu00037644.dzi","São Roque de Minas","Parque Nacional da Serra da Canastra; Proximidades da nascente do Rio São Francisco."
"PARQUE NACIONAL SERRA DA CANASTRA",,"Ericaceae","Agarista","chlorantha","(Cham.) G.Don","ERICACEAE Agarista chlorantha (Cham.) G.Don","UPCB00083743",,"UPCB","Delfini, C.","485",,"2012","Romao, G.O.","2012","Ouro","Ouro","jbrj-public.s3-sa-east-1.amazonaws.com/fsi/server?type=image&source=DZI/upcb/upcb/0/8/37/43/upcb00083743.dzi","São Roque de Minas","Parque Nacional da Serra da Canastra, proximidades da nascente do rio São Francisco. Cerrado de altitude."
"PARQUE NACIONAL SERRA DA CANASTRA","Angiosperms","Ericaceae","Gaylussacia","brasiliensis","(Spreng.) Meisn.","ERICACEAE Gaylussacia brasiliensis (Spreng.) Meisn.","ESA120887",,"ESA","Delfini, C.","479","Native","2012","Romao, G.O.","2012","Ouro","Ouro","jbrj-public.s3-sa-east-1.amazonaws.com/fsi/server?type=image&source=DZI/esa/esa/0/12/8/87/esa00120887.dzi","São Roque de Minas","Parque Nacional da Serra da Canastra. Proximidades da nascente do Rio São Francisco."
"PARQUE NACIONAL SERRA DA CANASTRA","Angiosperms","Ericaceae","Gaylussacia","incana","Cham.","ERICACEAE Gaylussacia incana Cham.","ESA120908",,"ESA","Delfini, C.","500","Native","2012","Romao, G.O.","2012","Ouro","Ouro","jbrj-public.s3-sa-east-1.amazonaws.com/fsi/server?type=image&source=DZI/esa/esa/0/12/9/8/esa00120908.dzi","São Roque de Minas","Parque Nacional da Serra da Canastra, Proximidades da Garagem de Pedra."
"PARQUE NACIONAL SERRA DA CANASTRA","Angiosperms","Ericaceae","Gaylussacia","salicifolia","Sleumer","ERICACEAE Gaylussacia salicifolia Sleumer","ESA120888",,"ESA","Delfini, C.","480","Native","2012","Romao, G.O.","2012","Ouro","Ouro","jbrj-public.s3-sa-east-1.amazonaws.com/fsi/server?type=image&source=DZI/esa/esa/0/12/8/88/esa00120888.dzi","São Roque de Minas","Parque Nacional da Serra da Canastra. Proximidades da nascente do Rio São Francisco."
"PARQUE NACIONAL SERRA DA CANASTRA","Angiosperms","Fabaceae","Mimosa",,"L.","FABACEAE Mimosa L.","VIES013758",,"VIES","Dutra, V.F.","795","Native","2012","Dutra, V.F.","2012","Ouro","Ouro","jbrj-public.s3-sa-east-1.amazonaws.com/fsi/server?type=image&source=DZI/vies/vies/0/1/37/58/vies00013758.dzi","Sacramento","Parque Nacional da Serra da Canastra, próximo ao Córrego dos Rolinhos."
"PARQUE NACIONAL SERRA DA CANASTRA","Angiosperms","Melastomataceae","Leandra","aurea","(Cham.) Cogn.","MELASTOMATACEAE Leandra aurea (Cham.) Cogn.","SPF00208291",,"SPF","Paula-Lima, F.B.","8","Native","2011","Michelangeli, F.A.","10/16","Ouro","Ouro","jbrj-public.s3-sa-east-1.amazonaws.com/fsi/server?type=image&source=DZI/spf/spf/0/20/82/91/spf00208291.dzi","São Roque de Minas","Parque Nacional da Serra da Canastra, Estrada São Roque de Minas-Sacramento, 1,5 km além do Centro de Visitantes."
"PARQUE NACIONAL SERRA DA CANASTRA","Angiosperms","Myrtaceae","Campomanesia","pubescens","(Mart. ex DC.) O.Berg","MYRTACEAE Campomanesia pubescens (Mart. ex DC.) O.Berg","SPF00208295",,"SPF","Paula-Lima, F.B.","3","Native","2011","Ibrahim, M.","11/15","Ouro","Ouro","jbrj-public.s3-sa-east-1.amazonaws.com/fsi/server?type=image&source=DZI/spf/spf/0/20/82/95/spf00208295.dzi","São Roque de Minas","Parque Nacional da Serra da Canastra, Altos da cachoeira Casca d'Anta."
"PARQUE NACIONAL SERRA DA CANASTRA","Angiosperms","Oxalidaceae","Oxalis","hirsutissima","Mart. & Zucc.","OXALIDACEAE Oxalis hirsutissima Mart. & Zucc.","SPF00204618",,"SPF","Pirani, J.R.","6405","Native","2011","Fiaschi, P.","3/16","Ouro","Ouro","jbrj-public.s3-sa-east-1.amazonaws.com/fsi/server?type=image&source=DZI/spf/spf/0/20/46/18/spf00204618.dzi","São Roque de Minas","Parque Nacional da Serra da Canastra"
"PARQUE NACIONAL SERRA DA CANASTRA","Angiosperms","Polygalaceae","Asemeia","pohliana","(A.St.-Hil. & Moq.) J.F.B.Pastore & J.R.Abbott","POLYGALACEAE Asemeia pohliana (A.St.-Hil. & Moq.) J.F.B.Pastore & J.R.Abbott","SPF00208286",,"SPF","Kavalciuki, Y.","2","Native","2011","Pastore, J.F.B.","2024","Ouro","Ouro","jbrj-public.s3-sa-east-1.amazonaws.com/fsi/server?type=image&source=DZI/spf/spf/0/20/82/86/spf00208286.dzi","São Roque de Minas","Parque Nacional da Serra da Canastra, Altos da cachoeira Casca dAnta."
"PARQUE NACIONAL SERRA DA CANASTRA","Angiosperms","Velloziaceae","Barbacenia","glabra","Goethart & Henrard","VELLOZIACEAE Barbacenia glabra Goethart & Henrard","CEN00127463",,"CEN","Mello-Silva, R.","3446","Native","2011","Mello-Silva, R.","2011","Ouro","Ouro","jbrj-public.s3-sa-east-1.amazonaws.com/fsi/server?type=image&source=DZI/cen/cen/0/12/74/63/cen00127463.dzi","São Roque de Minas","Parque Nacional da Serra da Canastra. Cachoeira do Rolinho."
"PARQUE NACIONAL SERRA DA CANASTRA","Angiosperms","Ericaceae","Gaylussacia","reticulata","Sleumer","ERICACEAE Gaylussacia reticulata var. salviifolia Sleumer","ESA117411",,"ESA","Romao, G.O.","2709","Native","2010",,,"Ouro","Ouro","jbrj-public.s3-sa-east-1.amazonaws.com/fsi/server?type=image&source=DZI/esa/esa/0/11/74/11/esa00117411_1.dzi|jbrj-public.s3-sa-east-1.amazonaws.com/fsi/server?type=image&source=DZI/esa/esa/0/11/74/11/esa00117411_2.dzi","São Roque de Minas","Parque Nacional Serra da Canastra. Estrada para Sacramento, Garagem de Pedra. Campo rupestre"
"PARQUE NACIONAL SERRA DA CANASTRA","Angiosperms","Melastomataceae","Miconia","theaezans","(Bonpl.) Cogn.","MELASTOMATACEAE Miconia theaezans (Bonpl.) Cogn.","UPCB0019814",,"UPCB","Romao, G.O.","2638","Native","2010","Goldenberg, R.",,"Ouro","Ouro","jbrj-public.s3.amazonaws.com/fsi/server?type=image&source=DZI/upcb/upcb/0/1/98/14/upcb00019814.dzi","São Roque de Minas","Parque Nacional Serra da Canastra. Estrada para Sacramento, redondeza da nascente do Rio São Francisco. Campo"
"PARQUE NACIONAL SERRA DA CANASTRA","Angiosperms","Convolvulaceae","Ipomoea","verbasciformis","(Meisn.) O'Donell","CONVOLVULACEAE Ipomoea verbasciformis (Meisn.) O'Donell","ESA117330",,"ESA","Romao, G.O.","2628","Native","2010","Simao-Bianchini, R.","2018","Ouro","Ouro","jbrj-public.s3-sa-east-1.amazonaws.com/fsi/server?type=image&source=DZI/esa/esa/0/11/73/30/esa00117330.dzi","São Roque de Minas","Parque Nacional Serra da Canastra. Estrada para Sacramento, redondeza da nascente do Rio São Francisco. Campo aberto"
"PARQUE NACIONAL SERRA DA CANASTRA","Angiosperms","Gentianaceae","Calolisianthus","pendulus","(Mart.) Gilg","GENTIANACEAE Calolisianthus pendulus (Mart.) Gilg","ESA117351",,"ESA","Romao, G.O.","2649","Native","2010","Calio, M.F.","2016","Ouro","Ouro","jbrj-public.s3-sa-east-1.amazonaws.com/fsi/server?type=image&source=DZI/esa/esa/0/11/73/51/esa00117351.dzi","São Roque de Minas","Parque Nacional Serra da Canastra. Estrada para Sacramento, redondeza da nascente do Rio São Francisco. Campo aberto"
"PARQUE NACIONAL SERRA DA CANASTRA","Angiosperms","Poaceae","Andropogon","leucostachyus","Kunth","POACEAE Andropogon leucostachyus Kunth","ESA117392",,"ESA","Romao, G.O.","2690","Native","2010","Filgueiras, T.S.","2016","Ouro","Ouro","jbrj-public.s3-sa-east-1.amazonaws.com/fsi/server?type=image&source=DZI/esa/esa/0/11/73/92/esa00117392.dzi","São Roque de Minas","Parque Nacional Serra da Canastra. Estrada para Sacramento, redondeza da nascente do Rio São Francisco. Campo aberto"
"PARQUE NACIONAL SERRA DA CANASTRA","Angiosperms","Poaceae","Echinolaena","inflexa","(Poir.) Chase","POACEAE Echinolaena inflexa (Poir.) Chase","ESA117398",,"ESA","Romao, G.O.","2696","Native","2010","Filgueiras, T.S.","2016","Ouro","Ouro","jbrj-public.s3-sa-east-1.amazonaws.com/fsi/server?type=image&source=DZI/esa/esa/0/11/73/98/esa00117398.dzi","São Roque de Minas","Parque Nacional Serra da Canastra. Estrada para Sacramento, redondeza da nascente do Rio São Francisco. Campo aberto"
"PARQUE NACIONAL SERRA DA CANASTRA","Angiosperms","Poaceae","Loudetiopsis","chrysothrix","(Nees) Conert","POACEAE Loudetiopsis chrysothrix (Nees) Conert","ESA117399",,"ESA","Romao, G.O.","2697","Native","2010","Filgueiras, T.S.","2016","Ouro","Ouro","jbrj-public.s3-sa-east-1.amazonaws.com/fsi/server?type=image&source=DZI/esa/esa/0/11/73/99/esa00117399.dzi","São Roque de Minas","Parque Nacional Serra da Canastra. Estrada para Sacramento, redondeza da nascente do Rio São Francisco. Campo aberto"
"PARQUE NACIONAL SERRA DA CANASTRA","Angiosperms","Asteraceae","Lychnophora","ericoides","Mart.","ASTERACEAE Lychnophora ericoides Mart.","ESA117376",,"ESA","Romao, G.O.","2674","Native","2010","Loeuille, B.","2015","Ouro","Ouro","jbrj-public.s3-sa-east-1.amazonaws.com/fsi/server?type=image&source=DZI/esa/esa/0/11/73/76/esa00117376.dzi","São Roque de Minas","Parque Nacional Serra da Canastra. Estrada para Sacramento, redondeza da nascente do Rio São Francisco. Campo aberto"
"PARQUE NACIONAL SERRA DA CANASTRA","Angiosperms","Malpighiaceae","Byrsonima","guilleminiana","A.Juss.","MALPIGHIACEAE Byrsonima guilleminiana A.Juss.","ESA117328",,"ESA","Romao, G.O.","2626","Native","2010","Francener, A.","2013","Ouro","Ouro","jbrj-public.s3-sa-east-1.amazonaws.com/fsi/server?type=image&source=DZI/esa/esa/0/11/73/28/esa00117328.dzi","São Roque de Minas","Parque Nacional Serra da Canastra. Estrada para Sacramento, redondeza da nascente do Rio São Francisco. Campo aberto"
"PARQUE NACIONAL SERRA DA CANASTRA","Angiosperms","Malpighiaceae","Glicophyllum","microphyllum","(A.Juss.) R.F.Almeida","MALPIGHIACEAE Glicophyllum microphyllum (A.Juss.) R.F.Almeida","ESA117368",,"ESA","Romao, G.O.","2666","Native","2010","Almeida, R.F.","2013","Ouro","Ouro","jbrj-public.s3-sa-east-1.amazonaws.com/fsi/server?type=image&source=DZI/esa/esa/0/11/73/68/esa00117368.dzi","São Roque de Minas","Parque Nacional Serra da Canastra. Estrada para Sacramento, redondeza da nascente do Rio São Francisco. Campo aberto"
"PARQUE NACIONAL SERRA DA CANASTRA","Angiosperms","Myrtaceae","Myrcia","hartwegiana","(O.Berg) Kiaersk.","MYRTACEAE Myrcia hartwegiana (O.Berg) Kiaersk.","SPF00223134",,"SPF","Romao, G.O.","2654","Native","2010","Sobral, M.","2013","Ouro","Ouro","jbrj-public.s3-sa-east-1.amazonaws.com/fsi/server?type=image&source=DZI/spf/spf/0/22/31/34/spf00223134.dzi","São Roque de Minas","Parque Nacional da Serra da Canastra, Estrada para Sacramento, redondeza da nascente do Rio São Francisco."
"PARQUE NACIONAL SERRA DA CANASTRA","Angiosperms","Asteraceae","Eremanthus","elaeagnus","(Mart. ex DC.) Sch.Bip.","ASTERACEAE Eremanthus elaeagnus (Mart. ex DC.) Sch.Bip.","CEN00093171",,"CEN","Gomes, B.M.","492","Native","2010","Bringel, J.B.","2012","Ouro","Ouro","jbrj-public.s3.amazonaws.com/fsi/server?type=image&source=DZI/cen/cen/0/9/31/71/cen00093171.dzi","São Roque de Minas","Parque Nacional da Serra da Canastra; Garagem de Pedra. 20°14'02,9''S; 46°37'36,1'' W"
"PARQUE NACIONAL SERRA DA CANASTRA","Angiosperms","Ericaceae","Gaylussacia","brasiliensis","(Spreng.) Meisn.","ERICACEAE Gaylussacia brasiliensis var. brasiliensis (Spreng.) Meisn.","ESA117325",,"ESA","Romao, G.O.","2623","Native","2010","Romao, G.O.","2010","Ouro","Ouro","jbrj-public.s3-sa-east-1.amazonaws.com/fsi/server?type=image&source=DZI/esa/esa/0/11/73/25/esa00117325_1.dzi|jbrj-public.s3-sa-east-1.amazonaws.com/fsi/server?type=image&source=DZI/esa/esa/0/11/73/25/esa00117325_2.dzi","São Roque de Minas","Parque Nacional Serra da Canastra. Estrada para Sacramento, redondeza da nascente do Rio São Francisco. Campo aberto"
"PARQUE NACIONAL SERRA DA CANASTRA","Angiosperms","Melastomataceae","Clidemia","hirta","(L.) D.Don","MELASTOMATACEAE Clidemia hirta (L.) D.Don","UPCB0011903",,"UPCB","Caddah, M.K.","430","Native","2009",,"2023","Ouro","Ouro","jbrj-public.s3.amazonaws.com/fsi/server?type=image&source=DZI/upcb/upcb/0/1/19/3/upcb00011903.dzi","São Roque de Minas","Parque Nacional da Serra da Canastra, trilha para Cachoeira Casca d´Anta, parte baixa."
"PARQUE NACIONAL SERRA DA CANASTRA","Angiosperms","Melastomataceae","Ossaea","amygdaloides","(DC.) Triana","MELASTOMATACEAE Ossaea amygdaloides (DC.) Triana","UPCB0018358",,"UPCB","Caddah, M.K.","443","Native","2009",,"2023","Ouro","Ouro","jbrj-public.s3.amazonaws.com/fsi/server?type=image&source=DZI/upcb/upcb/0/1/83/58/upcb00018358.dzi","São Roque de Minas","Parque Nacional da Serra da Canastra, trilha para Cachoeira Casca d'Anta, parte baixa"
"PARQUE NACIONAL SERRA DA CANASTRA","Angiosperms","Melastomataceae","Ossaea","congestiflora","(Naudin) Cogn.","MELASTOMATACEAE Ossaea congestiflora (Naudin) Cogn.","UPCB0018420",,"UPCB","Caddah, M.K.","352","Native","2009",,"2023","Ouro","Ouro","jbrj-public.s3.amazonaws.com/fsi/server?type=image&source=DZI/upcb/upcb/0/1/84/20/upcb00018420.dzi","São Roque de Minas","Parque Nacional da Serra da Canastra, estrada para Cachoeira Casca d´Anta, parte alta."
"PARQUE NACIONAL SERRA DA CANASTRA","Ferns and Lycophytes","Melastomataceae","Miconia","flammea","Casar.","MELASTOMATACEAE Miconia flammea Casar.","UPCB0015437",,"UPCB","Caddah, M.K.","433","Native","2009","Caddah, M.K.","2013","Ouro","Ouro","jbrj-public.s3.amazonaws.com/fsi/server?type=image&source=DZI/upcb/upcb/0/1/54/37/upcb00015437.dzi","São Roque de Minas","Parque Nacional da Serra da Canastra, trilha para Cachoeira Casca d´Anta, parte baixa."
"PARQUE NACIONAL SERRA DA CANASTRA","Angiosperms","Melastomataceae","Miconia","cyathanthera","Triana","MELASTOMATACEAE Miconia cyathanthera Triana","UPCB0021418",,"UPCB","Silveira, M.F.",,"Native","2009","Caddah, M.K.","2010","Ouro","Ouro","jbrj-public.s3.amazonaws.com/fsi/server?type=image&source=DZI/upcb/upcb/0/2/14/18/upcb00021418.dzi","São Roque de Minas","Parque Nacional da Serra da Canastra, Cachoeira Casca d´Anta, parte baixa."
"PARQUE NACIONAL SERRA DA CANASTRA","Ferns and Lycophytes","Eriocaulaceae","Comanthera","euschemus","(Ruhland) L.R.Parra & Giul.","ERIOCAULACEAE Comanthera euschemus (Ruhland) L.R.Parra & Giul.","HUFU00050527",,"HUFU","Echternacht, L.","1974","Native","2009","Echternacht, L.","2009","Ouro","Ouro","jbrj-public.s3-sa-east-1.amazonaws.com/fsi/server?type=image&source=DZI/hufu/hufu/0/5/5/27/hufu00050527.dzi","São Roque de Minas","PARNA Serra da Canastra ; Estrada entre a nascente do Rio São francisco e o Curral de Pedras"
"PARQUE NACIONAL SERRA DA CANASTRA","Angiosperms","Melastomataceae","Clidemia","sericea","D.Don","MELASTOMATACEAE Clidemia sericea D.Don","UPCB0012000",,"UPCB","Caddah, M.K.","441","Native","2009","Caddah, M.K.","2009","Ouro","Ouro","jbrj-public.s3.amazonaws.com/fsi/server?type=image&source=DZI/upcb/upcb/0/1/20/0/upcb00012000.dzi","São Roque de Minas","Parque Nacional da Serra da Canastra, trilha para Cachoeira Casca d´Anta, parte baixa."
"PARQUE NACIONAL SERRA DA CANASTRA","Angiosperms","Melastomataceae","Leandra","coriacea","Cogn.","MELASTOMATACEAE Leandra coriacea Cogn.","UPCB0013343",,"UPCB","Caddah, M.K.","396","Native","2009","Caddah, M.K.","2009","Ouro","Ouro","jbrj-public.s3.amazonaws.com/fsi/server?type=image&source=DZI/upcb/upcb/0/1/33/43/upcb00013343.dzi","São Roque de Minas","Parque Nacional da Serra da Canastra, casa dos visitantes, mata ciliar."
"PARQUE NACIONAL SERRA DA CANASTRA","Angiosperms","Melastomataceae","Leandra","humilis","(Cogn.) Wurdack","MELASTOMATACEAE Leandra humilis (Cogn.) Wurdack","UPCB0013932",,"UPCB","Caddah, M.K.","391","Native","2009","Caddah, M.K.","2009","Ouro","Ouro","jbrj-public.s3.amazonaws.com/fsi/server?type=image&source=DZI/upcb/upcb/0/1/39/32/upcb00013932.dzi","São Roque de Minas","Parque Nacional da Serra da Canastra, nascente do rio São Francisco."
"PARQUE NACIONAL SERRA DA CANASTRA","Angiosperms","Melastomataceae","Leandra","rigida","Cogn.","MELASTOMATACEAE Leandra rigida Cogn.","UPCB0014421",,"UPCB","Caddah, M.K.","369","Native","2009","Caddah, M.K.","2009","Ouro","Ouro","jbrj-public.s3.amazonaws.com/fsi/server?type=image&source=DZI/upcb/upcb/0/1/44/21/upcb00014421.dzi","São Roque de Minas","Parque Nacional da Serra da Canastra, Cachoeira Casca d´Anta, parte alta."
"PARQUE NACIONAL SERRA DA CANASTRA","Angiosperms","Melastomataceae","Miconia","angelana","R.Romero & R.Goldenb.","MELASTOMATACEAE Miconia angelana R.Romero & R.Goldenb.","UPCB0016639",,"UPCB","Caddah, M.K.","341","Native","2009","Caddah, M.K.","2009","Ouro","Ouro","jbrj-public.s3.amazonaws.com/fsi/server?type=image&source=DZI/upcb/upcb/0/1/66/39/upcb00016639.dzi","São Roque de Minas","Parque Nacional da Serra da Canastra, nascente do rio São Francisco."
"PARQUE NACIONAL SERRA DA CANASTRA","Angiosperms","Melastomataceae","Miconia","calvescens","DC.","MELASTOMATACEAE Miconia calvescens DC.","UPCB0020670",,"UPCB","Caddah, M.K.","436","Native","2009","Caddah, M.K.","2009","Ouro","Ouro","jbrj-public.s3.amazonaws.com/fsi/server?type=image&source=DZI/upcb/upcb/0/2/6/70/upcb00020670.dzi","São Roque de Minas","Parque Nacional da Serra da Canastra, trilha para Cachoeira Casca d´Anta, parte baixa."
"PARQUE NACIONAL SERRA DA CANASTRA","Angiosperms","Melastomataceae","Miconia","cubatanensis","Hoehne","MELASTOMATACEAE Miconia cubatanensis Hoehne","UPCB0017019",,"UPCB","Caddah, M.K.","392","Native","2009","Caddah, M.K.","2009","Ouro","Ouro","jbrj-public.s3.amazonaws.com/fsi/server?type=image&source=DZI/upcb/upcb/0/1/70/19/upcb00017019.dzi","São Roque de Minas","Parque Nacional da Serra da Canastra, casa dos visitantes, mata ciliar."
"PARQUE NACIONAL SERRA DA CANASTRA","Angiosperms","Melastomataceae","Miconia","fallax","DC.","MELASTOMATACEAE Miconia fallax DC.","UPCB0021059",,"UPCB","Caddah, M.K.","411","Native","2009","Caddah, M.K.","2009","Ouro","Ouro","jbrj-public.s3.amazonaws.com/fsi/server?type=image&source=DZI/upcb/upcb/0/2/10/59/upcb00021059.dzi","Sacramento","Parque Nacional da Serra da Canastra, estrada para guarita de Sacramento."
"PARQUE NACIONAL SERRA DA CANASTRA","Angiosperms","Melastomataceae","Miconia","ibaguensis","(Bonpl.) Triana","MELASTOMATACEAE Miconia ibaguensis (Bonpl.) Triana","UPCB0015307",,"UPCB","Caddah, M.K.","337","Native","2009","Caddah, M.K.","2009","Ouro","Ouro","jbrj-public.s3.amazonaws.com/fsi/server?type=image&source=DZI/upcb/upcb/0/1/53/7/upcb00015307.dzi","São Roque de Minas","Parque Nacional da Serra da Canastra, estrada para portaria 1."
"PARQUE NACIONAL SERRA DA CANASTRA","Angiosperms","Melastomataceae","Miconia","ligustroides","(DC.) Naudin","MELASTOMATACEAE Miconia ligustroides (DC.) Naudin","UPCB0016120",,"UPCB","Caddah, M.K.","346","Native","2009","Caddah, M.K.","2009","Ouro","Ouro","jbrj-public.s3.amazonaws.com/fsi/server?type=image&source=DZI/upcb/upcb/0/1/61/20/upcb00016120.dzi","São Roque de Minas","Parque Nacional da Serra da Canastra, estrada para Cachoeira Casca d´Anta, parte alta."
"PARQUE NACIONAL SERRA DA CANASTRA","Angiosperms","Melastomataceae","Miconia","pepericarpa","DC.","MELASTOMATACEAE Miconia pepericarpa DC.","UPCB0016470",,"UPCB","Caddah, M.K.","415","Native","2009","Caddah, M.K.","2009","Ouro","Ouro","jbrj-public.s3.amazonaws.com/fsi/server?type=image&source=DZI/upcb/upcb/0/1/64/70/upcb00016470.dzi","Sacramento","Parque Nacional da Serra da Canastra, estrada para guarita de Sacramento."
"PARQUE NACIONAL SERRA DA CANASTRA","Angiosperms","Melastomataceae","Miconia","rubiginosa","(Bonpl.) DC.","MELASTOMATACEAE Miconia rubiginosa (Bonpl.) DC.","UPCB0020328",,"UPCB","Caddah, M.K.","418","Native","2009","Caddah, M.K.","2009","Ouro","Ouro","jbrj-public.s3.amazonaws.com/fsi/server?type=image&source=DZI/upcb/upcb/0/2/3/28/upcb00020328.dzi","Sacramento","Parque Nacional da Serra da Canastra, estrada para guarita de Sacramento."
"PARQUE NACIONAL SERRA DA CANASTRA","Angiosperms","Melastomataceae","Miconia","stenostachya","DC.","MELASTOMATACEAE Miconia stenostachya DC.","UPCB0020200",,"UPCB","Caddah, M.K.","371","Native","2009","Caddah, M.K.","2009","Ouro","Ouro","jbrj-public.s3.amazonaws.com/fsi/server?type=image&source=DZI/upcb/upcb/0/2/2/0/upcb00020200.dzi","São Roque de Minas","Parque Nacional da Serra da Canastra, Cachoeira Casca d´Anta, parte alta."
"PARQUE NACIONAL SERRA DA CANASTRA","Angiosperms","Melastomataceae","Miconia","tentaculifera","Naudin","MELASTOMATACEAE Miconia tentaculifera Naudin","UPCB0019860",,"UPCB","Caddah, M.K.","425","Native","2009","Caddah, M.K.","2009","Ouro","Ouro","jbrj-public.s3.amazonaws.com/fsi/server?type=image&source=DZI/upcb/upcb/0/1/98/60/upcb00019860.dzi","São Roque de Minas","Parque Nacional da Serra da Canastra, trilha para Cachoeira Casca d´Anta, parte baixa."
"PARQUE NACIONAL SERRA DA CANASTRA","Angiosperms","Melastomataceae","Miconia","tristis","Spring","MELASTOMATACEAE Miconia tristis Spring","UPCB0019799",,"UPCB","Caddah, M.K.","426","Native","2009","Caddah, M.K.","2009","Ouro","Ouro","jbrj-public.s3.amazonaws.com/fsi/server?type=image&source=DZI/upcb/upcb/0/1/97/99/upcb00019799.dzi","São Roque de Minas","Parque Nacional da Serra da Canastra, trilha para Cachoeira Casca d´Anta, parte baixa."
"PARQUE NACIONAL SERRA DA CANASTRA","Angiosperms","Melastomataceae","Miconia","valtheri","Naudin","MELASTOMATACEAE Miconia valtheri Naudin","UPCB0019172",,"UPCB","Caddah, M.K.","422","Native","2009","Caddah, M.K.","2009","Ouro","Ouro","jbrj-public.s3.amazonaws.com/fsi/server?type=image&source=DZI/upcb/upcb/0/1/91/72/upcb00019172.dzi","São Roque de Minas","Parque Nacional da Serra da Canastra, trilha para Cachoeira Casca d´Anta, parte baixa."
"PARQUE NACIONAL SERRA DA CANASTRA","Angiosperms","Melastomataceae","Trembleya","parviflora","(D.Don) Cogn.","MELASTOMATACEAE Trembleya parviflora (D.Don) Cogn.","UPCB0022934",,"UPCB","Caddah, M.K.","354","Native","2009","Caddah, M.K.","2009","Ouro","Ouro","jbrj-public.s3.amazonaws.com/fsi/server?type=image&source=DZI/upcb/upcb/0/2/29/34/upcb00022934.dzi","São Roque de Minas","Parque Nacional da Serra da Canastra, estrada para Cachoeira Casca d'Anta, parte alta"
"PARQUE NACIONAL SERRA DA CANASTRA","Angiosperms","Asteraceae","Mikania",,"Willd.","ASTERACEAE Mikania Willd.","HUFU00048602",,"HUFU","Nakajima, J.N.","4770","Native","2008",,,"Ouro","Ouro","jbrj-public.s3-sa-east-1.amazonaws.com/fsi/server?type=image&source=DZI/hufu/hufu/0/4/86/2/hufu00048602.dzi","Botumirim","Parque Nacional da Serra da Canastra"
"PARQUE NACIONAL SERRA DA CANASTRA","Angiosperms","Fabaceae","Mimosa","xanthocentra","(Benth.) Barneby","FABACEAE Mimosa xanthocentra var. subsericea (Benth.) Barneby","VIES011761",,"VIES","Dutra, V.F.","599","Native","2008","Dutra, V.F.","2020","Ouro","Ouro","jbrj-public.s3-sa-east-1.amazonaws.com/fsi/server?type=image&source=DZI/vies/vies/0/1/17/61/vies00011761.dzi","Sacramento","Parque Nacional da Serra da Canastra."
"PARQUE NACIONAL SERRA DA CANASTRA","Angiosperms","Apocynaceae","Aspidosperma","dispermum","Müll.Arg.","APOCYNACEAE Aspidosperma dispermum Müll.Arg.","HUFU00002316",,"HUFU","Nakajima, J.N.","4767","Native","2008","Castello, A.C.D.","2016","Ouro","Ouro","jbrj-public.s3-sa-east-1.amazonaws.com/fsi/server?type=image&source=DZI/hufu/hufu/0/0/23/16/hufu00002316.dzi","Botumirim","Parque Nacional da Serra da Canastra. Acesso pela estrada para Canta Galo."
"PARQUE NACIONAL SERRA DA CANASTRA","Angiosperms","Asteraceae","Aldama",,"La Llave & Lex.","ASTERACEAE Aldama La Llave & Lex.","HUFU00042459",,"HUFU","Nakajima, J.N.","4783","Native","2008","Nakajima, J.N.","2016","Ouro","Ouro","jbrj-public.s3-sa-east-1.amazonaws.com/fsi/server?type=image&source=DZI/hufu/hufu/0/4/24/59/hufu00042459.dzi","Botumirim","Parque Nacional da Serra da Canastra"
"PARQUE NACIONAL SERRA DA CANASTRA","Angiosperms","Asteraceae","Lepidaploa","remotiflora","(Rich.) H.Rob.","ASTERACEAE Lepidaploa remotiflora (Rich.) H.Rob.","HUFU00046872",,"HUFU","Nakajima, J.N.","4791","Native","2008","Nakajima, J.N.","2016","Ouro","Ouro","jbrj-public.s3-sa-east-1.amazonaws.com/fsi/server?type=image&source=DZI/hufu/hufu/0/4/68/72/hufu00046872.dzi","Botumirim","Parque Nacional da Serra da Canastra; Acesso pela estrada para Canta Galo."
"PARQUE NACIONAL SERRA DA CANASTRA","Angiosperms","Asteraceae","Lepidaploa","rufogrisea","(A.St.-Hil.) H.Rob.","ASTERACEAE Lepidaploa rufogrisea (A.St.-Hil.) H.Rob.","HUFU00046950",,"HUFU","Nakajima, J.N.","4776","Native","2008","Nakajima, J.N.","2016","Ouro","Ouro","jbrj-public.s3-sa-east-1.amazonaws.com/fsi/server?type=image&source=DZI/hufu/hufu/0/4/69/50/hufu00046950.dzi","Botumirim","Parque Nacional da Serra da Canastra; Acesso pela estrada para Canta Galo."
"PARQUE NACIONAL SERRA DA CANASTRA","Angiosperms","Asteraceae","Lessingianthus","dichrous","(Mart. ex Colla) P.L.R. Moraes & Guglielmone","ASTERACEAE Lessingianthus dichrous (Mart. ex Colla) P.L.R. Moraes & Guglielmone","HUFU00047632",,"HUFU","Nakajima, J.N.","4786","Native","2008","Nakajima, J.N.","2016","Ouro","Ouro","jbrj-public.s3-sa-east-1.amazonaws.com/fsi/server?type=image&source=DZI/hufu/hufu/0/4/76/32/hufu00047632.dzi","Botumirim","Parque Nacional da Serra da Canastra; Acesso pela estrada para Canta Galo."
"PARQUE NACIONAL SERRA DA CANASTRA","Angiosperms","Asteraceae","Lessingianthus","psilophyllus","(DC.) H.Rob.","ASTERACEAE Lessingianthus psilophyllus (DC.) H.Rob.","HUFU00047564",,"HUFU","Nakajima, J.N.","4802","Native","2008","Nakajima, J.N.","2016","Ouro","Ouro","jbrj-public.s3-sa-east-1.amazonaws.com/fsi/server?type=image&source=DZI/hufu/hufu/0/4/75/64/hufu00047564.dzi","Botumirim","Parque Nacional da Serra da Canastra; Acesso pela estrada para Canta Galo."
"PARQUE NACIONAL SERRA DA CANASTRA","Angiosperms","Asteraceae","Dasyphyllum","sprengelianum","(Gardner) Cabrera","ASTERACEAE Dasyphyllum sprengelianum (Gardner) Cabrera","HUFU00045301",,"HUFU","Nakajima, J.N.","4772","Native","2008","Monge, M.","2011","Ouro","Ouro","jbrj-public.s3-sa-east-1.amazonaws.com/fsi/server?type=image&source=DZI/hufu/hufu/0/4/53/1/hufu00045301.dzi","Botumirim","Parque Nacional da Serra da Canastra; Acesso pela estrada para Canta Galo."
"PARQUE NACIONAL SERRA DA CANASTRA","Angiosperms","Ericaceae","Agarista","oleifolia","(Cham.) G.Don","ERICACEAE Agarista oleifolia (Cham.) G.Don","ESA107325",,"ESA","Romao, G.O.","2285","Native","2007","Romao, G.O.",,"Ouro","Ouro","jbrj-public.s3-sa-east-1.amazonaws.com/fsi/server?type=image&source=DZI/esa/esa/0/10/73/25/esa00107325.dzi","São Roque de Minas","Parque Nacional da Serra da Canastra, estrada para parte alta da Cachoeira Casca D'anta, próximo à nascente do rio São Francisco."
"PARQUE NACIONAL SERRA DA CANASTRA","Angiosperms","Ericaceae","Gaylussacia","reticulata","Mart. ex Meisn.","ERICACEAE Gaylussacia reticulata Mart. ex Meisn.","ESA107338",,"ESA","Romao, G.O.","2341","Native","2007","Romao, G.O.",,"Ouro","Ouro","jbrj-public.s3-sa-east-1.amazonaws.com/fsi/server?type=image&source=DZI/esa/esa/0/10/73/38/esa00107338.dzi","São Roque de Minas","Parque Nacional da Serra da Canastra, Garagem de Pedra, a 36Km da portaria 1."
"PARQUE NACIONAL SERRA DA CANASTRA","Ferns and Lycophytes","Melastomataceae","Chaetogastra","gracilis","(Bonpl.) DC.","MELASTOMATACEAE Chaetogastra gracilis (Bonpl.) DC.","HUFU00067599",,"HUFU","Rodrigues, C.M.","26","Native","2007","Romero, R.",,"Ouro","Ouro","jbrj-public.s3-sa-east-1.amazonaws.com/fsi/server?type=image&source=DZI/hufu/hufu/0/6/75/99/hufu00067599.dzi",,"Parque Nacional da Serra da Canastra; Cerrado."
"PARQUE NACIONAL SERRA DA CANASTRA","Angiosperms","Melastomataceae","Pleroma","heteromallum","(D.Don) D.Don","MELASTOMATACEAE Pleroma heteromallum (D.Don) D.Don","HUFU00067738",,"HUFU","Rodrigues, C.M.","18","Native","2007","Romero, R.",,"Ouro","Ouro","jbrj-public.s3-sa-east-1.amazonaws.com/fsi/server?type=image&source=DZI/hufu/hufu/0/6/77/38/hufu00067738.dzi",,"Parque Nacional da Serra da Canastra; Cerrado."
"PARQUE NACIONAL SERRA DA CANASTRA","Angiosperms","Melastomataceae","Tibouchina","aegopogon","(Naudin) Cogn.","MELASTOMATACEAE Tibouchina aegopogon (Naudin) Cogn.","HUFU00066955",,"HUFU","Rodrigues, C.M.","28","Native","2007","Romero, R.",,"Ouro","Ouro","jbrj-public.s3-sa-east-1.amazonaws.com/fsi/server?type=image&source=DZI/hufu/hufu/0/6/69/55/hufu00066955.dzi",,"Parque Nacional da Serra da Canastra; Cerrado."
"PARQUE NACIONAL SERRA DA CANASTRA","Angiosperms","Orchidaceae","Cleistes",,"Rich. ex Lindl.","ORCHIDACEAE Cleistes Rich. ex Lindl.","CEN00101370",,"CEN","Batista, J.A.N.","s/n","Native","2007",,,"Ouro","Ouro","jbrj-public.s3.amazonaws.com/fsi/server?type=image&source=DZI/cen/cen/0/10/13/70/cen00101370.dzi","São Roque de Minas","Parque Nacional da Serra da Canastra. 9,5 km a partir da portaria principal de São Roque de Minas em direção a Sacramento, cerca de 3,5-4 km após a nascente do Rio São Francisco. Lat: 20.12594 S; Long: 46.27481 W"
"PARQUE NACIONAL SERRA DA CANASTRA","Angiosperms","Orchidaceae","Habenaria","omissa","J.A.N.Bat. & Bianch.","ORCHIDACEAE Habenaria omissa J.A.N.Bat. & Bianch.","CEN00098508",,"CEN","Batista, J.A.N.","1816","Native","2007","Batista, J.A.N.","2020","Ouro","Ouro","jbrj-public.s3.amazonaws.com/fsi/server?type=image&source=DZI/cen/cen/0/9/85/8/cen00098508.dzi","São Roque de Minas","Parque Nacional da Serra da Canastra, cerca de 30 km a partir da portaria princiapl de São Roque de Minas em direção a Sacramento, próximo a entrada da Casca D'anta."
"PARQUE NACIONAL SERRA DA CANASTRA",,"Orchidaceae","Habenaria","psammophila","J.A.N.Bat., Bianch. & B.M.Carvalho","ORCHIDACEAE Habenaria psammophila J.A.N.Bat., Bianch. & B.M.Carvalho","CEN00076538",,"CEN","Batista, J.A.N.","1794",,"2007","Batista, J.A.N.","2010","Ouro","Ouro","jbrj-public.s3.amazonaws.com/fsi/server?type=image&source=DZI/cen/cen/0/7/65/38/cen00076538.dzi","São Roque de Minas","Parque Nacional da Serra da Canastra. Entre a portaria principal a partir de São Roque de Minas e a nascente do Rio São Francisco. Lat: 20.15407 S; Long: 46.25373 W"
"PARQUE NACIONAL SERRA DA CANASTRA","Angiosperms","Apocynaceae","Mandevilla","longiflora","(Desf.) Pichon","APOCYNACEAE Mandevilla longiflora (Desf.) Pichon","HUFU00052784",,"HUFU","Nakajima, J.N.","4640","Native","2007","Morokawa, R.","2008","Ouro","Ouro","jbrj-public.s3-sa-east-1.amazonaws.com/fsi/server?type=image&source=DZI/hufu/hufu/0/5/27/84/hufu00052784.dzi","São Roque de Minas","Parque Nacional da Serra da Canastra ; Estrada para Sacramento, 3km antes da entrada da cachoeira Casca d'Anta."
"PARQUE NACIONAL SERRA DA CANASTRA","Angiosperms","Apocynaceae","Temnadenia","violacea","(Vell.) Miers","APOCYNACEAE Temnadenia violacea (Vell.) Miers","HUFU00001746",,"HUFU","Morokawa, R.","187","Native","2007","Morokawa, R.","2008","Ouro","Ouro","jbrj-public.s3-sa-east-1.amazonaws.com/fsi/server?type=image&source=DZI/hufu/hufu/0/0/17/46/hufu00001746.dzi","São Roque de Minas","Parque Nacional da Serra da Canastra. Trilha para parte alta da cachoeira Casca D'anta"
"PARQUE NACIONAL SERRA DA CANASTRA","Angiosperms","Apocynaceae","Condylocarpon","isthmicum","(Vell.) A.DC.","APOCYNACEAE Condylocarpon isthmicum (Vell.) A.DC.","HUFU00001246",,"HUFU","Morokawa, R.","116","Native","2007","Morokawa, R.","2007","Ouro","Ouro","jbrj-public.s3-sa-east-1.amazonaws.com/fsi/server?type=image&source=DZI/hufu/hufu/0/0/12/46/hufu00001246.dzi","São Roque de Minas","Parque Nacional da Serra da Canastra. Retiro de Pedra, borda de capão da mata"
"PARQUE NACIONAL SERRA DA CANASTRA","Angiosperms","Apocynaceae","Forsteronia","velloziana","(A.DC.) Woodson","APOCYNACEAE Forsteronia velloziana (A.DC.) Woodson","HUFU00001307",,"HUFU","Morokawa, R.","103","Native","2007","Morokawa, R.","2007","Ouro","Ouro","jbrj-public.s3-sa-east-1.amazonaws.com/fsi/server?type=image&source=DZI/hufu/hufu/0/0/13/7/hufu00001307.dzi","São Roque de Minas","Parque Nacional da Serra da Canastra. Trilha de acesso a parte alta da cachoeira Casca D'anta"
"PARQUE NACIONAL SERRA DA CANASTRA","Angiosperms","Apocynaceae","Macropharynx","peltata","(Vell.) J.F.Morales & M.E. Endress","APOCYNACEAE Macropharynx peltata (Vell.) J.F.Morales & M.E. Endress","HUFU00001605",,"HUFU","Morokawa, R.","117","Native","2007","Morokawa, R.","2007","Ouro","Ouro","jbrj-public.s3-sa-east-1.amazonaws.com/fsi/server?type=image&source=DZI/hufu/hufu/0/0/16/5/hufu00001605.dzi","São Roque de Minas","Parque Nacional da Serra da Canastra. Retiro de Pedras, Borda de capão da mata"
"PARQUE NACIONAL SERRA DA CANASTRA","Angiosperms","Orchidaceae","Habenaria","balansae","Cogn.","ORCHIDACEAE Habenaria balansae Cogn.","CEN00098533",,"CEN","Batista, J.A.N.","2346","Native","2007","Batista, J.A.N.","2007","Ouro","Ouro","jbrj-public.s3.amazonaws.com/fsi/server?type=image&source=DZI/cen/cen/0/9/85/33/cen00098533.dzi","São Roque de Minas","Parque nacional da Serra da Canastra, cerca de 35 km a partir da portaria principal de São Roque de Minas em direção a Sacramento, cerca 14,4 km após a entrada da Casca D'anta"
"PARQUE NACIONAL SERRA DA CANASTRA","Angiosperms","Orchidaceae","Habenaria","jaguariahyvae","Kraenzl.","ORCHIDACEAE Habenaria jaguariahyvae Kraenzl.","CEN00101399",,"CEN","Batista, J.A.N.","1824","Native","2007","Batista, J.A.N.","2007","Ouro","Ouro","jbrj-public.s3.amazonaws.com/fsi/server?type=image&source=DZI/cen/cen/0/10/13/99/cen00101399.dzi","São Roque de Minas","Parque Nacional da Serra da Canastra, cerca de 30 km a partir da portaria princiapl de São Roque de Minas em direção a Sacramento, campos a esquerda da estrada a partir da Casca D'Anta."
"PARQUE NACIONAL SERRA DA CANASTRA","Angiosperms","Orchidaceae","Habenaria","mystacina","Lindl.","ORCHIDACEAE Habenaria mystacina Lindl.","CEN00101392",,"CEN","Batista, J.A.N.","1812","Native","2007","Batista, J.A.N.","2007","Ouro","Ouro","jbrj-public.s3.amazonaws.com/fsi/server?type=image&source=DZI/cen/cen/0/10/13/92/cen00101392.dzi","São Roque de Minas","Parque Nacional da Serra da Canastra. 9,5 km a partir da portaria principal de São Roque de Minas em direção a Sacramento, cerca de 3,5-4 km após a nascente do Rio São Francisco. Lat: 20.12594 S; Long: 46.27481 W"
"PARQUE NACIONAL SERRA DA CANASTRA","Angiosperms","Orchidaceae","Lyroglossa","grisebachii","(Cogn.) Schltr.","ORCHIDACEAE Lyroglossa grisebachii (Cogn.) Schltr.","CEN00098509",,"CEN","Batista, J.A.N.","1821","Native","2007","Batista, J.A.N.","2007","Ouro","Ouro","jbrj-public.s3.amazonaws.com/fsi/server?type=image&source=DZI/cen/cen/0/9/85/9/cen00098509.dzi","São Roque de Minas","Parque Nacional da Serra da Canastra, cerca de 30 km a partir da portaria princiapl de São Roque de Minas em direção a Sacramento, próximo a entrada da Casca D'anta."
"PARQUE NACIONAL SERRA DA CANASTRA","Angiosperms","Orchidaceae","Veyretia","simplex","(Griseb.) Szlach.","ORCHIDACEAE Veyretia simplex (Griseb.) Szlach.","CEN00098528",,"CEN","Batista, J.A.N.","2329","Native","2007","Batista, J.A.N.","2007","Ouro","Ouro","jbrj-public.s3.amazonaws.com/fsi/server?type=image&source=DZI/cen/cen/0/9/85/28/cen00098528.dzi","São Roque de Minas","Parque nacional da Serra da Canastra, cerca de 5,3 km a partir da portaria principal de São Roque de Minas cerca 500 m antes da nacente do Rio São Francisco"
"PARQUE NACIONAL SERRA DA CANASTRA","Angiosperms","Turneraceae","Turnera","opifera","Mart.","TURNERACEAE Turnera opifera Mart.","HUEFS191846",,"HUEFS","Silva, R.M.","2712","Native","2004","Arbo, M.M.","2007","Ouro","Ouro","jbrj-public.s3-sa-east-1.amazonaws.com/fsi/server?type=image&source=DZI/huefs/huefs/0/19/18/46/huefs00191846.dzi","Botumirim","Parque Nacional da Serra da Canastra.São Domingos. Encosta do Ribeirão São Domingos, em trilha para o alto da serra."
"PARQUE NACIONAL SERRA DA CANASTRA","Angiosperms","Asteraceae","Calea","brittoniana","Pruski","ASTERACEAE Calea brittoniana Pruski","MO2168582",,"MO","Magenta, M.","567","Native","2003","Pruski, J.",,"Ouro","Ouro","jbrj-public.s3.amazonaws.com/fsi/server?type=image&source=DZI/missouri/mo/2/16/85/82/mo02168582.dzi","São Roque de Minas","São Roque de Minas. Parque Nacional da Serra da Canastra. Estrada que liga São Roque a Sacramento. Afloramento rochoso ao lado de córrego."
"PARQUE NACIONAL SERRA DA CANASTRA","Angiosperms","Asteraceae","Dimerostemma","goyazense","(Gardner) M.D.Moraes","ASTERACEAE Dimerostemma goyazense (Gardner) M.D.Moraes","HUFU00058859",,"HUFU","Nakajima, J.N.","3806","Native","2003",,,"Ouro","Ouro","jbrj-public.s3-sa-east-1.amazonaws.com/fsi/server?type=image&source=DZI/hufu/hufu/0/5/88/59/hufu00058859.dzi","Delfinópolis","Parque Nacional da Serra da Canastra ; Fazenda Zé Antunes. Trilha para as cachoeiras."
"PARQUE NACIONAL SERRA DA CANASTRA","Angiosperms","Asteraceae","Wunderlichia","mirabilis","Riedel ex Baker","ASTERACEAE Wunderlichia mirabilis Riedel ex Baker","HUFU00058857",,"HUFU","Nakajima, J.N.","3810","Native","2003",,,"Ouro","Ouro","jbrj-public.s3-sa-east-1.amazonaws.com/fsi/server?type=image&source=DZI/hufu/hufu/0/5/88/57/hufu00058857.dzi","Delfinópolis","Parque Nacional da Serra da Canastra ; Fazenda Zé Antunes. Trilha para as cachoeiras."
"PARQUE NACIONAL SERRA DA CANASTRA","Angiosperms","Melastomataceae","Cambessedesia","hilariana","(Kunth) DC.","MELASTOMATACEAE Cambessedesia hilariana (Kunth) DC.","HUFU00038806",,"HUFU","Romero, R.","6962","Native","2003",,,"Ouro","Ouro","jbrj-public.s3-sa-east-1.amazonaws.com/fsi/server?type=image&source=DZI/hufu/hufu/0/3/88/6/hufu00038806.dzi","São Roque de Minas","Parque Nacional da Serra da Canastra; Fazenda Zé Antunes. Escada de Pedras."
"PARQUE NACIONAL SERRA DA CANASTRA","Angiosperms","Melastomataceae","Clidemia","urceolata","DC.","MELASTOMATACEAE Clidemia urceolata DC.","HUFU00038952",,"HUFU","Romero, R.","6991","Native","2003",,,"Ouro","Ouro","jbrj-public.s3-sa-east-1.amazonaws.com/fsi/server?type=image&source=DZI/hufu/hufu/0/3/89/52/hufu00038952.dzi","Delfinópolis","Parque Nacional da Serra da Canastra; Estrada para Escada de Pedras. Fazenda José Onório."
"PARQUE NACIONAL SERRA DA CANASTRA","Angiosperms","Asteraceae","Aldama","grandiflora","(Gardner) E.E.Schill. & Panero","ASTERACEAE Aldama grandiflora (Gardner) E.E.Schill. & Panero","HUFU00057074",,"HUFU","Nakajima, J.N.","3797","Native","2003","Nakajima, J.N.","2016","Ouro","Ouro","jbrj-public.s3-sa-east-1.amazonaws.com/fsi/server?type=image&source=DZI/hufu/hufu/0/5/70/74/hufu00057074.dzi","Delfinópolis","Parque Nacional da Serra da Canastra ; Fazenda Zé Antunes. Trilha para as cachoeiras."
"PARQUE NACIONAL SERRA DA CANASTRA","Angiosperms","Asteraceae","Chrysolaena","simplex","(Less.) Dematt.","ASTERACEAE Chrysolaena simplex (Less.) Dematt.","HUFU00057649",,"HUFU","Nakajima, J.N.","3710","Native","2003","Nakajima, J.N.","2016","Ouro","Ouro","jbrj-public.s3-sa-east-1.amazonaws.com/fsi/server?type=image&source=DZI/hufu/hufu/0/5/76/49/hufu00057649.dzi","Delfinópolis","Parque Nacional da Serra da Canastra ; Fazenda Zé Antunes. Escada de Pedras."
"PARQUE NACIONAL SERRA DA CANASTRA","Angiosperms","Asteraceae","Heterocondylus","decipiens","(Baker) R.M.King & H.Rob.","ASTERACEAE Heterocondylus decipiens (Baker) R.M.King & H.Rob.","HUFU00057920",,"HUFU","Nakajima, J.N.","3708","Native","2003","Nakajima, J.N.","2016","Ouro","Ouro","jbrj-public.s3-sa-east-1.amazonaws.com/fsi/server?type=image&source=DZI/hufu/hufu/0/5/79/20/hufu00057920.dzi","Delfinópolis","Parque Nacional da Serra da Canastra ; Fazenda Zé Antunes, Escada de Pedras."
"PARQUE NACIONAL SERRA DA CANASTRA","Angiosperms","Asteraceae","Lessingianthus","polyphyllus","(Sch.Bip. ex Baker) H.Rob.","ASTERACEAE Lessingianthus polyphyllus (Sch.Bip. ex Baker) H.Rob.","HUFU00047538",,"HUFU","Cavalcanti, T.B.","3082","Native","2003","Nakajima, J.N.","2016","Ouro","Ouro","jbrj-public.s3-sa-east-1.amazonaws.com/fsi/server?type=image&source=DZI/hufu/hufu/0/4/75/38/hufu00047538.dzi","Delfinópolis","Parque Nacional da Serra da Canastra; A 54 Km da entrada do parque, em direção a São Roque de Minas."
"PARQUE NACIONAL SERRA DA CANASTRA","Angiosperms","Euphorbiaceae","Manihot","procumbens","Müll.Arg.","EUPHORBIACEAE Manihot procumbens Müll.Arg.","HUFU00050172",,"HUFU","Romero, R.","7001","Native","2003","Mendoza, M.","2015","Ouro","Ouro","jbrj-public.s3-sa-east-1.amazonaws.com/fsi/server?type=image&source=DZI/hufu/hufu/0/5/1/72/hufu00050172.dzi","Delfinópolis","Parque Nacional da Serra da Canastra; Condomínio de Pedras."
"PARQUE NACIONAL SERRA DA CANASTRA","Angiosperms","Lythraceae","Diplusodon","rectinervis","T.B.Cavalc.","LYTHRACEAE Diplusodon rectinervis T.B.Cavalc.","CEN00051466",,"CEN","Romero, R.","7000","Native","2003","Cavalcanti, T.B.","2015","Ouro","Ouro","jbrj-public.s3.amazonaws.com/fsi/server?type=image&source=DZI/cen/cen/0/5/14/66/cen00051466.dzi","Delfinópolis","Condomínio de Pedras, Parque Nacional da Serra da Canastra."
"PARQUE NACIONAL SERRA DA CANASTRA","Angiosperms","Euphorbiaceae","Euphorbia","potentilloides","Boiss.","EUPHORBIACEAE Euphorbia potentilloides Boiss.","HUFU00050093",,"HUFU","Romero, R.","6975","Native","2003","Silva, O.L.M.","2014","Ouro","Ouro","jbrj-public.s3-sa-east-1.amazonaws.com/fsi/server?type=image&source=DZI/hufu/hufu/0/5/0/93/hufu00050093.dzi","Delfinópolis","Parque Nacional da Serra da Canastra; Fazenda Zé Antunes, Escada de Pedras."
"PARQUE NACIONAL SERRA DA CANASTRA","Angiosperms","Malpighiaceae","Byrsonima","crassifolia","(L.) Kunth","MALPIGHIACEAE Byrsonima crassifolia (L.) Kunth","HUFU00039580",,"HUFU","Nakajima, J.N.","3740","Native","2003","Francener, A.","2014","Ouro","Ouro","jbrj-public.s3-sa-east-1.amazonaws.com/fsi/server?type=image&source=DZI/hufu/hufu/0/3/95/80/hufu00039580.dzi","Delfinópolis","Parque Nacional da Serra da Canastra; Fazenda José Onório, estrada para Escada de Pedras."
"PARQUE NACIONAL SERRA DA CANASTRA","Angiosperms","Poaceae","Canastra","lanceolata","(Filg.) Morrone, Zuloaga, Davidse & Filg.","POACEAE Canastra lanceolata (Filg.) Morrone, Zuloaga, Davidse & Filg.","HUFU00031440",,"HUFU","Nakajima, J.N.","3780","Native","2003","Ferreira, F.M.","2013","Ouro","Ouro","jbrj-public.s3-sa-east-1.amazonaws.com/fsi/server?type=image&source=DZI/hufu/hufu/0/3/14/40/hufu00031440.dzi","Delfinópolis","Parque Nacional da Serra da Canastra"
"PARQUE NACIONAL SERRA DA CANASTRA","Angiosperms","Fabaceae","Jupunba","brachystachya","(DC.) M.V.B.Soares et al.","FABACEAE Jupunba brachystachya (DC.) M.V.B.Soares et al.","HUFU00050219",,"HUFU","Nakajima, J.N.","3775","Native","2003","Pinto, R.B.","2010","Ouro","Ouro","jbrj-public.s3-sa-east-1.amazonaws.com/fsi/server?type=image&source=DZI/hufu/hufu/0/5/2/19/hufu00050219.dzi","Delfinópolis","Parque Nacional da Serra da Canastra; Estrada para Escada de Pedras, vão na fazenda do José Onório."
"PARQUE NACIONAL SERRA DA CANASTRA","Angiosperms","Apocynaceae","Mandevilla","pohliana","(Stadelm.) A.H.Gentry","APOCYNACEAE Mandevilla pohliana (Stadelm.) A.H.Gentry","HUFU00052764",,"HUFU","Nakajima, J.N.","3747","Native","2003","Morokawa, R.","2008","Ouro","Ouro","jbrj-public.s3-sa-east-1.amazonaws.com/fsi/server?type=image&source=DZI/hufu/hufu/0/5/27/64/hufu00052764.dzi","Delfinópolis","Parque Nacional da Serra da Canastra ; Condominio de Pedras."
"PARQUE NACIONAL SERRA DA CANASTRA","Angiosperms","Apocynaceae","Minaria","acerosa","(Mart.) T.U.P.Konno & Rapini","APOCYNACEAE Minaria acerosa (Mart.) T.U.P.Konno & Rapini","SPF00157015",,"SPF","Farinaccio, M.A.","519","Native","2003","Rapini, A.","2008","Ouro","Ouro","jbrj-public.s3-sa-east-1.amazonaws.com/fsi/server?type=image&source=DZI/spf/spf/0/15/70/15/spf00157015.dzi","São Roque de Minas","Parque Nacional da Serra da Canastra, Trilha para a Casca d´Anta, parte de baixo."
"PARQUE NACIONAL SERRA DA CANASTRA","Angiosperms","Myrtaceae","Myrcia","eriocalyx","DC.","MYRTACEAE Myrcia eriocalyx DC.","HUFU00036448",,"HUFU","Romero, R.","7009","Native","2003","Rosa, P.O.","2007","Ouro","Ouro","jbrj-public.s3-sa-east-1.amazonaws.com/fsi/server?type=image&source=DZI/hufu/hufu/0/3/64/48/hufu00036448.dzi","Delfinópolis","Parque Nacional da Serra da Canastra"
"PARQUE NACIONAL SERRA DA CANASTRA","Angiosperms","Myrtaceae","Eugenia","sonderiana","O.Berg","MYRTACEAE Eugenia sonderiana O.Berg","HUFU00036421",,"HUFU","Pacheco, R.A.","707","Native","2003","Arantes, A.A.","2006","Ouro","Ouro","jbrj-public.s3-sa-east-1.amazonaws.com/fsi/server?type=image&source=DZI/hufu/hufu/0/3/64/21/hufu00036421.dzi","Delfinópolis","Parque Nacional da Serra da Canastra"
"PARQUE NACIONAL SERRA DA CANASTRA","Angiosperms","Ochnaceae","Ouratea","humilis","(A.St.-Hil.) Engl.","OCHNACEAE Ouratea humilis (A.St.-Hil.) Engl.","CEN00074499",,"CEN","Feres-Uec, F.","106","Native","2003","Yamamoto, K.","2005","Ouro","Ouro","jbrj-public.s3.amazonaws.com/fsi/server?type=image&source=DZI/cen/cen/0/7/44/99/cen00074499.dzi","São Roque de Minas","PARNA da Serra da Canastra, estrada para a Cachoeira dos rolinhos, Campo de altitude."
"PARQUE NACIONAL SERRA DA CANASTRA","Angiosperms","Piperaceae","Piper","tectoniifolium","Kunth","PIPERACEAE Piper tectoniifolium Kunth","HUFU00035760",,"HUFU","Nakajima, J.N.","3788","Native","2003","Carvalho-Silva, M.","2005","Ouro","Ouro","jbrj-public.s3-sa-east-1.amazonaws.com/fsi/server?type=image&source=DZI/hufu/hufu/0/3/57/60/hufu00035760.dzi","Delfinópolis","Parque Nacional da Serra da Canastra"
"PARQUE NACIONAL SERRA DA CANASTRA","Angiosperms","Myrtaceae","Myrcia","neolucida","A.R.Lourenço & E.Lucas","MYRTACEAE Myrcia neolucida A.R.Lourenço & E.Lucas","HUFU00037673",,"HUFU","Volpi, R.L.","779","Native","2003","Soares-Silva, L.H.","2004","Ouro","Ouro","jbrj-public.s3-sa-east-1.amazonaws.com/fsi/server?type=image&source=DZI/hufu/hufu/0/3/76/73/hufu00037673.dzi","Delfinópolis","Parque Nacional da Serra Canastra; Paraíso selvagem - Trilha """"Salto do Canyon""""."
"PARQUE NACIONAL SERRA DA CANASTRA","Angiosperms","Myrtaceae","Myrcia","tomentosa","(Aubl.) DC.","MYRTACEAE Myrcia tomentosa (Aubl.) DC.","HUFU00036750",,"HUFU","Romero, R.","6993","Native","2003","Proenca, C.","2004","Ouro","Ouro","jbrj-public.s3-sa-east-1.amazonaws.com/fsi/server?type=image&source=DZI/hufu/hufu/0/3/67/50/hufu00036750.dzi","Delfinópolis","Parque Nacional da Serra da Canastra"
"PARQUE NACIONAL SERRA DA CANASTRA",,"Myrtaceae","Siphoneugena","densiflora","O.Berg","MYRTACEAE Siphoneugena densiflora O.Berg","HUFU00036880",,"HUFU","Romero, R.","6999",,"2003","Proenca, C.","2004","Ouro","Ouro","jbrj-public.s3-sa-east-1.amazonaws.com/fsi/server?type=image&source=DZI/hufu/hufu/0/3/68/80/hufu00036880.dzi","Delfinópolis","Parque Nacional da Serra da Canastra"
"PARQUE NACIONAL SERRA DA CANASTRA","Angiosperms","Poaceae","Aulonemia","aristulata","(Döll) McClure","POACEAE Aulonemia aristulata (Döll) McClure","HUFU00035810",,"HUFU","Pacheco, R.A.","698","Native","2003","Oliveira, R.C.","2004","Ouro","Ouro","jbrj-public.s3-sa-east-1.amazonaws.com/fsi/server?type=image&source=DZI/hufu/hufu/0/3/58/10/hufu00035810.dzi","Delfinópolis","Parque Nacional da Serra da Canastra"
"PARQUE NACIONAL SERRA DA CANASTRA","Angiosperms","Annonaceae","Guatteria","sellowiana","Schltdl.","ANNONACEAE Guatteria sellowiana Schltdl.","HUFU00053162",,"HUFU","Pontes, A.F.","580","Native","2003","Pontes, A.F.","2003","Ouro","Ouro","jbrj-public.s3-sa-east-1.amazonaws.com/fsi/server?type=image&source=DZI/hufu/hufu/0/5/31/62/hufu00053162.dzi","São Roque de Minas","Parque Nacional da Serra da Canastra"
"PARQUE NACIONAL SERRA DA CANASTRA","Angiosperms","Annonaceae","Xylopia","brasiliensis","Spreng.","ANNONACEAE Xylopia brasiliensis Spreng.","HUFU00053083",,"HUFU","Pontes, A.F.","584","Native","2003","Pontes, A.F.","2003","Ouro","Ouro","jbrj-public.s3-sa-east-1.amazonaws.com/fsi/server?type=image&source=DZI/hufu/hufu/0/5/30/83/hufu00053083.dzi","São Roque de Minas","Parque Nacional da Serra da Canastra"
"PARQUE NACIONAL SERRA DA CANASTRA","Angiosperms","Euphorbiaceae","Croton","antisyphiliticus","Mart.","EUPHORBIACEAE Croton antisyphiliticus Mart.","SPF00159299",,"SPF","Pontes, A.F.","578","Native","2003","Lima, L.R.","2003","Ouro","Ouro","jbrj-public.s3-sa-east-1.amazonaws.com/fsi/server?type=image&source=DZI/spf/spf/0/15/92/99/spf00159299.dzi","São Roque de Minas","Parque Nacional da Serra da Canastra"
"PARQUE NACIONAL SERRA DA CANASTRA","Angiosperms","Lythraceae","Cuphea","linarioides","Cham. & Schltdl.","LYTHRACEAE Cuphea linarioides Cham. & Schltdl.","CEN00046916",,"CEN","Cavalcanti, T.B.","3084","Native","2003","Cavalcanti, T.B.","2003","Ouro","Ouro","jbrj-public.s3.amazonaws.com/fsi/server?type=image&source=DZI/cen/cen/0/4/69/16/cen00046916.dzi","Delfinópolis","Parque Nacional da Serra da Canastra. A 54 km da entrada do Parque, em direção a São Roque de Minas."
"PARQUE NACIONAL SERRA DA CANASTRA","Angiosperms","Lythraceae","Cuphea","thymoides","Cham. & Schltdl.","LYTHRACEAE Cuphea thymoides Cham. & Schltdl.","CEN00046909",,"CEN","Cavalcanti, T.B.","3076","Native","2003","Cavalcanti, T.B.","2003","Ouro","Ouro","jbrj-public.s3.amazonaws.com/fsi/server?type=image&source=DZI/cen/cen/0/4/69/9/cen00046909.dzi","Delfinópolis","Parque Nacional da Serra da Canastra. A 26 km da entrada, em direção a São Roque."
"PARQUE NACIONAL SERRA DA CANASTRA","Angiosperms","Apocynaceae","Mandevilla","illustris","(Vell.) Woodson","APOCYNACEAE Mandevilla illustris (Vell.) Woodson","SPF00155668",,"SPF","Lima, L.R.","215","Native","2002","Simoes, A.O.","8/9/4","Ouro","Ouro","jbrj-public.s3-sa-east-1.amazonaws.com/fsi/server?type=image&source=DZI/spf/spf/0/15/56/68/spf00155668.dzi","São Roque de Minas","Parque Nacional da Serra da Canastra, Afloramento rochoso próximo à Cachoeira dos Rolinhos."
"PARQUE NACIONAL SERRA DA CANASTRA","Angiosperms","Aquifoliaceae","Ilex","affinis","Gardner","AQUIFOLIACEAE Ilex affinis Gardner","SPF00155673",,"SPF","Lima, L.R.","218","Native","2002","Groppo, M.","2/3","Ouro","Ouro","jbrj-public.s3-sa-east-1.amazonaws.com/fsi/server?type=image&source=DZI/spf/spf/0/15/56/73/spf00155673.dzi","São Roque de Minas","Parque Nacional da Serra da Canastra"
"PARQUE NACIONAL SERRA DA CANASTRA","Angiosperms","Asteraceae","Eremanthus","reticulatus","(Gardner) Loeuille, Semir & Pirani","ASTERACEAE Eremanthus reticulatus (Gardner) Loeuille, Semir & Pirani","MO2273758",,"MO","Romero, R.","6564","Native","2002","Nakajima, J.N.",,"Ouro","Ouro","jbrj-public.s3.amazonaws.com/fsi/server?type=image&source=DZI/missouri/mo/2/27/37/58/mo02273758.dzi",,"Nascente do rio São Francisco, Parque Nacional da Serra da Canastra, São Roque de Minas."
"PARQUE NACIONAL SERRA DA CANASTRA","Angiosperms","Asteraceae","Lessingianthus",,"H.Rob.","ASTERACEAE Lessingianthus H.Rob.","HUFU00058232",,"HUFU","Nakajima, J.N.","3230","Native","2002",,,"Ouro","Ouro","jbrj-public.s3-sa-east-1.amazonaws.com/fsi/server?type=image&source=DZI/hufu/hufu/0/5/82/32/hufu00058232.dzi","São Roque de Minas","Parque Nacional da Serra da Canastra ; Trilha do Zé Carlinhos, subida para a Serra do Cemitério."
"PARQUE NACIONAL SERRA DA CANASTRA","Angiosperms","Asteraceae","Mikania","oblongifolia","DC.","ASTERACEAE Mikania oblongifolia DC.","MO2273792",,"MO","Pacheco, R.A.","439","Native","2002","Nakajima, J.N.",,"Ouro","Ouro","jbrj-public.s3.amazonaws.com/fsi/server?type=image&source=DZI/missouri/mo/2/27/37/92/mo02273792.dzi",,"Parque Nacional da Serra da Canastra, São Roque de Minas."
"PARQUE NACIONAL SERRA DA CANASTRA","Angiosperms","Asteraceae","Senecio","adamantinus","Bong.","ASTERACEAE Senecio adamantinus Bong.","MO2273789",,"MO","Pacheco, R.A.","383","Native","2002","Nakajima, J.N.",,"Ouro","Ouro","jbrj-public.s3.amazonaws.com/fsi/server?type=image&source=DZI/missouri/mo/2/27/37/89/mo02273789.dzi",,"Parque Nacional da Serra da Canastra, São Roque de Minas."
"PARQUE NACIONAL SERRA DA CANASTRA","Angiosperms","Asteraceae","Symphyopappus","compressus","(Gardner) B.L.Rob.","ASTERACEAE Symphyopappus compressus (Gardner) B.L.Rob.","MO2273790",,"MO","Pacheco, R.A.","318","Native","2002","Nakajima, J.N.",,"Ouro","Ouro","jbrj-public.s3.amazonaws.com/fsi/server?type=image&source=DZI/missouri/mo/2/27/37/90/mo02273790.dzi",,"Parque Nacional da Serra da Canastra, São Roque de Minas."
"PARQUE NACIONAL SERRA DA CANASTRA","Angiosperms","Bromeliaceae","Dyckia","minarum","Mez","BROMELIACEAE Dyckia minarum Mez","MBM295891",,"MBM","Mello-Silva, R.","2000","Native","2002","Versieux, L.M.",,"Ouro","Ouro","jbrj-public.s3.amazonaws.com/fsi/server?type=image&source=DZI/mbm/mbm/0/29/58/91/mbm00295891.dzi","São Roque de Minas","Parque Nacional da Serra da Canastra"
"PARQUE NACIONAL SERRA DA CANASTRA","Angiosperms","Ebenaceae","Diospyros","lasiocalyx","(Mart.) B.Walln.","EBENACEAE Diospyros lasiocalyx (Mart.) B.Walln.","SPF00155779",,"SPF","Lima, L.R.","199","Native","2002","Santos, M.F.","9/4","Ouro","Ouro","jbrj-public.s3-sa-east-1.amazonaws.com/fsi/server?type=image&source=DZI/spf/spf/0/15/57/79/spf00155779.dzi","São Roque de Minas","Parque Nacional da Serra da Canastra"
"PARQUE NACIONAL SERRA DA CANASTRA","Angiosperms","Ericaceae","Gaylussacia","brasiliensis","Meisn.","ERICACEAE Gaylussacia brasiliensis var. nervosa Meisn.","SPF00155781",,"SPF","Lima, L.R.","208","Native","2002","Romao, G.O.","6/6","Ouro","Ouro","jbrj-public.s3-sa-east-1.amazonaws.com/fsi/server?type=image&source=DZI/spf/spf/0/15/57/81/spf00155781.dzi","São Roque de Minas","Parque Nacional da Serra da Canastra"
"PARQUE NACIONAL SERRA DA CANASTRA","Bryophytes","Euphorbiaceae","Acalypha","macrostachya","Jacq.","EUPHORBIACEAE Acalypha macrostachya Jacq.","SPF00155784",,"SPF","Lima, L.R.","204","Native","2002","Sousa, A.A.C.","23/8/13","Ouro","Ouro","jbrj-public.s3-sa-east-1.amazonaws.com/fsi/server?type=image&source=DZI/spf/spf/0/15/57/84/spf00155784.dzi","São Roque de Minas","Parque Nacional da Serra da Canastra, Trilha na escarpa da Cachoeira Casca d´Anta, pela portaria Casca d´Anta"
"PARQUE NACIONAL SERRA DA CANASTRA","Angiosperms","Euphorbiaceae","Croton","didrichsenii","G.L.Webster","EUPHORBIACEAE Croton didrichsenii G.L.Webster","SPF00155795",,"SPF","Lima, L.R.","219","Native","2002","Anonimo",,"Ouro","Ouro","jbrj-public.s3-sa-east-1.amazonaws.com/fsi/server?type=image&source=DZI/spf/spf/0/15/57/95/spf00155795.dzi","São Roque de Minas","Parque Nacional da Serra da Canastra, Cerca de 6 km da entrada da esterada São Roque de Minas - Sacramento. Cerrado na estrada para a Cachoeira dos Rolinhos, do lado direito da estrada."
"PARQUE NACIONAL SERRA DA CANASTRA","Angiosperms","Gesneriaceae","Goyazia","rupicola","Taub.","GESNERIACEAE Goyazia rupicola Taub.","ESA078479",,"ESA","Mazine, F.F.","401","Native","2002","Peixoto, M.",,"Ouro","Ouro","jbrj-public.s3-sa-east-1.amazonaws.com/fsi/server?type=image&source=DZI/esa/esa/0/7/84/79/esa00078479.dzi",,"Parque Nacional da Serra da Canastra"
"PARQUE NACIONAL SERRA DA CANASTRA","Angiosperms","Lamiaceae","Eriope","crassipes","Benth.","LAMIACEAE Eriope crassipes Benth.","SPF00159303",,"SPF","Pontes, A.F.","536","Native","2002","Harley, R.M.","30/4/4","Ouro","Ouro","jbrj-public.s3-sa-east-1.amazonaws.com/fsi/server?type=image&source=DZI/spf/spf/0/15/93/3/spf00159303.dzi","Sacramento","Parque Nacional da Serra da Canastra, Estrada são Roque de Minas - Sacramento, a 41 km da portaria de São Roque de Minas. Campo em brotação após queimada."
"PARQUE NACIONAL SERRA DA CANASTRA","Angiosperms","Lythraceae","Cuphea","polymorpha","A.St.-Hil.","LYTHRACEAE Cuphea polymorpha A.St.-Hil.","SPF00155557",,"SPF","Mello-Silva, R.","1999","Native","2002","Cavalcanti, T.B.","3/3","Ouro","Ouro","jbrj-public.s3-sa-east-1.amazonaws.com/fsi/server?type=image&source=DZI/spf/spf/0/15/55/57/spf00155557.dzi","São Roque de Minas","Parque Nacional da Serra da Canastra"
"PARQUE NACIONAL SERRA DA CANASTRA","Angiosperms","Lythraceae","Diplusodon","canastrensis","T.B.Cavalc.","LYTHRACEAE Diplusodon canastrensis T.B.Cavalc.","SPF00155559",,"SPF","Mello-Silva, R.","1973","Native","2002","Cavalcanti, T.B.",,"Ouro","Ouro","jbrj-public.s3-sa-east-1.amazonaws.com/fsi/server?type=image&source=DZI/spf/spf/0/15/55/59/spf00155559.dzi","Sacramento","Parque Nacional da Serra da Canastra, Estrada São Roque de Minas - Sacramento, a 41 km da portaria de São Roque de Minas. Campo sujo areno-pedregoso."
"PARQUE NACIONAL SERRA DA CANASTRA","Angiosperms","Melastomataceae","Fritzschia","furnensis","R.Romero & M.J.R.Rocha","MELASTOMATACEAE Fritzschia furnensis R.Romero & M.J.R.Rocha","HUFU00071872",,"HUFU","Romero, R.","6454","Native","2002",,,"Ouro","Ouro","jbrj-public.s3-sa-east-1.amazonaws.com/fsi/server?type=image&source=DZI/hufu/hufu/0/7/18/72/hufu00071872.dzi","São Roque de Minas","Parque Nacional da Serra da Canastra. Trilha Escada de Pedras.. Campo rupestre."
"PARQUE NACIONAL SERRA DA CANASTRA","Angiosperms","Melastomataceae","Leandra",,"Raddi","MELASTOMATACEAE Leandra Raddi","HUFU00037109",,"HUFU","Romero, R.","6215","Native","2002",,,"Ouro","Ouro","jbrj-public.s3-sa-east-1.amazonaws.com/fsi/server?type=image&source=DZI/hufu/hufu/0/3/71/9/hufu00037109.dzi","São Roque de Minas","Parque Nacional da Serra da Canastra"
"PARQUE NACIONAL SERRA DA CANASTRA","Angiosperms","Melastomataceae","Miconia",,"Ruiz & Pav.","MELASTOMATACEAE Miconia Ruiz & Pav.","HUFU00064296",,"HUFU","Romero, R.","6197","Native","2002",,,"Ouro","Ouro","jbrj-public.s3-sa-east-1.amazonaws.com/fsi/server?type=image&source=DZI/hufu/hufu/0/6/42/96/hufu00064296.dzi","São Roque de Minas","Parque Nacional da Serra da Canastra; Rio São Francisco. Estrada Vargem Bonita - Barreiros. Cerca de 3km de Vargem Bonita."
"PARQUE NACIONAL SERRA DA CANASTRA","Angiosperms","Melastomataceae","Pleroma","candolleanum","(Mart. ex DC.) Triana","MELASTOMATACEAE Pleroma candolleanum (Mart. ex DC.) Triana","SPF00183752",,"SPF","Nakajima, J.N.","3216","Native","2002","Romero, R.","1/6","Ouro","Ouro","jbrj-public.s3-sa-east-1.amazonaws.com/fsi/server?type=image&source=DZI/spf/spf/0/18/37/52/spf00183752.dzi","Delfinópolis","Parque Nacional da Serra da Canastra"
"PARQUE NACIONAL SERRA DA CANASTRA","Angiosperms","Myrtaceae","Myrcia","multiflora","(Lam.) DC.","MYRTACEAE Myrcia multiflora (Lam.) DC.","SPF00155565",,"SPF","Mello-Silva, R.","1984","Native","2002","Rosa, P.O.","11/11","Ouro","Ouro","jbrj-public.s3-sa-east-1.amazonaws.com/fsi/server?type=image&source=DZI/spf/spf/0/15/55/65/spf00155565.dzi","São Roque de Minas","Parque Nacional da Serra da Canastra"
"PARQUE NACIONAL SERRA DA CANASTRA","Angiosperms","Myrtaceae","Myrcia","nivea","Cambess.","MYRTACEAE Myrcia nivea Cambess.","SPF00155564",,"SPF","Mello-Silva, R.","1974","Native","2002","Rosa, P.O.","11/11","Ouro","Ouro","jbrj-public.s3-sa-east-1.amazonaws.com/fsi/server?type=image&source=DZI/spf/spf/0/15/55/64/spf00155564.dzi","São Roque de Minas","Parque Nacional da Serra da Canastra"
"PARQUE NACIONAL SERRA DA CANASTRA","Angiosperms","Piperaceae","Peperomia","urocarpa","Fisch. & C.A.Mey.","PIPERACEAE Peperomia urocarpa Fisch. & C.A.Mey.","SPF00159308",,"SPF","Pontes, A.F.","538","Native","2002","Carvalho-Silva, M.","12/4","Ouro","Ouro","jbrj-public.s3-sa-east-1.amazonaws.com/fsi/server?type=image&source=DZI/spf/spf/0/15/93/8/spf00159308.dzi","Sacramento","Parque Nacional da Serra da Canastra, Estrada São Roque de Minas - Sacramento, a 41 km da portaria de São Roque de Minas."
"PARQUE NACIONAL SERRA DA CANASTRA","Angiosperms","Piperaceae","Piper","hispidum","Sw.","PIPERACEAE Piper hispidum Sw.","SPF00159309",,"SPF","Pontes, A.F.","545","Native","2002","Carvalho-Silva, M.","8/11","Ouro","Ouro","jbrj-public.s3-sa-east-1.amazonaws.com/fsi/server?type=image&source=DZI/spf/spf/0/15/93/9/spf00159309.dzi","São Roque de Minas","Parque Nacional da Serra da Canastra, Na base da cachoeria Casca d'Anta, na trilha que vai à cachoeira."
"PARQUE NACIONAL SERRA DA CANASTRA","Angiosperms","Polygalaceae","Senega","juncea","(A.St.Hil. & Moq.) J.F.B.Pastore","POLYGALACEAE Senega juncea (A.St.Hil. & Moq.) J.F.B.Pastore","SPF00159310",,"SPF","Pontes, A.F.","550","Native","2002","Pastore, J.F.B.","8/10","Ouro","Ouro","jbrj-public.s3-sa-east-1.amazonaws.com/fsi/server?type=image&source=DZI/spf/spf/0/15/93/10/spf00159310.dzi","São Roque de Minas","Parque Nacional da Serra da Canastra"
"PARQUE NACIONAL SERRA DA CANASTRA","Angiosperms","Rubiaceae","Cordiera","elliptica","(Cham.) Kuntze","RUBIACEAE Cordiera elliptica (Cham.) Kuntze","SPF00159315",,"SPF","Pontes, A.F.","531","Native","2002","Calio, M.F.","7/12","Ouro","Ouro","jbrj-public.s3-sa-east-1.amazonaws.com/fsi/server?type=image&source=DZI/spf/spf/0/15/93/15/spf00159315.dzi","Sacramento","Parque Nacional da Serra da Canastra"
"PARQUE NACIONAL SERRA DA CANASTRA","Angiosperms","Rubiaceae","Declieuxia","deltoidea","Müll.Arg.","RUBIACEAE Declieuxia deltoidea Müll.Arg.","SPF00155571",,"SPF","Mello-Silva, R.","1977","Native","2002","Calio, M.F.","5/11","Ouro","Ouro","jbrj-public.s3-sa-east-1.amazonaws.com/fsi/server?type=image&source=DZI/spf/spf/0/15/55/71/spf00155571.dzi","São Roque de Minas","Parque Nacional da Serra da Canastra"
"PARQUE NACIONAL SERRA DA CANASTRA","Angiosperms","Santalaceae","Phoradendron","crassifolium","(Pohl ex DC.) Eichler","SANTALACEAE Phoradendron crassifolium (Pohl ex DC.) Eichler","SPF00155555",,"SPF","Mello-Silva, R.","1998","Native","2002","Caires, C.S.","12/5/10","Ouro","Ouro","jbrj-public.s3-sa-east-1.amazonaws.com/fsi/server?type=image&source=DZI/spf/spf/0/15/55/55/spf00155555.dzi","São Roque de Minas","Parque Nacional da Serra da Canastra"
"PARQUE NACIONAL SERRA DA CANASTRA",,"Polygalaceae","Senega","monosperma","(A.W.Benn) J.F.B.Pastore","POLYGALACEAE Senega monosperma (A.W.Benn) J.F.B.Pastore","HUFU00036150",,"HUFU","Pacheco, R.A.","264",,"2002","Pastore, J.F.B.","2023","Ouro","Ouro","jbrj-public.s3-sa-east-1.amazonaws.com/fsi/server?type=image&source=DZI/hufu/hufu/0/3/61/50/hufu00036150.dzi","São Roque de Minas","Parque Nacional da Serra da Canastra"
"PARQUE NACIONAL SERRA DA CANASTRA","Angiosperms","Gesneriaceae","Sinningia","allagophylla","(Mart.) Wiehler","GESNERIACEAE Sinningia allagophylla (Mart.) Wiehler","HUFU00039702",,"HUFU","Romero, R.","6358","Native","2002","Chautems, A.","2020","Ouro","Ouro","jbrj-public.s3-sa-east-1.amazonaws.com/fsi/server?type=image&source=DZI/hufu/hufu/0/3/97/2/hufu00039702.dzi","São Roque de Minas","Parque Nacional da Serra da Canastra; Lagoa rodeada por plantação de Pinheiros."
"PARQUE NACIONAL SERRA DA CANASTRA","Angiosperms","Myrtaceae","Campomanesia","simulans","M.L.Kawas.","MYRTACEAE Campomanesia simulans M.L.Kawas.","SPF00155566",,"SPF","Mello-Silva, R.","1985","Native","2002","Stadnik, A.","2019","Ouro","Ouro","jbrj-public.s3-sa-east-1.amazonaws.com/fsi/server?type=image&source=DZI/spf/spf/0/15/55/66/spf00155566.dzi","São Roque de Minas","Parque Nacional da Serra da Canastra"
"PARQUE NACIONAL SERRA DA CANASTRA","Angiosperms","Violaceae","Pombalia","lanata","(A.St.-Hil.) Paula-Souza","VIOLACEAE Pombalia lanata (A.St.-Hil.) Paula-Souza","SPF00156037",,"SPF","Lima, L.R.","190","Native","2002","Paula-Souza, J.","2019","Ouro","Ouro","jbrj-public.s3-sa-east-1.amazonaws.com/fsi/server?type=image&source=DZI/spf/spf/0/15/60/37/spf00156037.dzi","São Roque de Minas","Parque Nacional da Serra da Canastra"
"PARQUE NACIONAL SERRA DA CANASTRA","Angiosperms","Onagraceae","Fuchsia","regia","(Vell.) Munz","ONAGRACEAE Fuchsia regia (Vell.) Munz","HURB000019770",,"HURB","Lima, L.R.","202","Native","2002","Sousa, N.X.M.","2018","Ouro","Ouro","jbrj-public-img.s3-sa-east-1.amazonaws.com/JPG/hurb/hurb/0/0/19/77/0/hurb000019770.jpg","São Roque de Minas","Parque Nacional da Serra da Canastra."
"PARQUE NACIONAL SERRA DA CANASTRA","Angiosperms","Primulaceae","Myrsine","monticola","Mart.","PRIMULACEAE Myrsine monticola Mart.","HUFU00037365",,"HUFU","Duarte, P.C.","77","Native","2002","Freitas, M.F.","2018","Ouro","Ouro","jbrj-public.s3-sa-east-1.amazonaws.com/fsi/server?type=image&source=DZI/hufu/hufu/0/3/73/65/hufu00037365.dzi","São Roque de Minas","Parque Nacional da Serra da Canastra"
"PARQUE NACIONAL SERRA DA CANASTRA","Angiosperms","Acanthaceae","Justicia","nodicaulis","(Nees) Leonard","ACANTHACEAE Justicia nodicaulis (Nees) Leonard","HUFU00053492",,"HUFU","Romero, R.","6218","Native","2002","Kameyama, C.","2016","Ouro","Ouro","jbrj-public.s3-sa-east-1.amazonaws.com/fsi/server?type=image&source=DZI/hufu/hufu/0/5/34/92/hufu00053492.dzi","São Roque de Minas","Parque Nacional da Serra da Canastra"
"PARQUE NACIONAL SERRA DA CANASTRA","Angiosperms","Apocynaceae","Aspidosperma","tomentosum","Mart. & Zucc.","APOCYNACEAE Aspidosperma tomentosum Mart. & Zucc.","HUFU00053014",,"HUFU","Romero, R.","6221","Native","2002","Castello, A.C.D.","2016","Ouro","Ouro","jbrj-public.s3-sa-east-1.amazonaws.com/fsi/server?type=image&source=DZI/hufu/hufu/0/5/30/14/hufu00053014.dzi","São Roque de Minas","Parque Nacional da Serra da Canastra"
"PARQUE NACIONAL SERRA DA CANASTRA","Angiosperms","Asteraceae","Aldama","tenuifolia","(Gardner) E.E.Schill. & Panero","ASTERACEAE Aldama tenuifolia (Gardner) E.E.Schill. & Panero","HUFU00057108",,"HUFU","Pacheco, R.A.","293","Native","2002","Nakajima, J.N.","2016","Ouro","Ouro","jbrj-public.s3-sa-east-1.amazonaws.com/fsi/server?type=image&source=DZI/hufu/hufu/0/5/71/8/hufu00057108.dzi","São Roque de Minas","Parque Nacional da Serra da Canastra"
"PARQUE NACIONAL SERRA DA CANASTRA","Angiosperms","Asteraceae","Ayapana","amygdalina","(Lam.) R.M.King & H.Rob.","ASTERACEAE Ayapana amygdalina (Lam.) R.M.King & H.Rob.","HUFU00057184",,"HUFU","Nakajima, J.N.","3190","Native","2002","Nakajima, J.N.","2016","Ouro","Ouro","jbrj-public.s3-sa-east-1.amazonaws.com/fsi/server?type=image&source=DZI/hufu/hufu/0/5/71/84/hufu00057184.dzi","Delfinópolis","Parque Nacional da Serra da Canastra ; Trilha do Zé Carlinho, subida para Serra do Cemitério."
"PARQUE NACIONAL SERRA DA CANASTRA","Angiosperms","Asteraceae","Chrysolaena","desertorum","(Mart. ex DC.) Dematt.","ASTERACEAE Chrysolaena desertorum (Mart. ex DC.) Dematt.","HUFU00057610",,"HUFU","Pacheco, R.A.","260","Native","2002","Nakajima, J.N.","2016","Ouro","Ouro","jbrj-public.s3-sa-east-1.amazonaws.com/fsi/server?type=image&source=DZI/hufu/hufu/0/5/76/10/hufu00057610.dzi","São Roque de Minas","Parque Nacional da Serra da Canastra"
"PARQUE NACIONAL SERRA DA CANASTRA","Angiosperms","Asteraceae","Heterocondylus","amphidyctius","(DC.) R.M.King & H.Rob.","ASTERACEAE Heterocondylus amphidyctius (DC.) R.M.King & H.Rob.","HUFU00057907",,"HUFU","Romero, R.","6630","Native","2002","Nakajima, J.N.","2016","Ouro","Ouro","jbrj-public.s3-sa-east-1.amazonaws.com/fsi/server?type=image&source=DZI/hufu/hufu/0/5/79/7/hufu00057907.dzi","São Roque de Minas","Parque Nacional da Serra da Canastra ; Próximo à Cachoeira dos Rolinhos"
"PARQUE NACIONAL SERRA DA CANASTRA","Angiosperms","Rubiaceae","Declieuxia","cordigera","Mart. & Zucc. ex Schult. & Schult.f.","RUBIACEAE Declieuxia cordigera Mart. & Zucc. ex Schult. & Schult.f.","CEN00092841",,"CEN","Mello-Silva, R.","1995","Native","2002","Delprete, P.","2016","Ouro","Ouro","jbrj-public.s3.amazonaws.com/fsi/server?type=image&source=DZI/cen/cen/0/9/28/41/cen00092841.dzi","São Roque de Minas","Parque Nacional da Serra da Canastra. Nascentedo rio São Francisco. Campo e mata ciliar em forma de capão ao lado da estrada São Roque de Minas - Sacramento, a 5 km da portaria de São Roque."
"PARQUE NACIONAL SERRA DA CANASTRA","Angiosperms","Euphorbiaceae","Manihot","tomentosa","Pohl","EUPHORBIACEAE Manihot tomentosa Pohl","HUFU00050157",,"HUFU","Romero, R.","6189","Native","2002","Mendoza, M.","2015","Ouro","Ouro","jbrj-public.s3-sa-east-1.amazonaws.com/fsi/server?type=image&source=DZI/hufu/hufu/0/5/1/57/hufu00050157.dzi","São Roque de Minas","Parque Nacional da Serra da Canastra; Serra do Rolador."
"PARQUE NACIONAL SERRA DA CANASTRA","Angiosperms","Malpighiaceae","Byrsonima","rupestris","Francener & Mamede","MALPIGHIACEAE Byrsonima rupestris Francener & Mamede","HUFU00041191",,"HUFU","Duarte, P.C.","52","Native","2002","Francener, A.","2015","Ouro","Ouro","jbrj-public.s3-sa-east-1.amazonaws.com/fsi/server?type=image&source=DZI/hufu/hufu/0/4/11/91/hufu00041191.dzi","São Roque de Minas","Parque Nacional da Serra da Canastra"
"PARQUE NACIONAL SERRA DA CANASTRA","Angiosperms","Calophyllaceae","Kielmeyera","variabilis","Mart. & Zucc.","CALOPHYLLACEAE Kielmeyera variabilis Mart. & Zucc.","HUFU00052039",,"HUFU","Romero, R.","6559","Native","2002","Trad, R.J.","2014","Ouro","Ouro","jbrj-public.s3-sa-east-1.amazonaws.com/fsi/server?type=image&source=DZI/hufu/hufu/0/5/20/39/hufu00052039.dzi","São Roque de Minas","Parque Nacional da Serra da Canastra ; Trilha Casca D'Anta."
"PARQUE NACIONAL SERRA DA CANASTRA","Angiosperms","Eriocaulaceae","Floralia","vaginata","(Körn.) Andrino","ERIOCAULACEAE Floralia vaginata (Körn.) Andrino","HUFU00050737",,"HUFU","Romero, R.","6361","Native","2002","Echternacht, L.","2014","Ouro","Ouro","jbrj-public.s3-sa-east-1.amazonaws.com/fsi/server?type=image&source=DZI/hufu/hufu/0/5/7/37/hufu00050737.dzi","São Roque de Minas","Parque Nacional da Serra da Canastra ; Lagoa rodeada por plantação de Pinheiros."
"PARQUE NACIONAL SERRA DA CANASTRA","Angiosperms","Turneraceae","Turnera","hilaireana","Urb.","TURNERACEAE Turnera hilaireana Urb.","SPF00155686",,"SPF","Lima, L.R.","188","Native","2002","Arbo, M.M.","2014","Ouro","Ouro","jbrj-public.s3-sa-east-1.amazonaws.com/fsi/server?type=image&source=DZI/spf/spf/0/15/56/86/spf00155686.dzi","São Roque de Minas","Parque Nacional da Serra da Canastra, Estrada São Roque de Minas - Sacramento, a 52 km da portaria de São Roque de Minas. Capão ao sul da estrada."
"PARQUE NACIONAL SERRA DA CANASTRA","Angiosperms","Poaceae","Axonopus","brasiliensis","(Spreng.) Kuhlm.","POACEAE Axonopus brasiliensis (Spreng.) Kuhlm.","HUFU00031211",,"HUFU","Pacheco, R.A.","392","Native","2002","Ferreira, F.M.","2013","Ouro","Ouro","jbrj-public.s3-sa-east-1.amazonaws.com/fsi/server?type=image&source=DZI/hufu/hufu/0/3/12/11/hufu00031211.dzi","São Roque de Minas","Parque Nacional da Serra da Canastra"
"PARQUE NACIONAL SERRA DA CANASTRA","Angiosperms","Poaceae","Taquara","micrantha","(Kunth) I.L.C.Oliveira & R.P.Oliveira","POACEAE Taquara micrantha (Kunth) I.L.C.Oliveira & R.P.Oliveira","HUFU00032192",,"HUFU","Pacheco, R.A.","256","Native","2002","Ferreira, F.M.","2013","Ouro","Ouro","jbrj-public.s3-sa-east-1.amazonaws.com/fsi/server?type=image&source=DZI/hufu/hufu/0/3/21/92/hufu00032192.dzi","Delfinópolis","Parque Nacional da Serra da Canastra"
"PARQUE NACIONAL SERRA DA CANASTRA","Angiosperms","Erythroxylaceae","Erythroxylum","daphnites","Mart.","ERYTHROXYLACEAE Erythroxylum daphnites Mart.","SPF00155553",,"SPF","Mello-Silva, R.","1988","Native","2002","Jara, A.","2012","Ouro","Ouro","jbrj-public.s3-sa-east-1.amazonaws.com/fsi/server?type=image&source=DZI/spf/spf/0/15/55/53/spf00155553.dzi","São Roque de Minas","Parque Nacional da Serra da Canastra"
"PARQUE NACIONAL SERRA DA CANASTRA","Angiosperms","Fabaceae","Mimosa","paucifolia","Benth.","FABACEAE Mimosa paucifolia Benth.","HUFU00040603",,"HUFU","Pacheco, R.A.","444","Native","2002","Dutra, V.F.","2012","Ouro","Ouro","jbrj-public.s3-sa-east-1.amazonaws.com/fsi/server?type=image&source=DZI/hufu/hufu/0/4/6/3/hufu00040603.dzi","São Roque de Minas","Parque Nacional da Serra da Canastra"
"PARQUE NACIONAL SERRA DA CANASTRA","Angiosperms","Fabaceae","Mimosa","paucifolia","Benth.","FABACEAE Mimosa paucifolia var. paucifolia Benth.","HUFU00040605",,"HUFU","Duarte, P.C.","161","Native","2002","Dutra, V.F.","2012","Ouro","Ouro","jbrj-public.s3-sa-east-1.amazonaws.com/fsi/server?type=image&source=DZI/hufu/hufu/0/4/6/5/hufu00040605.dzi","São Roque de Minas","Parque Nacional da Serra da Canastra"
"PARQUE NACIONAL SERRA DA CANASTRA","Angiosperms","Myrtaceae","Myrcia","splendens","(Sw.) DC.","MYRTACEAE Myrcia splendens (Sw.) DC.","HUFU00017810",,"HUFU","Mello-Silva, R.","1956","Native","2002","Rosa, P.O.","2010","Ouro","Ouro","jbrj-public.s3-sa-east-1.amazonaws.com/fsi/server?type=image&source=DZI/hufu/hufu/0/1/78/10/hufu00017810.dzi","Sacramento","Parque Nacional da Serra da Canastra, Estrada São Roque de Minas - Sacramento, a 57km da portaria de São Roque de Minas. Cerrado de altitude."
"PARQUE NACIONAL SERRA DA CANASTRA","Angiosperms","Myrtaceae","Myrcia","guianensis","(Aubl.) DC.","MYRTACEAE Myrcia guianensis (Aubl.) DC.","HUFU00036468",,"HUFU","Romero, R.","6429","Native","2002","Rosa, P.O.","2008","Ouro","Ouro","jbrj-public.s3-sa-east-1.amazonaws.com/fsi/server?type=image&source=DZI/hufu/hufu/0/3/64/68/hufu00036468.dzi","São Roque de Minas","Parque Nacional da Serra da Canastra"
"PARQUE NACIONAL SERRA DA CANASTRA","Angiosperms","Myrtaceae","Myrcia","mutabilis","(O.Berg) N.Silveira","MYRTACEAE Myrcia mutabilis (O.Berg) N.Silveira","HUFU00036478",,"HUFU","Pacheco, R.A.","234","Native","2002","Rosa, P.O.","2008","Ouro","Ouro","jbrj-public.s3-sa-east-1.amazonaws.com/fsi/server?type=image&source=DZI/hufu/hufu/0/3/64/78/hufu00036478.dzi","São Roque de Minas","Parque Nacional da Serra da Canastra"
"PARQUE NACIONAL SERRA DA CANASTRA","Angiosperms","Dryopteridaceae","Elaphoglossum","macrophyllum","(Mett. ex Kuhn) Christ","DRYOPTERIDACEAE Elaphoglossum macrophyllum (Mett. ex Kuhn) Christ","HUFU00034032",,"HUFU","Nakajima, J.N.","3274","Native","2002","Salino, A.","2007","Ouro","Ouro","jbrj-public.s3-sa-east-1.amazonaws.com/fsi/server?type=image&source=DZI/hufu/hufu/0/3/40/32/hufu00034032.dzi","São Roque de Minas","Parque Nacional da Serra da Canastra"
"PARQUE NACIONAL SERRA DA CANASTRA","Angiosperms","Acanthaceae","Ruellia","geminiflora","Kunth","ACANTHACEAE Ruellia geminiflora Kunth","SPF00155670",,"SPF","Lima, L.R.","187","Native","2002","Kameyama, C.","2006","Ouro","Ouro","jbrj-public.s3-sa-east-1.amazonaws.com/fsi/server?type=image&source=DZI/spf/spf/0/15/56/70/spf00155670.dzi","São Roque de Minas","Parque Nacional da Serra da Canastra"
"PARQUE NACIONAL SERRA DA CANASTRA","Angiosperms","Poaceae","Andropogon","lateralis","Nees","POACEAE Andropogon lateralis Nees","HUFU00035786",,"HUFU","Pacheco, R.A.","401","Native","2002","Viana, P.L.","2006","Ouro","Ouro","jbrj-public.s3-sa-east-1.amazonaws.com/fsi/server?type=image&source=DZI/hufu/hufu/0/3/57/86/hufu00035786.dzi","São Roque de Minas","Parque Nacional da Serra da Canastra"
"PARQUE NACIONAL SERRA DA CANASTRA","Angiosperms","Poaceae","Anthaenantia","lanata","(Kunth) Benth.","POACEAE Anthaenantia lanata (Kunth) Benth.","HUFU00035799",,"HUFU","Pacheco, R.A.","365","Native","2002","Viana, P.L.","2006","Ouro","Ouro","jbrj-public.s3-sa-east-1.amazonaws.com/fsi/server?type=image&source=DZI/hufu/hufu/0/3/57/99/hufu00035799.dzi","São Roque de Minas","Parque Nacional da Serra da Canastra"
"PARQUE NACIONAL SERRA DA CANASTRA","Angiosperms","Poaceae","Apochloa","subtiramulosa","(Renvoize & Zuloaga) Zuloaga & Morrone","POACEAE Apochloa subtiramulosa (Renvoize & Zuloaga) Zuloaga & Morrone","HUFU00035935",,"HUFU","Pacheco, R.A.","396","Native","2002","Viana, P.L.","2006","Ouro","Ouro","jbrj-public.s3-sa-east-1.amazonaws.com/fsi/server?type=image&source=DZI/hufu/hufu/0/3/59/35/hufu00035935.dzi","São Roque de Minas","Parque Nacional da Serra da Canastra"
"PARQUE NACIONAL SERRA DA CANASTRA","Angiosperms","Poaceae","Elionurus","muticus","(Spreng.) Kuntze","POACEAE Elionurus muticus (Spreng.) Kuntze","HUFU00035860",,"HUFU","Duarte, P.C.","130","Native","2002","Viana, P.L.","2006","Ouro","Ouro","jbrj-public.s3-sa-east-1.amazonaws.com/fsi/server?type=image&source=DZI/hufu/hufu/0/3/58/60/hufu00035860.dzi","São Roque de Minas","Parque Nacional da Serra da Canastra"
"PARQUE NACIONAL SERRA DA CANASTRA","Angiosperms","Poaceae","Paspalum","rupium","Renvoize","POACEAE Paspalum rupium Renvoize","HUFU00035955",,"HUFU","Pacheco, R.A.","419","Native","2002","Viana, P.L.","2006","Ouro","Ouro","jbrj-public.s3-sa-east-1.amazonaws.com/fsi/server?type=image&source=DZI/hufu/hufu/0/3/59/55/hufu00035955.dzi","São Roque de Minas","Parque Nacional da Serra da Canastra"
"PARQUE NACIONAL SERRA DA CANASTRA","Angiosperms","Velloziaceae","Vellozia","peripherica","Mello-Silva","VELLOZIACEAE Vellozia peripherica Mello-Silva","HUFU00034496",,"HUFU","Duarte, P.C.","59","Native","2002","Mello-Silva, R.","2006","Ouro","Ouro","jbrj-public.s3-sa-east-1.amazonaws.com/fsi/server?type=image&source=DZI/hufu/hufu/0/3/44/96/hufu00034496.dzi","São Roque de Minas","Parque Nacional da Serra da Canastra"
"PARQUE NACIONAL SERRA DA CANASTRA","Angiosperms","Asteraceae","Lessingianthus","glabratus","(Less.) H.Rob.","ASTERACEAE Lessingianthus glabratus (Less.) H.Rob.","HUFU00058101",,"HUFU","Pacheco, R.A.","426","Native","2002","Nakajima, J.N.","2005","Ouro","Ouro","jbrj-public.s3-sa-east-1.amazonaws.com/fsi/server?type=image&source=DZI/hufu/hufu/0/5/81/1/hufu00058101.dzi","São Roque de Minas","Parque Nacional da Serra da Canastra"
"PARQUE NACIONAL SERRA DA CANASTRA","Angiosperms","Fabaceae","Cerradicola","heringeri","(Burkart) L.P.Queiroz","FABACEAE Cerradicola heringeri (Burkart) L.P.Queiroz","HUFU00040472",,"HUFU","Pacheco, R.A.","182","Native","2002","Garcia, F.C.P.","2005","Ouro","Ouro","jbrj-public.s3-sa-east-1.amazonaws.com/fsi/server?type=image&source=DZI/hufu/hufu/0/4/4/72/hufu00040472.dzi","São Roque de Minas","Parque Nacional da Serra da Canastra"
"PARQUE NACIONAL SERRA DA CANASTRA","Angiosperms","Fabaceae","Nanogalactia","pretiosa","(Burkart) L.P.Queiroz","FABACEAE Nanogalactia pretiosa (Burkart) L.P.Queiroz","HUFU00040530",,"HUFU","Pacheco, R.A.","263","Native","2002","Garcia, F.C.P.","2005","Ouro","Ouro","jbrj-public.s3-sa-east-1.amazonaws.com/fsi/server?type=image&source=DZI/hufu/hufu/0/4/5/30/hufu00040530.dzi","São Roque de Minas","Parque Nacional da Serra da Canastra"
"PARQUE NACIONAL SERRA DA CANASTRA","Angiosperms","Piperaceae","Peperomia","circinnata","Link","PIPERACEAE Peperomia circinnata Link","HUFU00035687",,"HUFU","Pacheco, R.A.","258","Native","2002","Carvalho-Silva, M.","2005","Ouro","Ouro","jbrj-public.s3-sa-east-1.amazonaws.com/fsi/server?type=image&source=DZI/hufu/hufu/0/3/56/87/hufu00035687.dzi","Delfinópolis","Parque Nacional da Serra da Canastra"
"PARQUE NACIONAL SERRA DA CANASTRA","Angiosperms","Bromeliaceae","Bromelia",,"L.","BROMELIACEAE Bromelia L.","HUFU00052224",,"HUFU","Duarte, P.C.","23","Native","2002","Paula, C.C.","2004","Ouro","Ouro","jbrj-public.s3-sa-east-1.amazonaws.com/fsi/server?type=image&source=DZI/hufu/hufu/0/5/22/24/hufu00052224.dzi","São Roque de Minas","Parque Nacional da Serra da Canastra ; Guarita de Sacramento."
"PARQUE NACIONAL SERRA DA CANASTRA","Angiosperms","Bromeliaceae","Tillandsia","stricta","Sol.","BROMELIACEAE Tillandsia stricta Sol.","HUFU00051632",,"HUFU","Duarte, P.C.","140","Native","2002","Paula, C.C.","2004","Ouro","Ouro","jbrj-public.s3-sa-east-1.amazonaws.com/fsi/server?type=image&source=DZI/hufu/hufu/0/5/16/32/hufu00051632.dzi","São Roque de Minas","Parque Nacional da Serra da Canastra ; Três Matinhas."
"PARQUE NACIONAL SERRA DA CANASTRA","Angiosperms","Malpighiaceae","Camarea","ericoides","A.St.-Hil.","MALPIGHIACEAE Camarea ericoides A.St.-Hil.","SPF00155560",,"SPF","Mello-Silva, R.","1980","Native","2002","Mamede, M.C.H.","2003","Ouro","Ouro","jbrj-public.s3-sa-east-1.amazonaws.com/fsi/server?type=image&source=DZI/spf/spf/0/15/55/60/spf00155560.dzi","São Roque de Minas","Parque Nacional da Serra da Canastra, Encostas à margem direita do Rio São Francisco, no alto da Cachoeira Casca d´Anta. Em campo areno-pedregoso com Vellozia nivea e Barbacenia lymansmithii. Pequena população florida."
"PARQUE NACIONAL SERRA DA CANASTRA","Angiosperms","Melastomataceae","Cambessedesia","espora","(A.St.-Hil. ex Bonpl.) DC.","MELASTOMATACEAE Cambessedesia espora (A.St.-Hil. ex Bonpl.) DC.","HUFU00038785",,"HUFU","Nakajima, J.N.","3192","Native","2002","Romero, R.","2003","Ouro","Ouro","jbrj-public.s3-sa-east-1.amazonaws.com/fsi/server?type=image&source=DZI/hufu/hufu/0/3/87/85/hufu00038785.dzi","São Roque de Minas","Parque Nacional da Serra da Canastra; Trilha do Zé Carlinhos, subida para a Serra do Cemitério."
"PARQUE NACIONAL SERRA DA CANASTRA",,"Melastomataceae","Cambessedesia","regnelliana","Cogn.","MELASTOMATACEAE Cambessedesia regnelliana Cogn.","HUFU00038836",,"HUFU","Nakajima, J.N.","3205",,"2002","Romero, R.","2003","Ouro","Ouro","jbrj-public.s3-sa-east-1.amazonaws.com/fsi/server?type=image&source=DZI/hufu/hufu/0/3/88/36/hufu00038836.dzi","São Roque de Minas","Parque Nacional da Serra da Canastra; Trilha do Zé Carlinhos, subida para a Serra do Cemitério."
"PARQUE NACIONAL SERRA DA CANASTRA","Angiosperms","Melastomataceae","Chaetostoma","armatum","(Spreng.) Cogn.","MELASTOMATACEAE Chaetostoma armatum (Spreng.) Cogn.","HUFU00038913",,"HUFU","Romero, R.","6399","Native","2002","Romero, R.","2003","Ouro","Ouro","jbrj-public.s3-sa-east-1.amazonaws.com/fsi/server?type=image&source=DZI/hufu/hufu/0/3/89/13/hufu00038913.dzi","São Roque de Minas","Parque Nacional da Serra da Canastra; Estrada para Guarita."
"PARQUE NACIONAL SERRA DA CANASTRA","Angiosperms","Melastomataceae","Leandra","erostrata","(DC.) Cogn.","MELASTOMATACEAE Leandra erostrata (DC.) Cogn.","HUFU00037656",,"HUFU","Romero, R.","6622","Native","2002","Romero, R.","2003","Ouro","Ouro","jbrj-public.s3-sa-east-1.amazonaws.com/fsi/server?type=image&source=DZI/hufu/hufu/0/3/76/56/hufu00037656.dzi","São Roque de Minas","Parque Nacional da Serra da Canastra; Região Três Matinhas."
"PARQUE NACIONAL SERRA DA CANASTRA","Angiosperms","Melastomataceae","Leandra","polystachya","(Naudin) Cogn.","MELASTOMATACEAE Leandra polystachya (Naudin) Cogn.","HUFU00037687",,"HUFU","Nakajima, J.N.","3198","Native","2002","Romero, R.","2003","Ouro","Ouro","jbrj-public.s3-sa-east-1.amazonaws.com/fsi/server?type=image&source=DZI/hufu/hufu/0/3/76/87/hufu00037687.dzi","São Roque de Minas","Parque Nacional da Serra da Canastra; Trilha do Zé Carlinhos, subida para a Serra do Cemitério."
"PARQUE NACIONAL SERRA DA CANASTRA","Angiosperms","Melastomataceae","Macairea","radula","(Bonpl.) DC.","MELASTOMATACEAE Macairea radula (Bonpl.) DC.","HUFU00037785",,"HUFU","Romero, R.","6444","Native","2002","Romero, R.","2003","Ouro","Ouro","jbrj-public.s3-sa-east-1.amazonaws.com/fsi/server?type=image&source=DZI/hufu/hufu/0/3/77/85/hufu00037785.dzi","São Roque de Minas","Parque Nacional da Serra da Canastra; Trilha Escada de Pedras."
"PARQUE NACIONAL SERRA DA CANASTRA","Angiosperms","Melastomataceae","Marcetia","taxifolia","(A.St.-Hil.) DC.","MELASTOMATACEAE Marcetia taxifolia (A.St.-Hil.) DC.","HUFU00037797",,"HUFU","Nakajima, J.N.","3204","Native","2002","Romero, R.","2003","Ouro","Ouro","jbrj-public.s3-sa-east-1.amazonaws.com/fsi/server?type=image&source=DZI/hufu/hufu/0/3/77/97/hufu00037797.dzi","São Roque de Minas","Parque Nacional da Serra da Canastra; Trilha do Zé Carlinhos, subida para a Serra do Cemitério."
"PARQUE NACIONAL SERRA DA CANASTRA","Angiosperms","Melastomataceae","Miconia","nervosa","(Sm.) Triana","MELASTOMATACEAE Miconia nervosa (Sm.) Triana","HUFU00037986",,"HUFU","Pacheco, R.A.","218","Native","2002","Romero, R.","2003","Ouro","Ouro","jbrj-public.s3-sa-east-1.amazonaws.com/fsi/server?type=image&source=DZI/hufu/hufu/0/3/79/86/hufu00037986.dzi","São Roque de Minas","Parque Nacional da Serra da Canastra; Paraíso Selvagem, Trilha para a cachoeira do Alpinista."
"PARQUE NACIONAL SERRA DA CANASTRA","Angiosperms","Myrtaceae","Blepharocalyx","salicifolius","(Kunth) O.Berg","MYRTACEAE Blepharocalyx salicifolius (Kunth) O.Berg","HUFU00037419",,"HUFU","Pacheco, R.A.","204","Native","2002","Arantes, A.A.","2003","Ouro","Ouro","jbrj-public.s3-sa-east-1.amazonaws.com/fsi/server?type=image&source=DZI/hufu/hufu/0/3/74/19/hufu00037419.dzi","São Roque de Minas","Parque Nacional da Serra da Canastra"
"PARQUE NACIONAL SERRA DA CANASTRA","Angiosperms","Myrtaceae","Campomanesia","sessiliflora","(O.Berg) Mattos","MYRTACEAE Campomanesia sessiliflora (O.Berg) Mattos","HUFU00037508",,"HUFU","Fleury-Silva, H.R.","224","Native","2002","Arantes, A.A.","2003","Ouro","Ouro","jbrj-public.s3-sa-east-1.amazonaws.com/fsi/server?type=image&source=DZI/hufu/hufu/0/3/75/8/hufu00037508.dzi","São Roque de Minas","Parque Nacional da Serra da Canastra; Trilha da Casca D'Anta."
"PARQUE NACIONAL SERRA DA CANASTRA","Angiosperms","Myrtaceae","Myrcia","pulchella","(DC.) A.R.Loureço & E.Lucas","MYRTACEAE Myrcia pulchella (DC.) A.R.Loureço & E.Lucas","HUFU00037466",,"HUFU","Pacheco, R.A.","241","Native","2002","Arantes, A.A.","2003","Ouro","Ouro","jbrj-public.s3-sa-east-1.amazonaws.com/fsi/server?type=image&source=DZI/hufu/hufu/0/3/74/66/hufu00037466.dzi","Delfinópolis","Parque Nacional da Serra da Canastra"
"PARQUE NACIONAL SERRA DA CANASTRA","Angiosperms","Annonaceae","Annona","coriacea","Mart.","ANNONACEAE Annona coriacea Mart.","HUFU00053182",,"HUFU","Pontes, A.F.","562","Native","2002","Pontes, A.F.","2002","Ouro","Ouro","jbrj-public.s3-sa-east-1.amazonaws.com/fsi/server?type=image&source=DZI/hufu/hufu/0/5/31/82/hufu00053182.dzi","São Roque de Minas","Parque Nacional da Serra da Canastra"
"PARQUE NACIONAL SERRA DA CANASTRA","Angiosperms","Annonaceae","Annona","warmingiana","Mello-Silva & Pirani","ANNONACEAE Annona warmingiana Mello-Silva & Pirani","HUFU00053195",,"HUFU","Pontes, A.F.","534","Native","2002","Pontes, A.F.","2002","Ouro","Ouro","jbrj-public.s3-sa-east-1.amazonaws.com/fsi/server?type=image&source=DZI/hufu/hufu/0/5/31/95/hufu00053195.dzi","São Roque de Minas","Parque Nacional da Serra da Canastra"
"PARQUE NACIONAL SERRA DA CANASTRA","Angiosperms","Annonaceae","Xylopia","sericea","A.St.-Hil.","ANNONACEAE Xylopia sericea A.St.-Hil.","NY00980605",,"NY","Pontes, A.","542","Native","2002","Pontes, A.","2002","Ouro","Ouro","jbrj-public.s3-sa-east-1.amazonaws.com/fsi/server?type=image&source=DZI/newyork/ny_/0/98/6/5/ny_00980605.dzi",,"Parque Nacional da Serra da Canastra. Mata ciliar do rio São Francisco, na base da cachoeira Casca d'Anta, próximo a área dos quiosques, no início da trilha para a cachoeira"
"PARQUE NACIONAL SERRA DA CANASTRA","Angiosperms","Melastomataceae","Leandra","reversa","(DC.) Cogn.","MELASTOMATACEAE Leandra reversa (DC.) Cogn.","HUFU00037705",,"HUFU","Romero, R.","6216","Native","2002","Romero, R.","2002","Ouro","Ouro","jbrj-public.s3-sa-east-1.amazonaws.com/fsi/server?type=image&source=DZI/hufu/hufu/0/3/77/5/hufu00037705.dzi","São Roque de Minas","Parque Nacional da Serra da Canastra; Mata das Perobas. Fazenda Peroba."
"PARQUE NACIONAL SERRA DA CANASTRA","Angiosperms","Melastomataceae","Miconia","macrothyrsa","Benth.","MELASTOMATACEAE Miconia macrothyrsa Benth.","HUFU00037974",,"HUFU","Romero, R.","6195","Native","2002","Romero, R.","2002","Ouro","Ouro","jbrj-public.s3-sa-east-1.amazonaws.com/fsi/server?type=image&source=DZI/hufu/hufu/0/3/79/74/hufu00037974.dzi","São Roque de Minas","Parque Nacional da Serra da Canastra; Serra do Rolador."
"PARQUE NACIONAL SERRA DA CANASTRA","Angiosperms","Melastomataceae","Miconia","sellowiana","Naudin","MELASTOMATACEAE Miconia sellowiana Naudin","HUFU00038049",,"HUFU","Duarte, P.C.","08","Native","2002","Romero, R.","2002","Ouro","Ouro","jbrj-public.s3-sa-east-1.amazonaws.com/fsi/server?type=image&source=DZI/hufu/hufu/0/3/80/49/hufu00038049.dzi","São Roque de Minas","Parque Nacional da Serra da Canastra; Guarita de Sacramento."
"PARQUE NACIONAL SERRA DA CANASTRA","Angiosperms","Melastomataceae","Trembleya","phlogiformis","Mart. & Schrank ex DC.","MELASTOMATACEAE Trembleya phlogiformis Mart. & Schrank ex DC.","HUFU00037287",,"HUFU","Romero, R.","6356","Native","2002","Romero, R.","2002","Ouro","Ouro","jbrj-public.s3-sa-east-1.amazonaws.com/fsi/server?type=image&source=DZI/hufu/hufu/0/3/72/87/hufu00037287.dzi","São Roque de Minas","Parque Nacional da Serra da Canastra"
"PARQUE NACIONAL SERRA DA CANASTRA","Angiosperms","Melastomataceae","Miconia","chamissois","Naudin","MELASTOMATACEAE Miconia chamissois Naudin","HUFU00037843",,"HUFU","Romero, R.","6174","Native","2001",,,"Ouro","Ouro","jbrj-public.s3-sa-east-1.amazonaws.com/fsi/server?type=image&source=DZI/hufu/hufu/0/3/78/43/hufu00037843.dzi","São Roque de Minas","Parque Nacional da Serra da Canastra; Ribeirão Grande, afluentes margem direita."
"PARQUE NACIONAL SERRA DA CANASTRA","Angiosperms","Eriocaulaceae","Syngonanthus","nitens","Ruhland","ERIOCAULACEAE Syngonanthus nitens Ruhland","HUFU00050535",,"HUFU","Castro, N.M.","05","Native","2001","Echternacht, L.","2014","Ouro","Ouro","jbrj-public.s3-sa-east-1.amazonaws.com/fsi/server?type=image&source=DZI/hufu/hufu/0/5/5/35/hufu00050535.dzi","São Roque de Minas","Parque Nacional da Serra da Canastra ; Primeira pontinha após a garagem das pedras em direção a São Roque."
"PARQUE NACIONAL SERRA DA CANASTRA","Angiosperms","Eriocaulaceae","Floralia","elongata","(Bong.) Andrino","ERIOCAULACEAE Floralia elongata (Bong.) Andrino","HUFU00050821",,"HUFU","Castro, N.M.","03","Native","2001","Echternacht, L.","2013","Ouro","Ouro","jbrj-public.s3-sa-east-1.amazonaws.com/fsi/server?type=image&source=DZI/hufu/hufu/0/5/8/21/hufu00050821.dzi","São Roque de Minas","Parque Nacional da Serra da Canastra ; Garagem das Pedras."
"PARQUE NACIONAL SERRA DA CANASTRA","Angiosperms","Bromeliaceae","Acanthostachys","strobilacea","(Schult. & Schult.f.) Klotzsch","BROMELIACEAE Acanthostachys strobilacea (Schult. & Schult.f.) Klotzsch","HUFU00052214",,"HUFU","Romero, R.","6183","Native","2001","Paula, C.C.","2004","Ouro","Ouro","jbrj-public.s3-sa-east-1.amazonaws.com/fsi/server?type=image&source=DZI/hufu/hufu/0/5/22/14/hufu00052214.dzi","São Roque de Minas","Parque Nacional da Serra da Canastra ; Chapada de Furnas. Córrego da Quadra."
"PARQUE NACIONAL SERRA DA CANASTRA","Angiosperms","Orchidaceae","Habenaria","alpestris","Cogn.","ORCHIDACEAE Habenaria alpestris Cogn.","CEN00035083",,"CEN","Batista, J.A.N.","1073","Native","2000","Batista, J.A.N.","2020","Ouro","Ouro","jbrj-public.s3.amazonaws.com/fsi/server?type=image&source=DZI/cen/cen/0/3/50/83/cen00035083.dzi",,"Minas Gerais. Parque Nacional da Serra da Canastra. Área a direita da estrada São Roque de Minas - Sacramemto, na direção de Sacramento, cerca de 30 km após a portaria São Roque. Cerca de 7 km após a entrada para a Cachoeira Casca D'Anta."
"PARQUE NACIONAL SERRA DA CANASTRA","Angiosperms","Orchidaceae","Habenaria","cruegeri","Cogn.","ORCHIDACEAE Habenaria cruegeri Cogn.","CEN00035084",,"CEN","Batista, J.A.N.","1074","Native","2000","Batista, J.A.N.","2020","Ouro","Ouro","jbrj-public.s3.amazonaws.com/fsi/server?type=image&source=DZI/cen/cen/0/3/50/84/cen00035084.dzi","Sacramento","Parque Nacional da Serra da Canastra. Área a direita da estrada São Roque de Minas - Sacramento, na direção de Sacramento, cerca de 30 km após a portaria São Roque. Cerca de 7 km após a entrada para a Cachoeira Casca D'Anta."
"PARQUE NACIONAL SERRA DA CANASTRA","Angiosperms","Orchidaceae","Habenaria","crucifera","Rchb.f. & Warm.","ORCHIDACEAE Habenaria crucifera Rchb.f. & Warm.","CEN00035082",,"CEN","Batista, J.A.N.","1072","Native","2000","Batista, J.A.N.","2010","Ouro","Ouro","jbrj-public.s3.amazonaws.com/fsi/server?type=image&source=DZI/cen/cen/0/3/50/82/cen00035082.dzi","São Roque de Minas","Parque Nacional da Serra da Canastra. Área a direita da estrada São Roque de Minas - Sacramemto, na direção de Sacramento, cerca de 30 km após a portaria São Roque. Cerca de 7 km após a entrada para a Cachoeira Casca D'Anta."
"PARQUE NACIONAL SERRA DA CANASTRA","Angiosperms","Orchidaceae","Habenaria","imbricata","Lindl.","ORCHIDACEAE Habenaria imbricata Lindl.","CEN00035085",,"CEN","Batista, J.A.N.","1075","Native","2000","Batista, J.A.N.","2005","Ouro","Ouro","jbrj-public.s3.amazonaws.com/fsi/server?type=image&source=DZI/cen/cen/0/3/50/85/cen00035085.dzi","Sacramento","Parque Nacional da Serra da Canastra. Área a direita da estrada São Roque de Minas - Sacramemto, na direção de Sacramento, cerca de 30 km após a portaria São Roque. Cerca de 7 km após a entrada para a Cachoeira Casca D'Anta."
"PARQUE NACIONAL SERRA DA CANASTRA","Angiosperms","Lythraceae","Diplusodon","villosissimus","Pohl","LYTHRACEAE Diplusodon villosissimus Pohl","CEN00039082",,"CEN","Mota, R.C.","131","Native","2000","Cavalcanti, T.B.","2001","Ouro","Ouro","jbrj-public.s3.amazonaws.com/fsi/server?type=image&source=DZI/cen/cen/0/3/90/82/cen00039082.dzi","São Roque de Minas","Parque Nacional da Serra da Canastra."
"PARQUE NACIONAL SERRA DA CANASTRA","Angiosperms","Melastomataceae","Leandra","salicina","(DC.) Cogn.","MELASTOMATACEAE Leandra salicina (DC.) Cogn.","UPCB0014378",,"UPCB","Mota, R.C.","156","Native","2000","Goldenberg, R.","2000","Ouro","Ouro","jbrj-public.s3.amazonaws.com/fsi/server?type=image&source=DZI/upcb/upcb/0/1/43/78/upcb00014378.dzi","São Roque de Minas","Parque Nacional da Serra da Canastra"
"PARQUE NACIONAL SERRA DA CANASTRA","Angiosperms","Orchidaceae","Habenaria","ayangannensis","Renz","ORCHIDACEAE Habenaria ayangannensis Renz","CEN00035077",,"CEN","Batista, J.A.N.","1067","Native","2000","Batista, J.A.N.","2000","Ouro","Ouro","jbrj-public.s3.amazonaws.com/fsi/server?type=image&source=DZI/cen/cen/0/3/50/77/cen00035077.dzi","São Roque de Minas","Parque Nacional da Serra da Canastra. Campo a direita e a margem da estrada em direção a Cachoeira Casca D'anta, cerca de 0,7 Km após a entrada para a cachoeira a partir da estrada São Roque de Minas - Sacramento."
"PARQUE NACIONAL SERRA DA CANASTRA","Angiosperms","Orchidaceae","Habenaria","caldensis","Kraenzl.","ORCHIDACEAE Habenaria caldensis Kraenzl.","HUFU00030531",,"HUFU","Batista, J.A.N.","1061","Native","2000","Batista, J.A.N.","2000","Ouro","Ouro","jbrj-public.s3-sa-east-1.amazonaws.com/fsi/server?type=image&source=DZI/hufu/hufu/0/3/5/31/hufu00030531.dzi","São Roque de Minas","Parque Nacional da Serra da Canastra"
"PARQUE NACIONAL SERRA DA CANASTRA","Angiosperms","Orchidaceae","Habenaria","leprieurii","Rchb.f.","ORCHIDACEAE Habenaria leprieurii Rchb.f.","HUFU00030550",,"HUFU","Batista, J.A.N.","1074","Native","2000","Batista, J.A.N.","2000","Ouro","Ouro","jbrj-public.s3-sa-east-1.amazonaws.com/fsi/server?type=image&source=DZI/hufu/hufu/0/3/5/50/hufu00030550.dzi","São Roque de Minas","Parque Nacional da Serra da Canastra"
"PARQUE NACIONAL SERRA DA CANASTRA","Angiosperms","Orchidaceae","Habenaria","magniscutata","Catling","ORCHIDACEAE Habenaria magniscutata Catling","CEN00035080",,"CEN","Batista, J.A.N.","1070","Native","2000","Batista, J.A.N.","2000","Ouro","Ouro","jbrj-public.s3.amazonaws.com/fsi/server?type=image&source=DZI/cen/cen/0/3/50/80/cen00035080.dzi","São Roque de Minas","Parque Nacional da Serra da Canastra. Área a direita da estrada São Roque de Minas - Sacramemto, na direção de Sacramento, cerca de 30 km após a portaria São Roque. Cerca de 7 km após a entrada para a Cachoeira Casca D'Anta."
"PARQUE NACIONAL SERRA DA CANASTRA","Angiosperms","Apocynaceae","Mandevilla","hirsuta","(Rich.) K.Schum.","APOCYNACEAE Mandevilla hirsuta (Rich.) K.Schum.","SPF00137539",,"SPF","Farinaccio, M.A.","368","Native","1999","Simoes, A.O.","8/9/4","Ouro","Ouro","jbrj-public.s3-sa-east-1.amazonaws.com/fsi/server?type=image&source=DZI/spf/spf/0/13/75/39/spf00137539.dzi","São Roque de Minas","Parque Nacional da Serra da Canastra, Retiro das Pedras."
"PARQUE NACIONAL SERRA DA CANASTRA","Angiosperms","Apocynaceae","Oxypetalum","habrogynum","Farinaccio","APOCYNACEAE Oxypetalum habrogynum Farinaccio","SPF00137560",,"SPF","Farinaccio, M.A.","352","Native","1999","Anonimo",,"Ouro","Ouro","jbrj-public.s3-sa-east-1.amazonaws.com/fsi/server?type=image&source=DZI/spf/spf/0/13/75/60/spf00137560.dzi","São Roque de Minas","Parque Nacional da Serra da Canastra, Estrada Sacarmento-São Roque de Minas. Capões de mata após nascente do Rio São Francisco (três matinhas)."
"PARQUE NACIONAL SERRA DA CANASTRA","Angiosperms","Apocynaceae","Oxypetalum","helios","Farinaccio","APOCYNACEAE Oxypetalum helios Farinaccio","SPF00137562",,"SPF","Farinaccio, M.A.","351","Native","1999",,"26/12/2","Ouro","Ouro","jbrj-public.s3-sa-east-1.amazonaws.com/fsi/server?type=image&source=DZI/spf/spf/0/13/75/62/spf00137562.dzi","São Roque de Minas","Parque Nacional da Serra da Canastra, Estrada Sacramento-São Roque de Minas. Capões de mata após nascente do rio São Francisco (três matinhas)."
"PARQUE NACIONAL SERRA DA CANASTRA","Angiosperms","Aquifoliaceae","Ilex","brasiliensis","(Spreng.) Loes.","AQUIFOLIACEAE Ilex brasiliensis (Spreng.) Loes.","SPF00138407",,"SPF","Mello-Silva, R.","1708","Native","1999","Groppo, M.","8/0","Ouro","Ouro","jbrj-public.s3-sa-east-1.amazonaws.com/fsi/server?type=image&source=DZI/spf/spf/0/13/84/7/spf00138407.dzi","São Roque de Minas","Parque Nacional da Serra da Canastra, Nascentes do Rio São Francisco."
"PARQUE NACIONAL SERRA DA CANASTRA","Angiosperms","Araliaceae","Didymopanax","macrocarpus","(Cham. & Schltdl.) Seem.","ARALIACEAE Didymopanax macrocarpus (Cham. & Schltdl.) Seem.","SPF00138408",,"SPF","Mello-Silva, R.","1678","Native","1999","Fiaschi, P.","7/1","Ouro","Ouro","jbrj-public.s3-sa-east-1.amazonaws.com/fsi/server?type=image&source=DZI/spf/spf/0/13/84/8/spf00138408.dzi","São Roque de Minas","Parque Nacional da Serra da Canastra"
"PARQUE NACIONAL SERRA DA CANASTRA","Angiosperms","Begoniaceae","Begonia","rufa","Thunb.","BEGONIACEAE Begonia rufa Thunb.","SPF00137567",,"SPF","Farinaccio, M.A.","344a","Native","1999","Gregorio, B.S.","9/12","Ouro","Ouro","jbrj-public.s3-sa-east-1.amazonaws.com/fsi/server?type=image&source=DZI/spf/spf/0/13/75/67/spf00137567.dzi","São Roque de Minas","Parque Nacional da Serra da Canastra"
"PARQUE NACIONAL SERRA DA CANASTRA","Angiosperms","Calophyllaceae","Kielmeyera","corymbosa","Mart. & Zucc.","CALOPHYLLACEAE Kielmeyera corymbosa Mart. & Zucc.","SPF00138475",,"SPF","Farinaccio, M.A.","399","Native","1999","Trad, R.J.","9/17","Ouro","Ouro","jbrj-public.s3-sa-east-1.amazonaws.com/fsi/server?type=image&source=DZI/spf/spf/0/13/84/75/spf00138475.dzi","São Roque de Minas","Parque Nacional da Serra da Canastra"
"PARQUE NACIONAL SERRA DA CANASTRA","Angiosperms","Lamiaceae","Eriope","macrostachya","Mart. ex Benth.","LAMIACEAE Eriope macrostachya var. macrostachya Mart. ex Benth.","SPF00137592",,"SPF","Farinaccio, M.A.","340","Native","1999","Harley, R.M.","30/4/4","Ouro","Ouro","jbrj-public.s3-sa-east-1.amazonaws.com/fsi/server?type=image&source=DZI/spf/spf/0/13/75/92/spf00137592.dzi","São Roque de Minas","Parque Nacional da Serra da Canastra, Trilha para a parte de baixo da Casca D'Anta."
"PARQUE NACIONAL SERRA DA CANASTRA","Angiosperms","Lamiaceae","Hyptidendron","canum","(Pohl ex Benth.) Harley","LAMIACEAE Hyptidendron canum (Pohl ex Benth.) Harley","SPF00137596",,"SPF","Farinaccio, M.A.","336","Native","1999","Harley, R.M.","4/4","Ouro","Ouro","jbrj-public.s3-sa-east-1.amazonaws.com/fsi/server?type=image&source=DZI/spf/spf/0/13/75/96/spf00137596.dzi","São Roque de Minas","Parque Nacional da Serra da Canastra"
"PARQUE NACIONAL SERRA DA CANASTRA","Angiosperms","Lamiaceae","Hyptis","alpestris","A.St.-Hil. ex Benth.","LAMIACEAE Hyptis alpestris A.St.-Hil. ex Benth.","SPF00137595",,"SPF","Farinaccio, M.A.","299","Native","1999","Harley, R.M.","4/4","Ouro","Ouro","jbrj-public.s3-sa-east-1.amazonaws.com/fsi/server?type=image&source=DZI/spf/spf/0/13/75/95/spf00137595.dzi","São Roque de Minas","Parque Nacional da Serra da Canastra"
"PARQUE NACIONAL SERRA DA CANASTRA","Angiosperms","Lentibulariaceae","Genlisea","nebulicola","Rivadavia, Gonella & A.Fleischm.","LENTIBULARIACEAE Genlisea nebulicola Rivadavia, Gonella & A.Fleischm.","SPF00135491",,"SPF","Rivadavia, F.","864","Native","1999","Gonella, P.M.","11/11","Ouro","Ouro","jbrj-public.s3-sa-east-1.amazonaws.com/fsi/server?type=image&source=DZI/spf/spf/0/13/54/91/spf00135491.dzi","São Roque de Minas","Parque Nacional da Serra da Canastra"
"PARQUE NACIONAL SERRA DA CANASTRA","Angiosperms","Lentibulariaceae","Genlisea","violacea","A.St.-Hil.","LENTIBULARIACEAE Genlisea violacea A.St.-Hil.","SPF00135490",,"SPF","Rivadavia, F.","880","Native","1999","Fleischmann, A.","4/10","Ouro","Ouro","jbrj-public.s3-sa-east-1.amazonaws.com/fsi/server?type=image&source=DZI/spf/spf/0/13/54/90/spf00135490.dzi","São Roque de Minas","Parque Nacional da Serra da Canastra"
"PARQUE NACIONAL SERRA DA CANASTRA","Angiosperms","Lythraceae","Diplusodon","glocimarii","T.B.Cavalc.","LYTHRACEAE Diplusodon glocimarii T.B.Cavalc.","SPF00137604",,"SPF","Farinaccio, M.A.","320","Native","1999","Cavalcanti, T.B.","4/1","Ouro","Ouro","jbrj-public.s3-sa-east-1.amazonaws.com/fsi/server?type=image&source=DZI/spf/spf/0/13/76/4/spf00137604.dzi","São Roque de Minas","Parque Nacional da Serra da Canastra"
"PARQUE NACIONAL SERRA DA CANASTRA","Angiosperms","Malpighiaceae","Banisteriopsis","malifolia","(Nees & Mart.) B.Gates","MALPIGHIACEAE Banisteriopsis malifolia (Nees & Mart.) B.Gates","SPF00137606",,"SPF","Farinaccio, M.A.","300","Native","1999","Mamede, M.C.H.","2/11","Ouro","Ouro","jbrj-public.s3-sa-east-1.amazonaws.com/fsi/server?type=image&source=DZI/spf/spf/0/13/76/6/spf00137606.dzi","São Roque de Minas","Parque Nacional da Serra da Canastra, Estrada São Roque de Minas - Sacramento, campo sujo após cerradão, próximo à Área de Desenvolvimento de Sacramento."
"PARQUE NACIONAL SERRA DA CANASTRA","Angiosperms","Malvaceae","Pavonia","malacophylla","(Link & Otto) Garcke","MALVACEAE Pavonia malacophylla (Link & Otto) Garcke","SPF00137607",,"SPF","Farinaccio, M.A.","341","Native","1999","Esteves, G.L.","10/0","Ouro","Ouro","jbrj-public.s3-sa-east-1.amazonaws.com/fsi/server?type=image&source=DZI/spf/spf/0/13/76/7/spf00137607.dzi","São Roque de Minas","Parque Nacional da Serra da Canastra, Trilha para a parte de baixo da Casca D'Anta."
"PARQUE NACIONAL SERRA DA CANASTRA","Angiosperms","Myrtaceae","Eugenia","involucrata","DC.","MYRTACEAE Eugenia involucrata DC.","SPF00138463",,"SPF","Farinaccio, M.A.","419","Native","1999","Bunger, M.O.","5/12","Ouro","Ouro","jbrj-public.s3-sa-east-1.amazonaws.com/fsi/server?type=image&source=DZI/spf/spf/0/13/84/63/spf00138463.dzi","São Roque de Minas","Parque Nacional da Serra da Canastra"
"PARQUE NACIONAL SERRA DA CANASTRA","Angiosperms","Myrtaceae","Eugenia","punicifolia","(Kunth) DC.","MYRTACEAE Eugenia punicifolia (Kunth) DC.","SPF00137614",,"SPF","Farinaccio, M.A.","329","Native","1999","Faria, J.E.Q.","10/12","Ouro","Ouro","jbrj-public.s3-sa-east-1.amazonaws.com/fsi/server?type=image&source=DZI/spf/spf/0/13/76/14/spf00137614.dzi","São Roque de Minas","Parque Nacional da Serra da Canastra"
"PARQUE NACIONAL SERRA DA CANASTRA","Angiosperms","Myrtaceae","Myrcia","obovata","(O.Berg) Nied.","MYRTACEAE Myrcia obovata (O.Berg) Nied.","SPF00138439",,"SPF","Mello-Silva, R.","1699","Native","1999","Rosa, P.O.","11/11","Ouro","Ouro","jbrj-public.s3-sa-east-1.amazonaws.com/fsi/server?type=image&source=DZI/spf/spf/0/13/84/39/spf00138439.dzi","Sacramento","Parque Nacional da Serra da Canastra"
"PARQUE NACIONAL SERRA DA CANASTRA","Angiosperms","Myrtaceae","Myrcia","pinifolia","Cambess.","MYRTACEAE Myrcia pinifolia Cambess.","SPF00138442",,"SPF","Mello-Silva, R.","1713","Native","1999","Rosa, P.O.","11/11","Ouro","Ouro","jbrj-public.s3-sa-east-1.amazonaws.com/fsi/server?type=image&source=DZI/spf/spf/0/13/84/42/spf00138442.dzi","São Roque de Minas","Parque Nacional da Serra da Canastra"
"PARQUE NACIONAL SERRA DA CANASTRA","Angiosperms","Myrtaceae","Myrcia","selloi","(Spreng.) N.Silveira","MYRTACEAE Myrcia selloi (Spreng.) N.Silveira","SPF00138440",,"SPF","Mello-Silva, R.","1705","Native","1999","Rosa, P.O.","11/11","Ouro","Ouro","jbrj-public.s3-sa-east-1.amazonaws.com/fsi/server?type=image&source=DZI/spf/spf/0/13/84/40/spf00138440.dzi","Sacramento","Parque Nacional da Serra da Canastra"
"PARQUE NACIONAL SERRA DA CANASTRA","Angiosperms","Myrtaceae","Myrcia","suffruticosa","O.Berg","MYRTACEAE Myrcia suffruticosa O.Berg","SPF00138438",,"SPF","Mello-Silva, R.","1690","Native","1999","Faria, J.E.Q.","10/12","Ouro","Ouro","jbrj-public.s3-sa-east-1.amazonaws.com/fsi/server?type=image&source=DZI/spf/spf/0/13/84/38/spf00138438.dzi","São Roque de Minas","Parque Nacional da Serra da Canastra"
"PARQUE NACIONAL SERRA DA CANASTRA","Angiosperms","Primulaceae","Myrsine","gardneriana","A.DC.","PRIMULACEAE Myrsine gardneriana A.DC.","SPF00137612",,"SPF","Farinaccio, M.A.","287","Native","1999","Freitas, M.F.","9/0","Ouro","Ouro","jbrj-public.s3-sa-east-1.amazonaws.com/fsi/server?type=image&source=DZI/spf/spf/0/13/76/12/spf00137612.dzi","São Roque de Minas","Parque Nacional da Serra da Canastra"
"PARQUE NACIONAL SERRA DA CANASTRA","Angiosperms","Primulaceae","Myrsine","lancifolia","Mart.","PRIMULACEAE Myrsine lancifolia Mart.","SPF00137613",,"SPF","Farinaccio, M.A.","306","Native","1999","Freitas, M.F.","9/0","Ouro","Ouro","jbrj-public.s3-sa-east-1.amazonaws.com/fsi/server?type=image&source=DZI/spf/spf/0/13/76/13/spf00137613.dzi","São Roque de Minas","Parque Nacional da Serra da Canastra"
"PARQUE NACIONAL SERRA DA CANASTRA","Angiosperms","Proteaceae","Roupala","montana","(Klotzsch) K.S.Edwards","PROTEACEAE Roupala montana var. brasiliensis (Klotzsch) K.S.Edwards","SPF00137618",,"SPF","Farinaccio, M.A.","330","Native","1999","Prance, G.T.","12/0","Ouro","Ouro","jbrj-public.s3-sa-east-1.amazonaws.com/fsi/server?type=image&source=DZI/spf/spf/0/13/76/18/spf00137618.dzi","São Roque de Minas","Parque Nacional da Serra da Canastra"
"PARQUE NACIONAL SERRA DA CANASTRA","Angiosperms","Symplocaceae","Symplocos","nitens","(Pohl) Benth.","SYMPLOCACEAE Symplocos nitens var. nitens (Pohl) Benth.","SPF00138491",,"SPF","Farinaccio, M.A.","410","Native","1999","Aranha Filho, J.L.M.","12/4","Ouro","Ouro","jbrj-public.s3-sa-east-1.amazonaws.com/fsi/server?type=image&source=DZI/spf/spf/0/13/84/91/spf00138491.dzi","Sacramento","Parque Nacional da Serra da Canastra"
"PARQUE NACIONAL SERRA DA CANASTRA","Angiosperms","Vochysiaceae","Qualea","cordata","Spreng.","VOCHYSIACEAE Qualea cordata Spreng.","SPF00138581",,"SPF","Costa, F.N.","109","Native","1999","Shimizu, G.H.","6/8","Ouro","Ouro","jbrj-public.s3-sa-east-1.amazonaws.com/fsi/server?type=image&source=DZI/spf/spf/0/13/85/81/spf00138581.dzi","Sacramento","Parque Nacional da Serra da Canastra"
"PARQUE NACIONAL SERRA DA CANASTRA",,"Polygalaceae","Senega","atropurpurea","(A.St.-Hil. & Moq.) J.F.B.Pastore","POLYGALACEAE Senega atropurpurea (A.St.-Hil. & Moq.) J.F.B.Pastore","SPF00137617",,"SPF","Farinaccio, M.A.","363",,"1999","Pastore, J.F.B.","2023","Ouro","Ouro","jbrj-public.s3-sa-east-1.amazonaws.com/fsi/server?type=image&source=DZI/spf/spf/0/13/76/17/spf00137617.dzi","São Roque de Minas","Parque Nacional da Serra da Canastra"
"PARQUE NACIONAL SERRA DA CANASTRA","Angiosperms","Lentibulariaceae","Genlisea","tuberosa","Rivadavia, Gonella & A.Fleischm.","LENTIBULARIACEAE Genlisea tuberosa Rivadavia, Gonella & A.Fleischm.","SPF00135486",,"SPF","Rivadavia, F.","896","Native","1999","Gonella, P.M.","2013","Ouro","Ouro","jbrj-public.s3-sa-east-1.amazonaws.com/fsi/server?type=image&source=DZI/spf/spf/0/13/54/86/spf00135486.dzi","São Roque de Minas","Parque Nacional da Serra da Canastra"
"PARQUE NACIONAL SERRA DA CANASTRA","Angiosperms","Apocynaceae","Minaria","cordata","(Turcz.) T.U.P.Konno & Rapini","APOCYNACEAE Minaria cordata (Turcz.) T.U.P.Konno & Rapini","MO1119439",,"MO","Farinaccio, M.A.","297","Native","1999","Stevens, W.D.","2010","Ouro","Ouro","jbrj-public.s3.amazonaws.com/fsi/server?type=image&source=DZI/missouri/mo/1/11/94/39/mo01119439.dzi","São Roque de Minas","Parque Nacional da Serra da Canastra. Estrada São Roque de Minas-Sacramento, torre de observação próximo ao Curral de Pedras."
"PARQUE NACIONAL SERRA DA CANASTRA","Angiosperms","Sapindaceae","Serjania","lethalis","A.St.-Hil.","SAPINDACEAE Serjania lethalis A.St.-Hil.","SPF00137620",,"SPF","Farinaccio, M.A.","331","Native","1999","Ferrucci, M.S.","2009","Ouro","Ouro","jbrj-public.s3-sa-east-1.amazonaws.com/fsi/server?type=image&source=DZI/spf/spf/0/13/76/20/spf00137620.dzi","São Roque de Minas","Parque Nacional da Serra da Canastra"
"PARQUE NACIONAL SERRA DA CANASTRA","Angiosperms","Orchidaceae","Cleistes","tenuis","(Rchb.f. ex Griseb.) Schltr.","ORCHIDACEAE Cleistes tenuis (Rchb.f. ex Griseb.) Schltr.","CEN00060713",,"CEN","Bertiolli, D.J.","s/n","Native","1999","Bianchetti, L.B.","2007","Ouro","Ouro","jbrj-public.s3.amazonaws.com/fsi/server?type=image&source=DZI/cen/cen/0/6/7/13/cen00060713.dzi","São Roque de Minas","Parque Nacional da Serra da Canastra."
"PARQUE NACIONAL SERRA DA CANASTRA","Angiosperms","Rubiaceae","Faramea","marginata","Cham.","RUBIACEAE Faramea marginata Cham.","SPF00138446",,"SPF","Mello-Silva, R.","1680","Native","1999","Jardim, J.G.","2006","Ouro","Ouro","jbrj-public.s3-sa-east-1.amazonaws.com/fsi/server?type=image&source=DZI/spf/spf/0/13/84/46/spf00138446.dzi","São Roque de Minas","Parque Nacional da Serra da Canastra"
"PARQUE NACIONAL SERRA DA CANASTRA","Angiosperms","Styracaceae","Styrax","rotundatus","(Perkins) P.W.Fritsch","STYRACACEAE Styrax rotundatus (Perkins) P.W.Fritsch","SPF00138448",,"SPF","Mello-Silva, R.","1695","Native","1999","Wallnofer, B.","2006","Ouro","Ouro","jbrj-public.s3-sa-east-1.amazonaws.com/fsi/server?type=image&source=DZI/spf/spf/0/13/84/48/spf00138448.dzi","Sacramento","Parque Nacional da Serra da Canastra"
"PARQUE NACIONAL SERRA DA CANASTRA","Angiosperms","Orchidaceae","Epidendrum","latilabrum","Lindl.","ORCHIDACEAE Epidendrum latilabrum Lindl.","CEN00060714",,"CEN","Bertiolli, D.J.","s/n","Native","1999","Batista, J.A.N.","2005","Ouro","Ouro","jbrj-public.s3.amazonaws.com/fsi/server?type=image&source=DZI/cen/cen/0/6/7/14/cen00060714.dzi","São Roque de Minas","Parque Nacional da Serra da Canastra."
"PARQUE NACIONAL SERRA DA CANASTRA","Angiosperms","Bromeliaceae","Tillandsia","streptocarpa","Baker","BROMELIACEAE Tillandsia streptocarpa Baker","HUFU00051630",,"HUFU","Mello-Silva, R.","1711","Native","1999","Paula, C.C.","2004","Ouro","Ouro","jbrj-public.s3-sa-east-1.amazonaws.com/fsi/server?type=image&source=DZI/hufu/hufu/0/5/16/30/hufu00051630.dzi","São Roque de Minas","Parque Nacional da Serra da Canastra ; Serra Brava."
"PARQUE NACIONAL SERRA DA CANASTRA","Angiosperms","Apocynaceae","Ditassa","insignis","Farinaccio","APOCYNACEAE Ditassa insignis Farinaccio","HUFU00070304",,"HUFU","Farinaccio, M.A.","294","Native","1999","Farinaccio, M.A.","2000","Ouro","Ouro","jbrj-public.s3-sa-east-1.amazonaws.com/fsi/server?type=image&source=DZI/hufu/hufu/0/7/3/4/hufu00070304.dzi","São Roque de Minas","Parque Nacional da Serra da Canastra. Estrada São Roque de Minas-Sacramento, torre de observação próximo ao Curral de Pedras.. Afloramento rochoso."
"PARQUE NACIONAL SERRA DA CANASTRA","Angiosperms","Loganiaceae","Spigelia","sellowiana","Cham. & Schltdl.","LOGANIACEAE Spigelia sellowiana Cham. & Schltdl.","SPF00138424",,"SPF","Mello-Silva, R.","1689","Native","1999","Zappi, D.C.","2000","Ouro","Ouro","jbrj-public.s3-sa-east-1.amazonaws.com/fsi/server?type=image&source=DZI/spf/spf/0/13/84/24/spf00138424.dzi","São Roque de Minas","Parque Nacional da Serra da Canastra"
"PARQUE NACIONAL SERRA DA CANASTRA","Angiosperms","Orchidaceae","Habenaria","parviflora","Lindl.","ORCHIDACEAE Habenaria parviflora Lindl.","CEN00035042",,"CEN","Bertiolli, D.J.","14","Native","1999","Batista, J.A.N.","2000","Ouro","Ouro","jbrj-public.s3.amazonaws.com/fsi/server?type=image&source=DZI/cen/cen/0/3/50/42/cen00035042.dzi","São Roque de Minas","Parque Nacional da Serra da Canastra."
"PARQUE NACIONAL SERRA DA CANASTRA","Angiosperms","Arecaceae","Allagoptera","campestris","(Mart.) Kuntze","ARECACEAE Allagoptera campestris (Mart.) Kuntze","HUFU00052461",,"HUFU","Farinaccio, M.A.","1717","Native","1999","Marcato, A.C.","1999","Ouro","Ouro","jbrj-public.s3-sa-east-1.amazonaws.com/fsi/server?type=image&source=DZI/hufu/hufu/0/5/24/61/hufu00052461.dzi","São Roque de Minas","Parque Nacional da Serra da Canastra ; Bifurcação estrada para Retiro das Pedras."
"PARQUE NACIONAL SERRA DA CANASTRA","Angiosperms","Arecaceae","Geonoma","brevispatha","Barb.Rodr.","ARECACEAE Geonoma brevispatha Barb.Rodr.","HUFU00052459",,"HUFU","Mello-Silva, R.","1667","Native","1999","Marcato, A.C.","1999","Ouro","Ouro","jbrj-public.s3-sa-east-1.amazonaws.com/fsi/server?type=image&source=DZI/hufu/hufu/0/5/24/59/hufu00052459.dzi","São Roque de Minas","Parque Nacional da Serra da Canastra ; Jaguarê (Jaguari). Beira do riacho."
"PARQUE NACIONAL SERRA DA CANASTRA","Angiosperms","Arecaceae","Syagrus","petraea","(Mart.) Becc.","ARECACEAE Syagrus petraea (Mart.) Becc.","HUFU00052453",,"HUFU","Mello-Silva, R.","1716","Native","1999","Marcato, A.C.","1999","Ouro","Ouro","jbrj-public.s3-sa-east-1.amazonaws.com/fsi/server?type=image&source=DZI/hufu/hufu/0/5/24/53/hufu00052453.dzi","São Roque de Minas","Parque Nacional da Serra da Canastra ; Córrego da mata. Cachoeira dos Rolinhos."
"PARQUE NACIONAL SERRA DA CANASTRA","Angiosperms","Asteraceae","Richterago","campestris","Roque & J.N.Nakaj.","ASTERACEAE Richterago campestris Roque & J.N.Nakaj.","SPF00137575",,"SPF","Farinaccio, M.A.","358","Native","1999","Roque, N.","1999","Ouro","Ouro","jbrj-public.s3-sa-east-1.amazonaws.com/fsi/server?type=image&source=DZI/spf/spf/0/13/75/75/spf00137575.dzi","São Roque de Minas","Parque Nacional da Serra da Canastra"
"PARQUE NACIONAL SERRA DA CANASTRA","Angiosperms","Droseraceae","Drosera","communis","A.St.-Hil.","DROSERACEAE Drosera communis A.St.-Hil.","SPF00135451",,"SPF","Rivadavia, F.","878","Native","1999","Silva, T.R.S.","1999","Ouro","Ouro","jbrj-public.s3-sa-east-1.amazonaws.com/fsi/server?type=image&source=DZI/spf/spf/0/13/54/51/spf00135451.dzi","São Roque de Minas","Parque Nacional da Serra da Canastra"
"PARQUE NACIONAL SERRA DA CANASTRA","Angiosperms","Asteraceae","Conyza","primulifolia","(Lam.) Cuatrec. & Lourteig","ASTERACEAE Conyza primulifolia (Lam.) Cuatrec. & Lourteig","MO2273713",,"MO","Romero, R.","4817","Native","1998","Nakajima, J.N.",,"Ouro","Ouro","jbrj-public.s3.amazonaws.com/fsi/server?type=image&source=DZI/missouri/mo/2/27/37/13/mo02273713.dzi",,"Estrada para a Serra da Chapada, Parque Nacional da Serra da Canastra, São Roque de Minas."
"PARQUE NACIONAL SERRA DA CANASTRA","Angiosperms","Asteraceae","Dimerostemma","lippioides","(Baker) S.F.Blake","ASTERACEAE Dimerostemma lippioides (Baker) S.F.Blake","MO2273760",,"MO","Romero, R.","5007","Native","1998","Pruski, J.",,"Ouro","Ouro","jbrj-public.s3.amazonaws.com/fsi/server?type=image&source=DZI/missouri/mo/2/27/37/60/mo02273760.dzi",,"Torre de observação, estrada Sacramento-São Roque de Minas, Parque Nacional da Serra da Canastra, São Roque de Minas."
"PARQUE NACIONAL SERRA DA CANASTRA","Angiosperms","Asteraceae","Lessingianthus","virgulatus","(Mart. ex DC.) H.Rob.","ASTERACEAE Lessingianthus virgulatus (Mart. ex DC.) H.Rob.","US01631408",,"US","Nakajima, J.N.","1191","Native","1998",,,"Ouro","Ouro","jbrj-public.s3-sa-east-1.amazonaws.com/fsi/server?type=image&source=DZI/us/us/1/63/14/8/us01631408.dzi",,"Guarita de Sacramento, Parna Serra da Canastra, São Roque de Minas"
"PARQUE NACIONAL SERRA DA CANASTRA","Angiosperms","Asteraceae","Mikania","thapsoides","DC.","ASTERACEAE Mikania thapsoides DC.","MO2260066",,"MO","Romero, R.","4873","Native","1998","Nakajima, J.N.",,"Ouro","Ouro","jbrj-public.s3-sa-east-1.amazonaws.com/fsi/server?type=image&source=DZI/missouri/mo/2/26/0/66/mo02260066.dzi",,"Estrada para Cachoeira dos Rolinhos, Parque Nacional da Serra da Canastra, São Roque de Minas."
"PARQUE NACIONAL SERRA DA CANASTRA","Angiosperms","Asteraceae","Praxelis","kleinioides","(Kunth) Sch. Bip.","ASTERACEAE Praxelis kleinioides (Kunth) Sch. Bip.","MO2273748",,"MO","Romero, R.","4906","Native","1998","Nakajima, J.N.",,"Ouro","Ouro","jbrj-public.s3.amazonaws.com/fsi/server?type=image&source=DZI/missouri/mo/2/27/37/48/mo02273748.dzi",,"Garagem de Pedras, Parque Nacional da Serra da Canastra, São Roque de Minas."
"PARQUE NACIONAL SERRA DA CANASTRA","Angiosperms","Bignoniaceae","Jacaranda","puberula","Cham.","BIGNONIACEAE Jacaranda puberula Cham.","ESA048849",,"ESA","Souza, V.C.","21246","Native","1998","Farias, R.",,"Ouro","Ouro","jbrj-public.s3-sa-east-1.amazonaws.com/fsi/server?type=image&source=DZI/esa/esa/0/4/88/49/esa00048849.dzi",,"Estrada entre Delfinópolis e o Parque Nacional da Serra da Canastra. Cerca de 5km antes da entrada do Parque. Beira de estrada em área de plantação de Pinus (originalmente cerrado)"
"PARQUE NACIONAL SERRA DA CANASTRA","Angiosperms","Euphorbiaceae","Dalechampia","humilis","Müll.Arg.","EUPHORBIACEAE Dalechampia humilis Müll.Arg.","SPF00132070",,"SPF","Sano, P.T.","972","Native","1998","Cordeiro, I.",,"Ouro","Ouro","jbrj-public.s3-sa-east-1.amazonaws.com/fsi/server?type=image&source=DZI/spf/spf/0/13/20/70/spf00132070.dzi","São Roque de Minas","Parque Nacional da Serra da Canastra, Estrada São Roque de Minas - Sacramento. próximo à guarita de Sacramento."
"PARQUE NACIONAL SERRA DA CANASTRA","Angiosperms","Lamiaceae","Aegiphila","verticillata","Vell.","LAMIACEAE Aegiphila verticillata Vell.","SPF00134170",,"SPF","Farinaccio, M.A.","239","Native","1998","Antar, G.M.","11/15","Ouro","Ouro","jbrj-public.s3-sa-east-1.amazonaws.com/fsi/server?type=image&source=DZI/spf/spf/0/13/41/70/spf00134170.dzi","São Roque de Minas","Parque Nacional da Serra da Canastra"
"PARQUE NACIONAL SERRA DA CANASTRA","Angiosperms","Lythraceae","Diplusodon","ovatus","Pohl","LYTHRACEAE Diplusodon ovatus Pohl","SPF00134161",,"SPF","Farinaccio, M.A.","256","Native","1998","Cavalcanti, T.B.","10/2","Ouro","Ouro","jbrj-public.s3-sa-east-1.amazonaws.com/fsi/server?type=image&source=DZI/spf/spf/0/13/41/61/spf00134161.dzi","São Roque de Minas","Parque Nacional da Serra da Canastra"
"PARQUE NACIONAL SERRA DA CANASTRA","Angiosperms","Lythraceae","Diplusodon","virgatus","Pohl","LYTHRACEAE Diplusodon virgatus var. virgatus Pohl","SPF00132083",,"SPF","Sano, P.T.","928","Native","1998","Cavalcanti, T.B.","4/7","Ouro","Ouro","jbrj-public.s3-sa-east-1.amazonaws.com/fsi/server?type=image&source=DZI/spf/spf/0/13/20/83/spf00132083.dzi","São Roque de Minas","Parque Nacional da Serra da Canastra"
"PARQUE NACIONAL SERRA DA CANASTRA","Angiosperms","Malpighiaceae","Byrsonima","laxiflora","Griseb.","MALPIGHIACEAE Byrsonima laxiflora Griseb.","SPF00133725",,"SPF","Farinaccio, M.A.","217","Native","1998","Francener, A.","12/12/14","Ouro","Ouro","jbrj-public.s3-sa-east-1.amazonaws.com/fsi/server?type=image&source=DZI/spf/spf/0/13/37/25/spf00133725.dzi","São Roque de Minas","Parque Nacional da Serra da Canastra, Cachoeira Casca D´Anta, borda da mata próximo ao camping."
"PARQUE NACIONAL SERRA DA CANASTRA","Angiosperms","Melastomataceae","Cambessedesia","weddellii","Naudin","MELASTOMATACEAE Cambessedesia weddellii Naudin","MBM259802",,"MBM","Romero, R.","4863","Native","1998",,,"Ouro","Ouro","jbrj-public.s3.amazonaws.com/fsi/server?type=image&source=DZI/mbm/mbm/0/25/98/2/mbm00259802.dzi","São Roque de Minas","Parque Nacional da Serra da Canastra, estrada para Sacramento"
"PARQUE NACIONAL SERRA DA CANASTRA","Angiosperms","Piperaceae","Peperomia","crinicaulis","C.DC.","PIPERACEAE Peperomia crinicaulis C.DC.","SPF00134166",,"SPF","Farinaccio, M.A.","242","Native","1998","Carvalho-Silva, M.","5/3","Ouro","Ouro","jbrj-public.s3-sa-east-1.amazonaws.com/fsi/server?type=image&source=DZI/spf/spf/0/13/41/66/spf00134166.dzi","São Roque de Minas","Parque Nacional da Serra da Canastra"
"PARQUE NACIONAL SERRA DA CANASTRA","Angiosperms","Poaceae","Steinchisma","hians","(Elliott) Nash","POACEAE Steinchisma hians (Elliott) Nash","SPF00133717",,"SPF","Farinaccio, M.A.","203","Native","1998","Viana, P.L.","10/7","Ouro","Ouro","jbrj-public.s3-sa-east-1.amazonaws.com/fsi/server?type=image&source=DZI/spf/spf/0/13/37/17/spf00133717.dzi","São Roque de Minas","Parque Nacional da Serra da Canastra"
"PARQUE NACIONAL SERRA DA CANASTRA","Angiosperms","Poaceae","Trichanthecium","wettsteinii","(Hack.) Zuloaga & Morrone","POACEAE Trichanthecium wettsteinii (Hack.) Zuloaga & Morrone","SPF00162624",,"SPF","Araujo, A.C.","1077","Native","1998","Viana, P.L.","10/7","Ouro","Ouro","jbrj-public.s3-sa-east-1.amazonaws.com/fsi/server?type=image&source=DZI/spf/spf/0/16/26/24/spf00162624.dzi","São Roque de Minas","Parque Nacional da Serra da Canastra"
"PARQUE NACIONAL SERRA DA CANASTRA","Angiosperms","Primulaceae","Myrsine","emarginella","Miq.","PRIMULACEAE Myrsine emarginella Miq.","SPF00133728",,"SPF","Farinaccio, M.A.","171","Native","1998","Freitas, M.F.","1/1","Ouro","Ouro","jbrj-public.s3-sa-east-1.amazonaws.com/fsi/server?type=image&source=DZI/spf/spf/0/13/37/28/spf00133728.dzi","São Roque de Minas","Parque Nacional da Serra da Canastra"
"PARQUE NACIONAL SERRA DA CANASTRA","Angiosperms","Rubiaceae","Tocoyena","formosa","(Cham. & Schltdl.) K.Schum.","RUBIACEAE Tocoyena formosa (Cham. & Schltdl.) K.Schum.","SPF00133739",,"SPF","Farinaccio, M.A.","207","Native","1998","Calio, M.F.","3/11","Ouro","Ouro","jbrj-public.s3-sa-east-1.amazonaws.com/fsi/server?type=image&source=DZI/spf/spf/0/13/37/39/spf00133739.dzi","São Roque de Minas","Parque Nacional da Serra da Canastra"
"PARQUE NACIONAL SERRA DA CANASTRA","Angiosperms","Santalaceae","Phoradendron","perrottetii","(DC.) Eichler","SANTALACEAE Phoradendron perrottetii (DC.) Eichler","SPF00134160",,"SPF","Farinaccio, M.A.","270","Native","1998","Caires, C.S.","12/5/10","Ouro","Ouro","jbrj-public.s3-sa-east-1.amazonaws.com/fsi/server?type=image&source=DZI/spf/spf/0/13/41/60/spf00134160.dzi","São Roque de Minas","Parque Nacional da Serra da Canastra"
"PARQUE NACIONAL SERRA DA CANASTRA","Angiosperms","Velloziaceae","Barbacenia","lymansmithii","Mello-Silva & N.L.Menezes","VELLOZIACEAE Barbacenia lymansmithii Mello-Silva & N.L.Menezes","SPF00128847",,"SPF","Farinaccio, M.A.","133","Native","1998","Mello-Silva, R.",,"Ouro","Ouro","jbrj-public.s3-sa-east-1.amazonaws.com/fsi/server?type=image&source=DZI/spf/spf/0/12/88/47/spf00128847.dzi","São Roque de Minas","Parque Nacional da Serra da Canastra, Estrada para a Casca D'Anta."
"PARQUE NACIONAL SERRA DA CANASTRA","Angiosperms","Vitaceae","Cissus","erosa","Rich.","VITACEAE Cissus erosa Rich.","SPF00132098",,"SPF","Arce, D.V.","5","Native","1998","Lombardi, J.A.","9/14","Ouro","Ouro","jbrj-public.s3-sa-east-1.amazonaws.com/fsi/server?type=image&source=DZI/spf/spf/0/13/20/98/spf00132098.dzi","São Roque de Minas","Parque Nacional da Serra da Canastra, Trilha para Casca D'Anta."
"PARQUE NACIONAL SERRA DA CANASTRA","Angiosperms","Polygalaceae","Senega","glochidata","(Kunth) J.F.B.Pastore","POLYGALACEAE Senega glochidata (Kunth) J.F.B.Pastore","HUFU00036074",,"HUFU","Romero, R.","4801","Native","1998","Pastore, J.F.B.","2024","Ouro","Ouro","jbrj-public.s3-sa-east-1.amazonaws.com/fsi/server?type=image&source=DZI/hufu/hufu/0/3/60/74/hufu00036074.dzi","São Roque de Minas","Parque Nacional da Serra da Canastra"
"PARQUE NACIONAL SERRA DA CANASTRA","Angiosperms","Polygalaceae","Senega","poaya","(Mart.) J.F.B.Pastore","POLYGALACEAE Senega poaya (Mart.) J.F.B.Pastore","HUFU00036025",,"HUFU","Romero, R.","4915","Native","1998","Pastore, J.F.B.","2024","Ouro","Ouro","jbrj-public.s3-sa-east-1.amazonaws.com/fsi/server?type=image&source=DZI/hufu/hufu/0/3/60/25/hufu00036025.dzi","São Roque de Minas","Parque Nacional da Serra da Canastra"
"PARQUE NACIONAL SERRA DA CANASTRA","Angiosperms","Euphorbiaceae","Sapium",,"Jacq.","EUPHORBIACEAE Sapium Jacq.","HUFU00050327",,"HUFU","Romero, R.","4859","Native","1998","Silva, O.L.M.","2014","Ouro","Ouro","jbrj-public.s3-sa-east-1.amazonaws.com/fsi/server?type=image&source=DZI/hufu/hufu/0/5/3/27/hufu00050327.dzi","São Roque de Minas","Parque Nacional da Serra da Canastra ; Estrada para Sacramento após o Curral de Pedras."
"PARQUE NACIONAL SERRA DA CANASTRA","Angiosperms","Poaceae","Andropogon","bicornis","L.","POACEAE Andropogon bicornis L.","HUFU00030687",,"HUFU","Araujo, A.C.","1075","Native","1998","Ferreira, F.M.","2013","Ouro","Ouro","jbrj-public.s3-sa-east-1.amazonaws.com/fsi/server?type=image&source=DZI/hufu/hufu/0/3/6/87/hufu00030687.dzi","São Roque de Minas","Parque Nacional da Serra da Canastra"
"PARQUE NACIONAL SERRA DA CANASTRA","Angiosperms","Poaceae","Andropogon","brasiliensis","A.Zanin & Longhi-Wagner","POACEAE Andropogon brasiliensis A.Zanin & Longhi-Wagner","HUFU00030688",,"HUFU","Araujo, A.C.","1131","Native","1998","Ferreira, F.M.","2013","Ouro","Ouro","jbrj-public.s3-sa-east-1.amazonaws.com/fsi/server?type=image&source=DZI/hufu/hufu/0/3/6/88/hufu00030688.dzi","São Roque de Minas","Parque Nacional da Serra da Canastra"
"PARQUE NACIONAL SERRA DA CANASTRA","Angiosperms","Poaceae","Hyparrhenia","bracteata","(Humb. & Bonpl. ex Willd.) Stapf","POACEAE Hyparrhenia bracteata (Humb. & Bonpl. ex Willd.) Stapf","HUFU00031497",,"HUFU","Araujo, A.C.","1089","Native","1998","Ferreira, F.M.","2013","Ouro","Ouro","jbrj-public.s3-sa-east-1.amazonaws.com/fsi/server?type=image&source=DZI/hufu/hufu/0/3/14/97/hufu00031497.dzi","São Roque de Minas","Parque Nacional da Serra da Canastra"
"PARQUE NACIONAL SERRA DA CANASTRA","Angiosperms","Poaceae","Panicum","olyroides","Kunth","POACEAE Panicum olyroides Kunth","HUFU00032014",,"HUFU","Araujo, A.C.","1134","Native","1998","Ferreira, F.M.","2013","Ouro","Ouro","jbrj-public.s3-sa-east-1.amazonaws.com/fsi/server?type=image&source=DZI/hufu/hufu/0/3/20/14/hufu00032014.dzi","São Roque de Minas","Parque Nacional da Serra da Canastra"
"PARQUE NACIONAL SERRA DA CANASTRA","Angiosperms","Polygalaceae","Caamembeca","oxyphylla","(DC.) J.F.B.Pastore","POLYGALACEAE Caamembeca oxyphylla (DC.) J.F.B.Pastore","CEN00049228",,"CEN","Farinaccio, M.A.","174","Native","1998","Pastore, J.F.B.","2012","Ouro","Ouro","jbrj-public.s3.amazonaws.com/fsi/server?type=image&source=DZI/cen/cen/0/4/92/28/cen00049228.dzi","São Roque de Minas","Parque Nacional da Serra da Canastra. Estrada S. Roque de Minas - Sacramento."
"PARQUE NACIONAL SERRA DA CANASTRA","Angiosperms","Asteraceae","Chresta","sphaerocephala","DC.","ASTERACEAE Chresta sphaerocephala DC.","ESA048834",,"ESA","Souza, V.C.","21231-A","Native","1998","Loeuille, B.","2011","Ouro","Ouro","jbrj-public.s3-sa-east-1.amazonaws.com/fsi/server?type=image&source=DZI/esa/esa/0/4/88/34/esa00048834.dzi",,"Estrada entre Delfinópolis e o Parque Nacional da Serra da Canastra. Cerca de 5 Km antes da entrada do Parque. Beira de estrada em área de plantação de Pinus (originalmente cerrado). 20º06'08""S, 47º01'08""W."
"PARQUE NACIONAL SERRA DA CANASTRA","Angiosperms","Loranthaceae","Psittacanthus","robustus","(Mart.) Mart.","LORANTHACEAE Psittacanthus robustus (Mart.) Mart.","HUFU00039108",,"HUFU","Romero, R.","4827","Native","1998","Caires, C.S.","2009","Ouro","Ouro","jbrj-public.s3-sa-east-1.amazonaws.com/fsi/server?type=image&source=DZI/hufu/hufu/0/3/91/8/hufu00039108.dzi","São Roque de Minas","Parque Nacional da Serra da Canastra; Estrada para a Serra da Chapada."
"PARQUE NACIONAL SERRA DA CANASTRA","Angiosperms","Apocynaceae","Mandevilla","tenuifolia","(J.C.Mikan) Woodson","APOCYNACEAE Mandevilla tenuifolia (J.C.Mikan) Woodson","HUFU00001476",,"HUFU","Romero, R.","4840","Native","1998","Morokawa, R.","2008","Ouro","Ouro","jbrj-public.s3-sa-east-1.amazonaws.com/fsi/server?type=image&source=DZI/hufu/hufu/0/0/14/76/hufu00001476.dzi","São Roque de Minas","Parque Nacional da Serra da Canastra. Morro próximo a sede administrativa, cerca de 3km na estrada para Sacramento."
"PARQUE NACIONAL SERRA DA CANASTRA","Angiosperms","Lythraceae","Diplusodon","virgatus","Pohl","LYTHRACEAE Diplusodon virgatus Pohl","CEN00051419",,"CEN","Sano, P.T.","928","Native","1998","Cavalcanti, T.B.","2007","Ouro","Ouro","jbrj-public.s3.amazonaws.com/fsi/server?type=image&source=DZI/cen/cen/0/5/14/19/cen00051419.dzi","São Roque de Minas","Parque Nacional da Serra da Canastra. Caminho para Cachoeira dos Rolinhos. Em borda de mata."
"PARQUE NACIONAL SERRA DA CANASTRA","Angiosperms","Sapindaceae","Serjania","reticulata","Cambess.","SAPINDACEAE Serjania reticulata Cambess.","SPF00132092",,"SPF","Sano, P.T.","961","Native","1998","Ferrucci, M.S.","2007","Ouro","Ouro","jbrj-public.s3-sa-east-1.amazonaws.com/fsi/server?type=image&source=DZI/spf/spf/0/13/20/92/spf00132092.dzi","São Roque de Minas","Parque Nacional da Serra da Canastra"
"PARQUE NACIONAL SERRA DA CANASTRA","Angiosperms","Fabaceae","Crotalaria","unifoliolata","Benth.","FABACEAE Crotalaria unifoliolata Benth.","HUFU00008574",,"HUFU","Romero, R.","4855","Native","1998","Filardi, F.L.R.","2005","Ouro","Ouro","jbrj-public.s3-sa-east-1.amazonaws.com/fsi/server?type=image&source=DZI/hufu/hufu/0/0/85/74/hufu00008574.dzi","São Roque de Minas","Parque Nacional da Serra da Canastra Estrada para Sacramento, após o Curral de Pedras. Campo sujo."
"PARQUE NACIONAL SERRA DA CANASTRA","Angiosperms","Fabaceae","Poiretia","angustifolia","Vogel","FABACEAE Poiretia angustifolia Vogel","HUFU00040671",,"HUFU","Romero, R.","4998","Native","1998","Filardi, F.L.R.","2005","Ouro","Ouro","jbrj-public.s3-sa-east-1.amazonaws.com/fsi/server?type=image&source=DZI/hufu/hufu/0/4/6/71/hufu00040671.dzi","São Roque de Minas","Parque Nacional da Serra da Canastra"
"PARQUE NACIONAL SERRA DA CANASTRA","Angiosperms","Polygalaceae","Senega","stricta","(A.St.-Hil. & Moq.) J.F.B.Pastore","POLYGALACEAE Senega stricta (A.St.-Hil. & Moq.) J.F.B.Pastore","HUFU00036308",,"HUFU","Romero, R.","4820","Native","1998","Pastore, J.F.","2005","Ouro","Ouro","jbrj-public.s3-sa-east-1.amazonaws.com/fsi/server?type=image&source=DZI/hufu/hufu/0/3/63/8/hufu00036308.dzi","São Roque de Minas","Parque Nacional da Serra da Canastra"
"PARQUE NACIONAL SERRA DA CANASTRA","Angiosperms","Convolvulaceae","Ipomoea","procurrens","Meisn.","CONVOLVULACEAE Ipomoea procurrens Meisn.","HUFU00052169",,"HUFU","Romero, R.","4830","Native","1998","Simao-Bianchini, R.","2004","Ouro","Ouro","jbrj-public.s3-sa-east-1.amazonaws.com/fsi/server?type=image&source=DZI/hufu/hufu/0/5/21/69/hufu00052169.dzi","São Roque de Minas","Parque Nacional da Serra da Canastra ; Estrada para São Roque de Minas, cerca de 5km da Guarita de Sacramento."
"PARQUE NACIONAL SERRA DA CANASTRA","Angiosperms","Fabaceae","Mimosa","distans","Benth.","FABACEAE Mimosa distans Benth.","HUFU00040544",,"HUFU","Romero, R.","4975","Native","1998","Garcia, F.C.P.","2003","Ouro","Ouro","jbrj-public.s3-sa-east-1.amazonaws.com/fsi/server?type=image&source=DZI/hufu/hufu/0/4/5/44/hufu00040544.dzi","São Roque de Minas","Parque Nacional da Serra da Canastra"
"PARQUE NACIONAL SERRA DA CANASTRA","Angiosperms","Araliaceae","Didymopanax","calvus","(Cham.) Decne. & Planch.","ARALIACEAE Didymopanax calvus (Cham.) Decne. & Planch.","SPF00133691",,"SPF","Farinaccio, M.A.","161","Native","1998","Fiaschi, P.","2002","Ouro","Ouro","jbrj-public.s3-sa-east-1.amazonaws.com/fsi/server?type=image&source=DZI/spf/spf/0/13/36/91/spf00133691.dzi|jbrj-public.s3-sa-east-1.amazonaws.com/fsi/server?type=image&source=DZI/spf/spf/0/13/36/91/spf00133691_1.dzi","São Roque de Minas","Parque Nacional da Serra da Canastra"
"PARQUE NACIONAL SERRA DA CANASTRA","Ferns and Lycophytes","Rubiaceae","Borreria","poaya","(A.St.-Hil.) DC.","RUBIACEAE Borreria poaya (A.St.-Hil.) DC.","SPF00133734",,"SPF","Farinaccio, M.A.","181","Native","1998","Zappi, D.C.","2002","Ouro","Ouro","jbrj-public.s3-sa-east-1.amazonaws.com/fsi/server?type=image&source=DZI/spf/spf/0/13/37/34/spf00133734.dzi","São Roque de Minas","Parque Nacional da Serra da Canastra"
"PARQUE NACIONAL SERRA DA CANASTRA","Angiosperms","Cyperaceae","Rhynchospora","globosa","(Kunth) Roem. & Schult.","CYPERACEAE Rhynchospora globosa (Kunth) Roem. & Schult.","HUFU00051228",,"HUFU","Romero, R.","4881","Native","1998","Prata, A.P.","2000","Ouro","Ouro","jbrj-public.s3-sa-east-1.amazonaws.com/fsi/server?type=image&source=DZI/hufu/hufu/0/5/12/28/hufu00051228.dzi","São Roque de Minas","Parque Nacional da Serra da Canastra ; Estrada para o Retiro das Pedras."
"PARQUE NACIONAL SERRA DA CANASTRA","Angiosperms","Melastomataceae","Pleroma","bergianum","(Cogn.) P.J.F.Guim. & Michelang.","MELASTOMATACEAE Pleroma bergianum (Cogn.) P.J.F.Guim. & Michelang.","HUFU00067075",,"HUFU","Romero, R.","5631","Native","1998","Romero, R.","2000","Ouro","Ouro","jbrj-public.s3-sa-east-1.amazonaws.com/fsi/server?type=image&source=DZI/hufu/hufu/0/6/70/75/hufu00067075.dzi",,"Parque Nacional da Serra da Canastra; Morro pr ximo ao alojamento."
"PARQUE NACIONAL SERRA DA CANASTRA","Angiosperms","Orchidaceae","Habenaria","culicina","Rchb.f. & Warm.","ORCHIDACEAE Habenaria culicina Rchb.f. & Warm.","HUFU00030553",,"HUFU","Romero, R.","4982","Native","1998","Batista, J.A.N.","2000","Ouro","Ouro","jbrj-public.s3-sa-east-1.amazonaws.com/fsi/server?type=image&source=DZI/hufu/hufu/0/3/5/53/hufu00030553.dzi","São Roque de Minas","Parque Nacional da Serra da Canastra"
"PARQUE NACIONAL SERRA DA CANASTRA","Angiosperms","Orchidaceae","Habenaria","guilleminii","Rchb.f.","ORCHIDACEAE Habenaria guilleminii Rchb.f.","HUFU00035612",,"HUFU","Romero, R.","4965","Native","1998","Batista, J.A.N.","2000","Ouro","Ouro","jbrj-public.s3-sa-east-1.amazonaws.com/fsi/server?type=image&source=DZI/hufu/hufu/0/3/56/12/hufu00035612.dzi","São Roque de Minas","Parque Nacional da Serra da Canastra"
"PARQUE NACIONAL SERRA DA CANASTRA","Angiosperms","Asteraceae","Richterago","radiata","(Vell.) Roque","ASTERACEAE Richterago radiata (Vell.) Roque","SPF00133705",,"SPF","Farinaccio, M.A.","226","Native","1998","Roque, N.","1999","Ouro","Ouro","jbrj-public.s3-sa-east-1.amazonaws.com/fsi/server?type=image&source=DZI/spf/spf/0/13/37/5/spf00133705.dzi","São Roque de Minas","Parque Nacional da Serra da Canastra"
"PARQUE NACIONAL SERRA DA CANASTRA","Angiosperms","Malpighiaceae","Heteropterys","campestris","A.Juss.","MALPIGHIACEAE Heteropterys campestris A.Juss.","SPF00132085",,"SPF","Sano, P.T.","931","Native","1998","Amorim, A.M.A.","1999","Ouro","Ouro","jbrj-public.s3-sa-east-1.amazonaws.com/fsi/server?type=image&source=DZI/spf/spf/0/13/20/85/spf00132085.dzi","São Roque de Minas","Parque Nacional da Serra da Canastra, Caminho para Cachoeira dos Rolinhos."
"PARQUE NACIONAL SERRA DA CANASTRA","Angiosperms","Cucurbitaceae","Cayaponia","espelina","(Silva Manso) Cogn.","CUCURBITACEAE Cayaponia espelina (Silva Manso) Cogn.","SPF00133709",,"SPF","Farinaccio, M.A.","169","Native","1998","Gomes-Klein, V.L.","1998","Ouro","Ouro","jbrj-public.s3-sa-east-1.amazonaws.com/fsi/server?type=image&source=DZI/spf/spf/0/13/37/9/spf00133709.dzi","São Roque de Minas","Parque Nacional da Serra da Canastra"
"PARQUE NACIONAL SERRA DA CANASTRA","Angiosperms","Melastomataceae","Leandra","melastomoides","Raddi","MELASTOMATACEAE Leandra melastomoides Raddi","HUFU00037686",,"HUFU","Romero, R.","4897","Native","1998","Romero, R.","1998","Ouro","Ouro","jbrj-public.s3-sa-east-1.amazonaws.com/fsi/server?type=image&source=DZI/hufu/hufu/0/3/76/86/hufu00037686.dzi","São Roque de Minas","Parque Nacional da Serra da Canastra; Estrada para o Retiro das Pedras."
"PARQUE NACIONAL SERRA DA CANASTRA","Angiosperms","Melastomataceae","Pleroma","martiale","(Cham.) Triana","MELASTOMATACEAE Pleroma martiale (Cham.) Triana","HUFU00067881",,"HUFU","Romero, R.","5000","Native","1998","Romero, R.","1998","Ouro","Ouro","jbrj-public.s3-sa-east-1.amazonaws.com/fsi/server?type=image&source=DZI/hufu/hufu/0/6/78/81/hufu00067881.dzi",,"Parque Nacional da Serra da Canastra; Guarita de Sacramento, cerca de 3km da estrada para S o Roque de Minas.; Campo cerrado."
"PARQUE NACIONAL SERRA DA CANASTRA","Angiosperms","Convolvulaceae","Ipomoea","aprica","House","CONVOLVULACEAE Ipomoea aprica House","SPF00134146",,"SPF","Farinaccio, M.A.","260","Native","1998","Simao-Bianchini, R.","99","Ouro","Ouro","jbrj-public.s3-sa-east-1.amazonaws.com/fsi/server?type=image&source=DZI/spf/spf/0/13/41/46/spf00134146.dzi","São Roque de Minas","Parque Nacional da Serra da Canastra"
"PARQUE NACIONAL SERRA DA CANASTRA","Angiosperms","Lamiaceae","Hyptis","nudicaulis","Benth.","LAMIACEAE Hyptis nudicaulis Benth.","SPF00132078",,"SPF","Sano, P.T.","933","Native","1998","Harley, R.M.","99","Ouro","Ouro","jbrj-public.s3-sa-east-1.amazonaws.com/fsi/server?type=image&source=DZI/spf/spf/0/13/20/78/spf00132078.dzi","São Roque de Minas","Parque Nacional da Serra da Canastra"
"PARQUE NACIONAL SERRA DA CANASTRA","Angiosperms","Polygonaceae","Coccoloba","scandens","Casar.","POLYGONACEAE Coccoloba scandens Casar.","SPF00134167",,"SPF","Farinaccio, M.A.","257","Native","1998","Melo, E.","99","Ouro","Ouro","jbrj-public.s3-sa-east-1.amazonaws.com/fsi/server?type=image&source=DZI/spf/spf/0/13/41/67/spf00134167.dzi","São Roque de Minas","Parque Nacional da Serra da Canastra, Retiro das Pedras, próximo ao Córrego dos Rolinhos."
"PARQUE NACIONAL SERRA DA CANASTRA","Angiosperms","Asteraceae","Aspilia","foliacea","(Spreng.) Baker","ASTERACEAE Aspilia foliacea (Spreng.) Baker","MO2273810",,"MO","Nakajima, J.N.","2925","Native","1997","Nakajima, J.N.",,"Ouro","Ouro","jbrj-public.s3.amazonaws.com/fsi/server?type=image&source=DZI/missouri/mo/2/27/38/10/mo02273810.dzi",,"Torre de observação, estrada para a divisa do parque, Parque Nacional da Serra da Canastra, São Roque de Minas."
"PARQUE NACIONAL SERRA DA CANASTRA","Angiosperms","Asteraceae","Aspilia",,"Thouars","ASTERACEAE Aspilia Thouars","HUFU00057163",,"HUFU","Nakajima, J.N.","2232","Native","1997",,,"Ouro","Ouro","jbrj-public.s3-sa-east-1.amazonaws.com/fsi/server?type=image&source=DZI/hufu/hufu/0/5/71/63/hufu00057163.dzi","São Roque de Minas","Parque Nacional da Serra da Canastra ; Garagem de Pedras."
"PARQUE NACIONAL SERRA DA CANASTRA","Angiosperms","Asteraceae","Baccharis","aphylla","(Vell.) DC.","ASTERACEAE Baccharis aphylla (Vell.) DC.","MO2273753",,"MO","Romero, R.","4657","Native","1997","Nakajima, J.N.",,"Ouro","Ouro","jbrj-public.s3.amazonaws.com/fsi/server?type=image&source=DZI/missouri/mo/2/27/37/53/mo02273753.dzi",,"Estrada para Sacramento, entrada para a Garagem de Pedras, Parque Nacional da Serra da Canastra, São Roque de Minas."
"PARQUE NACIONAL SERRA DA CANASTRA","Angiosperms","Asteraceae","Baccharis","gracilis","DC.","ASTERACEAE Baccharis gracilis DC.","MO2273716",,"MO","Romero, R.","4760","Native","1997","Nakajima, J.N.",,"Ouro","Ouro","jbrj-public.s3.amazonaws.com/fsi/server?type=image&source=DZI/missouri/mo/2/27/37/16/mo02273716.dzi",,"Chapadão da Zagaia de frente para a Serra das Sete Voltas, após a torre de observação, Parque Nacional da Serra da Canastra, São Roque de Minas."
"PARQUE NACIONAL SERRA DA CANASTRA","Angiosperms","Asteraceae","Baccharis","ligustrina","DC.","ASTERACEAE Baccharis ligustrina DC.","US01725217",,"US","Nakajima, J.N.","2641","Native","1997",,,"Ouro","Ouro","jbrj-public.s3-sa-east-1.amazonaws.com/fsi/server?type=image&source=DZI/us/us/1/72/52/17/us01725217.dzi",,"Estrada para o sítio João Domingos, Parque Nacional da Serra da Canastra, São Roque de Minas, Minas Gerais, Brasil"
"PARQUE NACIONAL SERRA DA CANASTRA","Angiosperms","Asteraceae","Baccharis","linearifolia","(Lam.) Pers.","ASTERACEAE Baccharis linearifolia (Lam.) Pers.","MO2273704",,"MO","Romero, R.","4284","Native","1997","Nakajima, J.N.",,"Ouro","Ouro","jbrj-public.s3.amazonaws.com/fsi/server?type=image&source=DZI/missouri/mo/2/27/37/4/mo02273704.dzi",,"Vale dos Cândidos, próximo ao córrego das Posses, Parque Nacional da Serra da Canastra, São Roque de Minas."
"PARQUE NACIONAL SERRA DA CANASTRA","Angiosperms","Asteraceae","Baccharis","tarchonanthoides","DC.","ASTERACEAE Baccharis tarchonanthoides DC.","US01726708",,"US","Nakajima, J.N.","2743","Native","1997",,,"Ouro","Ouro","jbrj-public.s3-sa-east-1.amazonaws.com/fsi/server?type=image&source=DZI/us/us/1/72/67/8/us01726708.dzi",,"Procedência: Vale dos Cândidos, Parque Nacional da Serra da Canastra, São Roque de Minas."
"PARQUE NACIONAL SERRA DA CANASTRA","Angiosperms","Asteraceae","Bidens","flagellaris","Baker","ASTERACEAE Bidens flagellaris Baker","US01788421",,"US","Nakajima, J.N.","2276","Native","1997",,,"Ouro","Ouro","jbrj-public.s3-sa-east-1.amazonaws.com/fsi/server?type=image&source=DZI/us/us/1/78/84/21/us01788421.dzi",,"Procedência: Estrada São Roque - Sacramento, próximo a torre de observação, São Roque de Minas, Parque Nacional da Serra da Canastra"
"PARQUE NACIONAL SERRA DA CANASTRA","Angiosperms","Asteraceae","Bidens","graveolens","Mart.","ASTERACEAE Bidens graveolens Mart.","MO2273719",,"MO","Nakajima, J.N.","2201","Native","1997","Nakajima, J.N.",,"Ouro","Ouro","jbrj-public.s3.amazonaws.com/fsi/server?type=image&source=DZI/missouri/mo/2/27/37/19/mo02273719.dzi",,"Estrada para o Retiro de Pedras, São Roque de Minas, Parque Nacional da Serra da Canastra."
"PARQUE NACIONAL SERRA DA CANASTRA","Angiosperms","Asteraceae","Calea","cuneifolia","DC.","ASTERACEAE Calea cuneifolia DC.","UPCB00025433",,"UPCB","Nakajima, J.N.","2942","Native","1997",,,"Ouro","Ouro","jbrj-public.s3-sa-east-1.amazonaws.com/fsi/server?type=image&source=DZI/upcb/upcb/0/2/54/33/upcb00025433.dzi","São Roque de Minas","PARNA da Serra da Canastra, torre de observação, estrada para a divisa do parque."
"PARQUE NACIONAL SERRA DA CANASTRA","Angiosperms","Asteraceae","Calea","fruticosa","(Gardner) Urbatsch, Zlotsky & Pruski","ASTERACEAE Calea fruticosa (Gardner) Urbatsch, Zlotsky & Pruski","UPCB00025551",,"UPCB","Nakajima, J.N.","2255","Native","1997",,,"Ouro","Ouro","jbrj-public.s3-sa-east-1.amazonaws.com/fsi/server?type=image&source=DZI/upcb/upcb/0/2/55/51/upcb00025551.dzi","São Roque de Minas","PARNA Serra da Canastra, estrada São Roque de Minas - Sacramento, km 60."
"PARQUE NACIONAL SERRA DA CANASTRA","Angiosperms","Asteraceae","Campuloclinium","hirsutum","Gardner","ASTERACEAE Campuloclinium hirsutum Gardner","MO2273755",,"MO","Romero, R.","4208","Native","1997","Nakajima, J.N.",,"Ouro","Ouro","jbrj-public.s3.amazonaws.com/fsi/server?type=image&source=DZI/missouri/mo/2/27/37/55/mo02273755.dzi",,"Estrada para a Fazenda do Fundão, Parque Nacional da Serra da Canastra, São Roque de Minas."
"PARQUE NACIONAL SERRA DA CANASTRA","Angiosperms","Asteraceae","Campuloclinium","megacephalum","(Mart. ex Baker) R.M.King & H.Rob.","ASTERACEAE Campuloclinium megacephalum (Mart. ex Baker) R.M.King & H.Rob.","MO2273767",,"MO","Romero, R.","3854","Native","1997","Nakajima, J.N.",,"Ouro","Ouro","jbrj-public.s3.amazonaws.com/fsi/server?type=image&source=DZI/missouri/mo/2/27/37/67/mo02273767.dzi",,"Morro próximo à sede administrativa, São Roque de Minas, Parque Nacional da Serra da Canastra."
"PARQUE NACIONAL SERRA DA CANASTRA","Bryophytes","Asteraceae","Chaptalia","integerrima","(Vell.) Burkart","ASTERACEAE Chaptalia integerrima (Vell.) Burkart","MO2273774",,"MO","Romero, R.","4579","Native","1997","Nakajima, J.N.",,"Ouro","Ouro","jbrj-public.s3.amazonaws.com/fsi/server?type=image&source=DZI/missouri/mo/2/27/37/74/mo02273774.dzi",,"Estrada para a Serra da Chapada, Parque Nacional da Serra da Canastra, São Roque de Minas."
"PARQUE NACIONAL SERRA DA CANASTRA","Angiosperms","Asteraceae","Chresta","plantaginifolia","(Less.) Gardner","ASTERACEAE Chresta plantaginifolia (Less.) Gardner","MO2273714",,"MO","Romero, R.","4611","Native","1997","Nakajima, J.N.",,"Ouro","Ouro","jbrj-public.s3.amazonaws.com/fsi/server?type=image&source=DZI/missouri/mo/2/27/37/14/mo02273714.dzi",,"Estrada para a Serra da Chapada, Parque Nacional da Serra da Canastra, São Roque de Minas."
"PARQUE NACIONAL SERRA DA CANASTRA","Angiosperms","Asteraceae","Chresta",,"Vell. ex DC.","ASTERACEAE Chresta Vell. ex DC.","HUFU00057479",,"HUFU","Romero, R.","4586","Native","1997","Nakajima, J.N.",,"Ouro","Ouro","jbrj-public.s3-sa-east-1.amazonaws.com/fsi/server?type=image&source=DZI/hufu/hufu/0/5/74/79/hufu00057479.dzi","São Roque de Minas","Parque Nacional da Serra da Canastra ; Estrada para a Serra da Chapada."
"PARQUE NACIONAL SERRA DA CANASTRA","Angiosperms","Asteraceae","Chromolaena","cinereoviridis","(Sch.Bip. ex Baker) R.M.King & H.Robinson","ASTERACEAE Chromolaena cinereoviridis (Sch.Bip. ex Baker) R.M.King & H.Robinson","MO2260042",,"MO","Nakajima, J.N.","2264","Native","1997","Nakajima, J.N.",,"Ouro","Ouro","jbrj-public.s3.amazonaws.com/fsi/server?type=image&source=DZI/missouri/mo/2/26/0/42/mo02260042.dzi",,"Estrada São Roque - Sacramento, km 60, São Roque de Minas, Parque Nacional da Serra da Canastra."
"PARQUE NACIONAL SERRA DA CANASTRA","Angiosperms","Asteraceae","Chromolaena","cylindrocephala","(Sch.Bip. ex Baker) R.M.King & H.Rob.","ASTERACEAE Chromolaena cylindrocephala (Sch.Bip. ex Baker) R.M.King & H.Rob.","MO2273778",,"MO","Romero, R.","3955","Native","1997","Nakajima, J.N.",,"Ouro","Ouro","jbrj-public.s3.amazonaws.com/fsi/server?type=image&source=DZI/missouri/mo/2/27/37/78/mo02273778.dzi",,"Estrada para o Retiro de Pedras, próximo à divisa do Parque, São Roque de Minas, Parque Nacional da Serra da Canastra."
"PARQUE NACIONAL SERRA DA CANASTRA","Angiosperms","Asteraceae","Chromolaena",,"DC.","ASTERACEAE Chromolaena DC.","HUFU00057603",,"HUFU","Romero, R.","3870","Native","1997","Nakajima, J.N.",,"Ouro","Ouro","jbrj-public.s3-sa-east-1.amazonaws.com/fsi/server?type=image&source=DZI/hufu/hufu/0/5/76/3/hufu00057603.dzi","São Roque de Minas","Parque Nacional da Serra da Canastra ; Morro após a nascente do rio São Francisco."
"PARQUE NACIONAL SERRA DA CANASTRA","Angiosperms","Asteraceae","Chrysolaena",,"H.Rob.","ASTERACEAE Chrysolaena H.Rob.","HUFU00058871",,"HUFU","Romero, R.","4577","Native","1997","Nakajima, J.N.",,"Ouro","Ouro","jbrj-public.s3-sa-east-1.amazonaws.com/fsi/server?type=image&source=DZI/hufu/hufu/0/5/88/71/hufu00058871.dzi","São Roque de Minas","Parque Nacional da Serra da Canastra ; Entrada para Serra da Chapada"
"PARQUE NACIONAL SERRA DA CANASTRA","Angiosperms","Asteraceae","Chrysolaena","obovata","(Less.) Dematt.","ASTERACEAE Chrysolaena obovata (Less.) Dematt.","HUFU00057614",,"HUFU","Romero, R.","4659","Native","1997","Nakajima, J.N.",,"Ouro","Ouro","jbrj-public.s3-sa-east-1.amazonaws.com/fsi/server?type=image&source=DZI/hufu/hufu/0/5/76/14/hufu00057614.dzi","São Roque de Minas","Parque Nacional da Serra da Canastra ; Estrada para Sacramento, entrada para a Garagem de Pedras."
"PARQUE NACIONAL SERRA DA CANASTRA","Angiosperms","Asteraceae","Eremanthus","glomerulatus","Less.","ASTERACEAE Eremanthus glomerulatus Less.","MO2273705",,"MO","Romero, R.","4253","Native","1997","Nakajima, J.N.",,"Ouro","Ouro","jbrj-public.s3.amazonaws.com/fsi/server?type=image&source=DZI/missouri/mo/2/27/37/5/mo02273705.dzi",,"Estrada para a Fazenda do Fundão, Parque Nacional da Serra da Canastra, São Roque de Minas."
"PARQUE NACIONAL SERRA DA CANASTRA","Angiosperms","Asteraceae","Heterocoma","robinsoniana","Loeuille, J. N. Nakaj. & Semir","ASTERACEAE Heterocoma robinsoniana Loeuille, J. N. Nakaj. & Semir","HUFU00057941",,"HUFU","Romero, R.","4668","Native","1997","Nakajima, J.N.",,"Ouro","Ouro","jbrj-public.s3-sa-east-1.amazonaws.com/fsi/server?type=image&source=DZI/hufu/hufu/0/5/79/41/hufu00057941.dzi","São Roque de Minas","Parque Nacional da Serra da Canastra ; Descida para o vale dos Cândidos."
"PARQUE NACIONAL SERRA DA CANASTRA","Angiosperms","Asteraceae","Holocheilus","illustris","(Vell.) Cabrera","ASTERACEAE Holocheilus illustris (Vell.) Cabrera","US01621523",,"US","Nakajima, J.N.","2977","Native","1997",,,"Ouro","Ouro","jbrj-public.s3-sa-east-1.amazonaws.com/fsi/server?type=image&source=DZI/us/us/1/62/15/23/us01621523.dzi",,"Procendencia: Correga do Barbaro, Parque Nacional da Serra Da Canastra, Sao Roque de Minas"
"PARQUE NACIONAL SERRA DA CANASTRA","Angiosperms","Asteraceae","Lessingianthus","cephalotes","(DC.) H.Rob.","ASTERACEAE Lessingianthus cephalotes (DC.) H.Rob.","MO2273717",,"MO","Romero, R.","4655","Native","1997","Nakajima, J.N.",,"Ouro","Ouro","jbrj-public.s3.amazonaws.com/fsi/server?type=image&source=DZI/missouri/mo/2/27/37/17/mo02273717.dzi",,"Estrada para Sacramento, entrada para a Garagem de Pedras, Parque Nacional da Serra da Canastra, São Roque de Minas."
"PARQUE NACIONAL SERRA DA CANASTRA","Angiosperms","Asteraceae","Mikania","laevigata","Sch.Bip. ex Baker","ASTERACEAE Mikania laevigata Sch.Bip. ex Baker","MO2273750",,"MO","Romero, R.","4311","Native","1997","Nakajima, J.N.",,"Ouro","Ouro","jbrj-public.s3.amazonaws.com/fsi/server?type=image&source=DZI/missouri/mo/2/27/37/50/mo02273750.dzi",,"Vale dos Cândidos, próximo ao córrego das Posses, Parque Nacional da Serra da Canastra, São Roque de Minas."
"PARQUE NACIONAL SERRA DA CANASTRA","Angiosperms","Asteraceae","Mikania","lindbergii","Baker","ASTERACEAE Mikania lindbergii Baker","US01673849",,"US","Nakajima, J.N.","2352","Native","1997",,,"Ouro","Ouro","jbrj-public.s3-sa-east-1.amazonaws.com/fsi/server?type=image&source=DZI/us/us/1/67/38/49/us01673849.dzi",,"Cachoeira dos Rolinhos, (ilhota), Parque Nacional da Serra da Canastra, São Roque de Minas"
"PARQUE NACIONAL SERRA DA CANASTRA","Angiosperms","Asteraceae","Mikania","microcephala","DC.","ASTERACEAE Mikania microcephala DC.","US01673828",,"US","Nakajima, J.N.","2617","Native","1997",,,"Ouro","Ouro","jbrj-public.s3-sa-east-1.amazonaws.com/fsi/server?type=image&source=DZI/us/us/1/67/38/28/us01673828.dzi",,"Guarita da Casca D'Anta, parte de baixo Parque Nacional da Serra da canastra, São Roque de Minas"
"PARQUE NACIONAL SERRA DA CANASTRA","Angiosperms","Asteraceae","Mikania","officinalis","Mart.","ASTERACEAE Mikania officinalis Mart.","MO2273775",,"MO","Romero, R.","4590","Native","1997","Nakajima, J.N.",,"Ouro","Ouro","jbrj-public.s3.amazonaws.com/fsi/server?type=image&source=DZI/missouri/mo/2/27/37/75/mo02273775.dzi",,"Estrada para a Serra da Chapada, Parque Nacional da Serra da Canastra, São Roque de Minas."
"PARQUE NACIONAL SERRA DA CANASTRA","Angiosperms","Asteraceae","Mikania","sessilifolia","DC.","ASTERACEAE Mikania sessilifolia DC.","MO2273776",,"MO","Romero, R.","4057","Native","1997","Nakajima, J.N.",,"Ouro","Ouro","jbrj-public.s3.amazonaws.com/fsi/server?type=image&source=DZI/missouri/mo/2/27/37/76/mo02273776.dzi",,"Nascente do córrego dos Peixes, Parque Nacional da Serra da Canastra, São Roque de Minas."
"PARQUE NACIONAL SERRA DA CANASTRA","Angiosperms","Asteraceae","Mikania","smilacina","DC.","ASTERACEAE Mikania smilacina DC.","US01674391",,"US","Nakajima, J.N.","2619","Native","1997",,,"Ouro","Ouro","jbrj-public.s3-sa-east-1.amazonaws.com/fsi/server?type=image&source=DZI/us/us/1/67/43/91/us01674391.dzi",,"Guarita da Casca D'Anta, parte de baixo, Parque Nacional da Serra da Canastra, São Roque de Minas"
"PARQUE NACIONAL SERRA DA CANASTRA","Angiosperms","Asteraceae","Mikania","virgata","B.L.Rob.","ASTERACEAE Mikania virgata B.L.Rob.","MO2273808",,"MO","Nakajima, J.N.","2828","Native","1997","Nakajima, J.N.",,"Ouro","Ouro","jbrj-public.s3.amazonaws.com/fsi/server?type=image&source=DZI/missouri/mo/2/27/38/8/mo02273808.dzi",,"Estrada para Sacramento, morro depois da nascente do rio São Francisco, Parque Nacional da Serra da Canastra, São Roque de Minas."
"PARQUE NACIONAL SERRA DA CANASTRA","Angiosperms","Asteraceae","Mikania","warmingii","Sch.Bip.","ASTERACEAE Mikania warmingii Sch.Bip.","MO2273809",,"MO","Nakajima, J.N.","2676","Native","1997","Nakajima, J.N.",,"Ouro","Ouro","jbrj-public.s3.amazonaws.com/fsi/server?type=image&source=DZI/missouri/mo/2/27/38/9/mo02273809.dzi",,"Estrada São Roque-Sacramento, morro após a nascente do rio São Francisco, Parque Nacional da Serra da Canastra, São Roque de Minas."
"PARQUE NACIONAL SERRA DA CANASTRA","Angiosperms","Asteraceae","Piptocarpha","oblonga","(Gardner) Baker","ASTERACEAE Piptocarpha oblonga (Gardner) Baker","MO2273724",,"MO","Nakajima, J.N.","2767","Native","1997","Nakajima, J.N.",,"Ouro","Ouro","jbrj-public.s3.amazonaws.com/fsi/server?type=image&source=DZI/missouri/mo/2/27/37/24/mo02273724.dzi",,"Nascente do córrego do Barbaro, Parque Nacional da Serra da Canastra, São Roque de Minas."
"PARQUE NACIONAL SERRA DA CANASTRA","Angiosperms","Asteraceae","Pseudobrickellia","brasiliensis","(Spreng.) R.M.King & H.Rob.","ASTERACEAE Pseudobrickellia brasiliensis (Spreng.) R.M.King & H.Rob.","MO2273773",,"MO","Romero, R.","4400","Native","1997","Nakajima, J.N.",,"Ouro","Ouro","jbrj-public.s3.amazonaws.com/fsi/server?type=image&source=DZI/missouri/mo/2/27/37/73/mo02273773.dzi",,"Guarita de Sacramento, Parque Nacional da Serra da Canastra, São Roque de Minas."
"PARQUE NACIONAL SERRA DA CANASTRA","Angiosperms","Asteraceae","Pterocaulon","rugosum","(Vahl) Malme","ASTERACEAE Pterocaulon rugosum (Vahl) Malme","MO2273777",,"MO","Romero, R.","4069","Native","1997","Nakajima, J.N.",,"Ouro","Ouro","jbrj-public.s3.amazonaws.com/fsi/server?type=image&source=DZI/missouri/mo/2/27/37/77/mo02273777.dzi",,"Morro próximo a sede administrativa, Parque Nacional da Serra da Canastra, São Roque de Minas."
"PARQUE NACIONAL SERRA DA CANASTRA","Angiosperms","Asteraceae","Senecio","pohlii","Sch.Bip. ex Baker","ASTERACEAE Senecio pohlii Sch.Bip. ex Baker","MO2273706",,"MO","Romero, R.","3846","Native","1997","Nakajima, J.N.",,"Ouro","Ouro","jbrj-public.s3.amazonaws.com/fsi/server?type=image&source=DZI/missouri/mo/2/27/37/6/mo02273706.dzi",,"Morro próximo à sede administrativa, São Roque de Minas, Parque Nacional da Serra da Canastra."
"PARQUE NACIONAL SERRA DA CANASTRA","Angiosperms","Asteraceae","Stenocephalum","megapotamicum","(Spreng.) Sch.Bip.","ASTERACEAE Stenocephalum megapotamicum (Spreng.) Sch.Bip.","US01631627",,"US","Nakajima, J.N.","2383","Native","1997",,,"Ouro","Ouro","jbrj-public.s3-sa-east-1.amazonaws.com/fsi/server?type=image&source=DZI/us/us/1/63/16/27/us01631627.dzi",,"Estrada para o Retire de Pedras, Parque Nacional da Serra da Canastra, São Roque de Minas"
"PARQUE NACIONAL SERRA DA CANASTRA","Angiosperms","Asteraceae","Stevia",,"Cav.","ASTERACEAE Stevia Cav.","HUFU00058736",,"HUFU","Romero, R.","3878","Native","1997","Nakajima, J.N.",,"Ouro","Ouro","jbrj-public.s3-sa-east-1.amazonaws.com/fsi/server?type=image&source=DZI/hufu/hufu/0/5/87/36/hufu00058736.dzi","São Roque de Minas","Parque Nacional da Serra da Canastra ; Morro após a nascente do rio São Francisco."
"PARQUE NACIONAL SERRA DA CANASTRA","Angiosperms","Asteraceae","Wedelia","puberula","DC.","ASTERACEAE Wedelia puberula DC.","MO2260044",,"MO","Nakajima, J.N.","2374","Native","1997","Nakajima, J.N.",,"Ouro","Ouro","jbrj-public.s3.amazonaws.com/fsi/server?type=image&source=DZI/missouri/mo/2/26/0/44/mo02260044.dzi",,"Estrada para o Retiro de Pedas, Parque Nacional da Serra da Canastra, São Roque de Minas."
"PARQUE NACIONAL SERRA DA CANASTRA","Angiosperms","Melastomataceae","Chaetostoma","fastigiatum","Naudin","MELASTOMATACEAE Chaetostoma fastigiatum Naudin","HUFU00070374",,"HUFU","Romero, R.","3890","Native","1997",,,"Ouro","Ouro","jbrj-public.s3-sa-east-1.amazonaws.com/fsi/server?type=image&source=DZI/hufu/hufu/0/7/3/74/hufu00070374.dzi","São Roque de Minas","Parque Nacional da Serra da Canastra. Trilha para a parte de baixo da cachoeira Casca D'Anta.. Campo rupestre."
"PARQUE NACIONAL SERRA DA CANASTRA","Angiosperms","Melastomataceae","Miconia","elegans","Cogn.","MELASTOMATACEAE Miconia elegans Cogn.","MBM259837",,"MBM","Nakajima, J.N.","52564","Native","1997","Romero, R.",,"Ouro","Ouro","jbrj-public.s3.amazonaws.com/fsi/server?type=image&source=DZI/mbm/mbm/0/25/98/37/mbm00259837.dzi","São Roque de Minas","Parque Nacional da Serra da Canastra, Guarita de Sacramento"
"PARQUE NACIONAL SERRA DA CANASTRA","Angiosperms","Melastomataceae","Microlicia","canastrensis","Naudin","MELASTOMATACEAE Microlicia canastrensis Naudin","MBM259763",,"MBM","Nakajima, J.N.","2218","Native","1997","Romero, R.",,"Ouro","Ouro","jbrj-public.s3.amazonaws.com/fsi/server?type=image&source=DZI/mbm/mbm/0/25/97/63/mbm00259763.dzi","São Roque de Minas","Parque Nacional da Serra da Canastra, Garagem de Pedras"
"PARQUE NACIONAL SERRA DA CANASTRA","Angiosperms","Melastomataceae","Microlicia","martiana","O.Berg ex Triana","MELASTOMATACEAE Microlicia martiana O.Berg ex Triana","MBM259791",,"MBM","Romero, R.","3901","Native","1997","Romero, R.",,"Ouro","Ouro","jbrj-public.s3.amazonaws.com/fsi/server?type=image&source=DZI/mbm/mbm/0/25/97/91/mbm00259791.dzi","São Roque de Minas","Parque Nacional da Serra da Canastra, trilha para a Cachoeira Casca da Anta"
"PARQUE NACIONAL SERRA DA CANASTRA","Angiosperms","Melastomataceae","Microlicia","polystemma","Naudin","MELASTOMATACEAE Microlicia polystemma Naudin","MBM259772",,"MBM","Nakajima, J.N.","2249","Native","1997","Romero, R.",,"Ouro","Ouro","jbrj-public.s3.amazonaws.com/fsi/server?type=image&source=DZI/mbm/mbm/0/25/97/72/mbm00259772.dzi","São Roque de Minas","Parque Nacional da Serra da Canastra, estrada para Sacramento"
"PARQUE NACIONAL SERRA DA CANASTRA","Angiosperms","Melastomataceae","Pleroma","estrellense","(Raddi) P.J.F.Guim. & Michelang.","MELASTOMATACEAE Pleroma estrellense (Raddi) P.J.F.Guim. & Michelang.","MBM259826",,"MBM","Nakajima, J.N.","2426","Native","1997","Guimaraes, P.",,"Ouro","Ouro","jbrj-public.s3.amazonaws.com/fsi/server?type=image&source=DZI/mbm/mbm/0/25/98/26/mbm00259826.dzi","São Roque de Minas","Parque Nacional da Serra da Canastra"
"PARQUE NACIONAL SERRA DA CANASTRA",,"Polygalaceae","Senega","celosioides","(Mart. ex A.W.Benn.) J.F.B.Pastore","POLYGALACEAE Senega celosioides (Mart. ex A.W.Benn.) J.F.B.Pastore","HUFU00036050",,"HUFU","Nakajima, J.N.","2284",,"1997","Pastore, J.F.B.","2024","Ouro","Ouro","jbrj-public.s3-sa-east-1.amazonaws.com/fsi/server?type=image&source=DZI/hufu/hufu/0/3/60/50/hufu00036050.dzi","São Roque de Minas","Parque Nacional da Serra da Canastra"
"PARQUE NACIONAL SERRA DA CANASTRA","Angiosperms","Polygalaceae","Senega","coriacea","(A.St.-Hil. & Moq.) J.F.B.Pastore","POLYGALACEAE Senega coriacea (A.St.-Hil. & Moq.) J.F.B.Pastore","HUFU00036054",,"HUFU","Romero, R.","4555","Native","1997","Pastore, J.F.B.","2024","Ouro","Ouro","jbrj-public.s3-sa-east-1.amazonaws.com/fsi/server?type=image&source=DZI/hufu/hufu/0/3/60/54/hufu00036054.dzi","São Roque de Minas","Parque Nacional da Serra da Canastra"
"PARQUE NACIONAL SERRA DA CANASTRA","Angiosperms","Polygalaceae","Senega","galioides","(Poir.) J.F.B.Pastore","POLYGALACEAE Senega galioides (Poir.) J.F.B.Pastore","HUFU00036184",,"HUFU","Romero, R.","4191","Native","1997","Pastore, J.F.B.","2024","Ouro","Ouro","jbrj-public.s3-sa-east-1.amazonaws.com/fsi/server?type=image&source=DZI/hufu/hufu/0/3/61/84/hufu00036184.dzi","São Roque de Minas","Parque Nacional da Serra da Canastra"
"PARQUE NACIONAL SERRA DA CANASTRA","Angiosperms","Polygalaceae","Senega","timoutou","(Aubl.) J.F.B.Pastore","POLYGALACEAE Senega timoutou (Aubl.) J.F.B.Pastore","HUFU00036144",,"HUFU","Nakajima, J.N.","2577","Native","1997","Pastore, J.F.B.","2024","Ouro","Ouro","jbrj-public.s3-sa-east-1.amazonaws.com/fsi/server?type=image&source=DZI/hufu/hufu/0/3/61/44/hufu00036144.dzi","São Roque de Minas","Parque Nacional da Serra da Canastra"
"PARQUE NACIONAL SERRA DA CANASTRA","Angiosperms","Polygalaceae","Senega","herbiola","J.F.B.Pastore","POLYGALACEAE Senega herbiola var. minensis J.F.B.Pastore","HUFU00036096",,"HUFU","Romero, R.","4239","Native","1997","Pastore, J.F.B.","2023","Ouro","Ouro","jbrj-public.s3-sa-east-1.amazonaws.com/fsi/server?type=image&source=DZI/hufu/hufu/0/3/60/96/hufu00036096.dzi","São Roque de Minas","Parque Nacional da Serra da Canastra"
"PARQUE NACIONAL SERRA DA CANASTRA","Angiosperms","Polygalaceae","Senega","tenuis","(DC.) J.F.B.Pastore","POLYGALACEAE Senega tenuis (DC.) J.F.B.Pastore","CEN00049201",,"CEN","Romero, R.","4033","Native","1997","Pastore, J.F.B.","2023","Ouro","Ouro","jbrj-public.s3.amazonaws.com/fsi/server?type=image&source=DZI/cen/cen/0/4/92/1/cen00049201.dzi","São Roque de Minas","Nascente do Córrego dos Peixes, Parque Nacional da Serra da Canastra."
"PARQUE NACIONAL SERRA DA CANASTRA","Angiosperms","Araliaceae","Dendropanax","cuneatus","(DC.) Decne. & Planch.","ARALIACEAE Dendropanax cuneatus (DC.) Decne. & Planch.","HUFU00052482",,"HUFU","Romero, R.","4294","Native","1997","Fiaschi, P.","2020","Ouro","Ouro","jbrj-public.s3-sa-east-1.amazonaws.com/fsi/server?type=image&source=DZI/hufu/hufu/0/5/24/82/hufu00052482.dzi","São Roque de Minas","Parque Nacional da Serra da Canastra ; Vale dos Cândidos, próximo ao córrego das Posses."
"PARQUE NACIONAL SERRA DA CANASTRA","Angiosperms","Fabaceae","Mimosa","canastrensis","V.F.Dutra & F.C.P.Garcia","FABACEAE Mimosa canastrensis V.F.Dutra & F.C.P.Garcia","VIES011926",,"VIES","Nakajima, J.N.","2911","Native","1997","Dutra, V.F.","2020","Ouro","Ouro","jbrj-public.s3.amazonaws.com/fsi/server?type=image&source=DZI/vies/vies/0/1/19/26/vies00011926.dzi","São Roque de Minas","Parque Nacional da Serra da Canastra, Guarita de Sacramento, ca. 3km em direção a São Roque de Minas."
"PARQUE NACIONAL SERRA DA CANASTRA","Angiosperms","Melastomataceae","Pleroma","minus","(R.Romero & A.B.Martins) P.J.F.Guim.","MELASTOMATACEAE Pleroma minus (R.Romero & A.B.Martins) P.J.F.Guim.","HUFU00070337",,"HUFU","Romero, R.","4173","Native","1997","Silva, R.P.","2020","Ouro","Ouro","jbrj-public.s3-sa-east-1.amazonaws.com/fsi/server?type=image&source=DZI/hufu/hufu/0/7/3/37/hufu00070337.dzi","São Roque de Minas","Parque Nacional da Serra da Canastra. Córrego dos Passageiros.. Campo rupestre."
"PARQUE NACIONAL SERRA DA CANASTRA","Angiosperms","Melastomataceae","Pleroma","wurdackianum","(R.Romero & A.B.Martins) P.J.F.Guim. & Michelang.","MELASTOMATACEAE Pleroma wurdackianum (R.Romero & A.B.Martins) P.J.F.Guim. & Michelang.","HUFU00070354",,"HUFU","Romero, R.","4143","Native","1997","Silva, R.P.","2020","Ouro","Ouro","jbrj-public.s3-sa-east-1.amazonaws.com/fsi/server?type=image&source=DZI/hufu/hufu/0/7/3/54/hufu00070354.dzi","São Roque de Minas","Parque Nacional da Serra da Canastra. Trilha do paredão da Serra da Canastra (caminho).. Campo rupestre."
"PARQUE NACIONAL SERRA DA CANASTRA","Angiosperms","Verbenaceae","Stachytarpheta","grandiflora","P.H.Cardoso & Salimena","VERBENACEAE Stachytarpheta grandiflora P.H.Cardoso & Salimena","HUFU00033716",,"HUFU","Nakajima, J.N.","2343","Native","1997","Cardoso, P.H.","2019","Ouro","Ouro","jbrj-public.s3-sa-east-1.amazonaws.com/fsi/server?type=image&source=DZI/hufu/hufu/0/3/37/16/hufu00033716.dzi","São Roque de Minas","Parque Nacional da Serra da Canastra"
"PARQUE NACIONAL SERRA DA CANASTRA","Angiosperms","Primulaceae","Myrsine","umbellata","Mart.","PRIMULACEAE Myrsine umbellata Mart.","HUFU00037250",,"HUFU","Romero, R.","4145","Native","1997","Freitas, M.F.","2018","Ouro","Ouro","jbrj-public.s3-sa-east-1.amazonaws.com/fsi/server?type=image&source=DZI/hufu/hufu/0/3/72/50/hufu00037250.dzi","São Roque de Minas","Parque Nacional da Serra da Canastra"
"PARQUE NACIONAL SERRA DA CANASTRA","Angiosperms","Scrophulariaceae","Buddleja","elegans","Cham. & Schltdl.","SCROPHULARIACEAE Buddleja elegans subsp. elegans Cham. & Schltdl.","HUFU00052202",,"HUFU","Nakajima, J.N.","2772","Native","1997","Coelho, G.P.","2018","Ouro","Ouro","jbrj-public.s3-sa-east-1.amazonaws.com/fsi/server?type=image&source=DZI/hufu/hufu/0/5/22/2/hufu00052202.dzi","São Roque de Minas","Parque Nacional da Serra da Canastra ; Nascente do córrego do Barbaro."
"PARQUE NACIONAL SERRA DA CANASTRA","Angiosperms","Asteraceae","Aldama","bracteata","(Gardner) E.E.Schill. & Panero","ASTERACEAE Aldama bracteata (Gardner) E.E.Schill. & Panero","HUFU00057068",,"HUFU","Nakajima, J.N.","2378","Native","1997","Nakajima, J.N.","2016","Ouro","Ouro","jbrj-public.s3-sa-east-1.amazonaws.com/fsi/server?type=image&source=DZI/hufu/hufu/0/5/70/68/hufu00057068.dzi","São Roque de Minas","Parque Nacional da Serra da Canastra ; Estrada para o Retiro de Pedras."
"PARQUE NACIONAL SERRA DA CANASTRA","Angiosperms","Asteraceae","Aldama","robusta","(Gardner) E.E.Schill. & Panero","ASTERACEAE Aldama robusta (Gardner) E.E.Schill. & Panero","HUFU00057085",,"HUFU","Romero, R.","4207","Native","1997","Nakajima, J.N.","2016","Ouro","Ouro","jbrj-public.s3-sa-east-1.amazonaws.com/fsi/server?type=image&source=DZI/hufu/hufu/0/5/70/85/hufu00057085.dzi","São Roque de Minas","Parque Nacional da Serra da Canastra ; Estrada para Fazenda do Fundão."
"PARQUE NACIONAL SERRA DA CANASTRA","Angiosperms","Asteraceae","Baccharis","brevifolia","DC.","ASTERACEAE Baccharis brevifolia DC.","HUFU00042016",,"HUFU","Romero, R.","3960","Native","1997","Heiden, G.","2016","Ouro","Ouro","jbrj-public.s3-sa-east-1.amazonaws.com/fsi/server?type=image&source=DZI/hufu/hufu/0/4/20/16/hufu00042016.dzi","São Roque de Minas","Parque Nacional da Serra da Canastra"
"PARQUE NACIONAL SERRA DA CANASTRA","Angiosperms","Asteraceae","Baccharis","retusa","DC.","ASTERACEAE Baccharis retusa DC.","HUFU00041997",,"HUFU","Romero, R.","4307","Native","1997","Heiden, G.","2016","Ouro","Ouro","jbrj-public.s3-sa-east-1.amazonaws.com/fsi/server?type=image&source=DZI/hufu/hufu/0/4/19/97/hufu00041997.dzi","São Roque de Minas","Parque Nacional da Serra da Canastra"
"PARQUE NACIONAL SERRA DA CANASTRA","Angiosperms","Asteraceae","Baccharis","subdentata","DC.","ASTERACEAE Baccharis subdentata DC.","HUFU00057279",,"HUFU","Romero, R.","4284","Native","1997","Heiden, G.","2016","Ouro","Ouro","jbrj-public.s3-sa-east-1.amazonaws.com/fsi/server?type=image&source=DZI/hufu/hufu/0/5/72/79/hufu00057279.dzi","São Roque de Minas","Parque Nacional da Serra da Canastra ; Vale dos Cândidos, próximo ao córrego fas Posses."
"PARQUE NACIONAL SERRA DA CANASTRA","Angiosperms","Asteraceae","Moquiniastrum","polymorphum","(Less.) G. Sancho","ASTERACEAE Moquiniastrum polymorphum (Less.) G. Sancho","HUFU00058505",,"HUFU","Romero, R.","3863","Native","1997","Nakajima, J.N.","2016","Ouro","Ouro","jbrj-public.s3-sa-east-1.amazonaws.com/fsi/server?type=image&source=DZI/hufu/hufu/0/5/85/5/hufu00058505.dzi","São Roque de Minas","Parque Nacional da Serra da Canastra ; Morro próximo à sede administrativa."
"PARQUE NACIONAL SERRA DA CANASTRA","Angiosperms","Eriocaulaceae","Paepalanthus","lundii","Körn.","ERIOCAULACEAE Paepalanthus lundii Körn.","HUFU00050875",,"HUFU","Nakajima, J.N.","2881","Native","1997","Echternacht, L.","2015","Ouro","Ouro","jbrj-public.s3-sa-east-1.amazonaws.com/fsi/server?type=image&source=DZI/hufu/hufu/0/5/8/75/hufu00050875.dzi","São Roque de Minas","Parque Nacional da Serra da Canastra ; Estrada para Sacramento, morro após a nascente do Rio São Francisco."
"PARQUE NACIONAL SERRA DA CANASTRA","Angiosperms","Euphorbiaceae","Manihot","fruticulosa","(Pax) D.J.Rogers & Appan","EUPHORBIACEAE Manihot fruticulosa (Pax) D.J.Rogers & Appan","HUFU00050176",,"HUFU","Romero, R.","4570","Native","1997","Mendoza, M.","2015","Ouro","Ouro","jbrj-public.s3-sa-east-1.amazonaws.com/fsi/server?type=image&source=DZI/hufu/hufu/0/5/1/76/hufu00050176.dzi","São Roque de Minas","Parque Nacional da Serra da Canastra; Estrada para a Serra da Chapada."
"PARQUE NACIONAL SERRA DA CANASTRA","Angiosperms","Euphorbiaceae","Manihot","tenella","Müll.Arg.","EUPHORBIACEAE Manihot tenella Müll.Arg.","HUFU00050161",,"HUFU","Romero, R.","4666","Native","1997","Mendoza, M.","2015","Ouro","Ouro","jbrj-public.s3-sa-east-1.amazonaws.com/fsi/server?type=image&source=DZI/hufu/hufu/0/5/1/61/hufu00050161.dzi","São Roque de Minas","Parque Nacional da Serra da Canastra; Estrada para Sacramento, entrada Garagem de Pedras."
"PARQUE NACIONAL SERRA DA CANASTRA","Angiosperms","Malpighiaceae","Byrsonima","viminifolia","A.Juss.","MALPIGHIACEAE Byrsonima viminifolia A.Juss.","HUFU00041195",,"HUFU","Romero, R.","4189","Native","1997","Francener, A.","2015","Ouro","Ouro","jbrj-public.s3-sa-east-1.amazonaws.com/fsi/server?type=image&source=DZI/hufu/hufu/0/4/11/95/hufu00041195.dzi","São Roque de Minas","Parque Nacional da Serra da Canastra"
"PARQUE NACIONAL SERRA DA CANASTRA","Angiosperms","Euphorbiaceae","Microstachys",,"A.Juss.","EUPHORBIACEAE Microstachys A.Juss.","HUFU00050186",,"HUFU","Romero, R.","4343","Native","1997","Silva, O.L.M.","2014","Ouro","Ouro","jbrj-public.s3-sa-east-1.amazonaws.com/fsi/server?type=image&source=DZI/hufu/hufu/0/5/1/86/hufu00050186.dzi","São Roque de Minas","Parque Nacional da Serra da Canastra; Chapadão do Diamante."
"PARQUE NACIONAL SERRA DA CANASTRA","Angiosperms","Malpighiaceae","Byrsonima","pachyphylla","A.Juss.","MALPIGHIACEAE Byrsonima pachyphylla A.Juss.","HUFU00039647",,"HUFU","Nakajima, J.N.","2685","Native","1997","Francener, A.","2014","Ouro","Ouro","jbrj-public.s3-sa-east-1.amazonaws.com/fsi/server?type=image&source=DZI/hufu/hufu/0/3/96/47/hufu00039647.dzi","São Roque de Minas","Parque Nacional da Serra da Canastra; Estrada para o Vale dos Cândidos. Garagem de Pedras."
"PARQUE NACIONAL SERRA DA CANASTRA","Angiosperms","Malpighiaceae","Byrsonima","verbascifolia","(L.) DC.","MALPIGHIACEAE Byrsonima verbascifolia (L.) DC.","HUFU00014130",,"HUFU","Nakajima, J.N.","2716","Native","1997","Francener, A.","2014","Ouro","Ouro","jbrj-public.s3-sa-east-1.amazonaws.com/fsi/server?type=image&source=DZI/hufu/hufu/0/1/41/30/hufu00014130.dzi","São Roque de Minas","Parque Nacional da Serra da Canastra. Estrada para o Vale do Cândidos, Garagem de Pedras. Campo rupestre, associado a cerrado na encosta."
"PARQUE NACIONAL SERRA DA CANASTRA","Angiosperms","Melastomataceae","Microlicia","serpyllifolia","D.Don","MELASTOMATACEAE Microlicia serpyllifolia D.Don","HUFU00069097",,"HUFU","Lombardi, J.A.","1917","Native","1997","Romero, R.","2014","Ouro","Ouro","jbrj-public.s3-sa-east-1.amazonaws.com/fsi/server?type=image&source=DZI/hufu/hufu/0/6/90/97/hufu00069097.dzi","São Roque de Minas","Parque Nacional da Serra da Canastra, Próximo a beira da estrada."
"PARQUE NACIONAL SERRA DA CANASTRA","Angiosperms","Eriocaulaceae","Coracoralina","polyclada","(Silveira) Andrino","ERIOCAULACEAE Coracoralina polyclada (Silveira) Andrino","HUFU00052526",,"HUFU","Nakajima, J.N.","2291","Native","1997","Echternacht, L.","2013","Ouro","Ouro","jbrj-public.s3-sa-east-1.amazonaws.com/fsi/server?type=image&source=DZI/hufu/hufu/0/5/25/26/hufu00052526.dzi","São Roque de Minas","Parque Nacional da Serra da Canastra ; Guarita de Sacramento, cerca de 1km."
"PARQUE NACIONAL SERRA DA CANASTRA","Angiosperms","Fabaceae","Desmodium","platycarpum","Benth.","FABACEAE Desmodium platycarpum Benth.","HUFU00008741",,"HUFU","Romero, R.","4742","Native","1997","Lima, L.C.P.","2013","Ouro","Ouro","jbrj-public.s3-sa-east-1.amazonaws.com/fsi/server?type=image&source=DZI/hufu/hufu/0/0/87/41/hufu00008741.dzi","São Roque de Minas","Parque Nacional da Serra da Canastra Chapadão da Zagaia de frente para Serra das Sete Voltas, após a torre de observação. Campo rupestre."
"PARQUE NACIONAL SERRA DA CANASTRA","Angiosperms","Fabaceae","Chamaecrista","ensiformis","(Vell.) H.S.Irwin & Barneby","FABACEAE Chamaecrista ensiformis (Vell.) H.S.Irwin & Barneby","HUFU00040698",,"HUFU","Nakajima, J.N.","2353","Native","1997","Rando, J.G.","2012","Ouro","Ouro","jbrj-public.s3-sa-east-1.amazonaws.com/fsi/server?type=image&source=DZI/hufu/hufu/0/4/6/98/hufu00040698.dzi","São Roque de Minas","Parque Nacional da Serra da Canastra"
"PARQUE NACIONAL SERRA DA CANASTRA","Bryophytes","Fabaceae","Chamaecrista","planifolia","(H.S.Irwin & Barneby) H.S.Irwin & Barneby","FABACEAE Chamaecrista planifolia (H.S.Irwin & Barneby) H.S.Irwin & Barneby","HUFU00050620",,"HUFU","Nakajima, J.N.","2260","Native","1997","Rando, J.G.","2012","Ouro","Ouro","jbrj-public.s3-sa-east-1.amazonaws.com/fsi/server?type=image&source=DZI/hufu/hufu/0/5/6/20/hufu00050620.dzi","São Roque de Minas","Parque Nacional da Serra da Canastra ; Estrada São Roque de Minas - Sacramento, 60km."
"PARQUE NACIONAL SERRA DA CANASTRA","Angiosperms","Fabaceae","Senna","reniformis","(G.Don) H.S.Irwin & Barneby","FABACEAE Senna reniformis (G.Don) H.S.Irwin & Barneby","HUFU00040699",,"HUFU","Nakajima, J.N.","2409","Native","1997","Rando, J.G.","2012","Ouro","Ouro","jbrj-public.s3-sa-east-1.amazonaws.com/fsi/server?type=image&source=DZI/hufu/hufu/0/4/6/99/hufu00040699.dzi","São Roque de Minas","Parque Nacional da Serra da Canastra"
"PARQUE NACIONAL SERRA DA CANASTRA","Angiosperms","Orchidaceae","Epidendrum","avicula","Lindl.","ORCHIDACEAE Epidendrum avicula Lindl.","HUFU00035509",,"HUFU","Romero, R.","3940","Native","1997","Pansarin, E.R.","2012","Ouro","Ouro","jbrj-public.s3-sa-east-1.amazonaws.com/fsi/server?type=image&source=DZI/hufu/hufu/0/3/55/9/hufu00035509.dzi","São Roque de Minas","Parque Nacional da Serra da Canastra"
"PARQUE NACIONAL SERRA DA CANASTRA","Angiosperms","Orchidaceae","Epidendrum","tridactylum","Lindl.","ORCHIDACEAE Epidendrum tridactylum Lindl.","HUFU00035540",,"HUFU","Romero, R.","4000","Native","1997","Pansarin, E.R.","2012","Ouro","Ouro","jbrj-public.s3-sa-east-1.amazonaws.com/fsi/server?type=image&source=DZI/hufu/hufu/0/3/55/40/hufu00035540.dzi","São Roque de Minas","Parque Nacional da Serra da Canastra"
"PARQUE NACIONAL SERRA DA CANASTRA","Angiosperms","Asteraceae","Chionolaena","canastrensis","J.N. Nakaj.","ASTERACEAE Chionolaena canastrensis J.N. Nakaj.","HUFU00070474",,"HUFU","Romero, R.","4139","Native","1997","Nakajima, J.N.","2011","Ouro","Ouro","jbrj-public.s3-sa-east-1.amazonaws.com/fsi/server?type=image&source=DZI/hufu/hufu/0/7/4/74/hufu00070474.dzi","São Roque de Minas","Parque Nacional da Serra da Canastra. Trilha do paredão da Serra da Canastra (caminho), topo do morro.. Campo rupestre."
"PARQUE NACIONAL SERRA DA CANASTRA","Angiosperms","Calophyllaceae","Kielmeyera","grandiflora","(Wawra) Saddi","CALOPHYLLACEAE Kielmeyera grandiflora (Wawra) Saddi","HUFU00051967",,"HUFU","Romero, R.","4699","Native","1997","Trad, R.J.","2010","Ouro","Ouro","jbrj-public.s3-sa-east-1.amazonaws.com/fsi/server?type=image&source=DZI/hufu/hufu/0/5/19/67/hufu00051967.dzi","São Roque de Minas","Parque Nacional da Serra da Canastra ; Garagem de Pedras, descida para o vale dos Cândidos."
"PARQUE NACIONAL SERRA DA CANASTRA","Angiosperms","Amaranthaceae","Pfaffia","jubata","Mart.","AMARANTHACEAE Pfaffia jubata Mart.","HUFU00053279",,"HUFU","Romero, R.","4549","Native","1997","Marchioretto, M.S.","2009","Ouro","Ouro","jbrj-public.s3-sa-east-1.amazonaws.com/fsi/server?type=image&source=DZI/hufu/hufu/0/5/32/79/hufu00053279.dzi","São Roque de Minas","Parque Nacional da Serra da Canastra"
"PARQUE NACIONAL SERRA DA CANASTRA","Angiosperms","Loranthaceae","Tripodanthus","acutifolius","(Ruiz & Pav.) Tiegh.","LORANTHACEAE Tripodanthus acutifolius (Ruiz & Pav.) Tiegh.","HUFU00039138",,"HUFU","Nakajima, J.N.","2992","Native","1997","Caires, C.S.","2009","Ouro","Ouro","jbrj-public.s3-sa-east-1.amazonaws.com/fsi/server?type=image&source=DZI/hufu/hufu/0/3/91/38/hufu00039138.dzi","São Roque de Minas","Parque Nacional da Serra da Canastra; Córrego do Bárbaro."
"PARQUE NACIONAL SERRA DA CANASTRA","Angiosperms","Santalaceae","Phoradendron","quadrangulare","(Kunth) Griseb.","SANTALACEAE Phoradendron quadrangulare (Kunth) Griseb.","HUFU00039090",,"HUFU","Nakajima, J.N.","2725","Native","1997","Caires, C.S.","2009","Ouro","Ouro","jbrj-public.s3-sa-east-1.amazonaws.com/fsi/server?type=image&source=DZI/hufu/hufu/0/3/90/90/hufu00039090.dzi","São Roque de Minas","Parque Nacional da Serra da Canastra; Estrada para o Vale do Cândidos, Garagem de Pedras."
"PARQUE NACIONAL SERRA DA CANASTRA","Angiosperms","Myrtaceae","Myrcia","pubescens","DC.","MYRTACEAE Myrcia pubescens DC.","HUFU00036625",,"HUFU","Nakajima, J.N.","2997","Native","1997","Rosa, P.O.","2008","Ouro","Ouro","jbrj-public.s3-sa-east-1.amazonaws.com/fsi/server?type=image&source=DZI/hufu/hufu/0/3/66/25/hufu00036625.dzi","São Roque de Minas","Parque Nacional da Serra da Canastra"
"PARQUE NACIONAL SERRA DA CANASTRA","Angiosperms","Myrtaceae","Myrcia","subalpestris","DC.","MYRTACEAE Myrcia subalpestris DC.","HUFU00036705",,"HUFU","Romero, R.","4679","Native","1997","Rosa, P.O.","2008","Ouro","Ouro","jbrj-public.s3-sa-east-1.amazonaws.com/fsi/server?type=image&source=DZI/hufu/hufu/0/3/67/5/hufu00036705.dzi","São Roque de Minas","Parque Nacional da Serra da Canastra"
"PARQUE NACIONAL SERRA DA CANASTRA","Angiosperms","Vochysiaceae","Callisthene","major","Mart.","VOCHYSIACEAE Callisthene major Mart.","HUFU00033864",,"HUFU","Romero, R.","4468","Native","1997","Shimizu, G.H.","2008","Ouro","Ouro","jbrj-public.s3-sa-east-1.amazonaws.com/fsi/server?type=image&source=DZI/hufu/hufu/0/3/38/64/hufu00033864.dzi","São Roque de Minas","Parque Nacional da Serra da Canastra"
"PARQUE NACIONAL SERRA DA CANASTRA","Angiosperms","Vochysiaceae","Vochysia","elliptica","Mart.","VOCHYSIACEAE Vochysia elliptica Mart.","HUFU00027052",,"HUFU","Nakajima, J.N.","2584","Native","1997","Shimizu, G.H.","2008","Ouro","Ouro","jbrj-public.s3-sa-east-1.amazonaws.com/fsi/server?type=image&source=DZI/hufu/hufu/0/2/70/52/hufu00027052.dzi","São Roque de Minas","Parque Nacional da Serra da Canastra"
"PARQUE NACIONAL SERRA DA CANASTRA","Angiosperms","Asteraceae","Baccharis","lateralis","Baker","ASTERACEAE Baccharis lateralis Baker","HUFU00057268",,"HUFU","Romero, R.","4313","Native","1997","Nakajima, J.N.","2007","Ouro","Ouro","jbrj-public.s3-sa-east-1.amazonaws.com/fsi/server?type=image&source=DZI/hufu/hufu/0/5/72/68/hufu00057268.dzi","São Roque de Minas","Parque Nacional da Serra da Canastra ; Vale dos Cândidos, próximo ao córrego fas Posses."
"PARQUE NACIONAL SERRA DA CANASTRA","Angiosperms","Bromeliaceae","Aechmea","bromeliifolia","(Rudge) Baker","BROMELIACEAE Aechmea bromeliifolia (Rudge) Baker","HUFU00051649",,"HUFU","Nakajima, J.N.","2805","Native","1997","Monteiro, R.F.","2007","Ouro","Ouro","jbrj-public.s3-sa-east-1.amazonaws.com/fsi/server?type=image&source=DZI/hufu/hufu/0/5/16/49/hufu00051649.dzi","São Roque de Minas","Parque Nacional da Serra da Canastra ; Nascente do Córrego do Bárbaro."
"PARQUE NACIONAL SERRA DA CANASTRA","Angiosperms","Poaceae","Andropogon","carinatus","Nees","POACEAE Andropogon carinatus Nees","HUFU00035785",,"HUFU","Romero, R.","4749","Native","1997","Viana, P.L.","2006","Ouro","Ouro","jbrj-public.s3-sa-east-1.amazonaws.com/fsi/server?type=image&source=DZI/hufu/hufu/0/3/57/85/hufu00035785.dzi","São Roque de Minas","Parque Nacional da Serra da Canastra"
"PARQUE NACIONAL SERRA DA CANASTRA","Angiosperms","Poaceae","Eriochrysis","cayennensis","P.Beauv.","POACEAE Eriochrysis cayennensis P.Beauv.","HUFU00035869",,"HUFU","Romero, R.","4015","Native","1997","Viana, P.L.","2006","Ouro","Ouro","jbrj-public.s3-sa-east-1.amazonaws.com/fsi/server?type=image&source=DZI/hufu/hufu/0/3/58/69/hufu00035869.dzi","São Roque de Minas","Parque Nacional da Serra da Canastra"
"PARQUE NACIONAL SERRA DA CANASTRA","Angiosperms","Poaceae","Olyra","humilis","Nees","POACEAE Olyra humilis Nees","HUFU00035915",,"HUFU","Romero, R.","3993","Native","1997","Viana, P.L.","2006","Ouro","Ouro","jbrj-public.s3-sa-east-1.amazonaws.com/fsi/server?type=image&source=DZI/hufu/hufu/0/3/59/15/hufu00035915.dzi","São Roque de Minas","Parque Nacional da Serra da Canastra"
"PARQUE NACIONAL SERRA DA CANASTRA","Angiosperms","Poaceae","Paspalum","lineare","Trin.","POACEAE Paspalum lineare Trin.","HUFU00035947",,"HUFU","Romero, R.","4614","Native","1997","Viana, P.L.","2006","Ouro","Ouro","jbrj-public.s3-sa-east-1.amazonaws.com/fsi/server?type=image&source=DZI/hufu/hufu/0/3/59/47/hufu00035947.dzi","São Roque de Minas","Parque Nacional da Serra da Canastra"
"PARQUE NACIONAL SERRA DA CANASTRA","Angiosperms","Poaceae","Schizachyrium","condensatum","(Kunth) Nees","POACEAE Schizachyrium condensatum (Kunth) Nees","HUFU00035964",,"HUFU","Romero, R.","4010","Native","1997","Viana, P.L.","2006","Ouro","Ouro","jbrj-public.s3-sa-east-1.amazonaws.com/fsi/server?type=image&source=DZI/hufu/hufu/0/3/59/64/hufu00035964.dzi","São Roque de Minas","Parque Nacional da Serra da Canastra"
"PARQUE NACIONAL SERRA DA CANASTRA","Angiosperms","Poaceae","Setaria",,"P. Beauv.","POACEAE Setaria P. Beauv.","HUFU00035968",,"HUFU","Romero, R.","4014","Native","1997","Viana, P.L.","2006","Ouro","Ouro","jbrj-public.s3-sa-east-1.amazonaws.com/fsi/server?type=image&source=DZI/hufu/hufu/0/3/59/68/hufu00035968.dzi","São Roque de Minas","Parque Nacional da Serra da Canastra"
"PARQUE NACIONAL SERRA DA CANASTRA","Angiosperms","Poaceae","Sorghastrum",,"Nash","POACEAE Sorghastrum Nash","HUFU00035970",,"HUFU","Romero, R.","3880","Native","1997","Viana, P.L.","2006","Ouro","Ouro","jbrj-public.s3-sa-east-1.amazonaws.com/fsi/server?type=image&source=DZI/hufu/hufu/0/3/59/70/hufu00035970.dzi","São Roque de Minas","Parque Nacional da Serra da Canastra"
"PARQUE NACIONAL SERRA DA CANASTRA","Angiosperms","Poaceae","Sporobolus","cubensis","Hitchc.","POACEAE Sporobolus cubensis Hitchc.","HUFU00035976",,"HUFU","Romero, R.","4621","Native","1997","Viana, P.L.","2006","Ouro","Ouro","jbrj-public.s3-sa-east-1.amazonaws.com/fsi/server?type=image&source=DZI/hufu/hufu/0/3/59/76/hufu00035976.dzi","São Roque de Minas","Parque Nacional da Serra da Canastra"
"PARQUE NACIONAL SERRA DA CANASTRA","Angiosperms","Poaceae","Vianaea","effusa","(Hack.) C.D.Tyrrell, L.G.Clark, Santos-Gonç. & Afonso","POACEAE Vianaea effusa (Hack.) C.D.Tyrrell, L.G.Clark, Santos-Gonç. & Afonso","HUFU00035811",,"HUFU","Romero, R.","3904","Native","1997","Viana, P.L.","2006","Ouro","Ouro","jbrj-public.s3-sa-east-1.amazonaws.com/fsi/server?type=image&source=DZI/hufu/hufu/0/3/58/11/hufu00035811.dzi",,"Parque Nacional da Serra da Canastra"
"PARQUE NACIONAL SERRA DA CANASTRA","Angiosperms","Fabaceae","Ancistrotropis","peduncularis","(Fawc. & Rendle) A.Delgado","FABACEAE Ancistrotropis peduncularis (Fawc. & Rendle) A.Delgado","HUFU00040883",,"HUFU","Romero, R.","4193","Native","1997","Filardi, F.L.R.","2005","Ouro","Ouro","jbrj-public.s3-sa-east-1.amazonaws.com/fsi/server?type=image&source=DZI/hufu/hufu/0/4/8/83/hufu00040883.dzi","São Roque de Minas","Parque Nacional da Serra da Canastra"
"PARQUE NACIONAL SERRA DA CANASTRA","Angiosperms","Fabaceae","Betencourtia","martii","(DC.) L.P.Queiroz","FABACEAE Betencourtia martii (DC.) L.P.Queiroz","HUFU00040527",,"HUFU","Romero, R.","4303","Native","1997","Garcia, F.C.P.","2005","Ouro","Ouro","jbrj-public.s3-sa-east-1.amazonaws.com/fsi/server?type=image&source=DZI/hufu/hufu/0/4/5/27/hufu00040527.dzi","São Roque de Minas","Parque Nacional da Serra da Canastra"
"PARQUE NACIONAL SERRA DA CANASTRA","Angiosperms","Fabaceae","Betencourtia","neesii","(DC.) L.P.Queiroz","FABACEAE Betencourtia neesii (DC.) L.P.Queiroz","HUFU00040529",,"HUFU","Nakajima, J.N.","2951","Native","1997","Filardi, F.L.R.","2005","Ouro","Ouro","jbrj-public.s3-sa-east-1.amazonaws.com/fsi/server?type=image&source=DZI/hufu/hufu/0/4/5/29/hufu00040529.dzi","São Roque de Minas","Parque Nacional da Serra da Canastra"
"PARQUE NACIONAL SERRA DA CANASTRA","Angiosperms","Fabaceae","Centrosema","brasilianum","(L.) Benth.","FABACEAE Centrosema brasilianum (L.) Benth.","HUFU00040319",,"HUFU","Romero, R.","4195","Native","1997","Garcia, F.C.P.","2005","Ouro","Ouro","jbrj-public.s3-sa-east-1.amazonaws.com/fsi/server?type=image&source=DZI/hufu/hufu/0/4/3/19/hufu00040319.dzi","São Roque de Minas","Parque Nacional da Serra da Canastra"
"PARQUE NACIONAL SERRA DA CANASTRA","Angiosperms","Fabaceae","Centrosema","pubescens","Benth.","FABACEAE Centrosema pubescens Benth.","HUFU00007930",,"HUFU","Romero, R.","4366","Native","1997","Filardi, F.L.R.","2005","Ouro","Ouro","jbrj-public.s3-sa-east-1.amazonaws.com/fsi/server?type=image&source=DZI/hufu/hufu/0/0/79/30/hufu00007930.dzi","São Roque de Minas","Parque Nacional da Serra da Canastra. Cachoeira dos Rolinhos, parte de baixo."
"PARQUE NACIONAL SERRA DA CANASTRA","Angiosperms","Fabaceae","Crotalaria","breviflora","DC.","FABACEAE Crotalaria breviflora DC.","HUFU00040367",,"HUFU","Nakajima, J.N.","2185","Native","1997","Garcia, F.C.P.","2005","Ouro","Ouro","jbrj-public.s3-sa-east-1.amazonaws.com/fsi/server?type=image&source=DZI/hufu/hufu/0/4/3/67/hufu00040367.dzi","São Roque de Minas","Parque Nacional da Serra da Canastra"
"PARQUE NACIONAL SERRA DA CANASTRA","Angiosperms","Fabaceae","Crotalaria",,"L.","FABACEAE Crotalaria L.","HUFU00040375",,"HUFU","Nakajima, J.N.","2206","Native","1997","Filardi, F.L.R.","2005","Ouro","Ouro","jbrj-public.s3-sa-east-1.amazonaws.com/fsi/server?type=image&source=DZI/hufu/hufu/0/4/3/75/hufu00040375.dzi","São Roque de Minas","Parque Nacional da Serra da Canastra"
"PARQUE NACIONAL SERRA DA CANASTRA","Angiosperms","Fabaceae","Desmodium","barbatum","(L.) Benth.","FABACEAE Desmodium barbatum (L.) Benth.","HUFU00040395",,"HUFU","Romero, R.","3973","Native","1997","Filardi, F.L.R.","2005","Ouro","Ouro","jbrj-public.s3-sa-east-1.amazonaws.com/fsi/server?type=image&source=DZI/hufu/hufu/0/4/3/95/hufu00040395.dzi","São Roque de Minas","Parque Nacional da Serra da Canastra"
"PARQUE NACIONAL SERRA DA CANASTRA","Angiosperms","Fabaceae","Eriosema","heterophyllum","Benth.","FABACEAE Eriosema heterophyllum Benth.","HUFU00040487",,"HUFU","Romero, R.","4447","Native","1997","Filardi, F.L.R.","2005","Ouro","Ouro","jbrj-public.s3-sa-east-1.amazonaws.com/fsi/server?type=image&source=DZI/hufu/hufu/0/4/4/87/hufu00040487.dzi","São Roque de Minas","Parque Nacional da Serra da Canastra"
"PARQUE NACIONAL SERRA DA CANASTRA","Angiosperms","Fabaceae","Eriosema","prorepens","Benth.","FABACEAE Eriosema prorepens Benth.","HUFU00008926",,"HUFU","Romero, R.","4551","Native","1997","Filardi, F.L.R.","2005","Ouro","Ouro","jbrj-public.s3-sa-east-1.amazonaws.com/fsi/server?type=image&source=DZI/hufu/hufu/0/0/89/26/hufu00008926.dzi","São Roque de Minas","Parque Nacional da Serra da Canastra Estrada para Fazenda do Fundão. Campo limpo. Solo pedregoso, 1 mês após queimada."
"PARQUE NACIONAL SERRA DA CANASTRA","Angiosperms","Fabaceae","Galactia","jussiaeana","Kunth","FABACEAE Galactia jussiaeana Kunth","HUFU00040517",,"HUFU","Romero, R.","4726","Native","1997","Filardi, F.L.R.","2005","Ouro","Ouro","jbrj-public.s3-sa-east-1.amazonaws.com/fsi/server?type=image&source=DZI/hufu/hufu/0/4/5/17/hufu00040517.dzi","São Roque de Minas","Parque Nacional da Serra da Canastra"
"PARQUE NACIONAL SERRA DA CANASTRA","Angiosperms","Fabaceae","Periandra","gracilis","H.S.Irwin & Arroyo","FABACEAE Periandra gracilis H.S.Irwin & Arroyo","HUFU00040657",,"HUFU","Romero, R.","3981","Native","1997","Filardi, F.L.R.","2005","Ouro","Ouro","jbrj-public.s3-sa-east-1.amazonaws.com/fsi/server?type=image&source=DZI/hufu/hufu/0/4/6/57/hufu00040657.dzi","São Roque de Minas","Parque Nacional da Serra da Canastra"
"PARQUE NACIONAL SERRA DA CANASTRA","Angiosperms","Fabaceae","Periandra","mediterranea","(Vell.) Taub.","FABACEAE Periandra mediterranea (Vell.) Taub.","HUFU00040655",,"HUFU","Romero, R.","4509","Native","1997","Filardi, F.L.R.","2005","Ouro","Ouro","jbrj-public.s3-sa-east-1.amazonaws.com/fsi/server?type=image&source=DZI/hufu/hufu/0/4/6/55/hufu00040655.dzi","São Roque de Minas","Parque Nacional da Serra da Canastra"
"PARQUE NACIONAL SERRA DA CANASTRA","Angiosperms","Fabaceae","Stylosanthes","gracilis","Kunth","FABACEAE Stylosanthes gracilis Kunth","HUFU00040763",,"HUFU","Romero, R.","3969","Native","1997","Filardi, F.L.R.","2005","Ouro","Ouro","jbrj-public.s3-sa-east-1.amazonaws.com/fsi/server?type=image&source=DZI/hufu/hufu/0/4/7/63/hufu00040763.dzi","São Roque de Minas","Parque Nacional da Serra da Canastra"
"PARQUE NACIONAL SERRA DA CANASTRA","Angiosperms","Convolvulaceae","Distimake","contorquens","(Choisy) A.R. Simões & Staples","CONVOLVULACEAE Distimake contorquens (Choisy) A.R. Simões & Staples","HUFU00050960",,"HUFU","Romero, R.","3997","Native","1997","Simao-Bianchini, R.","2004","Ouro","Ouro","jbrj-public.s3-sa-east-1.amazonaws.com/fsi/server?type=image&source=DZI/hufu/hufu/0/5/9/60/hufu00050960.dzi","São Roque de Minas","Parque Nacional da Serra da Canastra ; Mata próxima a Cachoeira dos Rolinhos."
"PARQUE NACIONAL SERRA DA CANASTRA","Angiosperms","Fabaceae","Ancistrotropis","firmula","(Mart. ex Benth.) A. Delgado","FABACEAE Ancistrotropis firmula (Mart. ex Benth.) A. Delgado","HUFU00010712",,"HUFU","Romero, R.","4260","Native","1997","Queiroz, L.P.","2004","Ouro","Ouro","jbrj-public.s3-sa-east-1.amazonaws.com/fsi/server?type=image&source=DZI/hufu/hufu/0/1/7/12/hufu00010712.dzi","São Roque de Minas","Parque Nacional da Serra da Canastra. Estrada para Fazenda do Fundão. Campo rupestre."
"PARQUE NACIONAL SERRA DA CANASTRA","Angiosperms","Fabaceae","Collaea","speciosa","(Loisel.) DC.","FABACEAE Collaea speciosa (Loisel.) DC.","HUFU00040357",,"HUFU","Nakajima, J.N.","2751","Native","1997","Queiroz, L.P.","2004","Ouro","Ouro","jbrj-public.s3-sa-east-1.amazonaws.com/fsi/server?type=image&source=DZI/hufu/hufu/0/4/3/57/hufu00040357.dzi","São Roque de Minas","Parque Nacional da Serra da Canastra"
"PARQUE NACIONAL SERRA DA CANASTRA","Angiosperms","Fabaceae","Collaea","stenophylla","(Hook. & Arn.) Benth.","FABACEAE Collaea stenophylla (Hook. & Arn.) Benth.","HUFU00040362",,"HUFU","Romero, R.","4246","Native","1997","Queiroz, L.P.","2004","Ouro","Ouro","jbrj-public.s3-sa-east-1.amazonaws.com/fsi/server?type=image&source=DZI/hufu/hufu/0/4/3/62/hufu00040362.dzi","São Roque de Minas","Parque Nacional da Serra da Canastra"
"PARQUE NACIONAL SERRA DA CANASTRA","Angiosperms","Fabaceae","Galactia",,"P.Browne","FABACEAE Galactia P.Browne","HUFU00009012",,"HUFU","Romero, R.","4537","Native","1997","Queiroz, L.P.","2004","Ouro","Ouro","jbrj-public.s3-sa-east-1.amazonaws.com/fsi/server?type=image&source=DZI/hufu/hufu/0/0/90/12/hufu00009012.dzi","São Roque de Minas","Parque Nacional da Serra da Canastra Estrada para Sacramento, próximo a entrada de São João Batista. Campo sujo."
"PARQUE NACIONAL SERRA DA CANASTRA","Angiosperms","Fabaceae","Calliandra","dysantha","(Benth.) Barneby","FABACEAE Calliandra dysantha var. macrocephala (Benth.) Barneby","HUFU00050348",,"HUFU","Romero, R.","4565","Native","1997","Garcia, F.C.P.","2003","Ouro","Ouro","jbrj-public.s3-sa-east-1.amazonaws.com/fsi/server?type=image&source=DZI/hufu/hufu/0/5/3/48/hufu00050348.dzi","São Roque de Minas","Parque Nacional da Serra da Canastra ; Estrada para a Serra da Chapada."
"PARQUE NACIONAL SERRA DA CANASTRA","Angiosperms","Fabaceae","Inga","vera","(DC.) T.D.Penn.","FABACEAE Inga vera subsp. affinis (DC.) T.D.Penn.","HUFU00040434",,"HUFU","Romero, R.","4322","Native","1997","Garcia, F.C.P.","2003","Ouro","Ouro","jbrj-public.s3-sa-east-1.amazonaws.com/fsi/server?type=image&source=DZI/hufu/hufu/0/4/4/34/hufu00040434.dzi","São Roque de Minas","Parque Nacional da Serra da Canastra"
"PARQUE NACIONAL SERRA DA CANASTRA","Angiosperms","Fabaceae","Mimosa","dolens","(Benth.) Barneby","FABACEAE Mimosa dolens var. rigida (Benth.) Barneby","HUFU00040552",,"HUFU","Nakajima, J.N.","2745","Native","1997","Garcia, F.C.P.","2003","Ouro","Ouro","jbrj-public.s3-sa-east-1.amazonaws.com/fsi/server?type=image&source=DZI/hufu/hufu/0/4/5/52/hufu00040552.dzi","São Roque de Minas","Parque Nacional da Serra da Canastra"
"PARQUE NACIONAL SERRA DA CANASTRA","Angiosperms","Fabaceae","Mimosa","imbricata","Benth.","FABACEAE Mimosa imbricata Benth.","HUFU00040592",,"HUFU","Romero, R.","4214","Native","1997","Garcia, F.C.P.","2003","Ouro","Ouro","jbrj-public.s3-sa-east-1.amazonaws.com/fsi/server?type=image&source=DZI/hufu/hufu/0/4/5/92/hufu00040592.dzi","São Roque de Minas","Parque Nacional da Serra da Canastra"
"PARQUE NACIONAL SERRA DA CANASTRA","Angiosperms","Fabaceae","Mimosa","riedelii","Benth.","FABACEAE Mimosa riedelii Benth.","HUFU00040602",,"HUFU","Nakajima, J.N.","2838","Native","1997","Garcia, F.C.P.","2003","Ouro","Ouro","jbrj-public.s3-sa-east-1.amazonaws.com/fsi/server?type=image&source=DZI/hufu/hufu/0/4/6/2/hufu00040602.dzi","São Roque de Minas","Parque Nacional da Serra da Canastra"
"PARQUE NACIONAL SERRA DA CANASTRA","Angiosperms","Fabaceae","Stryphnodendron","adstringens","(Mart.) Coville","FABACEAE Stryphnodendron adstringens (Mart.) Coville","HUFU00040720",,"HUFU","Romero, R.","4692","Native","1997","Garcia, F.C.P.","2003","Ouro","Ouro","jbrj-public.s3-sa-east-1.amazonaws.com/fsi/server?type=image&source=DZI/hufu/hufu/0/4/7/20/hufu00040720.dzi","São Roque de Minas","Parque Nacional da Serra da Canastra"
"PARQUE NACIONAL SERRA DA CANASTRA","Angiosperms","Myrtaceae","Eugenia","bimarginata","DC.","MYRTACEAE Eugenia bimarginata DC.","HUFU00036397",,"HUFU","Romero, R.","4365","Native","1997","Arantes, A.A.","2003","Ouro","Ouro","jbrj-public.s3-sa-east-1.amazonaws.com/fsi/server?type=image&source=DZI/hufu/hufu/0/3/63/97/hufu00036397.dzi","São Roque de Minas","Parque Nacional da Serra da Canastra"
"PARQUE NACIONAL SERRA DA CANASTRA","Angiosperms","Myrtaceae","Myrcia","variabilis","DC.","MYRTACEAE Myrcia variabilis DC.","HUFU00036793",,"HUFU","Romero, R.","4708","Native","1997","Arantes, A.A.","2003","Ouro","Ouro","jbrj-public.s3-sa-east-1.amazonaws.com/fsi/server?type=image&source=DZI/hufu/hufu/0/3/67/93/hufu00036793.dzi","São Roque de Minas","Parque Nacional da Serra da Canastra"
"PARQUE NACIONAL SERRA DA CANASTRA","Angiosperms","Piperaceae","Peperomia","loxensis","Kunth","PIPERACEAE Peperomia loxensis Kunth","CEN00051627",,"CEN","Lombardi, J.A.","1873","Native","1997","Carvalho-Silva, M.","2003","Ouro","Ouro","jbrj-public.s3.amazonaws.com/fsi/server?type=image&source=DZI/cen/cen/0/5/16/27/cen00051627.dzi","São Roque de Minas","Parque Nacional da Serra da Canastra. Capão de mata entre campo limpo."
"PARQUE NACIONAL SERRA DA CANASTRA","Angiosperms","Annonaceae","Duguetia","furfuracea","(A.St.-Hil.) Saff.","ANNONACEAE Duguetia furfuracea (A.St.-Hil.) Saff.","HUFU00053138",,"HUFU","Romero, R.","4228","Native","1997","Pontes, A.F.","2002","Ouro","Ouro","jbrj-public.s3-sa-east-1.amazonaws.com/fsi/server?type=image&source=DZI/hufu/hufu/0/5/31/38/hufu00053138.dzi","São Roque de Minas","Parque Nacional da Serra da Canastra"
"PARQUE NACIONAL SERRA DA CANASTRA","Angiosperms","Myrtaceae","Campomanesia","adamantium","(Cambess.) O.Berg","MYRTACEAE Campomanesia adamantium (Cambess.) O.Berg","HUFU00037477",,"HUFU","Romero, R.","4522","Native","1997","Kawasaki, M.L.","2002","Ouro","Ouro","jbrj-public.s3-sa-east-1.amazonaws.com/fsi/server?type=image&source=DZI/hufu/hufu/0/3/74/77/hufu00037477.dzi","São Roque de Minas","Parque Nacional da Serra da Canastra"
"PARQUE NACIONAL SERRA DA CANASTRA","Angiosperms","Myrtaceae","Myrcia","vestita","DC.","MYRTACEAE Myrcia vestita DC.","HUFU00036766",,"HUFU","Nakajima, J.N.","2251","Native","1997","Kawasaki, M.L.","2002","Ouro","Ouro","jbrj-public.s3-sa-east-1.amazonaws.com/fsi/server?type=image&source=DZI/hufu/hufu/0/3/67/66/hufu00036766.dzi","São Roque de Minas","Parque Nacional da Serra da Canastra"
"PARQUE NACIONAL SERRA DA CANASTRA","Angiosperms","Myrtaceae","Psidium","grandifolium","Mart. ex DC.","MYRTACEAE Psidium grandifolium Mart. ex DC.","HUFU00036787",,"HUFU","Romero, R.","4644","Native","1997","Kawasaki, M.L.","2002","Ouro","Ouro","jbrj-public.s3-sa-east-1.amazonaws.com/fsi/server?type=image&source=DZI/hufu/hufu/0/3/67/87/hufu00036787.dzi","São Roque de Minas","Parque Nacional da Serra da Canastra"
"PARQUE NACIONAL SERRA DA CANASTRA","Angiosperms","Myrtaceae","Psidium","laruotteanum","Cambess.","MYRTACEAE Psidium laruotteanum Cambess.","HUFU00036825",,"HUFU","Romero, R.","4192","Native","1997","Kawasaki, M.L.","2002","Ouro","Ouro","jbrj-public.s3-sa-east-1.amazonaws.com/fsi/server?type=image&source=DZI/hufu/hufu/0/3/68/25/hufu00036825.dzi","São Roque de Minas","Parque Nacional da Serra da Canastra"
"PARQUE NACIONAL SERRA DA CANASTRA","Angiosperms","Cyperaceae","Bulbostylis","paradoxa","(Spreng.) Lindm.","CYPERACEAE Bulbostylis paradoxa (Spreng.) Lindm.","HUFU00051102",,"HUFU","Romero, R.","4560","Native","1997","Prata, A.P.","2000","Ouro","Ouro","jbrj-public.s3-sa-east-1.amazonaws.com/fsi/server?type=image&source=DZI/hufu/hufu/0/5/11/2/hufu00051102.dzi","São Roque de Minas","Parque Nacional da Serra da Canastra ; Estrada para a Fazenda do Fundão."
"PARQUE NACIONAL SERRA DA CANASTRA","Angiosperms","Orchidaceae","Epistephium","williamsii","Hook.f.","ORCHIDACEAE Epistephium williamsii Hook.f.","HUFU00035504",,"HUFU","Romero, R.","4771","Native","1997","Batista, J.A.N.","2000","Ouro","Ouro","jbrj-public.s3-sa-east-1.amazonaws.com/fsi/server?type=image&source=DZI/hufu/hufu/0/3/55/4/hufu00035504.dzi","São Roque de Minas","Parque Nacional da Serra da Canastra"
"PARQUE NACIONAL SERRA DA CANASTRA","Angiosperms","Orchidaceae","Habenaria","avicula","Schltr.","ORCHIDACEAE Habenaria avicula Schltr.","HUFU00035629",,"HUFU","Romero, R.","3989","Native","1997","Batista, J.A.N.","2000","Ouro","Ouro","jbrj-public.s3-sa-east-1.amazonaws.com/fsi/server?type=image&source=DZI/hufu/hufu/0/3/56/29/hufu00035629.dzi","São Roque de Minas","Parque Nacional da Serra da Canastra"
"PARQUE NACIONAL SERRA DA CANASTRA","Angiosperms","Orchidaceae","Habenaria","subviridis","Hoehne & Schltr.","ORCHIDACEAE Habenaria subviridis Hoehne & Schltr.","HUFU00035605",,"HUFU","Nakajima, J.N.","2168","Native","1997","Batista, J.A.N.","2000","Ouro","Ouro","jbrj-public.s3-sa-east-1.amazonaws.com/fsi/server?type=image&source=DZI/hufu/hufu/0/3/56/5/hufu00035605.dzi","São Roque de Minas","Parque Nacional da Serra da Canastra"
"PARQUE NACIONAL SERRA DA CANASTRA","Angiosperms","Orchidaceae","Isabelia","violacea","(Lindl.) van den Berg & M.W.Chase","ORCHIDACEAE Isabelia violacea (Lindl.) van den Berg & M.W.Chase","HUFU00035737",,"HUFU","Romero, R.","4479","Native","1997","Batista, J.A.N.","2000","Ouro","Ouro","jbrj-public.s3-sa-east-1.amazonaws.com/fsi/server?type=image&source=DZI/hufu/hufu/0/3/57/37/hufu00035737.dzi","São Roque de Minas","Parque Nacional da Serra da Canastra"
"PARQUE NACIONAL SERRA DA CANASTRA","Angiosperms","Orchidaceae","Prescottia","stachyodes","(Sw.) Lindl.","ORCHIDACEAE Prescottia stachyodes (Sw.) Lindl.","HUFU00035722",,"HUFU","Romero, R.","4488","Native","1997","Batista, J.A.N.","2000","Ouro","Ouro","jbrj-public.s3-sa-east-1.amazonaws.com/fsi/server?type=image&source=DZI/hufu/hufu/0/3/57/22/hufu00035722.dzi","São Roque de Minas","Parque Nacional da Serra da Canastra"
"PARQUE NACIONAL SERRA DA CANASTRA","Angiosperms","Asteraceae","Achyrocline","alata","(Kunth) DC.","ASTERACEAE Achyrocline alata (Kunth) DC.","HUFU00057033",,"HUFU","Nakajima, J.N.","2183","Native","1997","Nakajima, J.N.","1998","Ouro","Ouro","jbrj-public.s3-sa-east-1.amazonaws.com/fsi/server?type=image&source=DZI/hufu/hufu/0/5/70/33/hufu00057033.dzi","São Roque de Minas","Parque Nacional da Serra da Canastra ; Estrada para o Retiro de Pedras."
"PARQUE NACIONAL SERRA DA CANASTRA","Angiosperms","Asteraceae","Achyrocline","satureioides","(Lam.) DC.","ASTERACEAE Achyrocline satureioides (Lam.) DC.","HUFU00057036",,"HUFU","Romero, R.","4523","Native","1997","Nakajima, J.N.","1998","Ouro","Ouro","jbrj-public.s3-sa-east-1.amazonaws.com/fsi/server?type=image&source=DZI/hufu/hufu/0/5/70/36/hufu00057036.dzi","São Roque de Minas","Parque Nacional da Serra da Canastra ; Estrada para o Minério."
"PARQUE NACIONAL SERRA DA CANASTRA","Angiosperms","Asteraceae","Aspilia","laevissima","(Less. ex Baker) Baker","ASTERACEAE Aspilia laevissima (Less. ex Baker) Baker","HUFU00057140",,"HUFU","Nakajima, J.N.","2831","Native","1997","Nakajima, J.N.","1998","Ouro","Ouro","jbrj-public.s3-sa-east-1.amazonaws.com/fsi/server?type=image&source=DZI/hufu/hufu/0/5/71/40/hufu00057140.dzi","São Roque de Minas","Parque Nacional da Serra da Canastra ; Estrada para Sacramento, morro depois da nascente do Rio São Francisco."
"PARQUE NACIONAL SERRA DA CANASTRA","Angiosperms","Asteraceae","Baccharis","calvescens","DC.","ASTERACEAE Baccharis calvescens DC.","HUFU00057193",,"HUFU","Romero, R.","4275","Unknown","1997","Nakajima, J.N.","1998","Ouro","Ouro","jbrj-public.s3-sa-east-1.amazonaws.com/fsi/server?type=image&source=DZI/hufu/hufu/0/5/71/93/hufu00057193.dzi","São Roque de Minas","Parque Nacional da Serra da Canastra ; Estrada São Roque - Sacramento, nascente do Córrego do Barboro."
"PARQUE NACIONAL SERRA DA CANASTRA","Angiosperms","Asteraceae","Baccharis","dracunculifolia","DC.","ASTERACEAE Baccharis dracunculifolia DC.","HUFU00057196",,"HUFU","Romero, R.","4066","Native","1997","Nakajima, J.N.","1998","Ouro","Ouro","jbrj-public.s3-sa-east-1.amazonaws.com/fsi/server?type=image&source=DZI/hufu/hufu/0/5/71/96/hufu00057196.dzi","São Roque de Minas","Parque Nacional da Serra da Canastra ; Morro próximo a sede administrativa."
"PARQUE NACIONAL SERRA DA CANASTRA","Angiosperms","Asteraceae","Baccharis","erigeroides","DC.","ASTERACEAE Baccharis erigeroides DC.","HUFU00057206",,"HUFU","Nakajima, J.N.","2205","Native","1997","Nakajima, J.N.","1998","Ouro","Ouro","jbrj-public.s3-sa-east-1.amazonaws.com/fsi/server?type=image&source=DZI/hufu/hufu/0/5/72/6/hufu00057206.dzi","São Roque de Minas","Parque Nacional da Serra da Canastra ; Estrada para Sacramento, próximo da entrada do Retiro de Pedras."
"PARQUE NACIONAL SERRA DA CANASTRA","Angiosperms","Asteraceae","Baccharis","helichrysoides","DC.","ASTERACEAE Baccharis helichrysoides DC.","HUFU00057221",,"HUFU","Romero, R.","4268","Native","1997","Nakajima, J.N.","1998","Ouro","Ouro","jbrj-public.s3-sa-east-1.amazonaws.com/fsi/server?type=image&source=DZI/hufu/hufu/0/5/72/21/hufu00057221.dzi","São Roque de Minas","Parque Nacional da Serra da Canastra ; Estrada São Roque - Sacramento, nascente do Córrego do Barboro."
"PARQUE NACIONAL SERRA DA CANASTRA","Ferns and Lycophytes","Asteraceae","Baccharis","humilis","Sch.Bip. ex Baker","ASTERACEAE Baccharis humilis Sch.Bip. ex Baker","HUFU00057250",,"HUFU","Nakajima, J.N.","2203","Native","1997","Nakajima, J.N.","1998","Ouro","Ouro","jbrj-public.s3-sa-east-1.amazonaws.com/fsi/server?type=image&source=DZI/hufu/hufu/0/5/72/50/hufu00057250.dzi","São Roque de Minas","Parque Nacional da Serra da Canastra ; Estrada para Sacramento, próximo da entrada do Retiro de Pedras."
"PARQUE NACIONAL SERRA DA CANASTRA","Angiosperms","Asteraceae","Baccharis","trimera","(Less.)DC.","ASTERACEAE Baccharis trimera (Less.)DC.","HUFU00057269",,"HUFU","Romero, R.","4277","Native","1997","Nakajima, J.N.","1998","Ouro","Ouro","jbrj-public.s3-sa-east-1.amazonaws.com/fsi/server?type=image&source=DZI/hufu/hufu/0/5/72/69/hufu00057269.dzi","São Roque de Minas","Parque Nacional da Serra da Canastra ; Estrada São Roque - Sacramento, nascente do Córrego do Barboro."
"PARQUE NACIONAL SERRA DA CANASTRA","Angiosperms","Asteraceae","Barrosoa","betoniciformis","(DC.) R.M.King & H.Rob.","ASTERACEAE Barrosoa betoniciformis (DC.) R.M.King & H.Rob.","HUFU00057296",,"HUFU","Romero, R.","3972","Native","1997","Nakajima, J.N.","1998","Ouro","Ouro","jbrj-public.s3-sa-east-1.amazonaws.com/fsi/server?type=image&source=DZI/hufu/hufu/0/5/72/96/hufu00057296.dzi","São Roque de Minas","Parque Nacional da Serra da Canastra ; Estrada para o Retiro de Pedras, próximo à divisa do Parque."
"PARQUE NACIONAL SERRA DA CANASTRA","Angiosperms","Asteraceae","Bidens","squarrosa","Kunth","ASTERACEAE Bidens squarrosa Kunth","HUFU00057321",,"HUFU","Romero, R.","4216","Native","1997","Nakajima, J.N.","1998","Ouro","Ouro","jbrj-public.s3-sa-east-1.amazonaws.com/fsi/server?type=image&source=DZI/hufu/hufu/0/5/73/21/hufu00057321.dzi","São Roque de Minas","Parque Nacional da Serra da Canastra ; Estrada São Roque - Sacramento, próximo a Guarita de Sacramento."
"PARQUE NACIONAL SERRA DA CANASTRA","Angiosperms","Asteraceae","Calea","graminifolia","Sch.Bip. ex Krasch.","ASTERACEAE Calea graminifolia Sch.Bip. ex Krasch.","HUFU00057384",,"HUFU","Romero, R.","4768","Native","1997","Nakajima, J.N.","1998","Ouro","Ouro","jbrj-public.s3-sa-east-1.amazonaws.com/fsi/server?type=image&source=DZI/hufu/hufu/0/5/73/84/hufu00057384.dzi","São Roque de Minas","Parque Nacional da Serra da Canastra ; Chapadão da Zagaia de frente para Serra das Sete Voltas, após a torre de observação."
"PARQUE NACIONAL SERRA DA CANASTRA","Angiosperms","Asteraceae","Calea","uniflora","Less.","ASTERACEAE Calea uniflora Less.","HUFU00057416",,"HUFU","Romero, R.","4602","Native","1997","Nakajima, J.N.","1998","Ouro","Ouro","jbrj-public.s3-sa-east-1.amazonaws.com/fsi/server?type=image&source=DZI/hufu/hufu/0/5/74/16/hufu00057416.dzi","São Roque de Minas","Parque Nacional da Serra da Canastra ; Estrada para a Serra da Chapada."
"PARQUE NACIONAL SERRA DA CANASTRA","Angiosperms","Asteraceae","Chresta","scapigera","(Less.) Gardner","ASTERACEAE Chresta scapigera (Less.) Gardner","HUFU00057457",,"HUFU","Romero, R.","4244","Native","1997","Nakajima, J.N.","1998","Ouro","Ouro","jbrj-public.s3-sa-east-1.amazonaws.com/fsi/server?type=image&source=DZI/hufu/hufu/0/5/74/57/hufu00057457.dzi","São Roque de Minas","Parque Nacional da Serra da Canastra ; Estrada para Fazenda do Fundão."
"PARQUE NACIONAL SERRA DA CANASTRA","Angiosperms","Asteraceae","Chromolaena","barbacensis","(Hieron.) R.M.King & H.Rob.","ASTERACEAE Chromolaena barbacensis (Hieron.) R.M.King & H.Rob.","HUFU00057520",,"HUFU","Nakajima, J.N.","2223","Native","1997","Nakajima, J.N.","1998","Ouro","Ouro","jbrj-public.s3-sa-east-1.amazonaws.com/fsi/server?type=image&source=DZI/hufu/hufu/0/5/75/20/hufu00057520.dzi","São Roque de Minas","Parque Nacional da Serra da Canastra ; Garagem de Pedras."
"PARQUE NACIONAL SERRA DA CANASTRA","Angiosperms","Asteraceae","Chromolaena","chaseae","(B.L.Rob.) R.M.King & H.Robinson","ASTERACEAE Chromolaena chaseae (B.L.Rob.) R.M.King & H.Robinson","HUFU00057542",,"HUFU","Romero, R.","4257","Native","1997","Nakajima, J.N.","1998","Ouro","Ouro","jbrj-public.s3-sa-east-1.amazonaws.com/fsi/server?type=image&source=DZI/hufu/hufu/0/5/75/42/hufu00057542.dzi","São Roque de Minas","Parque Nacional da Serra da Canastra ; Estrada para Fazenda do Fundão."
"PARQUE NACIONAL SERRA DA CANASTRA","Angiosperms","Asteraceae","Clibadium","armanii","(Balb.) Sch.Bip. ex O.E.Schulz","ASTERACEAE Clibadium armanii (Balb.) Sch.Bip. ex O.E.Schulz","HUFU00057676",,"HUFU","Romero, R.","3859","Native","1997","Nakajima, J.N.","1998","Ouro","Ouro","jbrj-public.s3-sa-east-1.amazonaws.com/fsi/server?type=image&source=DZI/hufu/hufu/0/5/76/76/hufu00057676.dzi","São Roque de Minas","Parque Nacional da Serra da Canastra ; Morro próximo à sede administrativa."
"PARQUE NACIONAL SERRA DA CANASTRA","Angiosperms","Asteraceae","Echinocoryne","schwenkiifolia","(Mart. ex DC.) H.Rob.","ASTERACEAE Echinocoryne schwenkiifolia (Mart. ex DC.) H.Rob.","HUFU00057750",,"HUFU","Romero, R.","4243","Native","1997","Nakajima, J.N.","1998","Ouro","Ouro","jbrj-public.s3-sa-east-1.amazonaws.com/fsi/server?type=image&source=DZI/hufu/hufu/0/5/77/50/hufu00057750.dzi","São Roque de Minas","Parque Nacional da Serra da Canastra ; Estrada para Fazenda do Fundão."
"PARQUE NACIONAL SERRA DA CANASTRA","Angiosperms","Asteraceae","Eremanthus","erythropappus","(DC.) MacLeish","ASTERACEAE Eremanthus erythropappus (DC.) MacLeish","HUFU00057795",,"HUFU","Nakajima, J.N.","2671","Native","1997","Nakajima, J.N.","1998","Ouro","Ouro","jbrj-public.s3-sa-east-1.amazonaws.com/fsi/server?type=image&source=DZI/hufu/hufu/0/5/77/95/hufu00057795.dzi","São Roque de Minas","Parque Nacional da Serra da Canastra ; Estrada São Roque - Sacramento, morro após a nascente do Rio São Francisco. Beira da estrada."
"PARQUE NACIONAL SERRA DA CANASTRA","Angiosperms","Asteraceae","Grazielia","dimorpholepis","(Baker) R.M.King & H.Rob.","ASTERACEAE Grazielia dimorpholepis (Baker) R.M.King & H.Rob.","HUFU00057854",,"HUFU","Nakajima, J.N.","2233","Native","1997","Nakajima, J.N.","1998","Ouro","Ouro","jbrj-public.s3-sa-east-1.amazonaws.com/fsi/server?type=image&source=DZI/hufu/hufu/0/5/78/54/hufu00057854.dzi","São Roque de Minas","Parque Nacional da Serra da Canastra ; Final da estrada para a Fazenda Fundão."
"PARQUE NACIONAL SERRA DA CANASTRA","Angiosperms","Asteraceae","Grazielia","gaudichaudeana","(DC.) R.M.King & H.Rob.","ASTERACEAE Grazielia gaudichaudeana (DC.) R.M.King & H.Rob.","HUFU00057865",,"HUFU","Nakajima, J.N.","2184","Native","1997","Nakajima, J.N.","1998","Ouro","Ouro","jbrj-public.s3-sa-east-1.amazonaws.com/fsi/server?type=image&source=DZI/hufu/hufu/0/5/78/65/hufu00057865.dzi","São Roque de Minas","Parque Nacional da Serra da Canastra ; Estrada para o Retiro de Pedras."
"PARQUE NACIONAL SERRA DA CANASTRA","Angiosperms","Asteraceae","Heterocondylus","alatus","(Vell.) R.M.King & H.Rob.","ASTERACEAE Heterocondylus alatus (Vell.) R.M.King & H.Rob.","HUFU00057893",,"HUFU","Nakajima, J.N.","2644","Native","1997","Nakajima, J.N.","1998","Ouro","Ouro","jbrj-public.s3-sa-east-1.amazonaws.com/fsi/server?type=image&source=DZI/hufu/hufu/0/5/78/93/hufu00057893.dzi","São Roque de Minas","Parque Nacional da Serra da Canastra ; Estrada para o sítio João Domingos."
"PARQUE NACIONAL SERRA DA CANASTRA","Angiosperms","Asteraceae","Hoehnephytum","trixoides","(Gardner) Cabrera","ASTERACEAE Hoehnephytum trixoides (Gardner) Cabrera","HUFU00057952",,"HUFU","Romero, R.","4448","Native","1997","Nakajima, J.N.","1998","Ouro","Ouro","jbrj-public.s3-sa-east-1.amazonaws.com/fsi/server?type=image&source=DZI/hufu/hufu/0/5/79/52/hufu00057952.dzi","São Roque de Minas","Parque Nacional da Serra da Canastra ; Cachoeira dos Rolinhos, próximo da mata."
"PARQUE NACIONAL SERRA DA CANASTRA","Angiosperms","Asteraceae","Ichthyothere","mollis","Baker","ASTERACEAE Ichthyothere mollis Baker","HUFU00057990",,"HUFU","Nakajima, J.N.","2918","Native","1997","Nakajima, J.N.","1998","Ouro","Ouro","jbrj-public.s3-sa-east-1.amazonaws.com/fsi/server?type=image&source=DZI/hufu/hufu/0/5/79/90/hufu00057990.dzi","São Roque de Minas","Parque Nacional da Serra da Canastra ; Guarita de Sacramento, ca. de 3 km em direção a São Roque de Minas."
"PARQUE NACIONAL SERRA DA CANASTRA","Angiosperms","Asteraceae","Ichthyothere","quinquenervia","(Vell.) R.C.Pereira & Semir ex Remor & R.C.Pereira","ASTERACEAE Ichthyothere quinquenervia (Vell.) R.C.Pereira & Semir ex Remor & R.C.Pereira","HUFU00057984",,"HUFU","Nakajima, J.N.","2861","Native","1997","Nakajima, J.N.","1998","Ouro","Ouro","jbrj-public.s3-sa-east-1.amazonaws.com/fsi/server?type=image&source=DZI/hufu/hufu/0/5/79/84/hufu00057984.dzi","São Roque de Minas","Parque Nacional da Serra da Canastra ; Chapadão do Diamante, final da estrada."
"PARQUE NACIONAL SERRA DA CANASTRA",,"Asteraceae","Inulopsis","camporum","(Gardner) G.L.Nesom","ASTERACEAE Inulopsis camporum (Gardner) G.L.Nesom","HUFU00058001",,"HUFU","Romero, R.","4557",,"1997","Nakajima, J.N.","1998","Ouro","Ouro","jbrj-public.s3-sa-east-1.amazonaws.com/fsi/server?type=image&source=DZI/hufu/hufu/0/5/80/1/hufu00058001.dzi","São Roque de Minas","Parque Nacional da Serra da Canastra ; Estrada para Fazenda do Fundão."
"PARQUE NACIONAL SERRA DA CANASTRA","Angiosperms","Asteraceae","Isostigma","peucedanifolium","(Spreng.) Less.","ASTERACEAE Isostigma peucedanifolium (Spreng.) Less.","HUFU00058007",,"HUFU","Romero, R.","4680","Native","1997","Nakajima, J.N.","1998","Ouro","Ouro","jbrj-public.s3-sa-east-1.amazonaws.com/fsi/server?type=image&source=DZI/hufu/hufu/0/5/80/7/hufu00058007.dzi","São Roque de Minas","Parque Nacional da Serra da Canastra ; Garagem de Pedras, descida para o vale dos Cândidos."
"PARQUE NACIONAL SERRA DA CANASTRA","Angiosperms","Asteraceae","Koanophyllon","adamantium","(Gardner) R.M.King & H.Rob.","ASTERACEAE Koanophyllon adamantium (Gardner) R.M.King & H.Rob.","HUFU00058013",,"HUFU","Nakajima, J.N.","2632","Native","1997","Nakajima, J.N.","1998","Ouro","Ouro","jbrj-public.s3-sa-east-1.amazonaws.com/fsi/server?type=image&source=DZI/hufu/hufu/0/5/80/13/hufu00058013.dzi","São Roque de Minas","Parque Nacional da Serra da Canastra ; Estrada para o sítio João Domingos."
"PARQUE NACIONAL SERRA DA CANASTRA","Angiosperms","Asteraceae","Lepidaploa","barbata","(Less.) H.Rob.","ASTERACEAE Lepidaploa barbata (Less.) H.Rob.","HUFU00058015",,"HUFU","Romero, R.","4437","Native","1997","Nakajima, J.N.","1998","Ouro","Ouro","jbrj-public.s3-sa-east-1.amazonaws.com/fsi/server?type=image&source=DZI/hufu/hufu/0/5/80/15/hufu00058015.dzi","São Roque de Minas","Parque Nacional da Serra da Canastra ; Cachoeira dos Rolinhos, próximo da mata."
"PARQUE NACIONAL SERRA DA CANASTRA","Angiosperms","Asteraceae","Lepidaploa","sororia","(DC.) H.Rob.","ASTERACEAE Lepidaploa sororia (DC.) H.Rob.","HUFU00058061",,"HUFU","Nakajima, J.N.","2793","Native","1997","Nakajima, J.N.","1998","Ouro","Ouro","jbrj-public.s3-sa-east-1.amazonaws.com/fsi/server?type=image&source=DZI/hufu/hufu/0/5/80/61/hufu00058061.dzi","São Roque de Minas","Parque Nacional da Serra da Canastra ; Nascente do córrego do Bárbaro."
"PARQUE NACIONAL SERRA DA CANASTRA","Angiosperms","Asteraceae","Lessingianthus","bardanoides","(Less.) H.Rob.","ASTERACEAE Lessingianthus bardanoides (Less.) H.Rob.","HUFU00058073",,"HUFU","Nakajima, J.N.","2246","Native","1997","Nakajima, J.N.","1998","Ouro","Ouro","jbrj-public.s3-sa-east-1.amazonaws.com/fsi/server?type=image&source=DZI/hufu/hufu/0/5/80/73/hufu00058073.dzi","São Roque de Minas","Parque Nacional da Serra da Canastra ; Final da estrada para a Fazenda do Fundão."
"PARQUE NACIONAL SERRA DA CANASTRA","Angiosperms","Asteraceae","Lessingianthus","linearifolius","(Less.) H.Rob.","ASTERACEAE Lessingianthus linearifolius (Less.) H.Rob.","HUFU00058134",,"HUFU","Romero, R.","4090","Native","1997","Nakajima, J.N.","1998","Ouro","Ouro","jbrj-public.s3-sa-east-1.amazonaws.com/fsi/server?type=image&source=DZI/hufu/hufu/0/5/81/34/hufu00058134.dzi","São Roque de Minas","Parque Nacional da Serra da Canastra ; Nascente do Rio São Francisco."
"PARQUE NACIONAL SERRA DA CANASTRA","Angiosperms","Asteraceae","Lessingianthus","linearis","(Spreng.) H.Rob.","ASTERACEAE Lessingianthus linearis (Spreng.) H.Rob.","MO2273708",,"MO","Romero, R.","4026","Native","1997","Nakajima, J.N.","1998","Ouro","Ouro","jbrj-public.s3.amazonaws.com/fsi/server?type=image&source=DZI/missouri/mo/2/27/37/8/mo02273708.dzi",,"Nascente do córrego dos Peixes, Parque Nacional da Serra da Canastra, São Roque de Minas."
"PARQUE NACIONAL SERRA DA CANASTRA","Angiosperms","Asteraceae","Lessingianthus","tomentellus","(Mart. ex DC.) H.Rob.","ASTERACEAE Lessingianthus tomentellus (Mart. ex DC.) H.Rob.","HUFU00058188",,"HUFU","Nakajima, J.N.","2306","Native","1997","Nakajima, J.N.","1998","Ouro","Ouro","jbrj-public.s3-sa-east-1.amazonaws.com/fsi/server?type=image&source=DZI/hufu/hufu/0/5/81/88/hufu00058188.dzi","São Roque de Minas","Parque Nacional da Serra da Canastra ; Guarita de Sacramento, ca. de 1 km."
"PARQUE NACIONAL SERRA DA CANASTRA","Angiosperms","Asteraceae","Lessingianthus","warmingianus","(Baker) H.Rob.","ASTERACEAE Lessingianthus warmingianus (Baker) H.Rob.","HUFU00058201",,"HUFU","Romero, R.","4762","Unknown","1997","Nakajima, J.N.","1998","Ouro","Ouro","jbrj-public.s3-sa-east-1.amazonaws.com/fsi/server?type=image&source=DZI/hufu/hufu/0/5/82/1/hufu00058201.dzi","São Roque de Minas","Parque Nacional da Serra da Canastra ; Chapadão da Zagaia da frente para a Serra das Sete Voltas, após a torre de observação."
"PARQUE NACIONAL SERRA DA CANASTRA","Angiosperms","Asteraceae","Mikania","decumbens","Malme","ASTERACEAE Mikania decumbens Malme","HUFU00058357",,"HUFU","Romero, R.","4089","Native","1997","Nakajima, J.N.","1998","Ouro","Ouro","jbrj-public.s3-sa-east-1.amazonaws.com/fsi/server?type=image&source=DZI/hufu/hufu/0/5/83/57/hufu00058357.dzi","São Roque de Minas","Parque Nacional da Serra da Canastra ; Nascente do Rio São Francisco."
"PARQUE NACIONAL SERRA DA CANASTRA","Angiosperms","Asteraceae","Piptocarpha","axillaris","(Less.) Baker","ASTERACEAE Piptocarpha axillaris (Less.) Baker","HUFU00058512",,"HUFU","Romero, R.","4267","Native","1997","Nakajima, J.N.","1998","Ouro","Ouro","jbrj-public.s3-sa-east-1.amazonaws.com/fsi/server?type=image&source=DZI/hufu/hufu/0/5/85/12/hufu00058512.dzi","São Roque de Minas","Parque Nacional da Serra da Canastra ; Estrada São Roque - Sacramento, nascente do Córrego do Barboro."
"PARQUE NACIONAL SERRA DA CANASTRA","Angiosperms","Asteraceae","Piptocarpha","macropoda","(DC.) Baker","ASTERACEAE Piptocarpha macropoda (DC.) Baker","HUFU00058516",,"HUFU","Romero, R.","4456","Native","1997","Nakajima, J.N.","1998","Ouro","Ouro","jbrj-public.s3-sa-east-1.amazonaws.com/fsi/server?type=image&source=DZI/hufu/hufu/0/5/85/16/hufu00058516.dzi","São Roque de Minas","Parque Nacional da Serra da Canastra ; Cachoeira dos Rolinhos."
"PARQUE NACIONAL SERRA DA CANASTRA","Angiosperms","Asteraceae","Praxelis","decumbens","(Gardner) A. Teles & R. Esteves","ASTERACEAE Praxelis decumbens (Gardner) A. Teles & R. Esteves","HUFU00057575",,"HUFU","Romero, R.","4482","Native","1997","Nakajima, J.N.","1998","Ouro","Ouro","jbrj-public.s3-sa-east-1.amazonaws.com/fsi/server?type=image&source=DZI/hufu/hufu/0/5/75/75/hufu00057575.dzi","São Roque de Minas","Parque Nacional da Serra da Canastra ; Cachoeira dos Rolinhos, ilhota."
"PARQUE NACIONAL SERRA DA CANASTRA","Angiosperms","Asteraceae","Stenocephalum","tragiifolium","(DC.) Sch.Bip.","ASTERACEAE Stenocephalum tragiifolium (DC.) Sch.Bip.","HUFU00058670",,"HUFU","Romero, R.","4605","Native","1997","Nakajima, J.N.","1998","Ouro","Ouro","jbrj-public.s3-sa-east-1.amazonaws.com/fsi/server?type=image&source=DZI/hufu/hufu/0/5/86/70/hufu00058670.dzi","São Roque de Minas","Parque Nacional da Serra da Canastra ; Estrada para a Serra da Chapada."
"PARQUE NACIONAL SERRA DA CANASTRA","Angiosperms","Asteraceae","Stevia","heptachaeta","DC.","ASTERACEAE Stevia heptachaeta DC.","HUFU00058683",,"HUFU","Romero, R.","4221","Native","1997","Nakajima, J.N.","1998","Ouro","Ouro","jbrj-public.s3-sa-east-1.amazonaws.com/fsi/server?type=image&source=DZI/hufu/hufu/0/5/86/83/hufu00058683.dzi","São Roque de Minas","Parque Nacional da Serra da Canastra ; Estrada São Roque - Sacramento, próximo a Guarita de Sacramento."
"PARQUE NACIONAL SERRA DA CANASTRA","Angiosperms","Asteraceae","Stevia","hilarii","B.L.Rob.","ASTERACEAE Stevia hilarii B.L.Rob.","HUFU00058694",,"HUFU","Romero, R.","4053","Native","1997","Nakajima, J.N.","1998","Ouro","Ouro","jbrj-public.s3-sa-east-1.amazonaws.com/fsi/server?type=image&source=DZI/hufu/hufu/0/5/86/94/hufu00058694.dzi","São Roque de Minas","Parque Nacional da Serra da Canastra ; Nascente do córrego dos Peixes."
"PARQUE NACIONAL SERRA DA CANASTRA","Angiosperms","Asteraceae","Stomatanthes","dictyophyllus","(DC.) R.M.King & H.Rob.","ASTERACEAE Stomatanthes dictyophyllus (DC.) R.M.King & H.Rob.","HUFU00058751",,"HUFU","Romero, R.","4778","Native","1997","Nakajima, J.N.","1998","Ouro","Ouro","jbrj-public.s3-sa-east-1.amazonaws.com/fsi/server?type=image&source=DZI/hufu/hufu/0/5/87/51/hufu00058751.dzi","São Roque de Minas","Parque Nacional da Serra da Canastra ; Chapadão da Zagaia de frente para Serra das Sete Voltas, após a torre de observação."
"PARQUE NACIONAL SERRA DA CANASTRA","Angiosperms","Asteraceae","Trichogonia","salviifolia","Gardner","ASTERACEAE Trichogonia salviifolia Gardner","HUFU00058792",,"HUFU","Romero, R.","3849","Native","1997","Nakajima, J.N.","1998","Ouro","Ouro","jbrj-public.s3-sa-east-1.amazonaws.com/fsi/server?type=image&source=DZI/hufu/hufu/0/5/87/92/hufu00058792.dzi","São Roque de Minas","Parque Nacional da Serra da Canastra ; Morro próximo à sede administrativa."
"PARQUE NACIONAL SERRA DA CANASTRA","Angiosperms","Asteraceae","Trixis","glutinosa","D.Don","ASTERACEAE Trixis glutinosa D.Don","HUFU00058793",,"HUFU","Romero, R.","4248","Native","1997","Nakajima, J.N.","1998","Ouro","Ouro","jbrj-public.s3-sa-east-1.amazonaws.com/fsi/server?type=image&source=DZI/hufu/hufu/0/5/87/93/hufu00058793.dzi","São Roque de Minas","Parque Nacional da Serra da Canastra ; Estrada para Fazenda do Fundão."
"PARQUE NACIONAL SERRA DA CANASTRA","Angiosperms","Asteraceae","Trixis","vauthieri","DC.","ASTERACEAE Trixis vauthieri DC.","HUFU00058806",,"HUFU","Romero, R.","4331","Native","1997","Nakajima, J.N.","1998","Ouro","Ouro","jbrj-public.s3-sa-east-1.amazonaws.com/fsi/server?type=image&source=DZI/hufu/hufu/0/5/88/6/hufu00058806.dzi","São Roque de Minas","Parque Nacional da Serra da Canastra ; Cahapadão do Diamante."
"PARQUE NACIONAL SERRA DA CANASTRA","Angiosperms","Asteraceae","Vernonanthura","viscidula","(Less.) H.Rob.","ASTERACEAE Vernonanthura viscidula (Less.) H.Rob.","HUFU00058819",,"HUFU","Romero, R.","4170","Native","1997","Nakajima, J.N.","1998","Ouro","Ouro","jbrj-public.s3-sa-east-1.amazonaws.com/fsi/server?type=image&source=DZI/hufu/hufu/0/5/88/19/hufu00058819.dzi","São Roque de Minas","Parque Nacional da Serra da Canastra ; Córrego dos passageiros."
"PARQUE NACIONAL SERRA DA CANASTRA","Angiosperms","Asteraceae","Vernonanthura","westiniana","(Less.) H.Rob.","ASTERACEAE Vernonanthura westiniana (Less.) H.Rob.","HUFU00058827",,"HUFU","Romero, R.","3864","Native","1997","Nakajima, J.N.","1998","Ouro","Ouro","jbrj-public.s3-sa-east-1.amazonaws.com/fsi/server?type=image&source=DZI/hufu/hufu/0/5/88/27/hufu00058827.dzi","São Roque de Minas","Parque Nacional da Serra da Canastra ; Morro próximo à sede administrativa."
"PARQUE NACIONAL SERRA DA CANASTRA","Angiosperms","Melastomataceae","Miconia","buddlejoides","Triana","MELASTOMATACEAE Miconia buddlejoides Triana","HUFU00037826",,"HUFU","Nakajima, J.N.","2610","Native","1997","Romero, R.","1998","Ouro","Ouro","jbrj-public.s3-sa-east-1.amazonaws.com/fsi/server?type=image&source=DZI/hufu/hufu/0/3/78/26/hufu00037826.dzi","São Roque de Minas","Parque Nacional da Serra da Canastra; Guarita próximo a Casca d'Anta, parte de baixo."
"PARQUE NACIONAL SERRA DA CANASTRA","Angiosperms","Melastomataceae","Microlicia","cordata","(Spreng.) Cham.","MELASTOMATACEAE Microlicia cordata (Spreng.) Cham.","NY00925922",,"NY","Romero, R.","4156","Native","1997","Romero, R.","1998","Ouro","Ouro","jbrj-public.s3-sa-east-1.amazonaws.com/fsi/server?type=image&source=DZI/newyork/ny_/0/92/59/22/ny_00925922.dzi",,"Base de morro próximo a sede administrativa, PARNA Serra da Canastra."
"PARQUE NACIONAL SERRA DA CANASTRA","Angiosperms","Melastomataceae","Microlicia","scoparia","(A.St.-Hil.) DC.","MELASTOMATACEAE Microlicia scoparia (A.St.-Hil.) DC.","IBGE00071407",,"IBGE","Nakajima, J.N.","2840","Native","1997","Romero, R.","1998","Ouro","Ouro","jbrj-public.s3-sa-east-1.amazonaws.com/fsi/server?type=image&source=DZI/ibge/ibge/0/7/14/7/ibge00071407.dzi","São Roque de Minas","Chapadão do Diamante, final da estrada. Folha Cartográfica SE-23-Y-D Coordenada Calculada. Parque Nacional da Serra da Canastra."
"PARQUE NACIONAL SERRA DA CANASTRA","Angiosperms","Melastomataceae","Pleroma","fothergillii","(Schrank et Mart. ex DC.) Triana","MELASTOMATACEAE Pleroma fothergillii (Schrank et Mart. ex DC.) Triana","NY00941669",,"NY","Romero, R.","4177","Native","1997","Romero, R.","1998","Ouro","Ouro","jbrj-public.s3-sa-east-1.amazonaws.com/fsi/server?type=image&source=DZI/newyork/ny_/v-035-00/94/16/69/ny_v-035-00941669.dzi",,"Córrego dos Passageiros. Parque Nacional da Serra da Canastra."
"PARQUE NACIONAL SERRA DA CANASTRA","Angiosperms","Melastomataceae","Pterolepis","repanda","(DC.) Triana","MELASTOMATACEAE Pterolepis repanda (DC.) Triana","HUFU00038200",,"HUFU","Romero, R.","3966","Native","1997","Romero, R.","1998","Ouro","Ouro","jbrj-public.s3-sa-east-1.amazonaws.com/fsi/server?type=image&source=DZI/hufu/hufu/0/3/82/0/hufu00038200.dzi","São Roque de Minas","Parque Nacional da Serra da Canastra; Estrada para o Retiro das Pedras, próximo a divisa do parque."
"PARQUE NACIONAL SERRA DA CANASTRA","Angiosperms","Melastomataceae","Siphanthera","cordata","Pohl ex DC.","MELASTOMATACEAE Siphanthera cordata Pohl ex DC.","HUFU00038230",,"HUFU","Nakajima, J.N.","2280","Native","1997","Romero, R.","1998","Ouro","Ouro","jbrj-public.s3-sa-east-1.amazonaws.com/fsi/server?type=image&source=DZI/hufu/hufu/0/3/82/30/hufu00038230.dzi","São Roque de Minas","Parque Nacional da Serra da Canastra; Guarita de Sacramento, cerca de 1km."
"PARQUE NACIONAL SERRA DA CANASTRA","Angiosperms","Melastomataceae","Siphanthera","dawsonii","Wurdack","MELASTOMATACEAE Siphanthera dawsonii Wurdack","HUFU00038234",,"HUFU","Romero, R.","4151","Native","1997","Romero, R.","1998","Ouro","Ouro","jbrj-public.s3-sa-east-1.amazonaws.com/fsi/server?type=image&source=DZI/hufu/hufu/0/3/82/34/hufu00038234.dzi","São Roque de Minas","Parque Nacional da Serra da Canastra; Estrada para a parte de cima da Cachoeira Casca D'Anta."
"PARQUE NACIONAL SERRA DA CANASTRA","Angiosperms","Myristicaceae","Virola","sebifera","Aubl.","MYRISTICACEAE Virola sebifera Aubl.","UPCB00077599",,"UPCB","Lombardi, J.A.","1950","Native","1997","Rodrigues, W.A.","1998","Ouro","Ouro","jbrj-public.s3-sa-east-1.amazonaws.com/fsi/server?type=image&source=DZI/upcb/upcb/0/7/75/99/upcb00077599.dzi","São Roque de Minas","Parque Nacional da Serra da Canastra."
"PARQUE NACIONAL SERRA DA CANASTRA","Angiosperms","Melastomataceae","Rhynchanthera","grandiflora","(Aubl.) DC.","MELASTOMATACEAE Rhynchanthera grandiflora (Aubl.) DC.","HUFU00038216",,"HUFU","Romero, R.","4763","Native","1997","Romero, R.","1997","Ouro","Ouro","jbrj-public.s3-sa-east-1.amazonaws.com/fsi/server?type=image&source=DZI/hufu/hufu/0/3/82/16/hufu00038216.dzi","São Roque de Minas","Parque Nacional da Serra da Canastra; Chapadão da Zagaia da frente para a Serra das Sete Voltas, após a torre de observação."
"PARQUE NACIONAL SERRA DA CANASTRA","Angiosperms","Melastomataceae","Trembleya","elegans","(Cogn.) Almeda & A.B.Martins","MELASTOMATACEAE Trembleya elegans (Cogn.) Almeda & A.B.Martins","HUFU00038999",,"HUFU","Nakajima, J.N.","2403","Native","1997","Romero, R.","1997","Ouro","Ouro","jbrj-public.s3-sa-east-1.amazonaws.com/fsi/server?type=image&source=DZI/hufu/hufu/0/3/89/99/hufu00038999.dzi","São Roque de Minas","Parque Nacional da Serra da Canastra; Trilha da parte de baixo da Cachoeira Casca d'Anta."
"PARQUE NACIONAL SERRA DA CANASTRA","Angiosperms","Asteraceae","Baccharis","rufidula","(Spreng.) Joch.Müll.","ASTERACEAE Baccharis rufidula (Spreng.) Joch.Müll.","US01726211",,"US","Nakajima, J.N.","2056","Native","1996",,,"Ouro","Ouro","jbrj-public.s3-sa-east-1.amazonaws.com/fsi/server?type=image&source=DZI/us/us/1/72/62/11/us01726211.dzi",,"Cachoeira dos Rolinhos, Parque Nacional da Serra da Canastra, São Roque de Minas"
"PARQUE NACIONAL SERRA DA CANASTRA","Angiosperms","Asteraceae","Campuloclinium",,"DC.","ASTERACEAE Campuloclinium DC.","HUFU00057433",,"HUFU","Nakajima, J.N.","1732","Native","1996","Nakajima, J.N.",,"Ouro","Ouro","jbrj-public.s3-sa-east-1.amazonaws.com/fsi/server?type=image&source=DZI/hufu/hufu/0/5/74/33/hufu00057433.dzi","São Roque de Minas","Parque Nacional da Serra da Canastra ; Base do morro do córrego dos Peixes."
"PARQUE NACIONAL SERRA DA CANASTRA","Angiosperms","Asteraceae","Chromolaena","costatipes","(B.L.Rob.) R.M.King & H.Robinson","ASTERACEAE Chromolaena costatipes (B.L.Rob.) R.M.King & H.Robinson","MO2273781",,"MO","Romero, R.","3785","Native","1996","Nakajima, J.N.",,"Ouro","Ouro","jbrj-public.s3-sa-east-1.amazonaws.com/fsi/server?type=image&source=DZI/missouri/mo/2/27/37/81/mo02273781.dzi",,"Estrada para Sacramento, 3 km da sede administrativa, Parque Nacional da Serra da Canastra, São Roque de Minas."
"PARQUE NACIONAL SERRA DA CANASTRA","Angiosperms","Asteraceae","Mikania","ramosissima","Gardner","ASTERACEAE Mikania ramosissima Gardner","MO2260047",,"MO","Romero, R.","3555","Native","1996","Nakajima, J.N.",,"Ouro","Ouro","jbrj-public.s3.amazonaws.com/fsi/server?type=image&source=DZI/missouri/mo/2/26/0/47/mo02260047.dzi",,"Retiro de captação de água, Guarita de Sacramento, Parque Nacional da Serra da Canastra, Sacramento."
"PARQUE NACIONAL SERRA DA CANASTRA","Angiosperms","Asteraceae","Stomatanthes","reticulatus","Grossi & J.N.Nakaj.","ASTERACEAE Stomatanthes reticulatus Grossi & J.N.Nakaj.","HUFU00058762",,"HUFU","Romero, R.","3787","Native","1996","Nakajima, J.N.",,"Ouro","Ouro","jbrj-public.s3-sa-east-1.amazonaws.com/fsi/server?type=image&source=DZI/hufu/hufu/0/5/87/62/hufu00058762.dzi","São Roque de Minas","Parque Nacional da Serra da Canastra ; Estrada para Saramento, 3 km da sede administrativa."
"PARQUE NACIONAL SERRA DA CANASTRA",,"Polygalaceae","Senega","longicaulis","(Kunth) J.F.B.Pastore","POLYGALACEAE Senega longicaulis (Kunth) J.F.B.Pastore","HUFU00036134",,"HUFU","Romero, R.","3803",,"1996","Pastore, J.F.B.","2023","Ouro","Ouro","jbrj-public.s3-sa-east-1.amazonaws.com/fsi/server?type=image&source=DZI/hufu/hufu/0/3/61/34/hufu00036134.dzi","São Roque de Minas","Parque Nacional da Serra da Canastra"
"PARQUE NACIONAL SERRA DA CANASTRA","Angiosperms","Asteraceae","Inulopsis","scaposa","(DC.) O.Hoffm.","ASTERACEAE Inulopsis scaposa (DC.) O.Hoffm.","HUFU00058003",,"HUFU","Romero, R.","3770","Native","1996","Heiden, G.","2016","Ouro","Ouro","jbrj-public.s3-sa-east-1.amazonaws.com/fsi/server?type=image&source=DZI/hufu/hufu/0/5/80/3/hufu00058003.dzi","São Roque de Minas","Parque Nacional da Serra da Canastra ; Vale da nascente do Rio São Francisco, lado das matas."
"PARQUE NACIONAL SERRA DA CANASTRA","Angiosperms","Theaceae","Laplacea","fruticosa","(Schrad.) Kobuski","THEACEAE Laplacea fruticosa (Schrad.) Kobuski","HUFU00026438",,"HUFU","Nakajima, J.N.","1860","Native","1996","Accardo Filho, M.A.P.","2016","Ouro","Ouro","jbrj-public.s3-sa-east-1.amazonaws.com/fsi/server?type=image&source=DZI/hufu/hufu/0/2/64/38/hufu00026438.dzi","São Roque de Minas","Parque Nacional da Serra da Canastra Guarita de Sacramento, próximo da captação de água., Borda de mata de galeria."
"PARQUE NACIONAL SERRA DA CANASTRA","Angiosperms","Myrtaceae","Myrcia","subavenia","(O.Berg) N.Silveira","MYRTACEAE Myrcia subavenia (O.Berg) N.Silveira","HUFU00036697",,"HUFU","Romero, R.","3599","Native","1996","Rosa, P.O.","2011","Ouro","Ouro","jbrj-public.s3-sa-east-1.amazonaws.com/fsi/server?type=image&source=DZI/hufu/hufu/0/3/66/97/hufu00036697.dzi","São Roque de Minas","Parque Nacional da Serra da Canastra"
"PARQUE NACIONAL SERRA DA CANASTRA","Angiosperms","Amaranthaceae","Xerosiphon","aphyllus","(Pohl ex Moq.) Pedersen","AMARANTHACEAE Xerosiphon aphyllus (Pohl ex Moq.) Pedersen","HUFU00053291",,"HUFU","Nakajima, J.N.","2113","Native","1996","Marchioretto, M.S.","2009","Ouro","Ouro","jbrj-public.s3-sa-east-1.amazonaws.com/fsi/server?type=image&source=DZI/hufu/hufu/0/5/32/91/hufu00053291.dzi","São Roque de Minas","Parque Nacional da Serra da Canastra"
"PARQUE NACIONAL SERRA DA CANASTRA","Angiosperms","Apocynaceae","Aspidosperma","spruceanum","Benth. ex Müll.Arg.","APOCYNACEAE Aspidosperma spruceanum Benth. ex Müll.Arg.","HUFU00053006",,"HUFU","Nakajima, J.N.","2061","Native","1996","Morokawa, R.","2008","Ouro","Ouro","jbrj-public.s3-sa-east-1.amazonaws.com/fsi/server?type=image&source=DZI/hufu/hufu/0/5/30/6/hufu00053006.dzi","São Roque de Minas","Parque Nacional da Serra da Canastra"
"PARQUE NACIONAL SERRA DA CANASTRA","Angiosperms","Myrtaceae","Myrcia","amazonica","DC.","MYRTACEAE Myrcia amazonica DC.","HUFU00036442",,"HUFU","Nakajima, J.N.","2070","Native","1996","Rosa, P.O.","2008","Ouro","Ouro","jbrj-public.s3-sa-east-1.amazonaws.com/fsi/server?type=image&source=DZI/hufu/hufu/0/3/64/42/hufu00036442.dzi","São Roque de Minas","Parque Nacional da Serra da Canastra"
"PARQUE NACIONAL SERRA DA CANASTRA","Angiosperms","Myrtaceae","Myrcia","rufipes","DC.","MYRTACEAE Myrcia rufipes DC.","HUFU00036518",,"HUFU","Romero, R.","3685","Native","1996","Rosa, P.O.","2008","Ouro","Ouro","jbrj-public.s3-sa-east-1.amazonaws.com/fsi/server?type=image&source=DZI/hufu/hufu/0/3/65/18/hufu00036518.dzi","Sacramento","Parque Nacional da Serra da Canastra"
"PARQUE NACIONAL SERRA DA CANASTRA","Angiosperms","Bignoniaceae","Anemopaegma","arvense","(Vell.) Stellfeld ex de Souza","BIGNONIACEAE Anemopaegma arvense (Vell.) Stellfeld ex de Souza","HUFU00052343",,"HUFU","Romero, R.","3707","Native","1996","Silva-Castro, M.M.","2005","Ouro","Ouro","jbrj-public.s3-sa-east-1.amazonaws.com/fsi/server?type=image&source=DZI/hufu/hufu/0/5/23/43/hufu00052343.dzi","São Roque de Minas","Parque Nacional da Serra da Canastra ; Fazenda Zagaia."
"PARQUE NACIONAL SERRA DA CANASTRA","Ferns and Lycophytes","Fabaceae","Betencourtia","scarlatina","(Mart. ex Benth.) L.P.Queiroz","FABACEAE Betencourtia scarlatina (Mart. ex Benth.) L.P.Queiroz","HUFU00007824",,"HUFU","Nakajima, J.N.","2047","Native","1996","Filardi, F.L.R.","2005","Ouro","Ouro","jbrj-public.s3-sa-east-1.amazonaws.com/fsi/server?type=image&source=DZI/hufu/hufu/0/0/78/24/hufu00007824.dzi","São Roque de Minas","Parque Nacional da Serra da Canastra. Cachoeira dos Rolinhos."
"PARQUE NACIONAL SERRA DA CANASTRA","Angiosperms","Fabaceae","Bowdichia","virgilioides","Kunth","FABACEAE Bowdichia virgilioides Kunth","HUFU00007660",,"HUFU","Nakajima, J.N.","2068","Native","1996","Filardi, F.L.R.","2005","Ouro","Ouro","jbrj-public.s3-sa-east-1.amazonaws.com/fsi/server?type=image&source=DZI/hufu/hufu/0/0/76/60/hufu00007660.dzi","São Roque de Minas","Parque Nacional da Serra da Canastra. Parte de cima da Cachoeira dos Rolinhos."
"PARQUE NACIONAL SERRA DA CANASTRA","Angiosperms","Fabaceae","Condylostylis","candida","(Vell.) A. Delgado","FABACEAE Condylostylis candida (Vell.) A. Delgado","HUFU00040780",,"HUFU","Romero, R.","3544","Native","1996","Filardi, F.L.R.","2005","Ouro","Ouro","jbrj-public.s3-sa-east-1.amazonaws.com/fsi/server?type=image&source=DZI/hufu/hufu/0/4/7/80/hufu00040780.dzi","Sacramento","Parque Nacional da Serra da Canastra"
"PARQUE NACIONAL SERRA DA CANASTRA","Angiosperms","Fabaceae","Enterolobium","gummiferum","(Mart.) J.F.Macbr.","FABACEAE Enterolobium gummiferum (Mart.) J.F.Macbr.","HUFU00040347",,"HUFU","Romero, R.","3577","Native","1996","Garcia, F.C.P.","2003","Ouro","Ouro","jbrj-public.s3-sa-east-1.amazonaws.com/fsi/server?type=image&source=DZI/hufu/hufu/0/4/3/47/hufu00040347.dzi","Sacramento","Parque Nacional da Serra da Canastra"
"PARQUE NACIONAL SERRA DA CANASTRA","Angiosperms","Fabaceae","Mimosa","hypoglauca","Mart.","FABACEAE Mimosa hypoglauca Mart.","HUFU00040571",,"HUFU","Romero, R.","3808","Native","1996","Garcia, F.C.P.","2003","Ouro","Ouro","jbrj-public.s3-sa-east-1.amazonaws.com/fsi/server?type=image&source=DZI/hufu/hufu/0/4/5/71/hufu00040571.dzi","São Roque de Minas","Parque Nacional da Serra da Canastra"
"PARQUE NACIONAL SERRA DA CANASTRA","Angiosperms","Myrtaceae","Myrcia","venulosa","DC.","MYRTACEAE Myrcia venulosa DC.","HUFU00037806",,"HUFU","Romero, R.","3748","Native","1996","Kawasaki, M.L.","2002","Ouro","Ouro","jbrj-public.s3-sa-east-1.amazonaws.com/fsi/server?type=image&source=DZI/hufu/hufu/0/3/78/6/hufu00037806.dzi","São Roque de Minas","Parque Nacional da Serra da Canastra; Guarita de Sacramento, próximo a captação de água."
"PARQUE NACIONAL SERRA DA CANASTRA","Angiosperms","Orchidaceae","Bulbophyllum","chloroglossum","Rchb.f. & Warm.","ORCHIDACEAE Bulbophyllum chloroglossum Rchb.f. & Warm.","HUFU00029985",,"HUFU","Romero, R.","3313","Native","1996","Borba, E.L.","2001","Ouro","Ouro","jbrj-public.s3-sa-east-1.amazonaws.com/fsi/server?type=image&source=DZI/hufu/hufu/0/2/99/85/hufu00029985.dzi","São Roque de Minas","Parque Nacional da Serra da Canastra"
"PARQUE NACIONAL SERRA DA CANASTRA","Angiosperms","Orchidaceae","Habenaria","macilenta","(Lindl. ex Benth.) Rchb.f.","ORCHIDACEAE Habenaria macilenta (Lindl. ex Benth.) Rchb.f.","HUFU00035618",,"HUFU","Romero, R.","3811","Native","1996","Batista, J.A.N.","2000","Ouro","Ouro","jbrj-public.s3-sa-east-1.amazonaws.com/fsi/server?type=image&source=DZI/hufu/hufu/0/3/56/18/hufu00035618.dzi","São Roque de Minas","Parque Nacional da Serra da Canastra"
"PARQUE NACIONAL SERRA DA CANASTRA","Angiosperms","Melastomataceae","Microlicia","multicaulis","Mart. ex Naudin","MELASTOMATACEAE Microlicia multicaulis Mart. ex Naudin","IBGE00071405",,"IBGE","Romero, R.","3782","Native","1996","Romero, R.","1999","Ouro","Ouro","jbrj-public.s3-sa-east-1.amazonaws.com/fsi/server?type=image&source=DZI/ibge/ibge/0/7/14/5/ibge00071405.dzi","São Roque de Minas","Morro após a nascente do rio São Francisco. Folha Cartográfica SE-23-Y-D Coordenada Calculada. Parque Nacional da Serra da Canastra."
"PARQUE NACIONAL SERRA DA CANASTRA","Angiosperms","Asteraceae","Dimerostemma","humboldtianum","(Gardner) H.Rob.","ASTERACEAE Dimerostemma humboldtianum (Gardner) H.Rob.","HUFU00057729",,"HUFU","Romero, R.","3658","Native","1996","Nakajima, J.N.","1998","Ouro","Ouro","jbrj-public.s3-sa-east-1.amazonaws.com/fsi/server?type=image&source=DZI/hufu/hufu/0/5/77/29/hufu00057729.dzi","São Roque de Minas","Parque Nacional da Serra da Canastra ; Guarita de Sacramento, caminho para o córrego dos Coelhos."
"PARQUE NACIONAL SERRA DA CANASTRA","Angiosperms","Asteraceae","Lessingianthus","adenophyllus","(Mart. ex DC.) H.Rob.","ASTERACEAE Lessingianthus adenophyllus (Mart. ex DC.) H.Rob.","HUFU00058213",,"HUFU","Romero, R.","3647","Native","1996","Nakajima, J.N.","1998","Ouro","Ouro","jbrj-public.s3-sa-east-1.amazonaws.com/fsi/server?type=image&source=DZI/hufu/hufu/0/5/82/13/hufu00058213.dzi","Sacramento","Parque Nacional da Serra da Canastra ; Guarita de Sacramento, caminho para o córrego dos coelhos"
"PARQUE NACIONAL SERRA DA CANASTRA","Angiosperms","Asteraceae","Lessingianthus","exiguus","(Cabrera) H.Rob.","ASTERACEAE Lessingianthus exiguus (Cabrera) H.Rob.","HUFU00058099",,"HUFU","Nakajima, J.N.","1671","Native","1996","Nakajima, J.N.","1998","Ouro","Ouro","jbrj-public.s3-sa-east-1.amazonaws.com/fsi/server?type=image&source=DZI/hufu/hufu/0/5/80/99/hufu00058099.dzi","São Roque de Minas","Parque Nacional da Serra da Canastra ; Estrada para o Retiro das Pedras."
"PARQUE NACIONAL SERRA DA CANASTRA","Angiosperms","Asteraceae","Wedelia","monantha","(Vell.) Remor, Bringel & J.F.B.Pastore","ASTERACEAE Wedelia monantha (Vell.) Remor, Bringel & J.F.B.Pastore","HUFU00058848",,"HUFU","Nakajima, J.N.","1982","Native","1996","Nakajima, J.N.","1998","Ouro","Ouro","jbrj-public.s3-sa-east-1.amazonaws.com/fsi/server?type=image&source=DZI/hufu/hufu/0/5/88/48/hufu00058848.dzi","São Roque de Minas","Parque Nacional da Serra da Canastra ; Cachoeira Casca D'Anta, Trilha para guarita de baixo."
"PARQUE NACIONAL SERRA DA CANASTRA","Angiosperms","Melastomataceae","Chaetogastra","minor","(Cogn.) P.J.F.Guim. & Michelang.","MELASTOMATACEAE Chaetogastra minor (Cogn.) P.J.F.Guim. & Michelang.","HUFU00067949",,"HUFU","Romero, R.","3632","Native","1996","Romero, R.","1996","Ouro","Ouro","jbrj-public.s3-sa-east-1.amazonaws.com/fsi/server?type=image&source=DZI/hufu/hufu/0/6/79/49/hufu00067949.dzi","Sacramento","Parque Nacional da Serra da Canastra; Guarita de Sacramento, caminho para c rrego dos Coelhos.; Campo limpo, solo pedregoso."
"PARQUE NACIONAL SERRA DA CANASTRA","Angiosperms","Asteraceae","Aspilia","riedelii","Baker","ASTERACEAE Aspilia riedelii Baker","HUFU00057155",,"HUFU","Nakajima, J.N.","1514","Native","1995",,,"Ouro","Ouro","jbrj-public.s3-sa-east-1.amazonaws.com/fsi/server?type=image&source=DZI/hufu/hufu/0/5/71/55/hufu00057155.dzi","São Roque de Minas","Parque Nacional da Serra da Canastra ; Estrada para Retiro de Pedras."
"PARQUE NACIONAL SERRA DA CANASTRA","Angiosperms","Asteraceae","Calea","ramosissima","Baker","ASTERACEAE Calea ramosissima Baker","UPCB00025399",,"UPCB","Nakajima, J.N.","851","Native","1995",,,"Ouro","Ouro","jbrj-public.s3-sa-east-1.amazonaws.com/fsi/server?type=image&source=DZI/upcb/upcb/0/2/53/99/upcb00025399.dzi","São Roque de Minas","PARNA da Serra da Canastra, Estrada do Chapadão Diamante."
"PARQUE NACIONAL SERRA DA CANASTRA","Angiosperms","Asteraceae","Dasyphyllum","flagellare","(Casar.) Cabrera","ASTERACEAE Dasyphyllum flagellare (Casar.) Cabrera","US01615385",,"US","Nakajima, J.N.","1101","Native","1995",,,"Ouro","Ouro","jbrj-public.s3-sa-east-1.amazonaws.com/fsi/server?type=image&source=DZI/us/us/1/61/53/85/us01615385.dzi",,"Procedencia Cachoeira da Casca D'Anta, trilha para a guarita de baixo, Parna Serra da Canastra, Sao Roque de Minas, Minas Gerais"
"PARQUE NACIONAL SERRA DA CANASTRA","Bryophytes","Asteraceae","Hololepis",,"DC.","ASTERACEAE Hololepis DC.","HUFU00057979",,"HUFU","Romero, R.","2671","Native","1995","Nakajima, J.N.",,"Ouro","Ouro","jbrj-public.s3-sa-east-1.amazonaws.com/fsi/server?type=image&source=DZI/hufu/hufu/0/5/79/79/hufu00057979.dzi","São Roque de Minas","Parque Nacional da Serra da Canastra ; Morro atrás do centro de visitantes."
"PARQUE NACIONAL SERRA DA CANASTRA","Angiosperms","Asteraceae","Lessingianthus","buddleiifolius","(Mart. ex DC.) H.Rob.","ASTERACEAE Lessingianthus buddleiifolius (Mart. ex DC.) H.Rob.","US01630427",,"US","Nakajima, J.N.","946","Native","1995",,,"Ouro","Ouro","jbrj-public.s3-sa-east-1.amazonaws.com/fsi/server?type=image&source=DZI/us/us/1/63/4/27/us01630427.dzi","São Roque de Minas","Estrada para a Cachoeira da Casca D'anta, PARNA Serra da Canastra. Campo limpo, solo pedregoso."
"PARQUE NACIONAL SERRA DA CANASTRA","Angiosperms","Asteraceae","Lessingianthus","roseus","(Mart. ex DC.) H.Rob.","ASTERACEAE Lessingianthus roseus (Mart. ex DC.) H.Rob.","US01631244",,"US","Nakajima, J.N.","918","Native","1995",,,"Ouro","Ouro","jbrj-public.s3-sa-east-1.amazonaws.com/fsi/server?type=image&source=DZI/us/us/1/63/12/44/us01631244.dzi",,"Procedencia: Estrada para Sacramento, Garagem de Pedras, PARNA Serra da Canastra, Sao Roque de Minas. Campo sujo."
"PARQUE NACIONAL SERRA DA CANASTRA","Angiosperms","Asteraceae","Lucilia","adpressa","Sitowski, A.M.Teles & J.F.B.Pastore,","ASTERACEAE Lucilia adpressa Sitowski, A.M.Teles & J.F.B.Pastore,","US01736356",,"US","Nakajima, J.N.","1208","Native","1995",,,"Ouro","Ouro","jbrj-public.s3-sa-east-1.amazonaws.com/fsi/server?type=image&source=DZI/us/us/1/73/63/56/us01736356.dzi",,"Estrada para o Retiro de Pedras, Parna Serra da Canastra, São Roque de Minas"
"PARQUE NACIONAL SERRA DA CANASTRA","Angiosperms","Asteraceae","Mikania","neurocaula","DC.","ASTERACEAE Mikania neurocaula DC.","US01773854",,"US","Nakajima, J.N.","1162","Native","1995",,,"Ouro","Ouro","jbrj-public.s3-sa-east-1.amazonaws.com/fsi/server?type=image&source=DZI/us/us/1/77/38/54/us01773854.dzi",,"Procedencia: Guarita de Sacramento, Parna Serra da Canastra, Sao Roque de Minas"
"PARQUE NACIONAL SERRA DA CANASTRA","Angiosperms","Asteraceae","Mikania","nummularia","DC.","ASTERACEAE Mikania nummularia DC.","MO2273804",,"MO","Nakajima, J.N.","1226","Native","1995","Nakajima, J.N.",,"Ouro","Ouro","jbrj-public.s3.amazonaws.com/fsi/server?type=image&source=DZI/missouri/mo/2/27/38/4/mo02273804.dzi",,"Estrada para o Retiro de Pedras, Parna Serra da Canastra, São Roque de Minas."
"PARQUE NACIONAL SERRA DA CANASTRA","Angiosperms","Asteraceae","Mikania","purpurascens","(Baker) R.M.King & H.Rob.","ASTERACEAE Mikania purpurascens (Baker) R.M.King & H.Rob.","MO2273782",,"MO","Romero, R.","1632","Native","1995","Nakajima, J.N.",,"Ouro","Ouro","jbrj-public.s3.amazonaws.com/fsi/server?type=image&source=DZI/missouri/mo/2/27/37/82/mo02273782.dzi",,"Próximo a guarita de Sacramento, Parna Serra da Canastra, Sacramento."
"PARQUE NACIONAL SERRA DA CANASTRA","Angiosperms","Asteraceae","Stevia","myriadenia","Sch.Bip. ex Baker","ASTERACEAE Stevia myriadenia Sch.Bip. ex Baker","US01648449",,"US","Nakajima, J.N.","1014","Native","1995",,,"Ouro","Ouro","jbrj-public.s3-sa-east-1.amazonaws.com/fsi/server?type=image&source=DZI/us/us/1/64/84/49/us01648449.dzi",,"Estrada S. Roque - Sacramento, 3km da sede administrativa, Parna Serra da Canastra, São Roque de Minas, Minas Gerais, Brasil"
"PARQUE NACIONAL SERRA DA CANASTRA","Angiosperms","Asteraceae","Stomatanthes","pinnatipartitus","(Sch.Bip. ex Baker) H.Rob.","ASTERACEAE Stomatanthes pinnatipartitus (Sch.Bip. ex Baker) H.Rob.","US01641549",,"US","Nakajima, J.N.","1217","Native","1995",,,"Ouro","Ouro","jbrj-public.s3-sa-east-1.amazonaws.com/fsi/server?type=image&source=DZI/us/us/1/64/15/49/us01641549.dzi",,"Estrada para o Retiro de Pedras, PARNA Serra da Canastra, São Roque de Minas"
"PARQUE NACIONAL SERRA DA CANASTRA","Angiosperms","Asteraceae","Strophopappus","speciosus","(Less.) R.Esteves","ASTERACEAE Strophopappus speciosus (Less.) R.Esteves","US01635376",,"US","Nakajima, J.N.","1216","Native","1995",,,"Ouro","Ouro","jbrj-public.s3-sa-east-1.amazonaws.com/fsi/server?type=image&source=DZI/us/us/1/63/53/76/us01635376.dzi",,"Estrada para o Retiro de Pedras, Parna Serra da Canastra, Sao Roque de Minas"
"PARQUE NACIONAL SERRA DA CANASTRA","Angiosperms","Asteraceae","Vernonanthura","laxa","(Gardner) H.Rob.","ASTERACEAE Vernonanthura laxa (Gardner) H.Rob.","US01624952",,"US","Nakajima, J.N.","1214","Native","1995",,,"Ouro","Ouro","jbrj-public.s3-sa-east-1.amazonaws.com/fsi/server?type=image&source=DZI/us/us/1/62/49/52/us01624952.dzi",,"Estrada para o Retiro de Pedras, Parna Serra da Canastra, São Roque de Minas"
"PARQUE NACIONAL SERRA DA CANASTRA","Angiosperms","Asteraceae","Vernonanthura","polyanthes","(Sprengel) Vega & Dematteis","ASTERACEAE Vernonanthura polyanthes (Sprengel) Vega & Dematteis","US01625333",,"US","Nakajima, J.N.","1254","Native","1995",,,"Ouro","Ouro","jbrj-public.s3-sa-east-1.amazonaws.com/fsi/server?type=image&source=DZI/us/us/1/62/53/33/us01625333.dzi",,"Caminho para a Cachoeira Casca D'Anta, PARNA Serra da Canastra, São Roque de Minas"
"PARQUE NACIONAL SERRA DA CANASTRA","Angiosperms","Fabaceae","Chamaecrista","linearifolia","Barneby","FABACEAE Chamaecrista linearifolia var. latifolia Barneby","MBM194138",,"MBM","Lombardi, J.A.","888","Native","1995",,,"Ouro","Ouro","jbrj-public.s3.amazonaws.com/fsi/server?type=image&source=DZI/mbm/mbm/0/19/41/38/mbm00194138.dzi|jbrj-public.s3.amazonaws.com/fsi/server?type=image&source=DZI/mbm/mbm/0/19/41/38/mbm00194138.dzi|jbrj-public.s3.amazonaws.com/fsi/server?type=image&source=DZI/mbm/mbm/0/19/41/38/mbm00194138.dzi|jbrj-public.s3-sa-east-1.amazonaws.com/fsi/server?type=image&source=DZI/mbm/mbm/0/19/41/38/mbm00194138-0.dzi|jbrj-public.s3-sa-east-1.amazonaws.com/fsi/server?type=image&source=DZI/mbm/mbm/0/19/41/38/mbm00194138-1.dzi",,"Limite Parque Nacional da Serra da Canastra."
"PARQUE NACIONAL SERRA DA CANASTRA","Angiosperms","Gentianaceae","Curtia","tenuifolia","(Aubl.) Knobl.","GENTIANACEAE Curtia tenuifolia (Aubl.) Knobl.","SPF00177465",,"SPF","Romero, R.","1933","Native","1995","Cordeiro, I.",,"Ouro","Ouro","jbrj-public.s3-sa-east-1.amazonaws.com/fsi/server?type=image&source=DZI/spf/spf/0/17/74/65/spf00177465.dzi","São Roque de Minas","PARNA da Serra da Canastra"
"PARQUE NACIONAL SERRA DA CANASTRA","Angiosperms","Gentianaceae","Deianira","nervosa","Cham. & Schltdl.","GENTIANACEAE Deianira nervosa Cham. & Schltdl.","SPF00177470",,"SPF","Nakajima, J.N.","878","Unknown","1995","Cordeiro, I.",,"Ouro","Ouro","jbrj-public.s3-sa-east-1.amazonaws.com/fsi/server?type=image&source=DZI/spf/spf/0/17/74/70/spf00177470.dzi","São Roque de Minas","PARNA da Serra da Canastra"
"PARQUE NACIONAL SERRA DA CANASTRA","Angiosperms","Melastomataceae","Miconia","affinis","DC.","MELASTOMATACEAE Miconia affinis DC.","MBM259838",,"MBM","Romero, R.","2073","Native","1995","Romero, R.",,"Ouro","Ouro","jbrj-public.s3.amazonaws.com/fsi/server?type=image&source=DZI/mbm/mbm/0/25/98/38/mbm00259838.dzi","São Roque de Minas","Parque Nacional da Serra da Canastra, Cachoeira Casca da Anta"
"PARQUE NACIONAL SERRA DA CANASTRA","Angiosperms","Melastomataceae","Microlicia","isophylla","DC.","MELASTOMATACEAE Microlicia isophylla DC.","MBM259785",,"MBM","Romero, R.","1902","Native","1995","Romero, R.",,"Ouro","Ouro","jbrj-public.s3.amazonaws.com/fsi/server?type=image&source=DZI/mbm/mbm/0/25/97/85/mbm00259785.dzi","São Roque de Minas","Parque Nacional da Serra da Canastra"
"PARQUE NACIONAL SERRA DA CANASTRA","Angiosperms","Melastomataceae","Pleroma","frigidulum","(Schrank et Mart. ex DC.) Triana","MELASTOMATACEAE Pleroma frigidulum (Schrank et Mart. ex DC.) Triana","MBM259821",,"MBM","Romero, R.","1594","Native","1995","Romero, R.",,"Ouro","Ouro","jbrj-public.s3.amazonaws.com/fsi/server?type=image&source=DZI/mbm/mbm/0/25/98/21/mbm00259821.dzi","São Roque de Minas","Parque Nacional da Serra da Canastra, próximo a Guarita de Sacramento"
"PARQUE NACIONAL SERRA DA CANASTRA",,"Polygalaceae","Senega","minima","(Pohl ex A.W.Benn.) J.F.B.Pastore","POLYGALACEAE Senega minima (Pohl ex A.W.Benn.) J.F.B.Pastore","HUFU00036273",,"HUFU","Romero, R.","1873",,"1995","Pastore, J.F.B.","2024","Ouro","Ouro","jbrj-public.s3-sa-east-1.amazonaws.com/fsi/server?type=image&source=DZI/hufu/hufu/0/3/62/73/hufu00036273.dzi","Sacramento","Parque Nacional da Serra da Canastra"
"PARQUE NACIONAL SERRA DA CANASTRA","Angiosperms","Asteraceae","Bidens","brasiliensis","Sherff","ASTERACEAE Bidens brasiliensis Sherff","CEN00122053",,"CEN","Nakajima, J.N.","843","Native","1995","Bringel, J.B.","2018","Ouro","Ouro","jbrj-public.s3-sa-east-1.amazonaws.com/fsi/server?type=image&source=DZI/cen/cen/0/12/20/53/cen00122053.dzi","São Roque de Minas","Estrada do Chapadão Diamante, PARNA Serra da Canastra."
"PARQUE NACIONAL SERRA DA CANASTRA","Angiosperms","Asteraceae","Moquiniastrum","densicephalum","Cabrera) G. Sancho","ASTERACEAE Moquiniastrum densicephalum Cabrera) G. Sancho","HUFU00058498",,"HUFU","Nakajima, J.N.","1211","Native","1995","Nakajima, J.N.","2016","Ouro","Ouro","jbrj-public.s3-sa-east-1.amazonaws.com/fsi/server?type=image&source=DZI/hufu/hufu/0/5/84/98/hufu00058498.dzi","São Roque de Minas","Parque Nacional da Serra da Canastra ; Estrada para o Retiro de Pedras."
"PARQUE NACIONAL SERRA DA CANASTRA","Angiosperms","Melastomataceae","Miconia","inconspicua","Miq.","MELASTOMATACEAE Miconia inconspicua Miq.","US01917102",,"US","Romero, R.","2065","Native","1995",,"2016","Ouro","Ouro","jbrj-public.s3-sa-east-1.amazonaws.com/fsi/server?type=image&source=DZI/us/us/1/91/71/2/us01917102.dzi","São Roque de Minas","Guarita 3, Cachoeira Casca D´Anta, PARNA Serra da Canastra"
"PARQUE NACIONAL SERRA DA CANASTRA","Angiosperms","Melastomataceae","Siphanthera","gracillima","(Naudin) Wurdack","MELASTOMATACEAE Siphanthera gracillima (Naudin) Wurdack","US01900596",,"US","Romero, R.","1863","Native","1995",,"2016","Ouro","Ouro","jbrj-public.s3-sa-east-1.amazonaws.com/fsi/server?type=image&source=DZI/us/us/1/90/5/96/us01900596.dzi","Sacramento","Próximo a guarita de Sacramnento, PARNA Serra da Canastra."
"PARQUE NACIONAL SERRA DA CANASTRA","Angiosperms","Moraceae","Ficus","luschnathiana","(Miq.) Miq.","MORACEAE Ficus luschnathiana (Miq.) Miq.","HUFU00037238",,"HUFU","Nakajima, J.N.","971","Native","1995","Pederneiras, L.C.","2016","Ouro","Ouro","jbrj-public.s3-sa-east-1.amazonaws.com/fsi/server?type=image&source=DZI/hufu/hufu/0/3/72/38/hufu00037238.dzi","São Roque de Minas","Parque Nacional da Serra da Canastra"
"PARQUE NACIONAL SERRA DA CANASTRA","Angiosperms","Eriocaulaceae","Paepalanthus","falcatus","(Bong.) Körn.","ERIOCAULACEAE Paepalanthus falcatus (Bong.) Körn.","HUFU00050851",,"HUFU","Nakajima, J.N.","803","Native","1995","Echternacht, L.","2014","Ouro","Ouro","jbrj-public.s3-sa-east-1.amazonaws.com/fsi/server?type=image&source=DZI/hufu/hufu/0/5/8/51/hufu00050851.dzi","São Roque de Minas","Parque Nacional da Serra da Canastra ; Estrada São Roque de Minas - Sacramento, morro após a nascente do rio São Francisco."
"PARQUE NACIONAL SERRA DA CANASTRA","Angiosperms","Fabaceae","Mimosa","radula","Benth.","FABACEAE Mimosa radula Benth.","VIES011927",,"VIES","Nakajima, J.N.","1112","Native","1995","Dutra, V.F.","2012","Ouro","Ouro","jbrj-public.s3-sa-east-1.amazonaws.com/fsi/server?type=image&source=DZI/vies/vies/0/1/19/27/vies00011927.dzi","São Roque de Minas","Parque Nacional da Serra da Canastra."
"PARQUE NACIONAL SERRA DA CANASTRA","Angiosperms","Lamiaceae","Hyptis","marrubioides","Epling","LAMIACEAE Hyptis marrubioides Epling","HUFU00040050",,"HUFU","Romero, R.","1729","Native","1995","Harley, R.","2012","Ouro","Ouro","jbrj-public.s3-sa-east-1.amazonaws.com/fsi/server?type=image&source=DZI/hufu/hufu/0/4/0/50/hufu00040050.dzi","São Roque de Minas","Parque Nacional da Serra da Canastra"
"PARQUE NACIONAL SERRA DA CANASTRA","Angiosperms","Fabaceae","Chamaecrista","cathartica","(Mart.) H.S.Irwin & Barneby","FABACEAE Chamaecrista cathartica var. cathartica (Mart.) H.S.Irwin & Barneby","NY00979002",,"NY","Romero, R.","2007","Native","1995","Rando, J.G.","2010","Ouro","Ouro","jbrj-public.s3-sa-east-1.amazonaws.com/fsi/server?type=image&source=DZI/newyork/ny_/0/97/90/2/ny_00979002.dzi",,"Estrada da Serra das Sete Voltas, PARNA Serra da Canastra, Sacramento"
"PARQUE NACIONAL SERRA DA CANASTRA","Angiosperms","Amaranthaceae","Gomphrena","incana","Mart.","AMARANTHACEAE Gomphrena incana Mart.","HUFU00053366",,"HUFU","Nakajima, J.N.","1037","Native","1995","Marchioretto, M.S.","2009","Ouro","Ouro","jbrj-public.s3-sa-east-1.amazonaws.com/fsi/server?type=image&source=DZI/hufu/hufu/0/5/33/66/hufu00053366.dzi","São Roque de Minas","Parque Nacional da Serra da Canastra"
"PARQUE NACIONAL SERRA DA CANASTRA","Angiosperms","Amaranthaceae","Pfaffia","glabrata","Mart.","AMARANTHACEAE Pfaffia glabrata Mart.","HUFU00053286",,"HUFU","Romero, R.","2555","Native","1995","Marchioretto, M.S.","2009","Ouro","Ouro","jbrj-public.s3-sa-east-1.amazonaws.com/fsi/server?type=image&source=DZI/hufu/hufu/0/5/32/86/hufu00053286.dzi","São Roque de Minas","Parque Nacional da Serra da Canastra"
"PARQUE NACIONAL SERRA DA CANASTRA","Angiosperms","Fabaceae","Andira","humilis","Mart. ex Benth.","FABACEAE Andira humilis Mart. ex Benth.","HUFU00050234",,"HUFU","Romero, R.","2731","Native","1995","Garcia, F.C.P.","2006","Ouro","Ouro","jbrj-public.s3-sa-east-1.amazonaws.com/fsi/server?type=image&source=DZI/hufu/hufu/0/5/2/34/hufu00050234.dzi","São Roque de Minas","Parque Nacional da Serra da Canastra; Guarita de Sacramento."
"PARQUE NACIONAL SERRA DA CANASTRA","Angiosperms","Polygalaceae","Senega","herbiola","(A.St.-Hil. & Moq.) J.F.B.Pastore","POLYGALACEAE Senega herbiola var. herbiola (A.St.-Hil. & Moq.) J.F.B.Pastore","CEN00049259",,"CEN","Nakajima, J.N.","1016","Native","1995","Pastore, J.F.B.","2003","Ouro","Ouro","jbrj-public.s3.amazonaws.com/fsi/server?type=image&source=DZI/cen/cen/0/4/92/59/cen00049259.dzi","São Roque de Minas","Estrada São Roque - Sacramento, 3 km da sede administrativa, PARNA Serra da Canastra."
"PARQUE NACIONAL SERRA DA CANASTRA","Angiosperms","Myrtaceae","Myrcia",,"DC.","MYRTACEAE Myrcia DC.","HUFU00036435",,"HUFU","Romero, R.","1690","Native","1995","Kawasaki, M.L.","2002","Ouro","Ouro","jbrj-public.s3-sa-east-1.amazonaws.com/fsi/server?type=image&source=DZI/hufu/hufu/0/3/64/35/hufu00036435.dzi","São Roque de Minas","Parque Nacional da Serra da Canastra"
"PARQUE NACIONAL SERRA DA CANASTRA","Angiosperms","Myrtaceae","Myrcia","neoclusiifolia","A.R.Lourenço & E.Lucas","MYRTACEAE Myrcia neoclusiifolia A.R.Lourenço & E.Lucas","HUFU00037454",,"HUFU","Romero, R.","2080","Native","1995","Kawasaki, M.L.","2002","Ouro","Ouro","jbrj-public.s3-sa-east-1.amazonaws.com/fsi/server?type=image&source=DZI/hufu/hufu/0/3/74/54/hufu00037454.dzi","São Roque de Minas","Parque Nacional da Serra da Canastra"
"PARQUE NACIONAL SERRA DA CANASTRA","Angiosperms","Rubiaceae","Coussarea","contracta","(Walp.) Müll.Arg.","RUBIACEAE Coussarea contracta (Walp.) Müll.Arg.","HUFU00034796",,"HUFU","Nakajima, J.N.","1439","Native","1995","Zappi, D.","2002","Ouro","Ouro","jbrj-public.s3-sa-east-1.amazonaws.com/fsi/server?type=image&source=DZI/hufu/hufu/0/3/47/96/hufu00034796.dzi","São Roque de Minas","Parque Nacional da Serra da Canastra"
"PARQUE NACIONAL SERRA DA CANASTRA","Angiosperms","Rubiaceae","Psychotria","stachyoides","Benth.","RUBIACEAE Psychotria stachyoides Benth.","HUFU00035129",,"HUFU","Nakajima, J.N.","1435","Native","1995","Zappi, D.","2002","Ouro","Ouro","jbrj-public.s3-sa-east-1.amazonaws.com/fsi/server?type=image&source=DZI/hufu/hufu/0/3/51/29/hufu00035129.dzi","São Roque de Minas","Parque Nacional da Serra da Canastra"
"PARQUE NACIONAL SERRA DA CANASTRA","Angiosperms","Fabaceae","Betencourtia","gracillima","(Benth.) L.P.Queiroz","FABACEAE Betencourtia gracillima (Benth.) L.P.Queiroz","HUFU00040467",,"HUFU","Romero, R.","1687","Native","1995","Garcia, F.C.P.","2001","Ouro","Ouro","jbrj-public.s3-sa-east-1.amazonaws.com/fsi/server?type=image&source=DZI/hufu/hufu/0/4/4/67/hufu00040467.dzi","São Roque de Minas","Parque Nacional da Serra da Canastra"
"PARQUE NACIONAL SERRA DA CANASTRA","Angiosperms","Fabaceae","Crotalaria","pilosa","Mill.","FABACEAE Crotalaria pilosa Mill.","HUFU00040369",,"HUFU","Romero, R.","2281","Native","1995","Garcia, F.C.P.","2001","Ouro","Ouro","jbrj-public.s3-sa-east-1.amazonaws.com/fsi/server?type=image&source=DZI/hufu/hufu/0/4/3/69/hufu00040369.dzi","São Roque de Minas","Parque Nacional da Serra da Canastra"
"PARQUE NACIONAL SERRA DA CANASTRA","Angiosperms","Fabaceae","Dalbergia","miscolobium","Benth.","FABACEAE Dalbergia miscolobium Benth.","HUFU00040400",,"HUFU","Romero, R.","2048","Native","1995","Garcia, F.C.P.","2001","Ouro","Ouro","jbrj-public.s3-sa-east-1.amazonaws.com/fsi/server?type=image&source=DZI/hufu/hufu/0/4/4/0/hufu00040400.dzi","São Roque de Minas","Parque Nacional da Serra da Canastra"
"PARQUE NACIONAL SERRA DA CANASTRA","Angiosperms","Fabaceae","Eriosema","campestre","Benth.","FABACEAE Eriosema campestre Benth.","HUFU00040351",,"HUFU","Romero, R.","2769","Native","1995","Garcia, F.C.P.","2001","Ouro","Ouro","jbrj-public.s3-sa-east-1.amazonaws.com/fsi/server?type=image&source=DZI/hufu/hufu/0/4/3/51/hufu00040351.dzi","São Roque de Minas","Parque Nacional da Serra da Canastra"
"PARQUE NACIONAL SERRA DA CANASTRA","Angiosperms","Fabaceae","Galactia","martii","Burkart","FABACEAE Galactia martii var. acuta Burkart","HUFU00040526",,"HUFU","Romero, R.","2547","Native","1995","Garcia, F.C.P.","2001","Ouro","Ouro","jbrj-public.s3-sa-east-1.amazonaws.com/fsi/server?type=image&source=DZI/hufu/hufu/0/4/5/26/hufu00040526.dzi","São Roque de Minas","Parque Nacional da Serra da Canastra"
"PARQUE NACIONAL SERRA DA CANASTRA","Angiosperms","Fabaceae","Platycyamus","regnellii","Benth.","FABACEAE Platycyamus regnellii Benth.","HUFU00040683",,"HUFU","Romero, R.","2064","Native","1995","Garcia, F.C.P.","2001","Ouro","Ouro","jbrj-public.s3-sa-east-1.amazonaws.com/fsi/server?type=image&source=DZI/hufu/hufu/0/4/6/83/hufu00040683.dzi","São Roque de Minas","Parque Nacional da Serra da Canastra"
"PARQUE NACIONAL SERRA DA CANASTRA","Angiosperms","Violaceae","Viola","cerasifolia","A.St.-Hil.","VIOLACEAE Viola cerasifolia A.St.-Hil.","ESA062502",,"ESA","Romero, R.","2060","Native","1995","Souza, J.P.","1999","Ouro","Ouro","jbrj-public.s3-sa-east-1.amazonaws.com/fsi/server?type=image&source=DZI/esa/esa/0/6/25/2/esa00062502.dzi","São Roque de Minas","Parque Nacional da Serra da Canastra"
"PARQUE NACIONAL SERRA DA CANASTRA","Angiosperms","Asteraceae","Disynaphia","spathulata","(Hook. & Arn.) R.M.King & H.Rob.","ASTERACEAE Disynaphia spathulata (Hook. & Arn.) R.M.King & H.Rob.","HUFU00057738",,"HUFU","Romero, R.","2258","Native","1995","Nakajima, J.N.","1998","Ouro","Ouro","jbrj-public.s3-sa-east-1.amazonaws.com/fsi/server?type=image&source=DZI/hufu/hufu/0/5/77/38/hufu00057738.dzi","São Roque de Minas","Parque Nacional da Serra da Canastra ; Estrada S. Roque - Sacramento, Garagem de Pedras."
"PARQUE NACIONAL SERRA DA CANASTRA","Angiosperms","Asteraceae","Grazielia","intermedia","(DC.) R.M.King & H.Rob.","ASTERACEAE Grazielia intermedia (DC.) R.M.King & H.Rob.","US01642193",,"US","Romero, R.","2058","Native","1995","Nakajima, J.N.","1998","Ouro","Ouro","jbrj-public.s3-sa-east-1.amazonaws.com/fsi/server?type=image&source=DZI/us/us/1/64/21/93/us01642193.dzi","São Roque de Minas","Guarita 3, Cachoeira Casca D'Anta, PARNA Serra da Canastra."
"PARQUE NACIONAL SERRA DA CANASTRA","Angiosperms","Asteraceae","Lessingianthus","argyrophyllus","(Less.) H.Rob.","ASTERACEAE Lessingianthus argyrophyllus (Less.) H.Rob.","HUFU00058065",,"HUFU","Nakajima, J.N.","860","Native","1995","Nakajima, J.N.","1998","Ouro","Ouro","jbrj-public.s3-sa-east-1.amazonaws.com/fsi/server?type=image&source=DZI/hufu/hufu/0/5/80/65/hufu00058065.dzi","São Roque de Minas","Parque Nacional da Serra da Canastra ; Estrada para Sacramento, após a entrada para a cachoeira."
"PARQUE NACIONAL SERRA DA CANASTRA","Angiosperms","Asteraceae","Lessingianthus","compactiflorus","(Mart. ex Baker) H.Rob.","ASTERACEAE Lessingianthus compactiflorus (Mart. ex Baker) H.Rob.","HUFU00058095",,"HUFU","Romero, R.","1850","Native","1995","Nakajima, J.N.","1998","Ouro","Ouro","jbrj-public.s3-sa-east-1.amazonaws.com/fsi/server?type=image&source=DZI/hufu/hufu/0/5/80/95/hufu00058095.dzi","Sacramento","Parque Nacional da Serra da Canastra ; Próximo a guarita de Sacramento."
"PARQUE NACIONAL SERRA DA CANASTRA","Angiosperms","Asteraceae","Senecio","emiliopsis","C.Jeffrey","ASTERACEAE Senecio emiliopsis C.Jeffrey","HUFU00058655",,"HUFU","Nakajima, J.N.","825","Native","1995","Nakajima, J.N.","1998","Ouro","Ouro","jbrj-public.s3-sa-east-1.amazonaws.com/fsi/server?type=image&source=DZI/hufu/hufu/0/5/86/55/hufu00058655.dzi","São Roque de Minas","Parque Nacional da Serra da Canastra ; Estrada do Chapadão."
"PARQUE NACIONAL SERRA DA CANASTRA","Angiosperms","Bromeliaceae","Tillandsia","polystachia","(L.) L.","BROMELIACEAE Tillandsia polystachia (L.) L.","HUFU00051642",,"HUFU","Nakajima, J.N.","1354","Native","1995","Wanderley, M.G.L.","1998","Ouro","Ouro","jbrj-public.s3-sa-east-1.amazonaws.com/fsi/server?type=image&source=DZI/hufu/hufu/0/5/16/42/hufu00051642.dzi","São Roque de Minas","Parque Nacional da Serra da Canastra ; Morro atrás do centro de visitantes."
"PARQUE NACIONAL SERRA DA CANASTRA","Angiosperms","Primulaceae","Myrsine","guianensis","(Aubl.) Kuntze","PRIMULACEAE Myrsine guianensis (Aubl.) Kuntze","HUFU00037361",,"HUFU","Nakajima, J.N.","1186","Native","1995","Freitas, M.F.","1998","Ouro","Ouro","jbrj-public.s3-sa-east-1.amazonaws.com/fsi/server?type=image&source=DZI/hufu/hufu/0/3/73/61/hufu00037361.dzi","São Roque de Minas","Parque Nacional da Serra da Canastra"
"PARQUE NACIONAL SERRA DA CANASTRA","Angiosperms","Primulaceae","Myrsine","parvula","(Mez) Otegui","PRIMULACEAE Myrsine parvula (Mez) Otegui","HUFU00037378",,"HUFU","Nakajima, J.N.","1121","Native","1995","Freitas, M.F.","1998","Ouro","Ouro","jbrj-public.s3-sa-east-1.amazonaws.com/fsi/server?type=image&source=DZI/hufu/hufu/0/3/73/78/hufu00037378.dzi","São Roque de Minas","Parque Nacional da Serra da Canastra"
"PARQUE NACIONAL SERRA DA CANASTRA","Angiosperms","Aquifoliaceae","Ilex","asperula","Reissek","AQUIFOLIACEAE Ilex asperula Reissek","HUFU00052557",,"HUFU","Nakajima, J.N.","1345","Native","1995","Andrews, S.","1997","Ouro","Ouro","jbrj-public.s3-sa-east-1.amazonaws.com/fsi/server?type=image&source=DZI/hufu/hufu/0/5/25/57/hufu00052557.dzi","São Roque de Minas","Parque Nacional da Serra da Canastra ; Morro atrás do centro de visitantes."
"PARQUE NACIONAL SERRA DA CANASTRA",,"Aquifoliaceae","Ilex","brasiliensis","Loes.","AQUIFOLIACEAE Ilex brasiliensis Loes.","HUFU00052560",,"HUFU","Nakajima, J.N.","1356",,"1995","Andrews, S.","1997","Ouro","Ouro","jbrj-public.s3-sa-east-1.amazonaws.com/fsi/server?type=image&source=DZI/hufu/hufu/0/5/25/60/hufu00052560.dzi","São Roque de Minas","Parque Nacional da Serra da Canastra ; Morro atrás do centro de visitantes."
"PARQUE NACIONAL SERRA DA CANASTRA","Angiosperms","Bromeliaceae","Aechmea","distichantha","Lem.","BROMELIACEAE Aechmea distichantha Lem.","HUFU00052216",,"HUFU","Romero, R.","2419","Native","1995","Wanderley, M.G.L.","1997","Ouro","Ouro","jbrj-public.s3-sa-east-1.amazonaws.com/fsi/server?type=image&source=DZI/hufu/hufu/0/5/22/16/hufu00052216.dzi","São Roque de Minas","Parque Nacional da Serra da Canastra ; Estrada para Sacramento, cerca de 2km da sede administrativa."
"PARQUE NACIONAL SERRA DA CANASTRA","Angiosperms","Convolvulaceae","Distimake","tomentosus","(Choisy) Petrongari & Sim.-Bianch.","CONVOLVULACEAE Distimake tomentosus (Choisy) Petrongari & Sim.-Bianch.","HUFU00050999",,"HUFU","Romero, R.","2088","Native","1995","Simao-Bianchini, R.","1997","Ouro","Ouro","jbrj-public.s3-sa-east-1.amazonaws.com/fsi/server?type=image&source=DZI/hufu/hufu/0/5/9/99/hufu00050999.dzi","São Roque de Minas","Parque Nacional da Serra da Canastra ; Estrada São Roque de Minas."
"PARQUE NACIONAL SERRA DA CANASTRA","Angiosperms","Convolvulaceae","Ipomoea","procumbens","Mart. ex Choisy","CONVOLVULACEAE Ipomoea procumbens Mart. ex Choisy","HUFU00052174",,"HUFU","Nakajima, J.N.","869","Native","1995","Simao-Bianchini, R.","1997","Ouro","Ouro","jbrj-public.s3-sa-east-1.amazonaws.com/fsi/server?type=image&source=DZI/hufu/hufu/0/5/21/74/hufu00052174.dzi","São Roque de Minas","Parque Nacional da Serra da Canastra ; Estrada para Sacramento, após o Curral de Pedras."
"PARQUE NACIONAL SERRA DA CANASTRA","Angiosperms","Convolvulaceae","Jacquemontia","prostrata","Choisy","CONVOLVULACEAE Jacquemontia prostrata Choisy","HUFU00050956",,"HUFU","Romero, R.","1756","Native","1995","Simao-Bianchini, R.","1997","Ouro","Ouro","jbrj-public.s3-sa-east-1.amazonaws.com/fsi/server?type=image&source=DZI/hufu/hufu/0/5/9/56/hufu00050956.dzi","São Roque de Minas","Parque Nacional da Serra da Canastra ; Estrada São Roque de Minas - Sacramento, morro após o córrego dos Louros."
"PARQUE NACIONAL SERRA DA CANASTRA","Angiosperms","Cyperaceae","Scleria","aromatica","Core","CYPERACEAE Scleria aromatica Core","HUFU00051303",,"HUFU","Romero, R.","1752","Native","1995","Vitta, F.A.","1997","Ouro","Ouro","jbrj-public.s3-sa-east-1.amazonaws.com/fsi/server?type=image&source=DZI/hufu/hufu/0/5/13/3/hufu00051303.dzi","São Roque de Minas","Parque Nacional da Serra da Canastra ; Estrada São Roque - Sacramento."
"PARQUE NACIONAL SERRA DA CANASTRA","Angiosperms","Gentianaceae","Schultesia","guianensis","(Aubl.) Malme","GENTIANACEAE Schultesia guianensis (Aubl.) Malme","HUFU00039633",,"HUFU","Nakajima, J.N.","888","Native","1995","Cordeiro, I.","1997","Ouro","Ouro","jbrj-public.s3-sa-east-1.amazonaws.com/fsi/server?type=image&source=DZI/hufu/hufu/0/3/96/33/hufu00039633.dzi","São Roque de Minas","Parque Nacional da Serra da Canastra; Estrada para Sacramento, próximo ao córrego dos Passageiros."
"PARQUE NACIONAL SERRA DA CANASTRA","Angiosperms","Iridaceae","Pseudotrimezia","juncifolia","(Klatt) Lovo & A.Gil","IRIDACEAE Pseudotrimezia juncifolia (Klatt) Lovo & A.Gil","HUFU00039804",,"HUFU","Romero, R.","2165","Native","1995","Capellari Junior, L.","1997","Ouro","Ouro","jbrj-public.s3-sa-east-1.amazonaws.com/fsi/server?type=image&source=DZI/hufu/hufu/0/3/98/4/hufu00039804.dzi","Sacramento","Parque Nacional da Serra da Canastra; Estrada São Roque - Sacramento, 4km da sede administrativa."
"PARQUE NACIONAL SERRA DA CANASTRA","Angiosperms","Iridaceae","Sisyrinchium",,"L.","IRIDACEAE Sisyrinchium L.","HUFU00039831",,"HUFU","Romero, R.","2210","Native","1995","Capellari Junior, L.","1997","Ouro","Ouro","jbrj-public.s3-sa-east-1.amazonaws.com/fsi/server?type=image&source=DZI/hufu/hufu/0/3/98/31/hufu00039831.dzi","Sacramento","Parque Nacional da Serra da Canastra; Morro próximo do córrego dos Passageiros, vertente do córrego."
"PARQUE NACIONAL SERRA DA CANASTRA",,"Iridaceae","Sisyrinchium","vaginatum","Spreng.","IRIDACEAE Sisyrinchium vaginatum Spreng.","HUFU00039738",,"HUFU","Romero, R.","2184",,"1995","Capellari Junior, L.","1997","Ouro","Ouro","jbrj-public.s3-sa-east-1.amazonaws.com/fsi/server?type=image&source=DZI/hufu/hufu/0/3/97/38/hufu00039738.dzi","Sacramento","Parque Nacional da Serra da Canastra; Chapadão do Diamante."
"PARQUE NACIONAL SERRA DA CANASTRA","Angiosperms","Iridaceae","Trimezia","lutea","(Klatt) Foster","IRIDACEAE Trimezia lutea (Klatt) Foster","HUFU00039814",,"HUFU","Romero, R.","1743","Native","1995","Capellari Junior, L.","1997","Ouro","Ouro","jbrj-public.s3-sa-east-1.amazonaws.com/fsi/server?type=image&source=DZI/hufu/hufu/0/3/98/14/hufu00039814.dzi","São Roque de Minas","Parque Nacional da Serra da Canastra; Estrada São Roque - Sacramento."
"PARQUE NACIONAL SERRA DA CANASTRA","Angiosperms","Lamiaceae","Cantinoa","racemulosa","(Mart. ex Benth.) Harley & J.F.B.Pastore","LAMIACEAE Cantinoa racemulosa (Mart. ex Benth.) Harley & J.F.B.Pastore","HUFU00040055",,"HUFU","Romero, R.","2411","Native","1995","Harley, R.","1997","Ouro","Ouro","jbrj-public.s3-sa-east-1.amazonaws.com/fsi/server?type=image&source=DZI/hufu/hufu/0/4/0/55/hufu00040055.dzi","São Roque de Minas","Parque Nacional da Serra da Canastra"
"PARQUE NACIONAL SERRA DA CANASTRA","Angiosperms","Lamiaceae","Cyanocephalus","lippioides","(Pohl ex Benth.) Harley & J.F.B.Pastore","LAMIACEAE Cyanocephalus lippioides (Pohl ex Benth.) Harley & J.F.B.Pastore","HUFU00040038",,"HUFU","Romero, R.","2602","Native","1995","Harley, R.","1997","Ouro","Ouro","jbrj-public.s3-sa-east-1.amazonaws.com/fsi/server?type=image&source=DZI/hufu/hufu/0/4/0/38/hufu00040038.dzi","São Roque de Minas","Parque Nacional da Serra da Canastra"
"PARQUE NACIONAL SERRA DA CANASTRA","Angiosperms","Lamiaceae","Cyanocephalus","rugosus","(Benth.) Harley & J.F.B.Pastore","LAMIACEAE Cyanocephalus rugosus (Benth.) Harley & J.F.B.Pastore","HUFU00040065",,"HUFU","Romero, R.","2470","Native","1995","Harley, R.","1997","Ouro","Ouro","jbrj-public.s3-sa-east-1.amazonaws.com/fsi/server?type=image&source=DZI/hufu/hufu/0/4/0/65/hufu00040065.dzi","São Roque de Minas","Parque Nacional da Serra da Canastra"
"PARQUE NACIONAL SERRA DA CANASTRA","Angiosperms","Lamiaceae","Hypenia","macrantha","(A.St.-Hil. ex Benth.) Harley","LAMIACEAE Hypenia macrantha (A.St.-Hil. ex Benth.) Harley","HUFU00039868",,"HUFU","Nakajima, J.N.","835","Native","1995","Harley, R.","1997","Ouro","Ouro","jbrj-public.s3-sa-east-1.amazonaws.com/fsi/server?type=image&source=DZI/hufu/hufu/0/3/98/68/hufu00039868.dzi","São Roque de Minas","Parque Nacional da Serra da Canastra; Estrada do Chapadão Diamante."
"PARQUE NACIONAL SERRA DA CANASTRA","Angiosperms","Lamiaceae","Hyptis","passerina","Mart. ex Benth.","LAMIACEAE Hyptis passerina Mart. ex Benth.","HUFU00039938",,"HUFU","Nakajima, J.N.","1047","Native","1995","Harley, R.","1997","Ouro","Ouro","jbrj-public.s3-sa-east-1.amazonaws.com/fsi/server?type=image&source=DZI/hufu/hufu/0/3/99/38/hufu00039938.dzi","São Roque de Minas","Parque Nacional da Serra da Canastra; Cachoeira da Casca D'Anta"
"PARQUE NACIONAL SERRA DA CANASTRA","Angiosperms","Lamiaceae","Medusantha","crinita","(Benth.) Harley & J.F.B.Pastore","LAMIACEAE Medusantha crinita (Benth.) Harley & J.F.B.Pastore","HUFU00040032",,"HUFU","Nakajima, J.N.","1220","Native","1995","Harley, R.","1997","Ouro","Ouro","jbrj-public.s3-sa-east-1.amazonaws.com/fsi/server?type=image&source=DZI/hufu/hufu/0/4/0/32/hufu00040032.dzi","São Roque de Minas","Parque Nacional da Serra da Canastra"
"PARQUE NACIONAL SERRA DA CANASTRA","Angiosperms","Lamiaceae","Salvia","ovalifolia","A.St.-Hil. ex Benth.","LAMIACEAE Salvia ovalifolia var. ovalifolia A.St.-Hil. ex Benth.","HUFU00040105",,"HUFU","Romero, R.","2034","Native","1995","Harley, R.","1997","Ouro","Ouro","jbrj-public.s3-sa-east-1.amazonaws.com/fsi/server?type=image&source=DZI/hufu/hufu/0/4/1/5/hufu00040105.dzi","São Roque de Minas","Parque Nacional da Serra da Canastra"
"PARQUE NACIONAL SERRA DA CANASTRA","Angiosperms","Lauraceae","Aiouea","haussknechtii","(Mez) R.Rohde","LAURACEAE Aiouea haussknechtii (Mez) R.Rohde","HUFU00040206",,"HUFU","Romero, R.","1718","Native","1995","Baitello, J.B.","1997","Ouro","Ouro","jbrj-public.s3-sa-east-1.amazonaws.com/fsi/server?type=image&source=DZI/hufu/hufu/0/4/2/6/hufu00040206.dzi","São Roque de Minas","Parque Nacional da Serra da Canastra"
"PARQUE NACIONAL SERRA DA CANASTRA","Angiosperms","Lauraceae","Ocotea",,"Aubl.","LAURACEAE Ocotea Aubl.","HUFU00070235",,"HUFU","Nakajima, J.N.","1163","Native","1995","Baitello, J.B.","1997","Ouro","Ouro","jbrj-public.s3-sa-east-1.amazonaws.com/fsi/server?type=image&source=DZI/hufu/hufu/0/7/2/35/hufu00070235.dzi","São Roque de Minas","Parque Nacional da Serra da Canastra. Estrada São Roque de Minas - Sacramento. Guarita de Sacramento.. Afloramento rochoso."
"PARQUE NACIONAL SERRA DA CANASTRA","Angiosperms","Lauraceae","Ocotea","laxa","(Nees) Mez","LAURACEAE Ocotea laxa (Nees) Mez","HUFU00040244",,"HUFU","Romero, R.","2576","Native","1995","Baitello, J.B.","1997","Ouro","Ouro","jbrj-public.s3-sa-east-1.amazonaws.com/fsi/server?type=image&source=DZI/hufu/hufu/0/4/2/44/hufu00040244.dzi","São Roque de Minas","Parque Nacional da Serra da Canastra"
"PARQUE NACIONAL SERRA DA CANASTRA","Angiosperms","Lauraceae","Ocotea","velloziana","(Meisn.) Mez","LAURACEAE Ocotea velloziana (Meisn.) Mez","HUFU00040268",,"HUFU","Romero, R.","2497","Native","1995","Baitello, J.B.","1997","Ouro","Ouro","jbrj-public.s3-sa-east-1.amazonaws.com/fsi/server?type=image&source=DZI/hufu/hufu/0/4/2/68/hufu00040268.dzi","São Roque de Minas","Parque Nacional da Serra da Canastra"
"PARQUE NACIONAL SERRA DA CANASTRA","Angiosperms","Rubiaceae","Borreria","capitata","(Ruiz & Pav.) DC.","RUBIACEAE Borreria capitata (Ruiz & Pav.) DC.","HUFU00034725",,"HUFU","Nakajima, J.N.","1054","Native","1995","Zappi, D.","1997","Ouro","Ouro","jbrj-public.s3-sa-east-1.amazonaws.com/fsi/server?type=image&source=DZI/hufu/hufu/0/3/47/25/hufu00034725.dzi","São Roque de Minas","Parque Nacional da Serra da Canastra"
"PARQUE NACIONAL SERRA DA CANASTRA","Angiosperms","Rubiaceae","Borreria","latifolia","(Aubl.) K.Schum.","RUBIACEAE Borreria latifolia (Aubl.) K.Schum.","HUFU00034758",,"HUFU","Nakajima, J.N.","893","Native","1995","Zappi, D.","1997","Ouro","Ouro","jbrj-public.s3-sa-east-1.amazonaws.com/fsi/server?type=image&source=DZI/hufu/hufu/0/3/47/58/hufu00034758.dzi","São Roque de Minas","Parque Nacional da Serra da Canastra"
"PARQUE NACIONAL SERRA DA CANASTRA","Angiosperms","Rubiaceae","Borreria","tenella","(Kunth) Cham. & Schltdl.","RUBIACEAE Borreria tenella (Kunth) Cham. & Schltdl.","HUFU00034735",,"HUFU","Nakajima, J.N.","908","Native","1995","Zappi, D.","1997","Ouro","Ouro","jbrj-public.s3-sa-east-1.amazonaws.com/fsi/server?type=image&source=DZI/hufu/hufu/0/3/47/35/hufu00034735.dzi","São Roque de Minas","Parque Nacional da Serra da Canastra"
"PARQUE NACIONAL SERRA DA CANASTRA","Angiosperms","Rubiaceae","Borreria","tenera","DC.","RUBIACEAE Borreria tenera DC.","K001076149",,"K","Romero, R.","1872","Native","1995","Zappi, D.","1997","Ouro","Ouro","jbrj-public.s3-sa-east-1.amazonaws.com/fsi/server?type=image&source=DZI/kew/k/0/10/76/14/9/k001076149.dzi","Sacramento","Próximo a guarita de Sacramento, PARNA Serra da Canastra.."
"PARQUE NACIONAL SERRA DA CANASTRA","Angiosperms","Rubiaceae","Coccocypselum","aureum","(Spreng.) Cham. & Schltdl.","RUBIACEAE Coccocypselum aureum (Spreng.) Cham. & Schltdl.","HUFU00034814",,"HUFU","Nakajima, J.N.","900","Native","1995","Zappi, D.","1997","Ouro","Ouro","jbrj-public.s3-sa-east-1.amazonaws.com/fsi/server?type=image&source=DZI/hufu/hufu/0/3/48/14/hufu00034814.dzi","São Roque de Minas","Parque Nacional da Serra da Canastra"
"PARQUE NACIONAL SERRA DA CANASTRA","Angiosperms","Rubiaceae","Faramea","montevidensis","(Cham. & Schltdl.) DC.","RUBIACEAE Faramea montevidensis (Cham. & Schltdl.) DC.","HUFU00034962",,"HUFU","Nakajima, J.N.","972","Native","1995","Zappi, D.","1997","Ouro","Ouro","jbrj-public.s3-sa-east-1.amazonaws.com/fsi/server?type=image&source=DZI/hufu/hufu/0/3/49/62/hufu00034962.dzi","São Roque de Minas","Parque Nacional da Serra da Canastra"
"PARQUE NACIONAL SERRA DA CANASTRA","Angiosperms","Rubiaceae","Palicourea","rigida","Kunth","RUBIACEAE Palicourea rigida Kunth","HUFU00035035",,"HUFU","Nakajima, J.N.","849","Native","1995","Zappi, D.","1997","Ouro","Ouro","jbrj-public.s3-sa-east-1.amazonaws.com/fsi/server?type=image&source=DZI/hufu/hufu/0/3/50/35/hufu00035035.dzi","São Roque de Minas","Parque Nacional da Serra da Canastra"
"PARQUE NACIONAL SERRA DA CANASTRA","Angiosperms","Rubiaceae","Rudgea","sessilis","(Vell.) Müll.Arg.","RUBIACEAE Rudgea sessilis (Vell.) Müll.Arg.","K001200220",,"K","Romero, R.","2167","Native","1995","Zappi, D.","1997","Ouro","Ouro","jbrj-public.s3.amazonaws.com/fsi/server?type=image&source=DZI/kew/k/0/12/0/22/0/k001200220.dzi",,"Estrada São Roque de Minas - Sacramento; PARNA Serra da Canastra."
"PARQUE NACIONAL SERRA DA CANASTRA","Angiosperms","Rubiaceae","Sabicea","brasiliensis","Wernham","RUBIACEAE Sabicea brasiliensis Wernham","HUFU00035163",,"HUFU","Nakajima, J.N.","1034","Native","1995","Zappi, D.","1997","Ouro","Ouro","jbrj-public.s3-sa-east-1.amazonaws.com/fsi/server?type=image&source=DZI/hufu/hufu/0/3/51/63/hufu00035163.dzi","São Roque de Minas","Parque Nacional da Serra da Canastra"
"PARQUE NACIONAL SERRA DA CANASTRA","Angiosperms","Rubiaceae","Sipanea","pratensis","Aubl.","RUBIACEAE Sipanea pratensis Aubl.","HUFU00035178",,"HUFU","Nakajima, J.N.","1068","Native","1995","Zappi, D.","1997","Ouro","Ouro","jbrj-public.s3-sa-east-1.amazonaws.com/fsi/server?type=image&source=DZI/hufu/hufu/0/3/51/78/hufu00035178.dzi","São Roque de Minas","Parque Nacional da Serra da Canastra"
"PARQUE NACIONAL SERRA DA CANASTRA","Angiosperms","Campanulaceae","Siphocampylus","imbricatus","(Cham.) G.Don","CAMPANULACEAE Siphocampylus imbricatus (Cham.) G.Don","HUFU00051721",,"HUFU","Romero, R.","2694","Native","1995","Vieira, A.O.S.","1996","Ouro","Ouro","jbrj-public.s3-sa-east-1.amazonaws.com/fsi/server?type=image&source=DZI/hufu/hufu/0/5/17/21/hufu00051721.dzi","São Roque de Minas","Parque Nacional da Serra da Canastra ; Guarita de Sacramento."
"PARQUE NACIONAL SERRA DA CANASTRA","Angiosperms","Chrysobalanaceae","Parinari","obtusifolia","Hook.f.","CHRYSOBALANACEAE Parinari obtusifolia Hook.f.","HUFU00051891",,"HUFU","Romero, R.","2747","Native","1995","Prance, G.T.","1996","Ouro","Ouro","jbrj-public.s3-sa-east-1.amazonaws.com/fsi/server?type=image&source=DZI/hufu/hufu/0/5/18/91/hufu00051891.dzi","São Roque de Minas","Parque Nacional da Serra da Canastra ; 3km da Guarita de Sacramento."
"PARQUE NACIONAL SERRA DA CANASTRA","Angiosperms","Euphorbiaceae","Croton","megalocalyx","Müll.Arg.","EUPHORBIACEAE Croton megalocalyx Müll.Arg.","HUFU00050144",,"HUFU","Nakajima, J.N.","1159","Native","1995","Webster, G.L.","1996","Ouro","Ouro","jbrj-public.s3-sa-east-1.amazonaws.com/fsi/server?type=image&source=DZI/hufu/hufu/0/5/1/44/hufu00050144.dzi","São Roque de Minas","Parque Nacional da Serra da Canastra; Estrada São Roque de Minas - Sacramento. Guarita de Sacramento."
"PARQUE NACIONAL SERRA DA CANASTRA","Angiosperms","Fabaceae","Chamaecrista","nuda","(H.S.Irwin & Barneby) H.S.Irwin & Barneby","FABACEAE Chamaecrista nuda (H.S.Irwin & Barneby) H.S.Irwin & Barneby","HUFU00050603",,"HUFU","Romero, R.","1921","Native","1995","Barneby, R.","1996","Ouro","Ouro","jbrj-public.s3-sa-east-1.amazonaws.com/fsi/server?type=image&source=DZI/hufu/hufu/0/5/6/3/hufu00050603.dzi","São Roque de Minas","Parque Nacional da Serra da Canastra ; Morro próximo a sede administrativa."
"PARQUE NACIONAL SERRA DA CANASTRA","Angiosperms","Melastomataceae","Tibouchina",,"Aubl.","MELASTOMATACEAE Tibouchina Aubl.","US01906429",,"US","Romero, R.","2395","Native","1995","Romero, R.","1996","Ouro","Ouro","jbrj-public.s3-sa-east-1.amazonaws.com/fsi/server?type=image&source=DZI/us/us/1/90/64/29/us01906429.dzi","São Roque de Minas","3 km da sede administrativa, PARNA Serra da Canastra"
"PARQUE NACIONAL SERRA DA CANASTRA","Angiosperms","Onagraceae","Ludwigia","nervosa","(Poir.) H.Hara","ONAGRACEAE Ludwigia nervosa (Poir.) H.Hara","HUFU00035452",,"HUFU","Nakajima, J.N.","1312","Native","1995","Vieira, A.O.S.","1996","Ouro","Ouro","jbrj-public.s3-sa-east-1.amazonaws.com/fsi/server?type=image&source=DZI/hufu/hufu/0/3/54/52/hufu00035452.dzi","São Roque de Minas","Parque Nacional da Serra da Canastra"
"PARQUE NACIONAL SERRA DA CANASTRA","Angiosperms","Phyllanthaceae","Phyllanthus","rosellus","(Müll.Arg.) Müll.Arg.","PHYLLANTHACEAE Phyllanthus rosellus (Müll.Arg.) Müll.Arg.","HUFU00050301",,"HUFU","Nakajima, J.N.","989","Native","1995","Webster, G.L.","1996","Ouro","Ouro","jbrj-public.s3-sa-east-1.amazonaws.com/fsi/server?type=image&source=DZI/hufu/hufu/0/5/3/1/hufu00050301.dzi","São Roque de Minas","Parque Nacional da Serra da Canastra ; Estrada para Sacramento, morro próximo a sede administrativa."
"PARQUE NACIONAL SERRA DA CANASTRA","Angiosperms","Piperaceae","Peperomia","quadrifolia","(L.) Kunth","PIPERACEAE Peperomia quadrifolia (L.) Kunth","HUFU00035692",,"HUFU","Romero, R.","2310","Native","1995","Callejas, R.","1996","Ouro","Ouro","jbrj-public.s3-sa-east-1.amazonaws.com/fsi/server?type=image&source=DZI/hufu/hufu/0/3/56/92/hufu00035692.dzi","São Roque de Minas","Parque Nacional da Serra da Canastra"
"PARQUE NACIONAL SERRA DA CANASTRA","Angiosperms","Piperaceae","Peperomia","regelii","C.DC.","PIPERACEAE Peperomia regelii C.DC.","HUFU00035696",,"HUFU","Romero, R.","2436","Native","1995","Callejas, R.","1996","Ouro","Ouro","jbrj-public.s3-sa-east-1.amazonaws.com/fsi/server?type=image&source=DZI/hufu/hufu/0/3/56/96/hufu00035696.dzi","São Roque de Minas","Parque Nacional da Serra da Canastra"
"PARQUE NACIONAL SERRA DA CANASTRA","Angiosperms","Piperaceae","Peperomia","subrubricaulis","C.DC.","PIPERACEAE Peperomia subrubricaulis C.DC.","HUFU00035777",,"HUFU","Romero, R.","2356","Native","1995","Callejas, R.","1996","Ouro","Ouro","jbrj-public.s3-sa-east-1.amazonaws.com/fsi/server?type=image&source=DZI/hufu/hufu/0/3/57/77/hufu00035777.dzi","São Roque de Minas","Parque Nacional da Serra da Canastra"
"PARQUE NACIONAL SERRA DA CANASTRA","Angiosperms","Piperaceae","Peperomia","subrubrispica","C.DC.","PIPERACEAE Peperomia subrubrispica C.DC.","CEN00049317",,"CEN","Nakajima, J.N.","1011","Native","1995","Callejas, R.","1996","Ouro","Ouro","jbrj-public.s3.amazonaws.com/fsi/server?type=image&source=DZI/cen/cen/0/4/93/17/cen00049317.dzi","São Roque de Minas","Estrada São Roque - Sacramento, 3 km da sede administrativa, PARNA Serra da Canastra."
"PARQUE NACIONAL SERRA DA CANASTRA","Angiosperms","Piperaceae","Piper","glabratum","Kunth","PIPERACEAE Piper glabratum Kunth","HUFU00035750",,"HUFU","Nakajima, J.N.","1440","Native","1995","Callejas, R.","1996","Ouro","Ouro","jbrj-public.s3-sa-east-1.amazonaws.com/fsi/server?type=image&source=DZI/hufu/hufu/0/3/57/50/hufu00035750.dzi","São Roque de Minas","Parque Nacional da Serra da Canastra"
"PARQUE NACIONAL SERRA DA CANASTRA","Angiosperms","Piperaceae","Piper","malacophyllum","(C.Presl) C.DC.","PIPERACEAE Piper malacophyllum (C.Presl) C.DC.","HUFU00019884",,"HUFU","Nakajima, J.N.","1443","Native","1995","Callejas, R.","1996","Ouro","Ouro","jbrj-public.s3-sa-east-1.amazonaws.com/fsi/server?type=image&source=DZI/hufu/hufu/0/1/98/84/hufu00019884.dzi","São Roque de Minas","Parque Nacional da Serra da Canastra, Trilha da parte de baixo da Cachoeira Casca D'Anta. Interior de mata."
"PARQUE NACIONAL SERRA DA CANASTRA","Angiosperms","Poaceae","Trichanthecium","cyanescens","(Nees ex Trin.) Zuloaga & Morrone","POACEAE Trichanthecium cyanescens (Nees ex Trin.) Zuloaga & Morrone","IBGE00036465",,"IBGE","Nakajima, J.N.","845","Native","1995","Filgueiras, T.S.","1996","Ouro","Ouro","jbrj-public.s3-sa-east-1.amazonaws.com/fsi/server?type=image&source=DZI/ibge/ibge/0/3/64/65/ibge00036465.dzi","São Roque de Minas","CHAPADÃO DIAMANTE, PARNA, Serra da Canastra. Beira de estrada."
"PARQUE NACIONAL SERRA DA CANASTRA","Angiosperms","Solanaceae","Brunfelsia",,"L.","SOLANACEAE Brunfelsia L.","HUFU00034262",,"HUFU","Romero, R.","2054","Native","1995","Carvalho, L.A.F.","1996","Ouro","Ouro","jbrj-public.s3-sa-east-1.amazonaws.com/fsi/server?type=image&source=DZI/hufu/hufu/0/3/42/62/hufu00034262.dzi","São Roque de Minas","Parque Nacional da Serra da Canastra"
"PARQUE NACIONAL SERRA DA CANASTRA","Angiosperms","Solanaceae","Cestrum",,"L.","SOLANACEAE Cestrum L.","HUFU00034260",,"HUFU","Romero, R.","2319","Native","1995","Carvalho, L.A.F.","1996","Ouro","Ouro","jbrj-public.s3-sa-east-1.amazonaws.com/fsi/server?type=image&source=DZI/hufu/hufu/0/3/42/60/hufu00034260.dzi","São Roque de Minas","Parque Nacional da Serra da Canastra"
"PARQUE NACIONAL SERRA DA CANASTRA","Angiosperms","Solanaceae","Solanum","refractifolium","Sendtn.","SOLANACEAE Solanum refractifolium Sendtn.","HUFU00034225",,"HUFU","Romero, R.","2212","Native","1995","Carvalho, L.A.F.","1996","Ouro","Ouro","jbrj-public.s3-sa-east-1.amazonaws.com/fsi/server?type=image&source=DZI/hufu/hufu/0/3/42/25/hufu00034225.dzi","Sacramento","Parque Nacional da Serra da Canastra"
"PARQUE NACIONAL SERRA DA CANASTRA","Angiosperms","Solanaceae","Solanum","subumbellatum","Vell.","SOLANACEAE Solanum subumbellatum Vell.","HUFU00034241",,"HUFU","Romero, R.","1737","Native","1995","Carvalho, L.A.F.","1996","Ouro","Ouro","jbrj-public.s3-sa-east-1.amazonaws.com/fsi/server?type=image&source=DZI/hufu/hufu/0/3/42/41/hufu00034241.dzi","São Roque de Minas","Parque Nacional da Serra da Canastra"
"PARQUE NACIONAL SERRA DA CANASTRA","Angiosperms","Solanaceae","Solanum","swartzianum","Roem. & Schult.","SOLANACEAE Solanum swartzianum Roem. & Schult.","HUFU00034247",,"HUFU","Romero, R.","2553","Native","1995","Carvalho, L.F.","1996","Ouro","Ouro","jbrj-public.s3-sa-east-1.amazonaws.com/fsi/server?type=image&source=DZI/hufu/hufu/0/3/42/47/hufu00034247.dzi","São Roque de Minas","Parque Nacional da Serra da Canastra"
"PARQUE NACIONAL SERRA DA CANASTRA","Angiosperms","Vochysiaceae","Vochysia","tucanorum","Mart.","VOCHYSIACEAE Vochysia tucanorum Mart.","HUFU00033828",,"HUFU","Nakajima, J.N.","968","Native","1995","Yamamoto, K.","1996","Ouro","Ouro","jbrj-public.s3-sa-east-1.amazonaws.com/fsi/server?type=image&source=DZI/hufu/hufu/0/3/38/28/hufu00033828.dzi","São Roque de Minas","Parque Nacional da Serra da Canastra"
"PARQUE NACIONAL SERRA DA CANASTRA","Angiosperms","Xyridaceae","Xyris","asperula","Mart.","XYRIDACEAE Xyris asperula Mart.","HUFU00033955",,"HUFU","Nakajima, J.N.","955","Native","1995","Kral, R.","1996","Ouro","Ouro","jbrj-public.s3-sa-east-1.amazonaws.com/fsi/server?type=image&source=DZI/hufu/hufu/0/3/39/55/hufu00033955.dzi","São Roque de Minas","Parque Nacional da Serra da Canastra"
"PARQUE NACIONAL SERRA DA CANASTRA","Angiosperms","Xyridaceae","Xyris","minarum","Seub.","XYRIDACEAE Xyris minarum Seub.","HUFU00033365",,"HUFU","Nakajima, J.N.","826","Native","1995","Kral, R.","1996","Ouro","Ouro","jbrj-public.s3-sa-east-1.amazonaws.com/fsi/server?type=image&source=DZI/hufu/hufu/0/3/33/65/hufu00033365.dzi","São Roque de Minas","Parque Nacional da Serra da Canastra"
"PARQUE NACIONAL SERRA DA CANASTRA","Angiosperms","Xyridaceae","Xyris","tortula","Mart.","XYRIDACEAE Xyris tortula Mart.","HUFU00033373",,"HUFU","Nakajima, J.N.","1252","Native","1995","Kral, R.","1996","Ouro","Ouro","jbrj-public.s3-sa-east-1.amazonaws.com/fsi/server?type=image&source=DZI/hufu/hufu/0/3/33/73/hufu00033373.dzi","São Roque de Minas","Parque Nacional da Serra da Canastra"
"PARQUE NACIONAL SERRA DA CANASTRA","Angiosperms","Acanthaceae","Justicia","carnea","Lindl.","ACANTHACEAE Justicia carnea Lindl.","HUFU00053498",,"HUFU","Romero, R.","2552","Native","1995","Wasshausen, D.","1995","Ouro","Ouro","jbrj-public.s3-sa-east-1.amazonaws.com/fsi/server?type=image&source=DZI/hufu/hufu/0/5/34/98/hufu00053498.dzi","São Roque de Minas","Parque Nacional da Serra da Canastra"
"PARQUE NACIONAL SERRA DA CANASTRA","Angiosperms","Acanthaceae","Justicia","monticola","(Mart. ex Nees) Profice","ACANTHACEAE Justicia monticola (Mart. ex Nees) Profice","HUFU00053509",,"HUFU","Romero, R.","2514","Native","1995","Wasshausen, D.","1995","Ouro","Ouro","jbrj-public.s3-sa-east-1.amazonaws.com/fsi/server?type=image&source=DZI/hufu/hufu/0/5/35/9/hufu00053509.dzi","São Roque de Minas","Parque Nacional da Serra da Canastra"
"PARQUE NACIONAL SERRA DA CANASTRA","Angiosperms","Acanthaceae","Justicia","riparia","Kameyama","ACANTHACEAE Justicia riparia Kameyama","HUFU00053432",,"HUFU","Nakajima, J.N.","1430","Native","1995","Wasshausen, D.C.","1995","Ouro","Ouro","jbrj-public.s3-sa-east-1.amazonaws.com/fsi/server?type=image&source=DZI/hufu/hufu/0/5/34/32/hufu00053432.dzi","São Roque de Minas","Parque Nacional da Serra da Canastra"
"PARQUE NACIONAL SERRA DA CANASTRA","Angiosperms","Anacardiaceae","Anacardium","humile","A.St.-Hil.","ANACARDIACEAE Anacardium humile A.St.-Hil.","HUFU00053268",,"HUFU","Romero, R.","2745","Native","1995","Mitchell, J.D.","1995","Ouro","Ouro","jbrj-public.s3-sa-east-1.amazonaws.com/fsi/server?type=image&source=DZI/hufu/hufu/0/5/32/68/hufu00053268.dzi","São Roque de Minas","Parque Nacional da Serra da Canastra"
"PARQUE NACIONAL SERRA DA CANASTRA","Angiosperms","Anacardiaceae","Tapirira","obtusa","(Benth.) J.D.Mitch.","ANACARDIACEAE Tapirira obtusa (Benth.) J.D.Mitch.","HUFU00053205",,"HUFU","Nakajima, J.N.","1433","Native","1995","Mitchell, J.D.","1995","Ouro","Ouro","jbrj-public.s3-sa-east-1.amazonaws.com/fsi/server?type=image&source=DZI/hufu/hufu/0/5/32/5/hufu00053205.dzi","São Roque de Minas","Parque Nacional da Serra da Canastra"
"PARQUE NACIONAL SERRA DA CANASTRA","Angiosperms","Campanulaceae","Lobelia","camporum","Pohl","CAMPANULACEAE Lobelia camporum Pohl","HUFU00051702",,"HUFU","Romero, R.","1685","Native","1995","Vieira, A.O.S.","1995","Ouro","Ouro","jbrj-public.s3-sa-east-1.amazonaws.com/fsi/server?type=image&source=DZI/hufu/hufu/0/5/17/2/hufu00051702.dzi","São Roque de Minas","Parque Nacional da Serra da Canastra ; Estrada São Roque de Minas - Sacramento, 3km da sede administrativa."
"PARQUE NACIONAL SERRA DA CANASTRA","Angiosperms","Erythroxylaceae","Erythroxylum","suberosum","A.St.-Hil.","ERYTHROXYLACEAE Erythroxylum suberosum A.St.-Hil.","HUFU00040972",,"HUFU","Nakajima, J.N.","1376","Native","1995","Amaral Junior, A.","1995","Ouro","Ouro","jbrj-public.s3-sa-east-1.amazonaws.com/fsi/server?type=image&source=DZI/hufu/hufu/0/4/9/72/hufu00040972.dzi","São Roque de Minas","Parque Nacional da Serra da Canastra"
"PARQUE NACIONAL SERRA DA CANASTRA","Angiosperms","Fabaceae","Chamaecrista","cardiostegia","H.S.Irwin & Barneby","FABACEAE Chamaecrista cardiostegia H.S.Irwin & Barneby","HUFU00050428",,"HUFU","Nakajima, J.N.","1204","Native","1995","Barneby, R.","1995","Ouro","Ouro","jbrj-public.s3-sa-east-1.amazonaws.com/fsi/server?type=image&source=DZI/hufu/hufu/0/5/4/28/hufu00050428.dzi","São Roque de Minas","Parque Nacional da Serra da Canastra ; Guarita de Sacramento."
"PARQUE NACIONAL SERRA DA CANASTRA","Angiosperms","Fabaceae","Chamaecrista","desvauxii","(Kunth ex Vogel) H.S.Irwin & Barneby","FABACEAE Chamaecrista desvauxii var. langsdorffii (Kunth ex Vogel) H.S.Irwin & Barneby","HUFU00050540",,"HUFU","Romero, R.","1777","Native","1995","Barneby, R.","1995","Ouro","Ouro","jbrj-public.s3-sa-east-1.amazonaws.com/fsi/server?type=image&source=DZI/hufu/hufu/0/5/5/40/hufu00050540.dzi","São Roque de Minas","Parque Nacional da Serra da Canastra ; Cachoeira Casca D'Anta."
"PARQUE NACIONAL SERRA DA CANASTRA","Angiosperms","Fabaceae","Chamaecrista","linearifolia","(Ekman ex Harms) H.S.Irwin & Barneby","FABACEAE Chamaecrista linearifolia var. bradei (Ekman ex Harms) H.S.Irwin & Barneby","HUFU00050452",,"HUFU","Nakajima, J.N.","1276","Native","1995","Barneby, R.","1995","Ouro","Ouro","jbrj-public.s3-sa-east-1.amazonaws.com/fsi/server?type=image&source=DZI/hufu/hufu/0/5/4/52/hufu00050452.dzi","São Roque de Minas","Parque Nacional da Serra da Canastra ; Caminho para a Cachoeira Casca D'Anta."
"PARQUE NACIONAL SERRA DA CANASTRA","Angiosperms","Fabaceae","Chamaecrista","microsenna","(H.S.Irwin & Barneby) H.S.Irwin & Barneby","FABACEAE Chamaecrista microsenna (H.S.Irwin & Barneby) H.S.Irwin & Barneby","NY00960338",,"NY","Nakajima, J.N.","976","Native","1995","Barneby, R.C.","1995","Ouro","Ouro","jbrj-public.s3-sa-east-1.amazonaws.com/fsi/server?type=image&source=DZI/newyork/ny_/0/96/3/38/ny_00960338.dzi",,"Morro próximo a sede administrativa, PARNA Serra da Canastra."
"PARQUE NACIONAL SERRA DA CANASTRA","Angiosperms","Fabaceae","Chamaecrista","ochnacea","(H.S.Irwin & Barneby) H.S.Irwin & Barneby","FABACEAE Chamaecrista ochnacea var. speluncae (H.S.Irwin & Barneby) H.S.Irwin & Barneby","HUFU00050611",,"HUFU","Romero, R.","1774","Native","1995","Barneby, R.","1995","Ouro","Ouro","jbrj-public.s3-sa-east-1.amazonaws.com/fsi/server?type=image&source=DZI/hufu/hufu/0/5/6/11/hufu00050611.dzi","São Roque de Minas","Parque Nacional da Serra da Canastra ; Estrada para o Fundão."
"PARQUE NACIONAL SERRA DA CANASTRA","Bryophytes","Fabaceae","Chamaecrista","potentilla","(Mart. ex Benth.) H.S.Irwin & Barneby","FABACEAE Chamaecrista potentilla (Mart. ex Benth.) H.S.Irwin & Barneby","HUFU00050637",,"HUFU","Romero, R.","2502","Native","1995","Barneby, R.","1995","Ouro","Ouro","jbrj-public.s3-sa-east-1.amazonaws.com/fsi/server?type=image&source=DZI/hufu/hufu/0/5/6/37/hufu00050637.dzi","São Roque de Minas","Parque Nacional da Serra da Canastra ; Cachoeira Casca D'Anta. Parte de cima."
"PARQUE NACIONAL SERRA DA CANASTRA","Bryophytes","Fabaceae","Chamaecrista","trichopoda","(Benth.) Britton & Rose ex Britton & Killip","FABACEAE Chamaecrista trichopoda (Benth.) Britton & Rose ex Britton & Killip","HUFU00050656",,"HUFU","Romero, R.","2301","Native","1995","Barneby, R.","1995","Ouro","Ouro","jbrj-public.s3-sa-east-1.amazonaws.com/fsi/server?type=image&source=DZI/hufu/hufu/0/5/6/56/hufu00050656.dzi","São Roque de Minas","Parque Nacional da Serra da Canastra ; Estrada para a Cachoeira dos Rolinhos."
"PARQUE NACIONAL SERRA DA CANASTRA","Angiosperms","Fabaceae","Senna","rugosa","(G.Don) H.S.Irwin & Barneby","FABACEAE Senna rugosa (G.Don) H.S.Irwin & Barneby","HUFU00040684",,"HUFU","Nakajima, J.N.","1126","Native","1995","Barneby, R.","1995","Ouro","Ouro","jbrj-public.s3-sa-east-1.amazonaws.com/fsi/server?type=image&source=DZI/hufu/hufu/0/4/6/84/hufu00040684.dzi","São Roque de Minas","Parque Nacional da Serra da Canastra"
"PARQUE NACIONAL SERRA DA CANASTRA","Angiosperms","Lythraceae","Diplusodon","bradei","Pilg.","LYTHRACEAE Diplusodon bradei Pilg.","HUFU00039344",,"HUFU","Romero, R.","2509","Native","1995","Graham, S.A.","1995","Ouro","Ouro","jbrj-public.s3-sa-east-1.amazonaws.com/fsi/server?type=image&source=DZI/hufu/hufu/0/3/93/44/hufu00039344.dzi","São Roque de Minas","Parque Nacional da Serra da Canastra; Cachoeira Casca D'Anta. Parte de cima."
"PARQUE NACIONAL SERRA DA CANASTRA","Angiosperms","Malpighiaceae","Byrsonima",,"Rich. ex Kunth","MALPIGHIACEAE Byrsonima Rich. ex Kunth","HUFU00041218",,"HUFU","Nakajima, J.N.","922","Native","1995","Mamede, M.C.H.","1995","Ouro","Ouro","jbrj-public.s3-sa-east-1.amazonaws.com/fsi/server?type=image&source=DZI/hufu/hufu/0/4/12/18/hufu00041218.dzi","São Roque de Minas","Parque Nacional da Serra da Canastra"
"PARQUE NACIONAL SERRA DA CANASTRA",,"Melastomataceae","Chaetogastra","herbacea","(DC.) P.J.F.Guim. & Michelang.","MELASTOMATACEAE Chaetogastra herbacea (DC.) P.J.F.Guim. & Michelang.","HUFU00067708",,"HUFU","Romero, R.","2414",,"1995","Romero, R.","1995","Ouro","Ouro","jbrj-public.s3-sa-east-1.amazonaws.com/fsi/server?type=image&source=DZI/hufu/hufu/0/6/77/8/hufu00067708.dzi",,"Parque Nacional da Serra da Canastra; Nascente do rio S o Francisco.; Campo limpo."
"PARQUE NACIONAL SERRA DA CANASTRA","Angiosperms","Melastomataceae","Leandra","acutiflora","(Naudin) Cogn.","MELASTOMATACEAE Leandra acutiflora (Naudin) Cogn.","HUFU00037559",,"HUFU","Romero, R.","2168","Native","1995","Romero, R.","1995","Ouro","Ouro","jbrj-public.s3-sa-east-1.amazonaws.com/fsi/server?type=image&source=DZI/hufu/hufu/0/3/75/59/hufu00037559.dzi","Sacramento","Parque Nacional da Serra da Canastra; Estrada São Roque - Sacramento, 4km da sede administrativa."
"PARQUE NACIONAL SERRA DA CANASTRA","Angiosperms","Melastomataceae","Pleroma","oleifolium","(DC.) R. Romero & Versiane","MELASTOMATACEAE Pleroma oleifolium (DC.) R. Romero & Versiane","HUFU00038194",,"HUFU","Nakajima, J.N.","897","Native","1995","Romero, R.","1995","Ouro","Ouro","jbrj-public.s3-sa-east-1.amazonaws.com/fsi/server?type=image&source=DZI/hufu/hufu/0/3/81/94/hufu00038194.dzi","São Roque de Minas","Parque Nacional da Serra da Canastra; Estrada para Sacramento, próximo ao córrego dos Passageiros."
"PARQUE NACIONAL SERRA DA CANASTRA","Angiosperms","Nyctaginaceae","Guapira","areolata","(Heimerl) Lundell","NYCTAGINACEAE Guapira areolata (Heimerl) Lundell","HUFU00036886",,"HUFU","Nakajima, J.N.","1412","Native","1995","Furlan, A.","1995","Ouro","Ouro","jbrj-public.s3-sa-east-1.amazonaws.com/fsi/server?type=image&source=DZI/hufu/hufu/0/3/68/86/hufu00036886.dzi","São Roque de Minas","Parque Nacional da Serra da Canastra"
"PARQUE NACIONAL SERRA DA CANASTRA","Angiosperms","Ochnaceae","Sauvagesia","racemosa","A.St.-Hil.","OCHNACEAE Sauvagesia racemosa A.St.-Hil.","HUFU00035441",,"HUFU","Nakajima, J.N.","883","Native","1995","Yamamoto, K.","1995","Ouro","Ouro","jbrj-public.s3-sa-east-1.amazonaws.com/fsi/server?type=image&source=DZI/hufu/hufu/0/3/54/41/hufu00035441.dzi","São Roque de Minas","Parque Nacional da Serra da Canastra"
"PARQUE NACIONAL SERRA DA CANASTRA","Angiosperms","Piperaceae","Piper","arboreum","Aubl.","PIPERACEAE Piper arboreum Aubl.","HUFU00035745",,"HUFU","Romero, R.","2569","Native","1995","Callejas, R.","1995","Ouro","Ouro","jbrj-public.s3-sa-east-1.amazonaws.com/fsi/server?type=image&source=DZI/hufu/hufu/0/3/57/45/hufu00035745.dzi","São Roque de Minas","Parque Nacional da Serra da Canastra"
"PARQUE NACIONAL SERRA DA CANASTRA","Angiosperms","Piperaceae","Piper","crassinervium","Kunth","PIPERACEAE Piper crassinervium Kunth","HUFU00035751",,"HUFU","Nakajima, J.N.","1090","Native","1995","Callejas, R.","1995","Ouro","Ouro","jbrj-public.s3-sa-east-1.amazonaws.com/fsi/server?type=image&source=DZI/hufu/hufu/0/3/57/51/hufu00035751.dzi","São Roque de Minas","Parque Nacional da Serra da Canastra"
"PARQUE NACIONAL SERRA DA CANASTRA","Angiosperms","Simaroubaceae","Simarouba","amara","Aubl.","SIMAROUBACEAE Simarouba amara Aubl.","SPF00106153",,"SPF","Romero, R.","2525","Native","1995","Pirani, J.R.","1995","Ouro","Ouro","jbrj-public.s3-sa-east-1.amazonaws.com/fsi/server?type=image&source=DZI/spf/spf/0/10/61/53/spf00106153.dzi","São Roque de Minas","Parque Nacional da Serra da Canastra, Cachoeira da Casca D´Anta. Trilha para a guarita de baixo, encosta da chapada. Trasição campo rupestre e cerrado."
"PARQUE NACIONAL SERRA DA CANASTRA","Angiosperms","Apocynaceae","Mandevilla","velame","(A.St.-Hil.) Pichon","APOCYNACEAE Mandevilla velame (A.St.-Hil.) Pichon","SPF00092566",,"SPF","Giulietti, A.M.","CFCR13616","Native","1994","Rapini, A.","6/0","Ouro","Ouro","jbrj-public.s3-sa-east-1.amazonaws.com/fsi/server?type=image&source=DZI/spf/spf/0/9/25/66/spf00092566.dzi","São Roque de Minas","Parque Nacional da Serra da Canastra, Em afloramento rochoso."
"PARQUE NACIONAL SERRA DA CANASTRA","Angiosperms","Arecaceae","Allagoptera","leucocalyx","(Drude) Kuntze","ARECACEAE Allagoptera leucocalyx (Drude) Kuntze","NY00878061",,"NY","Romero, R.","1317","Native","1994","Henderson, A.J.",,"Ouro","Ouro","jbrj-public.s3-sa-east-1.amazonaws.com/fsi/server?type=image&source=DZI/newyork/ny_/0/87/80/61/ny_00878061.dzi",,"Próximo ao Curral de Pedras, estrada para Sacramento, PARNA Serra da Canastra."
"PARQUE NACIONAL SERRA DA CANASTRA","Angiosperms","Asteraceae","Acanthospermum","australe","(Loefl.) Kuntze","ASTERACEAE Acanthospermum australe (Loefl.) Kuntze","US01750326",,"US","Nakajima, J.N.","672","Native","1994",,,"Ouro","Ouro","jbrj-public.s3-sa-east-1.amazonaws.com/fsi/server?type=image&source=DZI/us/us/1/75/3/26/us01750326.dzi",,"3km da sede administrativa, Estrada para Sacramento, Parna Serra da Canastra, São Roque de Minas, Minas Gerais, Brasil"
"PARQUE NACIONAL SERRA DA CANASTRA","Angiosperms","Asteraceae","Ageratum","fastigiatum","(Gardner) R.M.King & H.Rob.","ASTERACEAE Ageratum fastigiatum (Gardner) R.M.King & H.Rob.","MO2273787",,"MO","Romero, R.","872","Native","1994","Nakajima, J.N.",,"Ouro","Ouro","jbrj-public.s3.amazonaws.com/fsi/server?type=image&source=DZI/missouri/mo/2/27/37/87/mo02273787.dzi",,"Morro próximo a sede administrativa, Parna Serra da Canastra, São Roque de Minas."
"PARQUE NACIONAL SERRA DA CANASTRA",,"Asteraceae","Aspilia","reflexa","Baker","ASTERACEAE Aspilia reflexa Baker","MO2273785",,"MO","Romero, R.","1438",,"1994","Nakajima, J.N.",,"Ouro","Ouro","jbrj-public.s3.amazonaws.com/fsi/server?type=image&source=DZI/missouri/mo/2/27/37/85/mo02273785.dzi",,"Próximo da guarita de Sacramento, Parna Serra da Canastra, Sacramento."
"PARQUE NACIONAL SERRA DA CANASTRA","Angiosperms","Menispermaceae","Cissampelos","ovalifolia","DC.","MENISPERMACEAE Cissampelos ovalifolia DC.","NY00897630",,"NY","Nakajima, J.N.","668","Native","1994","Barneby, R.C.",,"Ouro","Ouro","jbrj-public.s3-sa-east-1.amazonaws.com/fsi/server?type=image&source=DZI/newyork/ny_/0/89/76/30/ny_00897630.dzi",,"3 km da sede administrativa, estrada para Sacramento, PARNA Serra da Canastra."
"PARQUE NACIONAL SERRA DA CANASTRA","Angiosperms","Myrtaceae","Campomanesia","rufa","(O.Berg) Nied.","MYRTACEAE Campomanesia rufa (O.Berg) Nied.","SPF00092531",,"SPF","Giulietti, A.M.","CFCR13614","Native","1994","Sobral, M.","4/18","Ouro","Ouro","jbrj-public.s3-sa-east-1.amazonaws.com/fsi/server?type=image&source=DZI/spf/spf/0/9/25/31/spf00092531.dzi","São Roque de Minas","Parque Nacional da Serra da Canastra"
"PARQUE NACIONAL SERRA DA CANASTRA","Angiosperms","Fabaceae","Mimosa","decumbens","V.F. Dutra & F.C.P. Garcia","FABACEAE Mimosa decumbens V.F. Dutra & F.C.P. Garcia","VIES011937",,"VIES","Romero, R.","1421","Native","1994","Simon, M.","2017","Ouro","Ouro","jbrj-public.s3-sa-east-1.amazonaws.com/fsi/server?type=image&source=DZI/vies/vies/0/1/19/37/vies00011937.dzi","Sacramento","Parque Nacional da Serra da Canastra."
"PARQUE NACIONAL SERRA DA CANASTRA","Angiosperms","Asteraceae","Aldama","discolor","(Baker) E.E.Schill. & Panero","ASTERACEAE Aldama discolor (Baker) E.E.Schill. & Panero","HUFU00057072",,"HUFU","Romero, R.","1550","Native","1994","Nakajima, J.N.","2016","Ouro","Ouro","jbrj-public.s3-sa-east-1.amazonaws.com/fsi/server?type=image&source=DZI/hufu/hufu/0/5/70/72/hufu00057072.dzi","São Roque de Minas","Parque Nacional da Serra da Canastra ; Estrada para o Retiro de Pedras."
"PARQUE NACIONAL SERRA DA CANASTRA","Angiosperms","Asteraceae","Heterocondylus","lysimachioides","(Chodat) R.M.King & H.Rob.","ASTERACEAE Heterocondylus lysimachioides (Chodat) R.M.King & H.Rob.","HUFU00046385",,"HUFU","Nakajima, J.N.","346","Native","1994","Nakajima, J.N.","2016","Ouro","Ouro","jbrj-public.s3-sa-east-1.amazonaws.com/fsi/server?type=image&source=DZI/hufu/hufu/0/4/63/85/hufu00046385.dzi","São Roque de Minas","Parque Nacional da Serra da Canastra"
"PARQUE NACIONAL SERRA DA CANASTRA","Angiosperms","Euphorbiaceae",,,"Juss.","EUPHORBIACEAE Euphorbiaceae Juss.","HUFU00050067",,"HUFU","Nakajima, J.N.","194","Native","1994","Silva, O.L.M.","2014","Ouro","Ouro","jbrj-public.s3-sa-east-1.amazonaws.com/fsi/server?type=image&source=DZI/hufu/hufu/0/5/0/67/hufu00050067.dzi","São Roque de Minas","Parque Nacional da Serra da Canastra; Km 5 da estrada para Sacramento."
"PARQUE NACIONAL SERRA DA CANASTRA","Angiosperms","Fabaceae","Mimosa","hirsutissima","Mart.","FABACEAE Mimosa hirsutissima Mart.","HUFU00040569",,"HUFU","Nakajima, J.N.","627","Native","1994","Borges, L.M.","2012","Ouro","Ouro","jbrj-public.s3-sa-east-1.amazonaws.com/fsi/server?type=image&source=DZI/hufu/hufu/0/4/5/69/hufu00040569.dzi","São Roque de Minas","Parque Nacional da Serra da Canastra"
"PARQUE NACIONAL SERRA DA CANASTRA","Bryophytes","Fabaceae","Mimosa","semitonsa","(Barneby) T.P.Mendes & M.J.Silva","FABACEAE Mimosa semitonsa (Barneby) T.P.Mendes & M.J.Silva","VIES011915",,"VIES","Nakajima, J.N.","727","Native","1994","Dutra, V.F.","2012","Ouro","Ouro","jbrj-public.s3.amazonaws.com/fsi/server?type=image&source=DZI/vies/vies/0/1/19/15/vies00011915.dzi","São Roque de Minas","Parque Nacional da Serra da Canastra. Garagem de Pedras, estrada para Sacramento."
"PARQUE NACIONAL SERRA DA CANASTRA","Angiosperms","Amaranthaceae","Gomphrena","prostrata","Mart.","AMARANTHACEAE Gomphrena prostrata Mart.","HUFU00053318",,"HUFU","Nakajima, J.N.","502","Native","1994","Marchioretto, M.S.","2009","Ouro","Ouro","jbrj-public.s3-sa-east-1.amazonaws.com/fsi/server?type=image&source=DZI/hufu/hufu/0/5/33/18/hufu00053318.dzi","São Roque de Minas","Parque Nacional da Serra da Canastra"
"PARQUE NACIONAL SERRA DA CANASTRA","Angiosperms","Melastomataceae","Microlicia","inquinans","Naudin","MELASTOMATACEAE Microlicia inquinans Naudin","US01897000",,"US","Nakajima, J.N.","312","Native","1994","Romero, R.","2003","Ouro","Ouro","jbrj-public.s3-sa-east-1.amazonaws.com/fsi/server?type=image&source=DZI/us/us/1/89/70/0/us01897000.dzi","São Roque de Minas","Estrada para Sacramento, 25 km da sede administrativa, PARNA Serra da Canastra, próximo ao rio"
"PARQUE NACIONAL SERRA DA CANASTRA","Angiosperms","Myrtaceae","Campomanesia","guazumifolia","(Cambess.) O.Berg","MYRTACEAE Campomanesia guazumifolia (Cambess.) O.Berg","HUFU00037602",,"HUFU","Romero, R.","1330","Native","1994","Kawasaki, M.L.","2002","Ouro","Ouro","jbrj-public.s3-sa-east-1.amazonaws.com/fsi/server?type=image&source=DZI/hufu/hufu/0/3/76/2/hufu00037602.dzi","São Roque de Minas","Parque Nacional da Serra da Canastra; Estrada São Roqeu de Minas - Sacramento, 2km após o curral de pedras."
"PARQUE NACIONAL SERRA DA CANASTRA","Angiosperms","Fabaceae","Clitoria","guianensis","(Aubl.) Benth.","FABACEAE Clitoria guianensis (Aubl.) Benth.","HUFU00040331",,"HUFU","Romero, R.","1254","Native","1994","Garcia, F.C.P.","2001","Ouro","Ouro","jbrj-public.s3-sa-east-1.amazonaws.com/fsi/server?type=image&source=DZI/hufu/hufu/0/4/3/31/hufu00040331.dzi","São Roque de Minas","Parque Nacional da Serra da Canastra"
"PARQUE NACIONAL SERRA DA CANASTRA","Angiosperms","Fabaceae","Machaerium","villosum","Vogel","FABACEAE Machaerium villosum Vogel","HUFU00040449",,"HUFU","Nakajima, J.N.","580","Native","1994","Garcia, F.C.P.","2001","Ouro","Ouro","jbrj-public.s3-sa-east-1.amazonaws.com/fsi/server?type=image&source=DZI/hufu/hufu/0/4/4/49/hufu00040449.dzi","São Roque de Minas","Parque Nacional da Serra da Canastra"
"PARQUE NACIONAL SERRA DA CANASTRA","Angiosperms","Fabaceae","Pterogyne","nitens","Tul.","FABACEAE Pterogyne nitens Tul.","HUFU00040674",,"HUFU","Nakajima, J.N.","623","Native","1994","Garcia, F.C.P.","2001","Ouro","Ouro","jbrj-public.s3-sa-east-1.amazonaws.com/fsi/server?type=image&source=DZI/hufu/hufu/0/4/6/74/hufu00040674.dzi","São Roque de Minas","Parque Nacional da Serra da Canastra"
"PARQUE NACIONAL SERRA DA CANASTRA","Angiosperms","Melastomataceae","Microlicia","hirsuta","(DC.) R.Romero, Versiane & Woodgyer","MELASTOMATACEAE Microlicia hirsuta (DC.) R.Romero, Versiane & Woodgyer","UPCB0019138",,"UPCB","Nakajima, J.N.","356","Native","1994","Romero, R.","2001","Ouro","Ouro","jbrj-public.s3.amazonaws.com/fsi/server?type=image&source=DZI/upcb/upcb/0/1/91/38/upcb00019138.dzi","São Roque de Minas","Parque Nacional da Serra da Canastra, próximo à guarita de Sacramento."
"PARQUE NACIONAL SERRA DA CANASTRA","Angiosperms","Asteraceae","Symphyopappus","cuneatus","(DC.) Sch.Bip. ex Baker","ASTERACEAE Symphyopappus cuneatus (DC.) Sch.Bip. ex Baker","HUFU00072333",,"HUFU","Giulietti, A.M.","13610","Native","1994","Nakajima, J.N.","2000","Ouro","Ouro","jbrj-public.s3-sa-east-1.amazonaws.com/fsi/server?type=image&source=DZI/hufu/hufu/0/7/23/33/hufu00072333.dzi","São Roque de Minas","Arredores do Parque Nacional da Serra da Canastra.."
"PARQUE NACIONAL SERRA DA CANASTRA","Angiosperms","Asteraceae","Aspilia","reflexa","(Sch.Bip. ex Baker) Baker","ASTERACEAE Aspilia reflexa (Sch.Bip. ex Baker) Baker","HUFU00057148",,"HUFU","Romero, R.","1438","Native","1994","Nakajima, J.N.","1998","Ouro","Ouro","jbrj-public.s3-sa-east-1.amazonaws.com/fsi/server?type=image&source=DZI/hufu/hufu/0/5/71/48/hufu00057148.dzi","São Roque de Minas","Parque Nacional da Serra da Canastra ; Guarita de Sacramento."
"PARQUE NACIONAL SERRA DA CANASTRA","Angiosperms","Asteraceae","Elephantopus","micropappus","Less.","ASTERACEAE Elephantopus micropappus Less.","HUFU00057773",,"HUFU","Romero, R.","931","Native","1994","Nakajima, J.N.","1998","Ouro","Ouro","jbrj-public.s3-sa-east-1.amazonaws.com/fsi/server?type=image&source=DZI/hufu/hufu/0/5/77/73/hufu00057773.dzi","São Roque de Minas","Parque Nacional da Serra da Canastra"
"PARQUE NACIONAL SERRA DA CANASTRA","Angiosperms","Primulaceae","Myrsine",,"L.","PRIMULACEAE Myrsine L.","HUFU00037373",,"HUFU","Nakajima, J.N.","776","Native","1994","Freitas, M.F.","1998","Ouro","Ouro","jbrj-public.s3-sa-east-1.amazonaws.com/fsi/server?type=image&source=DZI/hufu/hufu/0/3/73/73/hufu00037373.dzi","São Roque de Minas","Parque Nacional da Serra da Canastra"
"PARQUE NACIONAL SERRA DA CANASTRA","Angiosperms","Aquifoliaceae","Ilex","chamaedryfolia","Reissek","AQUIFOLIACEAE Ilex chamaedryfolia Reissek","HUFU00052575",,"HUFU","Nakajima, J.N.","634","Native","1994","Andrews, S.","1997","Ouro","Ouro","jbrj-public.s3-sa-east-1.amazonaws.com/fsi/server?type=image&source=DZI/hufu/hufu/0/5/25/75/hufu00052575.dzi","São Roque de Minas","Parque Nacional da Serra da Canastra ; Morro próximo a sede administrativa."
"PARQUE NACIONAL SERRA DA CANASTRA","Angiosperms","Convolvulaceae","Evolvulus","aurigenius","Mart.","CONVOLVULACEAE Evolvulus aurigenius Mart.","HUFU00052114",,"HUFU","Nakajima, J.N.","744","Native","1994","Simao-Bianchini, R.","1997","Ouro","Ouro","jbrj-public.s3-sa-east-1.amazonaws.com/fsi/server?type=image&source=DZI/hufu/hufu/0/5/21/14/hufu00052114.dzi","São Roque de Minas","Parque Nacional da Serra da Canastra ; Estrada São Roque de Minas - Sacramento. Cerca de 32km da sede administrativa."
"PARQUE NACIONAL SERRA DA CANASTRA","Angiosperms","Convolvulaceae","Ipomoea","argentea","Meisn.","CONVOLVULACEAE Ipomoea argentea Meisn.","SPF00092541",,"SPF","Giulietti, A.M.","CFCR13609","Native","1994","Simao-Bianchini, R.","1997","Ouro","Ouro","jbrj-public.s3-sa-east-1.amazonaws.com/fsi/server?type=image&source=DZI/spf/spf/0/9/25/41/spf00092541.dzi","São Roque de Minas","Parque Nacional da Serra da Canastra"
"PARQUE NACIONAL SERRA DA CANASTRA",,"Iridaceae","Sisyrinchium","incurvatum","Gardner","IRIDACEAE Sisyrinchium incurvatum Gardner","HUFU00039821",,"HUFU","Romero, R.","890",,"1994","Capellari Junior, L.","1997","Ouro","Ouro","jbrj-public.s3-sa-east-1.amazonaws.com/fsi/server?type=image&source=DZI/hufu/hufu/0/3/98/21/hufu00039821.dzi","São Roque de Minas","Parque Nacional da Serra da Canastra; Beira da estrada."
"PARQUE NACIONAL SERRA DA CANASTRA",,"Iridaceae","Sisyrinchium","wettsteinii","Hand.-Mazz.","IRIDACEAE Sisyrinchium wettsteinii Hand.-Mazz.","HUFU00039753",,"HUFU","Romero, R.","1474",,"1994","Capellari Junior, L.","1997","Ouro","Ouro","jbrj-public.s3-sa-east-1.amazonaws.com/fsi/server?type=image&source=DZI/hufu/hufu/0/3/97/53/hufu00039753.dzi","São Roque de Minas","Parque Nacional da Serra da Canastra; Guarita de Sacramento."
"PARQUE NACIONAL SERRA DA CANASTRA","Angiosperms","Lamiaceae","Cantinoa","plectranthoides","(Benth.) Harley & J.F.B.Pastore","LAMIACEAE Cantinoa plectranthoides (Benth.) Harley & J.F.B.Pastore","HUFU00039964",,"HUFU","Nakajima, J.N.","674","Native","1994","Harley, R.","1997","Ouro","Ouro","jbrj-public.s3-sa-east-1.amazonaws.com/fsi/server?type=image&source=DZI/hufu/hufu/0/3/99/64/hufu00039964.dzi","São Roque de Minas","Parque Nacional da Serra da Canastra; 3km da sede administrativa."
"PARQUE NACIONAL SERRA DA CANASTRA","Angiosperms","Lamiaceae","Cantinoa","subrotunda","(Pohl ex Benth.) Harley & J.F.B.Pastore","LAMIACEAE Cantinoa subrotunda (Pohl ex Benth.) Harley & J.F.B.Pastore","HUFU00039992",,"HUFU","Nakajima, J.N.","317","Native","1994","Harley, R.","1997","Ouro","Ouro","jbrj-public.s3-sa-east-1.amazonaws.com/fsi/server?type=image&source=DZI/hufu/hufu/0/3/99/92/hufu00039992.dzi","São Roque de Minas","Parque Nacional da Serra da Canastra; 25km da sede. Próximo ao rio."
"PARQUE NACIONAL SERRA DA CANASTRA","Angiosperms","Lamiaceae","Gymneia","virgata","(Benth.) Harley & J.F.B.Pastore","LAMIACEAE Gymneia virgata (Benth.) Harley & J.F.B.Pastore","HUFU00039993",,"HUFU","Romero, R.","1376","Native","1994","Harley, R.","1997","Ouro","Ouro","jbrj-public.s3-sa-east-1.amazonaws.com/fsi/server?type=image&source=DZI/hufu/hufu/0/3/99/93/hufu00039993.dzi","São Roque de Minas","Parque Nacional da Serra da Canastra; Estrada São Roque de Minas - Sacramento. Próximo ao posto de observação."
"PARQUE NACIONAL SERRA DA CANASTRA","Angiosperms","Lamiaceae","Hyptis","orbiculata","Pohl ex Benth.","LAMIACEAE Hyptis orbiculata Pohl ex Benth.","HUFU00040076",,"HUFU","Romero, R.","979","Native","1994","Harley, R.","1997","Ouro","Ouro","jbrj-public.s3-sa-east-1.amazonaws.com/fsi/server?type=image&source=DZI/hufu/hufu/0/4/0/76/hufu00040076.dzi","São Roque de Minas","Parque Nacional da Serra da Canastra"
"PARQUE NACIONAL SERRA DA CANASTRA","Angiosperms","Lamiaceae","Hyptis","rotundifolia","Benth.","LAMIACEAE Hyptis rotundifolia Benth.","HUFU00040060",,"HUFU","Romero, R.","1037","Native","1994","Harley, R.","1997","Ouro","Ouro","jbrj-public.s3-sa-east-1.amazonaws.com/fsi/server?type=image&source=DZI/hufu/hufu/0/4/0/60/hufu00040060.dzi","São Roque de Minas","Parque Nacional da Serra da Canastra"
"PARQUE NACIONAL SERRA DA CANASTRA","Angiosperms","Lauraceae","Aiouea","sellowiana","(Nees & Mart.) R.Rohde","LAURACEAE Aiouea sellowiana (Nees & Mart.) R.Rohde","HUFU00040224",,"HUFU","Nakajima, J.N.","785","Native","1994","Baitello, J.B.","1997","Ouro","Ouro","jbrj-public.s3-sa-east-1.amazonaws.com/fsi/server?type=image&source=DZI/hufu/hufu/0/4/2/24/hufu00040224.dzi","São Roque de Minas","Parque Nacional da Serra da Canastra"
"PARQUE NACIONAL SERRA DA CANASTRA","Angiosperms","Lauraceae","Ocotea","aciphylla","(Nees & Mart.) Mez","LAURACEAE Ocotea aciphylla (Nees & Mart.) Mez","HUFU00040201",,"HUFU","Romero, R.","1278","Native","1994","Baitello, J.B.","1997","Ouro","Ouro","jbrj-public.s3-sa-east-1.amazonaws.com/fsi/server?type=image&source=DZI/hufu/hufu/0/4/2/1/hufu00040201.dzi","São Roque de Minas","Parque Nacional da Serra da Canastra"
"PARQUE NACIONAL SERRA DA CANASTRA","Angiosperms","Lauraceae","Ocotea","lancifolia","(Schott) Mez","LAURACEAE Ocotea lancifolia (Schott) Mez","HUFU00040241",,"HUFU","Nakajima, J.N.","542","Native","1994","Baitello, J.B.","1997","Ouro","Ouro","jbrj-public.s3-sa-east-1.amazonaws.com/fsi/server?type=image&source=DZI/hufu/hufu/0/4/2/41/hufu00040241.dzi","São Roque de Minas","Parque Nacional da Serra da Canastra"
"PARQUE NACIONAL SERRA DA CANASTRA","Angiosperms","Lauraceae","Ocotea","odorifera","(Vell.) Rohwer","LAURACEAE Ocotea odorifera (Vell.) Rohwer","HUFU00040270",,"HUFU","Nakajima, J.N.","593","Native","1994","Baitello, J.B.","1997","Ouro","Ouro","jbrj-public.s3-sa-east-1.amazonaws.com/fsi/server?type=image&source=DZI/hufu/hufu/0/4/2/70/hufu00040270.dzi","São Roque de Minas","Parque Nacional da Serra da Canastra"
"PARQUE NACIONAL SERRA DA CANASTRA","Angiosperms","Lauraceae","Ocotea","pulchella","(Nees & Mart.) Mez","LAURACEAE Ocotea pulchella (Nees & Mart.) Mez","HUFU00040271",,"HUFU","Nakajima, J.N.","761","Native","1994","Baitello, J.B.","1997","Ouro","Ouro","jbrj-public.s3-sa-east-1.amazonaws.com/fsi/server?type=image&source=DZI/hufu/hufu/0/4/2/71/hufu00040271.dzi","São Roque de Minas","Parque Nacional da Serra da Canastra"
"PARQUE NACIONAL SERRA DA CANASTRA","Angiosperms","Rubiaceae","Declieuxia","fruticosa","(Willd. ex Roem. & Schult.) Kuntze","RUBIACEAE Declieuxia fruticosa (Willd. ex Roem. & Schult.) Kuntze","HUFU00034907",,"HUFU","Nakajima, J.N.","311","Native","1994","Zappi, D.","1997","Ouro","Ouro","jbrj-public.s3-sa-east-1.amazonaws.com/fsi/server?type=image&source=DZI/hufu/hufu/0/3/49/7/hufu00034907.dzi","São Roque de Minas","Parque Nacional da Serra da Canastra"
"PARQUE NACIONAL SERRA DA CANASTRA","Angiosperms","Rubiaceae","Palicourea","hoffmannseggiana","(Roem. & Schult.) Borhidi","RUBIACEAE Palicourea hoffmannseggiana (Roem. & Schult.) Borhidi","HUFU00035075",,"HUFU","Nakajima, J.N.","546","Native","1994","Zappi, D.","1997","Ouro","Ouro","jbrj-public.s3-sa-east-1.amazonaws.com/fsi/server?type=image&source=DZI/hufu/hufu/0/3/50/75/hufu00035075.dzi","São Roque de Minas","Parque Nacional da Serra da Canastra"
"PARQUE NACIONAL SERRA DA CANASTRA","Angiosperms","Velloziaceae","Barbacenia","flavida","Goethart & Henrard","VELLOZIACEAE Barbacenia flavida Goethart & Henrard","HUFU00034403",,"HUFU","Nakajima, J.N.","760",,"1994","Mello-Silva, R.","1997","Ouro","Ouro","jbrj-public.s3-sa-east-1.amazonaws.com/fsi/server?type=image&source=DZI/hufu/hufu/0/3/44/3/hufu00034403.dzi","São Roque de Minas","Parque Nacional da Serra da Canastra"
"PARQUE NACIONAL SERRA DA CANASTRA","Angiosperms","Velloziaceae","Barbacenia",,"Vand.","VELLOZIACEAE Barbacenia Vand.","HUFU00034438",,"HUFU","Nakajima, J.N.","148","Native","1994","Mello-Silva, R.","1997","Ouro","Ouro","jbrj-public.s3-sa-east-1.amazonaws.com/fsi/server?type=image&source=DZI/hufu/hufu/0/3/44/38/hufu00034438.dzi","São Roque de Minas","Parque Nacional da Serra da Canastra"
"PARQUE NACIONAL SERRA DA CANASTRA","Angiosperms","Cunoniaceae","Lamanonia","ternata","Vell.","CUNONIACEAE Lamanonia ternata Vell.","HUFU00051052",,"HUFU","Nakajima, J.N.","619","Native","1994","Zickel, C.S.","1996","Ouro","Ouro","jbrj-public.s3-sa-east-1.amazonaws.com/fsi/server?type=image&source=DZI/hufu/hufu/0/5/10/52/hufu00051052.dzi","São Roque de Minas","Parque Nacional da Serra da Canastra ; Estrada Vargem Bonita - Barreiro."
"PARQUE NACIONAL SERRA DA CANASTRA","Angiosperms","Poaceae","Anthaenantiopsis","perforata","(Nees) Parodi","POACEAE Anthaenantiopsis perforata (Nees) Parodi","IBGE00036425",,"IBGE","Romero, R.","1485","Native","1994","Filgueiras, T.S.","1996","Ouro","Ouro","jbrj-public.s3-sa-east-1.amazonaws.com/fsi/server?type=image&source=DZI/ibge/ibge/0/3/64/25/ibge00036425.dzi","São Roque de Minas","12 Km da Sede Administrativa, estrada para Sacramento, nascente do córrego do Quilombo, PARNA Serra da Canastra. Folha SF-23-V-B Coordenada calculada."
"PARQUE NACIONAL SERRA DA CANASTRA","Angiosperms","Poaceae","Aristida","jubata","(Arechav.) Herter","POACEAE Aristida jubata (Arechav.) Herter","IBGE00036489",,"IBGE","Romero, R.","1326","Native","1994","Filgueiras, T.S.","1996","Ouro","Ouro","jbrj-public.s3-sa-east-1.amazonaws.com/fsi/server?type=image&source=DZI/ibge/ibge/0/3/64/89/ibge00036489.dzi","São Roque de Minas","2 Km após o Curral das Pedras, estrada para Sacramento, PARNA Serra da Canastra, São Roque de Minas; folha SF-23-V-B."
"PARQUE NACIONAL SERRA DA CANASTRA","Angiosperms","Poaceae","Axonopus","marginatus","(Trin.) Chase","POACEAE Axonopus marginatus (Trin.) Chase","HUFU00035814",,"HUFU","Romero, R.","943","Native","1994","Filgueiras, T.S.","1996","Ouro","Ouro","jbrj-public.s3-sa-east-1.amazonaws.com/fsi/server?type=image&source=DZI/hufu/hufu/0/3/58/14/hufu00035814.dzi","São Roque de Minas","Parque Nacional da Serra da Canastra"
"PARQUE NACIONAL SERRA DA CANASTRA","Angiosperms","Poaceae","Ctenium","brevispicatum","J.G.Sm.","POACEAE Ctenium brevispicatum J.G.Sm.","HUFU00035840",,"HUFU","Nakajima, J.N.","478","Native","1994","Filgueiras, T.S.","1996","Ouro","Ouro","jbrj-public.s3-sa-east-1.amazonaws.com/fsi/server?type=image&source=DZI/hufu/hufu/0/3/58/40/hufu00035840.dzi","São Roque de Minas","Parque Nacional da Serra da Canastra"
"PARQUE NACIONAL SERRA DA CANASTRA","Angiosperms","Poaceae","Paspalum","pectinatum","Nees ex Trin.","POACEAE Paspalum pectinatum Nees ex Trin.","HUFU00035948",,"HUFU","Romero, R.","1578","Native","1994","Filgueiras, T.S.","1996","Ouro","Ouro","jbrj-public.s3-sa-east-1.amazonaws.com/fsi/server?type=image&source=DZI/hufu/hufu/0/3/59/48/hufu00035948.dzi","São Roque de Minas","Parque Nacional da Serra da Canastra"
"PARQUE NACIONAL SERRA DA CANASTRA","Angiosperms","Poaceae","Paspalum","polyphyllum","Nees","POACEAE Paspalum polyphyllum Nees","HUFU00035954",,"HUFU","Nakajima, J.N.","387","Native","1994","Filgueiras, T.S.","1996","Ouro","Ouro","jbrj-public.s3-sa-east-1.amazonaws.com/fsi/server?type=image&source=DZI/hufu/hufu/0/3/59/54/hufu00035954.dzi","São Roque de Minas","Parque Nacional da Serra da Canastra"
"PARQUE NACIONAL SERRA DA CANASTRA","Angiosperms","Poaceae","Tatianyx","arnacites","(Trin.) Zuloaga & Soderstr.","POACEAE Tatianyx arnacites (Trin.) Zuloaga & Soderstr.","IBGE00036490",,"IBGE","Romero, R.","1461","Native","1994","Filgueiras, T.S.","1996","Ouro","Ouro","jbrj-public.s3-sa-east-1.amazonaws.com/fsi/server?type=image&source=DZI/ibge/ibge/0/3/64/90/ibge00036490.dzi","Sacramento","Sacramento. Próximo da guarita de Sacramento, PARNA Serra da Canastra."
"PARQUE NACIONAL SERRA DA CANASTRA",,"Solanaceae","Solanum","asperolanatum","Ruiz & Pav.","SOLANACEAE Solanum asperolanatum Ruiz & Pav.","HUFU00034257",,"HUFU","Romero, R.","1498",,"1994","Carvalho, L.D.F.","1996","Ouro","Ouro","jbrj-public.s3-sa-east-1.amazonaws.com/fsi/server?type=image&source=DZI/hufu/hufu/0/3/42/57/hufu00034257.dzi","São Roque de Minas","Parque Nacional da Serra da Canastra"
"PARQUE NACIONAL SERRA DA CANASTRA","Angiosperms","Solanaceae","Solanum",,"L.","SOLANACEAE Solanum L.","HUFU00034255",,"HUFU","Romero, R.","902","Native","1994","Carvalho, L.A.F.","1996","Ouro","Ouro","jbrj-public.s3-sa-east-1.amazonaws.com/fsi/server?type=image&source=DZI/hufu/hufu/0/3/42/55/hufu00034255.dzi","São Roque de Minas","Parque Nacional da Serra da Canastra"
"PARQUE NACIONAL SERRA DA CANASTRA","Angiosperms","Anacardiaceae","Tapirira","guianensis","Aubl.","ANACARDIACEAE Tapirira guianensis Aubl.","HUFU00053229",,"HUFU","Romero, R.","1277","Native","1994","Mitchell, J.D.","1995","Ouro","Ouro","jbrj-public.s3-sa-east-1.amazonaws.com/fsi/server?type=image&source=DZI/hufu/hufu/0/5/32/29/hufu00053229.dzi","São Roque de Minas","Parque Nacional da Serra da Canastra"
"PARQUE NACIONAL SERRA DA CANASTRA",,"Campanulaceae","Siphocampylus","sulfureus","E.Wimm.","CAMPANULACEAE Siphocampylus sulfureus E.Wimm.","HUFU00051745",,"HUFU","Nakajima, J.N.","326",,"1994","Vieira, A.O.S.","1995","Ouro","Ouro","jbrj-public.s3-sa-east-1.amazonaws.com/fsi/server?type=image&source=DZI/hufu/hufu/0/5/17/45/hufu00051745.dzi","São Roque de Minas","Parque Nacional da Serra da Canastra"
"PARQUE NACIONAL SERRA DA CANASTRA","Angiosperms","Fabaceae","Bauhinia",,"L.","FABACEAE Bauhinia L.","HUFU00050260",,"HUFU","Nakajima, J.N.","617","Native","1994","Barneby, R.","1995","Ouro","Ouro","jbrj-public.s3-sa-east-1.amazonaws.com/fsi/server?type=image&source=DZI/hufu/hufu/0/5/2/60/hufu00050260.dzi","São Roque de Minas","Parque Nacional da Serra da Canastra; Entrada da guarita da Casca D'Anta."
"PARQUE NACIONAL SERRA DA CANASTRA","Bryophytes","Fabaceae","Chamaecrista","rotundifolia","(Pers.) Greene","FABACEAE Chamaecrista rotundifolia (Pers.) Greene","NY00978550",,"NY","Nakajima, J.N.","297","Native","1994","Barneby, R.C.","1995","Ouro","Ouro","jbrj-public.s3-sa-east-1.amazonaws.com/fsi/server?type=image&source=DZI/newyork/ny_/0/97/85/50/ny_00978550.dzi",,"Estrada para Sacramento, 13 km da sede administrativa, Parna Serra da Canastra"
"PARQUE NACIONAL SERRA DA CANASTRA","Angiosperms","Malpighiaceae","Banisteriopsis","campestris","(A.Juss.) Little","MALPIGHIACEAE Banisteriopsis campestris (A.Juss.) Little","HUFU00039466",,"HUFU","Nakajima, J.N.","748","Native","1994","Mamede, M.C.H.","1995","Ouro","Ouro","jbrj-public.s3-sa-east-1.amazonaws.com/fsi/server?type=image&source=DZI/hufu/hufu/0/3/94/66/hufu00039466.dzi","São Roque de Minas","Parque Nacional da Serra da Canastra; Estrada São Roque de Minas - Sacramento. Cerca de 32km da sede administrativa."
"PARQUE NACIONAL SERRA DA CANASTRA","Angiosperms","Malpighiaceae","Camarea","affinis","A.St.-Hil.","MALPIGHIACEAE Camarea affinis A.St.-Hil.","HUFU00038325",,"HUFU","Nakajima, J.N.","195","Native","1994","Mamede, M.C.H.","1995","Ouro","Ouro","jbrj-public.s3-sa-east-1.amazonaws.com/fsi/server?type=image&source=DZI/hufu/hufu/0/3/83/25/hufu00038325.dzi","São Roque de Minas","Parque Nacional da Serra da Canastra; Estrada para Casa de Pedra."
"PARQUE NACIONAL SERRA DA CANASTRA","Ferns and Lycophytes","Malpighiaceae","Camarea","hirsuta","A.St.-Hil.","MALPIGHIACEAE Camarea hirsuta A.St.-Hil.","HUFU00038408",,"HUFU","Nakajima, J.N.","670","Native","1994","Mamede, M.C.H.","1995","Ouro","Ouro","jbrj-public.s3-sa-east-1.amazonaws.com/fsi/server?type=image&source=DZI/hufu/hufu/0/3/84/8/hufu00038408.dzi","São Roque de Minas","Parque Nacional da Serra da Canastra; 3km da sede administrativa."
"PARQUE NACIONAL SERRA DA CANASTRA","Angiosperms","Malpighiaceae","Heteropterys","umbellata","A.Juss.","MALPIGHIACEAE Heteropterys umbellata A.Juss.","HUFU00038451",,"HUFU","Romero, R.","1384","Native","1994","Mamede, M.C.H.","1995","Ouro","Ouro","jbrj-public.s3-sa-east-1.amazonaws.com/fsi/server?type=image&source=DZI/hufu/hufu/0/3/84/51/hufu00038451.dzi","São Roque de Minas","Parque Nacional da Serra da Canastra; Estrada São Roque de Minas - Sacramento. Próximo a guarita de Sacramento."
"PARQUE NACIONAL SERRA DA CANASTRA","Angiosperms","Malvaceae","Peltaea","polymorpha","(A.St.-Hil.) Krapov. & Cristóbal","MALVACEAE Peltaea polymorpha (A.St.-Hil.) Krapov. & Cristóbal","HUFU00038671",,"HUFU","Nakajima, J.N.","508","Native","1994","Krapovickas, A.","1995","Ouro","Ouro","jbrj-public.s3-sa-east-1.amazonaws.com/fsi/server?type=image&source=DZI/hufu/hufu/0/3/86/71/hufu00038671.dzi","São Roque de Minas","Parque Nacional da Serra da Canastra; 2km da sede administrativa. Vertente do córrego."
"PARQUE NACIONAL SERRA DA CANASTRA","Angiosperms","Turneraceae","Piriqueta","aurea","(Cambess.) Urb.","TURNERACEAE Piriqueta aurea (Cambess.) Urb.","HUFU00034362",,"HUFU","Nakajima, J.N.","449","Native","1994","Arbo, M.M.","1995","Ouro","Ouro","jbrj-public.s3-sa-east-1.amazonaws.com/fsi/server?type=image&source=DZI/hufu/hufu/0/3/43/62/hufu00034362.dzi","São Roque de Minas","Parque Nacional da Serra da Canastra"
"PARQUE NACIONAL SERRA DA CANASTRA","Angiosperms","Turneraceae","Turnera","oblongifolia","Cambess.","TURNERACEAE Turnera oblongifolia Cambess.","HUFU00034382",,"HUFU","Nakajima, J.N.","399","Native","1994","Arbo, M.M.","1995","Ouro","Ouro","jbrj-public.s3-sa-east-1.amazonaws.com/fsi/server?type=image&source=DZI/hufu/hufu/0/3/43/82/hufu00034382.dzi","São Roque de Minas","Parque Nacional da Serra da Canastra"
"PARQUE NACIONAL SERRA DA CANASTRA","Angiosperms","Gesneriaceae","Sinningia","elatior","(Kunth) Chautems","GESNERIACEAE Sinningia elatior (Kunth) Chautems","SPF00092509",,"SPF","Giulietti, A.M.","CFCR13584","Native","1994","Chautems, A.","99","Ouro","Ouro","jbrj-public.s3-sa-east-1.amazonaws.com/fsi/server?type=image&source=DZI/spf/spf/0/9/25/9/spf00092509.dzi","Sacramento","Parque Nacional da Serra da Canastra"
"PARQUE NACIONAL SERRA DA CANASTRA","Angiosperms","Polytrichaceae","Itatiella","denudata","(G.L. Merr.) N.E. Bell & Hyvönen","POLYTRICHACEAE Itatiella denudata (G.L. Merr.) N.E. Bell & Hyvönen","MO406502",,"MO","Vital, D.M.","11941","Native","1984",,,"Ouro","Ouro","jbrj-public.s3.amazonaws.com/fsi/server?type=image&source=DZI/missouri/mo/0/40/65/2/mo00406502.dzi","São Roque de Minas","ISOTYPE. Mun. São Roque de Minas. Parque Nacional da Serra da Canastra, Cachoeira Casca D'Anta."
"PARQUE NACIONAL SERRA DA CANASTRA","Angiosperms","Anacardiaceae","Lithraea","molleoides","(Vell.) Engl.","ANACARDIACEAE Lithraea molleoides (Vell.) Engl.","IBGE00007789",,"IBGE","Ramalho, R.S.","2806","Native","1983","Pirani, J.R.","2017","Ouro","Ouro","jbrj-public.s3-sa-east-1.amazonaws.com/fsi/server?type=image&source=DZI/ibge/ibge/0/0/77/89/ibge00007789.dzi","São Roque de Minas","Parque Nacional da Serra da Canastra- Mata da Casca D´anta."
"PARQUE NACIONAL SERRA DA CANASTRA","Angiosperms","Asteraceae","Trixis","lessingii","DC.","ASTERACEAE Trixis lessingii DC.","2956","splink","DIAM","Pacheco, R.A.","425","Native",,"Nakajima, J.N.",,"Ouro","Ouro",,"São Roque de Minas","Parque Nacional da Serra da Canastra, São Roque de Minas"
"PARQUE NACIONAL SERRA DA CANASTRA","Angiosperms","Podostemaceae","Mourera","aspera","(Bong.) Tul.","PODOSTEMACEAE Mourera aspera (Bong.) Tul.","MICH01684839","splink","MICH","Bove, C.P.","2308","Native",,,,"Ouro","Ouro",,"Vargem Bonita","Vargem Bonita. Sao Francisco River, near Parque Nacional da Serra de Canastra"
"PARQUE NACIONAL SERRA DA CANASTRA","Angiosperms","Velloziaceae","Barbacenia","fulva","Goethart & Henrard","VELLOZIACEAE Barbacenia fulva Goethart & Henrard","MBM243801",,"MBM","Mello-Silva, R.","1675",,,"Mello-Silva, R.",,"Ouro","Ouro",,"São Roque de Minas","Parque Nacional da Serra da Canastra."
"PARQUE NACIONAL SERRA DA CANASTRA","Angiosperms","Cyperaceae","Eleocharis","loefgreniana","Boeckeler","CYPERACEAE Eleocharis loefgreniana Boeckeler","24075","x","HUFU","Araujo, A.C.","1108","Native",,"Trevisan, R.","2019","Ouro","Ouro",,,"Parque Nacional da Serra da Canastra, Estrada para Casca Danta, Serra Brava, campo próximo ao mirante."
"PARQUE NACIONAL SERRA DA CANASTRA","Angiosperms","Amaranthaceae","Pfaffia","brunae","Marchioretto","AMARANTHACEAE Pfaffia brunae Marchioretto","PACA4559.0","splink","PACA","Nakajima, J.N.","729","Native",,"Marchioretto, M.S.","2018","Ouro","Ouro",,"São Roque de Minas","Garagem de Pedras, estrada para sacramento, PARNA Serra da Canastra."
"PARQUE NACIONAL SERRA DA CANASTRA","Angiosperms","Amaranthaceae","Alternanthera","brasiliana","(L.) Kuntze","AMARANTHACEAE Alternanthera brasiliana (L.) Kuntze","PACA3831.0","splink","PACA","Nakajima","1093","Native",,"Marchioretto, M.S.","2009","Ouro","Ouro",,"São Roque de Minas","Mata da Cachoeira da Casca da Anta, trilha para guarita de baixo, PARNA Serra da Canastra."
"PARQUE NACIONAL SERRA DA CANASTRA","Angiosperms","Amaranthaceae","Gomphrena","arborescens","L.f.","AMARANTHACEAE Gomphrena arborescens L.f.","PACA3830.0","splink","PACA","Nakajima","2187","Native",,"Marchioretto, M.S.","2009","Ouro","Ouro",,"São Roque de Minas","Estrada para o Retiro das Pedras, Parque Nacional da Serra da Canastra."
"PARQUE NACIONAL SERRA DA CANASTRA","Angiosperms","Poaceae","Ichnanthus","bambusiflorus","(Trin.) Döll","POACEAE Ichnanthus bambusiflorus (Trin.) Döll","SPF00162625","splink","SPF","Araujo, A.C.","1079","Native",,"Viana, P.L.","2007","Ouro","Ouro",,"São Roque de Minas","Parque Nacional da Serra da Canastra, Cachoeira das Rolinhas."
"PARQUE NACIONAL SERRA DA CANASTRA","Angiosperms","Velloziaceae","Vellozia","sincorana","L.B.Sm. & Ayensu","VELLOZIACEAE Vellozia sincorana L.B.Sm. & Ayensu","MO1434637","x","MO","Giulietti, A.M.","13591","Native",,"Mello-Silva, R.","1998","Ouro","Ouro",,"São Roque de Minas","São Roque de Minas. Arredores do Parque Nacional da Serra da Canastra."
"PARQUE NACIONAL SERRA DA CANASTRA","Angiosperms","Asteraceae","Bidens",,"L.","ASTERACEAE Bidens L.","78089","x","Herbario INPA","Hopkins, M.","7179","Native",,"Pruski, J.F.","1987","Ouro","Ouro",,,"Parque Nacional da Serra da Canastra, entre Piumbi e Araxá, ca. 70 km. de Piumbi. Em campo e campo rupestre."
"PARQUE NACIONAL SERRA DA CANASTRA","Angiosperms","Asteraceae","Calea","hymenolepis","Baker","ASTERACEAE Calea hymenolepis Baker","78065","x","Herbario INPA","Hopkins, M.","7166","Native",,"Pruski, J.F.","1987","Ouro","Ouro",,,"Parque Nacional da Serra de Canastra, entre Piumhi e Araxá, ca. 80 km. de Piumhi. Campo com lugares brejosos."
"PARQUE NACIONAL SERRA DA CANASTRA","Angiosperms","Cyperaceae","Rhynchospora","albobracteata","A.C.Araújo","CYPERACEAE Rhynchospora albobracteata A.C.Araújo","78086","x","Herbario INPA","Hopkins, M.","7143","Native",,"Thomas, W.W.","1985","Ouro","Ouro",,,"Parque Nacional da Serra de Canastra, entre Piumhi e Araxá, ca. 70 Km de Piumhi. Em campo e campo rupestre."
"PARQUE NACIONAL SERRA DA CANASTRA","Angiosperms","Rubiaceae","Borreria",,"G.Mey.","RUBIACEAE Borreria G.Mey.","78098","x","Herbario INPA","Hopkins, M.","7183","Native",,"Kirkbride Junior, J.H.","1979","Ouro","Ouro",,,"Parque Nacional da Serra de Canastra, entre Piumhi e Araxá, ca. 80 km de Piumhi. Campo em lugares brejosos."
"PARQUE NACIONAL SERRA DA CANASTRA","Angiosperms","Dilleniaceae","Davilla","elliptica","A.St.-Hil.","DILLENIACEAE Davilla elliptica A.St.-Hil.","RB01609225","x","RB","John, L.","309","Native","2026","Fraga, C.N.","2026","Ouro","Ouro",,,"Trilha para o mirante da cachoeira Casca d´anta parte alta. Parque Nacional da Serra da Canastra"
"PARQUE NACIONAL SERRA DA CANASTRA","Angiosperms","Droseraceae","Drosera","montana","A.St.-Hil.","DROSERACEAE Drosera montana A.St.-Hil.","JABU00001887",,"JABU","Miranda, V.F.O.","3544","Native","2026","Miranda, V.F.O.","2026","Ouro","Ouro",,"Delfinópolis","PARNA da Serra da Canastra. Parte baixa da Cachoeira Paraíso II."
"PARQUE NACIONAL SERRA DA CANASTRA","Angiosperms","Lentibulariaceae","Genlisea","repens","Benj.","LENTIBULARIACEAE Genlisea repens Benj.","JABU00001881",,"JABU","Miranda, V.F.O.","3538","Native","2026","Miranda, V.F.O.","2026","Ouro","Ouro",,"Delfinópolis","PARNA da Serra da Canastra. Parte baixa da Cachoeira Paraíso I."
"PARQUE NACIONAL SERRA DA CANASTRA","Angiosperms","Lentibulariaceae","Utricularia","amethystina","Salzm. ex A.St.-Hil. & Girard","LENTIBULARIACEAE Utricularia amethystina Salzm. ex A.St.-Hil. & Girard","JABU00001880",,"JABU","Miranda, V.F.O.","3537","Native","2026","Miranda, V.F.O.","2026","Ouro","Ouro",,"Delfinópolis","PARNA da Serra da Canastra. Parte baixa da Cachoeira Paraíso I."
"PARQUE NACIONAL SERRA DA CANASTRA","Angiosperms","Lentibulariaceae","Utricularia","gibba","L.","LENTIBULARIACEAE Utricularia gibba L.","JABU00001889",,"JABU","Miranda, V.F.O.","3546","Native","2026","Miranda, V.F.O.","2026","Ouro","Ouro",,"Delfinópolis","PARNA da Serra da Canastra. Parte alta da Cachoeira Paraíso II."
"PARQUE NACIONAL SERRA DA CANASTRA","Angiosperms","Lentibulariaceae","Utricularia",,"L.","LENTIBULARIACEAE Utricularia L.","JABU00001891",,"JABU","Miranda, V.F.O.","3548","Native","2026","Miranda, V.F.O.","2026","Ouro","Ouro",,"Delfinópolis","PARNA da Serra da Canastra. Parte alta da Cachoeira Paraíso II."
"PARQUE NACIONAL SERRA DA CANASTRA","Angiosperms","Lentibulariaceae","Utricularia","laciniata","A.St.-Hil. & Girard","LENTIBULARIACEAE Utricularia laciniata A.St.-Hil. & Girard","JABU00001886",,"JABU","Miranda, V.F.O.","3543","Native","2026","Miranda, V.F.O.","2026","Ouro","Ouro",,"Delfinópolis","PARNA da Serra da Canastra. Parte baixa da Cachoeira Paraíso II."
"PARQUE NACIONAL SERRA DA CANASTRA","Angiosperms","Lentibulariaceae","Utricularia","nana","A.St.-Hil. & Girard","LENTIBULARIACEAE Utricularia nana A.St.-Hil. & Girard","JABU00001882",,"JABU","Miranda, V.F.O.","3539","Native","2026","Miranda, V.F.O.","2026","Ouro","Ouro",,"Delfinópolis","PARNA da Serra da Canastra. Parte baixa da Cachoeira Paraíso I."
"PARQUE NACIONAL SERRA DA CANASTRA","Angiosperms","Lentibulariaceae","Utricularia","tricolor","A.St.-Hil.","LENTIBULARIACEAE Utricularia tricolor A.St.-Hil.","JABU00001883",,"JABU","Miranda, V.F.O.","3540","Native","2026","Miranda, V.F.O.","2026","Ouro","Ouro",,"Delfinópolis","PARNA da Serra da Canastra. Parte baixa da Cachoeira Paraíso I."
"PARQUE NACIONAL SERRA DA CANASTRA","Angiosperms","Lentibulariaceae","Utricularia","triloba","Benj.","LENTIBULARIACEAE Utricularia triloba Benj.","JABU00001890",,"JABU","Miranda, V.F.O.","3547","Native","2026","Miranda, V.F.O.","2026","Ouro","Ouro",,"Delfinópolis","PARNA da Serra da Canastra. Parte alta da Cachoeira Paraíso II."
"PARQUE NACIONAL SERRA DA CANASTRA","Angiosperms","Lentibulariaceae","Utricularia","reniformis","A.St.-Hil.","LENTIBULARIACEAE Utricularia reniformis A.St.-Hil.","JABU00001583",,"JABU","Miranda, V.F.O.","3533","Native","2025","Miranda, V.F.O.","2025","Ouro","Ouro",,"São Roque de Minas","Acesso por Vargem Bonita, PARNA da Serra da Canastra. Parte baixa da cachoeira Casca DAnta. Planta em paredão de rochas metamórficas, associada a briófitas - musgos. Local umedecido por névoa produzida pela cachoeira."
"PARQUE NACIONAL SERRA DA CANASTRA",,"Melastomataceae","Microlicia","minensis","Versiane & R.Romero","MELASTOMATACEAE Microlicia minensis Versiane & R.Romero","HUFU00082169","splink","HUFU","Romero, R.","9580",,"2023",,,"Ouro","Ouro",,"São Roque de Minas","Parque Nacional da Serra da Canastra., Estrada Sacramento - São Roque de Minas, próximo à guarita de Sacramento."
"PARQUE NACIONAL SERRA DA CANASTRA",,"Melastomataceae","Microlicia","phlogiformis","(DC.) Versiane & R.Romero","MELASTOMATACEAE Microlicia phlogiformis (DC.) Versiane & R.Romero","83644","x","HUFU","Romero, R.","9577",,"2023",,,"Ouro","Ouro",,,"Parque Nacional da Serra da Canastra., Estrada Sacramento - São Roque de Minas, próximo à guarita de Sacramento."
"PARQUE NACIONAL SERRA DA CANASTRA","Angiosperms","Melastomataceae","Pleroma","gertii","P.J.F.Guim. & Michelang.","MELASTOMATACEAE Pleroma gertii P.J.F.Guim. & Michelang.","83643","x","HUFU","Romero, R.","9578","Native","2023","Romero, R.","2023","Ouro","Ouro",,,"Parque Nacional da Serra da Canastra., Estrada Sacramento - São Roque de Minas, próximo à guarita de Sacramento."
"PARQUE NACIONAL SERRA DA CANASTRA",,"Melastomataceae","Microlicia","armata","(Spreng.) Versiane & R.Romero","MELASTOMATACEAE Microlicia armata (Spreng.) Versiane & R.Romero","CAS0711839","splink","CAS","Pacifico, R.","425",,"2020",,,"Ouro","Ouro",,,"Minas Gerais, Delfinópolis. PARNA Serra da Canastra. Caminho entre as cachoeiras do Complexo do Ézio"
"PARQUE NACIONAL SERRA DA CANASTRA","Angiosperms","Eriocaulaceae","Paepalanthus","aulociliatus","Sauthier & Tissot-Sq.","ERIOCAULACEAE Paepalanthus aulociliatus Sauthier & Tissot-Sq.","HUFU00088249","splink","HUFU","Sauthier, L.J.","163","Native","2020","Sauthier, L.J.","2025","Ouro","Ouro",,"São João Batista do Glória","Parque Nacional da Serra da Canastra, Chapadão da Babilônia. Próximo ao Trevo de Furnas (MG-050). Estrada vicinal para Paraíso Achado, ca 2 km da MG-050, lado esquerdo, junto à afloramento rochoso."
"PARQUE NACIONAL SERRA DA CANASTRA","Angiosperms","Asteraceae",,,"Bercht. & J.Presl","ASTERACEAE Asteraceae Bercht. & J.Presl","SPFR018974","splink","SPFR","Ferreira, P.L.","142","Native","2019",,,"Ouro","Ouro",,"Delfinópolis","Babilônia. Trilha para as orquídeas a partir da pousada vale do céu. Parque Nacional da Serra da Canastra"
"PARQUE NACIONAL SERRA DA CANASTRA","Angiosperms","Asteraceae","Baccharis",,"L.","ASTERACEAE Baccharis L.","SPFR018976","splink","SPFR","Ferreira, P.L.","144","Native","2019",,,"Ouro","Ouro",,,"Trilha difícil para a parte alta da cachoeira Casca D'Anta. Parque Nacional da Serra da Canastra"
"PARQUE NACIONAL SERRA DA CANASTRA","Angiosperms","Asteraceae","Mikania","triphylla","Spreng. ex Baker","ASTERACEAE Mikania triphylla Spreng. ex Baker","SPFR018979","splink","SPFR","Ferreira, P.L.","147","Native","2019","Ferreira, P.L.","2019","Ouro","Ouro",,,"Trilha difícil para a parte alta da cachoeira Casca D'Anta. Parque Nacional da Serra da Canastra"
"PARQUE NACIONAL SERRA DA CANASTRA","Angiosperms","Malpighiaceae","Banisteriopsis","stellaris","(Griseb.) B.Gates","MALPIGHIACEAE Banisteriopsis stellaris (Griseb.) B.Gates","525921","x","SP","Bianchini, R.S.","2284",,"2018","Mamede, M.C.H.","2025","Ouro","Ouro",,,"Parque Nacional da Serra da Canastra"
"PARQUE NACIONAL SERRA DA CANASTRA","Angiosperms","Loranthaceae","Struthanthus","flexicaulis","(Mart.) Mart.","LORANTHACEAE Struthanthus flexicaulis (Mart.) Mart.","RB01416584","x","RB","Bovini, M.G.","4417","Native","2018","Caires, C.S.","2023","Ouro","Ouro",,,"estrada do Sol, no limite do Parque nacional da Serra da Canastra. 830m"
"PARQUE NACIONAL SERRA DA CANASTRA","Angiosperms","Orchidaceae","Habenaria","ciliatisepala","J.A.N.Bat. & Bianch.","ORCHIDACEAE Habenaria ciliatisepala J.A.N.Bat. & Bianch.","197464","x","BHCB","Cruz-Lustre, G.M.","331","Native","2018","Batista, J.A.N.","2018","Ouro","Ouro",,,"Parque Nacional da Serra da Canastra, Arredores da nascente do Rio São Francisco"
"PARQUE NACIONAL SERRA DA CANASTRA","Angiosperms","Solanaceae","Solanum","medusae","Gouvêa","SOLANACEAE Solanum medusae Gouvêa","BHCB190632","splink","BHCB","Gouvea, Y.F.","262","Native","2018","Gouvea, Y.F.","2018","Ouro","Ouro",,"São Roque de Minas","Parque Nacional da Serra da Canastra, Estrada de terra que leva à ""Fazenda do Chico Chagas"" divergindo da estrada principal que leva à portaria 1 do P.N. da Serra da Canastra"
"PARQUE NACIONAL SERRA DA CANASTRA",,"Melastomataceae","Microlicia","nakajimae","R.Romero & Ferreira-Alves","MELASTOMATACEAE Microlicia nakajimae R.Romero & Ferreira-Alves","CAS0560555","splink","CAS","Pacifico, R.","411",,"2017",,,"Ouro","Ouro",,"São Roque de Minas","Parque Nacional da Serra da Canastra. Estrada que parte do Centro de Informações para Visitantes"
"PARQUE NACIONAL SERRA DA CANASTRA",,"Fabaceae","Chamaecrista","acicularis","M.Cota, Rando & L.P.Queiroz","FABACEAE Chamaecrista acicularis M.Cota, Rando & L.P.Queiroz","243350","x","HUEFS","Cota, M.M.T.","912",,"2017","Cota, M.","2021","Ouro","Ouro",,,"Parque Nacional da Serra da Canastra. Estrada vicinal sentido Condominio das Pedras."
"PARQUE NACIONAL SERRA DA CANASTRA","Angiosperms","Asteraceae","Lychnophora",,"Mart.","ASTERACEAE Lychnophora Mart.","87594","x","HUFU","Ferreira, P.L.","80","Native","2016",,,"Ouro","Ouro",,,"Parque Nacional da Serra Canastra, Trilha da Casca D'anta. Planta comum encontrada ao redor da trilha no topo do morro e na descida para as piscinas naturais."
"PARQUE NACIONAL SERRA DA CANASTRA","Angiosperms","Asteraceae","Richterago",,"Kuntze","ASTERACEAE Richterago Kuntze","SPFR016185","splink","SPFR","Ferreira, P.L.","s.n.","Native","2016",,,"Ouro","Ouro",,"São Roque de Minas","Parque Nacional da Serra da Canastra, subida para a trilha da Casca D'anta"
"PARQUE NACIONAL SERRA DA CANASTRA","Angiosperms","Asteraceae","Richterago","petiolata","Roque & J.N.Nakaj.","ASTERACEAE Richterago petiolata Roque & J.N.Nakaj.","ALCB00047136","x","ALCB","Ferreira, P.L.","75","Native","2016","Roque, N.",,"Ouro","Ouro",,,"Parque Nacional da Serra da Canastra, subida pra a trilha da Casca D'anta."
"PARQUE NACIONAL SERRA DA CANASTRA","Ferns and Lycophytes","Celastraceae","Monteverdia","gonoclados","(Mart.) Biral","CELASTRACEAE Monteverdia gonoclados (Mart.) Biral","K001528638","x","K","Groppo, M.","2363","Native","2016",,,"Ouro","Ouro",,"Vargem Bonita","Vargem Bonita, Distrito de São Jose do Barreiro, Parque Nacional da Serra da Canastra, Cachoeira Casca D'Anta com cerrado e mata ciliar adjacente"
"PARQUE NACIONAL SERRA DA CANASTRA","Angiosperms","Celastraceae","Plenckia","populnea","Reissek","CELASTRACEAE Plenckia populnea Reissek","K001528639","splink","K","Groppo, M.","2332","Native","2016",,,"Ouro","Ouro",,"São Roque de Minas","São Roque de Minas, Parque Nacional da Serra da Canastra"
"PARQUE NACIONAL SERRA DA CANASTRA","Angiosperms","Lamiaceae","Eriope","macrostachya","Mart. ex Benth.","LAMIACEAE Eriope macrostachya Mart. ex Benth.","UB1150314",,"UB","Schliewe, M.A.","120","Native","2016","Antar, G.M.","2018","Ouro","Ouro",,"São Roque de Minas","17 Km do Distrito de São João, dentro do Parque Nacional da Serra da Canastra."
"PARQUE NACIONAL SERRA DA CANASTRA","Angiosperms","Poaceae","Ctenium","brachystachyum","(Nees) Kunth","POACEAE Ctenium brachystachyum (Nees) Kunth","205229","splink","ICN","Fieker, C.Z.","210","Native","2016","Longhi-Wagner, H.M.","2017","Ouro","Ouro",,"São Roque de Minas","Parque Nacional da Serra da Canastra. Região da nascente histórica do Rio São Francisco;"
"PARQUE NACIONAL SERRA DA CANASTRA","Angiosperms","Rubiaceae","Palicourea","sessilis","(Vell.) C.M.Taylor","RUBIACEAE Palicourea sessilis (Vell.) C.M.Taylor","RB01315640","x","RB","Groppo, M.","2365","Native","2016","Gomes, M.","2017","Ouro","Ouro",,,"Distrito de São José do Barreiro, Parque Nacional da Serra da Canastra, Cachoeira Casca D´Anta com cerrado e mata ciliar adjacente"
"PARQUE NACIONAL SERRA DA CANASTRA","Angiosperms","Aquifoliaceae","Ilex","conocarpa","Reissek","AQUIFOLIACEAE Ilex conocarpa Reissek","SPFR016248","splink","SPFR","Groppo, M.","2326","Native","2016","Groppo, M.","2016","Ouro","Ouro",,"São Roque de Minas","Parque Nacional da Serra da Canastra. Cerrado de encosta na Portaria 2, bem atrás da portaria de acesso ao Parque."
"PARQUE NACIONAL SERRA DA CANASTRA","Angiosperms","Asteraceae","Moquiniastrum","paniculatum","(Less.) G. Sancho","ASTERACEAE Moquiniastrum paniculatum (Less.) G. Sancho","SPFR016220","splink","SPFR","Groppo, M.","s.n.","Native","2016","Ferreira, P.L.","2016","Ouro","Ouro",,"São Roque de Minas","Parque Nacional da Serra da Canastra. Cerrado de encosta na Portaria 2, bem atrás da portaria de acesso ao Parque."
"PARQUE NACIONAL SERRA DA CANASTRA","Angiosperms","Calophyllaceae","Kielmeyera","pumila","Pohl","CALOPHYLLACEAE Kielmeyera pumila Pohl","RB01313893","x","RB","Groppo, M.","2343","Native","2016","Trad, R.J.","2016","Ouro","Ouro",,,"Distrito de São José do Barreiro, Parque Nacional da Serra da Canastra, Nascente do Rio São Francisco"
"PARQUE NACIONAL SERRA DA CANASTRA","Angiosperms","Fabaceae","Leptolobium","dasycarpum","Vogel","FABACEAE Leptolobium dasycarpum Vogel","SPFR016192","splink","SPFR","Groppo, M.","2354","Native","2016","Camargo, R.","2016","Ouro","Ouro",,"Vargem Bonita","Distrito de São José do Barreiro. Parque Nacional da Serra da Canastra. Nascente do Rio São Francisco. Triha ao lado da Cachoeira Casca D'Anta"
"PARQUE NACIONAL SERRA DA CANASTRA","Angiosperms","Rutaceae","Esenbeckia","grandiflora","Mart.","RUTACEAE Esenbeckia grandiflora Mart.","RB01315719","x","RB","Groppo, M.","2358","Native","2016","Groppo, M.","2016","Ouro","Ouro",,,"Distrito de São José do Barreiro, Parque Nacional da Serra da Canastra, Cachoeira Casca D´Anta com cerrado e mata ciliar adjacente"
"PARQUE NACIONAL SERRA DA CANASTRA","Angiosperms","Verbenaceae","Lippia","primulina","S.Moore","VERBENACEAE Lippia primulina S.Moore","CESJ074023","splink","CESJ","Pirani, J.R.","6611","Native","2015","Salimena, F.R.G.","2022","Ouro","Ouro",,"São Roque de Minas","Parque Nacional da Serra da Canastra, 53,8Km a Oeste do centro de visitantes e 15Km a Leste da portaria de Sacramento"
"PARQUE NACIONAL SERRA DA CANASTRA","Angiosperms","Eriocaulaceae","Leiothrix","flavescens","(Bong.) Ruhland","ERIOCAULACEAE Leiothrix flavescens (Bong.) Ruhland","68652","x","HUFU","Echternacht, L.","2494","Native","2014",,,"Ouro","Ouro",,,"Parque Nacional da Serra da Canastra, Percurso entre São João Batista da Canastra e a Portaria 1 (São Roque - Centro de Visitantes. Estrada entre a nascente do Rio São Francisco e a Portaria 1, em direção à vertente sul da Serra."
"PARQUE NACIONAL SERRA DA CANASTRA","Angiosperms","Myrtaceae","Myrcia","bella","Cambess.","MYRTACEAE Myrcia bella Cambess.","RB01333361","x","RB","Lima, D.F.","465","Native","2014","Lima, D.F.",,"Ouro","Ouro",,,"PARNA Serra da Canastra. Estrada para a Cachoeira do Rolinho"
"PARQUE NACIONAL SERRA DA CANASTRA",,"Myrtaceae",,,"Juss.","MYRTACEAE Myrtaceae Juss.","K000993207","splink","K","Lima, D.F.","463",,"2014",,,"Ouro","Ouro",,"São Roque de Minas","Parque Nacional da Serra da Canastra. Curral de Pedras."
"PARQUE NACIONAL SERRA DA CANASTRA","Angiosperms","Asteraceae","Raulinoreitzia","crenulata","(Spreng.) R.M.King & H.Rob.","ASTERACEAE Raulinoreitzia crenulata (Spreng.) R.M.King & H.Rob.","RB01599577","x","RB","Oliveira, C.T.","975","Native","2014","Roque, N.","2024","Ouro","Ouro",,,"Parque Nacional da Serra da Canastra"
"PARQUE NACIONAL SERRA DA CANASTRA","Angiosperms","Poaceae","Oedochloa","procurrens","(Nees ex Trin.) C.Silva & R.P.Oliveira","POACEAE Oedochloa procurrens (Nees ex Trin.) C.Silva & R.P.Oliveira","CEN00110643","splink","CEN","Moises Mendoza, F.J.","4448","Native","2014","Valls, J.F.M.","2019","Ouro","Ouro",,"São Roque de Minas","Parque Nacional Serra da Canastra. GM-341, ca. 3,7 km O da Av. Pres Tancredo Neves. Antes de chegar ao portao I ""São Roque""."
"PARQUE NACIONAL SERRA DA CANASTRA","Angiosperms","Melastomataceae","Miconia","pusilliflora","(DC.) Naudin","MELASTOMATACEAE Miconia pusilliflora (DC.) Naudin","MBM419410",,"MBM","Burckhardt, D.","141G","Native","2014","Goldenberg, R.","2017","Ouro","Ouro",,"São Roque de Minas","Parque Nacional da Serra da Canastra, Cachoeira Casca d´Anta, around park entrance."
"PARQUE NACIONAL SERRA DA CANASTRA","Angiosperms","Poaceae","Sporobolus","aeneus","(Doll) S. Denham & Aliscioni","POACEAE Sporobolus aeneus var. angustifolius (Doll) S. Denham & Aliscioni","184950","splink","ICN","Fieker, C.Z.","67","Native","2014","Longhi-Wagner, H.M.","2016","Ouro","Ouro",,"São Roque de Minas","Parque Nacional da Serra da Canastra"
"PARQUE NACIONAL SERRA DA CANASTRA","Angiosperms","Loranthaceae","Struthanthus","uraguensis","(Hook. & Arn.) G.Don","LORANTHACEAE Struthanthus uraguensis (Hook. & Arn.) G.Don","HCF000004846","splink","HCF","Moraes, A.P.","119","Native","2014","Dettke, G.A.","2015","Ouro","Ouro",,"Capitólio","Parque Nacional da Serra da Canastra.Rodovia MG-50, Km 306."
"PARQUE NACIONAL SERRA DA CANASTRA","Angiosperms","Myrtaceae","Myrcia","tortuosa","(O.Berg) N.Silveira","MYRTACEAE Myrcia tortuosa (O.Berg) N.Silveira","K000993096","splink","K","Lima, D.F.","457","Native","2014","Lima, D.F.","2015","Ouro","Ouro",,"São Roque de Minas","Parque Nacional da Serra da Canastra. Próximo a Guarita de Sacramento. Cerrado."
"PARQUE NACIONAL SERRA DA CANASTRA","Angiosperms","Asteraceae","Baccharis","cognata","DC.","ASTERACEAE Baccharis cognata DC.","ECT0005878",,"ECT","Heiden, G.","2185","Native","2014","Heiden, G.","2014","Ouro","Ouro",,"São Roque de Minas","Parque Nacional da Serra da Canastra. Nascente do Rio São Francisco. Parque Nacional da Serra da Canastra. Nascente do Rio São Francisco. Campo rupestre, afloramentos rochosos de quartzito, vegetação herbáceo-arbustiva às margens do córrego."
"PARQUE NACIONAL SERRA DA CANASTRA","Angiosperms","Asteraceae","Baccharis","myricifolia","DC.","ASTERACEAE Baccharis myricifolia DC.","ECT0004300",,"ECT","Heiden, G.","2184b","Native","2014","Heiden, G.","2014","Ouro","Ouro",,"São Roque de Minas","Parque Nacional da Serra da Canastra. Nascente do Rio São Francisco. Parque Nacional da Serra da Canastra. Nascente do Rio São Francisco. Campo rupestre, afloramentos rochosos de uartzito, vegetação herbáceo-arbustiva às margens do córrego (nas margens e dentro do rio)."
"PARQUE NACIONAL SERRA DA CANASTRA","Angiosperms","Asteraceae","Baccharis","trinervis","Pers.","ASTERACEAE Baccharis trinervis Pers.","ECT0005601",,"ECT","Heiden, G.","2182","Native","2014","Heiden, G.","2014","Ouro","Ouro",,"São Roque de Minas","Parque Nacional da Serra da Canastra. Portaria 1. Parque Nacional da Serra da Canastra. Portaria 1. Campo rupestre, área antropizada. Borda de mata."
"PARQUE NACIONAL SERRA DA CANASTRA","Angiosperms","Eriocaulaceae","Actinocephalus","polyanthus","(Bong.) Sano","ERIOCAULACEAE Actinocephalus polyanthus (Bong.) Sano","68629","x","HUFU","Echternacht, L.","2470","Native","2014","Echternacht, L.","2014","Ouro","Ouro",,,"Parque Nacional da Serra da Canastra, Percurso entre a Portaria 2 (São João Batista da Canastra) e a nascente do Rio São Francisco. Parte alta da Casca D'Anta."
"PARQUE NACIONAL SERRA DA CANASTRA","Angiosperms","Eriocaulaceae","Coracoralina","chiquitensis","(Herzog) Andrino","ERIOCAULACEAE Coracoralina chiquitensis (Herzog) Andrino","68628","x","HUFU","Echternacht, L.","2469","Native","2014","Echternacht, L.","2014","Ouro","Ouro",,,"Parque Nacional da Serra da Canastra, Percurso entre a Portaria 2 (São João Batista da Canastra) e a nascente do Rio São Francisco. Entre a Garagem de Pedras e a parte alta da Casca D'Anta."
"PARQUE NACIONAL SERRA DA CANASTRA",,"Ericaceae","Lateropora","ovata","A.C.Sm.","ERICACEAE Lateropora ovata A.C.Sm.","K001512523","splink","K","Neves, D.M.","1324",,"2013","Luteyn, J.L.",,"Ouro","Ouro",,"São Roque de Minas","Minas Gerais, Sao Roque de Minas, Parque Nacional da Serra da Canastra."
"PARQUE NACIONAL SERRA DA CANASTRA","Angiosperms","Gesneriaceae","Sinningia",,"Nees","GESNERIACEAE Sinningia Nees","HUFABC000062","splink","HUFABC","Araujo, A.O.","1137","Native","2013",,,"Ouro","Ouro",,"São Roque de Minas","Parque Nacional Serra da Canastra, Estrada para a Casca D' Anta, ca 50m depois do Jaguaré"
"PARQUE NACIONAL SERRA DA CANASTRA","Angiosperms","Fabaceae","Mimosa","gracilis","Benth.","FABACEAE Mimosa gracilis Benth.","RB01380108","x","RB","Borges, L.M.","1036","Native","2013","Dutra, V.F.","2020","Ouro","Ouro",,,"Estrada para a Cachoeira Casca d´Anta, a partir da portaria 1 do parque; ca. 3 km da portaria. Parque Nacional da Serra da Canastra"
"PARQUE NACIONAL SERRA DA CANASTRA","Angiosperms","Fabaceae","Chamaecrista","cathartica","(Mart.) H.S.Irwin & Barneby","FABACEAE Chamaecrista cathartica (Mart.) H.S.Irwin & Barneby","RB00854030","x","RB","Neves, D.M.","1323","Native","2013","Lima, H.C.","2017","Ouro","Ouro",,,"Parque Nacional da Serra da Canastra."
"PARQUE NACIONAL SERRA DA CANASTRA","Angiosperms","Euphorbiaceae","Alchornea","triplinervia","(Spreng.) Müll.Arg.","EUPHORBIACEAE Alchornea triplinervia (Spreng.) Müll.Arg.","RB00854027","x","RB","Neves, D.M.","1321","Native","2013","Silva, O.L.M.","2016","Ouro","Ouro",,,"Parque Nacional da Serra da Canastra."
"PARQUE NACIONAL SERRA DA CANASTRA","Angiosperms","Podostemaceae","Cipoia","inserta","C.T.Philbrick, Novelo & Irgang","PODOSTEMACEAE Cipoia inserta C.T.Philbrick, Novelo & Irgang","R010094960","x","R","Bove, C.P.","2717","Native","2012",,,"Ouro","Ouro",,,"Collected about 100 m downstream of base of Cachoeira Capão Forro. About 5 km southwest of town of São Roque de Minas. Near Parque Nacional da Serra Canastra, but not in the park"
"PARQUE NACIONAL SERRA DA CANASTRA","Angiosperms","Podostemaceae","Podostemum","weddellianum","(Tul.) C.T.Philbrick & Novelo","PODOSTEMACEAE Podostemum weddellianum (Tul.) C.T.Philbrick & Novelo","R010096252","x","R","Bove, C.P.","2307","Native","2012",,,"Ouro","Ouro",,,"Rio São Francisco, outside of Parque Nacional da Serra Canastra Parque Nacional da Serra da Canastra"
"PARQUE NACIONAL SERRA DA CANASTRA","Angiosperms","Malpighiaceae","Byrsonima","vacciniifolia","A.Juss.","MALPIGHIACEAE Byrsonima vacciniifolia A.Juss.","SP121830","splink","SP","Delfini, C.","491","Native","2012","Mamede, M.C.H.","2021","Ouro","Ouro",,"São Roque de Minas","Parque Nacional da Serra da Canastra, Proximidades da nascente do Rio São Francisco"
"PARQUE NACIONAL SERRA DA CANASTRA","Angiosperms","Melastomataceae","Lavoisiera",,"DC.","MELASTOMATACEAE Lavoisiera DC.","RB00850027","x","RB","Delfini, C.","486","Native","2012","Michelangeli, F.A.","2015","Ouro","Ouro",,,"Parque Nacional da Serra da Canastra; proximidades da nascente do rio São Franscisco;."
"PARQUE NACIONAL SERRA DA CANASTRA",,"Melastomataceae","Microlicia","australis","(Naudin) Baill.","MELASTOMATACEAE Microlicia australis (Naudin) Baill.","68413","x","HUFU","Delfini, C.","494",,"2012","Versiane, A.F.A.","2014","Ouro","Ouro",,,"Parque Nacional da Serra da Canastra, Proximidades da nascente do Rio São Francisco."
"PARQUE NACIONAL SERRA DA CANASTRA","Angiosperms","Ericaceae","Gaylussacia",,"Kunth","ERICACEAE Gaylussacia Kunth","RB00853941","x","RB","Delfin, C.","480","Native","2012","Romao, G.O.","2012","Ouro","Ouro",,,"Parque Nacional da Serra da Canastra. Proximidades da nascente do Rio São Francisco. 20,23430S 46,49858W."
"PARQUE NACIONAL SERRA DA CANASTRA",,"Iridaceae","Sisyrinchium","palmifolium","L.","IRIDACEAE Sisyrinchium palmifolium L.","227528","x","SPF","Lovo, J.","411",,"2012","Lovo, J.","2012","Ouro","Ouro",,,"Parque Nacional da Serra da Canastra, Portaria de Sacramento."
"PARQUE NACIONAL SERRA DA CANASTRA",,"Iridaceae","Sisyrinchium","restioides","Spreng.","IRIDACEAE Sisyrinchium restioides Spreng.","227527","x","SPF","Lovo, J.","412",,"2012","Lovo, J.","2012","Ouro","Ouro",,,"Parque Nacional da Serra da Canastra, Garagem de Pedra."
"PARQUE NACIONAL SERRA DA CANASTRA","Angiosperms","Velloziaceae","Vellozia","tubiflora","(A.Rich.) Kunth","VELLOZIACEAE Vellozia tubiflora (A.Rich.) Kunth","CEN00135913","splink","CEN","Mello-Silva, R.","3588","Native","2012","Mello-Silva, R.","2012","Ouro","Ouro",,"São Roque de Minas","Parque Nacional da Serra da Canastra. Garagem de Pedra."
"PARQUE NACIONAL SERRA DA CANASTRA","Angiosperms","Amaryllidaceae","Hippeastrum","canastrense","Dutilh & R.S. Oliveira","AMARYLLIDACEAE Hippeastrum canastrense Dutilh & R.S. Oliveira","K001382301","x","K","Paula-Lima, F.B.","5","Native","2011",,,"Ouro","Ouro",,,"Minas Gerais. São Roque de Minas: Parque Nacional da Serra da Canastra. Chapadão antes da descida para a cachoeira Casca D'Anta, no alto da serra."
"PARQUE NACIONAL SERRA DA CANASTRA","Angiosperms","Amaryllidaceae","Hippeastrum","sanfranciscanum","Dutilh & R.S. Oliveira","AMARYLLIDACEAE Hippeastrum sanfranciscanum Dutilh & R.S. Oliveira","K001382302","x","K","Kavalciuki, Y.","5","Native","2011",,,"Ouro","Ouro",,,"Minas Gerais. São Roque de Minas: Parque Nacional da Serra da Canastra. Estrada São Roque de Minas - Sacramento, 1,5 km aquém do Curral de Pedra."
"PARQUE NACIONAL SERRA DA CANASTRA","Angiosperms","Bromeliaceae","Bromelia","lindmanii","Mez","BROMELIACEAE Bromelia lindmanii Mez","RB00670420","x","RB","Monteiro, R.F.","361","Native","2011",,,"Ouro","Ouro",,,"Estrada Passos - São Roque de Minas em direção ao Parque Nacional da Serra da Canastra. Cerrado."
"PARQUE NACIONAL SERRA DA CANASTRA","Angiosperms","Bromeliaceae",,,"A.Juss.","BROMELIACEAE Bromeliaceae A.Juss.","01382229","x","RBspirit","Monteiro, R.F.","368","Native","2011",,,"Ouro","Ouro",,,"Parque Nacional da Serra da Canastra. Estrada Passos - São Roque de Minas. Cerrado."
"PARQUE NACIONAL SERRA DA CANASTRA","Angiosperms","Lentibulariaceae","Genlisea","filiformis","A.St.-Hil.","LENTIBULARIACEAE Genlisea filiformis A.St.-Hil.","JABU00000840",,"JABU","Miranda, V.F.O.","1607","Native","2011","Miranda, V.F.O.","2011","Ouro","Ouro",,"São Roque de Minas","PARNA Serra da Canastra. Garagem de Pedra (abaixo da Cascata dos Rolinhos)."
"PARQUE NACIONAL SERRA DA CANASTRA","Angiosperms","Lentibulariaceae","Utricularia","hispida","Lam.","LENTIBULARIACEAE Utricularia hispida Lam.","JABU00000864",,"JABU","Miranda, V.F.O.","1585","Native","2011","Miranda, V.F.O.","2011","Ouro","Ouro",,"São Roque de Minas","PARNA Serra da Canastra. Nascente do Rio São Francisco, lado direito da estrada no sentido Delfinópolis. Alt.: 1388 m."
"PARQUE NACIONAL SERRA DA CANASTRA","Angiosperms","Lentibulariaceae","Utricularia","neottioides","A.St.-Hil. & Girard","LENTIBULARIACEAE Utricularia neottioides A.St.-Hil. & Girard","JABU00000875",,"JABU","Miranda, V.F.O.","1605","Native","2011","Miranda, V.F.O.","2011","Ouro","Ouro",,"São Roque de Minas","PARNA Serra da Canastra. Cachoeira do Fundão (abaixo da Cascata dos Rolinhos). Alt.: 1158 m."
"PARQUE NACIONAL SERRA DA CANASTRA","Angiosperms","Lentibulariaceae","Utricularia","pusilla","Vahl","LENTIBULARIACEAE Utricularia pusilla Vahl","JABU00000881",,"JABU","Miranda, V.F.O.","1601","Native","2011","Miranda, V.F.O.","2011","Ouro","Ouro",,"São Roque de Minas","PARNA Serra da Canastra. Alt.: 1202 metros."
"PARQUE NACIONAL SERRA DA CANASTRA","Angiosperms","Lentibulariaceae","Utricularia","simulans","Pilg.","LENTIBULARIACEAE Utricularia simulans Pilg.","JABU00000889",,"JABU","Miranda, V.F.O.","1612","Native","2011","Miranda, V.F.O.","2011","Ouro","Ouro",,"São Roque de Minas","PARNA Serra da Canastra. Cachoeira do Fundão (abaixo da Cascata dos Rolinhos). Alt.: 1162 metros."
"PARQUE NACIONAL SERRA DA CANASTRA","Angiosperms","Lentibulariaceae","Utricularia","subulata","L.","LENTIBULARIACEAE Utricularia subulata L.","JABU00000893",,"JABU","Miranda, V.F.O.","1580","Native","2011","Miranda, V.F.O.","2011","Ouro","Ouro",,"São Roque de Minas","PARNA Serra da Canastra. Cascata dos Rolinhos."
"PARQUE NACIONAL SERRA DA CANASTRA","Angiosperms","Velloziaceae","Vellozia","nivea","L.B.Sm. & Ayensu","VELLOZIACEAE Vellozia nivea L.B.Sm. & Ayensu","CEN00127910","splink","CEN","Mello-Silva, R.","3442","Native","2011","Mello-Silva, R.","2011","Ouro","Ouro",,"São Roque de Minas","Parque Nacional da Serra da Canastra. Altos da cachoeira Casca d'Anta."
"PARQUE NACIONAL SERRA DA CANASTRA","Angiosperms","Ericaceae","Agarista",,"D.Don ex G.Don","ERICACEAE Agarista D.Don ex G.Don","UB0352459",,"UB","Romao, G.O.","2661","Native","2010",,,"Ouro","Ouro",,,"Município de São Roque de Minas. Parque Nacional Serra da Canastra. Estrada para Sacramento, redondeza da nascente do Rio São Francisco. Campo, 1354m"
"PARQUE NACIONAL SERRA DA CANASTRA","Angiosperms","Polygalaceae","Senega","herbiola","(A.St.-Hil. & Moq.) J.F.B.Pastore","POLYGALACEAE Senega herbiola (A.St.-Hil. & Moq.) J.F.B.Pastore","8724","splink","CTBS","Romao, G.O.","2702","Native","2010","Pastore, J.F.B.","2025","Ouro","Ouro",,"São Roque de Minas","Parque Nacional Serra da Canastra. Estrada para Sacramento, Garagem de Pedra. Campo Rupestre."
"PARQUE NACIONAL SERRA DA CANASTRA","Angiosperms","Polygalaceae","Senega","sulphurea","(A.W.Benn.) J.F.B.Pastore","POLYGALACEAE Senega sulphurea (A.W.Benn.) J.F.B.Pastore","9139","splink","CTBS","Gissi, D.","2656","Native","2010","Pastore, J.F.B.","2025","Ouro","Ouro",,"São Roque de Minas","Parque Nacional da Serra Da canastra. Estrada sacramento, redondeza da nascente do rio São Francisco. Campo."
"PARQUE NACIONAL SERRA DA CANASTRA","Angiosperms","Begoniaceae","Begonia","cucullata","Willd.","BEGONIACEAE Begonia cucullata Willd.","57702","x","MBML","Romao, G.O.","2683","Native","2010","Kollmann, L.","2019","Ouro","Ouro",,,"Parque Nacional Serra da Canastra. Estrada para Sacramento, redondeza da nascente do Rio São Francisco. Campo aberto"
"PARQUE NACIONAL SERRA DA CANASTRA","Angiosperms","Poaceae","Andropogon","ingratus","Hack.","POACEAE Andropogon ingratus Hack.","FLOR0066830","splink","FLOR","Silva, R.R.","1037","Native","2010","Zanin, A.","2019","Ouro","Ouro",,"São Roque de Minas","Parque Nacional da Serra da Canastra. Garagem de Pedra."
"PARQUE NACIONAL SERRA DA CANASTRA","Angiosperms","Amaranthaceae","Gomphrena","lanigera","Pohl ex Moq.","AMARANTHACEAE Gomphrena lanigera Pohl ex Moq.","76827","x","PACA","Silva, R.R.","1139","Native","2010","Marchioretto, M.S.","2014","Ouro","Ouro",,,"Parque Nacional da Serra da Canastra. Próximo da Garagem de Pedras."
"PARQUE NACIONAL SERRA DA CANASTRA","Angiosperms","Asteraceae","Chromolaena","squalida","(DC.) R.M.King & H.Rob.","ASTERACEAE Chromolaena squalida (DC.) R.M.King & H.Rob.","RB00783669","x","RB","Romao, G.O.","2689","Native","2010","Teles, A.M.","2014","Ouro","Ouro",,,"Parque Nacional Serra da Canastra. Estrada para Sacramento, redondeza da nascente do Rio São Francisco. Campo."
"PARQUE NACIONAL SERRA DA CANASTRA","Angiosperms","Melastomataceae","Cambessedesia",,"DC.","MELASTOMATACEAE Cambessedesia DC.","RB00824758","x","RB","Romao, G.O.","2704","Native","2010","Goldenberg, R.","2014","Ouro","Ouro",,,"Parque Nacional Serra da Canastra. Estrada para Sacramento, Garagem de Pedra."
"PARQUE NACIONAL SERRA DA CANASTRA","Angiosperms","Poaceae","Mesosetum","loliiforme","(Hochst.) Chase","POACEAE Mesosetum loliiforme (Hochst.) Chase","IBGE00076454","splink","IBGE","Silva, R.R.","1069","Native","2010","Oliveira, R.C.","2013","Ouro","Ouro",,"São Roque de Minas","Parque Nacional da Serra da Canastra. Estrada que dá acesso ao Retiro de Pedras."
"PARQUE NACIONAL SERRA DA CANASTRA","Angiosperms","Apocynaceae","Tassadia","propinqua","Decne.","APOCYNACEAE Tassadia propinqua Decne.","150556","x","UEC","Morokawa, R.","251","Native","2009",,,"Ouro","Ouro",,,"Parque Nacional da Serra da Canastra, Portaria de Sacramento"
"PARQUE NACIONAL SERRA DA CANASTRA","Angiosperms","Melastomataceae","Pleroma","bandeirae","P.J.F.Guim.&Michelang.","MELASTOMATACEAE Pleroma bandeirae P.J.F.Guim.&Michelang.","RB01480535","x","RB","Guimaraes, P.J.F.","388","Native","2009",,,"Ouro","Ouro",,,"Guarita de Sacramento. Parque Nacional da Serra da Canastra (PNSC)"
"PARQUE NACIONAL SERRA DA CANASTRA","Angiosperms","Rubiaceae","Borreria","alata","(Aubl.) DC.","RUBIACEAE Borreria alata (Aubl.) DC.","UEC108225","splink","UEC","Silveira, M.F.","177","Native","2009","Cunha, J.","2026","Ouro","Ouro",,"São Roque de Minas","Parque nacional Serra da Canastra, Casca D'anta."
"PARQUE NACIONAL SERRA DA CANASTRA","Angiosperms","Rubiaceae","Coccocypselum","hasslerianum","Chodat","RUBIACEAE Coccocypselum hasslerianum Chodat","185034","x","UEC","Silveira, M.F.","178","Native","2009","Cunha, J.","2026","Ouro","Ouro",,,"Parque Nacional Serra da Canastra, Casca D'Anta"
"PARQUE NACIONAL SERRA DA CANASTRA","Angiosperms","Rubiaceae","Declieuxia","cordigera","Müll.Arg.","RUBIACEAE Declieuxia cordigera var. angustifolia Müll.Arg.","183641","x","UEC","Silveira, M.F.","166","Native","2009","Cunha, J.","2026","Ouro","Ouro",,,"Parque nacional Serra da Canastra,portaria de Sacramento."
"PARQUE NACIONAL SERRA DA CANASTRA","Angiosperms","Rubiaceae","Faramea","latifolia","(Cham. & Schltdl.) DC.","RUBIACEAE Faramea latifolia (Cham. & Schltdl.) DC.","UEC106575","splink","UEC","Silveira, M.F.","153","Native","2009","Cunha, J.","2026","Ouro","Ouro",,"São Roque de Minas","Parque nacional Serra da Canastra, trilha para Casca D'Anta parte alta."
"PARQUE NACIONAL SERRA DA CANASTRA","Angiosperms","Rubiaceae","Hexasepalum","apiculatum","(Willd.) Delprete & J.H.Kirkbr.","RUBIACEAE Hexasepalum apiculatum (Willd.) Delprete & J.H.Kirkbr.","UEC104624","splink","UEC","Silveira, M.F.","172","Native","2009","Cunha, J.","2026","Ouro","Ouro",,"São Roque de Minas","Parque nacional Serra da Canastra, portaria de Sacramento."
"PARQUE NACIONAL SERRA DA CANASTRA","Angiosperms","Rubiaceae","Planaltina","lanigera","(DC.) R.M.Salas & E.L.Cabral","RUBIACEAE Planaltina lanigera (DC.) R.M.Salas & E.L.Cabral","UEC106582","splink","UEC","Silveira, M.F.","154","Native","2009","Cunha, J.","2026","Ouro","Ouro",,"São Roque de Minas","Parque nacional Serra da Canastra,trilha para Casca D'Anta,parte alta."
"PARQUE NACIONAL SERRA DA CANASTRA","Angiosperms","Rubiaceae","Sipanea","hispida","Benth. ex Wernham","RUBIACEAE Sipanea hispida Benth. ex Wernham","UEC104841","splink","UEC","Silveira, M.F.","157","Native","2009","Cunha, J.","2026","Ouro","Ouro",,"São Roque de Minas","Brasi: Minas Gerais, São Roque de Minas, Parque Nacional Serra da Canastra, trilha para Casca D'Anta parte alta."
"PARQUE NACIONAL SERRA DA CANASTRA","Angiosperms","Fabaceae","Mimosa","paludosa","Benth.","FABACEAE Mimosa paludosa Benth.","217650","x","SPF","Silva, J.S.","803","Native","2009","Borges, L.M.","2015","Ouro","Ouro",,,"Parque Nacional da Serra da Canastra, São José do Barreiro. Estrada para pousada Vela Vista. Beira da estrada."
"PARQUE NACIONAL SERRA DA CANASTRA","Angiosperms","Melastomataceae","Leandra","hirta","Raddi","MELASTOMATACEAE Leandra hirta Raddi","NY02104746","x","NY","Caddah, M.K.","443","Native","2009","Reginato, M.","2014","Ouro","Ouro",,,"Parque Nacional da Serra da Canastra, trilha para Cachoeira Casca d'Anta, parte baixa"
"PARQUE NACIONAL SERRA DA CANASTRA","Angiosperms","Apocynaceae","Peplonia","adnata","(E.Fourn.) U.C.S.Silva & Rapini","APOCYNACEAE Peplonia adnata (E.Fourn.) U.C.S.Silva & Rapini","HUEFS139980","x","HUEFS","Rapini, A.","1752","Native","2008","Rapini, A.",,"Ouro","Ouro",,,"Parque Nacional da Serra da Canastra, próximo à portaria II"
"PARQUE NACIONAL SERRA DA CANASTRA","Angiosperms","Fabaceae","Calliandra","dysantha","Benth.","FABACEAE Calliandra dysantha var. dysantha Benth.","VIC054269","splink","VIC","Fernandes, J.M.","787","Native","2008",,,"Ouro","Ouro",,"Sacramento","Parque Nacional da Serra da Canastra"
"PARQUE NACIONAL SERRA DA CANASTRA","Angiosperms","Fabaceae","Chamaecrista",,"(L.) Moench","FABACEAE Chamaecrista (L.) Moench","VIC036428","splink","VIC","Dutra, V.F.","602","Native","2008",,,"Ouro","Ouro",,"São Roque de Minas","Parque Nacional da Serra da Canastra, Trilha para cachoeira Casca D'anta."
"PARQUE NACIONAL SERRA DA CANASTRA","Angiosperms","Fabaceae","Chamaecrista","desvauxii","(Collad.) Killip","FABACEAE Chamaecrista desvauxii (Collad.) Killip","VIC036420","splink","VIC","Fernandes, J.M.","784","Native","2008",,,"Ouro","Ouro",,"Delfinópolis","Entorno do Parque Nacional da Serra da Canastra"
"PARQUE NACIONAL SERRA DA CANASTRA","Angiosperms","Fabaceae","Senna",,"Mill.","FABACEAE Senna Mill.","VIC036575","splink","VIC","Dutra, V.F.","603","Native","2008",,,"Ouro","Ouro",,"São Roque de Minas","Parque Nacional da Serra da Canastra, Trilha para cachoeira Casca D'anta."
"PARQUE NACIONAL SERRA DA CANASTRA","Angiosperms","Asteraceae","Trichogonia","villosa","(Spreng.) Sch.Bip. ex Baker","ASTERACEAE Trichogonia villosa (Spreng.) Sch.Bip. ex Baker","51159","x","HUFU","Nakajima, J.N.","4795","Native","2008","Nakajima, J.N.","2022","Ouro","Ouro",,,"Parque Nacional da Serra da Canastra, Acesso pela estrada para Canta Galo."
"PARQUE NACIONAL SERRA DA CANASTRA","Angiosperms","Asteraceae","Lepidaploa","spixiana","(Mart. ex DC.) H.Rob.","ASTERACEAE Lepidaploa spixiana (Mart. ex DC.) H.Rob.","51154","x","HUFU","Nakajima, J.N.","4781","Native","2008","Nakajima, J.N.","2016","Ouro","Ouro",,,"Parque Nacional da Serra da Canastra, Acesso pela estrada para Canta Galo."
"PARQUE NACIONAL SERRA DA CANASTRA","Angiosperms","Apocynaceae","Ditassa","lenheirensis","Silveira","APOCYNACEAE Ditassa lenheirensis Silveira","HUEFS0139979","splink","HUEFS","Rapini, A.","1751","Native","2008","Rapini, A.","2009","Ouro","Ouro",,"São Roque de Minas","Parque Nacional da Serra da Canastra, próximo à portaria I"
"PARQUE NACIONAL SERRA DA CANASTRA","Angiosperms","Fabaceae","Calliandra","dysantha","Benth.","FABACEAE Calliandra dysantha Benth.","VIC036535","splink","VIC","Fernandes, J.M.","774","Native","2008","Fernandes, J.M.","2008","Ouro","Ouro",,"Delfinópolis","Entorno do Parque Nacional da Serra da Canastra"
"PARQUE NACIONAL SERRA DA CANASTRA","Angiosperms","Fabaceae","Ctenodon","paniculatus","(Willd. ex Vogel) D.B.O.S.Cardoso, P.L.R.Moraes & H.C.Lima","FABACEAE Ctenodon paniculatus (Willd. ex Vogel) D.B.O.S.Cardoso, P.L.R.Moraes & H.C.Lima","VIC036816","splink","VIC","Fernandes, J.M.","s.n.778","Native","2008","Fernandes, J.M.","2008","Ouro","Ouro",,"Delfinópolis","Entorno do Parque Nacional da Serra da Canastra"
"PARQUE NACIONAL SERRA DA CANASTRA","Angiosperms","Fabaceae","Enterolobium","contortisiliquum","(Vell.) Morong","FABACEAE Enterolobium contortisiliquum (Vell.) Morong","36337","x","VIC","Fernandes, J.M.","785","Native","2008","Fernandes, J.M.","2008","Ouro","Ouro",,,"Entorno do Parque Nacional da Serra da Canastra"
"PARQUE NACIONAL SERRA DA CANASTRA","Angiosperms","Fabaceae","Mimosa","dolens","Vell.","FABACEAE Mimosa dolens Vell.","VIES010362","splink","VIES","Dutra, V.F.","597","Native","2008","Dutra, V.F.","2008","Ouro","Ouro",,"Sacramento","Parque nacional Serra da Canastra."
"PARQUE NACIONAL SERRA DA CANASTRA","Angiosperms","Fabaceae","Stylosanthes",,"Sw.","FABACEAE Stylosanthes Sw.","VIC036533","splink","VIC","Fernandes, J.M.","783","Native","2008","Fernandes, J.M.","2008","Ouro","Ouro",,"Delfinópolis","Entorno do Parque Nacional da Serra da Canastra"
"PARQUE NACIONAL SERRA DA CANASTRA","Angiosperms","Apocynaceae","Ditassa",,"R.Br.","APOCYNACEAE Ditassa R.Br.","150608","x","UEC","Morokawa, R.","166","Native","2007",,,"Ouro","Ouro",,,"Parque Nacional da Serra da Canastra, Borda de mata próximo ao alojamento"
"PARQUE NACIONAL SERRA DA CANASTRA","Angiosperms","Asteraceae","Elephantopus","mollis","Kunth","ASTERACEAE Elephantopus mollis Kunth","K002539227","x","K","Loeuille, B.","265","Native","2007",,,"Ouro","Ouro",,"São Roque de Minas","São Roque de Minas: Parque Nacional da Serra do Canastra. Perto do Centro de visitantes."
"PARQUE NACIONAL SERRA DA CANASTRA","Angiosperms","Asteraceae","Lessingianthus","rosmarinifolius","(Less.) H.Rob.","ASTERACEAE Lessingianthus rosmarinifolius (Less.) H.Rob.","K000997980","splink","K","Loeuille, B.","253","Native","2007",,,"Ouro","Ouro",,"São Roque de Minas","Parque Nacional da Serra do Canastra. Morro atrás do alojamento Jaguaré."
"PARQUE NACIONAL SERRA DA CANASTRA","Angiosperms","Asteraceae","Pterocaulon","angustifolium","DC.","ASTERACEAE Pterocaulon angustifolium DC.","K001107783","x","K","Loeuille, B.","267","Native","2007",,,"Ouro","Ouro",,,"Parque Nacional da Serra da Canastra. beira da estrada próximo a entrada do Parque."
"PARQUE NACIONAL SERRA DA CANASTRA","Angiosperms","Blechnaceae","Blechnum","asplenioides","Sw.","BLECHNACEAE Blechnum asplenioides Sw.","104444","x","BHCB","Salino, A.","11575","Native","2007","Salino, A.",,"Ouro","Ouro",,,"Parque Nacional da Serra da Canastra; Capão Forro, Cachoeira da Mata, Área de Cerrado com Floresta Estacional Semidecidual chegando às margens do rio e Mata de Galeria"
"PARQUE NACIONAL SERRA DA CANASTRA","Angiosperms","Blechnaceae","Blechnum","heringeri","Brade","BLECHNACEAE Blechnum heringeri Brade","104462","x","BHCB","Salino, A.","11593","Native","2007","Dittrich, V.A.O.",,"Ouro","Ouro",,,"Parque Nacional da Serra da Canastra; Capão Forro, Capão Forro, Cachoeira da Mata. Área de Cerrado com Floresta Estacional Semidecidual chegando às margens do rio e Mata de Galeria."
"PARQUE NACIONAL SERRA DA CANASTRA","Angiosperms","Blechnaceae","Blechnum","occidentale","L.","BLECHNACEAE Blechnum occidentale L.","104502","x","BHCB","Salino, A.","11633","Native","2007","Salino, A.",,"Ouro","Ouro",,,"Parque Nacional da Serra da Canastra, Capão do Forro, Cachoeira da Mata."
"PARQUE NACIONAL SERRA DA CANASTRA","Angiosperms","Cyatheaceae","Alsophila","sternbergii","(Sternb.) D.S.Conant","CYATHEACEAE Alsophila sternbergii (Sternb.) D.S.Conant","104512","x","BHCB","Salino, A.","11643","Native","2007","Salino, A.",,"Ouro","Ouro",,,"Parque Nacional da Serra do Canastra"
"PARQUE NACIONAL SERRA DA CANASTRA","Angiosperms","Cyatheaceae","Cyathea","phalerata","Mart.","CYATHEACEAE Cyathea phalerata Mart.","104522","x","BHCB","Salino, A.","11653","Native","2007","Salino, A.",,"Ouro","Ouro",,,"Parque Nacional da Serra do Canastra"
"PARQUE NACIONAL SERRA DA CANASTRA","Angiosperms","Cyatheaceae","Cyathea","villosa","Willd.","CYATHEACEAE Cyathea villosa Willd.","104493","x","BHCB","Salino, A.","11624","Native","2007","Salino, A.",,"Ouro","Ouro",,,"Parque Nacional da Serra do Canastra"
"PARQUE NACIONAL SERRA DA CANASTRA","Angiosperms","Dennstaedtiaceae","Pteridium","esculentum","(Kaulf.) Thomson","DENNSTAEDTIACEAE Pteridium esculentum subsp. arachnoideum (Kaulf.) Thomson","104472","x","BHCB","Salino, A.","11603","Native","2007","Schwartsburd, P.B.",,"Ouro","Ouro",,,"Parque Nacional da Serra da Canastra, Capão Forro, Cachoeira da Mata."
"PARQUE NACIONAL SERRA DA CANASTRA","Angiosperms","Dryopteridaceae","Elaphoglossum","glabellum","J.Sm.","DRYOPTERIDACEAE Elaphoglossum glabellum J.Sm.","104475","x","BHCB","Salino, A.","11606","Native","2007","Salino, A.",,"Ouro","Ouro",,,"Parque Nacional da Serra da Canastra, Capão Forro, Cachoeira da Mata a 970m de altitude."
"PARQUE NACIONAL SERRA DA CANASTRA","Angiosperms","Dryopteridaceae","Elaphoglossum","langsdorffii","(Hook. & Grev.) T.Moore","DRYOPTERIDACEAE Elaphoglossum langsdorffii (Hook. & Grev.) T.Moore","104526","x","BHCB","Salino, A.","11657","Native","2007","Salino, A.",,"Ouro","Ouro",,,"Parque Nacional da Serra da Canastra"
"PARQUE NACIONAL SERRA DA CANASTRA","Angiosperms","Dryopteridaceae","Elaphoglossum","scalpellum","(Mart.) T. Moore","DRYOPTERIDACEAE Elaphoglossum scalpellum (Mart.) T. Moore","104473","x","BHCB","Salino, A.","11604","Native","2007","Salino, A.",,"Ouro","Ouro",,,"Parque Nacional da Serra da Canastra, Capão Forro, Cachoeira da Mata."
"PARQUE NACIONAL SERRA DA CANASTRA","Angiosperms","Dryopteridaceae","Elaphoglossum",,"Schott ex J.Sm.","DRYOPTERIDACEAE Elaphoglossum Schott ex J.Sm.","104466","x","BHCB","Salino, A.","11597","Native","2007",,,"Ouro","Ouro",,,"Parque Nacional da Serra da Canastra, Capão Forro, Cachoeira da Mata a 970m de altitude."
"PARQUE NACIONAL SERRA DA CANASTRA","Angiosperms","Gleicheniaceae","Sticherus","gracilis","(Mart.) Copel.","GLEICHENIACEAE Sticherus gracilis (Mart.) Copel.","104508","x","BHCB","Salino, A.","11639","Native","2007","Lima, L.V.",,"Ouro","Ouro",,,"Parque Nacional da Serra da Canastra, Capão Forro, Cachoeira da Mata a 970m de altitude. Área de Cerrado com Floresta Estacional Semi-decidual chegando às margens do rio e Mata de Galeria"
"PARQUE NACIONAL SERRA DA CANASTRA","Angiosperms","Melastomataceae","Microlicia","trembleyiformis","Naudin","MELASTOMATACEAE Microlicia trembleyiformis Naudin","K001072494","splink","K","Santos, A.P.M.","411","Native","2007","Romero, R.",,"Ouro","Ouro",,"São Roque de Minas","Parque Nacional da serra da Canastra."
"PARQUE NACIONAL SERRA DA CANASTRA","Angiosperms","Orchidaceae","Habenaria","pseudoculicina","J.A.N.Bat. & B.M.Carvalho","ORCHIDACEAE Habenaria pseudoculicina J.A.N.Bat. & B.M.Carvalho","119483","x","BHCB","Batista, J.A.N.","1808","Native","2007","Batista, J.A.N.",,"Ouro","Ouro",,,"Parque Nacional da Serra da Canastra"
"PARQUE NACIONAL SERRA DA CANASTRA","Angiosperms","Thelypteridaceae","Amauropelta","rivularioides","(Fée) Salino & T.E.Almeida","THELYPTERIDACEAE Amauropelta rivularioides (Fée) Salino & T.E.Almeida","104528","x","BHCB","Salino, A.","11659","Native","2007","Salino, A.",,"Ouro","Ouro",,,"Parque Nacional da Serra da Canastra, Capão de Mata Alagada"
"PARQUE NACIONAL SERRA DA CANASTRA","Angiosperms","Thelypteridaceae","Christella","conspersa","(Schrad.) Á.Löve & D.Löve","THELYPTERIDACEAE Christella conspersa (Schrad.) Á.Löve & D.Löve","104498","x","BHCB","Salino, A.","11629","Native","2007","Salino, A.",,"Ouro","Ouro",,,"Parque Nacional da Serra da Canastra; Capão Forro, Floresta Estacional Semidecidual"
"PARQUE NACIONAL SERRA DA CANASTRA","Angiosperms","Thelypteridaceae","Christella","hispidula","(Decne.) Holttum","THELYPTERIDACEAE Christella hispidula (Decne.) Holttum","104485","x","BHCB","Salino, A.","11616","Native","2007","Almeida, T.E.",,"Ouro","Ouro",,,"Parque Nacional da Serra da Canastra; Capão Forro, Área de Cerrado com Floresta Estacional Semidecidual"
"PARQUE NACIONAL SERRA DA CANASTRA","Angiosperms","Thelypteridaceae","Goniopteris","biformata","(Rosenst.) Salino & T.E.Almeida","THELYPTERIDACEAE Goniopteris biformata (Rosenst.) Salino & T.E.Almeida","104499","x","BHCB","Salino, A.","11630","Native","2007","Salino, A.",,"Ouro","Ouro",,,"Parque Nacional da Serra da Canastra; Capão Forro, Área de Cerrado com Floresta Estacional Semidecidual chengando a margem de rio e Mata de Galeria"
"PARQUE NACIONAL SERRA DA CANASTRA","Angiosperms","Thelypteridaceae","Steiropteris","hatschbachii","(A.R. Sm.) Salino & T.E. Almeida","THELYPTERIDACEAE Steiropteris hatschbachii (A.R. Sm.) Salino & T.E. Almeida","104477","x","BHCB","Salino, A.","11608","Native","2007","Salino, A.",,"Ouro","Ouro",,,"Parque Nacional da Serra da Canastra, Capão Forro, Cachoeira da Mata a 970m de altitude, Área de Cerrado com Floresta Estacional Semi-decidual chegando às margens do rio e Mata de Galeria."
"PARQUE NACIONAL SERRA DA CANASTRA","Angiosperms","Orchidaceae","Cattleya","pumila","Hook.","ORCHIDACEAE Cattleya pumila Hook.","CESJ085028","splink","CESJ","Batista, J.A.N.","1805","Native","2007","Batista, J.A.N.","2025","Ouro","Ouro",,"São Roque de Minas","Parque Nacional da Serra da Canastra, próximo à nascente do Rio São Francisco"
"PARQUE NACIONAL SERRA DA CANASTRA","Angiosperms","Polygalaceae","Senega","paniculata","(L.) J.F.B.Pastore & J.R.Abbott","POLYGALACEAE Senega paniculata (L.) J.F.B.Pastore & J.R.Abbott","8646","splink","CTBS","Romao, G.O.","2329","Native","2007","Pastore, J.F.B.","2025","Ouro","Ouro",,,"Parque Nacional da Serra da Canastra, trilha para a parte baixa da Cachoeira Casca d'Anta, acesso pela portaria 2. Mata ciliar e floresta estacional."
"PARQUE NACIONAL SERRA DA CANASTRA",,"Melastomataceae","Pleroma","canastrense","R.Romero, R.Pereira & P.J.F.Guim.","MELASTOMATACEAE Pleroma canastrense R.Romero, R.Pereira & P.J.F.Guim.","HUEFS0296373","splink","HUEFS","Santos, A.P.M.","403",,"2007","Romero, R.","2024","Ouro","Ouro",,"São Roque de Minas","Parque Nacional da Serra da Canastra, parte alta da Casca D'Anta."
"PARQUE NACIONAL SERRA DA CANASTRA","Angiosperms","Calophyllaceae","Kielmeyera","coriacea","Mart. & Zucc.","CALOPHYLLACEAE Kielmeyera coriacea Mart. & Zucc.","101048264","x","MO","Morokawa, R.","106","Native","2007","Trad, R.J.","2018","Ouro","Ouro",,,"Parque Nacional da Serra da Canastra, Cerrado, próximo a portaria de Sacramento."
"PARQUE NACIONAL SERRA DA CANASTRA","Angiosperms","Blechnaceae","Parablechnum","glaziovii","(Christ) Gasper & Salino","BLECHNACEAE Parablechnum glaziovii (Christ) Gasper & Salino","BHCB071733","splink","BHCB","Salino, A.","11585","Native","2007","Salino, A.","2016","Ouro","Ouro",,"São Roque de Minas","Parque Nacional da Serra da Canastra, Capão Forro. Cachoeira da Mata."
"PARQUE NACIONAL SERRA DA CANASTRA","Angiosperms","Blechnaceae","Parablechnum","proliferum","(Rosenst.) Gasper & Salino","BLECHNACEAE Parablechnum proliferum (Rosenst.) Gasper & Salino","BHCB071913","splink","BHCB","Salino, A.","11669","Native","2007","Salino, A.","2016","Ouro","Ouro",,"São Roque de Minas","Parque Nacional da Serra da Canastra"
"PARQUE NACIONAL SERRA DA CANASTRA","Angiosperms","Thelypteridaceae","Meniscium","arborescens","Humb. & Bonpl. ex Willd.","THELYPTERIDACEAE Meniscium arborescens Humb. & Bonpl. ex Willd.","104523","x","BHCB","Salino, A.","11654","Native","2007","Fernandes, R.S.","2014","Ouro","Ouro",,,"Parque Nacional da Serra da Canastra"
"PARQUE NACIONAL SERRA DA CANASTRA","Angiosperms","Thelypteridaceae","Meniscium","chrysodioides","Fée","THELYPTERIDACEAE Meniscium chrysodioides Fée","104524","x","BHCB","Salino, A.","11655","Native","2007","Fernandes, R.S.","2014","Ouro","Ouro",,,"Parque Nacional da Serra da Canastra; Capão de Mat"
"PARQUE NACIONAL SERRA DA CANASTRA","Angiosperms","Begoniaceae","Begonia","alchemilloides","Meisn. ex A.DC.","BEGONIACEAE Begonia alchemilloides Meisn. ex A.DC.","BHCB003928","splink","BHCB","Salino, A.","11607","Native","2007","Gregorio, B.S.","2012","Ouro","Ouro",,"São Roque de Minas","Parque Nacional da Serra da Canastra, Capão Forro, Cachoeira da Mata a 970m de altitude. Área de Cerrado com Floresta Estacional Semi-decidual chegando às margens do rio e Mata de Galeria"
"PARQUE NACIONAL SERRA DA CANASTRA","Angiosperms","Begoniaceae","Begonia","hirtella","Link","BEGONIACEAE Begonia hirtella Link","BHCB003918","splink","BHCB","Feliciano, C.D.","30","Native","2007","Gregorio, B.S.","2012","Ouro","Ouro",,"São Roque de Minas","Parque Nacional da Serra da Canastra, São José do Barreiro. Acesso pela portaria Casca D´anta. Trilha para a cachoeira Casca D´anta."
"PARQUE NACIONAL SERRA DA CANASTRA","Angiosperms","Orchidaceae","Habenaria","canastrensis","J.A.N.Bat. & B.M.Carvalho","ORCHIDACEAE Habenaria canastrensis J.A.N.Bat. & B.M.Carvalho","BHCB5412","splink","BHCB","Batista, J.A.N.","1806","Native","2007","Batista, J.A.N.","2010","Ouro","Ouro",,"São Roque de Minas","Parque Nacional da Serra da Canastra, Parque Nacional da Serra da Canastra, 6,9 km a partir da portaria principal de São Roque de Minas, em direção a Sacramento, cerca de 1.1-1.3 km após a nascente do Rio São Francisco."
"PARQUE NACIONAL SERRA DA CANASTRA","Angiosperms","Apocynaceae","Mandevilla","novocapitalis","Markgr.","APOCYNACEAE Mandevilla novocapitalis Markgr.","150577","splink","UEC","Morokawa, R.","188","Native","2007","Morokawa, R.","2008","Ouro","Ouro",,"São Roque de Minas","Parque Nacional da Serra da Canastra, Estrada da portaria de São Roque de Minas a Sacramento, campo limpo."
"PARQUE NACIONAL SERRA DA CANASTRA","Angiosperms","Clusiaceae","Clusia","criuva","Cambess.","CLUSIACEAE Clusia criuva subsp. criuva Cambess.","UEC141674","splink","UEC","Caddah, M.K.","224","Native","2007","Bittrich, V.","2008","Ouro","Ouro",,"São Roque de Minas","Parque Nacional da Serra da Canastra, Nascente do rio São Francisco"
"PARQUE NACIONAL SERRA DA CANASTRA","Angiosperms","Ericaceae","Agarista","oleifolia","(Cham.) G.Don","ERICACEAE Agarista oleifolia var. oleifolia (Cham.) G.Don","173358","x","UEC","Romao, G.O.","2285","Native","2007","Romao, G.O.","2007","Ouro","Ouro",,,"Parque Nacional da Serra da Canastra, estrada para parte alta da Cachoeira Casca D'anta, próximo à nascente do Rio São Francisco."
"PARQUE NACIONAL SERRA DA CANASTRA","Angiosperms","Orchidaceae","Cyanaeorchis","praetermisa","J.A.N.Bat. & Bianch.","ORCHIDACEAE Cyanaeorchis praetermisa J.A.N.Bat. & Bianch.","BHCB001131","splink","BHCB","Batista, J.A.N.","2342","Native","2007","Batista, J.A.N.","2007","Ouro","Ouro",,"São Roque de Minas","Parque Nacional da Serra da Canastra, 37 km a partir da portaria principal de São Roque de Minas, em direção a Sacramento, cerca de 16,1 km após a entrada da Casca D'Anta"
"PARQUE NACIONAL SERRA DA CANASTRA","Angiosperms","Orchidaceae","Habenaria","montis-wilhelminae","Renz","ORCHIDACEAE Habenaria montis-wilhelminae Renz","CEN00101388","splink","CEN","Batista, J.A.N.","1800","Native","2007","Batista, J.A.N.","2007","Ouro","Ouro",,"São Roque de Minas","Parque Nacional da Serra da Canastra. Entre a portaria principal a partir de São Roque de Minas e a nascente do Rio São Francisco. Lat: 20.15407 S; Long: 46.25373 W"
"PARQUE NACIONAL SERRA DA CANASTRA","Angiosperms","Orchidaceae","Liparis","cogniauxiana","(Cogn.) F.Barros & L.R.S.Guim.","ORCHIDACEAE Liparis cogniauxiana (Cogn.) F.Barros & L.R.S.Guim.","BHCB001418","splink","BHCB","Batista, J.A.N.","1820","Native","2007","Batista, J.A.N.","2007","Ouro","Ouro",,"São Roque de Minas","Parque Nacional da Serra da Canastra, cerca de 30"
"PARQUE NACIONAL SERRA DA CANASTRA","Angiosperms","Orchidaceae","Malaxis","excavata","(Lindl.) Kuntze","ORCHIDACEAE Malaxis excavata (Lindl.) Kuntze","BHCB001426","splink","BHCB","Batista, J.A.N.","2345","Native","2007","Batista, J.A.N.","2007","Ouro","Ouro",,"São Roque de Minas","Parque Nacional da Serra da Canastra, cerca de 30"
"PARQUE NACIONAL SERRA DA CANASTRA","Angiosperms","Amaryllidaceae","Hippeastrum","diniz-cruziae","Dutilh & Semir","AMARYLLIDACEAE Hippeastrum diniz-cruziae Dutilh & Semir","HUFU00070291","splink","HUFU","Fleury-Silva, H.R.","247","Native","2005","Oliveira, R.S.","2013","Ouro","Ouro",,"São Roque de Minas","Parque Nacional da Serra da Canastra, Morro próximo do alojamento."
"PARQUE NACIONAL SERRA DA CANASTRA","Angiosperms","Euphorbiaceae","Astraea","subcomosa","(Müll.Arg) Caruzo","EUPHORBIACEAE Astraea subcomosa (Müll.Arg) Caruzo","RB00122980","x","RB","Mello-Silva, R.","2703","Native","2004","Silva, O.L.M.","2023","Ouro","Ouro",,,"Serra da Canastra. São Domingos. Encosta do ribeirão São Domingos em trilha para o alto da serra. Parque Nacional da Serra da Canastra"
"PARQUE NACIONAL SERRA DA CANASTRA","Angiosperms","Asteraceae","Wedelia",,"Jacq.","ASTERACEAE Wedelia Jacq.","UB1024951",,"UB","Nakajima, J.N.","3806","Native","2003",,,"Ouro","Ouro",,"Delfinópolis","Faz. Zé Antunes - Trilha para as cachoeiras. Parque Nacional da Serra da Canastra."
"PARQUE NACIONAL SERRA DA CANASTRA","Angiosperms","Euphorbiaceae","Bernardia","similis","Pax & K.Hoffm.","EUPHORBIACEAE Bernardia similis Pax & K.Hoffm.","SP0369682","splink","SP","Romero, R.","6963","Native","2003","Cordeiro, I.",,"Ouro","Ouro",,"Delfinópolis","Parque Nacional da Serra da Canastra, Faz.Zé Antunes - """"Escada de Pedras"""". Campo rupe"
"PARQUE NACIONAL SERRA DA CANASTRA","Angiosperms","Phyllanthaceae","Hieronyma","alchorneoides","Allemão","PHYLLANTHACEAE Hieronyma alchorneoides Allemão","SP0369678","splink","SP","Nakajima, J.N.","3772","Native","2003","Cordeiro, I.",,"Ouro","Ouro",,"Delfinópolis","Parque Nacional da Serra da Canastra, Estrada para """"Escada de pedras"""" - Vão na Faz. do José Onório. Mata de gal"
"PARQUE NACIONAL SERRA DA CANASTRA","Angiosperms","Rubiaceae","Amaioua","intermedia","Mart. ex Schult. & Schult.f.","RUBIACEAE Amaioua intermedia Mart. ex Schult. & Schult.f.","183793","x","UEC","Pacheco, R.A.","704","Native","2003","Cunha, J.","2026","Ouro","Ouro",,"Delfinópolis","Brasil, Minas Gerais, município de Delfinópolis, Parque Nacional da Serra da Canastra. Paraíso-Selvagem- Trilha 'Salto do Canyon'."
"PARQUE NACIONAL SERRA DA CANASTRA","Angiosperms","Rubiaceae","Cordiera","sessilis","(Vell.) Kuntze","RUBIACEAE Cordiera sessilis (Vell.) Kuntze","183575","x","UEC","Nakajima, J.N.","3763","Native","2003","Cunha, J.","2026","Ouro","Ouro",,,"Condomínio de Pedras - Parque Nacional da Serra da Canastra."
"PARQUE NACIONAL SERRA DA CANASTRA","Angiosperms","Asteraceae","Dimerostemma",,"Cass.","ASTERACEAE Dimerostemma Cass.","HUFU00057731","splink","HUFU","Romero, R.","6953","Native","2003","Nakajima, J.N.","2022","Ouro","Ouro",,"Delfinópolis","Parque Nacional da Serra da Canastra, Fazenda Zé Antunes, Escada de Pedras."
"PARQUE NACIONAL SERRA DA CANASTRA","Angiosperms","Gesneriaceae","Sinningia","aggregata","(Ker Gawl.) Wiehler","GESNERIACEAE Sinningia aggregata (Ker Gawl.) Wiehler","HUFU00039715","splink","HUFU","Romero, R.","6951","Native","2003","Chautems, A.","2022","Ouro","Ouro",,"Delfinópolis","Parque Nacional da Serra da Canastra, Fazenda Zé Antunes, Escada de Pedras."
"PARQUE NACIONAL SERRA DA CANASTRA","Angiosperms","Gesneriaceae","Sinningia","canastrensis","Chautems","GESNERIACEAE Sinningia canastrensis Chautems","UEC060517","splink","UEC","Martin-Gajardo, I.S.","22","Native","2003","Chautems, A.","2022","Ouro","Ouro",,,"Parque Nacional da Serra da Canastra, Próximo ao centro de visitantes, beira do rio."
"PARQUE NACIONAL SERRA DA CANASTRA","Angiosperms","Malpighiaceae","Byrsonima","clausseniana","A.Juss.","MALPIGHIACEAE Byrsonima clausseniana A.Juss.","378551","x","SP","Nakajima, J.N.","3740","Native","2003","Francener, A.","2015","Ouro","Ouro",,,"Parque Nacional da Serra da Canastra, Estrada para Escada de Pedras, Faz. José Onório"
"PARQUE NACIONAL SERRA DA CANASTRA","Angiosperms","Fabaceae","Jupunba","villosa","(Iganci & M.P.Morim)  M.V.B.Soares et al.","FABACEAE Jupunba villosa (Iganci & M.P.Morim) M.V.B.Soares et al.","RB00630242","x","RB","Nakajima, J.N.","3775","Native","2003","Iganci, J.R.V.","2012","Ouro","Ouro",,,"Estrada para ""Escada de pedras"", vão na Fazenda do José Onório. Parque Nacional da Serra da Canastra"
"PARQUE NACIONAL SERRA DA CANASTRA","Angiosperms","Rubiaceae","Palicourea","jungiana","C.M.Taylor","RUBIACEAE Palicourea jungiana C.M.Taylor","UEC073878","splink","UEC","Volpi, R.L.","786","Native","2003","Zappi, D.C.","2012","Ouro","Ouro",,"Delfinópolis","Parque Nacional da Serra da Canastra, Município de Delfinópolis, MInas Gerais. Paraíso Selvagem -Trilha ""Salto do Canyon."
"PARQUE NACIONAL SERRA DA CANASTRA","Angiosperms","Primulaceae","Cybianthus","cuneifolius","Mart.","PRIMULACEAE Cybianthus cuneifolius Mart.","RB00660292","x","RB","Pacheco, R.A.","716","Native","2003","Freitas, M.F.","2011","Ouro","Ouro",,,"Paraíso Selvagem, trilha ""Cachoeira do Alpinista"". Parque Nacional da Serra da Canastra."
"PARQUE NACIONAL SERRA DA CANASTRA","Angiosperms","Fabaceae","Andira","fraxinifolia","Benth.","FABACEAE Andira fraxinifolia Benth.","RB00605155","x","RB","Pacheco, R.A.","713","Native","2003","Lima, H.C.","2010","Ouro","Ouro",,,"Paraíso Selvagem - Trilha ""Cachoeira do Alpinista. Parque Nacional da Serra da Canastra."
"PARQUE NACIONAL SERRA DA CANASTRA","Angiosperms","Fabaceae","Swartzia","pilulifera","Benth.","FABACEAE Swartzia pilulifera Benth.","RB00604651","x","RB","Volpi, R.L.","785","Native","2003","Pinto, R.B.","2010","Ouro","Ouro",,,"Paraíso selvagem- trilha ""Salto do Canyon"". Parque Nacional da Serra da Canastra."
"PARQUE NACIONAL SERRA DA CANASTRA","Angiosperms","Vochysiaceae","Qualea","parviflora","Mart.","VOCHYSIACEAE Qualea parviflora Mart.","369692","splink","SP","Romero, R.","6986","Native","2003","Shimizu, G.H.","2008","Ouro","Ouro",,"Delfinópolis","Parque Nacional da Serra da Canastra, Faz. Zé Antunes, ""Escada de Pedras"""
"PARQUE NACIONAL SERRA DA CANASTRA","Angiosperms","Cyperaceae","Bulbostylis","junciformis","(Kunth) C.B.Clarke","CYPERACEAE Bulbostylis junciformis (Kunth) C.B.Clarke","369701","splink","SP","Volpi, R.L.","781","Native","2003","Prata, A.P.","2004","Ouro","Ouro",,"Delfinópolis","Parque Nacional da Serra da Canastra, Paraíso Selvagem, trilha Salto do Canyon"
"PARQUE NACIONAL SERRA DA CANASTRA","Angiosperms","Euphorbiaceae","Manihot","gracilis","Pohl","EUPHORBIACEAE Manihot gracilis Pohl","SP0369688","splink","SP","Romero, R.","7001","Native","2003","Cordeiro, I.","2004","Ouro","Ouro",,"Delfinópolis","Parque Nacional da Serra da Canastra, Condomínio de Pedras"""". Campo rupest"
"PARQUE NACIONAL SERRA DA CANASTRA","Angiosperms","Malvaceae","Peltaea","macedoi","Krapov. & Cristóbal","MALVACEAE Peltaea macedoi Krapov. & Cristóbal","SP0369654","splink","SP","Romero, R.","6950","Native","2003","Esteves, G.L.","2004","Ouro","Ouro",,"Delfinópolis","Parque Nacional da Serra da Canastra, Faz. Zé Antunes - Escada de Pedras"
"PARQUE NACIONAL SERRA DA CANASTRA","Angiosperms","Myrtaceae","Eugenia","ligustrina","(Sw.) Willd.","MYRTACEAE Eugenia ligustrina (Sw.) Willd.","UB1264566",,"UB","Pacheco, R.A.","717","Native","2003","Proenca, C.E.B.","2004","Ouro","Ouro",,"Delfinópolis","Parque Nacional da Serra da Canastra."
"PARQUE NACIONAL SERRA DA CANASTRA","Angiosperms","Asteraceae","Chromolaena","campestris","(DC.) R.M.King & H.Rob.","ASTERACEAE Chromolaena campestris (DC.) R.M.King & H.Rob.","RB00549789","x","RB","Fleury-Silva, H.R.","285","Native","2002","Nakajima, J.N.",,"Ouro","Ouro",,,"Parque Nacional Serra da Canastra."
"PARQUE NACIONAL SERRA DA CANASTRA","Angiosperms","Cyatheaceae","Cyathea","corcovadensis","(Raddi) Domin","CYATHEACEAE Cyathea corcovadensis (Raddi) Domin","107030","x","BHCB","Nakajima, J.N.","3257","Native","2002","Almeida, T.E.",,"Ouro","Ouro",,,"Parque Nacional da Serra do Canastra"
"PARQUE NACIONAL SERRA DA CANASTRA","Angiosperms","Euphorbiaceae","Microstachys","serrulata","(Mart.) F.Dietr","EUPHORBIACEAE Microstachys serrulata (Mart.) F.Dietr","K001385661","splink","K","Lima, L.R.","211","Native","2002",,,"Ouro","Ouro",,"São Roque de Minas","São Roque de Minas: Parque Nacional da Serra da Canastra, a ca. de 6 km da entrada do Parque pela portaria de São Roque de Minas."
"PARQUE NACIONAL SERRA DA CANASTRA","Angiosperms","Rubiaceae","Augusta","longifolia","(Spreng.) Rehder","RUBIACEAE Augusta longifolia (Spreng.) Rehder","UEC107596","splink","UEC","Pacheco, R.A.","217","Native","2002","Cunha, J.","2026","Ouro","Ouro",,"Delfinópolis","Paraiso Selvagem, Trilha para Cachoeira do Alpinista, Parque Nacional da Serra da Canastra."
"PARQUE NACIONAL SERRA DA CANASTRA","Angiosperms","Rubiaceae","Cordiera","concolor","(Cham.) Kuntze","RUBIACEAE Cordiera concolor (Cham.) Kuntze","UEC107745","splink","UEC","Duarte, P.C.","02","Native","2002","Cunha, J.","2026","Ouro","Ouro",,"São Roque de Minas","Guarita de Sacramento. Parque Nacional da Serra da Canastra."
"PARQUE NACIONAL SERRA DA CANASTRA","Angiosperms","Convolvulaceae","Ipomoea","pinifolia","Meisn.","CONVOLVULACEAE Ipomoea pinifolia Meisn.","28668","x","HUFU","Nakajima, J.N.","3225","Native","2002","Simao-Bianchini, R.","2019","Ouro","Ouro",,,"Parque Nacional da Serra da Canastra, Trilha do Zé Carlinho, subida para Serra do Cemitério."
"PARQUE NACIONAL SERRA DA CANASTRA","Angiosperms","Cyperaceae","Bulbostylis","jacobinae","(Steud.) Lindm.","CYPERACEAE Bulbostylis jacobinae (Steud.) Lindm.","30341","x","HUFU","Pacheco, R.A.","299","Native","2002","Trevisan, R.","2019","Ouro","Ouro",,,"Parque Nacional da Serra da Canastra"
"PARQUE NACIONAL SERRA DA CANASTRA","Angiosperms","Cyperaceae","Bulbostylis","sphaerocephala","(Boeckeler) C.B.Clarke","CYPERACEAE Bulbostylis sphaerocephala (Boeckeler) C.B.Clarke","30352","x","HUFU","Pacheco, R.A.","288","Native","2002","Trevisan, R.","2019","Ouro","Ouro",,,"Parque Nacional da Serra da Canastra"
"PARQUE NACIONAL SERRA DA CANASTRA","Angiosperms","Cyperaceae","Lagenocarpus","rigidus","Nees","CYPERACEAE Lagenocarpus rigidus Nees","30027","x","HUFU","Romero, R.","6599","Native","2002","Trevisan, R.","2019","Ouro","Ouro",,,"Parque Nacional da Serra da Canastra, Garagem de Pedra."
"PARQUE NACIONAL SERRA DA CANASTRA","Angiosperms","Cyperaceae","Lagenocarpus","rigidus","(Boeckeler) T.Koyama & Maguire","CYPERACEAE Lagenocarpus rigidus subsp. tenuifolius (Boeckeler) T.Koyama & Maguire","30546","x","HUFU","Pacheco, R.A.","343","Native","2002","Trevisan, R.","2019","Ouro","Ouro",,,"Parque Nacional da Serra da Canastra"
"PARQUE NACIONAL SERRA DA CANASTRA","Angiosperms","Cyperaceae","Rhynchospora",,"Vahl","CYPERACEAE Rhynchospora Vahl","29954","x","HUFU","Nakajima, J.N.","3266","Native","2002","Trevisan, R.","2019","Ouro","Ouro",,,"Parque Nacional da Serra da Canastra, Nascente do rio São Francisco."
"PARQUE NACIONAL SERRA DA CANASTRA","Angiosperms","Gleicheniaceae","Sticherus","lanuginosus","(Fée) Nakai","GLEICHENIACEAE Sticherus lanuginosus (Fée) Nakai","30152","x","HUFU","Duarte, P.C.","53","Native","2002","Lima, L.V.","2018","Ouro","Ouro",,,"Parque Nacional da Serra da Canastra, Trilha da Cachoeira Casca D'Anta."
"PARQUE NACIONAL SERRA DA CANASTRA","Angiosperms","Bignoniaceae","Amphilophium","mansoanum","(DC.) L.G.Lohmann","BIGNONIACEAE Amphilophium mansoanum (DC.) L.G.Lohmann","159294","x","SPF","Pontes, A.F.","543","Native","2002","Lohmann, L.G.","2016","Ouro","Ouro",,,"Parque Nacional da Serra da CanastraMata ciliar do rio São Francisco, na base da cachoeira Casca d'Anta, próximo a área do quiosques, no início da trilha para a cachoeira"
"PARQUE NACIONAL SERRA DA CANASTRA","Angiosperms","Solanaceae","Brunfelsia","brasiliensis","(Spreng.) L.B.Sm. & Downs","SOLANACEAE Brunfelsia brasiliensis (Spreng.) L.B.Sm. & Downs","BHCB015281","splink","BHCB","Lorenzi, H.","3165","Native","2002","Giacomin, L.L.","2015","Ouro","Ouro",,"São Roque de Minas","Parque Nacional da Serra da Canastra, Beira da estrada de Vargem Bonita para Piuí"
"PARQUE NACIONAL SERRA DA CANASTRA","Angiosperms","Melastomataceae","Microlicia","furnensis","R.Romero","MELASTOMATACEAE Microlicia furnensis R.Romero","SP003656","splink","SP","Romero, R.","6199","Native","2002","Romero, R.","2014","Ouro","Ouro",,"São Roque de Minas","Parque Nacional da Serra da Canastra, Chapadão de Furnas"
"PARQUE NACIONAL SERRA DA CANASTRA","Angiosperms","Phyllanthaceae","Phyllanthus","acutifolius","Poir. ex Spreng.","PHYLLANTHACEAE Phyllanthus acutifolius Poir. ex Spreng.","155811","x","SPF","Lima, L.R.","205","Native","2002","Cordeiro, I.","2014","Ouro","Ouro",,,"Parque Nacional da Serra da Canastra, Trilha na escarpa da Cachoeira Casca d#?#Anta, pela portaria Casca d#?#Anta"
"PARQUE NACIONAL SERRA DA CANASTRA",,"Iridaceae","Sisyrinchium","rectilineum","Ravenna","IRIDACEAE Sisyrinchium rectilineum Ravenna","ICN00043214","splink","ICN","Mello-Silva, R.","1965",,"2002","Eggers, L.","2013","Ouro","Ouro",,"Sacramento","Parque Nacional da Serra da Canastra. Estrada São Roque de Minas - Sacramento, a 44 km da portaria de São Roque de Minas"
"PARQUE NACIONAL SERRA DA CANASTRA","Angiosperms","Moraceae","Sorocea","hilarii","Gaudich.","MORACEAE Sorocea hilarii Gaudich.","RB00587701","x","RB","Pacheco, R.A.","221","Native","2002","Machado, A.F.P.","2011","Ouro","Ouro",,,"Paraíso Selvagem, Trilha para Cachoeira do Alpinista, Parque Nacional da Serra da Canastra."
"PARQUE NACIONAL SERRA DA CANASTRA","Angiosperms","Primulaceae","Cybianthus","peruvianus","(A.DC.) Miq.","PRIMULACEAE Cybianthus peruvianus (A.DC.) Miq.","RB00660315","x","RB","Pacheco, R.A.","227","Native","2002","Freitas, M.F.","2011","Ouro","Ouro",,,"Paraiso Selvagem, trilha para Cachoeira do Alpinista, Parque Nacional da Serra da Canastra."
"PARQUE NACIONAL SERRA DA CANASTRA","Angiosperms","Bromeliaceae","Tillandsia","tenuifolia","L.","BROMELIACEAE Tillandsia tenuifolia L.","RB00491215","x","RB","Pacheco, R.A.","231","Native","2002","Costa, A.","2007","Ouro","Ouro",,,"Paraiso Selvagem. Trilha para Cachoeira do Alpinista, Parque Nacional da Serra da Canastra. Parque Nacional da Serra da Canastra"
"PARQUE NACIONAL SERRA DA CANASTRA","Angiosperms","Dryopteridaceae","Lastreopsis","amplissima","(C.Presl) Tindale","DRYOPTERIDACEAE Lastreopsis amplissima (C.Presl) Tindale","28753","x","HUFU","Pacheco, R.A.","255","Native","2002","Salino, A.","2007","Ouro","Ouro",,,"Parque Nacional da Serra da Canastra, Paraíso Selvagem, trilha para Cachoeira do Alpinista."
"PARQUE NACIONAL SERRA DA CANASTRA","Angiosperms","Rubiaceae","Mitracarpus","hirtus","(L.) DC.","RUBIACEAE Mitracarpus hirtus (L.) DC.","UB1196493",,"UB","Nakajima, J.N.","3185","Native","2002","Souza, E.B.","2007","Ouro","Ouro",,"Delfinópolis","Trilha do Zé Carlinho, subida para Serra do Cemitério, Parque Nacional da Serra da Canastra."
"PARQUE NACIONAL SERRA DA CANASTRA","Angiosperms","Polygalaceae","Polygala",,"L.","POLYGALACEAE Polygala L.","30376","x","HUFU","Pacheco, R.A.","264","Native","2002","Pastore, J.F.","2005","Ouro","Ouro",,,"Parque Nacional da Serra da Canastra"
"PARQUE NACIONAL SERRA DA CANASTRA","Angiosperms","Xyridaceae","Xyris","filifolia","L.A.Nilsson","XYRIDACEAE Xyris filifolia L.A.Nilsson","375727","x","SP","Pontes, A.F.","552","Native","2002","Wanderley, M.G.L.","2005","Ouro","Ouro",,,"Parque Nacional da Serra da Canastra, nascentes do rio São Francisco"
"PARQUE NACIONAL SERRA DA CANASTRA",,"Melastomataceae","Cambessedesia","fasciculata","(Spreng.) Fidanza & A.B.Martins","MELASTOMATACEAE Cambessedesia fasciculata (Spreng.) Fidanza & A.B.Martins","UEC019465","splink","UEC","Romero, R.","6357",,"2002","Romero, R.","2002","Ouro","Ouro",,"São Roque de Minas","Parque Nacional da Serra da Canastra, Lagoa rodeada por plantação de Pinheiros."
"PARQUE NACIONAL SERRA DA CANASTRA","Angiosperms","Melastomataceae","Microlicia","flava","R.Romero","MELASTOMATACEAE Microlicia flava R.Romero","27002","x","HUFU","Romero, R.","6204","Native","2002","Romero, R.","2002","Ouro","Ouro",,,"Parque Nacional da Serra da Canastra, Chapadão de Furnas."
"PARQUE NACIONAL SERRA DA CANASTRA","Angiosperms","Orchidaceae","Habenaria","hamata","Barb.Rodr.","ORCHIDACEAE Habenaria hamata Barb.Rodr.","CEN00035070","splink","CEN","Batista, J.A.N.","1060","Native","2000","Batista, J.A.N.","2000","Ouro","Ouro",,"São Roque de Minas","Parque Nacional da Serra da Canastra. Na margem da estrada no caminho de subida entre São Roque de Minas e a portaria ""São Roque"" do Parque Nacional da Serra da Canastra."
"PARQUE NACIONAL SERRA DA CANASTRA","Angiosperms","Orchidaceae","Habenaria","nuda","Lindl.","ORCHIDACEAE Habenaria nuda var. nuda Lindl.","CEN00035073","splink","CEN","Batista, J.A.N.","1063","Native","2000","Batista, J.A.N.","2000","Ouro","Ouro",,"São Roque de Minas","Parque Nacional da Serra da Canastra. Área a direita da estrada São Roque de Minas - Sacramento, em direção a Sacramento, cerca de 4 km após a portaria São Roque."
"PARQUE NACIONAL SERRA DA CANASTRA","Angiosperms","Orobanchaceae","Agalinis","nana","S.I.Elias & V.C.Souza","OROBANCHACEAE Agalinis nana S.I.Elias & V.C.Souza","19629","x","HUFU","Elias, S.I.","325","Native","1999","Elias, S.I.",,"Ouro","Ouro",,,"Parque Nacional da Serra da Canastra, No campo em frente á nascente do Rio São Francisco."
"PARQUE NACIONAL SERRA DA CANASTRA","Ferns and Lycophytes","Polygalaceae","Monnina","stenophylla","A.St.-Hil. & Moq.","POLYGALACEAE Monnina stenophylla A.St.-Hil. & Moq.","HUEFS049059","x","HUEFS","Farinaccio, M.A.","402","Native","1999","Pastore, J.F.B.",,"Ouro","Ouro",,,"Parque Nacional da Serra da Canastra. Próximo a portaria de Sacramento , 67 km da área de desenvolvimento Jaguaré (Jaguri)."
"PARQUE NACIONAL SERRA DA CANASTRA","Angiosperms","Velloziaceae","Barbacenia","flava","Mart. ex Schult. & Schult.f.","VELLOZIACEAE Barbacenia flava Mart. ex Schult. & Schult.f.","K001242575","x","K","Mello-Silva, R.","1675",,"1999",,,"Ouro","Ouro",,"São Roque de Minas","São Roque de Minas: Parque Nacional da Serra da Canastra. Bordas da serra, na parte superior da cachoeira Casca d'Anta."
"PARQUE NACIONAL SERRA DA CANASTRA","Angiosperms","Velloziaceae","Vellozia","intermedia","Seub.","VELLOZIACEAE Vellozia intermedia Seub.","K003637186","x","K","Mello-Silva, R.","1701","Native","1999",,,"Ouro","Ouro",,"Sacramento","Sacramento: Parque Nacional da Serra da Canastra. 3 km da portaria de Sacramento, 64 km de Jaguaré (Jaguari)."
"PARQUE NACIONAL SERRA DA CANASTRA","Angiosperms","Malpighiaceae","Byrsonima","stannardii","W.R.Anderson","MALPIGHIACEAE Byrsonima stannardii W.R.Anderson","514833","splink","SP","Mello-Silva, R.","1677","Native","1999","Mamede, M.C.H.","2019","Ouro","Ouro",,"São Roque de Minas","Parque Nacional da Serra da Canastra, Trilha para a parte inferior da cachoeira Casca d'Anta, partindo ao alto da serra"
"PARQUE NACIONAL SERRA DA CANASTRA","Angiosperms","Myrtaceae","Myrcia","depauperata","Glaz. ex P.O.Rosa & Proença","MYRTACEAE Myrcia depauperata Glaz. ex P.O.Rosa & Proença","UPCB0042091","splink","UPCB","Mello-Silva, R.","1713","Native","1999","Lima, D.F.","2018","Ouro","Ouro",,"São Roque de Minas","Parque Nacional da Serra da Canastra."
"PARQUE NACIONAL SERRA DA CANASTRA","Angiosperms","Siparunaceae","Siparuna","brasiliensis","(Spreng.) A.DC.","SIPARUNACEAE Siparuna brasiliensis (Spreng.) A.DC.","RB01136661","x","RB","Mello-Silva, R.","1666","Native","1999","Peixoto, A.","2018","Ouro","Ouro",,,"Jaguarê (Jaguari). Parque Nacional da Serra da Canastra"
"PARQUE NACIONAL SERRA DA CANASTRA","Angiosperms","Acanthaceae","Justicia",,"L.","ACANTHACEAE Justicia L.","HRCB032885","splink","HRCB","Farinaccio, M.A.","343","Native","1999","Azevedo, I.H.F.","2015","Ouro","Ouro",,"São Roque de Minas","Parque Nacional da Serra da Canastra Parte de baixo da Casca D'Anta, trilha para a cachoeira"
"PARQUE NACIONAL SERRA DA CANASTRA","Angiosperms","Bignoniaceae","Cuspidaria","pulchra","(Cham.) L.G.Lohmann","BIGNONIACEAE Cuspidaria pulchra (Cham.) L.G.Lohmann","SPF00138410","splink","SPF","Mello-Silva, R.","1684","Native","1999","Lohmann, L.G.","2014","Ouro","Ouro",,"São Roque de Minas","Parque Nacional da Serra da CanastraTrilha para a parte inferior da cachoeira Casca d'Anta, partindo do alto da serra"
"PARQUE NACIONAL SERRA DA CANASTRA","Angiosperms","Bignoniaceae","Jacaranda","caroba","(Vell.) DC.","BIGNONIACEAE Jacaranda caroba (Vell.) DC.","137570","x","SPF","Farinaccio, M.A.","322","Native","1999","Lohmann, L.G.","2014","Ouro","Ouro",,,"Parque Nacional da Serra da CanastraCampo próximo à cachoeira dos Rolinhos"
"PARQUE NACIONAL SERRA DA CANASTRA","Angiosperms","Bignoniaceae","Jacaranda","jasminoides","(Thunb.) Sandwith","BIGNONIACEAE Jacaranda jasminoides (Thunb.) Sandwith","138409","x","SPF","Mello-Silva, R.","1686","Native","1999","Lohmann, L.G.","2014","Ouro","Ouro",,,"Parque Nacional da Serra da CanastraTrilha para a parte inferior da cachoeira Casca d'Anta, partindo do alto da serra"
"PARQUE NACIONAL SERRA DA CANASTRA","Angiosperms","Euphorbiaceae","Euphorbia","peperomioides","Boiss.","EUPHORBIACEAE Euphorbia peperomioides Boiss.","SPF00138568","splink","SPF","Costa, F.N.","119","Native","1999","Silva, O.L.M.","2013","Ouro","Ouro",,"São Roque de Minas","Parque Nacional da Serra da Canastra, Serra Brava."
"PARQUE NACIONAL SERRA DA CANASTRA","Angiosperms","Euphorbiaceae","Manihot","pruinosa","Pohl","EUPHORBIACEAE Manihot pruinosa Pohl","138474","x","SPF","Farinaccio, M.A.","395","Native","1999","Martins, M.","2011","Ouro","Ouro",,,"Parque Nacional da Serra da Canastra, Trilha para a parte inferior da cachoeira Casca d#?#Anta, partindo do alto da serra."
"PARQUE NACIONAL SERRA DA CANASTRA","Angiosperms","Symplocaceae","Symplocos","nitens","(Pohl) Benth.","SYMPLOCACEAE Symplocos nitens (Pohl) Benth.","NY00945380","splink","NY","Farinaccio, M.A.","410","Native","1999","Aranha Filho, J.L.M.","2004","Ouro","Ouro",,"Sacramento","Parque Nacional da Serra da Canastra. 10 km da portaria de Sacramento, 57 km da área de desenvolvimento Jaguaré (Jaguari)."
"PARQUE NACIONAL SERRA DA CANASTRA","Angiosperms","Asteraceae","Conyza","canadensis","(L.) Cronquist","ASTERACEAE Conyza canadensis (L.) Cronquist","UB00050424","x","UB","Romero, R.","4866","Native","1998","Teles, A.M.",,"Ouro","Ouro",,,"Estrada para Sacramento após o Curral de Pedras, Parque Nacional da Serra da Canastra"
"PARQUE NACIONAL SERRA DA CANASTRA","Angiosperms","Melastomataceae","Lavoisiera","canastrensis","Almeda & A.B.Martins","MELASTOMATACEAE Lavoisiera canastrensis Almeda & A.B.Martins","UEC108549","splink","UEC","Almeda, F.","7878","Native","1998",,,"Ouro","Ouro",,"São Roque de Minas","Parque Nacional da Serra da Canastra, morro próximo do alojamento. Campo rupestre."
"PARQUE NACIONAL SERRA DA CANASTRA","Angiosperms","Myrtaceae","Myrcia","lasiantha","DC.","MYRTACEAE Myrcia lasiantha DC.","ASU0055137","splink","ASU","Souza, V.C.","21253","Native","1998","Landrum, L.R.",,"Ouro","Ouro",,"Delfinópolis","Estrada entre Delfinopolis e o Parque Nacional da Serra da Canastra. Cerca de 5km antes da entrada do Parque."
"PARQUE NACIONAL SERRA DA CANASTRA","Angiosperms","Poaceae","Andropogon","virgatus","Desv.","POACEAE Andropogon virgatus Desv.","FLOR0038879","splink","FLOR","Araujo, A.C.","1106","Native","1998","Zanin, A.",,"Ouro","Ouro",,"São Roque de Minas","Parque Nacional da Serra da Canastra, estrada para Casca D´Anta, Serra Brava, campo próximo ao mirante."
"PARQUE NACIONAL SERRA DA CANASTRA","Angiosperms","Rubiaceae","Cordiera","rigida","(K.Schum.) Kuntze","RUBIACEAE Cordiera rigida (K.Schum.) Kuntze","183570","x","UEC","Romero, R.","4835","Native","1998","Borges, R.L.","2026","Ouro","Ouro",,,"Morro próximo a sede administrativa, ca, 3 km na estrada para Sacramento, Parque Nacional da serra da Canastra."
"PARQUE NACIONAL SERRA DA CANASTRA","Angiosperms","Convolvulaceae","Distimake","maragniensis","(Choisy) Petrongari & Sim.-Bianch.","CONVOLVULACEAE Distimake maragniensis (Choisy) Petrongari & Sim.-Bianch.","373160","splink","SP","Romero, R.","4861","Native","1998","Petrongari, F.S.","2021","Ouro","Ouro",,"São Roque de Minas","Parque Nacional da Serra da Canastra, estrada para Sacramento após o Curral de Pedras"
"PARQUE NACIONAL SERRA DA CANASTRA","Angiosperms","Bromeliaceae","Vriesea","sanfranciscana","Versieux & Wand.","BROMELIACEAE Vriesea sanfranciscana Versieux & Wand.","26126","x","HUFU","Romero, R.","4838","Native","1998","Versieux, L.","2020","Ouro","Ouro",,,"Parque Nacional da Serra da Canastra, Morro próximo a sede administrativa, cerca de 3km na estrada para Sacramento."
"PARQUE NACIONAL SERRA DA CANASTRA",,"Polygalaceae","Senega","minarum","(J.F.B.Pastore) J.F.B.Pastore","POLYGALACEAE Senega minarum (J.F.B.Pastore) J.F.B.Pastore","3772","splink","CTBS","Romero, R.","4915",,"1998","Pastore, J.F.B.","2020","Ouro","Ouro",,"São Roque de Minas","Morro após o córrego dos Passageiros, Parque Nacional da Serra da Canastra"
"PARQUE NACIONAL SERRA DA CANASTRA","Angiosperms","Lamiaceae","Hyptis","campestris","Harley & J.F.B.Pastore","LAMIACEAE Hyptis campestris Harley & J.F.B.Pastore","1753","splink","CTBS","Nakajima, J.N.","4883","Native","1998","Harley, R.M.","2017","Ouro","Ouro",,"São Roque de Minas","Estrada para Cachoeira dos Rolinhos, Parque Nacional da Serra da Canastra"
"PARQUE NACIONAL SERRA DA CANASTRA","Angiosperms","Asteraceae","Podocoma","bellidifolia","Baker","ASTERACEAE Podocoma bellidifolia Baker","17656","x","HUFU","Romero, R.","4818","Native","1998","Heiden, G.","2016","Ouro","Ouro",,,"Parque Nacional da Serra da Canastra, Estrada para a Serra da Chapada."
"PARQUE NACIONAL SERRA DA CANASTRA","Angiosperms","Fabaceae","Chamaecrista","caspariifolia","Barneby","FABACEAE Chamaecrista caspariifolia Barneby","SPF00162384","splink","SPF","Araujo, A.C.","1073","Native","1998","Rando, J.G.","2014","Ouro","Ouro",,"São Roque de Minas","Parque Nacional da Serra da Canastra"
"PARQUE NACIONAL SERRA DA CANASTRA","Angiosperms","Commelinaceae","Commelina","obliqua","Vahl","COMMELINACEAE Commelina obliqua Vahl","HURB000004762",,"HURB","Arce, D.V.","971","Native","1998","Aona, L.Y.S.","2013","Ouro","Ouro",,"São Roque de Minas","Parque Nacional da Serra da Canastra."
"PARQUE NACIONAL SERRA DA CANASTRA","Angiosperms","Fabaceae","Desmodium","leiocarpum","(Spreng.) G.Don","FABACEAE Desmodium leiocarpum (Spreng.) G.Don","132315","x","HUEFS","Sano, P.T.","930","Native","1998","Lima, L.C.P.","2011","Ouro","Ouro",,,"Parque Nacional da Serra da Canastra. Caminho para Cachoeira dos Rolinhos."
"PARQUE NACIONAL SERRA DA CANASTRA",,"Ochnaceae","Ouratea","spectabilis","(Mart.) Engl.","OCHNACEAE Ouratea spectabilis (Mart.) Engl.","CEN00072159","splink","CEN","Souza, V.C.","21240",,"1998","Chacon, R.G.","2011","Ouro","Ouro",,"Delfinópolis","Estrada entre Delfinópolis e o Parque Nacional da Serra da Canastra. Cerca de 5 Km antes da entrada do Parque. Beira de estrada em área de plantação de Pinus."
"PARQUE NACIONAL SERRA DA CANASTRA","Angiosperms","Arecaceae","Geonoma","schottiana","Mart.","ARECACEAE Geonoma schottiana Mart.","SPF00126566","splink","SPF","Fiaschi, P.","3","Native","1998","Henderson, A.","2009","Ouro","Ouro",,"São Roque de Minas","Parque Nacional da Serra da Canastra, Trilha para Casca d' Anta."
"PARQUE NACIONAL SERRA DA CANASTRA","Angiosperms","Euphorbiaceae","Microstachys","daphnoides","(Mart.) F.Dietr.","EUPHORBIACEAE Microstachys daphnoides (Mart.) F.Dietr.","134153","x","SPF","Farinaccio, M.A.","272","Native","1998","Cordeiro, I.","2008","Ouro","Ouro",,,"Parque Nacional da Serra da Canastra, Rio do Peixe, mata ciliar próxima a A.D. São Roque."
"PARQUE NACIONAL SERRA DA CANASTRA","Angiosperms","Bignoniaceae","Adenocalymma","pedunculatum","(Vell.) L.G.Lohmann","BIGNONIACEAE Adenocalymma pedunculatum (Vell.) L.G.Lohmann","SPF00134143","splink","SPF","Farinaccio, M.A.","252","Native","1998","Lohmann, L.G.","2006","Ouro","Ouro",,"São Roque de Minas","Parque Nacional da Serra da Canastra, Estrada para Retiro das Pedras, cerrado."
"PARQUE NACIONAL SERRA DA CANASTRA","Angiosperms","Convolvulaceae","Evolvulus","goyazensis","Dammer","CONVOLVULACEAE Evolvulus goyazensis Dammer","17645","x","HUFU","Romero, R.","4807","Native","1998","Simao-Bianchini, R.","2004","Ouro","Ouro",,,"Parque Nacional da Serra da Canastra, Estrada para a Serra da Chapada."
"PARQUE NACIONAL SERRA DA CANASTRA","Angiosperms","Polygalaceae","Senega",,"Spach","POLYGALACEAE Senega Spach","49250","x","CEN","Romero, R.","4915","Native","1998","Pastore, J.F.B.","2003","Ouro","Ouro",,,"Morro após o Córrego dos Passageiros, Parque Nacional da Serra da Canastra."
"PARQUE NACIONAL SERRA DA CANASTRA","Angiosperms","Myrtaceae","Myrcia","uberavensis","O.Berg","MYRTACEAE Myrcia uberavensis O.Berg","343127","splink","SP","Souza, V.C.","21253","Native","1998","Kawasaki, M.L.","2000","Ouro","Ouro",,"Delfinópolis","Estrada entre Delfinópolis e o Parque nacional da Serra da Canastra, ca. 5km antes da entrada do Parque, beira de estrada em área de plantação de Pinus, originalmente cerrado."
"PARQUE NACIONAL SERRA DA CANASTRA","Angiosperms","Asteraceae","Symphyopappus",,"Turcz.","ASTERACEAE Symphyopappus Turcz.","UFG0040236","splink","UFG","Romero, R.","4846","Native","1998","Nakajima, J.N.","1998","Ouro","Ouro",,"São Roque de Minas","Parque Nacional da Serra da Canastra"
"PARQUE NACIONAL SERRA DA CANASTRA","Angiosperms","Asteraceae","Calea","myrtifolia","(DC.) Baker","ASTERACEAE Calea myrtifolia (DC.) Baker","US 3492006","x","US","Nakajima, J.N.","2974","Native","1997",,,"Ouro","Ouro",,,"Corrego do Barbaro, Parque Nacional da Serra da Canastra, São Roque de Minas."
"PARQUE NACIONAL SERRA DA CANASTRA","Angiosperms","Asteraceae","Lessingianthus","pycnostachyus","(DC.) H.Rob.","ASTERACEAE Lessingianthus pycnostachyus (DC.) H.Rob.","126606","x","UB","Nakajima, J.N.","2306","Native","1997",,,"Ouro","Ouro",,,"Guarita de Sacramento, ca. 1km Parque Nacional Serra da Canastra."
"PARQUE NACIONAL SERRA DA CANASTRA","Angiosperms","Asteraceae","Mikania","acuminata","DC.","ASTERACEAE Mikania acuminata DC.","MBM226237","splink","MBM","Lombardi, J.A.","1869","Native","1997","Robinson, H.",,"Ouro","Ouro",,"São Roque de Minas","Parque Nacional Serra da Canastra."
"PARQUE NACIONAL SERRA DA CANASTRA","Angiosperms","Asteraceae","Pseudobrickellia",,"R.M.King & H.Rob.","ASTERACEAE Pseudobrickellia R.M.King & H.Rob.","HUFU00058545","splink","HUFU","Nakajima, J.N.","2695","Native","1997","Nakajima, J.N.",,"Ouro","Ouro",,"São Roque de Minas","Parque Nacional da Serra da Canastra, Estrada para o Vale dos Cândidos, Garagem de Pedras."
"PARQUE NACIONAL SERRA DA CANASTRA","Angiosperms","Asteraceae","Richterago","arenaria","(Baker) Roque","ASTERACEAE Richterago arenaria (Baker) Roque","K001100067","x","K","Nakajima, J.N.","2844","Native","1997",,,"Ouro","Ouro",,,"Chapadão do Diamante, final da estrada, Parque Nacional da Serra da Canastra."
"PARQUE NACIONAL SERRA DA CANASTRA","Angiosperms","Blechnaceae","Blechnum","xcaudatum","Cav.","BLECHNACEAE Blechnum xcaudatum Cav.","37665","x","BHCB","Salino, A.","3197","Native","1997","Dittrich, V.A.O.",,"Ouro","Ouro",,,"Parque Nacional da Serra da Canastra, Casca Danta."
"PARQUE NACIONAL SERRA DA CANASTRA","Angiosperms","Blechnaceae","Lomaridium","plumieri","(Desv.) C. Presl","BLECHNACEAE Lomaridium plumieri (Desv.) C. Presl","37666","x","BHCB","Salino, A.","3198","Native","1997","Dittrich, V.A.O.",,"Ouro","Ouro",,,"Parque Nacional da Serra da Canastra"
"PARQUE NACIONAL SERRA DA CANASTRA","Angiosperms","Blechnaceae","Lomariocycas","schomburgkii","(Klotzsch) Gasper & A.R. Sm.","BLECHNACEAE Lomariocycas schomburgkii (Klotzsch) Gasper & A.R. Sm.","37638","x","BHCB","Salino, A.","3170","Native","1997","Dittrich, V.A.O.",,"Ouro","Ouro",,,"Parque Nacional da Serra da Canastra"
"PARQUE NACIONAL SERRA DA CANASTRA","Angiosperms","Blechnaceae","Parablechnum","cordatum","(Desv.) Gasper & Salino","BLECHNACEAE Parablechnum cordatum (Desv.) Gasper & Salino","37706","x","BHCB","Salino, A.","3238","Native","1997","Dittrich, V.A.O.",,"Ouro","Ouro",,,"Parque Nacional da Serra da Canastra"
"PARQUE NACIONAL SERRA DA CANASTRA","Angiosperms","Cyatheaceae","Cyathea","delgadii","Pohl. ex Sternb.","CYATHEACEAE Cyathea delgadii Pohl. ex Sternb.","37640","x","BHCB","Salino, A.","3172","Native","1997","Salino, A.",,"Ouro","Ouro",,,"Parque Nacional da Serra da Canastra"
"PARQUE NACIONAL SERRA DA CANASTRA","Angiosperms","Dryopteridaceae","Elaphoglossum","burchellii","(Baker) C.Chr.","DRYOPTERIDACEAE Elaphoglossum burchellii (Baker) C.Chr.","37687","x","BHCB","Salino, A.","3219","Native","1997","Salino, A.",,"Ouro","Ouro",,,"Parque Nacional da Serra da Canastra, Casca Danta."
"PARQUE NACIONAL SERRA DA CANASTRA","Angiosperms","Dryopteridaceae","Elaphoglossum","horridulum","(Kaulf.) J.Sm.","DRYOPTERIDACEAE Elaphoglossum horridulum (Kaulf.) J.Sm.","37693","x","BHCB","Salino, A.","3225","Native","1997","Salino, A.",,"Ouro","Ouro",,,"Parque Nacional da Serra da Canastra, Casca Dánta."
"PARQUE NACIONAL SERRA DA CANASTRA","Angiosperms","Dryopteridaceae","Elaphoglossum","vagans","(Mett. ex Kuhn) Hieron.","DRYOPTERIDACEAE Elaphoglossum vagans (Mett. ex Kuhn) Hieron.","37650","x","BHCB","Salino, A.","3182","Native","1997","Salino, A.",,"Ouro","Ouro",,,"Parque Nacional da Serra da Canastra"
"PARQUE NACIONAL SERRA DA CANASTRA","Angiosperms","Euphorbiaceae","Microstachys","ditassoides","(Didr.) Esser","EUPHORBIACEAE Microstachys ditassoides (Didr.) Esser","SP0488648","splink","SP","Romero, R.","4737","Native","1997","Cordeiro, I.",,"Ouro","Ouro",,"São Roque de Minas","Parque Nacional da Serra da Canastra, Chapadão da Zagaia de frente para a Serra das Sete Voltas, após a torre de observação"
"PARQUE NACIONAL SERRA DA CANASTRA","Angiosperms","Melastomataceae","Chaetostoma",,"DC.","MELASTOMATACEAE Chaetostoma DC.","K000957376","x","K","Romero, R.","3894","Native","1997",,,"Ouro","Ouro",,,"Parque Nacional da Serra da Canastra."
"PARQUE NACIONAL SERRA DA CANASTRA","Angiosperms","Melastomataceae","Microlicia","viminalis","(DC.) Triana","MELASTOMATACEAE Microlicia viminalis (DC.) Triana","US 3644378","x","US","Romero, R.","4491","Native","1997",,,"Ouro","Ouro",,,"Chapadão do Diamante, Parque Nacional da Serra da Canastra"
"PARQUE NACIONAL SERRA DA CANASTRA","Angiosperms","Monimiaceae","Macropeplus","ligustrinus","(Tul.) Perkins","MONIMIACEAE Macropeplus ligustrinus (Tul.) Perkins","RB01138058","x","RB","Nakajima, J.N.","2667","Native","1997","Lirio",,"Ouro","Ouro",,,"Estrada São Roque-Sacramento, nascente do córrego do Quilombo (três matas), Parque Nacional da Serra da Canastra Parque Nacional da Serra da Canastra"
"PARQUE NACIONAL SERRA DA CANASTRA","Angiosperms","Piperaceae","Peperomia",,"Ruiz & Pav.","PIPERACEAE Peperomia Ruiz & Pav.","RB00533766","x","RB","Lombardi, J.A.","1832","Native","1997",,,"Ouro","Ouro",,,"Parque Nacional da Serra da Canastra."
"PARQUE NACIONAL SERRA DA CANASTRA","Angiosperms","Piperaceae","Piper","lhotzkyanum","Kunth","PIPERACEAE Piper lhotzkyanum Kunth","RB00300645","x","RB","Lombardi, J.A.","1830","Native","1997","Guimaraes, E.",,"Ouro","Ouro",,,"Parque Nacional da Serra da Canastra. Parque Nacional da Serra da Canastra"
"PARQUE NACIONAL SERRA DA CANASTRA","Angiosperms","Thelypteridaceae","Amauropelta","amambayensis","(Christ) Salino & A.R.Sm.","THELYPTERIDACEAE Amauropelta amambayensis (Christ) Salino & A.R.Sm.","37661","x","BHCB","Salino, A.","3193","Native","1997","Salino, A.",,"Ouro","Ouro",,,"Parque Nacional da Serra da Canastra; Casca Danta"
"PARQUE NACIONAL SERRA DA CANASTRA","Angiosperms","Thelypteridaceae","Amauropelta","pachyrhachis","(Kunze ex Mett.) Salino & T.E.Almeida","THELYPTERIDACEAE Amauropelta pachyrhachis (Kunze ex Mett.) Salino & T.E.Almeida","37670","x","BHCB","Salino, A.","3202","Native","1997","Salino, A.",,"Ouro","Ouro",,,"Parque Nacional da Serra da Canastra"
"PARQUE NACIONAL SERRA DA CANASTRA","Angiosperms","Thelypteridaceae","Amauropelta","raddii","(Rosenst.) Salino & T.E.Almeida","THELYPTERIDACEAE Amauropelta raddii (Rosenst.) Salino & T.E.Almeida","37669","x","BHCB","Salino, A.","3201","Native","1997","Salino, A.",,"Ouro","Ouro",,,"Parque Nacional da Serra da Canastra, Casca D´anta."
"PARQUE NACIONAL SERRA DA CANASTRA","Angiosperms","Thelypteridaceae","Macrothelypteris","torresiana","(Gaudich.) Ching","THELYPTERIDACEAE Macrothelypteris torresiana (Gaudich.) Ching","37663","x","BHCB","Salino, A.","3195","Native","1997","Salino, A.",,"Ouro","Ouro",,,"Parque Nacional da Serra da Canastra"
"PARQUE NACIONAL SERRA DA CANASTRA","Angiosperms","Thelypteridaceae","Pelazoneuron","patens","Sw.) A.R. Sm. & S.E. Fawc.","THELYPTERIDACEAE Pelazoneuron patens Sw.) A.R. Sm. & S.E. Fawc.","37655","x","BHCB","Salino, A.","3187","Native","1997","Salino, A.",,"Ouro","Ouro",,,"Parque Nacional da Serra da Canastra"
"PARQUE NACIONAL SERRA DA CANASTRA","Angiosperms","Thelypteridaceae","Steiropteris","leprieurii","(Hook.) Pic.Serm.","THELYPTERIDACEAE Steiropteris leprieurii (Hook.) Pic.Serm.","37671","x","BHCB","Salino, A.","3203","Native","1997","Salino, A.",,"Ouro","Ouro",,,"Parque Nacional da Serra da Canastra"
"PARQUE NACIONAL SERRA DA CANASTRA","Angiosperms","Asteraceae","Stevia","claussenii","Sch.Bip. ex Baker","ASTERACEAE Stevia claussenii Sch.Bip. ex Baker","13898","x","HUFU","Romero, R.","3899","Native","1997","Nakajima, J.N.","2026","Ouro","Ouro",,,"Parque Nacional da Serra da Canastra, Trilha para a parte de baixo da cachoeira Casca D`Anta."
"PARQUE NACIONAL SERRA DA CANASTRA","Angiosperms","Rubiaceae","Borreria","schumannii","(Standl. ex Bacigalupo) E.L.Cabral & Sobrado","RUBIACEAE Borreria schumannii (Standl. ex Bacigalupo) E.L.Cabral & Sobrado","UEC011205","splink","UEC","Nakajima, J.N.","2984","Native","1997","Cunha, J.","2026","Ouro","Ouro",,"São Roque de Minas","Brasil Minas Gerais, São Roque de Minas, Parque Nacional da Serra da Canastra, Córrego do Bárbaro."
"PARQUE NACIONAL SERRA DA CANASTRA","Angiosperms","Rubiaceae","Rudgea","viburnoides","(Cham.) Benth.","RUBIACEAE Rudgea viburnoides (Cham.) Benth.","UEC114065","splink","UEC","Romero, R.","4302","Native","1997","Borges, R.L.","2026","Ouro","Ouro",,"São Roque de Minas","Parque Nacional Serra da Canastra, São Roque de Minas,ale dos Candidos"
"PARQUE NACIONAL SERRA DA CANASTRA","Ferns and Lycophytes","Monimiaceae","Mollinedia","schottiana","(Spreng.) Perkins","MONIMIACEAE Mollinedia schottiana (Spreng.) Perkins","BHCB010780","splink","BHCB","Lombardi, J.A.","1922","Native","1997","Lirio, E.J.","2025","Ouro","Ouro",,"São Roque de Minas","Parque Nacional da Serra da Canastra, Junto ao Rio São Francisco, cachoeira Casca D'anta"
"PARQUE NACIONAL SERRA DA CANASTRA","Angiosperms","Rubiaceae","Palicourea","tenerior","(Cham.) Delprete & J.H.Kirkbr.","RUBIACEAE Palicourea tenerior (Cham.) Delprete & J.H.Kirkbr.","3185099","splink","MO","Lombardi, J.A.","1863","Native","1997","Taylor, C.M.","2024","Ouro","Ouro",,,"Parque Nacional da Serra da Canastra, Sao Roque de Minas. Capao de mata entre campo limpo. Bahitus: Arbusto, ca. 1 m."
"PARQUE NACIONAL SERRA DA CANASTRA","Angiosperms","Asteraceae","Chrysolaena","glandulosa","P.N.Soares & J.N.Nakaj.","ASTERACEAE Chrysolaena glandulosa P.N.Soares & J.N.Nakaj.","15841","x","HUFU","Nakajima, J.N.","2957","Native","1997","Nakajima, J.N.","2022","Ouro","Ouro",,,"Parque Nacional da Serra da Canastra, Estrada para Sacramento, próximo da Torre de observação."
"PARQUE NACIONAL SERRA DA CANASTRA","Angiosperms","Poaceae","Andropogon",,"L.","POACEAE Andropogon L.","BHCB015481","splink","BHCB","Romero, R.","4749","Native","1997","Viana, P.L.","2021","Ouro","Ouro",,"São Roque de Minas","Parque Nacional da Serra da Canastra, Chapadão da Zagaia de frente para a Serra das Sete Voltas, após a torre de observação"
"PARQUE NACIONAL SERRA DA CANASTRA","Angiosperms","Passifloraceae","Passiflora","actinia","Hook.","PASSIFLORACEAE Passiflora actinia Hook.","14433","x","HUFU","Nakajima, J.N.","2413","Native","1997","Nunes, T.S.","2020","Ouro","Ouro",,,"Parque Nacional da Serra da Canastra, Trilha para a parte de baixo da Cachoeira Casca D'Anta."
"PARQUE NACIONAL SERRA DA CANASTRA","Bryophytes","Fabaceae","Mimosa","somnians","Humb. & Bonpl. ex Willd.","FABACEAE Mimosa somnians Humb. & Bonpl. ex Willd.","14060","x","HUFU","Romero, R.","3965","Native","1997","Simon, M.","2017","Ouro","Ouro",,,"Parque Nacional da Serra da Canastra, Estrada para o Retiro de Pedras, próximo à divisa do Parque."
"PARQUE NACIONAL SERRA DA CANASTRA","Angiosperms","Gleicheniaceae","Sticherus","bifidus","(Willd.) Ching","GLEICHENIACEAE Sticherus bifidus (Willd.) Ching","HSTM012582",,"HSTM","Salino, A.","3216","Native","1997","Lima, L.V.","2017","Ouro","Ouro",,,"Parque Nacional da Serra da Canastra. Casca Danta."
"PARQUE NACIONAL SERRA DA CANASTRA","Angiosperms","Scrophulariaceae","Buddleja","stachyoides","Cham. & Schltdl.","SCROPHULARIACEAE Buddleja stachyoides Cham. & Schltdl.","BHCB024802","splink","BHCB","Lombardi, J.A.","1899","Native","1997","Coelho, G.P.","2017","Ouro","Ouro",,"São Roque de Minas","Parque Nacional da Serra da Canastra, Antes da Cabeceira do Rio São Francisco"
"PARQUE NACIONAL SERRA DA CANASTRA","Angiosperms","Asteraceae","Baccharis","oblongifolia","(Ruiz & Pav.) Pers.","ASTERACEAE Baccharis oblongifolia (Ruiz & Pav.) Pers.","56400","x","HUFU","Romero, R.","4484","Native","1997","Heiden, G.","2016","Ouro","Ouro",,,"Parque Nacional da Serra da Canastra, Chapadão do Diamante, vertente do Córrego da Mata."
"PARQUE NACIONAL SERRA DA CANASTRA","Angiosperms","Myrtaceae","Eugenia","sellowiana","DC.","MYRTACEAE Eugenia sellowiana DC.","UB1344231","splink","UB","Romero, R.","4430","Native","1997","Faria, J.E.Q.","2016","Ouro","Ouro",,"São Roque de Minas","3km da Guarita de Sacramento, Parque Nacional da Serra da Canastra."
"PARQUE NACIONAL SERRA DA CANASTRA","Angiosperms","Clusiaceae","Clusia","criuva","Cambess.","CLUSIACEAE Clusia criuva Cambess.","BHCB022914","splink","BHCB","Lombardi, J.A.","1881","Native","1997","Marinho, L.C.","2015","Ouro","Ouro",,"São Roque de Minas","Parque Nacional da Serra da Canastra"
"PARQUE NACIONAL SERRA DA CANASTRA",,"Solanaceae","Solanum","cladotrichum","Dunal","SOLANACEAE Solanum cladotrichum Dunal","BHCB032125","splink","BHCB","Nakajima, J.N.","2965",,"1997","Stehmann, J.R.","2015","Ouro","Ouro",,"São Roque de Minas","Parque Nacional da Serra da Canastra, Córrego do Bárbaro."
"PARQUE NACIONAL SERRA DA CANASTRA",,"Solanaceae","Solanum","isodynamum","Sendtn.","SOLANACEAE Solanum isodynamum Sendtn.","BHCB032139","splink","BHCB","Romero, R.","3956",,"1997","Stehmann, J.R.","2015","Ouro","Ouro",,"São Roque de Minas","Parque Nacional da Serra da Canastra, Estrada para o Retiro das Pedras, próximo a divisa do parque."
"PARQUE NACIONAL SERRA DA CANASTRA","Angiosperms","Solanaceae","Cestrum","pedicellatum","Sendtn.","SOLANACEAE Cestrum pedicellatum Sendtn.","BHCB032120","splink","BHCB","Romero, R.","4315","Native","1997","Stehmann, J.R.","2014","Ouro","Ouro",,"São Roque de Minas","Parque Nacional da Serra da Canastra, Vale dos Cândidos, próximo ao córrego das Posses."
"PARQUE NACIONAL SERRA DA CANASTRA","Angiosperms","Lauraceae","Persea","venosa","Nees & Mart.","LAURACEAE Persea venosa Nees & Mart.","HRCB060109","splink","HRCB","Nakajima, J.N.","2983","Native","1997","Moraes, P.","2013","Ouro","Ouro",,"São Roque de Minas","Córrego do Bárbaro Parque Nacional da Serra da Canastra"
"PARQUE NACIONAL SERRA DA CANASTRA","Angiosperms","Malpighiaceae","Byrsonima","dealbata","Griseb.","MALPIGHIACEAE Byrsonima dealbata Griseb.","UPCB0091032","splink","UPCB","Nakajima, J.N.","2716","Native","1997","Francener, A.","2013","Ouro","Ouro",,"São Roque de Minas","Parque Nacional da Serra da Canastra, estrada para o Vale dos Cândidos, Garagem das Pedras."
"PARQUE NACIONAL SERRA DA CANASTRA","Angiosperms","Asteraceae","Baccharis","crispa","Spreng.","ASTERACEAE Baccharis crispa Spreng.","MBM343277",,"MBM","Romero, R.","4277","Native","1997","Heiden, G.","2010","Ouro","Ouro",,"São Roque de Minas","Parque Nacional da Serra da Canastra, Nascente do Córrego do Barboro."
"PARQUE NACIONAL SERRA DA CANASTRA","Angiosperms","Amaranthaceae","Pfaffia","denudata","(Moq.) Kuntze","AMARANTHACEAE Pfaffia denudata (Moq.) Kuntze","103792","x","PACA","Nakajima","2626","Native","1997","Marchioretto, M.S.","2009","Ouro","Ouro",,,"Parque Nacional da Serra da Canastra, estr. p/ o sítio João Domingos."
"PARQUE NACIONAL SERRA DA CANASTRA","Angiosperms","Vochysiaceae","Vochysia","elliptica","Mart.","VOCHYSIACEAE Vochysia elliptica var. elliptica Mart.","15482","x","HUFU","Nakajima, J.N.","2584","Native","1997","Shimizu, G.H.","2008","Ouro","Ouro",,,"Parque Nacional da Serra da Canastra, Chapadão da Babilônia, lado voltado para Delfinópolis, próximo ao Vale do rio Santo Antônio."
"PARQUE NACIONAL SERRA DA CANASTRA","Angiosperms","Lamiaceae","Hyptis","tricephala","A.St.-Hil. ex Benth.","LAMIACEAE Hyptis tricephala A.St.-Hil. ex Benth.","49667","x","HUEFS","Lombardi, J.A.","1883","Native","1997","Harley, R.M.","2007","Ouro","Ouro",,,"Parque Nacional da Serra da Canastra."
"PARQUE NACIONAL SERRA DA CANASTRA","Angiosperms","Poaceae","Oplismenus","hirtellus","(L.) P.Beauv.","POACEAE Oplismenus hirtellus (L.) P.Beauv.","HUFU00035917","splink","HUFU","Nakajima, J.N.","2428","Native","1997","Viana, P.L.","2006","Ouro","Ouro",,"São Roque de Minas","Parque Nacional da Serra da Canastra, Trilha para a parte de baixo da Cachoeira Casca D'Anta."
"PARQUE NACIONAL SERRA DA CANASTRA","Angiosperms","Poaceae","Sporobolus",,"R.Br.","POACEAE Sporobolus R.Br.","16447","x","HUFU","Romero, R.","4743","Native","1997","Viana, P.L.","2006","Ouro","Ouro",,,"Parque Nacional da Serra da Canastra, Chapada do Zagaia de frente para a Serra das Sete Voltas, após a torre de observação."
"PARQUE NACIONAL SERRA DA CANASTRA","Angiosperms","Asteraceae","Senecio","brasiliensis","(Spreng.) Less.","ASTERACEAE Senecio brasiliensis (Spreng.) Less.","111850","x","UEC","Romero, R.","4641","Native","1997","Teles, A.M.","2005","Ouro","Ouro",,,"Estrada para Sacramento, 3km antes da estrada da Cachoeira casca D'Anta, Parque Nacional da Serra da Canastra."
"PARQUE NACIONAL SERRA DA CANASTRA","Angiosperms","Fabaceae","Eriosema","campestre","Benth.","FABACEAE Eriosema campestre var. campestre Benth.","VIC028247","splink","VIC","Romero, R.","4654","Native","1997","Filardi, F.L.R.","2005","Ouro","Ouro",,"São Roque de Minas","Parque Nacional da Serra da Canastra, Estrada para Sacramento, entrada para a Garagem de Pedras. Campo sujo."
"PARQUE NACIONAL SERRA DA CANASTRA","Angiosperms","Fabaceae","Mimosa","somnians","(Benth.) Barneby","FABACEAE Mimosa somnians var. leptocaulis (Benth.) Barneby","VIC037678","splink","VIC","Romero, R.","3965","Native","1997","Dutra, V.F.","2005","Ouro","Ouro",,"São Roque de Minas","Parque Nacional da Serra da Canastra, Estrada para o Retiro de Pedras, próximo à divisa do Parque. Campo limpo com afloramentos rochosos."
"PARQUE NACIONAL SERRA DA CANASTRA","Angiosperms","Asteraceae","Mikania","microdonta","DC.","ASTERACEAE Mikania microdonta DC.","131982","x","ICN","Nakajima, J.N.","2621","Native","1997","Ritter, M.R.","2004","Ouro","Ouro",,,"Guarita da Casca D'Anta parte de baixo Parque Nacional da Serra da Canastra"
"PARQUE NACIONAL SERRA DA CANASTRA","Angiosperms","Solanaceae","Cestrum","schlechtendalii","G.Don","SOLANACEAE Cestrum schlechtendalii G.Don","RB01220318","x","RB","Lombardi, J.A.","1837","Native","1997","Stehmann, J.R.","2004","Ouro","Ouro",,,"Parque Nacional da Serra da Canastra."
"PARQUE NACIONAL SERRA DA CANASTRA",,"Fabaceae","Mimosa","dolens","(Benth.) Barneby","FABACEAE Mimosa dolens subsp. rigida (Benth.) Barneby","15881","x","HUFU","Romero, R.","4547",,"1997","Garcia, F.C.P.","2003","Ouro","Ouro",,,"Parque Nacional da Serra da Canastra, Estrada para a Fazenda Fundão."
"PARQUE NACIONAL SERRA DA CANASTRA","Angiosperms","Polygalaceae","Senega","cuspidata","(A.W.Benn.) J.F.B.Pastore","POLYGALACEAE Senega cuspidata var. comata (A.W.Benn.) J.F.B.Pastore","CEN00049240","splink","CEN","Nakajima, J.N.","2416","Native","1997","Pastore, J.F.B.","2003","Ouro","Ouro",,"São Roque de Minas","Trilha para a parte de baixo da Cachoeira Casca D`Anta. Parque Nacional da Serra da Canastra."
"PARQUE NACIONAL SERRA DA CANASTRA","Angiosperms","Cyperaceae","Bulbostylis","emmerichiae","T.Koyama","CYPERACEAE Bulbostylis emmerichiae T.Koyama","344351","x","SP","Romero, R.","4030","Native","1997","Prata, A.P.","2000","Ouro","Ouro",,,"Parque Nacional da Serra da Canastra"
"PARQUE NACIONAL SERRA DA CANASTRA","Angiosperms","Orchidaceae","Cyanaeorchis","arundinae","(Rchb.f.) Barb.Rodr.","ORCHIDACEAE Cyanaeorchis arundinae (Rchb.f.) Barb.Rodr.","16416","x","HUFU","Nakajima, J.N.","2979","Native","1997","Batista, J.A.N.","2000","Ouro","Ouro",,,"Parque Nacional da Serra da Canastra, Córrego do Bárbaro."
"PARQUE NACIONAL SERRA DA CANASTRA","Angiosperms","Orchidaceae","Cyrtopodium","eugenii","Rchb.f.","ORCHIDACEAE Cyrtopodium eugenii Rchb.f.","15483","x","HUFU","Nakajima, J.N.","2587","Native","1997","Batista, J.A.N.","2000","Ouro","Ouro",,,"Parque Nacional da Serra da Canastra, Chapadão da Babilônia, lado voltado para Delfinópolis, próximo ao Vale do rio Santo Antônio."
"PARQUE NACIONAL SERRA DA CANASTRA","Angiosperms","Asteraceae","Richterago","discoidea","(Less.) Kuntze","ASTERACEAE Richterago discoidea (Less.) Kuntze","15571","x","HUFU","Nakajima, J.N.","2809","Native","1997","Roque, N.","1999","Ouro","Ouro",,,"Parque Nacional da Serra da Canastra, Estrada para o sítio do João Domingos."
"PARQUE NACIONAL SERRA DA CANASTRA","Angiosperms","Asteraceae","Calea","multiplinervia","Less.","ASTERACEAE Calea multiplinervia Less.","111871","x","UEC","Romero, R.","4748","Native","1997","Nakajima, J.N.","1998","Ouro","Ouro",,,"Chapadão da Zagaia de frente para a Serra das Sete Voltas, após a torre de observação. Parque Nacional da Serra da Canastra"
"PARQUE NACIONAL SERRA DA CANASTRA","Angiosperms","Asteraceae","Mikania","ternata","(Vell.) B.L.Rob.","ASTERACEAE Mikania ternata (Vell.) B.L.Rob.","HUFU00058436","splink","HUFU","Nakajima, J.N.","2430","Native","1997","Nakajima, J.N.","1998","Ouro","Ouro",,"São Roque de Minas","Parque Nacional da Serra da Canastra, Trilha da Cachoeira Casca D'Anta."
"PARQUE NACIONAL SERRA DA CANASTRA",,"Melastomataceae","Microlicia","albiflora","(Naudin) Versiane & R.Romero","MELASTOMATACEAE Microlicia albiflora (Naudin) Versiane & R.Romero","14073","x","HUFU","Romero, R.","4155",,"1997","Romero, R.","1998","Ouro","Ouro",,,"Parque Nacional da Serra da Canastra, Base do morro próximo a sede administrativa."
"PARQUE NACIONAL SERRA DA CANASTRA","Angiosperms","Rosaceae","Rubus","rosifolius","Sm.","ROSACEAE Rubus rosifolius var. rosifolius Sm.","330548","x","SP","Lombardi, J.A.","1903","Native","1997","Kiyama, C.Y.","1998","Ouro","Ouro",,,"Parque Nacional da Serra da Canastra, beira da estrada do rio São Francisco, ponte Nascente"
"PARQUE NACIONAL SERRA DA CANASTRA","Angiosperms","Asteraceae","Tilesia",,"G.Mey.","ASTERACEAE Tilesia G.Mey.","40305","splink","UFG","Nakajima, J.N.","s.n.","Native","1997","Nakajima, J.N.","1997","Ouro","Ouro",,"São Roque de Minas","Parque Nacional da Serra da Canastra"
"PARQUE NACIONAL SERRA DA CANASTRA",,"Melastomataceae","Microlicia","speciosa","Versiane & R.Romero","MELASTOMATACEAE Microlicia speciosa Versiane & R.Romero","HUFU00038999","splink","HUFU","Nakajima, J.N.","2403",,"1997","Romero, R.","1997","Ouro","Ouro",,"São Roque de Minas","Parque Nacional da Serra da Canastra, Trilha da parte de baixo da Cachoeira Casca d'Anta."
"PARQUE NACIONAL SERRA DA CANASTRA","Angiosperms","Verbenaceae","Lippia","rotundifolia","Cham.","VERBENACEAE Lippia rotundifolia Cham.","CESJ029904","splink","CESJ","Lombardi, J.A.","1885","Native","1997","Salimena, F.R.G.","1997","Ouro","Ouro",,"São Roque de Minas","Parque Nacional da Serra da Canastra, Alt.:1396 m. Vegetação arbustivo-arbórea junto ao córrego Santo Antônio."
"PARQUE NACIONAL SERRA DA CANASTRA","Angiosperms","Asteraceae","Ichthyothere",,"Mart.","ASTERACEAE Ichthyothere Mart.","1837","splink","DIAM","Romero, R.","3729","Native","1996","Nakajima, J.N.",,"Ouro","Ouro",,"São Roque de Minas","Serra das Sete Voltas, Parque Nacional da Serra da Canastra, São Roque de Minas"
"PARQUE NACIONAL SERRA DA CANASTRA","Angiosperms","Asteraceae","Lessingianthus","irwinii","(G.M.Barroso) H.Rob.","ASTERACEAE Lessingianthus irwinii (G.M.Barroso) H.Rob.","UB0056933",,"UB","Nakajima, J.N.","2148","Native","1996",,,"Ouro","Ouro",,"São Roque de Minas","Guarita de Sacramento, ca. 2km Parque Nacional da Serra da Canastra."
"PARQUE NACIONAL SERRA DA CANASTRA","Angiosperms","Asteraceae","Praxelis",,"Cass.","ASTERACEAE Praxelis Cass.","UEC137862","splink","UEC","Nakajima, J.N.","2516","Native","1996",,,"Ouro","Ouro",,"São Roque de Minas","Cachoeira Casca D' Anta, parte de cima nas ""piscinas"". Parque nacional da Serra da Canastra."
"PARQUE NACIONAL SERRA DA CANASTRA","Angiosperms","Asteraceae","Vernonia",,"Schreb.","ASTERACEAE Vernonia Schreb.","107078","x","UEC","Nakajima, J.N.","2530","Native","1996",,,"Ouro","Ouro",,,"Serra Brava, Parque Nacional da Serra da Canastra."
"PARQUE NACIONAL SERRA DA CANASTRA",,"Rubiaceae","Palicourea","subtriflora","(Müll.Arg.) Delprete","RUBIACEAE Palicourea subtriflora (Müll.Arg.) Delprete","UEC101554","splink","UEC","Nakajima, J.N.","2492",,"1996","Cunha, J.","2026","Ouro","Ouro",,"São Roque de Minas","Trilha da Cacoeira Casca D' Anta, Parque Nacional da Serra da Canastra,"
"PARQUE NACIONAL SERRA DA CANASTRA","Angiosperms","Fabaceae","Mimosa","distans","Benth.","FABACEAE Mimosa distans var. distans Benth.","HUFU00040572","splink","HUFU","Nakajima, J.N.","2141","Native","1996","Simon, M.","2024","Ouro","Ouro",,"São Roque de Minas","Parque Nacional da Serra da Canastra, Cachoeira dos Rolinhos."
"PARQUE NACIONAL SERRA DA CANASTRA","Angiosperms","Lamiaceae","Hyptidendron","asperrimum","(Spreng.) Harley","LAMIACEAE Hyptidendron asperrimum (Spreng.) Harley","CESJ069593","splink","CESJ","Romero, R.","3622","Native","1996","Antar, G.M.","2018","Ouro","Ouro",,"São Roque de Minas","Parque Nacional da Serra da Canastra, Chapadão do Diamante"
"PARQUE NACIONAL SERRA DA CANASTRA","Angiosperms","Apocynaceae","Aspidosperma","melanocalyx","Müll.Arg.","APOCYNACEAE Aspidosperma melanocalyx Müll.Arg.","150568","x","UEC","Nakajima, J.N.","2061","Native","1996","Marcondes-Ferreira, W.","2015","Ouro","Ouro",,,"Parque Nacional Serra da Canastra, Cachoeira dos Rolinhos, mata de encosta."
"PARQUE NACIONAL SERRA DA CANASTRA","Angiosperms","Cyperaceae","Trilepis",,"Nees","CYPERACEAE Trilepis Nees","UEC075612","splink","UEC","Nakajima, J.N.","2541","Native","1996","Thomas, W.W.","2014","Ouro","Ouro",,"São Roque de Minas","Parque Nacional da Serra da Canastra, Campo Rupestre."
"PARQUE NACIONAL SERRA DA CANASTRA","Angiosperms","Phyllanthaceae","Phyllanthus","niruri","L.","PHYLLANTHACEAE Phyllanthus niruri L.","SP0445072","splink","SP","Nakajima, J.N.","2536","Native","1996","Martins, E.R.","2013","Ouro","Ouro",,"São Roque de Minas","Parque Nacional da Serra da Canastra, Serra Brava. Campo rupestre"
"PARQUE NACIONAL SERRA DA CANASTRA","Angiosperms","Poaceae","Isachne",,"R. Br.","POACEAE Isachne R. Br.","HUFU00035880","splink","HUFU","Romero, R.","3651","Native","1996","Ferreira, F.M.","2013","Ouro","Ouro",,"Sacramento","Parque Nacional da Serra da Canastra, Guarita de Sacramento, caminho para córrego dos Coelhos."
"PARQUE NACIONAL SERRA DA CANASTRA","Angiosperms","Asteraceae","Trixis","nobilis","(Vell.) Katinas","ASTERACEAE Trixis nobilis (Vell.) Katinas","12597","x","HUFU","Nakajima, J.N.","1691","Native","1996","Monge, M.","2011","Ouro","Ouro",,,"Parque Nacional da Serra da Canastra, Estrada para o Retiro das Pedras próximo a entrada. Área degradada em beira de estrada."
"PARQUE NACIONAL SERRA DA CANASTRA","Angiosperms","Asteraceae","Baccharis","sphenophylla","Dusén ex Malme","ASTERACEAE Baccharis sphenophylla Dusén ex Malme","MBM343273",,"MBM","Romero, R.","3819","Native","1996","Heiden, G.","2010","Ouro","Ouro",,"São Roque de Minas","Parque Nacional da Serra da Canastra."
"PARQUE NACIONAL SERRA DA CANASTRA","Angiosperms","Apocynaceae","Vailia","picta","(Vahl) Morillo","APOCYNACEAE Vailia picta (Vahl) Morillo","140683","x","UEC","Nakajima, J.N.","2506","Native","1996","Rapini, A.","2008","Ouro","Ouro",,,"Parque Nacional da Serra da Canastra"
"PARQUE NACIONAL SERRA DA CANASTRA","Angiosperms","Vochysiaceae","Callisthene","major","Warm.","VOCHYSIACEAE Callisthene major var. pilosa Warm.","140675","x","UEC","Nakajima, J.N.","2451","Native","1996","Shimizu, G.H.","2007","Ouro","Ouro",,,"Cachoeira dos Rolinhos, Parque Nacional da Serra da Canastra."
"PARQUE NACIONAL SERRA DA CANASTRA","Angiosperms","Fabaceae","Andira","vermifuga","(Mart.) Benth.","FABACEAE Andira vermifuga (Mart.) Benth.","VIC027610","splink","VIC","Romero, R.","3624","Native","1996","Filardi, F.L.R.","2005","Ouro","Ouro",,"São Roque de Minas","Parque Nacional da Serra da Canastra, Chapadão do Diamante. Borda de mata de encosta, entre campo rupestre."
"PARQUE NACIONAL SERRA DA CANASTRA","Angiosperms","Fabaceae","Lupinus","coriaceus","Benth.","FABACEAE Lupinus coriaceus Benth.","VIC028268","splink","VIC","Romero, R.","3779","Native","1996","Filardi, F.L.R.","2005","Ouro","Ouro",,"São Roque de Minas","Parque Nacional da Serra da Canastra, Morro após a nascente do rio São Francisco. Campo rupestre, 1 mês após queimada."
"PARQUE NACIONAL SERRA DA CANASTRA","Angiosperms","Fabaceae","Lupinus","subsessilis","Benth.","FABACEAE Lupinus subsessilis Benth.","VIC028271","splink","VIC","Romero, R.","3764","Native","1996","Filardi, F.L.R.","2005","Ouro","Ouro",,"São Roque de Minas","Parque Nacional da Serra da Canastra, Vale da nascente do rio São Francisco, lada das matas. Campo limpo, 1 mês após queimada."
"PARQUE NACIONAL SERRA DA CANASTRA","Angiosperms","Fabaceae","Mimosa","falcipinna","Benth.","FABACEAE Mimosa falcipinna Benth.","VIC037680","splink","VIC","Nakajima, J.N.","2141","Native","1996","Dutra, V.F.","2005","Ouro","Ouro",,"São Roque de Minas","Parque Nacional da Serra da Canastra, Cachoeira dos Rolinhos. Campo limpo, borda de mata, solo pedregoso."
"PARQUE NACIONAL SERRA DA CANASTRA","Angiosperms","Orchidaceae","Epidendrum","dendrobioides","Thunb.","ORCHIDACEAE Epidendrum dendrobioides Thunb.","UEC064225","splink","UEC","Nakajima, J.N.","2448","Native","1996","Bianchetti, L.B.","2000","Ouro","Ouro",,"São Roque de Minas","Parque Nacional da Serra da Canastra, Córrego da nascente do rio São Francisco. Borda do córrego, entre rochas."
"PARQUE NACIONAL SERRA DA CANASTRA","Angiosperms","Asteraceae","Chromolaena","vindex","(DC.) R.M.King & H.Rob.","ASTERACEAE Chromolaena vindex (DC.) R.M.King & H.Rob.","13355","x","HUFU","Romero, R.","3767","Native","1996","Nakajima, J.N.","1998","Ouro","Ouro",,,"Parque Nacional da Serra da Canastra, Vale da nascente do Rio São Francisco, lado das matas."
"PARQUE NACIONAL SERRA DA CANASTRA","Angiosperms","Asteraceae","Lessingianthus","lacunosus","(Mart. ex DC.) H.Rob.","ASTERACEAE Lessingianthus lacunosus (Mart. ex DC.) H.Rob.","12591","x","HUFU","Nakajima, J.N.","1680","Native","1996","Nakajima, J.N.","1998","Ouro","Ouro",,,"Parque Nacional da Serra da Canastra, Estrada para o Retiro das Pedras."
"PARQUE NACIONAL SERRA DA CANASTRA","Angiosperms","Asteraceae","Mikania","lasiandrae","DC.","ASTERACEAE Mikania lasiandrae DC.","HUFU00058759","splink","HUFU","Nakajima, J.N.","1737","Native","1996","Nakajima, J.N.","1998","Ouro","Ouro",,"São Roque de Minas","Parque Nacional da Serra da Canastra, Morro próximo à sede administrativa."
"PARQUE NACIONAL SERRA DA CANASTRA","Angiosperms","Asteraceae","Praxelis","grandiflora","(DC.) Sch.Bip.","ASTERACEAE Praxelis grandiflora (DC.) Sch.Bip.","HUFU00058554","splink","HUFU","Nakajima, J.N.","1688","Native","1996","Nakajima, J.N.","1998","Ouro","Ouro",,"São Roque de Minas","Parque Nacional da Serra da Canastra, Estrada para o Retiro das Pedras próximo a entrada. Área degradada em beira de estrada."
"PARQUE NACIONAL SERRA DA CANASTRA","Angiosperms","Melastomataceae","Leandra","paulina","DC.","MELASTOMATACEAE Leandra paulina DC.","UEC044996","splink","UEC","Romero, R.","3806","Native","1996","Romero, R.","1996","Ouro","Ouro",,,"Estrada São Roque - Sacramentoo, próximo à torre de observação, parque Nacional da Serra da Canastra."
"PARQUE NACIONAL SERRA DA CANASTRA","Angiosperms","Asteraceae","Mikania","mosenii","Malme","ASTERACEAE Mikania mosenii Malme","131979","x","ICN","Nakajima, J.N.","1988","Native","1995","Nakajima, J.N.",,"Ouro","Ouro",,,"estrada para Sacramento vale da nascente do rio São Francisco PARNA Serra da Canastra"
"PARQUE NACIONAL SERRA DA CANASTRA","Angiosperms","Asteraceae","Porophyllum","angustissimum","Gardner","ASTERACEAE Porophyllum angustissimum Gardner","US01810923","splink","US","Nakajima, J.N.","1041","Native","1995",,,"Ouro","Ouro",,,"Estrada para a Cachoeira da Casca D'Anta, PARNA Serra da Canastra, Sao Roque de Minas."
"PARQUE NACIONAL SERRA DA CANASTRA","Angiosperms","Asteraceae","Vernonanthura","rigiophylla","(Kuntze) H.Rob.","ASTERACEAE Vernonanthura rigiophylla (Kuntze) H.Rob.","TEPB0017351","splink","TEPB","Nakajima, J.N.","1214","Native","1995",,,"Ouro","Ouro",,"São Roque de Minas","Estrada para o retiro das pedras, PARNA Serra da Canastra."
"PARQUE NACIONAL SERRA DA CANASTRA","Angiosperms","Eriocaulaceae","Syngonanthus","culcitosus","Echtern.","ERIOCAULACEAE Syngonanthus culcitosus Echtern.","9332","x","HUFU","Romero, R.","2407","Native","1995",,,"Ouro","Ouro",,,"Parque Nacional da Serra da Canastra, Nascente do rio São Francisco."
"PARQUE NACIONAL SERRA DA CANASTRA","Angiosperms","Loganiaceae","Spigelia","blanchetiana","A.DC.","LOGANIACEAE Spigelia blanchetiana A.DC.","K001062168","x","K","Romero, R.","1680","Native","1995","Zappi, D.",,"Ouro","Ouro",,,"3km da sede administrativa, Estrada para Sacramento, PARNA Serra da Canastra."
"PARQUE NACIONAL SERRA DA CANASTRA","Angiosperms","Rubiaceae","Declieuxia","oenanthoides","Mart. & Zucc. ex Schult. & Schult.f.","RUBIACEAE Declieuxia oenanthoides Mart. & Zucc. ex Schult. & Schult.f.","K001203729","x","K","Romero, R.","1761","Native","1995","Zappi, D.",,"Ouro","Ouro",,,"Garagem de pedras, Estrada para Sacramento; PARNA Serra da Canastra."
"PARQUE NACIONAL SERRA DA CANASTRA","Angiosperms","Eriocaulaceae","Coracoralina","sericiscapa","(Trovó) Andrino","ERIOCAULACEAE Coracoralina sericiscapa (Trovó) Andrino","HUFU00070230","splink","HUFU","Romero, R.","2464","Native","1995","Paiva, G.R.","2026","Ouro","Ouro",,"São Roque de Minas","Parque Nacional Serra da Canastra, Chapadão do Diamante"
"PARQUE NACIONAL SERRA DA CANASTRA","Angiosperms","Rubiaceae","Bathysa","australis","(A.St.-Hil.) K.Schum.","RUBIACEAE Bathysa australis (A.St.-Hil.) K.Schum.","183719","x","UEC","Romero, R.","2085","Native","1995","Cunha, J.","2026","Ouro","Ouro",,,"Brasil, Minas Gerais, São Roque de Minas, PARNA Serra da Canastra, Cachoeira Casca D'Anta, Guarita 3."
"PARQUE NACIONAL SERRA DA CANASTRA","Angiosperms","Celastraceae","Tontelea","micrantha","(Mart.) A.C. Sm.","CELASTRACEAE Tontelea micrantha (Mart.) A.C. Sm.","9827","x","HUFU","Romero, R.","2752","Native","1995","Biral, L.","2025","Ouro","Ouro",,,"Parque Nacional da Serra da Canastra, 3km da Guarita de Sacramento."
"PARQUE NACIONAL SERRA DA CANASTRA","Angiosperms","Fabaceae","Ancistrotropis","arrabidae","(Steud.) A. Delgado","FABACEAE Ancistrotropis arrabidae (Steud.) A. Delgado","UEC063906","splink","UEC","Romero, R.","2469","Native","1995","Santos, F.S.","2025","Ouro","Ouro",,"São Roque de Minas","PARNA Serra da Canastra, Chapadão do Diamante. Capão de mata degradado."
"PARQUE NACIONAL SERRA DA CANASTRA","Angiosperms","Melastomataceae","Miconia","latecrenata","(DC.) Naudin","MELASTOMATACEAE Miconia latecrenata (DC.) Naudin","UEC007075","splink","UEC","Romero, R.","2073","Native","1995","Goldenberg, R.","2025","Ouro","Ouro",,"São Roque de Minas","Cachoeira Casca D Anta, PARNA Serra da Canastra. Guarita 3."
"PARQUE NACIONAL SERRA DA CANASTRA",,"Melastomataceae","Pleroma","viscosum","R.Romero, R.Pereira & P.J.F.Guim.","MELASTOMATACEAE Pleroma viscosum R.Romero, R.Pereira & P.J.F.Guim.","CESJ084500","splink","CESJ","Nakajima, J.N.","821",,"1995","Romero, R.","2024","Ouro","Ouro",,"São Roque de Minas","Parque Nacional da Serra da Canastra, estrada d Chapadão do Diamante"
"PARQUE NACIONAL SERRA DA CANASTRA","Angiosperms","Asteraceae","Echinocoryne","stricta","(Gardner) H.Rob.","ASTERACEAE Echinocoryne stricta (Gardner) H.Rob.","8969","x","HUFU","Romero, R.","2296","Native","1995","Nakajima, J.N.","2022","Ouro","Ouro",,,"Parque Nacional da Serra da Canastra, Estrada para a Cachoeira dos Rolinhos."
"PARQUE NACIONAL SERRA DA CANASTRA","Angiosperms","Oxalidaceae","Oxalis","umbraticola","A.St.-Hil.","OXALIDACEAE Oxalis umbraticola A.St.-Hil.","FLOR0069575","splink","FLOR","Romero, R.","2067","Native","1995","Fiaschi, P.","2021","Ouro","Ouro",,"São Roque de Minas","Parque Nacional da Serra da Canastra, Guarita 3, Cachoeira Casca D´Anta."
"PARQUE NACIONAL SERRA DA CANASTRA","Angiosperms","Cyperaceae","Bulbostylis","lombardii","Kral & M.T.Strong","CYPERACEAE Bulbostylis lombardii Kral & M.T.Strong","9416","x","HUFU","Romero, R.","2493","Native","1995","Trevisan, R.","2019","Ouro","Ouro",,,"Parque Nacional da Serra da Canastra, Próximo do córrego dos Quilombos."
"PARQUE NACIONAL SERRA DA CANASTRA","Angiosperms","Lamiaceae","Cantinoa","carpinifolia","(Benth.) Harley & J.F.B.Pastore","LAMIACEAE Cantinoa carpinifolia (Benth.) Harley & J.F.B.Pastore","CESJ069588","splink","CESJ","Romero, R.","2214","Native","1995","Antar, G.M.","2018","Ouro","Ouro",,"São Roque de Minas","Parque Nacional da Serra da Canastra, morro próximo ao córrego dos Passageiros, vertente do córrego"
"PARQUE NACIONAL SERRA DA CANASTRA","Angiosperms","Verbenaceae","Lippia","lupulina","Cham.","VERBENACEAE Lippia lupulina Cham.","CESJ029144","splink","CESJ","Romero, R.","2360","Native","1995","Salimena, F.R.G.","2017","Ouro","Ouro",,"São Roque de Minas","PARNA Serra da Canastra, Morro próximo a sede administrativa."
"PARQUE NACIONAL SERRA DA CANASTRA","Ferns and Lycophytes","Melastomataceae","Miconia","holosericea","(L.) DC.","MELASTOMATACEAE Miconia holosericea (L.) DC.","US01916864","x","US","Romero, R.","2081","Native","1995",,"2016","Ouro","Ouro",,,"Guarita 3, Cachoeira Casca D´Anta, PARNA Serra da Canastra"
"PARQUE NACIONAL SERRA DA CANASTRA","Angiosperms","Melastomataceae","Microlicia","cryptandra","Naudin","MELASTOMATACEAE Microlicia cryptandra Naudin","US01894474","x","US","Romero, R.","2662","Native","1995",,"2016","Ouro","Ouro",,,"Garagem de Pedras, PARNA Serra da Canastra"
"PARQUE NACIONAL SERRA DA CANASTRA","Angiosperms","Lamiaceae","Hyptis","adamantium","A.St.-Hil. ex Benth.","LAMIACEAE Hyptis adamantium A.St.-Hil. ex Benth.","CESJ029167","splink","CESJ","Romero, R.","2463","Native","1995","Pastore, J.F.B.","2015","Ouro","Ouro",,"São Roque de Minas","PARNA Serra da Canastra, Chapadão do Diamante"
"PARQUE NACIONAL SERRA DA CANASTRA","Angiosperms","Lamiaceae","Hyptis",,"Jacq.","LAMIACEAE Hyptis Jacq.","CESJ029143","splink","CESJ","Romero, R.","2359","Native","1995","Pastore, J.F.B.","2015","Ouro","Ouro",,"São Roque de Minas","Parque Nacional da Serra da Canastra, Morro próximo à sede administrativa"
"PARQUE NACIONAL SERRA DA CANASTRA","Angiosperms","Cucurbitaceae","Wilbrandia","hibiscoides","Silva Manso","CUCURBITACEAE Wilbrandia hibiscoides Silva Manso","RB00791013","x","RB","Romero, R.","2002","Native","1995","Gomes-Klein, V.L.","2014","Ouro","Ouro",,,"Fazenda Zagaia, PARNA Serra da Canastra."
"PARQUE NACIONAL SERRA DA CANASTRA","Angiosperms","Eriocaulaceae","Floralia","trichophylla","(Bong.) Andrino","ERIOCAULACEAE Floralia trichophylla (Bong.) Andrino","HUFU00050519","splink","HUFU","Romero, R.","1698","Native","1995","Echternacht, L.","2014","Ouro","Ouro",,"São Roque de Minas","Parque Nacional da Serra da Canastra, Vale do Rio São Francisco, 3 meses após queimada."
"PARQUE NACIONAL SERRA DA CANASTRA","Angiosperms","Rubiaceae","Perama","sparsiflora","Standl. ex Steyerm. & J.H.Kirkbr.","RUBIACEAE Perama sparsiflora Standl. ex Steyerm. & J.H.Kirkbr.","RB00463769","x","RB","Romero, R.","1926","Native","1995","Zappi, D.","2014","Ouro","Ouro",,,"Morro próximo a sede administrativa, PARNA serra da Canastra. PARNA Serra da Canastra"
"PARQUE NACIONAL SERRA DA CANASTRA","Angiosperms","Asteraceae","Eremanthus","syncephalus","(Sch.Bip.) Loeuille, Semir & Pirani","ASTERACEAE Eremanthus syncephalus (Sch.Bip.) Loeuille, Semir & Pirani","RB00550434","x","RB","Romero, R.","1654","Native","1995","Semir, J.","2013","Ouro","Ouro",,,"Morro próximo a sede administrativa, PARNA Serra da Canastra."
"PARQUE NACIONAL SERRA DA CANASTRA","Angiosperms","Celastraceae","Celastrus","liebmannii","Standl.","CELASTRACEAE Celastrus liebmannii Standl.","VIC015660","splink","VIC","Romero, R.","2577","Native","1995","Biral, L.","2013","Ouro","Ouro",,"São Roque de Minas","Parque Nacional da Serra da Canastra, Cachoeira da Casca D'"
"PARQUE NACIONAL SERRA DA CANASTRA","Angiosperms","Asteraceae","Elephantopus","biflorus","(Less.) Sch.Bip.","ASTERACEAE Elephantopus biflorus (Less.) Sch.Bip.","UEC122806","splink","UEC","Nakajima, J.N.","1241","Native","1995","Semir, J.","2007","Ouro","Ouro",,"São Roque de Minas","Estrada para o Retiro de Pedras, PARNA Serra da Canastra."
"PARQUE NACIONAL SERRA DA CANASTRA","Angiosperms","Orchidaceae","Habenaria","brevidens","Lindl.","ORCHIDACEAE Habenaria brevidens Lindl.","166749","splink","BHCB","Romero, R.","1750","Native","1995","Batista, J.A.N.","2007","Ouro","Ouro",,"São Roque de Minas","Parque Nacional da Serra da Canastra, Após a entrada para a cachoeira da Casca D'Anta, est. para Sacramento"
"PARQUE NACIONAL SERRA DA CANASTRA","Angiosperms","Poaceae","Sporobolus","aeneus","(Trin.) Kunth","POACEAE Sporobolus aeneus (Trin.) Kunth","IBGE00036477","splink","IBGE","Romero, R.","1657","Native","1995","Viana, P.L.","2006","Ouro","Ouro",,"São Roque de Minas","Morro próximo à Sede administrativa, PARNA Serra da Canastra. Coordenada calculada."
"PARQUE NACIONAL SERRA DA CANASTRA","Angiosperms","Malpighiaceae","Mascagnia",,"(Bertero ex DC.) Bertero","MALPIGHIACEAE Mascagnia (Bertero ex DC.) Bertero","SP019917","splink","SP","Nakajima, J.N.","1100","Native","1995","Mamede, M.C.H.","2005","Ouro","Ouro",,"São Roque de Minas","Parque Nacional da Serra da Canastra, Cachoeira da Casca d'Anta, trilha para Guarita de baixo"
"PARQUE NACIONAL SERRA DA CANASTRA","Angiosperms","Malpighiaceae","Byrsonima","spinensis","W.R.Anderson","MALPIGHIACEAE Byrsonima spinensis W.R.Anderson","286168","x","SP","Romero, R.","2626","Native","1995","Mamede, M.C.H.","2003","Ouro","Ouro",,,"Parque Nacional da Serra da Canastra, Próximo ao Córrego dos Passageiros"
"PARQUE NACIONAL SERRA DA CANASTRA","Angiosperms","Malpighiaceae","Banisteriopsis","byssacea","B.Gates","MALPIGHIACEAE Banisteriopsis byssacea B.Gates","SP012361","splink","SP","Nakajima, J.N.","923","Native","1995","Mamede, M.C.H.","2002","Ouro","Ouro",,"São Roque de Minas","Parque Nacional da Serra da Canastra, Estrada para Sacramento, Garegem de Pedras"
"PARQUE NACIONAL SERRA DA CANASTRA","Angiosperms","Malpighiaceae","Peixotoa","tomentosa","A.Juss.","MALPIGHIACEAE Peixotoa tomentosa A.Juss.","286173","x","SP","Nakajima, J.N.","1066","Native","1995","Mamede, M.C.H.","2002","Ouro","Ouro",,,"Parque Nacional da Serra da Canastra, Cachoeira da Casca d'Anta, trilha para a guarita de baixo"
"PARQUE NACIONAL SERRA DA CANASTRA","Angiosperms","Fabaceae","Stylosanthes","guianensis","(Aubl.) Sw.","FABACEAE Stylosanthes guianensis var. guianensis (Aubl.) Sw.","HUFU00040762","splink","HUFU","Romero, R.","2300","Native","1995","Garcia, F.C.P.","2001","Ouro","Ouro",,"São Roque de Minas","Parque Nacional da Serra da Canastra, Estrada para a Cachoeira dos Rolinhos."
"PARQUE NACIONAL SERRA DA CANASTRA","Angiosperms","Cyperaceae","Bulbostylis","sellowiana","(Kunth) Palla","CYPERACEAE Bulbostylis sellowiana (Kunth) Palla","344344","x","SP","Romero, R.","2493","Native","1995","Prata, A.P.","2000","Ouro","Ouro",,,"Parque Nacional da Serra da Canastra, Próximo ao córrego do Quilombo"
"PARQUE NACIONAL SERRA DA CANASTRA","Angiosperms","Asteraceae","Lepidaploa","psilostachya","(DC.) H.Rob.","ASTERACEAE Lepidaploa psilostachya (DC.) H.Rob.","UEC121108","splink","UEC","Romero, R.","1889","Native","1995","Nakajima, J.N.","1998","Ouro","Ouro",,"Sacramento","Próximo a guarita de Sacramento, PARNA Serra da Canastra"
"PARQUE NACIONAL SERRA DA CANASTRA","Angiosperms","Asteraceae","Vernonanthura",,"H.Rob.","ASTERACEAE Vernonanthura H.Rob.","9576","x","HUFU","Romero, R.","2658","Native","1995","Nakajima, J.N.","1998","Ouro","Ouro",,,"Parque Nacional da Serra da Canastra, Garagem de Pedras."
"PARQUE NACIONAL SERRA DA CANASTRA","Angiosperms","Bignoniaceae","Cuspidaria","pulchella","(Cham.) K.Schum.","BIGNONIACEAE Cuspidaria pulchella (Cham.) K.Schum.","15755","x","VIC","Lima, C.A.P.","1085","Native","1995","Scudeller, V.V.","1998","Ouro","Ouro",,,"Parque Nacional da Serra da Canastra, Mata da Cachoeira da Casca D'Anta, trilha para a guarita de baixo."
"PARQUE NACIONAL SERRA DA CANASTRA","Angiosperms","Primulaceae","Myrsine","coriacea","(Sw.) R.Br. ex Roem. & Schult.","PRIMULACEAE Myrsine coriacea (Sw.) R.Br. ex Roem. & Schult.","9470","x","HUFU","Romero, R.","2550","Native","1995","Freitas, M.F.","1998","Ouro","Ouro",,,"Parque Nacional da Serra da Canastra, Cachoeira da Casca D'Anta. Trilha para a guarita de baixo, encosta da chapada."
"PARQUE NACIONAL SERRA DA CANASTRA","Angiosperms","Convolvulaceae","Evolvulus","lagopodioides","Meisn.","CONVOLVULACEAE Evolvulus lagopodioides Meisn.","8961","x","HUFU","Romero, R.","2288","Native","1995","Simao-Bianchini, R.","1997","Ouro","Ouro",,,"Parque Nacional da Serra da Canastra, Estrada para Cachoeira dos Rolinhos."
"PARQUE NACIONAL SERRA DA CANASTRA","Angiosperms","Cyperaceae","Bulbostylis",,"Kunth","CYPERACEAE Bulbostylis Kunth","7360","x","HUFU","Romero, R.","1694","Native","1995","Vitta, F.A.","1997","Ouro","Ouro",,,"Parque Nacional da Serra da Canastra, Vale do Rio São Francisco, 3 meses após queimada."
"PARQUE NACIONAL SERRA DA CANASTRA","Angiosperms","Ericaceae","Agarista","coriifolia","(Thunb.) J.D. Hook. ex Nied.","ERICACEAE Agarista coriifolia var. coriifolia (Thunb.) J.D. Hook. ex Nied.","UEC065654","splink","UEC","Romero, R.","2642","Native","1995","Kinoshita, L.S.","1997","Ouro","Ouro",,"São Roque de Minas","Garagem de Pedras, PARNA da Serra da Canastra."
"PARQUE NACIONAL SERRA DA CANASTRA","Angiosperms","Fabaceae","Crotalaria","paulina","Schrank","FABACEAE Crotalaria paulina Schrank","HRCB022151","splink","HRCB","Nakajima, J.N.","958","Native","1995","Garcia, F.C.P.","1997","Ouro","Ouro",,"São Roque de Minas","Estrada para Sacramento, 25 km da guarita de Sacramento PARNA Serra da Canastra"
"PARQUE NACIONAL SERRA DA CANASTRA","Angiosperms","Gentianaceae","Tetrapollinia","caerulescens","(Aubl.) Maguire & B.M.Boom","GENTIANACEAE Tetrapollinia caerulescens (Aubl.) Maguire & B.M.Boom","9519","x","HUFU","Romero, R.","2600","Native","1995","Cordeiro, I.","1997","Ouro","Ouro",,,"Parque Nacional da Serra da Canastra, Morro próximo ao córrego dos Passageiros."
"PARQUE NACIONAL SERRA DA CANASTRA","Angiosperms","Lauraceae","Persea","fusca","Mez","LAURACEAE Persea fusca Mez","9423","x","HUFU","Romero, R.","2500","Native","1995","Baitello, J.B.","1997","Ouro","Ouro",,,"Parque Nacional da Serra da Canastra, Nascente do rio São Fracisco."
"PARQUE NACIONAL SERRA DA CANASTRA","Angiosperms","Rubiaceae","Galianthe","grandifolia","E.L.Cabral","RUBIACEAE Galianthe grandifolia E.L.Cabral","UEC111682","splink","UEC","Romero, R.","1736","Native","1995","Zappi, D.C.","1997","Ouro","Ouro",,"São Roque de Minas","Ápos a entrada para a cachoeira da casa D'Anta, Estrada pra Sacramento, PARNA Serra da Canastra,"
"PARQUE NACIONAL SERRA DA CANASTRA","Angiosperms","Rubiaceae","Mitracarpus","frigidus","(Willd. ex Roem. & Schult.) K.Schum.","RUBIACEAE Mitracarpus frigidus (Willd. ex Roem. & Schult.) K.Schum.","9318","x","HUFU","Romero, R.","2391","Native","1995","Zappi, D.","1997","Ouro","Ouro",,,"Parque Nacional da Serra da Canastra, Estrada São Roque de Minas - Sacramento, 3km da sede administrativa."
"PARQUE NACIONAL SERRA DA CANASTRA","Angiosperms","Rubiaceae","Palicourea","crocea","(Sw.) Roem. & Schult.","RUBIACEAE Palicourea crocea (Sw.) Roem. & Schult.","HUFU00035010","splink","HUFU","Romero, R.","2074","Native","1995","Zappi, D.","1997","Ouro","Ouro",,"São Roque de Minas","Parque Nacional da Serra da Canastra, Guarita 3. Cachoeria Casca D'anta."
"PARQUE NACIONAL SERRA DA CANASTRA","Angiosperms","Rubiaceae","Palicourea","deflexa","(DC.) Borhidi","RUBIACEAE Palicourea deflexa (DC.) Borhidi","153660","x","UEC","Romero, R.","2076","Native","1995","Zappi, D.C.","1997","Ouro","Ouro",,,"guarita 3, cachoeira d´anta, parna serra da canastra"
"PARQUE NACIONAL SERRA DA CANASTRA","Angiosperms","Rubiaceae","Psychotria","xantholoba","Müll.Arg.","RUBIACEAE Psychotria xantholoba Müll.Arg.","UEC101040","splink","UEC","Romero, R.","2406","Native","1995","Zappi, D.C.","1997","Ouro","Ouro",,"São Roque de Minas","Nascente do Rio São Francisco, PARNA Serra da Canastra."
"PARQUE NACIONAL SERRA DA CANASTRA","Angiosperms","Salicaceae","Casearia","sylvestris","Sw.","SALICACEAE Casearia sylvestris Sw.","34158","splink","IAC","Romero, R.","2557","Native","1995","Torres, R.B.","1997","Ouro","Ouro",,"São Roque de Minas","Cachoeira da Casca D#?#Anta, PARNA Serra da Canastra"
"PARQUE NACIONAL SERRA DA CANASTRA","Angiosperms","Velloziaceae","Vellozia","hatschbachii","L.B.Sm. & Ayensu","VELLOZIACEAE Vellozia hatschbachii L.B.Sm. & Ayensu","8361","x","HUFU","Nakajima, J.N.","885","Native","1995","Mello-Silva, R.","1997","Ouro","Ouro",,,"Parque Nacional da Serra da Canastra, Estrada para Sacramento, após a entrada da cachoeira."
"PARQUE NACIONAL SERRA DA CANASTRA","Angiosperms","Cannabaceae","Trema","micranthum","(L.) Blume","CANNABACEAE Trema micranthum (L.) Blume","320333","splink","SP","Romero, R.","3228","Native","1995","Romaniuc Neto, S.","1996","Ouro","Ouro",,"São Roque de Minas","Parque Nacional da Serra da Canastra, Trilha da cachoeira da Casca D'Anta, Guarita 3"
"PARQUE NACIONAL SERRA DA CANASTRA","Angiosperms","Lauraceae","Ocotea","tristis","(Nees & Mart.) Mez","LAURACEAE Ocotea tristis (Nees & Mart.) Mez","1542941","x","MO","Lombardi, J.A.","892","Native","1995","Werff, H.","1996","Ouro","Ouro",,,"Furnas, limite Parque Nacional da Serra da Canastra- Usina de Furnas."
"PARQUE NACIONAL SERRA DA CANASTRA","Angiosperms","Malvaceae","Pavonia","rosa-campestris","A.St.-Hil.","MALVACEAE Pavonia rosa-campestris A.St.-Hil.","10304","x","HUFU","Romero, R.","2737","Native","1995","Krapovickas, A.","1996","Ouro","Ouro",,,"Parque Nacional da Serra da Canastra, 3km da guarita de Sacramento."
"PARQUE NACIONAL SERRA DA CANASTRA","Angiosperms","Malvaceae","Waltheria","indica","L.","MALVACEAE Waltheria indica L.","7396","x","HUFU","Romero, R.","1730","Native","1995","Saunders, J.","1996","Ouro","Ouro",,,"Parque Nacional da Serra da Canastra, Após o Curral de Pedras. Beira da estrada."
"PARQUE NACIONAL SERRA DA CANASTRA","Angiosperms","Melastomataceae","Microlicia","acuminata","Naudin","MELASTOMATACEAE Microlicia acuminata Naudin","NY00925424","x","NY","Romero, R.","2520","Native","1995","Romero, R.","1996","Ouro","Ouro",,,"Cachoeira da Casca D'Anta, PARNA Serra da Canastra."
"PARQUE NACIONAL SERRA DA CANASTRA","Angiosperms","Meliaceae","Cabralea","canjerana","(A.Juss.) T.D.Penn.","MELIACEAE Cabralea canjerana subsp. polytricha (A.Juss.) T.D.Penn.","9839","x","HUFU","Romero, R.","2764","Native","1995","Pastore, J.A.","1996","Ouro","Ouro",,,"Parque Nacional da Serra da Canastra, 3km da Guarita de Sacramento."
"PARQUE NACIONAL SERRA DA CANASTRA","Angiosperms","Poaceae","Ctenium","chapadense","(Trin.) Döll","POACEAE Ctenium chapadense (Trin.) Döll","7355","x","HUFU","Romero, R.","1689","Native","1995","Filgueiras, T.S.","1996","Ouro","Ouro",,,"Parque Nacional da Serra da Canastra, Estrada São Roque de Minas - Sacramento, 3km da sede administrativa."
"PARQUE NACIONAL SERRA DA CANASTRA","Angiosperms","Poaceae","Paspalum","carinatum","Humb. & Bonpl. ex Flüggé","POACEAE Paspalum carinatum Humb. & Bonpl. ex Flüggé","IBGE00036467","splink","IBGE","Romero, R.","1715","Native","1995","Filgueiras, T.S.","1996","Ouro","Ouro",,"São Roque de Minas","Próximo ao Curral de Pedras, estrada para a cidade de Sacramento, PARNA - Serra da Canastra. Coordenada calculada."
"PARQUE NACIONAL SERRA DA CANASTRA","Angiosperms","Poaceae","Trachypogon","macroglossus","Trin.","POACEAE Trachypogon macroglossus Trin.","HUFU00035992","splink","HUFU","Romero, R.","1841","Native","1995","Filgueiras, T.S.","1996","Ouro","Ouro",,"Sacramento","Parque Nacional da Serra da Canastra, Próximo a guarita de Sacramento."
"PARQUE NACIONAL SERRA DA CANASTRA","Angiosperms","Xyridaceae","Xyris","dawsonii","L.B.Sm. & Downs","XYRIDACEAE Xyris dawsonii L.B.Sm. & Downs","HUFU00033967","splink","HUFU","Romero, R.","2232","Native","1995","Kral, R.","1996","Ouro","Ouro",,"Sacramento","Parque Nacional da Serra da Canastra, Estrada São Roque de Minas - Sacramento, próximo ao Córrego dos Passageiros."
"PARQUE NACIONAL SERRA DA CANASTRA","Angiosperms","Xyridaceae","Xyris","hymenachne","Mart.","XYRIDACEAE Xyris hymenachne Mart.","8247","x","HUFU","Romero, R.","1977","Native","1995","Kral, R.","1996","Ouro","Ouro",,,"Parque Nacional da Serra da Canastra, Estrada para Sacramento, 3km da sede administrativa."
"PARQUE NACIONAL SERRA DA CANASTRA","Angiosperms","Xyridaceae","Xyris","machrisiana","L.B.Sm. & Downs","XYRIDACEAE Xyris machrisiana L.B.Sm. & Downs","9592","x","HUFU","Romero, R.","2425","Native","1995","Kral, R.","1996","Ouro","Ouro",,,"Parque Nacional da Serra da Canastra, Morro após a nascente do rio São Francisco."
"PARQUE NACIONAL SERRA DA CANASTRA","Angiosperms","Xyridaceae","Xyris","seubertii","L.A.Nilsson","XYRIDACEAE Xyris seubertii L.A.Nilsson","7446","x","HUFU","Romero, R.","1776","Native","1995","Kral, R.","1996","Ouro","Ouro",,,"Parque Nacional da Serra da Canastra, Estrada para o Fundão."
"PARQUE NACIONAL SERRA DA CANASTRA","Angiosperms","Campanulaceae","Siphocampylus","corymbifer","Pohl","CAMPANULACEAE Siphocampylus corymbifer Pohl","UEC094655","splink","UEC","Nakajima, J.N.","1104","Native","1995","Vieira, A.O.S.","1995","Ouro","Ouro",,"São Roque de Minas","Cachoeira da Casca D'Anta, Trilha para a guarita de baixo, PARNA Serra da Canastra. Estrada da Cachoeira para a guarita 2."
"PARQUE NACIONAL SERRA DA CANASTRA","Angiosperms","Campanulaceae","Siphocampylus","lycioides","(Cham.) G.Don","CAMPANULACEAE Siphocampylus lycioides (Cham.) G.Don","UEC094628","splink","UEC","Nakajima, J.N.","890","Native","1995","Vieira, A.O.S.","1995","Ouro","Ouro",,"São Roque de Minas","Estrada para Sacramento, Vale da nascente do rio São Francisco, PARNA Serra da Canastra, São Roque de Minas."
"PARQUE NACIONAL SERRA DA CANASTRA","Angiosperms","Erythroxylaceae","Erythroxylum","pachyneurum","O.E.Schulz","ERYTHROXYLACEAE Erythroxylum pachyneurum O.E.Schulz","9872","x","HUFU","Nakajima, J.N.","1309","Native","1995","Amaral Junior, A.","1995","Ouro","Ouro",,,"Parque Nacional da Serra da Canastra, Atrás da sede administrativa."
"PARQUE NACIONAL SERRA DA CANASTRA","Angiosperms","Fabaceae","Chamaecrista","machaeriifolia","(Benth.) H.S.Irwin & Barneby","FABACEAE Chamaecrista machaeriifolia (Benth.) H.S.Irwin & Barneby","NY00935696","x","NY","Nakajima, J.N.","1079","Native","1995","Barneby, R.C.","1995","Ouro","Ouro",,,"Cachoeira da Casca D'Anta, trilha para a guarita de baixo, PARNA Serra da Canastra, Sao Roque de Minas"
"PARQUE NACIONAL SERRA DA CANASTRA","Angiosperms","Fabaceae","Senna","macranthera","(Vogel) H.S.Irwin & Barneby","FABACEAE Senna macranthera var. nervosa (Vogel) H.S.Irwin & Barneby","NY00980291","x","NY","Nakajima, J.N.","959","Native","1995","Barneby, R.C.","1995","Ouro","Ouro",,,"Estrada para Sacramento, 25 km da guarita de Sacramento, Parna Serra da Canastra"
"PARQUE NACIONAL SERRA DA CANASTRA","Angiosperms","Fabaceae","Swartzia","apetala","Raddi","FABACEAE Swartzia apetala var. apetala Raddi","NY00684769","x","NY","Romero, R.","2078","Native","1995","Barneby, R.C.","1995","Ouro","Ouro",,,"Cacoeira Casca D'Anta, PARNA Serra da Canastra"
"PARQUE NACIONAL SERRA DA CANASTRA","Angiosperms","Lythraceae","Lafoensia","replicata","Pohl","LYTHRACEAE Lafoensia replicata Pohl","9491","x","HUFU","Romero, R.","2571","Native","1995","Graham, S.A.","1995","Ouro","Ouro",,,"Parque Nacional da Serra da Canastra, Cachoeira Casca D'Anta."
"PARQUE NACIONAL SERRA DA CANASTRA","Angiosperms","Malpighiaceae","Banisteriopsis","argyrophylla","(A.Juss.) B.Gates","MALPIGHIACEAE Banisteriopsis argyrophylla (A.Juss.) B.Gates","7253","x","HUFU","Romero, R.","1590","Native","1995","Mamede, M.C.H.","1995","Ouro","Ouro",,,"Parque Nacional da Serra da Canastra, Guarita de Sacramento."
"PARQUE NACIONAL SERRA DA CANASTRA","Angiosperms","Nyctaginaceae","Guapira","noxia","(Netto) Lundell","NYCTAGINACEAE Guapira noxia (Netto) Lundell","9836","x","HUFU","Romero, R.","2761","Native","1995","Furlan, A.","1995","Ouro","Ouro",,,"Parque Nacional da Serra da Canastra, 3km da Guarita de Sacramento."
"PARQUE NACIONAL SERRA DA CANASTRA","Angiosperms","Ochnaceae","Ouratea","semiserrata","(Mart. & Nees) Engl.","OCHNACEAE Ouratea semiserrata (Mart. & Nees) Engl.","9160","x","HUFU","Nakajima, J.N.","1157","Native","1995","Yamamoto, K.","1995","Ouro","Ouro",,,"Parque Nacional da Serra da Canastra, Estrada São Roque de Minas - Sacramento. Guarita de Sacramento."
"PARQUE NACIONAL SERRA DA CANASTRA","Angiosperms","Sapindaceae","Cupania","vernalis","Cambess.","SAPINDACEAE Cupania vernalis Cambess.","9495","x","HUFU","Romero, R.","2575","Native","1995","Ferrucci, M.S.","1995","Ouro","Ouro",,,"Parque Nacional da Serra da Canastra, Cachoeira Casca D'Anta."
"PARQUE NACIONAL SERRA DA CANASTRA","Angiosperms","Asteraceae","Hatschbachiella","polyclada","(Dusén ex Malme) R.M.King & H.Rob.","ASTERACEAE Hatschbachiella polyclada (Dusén ex Malme) R.M.King & H.Rob.","230","splink","ESA-POL","Giulietti, A.M.","13631","Native","1994","Nakajima, J.N.",,"Ouro","Ouro",,"São Roque de Minas","Arredores do Parque Nacional da Serra da Canastra."
"PARQUE NACIONAL SERRA DA CANASTRA","Angiosperms","Asteraceae","Leptostelma","maximum","D.Don","ASTERACEAE Leptostelma maximum D.Don","6680","x","HUFU","Nakajima, J.N.","487","Native","1994",,,"Ouro","Ouro",,,"Parque Nacional da Serra da Canastra, Morro próximo à sede administrativa."
"PARQUE NACIONAL SERRA DA CANASTRA","Angiosperms","Ericaceae","Gaylussacia","densa","Cham.","ERICACEAE Gaylussacia densa var. densa Cham.","NY00943279","x","NY","Nakajima, J.N.","491","Native","1994","Kinoshita-Gouvea, L.S.",,"Ouro","Ouro",,,"Morro próximo a sede administrativa, PARNA Serra da Canastra."
"PARQUE NACIONAL SERRA DA CANASTRA","Angiosperms","Eriocaulaceae","Paepalanthus","uai","Andrino, F.N.Costa & Sano","ERIOCAULACEAE Paepalanthus uai Andrino, F.N.Costa & Sano","HUFU00051020","splink","HUFU","Romero, R.","1367","Native","1994",,,"Ouro","Ouro",,"São Roque de Minas","Parque Nacional da Serra da Canastra, Estrada São Roque de Minas - Sacramento. Garagem de Pedras."
"PARQUE NACIONAL SERRA DA CANASTRA","Angiosperms","Fabaceae","Collaea",,"DC.","FABACEAE Collaea DC.","NY01131882","splink","NY","Giulietti, A.M.","CFCR13583","Native","1994","Lewis, G.P.",,"Ouro","Ouro",,"São Roque de Minas","Arredores do Parque Nacional da Serra da Canastra entre."
"PARQUE NACIONAL SERRA DA CANASTRA","Angiosperms","Moraceae","Ficus","gomelleira","Kunth","MORACEAE Ficus gomelleira Kunth","K000946547","x","K","Giulietti, A.M.","CFCR13595","Native","1994","Berg, C.C.",,"Ouro","Ouro",,,"Arredores do Parque Nacional da Serra da Canastra."
"PARQUE NACIONAL SERRA DA CANASTRA","Angiosperms","Rubiaceae","Declieuxia","lysimachioides","Zucc. ex Schult. & Schult.f.","RUBIACEAE Declieuxia lysimachioides Zucc. ex Schult. & Schult.f.","K001203672","x","K","Romero, R.","1174","Native","1994","Zappi, D.",,"Ouro","Ouro",,,"Proximo a Guarita de Sacramento, PARNA Serra da Canastra, Sacramento;."
"PARQUE NACIONAL SERRA DA CANASTRA","Angiosperms","Asteraceae","Chromolaena","linearis","(Malme) R.M. King & H. Rob.","ASTERACEAE Chromolaena linearis (Malme) R.M. King & H. Rob.","6979","x","HUFU","Romero, R.","1537","Native","1994","Nakajima, J.N.","2022","Ouro","Ouro",,,"Parque Nacional da Serra da Canastra, Estrada São Roque de Minas - Sacramento, Cerca de 4 km do Curral de Pedras."
"PARQUE NACIONAL SERRA DA CANASTRA","Angiosperms","Malpighiaceae","Byrsonima","sericea","DC.","MALPIGHIACEAE Byrsonima sericea DC.","286158","x","SP","Nakajima, J.N.","646","Native","1994","Mamede, M.C.H.","2022","Ouro","Ouro",,,"Parque Nacional da Serra da Canastra, Mata próxima da sede administrativa"
"PARQUE NACIONAL SERRA DA CANASTRA","Angiosperms","Polygalaceae","Asemeia",,"Raf. emend. Small","POLYGALACEAE Asemeia Raf. emend. Small","RB00425985","x","RB","Nakajima, J.N.","448","Native","1994","Pastore, J.F.B.","2018","Ouro","Ouro",,,"Morro próximo a sede administrativa, PARNA Serra da canastra. PARNA Serra da Canastra"
"PARQUE NACIONAL SERRA DA CANASTRA","Angiosperms","Fabaceae","Mimosa","albolanata","Taub.","FABACEAE Mimosa albolanata Taub.","HRCB022042","splink","HRCB","Romero, R.","1451","Native","1994","Borges, L.M.","2017","Ouro","Ouro",,"Sacramento","PARNA Serra da Canastra, próximo a guarita de Sacramento"
"PARQUE NACIONAL SERRA DA CANASTRA","Angiosperms","Asteraceae","Symphyotrichum","regnellii","(Baker) G.L.Nesom","ASTERACEAE Symphyotrichum regnellii (Baker) G.L.Nesom","5667","x","HUFU","Nakajima, J.N.","333","Native","1994","Nakajima, J.N.","2016","Ouro","Ouro",,,"Parque Nacional da Serra da Canastra"
"PARQUE NACIONAL SERRA DA CANASTRA","Angiosperms","Euphorbiaceae","Euphorbia","chrysophylla","(Klotzsch & Garcke) Boiss.","EUPHORBIACEAE Euphorbia chrysophylla (Klotzsch & Garcke) Boiss.","5188","x","HUFU","Nakajima, J.N.","194","Native","1994","Silva, O.L.M.","2014","Ouro","Ouro",,,"Parque Nacional da Serra da Canastra, Km 5 da estrada para Sacramento."
"PARQUE NACIONAL SERRA DA CANASTRA","Angiosperms","Calophyllaceae","Kielmeyera",,"Mart. & Zucc.","CALOPHYLLACEAE Kielmeyera Mart. & Zucc.","RB00120995","x","RB","Nakajima, J.N.","557","Native","1994","Trad, R.J.","2013","Ouro","Ouro",,,"Cachoeira da Casca DAnta. Parque Nacional Serra da Canastra"
"PARQUE NACIONAL SERRA DA CANASTRA","Angiosperms","Calophyllaceae","Kielmeyera","rubriflora","Cambess.","CALOPHYLLACEAE Kielmeyera rubriflora Cambess.","RB00123146","x","RB","Romero, R.","964","Native","1994","Trad, R.J.","2013","Ouro","Ouro",,,"Cachoeira da CAsca D´Anta, PARNA Serra da CAnastra, São Roque de Minas Gerais. PARNA Serra da Canastra"
"PARQUE NACIONAL SERRA DA CANASTRA","Angiosperms","Orchidaceae","Epidendrum","carpophorum","Barb.Rodr.","ORCHIDACEAE Epidendrum carpophorum Barb.Rodr.","UEC017184","splink","UEC","Romero, R.","709","Native","1994","Pessoa, E.","2013","Ouro","Ouro",,"São Roque de Minas","PARNA da Serra da Canastra, Córrego do Peixe."
"PARQUE NACIONAL SERRA DA CANASTRA",,"Solanaceae","Solanum","lycocarpum","A.St.-Hil.","SOLANACEAE Solanum lycocarpum A.St.-Hil.","RB00466540","x","RB","Romero, R.","902",,"1994","Farruggia, F.","2011","Ouro","Ouro",,,"Estrada para Sacramento, 3 km da sede administrativo. PARNA Serra da Canastra"
"PARQUE NACIONAL SERRA DA CANASTRA","Angiosperms","Myrtaceae","Campomanesia",,"Ruiz et Pav.","MYRTACEAE Campomanesia Ruiz et Pav.","UB1265951",,"UB","Giulietti, A.M.L.","CFCR13614","Native","1994","Proenca, C.E.B.","2010","Ouro","Ouro",,"São Roque de Minas","Arredores do Parque Nacional da Serra da Canastra."
"PARQUE NACIONAL SERRA DA CANASTRA","Angiosperms","Bignoniaceae","Fridericia","platyphylla","(Cham.) L.G.Lohmann","BIGNONIACEAE Fridericia platyphylla (Cham.) L.G.Lohmann","92540","x","SPF","Giulietti, A.M.","CFCR13608","Native","1994","Lohmann, L.G.","2006","Ouro","Ouro",,,"Campos RupestresArredores do Parque Nacional da Serra da Canastra"
"PARQUE NACIONAL SERRA DA CANASTRA","Angiosperms","Malpighiaceae","Diplopterys","pubipetala","(A.Juss.) W.R.Anderson & C.C.Davis","MALPIGHIACEAE Diplopterys pubipetala (A.Juss.) W.R.Anderson & C.C.Davis","SP017653","splink","SP","Nakajima, J.N.","610","Native","1994","Mamede, M.C.H.","2006","Ouro","Ouro",,"São Roque de Minas","Parque Nacional da Serra da Canastra, Parte de baixo da Cachoeira da Casca d'Anta. Borda da mata do rio São Francisco"
"PARQUE NACIONAL SERRA DA CANASTRA","Angiosperms","Velloziaceae","Vellozia","obtecta","Mello-Silva","VELLOZIACEAE Vellozia obtecta Mello-Silva","6506","x","HUFU","Romero, R.","1253","Native","1994","Mello-Silva, R.","2005","Ouro","Ouro",,,"Parque Nacional da Serra da Canastra, Guarita de Sacramento."
"PARQUE NACIONAL SERRA DA CANASTRA","Angiosperms","Poaceae","Paspalum","guttatum","Trin.","POACEAE Paspalum guttatum Trin.","IBGE00036430","splink","IBGE","Romero, R.","946","Native","1994","Oliveira, R.C.","2004","Ouro","Ouro",,"São Roque de Minas","PARNA da Serra da Canastra. Cachoeira da Casca D´Anta. Coordenada calculada. Parque Nacional da Serra da Canastra"
"PARQUE NACIONAL SERRA DA CANASTRA","Angiosperms","Malpighiaceae","Camarea","linearifolia","A.St.-Hil.","MALPIGHIACEAE Camarea linearifolia A.St.-Hil.","SP017195","splink","SP","Romero, R.","888","Native","1994","Mamede, M.C.H.","2003","Ouro","Ouro",,"São Roque de Minas","Parque Nacional da Serra da Canastra, 3 km da sede administrativa, Estrada para Sacramento"
"PARQUE NACIONAL SERRA DA CANASTRA","Angiosperms","Polygalaceae","Senega","telephium","(Chodat) J.F.B.Pastore","POLYGALACEAE Senega telephium (Chodat) J.F.B.Pastore","CEN00049253","splink","CEN","Nakajima, J.N.","701","Native","1994","Pastore, J.F.B.","2003","Ouro","Ouro",,"São Roque de Minas","4 Km após a entrada para a Cachoeira da Casca D`Anta. Estrada para Sacramento, PARNA Serra da Canastra."
"PARQUE NACIONAL SERRA DA CANASTRA","Angiosperms","Myrtaceae","Myrciaria","cuspidata","O.Berg","MYRTACEAE Myrciaria cuspidata O.Berg","HUFU00036779","splink","HUFU","Romero, R.","1439","Native","1994","Kawasaki, M.L.","2002","Ouro","Ouro",,"São Roque de Minas","Parque Nacional da Serra da Canastra, Guarita de Sacramento."
"PARQUE NACIONAL SERRA DA CANASTRA","Angiosperms","Fabaceae","Swartzia","apetala","Raddi","FABACEAE Swartzia apetala Raddi","6767","x","HUFU","Nakajima, J.N.","590","Native","1994","Garcia, F.C.P.","2001","Ouro","Ouro",,,"Parque Nacional da Serra da Canastra, Cachoeira Casca D'Anta."
"PARQUE NACIONAL SERRA DA CANASTRA","Angiosperms","Fabaceae","Zornia","sericea","Moric.","FABACEAE Zornia sericea Moric.","6945","x","HUFU","Romero, R.","1503","Native","1994","Garcia, F.C.P.","2001","Ouro","Ouro",,,"Parque Nacional da Serra da Canastra, Base do morro próximo ao Curral de Pedras, 2 meses após queimada."
"PARQUE NACIONAL SERRA DA CANASTRA","Angiosperms","Malpighiaceae","Byrsonima","coccolobifolia","Kunth","MALPIGHIACEAE Byrsonima coccolobifolia Kunth","SP014258","splink","SP","Nakajima, J.N.","745","Native","1994","Mamede, M.C.H.","2001","Ouro","Ouro",,"São Roque de Minas","Parque Nacional da Serra da Canastra, 32 km da sede administrativa, Estrada para Sacramento"
"PARQUE NACIONAL SERRA DA CANASTRA","Angiosperms","Poaceae","Andropogon","lateralis","(Trin. ex Hack.) A.Zanin","POACEAE Andropogon lateralis subsp. cryptopus (Trin. ex Hack.) A.Zanin","IBGE00036452","splink","IBGE","Romero, R.","1488","Native","1994","Zanin, A.","2001","Ouro","Ouro",,"São Roque de Minas","12 km da sede administrativa, estrada para Sacramento, nascente do córrego do Quilombo, PARNA (Parque Nacional da Serra da Canastra). Folha SF-23-V-B. Coordenada calculada. Parque Nacional da Serra da Canastra"
"PARQUE NACIONAL SERRA DA CANASTRA","Angiosperms","Poaceae","Paspalum","denticulatum","Trin.","POACEAE Paspalum denticulatum Trin.","IBGE00036444","splink","IBGE","Nakajima, J.N.","714","Native","1994","Filgueiras, T.S.","2001","Ouro","Ouro",,"São Roque de Minas","Próximo ao córrego dos Passageiros, estrada para Sacramento, PARNA Serra da Canastra, São Roque de Minas. Coordenada calculada. Parque Nacional da Serra da Canastra"
"PARQUE NACIONAL SERRA DA CANASTRA","Angiosperms","Primulaceae","Myrsine","squarrosa","(Mez) M.F.Freitas & Kin.-Gouv.","PRIMULACEAE Myrsine squarrosa (Mez) M.F.Freitas & Kin.-Gouv.","RB00235215","x","RB","Nakajima, J.N.","776","Native","1994","Freitas, M.F.","2001","Ouro","Ouro",,,"PROXIMO A GUARITA DE SACRAMENTO,ESTRADA PARA SAO ROQUE DE MINAS,PARNA SERRA DA CANASTRA. PARNA Serra da Canastra"
"PARQUE NACIONAL SERRA DA CANASTRA","Angiosperms","Malpighiaceae","Heteropterys","nervosa","A.Juss.","MALPIGHIACEAE Heteropterys nervosa A.Juss.","287587","x","SP","Nakajima, J.N.","569","Native","1994","Mamede, M.C.H.","2000","Ouro","Ouro",,,"Parque Nacional da Serra da Canastra, Cachoeira da Casca d'Anta, beira do rio São Francisco"
"PARQUE NACIONAL SERRA DA CANASTRA","Angiosperms","Asteraceae","Lessingianthus","pulverulentus","(Baker) H.Rob.","ASTERACEAE Lessingianthus pulverulentus (Baker) H.Rob.","5121","x","HUFU","Romero, R.","694","Native","1994","Nakajima, J.N.","1998","Ouro","Ouro",,,"Parque Nacional da Serra da Canastra, Km 45 da estrada."
"PARQUE NACIONAL SERRA DA CANASTRA","Angiosperms","Convolvulaceae","Evolvulus","glomeratus","Nees & Mart.","CONVOLVULACEAE Evolvulus glomeratus Nees & Mart.","7166","x","HUFU","Nakajima, J.N.","764","Native","1994","Simao-Bianchini, R.","1997","Ouro","Ouro",,,"Parque Nacional da Serra da Canastra, Estrada São Roque de Minas - Sacramento. Próximo a torre de observação."
"PARQUE NACIONAL SERRA DA CANASTRA","Angiosperms","Lacistemataceae","Lacistema","hasslerianum","Chodat","LACISTEMATACEAE Lacistema hasslerianum Chodat","34162","splink","IAC","Nakajima, J.N.","618","Native","1994","Torres, R.B.","1997","Ouro","Ouro",,"São Roque de Minas","Entrada da guarita da Casca d#?#Anta, PARNA Serra da Canastra"
"PARQUE NACIONAL SERRA DA CANASTRA","Angiosperms","Lamiaceae","Salvia","brevipes","Benth.","LAMIACEAE Salvia brevipes Benth.","6574","x","HUFU","Romero, R.","1340","Native","1994","Harley, R.","1997","Ouro","Ouro",,,"Parque Nacional da Serra da Canastra, Estrada São Roque de Minas - Sacramento, próximo à garagem de pedras."
"PARQUE NACIONAL SERRA DA CANASTRA","Angiosperms","Rubiaceae","Galianthe","valerianoides","(Cham. & Schltdl.) E.L.Cabral","RUBIACEAE Galianthe valerianoides (Cham. & Schltdl.) E.L.Cabral","HUFU00034968","splink","HUFU","Romero, R.","923","Native","1994","Zappi, D.","1997","Ouro","Ouro",,"São Roque de Minas","Parque Nacional da Serra da Canastra, km 11 da estrada para Sacramento."
"PARQUE NACIONAL SERRA DA CANASTRA",,"Smilacaceae","Smilax","polyantha","Griseb.","SMILACACEAE Smilax polyantha Griseb.","6504","x","HUFU","Romero, R.","1251",,"1994","Andreata, R.H.P.","1997","Ouro","Ouro",,,"Parque Nacional da Serra da Canastra, Guarita de Sacramento."
"PARQUE NACIONAL SERRA DA CANASTRA","Angiosperms","Velloziaceae","Vellozia",,"Vand.","VELLOZIACEAE Vellozia Vand.","5556","x","HUFU","Romero, R.","899","Native","1994","Mello-Silva, R.","1997","Ouro","Ouro",,,"Parque Nacional da Serra da Canastra"
"PARQUE NACIONAL SERRA DA CANASTRA","Angiosperms","Velloziaceae","Vellozia","variabilis","Mart. ex Schult. & Schult.f.","VELLOZIACEAE Vellozia variabilis Mart. ex Schult. & Schult.f.","6473","x","HUFU","Romero, R.","1217","Native","1994","Mello-Silva, R.","1997","Ouro","Ouro",,,"Parque Nacional da Serra da Canastra, Guarita de Sacramento."
"PARQUE NACIONAL SERRA DA CANASTRA","Angiosperms","Bignoniaceae","Anemopaegma","foetidum","Bureau & K.Schum.","BIGNONIACEAE Anemopaegma foetidum Bureau & K.Schum.","6443","x","HUFU","Romero, R.","1186","Native","1994","Scudeller, V.V.","1996","Ouro","Ouro",,,"Parque Nacional da Serra da Canastra, Guarita de Sacramento."
"PARQUE NACIONAL SERRA DA CANASTRA","Angiosperms","Bignoniaceae","Zeyheria","montana","Mart.","BIGNONIACEAE Zeyheria montana Mart.","VIC015762","splink","VIC","Romero, R.","932","Native","1994","Scudeller, V.V.","1996","Ouro","Ouro",,"São Roque de Minas","Parque Nacional da Serra da Canastra, Estrada para Sacramento, 11 km da sede administrativa, próximo ao Curral de Pedras. Campo limpo."
"PARQUE NACIONAL SERRA DA CANASTRA","Angiosperms","Caryocaraceae","Caryocar","brasiliense","Cambess.","CARYOCARACEAE Caryocar brasiliense subsp. brasiliense Cambess.","6646","x","HUFU","Romero, R.","1415","Native","1994","Prance, G.T.","1996","Ouro","Ouro",,,"Parque Nacional da Serra da Canastra, Estrada São Roque de Minas - Sacramento. Próximo ao posto de observação."
"PARQUE NACIONAL SERRA DA CANASTRA","Angiosperms","Euphorbiaceae","Acalypha","claussenii","(Turcz.) Müll.Arg.","EUPHORBIACEAE Acalypha claussenii (Turcz.) Müll.Arg.","6985","x","HUFU","Romero, R.","1543","Native","1994","Webster, G.L.","1996","Ouro","Ouro",,,"Parque Nacional da Serra da Canastra, Estrada para o Retiro de Pedras."
"PARQUE NACIONAL SERRA DA CANASTRA","Angiosperms","Malvaceae","Waltheria","communis","A.St.-Hil.","MALVACEAE Waltheria communis A.St.-Hil.","6562","x","HUFU","Romero, R.","1328","Native","1994","Saunders, J.","1996","Ouro","Ouro",,,"Parque Nacional da Serra da Canastra, Estrada São Roqeu de Minas - Sacramento, 2km após o curral de pedras."
"PARQUE NACIONAL SERRA DA CANASTRA","Angiosperms","Meliaceae","Guarea","macrophylla","Vahl","MELIACEAE Guarea macrophylla Vahl","HUFU00037159","splink","HUFU","Nakajima, J.N.","543","Native","1994","Pastore, J.A.","1996","Ouro","Ouro",,"São Roque de Minas","Parque Nacional da Serra da Canastra, Estrada São Roque de Minas - Sacramento, a 12km da sede."
"PARQUE NACIONAL SERRA DA CANASTRA","Angiosperms","Poaceae","Mesosetum","ferrugineum","(Trin.) Chase","POACEAE Mesosetum ferrugineum (Trin.) Chase","UB1089709",,"UB","Romero, R.","1566","Native","1994","Filgueiras, T.S.","1996","Ouro","Ouro",,"São Roque de Minas","PARNA Serra da Canastra, estrada para a cachoeira da Casca D´Anta."
"PARQUE NACIONAL SERRA DA CANASTRA","Angiosperms","Poaceae","Paspalum","erianthum","Nees ex Trin.","POACEAE Paspalum erianthum Nees ex Trin.","5620","x","HUFU","Romero, R.","946","Native","1994","Filgueiras, T.S.","1996","Ouro","Ouro",,,"Parque Nacional da Serra da Canastra, Cachoeira Casca D'Anta."
"PARQUE NACIONAL SERRA DA CANASTRA","Angiosperms","Poaceae","Schizachyrium","tenerum","Nees","POACEAE Schizachyrium tenerum Nees","IBGE00036449","splink","IBGE","Romero, R.","1577","Native","1994","Filgueiras, T.S.","1996","Ouro","Ouro",,"São Roque de Minas","Estrada para a cachoeira da Casca D´Anta, PARNA Serra da Canastra. Coordenada calculada. Parque Nacional da Serra da Canastra"
"PARQUE NACIONAL SERRA DA CANASTRA","Angiosperms","Poaceae","Trachypogon",,"Nees","POACEAE Trachypogon Nees","5627","x","HUFU","Romero, R.","994","Native","1994","Filgueiras, T.S.","1996","Ouro","Ouro",,,"Parque Nacional da Serra da Canastra"
"PARQUE NACIONAL SERRA DA CANASTRA","Angiosperms","Vochysiaceae","Vochysia","thyrsoidea","Pohl","VOCHYSIACEAE Vochysia thyrsoidea Pohl","6540","x","HUFU","Romero, R.","1306","Native","1994","Yamamoto, K.","1996","Ouro","Ouro",,,"Parque Nacional da Serra da Canastra, Morro após a nascente do Rio São Francisco."
"PARQUE NACIONAL SERRA DA CANASTRA","Angiosperms","Xyridaceae","Xyris","metallica","Klotzsch ex Seub.","XYRIDACEAE Xyris metallica Klotzsch ex Seub.","5222","x","HUFU","Nakajima, J.N.","146","Native","1994","Kral, R.","1996","Ouro","Ouro",,,"Parque Nacional da Serra da Canastra, 2 km da sede, estrada para Sacramento."
"PARQUE NACIONAL SERRA DA CANASTRA","Angiosperms","Burseraceae","Protium","spruceanum","(Benth.) Engl.","BURSERACEAE Protium spruceanum (Benth.) Engl.","NY00984866","x","NY","Nakajima, J.N.","596","Native","1994","Daly, D.C.","1995","Ouro","Ouro",,,"PARNA Serra da Canastra, parte de baixo da cachoeira da Casca D'Anta. Rio São Francisco."
"PARQUE NACIONAL SERRA DA CANASTRA","Angiosperms","Campanulaceae","Wahlenbergia","brasiliensis","Cham.","CAMPANULACEAE Wahlenbergia brasiliensis Cham.","UEC094438","splink","UEC","Romero, R.","910","Native","1994","Vieira, A.O.S.","1995","Ouro","Ouro",,"São Roque de Minas","Estrada para Sacramento, Após o vale da nascente do rio São Francisco, PARNA Serra da Canastra."
"PARQUE NACIONAL SERRA DA CANASTRA","Angiosperms","Malpighiaceae","Byrsonima","rigida","A.Juss.","MALPIGHIACEAE Byrsonima rigida A.Juss.","SP015799","splink","SP","Nakajima, J.N.","763","Native","1994","Mamede, M.C.H.","1995","Ouro","Ouro",,"São Roque de Minas","Parque Nacional da Serra da Canastra, Próximo à torre de observação, Estrada para Sacramento"
"PARQUE NACIONAL SERRA DA CANASTRA","Angiosperms","Malvaceae","Peltaea","lasiantha","Krapov. & Cristóbal","MALVACEAE Peltaea lasiantha Krapov. & Cristóbal","6445","x","HUFU","Romero, R.","1188","Native","1994","Krapovickas, A.","1995","Ouro","Ouro",,,"Parque Nacional da Serra da Canastra, Guarita de Sacramento."
"PARQUE NACIONAL SERRA DA CANASTRA","Angiosperms","Melastomataceae","Microlicia","helvola","(Spreng.) Triana","MELASTOMATACEAE Microlicia helvola (Spreng.) Triana","5693","x","HUFU","Nakajima, J.N.","344","Native","1994","Romero, R.","1995","Ouro","Ouro",,,"Parque Nacional da Serra da Canastra"
"PARQUE NACIONAL SERRA DA CANASTRA","Angiosperms","Ochnaceae","Luxemburgia","speciosa","A.St.-Hil.","OCHNACEAE Luxemburgia speciosa A.St.-Hil.","HUFU00036942","splink","HUFU","Nakajima, J.N.","756","Native","1994","Yamamoto, K.","1995","Ouro","Ouro",,"São Roque de Minas","Parque Nacional da Serra da Canastra, Garagem de Pedras."
"PARQUE NACIONAL SERRA DA CANASTRA","Angiosperms","Sapindaceae","Serjania","noxia","Cambess.","SAPINDACEAE Serjania noxia Cambess.","5601","x","HUFU","Romero, R.","969","Native","1994","Ferrucci, M.S.","1995","Ouro","Ouro",,,"Parque Nacional da Serra da Canastra, Borda da mata das margens do Rio São Francisco."
"PARQUE NACIONAL SERRA DA CANASTRA","Angiosperms","Sapindaceae","Serjania","paradoxa","Radlk.","SAPINDACEAE Serjania paradoxa Radlk.","5631","x","HUFU","Romero, R.","989","Native","1994","Ferrucci, M.S.","1995","Ouro","Ouro",,,"Parque Nacional da Serra da Canastra"
"PARQUE NACIONAL SERRA DA CANASTRA","Angiosperms","Sapotaceae","Pradosia","brevipes","(Pierre) T.D.Penn.","SAPOTACEAE Pradosia brevipes (Pierre) T.D.Penn.","HUFU00035361","splink","HUFU","Nakajima, J.N.","788","Native","1994","Pennington, T.D.","1995","Ouro","Ouro",,"São Roque de Minas","Parque Nacional da Serra da Canastra, Estrada São Roque de Minas - Sacramento. Próximo a guarita de Sacramento."
"PARQUE NACIONAL SERRA DA CANASTRA","Angiosperms","Turneraceae","Turnera",,"L.","TURNERACEAE Turnera L.","5564","x","HUFU","Romero, R.","940","Native","1994","Arbo, M.M.","1995","Ouro","Ouro",,,"Parque Nacional da Serra da Canastra, Cachoeira Casca D'anta."
"PARQUE NACIONAL SERRA DA CANASTRA","Angiosperms","Sphagnaceae","Sphagnum","geraisense","H.A.Crum","SPHAGNACEAE Sphagnum geraisense H.A.Crum","NY00226823","splink","NY","Vital, D.M.","11917","Native","1984",,,"Ouro","Ouro",,"São Roque de Minas","Parque Nacional da Serra da Canastra, Cachoeira Casca D'Anta"
"PARQUE NACIONAL SERRA DA CANASTRA","Angiosperms","Proteaceae","Euplassa","incana","(Klotzsch) I.M.Johnst.","PROTEACEAE Euplassa incana (Klotzsch) I.M.Johnst.","RB00322246","x","RB","Ramalho, R.S.","2944","Native","1984","Prance, G.T.","2003","Ouro","Ouro",,,"Parque Nacional da Serra da Canastra ( Mata da Casca D´anta). Parque Nacional da Serra da Canastra"
"PARQUE NACIONAL SERRA DA CANASTRA","Angiosperms","Proteaceae","Euplassa","legalis","(Vell.) I.M.Johnst.","PROTEACEAE Euplassa legalis var. legalis (Vell.) I.M.Johnst.","RB00322149","x","RB","Ramalho, R.S.","2939","Native","1984","Prance, G.T.","2003","Ouro","Ouro",,,"Parque Nacional da Serra da Canastra (Mata da Casca D´anta). Parque Nacional da Serra da Canastra"
"PARQUE NACIONAL SERRA DA CANASTRA","Angiosperms","Calymperaceae","Syrrhopodon","prolifer","Schwägr.","CALYMPERACEAE Syrrhopodon prolifer var. prolifer Schwägr.","NY02046603","splink","NY","Vital, D.M.","11919","Native","1984","Reese, W.D.","1986","Ouro","Ouro",,"São Roque de Minas","Parque Nacional da Serra da Canastra, Cachoeira Casca D'Anta"
"PARQUE NACIONAL SERRA DA CANASTRA","Angiosperms","Melastomataceae","Leandra","riedeliana","(O.Berg ex Triana) Cogn.","MELASTOMATACEAE Leandra riedeliana (O.Berg ex Triana) Cogn.","RB00242817","x","RB","Guedes, R.","490","Native","1983","Reginato, M.",,"Ouro","Ouro",,,"PARQUE NACIONAL DA SERRA DA CANASTRA. Parque Nacional da Serra da Canastra"
"PARQUE NACIONAL SERRA DA CANASTRA","Angiosperms","Lauraceae","Cryptocarya","moschata","Nees & Mart.","LAURACEAE Cryptocarya moschata Nees & Mart.","IBGE00013613","splink","IBGE","Ramalho, R.S.","2786","Native","1983","Moraes, P.L.R.","2010","Ouro","Ouro",,"São Roque de Minas","Parque Nacional da Serra da Canastra. Mata da Casca D´anta."
"PARQUE NACIONAL SERRA DA CANASTRA","Angiosperms","Myrtaceae","Myrcia","tenuivenosa","Kiaersk.","MYRTACEAE Myrcia tenuivenosa Kiaersk.","IBGE00017025","splink","IBGE","Ramalho, R.S.","2788","Native","1983","Barroso, G.M.","2006","Ouro","Ouro",,"São Roque de Minas","Parque Nacional da Serra da Canastra. Mata da Cachoeira Casca D Anta."
"PARQUE NACIONAL SERRA DA CANASTRA","Angiosperms","Orchidaceae","Epistephium","sclerophyllum","Lindl.","ORCHIDACEAE Epistephium sclerophyllum Lindl.","HRB00049888","splink","HRB","Gonzaga, L.A.P.",,"Native","1980","Berg, C.","2013","Ouro","Ouro",,"São Roque de Minas","Parque Nacional da Serra da Canastra. No solo, entre gramíneas."
"PARQUE NACIONAL SERRA DA CANASTRA","Angiosperms","Cyperaceae","Rhynchospora","consanguinea","(Kunth) Boeckeler","CYPERACEAE Rhynchospora consanguinea (Kunth) Boeckeler","UEC092787","splink","UEC","Shepherd, G.J.","7143","Native","1978",,,"Ouro","Ouro",,,"Parque Nacional da Serra da Canastra, Entre Pumhi e Araxá, ca. 70 km. de Piunhi. Em campo e campo rupestre."
"PARQUE NACIONAL SERRA DA CANASTRA","Angiosperms","Melastomataceae","Pleroma","villosissimum","Triana","MELASTOMATACEAE Pleroma villosissimum Triana","UEC033711","splink","UEC","Shepherd, G.J.","7163","Native","1978","Meyer, F.S.","2014","Ouro","Ouro",,,"Parque Nacional da Serra da Canastra, entre Pinhumi e Araxá, ca. 80 km de Punhumi."
"PARQUE NACIONAL SERRA DA CANASTRA","Angiosperms","Cyperaceae","Bulbostylis","scabra","(J.Presl & C.Presl) C.B.Clarke","CYPERACEAE Bulbostylis scabra (J.Presl & C.Presl) C.B.Clarke","16584","x","UEC","Shepherd, G.J.","7144","Native","1978","Prata, A.P.","2003","Ouro","Ouro",,,"Parque Nacional da Serra da Canastra, Entre Piumhi e Araxá, ca. 70 Km de Piumhi."
"PARQUE NACIONAL SERRA DA CANASTRA","Angiosperms","Asteraceae","Stomatanthes","corumbensis","(B.L.Rob.) R.M.King & H.Rob.","ASTERACEAE Stomatanthes corumbensis (B.L.Rob.) R.M.King & H.Rob.","2006","x","UEC","Shepherd, G.J.","7140","Native","1978","Esteves, R.L.","2002","Ouro","Ouro",,,"Parque Nacional da Serra da Canastra, entre Piumhi e Araxá, ca. 70 km de Piumhi."
"PARQUE NACIONAL SERRA DA CANASTRA","Angiosperms","Orchidaceae","Epidendrum","secundum","Jacq.","ORCHIDACEAE Epidendrum secundum Jacq.","17341","x","UEC","Shepherd, G.J.","7147","Native","1978","Pansarin, E.R.","1998","Ouro","Ouro",,,"Parque Nacional da Serra da Canastra, Entre Piumhi e Araxá, ca 70 km de Piumhi. Em campo e campo rupestre."
"PARQUE NACIONAL SERRA DA CANASTRA","Angiosperms","Rhamnaceae","Crumenaria","decumbens","Mart.","RHAMNACEAE Crumenaria decumbens Mart.","SPF00227766",,"SPF","Pirani, J.R.","6613","Native","2015","Pirani, J.R.","2015","Prata","Ouro","jbrj-public.s3-sa-east-1.amazonaws.com/fsi/server?type=image&source=DZI/spf/spf/0/22/77/66/spf00227766.dzi","São Roque de Minas","Parque Nacional da Serra da Canastra, 53,8 km a oeste do centro de visitantes e 15 km a leste da portaria de Sacramento."
"PARQUE NACIONAL SERRA DA CANASTRA","Angiosperms","Rubiaceae","Palicourea","trichophora","(Müll. Arg.) Delprete & J.H.Kirkbr.","RUBIACEAE Palicourea trichophora (Müll. Arg.) Delprete & J.H.Kirkbr.","CEN00110650",,"CEN","Moises Mendoza, F.J.","4455","Native","2014","Walter, B.M.T.","2021","Prata","Ouro","jbrj-public.s3-sa-east-1.amazonaws.com/fsi/server?type=image&source=DZI/cen/cen/0/11/6/50/cen00110650.dzi","São Roque de Minas","Parque Nacional Serra da Canastra. Casca D`anta, ca. 300 m N do estacionamento na trilha que vai para a parte alta da Casca."
"PARQUE NACIONAL SERRA DA CANASTRA","Angiosperms","Melastomataceae","Fritzschia","anisostemon","Cham.","MELASTOMATACEAE Fritzschia anisostemon Cham.","CEN00093169",,"CEN","Gomes, B.M.","490","Native","2010","Walter, B.M.T.","2016","Prata","Ouro","jbrj-public.s3.amazonaws.com/fsi/server?type=image&source=DZI/cen/cen/0/9/31/69/cen00093169.dzi","São Roque de Minas","Parque Nacional da Serra da Canastra; morro da Torre de Observação. 20°12'39,6'' S; 46°28'29,1''W"
"PARQUE NACIONAL SERRA DA CANASTRA","Angiosperms","Araliaceae","Hydrocotyle","quinqueloba","Ruiz & Pav.","ARALIACEAE Hydrocotyle quinqueloba Ruiz & Pav.","SPF00159317",,"SPF","Pontes, A.F.","537","Native","2002","Pirani, J.R.",,"Prata","Ouro","jbrj-public.s3-sa-east-1.amazonaws.com/fsi/server?type=image&source=DZI/spf/spf/0/15/93/17/spf00159317.dzi","Sacramento","Parque Nacional da Serra da Canastra, Estrada São Roque de Minas - Sacramento, a 41 km da Portaria de São Roque de Minas."
"PARQUE NACIONAL SERRA DA CANASTRA","Angiosperms","Malpighiaceae","Byrsonima","macrophylla","(Pers.) W.R.Anderson","MALPIGHIACEAE Byrsonima macrophylla (Pers.) W.R.Anderson","SPF00155824",,"SPF","Lima, L.R.","192","Native","2002","Queiroz, E.P.","12/9/13","Prata","Ouro","jbrj-public.s3-sa-east-1.amazonaws.com/fsi/server?type=image&source=DZI/spf/spf/0/15/58/24/spf00155824.dzi","São Roque de Minas","Parque Nacional da Serra da Canastra, Trilha na escarpa da Cachoeira Casca d´Anta, pela portaria Casca d´Anta"
"PARQUE NACIONAL SERRA DA CANASTRA","Angiosperms","Chrysobalanaceae","Hirtella","gracilipes","(Hook.f.) Prance","CHRYSOBALANACEAE Hirtella gracilipes (Hook.f.) Prance","SPF00155776",,"SPF","Lima, L.R.","200","Native","2002","Pirani, J.R.","2003","Prata","Ouro","jbrj-public.s3-sa-east-1.amazonaws.com/fsi/server?type=image&source=DZI/spf/spf/0/15/57/76/spf00155776.dzi","São Roque de Minas","Parque Nacional da Serra da Canastra"
"PARQUE NACIONAL SERRA DA CANASTRA","Angiosperms","Orobanchaceae","Buchnera","lavandulacea","Cham. & Schltdl.","OROBANCHACEAE Buchnera lavandulacea Cham. & Schltdl.","SPF00137621",,"SPF","Farinaccio, M.A.","363A","Native","1999","Souza, V.C.","4/12","Prata","Ouro","jbrj-public.s3-sa-east-1.amazonaws.com/fsi/server?type=image&source=DZI/spf/spf/0/13/76/21/spf00137621.dzi","São Roque de Minas","Parque Nacional da Serra da Canastra"
"PARQUE NACIONAL SERRA DA CANASTRA","Ferns and Lycophytes","Orobanchaceae","Esterhazya","macrodonta","(Cham.) Benth.","OROBANCHACEAE Esterhazya macrodonta (Cham.) Benth.","HUFU00035414",,"HUFU","Elias, S.I.","345","Native","1999","Souza, V.C.",,"Prata","Ouro","jbrj-public.s3-sa-east-1.amazonaws.com/fsi/server?type=image&source=DZI/hufu/hufu/0/3/54/14/hufu00035414.dzi",,"Parque Nacional da Serra da Canastra"
"PARQUE NACIONAL SERRA DA CANASTRA","Angiosperms","Chloranthaceae","Hedyosmum","brasiliense","Mart. ex Miq.","CHLORANTHACEAE Hedyosmum brasiliense Mart. ex Miq.","SPF00137574",,"SPF","Farinaccio, M.A.","353","Native","1999","Pirani, J.R.","1999","Prata","Ouro","jbrj-public.s3-sa-east-1.amazonaws.com/fsi/server?type=image&source=DZI/spf/spf/0/13/75/74/spf00137574.dzi","São Roque de Minas","Parque Nacional da Serra da Canastra, Estrada Sacramento-São Roque de Minas."
"PARQUE NACIONAL SERRA DA CANASTRA","Angiosperms","Chrysobalanaceae","Couepia","grandiflora","(Mart. & Zucc.) Benth.","CHRYSOBALANACEAE Couepia grandiflora (Mart. & Zucc.) Benth.","SPF00138414",,"SPF","Mello-Silva, R.","1700","Native","1999","Pirani, J.R.","1999","Prata","Ouro","jbrj-public.s3-sa-east-1.amazonaws.com/fsi/server?type=image&source=DZI/spf/spf/0/13/84/14/spf00138414.dzi","Sacramento","Parque Nacional da Serra da Canastra"
"PARQUE NACIONAL SERRA DA CANASTRA","Ferns and Lycophytes","Winteraceae","Drimys","brasiliensis","Miers","WINTERACEAE Drimys brasiliensis Miers","SPF00138451",,"SPF","Mello-Silva, R.","1704","Native","1999","Pirani, J.R.","1999","Prata","Ouro","jbrj-public.s3-sa-east-1.amazonaws.com/fsi/server?type=image&source=DZI/spf/spf/0/13/84/51/spf00138451.dzi","Sacramento","Parque Nacional da Serra da Canastra, 10 km da portaria de Sacramento, 57 km de Jaguarê (Jaguari). Nascentes do córrego Mata Cavalo."
"PARQUE NACIONAL SERRA DA CANASTRA","Ferns and Lycophytes","Orobanchaceae","Escobedia","grandiflora","(L.f.) Kuntze","OROBANCHACEAE Escobedia grandiflora (L.f.) Kuntze","SPF00132093",,"SPF","Sano, P.T.","932","Native","1998","Pirani, J.R.","2000","Prata","Ouro","jbrj-public.s3-sa-east-1.amazonaws.com/fsi/server?type=image&source=DZI/spf/spf/0/13/20/93/spf00132093.dzi","São Roque de Minas","Parque Nacional da Serra da Canastra"
"PARQUE NACIONAL SERRA DA CANASTRA","Angiosperms","Orobanchaceae","Physocalyx","major","Mart.","OROBANCHACEAE Physocalyx major Mart.","HUFU00035487",,"HUFU","Nakajima, J.N.","1036","Native","1995","Souza, V.C.","1996","Prata","Ouro","jbrj-public.s3-sa-east-1.amazonaws.com/fsi/server?type=image&source=DZI/hufu/hufu/0/3/54/87/hufu00035487.dzi","São Roque de Minas","Parque Nacional da Serra da Canastra"
"PARQUE NACIONAL SERRA DA CANASTRA","Angiosperms","Begoniaceae","Begonia","angularis","Raddi","BEGONIACEAE Begonia angularis Raddi","HUFU00002469",,"HUFU","Romero, R.","2051","Native","1995","Smith, S.F.","1995","Prata","Ouro","jbrj-public.s3-sa-east-1.amazonaws.com/fsi/server?type=image&source=DZI/hufu/hufu/0/0/24/69/hufu00002469.dzi","São Roque de Minas","Parque Nacional da Serra da Canastra. Guarita 3, cachoeira Casca D'Anta."
"PARQUE NACIONAL SERRA DA CANASTRA","Angiosperms","Orobanchaceae","Buchnera","juncea","Cham. & Schltdl.","OROBANCHACEAE Buchnera juncea Cham. & Schltdl.","HUFU00035370",,"HUFU","Romero, R.","2441","Native","1995","Souza, V.C.","1995","Prata","Ouro","jbrj-public.s3-sa-east-1.amazonaws.com/fsi/server?type=image&source=DZI/hufu/hufu/0/3/53/70/hufu00035370.dzi","São Roque de Minas","Parque Nacional da Serra da Canastra"
"PARQUE NACIONAL SERRA DA CANASTRA","Angiosperms","Orobanchaceae","Esterhazya","splendida","J.C.Mikan","OROBANCHACEAE Esterhazya splendida J.C.Mikan","HUFU00035421",,"HUFU","Romero, R.","2044","Native","1995","Souza, V.C.","1994","Prata","Ouro","jbrj-public.s3-sa-east-1.amazonaws.com/fsi/server?type=image&source=DZI/hufu/hufu/0/3/54/21/hufu00035421.dzi","São Roque de Minas","Parque Nacional da Serra da Canastra"
"PARQUE NACIONAL SERRA DA CANASTRA","Angiosperms","Bignoniaceae","Jacaranda","oxyphylla","Cham.","BIGNONIACEAE Jacaranda oxyphylla Cham.","UEC180150","splink","UEC","Campos, B.H.","326","Native","2021","Durigan, G.","2021","Prata","Ouro",,"Sacramento","Parque Nacional da Serra da Canastra"
"PARQUE NACIONAL SERRA DA CANASTRA","Angiosperms","Euphorbiaceae","Sapium","haematospermum","Müll.Arg.","EUPHORBIACEAE Sapium haematospermum Müll.Arg.","UEC180208","splink","UEC","Campos, B.H.","301","Native","2021","Durigan, G.","2021","Prata","Ouro",,"Sacramento","Parque Nacional da Serra da Canastra"
"PARQUE NACIONAL SERRA DA CANASTRA","Angiosperms","Malvaceae","Byttneria","sagittifolia","A. St.-Hil.","MALVACEAE Byttneria sagittifolia A. St.-Hil.","UEC180165","splink","UEC","Campos, B.H.","308","Native","2021","Durigan, G.","2021","Prata","Ouro",,"Sacramento","Parque Nacional da Serra da Canastra"
"PARQUE NACIONAL SERRA DA CANASTRA","Angiosperms","Polygalaceae","Senega","obovata","(A.S.-Hil. & Moq.) J.F.B.Pastore","POLYGALACEAE Senega obovata (A.S.-Hil. & Moq.) J.F.B.Pastore","CEN00104294","splink","CEN","Bringel Junior, J.B.A.","1105","Native","2014","Walter, B.M.T.","2019","Prata","Ouro",,"Delfinópolis","Sul do PARNA da Serra da Canastra. Campo 17, ponto 21."
"PARQUE NACIONAL SERRA DA CANASTRA","Angiosperms","Asteraceae","Aldama","arenaria","(Baker) E.E.Schill. & Panero","ASTERACEAE Aldama arenaria (Baker) E.E.Schill. & Panero","157669","x","SPF","Magenta, M.A.G.","632","Native","2003","Pirani, J.R.","2016","Prata","Ouro",,,"Parque Nacional da Serra da Canastra"
"PARQUE NACIONAL SERRA DA CANASTRA","Angiosperms","Rhamnaceae","Crumenaria","glaziovii","Urb.","RHAMNACEAE Crumenaria glaziovii Urb.","51690","x","CEN","Pontes, A.F.","535","Native","2002","Walter, B.M.T.","2018","Prata","Ouro",,,"Parque Nacional da Serra da Canastra. Estrada São Roque - Sacramento a 44 km da Portaria de São Roque de Minas."
"PARQUE NACIONAL SERRA DA CANASTRA","Angiosperms","Aristolochiaceae","Aristolochia","smilacina","(Klotzsch) Duch.","ARISTOLOCHIACEAE Aristolochia smilacina (Klotzsch) Duch.","134132","x","SPF","Farinaccio, M.A.","248","Native","1998","Pirani, J.R.","1999","Prata","Ouro",,,"Parque Nacional da Serra da Canastra, Torre de observação próximo ao Curral de Pedras."
"PARQUE NACIONAL SERRA DA CANASTRA","Angiosperms","Orobanchaceae","Buchnera","rosea","Kunth","OROBANCHACEAE Buchnera rosea Kunth","9800","x","HUFU","Romero, R.","2722","Native","1995","Souza, V.C.","1995","Prata","Ouro",,,"Parque Nacional da Serra da Canastra, Guarita de Sacramento."
"PARQUE NACIONAL SERRA DA CANASTRA","Angiosperms","Chrysobalanaceae","Hirtella","glandulosa","Spreng.","CHRYSOBALANACEAE Hirtella glandulosa Spreng.","IBGE00008822","splink","IBGE","Ramalho, R.S.","2965","Native","1984","Pereira, B.A.S.","1984","Prata","Ouro",,"São Roque de Minas","Parque Nacional da Serra da Canastra (Mata da Casca Danta). Coordenada calculada."
"PARQUE NACIONAL SERRA DA CANASTRA","Ferns and Lycophytes","Ebenaceae","Diospyros","sericea","A.DC.","EBENACEAE Diospyros sericea A.DC.","IBGE00010629","splink","IBGE","Ramalho, R.S.","2798","Native","1983","Pereira, B.A.S.","1984","Prata","Ouro",,"São Roque de Minas","Parque Nacional da Serra da Canastra. Mata da Casca D´anta. Coordenadas calculadas."
"PARQUE NACIONAL SERRA DA CANASTRA","Angiosperms","Peraceae","Pera","glabrata","(Schott) Baill.","PERACEAE Pera glabrata (Schott) Baill.","IBGE00010950","splink","IBGE","Ramalho, R.S.","2667","Native","1983","Pereira, B.A.S.","1984","Prata","Ouro",,"São Roque de Minas","Parque Nacional da Serra da Canastra. Mata da Casca D´anta."
"PARQUE NACIONAL SERRA DA CANASTRA",,"Apocynaceae","Barjonia","erecta","(Vell.) K.Schum.","APOCYNACEAE Barjonia erecta (Vell.) K.Schum.","HUEFS00243354",,"HUEFS","Cota, M.M.T.","916",,"2017","Bitencourt, C.",,"Bronze","Ouro","jbrj-public.s3-sa-east-1.amazonaws.com/fsi/server?type=image&source=DZI/huefs/huefs/0/24/33/54/huefs00243354.dzi","Delfinópolis","Parque Nacional da Serra da Canastra. Estrada vicinal sentido Condominio das Pedras."
"PARQUE NACIONAL SERRA DA CANASTRA","Angiosperms","Fabaceae","Chamaecrista","ciliolata","(Benth.) H.S.Irwin & Barneby","FABACEAE Chamaecrista ciliolata (Benth.) H.S.Irwin & Barneby","HUEFS00243355",,"HUEFS","Cota, M.M.T.","917","Native","2017","Administrador","2024","Bronze","Ouro","jbrj-public.s3-sa-east-1.amazonaws.com/fsi/server?type=image&source=DZI/huefs/huefs/0/24/33/55/huefs00243355.dzi","Delfinópolis","Parque Nacional da Serra da Canastra. Estrada vicinal sentido Condominio das Pedras."
"PARQUE NACIONAL SERRA DA CANASTRA","Angiosperms","Acanthaceae","Ruellia","multifolia","(Nees) Lindau","ACANTHACEAE Ruellia multifolia var. multifolia (Nees) Lindau","SPF00220712",,"SPF","Antar, G.M.","845","Native","2015","Fernandes, U.G.","10/17","Bronze","Ouro","jbrj-public.s3-sa-east-1.amazonaws.com/fsi/server?type=image&source=DZI/spf/spf/0/22/7/12/spf00220712.dzi","São Roque de Minas","Estrada para a portaria 1 do Parque Nacional da Serra da Canastra."
"PARQUE NACIONAL SERRA DA CANASTRA","Angiosperms","Fabaceae",,,"Lindl.","FABACEAE Fabaceae Lindl.","SPF00227763",,"SPF","Pirani, J.R.","6614","Native","2015","Administrador","2019","Bronze","Ouro","jbrj-public.s3-sa-east-1.amazonaws.com/fsi/server?type=image&source=DZI/spf/spf/0/22/77/63/spf00227763.dzi","São Roque de Minas","Parque Nacional da Serra da Canastra, 53,8 km a oeste do centro de visitantes e 15 km a leste da portaria de Sacramento."
"PARQUE NACIONAL SERRA DA CANASTRA","Angiosperms","Asteraceae","Calea","abbreviata","Pruski & Urbatsch","ASTERACEAE Calea abbreviata Pruski & Urbatsch","ICN00054250",,"ICN","Bringel, J.B.B.","1099","Native","2014","Bueno, V.R.","2021","Bronze","Ouro","jbrj-public.s3-sa-east-1.amazonaws.com/fsi/server?type=image&source=DZI/icn/icn/0/5/42/50/icn00054250_1.dzi|jbrj-public.s3-sa-east-1.amazonaws.com/fsi/server?type=image&source=DZI/icn/icn/0/5/42/50/icn00054250.dzi","Capitólio","Sudeste do PARNA da Serra da Canastra, estrada para o chapadão"
"PARQUE NACIONAL SERRA DA CANASTRA","Ferns and Lycophytes","Lycopodiaceae","Phlegmariurus","treitubensis","(Silveira) B.Øllg.","LYCOPODIACEAE Phlegmariurus treitubensis (Silveira) B.Øllg.","HUFU00054692",,"HUFU","Echternacht, L.O.L.F.A.V.A.F.A.F.M.S.","2497","Native","2014","Almeida, T.E.","2017","Bronze","Ouro","jbrj-public.s3-sa-east-1.amazonaws.com/fsi/server?type=image&source=DZI/hufu/hufu/0/5/46/92/hufu00054692.dzi","São Roque de Minas","Parque Nacional da Serra da Canastra; Percurso entre São João Batista da Canastra e a Portaria 1 (São Roque - Centro de Visitantes. Estrada entre a nascente do Rio São Francisco e a Portaria 1, em direção à vertente sul da Serra."
"PARQUE NACIONAL SERRA DA CANASTRA","Angiosperms","Anemiaceae","Anemia","oblongifolia","(Cav.) Sw.","ANEMIACEAE Anemia oblongifolia (Cav.) Sw.","HUFU00054187",,"HUFU","Echternacht, L.","2488","Native","2014","Salino, A.","2014","Bronze","Ouro","jbrj-public.s3-sa-east-1.amazonaws.com/fsi/server?type=image&source=DZI/hufu/hufu/0/5/41/87/hufu00054187.dzi","São Roque de Minas","Parque Nacional da Serra da Canastra"
"PARQUE NACIONAL SERRA DA CANASTRA","Angiosperms","Apodanthaceae","Pilostyles","blanchetii","(Gardner) R.Br.","APODANTHACEAE Pilostyles blanchetii (Gardner) R.Br.","SPF00224578",,"SPF","Borges, L.M.","1035","Native","2013","Renner, S.S.","1/17","Bronze","Ouro","jbrj-public.s3-sa-east-1.amazonaws.com/fsi/server?type=image&source=DZI/spf/spf/0/22/45/78/spf00224578.dzi","São Roque de Minas","Parque Nacional da Serra da Canastra, Estrada para cachoeira Casca d'Anta, a partir da portaria 1 do parque; ca. 27 km da portaria; campos no topo da cachoeira Casca d'Anta."
"PARQUE NACIONAL SERRA DA CANASTRA","Angiosperms","Fabaceae","Mimosa","setosa","Benth.","FABACEAE Mimosa setosa Benth.","SPF00225267",,"SPF","Neves, D.M.","1327","Native","2013","Administrador","2023","Bronze","Ouro","jbrj-public.s3-sa-east-1.amazonaws.com/fsi/server?type=image&source=DZI/spf/spf/0/22/52/67/spf00225267.dzi","São Roque de Minas","Parque Nacional da Serra da Canastra"
"PARQUE NACIONAL SERRA DA CANASTRA","Angiosperms","Asteraceae","Mikania","vismiifolia","DC.","ASTERACEAE Mikania vismiifolia DC.","ESA120898",,"ESA","Delfini, C.","490","Native","2012","Oliveira, C.T.","2015","Bronze","Ouro","jbrj-public.s3-sa-east-1.amazonaws.com/fsi/server?type=image&source=DZI/esa/esa/0/12/8/98/esa00120898.dzi","São Roque de Minas","Parque Nacional da Serra da Canastra. Proximidades da nascente do Rio São Francisco."
"PARQUE NACIONAL SERRA DA CANASTRA","Angiosperms","Poaceae","Trichanthecium","pseudisachne","(Mez) Zuloaga & Morrone","POACEAE Trichanthecium pseudisachne (Mez) Zuloaga & Morrone","IBGE00076415",,"IBGE","Silva, R.R.","1028","Native","2010","Lopes-Neto, R.B.","2023","Bronze","Ouro","jbrj-public.s3-sa-east-1.amazonaws.com/fsi/server?type=image&source=DZI/ibge/ibge/0/7/64/15/ibge00076415.dzi","São Roque de Minas","Parque Nacional da Serra da Canastra. Base do Morro do Mirante. Folha: SF-23-V-B. Parque Nacional da Serra da Canastra."
"PARQUE NACIONAL SERRA DA CANASTRA","Angiosperms","Pteridaceae","Adiantum","subcordatum","Sw.","PTERIDACEAE Adiantum subcordatum Sw.","CEN00093181",,"CEN","Gomes, B.M.","502","Native","2010","Dittrich, V.A.O.","2022","Bronze","Ouro","jbrj-public.s3-sa-east-1.amazonaws.com/fsi/server?type=image&source=DZI/cen/cen/0/9/31/81/cen00093181.dzi","São Roque de Minas","Parque Nacional da Serra da Canastra; Capão R8."
"PARQUE NACIONAL SERRA DA CANASTRA","Angiosperms","Apocynaceae","Ditassa","pedunculata","Malme","APOCYNACEAE Ditassa pedunculata Malme","CEN00093162",,"CEN","Gomes, B.M.","483","Native","2010","Konno, T.U.P.","2020","Bronze","Ouro","jbrj-public.s3.amazonaws.com/fsi/server?type=image&source=DZI/cen/cen/0/9/31/62/cen00093162.dzi","São Roque de Minas","Parque Nacional da Serra da Canastra; morro da Torre de Observação. 20°12'39,6'' S; 46°28'29,1''W"
"PARQUE NACIONAL SERRA DA CANASTRA","Angiosperms","Lauraceae","Cassytha","filiformis","L.","LAURACEAE Cassytha filiformis L.","ESA117348",,"ESA","Romao, G.O.","2646","Native","2010","Kojima, R.K.","2018","Bronze","Ouro","jbrj-public.s3-sa-east-1.amazonaws.com/fsi/server?type=image&source=DZI/esa/esa/0/11/73/48/esa00117348_1.dzi|jbrj-public.s3-sa-east-1.amazonaws.com/fsi/server?type=image&source=DZI/esa/esa/0/11/73/48/esa00117348_2.dzi","São Roque de Minas","Parque Nacional Serra da Canastra. Estrada para Sacramento, redondeza da nascente do Rio São Francisco. Campo aberto"
"PARQUE NACIONAL SERRA DA CANASTRA","Angiosperms","Eriocaulaceae","Paepalanthus","planifolius","(Bong.) Körn.","ERIOCAULACEAE Paepalanthus planifolius (Bong.) Körn.","CEN00093176",,"CEN","Gomes, B.M.","500","Native","2010","Trovo, M.","2017","Bronze","Ouro","jbrj-public.s3.amazonaws.com/fsi/server?type=image&source=DZI/cen/cen/0/9/31/76/cen00093176.dzi","São Roque de Minas","Parque Nacional da Serra da Canastra."
"PARQUE NACIONAL SERRA DA CANASTRA","Angiosperms","Asteraceae","Chromolaena","ivifolia","(L.) R.M.King & H.Rob.","ASTERACEAE Chromolaena ivifolia (L.) R.M.King & H.Rob.","ESA117350",,"ESA","Romao, G.O.","2648","Native","2010","Contro, F.L.","2015","Bronze","Ouro","jbrj-public.s3-sa-east-1.amazonaws.com/fsi/server?type=image&source=DZI/esa/esa/0/11/73/50/esa00117350.dzi","São Roque de Minas","Parque Nacional Serra da Canastra. Estrada para Sacramento, redondeza da nascente do Rio São Francisco. Campo aberto"
"PARQUE NACIONAL SERRA DA CANASTRA","Ferns and Lycophytes","Amaryllidaceae","Zephyranthes","sylvatica","(Mart. ex Schult. & Schult.f.) Baker","AMARYLLIDACEAE Zephyranthes sylvatica (Mart. ex Schult. & Schult.f.) Baker","IBGE00076516",,"IBGE","Silva, R.R.","1136","Native","2010","Fonseca, M.L.","2014","Bronze","Ouro","jbrj-public.s3-sa-east-1.amazonaws.com/fsi/server?type=image&source=DZI/ibge/ibge/0/7/65/16/ibge00076516.dzi","São Roque de Minas","PARNA da Serra da Canastra. Próximo a Garagem de Pedras. Folha Cartográfica SF-23-V-B."
"PARQUE NACIONAL SERRA DA CANASTRA","Angiosperms","Poaceae","Aristida","recurvata","Kunth","POACEAE Aristida recurvata Kunth","IBGE00076405",,"IBGE","Silva, R.R.","1018","Native","2010","Silva, R.R.","2011","Bronze","Ouro","jbrj-public.s3-sa-east-1.amazonaws.com/fsi/server?type=image&source=DZI/ibge/ibge/0/7/64/5/ibge00076405.dzi","São Roque de Minas","Parque Nacional da Serra da Canastra. Folha Cartográfica SF-23-V-B. Coordenada Coletada."
"PARQUE NACIONAL SERRA DA CANASTRA","Angiosperms","Poaceae","Aristida","setifolia","Kunth","POACEAE Aristida setifolia Kunth","IBGE00076402",,"IBGE","Silva, R.R.","1015","Native","2010","Silva, R.R.","2011","Bronze","Ouro","jbrj-public.s3-sa-east-1.amazonaws.com/fsi/server?type=image&source=DZI/ibge/ibge/0/7/64/2/ibge00076402.dzi","São Roque de Minas","Parque Nacional de Serra da Canastra. Folha Cartográfica: SF-23-V-B."
"PARQUE NACIONAL SERRA DA CANASTRA","Angiosperms","Poaceae","Arthropogon","filifolius","Filg.","POACEAE Arthropogon filifolius Filg.","IBGE00076506",,"IBGE","Silva, R.R.","1126","Native","2010","Silva, R.R.","2011","Bronze","Ouro","jbrj-public.s3-sa-east-1.amazonaws.com/fsi/server?type=image&source=DZI/ibge/ibge/0/7/65/6/ibge00076506.dzi","São Roque de Minas","Folha Cartográfica SF-23-V-A Coordenada Coletada. Parque Nacional da Serra da Canastra."
"PARQUE NACIONAL SERRA DA CANASTRA","Angiosperms","Poaceae","Axonopus","siccus","(Nees) Kuhlm.","POACEAE Axonopus siccus (Nees) Kuhlm.","IBGE00076435",,"IBGE","Silva, R.R.","1048","Native","2010","Silva, R.R.","2011","Bronze","Ouro","jbrj-public.s3-sa-east-1.amazonaws.com/fsi/server?type=image&source=DZI/ibge/ibge/0/7/64/35/ibge00076435.dzi","São Roque de Minas","Parque Nacional da Serra da Canastra, Próximo ao Retiro das Pedras. Folha Cartográfica SF-23-V-A Coordenada Coletada."
"PARQUE NACIONAL SERRA DA CANASTRA","Angiosperms","Poaceae","Gymnopogon","grandiflorus","Roseng. et al.","POACEAE Gymnopogon grandiflorus Roseng. et al.","IBGE00076480",,"IBGE","Silva, R.R.","1100","Native","2010","Silva, R.R.","2011","Bronze","Ouro","jbrj-public.s3-sa-east-1.amazonaws.com/fsi/server?type=image&source=DZI/ibge/ibge/0/7/64/80/ibge00076480.dzi","São Roque de Minas","Parque Nacional da Serra da Canastra. Estrada de acesso ao Retiro de Pedras."
"PARQUE NACIONAL SERRA DA CANASTRA","Angiosperms","Fabaceae","Mimosa","eriorrhachis","Barneby","FABACEAE Mimosa eriorrhachis Barneby","SPF00217654",,"SPF","Silva, J.S.","801","Native","2009","Administrador","2019","Bronze","Ouro","jbrj-public.s3-sa-east-1.amazonaws.com/fsi/server?type=image&source=DZI/spf/spf/0/21/76/54/spf00217654.dzi","São Roque de Minas","Parque Nacional da Serra da Canastra, São José do Barreiro. Casca D'Anta, trilha para a caixa d'água da guarita."
"PARQUE NACIONAL SERRA DA CANASTRA","Angiosperms","Melastomataceae","Trembleya","hatschbachii","Wurdack & E.Martins","MELASTOMATACEAE Trembleya hatschbachii Wurdack & E.Martins","HUFU00068575",,"HUFU","Nakajima, J.N.","4764","Native","2008","Pacifico, R.B.","2020","Bronze","Ouro","jbrj-public.s3-sa-east-1.amazonaws.com/fsi/server?type=image&source=DZI/hufu/hufu/0/6/85/75/hufu00068575.dzi","Botumirim","Parque Nacional da Serra da Canastra; Acesso pela estrada para Canta Galo.; Campo rupestre."
"PARQUE NACIONAL SERRA DA CANASTRA","Angiosperms","Melastomataceae","Lavoisiera","alba","Mart. & Schrank ex DC.","MELASTOMATACEAE Lavoisiera alba Mart. & Schrank ex DC.","HUFU00060641",,"HUFU","Nakajima, J.N.","4785","Native","2008","Araujo, I.M.","2013","Bronze","Ouro","jbrj-public.s3-sa-east-1.amazonaws.com/fsi/server?type=image&source=DZI/hufu/hufu/0/6/6/41/hufu00060641.dzi","Botumirim","Parque Nacional da Serra da Canastra ; Acesso pela estrada para Canta Galo."
"PARQUE NACIONAL SERRA DA CANASTRA","Angiosperms","Asteraceae","Vernonanthura","mariana","(Mart. ex Baker) H.Rob.","ASTERACEAE Vernonanthura mariana (Mart. ex Baker) H.Rob.","HUFU00056499",,"HUFU","Nakajima, J.N.","4778","Native","2008","Soares, P.N.","2012","Bronze","Ouro","jbrj-public.s3-sa-east-1.amazonaws.com/fsi/server?type=image&source=DZI/hufu/hufu/0/5/64/99/hufu00056499.dzi","Botumirim","Parque Nacional da Serra da Canastra Acesso pela estrada para Canta Galo."
"PARQUE NACIONAL SERRA DA CANASTRA","Angiosperms","Fabaceae","Chamaecrista","leucopilis","(Glaz. ex Harms) H.S.Irwin & Barneby","FABACEAE Chamaecrista leucopilis (Glaz. ex Harms) H.S.Irwin & Barneby","VIES028073",,"VIES","Nakajima, J.N.","4796","Native","2008","Cota, M.M.T.","2012","Bronze","Ouro","jbrj-public.s3-sa-east-1.amazonaws.com/fsi/server?type=image&source=DZI/vies/vies/0/2/80/73/vies00028073.dzi","Botumirim","Parque Nacional da Serra da Canastra, Acesso pela estrada para Canta Galo."
"PARQUE NACIONAL SERRA DA CANASTRA","Angiosperms","Fabaceae","Senegalia","polyphylla","(DC.) Britton & Rose","FABACEAE Senegalia polyphylla (DC.) Britton & Rose","HUFU00036324",,"HUFU","Fernandes, J.M.","776","Native","2008","Terra, V.","2011","Bronze","Ouro","jbrj-public.s3-sa-east-1.amazonaws.com/fsi/server?type=image&source=DZI/hufu/hufu/0/3/63/24/hufu00036324.dzi","Delfinópolis","Parque Nacional da Serra da Canastra"
"PARQUE NACIONAL SERRA DA CANASTRA","Angiosperms","Ophioglossaceae","Ophioglossum","reticulatum","L.","OPHIOGLOSSACEAE Ophioglossum reticulatum L.","CEN00101369",,"CEN","Batista, J.A.N.","3168","Native","2007","Salino, A.","2009","Bronze","Ouro","jbrj-public.s3.amazonaws.com/fsi/server?type=image&source=DZI/cen/cen/0/10/13/69/cen00101369.dzi","São Roque de Minas","Parque Nacional da Serra da Canastra. próximo a nascente do Rio São Francisco. Lat: 20.14364 S; Long: 46.26478 W."
"PARQUE NACIONAL SERRA DA CANASTRA","Angiosperms","Begoniaceae","Begonia","fischeri","Schrank","BEGONIACEAE Begonia fischeri Schrank","ESA117477",,"ESA","Delfini, C.","30","Native","2007","Delfini, C.","2008","Bronze","Ouro","jbrj-public.s3-sa-east-1.amazonaws.com/fsi/server?type=image&source=DZI/esa/esa/0/11/74/77/esa00117477.dzi",,"Parque Nacional da Serra da Canastra. Acesso pela portaria Casca D’Anta. Trilha para a cachoeira Casca D’Anta."
"PARQUE NACIONAL SERRA DA CANASTRA","Angiosperms","Apocynaceae","Blepharodon","ampliflorum","E.Fourn.","APOCYNACEAE Blepharodon ampliflorum E.Fourn.","SPF00157010",,"SPF","Farinaccio, M.A.","507",,"2003","Farinaccio, M.A.","3/3","Bronze","Ouro","jbrj-public.s3-sa-east-1.amazonaws.com/fsi/server?type=image&source=DZI/spf/spf/0/15/70/10/spf00157010.dzi","São Roque de Minas","Parque Nacional da Serra da Canastra, Campo rupestre próximo à Área de Desenvolvimento São Roque de Minas, antes do Rio do Peixe."
"PARQUE NACIONAL SERRA DA CANASTRA","Angiosperms","Apocynaceae","Oxypetalum","pachygynum","Decne.","APOCYNACEAE Oxypetalum pachygynum Decne.","SPF00157037",,"SPF","Farinaccio, M.A.","517","Native","2003","Farinaccio, M.A.","3/2","Bronze","Ouro","jbrj-public.s3-sa-east-1.amazonaws.com/fsi/server?type=image&source=DZI/spf/spf/0/15/70/37/spf00157037.dzi","São Roque de Minas","Parque Nacional da Serra da Canastra, Córrego das Lavras, próximo à trilha para a Casca D´Anta, parte de cima."
"PARQUE NACIONAL SERRA DA CANASTRA","Angiosperms","Apocynaceae","Oxypetalum","warmingii","(E.Fourn.) Fontella & Marquete","APOCYNACEAE Oxypetalum warmingii (E.Fourn.) Fontella & Marquete","SPF00157040",,"SPF","Farinaccio, M.A.","512","Native","2003","Farinaccio, M.A.","6/3","Bronze","Ouro","jbrj-public.s3-sa-east-1.amazonaws.com/fsi/server?type=image&source=DZI/spf/spf/0/15/70/40/spf00157040.dzi","São Roque de Minas","Parque Nacional da Serra da Canastra, Rio do Peixe, 800 m da Área de Desenvolvimento São Roque de Minas."
"PARQUE NACIONAL SERRA DA CANASTRA","Angiosperms","Poaceae","Axonopus","aureus","P. Beauv.","POACEAE Axonopus aureus P. Beauv.","SPF00157714",,"SPF","Magenta, M.A.G.","579","Native","2003","Garcia, C.A.","5/3","Bronze","Ouro","jbrj-public.s3-sa-east-1.amazonaws.com/fsi/server?type=image&source=DZI/spf/spf/0/15/77/14/spf00157714.dzi","São Roque de Minas","Parque Nacional da Serra da Canastra, Estrada para o Retiro das Pedras."
"PARQUE NACIONAL SERRA DA CANASTRA","Angiosperms","Lythraceae","Cuphea","diosmifolia","A.St.-Hil.","LYTHRACEAE Cuphea diosmifolia A.St.-Hil.","CEN00102424",,"CEN","Nakajima, J.N.","3760","Native","2003","Facco, M.G.","2017","Bronze","Ouro","jbrj-public.s3.amazonaws.com/fsi/server?type=image&source=DZI/cen/cen/0/10/24/24/cen00102424.dzi","Delfinópolis","Condomínio de Pedras, Parque Nacional da Serra da Canastra. 20º 21' 64"""" S 46º44' 83"""" W."
"PARQUE NACIONAL SERRA DA CANASTRA","Ferns and Lycophytes","Amaryllidaceae","Hippeastrum","roseoalbum","R.S.Oliveira & Dutilh","AMARYLLIDACEAE Hippeastrum roseoalbum R.S.Oliveira & Dutilh","HUFU00070293",,"HUFU","Nakajima, J.N.","3786","Native","2003","Oliveira, R.S.","2013","Bronze","Ouro","jbrj-public.s3-sa-east-1.amazonaws.com/fsi/server?type=image&source=DZI/hufu/hufu/0/7/2/93/hufu00070293.dzi","Delfinópolis","Parque Nacional da Serra da Canastra. Estrada para Casinha branca.. Campo rupestre."
"PARQUE NACIONAL SERRA DA CANASTRA","Angiosperms","Amaranthaceae","Alternanthera",,"Forssk.","AMARANTHACEAE Alternanthera Forssk.","HUFU00053425",,"HUFU","Nakajima, J.N.","3724","Native","2003","Marchiretto, M.S.","2009","Bronze","Ouro","jbrj-public.s3-sa-east-1.amazonaws.com/fsi/server?type=image&source=DZI/hufu/hufu/0/5/34/25/hufu00053425.dzi","Delfinópolis","Parque Nacional da Serra da Canastra"
"PARQUE NACIONAL SERRA DA CANASTRA","Angiosperms","Apocynaceae","Ditassa","obscura","(E.Fourn.) Farinaccio & T.U.P.Konno","APOCYNACEAE Ditassa obscura (E.Fourn.) Farinaccio & T.U.P.Konno","SPF00157017",,"SPF","Farinaccio, M.A.","514","Native","2003","Farinaccio, M.A.","2005","Bronze","Ouro","jbrj-public.s3-sa-east-1.amazonaws.com/fsi/server?type=image&source=DZI/spf/spf/0/15/70/17/spf00157017.dzi","São Roque de Minas","Parque Nacional da Serra da Canastra, Rio do Peixe. 800 m da Área de Desenvolvimento São Roque de Minas. Mata ciliar."
"PARQUE NACIONAL SERRA DA CANASTRA","Ferns and Lycophytes","Amaranthaceae","Pfaffia","gnaphaloides","(L.f.) Mart.","AMARANTHACEAE Pfaffia gnaphaloides (L.f.) Mart.","HUFU00053363",,"HUFU","Romero, R.","7028","Native","2003","Pacheco, R.A.","2004","Bronze","Ouro","jbrj-public.s3-sa-east-1.amazonaws.com/fsi/server?type=image&source=DZI/hufu/hufu/0/5/33/63/hufu00053363.dzi","Delfinópolis","Parque Nacional da Serra da Canastra"
"PARQUE NACIONAL SERRA DA CANASTRA","Angiosperms","Annonaceae","Guatteria","australis","A.St.-Hil.","ANNONACEAE Guatteria australis A.St.-Hil.","HUFU00053152",,"HUFU","Nakajima, J.N.","3778","Native","2003","Romero, R.","2004","Bronze","Ouro","jbrj-public.s3-sa-east-1.amazonaws.com/fsi/server?type=image&source=DZI/hufu/hufu/0/5/31/52/hufu00053152.dzi","Delfinópolis","Parque Nacional da Serra da Canastra"
"PARQUE NACIONAL SERRA DA CANASTRA","Angiosperms","Apiaceae","Eryngium","juncifolium","(Urb.) Mathias & Constance","APIACEAE Eryngium juncifolium (Urb.) Mathias & Constance","HUFU00053118",,"HUFU","Romero, R.","6984","Native","2003","Pacheco, R.A.","2004","Bronze","Ouro","jbrj-public.s3-sa-east-1.amazonaws.com/fsi/server?type=image&source=DZI/hufu/hufu/0/5/31/18/hufu00053118.dzi","Delfinópolis","Parque Nacional da Serra da Canastra"
"PARQUE NACIONAL SERRA DA CANASTRA","Angiosperms","Apocynaceae","Blepharodon","lineare","(Decne.) Decne.","APOCYNACEAE Blepharodon lineare (Decne.) Decne.","HUFU00053034",,"HUFU","Romero, R.","7032",,"2003","Pacheco, R.A.","2004","Bronze","Ouro","jbrj-public.s3-sa-east-1.amazonaws.com/fsi/server?type=image&source=DZI/hufu/hufu/0/5/30/34/hufu00053034.dzi","Delfinópolis","Parque Nacional da Serra da Canastra"
"PARQUE NACIONAL SERRA DA CANASTRA","Angiosperms","Aquifoliaceae","Ilex","dumosa","Reissek","AQUIFOLIACEAE Ilex dumosa Reissek","HUFU00052533",,"HUFU","Romero, R.","7005","Native","2003","Volpi, R.L.","2004","Bronze","Ouro","jbrj-public.s3-sa-east-1.amazonaws.com/fsi/server?type=image&source=DZI/hufu/hufu/0/5/25/33/hufu00052533.dzi","Delfinópolis","Parque Nacional da Serra da Canastra ; Condomínio de Pedras."
"PARQUE NACIONAL SERRA DA CANASTRA","Angiosperms","Calophyllaceae","Calophyllum","brasiliense","Cambess.","CALOPHYLLACEAE Calophyllum brasiliense Cambess.","HUFU00051932",,"HUFU","Nakajima, J.N.","3787","Native","2003","Volpi, R.L.","2004","Bronze","Ouro","jbrj-public.s3-sa-east-1.amazonaws.com/fsi/server?type=image&source=DZI/hufu/hufu/0/5/19/32/hufu00051932.dzi","Delfinópolis","Parque Nacional da Serra da Canastra ; Estrada para Escada de Pedras, vão na fazenda do José Onório."
"PARQUE NACIONAL SERRA DA CANASTRA","Angiosperms","Connaraceae","Rourea","induta","Planch.","CONNARACEAE Rourea induta Planch.","HUFU00052101",,"HUFU","Romero, R.","7031","Native","2003","Pacheco, R.A.","2004","Bronze","Ouro","jbrj-public.s3-sa-east-1.amazonaws.com/fsi/server?type=image&source=DZI/hufu/hufu/0/5/21/1/hufu00052101.dzi","Delfinópolis","Parque Nacional da Serra da Canastra ; Estrada para Casinha Branca."
"PARQUE NACIONAL SERRA DA CANASTRA","Angiosperms","Convolvulaceae","Distimake","aturensis","(Kunth) A.R. Simões & Staples","CONVOLVULACEAE Distimake aturensis (Kunth) A.R. Simões & Staples","HUFU00050986",,"HUFU","Romero, R.","7019","Native","2003","Pacheco, R.A.","2004","Bronze","Ouro","jbrj-public.s3-sa-east-1.amazonaws.com/fsi/server?type=image&source=DZI/hufu/hufu/0/5/9/86/hufu00050986.dzi","Delfinópolis","Parque Nacional da Serra da Canastra ; Condomínio de Pedras."
"PARQUE NACIONAL SERRA DA CANASTRA",,"Cyperaceae","Bulbostylis","edwalliana","(Boeckeler) Prata","CYPERACEAE Bulbostylis edwalliana (Boeckeler) Prata","HUFU00051096",,"HUFU","Romero, R.","7029",,"2003","Romero, R.","2004","Bronze","Ouro","jbrj-public.s3-sa-east-1.amazonaws.com/fsi/server?type=image&source=DZI/hufu/hufu/0/5/10/96/hufu00051096.dzi","Delfinópolis","Parque Nacional da Serra da Canastra ; Condomínio de Pedras."
"PARQUE NACIONAL SERRA DA CANASTRA","Angiosperms","Cyperaceae","Cyperus","schomburgkianus","Nees","CYPERACEAE Cyperus schomburgkianus Nees","HUFU00051134",,"HUFU","Nakajima, J.N.","3714","Native","2003","Pacheco, R.A.","2004","Bronze","Ouro","jbrj-public.s3-sa-east-1.amazonaws.com/fsi/server?type=image&source=DZI/hufu/hufu/0/5/11/34/hufu00051134.dzi","Delfinópolis","Parque Nacional da Serra da Canastra ; Fazenda Zé Antunes, Escada de Pedras."
"PARQUE NACIONAL SERRA DA CANASTRA","Angiosperms","Cyperaceae","Rhynchospora","patuligluma","C.B.Clarke ex Lindm.","CYPERACEAE Rhynchospora patuligluma C.B.Clarke ex Lindm.","HUFU00051235",,"HUFU","Romero, R.","6964","Native","2003","Pacheco, R.A.","2004","Bronze","Ouro","jbrj-public.s3-sa-east-1.amazonaws.com/fsi/server?type=image&source=DZI/hufu/hufu/0/5/12/35/hufu00051235.dzi","Delfinópolis","Parque Nacional da Serra da Canastra ; Fazenda Zé Antunes, Escada de Pedras."
"PARQUE NACIONAL SERRA DA CANASTRA","Angiosperms","Cyperaceae","Rhynchospora","tenuis","Link","CYPERACEAE Rhynchospora tenuis Link","HUFU00051275",,"HUFU","Nakajima, J.N.","3709","Native","2003","Pacheco, R.A.","2004","Bronze","Ouro","jbrj-public.s3-sa-east-1.amazonaws.com/fsi/server?type=image&source=DZI/hufu/hufu/0/5/12/75/hufu00051275.dzi","Delfinópolis","Parque Nacional da Serra da Canastra ; Fazenda Zé Antunes, Escada de Pedras."
"PARQUE NACIONAL SERRA DA CANASTRA","Angiosperms","Fabaceae","Betencourtia","stereophylla","(Harms) L.P.Queiroz","FABACEAE Betencourtia stereophylla (Harms) L.P.Queiroz","HUFU00040513",,"HUFU","Nakajima, J.N.","3728","Native","2003","Pacheco, R.A.","2004","Bronze","Ouro","jbrj-public.s3-sa-east-1.amazonaws.com/fsi/server?type=image&source=DZI/hufu/hufu/0/4/5/13/hufu00040513.dzi","Delfinópolis","Parque Nacional da Serra da Canastra"
"PARQUE NACIONAL SERRA DA CANASTRA","Angiosperms","Fabaceae","Chamaecrista","fagonioides","(Vogel) H.S.Irwin & Barneby","FABACEAE Chamaecrista fagonioides (Vogel) H.S.Irwin & Barneby","HUFU00050465",,"HUFU","Nakajima, J.N.","3785","Native","2003","Volpi, R.L.","2004","Bronze","Ouro","jbrj-public.s3-sa-east-1.amazonaws.com/fsi/server?type=image&source=DZI/hufu/hufu/0/5/4/65/hufu00050465.dzi","Delfinópolis","Parque Nacional da Serra da Canastra ; Estrada para Escada de Pedras."
"PARQUE NACIONAL SERRA DA CANASTRA","Angiosperms","Gesneriaceae","Sinningia","warmingii","(Hiern) Chautems","GESNERIACEAE Sinningia warmingii (Hiern) Chautems","HUFU00039715",,"HUFU","Romero, R.","6951","Native","2003","Pacheco, R.A.","2004","Bronze","Ouro","jbrj-public.s3-sa-east-1.amazonaws.com/fsi/server?type=image&source=DZI/hufu/hufu/0/3/97/15/hufu00039715.dzi","Delfinópolis","Parque Nacional da Serra da Canastra; Fazenda Zé Antunes, Escada de Pedras."
"PARQUE NACIONAL SERRA DA CANASTRA","Angiosperms","Lauraceae","Ocotea","corymbosa","(Meisn.) Mez","LAURACEAE Ocotea corymbosa (Meisn.) Mez","HUFU00040233",,"HUFU","Romero, R.","7017","Native","2003","Volpi, R.L.","2004","Bronze","Ouro","jbrj-public.s3-sa-east-1.amazonaws.com/fsi/server?type=image&source=DZI/hufu/hufu/0/4/2/33/hufu00040233.dzi","Delfinópolis","Parque Nacional da Serra da Canastra"
"PARQUE NACIONAL SERRA DA CANASTRA","Angiosperms","Meliaceae","Guarea","guidonia","(L.) Sleumer","MELIACEAE Guarea guidonia (L.) Sleumer","HUFU00037229",,"HUFU","Romero, R.","6998","Native","2003","Volpi, R.L.","2004","Bronze","Ouro","jbrj-public.s3-sa-east-1.amazonaws.com/fsi/server?type=image&source=DZI/hufu/hufu/0/3/72/29/hufu00037229.dzi","Delfinópolis","Parque Nacional da Serra Canastra"
"PARQUE NACIONAL SERRA DA CANASTRA","Angiosperms","Microteaceae","Microtea","celosioides","Moq. ex Sennikov & Sukhor.","MICROTEACEAE Microtea celosioides Moq. ex Sennikov & Sukhor.","HUFU00035677",,"HUFU","Romero, R.","7013","Native","2003","Pacheco, R.A.","2004","Bronze","Ouro","jbrj-public.s3-sa-east-1.amazonaws.com/fsi/server?type=image&source=DZI/hufu/hufu/0/3/56/77/hufu00035677.dzi","Delfinópolis","Parque Nacional da Serra da Canastra"
"PARQUE NACIONAL SERRA DA CANASTRA","Angiosperms","Moraceae","Brosimum","gaudichaudii","Trécul","MORACEAE Brosimum gaudichaudii Trécul","HUFU00037334",,"HUFU","Nakajima, J.N.","3766",,"2003","Volpi, R.L.","2004","Bronze","Ouro","jbrj-public.s3-sa-east-1.amazonaws.com/fsi/server?type=image&source=DZI/hufu/hufu/0/3/73/34/hufu00037334.dzi","Delfinópolis","Parque Nacional da Serra da Canastra"
"PARQUE NACIONAL SERRA DA CANASTRA","Angiosperms","Nyctaginaceae","Neea","theifera","Oerst.","NYCTAGINACEAE Neea theifera Oerst.","HUFU00036862",,"HUFU","Romero, R.","6949","Native","2003","Volpi, R.L.","2004","Bronze","Ouro","jbrj-public.s3-sa-east-1.amazonaws.com/fsi/server?type=image&source=DZI/hufu/hufu/0/3/68/62/hufu00036862.dzi","Delfinópolis","Parque Nacional da Serra da Canastra"
"PARQUE NACIONAL SERRA DA CANASTRA","Angiosperms","Ochnaceae","Sauvagesia","erecta","L.","OCHNACEAE Sauvagesia erecta L.","HUFU00035438",,"HUFU","Nakajima, J.N.","3808","Native","2003","Pacheco, R.A.","2004","Bronze","Ouro","jbrj-public.s3-sa-east-1.amazonaws.com/fsi/server?type=image&source=DZI/hufu/hufu/0/3/54/38/hufu00035438.dzi","Delfinópolis","Parque Nacional da Serra da Canastra"
"PARQUE NACIONAL SERRA DA CANASTRA","Angiosperms","Turneraceae","Piriqueta","sidifolia","Urb.","TURNERACEAE Piriqueta sidifolia var. multiflora Urb.","HUFU00034335",,"HUFU","Romero, R.","7011","Native","2003","Pacheco, R.A.","2004","Bronze","Ouro","jbrj-public.s3-sa-east-1.amazonaws.com/fsi/server?type=image&source=DZI/hufu/hufu/0/3/43/35/hufu00034335.dzi","Delfinópolis","Parque Nacional da Serra da Canastra"
"PARQUE NACIONAL SERRA DA CANASTRA","Angiosperms","Velloziaceae","Vellozia","angustifolia","Goethart & Henrard","VELLOZIACEAE Vellozia angustifolia Goethart & Henrard","HUFU00034460",,"HUFU","Romero, R.","6979","Native","2003","Pacheco, R.A.","2004","Bronze","Ouro","jbrj-public.s3-sa-east-1.amazonaws.com/fsi/server?type=image&source=DZI/hufu/hufu/0/3/44/60/hufu00034460.dzi","Delfinópolis","Parque Nacional da Serra da Canastra"
"PARQUE NACIONAL SERRA DA CANASTRA","Angiosperms","Xyridaceae","Xyris","savanensis","Miq.","XYRIDACEAE Xyris savanensis Miq.","HUFU00033345",,"HUFU","Nakajima, J.N.","3782","Native","2003","Pacheco, R.A.","2004","Bronze","Ouro","jbrj-public.s3-sa-east-1.amazonaws.com/fsi/server?type=image&source=DZI/hufu/hufu/0/3/33/45/hufu00033345.dzi","Delfinópolis","Parque Nacional da Serra da Canastra"
"PARQUE NACIONAL SERRA DA CANASTRA","Angiosperms","Apocynaceae","Oxypetalum","erectum","Mart.","APOCYNACEAE Oxypetalum erectum Mart.","CEN00046908",,"CEN","Cavalcanti, T.B.","3076","Native","2003","Vieira, R.C.","2003","Bronze","Ouro","jbrj-public.s3.amazonaws.com/fsi/server?type=image&source=DZI/cen/cen/0/4/69/8/cen00046908.dzi","Delfinópolis","Parque Nacional da Serra da Canastra. A 26 km da entrada, em direção a São Roque."
"PARQUE NACIONAL SERRA DA CANASTRA","Angiosperms","Podocarpaceae","Podocarpus","sellowii","Klotzsch ex Endl.","PODOCARPACEAE Podocarpus sellowii Klotzsch ex Endl.","SPF00155570",,"SPF","Mello-Silva, R.","1997","Native","2002","Antar, G.M.","2/19","Bronze","Ouro","jbrj-public.s3-sa-east-1.amazonaws.com/fsi/server?type=image&source=DZI/spf/spf/0/15/55/70/spf00155570.dzi","São Roque de Minas","Parque Nacional da Serra da Canastra"
"PARQUE NACIONAL SERRA DA CANASTRA","Angiosperms","Orchidaceae","Brassavola","flagellaris","Barb.Rodr.","ORCHIDACEAE Brassavola flagellaris Barb.Rodr.","HUFU00035472",,"HUFU","Pacheco, R.A.","220",,"2002","Den Berg, C.","2020","Bronze","Ouro","jbrj-public.s3-sa-east-1.amazonaws.com/fsi/server?type=image&source=DZI/hufu/hufu/0/3/54/72/hufu00035472.dzi","Delfinópolis","Parque Nacional da Serra da Canastra"
"PARQUE NACIONAL SERRA DA CANASTRA","Angiosperms","Cyperaceae","Rhynchospora","warmingii","Boeckeler","CYPERACEAE Rhynchospora warmingii Boeckeler","ICN00035322",,"ICN","Mello-Silva, R.","1959","Native","2002","Silva Filho, P.J.S.","2018","Bronze","Ouro","jbrj-public.s3-sa-east-1.amazonaws.com/fsi/server?type=image&source=DZI/icn/icn/0/3/53/22/icn00035322.dzi|jbrj-public.s3-sa-east-1.amazonaws.com/fsi/server?type=image&source=DZI/icn/icn/0/3/53/22/icn00035322_1.dzi","Sacramento","Parque Nacional da Serra da Canastra"
"PARQUE NACIONAL SERRA DA CANASTRA","Angiosperms","Droseraceae","Drosera","grantsaui","Rivadavia","DROSERACEAE Drosera grantsaui Rivadavia","HUFU00051484",,"HUFU","Pacheco, R.A.","423","Native","2002","Gonella, P.M.","2018","Bronze","Ouro","jbrj-public.s3-sa-east-1.amazonaws.com/fsi/server?type=image&source=DZI/hufu/hufu/0/5/14/84/hufu00051484.dzi","São Roque de Minas","Parque Nacional da Serra da Canastra"
"PARQUE NACIONAL SERRA DA CANASTRA","Angiosperms","Orchidaceae","Gomesa","barbaceniae","(Lindl.) M.W.Chase & N.H.Williams","ORCHIDACEAE Gomesa barbaceniae (Lindl.) M.W.Chase & N.H.Williams","HUFU00035702",,"HUFU","Romero, R.","6627","Native","2002","Meneguzzo, T.E.C.","2016","Bronze","Ouro","jbrj-public.s3-sa-east-1.amazonaws.com/fsi/server?type=image&source=DZI/hufu/hufu/0/3/57/2/hufu00035702.dzi","São Roque de Minas","Parque Nacional da Serra da Canastra"
"PARQUE NACIONAL SERRA DA CANASTRA","Angiosperms","Polygalaceae","Asemeia","hirsuta","(A.St.-Hil. & Moq.) J.F.B.Pastore & J.R.Abbott","POLYGALACEAE Asemeia hirsuta (A.St.-Hil. & Moq.) J.F.B.Pastore & J.R.Abbott","HUFU00036092",,"HUFU","Duarte, P.C.","19","Native","2002","Pastore, J.","2016","Bronze","Ouro","jbrj-public.s3-sa-east-1.amazonaws.com/fsi/server?type=image&source=DZI/hufu/hufu/0/3/60/92/hufu00036092.dzi","São Roque de Minas","Parque Nacional da Serra da Canastra"
"PARQUE NACIONAL SERRA DA CANASTRA","Bryophytes","Amaryllidaceae","Zephyranthes","irwiniana","(Ravenna) Nic.García","AMARYLLIDACEAE Zephyranthes irwiniana (Ravenna) Nic.García","HUFU00053254",,"HUFU","Pacheco, R.A.","210","Native","2002","Oliveira, R.S.","2013","Bronze","Ouro","jbrj-public.s3-sa-east-1.amazonaws.com/fsi/server?type=image&source=DZI/hufu/hufu/0/5/32/54/hufu00053254.dzi","São Roque de Minas","Parque Nacional da Serra da Canastra"
"PARQUE NACIONAL SERRA DA CANASTRA","Angiosperms","Cyperaceae","Rhynchospora","confusa","F.Ballard","CYPERACEAE Rhynchospora confusa F.Ballard","SPF00155550",,"SPF","Mello-Silva, R.","1959","Native","2002","Weber, P.A.P.","2013","Bronze","Ouro","jbrj-public.s3-sa-east-1.amazonaws.com/fsi/server?type=image&source=DZI/spf/spf/0/15/55/50/spf00155550.dzi","Sacramento","Parque Nacional da Serra da Canastra"
"PARQUE NACIONAL SERRA DA CANASTRA","Angiosperms","Orchidaceae","Campylocentrum","micranthum","(Lindl.) Rolfe","ORCHIDACEAE Campylocentrum micranthum (Lindl.) Rolfe","HUFU00035479",,"HUFU","Romero, R.","6213","Native","2002","Pansarim, E.R.","2012","Bronze","Ouro","jbrj-public.s3-sa-east-1.amazonaws.com/fsi/server?type=image&source=DZI/hufu/hufu/0/3/54/79/hufu00035479.dzi","São Roque de Minas","Parque Nacional da Serra da Canastra"
"PARQUE NACIONAL SERRA DA CANASTRA","Angiosperms","Orchidaceae","Zygostates","lunata","Lindl.","ORCHIDACEAE Zygostates lunata Lindl.","HUFU00035739",,"HUFU","Romero, R.","6208","Native","2002","Pansarim, E.R.","2012","Bronze","Ouro","jbrj-public.s3-sa-east-1.amazonaws.com/fsi/server?type=image&source=DZI/hufu/hufu/0/3/57/39/hufu00035739.dzi","São Roque de Minas","Parque Nacional da Serra da Canastra"
"PARQUE NACIONAL SERRA DA CANASTRA","Angiosperms","Aspleniaceae","Asplenium","campos-portoi","Brade","ASPLENIACEAE Asplenium campos-portoi Brade","HUFU00033493",,"HUFU","Pacheco, R.A.","250","Native","2002","Salino, A.","2007","Bronze","Ouro","jbrj-public.s3-sa-east-1.amazonaws.com/fsi/server?type=image&source=DZI/hufu/hufu/0/3/34/93/hufu00033493.dzi","Delfinópolis","Parque Nacional da Serra da Canastra"
"PARQUE NACIONAL SERRA DA CANASTRA","Angiosperms","Aspleniaceae","Asplenium","feei","Kunze ex Fée","ASPLENIACEAE Asplenium feei Kunze ex Fée","HUFU00034051",,"HUFU","Pacheco, R.A.","251","Native","2002","Salino, A.","2007","Bronze","Ouro","jbrj-public.s3-sa-east-1.amazonaws.com/fsi/server?type=image&source=DZI/hufu/hufu/0/3/40/51/hufu00034051.dzi","Delfinópolis","Parque Nacional da Serra da Canastra"
"PARQUE NACIONAL SERRA DA CANASTRA","Angiosperms","Hymenophyllaceae","Trichomanes","cristatum","Kaulf.","HYMENOPHYLLACEAE Trichomanes cristatum Kaulf.","HUFU00034011",,"HUFU","Nakajima, J.N.","3273","Native","2002","Salino, A.","2007","Bronze","Ouro","jbrj-public.s3-sa-east-1.amazonaws.com/fsi/server?type=image&source=DZI/hufu/hufu/0/3/40/11/hufu00034011.dzi","São Roque de Minas","Parque Nacional da Serra da Canastra"
"PARQUE NACIONAL SERRA DA CANASTRA","Angiosperms","Malpighiaceae","Niedenzuella","acutifolia","(Cav.) W.R.Anderson","MALPIGHIACEAE Niedenzuella acutifolia (Cav.) W.R.Anderson","HUFU00038498",,"HUFU","Pacheco, R.A.","447","Native","2002","Volpi, R.L.","2006","Bronze","Ouro","jbrj-public.s3-sa-east-1.amazonaws.com/fsi/server?type=image&source=DZI/hufu/hufu/0/3/84/98/hufu00038498.dzi","São Roque de Minas","Parque Nacional da Serra da Canastra"
"PARQUE NACIONAL SERRA DA CANASTRA","Angiosperms","Alstroemeriaceae","Alstroemeria","julieae","M.C.Assis","ALSTROEMERIACEAE Alstroemeria julieae M.C.Assis","HUFU00053405",,"HUFU","Pacheco, R.A.","420","Native","2002","Andrade, T.","2005","Bronze","Ouro","jbrj-public.s3-sa-east-1.amazonaws.com/fsi/server?type=image&source=DZI/hufu/hufu/0/5/34/5/hufu00053405.dzi","São Roque de Minas","Parque Nacional da Serra da Canastra"
"PARQUE NACIONAL SERRA DA CANASTRA",,"Asteraceae","Gnaphalium","cheiranthifolium","Lam.","ASTERACEAE Gnaphalium cheiranthifolium Lam.","HUFU00057846",,"HUFU","Romero, R.","6609",,"2002","Hattori, E.K.O.","2005","Bronze","Ouro","jbrj-public.s3-sa-east-1.amazonaws.com/fsi/server?type=image&source=DZI/hufu/hufu/0/5/78/46/hufu00057846.dzi","São Roque de Minas","Parque Nacional da Serra da Canastra ; Garagem de Pedras."
"PARQUE NACIONAL SERRA DA CANASTRA","Angiosperms","Cyperaceae","Rhynchospora","elatior","Kunth","CYPERACEAE Rhynchospora elatior Kunth","HUFU00051180",,"HUFU","Pacheco, R.A.","373","Native","2002","Andrade, T.","2005","Bronze","Ouro","jbrj-public.s3-sa-east-1.amazonaws.com/fsi/server?type=image&source=DZI/hufu/hufu/0/5/11/80/hufu00051180.dzi","São Roque de Minas","Parque Nacional da Serra da Canastra"
"PARQUE NACIONAL SERRA DA CANASTRA","Angiosperms","Cyperaceae","Rhynchospora","emaciata","(Nees) Boeckeler","CYPERACEAE Rhynchospora emaciata (Nees) Boeckeler","HUFU00051178",,"HUFU","Pacheco, R.A.","296","Native","2002","Andrade, T.","2005","Bronze","Ouro","jbrj-public.s3-sa-east-1.amazonaws.com/fsi/server?type=image&source=DZI/hufu/hufu/0/5/11/78/hufu00051178.dzi","São Roque de Minas","Parque Nacional da Serra da Canastra"
"PARQUE NACIONAL SERRA DA CANASTRA","Angiosperms","Meliaceae","Cabralea","canjerana","(Vell.) Mart.","MELIACEAE Cabralea canjerana (Vell.) Mart.","HUFU00037133",,"HUFU","Pacheco, R.A.","281","Native","2002","Andrade, T.","2005","Bronze","Ouro","jbrj-public.s3-sa-east-1.amazonaws.com/fsi/server?type=image&source=DZI/hufu/hufu/0/3/71/33/hufu00037133.dzi","São Roque de Minas","Parque Nacional da Serra da Canastra"
"PARQUE NACIONAL SERRA DA CANASTRA","Angiosperms","Menyanthaceae","Nymphoides","indica","(L.) Kuntze","MENYANTHACEAE Nymphoides indica (L.) Kuntze","HUFU00037320",,"HUFU","Romero, R.","6217","Native","2002","Andrade, T.","2005","Bronze","Ouro","jbrj-public.s3-sa-east-1.amazonaws.com/fsi/server?type=image&source=DZI/hufu/hufu/0/3/73/20/hufu00037320.dzi","São Roque de Minas","Parque Nacional da Serra da Canastra"
"PARQUE NACIONAL SERRA DA CANASTRA","Angiosperms","Passifloraceae","Passiflora","villosa","Vell.","PASSIFLORACEAE Passiflora villosa Vell.","HUFU00035670",,"HUFU","Duarte, P.C.","135","Native","2002","Bennaci, L.C.","2005","Bronze","Ouro","jbrj-public.s3-sa-east-1.amazonaws.com/fsi/server?type=image&source=DZI/hufu/hufu/0/3/56/70/hufu00035670.dzi","São Roque de Minas","Parque Nacional da Serra da Canastra"
"PARQUE NACIONAL SERRA DA CANASTRA","Angiosperms","Poaceae","Paspalum",,"L.","POACEAE Paspalum L.","HUFU00032284",,"HUFU","Romero, R.","6586","Native","2002","Andrade, T.","2005","Bronze","Ouro","jbrj-public.s3-sa-east-1.amazonaws.com/fsi/server?type=image&source=DZI/hufu/hufu/0/3/22/84/hufu00032284.dzi","São Roque de Minas","Parque Nacional da Serra da Canastra"
"PARQUE NACIONAL SERRA DA CANASTRA","Angiosperms","Primulaceae","Cybianthus","psychotriifolius","(Rusby) Rusby ex Mez","PRIMULACEAE Cybianthus psychotriifolius (Rusby) Rusby ex Mez","HUFU00037223",,"HUFU","Duarte, P.C.","132","Native","2002","Andrade, T.","2005","Bronze","Ouro","jbrj-public.s3-sa-east-1.amazonaws.com/fsi/server?type=image&source=DZI/hufu/hufu/0/3/72/23/hufu00037223.dzi","São Roque de Minas","Parque Nacional da Serra da Canastra"
"PARQUE NACIONAL SERRA DA CANASTRA","Angiosperms","Verbenaceae","Lippia","filifolia","Mart. & Schauer","VERBENACEAE Lippia filifolia Mart. & Schauer","HUFU00034596",,"HUFU","Romero, R.","6557","Native","2002","Damaso, P.P.","2004","Bronze","Ouro","jbrj-public.s3-sa-east-1.amazonaws.com/fsi/server?type=image&source=DZI/hufu/hufu/0/3/45/96/hufu00034596.dzi","São Roque de Minas","Parque Nacional da Serra da Canastra"
"PARQUE NACIONAL SERRA DA CANASTRA","Angiosperms","Xyridaceae","Xyris","schizachne","Mart.","XYRIDACEAE Xyris schizachne Mart.","HUFU00033339",,"HUFU","Pacheco, R.A.","379","Native","2002","Damaso, P.P.","2004","Bronze","Ouro","jbrj-public.s3-sa-east-1.amazonaws.com/fsi/server?type=image&source=DZI/hufu/hufu/0/3/33/39/hufu00033339.dzi","São Roque de Minas","Parque Nacional da Serra da Canastra"
"PARQUE NACIONAL SERRA DA CANASTRA","Angiosperms","Bromeliaceae","Dyckia",,"Schult. & Schult.f.","BROMELIACEAE Dyckia Schult. & Schult.f.","HUFU00052207",,"HUFU","Romero, R.","6590","Native","2002","Araujo, F.","2003","Bronze","Ouro","jbrj-public.s3-sa-east-1.amazonaws.com/fsi/server?type=image&source=DZI/hufu/hufu/0/5/22/7/hufu00052207.dzi","São Roque de Minas","Parque Nacional da Serra da Canastra ; Morro perto do alojamento."
"PARQUE NACIONAL SERRA DA CANASTRA","Angiosperms","Clusiaceae","Garcinia","gardneriana","(Planch. & Triana) Zappi","CLUSIACEAE Garcinia gardneriana (Planch. & Triana) Zappi","HUFU00051958",,"HUFU","Pacheco, R.A.","245","Native","2002","Volpi, R.L.","2003","Bronze","Ouro","jbrj-public.s3-sa-east-1.amazonaws.com/fsi/server?type=image&source=DZI/hufu/hufu/0/5/19/58/hufu00051958.dzi","Delfinópolis","Parque Nacional da Serra da Canastra ; Paraíso Selvagem, trilha para Cachoeira do Alpinista."
"PARQUE NACIONAL SERRA DA CANASTRA","Angiosperms","Commelinaceae","Commelina","erecta","L.","COMMELINACEAE Commelina erecta L.","HUFU00052084",,"HUFU","Pacheco, R.A.","232","Native","2002","Pacheco, R.A.","2003","Bronze","Ouro","jbrj-public.s3-sa-east-1.amazonaws.com/fsi/server?type=image&source=DZI/hufu/hufu/0/5/20/84/hufu00052084.dzi","Delfinópolis","Parque Nacional da Serra da Canastra ; Paraíso Selvagem, trilha para Cachoeira do Alpinista."
"PARQUE NACIONAL SERRA DA CANASTRA","Angiosperms","Cyperaceae",,,"Juss.","CYPERACEAE Cyperaceae Juss.","HUFU00051365",,"HUFU","Romero, R.","6625","Native","2002","Farias, Y.","2003","Bronze","Ouro","jbrj-public.s3-sa-east-1.amazonaws.com/fsi/server?type=image&source=DZI/hufu/hufu/0/5/13/65/hufu00051365.dzi","São Roque de Minas","Parque Nacional da Serra da Canastra ; Região Três Matinhas."
"PARQUE NACIONAL SERRA DA CANASTRA","Angiosperms","Cyperaceae","Rhynchospora","terminalis","Nees ex Steud.","CYPERACEAE Rhynchospora terminalis Nees ex Steud.","HUFU00051288",,"HUFU","Romero, R.","6533","Native","2002","Araujo, F.","2003","Bronze","Ouro","jbrj-public.s3-sa-east-1.amazonaws.com/fsi/server?type=image&source=DZI/hufu/hufu/0/5/12/88/hufu00051288.dzi","São Roque de Minas","Parque Nacional da Serra da Canastra ; Trilha Casca D'Anta."
"PARQUE NACIONAL SERRA DA CANASTRA","Angiosperms","Cyperaceae","Scleria",,"P.J.Bergius","CYPERACEAE Scleria P.J.Bergius","HUFU00051366",,"HUFU","Romero, R.","6617","Native","2002","Farias, Y.","2003","Bronze","Ouro","jbrj-public.s3-sa-east-1.amazonaws.com/fsi/server?type=image&source=DZI/hufu/hufu/0/5/13/66/hufu00051366.dzi","São Roque de Minas","Parque Nacional da Serra da Canastra ; Região Três Matinhas."
"PARQUE NACIONAL SERRA DA CANASTRA","Angiosperms","Eriocaulaceae","Paepalanthus","cachambuensis","Silveira","ERIOCAULACEAE Paepalanthus cachambuensis Silveira","HUFU00051025",,"HUFU","Nakajima, J.N.","3214","Native","2002","Volpi, R.L.","2003","Bronze","Ouro","jbrj-public.s3-sa-east-1.amazonaws.com/fsi/server?type=image&source=DZI/hufu/hufu/0/5/10/25/hufu00051025.dzi","Delfinópolis","Parque Nacional da Serra da Canastra ; Trilha do Zé Carlinho, subida para Serra do Cemitério."
"PARQUE NACIONAL SERRA DA CANASTRA","Angiosperms","Euphorbiaceae","Croton","lundianus","(Didr.) Müll.Arg.","EUPHORBIACEAE Croton lundianus (Didr.) Müll.Arg.","HUFU00050139",,"HUFU","Pacheco, R.A.","277","Native","2002","Arantes, A.A.","2003","Bronze","Ouro","jbrj-public.s3-sa-east-1.amazonaws.com/fsi/server?type=image&source=DZI/hufu/hufu/0/5/1/39/hufu00050139.dzi","São Roque de Minas","Parque Nacional da Serra da Canastra"
"PARQUE NACIONAL SERRA DA CANASTRA","Angiosperms","Euphorbiaceae","Maprounea","guianensis","Aubl.","EUPHORBIACEAE Maprounea guianensis Aubl.","HUFU00050180",,"HUFU","Duarte, P.C.","20","Native","2002","Duarte, P.C.","2003","Bronze","Ouro","jbrj-public.s3-sa-east-1.amazonaws.com/fsi/server?type=image&source=DZI/hufu/hufu/0/5/1/80/hufu00050180.dzi","São Roque de Minas","Parque Nacional da Serra da Canastra; Guarita de Sacramento."
"PARQUE NACIONAL SERRA DA CANASTRA","Angiosperms","Fabaceae","Stryphnodendron","polyphyllum","Mart.","FABACEAE Stryphnodendron polyphyllum Mart.","HUFU00040732",,"HUFU","Nakajima, J.N.","3221","Native","2002","Volpi, R.L.","2003","Bronze","Ouro","jbrj-public.s3-sa-east-1.amazonaws.com/fsi/server?type=image&source=DZI/hufu/hufu/0/4/7/32/hufu00040732.dzi","Delfinópolis","Parque Nacional da Serra da Canastra"
"PARQUE NACIONAL SERRA DA CANASTRA","Angiosperms","Malpighiaceae","Pterandra","pyroidea","A.Juss.","MALPIGHIACEAE Pterandra pyroidea A.Juss.","HUFU00038573",,"HUFU","Nakajima, J.N.","3212","Native","2002","Pacheco, R.A.","2003","Bronze","Ouro","jbrj-public.s3-sa-east-1.amazonaws.com/fsi/server?type=image&source=DZI/hufu/hufu/0/3/85/73/hufu00038573.dzi","Delfinópolis","Parque Nacional da Serra da Canastra; Trilha do Zé Carlinho, subida para Serra do Cemitério."
"PARQUE NACIONAL SERRA DA CANASTRA","Angiosperms","Ochnaceae","Ouratea","cassinifolia","(A.DC.) Engl.","OCHNACEAE Ouratea cassinifolia (A.DC.) Engl.","HUFU00036966",,"HUFU","Pacheco, R.A.","236","Native","2002","Volpi, R.L.","2003","Bronze","Ouro","jbrj-public.s3-sa-east-1.amazonaws.com/fsi/server?type=image&source=DZI/hufu/hufu/0/3/69/66/hufu00036966.dzi","Delfinópolis","Parque Nacional da Serra da Canastra"
"PARQUE NACIONAL SERRA DA CANASTRA","Angiosperms","Poaceae","Olyra","latifolia","L.","POACEAE Olyra latifolia L.","HEPH00029138",,"HEPH","Pacheco, R.A.","256","Native","2002","Silva, R.R.","2003","Bronze","Ouro","jbrj-public.s3-sa-east-1.amazonaws.com/fsi/server?type=image&source=DZI/heph/heph/0/2/91/38/heph00029138.dzi","Delfinópolis","Parque Nacional da Serra da Canastra, Paraíso Selvagem, trilha para a Cachoeira do Alpinista"
"PARQUE NACIONAL SERRA DA CANASTRA","Angiosperms","Vitaceae","Cissus",,"L.","VITACEAE Cissus L.","HUFU00033849",,"HUFU","Romero, R.","6615","Native","2002","Araujo, F.","2003","Bronze","Ouro","jbrj-public.s3-sa-east-1.amazonaws.com/fsi/server?type=image&source=DZI/hufu/hufu/0/3/38/49/hufu00033849.dzi","São Roque de Minas","Parque Nacional da Serra da Canastra"
"PARQUE NACIONAL SERRA DA CANASTRA","Angiosperms","Amaryllidaceae","Hippeastrum","cipoanum","(Ravenna) Meerow","AMARYLLIDACEAE Hippeastrum cipoanum (Ravenna) Meerow","HUFU00053257",,"HUFU","Mello-Silva, R.","556","Native","2002","Oliveira, R.S.","2002","Bronze","Ouro","jbrj-public.s3-sa-east-1.amazonaws.com/fsi/server?type=image&source=DZI/hufu/hufu/0/5/32/57/hufu00053257.dzi","São Roque de Minas","Parque Nacional da Serra da Canastra"
"PARQUE NACIONAL SERRA DA CANASTRA","Angiosperms","Annonaceae","Xylopia","aromatica","(Lam.) Mart.","ANNONACEAE Xylopia aromatica (Lam.) Mart.","HUFU00053126",,"HUFU","Pacheco, R.A.","226","Native","2002","Volpi, R.L.","2002","Bronze","Ouro","jbrj-public.s3-sa-east-1.amazonaws.com/fsi/server?type=image&source=DZI/hufu/hufu/0/5/31/26/hufu00053126.dzi","Delfinópolis","Parque Nacional da Serra da Canastra"
"PARQUE NACIONAL SERRA DA CANASTRA","Angiosperms","Dilleniaceae","Davilla","grandiflora","A.St.-Hil. & Tul.","DILLENIACEAE Davilla grandiflora A.St.-Hil. & Tul.","HUFU00051394",,"HUFU","Pacheco, R.A.","239","Native","2002","Volpi, R.L.","2002","Bronze","Ouro","jbrj-public.s3-sa-east-1.amazonaws.com/fsi/server?type=image&source=DZI/hufu/hufu/0/5/13/94/hufu00051394.dzi","Delfinópolis","Parque Nacional da Serra da Canastra ; Paraíso Selvagem, trilha para Cachoeira do Alpinista."
"PARQUE NACIONAL SERRA DA CANASTRA","Angiosperms","Orchidaceae","Brassavola","tuberculata","Hook.","ORCHIDACEAE Brassavola tuberculata Hook.","HUFU00035469",,"HUFU","Romero, R.","6180",,"2001","Pansarim, E.R.","2012","Bronze","Ouro","jbrj-public.s3-sa-east-1.amazonaws.com/fsi/server?type=image&source=DZI/hufu/hufu/0/3/54/69/hufu00035469.dzi","São Roque de Minas","Parque Nacional da Serra da Canastra"
"PARQUE NACIONAL SERRA DA CANASTRA","Angiosperms","Melastomataceae","Miconia","prasina","(Sw.) DC.","MELASTOMATACEAE Miconia prasina (Sw.) DC.","HUFU00037978",,"HUFU","Romero, R.","6179","Native","2001","Rezende, A.R.","2010","Bronze","Ouro","jbrj-public.s3-sa-east-1.amazonaws.com/fsi/server?type=image&source=DZI/hufu/hufu/0/3/79/78/hufu00037978.dzi","São Roque de Minas","Parque Nacional da Serra da Canastra; Mata dos Henrriques."
"PARQUE NACIONAL SERRA DA CANASTRA","Angiosperms","Eriocaulaceae","Syngonanthus","gracilis","(Bong.) Ruhland","ERIOCAULACEAE Syngonanthus gracilis (Bong.) Ruhland","HUFU00051040",,"HUFU","Castro, N.M.","16","Native","2001","Romero, R.","2005","Bronze","Ouro","jbrj-public.s3-sa-east-1.amazonaws.com/fsi/server?type=image&source=DZI/hufu/hufu/0/5/10/40/hufu00051040.dzi","São Roque de Minas","Parque Nacional da Serra da Canastra ; Chapada dos Diamantes."
"PARQUE NACIONAL SERRA DA CANASTRA","Angiosperms","Erythroxylaceae","Erythroxylum","deciduum","A.St.-Hil.","ERYTHROXYLACEAE Erythroxylum deciduum A.St.-Hil.","HUFU00040928",,"HUFU","Romero, R.","6172","Native","2001","Andrade, T.","2005","Bronze","Ouro","jbrj-public.s3-sa-east-1.amazonaws.com/fsi/server?type=image&source=DZI/hufu/hufu/0/4/9/28/hufu00040928.dzi","São Roque de Minas","Parque Nacional da Serra da Canastra"
"PARQUE NACIONAL SERRA DA CANASTRA","Angiosperms","Apocynaceae","Jobinia","lindbergii","E.Fourn.","APOCYNACEAE Jobinia lindbergii E.Fourn.","SPF00143685",,"SPF","Romero, R.","3933","Native","2000","Farinaccio, M.A.","13/11/0","Bronze","Ouro","jbrj-public.s3-sa-east-1.amazonaws.com/fsi/server?type=image&source=DZI/spf/spf/0/14/36/85/spf00143685.dzi","São Roque de Minas","Parque Nacional da Serra da Canastra, Trilha da mata da parte de baixo da Cachoeira Casca D´Anta. Mata."
"PARQUE NACIONAL SERRA DA CANASTRA","Angiosperms","Calophyllaceae","Kielmeyera","regalis","Saddi","CALOPHYLLACEAE Kielmeyera regalis Saddi","SPF00137591",,"SPF","Farinaccio, M.A.","321","Native","1999","Cometti, J.P.","6/0","Bronze","Ouro","jbrj-public.s3-sa-east-1.amazonaws.com/fsi/server?type=image&source=DZI/spf/spf/0/13/75/91/spf00137591.dzi","São Roque de Minas","Parque Nacional da Serra da Canastra"
"PARQUE NACIONAL SERRA DA CANASTRA","Angiosperms","Droseraceae","Drosera","lutescens","(A.St.Hil.) Gonella, Rivadavia & A.Fleischm.","DROSERACEAE Drosera lutescens (A.St.Hil.) Gonella, Rivadavia & A.Fleischm.","SPF00135457",,"SPF","Rivadavia, F.","866","Native","1999","Rivadavia, F.",,"Bronze","Ouro","jbrj-public.s3-sa-east-1.amazonaws.com/fsi/server?type=image&source=DZI/spf/spf/0/13/54/57/spf00135457.dzi","São Roque de Minas","Parque Nacional da Serra da Canastra"
"PARQUE NACIONAL SERRA DA CANASTRA","Angiosperms","Droseraceae","Drosera","tomentosa","A.St.-Hil.","DROSERACEAE Drosera tomentosa var. glabrata A.St.-Hil.","SPF00135463",,"SPF","Rivadavia, F.","865","Native","1999","Rivadavia, F.","6/1/6","Bronze","Ouro","jbrj-public.s3-sa-east-1.amazonaws.com/fsi/server?type=image&source=DZI/spf/spf/0/13/54/63/spf00135463.dzi","São Roque de Minas","Parque Nacional da Serra da Canastra"
"PARQUE NACIONAL SERRA DA CANASTRA","Angiosperms","Euphorbiaceae","Bernardia","hirsutissima","(Baill.) Müll.Arg.","EUPHORBIACEAE Bernardia hirsutissima (Baill.) Müll.Arg.","SPF00138570",,"SPF","Costa, F.N.","104","Native","1999","Carrion, J.F.","8/16","Bronze","Ouro","jbrj-public.s3-sa-east-1.amazonaws.com/fsi/server?type=image&source=DZI/spf/spf/0/13/85/70/spf00138570.dzi","Sacramento","Parque Nacional da Serra da Canastra"
"PARQUE NACIONAL SERRA DA CANASTRA","Angiosperms","Fabaceae","Senna","pendula","(Humb.& Bonpl.ex Willd.) H.S.Irwin & Barneby","FABACEAE Senna pendula (Humb.& Bonpl.ex Willd.) H.S.Irwin & Barneby","SPF00137601",,"SPF","Farinaccio, M.A.","332","Native","1999","Administrador","2023","Bronze","Ouro","jbrj-public.s3-sa-east-1.amazonaws.com/fsi/server?type=image&source=DZI/spf/spf/0/13/76/1/spf00137601.dzi","São Roque de Minas","Parque Nacional da Serra da Canastra"
"PARQUE NACIONAL SERRA DA CANASTRA","Angiosperms","Lamiaceae","Cyanocephalus",,"(Pohl ex Benth.) Harley & J.F.B.Pastore","LAMIACEAE Cyanocephalus (Pohl ex Benth.) Harley & J.F.B.Pastore","SPF00137594",,"SPF","Farinaccio, M.A.","357","Native","1999","Buchoski, M.G.","2020","Bronze","Ouro","jbrj-public.s3-sa-east-1.amazonaws.com/fsi/server?type=image&source=DZI/spf/spf/0/13/75/94/spf00137594.dzi","São Roque de Minas","Parque Nacional da Serra da Canastra"
"PARQUE NACIONAL SERRA DA CANASTRA","Angiosperms","Lamiaceae","Cyanocephalus","cretatus","(Epling) Harley & J.F.B.Pastore","LAMIACEAE Cyanocephalus cretatus (Epling) Harley & J.F.B.Pastore","SPF00137598",,"SPF","Farinaccio, M.A.","372","Native","1999","Buchoski, M.G.","2020","Bronze","Ouro","jbrj-public.s3-sa-east-1.amazonaws.com/fsi/server?type=image&source=DZI/spf/spf/0/13/75/98/spf00137598.dzi","São Roque de Minas","Parque Nacional da Serra da Canastra"
"PARQUE NACIONAL SERRA DA CANASTRA","Angiosperms","Orchidaceae","Cleistes","elongata","Pansarin & F.Barros","ORCHIDACEAE Cleistes elongata Pansarin & F.Barros","CEN00060716",,"CEN","Bertiolli, D.J.","s/n","Native","1999","Meneguzzo, T.E.C.","2020","Bronze","Ouro","jbrj-public.s3.amazonaws.com/fsi/server?type=image&source=DZI/cen/cen/0/6/7/16/cen00060716.dzi","São Roque de Minas","Parque Nacional da Serra da Canastra."
"PARQUE NACIONAL SERRA DA CANASTRA","Angiosperms","Fabaceae","Andira",,"Lam.","FABACEAE Andira Lam.","SPF00138423",,"SPF","Mello-Silva, R.","1714","Native","1999","Administrador","2019","Bronze","Ouro","jbrj-public.s3-sa-east-1.amazonaws.com/fsi/server?type=image&source=DZI/spf/spf/0/13/84/23/spf00138423.dzi","São Roque de Minas","Parque Nacional da Serra da Canastra"
"PARQUE NACIONAL SERRA DA CANASTRA","Angiosperms","Acanthaceae","Ruellia","helianthemum","(Nees) Profice","ACANTHACEAE Ruellia helianthemum (Nees) Profice","SPF00137535",,"SPF","Farinaccio, M.A.","313","Native","1999","Fernandes, U.G.","2018","Bronze","Ouro","jbrj-public.s3-sa-east-1.amazonaws.com/fsi/server?type=image&source=DZI/spf/spf/0/13/75/35/spf00137535.dzi","São Roque de Minas","Parque Nacional da Serra da Canastra"
"PARQUE NACIONAL SERRA DA CANASTRA","Angiosperms","Orchidaceae","Gomesa","hydrophila","(Barb.Rodr.) M.W.Chase & N.H.Williams","ORCHIDACEAE Gomesa hydrophila (Barb.Rodr.) M.W.Chase & N.H.Williams","CEN00060712",,"CEN","Bertiolli, D.J.","s/n","Native","1999","Meneguzzo, T.E.C.","2014","Bronze","Ouro","jbrj-public.s3.amazonaws.com/fsi/server?type=image&source=DZI/cen/cen/0/6/7/12/cen00060712.dzi","São Roque de Minas","Parque Nacional da Serra da Canastra."
"PARQUE NACIONAL SERRA DA CANASTRA","Angiosperms","Orchidaceae","Epidendrum","armeniacum","Lindl.","ORCHIDACEAE Epidendrum armeniacum Lindl.","CEN00060711",,"CEN","Bertiolli, D.J.","s/n","Native","1999","Meneguzzo, T.E.C.","2008","Bronze","Ouro","jbrj-public.s3.amazonaws.com/fsi/server?type=image&source=DZI/cen/cen/0/6/7/11/cen00060711.dzi","São Roque de Minas","Parque Nacional da Serra da Canastra."
"PARQUE NACIONAL SERRA DA CANASTRA","Angiosperms","Rhamnaceae","Crumenaria","polygaloides","Reissek","RHAMNACEAE Crumenaria polygaloides Reissek","HUFU00036224",,"HUFU","Mello-Silva, R.","1693","Native","1999","Nakajima, J.N.","2005","Bronze","Ouro","jbrj-public.s3-sa-east-1.amazonaws.com/fsi/server?type=image&source=DZI/hufu/hufu/0/3/62/24/hufu00036224.dzi","Sacramento","Parque Nacional da Serra da Canastra"
"PARQUE NACIONAL SERRA DA CANASTRA","Angiosperms","Styracaceae","Styrax","ferrugineus","Nees & Mart.","STYRACACEAE Styrax ferrugineus Nees & Mart.","HUFU00034273",,"HUFU","Mello-Silva, R.","1695","Native","1999","Andrade, T.","2005","Bronze","Ouro","jbrj-public.s3-sa-east-1.amazonaws.com/fsi/server?type=image&source=DZI/hufu/hufu/0/3/42/73/hufu00034273.dzi","Sacramento","Parque Nacional da Serra da Canastra"
"PARQUE NACIONAL SERRA DA CANASTRA","Bryophytes","Piperaceae","Piper","caldense","C.DC.","PIPERACEAE Piper caldense C.DC.","CEN00051611",,"CEN","Mota, R.C.","63","Native","1999","Guarino, E.S.G.","2001","Bronze","Ouro","jbrj-public.s3.amazonaws.com/fsi/server?type=image&source=DZI/cen/cen/0/5/16/11/cen00051611.dzi","São Roque de Minas","Parque Nacional da Serra da Canastra"
"PARQUE NACIONAL SERRA DA CANASTRA","Angiosperms","Lindsaeaceae","Lindsaea","stricta","(Sw.) Dryand.","LINDSAEACEAE Lindsaea stricta (Sw.) Dryand.","NY00883858",,"NY","Mello-Silva, R.","1682","Native","1999","Prado, J.","1999","Bronze","Ouro","jbrj-public.s3-sa-east-1.amazonaws.com/fsi/server?type=image&source=DZI/newyork/ny_/0/88/38/58/ny_00883858.dzi","São Roque de Minas","Parque Nacional da Serra da Canastra. Trilha para a parte inferior da cachoeira Casca d'Anta, partindo do alto da serra"
"PARQUE NACIONAL SERRA DA CANASTRA","Angiosperms","Apocynaceae","Ditassa","obcordata","Mart.","APOCYNACEAE Ditassa obcordata Mart.","SPF00137550",,"SPF","Farinaccio, M.A.","304","Native","1999","Farinaccio, M.A.","99","Bronze","Ouro","jbrj-public.s3-sa-east-1.amazonaws.com/fsi/server?type=image&source=DZI/spf/spf/0/13/75/50/spf00137550.dzi","São Roque de Minas","Parque Nacional da Serra da Canastra, Estrada São Roque de Minas - Sacramento, cerradão próximo à Área de Desenvolvimento Sacramento."
"PARQUE NACIONAL SERRA DA CANASTRA","Angiosperms","Apocynaceae","Oxypetalum","capitatum","Mart.","APOCYNACEAE Oxypetalum capitatum Mart.","SPF00133700",,"SPF","Farinaccio, M.A.","193","Native","1998","Farinaccio, M.A.","10/0","Bronze","Ouro","jbrj-public.s3-sa-east-1.amazonaws.com/fsi/server?type=image&source=DZI/spf/spf/0/13/37/0/spf00133700.dzi","São Roque de Minas","Parque Nacional da Serra da Canastra, Estrada Sacramento - São Roque de Minas. Alto de São João, ca. de 2 km do entrocamento São João-Sacramento."
"PARQUE NACIONAL SERRA DA CANASTRA","Angiosperms","Apocynaceae","Oxypetalum","foliosum","Mart.","APOCYNACEAE Oxypetalum foliosum Mart.","SPF00128844",,"SPF","Farinaccio, M.A.","134","Native","1998","Farinaccio, M.A.",,"Bronze","Ouro","jbrj-public.s3-sa-east-1.amazonaws.com/fsi/server?type=image&source=DZI/spf/spf/0/12/88/44/spf00128844.dzi","São Roque de Minas","Parque Nacional da Serra da Canastra, Trilha para a Casca D´Anta."
"PARQUE NACIONAL SERRA DA CANASTRA","Angiosperms","Cyperaceae","Cyperus","capillifolius","A.Rich.","CYPERACEAE Cyperus capillifolius A.Rich.","SPF00162664",,"SPF","Araujo, A.C.","1071","Native","1998","Silva, L.P.","20/5/16","Bronze","Ouro","jbrj-public.s3-sa-east-1.amazonaws.com/fsi/server?type=image&source=DZI/spf/spf/0/16/26/64/spf00162664.dzi","São Roque de Minas","Parque Nacional da Serra da Canastra, Cachoeira das Rolinhas."
"PARQUE NACIONAL SERRA DA CANASTRA","Angiosperms","Cyperaceae","Cyperus","haspan","L.","CYPERACEAE Cyperus haspan L.","SPF00162649",,"SPF","Araujo, A.C.","1070","Native","1998","Araujo, A.C.",,"Bronze","Ouro","jbrj-public.s3-sa-east-1.amazonaws.com/fsi/server?type=image&source=DZI/spf/spf/0/16/26/49/spf00162649.dzi","São Roque de Minas","Parque Nacional da Serra da Canastra, Cachoeira das Rolinhas."
"PARQUE NACIONAL SERRA DA CANASTRA","Angiosperms","Cyperaceae","Cyperus","iria","L.","CYPERACEAE Cyperus iria L.","SPF00162654",,"SPF","Araujo, A.C.","1125","Native","1998","Araujo, A.C.",,"Bronze","Ouro","jbrj-public.s3-sa-east-1.amazonaws.com/fsi/server?type=image&source=DZI/spf/spf/0/16/26/54/spf00162654.dzi","São Roque de Minas","Parque Nacional da Serra da Canastra, Casca Danta, trilha em direção à base da cachoeira."
"PARQUE NACIONAL SERRA DA CANASTRA","Angiosperms","Cyperaceae","Rhynchospora","albiceps","Kunth","CYPERACEAE Rhynchospora albiceps Kunth","SPF00149591",,"SPF","Araujo, A.C.","1110","Native","1998","Araujo, A.C.",,"Bronze","Ouro","jbrj-public.s3-sa-east-1.amazonaws.com/fsi/server?type=image&source=DZI/spf/spf/0/14/95/91/spf00149591.dzi","São Roque de Minas","Parque Nacional da Serra da Canastra, Estrada para Casca Danta, Serra Brava, campo próximo ao mirante."
"PARQUE NACIONAL SERRA DA CANASTRA","Angiosperms","Cyperaceae","Rhynchospora","caracasana","(Kunth) Boeckeler","CYPERACEAE Rhynchospora caracasana (Kunth) Boeckeler","SPF00162690",,"SPF","Araujo, A.C.","1149","Native","1998","Silva Filho, P.J.S.","3/17","Bronze","Ouro","jbrj-public.s3-sa-east-1.amazonaws.com/fsi/server?type=image&source=DZI/spf/spf/0/16/26/90/spf00162690.dzi","São Roque de Minas","Parque Nacional da Serra da Canastra"
"PARQUE NACIONAL SERRA DA CANASTRA","Angiosperms","Cyperaceae","Rhynchospora","elegantula","Maury","CYPERACEAE Rhynchospora elegantula Maury","SPF00162708",,"SPF","Araujo, A.C.","1072","Native","1998","Silva Filho, P.J.S.","3/17","Bronze","Ouro","jbrj-public.s3-sa-east-1.amazonaws.com/fsi/server?type=image&source=DZI/spf/spf/0/16/27/8/spf00162708.dzi","São Roque de Minas","Parque Nacional da Serra da Canastra"
"PARQUE NACIONAL SERRA DA CANASTRA","Angiosperms","Cyperaceae","Rhynchospora","eximia","(Nees) Boeckeler","CYPERACEAE Rhynchospora eximia (Nees) Boeckeler","SPF00162707",,"SPF","Araujo, A.C.","1150","Native","1998","Weber, P.A.P.","2/17","Bronze","Ouro","jbrj-public.s3-sa-east-1.amazonaws.com/fsi/server?type=image&source=DZI/spf/spf/0/16/27/7/spf00162707.dzi","São Roque de Minas","Parque Nacional da Serra da Canastra, Caminho para Sacramento."
"PARQUE NACIONAL SERRA DA CANASTRA","Angiosperms","Cyperaceae","Rhynchospora","rugosa","(Vahl) Gale","CYPERACEAE Rhynchospora rugosa (Vahl) Gale","SPF00162703",,"SPF","Araujo, A.C.","1140","Native","1998","Weber, P.A.P.",,"Bronze","Ouro","jbrj-public.s3-sa-east-1.amazonaws.com/fsi/server?type=image&source=DZI/spf/spf/0/16/27/3/spf00162703.dzi","São Roque de Minas","Parque Nacional da Serra da Canastra, Caminho para Sacramento."
"PARQUE NACIONAL SERRA DA CANASTRA","Angiosperms","Cyperaceae","Scleria","verticillata","Muhl. ex Willd.","CYPERACEAE Scleria verticillata Muhl. ex Willd.","SPF00162717",,"SPF","Araujo, A.C.","1141","Native","1998","Araujo, A.C.","8/6","Bronze","Ouro","jbrj-public.s3-sa-east-1.amazonaws.com/fsi/server?type=image&source=DZI/spf/spf/0/16/27/17/spf00162717.dzi","São Roque de Minas","Parque Nacional da Serra da Canastra"
"PARQUE NACIONAL SERRA DA CANASTRA","Angiosperms","Poaceae","Panicum","cervicatum","Chase","POACEAE Panicum cervicatum Chase","SPF00162626",,"SPF","Araujo, A.C.","1134","Native","1998","Rodrigues, R.S.","5/15","Bronze","Ouro","jbrj-public.s3-sa-east-1.amazonaws.com/fsi/server?type=image&source=DZI/spf/spf/0/16/26/26/spf00162626.dzi","São Roque de Minas","Parque Nacional da Serra da Canastra"
"PARQUE NACIONAL SERRA DA CANASTRA","Angiosperms","Poaceae","Paspalum","hyalinum","Nees ex Trin.","POACEAE Paspalum hyalinum Nees ex Trin.","SPF00162627",,"SPF","Araujo, A.C.","1101","Native","1998","Rodrigues, R.S.","5/15","Bronze","Ouro","jbrj-public.s3-sa-east-1.amazonaws.com/fsi/server?type=image&source=DZI/spf/spf/0/16/26/27/spf00162627.dzi","São Roque de Minas","Parque Nacional da Serra da Canastra"
"PARQUE NACIONAL SERRA DA CANASTRA","Angiosperms","Polygalaceae","Caamembeca","salicifolia","(Poir.) J.F.B.Pastore","POLYGALACEAE Caamembeca salicifolia (Poir.) J.F.B.Pastore","SPF00133732",,"SPF","Farinaccio, M.A.","174","Native","1998","Farinaccio, M.A.",,"Bronze","Ouro","jbrj-public.s3-sa-east-1.amazonaws.com/fsi/server?type=image&source=DZI/spf/spf/0/13/37/32/spf00133732.dzi","São Roque de Minas","Parque Nacional da Serra da Canastra"
"PARQUE NACIONAL SERRA DA CANASTRA","Angiosperms","Rubiaceae","Coccocypselum","glabrifolium","Standl.","RUBIACEAE Coccocypselum glabrifolium Standl.","SPF00133735",,"SPF","Farinaccio, M.A.","162","Native","1998","Costa, C.B.","10/6","Bronze","Ouro","jbrj-public.s3-sa-east-1.amazonaws.com/fsi/server?type=image&source=DZI/spf/spf/0/13/37/35/spf00133735.dzi","São Roque de Minas","Parque Nacional da Serra da Canastra"
"PARQUE NACIONAL SERRA DA CANASTRA","Angiosperms","Fabaceae","Centrosema","angustifolium","(Kunth) Benth.","FABACEAE Centrosema angustifolium (Kunth) Benth.","SPF00162371",,"SPF","Araujo, A.C.","1146","Native","1998","Administrador","2019","Bronze","Ouro","jbrj-public.s3-sa-east-1.amazonaws.com/fsi/server?type=image&source=DZI/spf/spf/0/16/23/71/spf00162371.dzi","São Roque de Minas","Parque Nacional da Serra da Canastra"
"PARQUE NACIONAL SERRA DA CANASTRA","Angiosperms","Fabaceae","Desmodium",,"Desv.","FABACEAE Desmodium Desv.","SPF00132079",,"SPF","Sano, P.T.","930","Native","1998","Administrador","2019","Bronze","Ouro","jbrj-public.s3-sa-east-1.amazonaws.com/fsi/server?type=image&source=DZI/spf/spf/0/13/20/79/spf00132079.dzi","São Roque de Minas","Parque Nacional da Serra da Canastra"
"PARQUE NACIONAL SERRA DA CANASTRA","Angiosperms","Fabaceae","Vigna",,"Savi","FABACEAE Vigna Savi","SPF00162381",,"SPF","Araujo, A.C.","1132","Native","1998","Administrador","2019","Bronze","Ouro","jbrj-public.s3-sa-east-1.amazonaws.com/fsi/server?type=image&source=DZI/spf/spf/0/16/23/81/spf00162381.dzi","São Roque de Minas","Parque Nacional da Serra da Canastra"
"PARQUE NACIONAL SERRA DA CANASTRA","Angiosperms","Eriocaulaceae","Actinocephalus","claussenianus","(Körn.) Sano","ERIOCAULACEAE Actinocephalus claussenianus (Körn.) Sano","HUFU00051593",,"HUFU","Sano, P.T.","1000","Native","1998","Sano, P.T.","2012","Bronze","Ouro","jbrj-public.s3-sa-east-1.amazonaws.com/fsi/server?type=image&source=DZI/hufu/hufu/0/5/15/93/hufu00051593.dzi","São Roque de Minas","Parque Nacional da Serra da Canastra ; Caminho para Cachoeira Casca D'Anta."
"PARQUE NACIONAL SERRA DA CANASTRA","Angiosperms","Fabaceae","Chamaecrista","incurvata","(Benth.) H.S.Irwin & Barneby","FABACEAE Chamaecrista incurvata (Benth.) H.S.Irwin & Barneby","HUFU00050470",,"HUFU","Romero, R.","4800","Native","1998","Cota, M.M.T.","2012","Bronze","Ouro","jbrj-public.s3-sa-east-1.amazonaws.com/fsi/server?type=image&source=DZI/hufu/hufu/0/5/4/70/hufu00050470.dzi","São Roque de Minas","Parque Nacional da Serra da Canastra ; Estrada para a Serra da Chapada."
"PARQUE NACIONAL SERRA DA CANASTRA","Angiosperms","Polypodiaceae","Serpocaulon","triseriale","(Sw.) A.R.Sm.","POLYPODIACEAE Serpocaulon triseriale (Sw.) A.R.Sm.","HUFU00034010",,"HUFU","Romero, R.","4839","Native","1998","Salino, A.","2007","Bronze","Ouro","jbrj-public.s3-sa-east-1.amazonaws.com/fsi/server?type=image&source=DZI/hufu/hufu/0/3/40/10/hufu00034010.dzi","São Roque de Minas","Parque Nacional da Serra da Canastra"
"PARQUE NACIONAL SERRA DA CANASTRA","Angiosperms","Caryophyllaceae","Polycarpaea","corymbosa","(L.) Lam.","CARYOPHYLLACEAE Polycarpaea corymbosa (L.) Lam.","HUFU00051785",,"HUFU","Romero, R.","5012","Native","1998","Damaso, P.P.","2005","Bronze","Ouro","jbrj-public.s3-sa-east-1.amazonaws.com/fsi/server?type=image&source=DZI/hufu/hufu/0/5/17/85/hufu00051785.dzi","São Roque de Minas","Parque Nacional da Serra da Canastra ; Próximo a torre de observação, estrada para Sacramento - São Roque de Minas."
"PARQUE NACIONAL SERRA DA CANASTRA","Angiosperms","Orchidaceae","Habenaria","secundiflora","Barb.Rodr.","ORCHIDACEAE Habenaria secundiflora Barb.Rodr.","HUFU00035627",,"HUFU","Romero, R.","4964","Native","1998","Andrade, T.","2005","Bronze","Ouro","jbrj-public.s3-sa-east-1.amazonaws.com/fsi/server?type=image&source=DZI/hufu/hufu/0/3/56/27/hufu00035627.dzi","São Roque de Minas","Parque Nacional da Serra da Canastra"
"PARQUE NACIONAL SERRA DA CANASTRA","Angiosperms","Clethraceae","Clethra","scabra","Pers.","CLETHRACEAE Clethra scabra Pers.","HUFU00051911",,"HUFU","Romero, R.","4886","Native","1998","Andrade, T.","2004","Bronze","Ouro","jbrj-public.s3-sa-east-1.amazonaws.com/fsi/server?type=image&source=DZI/hufu/hufu/0/5/19/11/hufu00051911.dzi","São Roque de Minas","Parque Nacional da Serra da Canastra ; Estrada para a cachoeira dos Rolinhos."
"PARQUE NACIONAL SERRA DA CANASTRA","Angiosperms","Convolvulaceae","Ipomoea","acutisepala","O'Donell","CONVOLVULACEAE Ipomoea acutisepala O'Donell","HUFU00052155",,"HUFU","Romero, R.","5001","Native","1998","Andrade, T.","2004","Bronze","Ouro","jbrj-public.s3-sa-east-1.amazonaws.com/fsi/server?type=image&source=DZI/hufu/hufu/0/5/21/55/hufu00052155.dzi","São Roque de Minas","Parque Nacional da Serra da Canastra ; Torre de observação, estrada para Sacramento - São Roque de Minas."
"PARQUE NACIONAL SERRA DA CANASTRA","Angiosperms","Convolvulaceae","Ipomoea","campestris","Meisn.","CONVOLVULACEAE Ipomoea campestris Meisn.","HUFU00052161",,"HUFU","Romero, R.","4956","Native","1998","Simao-Biachini, R.","2004","Bronze","Ouro","jbrj-public.s3-sa-east-1.amazonaws.com/fsi/server?type=image&source=DZI/hufu/hufu/0/5/21/61/hufu00052161.dzi","São Roque de Minas","Parque Nacional da Serra da Canastra ; Morro após o córrego dos Passageiros."
"PARQUE NACIONAL SERRA DA CANASTRA","Angiosperms","Vochysiaceae","Qualea","grandiflora","Mart.","VOCHYSIACEAE Qualea grandiflora Mart.","HUFU00033882",,"HUFU","Romero, R.","4876","Native","1998","Damaso, P.P.","2004","Bronze","Ouro","jbrj-public.s3-sa-east-1.amazonaws.com/fsi/server?type=image&source=DZI/hufu/hufu/0/3/38/82/hufu00033882.dzi","São Roque de Minas","Parque Nacional da Serra da Canastra"
"PARQUE NACIONAL SERRA DA CANASTRA","Angiosperms","Primulaceae","Cybianthus","detergens","Mart.","PRIMULACEAE Cybianthus detergens Mart.","SPF00134164",,"SPF","Farinaccio, M.A.","230","Native","1998","Farinaccio, M.A.","1999","Bronze","Ouro","jbrj-public.s3-sa-east-1.amazonaws.com/fsi/server?type=image&source=DZI/spf/spf/0/13/41/64/spf00134164.dzi","São Roque de Minas","Parque Nacional da Serra da Canastra"
"PARQUE NACIONAL SERRA DA CANASTRA","Angiosperms","Lentibulariaceae","Utricularia","praelonga","A.St.-Hil. & Girard","LENTIBULARIACEAE Utricularia praelonga A.St.-Hil. & Girard","SPF00134158",,"SPF","Farinaccio, M.A.","235","Native","1998","Campos, G.L.","99","Bronze","Ouro","jbrj-public.s3-sa-east-1.amazonaws.com/fsi/server?type=image&source=DZI/spf/spf/0/13/41/58/spf00134158.dzi","São Roque de Minas","Parque Nacional da Serra da Canastra"
"PARQUE NACIONAL SERRA DA CANASTRA","Angiosperms","Polygalaceae","Monnina","tristaniana","A.St.-Hil. & Moq.","POLYGALACEAE Monnina tristaniana A.St.-Hil. & Moq.","SPF00133733",,"SPF","Farinaccio, M.A.","187","Native","1998","Farinaccio, M.A.","99","Bronze","Ouro","jbrj-public.s3-sa-east-1.amazonaws.com/fsi/server?type=image&source=DZI/spf/spf/0/13/37/33/spf00133733.dzi","São Roque de Minas","Parque Nacional da Serra da Canastra"
"PARQUE NACIONAL SERRA DA CANASTRA",,"Apocynaceae","Barjonia","furlanii","Farinaccio","APOCYNACEAE Barjonia furlanii Farinaccio","HUFU00070233",,"HUFU","Romero, R.","3909",,"1997","Farinaccio, M.A.",,"Bronze","Ouro","jbrj-public.s3-sa-east-1.amazonaws.com/fsi/server?type=image&source=DZI/hufu/hufu/0/7/2/33/hufu00070233.dzi","São Roque de Minas","Parque Nacional da Serra da Canastra. Trilha para a parte de baixo da cachoeira Casca D'Anta.. Campo rupestre, encosta."
"PARQUE NACIONAL SERRA DA CANASTRA","Angiosperms","Apocynaceae","Ditassa","nitida","Decne.","APOCYNACEAE Ditassa nitida Decne.","SPF00143682",,"SPF","Nakajima, J.N.","2571","Native","1997","Farinaccio, M.A.","13/11/0","Bronze","Ouro","jbrj-public.s3-sa-east-1.amazonaws.com/fsi/server?type=image&source=DZI/spf/spf/0/14/36/82/spf00143682.dzi","São Roque de Minas","Parque Nacional da Serra da Canastra, Guarita de Sacramento, estrada para São Roque. Cerrado."
"PARQUE NACIONAL SERRA DA CANASTRA","Ferns and Lycophytes","Apocynaceae","Hemipogon","acerosus","Decne.","APOCYNACEAE Hemipogon acerosus Decne.","SPF00143684",,"SPF","Romero, R.","4773","Native","1997","Farinaccio, M.A.","11/0","Bronze","Ouro","jbrj-public.s3-sa-east-1.amazonaws.com/fsi/server?type=image&source=DZI/spf/spf/0/14/36/84/spf00143684.dzi","São Roque de Minas","Parque Nacional da Serra da Canastra, Chapadão da Zagaia de frente para a Serra das Sete Voltas, após a torre de observação. Campo rupestre."
"PARQUE NACIONAL SERRA DA CANASTRA","Angiosperms","Apocynaceae","Nautonia","nummularia","Decne.","APOCYNACEAE Nautonia nummularia Decne.","SPF00143695",,"SPF","Romero, R.","4202","Native","1997","Farinaccio, M.A.","13/11/0","Bronze","Ouro","jbrj-public.s3-sa-east-1.amazonaws.com/fsi/server?type=image&source=DZI/spf/spf/0/14/36/95/spf00143695.dzi","São Roque de Minas","Parque Nacional da Serra da Canastra, Estrada para a FAzenda do Fundão. Campo limpo, 3 meses após queimada."
"PARQUE NACIONAL SERRA DA CANASTRA","Angiosperms","Apocynaceae","Oxypetalum","insigne","(Decne.) Malme","APOCYNACEAE Oxypetalum insigne (Decne.) Malme","SPF00144711",,"SPF","Romero, R.","4474","Native","1997","Farinaccio, M.A.","10/0","Bronze","Ouro","jbrj-public.s3-sa-east-1.amazonaws.com/fsi/server?type=image&source=DZI/spf/spf/0/14/47/11/spf00144711.dzi","São Roque de Minas","Parque Nacional da Serra da Canastra, Cachoeira dos Rolinhos."
"PARQUE NACIONAL SERRA DA CANASTRA","Angiosperms","Fabaceae","Chamaecrista","foederalis","(H.S.Irwin & Barneby) H.S.Irwin & Barneby","FABACEAE Chamaecrista foederalis (H.S.Irwin & Barneby) H.S.Irwin & Barneby","HUFU00050467",,"HUFU","Romero, R.","4396","Native","1997","Bortolluzzi, R.L.C.","2013","Bronze","Ouro","jbrj-public.s3-sa-east-1.amazonaws.com/fsi/server?type=image&source=DZI/hufu/hufu/0/5/4/67/hufu00050467.dzi","São Roque de Minas","Parque Nacional da Serra da Canastra ; Guarita de Sacramento."
"PARQUE NACIONAL SERRA DA CANASTRA","Angiosperms","Fabaceae","Chamaecrista","rotundifolia","(Pers.) Greene","FABACEAE Chamaecrista rotundifolia var. rotundifolia (Pers.) Greene","HUFU00008324",,"HUFU","Romero, R.","3957","Native","1997","Cota, M.M.T.","2012","Bronze","Ouro","jbrj-public.s3-sa-east-1.amazonaws.com/fsi/server?type=image&source=DZI/hufu/hufu/0/0/83/24/hufu00008324.dzi","São Roque de Minas","Parque Nacional da Serra da Canastra Estrada para o Retiro das Pedras, próximo a divisa do parque. Campo limpo com afloramento rochoso."
"PARQUE NACIONAL SERRA DA CANASTRA","Angiosperms","Fabaceae","Chamaecrista","setosa","(Vogel) H.S.Irwin & Barneby","FABACEAE Chamaecrista setosa var. setosa (Vogel) H.S.Irwin & Barneby","HUFU00050654",,"HUFU","Romero, R.","4312","Native","1997","Cota, M.M.T.","2012","Bronze","Ouro","jbrj-public.s3-sa-east-1.amazonaws.com/fsi/server?type=image&source=DZI/hufu/hufu/0/5/6/54/hufu00050654.dzi","São Roque de Minas","Parque Nacional da Serra da Canastra ; Vale dos Cândidos, próximo ao córrego das Posses."
"PARQUE NACIONAL SERRA DA CANASTRA","Angiosperms","Orchidaceae","Maxillaria","humilis","(Link & Otto) Schuit. & M.W.Chase","ORCHIDACEAE Maxillaria humilis (Link & Otto) Schuit. & M.W.Chase","HUFU00035468",,"HUFU","Nakajima, J.N.","2355","Native","1997","Pansarim, E.R.","2012","Bronze","Ouro","jbrj-public.s3-sa-east-1.amazonaws.com/fsi/server?type=image&source=DZI/hufu/hufu/0/3/54/68/hufu00035468.dzi","São Roque de Minas","Parque Nacional da Serra da Canastra"
"PARQUE NACIONAL SERRA DA CANASTRA","Angiosperms","Orchidaceae","Maxillaria","notylioglossa","Rchb.f.","ORCHIDACEAE Maxillaria notylioglossa Rchb.f.","HUFU00035726",,"HUFU","Romero, R.","3988","Native","1997","Pansarim, E.R.","2012","Bronze","Ouro","jbrj-public.s3-sa-east-1.amazonaws.com/fsi/server?type=image&source=DZI/hufu/hufu/0/3/57/26/hufu00035726.dzi","São Roque de Minas","Parque Nacional da Serra da Canastra"
"PARQUE NACIONAL SERRA DA CANASTRA","Angiosperms","Orchidaceae","Scaphyglottis","modesta","(Rchb.f.) Schltr.","ORCHIDACEAE Scaphyglottis modesta (Rchb.f.) Schltr.","HUFU00035728",,"HUFU","Romero, R.","3987","Native","1997","Pansarim, E.R.","2012","Bronze","Ouro","jbrj-public.s3-sa-east-1.amazonaws.com/fsi/server?type=image&source=DZI/hufu/hufu/0/3/57/28/hufu00035728.dzi","São Roque de Minas","Parque Nacional da Serra da Canastra"
"PARQUE NACIONAL SERRA DA CANASTRA","Angiosperms","Orchidaceae","Stelis","aprica","Lindl.","ORCHIDACEAE Stelis aprica Lindl.","HUFU00035738",,"HUFU","Romero, R.","3990","Native","1997","Pansarim, E.R.","2012","Bronze","Ouro","jbrj-public.s3-sa-east-1.amazonaws.com/fsi/server?type=image&source=DZI/hufu/hufu/0/3/57/38/hufu00035738.dzi","São Roque de Minas","Parque Nacional da Serra da Canastra"
"PARQUE NACIONAL SERRA DA CANASTRA","Angiosperms","Polypodiaceae","Serpocaulon","fraxinifolium","(Jacq.) A.R.Sm.","POLYPODIACEAE Serpocaulon fraxinifolium (Jacq.) A.R.Sm.","FURB10904",,"FURB","Salino, A.","3151","Native","1997","Dittrich, V.A.O.","2012","Bronze","Ouro","jbrj-public.s3-sa-east-1.amazonaws.com/fsi/server?type=image&source=DZI/furb/furb/0/1/9/4/furb00010904.dzi","São Roque de Minas","Parque Nacional da Serra da Canastra."
"PARQUE NACIONAL SERRA DA CANASTRA","Angiosperms","Bignoniaceae","Handroanthus","ochraceus","(Cham.) Mattos","BIGNONIACEAE Handroanthus ochraceus (Cham.) Mattos","HUFU00052228",,"HUFU","Nakajima, J.N.","2807","Native","1997","Machado, A.I.M.R.","2010","Bronze","Ouro","jbrj-public.s3-sa-east-1.amazonaws.com/fsi/server?type=image&source=DZI/hufu/hufu/0/5/22/28/hufu00052228.dzi","São Roque de Minas","Parque Nacional da Serra da Canastra ; Estrada São Roque - Sacramento, próximo ao Córrego do Bárbaro."
"PARQUE NACIONAL SERRA DA CANASTRA","Angiosperms","Bignoniaceae","Tanaecium","pyramidatum","(Rich.) L.G.Lohmann","BIGNONIACEAE Tanaecium pyramidatum (Rich.) L.G.Lohmann","HUFU00052244",,"HUFU","Nakajima, J.N.","2969","Native","1997","Machado, A.I.M.R.","2010","Bronze","Ouro","jbrj-public.s3-sa-east-1.amazonaws.com/fsi/server?type=image&source=DZI/hufu/hufu/0/5/22/44/hufu00052244.dzi","São Roque de Minas","Parque Nacional da Serra da Canastra ; Córrego do Bárbaro."
"PARQUE NACIONAL SERRA DA CANASTRA","Angiosperms","Verbenaceae","Petrea","volubilis","L.","VERBENACEAE Petrea volubilis L.","HUFU00033739",,"HUFU","Romero, R.","4715","Native","1997","Rosa, P.O.","2010","Bronze","Ouro","jbrj-public.s3-sa-east-1.amazonaws.com/fsi/server?type=image&source=DZI/hufu/hufu/0/3/37/39/hufu00033739.dzi","São Roque de Minas","Parque Nacional da Serra da Canastra"
"PARQUE NACIONAL SERRA DA CANASTRA","Angiosperms","Polypodiaceae","Pleopeltis","hirsutissima","(Raddi) de la Sota","POLYPODIACEAE Pleopeltis hirsutissima (Raddi) de la Sota","HUFU00034039",,"HUFU","Romero, R.","3932","Native","1997","Salino, A.","2007","Bronze","Ouro","jbrj-public.s3-sa-east-1.amazonaws.com/fsi/server?type=image&source=DZI/hufu/hufu/0/3/40/39/hufu00034039.dzi","São Roque de Minas","Parque Nacional da Serra da Canastra"
"PARQUE NACIONAL SERRA DA CANASTRA","Angiosperms","Pteridaceae","Lytoneuron","ornithopus","(Mett. ex Hook. & Baker) Yesilyurt","PTERIDACEAE Lytoneuron ornithopus (Mett. ex Hook. & Baker) Yesilyurt","HUFU00034037",,"HUFU","Romero, R.","4038","Native","1997","Urbano, A.","2007","Bronze","Ouro","jbrj-public.s3-sa-east-1.amazonaws.com/fsi/server?type=image&source=DZI/hufu/hufu/0/3/40/37/hufu00034037.dzi","São Roque de Minas","Parque Nacional da Serra da Canastra"
"PARQUE NACIONAL SERRA DA CANASTRA","Angiosperms","Malpighiaceae","Mascagnia","cordifolia","(A.Juss.) Griseb.","MALPIGHIACEAE Mascagnia cordifolia (A.Juss.) Griseb.","HUFU00038489",,"HUFU","Nakajima, J.N.","2747","Native","1997","Vollpi, R.L.","2006","Bronze","Ouro","jbrj-public.s3-sa-east-1.amazonaws.com/fsi/server?type=image&source=DZI/hufu/hufu/0/3/84/89/hufu00038489.dzi","São Roque de Minas","Parque Nacional da Serra da Canastra; Vale dos Cândidos."
"PARQUE NACIONAL SERRA DA CANASTRA","Angiosperms","Alstroemeriaceae","Alstroemeria","isabelleana","Herb.","ALSTROEMERIACEAE Alstroemeria isabelleana Herb.","HUFU00053407",,"HUFU","Nakajima, J.N.","2978","Native","1997","Andrade, T.","2005","Bronze","Ouro","jbrj-public.s3-sa-east-1.amazonaws.com/fsi/server?type=image&source=DZI/hufu/hufu/0/5/34/7/hufu00053407.dzi","São Roque de Minas","Parque Nacional da Serra da Canastra"
"PARQUE NACIONAL SERRA DA CANASTRA","Angiosperms","Bignoniaceae","Cuspidaria","convoluta","(Vell.) A.H.Gentry","BIGNONIACEAE Cuspidaria convoluta (Vell.) A.H.Gentry","HUFU00052352",,"HUFU","Romero, R.","4467","Native","1997","Andrade, T.","2005","Bronze","Ouro","jbrj-public.s3-sa-east-1.amazonaws.com/fsi/server?type=image&source=DZI/hufu/hufu/0/5/23/52/hufu00052352.dzi","São Roque de Minas","Parque Nacional da Serra da Canastra ; Cachoeira dos Rolinhos."
"PARQUE NACIONAL SERRA DA CANASTRA","Angiosperms","Cyperaceae","Rhynchospora","speciosa","(Kunth) Boeckeler","CYPERACEAE Rhynchospora speciosa (Kunth) Boeckeler","HUFU00051269",,"HUFU","Nakajima, J.N.","2833","Native","1997","Andrade, T.","2005","Bronze","Ouro","jbrj-public.s3-sa-east-1.amazonaws.com/fsi/server?type=image&source=DZI/hufu/hufu/0/5/12/69/hufu00051269.dzi","São Roque de Minas","Parque Nacional da Serra da Canastra ; Estrada para Sacramento, morro após a nascente do Rio São Francisco."
"PARQUE NACIONAL SERRA DA CANASTRA","Angiosperms","Ericaceae","Agarista","eucalyptoides","(Cham. & Schltdl.) G.Don","ERICACEAE Agarista eucalyptoides (Cham. & Schltdl.) G.Don","HUFU00051412",,"HUFU","Nakajima, J.N.","2718","Native","1997","Andrade, T.","2005","Bronze","Ouro","jbrj-public.s3-sa-east-1.amazonaws.com/fsi/server?type=image&source=DZI/hufu/hufu/0/5/14/12/hufu00051412.dzi","São Roque de Minas","Parque Nacional da Serra da Canastra ; Estrada para o Vale do Cândidos, Garagem de Pedras."
"PARQUE NACIONAL SERRA DA CANASTRA","Angiosperms","Erythroxylaceae","Erythroxylum","campestre","A.St.-Hil.","ERYTHROXYLACEAE Erythroxylum campestre A.St.-Hil.","HUFU00040906",,"HUFU","Romero, R.","4449","Native","1997","Andrade, T.","2005","Bronze","Ouro","jbrj-public.s3-sa-east-1.amazonaws.com/fsi/server?type=image&source=DZI/hufu/hufu/0/4/9/6/hufu00040906.dzi","São Roque de Minas","Parque Nacional da Serra da Canastra"
"PARQUE NACIONAL SERRA DA CANASTRA","Angiosperms","Meliaceae","Trichilia","pallida","Sw.","MELIACEAE Trichilia pallida Sw.","HUFU00037303",,"HUFU","Nakajima, J.N.","2435","Native","1997","Andrade, T.","2005","Bronze","Ouro","jbrj-public.s3-sa-east-1.amazonaws.com/fsi/server?type=image&source=DZI/hufu/hufu/0/3/73/3/hufu00037303.dzi","São Roque de Minas","Parque Nacional da Serra da Canastra"
"PARQUE NACIONAL SERRA DA CANASTRA","Angiosperms","Myrtaceae","Eugenia","pyriformis","Cambess.","MYRTACEAE Eugenia pyriformis Cambess.","HUFU00036385",,"HUFU","Romero, R.","4417","Native","1997","Andrade, T.","2005","Bronze","Ouro","jbrj-public.s3-sa-east-1.amazonaws.com/fsi/server?type=image&source=DZI/hufu/hufu/0/3/63/85/hufu00036385.dzi","São Roque de Minas","Parque Nacional da Serra da Canastra"
"PARQUE NACIONAL SERRA DA CANASTRA","Angiosperms","Orchidaceae","Bulbophyllum","exaltatum","Lindl.","ORCHIDACEAE Bulbophyllum exaltatum Lindl.","HUFU00035473",,"HUFU","Romero, R.","4070",,"1997","Andrade, T.","2005","Bronze","Ouro","jbrj-public.s3-sa-east-1.amazonaws.com/fsi/server?type=image&source=DZI/hufu/hufu/0/3/54/73/hufu00035473.dzi","São Roque de Minas","Parque Nacional da Serra da Canastra"
"PARQUE NACIONAL SERRA DA CANASTRA","Angiosperms","Orchidaceae","Cleistes","bella","(Rchb.f. & Warm.) Schltr.","ORCHIDACEAE Cleistes bella (Rchb.f. & Warm.) Schltr.","HUFU00035482",,"HUFU","Romero, R.","3924","Native","1997","Andrade, T.","2005","Bronze","Ouro","jbrj-public.s3-sa-east-1.amazonaws.com/fsi/server?type=image&source=DZI/hufu/hufu/0/3/54/82/hufu00035482.dzi","São Roque de Minas","Parque Nacional da Serra da Canastra"
"PARQUE NACIONAL SERRA DA CANASTRA","Angiosperms","Poaceae","Eriochrysis","holcoides","(Nees) Kuhlm.","POACEAE Eriochrysis holcoides (Nees) Kuhlm.","HUFU00035868",,"HUFU","Romero, R.","4559","Native","1997","Andrade, T.","2005","Bronze","Ouro","jbrj-public.s3-sa-east-1.amazonaws.com/fsi/server?type=image&source=DZI/hufu/hufu/0/3/58/68/hufu00035868.dzi","São Roque de Minas","Parque Nacional da Serra da Canastra"
"PARQUE NACIONAL SERRA DA CANASTRA","Angiosperms","Rubiaceae","Psychotria","subtriflora","Müll.Arg.","RUBIACEAE Psychotria subtriflora Müll.Arg.","HUFU00035133",,"HUFU","Romero, R.","3983","Native","1997","Romero, R.","2005","Bronze","Ouro","jbrj-public.s3-sa-east-1.amazonaws.com/fsi/server?type=image&source=DZI/hufu/hufu/0/3/51/33/hufu00035133.dzi","São Roque de Minas","Parque Nacional da Serra da Canastra"
"PARQUE NACIONAL SERRA DA CANASTRA","Angiosperms","Smilacaceae","Smilax","elastica","Griseb.","SMILACACEAE Smilax elastica Griseb.","HUFU00034136",,"HUFU","Romero, R.","4502","Native","1997","Andrade, T.","2005","Bronze","Ouro","jbrj-public.s3-sa-east-1.amazonaws.com/fsi/server?type=image&source=DZI/hufu/hufu/0/3/41/36/hufu00034136.dzi","São Roque de Minas","Parque Nacional da Serra da Canastra"
"PARQUE NACIONAL SERRA DA CANASTRA","Angiosperms","Acanthaceae","Mendoncia","velloziana","Mart.","ACANTHACEAE Mendoncia velloziana Mart.","HUFU00053445",,"HUFU","Romero, R.","3944","Native","1997","Tannus, M.M.","2004","Bronze","Ouro","jbrj-public.s3-sa-east-1.amazonaws.com/fsi/server?type=image&source=DZI/hufu/hufu/0/5/34/45/hufu00053445.dzi","São Roque de Minas","Parque Nacional da Serra da Canastra"
"PARQUE NACIONAL SERRA DA CANASTRA","Angiosperms","Araliaceae","Hydrocotyle","quinqueradiata","(Urb.) Nery & Fiaschi","ARALIACEAE Hydrocotyle quinqueradiata (Urb.) Nery & Fiaschi","HUFU00053078",,"HUFU","Nakajima, J.N.","2182","Native","1997","Romero, R.","2004","Bronze","Ouro","jbrj-public.s3-sa-east-1.amazonaws.com/fsi/server?type=image&source=DZI/hufu/hufu/0/5/30/78/hufu00053078.dzi","São Roque de Minas","Parque Nacional da Serra da Canastra"
"PARQUE NACIONAL SERRA DA CANASTRA","Angiosperms","Arecaceae","Syagrus","flexuosa","(Mart.) Becc.","ARECACEAE Syagrus flexuosa (Mart.) Becc.","HUFU00052441",,"HUFU","Romero, R.","4020","Native","1997","Romero, R.","2004","Bronze","Ouro","jbrj-public.s3-sa-east-1.amazonaws.com/fsi/server?type=image&source=DZI/hufu/hufu/0/5/24/41/hufu00052441.dzi","São Roque de Minas","Parque Nacional da Serra da Canastra ; Mata próxima a cachoeira dos Rolinhos."
"PARQUE NACIONAL SERRA DA CANASTRA","Angiosperms","Burmanniaceae","Burmannia","bicolor","Mart.","BURMANNIACEAE Burmannia bicolor Mart.","HUFU00051661",,"HUFU","Romero, R.","4040",,"1997","Andrade, T.","2004","Bronze","Ouro","jbrj-public.s3-sa-east-1.amazonaws.com/fsi/server?type=image&source=DZI/hufu/hufu/0/5/16/61/hufu00051661.dzi","São Roque de Minas","Parque Nacional da Serra da Canastra ; Nascente do córrego dos Peixes."
"PARQUE NACIONAL SERRA DA CANASTRA","Angiosperms","Caryocaraceae","Caryocar","brasiliense","Cambess.","CARYOCARACEAE Caryocar brasiliense Cambess.","HUFU00051776",,"HUFU","Nakajima, J.N.","2905","Native","1997","Andrade, T.","2004","Bronze","Ouro","jbrj-public.s3-sa-east-1.amazonaws.com/fsi/server?type=image&source=DZI/hufu/hufu/0/5/17/76/hufu00051776.dzi","São Roque de Minas","Parque Nacional da Serra da Canastra ; Guarita de Sacramento, ca. 3km em direção a São Roque de Minas."
"PARQUE NACIONAL SERRA DA CANASTRA","Angiosperms","Lamiaceae","Vitex","polygama","Cham.","LAMIACEAE Vitex polygama Cham.","HUFU00033727",,"HUFU","Romero, R.","4167","Native","1997","Damaso, P.P.","2004","Bronze","Ouro","jbrj-public.s3-sa-east-1.amazonaws.com/fsi/server?type=image&source=DZI/hufu/hufu/0/3/37/27/hufu00033727.dzi","São Roque de Minas","Parque Nacional da Serra da Canastra"
"PARQUE NACIONAL SERRA DA CANASTRA","Angiosperms","Verbenaceae","Lippia","sericea","Cham.","VERBENACEAE Lippia sericea Cham.","HUFU00034686",,"HUFU","Romero, R.","4350","Native","1997","Damaso, P.P.","2004","Bronze","Ouro","jbrj-public.s3-sa-east-1.amazonaws.com/fsi/server?type=image&source=DZI/hufu/hufu/0/3/46/86/hufu00034686.dzi","São Roque de Minas","Parque Nacional da Serra da Canastra"
"PARQUE NACIONAL SERRA DA CANASTRA","Angiosperms","Vochysiaceae","Qualea","dichotoma","(Mart.) Warm.","VOCHYSIACEAE Qualea dichotoma (Mart.) Warm.","HUFU00033751",,"HUFU","Romero, R.","4634","Native","1997","Damaso, P.P.","2004","Bronze","Ouro","jbrj-public.s3-sa-east-1.amazonaws.com/fsi/server?type=image&source=DZI/hufu/hufu/0/3/37/51/hufu00033751.dzi","São Roque de Minas","Parque Nacional da Serra da Canastra"
"PARQUE NACIONAL SERRA DA CANASTRA","Angiosperms","Ericaceae","Gaylussacia","pseudogaultheria","Cham. & Schltdl.","ERICACEAE Gaylussacia pseudogaultheria Cham. & Schltdl.","NY00994647",,"NY","Nakajima, J.N.","2865","Native","1997","Arantes, A.A.","2003","Bronze","Ouro","jbrj-public.s3-sa-east-1.amazonaws.com/fsi/server?type=image&source=DZI/newyork/ny_/0/99/46/47/ny_00994647.dzi",,"Córrego do Quilombo, três matinhas, Parque Nacional da Serra da Canastra."
"PARQUE NACIONAL SERRA DA CANASTRA","Angiosperms","Malpighiaceae","Heteropterys","eglandulosa","A.Juss.","MALPIGHIACEAE Heteropterys eglandulosa A.Juss.","HUFU00038382",,"HUFU","Nakajima, J.N.","3004","Native","1997","Assis, A.M.","2002","Bronze","Ouro","jbrj-public.s3-sa-east-1.amazonaws.com/fsi/server?type=image&source=DZI/hufu/hufu/0/3/83/82/hufu00038382.dzi","São Roque de Minas","Parque Nacional da Serra da Canastra; Córrego do Bárbaro."
"PARQUE NACIONAL SERRA DA CANASTRA","Angiosperms","Malpighiaceae","Heteropterys","escalloniifolia","A.Juss.","MALPIGHIACEAE Heteropterys escalloniifolia A.Juss.","HUFU00038388",,"HUFU","Romero, R.","4696","Native","1997","Assis, A.M.","2002","Bronze","Ouro","jbrj-public.s3-sa-east-1.amazonaws.com/fsi/server?type=image&source=DZI/hufu/hufu/0/3/83/88/hufu00038388.dzi","São Roque de Minas","Parque Nacional da Serra da Canastra; Garagem das Pedras, descida para o vale dos Cândidos."
"PARQUE NACIONAL SERRA DA CANASTRA","Angiosperms","Piperaceae","Piper","gaudichaudianum","Kunth","PIPERACEAE Piper gaudichaudianum Kunth","CEN00051626",,"CEN","Lombardi, J.A.","1832","Native","1997","Goncalves, E.G.","2001","Bronze","Ouro","jbrj-public.s3.amazonaws.com/fsi/server?type=image&source=DZI/cen/cen/0/5/16/26/cen00051626.dzi","São Roque de Minas","Parque Nacional da Serra da Canastra"
"PARQUE NACIONAL SERRA DA CANASTRA","Angiosperms","Asteraceae","Dimerostemma","vestitum","(Baker) S.F.Blake","ASTERACEAE Dimerostemma vestitum (Baker) S.F.Blake","HUFU00057736",,"HUFU","Romero, R.","4320","Native","1997","Moraes, M.D.","2000","Bronze","Ouro","jbrj-public.s3-sa-east-1.amazonaws.com/fsi/server?type=image&source=DZI/hufu/hufu/0/5/77/36/hufu00057736.dzi","São Roque de Minas","Parque Nacional da Serra da Canastra ; Vale dos Cândidos, próximo ao córrego fas Posses."
"PARQUE NACIONAL SERRA DA CANASTRA","Angiosperms","Orchidaceae","Sauroglossum","elatum","Lindl.","ORCHIDACEAE Sauroglossum elatum Lindl.","HUFU00035736",,"HUFU","Nakajima, J.N.","2096","Native","1996","Meneguzzo, T.E.C.","2019","Bronze","Ouro","jbrj-public.s3-sa-east-1.amazonaws.com/fsi/server?type=image&source=DZI/hufu/hufu/0/3/57/36/hufu00035736.dzi","São Roque de Minas","Parque Nacional da Serra da Canastra"
"PARQUE NACIONAL SERRA DA CANASTRA","Angiosperms","Poaceae","Panicum",,"L.","POACEAE Panicum L.","HUFU00035880",,"HUFU","Romero, R.","3651","Native","1996","Rodrigues, R.S.","2016","Bronze","Ouro","jbrj-public.s3-sa-east-1.amazonaws.com/fsi/server?type=image&source=DZI/hufu/hufu/0/3/58/80/hufu00035880.dzi","Sacramento","Parque Nacional da Serra da Canastra"
"PARQUE NACIONAL SERRA DA CANASTRA","Angiosperms","Chrysobalanaceae","Leptobalanus","humilis","(Cham. & Schltdl.) Sothers & Prance","CHRYSOBALANACEAE Leptobalanus humilis (Cham. & Schltdl.) Sothers & Prance","HUFU00051887",,"HUFU","Nakajima, J.N.","2060","Native","1996","Hemsing, P.K.B.","2009","Bronze","Ouro","jbrj-public.s3-sa-east-1.amazonaws.com/fsi/server?type=image&source=DZI/hufu/hufu/0/5/18/87/hufu00051887.dzi","São Roque de Minas","Parque Nacional da Serra da Canastra ; Cachoeira dos Rolinhos."
"PARQUE NACIONAL SERRA DA CANASTRA","Angiosperms","Malpighiaceae","Banisteriopsis","anisandra","(A.Juss.) B.Gates","MALPIGHIACEAE Banisteriopsis anisandra (A.Juss.) B.Gates","HUFU00039433",,"HUFU","Romero, R.","3681","Native","1996","Volpi, R.L.","2006","Bronze","Ouro","jbrj-public.s3-sa-east-1.amazonaws.com/fsi/server?type=image&source=DZI/hufu/hufu/0/3/94/33/hufu00039433.dzi","Sacramento","Parque Nacional da Serra da Canastra; Guarita de Sacramento, cerca de 3km do Parque."
"PARQUE NACIONAL SERRA DA CANASTRA","Angiosperms","Orchidaceae","Epidendrum","nocturnum","Jacq.","ORCHIDACEAE Epidendrum nocturnum Jacq.","HUFU00035516",,"HUFU","Romero, R.","3751","Native","1996","Andrade, T.","2005","Bronze","Ouro","jbrj-public.s3-sa-east-1.amazonaws.com/fsi/server?type=image&source=DZI/hufu/hufu/0/3/55/16/hufu00035516.dzi","São Roque de Minas","Parque Nacional da Serra da Canastra"
"PARQUE NACIONAL SERRA DA CANASTRA","Angiosperms","Proteaceae","Roupala","montana","Aubl.","PROTEACEAE Roupala montana Aubl.","HUFU00036202",,"HUFU","Romero, R.","3588","Native","1996","Nakajima, J.N.","2005","Bronze","Ouro","jbrj-public.s3-sa-east-1.amazonaws.com/fsi/server?type=image&source=DZI/hufu/hufu/0/3/62/2/hufu00036202.dzi","Sacramento","Parque Nacional da Serra da Canastra"
"PARQUE NACIONAL SERRA DA CANASTRA","Angiosperms","Rubiaceae","Declieuxia","coerulea","Gardner","RUBIACEAE Declieuxia coerulea Gardner","HUFU00034856",,"HUFU","Romero, R.","3802","Native","1996","Romero, R.","2005","Bronze","Ouro","jbrj-public.s3-sa-east-1.amazonaws.com/fsi/server?type=image&source=DZI/hufu/hufu/0/3/48/56/hufu00034856.dzi","São Roque de Minas","Parque Nacional da Serra da Canastra"
"PARQUE NACIONAL SERRA DA CANASTRA","Angiosperms","Apiaceae","Eryngium","eurycephalum","Malme","APIACEAE Eryngium eurycephalum Malme","HUFU00053073",,"HUFU","Romero, R.","3810","Native","1996","Romero, R.","2004","Bronze","Ouro","jbrj-public.s3-sa-east-1.amazonaws.com/fsi/server?type=image&source=DZI/hufu/hufu/0/5/30/73/hufu00053073.dzi","São Roque de Minas","Parque Nacional da Serra da Canastra"
"PARQUE NACIONAL SERRA DA CANASTRA","Angiosperms","Convolvulaceae","Ipomoea","fiebrigii","Hassl. ex O'Donell","CONVOLVULACEAE Ipomoea fiebrigii Hassl. ex O'Donell","HUFU00052163",,"HUFU","Romero, R.","3817","Native","1996","Andrade, T.","2004","Bronze","Ouro","jbrj-public.s3-sa-east-1.amazonaws.com/fsi/server?type=image&source=DZI/hufu/hufu/0/5/21/63/hufu00052163.dzi","São Roque de Minas","Parque Nacional da Serra da Canastra ; Estrada São Roque - Sacramento, próximo à nascente do rio das Velhas."
"PARQUE NACIONAL SERRA DA CANASTRA","Angiosperms","Malpighiaceae","Byrsonima","crispa","A.Juss.","MALPIGHIACEAE Byrsonima crispa A.Juss.","HUFU00039582",,"HUFU","Nakajima, J.N.","2135","Native","1996","Assis, A.M.","2002","Bronze","Ouro","jbrj-public.s3-sa-east-1.amazonaws.com/fsi/server?type=image&source=DZI/hufu/hufu/0/3/95/82/hufu00039582.dzi","São Roque de Minas","Parque Nacional da Serra da Canastra; Moro após o córrego dos Passageiros."
"PARQUE NACIONAL SERRA DA CANASTRA","Angiosperms","Orchidaceae","Gomesa","varicosa","(Lindl.) M.W.Chase & N.H.Williams","ORCHIDACEAE Gomesa varicosa (Lindl.) M.W.Chase & N.H.Williams","HUFU00035707",,"HUFU","Nakajima, J.N.","952","Native","1995","Meneguzzo, T.E.C.","2016","Bronze","Ouro","jbrj-public.s3-sa-east-1.amazonaws.com/fsi/server?type=image&source=DZI/hufu/hufu/0/3/57/7/hufu00035707.dzi","São Roque de Minas","Parque Nacional da Serra da Canastra"
"PARQUE NACIONAL SERRA DA CANASTRA","Angiosperms","Phytolaccaceae","Phytolacca",,"L.","PHYTOLACCACEAE Phytolacca L.","HUFU00035674",,"HUFU","Nakajima, J.N.","951","Native","1995","Mendoza, M.","2015","Bronze","Ouro","jbrj-public.s3-sa-east-1.amazonaws.com/fsi/server?type=image&source=DZI/hufu/hufu/0/3/56/74/hufu00035674.dzi","São Roque de Minas","Parque Nacional da Serra da Canastra"
"PARQUE NACIONAL SERRA DA CANASTRA","Angiosperms","Begoniaceae","Begonia","apparicioi","Brade","BEGONIACEAE Begonia apparicioi Brade","HUFU00002464",,"HUFU","Romero, R.","2278","Native","1995","Feliciano, C.D.","2010","Bronze","Ouro","jbrj-public.s3-sa-east-1.amazonaws.com/fsi/server?type=image&source=DZI/hufu/hufu/0/0/24/64/hufu00002464.dzi","São Roque de Minas","Parque Nacional da Serra da Canastra. Estrada para o Retiro de Pedras."
"PARQUE NACIONAL SERRA DA CANASTRA","Angiosperms","Malpighiaceae","Peixotoa","reticulata","Griseb.","MALPIGHIACEAE Peixotoa reticulata Griseb.","HUFU00038438",,"HUFU","Nakajima, J.N.","1066","Native","1995","Volpi, R.L.","2006","Bronze","Ouro","jbrj-public.s3-sa-east-1.amazonaws.com/fsi/server?type=image&source=DZI/hufu/hufu/0/3/84/38/hufu00038438.dzi","São Roque de Minas","Parque Nacional da Serra da Canastra; Cachoeira da Casca D'Anta. Trilha para a guarita de baixo."
"PARQUE NACIONAL SERRA DA CANASTRA","Angiosperms","Rubiaceae","Galianthe","liliifolia","(Standl.) E.L.Cabral","RUBIACEAE Galianthe liliifolia (Standl.) E.L.Cabral","HUFU00034975",,"HUFU","Nakajima, J.N.","872","Native","1995","Cabral, E.L.","2006","Bronze","Ouro","jbrj-public.s3-sa-east-1.amazonaws.com/fsi/server?type=image&source=DZI/hufu/hufu/0/3/49/75/hufu00034975.dzi","São Roque de Minas","Parque Nacional da Serra da Canastra"
"PARQUE NACIONAL SERRA DA CANASTRA","Angiosperms","Lamiaceae","Hyptis","monticola","Mart. ex Benth.","LAMIACEAE Hyptis monticola Mart. ex Benth.","HUFU00039928",,"HUFU","Romero, R.","2461","Native","1995","Nakajima, J.N.","2003","Bronze","Ouro","jbrj-public.s3-sa-east-1.amazonaws.com/fsi/server?type=image&source=DZI/hufu/hufu/0/3/99/28/hufu00039928.dzi","São Roque de Minas","Parque Nacional da Serra da Canastra; Chapadão do Diamante."
"PARQUE NACIONAL SERRA DA CANASTRA","Angiosperms","Malpighiaceae","Heteropterys","pteropetala","A.Juss.","MALPIGHIACEAE Heteropterys pteropetala A.Juss.","HUFU00038443",,"HUFU","Romero, R.","1836","Native","1995","Assis, A.M.","2002","Bronze","Ouro","jbrj-public.s3-sa-east-1.amazonaws.com/fsi/server?type=image&source=DZI/hufu/hufu/0/3/84/43/hufu00038443.dzi","Sacramento","Parque Nacional da Serra da Canastra; Próximo a guarita de Sacramento."
"PARQUE NACIONAL SERRA DA CANASTRA","Angiosperms","Eriocaulaceae","Paepalanthus","tortilis","(Bong.) Mart.","ERIOCAULACEAE Paepalanthus tortilis (Bong.) Mart.","HUFU00039297",,"HUFU","Nakajima, J.N.","931","Native","1995","Sano, P.T.","2001","Bronze","Ouro","jbrj-public.s3-sa-east-1.amazonaws.com/fsi/server?type=image&source=DZI/hufu/hufu/0/3/92/97/hufu00039297.dzi","São Roque de Minas","Parque Nacional da Serra da Canastra; Estrada para a Cachoeira Casca D'Anta."
"PARQUE NACIONAL SERRA DA CANASTRA","Angiosperms","Eriocaulaceae","Syngonanthus","anthemiflorus","(Bong.) Ruhland","ERIOCAULACEAE Syngonanthus anthemiflorus (Bong.) Ruhland","HUFU00050759",,"HUFU","Nakajima, J.N.","820","Native","1995","Parra, L.","2001","Bronze","Ouro","jbrj-public.s3-sa-east-1.amazonaws.com/fsi/server?type=image&source=DZI/hufu/hufu/0/5/7/59/hufu00050759.dzi","São Roque de Minas","Parque Nacional da Serra da Canastra ; Estrada do Chapadão Diamante."
"PARQUE NACIONAL SERRA DA CANASTRA","Angiosperms","Eriocaulaceae","Syngonanthus","caulescens","(Poir.) Ruhland","ERIOCAULACEAE Syngonanthus caulescens (Poir.) Ruhland","HUFU00051043",,"HUFU","Romero, R.","2407","Native","1995","Parra, L.","2001","Bronze","Ouro","jbrj-public.s3-sa-east-1.amazonaws.com/fsi/server?type=image&source=DZI/hufu/hufu/0/5/10/43/hufu00051043.dzi","São Roque de Minas","Parque Nacional da Serra da Canastra ; Nascente do rio São Francisco."
"PARQUE NACIONAL SERRA DA CANASTRA","Angiosperms","Orchidaceae","Habenaria","hexaptera","Lindl.","ORCHIDACEAE Habenaria hexaptera Lindl.","HUFU00074512",,"HUFU","Romero, R.","1750","Native","1995","Ribeiro, J.E.L.S.","2001","Bronze","Ouro","jbrj-public.s3-sa-east-1.amazonaws.com/fsi/server?type=image&source=DZI/hufu/hufu/0/7/45/12/hufu00074512.dzi","São Roque de Minas","Parque Nacional da Serra da Canastra. Estrada São Roque - Sacramento.. Vertente do córrego."
"PARQUE NACIONAL SERRA DA CANASTRA","Angiosperms","Rubiaceae","Faramea","hyacinthina","Mart.","RUBIACEAE Faramea hyacinthina Mart.","HUFU00034958",,"HUFU","Nakajima, J.N.","1429","Native","1995","Romero, R.","2001","Bronze","Ouro","jbrj-public.s3-sa-east-1.amazonaws.com/fsi/server?type=image&source=DZI/hufu/hufu/0/3/49/58/hufu00034958.dzi","São Roque de Minas","Parque Nacional da Serra da Canastra"
"PARQUE NACIONAL SERRA DA CANASTRA","Angiosperms","Pteridaceae","Ormopteris","pinnata","(Kaulf.) Lellinger","PTERIDACEAE Ormopteris pinnata (Kaulf.) Lellinger","HUFU00034022",,"HUFU","Nakajima, J.N.","1297","Native","1995","Prado, J.","1999","Bronze","Ouro","jbrj-public.s3-sa-east-1.amazonaws.com/fsi/server?type=image&source=DZI/hufu/hufu/0/3/40/22/hufu00034022.dzi","São Roque de Minas","Parque Nacional da Serra da Canastra"
"PARQUE NACIONAL SERRA DA CANASTRA","Angiosperms","Cucurbitaceae","Melothria","campestris","(Naudin) H. Schaef. & S.S. Renner","CUCURBITACEAE Melothria campestris (Naudin) H. Schaef. & S.S. Renner","HUFU00051076",,"HUFU","Nakajima, J.N.","894","Native","1995","Cesar, R.","1996","Bronze","Ouro","jbrj-public.s3-sa-east-1.amazonaws.com/fsi/server?type=image&source=DZI/hufu/hufu/0/5/10/76/hufu00051076.dzi","São Roque de Minas","Parque Nacional da Serra da Canastra ; Estrada para Sacramento, próximo ao córrego dos Passageiros."
"PARQUE NACIONAL SERRA DA CANASTRA","Angiosperms","Rosaceae","Prunus","myrtifolia","(L.) Urb.","ROSACEAE Prunus myrtifolia (L.) Urb.","HUFU00036377",,"HUFU","Nakajima, J.N.","969","Native","1995","Zickel, C.","1996","Bronze","Ouro","jbrj-public.s3-sa-east-1.amazonaws.com/fsi/server?type=image&source=DZI/hufu/hufu/0/3/63/77/hufu00036377.dzi","São Roque de Minas","Parque Nacional da Serra da Canastra"
"PARQUE NACIONAL SERRA DA CANASTRA","Angiosperms","Rubiaceae","Manettia","luteo-rubra","(Vell.) Benth.","RUBIACEAE Manettia luteo-rubra (Vell.) Benth.","HUFU00034981",,"HUFU","Nakajima, J.N.","1091","Native","1995","Macias, L.","1996","Bronze","Ouro","jbrj-public.s3-sa-east-1.amazonaws.com/fsi/server?type=image&source=DZI/hufu/hufu/0/3/49/81/hufu00034981.dzi","São Roque de Minas","Parque Nacional da Serra da Canastra"
"PARQUE NACIONAL SERRA DA CANASTRA","Angiosperms","Apiaceae","Eryngium","proliferum","Brade","APIACEAE Eryngium proliferum Brade","HUFU00053076",,"HUFU","Nakajima, J.N.","1010","Native","1995","Constance, L.","1995","Bronze","Ouro","jbrj-public.s3-sa-east-1.amazonaws.com/fsi/server?type=image&source=DZI/hufu/hufu/0/5/30/76/hufu00053076.dzi","São Roque de Minas","Parque Nacional da Serra da Canastra"
"PARQUE NACIONAL SERRA DA CANASTRA","Angiosperms","Dilleniaceae","Doliocarpus","elegans","Eichler","DILLENIACEAE Doliocarpus elegans Eichler","HUFU00051448",,"HUFU","Nakajima, J.N.","567","Native","1994","Monzoli, J.V.L.","2023","Bronze","Ouro","jbrj-public.s3-sa-east-1.amazonaws.com/fsi/server?type=image&source=DZI/hufu/hufu/0/5/14/48/hufu00051448.dzi","São Roque de Minas","Parque Nacional da Serra da Canastra ; Parte superior da Cachoeira Casca D'Anta. Paredão da Cachoeira."
"PARQUE NACIONAL SERRA DA CANASTRA","Ferns and Lycophytes","Fabaceae","Tachigali","rugosa","(Mart. ex Benth.) Zarucchi & Pipoly","FABACEAE Tachigali rugosa (Mart. ex Benth.) Zarucchi & Pipoly","SPF00226248",,"SPF","Nakajima, J.N.","585","Native","1994","Administrador","2020","Bronze","Ouro","jbrj-public.s3-sa-east-1.amazonaws.com/fsi/server?type=image&source=DZI/spf/spf/0/22/62/48/spf00226248.dzi","São Roque de Minas","Parte de baixo da Cachoeira da Casca d'Anta, PARNA da Serra da Canastra."
"PARQUE NACIONAL SERRA DA CANASTRA","Ferns and Lycophytes","Amaryllidaceae","Hippeastrum","glaucescens","(Mart.) Herb.","AMARYLLIDACEAE Hippeastrum glaucescens (Mart.) Herb.","HUFU00053248",,"HUFU","Romero, R.","1370","Native","1994","Oliveira, R.S.","2013","Bronze","Ouro","jbrj-public.s3-sa-east-1.amazonaws.com/fsi/server?type=image&source=DZI/hufu/hufu/0/5/32/48/hufu00053248.dzi","São Roque de Minas","Parque Nacional da Serra da Canastra"
"PARQUE NACIONAL SERRA DA CANASTRA","Angiosperms","Myrtaceae","Psidium","salutare","(Kunth) O.Berg","MYRTACEAE Psidium salutare (Kunth) O.Berg","HUFU00036835",,"HUFU","Romero, R.","1162","Native","1994","Andrade, T.","2005","Bronze","Ouro","jbrj-public.s3-sa-east-1.amazonaws.com/fsi/server?type=image&source=DZI/hufu/hufu/0/3/68/35/hufu00036835.dzi","São Roque de Minas","Parque Nacional da Serra da Canastra"
"PARQUE NACIONAL SERRA DA CANASTRA","Angiosperms","Fabaceae","Stylosanthes","capitata","Vogel","FABACEAE Stylosanthes capitata Vogel","HUFU00010482",,"HUFU","Nakajima, J.N.","354","Native","1994","Nakajima, J.N.","2004","Bronze","Ouro","jbrj-public.s3-sa-east-1.amazonaws.com/fsi/server?type=image&source=DZI/hufu/hufu/0/1/4/82/hufu00010482.dzi","São Roque de Minas","Parque Nacional da Serra da Canastra. Pasto da vereda."
"PARQUE NACIONAL SERRA DA CANASTRA","Angiosperms","Lamiaceae","Salvia","scabrida","Pohl","LAMIACEAE Salvia scabrida Pohl","HUFU00011789",,"HUFU","Nakajima, J.N.","331","Native","1994","Rosa, P.O.","2004","Bronze","Ouro","jbrj-public.s3-sa-east-1.amazonaws.com/fsi/server?type=image&source=DZI/hufu/hufu/0/1/17/89/hufu00011789.dzi","São Roque de Minas","Parque Nacional da Serra da Canastra. Vereda."
"PARQUE NACIONAL SERRA DA CANASTRA","Angiosperms","Asteraceae","Hypochaeris","lutea","(Vell.) Britton","ASTERACEAE Hypochaeris lutea (Vell.) Britton","HUFU00057982",,"HUFU","Romero, R.","1288","Native","1994","Azevedo-Goncalves, C.F.","2003","Bronze","Ouro","jbrj-public.s3-sa-east-1.amazonaws.com/fsi/server?type=image&source=DZI/hufu/hufu/0/5/79/82/hufu00057982.dzi","São Roque de Minas","Parque Nacional da Serra da Canastra ; Nascente do Rio São Francisco."
"PARQUE NACIONAL SERRA DA CANASTRA","Angiosperms","Fabaceae","Lonchocarpus","violaceus","(Jacq.) Kunth ex DC.","FABACEAE Lonchocarpus violaceus (Jacq.) Kunth ex DC.","HUFU00040461",,"HUFU","Nakajima, J.N.","556","Native","1994","Pacheco, R.A.","2003","Bronze","Ouro","jbrj-public.s3-sa-east-1.amazonaws.com/fsi/server?type=image&source=DZI/hufu/hufu/0/4/4/61/hufu00040461.dzi","São Roque de Minas","Parque Nacional da Serra da Canastra"
"PARQUE NACIONAL SERRA DA CANASTRA","Angiosperms","Fabaceae","Mimosa","calocephala","Mart.","FABACEAE Mimosa calocephala Mart.","HUFU00040539",,"HUFU","Romero, R.","1201","Native","1994","Nakajima, J.N.","2003","Bronze","Ouro","jbrj-public.s3-sa-east-1.amazonaws.com/fsi/server?type=image&source=DZI/hufu/hufu/0/4/5/39/hufu00040539.dzi","São Roque de Minas","Parque Nacional da Serra da Canastra"
"PARQUE NACIONAL SERRA DA CANASTRA","Angiosperms","Cyperaceae","Rhynchospora","terminalis","(D.A.Simpson) A.C.Araújo","CYPERACEAE Rhynchospora terminalis var. rosemariana (D.A.Simpson) A.C.Araújo","SPF00092526",,"SPF","Giulietti, A.M.","CFCR13596","Native","1994","Araujo, A.C.","2001","Bronze","Ouro","jbrj-public.s3-sa-east-1.amazonaws.com/fsi/server?type=image&source=DZI/spf/spf/0/9/25/26/spf00092526.dzi","São Roque de Minas","Arredores do Parque Nacional da Serra da Canastra."
"PARQUE NACIONAL SERRA DA CANASTRA","Angiosperms","Eriocaulaceae","Syngonanthus",,"Ruhland","ERIOCAULACEAE Syngonanthus Ruhland","HUFU00051047",,"HUFU","Romero, R.","1282","Native","1994","Parra, L.","2001","Bronze","Ouro","jbrj-public.s3-sa-east-1.amazonaws.com/fsi/server?type=image&source=DZI/hufu/hufu/0/5/10/47/hufu00051047.dzi","São Roque de Minas","Parque Nacional da Serra da Canastra ; Nascente do Rio São Francisco."
"PARQUE NACIONAL SERRA DA CANASTRA","Angiosperms","Orchidaceae","Cyrtopodium","parviflorum","Lindl.","ORCHIDACEAE Cyrtopodium parviflorum Lindl.","HUFU00035598",,"HUFU","Romero, R.","1121","Native","1994","Ribeiro, J.E.L.S.","2001","Bronze","Ouro","jbrj-public.s3-sa-east-1.amazonaws.com/fsi/server?type=image&source=DZI/hufu/hufu/0/3/55/98/hufu00035598.dzi","São Roque de Minas","Parque Nacional da Serra da Canastra"
"PARQUE NACIONAL SERRA DA CANASTRA","Angiosperms","Lamiaceae","Aegiphila","integrifolia","(Jacq.) Moldenke","LAMIACEAE Aegiphila integrifolia (Jacq.) Moldenke","SPF00092530",,"SPF","Atkins, S.","CFCR13613","Native","1994","Atkins, S.","2000","Bronze","Ouro","jbrj-public.s3-sa-east-1.amazonaws.com/fsi/server?type=image&source=DZI/spf/spf/0/9/25/30/spf00092530.dzi","São Roque de Minas","Arredores do Parque Nacional da Serra da Canastra."
"PARQUE NACIONAL SERRA DA CANASTRA","Angiosperms","Euphorbiaceae","Gymnanthes","multiramea","(Klotzsch) Müll.Arg.","EUPHORBIACEAE Gymnanthes multiramea (Klotzsch) Müll.Arg.","HUFU00050200",,"HUFU","Nakajima, J.N.","601","Native","1994","Webester, G.L.","1996","Bronze","Ouro","jbrj-public.s3-sa-east-1.amazonaws.com/fsi/server?type=image&source=DZI/hufu/hufu/0/5/2/0/hufu00050200.dzi","São Roque de Minas","Parque Nacional da Serra da Canastra; Cachoeira Casca D'Anta."
"PARQUE NACIONAL SERRA DA CANASTRA","Angiosperms","Oxalidaceae","Oxalis",,"L.","OXALIDACEAE Oxalis L.","HUFU00035661",,"HUFU","Nakajima, J.N.","671","Native","1994","Lourteig, A.","1996","Bronze","Ouro","jbrj-public.s3-sa-east-1.amazonaws.com/fsi/server?type=image&source=DZI/hufu/hufu/0/3/56/61/hufu00035661.dzi","São Roque de Minas","Parque Nacional da Serra da Canastra"
"PARQUE NACIONAL SERRA DA CANASTRA","Angiosperms","Ophioglossaceae","Ophioglossum",,"L.","OPHIOGLOSSACEAE Ophioglossum L.","HUFU00034025",,"HUFU","Romero, R.","1519","Native","1994","Ranal, M.","1995","Bronze","Ouro","jbrj-public.s3-sa-east-1.amazonaws.com/fsi/server?type=image&source=DZI/hufu/hufu/0/3/40/25/hufu00034025.dzi","São Roque de Minas","Parque Nacional da Serra da Canastra"
"PARQUE NACIONAL SERRA DA CANASTRA","Angiosperms","Sapindaceae","Cupania","concolor","Radlk.","SAPINDACEAE Cupania concolor Radlk.","HUFU00035293",,"HUFU","Romero, R.","972","Native","1994","Ferruci, M.S.","1995","Bronze","Ouro","jbrj-public.s3-sa-east-1.amazonaws.com/fsi/server?type=image&source=DZI/hufu/hufu/0/3/52/93/hufu00035293.dzi","São Roque de Minas","Parque Nacional da Serra da Canastra"
"PARQUE NACIONAL SERRA DA CANASTRA","Angiosperms","Orchidaceae","Prescottia",,"Lindl.","ORCHIDACEAE Prescottia Lindl.","HUFU00035718",,"HUFU","Castro, N.M.","308","Native","1992","Singer, R.B.","1997","Bronze","Ouro","jbrj-public.s3-sa-east-1.amazonaws.com/fsi/server?type=image&source=DZI/hufu/hufu/0/3/57/18/hufu00035718.dzi","São Roque de Minas","Parque Nacional da Serra da Canastra"
"PARQUE NACIONAL SERRA DA CANASTRA","Angiosperms","Lentibulariaceae","Utricularia","nervosa","Weber ex Benj.","LENTIBULARIACEAE Utricularia nervosa Weber ex Benj.","SPF00073336",,"SPF","Rivadavia, F.","46","Native","1991","Rivadavia, F.","1991","Bronze","Ouro","jbrj-public.s3-sa-east-1.amazonaws.com/fsi/server?type=image&source=DZI/spf/spf/0/7/33/36/spf00073336.dzi","São Roque de Minas","Parque Nacional da Serra da Canastra"
"PARQUE NACIONAL SERRA DA CANASTRA","Angiosperms","Moraceae","Ficus","arpazusa","Casar.","MORACEAE Ficus arpazusa Casar.","IBGE00016752",,"IBGE","Ramalho, R.S.","2672","Native","1983","Carauta, P.","2005","Bronze","Ouro","jbrj-public.s3-sa-east-1.amazonaws.com/fsi/server?type=image&source=DZI/ibge/ibge/0/1/67/52/ibge00016752.dzi","São Roque de Minas","Parque Nacional da Serra da Canastra. Mata da cachoeira Casca DAnta. Coordenada Calculada."
"PARQUE NACIONAL SERRA DA CANASTRA","Angiosperms","Burseraceae","Protium","heptaphyllum","(Aubl.) Marchand","BURSERACEAE Protium heptaphyllum (Aubl.) Marchand","IBGE00005138",,"IBGE","Ramalho, R.S.","2840","Native","1983","Nadruz, M.","1984","Bronze","Ouro","jbrj-public.s3-sa-east-1.amazonaws.com/fsi/server?type=image&source=DZI/ibge/ibge/0/0/51/38/ibge00005138.dzi","São Roque de Minas","Parque Nacional da Serra da Canastra. Mata da cachoeira Casca DAnta. Coordenada Calculada."
"PARQUE NACIONAL SERRA DA CANASTRA","Angiosperms","Anemiaceae","Anemia","villosa","Humb. & Bonpl. ex Willd.","ANEMIACEAE Anemia villosa Humb. & Bonpl. ex Willd.","78090","x","Herbario INPA","Hopkins, M.","7150","Native",,"Barros, I.C.L.",,"Bronze","Ouro",,,"Parque Nacional da Serra de Canastra entre Piumhi e Araxá. Cerca 70 km, em campo e campo rupestre."
"PARQUE NACIONAL SERRA DA CANASTRA","Angiosperms","Cyperaceae","Lagenocarpus",,"Nees","CYPERACEAE Lagenocarpus Nees","37951","x","BHCB",,"s.n.","Native",,"Viana, P.L.",,"Bronze","Ouro",,,"Parque Nacional da Serra da Canastra"
"PARQUE NACIONAL SERRA DA CANASTRA","Angiosperms","Lythraceae","Diplusodon","villosus","Pohl","LYTHRACEAE Diplusodon villosus Pohl","53286","x","BHCB","Mota, R.C.","128","Native",,"Salino, A.",,"Bronze","Ouro",,,"Parque Nacional da Serra da Canastra"
"PARQUE NACIONAL SERRA DA CANASTRA","Angiosperms","Meliaceae","Guarea",,"F.Allam. ex L.","MELIACEAE Guarea F.Allam. ex L.","37938","x","BHCB",,"s.n.","Native",,"Lombardi, J.A.",,"Bronze","Ouro",,,"Parque Nacional da Serra da Canastra"
"PARQUE NACIONAL SERRA DA CANASTRA","Angiosperms","Asteraceae","Symphyopappus","reticulatus","Baker","ASTERACEAE Symphyopappus reticulatus Baker","78083","x","Herbario INPA","Hopkins, M.","7139","Native",,"Hattori, E.K.O.","2010","Bronze","Ouro",,,"Parque Nacional da Serra de Canastra, entre Piumhi e Araxá, ca. 70 km. de Piumhi. Em campo e campo rupestre."
"PARQUE NACIONAL SERRA DA CANASTRA","Angiosperms","Cyperaceae","Bulbostylis","vestita","(Kunth) C.B.Clarke","CYPERACEAE Bulbostylis vestita (Kunth) C.B.Clarke","78087","x","Herbario INPA","Hopkins, M.","7144",,,"Martins, S.","2009","Bronze","Ouro",,,"Parque Nacional da Serra de Canastra, entre Piumhi e Araxá, ca. 70 Km de Piumhi. Em campo e campo rupestre."
"PARQUE NACIONAL SERRA DA CANASTRA","Angiosperms","Aristolochiaceae","Aristolochia","labiata","Willd.","ARISTOLOCHIACEAE Aristolochia labiata Willd.","JABU00001879",,"JABU","Miranda, V.F.O.","3536","Native","2026","Miranda, V.F.O.","2026","Bronze","Ouro",,"Delfinópolis","Estrada (BR-464) em direção à portaria do PARNA Serra da Canastra."
"PARQUE NACIONAL SERRA DA CANASTRA","Angiosperms","Ochnaceae","Luxemburgia","macedoi","Dwyer","OCHNACEAE Luxemburgia macedoi Dwyer","RB01609233","x","RB","John, L.","317","Native","2026","John, L.","2026","Bronze","Ouro",,"São João Batista do Glória","São João Batista do Glória. Estrada para a pousada Vale dos Videiros, vindo do município de São Roque. Bifurcação entre Pousada Vale dos Videiros e Pousada Guardião da Serra. Parque Nacional da Serra da Canastra"
"PARQUE NACIONAL SERRA DA CANASTRA","Angiosperms","Selaginellaceae","Selaginella","marginata","(Humb. & Bonpl. ex Willd.) Spring","SELAGINELLACEAE Selaginella marginata (Humb. & Bonpl. ex Willd.) Spring","JABU00001582",,"JABU","Miranda, V.F.O.","3532","Native","2025","Pacifico, R.","2025","Bronze","Ouro",,"São Roque de Minas","Acesso por Vargem Bonita, PARNA da Serra da Canastra. Parte baixa da cachoeira Casca D´Anta. Planta entre rochas metamórficas, em fenda com solo úmido e raso. Local umedecido por névoa produzida pela cachoeira. Local ensolarado."
"PARQUE NACIONAL SERRA DA CANASTRA","Angiosperms","Arecaceae","Geonoma","pohliana","Mart.","ARECACEAE Geonoma pohliana Mart.","OUPR000045512","splink","OUPR","Lima, T.M.","2","Native","2024","Lima, T.M.","2024","Bronze","Ouro",,"São Roque de Minas","Beira da estrada que sobe para a portaria 1 (MG-341), ao lado da ponte sobre o riacho. Parque Nacional da Serra da Canastra. Solo com serrapilheira abundante, planta no sub-bosque da pequena mata de galeria mais densa que o cerrado ao redor."
"PARQUE NACIONAL SERRA DA CANASTRA","Angiosperms","Eriocaulaceae","Comanthera","dealbata","(Silveira) L.R.Parra & Giul.","ERIOCAULACEAE Comanthera dealbata (Silveira) L.R.Parra & Giul.","OUPR000045513",,"OUPR","Lima, T.M.","3","Native","2024","Lima, T.M.","2024","Bronze","Ouro",,"São Roque de Minas","Serra Brava. Estrada abandonada para o antigo observatório, ca. 700m do início. Acesso pela estrada para cachoeira Casca D´anta. Parque Nacional da Serra da Canastra. Solo pedregoso, vegetação rasteira com algumas arvorestas baixas, adjacente a um morro pedregoso."
"PARQUE NACIONAL SERRA DA CANASTRA","Angiosperms","Fabaceae","Copaifera","langsdorffii","Desf.","FABACEAE Copaifera langsdorffii Desf.","SPFR019309","splink","SPFR","Furcolin, M.L.F.","4","Native","2024","Furcolin, M.L.F.","2024","Bronze","Ouro",,"São Roque de Minas","PARNA Serra da Canastra, Portaria da Casca Danta"
"PARQUE NACIONAL SERRA DA CANASTRA","Angiosperms","Fabaceae","Inga","vera","Willd.","FABACEAE Inga vera Willd.","SPFR019310","splink","SPFR","Furcolin, M.L.F.","5","Native","2024","Furcolin, M.L.F.","2024","Bronze","Ouro",,"São Roque de Minas","PARNA Serra da Canastra, Portaria da Casca Danta"
"PARQUE NACIONAL SERRA DA CANASTRA","Angiosperms","Lamiaceae","Salvia",,"L.","LAMIACEAE Salvia L.","83651","x","HUFU","Romero, R.","9570","Native","2023","Romero, R.","2023","Bronze","Ouro",,,"Parque Nacional da Serra da Canastra., Estrada Sacramento - São Roque de Minas, próximo à guarita de Sacramento."
"PARQUE NACIONAL SERRA DA CANASTRA",,"Asteraceae","Bidens","gardneri","Baker","ASTERACEAE Bidens gardneri Baker","ALCB00073132","x","ALCB","Barbosa, M.L.","30",,"2022","Barbosa, M.L.",,"Bronze","Ouro",,,"Parque Nacional da Serra da Canastra. Próximo a entrada para o Capão do Forro"
"PARQUE NACIONAL SERRA DA CANASTRA","Angiosperms","Verbenaceae","Stachytarpheta","brevibracteata","(Moldenke) P.H.Cardoso","VERBENACEAE Stachytarpheta brevibracteata (Moldenke) P.H.Cardoso","CESJ073210","splink","CESJ","Cardoso, P.H.","66","Native","2021","Cardoso, P.H.","2022","Bronze","Ouro",,"São Roque de Minas","Parque Nacional da Serra da Canastra, próximo à Guarita de Sacramento"
"PARQUE NACIONAL SERRA DA CANASTRA","Angiosperms","Poaceae","Digitaria","neesiana","Henrard","POACEAE Digitaria neesiana Henrard","UEC180167","splink","UEC","Campos, B.H.","335","Native","2021","Durigan, G.","2021","Bronze","Ouro",,"Sacramento","Parque Nacional da Serra da Canastra"
"PARQUE NACIONAL SERRA DA CANASTRA","Angiosperms","Poaceae","Eragrostis","polytricha","Nees","POACEAE Eragrostis polytricha Nees","UEC180138","splink","UEC","Campos, B.H.","334","Native","2021","Durigan, G.","2021","Bronze","Ouro",,"Sacramento","Parque Nacional da Serra da Canastra"
"PARQUE NACIONAL SERRA DA CANASTRA","Angiosperms","Poaceae","Eragrostis","solida","Nees","POACEAE Eragrostis solida Nees","SPSF00058805","splink","SPSF","Campos, B.H.","304","Native","2021","Pilon, N.A.L.","2021","Bronze","Ouro",,"Sacramento","Parque Nacional da Serra da Canastra."
"PARQUE NACIONAL SERRA DA CANASTRA","Angiosperms","Poaceae","Paspalum","multicaule","Poir.","POACEAE Paspalum multicaule Poir.","UEC180163","splink","UEC","Campos, B.H.","307","Native","2021","Durigan, G.","2021","Bronze","Ouro",,"Sacramento","Parque Nacional da Serra da Canastra"
"PARQUE NACIONAL SERRA DA CANASTRA","Angiosperms","Pteridaceae","Mineirella","goyazensis","(Taub.) Ponce & Scataglini","PTERIDACEAE Mineirella goyazensis (Taub.) Ponce & Scataglini","207180","x","BHCB","Meyer, P.B.","3851","Native","2020",", A.",,"Bronze","Ouro",,,"Parque Nacional da Serra da Canastra"
"PARQUE NACIONAL SERRA DA CANASTRA","Angiosperms","Velloziaceae","Vellozia","hirsuta","Goethart & Henrard","VELLOZIACEAE Vellozia hirsuta Goethart & Henrard","BHCB207172","splink","BHCB","Junqueira, P.A.","575","Native","2020","Junqueira, P.A.","0-0-0","Bronze","Ouro",,"São Roque de Minas","Parque Nacional da Serra da Canastra"
"PARQUE NACIONAL SERRA DA CANASTRA","Angiosperms","Eriocaulaceae","Coracoralina",,"Andrino & Sano","ERIOCAULACEAE Coracoralina Andrino & Sano","BHCB207186","splink","BHCB","Meyer, P.B.","3875","Native","2020","Paiva, G.R.","2025","Bronze","Ouro",,"São João Batista do Glória","Parque Nacional da Serra da Canastra"
"PARQUE NACIONAL SERRA DA CANASTRA","Angiosperms","Ericaceae","Gaylussacia","densa","Cham.","ERICACEAE Gaylussacia densa Cham.","BHCB205358","splink","BHCB","Meyer, P.B.","3874","Native","2020","Junqueira, P.A.","2021","Bronze","Ouro",,"São Roque de Minas","Parque Nacional da Serra da Canastra"
"PARQUE NACIONAL SERRA DA CANASTRA",,"Asteraceae","Tetrachyron","grayi","(Klatt) Wussow & Urbatsch","ASTERACEAE Tetrachyron grayi (Klatt) Wussow & Urbatsch","SPFR018952","splink","SPFR","Ferreira, P.L.","138",,"2019","Seccani, L.E.","2025","Bronze","Ouro",,"Delfinópolis","Babilônia. Trilha para as orquídeas a partir da pousada vale do céu. Parque Nacional da Serra da Canastra"
"PARQUE NACIONAL SERRA DA CANASTRA","Angiosperms","Apocynaceae","Vailia",,"Rusby","APOCYNACEAE Vailia Rusby","525967","splink","SP","Bianchini, R.S.","2252","Native","2018","Moreira, M.S.","2025","Bronze","Ouro",,"São Roque de Minas","Parque Nacional da Serra da Canastra"
"PARQUE NACIONAL SERRA DA CANASTRA","Angiosperms","Malvaceae","Hibiscus","cucurbitaceus","A.St.-Hil.","MALVACEAE Hibiscus cucurbitaceus A.St.-Hil.","525990","x","SP","Bianchini, R.S.","2276","Native","2018","Bianchini, R.S.","2022","Bronze","Ouro",,,"Parque Nacional da Serra da Canastra, trilha para cachoeira Antonio Ricardo"
"PARQUE NACIONAL SERRA DA CANASTRA","Angiosperms","Convolvulaceae","Evolvulus","pterygophyllus","Mart.","CONVOLVULACEAE Evolvulus pterygophyllus var. puberulus Mart.","498083","splink","SP","Kojima, R.K.","21","Native","2018","Bianchini, R.S.","2018","Bronze","Ouro",,"São Roque de Minas","Parque Nacional da Serra da Canastra"
"PARQUE NACIONAL SERRA DA CANASTRA","Angiosperms","Convolvulaceae","Ipomoea","delphinioides","Choisy","CONVOLVULACEAE Ipomoea delphinioides Choisy","498079","splink","SP","Kojima, R.K.","17","Native","2018","Bianchini, R.S.","2018","Bronze","Ouro",,"Delfinópolis","Parque Nacional da Serra da Canastra, Babilônia"
"PARQUE NACIONAL SERRA DA CANASTRA","Angiosperms","Convolvulaceae","Ipomoea","langsdorffii","Choisy","CONVOLVULACEAE Ipomoea langsdorffii Choisy","498081","splink","SP","Kojima, R.K.","19","Native","2018","Bianchini, R.S.","2018","Bronze","Ouro",,"Delfinópolis","Parque Nacional da Serra da Canastra, Babilônia"
"PARQUE NACIONAL SERRA DA CANASTRA","Angiosperms","Convolvulaceae","Jacquemontia","sphaerostigma","(Cav.) Rusby","CONVOLVULACEAE Jacquemontia sphaerostigma (Cav.) Rusby","498086","x","SP","Kojima, R.K.","24","Native","2018","Bianchini, R.S.","2018","Bronze","Ouro",,,"Parque Nacional da Serra da Canastra"
"PARQUE NACIONAL SERRA DA CANASTRA","Angiosperms","Gentianaceae",,,"Juss.","GENTIANACEAE Gentianaceae Juss.","RB01430414","x","RB","Valente, B.","94","Native","2018","Valente, B.","2018","Bronze","Ouro",,,"Estrada Trilha do Sol. Parque Nacional da Serra da Canastra"
"PARQUE NACIONAL SERRA DA CANASTRA","Angiosperms","Gleicheniaceae","Sticherus",,"C.Presl","GLEICHENIACEAE Sticherus C.Presl","187843","x","BHCB","Moura, I.O.","194","Native","2017","Salino, A.",,"Bronze","Ouro",,,"Parque Nacional da Serra da Canastra, a beira da estrada, Campo limpo, solo pedregoso."
"PARQUE NACIONAL SERRA DA CANASTRA","Angiosperms","Lycopodiaceae","Lycopodiella","geometra","B.Øllg. & P.G.Windisch","LYCOPODIACEAE Lycopodiella geometra B.Øllg. & P.G.Windisch","187840","x","BHCB","Moura, I.O.","191","Native","2017","Salino, A.",,"Bronze","Ouro",,,"Parque Nacional da Serra da Canastra"
"PARQUE NACIONAL SERRA DA CANASTRA","Angiosperms","Ericaceae","Gaylussacia","oleifolia","Dunal","ERICACEAE Gaylussacia oleifolia Dunal","HUEFS0243375","splink","HUEFS","Cota, M.M.T.","938","Native","2017","Sampaio, A.A.","2025","Bronze","Ouro",,"São Roque de Minas","Parque Nacional da Serra da Canastra. Estrada MG-341. Próximo a Garagem de Pedra."
"PARQUE NACIONAL SERRA DA CANASTRA","Angiosperms","Thymelaeaceae","Daphnopsis","fasciculata","(Meisn.) Nevling","THYMELAEACEAE Daphnopsis fasciculata (Meisn.) Nevling","RB01373538","x","RB","Gonzaga, D.R.","1080","Native","2017","Goulart, G.","2024","Bronze","Ouro",,,"Parte Alta. Estrada para a Cachoeira Casca Danta, após a Nascente do Rio São Francisco. Próximo a Capão de Mata. Parque Nacional Serra da Canastra"
"PARQUE NACIONAL SERRA DA CANASTRA","Angiosperms","Cactaceae","Arthrocereus","melanurus","(K.Schum.) Diers et al.","CACTACEAE Arthrocereus melanurus (K.Schum.) Diers et al.","RB01376134","x","RB","Gonzaga, D.R.","1069","Native","2017","Gonzaga, D.R.","2018","Bronze","Ouro",,,"Afloramento Rochoso/ Estrada para Vale dos Canteiros. Parque Nacional Serra da Canastra"
"PARQUE NACIONAL SERRA DA CANASTRA","Angiosperms","Cactaceae",,,"Juss.","CACTACEAE Cactaceae Juss.","01448313","x","RBspirit","Gonzaga, D.R.","1069","Native","2017","Gonzaga, D.R.","2018","Bronze","Ouro",,,"Afloramento Rochoso/ Estrada para Vale dos Canteiros. Parque Nacional Serra da Canastra"
"PARQUE NACIONAL SERRA DA CANASTRA","Angiosperms","Loganiaceae","Spigelia",,"L.","LOGANIACEAE Spigelia L.","RB01373515","x","RB","Gonzaga, D.R.","1055","Native","2017","Gonzaga, D.R.","2018","Bronze","Ouro",,,"Trilha para a Cachoeira Casca Danta. Parque Nacional Serra da Canastra"
"PARQUE NACIONAL SERRA DA CANASTRA","Angiosperms","Cactaceae","Epiphyllum","phyllanthus","(L.) Haw.","CACTACEAE Epiphyllum phyllanthus (L.) Haw.","RB01373519","x","RB","Gonzaga, D.R.","1054","Native","2017","Gonzaga, D.R.","2017","Bronze","Ouro",,,"Trilha para a Cachoeira Casca Danta. As margens do curso d´água. Parque Nacional Serra da Canastra"
"PARQUE NACIONAL SERRA DA CANASTRA","Angiosperms","Cactaceae","Pilosocereus","machrisii","(E.Y.Dawson) Backeb.","CACTACEAE Pilosocereus machrisii (E.Y.Dawson) Backeb.","RB01373549","x","RB","Gonzaga, D.R.","1075","Native","2017","Gonzaga, D.R.","2017","Bronze","Ouro",,,"Afloramento Rochoso/ Estrada para Vale dos Canteiros. Parque Nacional Serra da Canastra"
"PARQUE NACIONAL SERRA DA CANASTRA","Angiosperms","Cactaceae","Rhipsalis","floccosa","Salm-Dyck ex Pfeiff.","CACTACEAE Rhipsalis floccosa Salm-Dyck ex Pfeiff.","RB01373520","x","RB","Gonzaga, D.R.","1056","Native","2017","Gonzaga, D.R.","2017","Bronze","Ouro",,,"Trilha para a Cachoeira Casca Danta. As margens do curso d´água. Parque Nacional Serra da Canastra"
"PARQUE NACIONAL SERRA DA CANASTRA","Angiosperms","Turneraceae","Turnera","trigona","Urb.","TURNERACEAE Turnera trigona Urb.","RB01373548","x","RB","Gonzaga, D.R.","1066","Native","2017","Rocha, L.","2017","Bronze","Ouro",,,"Estrada vindo da Cachoeira Casca Danta, sentido Vale dos Canteiros. Campo rupestre. Parque Nacional Serra da Canastra"
"PARQUE NACIONAL SERRA DA CANASTRA","Angiosperms","Eriocaulaceae","Paepalanthus","elongatus","Silveira","ERIOCAULACEAE Paepalanthus elongatus var. pubescens Silveira","UB0054387",,"UB","Oliveira, C.C.","363","Native","2016","Picanco, W.","2024","Bronze","Ouro",,"São Roque de Minas","Parque Nacional Serra da Canastra, 5 km após a portaria em São Roque de Minas."
"PARQUE NACIONAL SERRA DA CANASTRA","Angiosperms","Malpighiaceae","Byrsonima","intermedia","A.Juss.","MALPIGHIACEAE Byrsonima intermedia A.Juss.","RB01316681","x","RB","Groppo, M.","2325","Native","2016","Franca, W.","2016","Bronze","Ouro",,,"Parque Nacional da Serra da Canastra"
"PARQUE NACIONAL SERRA DA CANASTRA","Angiosperms","Malpighiaceae","Byrsonima","variabilis","A.Juss.","MALPIGHIACEAE Byrsonima variabilis A.Juss.","RB01316682","x","RB","Groppo, M.","2345","Native","2016","Groppo, M.","2016","Bronze","Ouro",,,"Distrito de São José do Barreiro, Parque Nacional da Serra da Canastra, Nascente do Rio São Francisco"
"PARQUE NACIONAL SERRA DA CANASTRA","Angiosperms","Onagraceae","Fuchsia","coccinea","Dryand.","ONAGRACEAE Fuchsia coccinea Dryand.","SPFR016194","splink","SPFR","Groppo, M.","2356","Native","2016","Rodrigues, D.M.","2016","Bronze","Ouro",,,"Parque Nacional da Serra da Canastra"
"PARQUE NACIONAL SERRA DA CANASTRA","Angiosperms","Xyridaceae","Xyris",,"Gronov. ex L.","XYRIDACEAE Xyris Gronov. ex L.","UB1228937",,"UB","Oliveira, C.C.","361","Native","2016","Oliveira, C.C.","2016","Bronze","Ouro",,"São Roque de Minas","Parque Nacional Serra da Canastra, 5 km após a portaria em São Roque de Minas."
"PARQUE NACIONAL SERRA DA CANASTRA","Angiosperms","Xyridaceae","Xyris","jupicai","Rich.","XYRIDACEAE Xyris jupicai Rich.","SPFR016245","splink","SPFR","Groppo, M.","2322","Native","2016","Groppo, M.","2016","Bronze","Ouro",,"São Roque de Minas","Parque Nacional da Serra da Canastra, Nascente do Rio São Francisco"
"PARQUE NACIONAL SERRA DA CANASTRA","Angiosperms","Verbenaceae","Lippia","nana","Schauer","VERBENACEAE Lippia nana Schauer","227758","x","SPF","Pirani, J.R.","6610","Native","2015","Cardoso, P.H.","2023","Bronze","Ouro",,,"Parque Nacional da Serra da Canastra, 53,8 km a oeste do centro de visitantes e 15 km a leste da portaria de Sacramento."
"PARQUE NACIONAL SERRA DA CANASTRA","Angiosperms","Bignoniaceae","Cybistax","antisyphilitica","(Mart.) Mart.","BIGNONIACEAE Cybistax antisyphilitica (Mart.) Mart.","SPF00227741","splink","SPF","Pirani, J.R.","6607","Native","2015","Gomes, B.M.","2017","Bronze","Ouro",,"São Roque de Minas","Parque Nacional da Serra da Canastra, 14 km a oeste do centro de visitantes."
"PARQUE NACIONAL SERRA DA CANASTRA","Angiosperms","Poaceae","Eragrostis","bahiensis","Schrad. ex Schult.","POACEAE Eragrostis bahiensis Schrad. ex Schult.","184951","splink","ICN","Fieker, C.Z.","77","Native","2015","Welker, C.A.D.","2016","Bronze","Ouro",,"São Roque de Minas","Parque Nacional da Serra da Canastra"
"PARQUE NACIONAL SERRA DA CANASTRA","Angiosperms","Poaceae","Mesosetum","alatum","Filg.","POACEAE Mesosetum alatum Filg.","184975","x","ICN","Fieker, C.Z.","133","Native","2015","Welker, C.A.D.","2016","Bronze","Ouro",,,"Parque Nacional da Serra da Canastra"
"PARQUE NACIONAL SERRA DA CANASTRA","Angiosperms","Poaceae","Steinchisma","decipiens","(Nees ex Trin.) W.V.Br.","POACEAE Steinchisma decipiens (Nees ex Trin.) W.V.Br.","184968","splink","ICN","Fieker, C.Z.","75","Native","2015","Welker, C.A.D.","2016","Bronze","Ouro",,"São Roque de Minas","Parque Nacional da Serra da Canastra"
"PARQUE NACIONAL SERRA DA CANASTRA","Angiosperms","Iridaceae","Sisyrinchium","marchio","(Vell.) Steud.","IRIDACEAE Sisyrinchium marchio (Vell.) Steud.","85564","x","CESJ","Inacio, C.D.","281","Native","2014","Inacio, C.D.",,"Bronze","Ouro",,,"Parque Nacional da Serra da Canastra, estrada principal"
"PARQUE NACIONAL SERRA DA CANASTRA","Angiosperms","Iridaceae","Sisyrinchium","minense","Ravenna","IRIDACEAE Sisyrinchium minense Ravenna","CESJ085565","splink","CESJ","Inacio, C.D.","282","Native","2014","Inacio, C.D.","0-0-0","Bronze","Ouro",,"São Roque de Minas","Parque Nacional da Serra da Canastra, estrada principal"
"PARQUE NACIONAL SERRA DA CANASTRA","Angiosperms","Iridaceae","Sisyrinchium","rectivalvatum","Ravenna","IRIDACEAE Sisyrinchium rectivalvatum Ravenna","ICN00043085","splink","ICN","Inacio, C.D.","285","Native","2014","Inacio, C.D.",,"Bronze","Ouro",,"São Roque de Minas","Parque Nacional da Serra da Canastra - próximo ao Curral de Pedras"
"PARQUE NACIONAL SERRA DA CANASTRA","Angiosperms","Iridaceae","Pseudotrimezia","speciosa","(Ravenna) Chukr","IRIDACEAE Pseudotrimezia speciosa (Ravenna) Chukr","ICN00043577","splink","ICN","Eggers, L.","928","Native","2014","Chukr, N.S.","2022","Bronze","Ouro",,"São Roque de Minas","Parque Nacional da Serra da Canastra, estrada interna, entre Curral das Pedras e nascente do R. São Francisco"
"PARQUE NACIONAL SERRA DA CANASTRA","Angiosperms","Iridaceae","Pseudotrimezia","truncata","(Ravenna) Lovo & A.Gil","IRIDACEAE Pseudotrimezia truncata (Ravenna) Lovo & A.Gil","ICN00043596","splink","ICN","Eggers, L.","927","Native","2014","Chukr, N.S.","2022","Bronze","Ouro",,"São Roque de Minas","Parque Nacional da Serra da Canastra, próx. à nascente do Rio São Francisco"
"PARQUE NACIONAL SERRA DA CANASTRA","Angiosperms","Metzgeriaceae","Metzgeria","furcata","(L.) Dumort.","METZGERIACEAE Metzgeria furcata (L.) Dumort.","UB0352867",,"UB","Peralta, D.F.","15411","Native","2014","Dantas, T.S.","2020","Bronze","Ouro",,"São Roque de Minas","Parque Nacional da Serra da Canastra."
"PARQUE NACIONAL SERRA DA CANASTRA","Angiosperms","Pteridaceae","Lytoneuron","lomariaceum","(Kunze ex Klotzsch) Yesilyurt","PTERIDACEAE Lytoneuron lomariaceum (Kunze ex Klotzsch) Yesilyurt","HUEFS0209876","splink","HUEFS","Melo, E.","12912","Native","2014","Dittrich, V.A.O.","2019","Bronze","Ouro",,,"Parque Nacional Serra da Canastra: nascente do rio São Francisco."
"PARQUE NACIONAL SERRA DA CANASTRA","Angiosperms","Anacardiaceae","Schinus","terebinthifolia","Raddi","ANACARDIACEAE Schinus terebinthifolia Raddi","MBM419213",,"MBM","Burckhardt, D.","141A","Native","2014","Motta, J.T.","2018","Bronze","Ouro",,"São Roque de Minas","Parque Nacional da Serra da Canastra, Cachoeira Casca d´Anta, around park entrance."
"PARQUE NACIONAL SERRA DA CANASTRA","Angiosperms","Myrtaceae","Eugenia","neoverrucosa","Sobral","MYRTACEAE Eugenia neoverrucosa Sobral","MBM419267","splink","MBM","Burckhardt, D.","141D","Native","2014","Motta, J.T.","2016","Bronze","Ouro",,"São Roque de Minas","Parque Nacional da Serra da Canastra, Cachoeira Casca d´ Anta."
"PARQUE NACIONAL SERRA DA CANASTRA","Angiosperms","Poaceae","Otachyrium","versicolor","(Döll) Henrard","POACEAE Otachyrium versicolor (Döll) Henrard","184961","splink","ICN","Fieker, C.Z.","40","Native","2014","Welker, C.A.D.","2016","Bronze","Ouro",,"São Roque de Minas","Parque Nacional da Serra da Canastra"
"PARQUE NACIONAL SERRA DA CANASTRA","Angiosperms","Brachytheciaceae","Zelometeorium","patens","(Hook.) Manuel","BRACHYTHECIACEAE Zelometeorium patens (Hook.) Manuel","UB1025626",,"UB","Peralta, D.F.","15436","Native","2014","Peralta, D.F.","2014","Bronze","Ouro",,"São Roque de Minas","Parque Nacional da Serra da Canastra, próximo a nascente do Rio São Francisco, campo rupestre e mata ciliar."
"PARQUE NACIONAL SERRA DA CANASTRA","Angiosperms","Dicranaceae","Campylopus","lamellinervis","(Müll.Hal.) Mitt.","DICRANACEAE Campylopus lamellinervis (Müll.Hal.) Mitt.","UB1266540",,"UB","Peralta, D.F.","15404","Native","2014","Carmo, D.M.","2014","Bronze","Ouro",,"São Roque de Minas","Parque Nacional da Serra da Canastra, próximo a nascente do Rio São Francisco, campo rupestre e mata ciliar."
"PARQUE NACIONAL SERRA DA CANASTRA","Angiosperms","Euphorbiaceae","Microstachys","hispida","(Mart. & Zucc.) F.Dietr.","EUPHORBIACEAE Microstachys hispida (Mart. & Zucc.) F.Dietr.","RB00880661","x","RB","Neves, D.M.","1344","Native","2014","Neves, D.M.","2014","Bronze","Ouro",,,"Parque Nacional da Serra da Canastra."
"PARQUE NACIONAL SERRA DA CANASTRA","Angiosperms","Lejeuneaceae","Cheilolejeunea","rigidula","(Nees ex Mont.) R.M. Schust.","LEJEUNEACEAE Cheilolejeunea rigidula (Nees ex Mont.) R.M. Schust.","UB1285771",,"UB","Peralta, D.F.","15659","Native","2014","Peralta, D.F.","2014","Bronze","Ouro",,"São Roque de Minas","Parque Nacional da Serra da Canastra, próximo a cachoeira Casca D´Anta, mata ciliar."
"PARQUE NACIONAL SERRA DA CANASTRA","Angiosperms","Metzgeriaceae","Metzgeria","dichotoma","(Sw.) Nees","METZGERIACEAE Metzgeria dichotoma (Sw.) Nees","UB0352865",,"UB","Peralta, D.F.","15627","Native","2014","Peralta, D.F.","2014","Bronze","Ouro",,"São Roque de Minas","Parque Nacional da Serra da Canastra, próximo a cachoeira Casca D´Anta."
"PARQUE NACIONAL SERRA DA CANASTRA","Angiosperms","Sematophyllaceae","Microcalpe","subsimplex","(Hedw.) W.R. Buck","SEMATOPHYLLACEAE Microcalpe subsimplex (Hedw.) W.R. Buck","UB1348208",,"UB","Peralta, D.F.","15649","Native","2014","Carmo, D.M.","2014","Bronze","Ouro",,"São Roque de Minas","Parque Nacional da Serra da Canastra, próximo a cachoeira Casca D´Anta, mata ciliar."
"PARQUE NACIONAL SERRA DA CANASTRA","Angiosperms","Asteraceae","Aldama","filifolia","(Sch.Bip. ex Baker) E.E.Schill. & Panero","ASTERACEAE Aldama filifolia (Sch.Bip. ex Baker) E.E.Schill. & Panero","RB01307228","x","RB","Borges, L.M.","1033","Native","2013","Morales, D.",,"Bronze","Ouro",,,"Parque Nacional da Serra da Canastra. Estrada para cachoeira Casca d´Anta, a partir da portaria 1 do parque; ca. 5 km da portaria, próximo a nascente do rio São Francisco."
"PARQUE NACIONAL SERRA DA CANASTRA","Angiosperms","Batrachospermaceae","Paludicola","periploca","(Skuja) Necchi & M.L.Vis","BATRACHOSPERMACEAE Paludicola periploca (Skuja) Necchi & M.L.Vis","32587","splink","SJRP-ALGAE","Paiano, M.O.",,"Native","2013","Jr, O.N.",,"Bronze","Ouro",,"São Roque de Minas","Parque Nacional da Serra da Canastra"
"PARQUE NACIONAL SERRA DA CANASTRA","Angiosperms","Sematophyllaceae","Sematophyllum","oedophysidium","W.R.Buck","SEMATOPHYLLACEAE Sematophyllum oedophysidium W.R.Buck","UB0352874",,"UB","Carmo, D.M.","855","Native","2013","Oliveira, D.S.","2024","Bronze","Ouro",,"São Roque de Minas","Parque Nacional da Serra da Canastra, alto da Casca d´anta."
"PARQUE NACIONAL SERRA DA CANASTRA","Angiosperms","Poaceae","Agenium","leptocladum","(Hack.) Clayton","POACEAE Agenium leptocladum (Hack.) Clayton","184972","x","ICN","Fieker, C.Z.","13","Native","2013","Costa, M.I.A.","2020","Bronze","Ouro",,,"Parque Nacional da Serra da Canastra"
"PARQUE NACIONAL SERRA DA CANASTRA","Angiosperms","Melastomataceae","Pleroma","canescens","(D.Don) P.J.F.Guim. & Michelang.","MELASTOMATACEAE Pleroma canescens (D.Don) P.J.F.Guim. & Michelang.","RB00854012","x","RB","Neves, D.M.","1315","Native","2013","Freitas, A.L.","2016","Bronze","Ouro",,,"Parque Nacional da Serra da Canastra."
"PARQUE NACIONAL SERRA DA CANASTRA","Angiosperms","Poaceae","Aristida","flaccida","Trin. & Rupr.","POACEAE Aristida flaccida Trin. & Rupr.","184954","splink","ICN","Fieker, C.Z.","37","Native","2013","Welker, C.A.D.","2016","Bronze","Ouro",,"São Roque de Minas","Parque Nacional da Serra da Canastra"
"PARQUE NACIONAL SERRA DA CANASTRA","Angiosperms","Poaceae","Eragrostis","perennis","Döll","POACEAE Eragrostis perennis Döll","184952","x","ICN","Fieker, C.Z.","27","Native","2013","Welker, C.A.D.","2016","Bronze","Ouro",,,"Parque Nacional da Serra da Canastra"
"PARQUE NACIONAL SERRA DA CANASTRA","Angiosperms","Poaceae","Setaria","parviflora","(Poir.) Kerguélen","POACEAE Setaria parviflora (Poir.) Kerguélen","184947","splink","ICN","Fieker, C.Z.","3","Native","2013","Welker, C.A.D.","2016","Bronze","Ouro",,"São Roque de Minas","Parque Nacional da Serra da Canastra"
"PARQUE NACIONAL SERRA DA CANASTRA","Angiosperms","Poaceae","Trachypogon","spicatus","(L.f.) Kuntze","POACEAE Trachypogon spicatus (L.f.) Kuntze","184946","splink","ICN","Fieker, C.Z.","14","Native","2013","Welker, C.A.D.","2016","Bronze","Ouro",,"São Roque de Minas","Parque Nacional da Serra da Canastra"
"PARQUE NACIONAL SERRA DA CANASTRA","Angiosperms","Leucobryaceae","Leucobryum","clavatum","Hampe","LEUCOBRYACEAE Leucobryum clavatum Hampe","NY02749352","splink","NY","Carmo, D.M.","904","Native","2013","Carmo, D.M.","2014","Bronze","Ouro",,"São Roque de Minas","Parque Nacional da Serra da Canastra, cachoeira Rasga Canga"
"PARQUE NACIONAL SERRA DA CANASTRA","Angiosperms","Leucobryaceae","Leucobryum","crispum","Müll. Hal.","LEUCOBRYACEAE Leucobryum crispum Müll. Hal.","NY02749359","splink","NY","Carmo, D.M.","840","Native","2013","Carmo, D.M.","2014","Bronze","Ouro",,"São Roque de Minas","Parque Nacional da Serra da Canastra, alto da Casca d'Anta"
"PARQUE NACIONAL SERRA DA CANASTRA","Angiosperms","Sematophyllaceae","Jirivanaea","galipensis","(Müll. Hal.) U.B.Deshmukh & Rathor","SEMATOPHYLLACEAE Jirivanaea galipensis (Müll. Hal.) U.B.Deshmukh & Rathor","UB1093585","splink","UB","Peralta, D.F.","15121","Native","2013","Camara, P.E.A.S.","2014","Bronze","Ouro",,"São Roque de Minas","Parque Nacional da Serra da Canastra, Cachoeira Casca d´Anta, Parte Baixa."
"PARQUE NACIONAL SERRA DA CANASTRA","Angiosperms","Sphagnaceae","Sphagnum","divisum","H.A.Crum","SPHAGNACEAE Sphagnum divisum H.A.Crum","NY02746578","splink","NY","Peralta, D.F.","15124","Native","2013","Carmo, D.M.","2014","Bronze","Ouro",,"São Roque de Minas","Parque Nacional da Serra da Canastra, Cachoeira Casca d'Anta, Parte Baixa."
"PARQUE NACIONAL SERRA DA CANASTRA","Angiosperms","Sphagnaceae","Sphagnum","subsecundum","Nees","SPHAGNACEAE Sphagnum subsecundum Nees","101103815","x","MO","Peralta, D.F.","15125","Native","2013","Carmo","2014","Bronze","Ouro",,,"Parque Nacional da Serra da Canastra, Cachoeira Casca d'Anta, Parte Baixa, afloramentos rochosos e margem de riacho."
"PARQUE NACIONAL SERRA DA CANASTRA","Angiosperms","Araliaceae","Didymopanax","morototoni","(Aubl.) Decne. & Planch.","ARALIACEAE Didymopanax morototoni (Aubl.) Decne. & Planch.","RB00854023","x","RB","Neves, D.M.","1320","Native","2013","Neves, D.M.","2013","Bronze","Ouro",,,"Parque Nacional da Serra da Canastra."
"PARQUE NACIONAL SERRA DA CANASTRA","Angiosperms","Vochysiaceae","Callisthene","minor","Mart.","VOCHYSIACEAE Callisthene minor Mart.","RB00880662","x","RB","Neves, D.M.","1345","Native","2013","Neves, D.M.","2013","Bronze","Ouro",,,"Parque Nacional da Serra da Canastra."
"PARQUE NACIONAL SERRA DA CANASTRA","Angiosperms","Podostemaceae","Apinagia","riedelii","(Bong.) Tul.","PODOSTEMACEAE Apinagia riedelii (Bong.) Tul.","R010093202","x","R","Bove, C.P.","2306","Native","2012","Philbrick, C.T.",,"Bronze","Ouro",,,"Rio São Francisco, outside of Parque Nacional da Serra Canastra, town of Vargem Bonita."
"PARQUE NACIONAL SERRA DA CANASTRA",,"Melastomataceae","Microlicia","fastigiata","(Naudin) Versiane & R.Romero","MELASTOMATACEAE Microlicia fastigiata (Naudin) Versiane & R.Romero","RB01394387","x","RB","Rocha, M.J.R.","628",,"2012","Nunes, D.","2022","Bronze","Ouro",,,"Parque Nacional Serra da Canastra. Trilha Cachoeira Rolinhos"
"PARQUE NACIONAL SERRA DA CANASTRA","Angiosperms","Eriocaulaceae","Paepalanthus","melaleucus","(Bong.) Kunth","ERIOCAULACEAE Paepalanthus melaleucus (Bong.) Kunth","SPF00230393","splink","SPF","Delfini-Feliciano, C.","510","Native","2012","Sauthier, L.J.","2018","Bronze","Ouro",,"São Roque de Minas","Parque Nacional da Serra da Canastra"
"PARQUE NACIONAL SERRA DA CANASTRA","Angiosperms","Gentianaceae","Curtia",,"Cham. & Schltdl.","GENTIANACEAE Curtia Cham. & Schltdl.","RB01224867","x","RB","Delfini, C.","518","Native","2012","Melo, A.","2018","Bronze","Ouro",,,"Parque Nacional da Serra da Canastra, proximidades da parte alta da cachoeira Casca D´Anta"
"PARQUE NACIONAL SERRA DA CANASTRA","Angiosperms","Poaceae","Axonopus","fissifolius","(Raddi) Kuhlm.","POACEAE Axonopus fissifolius (Raddi) Kuhlm.","184949","splink","ICN","Fieker, C.Z.","2","Native","2012","Welker, C.A.D.","2016","Bronze","Ouro",,"São Roque de Minas","Parque Nacional da Serra da Canastra"
"PARQUE NACIONAL SERRA DA CANASTRA","Angiosperms","Dicranaceae","Campylopus","savannarum","(Müll.Hal.) Mitt.","DICRANACEAE Campylopus savannarum (Müll.Hal.) Mitt.","207492","splink","ICN","Carmo, D.M.","393","Native","2012","Carmo, D.M.","2014","Bronze","Ouro",,"São Roque de Minas","Parque Nacional da Serra da Canastra"
"PARQUE NACIONAL SERRA DA CANASTRA","Angiosperms","Dicranaceae","Dicranella","hilariana","(Mont.) Mitt.","DICRANACEAE Dicranella hilariana (Mont.) Mitt.","207479","splink","ICN","Carmo, D.M.","468","Native","2012","Carmo, D.M.","2014","Bronze","Ouro",,"São Roque de Minas","Parque Nacional da Serra da Canastra, trilha da Casca D'Anta"
"PARQUE NACIONAL SERRA DA CANASTRA","Angiosperms","Entodontaceae","Erythrodontium","longisetum","(Hook.) Paris","ENTODONTACEAE Erythrodontium longisetum (Hook.) Paris","207480","splink","ICN","Carmo, D.M.","505","Native","2012","Carmo, D.M.","2014","Bronze","Ouro",,"São Roque de Minas","Parque Nacional da Serra da Canastra, próximo ao alojamento"
"PARQUE NACIONAL SERRA DA CANASTRA","Angiosperms","Racopilaceae","Racopilum","tomentosum","(Hedw.) Brid.","RACOPILACEAE Racopilum tomentosum (Hedw.) Brid.","207495","x","ICN","Carmo, D.M.","417","Native","2012","Carmo, D.M.","2014","Bronze","Ouro",,,"Parque Nacional da Serra da Canastra, nascente do Rio São Francisco"
"PARQUE NACIONAL SERRA DA CANASTRA","Angiosperms","Sphagnaceae","Sphagnum","aciphyllum","Müll. Hal.","SPHAGNACEAE Sphagnum aciphyllum Müll. Hal.","207496","splink","ICN","Carmo, D.M.","423","Native","2012","Carmo, D.M.","2014","Bronze","Ouro",,"São Roque de Minas","Parque Nacional da Serra da Canastra, 800m da portaria da entrada do Parque"
"PARQUE NACIONAL SERRA DA CANASTRA","Angiosperms","Sphagnaceae","Sphagnum","pseudoramulinum","H.A.Crum","SPHAGNACEAE Sphagnum pseudoramulinum H.A.Crum","207498","splink","ICN","Carmo, D.M.","441","Native","2012","Carmo, D.M.","2014","Bronze","Ouro",,"São Roque de Minas","Parque Nacional da Serra da Canastra, trilha da Casca D'Anta"
"PARQUE NACIONAL SERRA DA CANASTRA","Angiosperms","Bryaceae","Bryum","argenteum","Hedw.","BRYACEAE Bryum argenteum Hedw.","207490","splink","ICN","Carmo, D.M.","334",,"2012","Carmo, D.M.","2013","Bronze","Ouro",,"São Roque de Minas","Parque Nacional da Serra da Canastra, garagem das pedras, ladeira do fundão"
"PARQUE NACIONAL SERRA DA CANASTRA",,"Dicranellaceae","Dicranella","longirostris","(Schwägr.) Mitt.","DICRANELLACEAE Dicranella longirostris (Schwägr.) Mitt.","207491","x","ICN","Carmo, D.M.","350",,"2012","Carmo, D.M.","2013","Bronze","Ouro",,,"Parque Nacional da Serra da Canastra, garagem das pedras, ladeira do fundão"
"PARQUE NACIONAL SERRA DA CANASTRA","Angiosperms","Anemiaceae","Anemia",,"Sw.","ANEMIACEAE Anemia Sw.","RSPF00015269","splink","RSPF","Buzatto, C.R.","799","Native","2012","Buzatto, C.R.","2012","Bronze","Ouro",,"São Roque de Minas","Serra da Canastra. Parque Nacional da Serra da Canastra"
"PARQUE NACIONAL SERRA DA CANASTRA","Angiosperms","Bignoniaceae","Jacaranda","ulei","Bureau & K.Schum.","BIGNONIACEAE Jacaranda ulei Bureau & K.Schum.","RSPF00015284","splink","RSPF","Buzatto, C.R.","798","Native","2012","Singer, R.B.","2012","Bronze","Ouro",,"São Roque de Minas","Serra da Canastra, Chapadão Diamante. Parque Nacional da Serra da Canastra"
"PARQUE NACIONAL SERRA DA CANASTRA","Angiosperms","Campanulaceae",,,"A.Juss.","CAMPANULACEAE Campanulaceae A.Juss.","RSPF00015287","splink","RSPF","Buzatto, C.R.","789","Native","2012","Buzatto, C.R.","2012","Bronze","Ouro",,"São Roque de Minas","Serra da Canastra, Rio Rolinho. Parque Nacional da Serra da Canastra"
"PARQUE NACIONAL SERRA DA CANASTRA","Angiosperms","Fabaceae","Calliandra","macrocalyx","Barneby","FABACEAE Calliandra macrocalyx var. aucta Barneby","RSPF00015294","splink","RSPF","Buzatto, C.R.","785","Native","2012","Souza, E.R.","2012","Bronze","Ouro",,"São Roque de Minas","Serra da Canastra, Curral de Pedra. Parque Nacional da Serra da Canastra"
"PARQUE NACIONAL SERRA DA CANASTRA","Angiosperms","Hymenophyllaceae","Trichomanes","vittaria","DC. ex Poir.","HYMENOPHYLLACEAE Trichomanes vittaria DC. ex Poir.","RSPF00015008","splink","RSPF","Buzatto, C.R.","767","Native","2012","Nervo, M.H.","2012","Bronze","Ouro",,"São Roque de Minas","Serra da Canastra. Parque Nacional da Serra da Canastra"
"PARQUE NACIONAL SERRA DA CANASTRA","Angiosperms","Lindsaeaceae","Lindsaea",,"Pic.Serm.","LINDSAEACEAE Lindsaea Pic.Serm.","RSPF00015283","splink","RSPF","Buzatto, C.R.","796","Native","2012","Buzatto, C.R.","2012","Bronze","Ouro",,"São Roque de Minas","Serra da Canastra, Chapadão Diamante. Parque Nacional da Serra da Canastra"
"PARQUE NACIONAL SERRA DA CANASTRA","Angiosperms","Malvaceae",,,"Juss.","MALVACEAE Malvaceae Juss.","RSPF00015270","splink","RSPF","Buzatto, C.R.","808","Native","2012","Buzatto, C.R.","2012","Bronze","Ouro",,,"Serra da Canastra. Parque Nacional da Serra da Canastra"
"PARQUE NACIONAL SERRA DA CANASTRA","Angiosperms","Orchidaceae","Bulbophyllum",,"Thouars","ORCHIDACEAE Bulbophyllum Thouars","RSPF00015289","splink","RSPF","Buzatto, C.R.","793","Native","2012","Buzatto, C.R.","2012","Bronze","Ouro",,"São Roque de Minas","Serra da Canastra, Nascente do Rio São Francisco. Parque Nacional da Serra da Canastra"
"PARQUE NACIONAL SERRA DA CANASTRA","Angiosperms","Orchidaceae","Epidendrum",,"L.","ORCHIDACEAE Epidendrum L.","RSPF00015288","splink","RSPF","Buzatto, C.R.","788","Native","2012","Buzatto, C.R.","2012","Bronze","Ouro",,"São Roque de Minas","Serra da Canastra, Rio Rolinho. Parque Nacional da Serra da Canastra"
"PARQUE NACIONAL SERRA DA CANASTRA","Angiosperms","Orchidaceae","Pachygenium","laminatum","(Schltr.) Szlach. et al.","ORCHIDACEAE Pachygenium laminatum (Schltr.) Szlach. et al.","RSPF00015285","splink","RSPF","Buzatto, C.R.","801","Native","2012","Buzatto, C.R.","2012","Bronze","Ouro",,"São Roque de Minas","Serra da Canastra, Curral de Pedra. Parque Nacional da Serra da Canastra"
"PARQUE NACIONAL SERRA DA CANASTRA","Angiosperms","Pteridaceae","Doryopteris",,"J. Sm.","PTERIDACEAE Doryopteris J. Sm.","RSPF00015273","splink","RSPF","Buzatto, C.R.","794","Native","2012","Buzatto, C.R.","2012","Bronze","Ouro",,"São Roque de Minas","Serra da Canastra, Nascente do Rio São Francisco. Parque Nacional da Serra da Canastra"
"PARQUE NACIONAL SERRA DA CANASTRA","Angiosperms","Pteridaceae","Pteris",,"L.","PTERIDACEAE Pteris L.","RSPF00015279","splink","RSPF","Buzatto, C.R.","797","Native","2012","Buzatto, C.R.","2012","Bronze","Ouro",,"São Roque de Minas","Serra da Canastra, Chapadão Diamante. Parque Nacional da Serra da Canastra"
"PARQUE NACIONAL SERRA DA CANASTRA","Angiosperms","Batrachospermaceae","Paludicola","orthosticha","(Skuja) Necchi & M.L.Vis","BATRACHOSPERMACEAE Paludicola orthosticha (Skuja) Necchi & M.L.Vis","32594","splink","SJRP-ALGAE","Necchi Junior, O.",,"Native","2010","Necchi Junior, O.",,"Bronze","Ouro",,"São Roque de Minas","Parque Nacional da Serra da Canastra, 29 km da entrada do Parque"
"PARQUE NACIONAL SERRA DA CANASTRA","Ferns and Lycophytes","Batrachospermaceae","Paludicola","turfosiformis","Necchi & M.L.Vis","BATRACHOSPERMACEAE Paludicola turfosiformis Necchi & M.L.Vis","32591","splink","SJRP-ALGAE","Necchi Junior, O.",,"Native","2010","Necchi Junior, O.",,"Bronze","Ouro",,"São Roque de Minas","Parque Nacional da Serra da Canastra, Córrego do Passageiro"
"PARQUE NACIONAL SERRA DA CANASTRA","Angiosperms","Poaceae","Schizachyrium",,"Nees","POACEAE Schizachyrium Nees","FLOR0063782","x","FLOR","Silva, R.R.","1042","Native","2010","Zannin, A.",,"Bronze","Ouro",,,"Local: Parque Nacional da Serra da Canastra. Estrada que dá acesso a Cachoeira do Rolinho."
"PARQUE NACIONAL SERRA DA CANASTRA","Angiosperms","Asteraceae","Calea","gardneriana","Baker","ASTERACEAE Calea gardneriana Baker","RB01211114","x","RB","Romao, G.O.","2659","Native","2010","Bueno, V.R.","2025","Bronze","Ouro",,,"Parque Nacional da Serra da Canastra. Estrada para Sacramento, redondeza da nascente do Rio São Francisco"
"PARQUE NACIONAL SERRA DA CANASTRA","Angiosperms","Poaceae","Paspalum","eucomum","Nees ex Trin.","POACEAE Paspalum eucomum Nees ex Trin.","IBGE00076438","splink","IBGE","Silva, R.R.","1051","Native","2010","Fonseca, M.L.","2023","Bronze","Ouro",,"São Roque de Minas","Parque Nacional da Serra da Canastra. Próximo ao Retiro das Pedras. Parque Nacional da Serra da Canastra."
"PARQUE NACIONAL SERRA DA CANASTRA","Angiosperms","Poaceae","Setaria","paucifolia","(Morong) Lindm.","POACEAE Setaria paucifolia (Morong) Lindm.","IBGE00076441","splink","IBGE","Silva, R.R.","1055","Native","2010","Fonseca, M.L.","2023","Bronze","Ouro",,"São Roque de Minas","Parque Nacional da Serra da Canastra. Próximo ao Retiro de Pedras. Parque Nacional da Serra da Canastra"
"PARQUE NACIONAL SERRA DA CANASTRA","Angiosperms","Poaceae","Sorghastrum","setosum","(Griseb.) Hitchc.","POACEAE Sorghastrum setosum (Griseb.) Hitchc.","IBGE00076437","splink","IBGE","Silva, R.R.","1050","Native","2010","Fonseca, M.L.","2023","Bronze","Ouro",,"São Roque de Minas","Parque Nacional da Serra da Canastra. Próximo ao Retiro de Pedras. Parque Nacional da Serra da Canastra."
"PARQUE NACIONAL SERRA DA CANASTRA","Angiosperms","Acanthaceae","Ruellia","multifolia","(Nees) Lindau","ACANTHACEAE Ruellia multifolia (Nees) Lindau","472570","x","SP","Kirizawa, M.","3698","Native","2010","Fernandes, U.G.","2018","Bronze","Ouro",,,"Parque Nacional da Serra da Canastra, Serra da Babilônia, trilha para a Cachoeira Casca d'Anta"
"PARQUE NACIONAL SERRA DA CANASTRA","Angiosperms","Amaryllidaceae","Zephyranthes",,"Herb.","AMARYLLIDACEAE Zephyranthes Herb.","RB00856897","x","RB","Silva, R.R.","1136","Native","2010","Buneker, H.M.","2017","Bronze","Ouro",,,"Parque Nacional da Serra da Canastra. Próximo a Garagem de Pedras. Folha SF-23-V-B. Parque Nacional da Serra da Canastra"
"PARQUE NACIONAL SERRA DA CANASTRA","Angiosperms","Poaceae","Paspalum","scalare","Trin.","POACEAE Paspalum scalare Trin.","IBGE00076475","splink","IBGE","Silva, R.R.","1093","Native","2010","Moura, C.O.","2017","Bronze","Ouro",,"São Roque de Minas","Parque Nacional da Serra da Canastra. Parque Nacional da Serra da Canastra."
"PARQUE NACIONAL SERRA DA CANASTRA","Angiosperms","Osmundaceae","Osmundastrum","cinnamomeum","(L.) C.Presl","OSMUNDACEAE Osmundastrum cinnamomeum (L.) C.Presl","CESJ067598","splink","CESJ","Romao, G.O.","2684","Native","2010","Dittrich, V.A.O.","2016","Bronze","Ouro",,"São Roque de Minas","Parque Nacional Serra da Canastra., estrada para Sacramento, redondeza da nascente do Rio São Francisco."
"PARQUE NACIONAL SERRA DA CANASTRA","Angiosperms","Poaceae","Eragrostis","secundiflora","J.Presl","POACEAE Eragrostis secundiflora J.Presl","IBGE00076452","splink","IBGE","Silva, R.R.","1067","Native","2010","Fonseca, M.L.","2013","Bronze","Ouro",,"São Roque de Minas","Parque Nacional da Serra da Canastra. Folha: SF-23-V-A. Parque Nacional da Serra da Canastra"
"PARQUE NACIONAL SERRA DA CANASTRA","Bryophytes","Poaceae","Panicum","peladoense","Henrard","POACEAE Panicum peladoense Henrard","IBGE00076464","splink","IBGE","Silva, R.R.","1079","Native","2010","Fonseca, M.L.","2013","Bronze","Ouro",,"São Roque de Minas","Parque Nacional da Serra da Canastra."
"PARQUE NACIONAL SERRA DA CANASTRA","Angiosperms","Poaceae","Paspalum","ammodes","Trin.","POACEAE Paspalum ammodes Trin.","IBGE00076508","splink","IBGE","Silva, R.R.","1128","Native","2010","Fonseca, M.L.","2013","Bronze","Ouro",,"São Roque de Minas","Parque Nacional da Serra da Canastra. Folha: SF-23-V-B. Parque Nacional da Serra da Canastra"
"PARQUE NACIONAL SERRA DA CANASTRA","Angiosperms","Poaceae","Paspalum","crispulum","Swallen","POACEAE Paspalum crispulum Swallen","IBGE00076460","splink","IBGE","Silva, R.R.","1075","Native","2010","Fonseca, M.L.","2013","Bronze","Ouro",,"São Roque de Minas","Parque Nacional da Serra da Canastra. Parque Nacional da Serra da Canastra."
"PARQUE NACIONAL SERRA DA CANASTRA","Angiosperms","Poaceae","Andropogon","selloanus","(Hack.) Hack.","POACEAE Andropogon selloanus (Hack.) Hack.","IBGE00076478","splink","IBGE","Silva, R.R.","1098","Native","2010","Silva, R.R.","2011","Bronze","Ouro",,"São Roque de Minas","Parque Nacional da Serra da Canastra. Folha Cartográfica SF-23-V-B. Parque Nacional da Serra da Canastra"
"PARQUE NACIONAL SERRA DA CANASTRA","Angiosperms","Poaceae","Aristida","brasiliensis","Longhi-Wagner","POACEAE Aristida brasiliensis Longhi-Wagner","IBGE00076463","splink","IBGE","Silva, R.R.","1078","Native","2010","Silva, R.R.","2011","Bronze","Ouro",,"São Roque de Minas","Parque Nacional da Serra da Canastra."
"PARQUE NACIONAL SERRA DA CANASTRA","Angiosperms","Poaceae","Axonopus","pressus","(Nees ex Steud.) Parodi","POACEAE Axonopus pressus (Nees ex Steud.) Parodi","IBGE00076411","splink","IBGE","Silva, R.R.","1024","Native","2010","Silva, R.R.","2011","Bronze","Ouro",,"São Roque de Minas","Parque Nacional da Serra da Canastra. Morro do Mirante. Folha: SF-23-V-B. Parque Nacional da Serra da Canastra"
"PARQUE NACIONAL SERRA DA CANASTRA","Angiosperms","Poaceae","Ctenium","cirrosum","(Nees) Kunth","POACEAE Ctenium cirrosum (Nees) Kunth","IBGE00076449","splink","IBGE","Silva, R.R.","1064","Native","2010","Silva, R.R.","2011","Bronze","Ouro",,"São Roque de Minas","Parque Nacional da Serra da Canastra. Borda da estrada que dá acesso ao Refúgio de Pedras. Folha: SF-23-V-A. Parque Nacional da Serra da Canastra"
"PARQUE NACIONAL SERRA DA CANASTRA","Angiosperms","Poaceae","Eriochrysis","warmingiana","(Hack.) Kuhlm.","POACEAE Eriochrysis warmingiana (Hack.) Kuhlm.","IBGE00076514","splink","IBGE","Silva, R.R.","1134","Native","2010","Silva, R.R.","2011","Bronze","Ouro",,"São Roque de Minas","Parque Nacional da Serra da Canastra. Folha: SF-23-V-B. Parque Nacional da Serra da Canastra"
"PARQUE NACIONAL SERRA DA CANASTRA","Angiosperms","Poaceae","Sporobolus","ciliatus","J.Presl","POACEAE Sporobolus ciliatus J.Presl","IBGE00076409","splink","IBGE","Silva, R.R.","1022","Native","2010","Silva, R.R.","2011","Bronze","Ouro",,"São Roque de Minas","Parque Nacional da Serra da Canastra. Cachoeira dos Rolinhos. Parque Nacional da Serra da Canastra"
"PARQUE NACIONAL SERRA DA CANASTRA","Angiosperms","Poaceae","Sporobolus","metallicolus","Longhi-Wagner & Boechat","POACEAE Sporobolus metallicolus Longhi-Wagner & Boechat","IBGE00076425","splink","IBGE","Silva, R.R.","1038","Native","2010","Silva, R.R.","2011","Bronze","Ouro",,"São Roque de Minas","Parque Nacional da Serra da Canastra. Garagem de Pedra. Folha Cartográfica SF-23-V-A. Parque Nacional da Serra da Canastra."
"PARQUE NACIONAL SERRA DA CANASTRA","Angiosperms","Apocynaceae","Mandevilla","coccinea","(Hook. & Arn.) Woodson","APOCYNACEAE Mandevilla coccinea (Hook. & Arn.) Woodson","JABU00000299",,"JABU","Gasparino, E.C.","39","Native","2009","Chiquitelli, M.G.",,"Bronze","Ouro",,,"Parque Nacional da Serra da Canastra, antes da nascente do Rio São Francisco."
"PARQUE NACIONAL SERRA DA CANASTRA","Angiosperms","Malvaceae","Sida",,"L.","MALVACEAE Sida L.","JABU00000975",,"JABU","Morais, M.R.","04","Native","2009","Morais, M.R.",,"Bronze","Ouro",,,"Parque Nacional da Serra da Canastra. Trilha próxima à cachoeira Casca D´Anta."
"PARQUE NACIONAL SERRA DA CANASTRA",,"Rubiaceae","Borreria","verticillata","(L.) G.Mey.","RUBIACEAE Borreria verticillata (L.) G.Mey.","JABU00001156",,"JABU","Morotti, N.P.","02",,"2009","Silveira, M.F.",,"Bronze","Ouro",,,"Parque Nacional da Serra da Canastra."
"PARQUE NACIONAL SERRA DA CANASTRA","Angiosperms","Rubiaceae","Psychotria","hastisepala","Müll.Arg.","RUBIACEAE Psychotria hastisepala Müll.Arg.","JABU00001215",,"JABU","Morais, M.R.","06","Native","2009","Silveira, M.F.",,"Bronze","Ouro",,,"Parque Nacional da Serra da Canastra. Trilha próxima à Cachoeira Casca D´Anta."
"PARQUE NACIONAL SERRA DA CANASTRA","Angiosperms","Loranthaceae","Struthanthus","marginatus","(Desr.) G.Don","LORANTHACEAE Struthanthus marginatus (Desr.) G.Don","JABU00001326",,"JABU","Borzi, M.M.","04","Native","2009","Pacifico, R.","2025","Bronze","Ouro",,"São Roque de Minas","Portaria 2, trilha para a Cascata D´Anta, Parque Nacional da Serra da Canastra."
"PARQUE NACIONAL SERRA DA CANASTRA","Angiosperms","Solanaceae","Solanum","viarum","Dunal","SOLANACEAE Solanum viarum Dunal","JABU00001276",,"JABU","Mazzarelli, C.C.M.","01","Native","2009","Pacifico, R.","2025","Bronze","Ouro",,"São Roque de Minas","Parque Nacional da Serra da Canastra. Próximo à Portaria I."
"PARQUE NACIONAL SERRA DA CANASTRA","Angiosperms","Rubiaceae","Hexasepalum","teres","(Walter) J.H.Kirkbr.","RUBIACEAE Hexasepalum teres (Walter) J.H.Kirkbr.","UEC104625","splink","UEC","Silveira, M.F.","162","Native","2009","Nepomuceno, F.A.A.","2017","Bronze","Ouro",,"São Roque de Minas","Parque nacional Serra da Canastra, portaria de Sacramento."
"PARQUE NACIONAL SERRA DA CANASTRA","Angiosperms","Euphorbiaceae","Microstachys","glandulosa","(Mart.) F.Dietr.","EUPHORBIACEAE Microstachys glandulosa (Mart.) F.Dietr.","UEC005731","splink","UEC","Silva, J.S.","800","Native","2009","Pscheidth, A.C.","2013","Bronze","Ouro",,,"Serra da Canastra, Parque Nacional da Serra da Canastra, trilha para a cachoeira."
"PARQUE NACIONAL SERRA DA CANASTRA","Angiosperms","Asteraceae","Strophopappus",,"DC.","ASTERACEAE Strophopappus DC.","JABU00000524",,"JABU","Fiorillo, B.F.","01","Native","2009","Fiorillo, B.F.","2009","Bronze","Ouro",,"São Roque de Minas","Parque Nacional da Serra da Canastra, mirante antes da entrada do Parque."
"PARQUE NACIONAL SERRA DA CANASTRA","Angiosperms","Cyperaceae","Bulbostylis","amambayensis","Barros","CYPERACEAE Bulbostylis amambayensis Barros","51624","x","UFP","Coan, A.I.","85",,"2008","Coan, A.I.",,"Bronze","Ouro",,,"Parque Nacional da Serra da Canastra, ca. 1 km após a Portaria 1."
"PARQUE NACIONAL SERRA DA CANASTRA","Angiosperms","Juncaceae","Juncus","microcephalus","Kunth","JUNCACEAE Juncus microcephalus Kunth","51626","x","UFP","Coan, A.I.","92","Native","2008","Coan, A.I.",,"Bronze","Ouro",,,"Parque Nacional da Serra da Canastra"
"PARQUE NACIONAL SERRA DA CANASTRA","Angiosperms","Cyperaceae","Rhynchospora","riparia","(Nees) Boeckeler","CYPERACEAE Rhynchospora riparia (Nees) Boeckeler","HRCB049683","splink","HRCB","Coan, A.I.","93","Native","2008","Alves, M.","2013","Bronze","Ouro",,"São Roque de Minas","Parque Nacional da Serra da Canastra Próximo à nascente do rio São Franscisco"
"PARQUE NACIONAL SERRA DA CANASTRA","Angiosperms","Eriocaulaceae","Paepalanthus","cylindraceus","Silveira","ERIOCAULACEAE Paepalanthus cylindraceus Silveira","HRCB052873","splink","HRCB","Scatena, V.L.","391","Native","2008","Trovo, M.L.O.","2012","Bronze","Ouro",,"São Roque de Minas","Parque Nacional da Serra da Canastra Ca. 1 km após Portaria 1"
"PARQUE NACIONAL SERRA DA CANASTRA","Angiosperms","Asteraceae","Melampodium","paniculatum","Gardner","ASTERACEAE Melampodium paniculatum Gardner","JABU00000516",,"JABU","Martins, C.C.","558","Native","2008","Martins, C.C.","2008","Bronze","Ouro",,"São Roque de Minas","Parque Nacional da Serra da Canastra."
"PARQUE NACIONAL SERRA DA CANASTRA","Angiosperms","Xyridaceae","Xyris","macrocephala","Vahl","XYRIDACEAE Xyris macrocephala Vahl","JABU00001317",,"JABU","Leite, J.N.F.",,"Native","2008","Leite, J.N.F.","2008","Bronze","Ouro",,"São Roque de Minas","Parque Nacional da Serra da Canastra, nascente do Rio São Francisco."
"PARQUE NACIONAL SERRA DA CANASTRA","Angiosperms","Anemiaceae","Anemia","lanuginosa","Bong. ex J.W.Sturm","ANEMIACEAE Anemia lanuginosa Bong. ex J.W.Sturm","104515","x","BHCB","Salino, A.","11646","Native","2007","Salino, A.",,"Bronze","Ouro",,,"Parque Nacional da Serra da Canastra"
"PARQUE NACIONAL SERRA DA CANASTRA","Angiosperms","Anemiaceae","Anemia","phyllitidis","(L.) Sw.","ANEMIACEAE Anemia phyllitidis (L.) Sw.","104483","x","BHCB","Salino, A.","11614","Native","2007","Salino, A.",,"Bronze","Ouro",,,"Parque Nacional da Serra da Canastra, Capão forro, Cachoeira da mata. Área de Cerrado com Floresta Estacional Semidecidual chegando às margens do rio e Mata de Galeria"
"PARQUE NACIONAL SERRA DA CANASTRA","Angiosperms","Anemiaceae","Anemia","raddiana","Link","ANEMIACEAE Anemia raddiana Link","104519","x","BHCB","Salino, A.","11650","Native","2007","Salino, A.",,"Bronze","Ouro",,,"Parque Nacional da Serra da Canastra, Capão de Mata do Retiro de Pedras."
"PARQUE NACIONAL SERRA DA CANASTRA","Angiosperms","Aspleniaceae","Asplenium","auritum","Sw.","ASPLENIACEAE Asplenium auritum Sw.","104537","x","BHCB","Salino, A.","11668","Native","2007","Salino, A.",,"Bronze","Ouro",,,"PARNA Serra da Canastra"
"PARQUE NACIONAL SERRA DA CANASTRA","Angiosperms","Aspleniaceae","Asplenium","formosum","Willd.","ASPLENIACEAE Asplenium formosum Willd.","104445","x","BHCB","Salino, A.","11576","Native","2007","Salino, A.",,"Bronze","Ouro",,,"Parque Nacional da Serra da Canastra, Capão Forro, Cachoeira da Mata. Área de Cerrado com Floresta Estacional Semidecidual, chegando às margens do rio e Mata de Galeria."
"PARQUE NACIONAL SERRA DA CANASTRA","Angiosperms","Aspleniaceae","Asplenium","praemorsum","Sw.","ASPLENIACEAE Asplenium praemorsum Sw.","104453","x","BHCB","Salino, A.","11584","Native","2007","Matos, F.B.",,"Bronze","Ouro",,,"Parque Nacional da Serra da Canastra, Capão Forro, Cachoeira da Mata. Área de Cerrado com Floresta Estacional Semidecidual chegando às margens do rio e Mata de Galeria."
"PARQUE NACIONAL SERRA DA CANASTRA","Angiosperms","Aspleniaceae","Asplenium","serra","Langsd. & Fisch.","ASPLENIACEAE Asplenium serra Langsd. & Fisch.","104484","x","BHCB","Salino, A.","11615","Native","2007","Souza, F.S.",,"Bronze","Ouro",,,"Parque Nacional da Serra da Canastra, Capão Forro, Cachoeira da Mata. Área de Cerrado com Floresta Estacional Semidecidual chegando às margens do rio e Mata de Galeria."
"PARQUE NACIONAL SERRA DA CANASTRA","Angiosperms","Aspleniaceae","Asplenium","serratum","L.","ASPLENIACEAE Asplenium serratum L.","104497","x","BHCB","Salino, A.","11628","Native","2007","Salino, A.",,"Bronze","Ouro",,,"Parque Nacional da Serra da Canastra, Capão Forro, Cachoeira da Mata. Área de Cerrado com Floresta Estacional Semidecidual chegando às margens do rio e Mata de Galeria."
"PARQUE NACIONAL SERRA DA CANASTRA","Angiosperms","Blechnaceae","Blechnum",,"L.","BLECHNACEAE Blechnum L.","104468","x","BHCB","Salino, A.","11599","Native","2007","Almeida, T.E.",,"Bronze","Ouro",,,"Parque Nacional da Serra da Canastra; Capão Forro, Capão Forro, Cachoeira da Mata. Área de Cerrado com Floresta Estacional Semidecidual chegando às margens do rio e Mata de Galeria."
"PARQUE NACIONAL SERRA DA CANASTRA","Angiosperms","Dryopteridaceae","Elaphoglossum","pachydermum","(Fée) T.Moore","DRYOPTERIDACEAE Elaphoglossum pachydermum (Fée) T.Moore","104520","x","BHCB","Salino, A.","11651","Native","2007","Melo, L.C.N.",,"Bronze","Ouro",,,"Parque Nacional da Serra da Canastra, Capão de Mata do Retiro das Pedras."
"PARQUE NACIONAL SERRA DA CANASTRA","Angiosperms","Gleicheniaceae","Dicranopteris","flexuosa","(Schrad.) Underw.","GLEICHENIACEAE Dicranopteris flexuosa (Schrad.) Underw.","104509","x","BHCB","Salino, A.","11640","Native","2007","Salino, A.",,"Bronze","Ouro",,,"Parque Nacional da Serra da Canastra"
"PARQUE NACIONAL SERRA DA CANASTRA","Angiosperms","Gleicheniaceae","Gleichenella","pectinata","(Willd.) Ching","GLEICHENIACEAE Gleichenella pectinata (Willd.) Ching","104506","x","BHCB","Salino, A.","11637","Native","2007","Heringer, G.",,"Bronze","Ouro",,,"Parque Nacional da Serra da Canastra, Capão Forro. Cachoeira da Mata."
"PARQUE NACIONAL SERRA DA CANASTRA","Angiosperms","Hymenophyllaceae","Abrodictyum","rigidum","(Sw.) Ebihara & Dubuisson","HYMENOPHYLLACEAE Abrodictyum rigidum (Sw.) Ebihara & Dubuisson","104517","x","BHCB","Salino, A.","11648","Native","2007","Salino, A.",,"Bronze","Ouro",,,"Parque Nacional da Serra da Canastra, Capão de Mata do Retiro de Pedras"
"PARQUE NACIONAL SERRA DA CANASTRA","Angiosperms","Hymenophyllaceae","Didymoglossum","hymenoides","(Hedw.) Desv.","HYMENOPHYLLACEAE Didymoglossum hymenoides (Hedw.) Desv.","104458","x","BHCB","Salino, A.","11589","Native","2007","Salino, A.",,"Bronze","Ouro",,,"Parque Nacional da Serra da Canastra, Capão Forro, Cachoeira da Mata. Área de Cerrado com Floresta Estacional Semidecidual chegando às margens do rio e Mata de Galeria."
"PARQUE NACIONAL SERRA DA CANASTRA","Angiosperms","Hymenophyllaceae","Polyphlebium","hymenophylloides","(Bosch) Ebihara & Dubuisson","HYMENOPHYLLACEAE Polyphlebium hymenophylloides (Bosch) Ebihara & Dubuisson","104457","x","BHCB","Salino, A.","11588","Native","2007","Almeida, T.E.",,"Bronze","Ouro",,,"Parque Nacional da Serra da Canastra, Capão Forro, Cachoeira da Mata a 970m de altitude. Área de cerrado com Floresta Estacional Semi-decidual chegando as márgens do rio e Mata de Galeria."
"PARQUE NACIONAL SERRA DA CANASTRA","Angiosperms","Hymenophyllaceae","Trichomanes","pilosum","Raddi","HYMENOPHYLLACEAE Trichomanes pilosum Raddi","104459","x","BHCB","Salino, A.","11590","Native","2007","Salino, A.",,"Bronze","Ouro",,,"Parque Nacional da Serra da Canastra, Capão Forro, Cachoeira da Mata. Área de Cerrado com Floresta Estacional Semidecidual chegando às margens do rio e Mata de Galeria."
"PARQUE NACIONAL SERRA DA CANASTRA","Angiosperms","Hymenophyllaceae","Trichomanes","pinnatum","Hedw.","HYMENOPHYLLACEAE Trichomanes pinnatum Hedw.","104448","x","BHCB","Salino, A.","11579","Native","2007","Salino, A.",,"Bronze","Ouro",,,"Parque Nacional da Serra da Canastra, Capão Forro, Cachoeira da Mata a 970m de altitude. Área de cerrado com Floresta Estacional Semi-decidual chegando as márgens do rio e Mata de Galeria."
"PARQUE NACIONAL SERRA DA CANASTRA","Angiosperms","Hymenophyllaceae","Trichomanes","polypodioides","L.","HYMENOPHYLLACEAE Trichomanes polypodioides L.","104521","x","BHCB","Salino, A.","11652","Native","2007","Salino, A.",,"Bronze","Ouro",,,"Parque Nacional da Serra da Canastra, Capão de Mata do Retiro de Pedras"
"PARQUE NACIONAL SERRA DA CANASTRA","Angiosperms","Isoetaceae","Isoetes","gigantea","U.Weber","ISOETACEAE Isoetes gigantea U.Weber","104525","x","BHCB","Salino, A.","11656","Native","2007","Hickey, R.J.",,"Bronze","Ouro",,,"PARNA Serra da Canastra, Retiro de Pedras"
"PARQUE NACIONAL SERRA DA CANASTRA","Angiosperms","Lycopodiaceae","Lycopodiella","alopecuroides","(L.) Cranfill","LYCOPODIACEAE Lycopodiella alopecuroides (L.) Cranfill","104540","x","BHCB","Salino, A.","11671","Native","2007","Salino, A.",,"Bronze","Ouro",,,"Parque Nacional da Serra da Canastra, Capão de Mata Alagada sem palmito e com muitas Geonoma."
"PARQUE NACIONAL SERRA DA CANASTRA","Angiosperms","Lycopodiaceae","Lycopodium","clavatum","L.","LYCOPODIACEAE Lycopodium clavatum L.","104505","x","BHCB","Salino, A.","11636","Native","2007","Salino, A.",,"Bronze","Ouro",,,"Parque Nacional da Serra da Canastra, Capão Forro, Cahcoeira da Mata. Área de Cerrado com Floresta Estacional Semidecidual chagando às margens do rio e Mata de Galeria."
"PARQUE NACIONAL SERRA DA CANASTRA","Angiosperms","Lycopodiaceae","Palhinhaea","camporum","(B. Øllg. & P.G. Windisch) Holub","LYCOPODIACEAE Palhinhaea camporum (B. Øllg. & P.G. Windisch) Holub","104503","x","BHCB","Salino, A.","11634","Native","2007","Salino, A.",,"Bronze","Ouro",,,"Parque Nacional da Serra da Canastra; Capão Forro, Capão Forro, Cachoeira da Mata, Área de Cerrado com Floresta Estacional Semidecidual chegando às margens do rio e Mata de Galeria."
"PARQUE NACIONAL SERRA DA CANASTRA","Angiosperms","Lycopodiaceae","Palhinhaea","cernua","(L.) Franco & Vasc.","LYCOPODIACEAE Palhinhaea cernua (L.) Franco & Vasc.","104504","x","BHCB","Salino, A.","11635","Native","2007","Salino, A.",,"Bronze","Ouro",,,"Parque Nacional da Serra da Canastra, Capão Forro, Cachoeira da Mata. Área de Cerrado com Floresta Estacional Semidecidual chegando às margens do rio e Mata de Galeria."
"PARQUE NACIONAL SERRA DA CANASTRA","Ferns and Lycophytes","Lycopodiaceae","Phlegmariurus","reflexus","(Lam.) B.Øllg.","LYCOPODIACEAE Phlegmariurus reflexus (Lam.) B.Øllg.","104511","x","BHCB","Salino, A.","11642","Native","2007","Salino, A.",,"Bronze","Ouro",,,"Parque Nacional da Serra da Canastra, Capão Forro, Cachoeira da Mata. Área de Cerrado com Floresta Estacional Semidecidual chegando às margens do rio e Mata de Galeria."
"PARQUE NACIONAL SERRA DA CANASTRA","Angiosperms","Orchidaceae","Galeandra","junceoides","Barb.Rodr.","ORCHIDACEAE Galeandra junceoides Barb.Rodr.","120024","splink","BHCB","Batista, J.A.N.","2343","Native","2007","Teles, A.M.","0-0-0","Bronze","Ouro",,"São Roque de Minas","Parque Nacional da Serra da Canastra"
"PARQUE NACIONAL SERRA DA CANASTRA","Angiosperms","Orchidaceae","Galeandra",,"Lindl.","ORCHIDACEAE Galeandra Lindl.","119499","x","BHCB","Batista, J.A.N.","1822","Native","2007","Monteiro, S.H.N.",,"Bronze","Ouro",,,"Parque Nacional da Serra da Canastra, Cerca de 30 km a partir da portaria principal de São Roque de Minas, em direção a Sacramento, próximo a esntrada da Casca D'Anta."
"PARQUE NACIONAL SERRA DA CANASTRA","Angiosperms","Orchidaceae","Habenaria",,"Willd.","ORCHIDACEAE Habenaria Willd.","119496","splink","BHCB","Batista, J.A.N.","1819","Native","2007","Souza, V.C.","0-0-0","Bronze","Ouro",,"São Roque de Minas","Parque Nacional da Serra da Canastra, cerca de 30"
"PARQUE NACIONAL SERRA DA CANASTRA","Angiosperms","Orchidaceae","Microchilus","pedicellatus","(Cogn.) E.C.Smidt & M.W.Chase","ORCHIDACEAE Microchilus pedicellatus (Cogn.) E.C.Smidt & M.W.Chase","119470","splink","BHCB","Batista, J.A.N.","1797","Native","2007","Roque, N.","0-0-0","Bronze","Ouro",,"São Roque de Minas","Parque Nacional da Serra da Canastra"
"PARQUE NACIONAL SERRA DA CANASTRA","Angiosperms","Polypodiaceae","Campyloneurum","nitidum","(Kaulf.) C.Presl","POLYPODIACEAE Campyloneurum nitidum (Kaulf.) C.Presl","104486","x","BHCB","Salino, A.","11617","Native","2007","Salino, A.",,"Bronze","Ouro",,,"Parque Nacional da Serra da Canastra, Capão Forro, Cachoeira da Mata. Área de Cerrado com Floresta Estacional Semi-decidual chegando ás margens do rio e Mata de Galeria."
"PARQUE NACIONAL SERRA DA CANASTRA","Angiosperms","Polypodiaceae","Melpomene","melanosticta","(Kunze) A.R.Sm. & R.C.Moran","POLYPODIACEAE Melpomene melanosticta (Kunze) A.R.Sm. & R.C.Moran","104533","x","BHCB","Salino, A.","11664","Native","2007","Salino, A.",,"Bronze","Ouro",,,"Parque Nacional da Serra da Canastra, Capão de Mata Alagada sem palmito e com muitas Geonoma."
"PARQUE NACIONAL SERRA DA CANASTRA","Angiosperms","Polypodiaceae","Microgramma","lindbergii","(Mett.) de la Sota","POLYPODIACEAE Microgramma lindbergii (Mett.) de la Sota","104447","x","BHCB","Salino, A.","11578","Native","2007","Almeida, T.E.",,"Bronze","Ouro",,,"Parque Nacional da Serra da Canastra, Capão Forro, Cachoeira da Mata. Área de Cerrado com Floresta Estacional Semi-decidual chegando ás margens do rio e Mata de Galeria."
"PARQUE NACIONAL SERRA DA CANASTRA","Angiosperms","Polypodiaceae","Microgramma","squamulosa","(Kaulf.) de la Sota","POLYPODIACEAE Microgramma squamulosa (Kaulf.) de la Sota","104460","x","BHCB","Salino, A.","11591","Native","2007","Almeida, T.E.",,"Bronze","Ouro",,,"Parque Nacional da Serra da Canastra, Capão Forro, Cachoeira da Mata. Área de Cerrado com Floresta Estacional Semi-decidual chegando ás margens do rio e Mata de Galeria."
"PARQUE NACIONAL SERRA DA CANASTRA","Angiosperms","Polypodiaceae","Pecluma","filicula","(Kaulf.) M.G.Price","POLYPODIACEAE Pecluma filicula (Kaulf.) M.G.Price","104501","x","BHCB","Salino, A.","11632","Native","2007","Salino, A.",,"Bronze","Ouro",,,"Parque Nacional da Serra da Canastra, Capão Forro, Cachoeira da Mata. Área de Cerrado com Floresta Estacional Semi-decidual chegando ás margens do rio e Mata de Galeria."
"PARQUE NACIONAL SERRA DA CANASTRA","Ferns and Lycophytes","Polypodiaceae","Phlebodium","pseudoaureum","(Cav.) Lellinger","POLYPODIACEAE Phlebodium pseudoaureum (Cav.) Lellinger","104451","x","BHCB","Salino, A.","11582","Native","2007","Salino, A.",,"Bronze","Ouro",,,"Parque Nacional da Serra da Canastra, Capão Forro, Cachoeira da Mata. Área de Cerrado com Floresta Estacional Semi-decidual chegando ás margens do rio e Mata de Galeria."
"PARQUE NACIONAL SERRA DA CANASTRA","Angiosperms","Polypodiaceae","Pleopeltis","pleopeltifolia","(Raddi) Alston","POLYPODIACEAE Pleopeltis pleopeltifolia (Raddi) Alston","104531","x","BHCB","Salino, A.","11662","Native","2007","Almeida, T.E.",,"Bronze","Ouro",,,"Parque Nacional da Serra da Canastra, Capão de Mata Alagada sem palmito e com muitas Geonoma."
"PARQUE NACIONAL SERRA DA CANASTRA","Angiosperms","Polypodiaceae","Serpocaulon","latipes","(Langsd. & Fisch.) A.R. Sm.","POLYPODIACEAE Serpocaulon latipes (Langsd. & Fisch.) A.R. Sm.","104479","x","BHCB","Salino, A.","11610","Native","2007","Salino, A.",,"Bronze","Ouro",,,"Parque Nacional da Serra da Canastra, Capão Forro, Cachoeira da Mata. Área de Cerrado com Floresta Estacional Semi-decidual chegando ás margens do rio e Mata de Galeria."
"PARQUE NACIONAL SERRA DA CANASTRA","Angiosperms","Pteridaceae","Adiantopsis","radiata","(L.) Fée","PTERIDACEAE Adiantopsis radiata (L.) Fée","104490","x","BHCB","Salino, A.","11621","Native","2007","Salino, A.",,"Bronze","Ouro",,,"Parque Nacional da Serra da Canastra"
"PARQUE NACIONAL SERRA DA CANASTRA","Angiosperms","Pteridaceae","Adiantum","gracile","Fée","PTERIDACEAE Adiantum gracile Fée","104449","x","BHCB","Salino, A.","11580","Native","2007","Salino, A.",,"Bronze","Ouro",,,"Parque Nacional da Serra da Canastra; Capão Forro"
"PARQUE NACIONAL SERRA DA CANASTRA","Angiosperms","Pteridaceae","Adiantum","raddianum","C.Presl","PTERIDACEAE Adiantum raddianum C.Presl","104463","x","BHCB","Salino, A.","11594","Native","2007","Salino, A.",,"Bronze","Ouro",,,"Parque Nacional da Serra da Canastra, Capão Forro, Cachoeira da Mata. Área de Cerrado com Floresta Estacional Semi-decidual chegando às margens do rio e Mata de Galeria."
"PARQUE NACIONAL SERRA DA CANASTRA","Angiosperms","Pteridaceae","Adiantum","serratodentatum","Willd.","PTERIDACEAE Adiantum serratodentatum Willd.","104481","x","BHCB","Salino, A.","11612","Native","2007","Salino, A.",,"Bronze","Ouro",,,"Parque Nacional da Serra da Canastra, Capão Forro"
"PARQUE NACIONAL SERRA DA CANASTRA","Angiosperms","Pteridaceae","Adiantum","sinuosum","Gardner","PTERIDACEAE Adiantum sinuosum Gardner","104480","x","BHCB","Salino, A.","11611","Native","2007","Salino, A.",,"Bronze","Ouro",,,"Parque Nacional da Serra da Canastra, Capão Forro"
"PARQUE NACIONAL SERRA DA CANASTRA","Angiosperms","Pteridaceae","Doryopteris","concolor","(Langsd. & Fisch.) Kuhn & Decken","PTERIDACEAE Doryopteris concolor (Langsd. & Fisch.) Kuhn & Decken","104478","x","BHCB","Salino, A.","11609","Native","2007","Almeida, T.E.",,"Bronze","Ouro",,,"Parque Nacional da Serra da Canastra, Capão Forro"
"PARQUE NACIONAL SERRA DA CANASTRA","Angiosperms","Pteridaceae","Ormopteris","crenata","(R.M.Tryon) T.Barbará","PTERIDACEAE Ormopteris crenata (R.M.Tryon) T.Barbará","104514","x","BHCB","Salino, A.","11645","Native","2007","Almeida, T.E.",,"Bronze","Ouro",,,"Parque Nacional da Serra da Canastra"
"PARQUE NACIONAL SERRA DA CANASTRA","Angiosperms","Pteridaceae","Pteris","vittata","L.","PTERIDACEAE Pteris vittata L.","104543","x","BHCB","Salino, A.","11674","Native","2007","Salino, A.",,"Bronze","Ouro",,,"Parque Nacional da Serra da Canastra, Nascente do rio São Francisco"
"PARQUE NACIONAL SERRA DA CANASTRA","Angiosperms","Pteridaceae","Vittaria","graminifolia","Kaulf.","PTERIDACEAE Vittaria graminifolia Kaulf.","104532","x","BHCB","Salino, A.","11663","Native","2007","Arruda, A.J.",,"Bronze","Ouro",,,"Parque Nacional da Serra da Canastra, Capão de mata alagada sem palmito e com muitas Geonoma."
"PARQUE NACIONAL SERRA DA CANASTRA","Angiosperms","Schizaeaceae","Schizaea","elegans","(Vahl) Sw.","SCHIZAEACEAE Schizaea elegans (Vahl) Sw.","104474","x","BHCB","Salino, A.","11605","Native","2007","Almeida, T.E.",,"Bronze","Ouro",,,"Parque Nacional da Serra da Canastra, Capão Forro. Cachoeira da Mata."
"PARQUE NACIONAL SERRA DA CANASTRA","Angiosperms","Selaginellaceae","Selaginella","vestiens","Baker","SELAGINELLACEAE Selaginella vestiens Baker","104470","x","BHCB","Salino, A.","11601","Native","2007","Heringer, G.",,"Bronze","Ouro",,,"Parque Nacional da Serra da Canastra, Capão Forro, Cachoeira da Mata. Área de Cerrado com Floresta Estacional Semi-decidual chegando às margens do rio e Mata de Galeria."
"PARQUE NACIONAL SERRA DA CANASTRA","Angiosperms","Euphorbiaceae","Manihot","crotalariiformis","Pohl","EUPHORBIACEAE Manihot crotalariiformis Pohl","150507","x","UEC","Morokawa, R.","180","Native","2007","Hurbath, F.","2026","Bronze","Ouro",,,"Parque Nacional da Serra da Canastra, Trilha para parte alta da Casca D'anta, campo rupestre."
"PARQUE NACIONAL SERRA DA CANASTRA","Angiosperms","Rubiaceae","Hillia","parasitica","Jacq.","RUBIACEAE Hillia parasitica Jacq.","HUFU00070086","splink","HUFU","Pena, M.A.","138","Native","2007","Pena, M.A.","2009","Bronze","Ouro",,"Morro do Pilar","Parque Nacional da Serra da Canastra, Acesso pelo km 123 da rodovia MG 010, afloramento das velózias gigantes."
"PARQUE NACIONAL SERRA DA CANASTRA","Angiosperms","Calophyllaceae","Kielmeyera","speciosa","A.St.-Hil.","CALOPHYLLACEAE Kielmeyera speciosa A.St.-Hil.","UEC143262","splink","UEC","Caddah, M.K.","250","Native","2007","Caddah, M.K.","2008","Bronze","Ouro",,"São Roque de Minas","Parque Nacional da Serra da Canastra, Baixa Casca d'Anta"
"PARQUE NACIONAL SERRA DA CANASTRA","Angiosperms","Apocynaceae","Hancornia","speciosa","Gomes","APOCYNACEAE Hancornia speciosa Gomes","142097","splink","UEC","Gomes, S.M.","724","Native","2003","Gomes, S.M.",,"Bronze","Ouro",,"São Roque de Minas","Parque Nacional da Serra da Canastra, Barragem Luiz Carlos Barreto de Carvalho."
"PARQUE NACIONAL SERRA DA CANASTRA","Angiosperms","Apocynaceae","Mandevilla","spigeliiflora","(Stadelm.) Woodson","APOCYNACEAE Mandevilla spigeliiflora (Stadelm.) Woodson","142086","x","UEC","Gomes, S.M.","713","Native","2003","Gomes, S.M.",,"Bronze","Ouro",,,"Parque Nacional da Serra da Canastra"
"PARQUE NACIONAL SERRA DA CANASTRA","Angiosperms","Asteraceae","Aspilia","diffusiflora","H.Rob.","ASTERACEAE Aspilia diffusiflora H.Rob.","157602","x","SPF","Magenta, M.A.G.","583","Native","2003","Magenta, M.A.G.",,"Bronze","Ouro",,,"Parque Nacional da Serra da Canastra"
"PARQUE NACIONAL SERRA DA CANASTRA","Angiosperms","Passifloraceae","Passiflora","porophylla","Vell.","PASSIFLORACEAE Passiflora porophylla Vell.","RB00569032","x","RB","Azevedo, M.M.-D.","121","Native","2003","Azevedo, M.M.-D.",,"Bronze","Ouro",,,"Parna Serra da Canastra, portaria 1, Jaguare, beira do rio."
"PARQUE NACIONAL SERRA DA CANASTRA","Angiosperms","Oxalidaceae","Oxalis","calva","Progel","OXALIDACEAE Oxalis calva Progel","RB00587553","x","RB","Romero, R.","6983","Native","2003","P.fiaschi","2016","Bronze","Ouro",,,"Faz. Zé Antunes- Escada de Pedras. Parque Nacional da Serra da Canastra."
"PARQUE NACIONAL SERRA DA CANASTRA","Angiosperms","Rubiaceae","Psychotria","nemorosa","Gardner","RUBIACEAE Psychotria nemorosa Gardner","UEC101730","splink","UEC","Pacheco, R.A.","715","Native","2003","Silveira, M.F.","2010","Bronze","Ouro",,"Delfinópolis","Paraíso Selvagem - Trilha "" Cachoeira do Alpinista."" Parque Nacional da Serra da Canastra."
"PARQUE NACIONAL SERRA DA CANASTRA","Angiosperms","Rubiaceae","Palicourea","gracilenta","(Müll.Arg.) Delprete & J.H.Kirkbr.","RUBIACEAE Palicourea gracilenta (Müll.Arg.) Delprete & J.H.Kirkbr.","UEC116805","splink","UEC","Nakajima, J.N.","3774","Native","2003","Silveira, M.F.","2009","Bronze","Ouro",,"Delfinópolis","estrada para escada de pedras, vão na faz. do josé onório, parque nacional da serra da canastra"
"PARQUE NACIONAL SERRA DA CANASTRA","Angiosperms","Passifloraceae","Passiflora","kermesina","Link & Otto","PASSIFLORACEAE Passiflora kermesina Link & Otto","RB00282682","x","RB","Azevedo, M.M.","124","Native","2003","Azevedo, M.M.","2008","Bronze","Ouro",,,"Estrada em direção a portaria 4 do parque (Casca d´Anta) São José do Barreiro, próximo ao camping do Rá. PARNA Serra da Canastra"
"PARQUE NACIONAL SERRA DA CANASTRA","Angiosperms","Passifloraceae","Passiflora","suberosa","(Kunth) Port.-Utl. ex M.A.M. Azevedo, Baumgratz & Gonç.-Estev.","PASSIFLORACEAE Passiflora suberosa subsp. litoralis (Kunth) Port.-Utl. ex M.A.M. Azevedo, Baumgratz & Gonç.-Estev.","RB00444403","x","RB","Azevedo, M.M.","125","Native","2003","Azevedo, M.M.","2008","Bronze","Ouro",,,"Portaia 4 (Casca d´Anta). Estrada para o Camping Zé da LIma e a portaria do Parque. PARNA Serra da Canastra"
"PARQUE NACIONAL SERRA DA CANASTRA","Angiosperms","Calophyllaceae","Kielmeyera","petiolaris","Mart. & Zucc.","CALOPHYLLACEAE Kielmeyera petiolaris Mart. & Zucc.","UEC106643","splink","UEC","Volpi, R.L.","776","Native","2003","Nakajima, J.N.","2005","Bronze","Ouro",,"Delfinópolis","Parque Nacional daSerra da Canastra Paraíso Selvagem - Trilha ''Salto Canyon''"
"PARQUE NACIONAL SERRA DA CANASTRA","Angiosperms","Celastraceae","Cheiloclinium","cognatum","(Miers) A.C.Sm.","CELASTRACEAE Cheiloclinium cognatum (Miers) A.C.Sm.","35794","x","HUFU","Nakajima, J.N.","3767","Native","2003","Volpi, R.L.","2004","Bronze","Ouro",,,"Parque Nacional da Serra da Canastra, Estrada para Escada de Pedras, vão na fazenda do José Onório."
"PARQUE NACIONAL SERRA DA CANASTRA","Angiosperms","Erythroxylaceae","Erythroxylum","myrsinites","Mart.","ERYTHROXYLACEAE Erythroxylum myrsinites Mart.","35653","x","HUFU","Nakajima, J.N.","3777","Native","2003","Pacheco, R.A.","2004","Bronze","Ouro",,,"Parque Nacional da Serra da Canastra, Estrada para Escada de Pedras, vão na fazenda do José Onório."
"PARQUE NACIONAL SERRA DA CANASTRA","Angiosperms","Rubiaceae","Borreria","suaveolens","G. Mey.","RUBIACEAE Borreria suaveolens G. Mey.","35822","x","HUFU","Nakajima, J.N.","3754",,"2003","Pacheco, R.L.","2004","Bronze","Ouro",,,"Parque Nacional da Serra da Canastra, Condomínio de Pedras."
"PARQUE NACIONAL SERRA DA CANASTRA","Angiosperms","Passifloraceae","Passiflora","miersii","Mast.","PASSIFLORACEAE Passiflora miersii Mast.","RB00569426","x","RB","Azevedo, M.M.","123","Native","2003","Azevedo, M.M.","2003","Bronze","Ouro",,,"Portaria São João Batista, beira da Cachoeira do Jota. PARNA Serra da Canastra"
"PARQUE NACIONAL SERRA DA CANASTRA","Angiosperms","Arecaceae","Syagrus","glazioviana","(Dammer) Becc.","ARECACEAE Syagrus glazioviana (Dammer) Becc.","SPF00180902","splink","SPF","Mello-Silva, R.","1978","Native","2002","Sant'anna-Santos, B.F.","2023","Bronze","Ouro",,"São Roque de Minas","Parque Nacional da Serra da Canastra, Bordas da serra, na parte superior da cachoeira Casca d'anta."
"PARQUE NACIONAL SERRA DA CANASTRA","Angiosperms","Cyperaceae","Cyperus","reflexus","Vahl","CYPERACEAE Cyperus reflexus Vahl","BHCB015424","splink","BHCB","Romero, R.","6625","Native","2002","Pereira-Silva, L.","2023","Bronze","Ouro",,"São Roque de Minas","Parque Nacional da Serra da Canastra, Região Três matinhas"
"PARQUE NACIONAL SERRA DA CANASTRA","Angiosperms","Poaceae","Apochloa",,"Zuloaga & Morrone","POACEAE Apochloa Zuloaga & Morrone","BHCB063284","splink","BHCB","Nakajima, J.N.","3256","Native","2002","Lopes-Neto, R.B.","2022","Bronze","Ouro",,"São Roque de Minas","Parque Nacional da Serra da Canastra, Parte de cima da Cachoeira Casca d'Anta."
"PARQUE NACIONAL SERRA DA CANASTRA","Angiosperms","Convolvulaceae","Ipomoea","pohlii","Choisy","CONVOLVULACEAE Ipomoea pohlii Choisy","373161","splink","SP","Romero, R.","6633","Native","2002","Bianchini, R.S.","2019","Bronze","Ouro",,"São Roque de Minas","Parque Nacional da Serra da Canastra, próximo à cachoeira dos Rolinhos"
"PARQUE NACIONAL SERRA DA CANASTRA","Angiosperms","Asteraceae","Aspilia","hispidantha","H.Rob.","ASTERACEAE Aspilia hispidantha H.Rob.","30470","x","HUFU","Pacheco, R.A.","413","Native","2002","Bueno, V.R.","2018","Bronze","Ouro",,,"Parque Nacional da Serra da Canastra"
"PARQUE NACIONAL SERRA DA CANASTRA","Angiosperms","Euphorbiaceae","Manihot","gracilis","Pohl","EUPHORBIACEAE Manihot gracilis subsp. gracilis Pohl","SPF00155810","splink","SPF","Lima, L.R.","198","Native","2002","Melo, T.M.S.","2016","Bronze","Ouro",,"São Roque de Minas","Parque Nacional da Serra da Canastra, Trilha na escarpa da Cachoeira Casca d#?#Anta, pela portaria Casca d#?#Anta"
"PARQUE NACIONAL SERRA DA CANASTRA","Angiosperms","Eriocaulaceae","Actinocephalus","phaeocephalus","(Ruhland) F.N.Costa","ERIOCAULACEAE Actinocephalus phaeocephalus (Ruhland) F.N.Costa","170866","x","SPF","Mello-Silva, R.","1979","Native","2002","Trovo, M.L.O.","2015","Bronze","Ouro",,,"Parque Nacional da Serra da Canastra"
"PARQUE NACIONAL SERRA DA CANASTRA","Angiosperms","Proteaceae","Euplassa","inaequalis","(Pohl) Engl.","PROTEACEAE Euplassa inaequalis (Pohl) Engl.","UB1238742","splink","UB","Pacheco, R.A.","228","Native","2002","Fernandes, C.M.","2011","Bronze","Ouro",,"Delfinópolis","Paraíso Selvagem, Trilha para Cachoeira do Alpinista, Parque Nacional da Serra da Canastra."
"PARQUE NACIONAL SERRA DA CANASTRA",,"Bromeliaceae","Aechmea","strobilacea","L.B.Sm.","BROMELIACEAE Aechmea strobilacea L.B.Sm.","RB00491235","x","RB","Pacheco, R.A.","233",,"2002","Silva, B.R.","2005","Bronze","Ouro",,,"Paraiso Selvagem. Trilha para Cachoeira do Alpinista, Parque Nacional da Serra da Canastra."
"PARQUE NACIONAL SERRA DA CANASTRA","Angiosperms","Vochysiaceae","Qualea","multiflora","Mart.","VOCHYSIACEAE Qualea multiflora Mart.","26958","x","HUFU","Romero, R.","6198","Native","2002","Nakajima, J.N.","2004","Bronze","Ouro",,,"Parque Nacional da Serra da Canastra, Chapadão de Furnas."
"PARQUE NACIONAL SERRA DA CANASTRA","Angiosperms","Onagraceae","Fuchsia","regia","(Vell.) Munz","ONAGRACEAE Fuchsia regia subsp. regia (Vell.) Munz","HUFU00035449","x","HUFU","Pacheco, R.A.","309","Native","2002","Oliveira, G.C.","2003","Bronze","Ouro",,,"Parque Nacional da Serra da Canastra"
"PARQUE NACIONAL SERRA DA CANASTRA","Angiosperms","Rosaceae","Prunus","brasiliensis","(Cham. & Schltdl.) D.Dietr.","ROSACEAE Prunus brasiliensis (Cham. & Schltdl.) D.Dietr.","HUFU00036374","splink","HUFU","Pacheco, R.A.","405","Native","2002","Pacheco, R.A.","2003","Bronze","Ouro",,"São Roque de Minas","Parque Nacional da Serra da Canastra"
"PARQUE NACIONAL SERRA DA CANASTRA","Angiosperms","Rubiaceae","Cordiera","myrciifolia","(K.Schum.) C.H.Perss. & Delprete","RUBIACEAE Cordiera myrciifolia (K.Schum.) C.H.Perss. & Delprete","30356","x","HUFU","Pacheco, R.A.","284","Native","2002","Arantes, A.A.A.","2003","Bronze","Ouro",,,"Parque Nacional da Serra da Canastra"
"PARQUE NACIONAL SERRA DA CANASTRA","Angiosperms","Orchidaceae","Encyclia","osmantha","(Barb.Rodr.) Schltr.","ORCHIDACEAE Encyclia osmantha (Barb.Rodr.) Schltr.","HUFU00035499","splink","HUFU","Pacheco, R.A.","249","Native","2002","Pacheco, R.A.","2002","Bronze","Ouro",,"Delfinópolis","Parque Nacional da Serra da Canastra, Paraíso Selvagem, trilha para Cachoeira do Alpinista."
"PARQUE NACIONAL SERRA DA CANASTRA","Angiosperms","Amaryllidaceae","Zephyranthes","gracilifolia","(Herb.) G.Nicholson","AMARYLLIDACEAE Zephyranthes gracilifolia (Herb.) G.Nicholson","HPL000308","splink","HPL","Lorenzi, H.","2919","Native","2001","Lorenzi, H.","2001","Bronze","Ouro",,"São Roque de Minas","No Parque Nacional da serra da Canastra, em campo de altitude."
"PARQUE NACIONAL SERRA DA CANASTRA","Angiosperms","Anemiaceae","Anemia","nervosa","Pohl","ANEMIACEAE Anemia nervosa Pohl","53321","x","BHCB","Mota, R.C.","166","Native","2000","Dittrich, V.A.O.",,"Bronze","Ouro",,,"Parque Nacional da Serra da Canastra"
"PARQUE NACIONAL SERRA DA CANASTRA","Angiosperms","Malvaceae","Hibiscus","flagelliformis","A.St.-Hil.","MALVACEAE Hibiscus flagelliformis A.St.-Hil.","53294","x","BHCB","Mota, R.C.","139","Native","2000","Rigueiral, L.H.G.",,"Bronze","Ouro",,,"Parque Nacional da Serra da Canastra"
"PARQUE NACIONAL SERRA DA CANASTRA","Angiosperms","Orchidaceae","Polystachya",,"Hook.","ORCHIDACEAE Polystachya Hook.","53308","splink","BHCB","Mota, R.C.","153","Native","2000","Almeida, G.S.S.","0-0-0","Bronze","Ouro",,"São Roque de Minas","Parque Nacional da Serra da Canastra"
"PARQUE NACIONAL SERRA DA CANASTRA","Angiosperms","Orchidaceae","Notylia","nemorosa","Barb.Rodr.","ORCHIDACEAE Notylia nemorosa Barb.Rodr.","BHCB029131","splink","BHCB","Mota, R.C.","157","Native","2000","Oliveira, M.S.","2025","Bronze","Ouro",,"São Roque de Minas","Parque Nacional da Serra da Canastra"
"PARQUE NACIONAL SERRA DA CANASTRA","Angiosperms","Fabaceae","Chamaecrista","coriacea","(Benth.) H.S.Irwin & Barneby","FABACEAE Chamaecrista coriacea (Benth.) H.S.Irwin & Barneby","K000835416","x","K","Mota, R.C.","149","Native","2000","Administrador","2020","Bronze","Ouro",,,"Parque Nacional Serra da Canastra."
"PARQUE NACIONAL SERRA DA CANASTRA","Angiosperms","Malvaceae","Peltaea","edouardii","(Hochr.) Krapov. & Cristóbal","MALVACEAE Peltaea edouardii (Hochr.) Krapov. & Cristóbal","BHCB003285","splink","BHCB","Mota, R.C.","143","Native","2000","Fernandes Junior, A.J.","2016","Bronze","Ouro",,"São Roque de Minas","Parque Nacional da Serra da Canastra"
"PARQUE NACIONAL SERRA DA CANASTRA","Angiosperms","Commelinaceae","Tripogandra","diuretica","(Mart.) Handlos","COMMELINACEAE Tripogandra diuretica (Mart.) Handlos","BHCB5333","splink","BHCB","Mota, R.C.","141","Native","2000","Pellegrini, M.O.O.","2013","Bronze","Ouro",,"São Roque de Minas","Parque Nacional da Serra da Canastra"
"PARQUE NACIONAL SERRA DA CANASTRA","Angiosperms","Fabaceae","Chamaecrista","cotinifolia","(G.Don) H.S.Irwin & Barneby","FABACEAE Chamaecrista cotinifolia (G.Don) H.S.Irwin & Barneby","5110","splink","DIAM","Mello-Silva, R.","1698","Native","1999","Nakajima, J.N.",,"Bronze","Ouro",,"Sacramento","Sacramento. Parque Nacional da Serra da Canastra. Próximo à portaria de Sacramento, 67 km de Jaguarê (Jaguari)"
"PARQUE NACIONAL SERRA DA CANASTRA","Angiosperms","Orchidaceae","Oncidium",,"Sw.","ORCHIDACEAE Oncidium Sw.","53247","splink","BHCB","Mota, R.C.","43","Native","1999","Semir, J.","0-0-0","Bronze","Ouro",,"São Roque de Minas","Parque Nacional da Serra da Canastra"
"PARQUE NACIONAL SERRA DA CANASTRA","Angiosperms","Winteraceae","Drimys","brasiliensis","Miers","WINTERACEAE Drimys brasiliensis subsp. brasiliensis Miers","RB00652160","x","RB","Mello-Silva, R.","1704","Native","1999","Casas, X.M.",,"Bronze","Ouro",,,"Parque Nacional da Serra da Canastra. 10km da portaria de Sacramento, 57km de Jaguarê(Jaguari). Nascentes do córrego Mata Cavalo, campo e mata ciliar."
"PARQUE NACIONAL SERRA DA CANASTRA","Angiosperms","Myrtaceae","Eugenia","langsdorffii","O.Berg","MYRTACEAE Eugenia langsdorffii O.Berg","347783","x","SP","Mota, R.C.","58","Native","1999","Ribeiro, C.L.","2019","Bronze","Ouro",,,"Parque Nacional da Serra da Canastra."
"PARQUE NACIONAL SERRA DA CANASTRA","Angiosperms","Eriocaulaceae","Paepalanthus","latipes","Silveira","ERIOCAULACEAE Paepalanthus latipes Silveira","138557","x","SPF","Costa, F.N.","121","Native","1999","Sauthier, L.J.","2017","Bronze","Ouro",,,"Parque Nacional da Serra da Canastra, Serra Brava."
"PARQUE NACIONAL SERRA DA CANASTRA","Angiosperms","Euphorbiaceae","Maprounea","brasiliensis","A.St.-Hil.","EUPHORBIACEAE Maprounea brasiliensis A.St.-Hil.","137584","x","SPF","Farinaccio, M.A.","307","Native","1999","Hurbath, F.","2014","Bronze","Ouro",,,"Parque Nacional da Serra da Canastra, Estrada São Roque de Minas - Sacramento, cerradão próximo à Área de Desenvolvimento de Sacramento."
"PARQUE NACIONAL SERRA DA CANASTRA","Angiosperms","Poaceae","Eriochrysis","filiformis","(Hack.) Filg.","POACEAE Eriochrysis filiformis (Hack.) Filg.","IBGE00066092","splink","IBGE","Filgueiras, T.S.","3593","Native","1999","Toncic, B.","2013","Bronze","Ouro",,"São Roque de Minas","Parque Nacional da Serra da Canastra. Folha: SE-23-Y-D. Parque Nacional da Serra da Canastra"
"PARQUE NACIONAL SERRA DA CANASTRA","Angiosperms","Lacistemataceae","Lacistema","aggregatum","(P.J.Bergius) Rusby","LACISTEMATACEAE Lacistema aggregatum (P.J.Bergius) Rusby","24050","x","HUFU","Farinaccio, M.A.","346","Native","1999","Andrade, T.","2005","Bronze","Ouro",,,"Parque Nacional da Serra da Canastra, Parte de baixo da Casca D'Anta, trilha para a portaria."
"PARQUE NACIONAL SERRA DA CANASTRA","Angiosperms","Lindsaeaceae","Lindsaea","guianensis","(Aubl.) Dryand.","LINDSAEACEAE Lindsaea guianensis (Aubl.) Dryand.","41443","x","BHCB","Vasconcelos, M.F.","s.n.","Native","1998","Castro-Aguiar, P.H.",,"Bronze","Ouro",,,"Parque Nacional da Serra da Canastra"
"PARQUE NACIONAL SERRA DA CANASTRA","Angiosperms","Cyperaceae","Bulbostylis","consanguinea","(Kunth) C.B.Clarke","CYPERACEAE Bulbostylis consanguinea (Kunth) C.B.Clarke","162652","x","SPF","Araujo, A.C.","1145",,"1998","Ilegivel","2022","Bronze","Ouro",,,"Parque Nacional da Serra da Canastra"
"PARQUE NACIONAL SERRA DA CANASTRA","Algae","Cyperaceae","Bulbostylis","fasciculata","Uittien","CYPERACEAE Bulbostylis fasciculata Uittien","162642","x","SPF","Araujo, A.C.","1121",,"1998","Ilegivel","2022","Bronze","Ouro",,,"Parque Nacional da Serra da Canastra, Trilha de descida para Casca Dantas."
"PARQUE NACIONAL SERRA DA CANASTRA","Angiosperms","Rubiaceae","Galianthe",,"Griseb. ex Lorentz","RUBIACEAE Galianthe Griseb. ex Lorentz","HUFU00035217","splink","HUFU","Romero, R.","5005","Native","1998","Carmo, J.A.M.","2018","Bronze","Ouro",,"São Roque de Minas","Parque Nacional da Serra da Canastra, Torre de observação, estrada para Sacramento - São Roque de Minas."
"PARQUE NACIONAL SERRA DA CANASTRA","Angiosperms","Commelinaceae","Commelina",,"L.","COMMELINACEAE Commelina L.","RB01142293","x","RB","Sano, P.T.","971","Native","1998","Pellegnini","2013","Bronze","Ouro",,,"Parque Nacional da Serra da Canastra. Estrada São Roque de Minas- Sacramento. Próxomo a guarita de Sacramento."
"PARQUE NACIONAL SERRA DA CANASTRA","Angiosperms","Euphorbiaceae","Microstachys","corniculata","(Vahl) Griseb.","EUPHORBIACEAE Microstachys corniculata (Vahl) Griseb.","334846","x","SP","Farinaccio, M.A.","272","Native","1998","Pscheidt, A.C.","2013","Bronze","Ouro",,,"Parque Nacional da Serra da Canastra, Rio do Peixe, mata ciliar próxima a A.D. São Roque."
"PARQUE NACIONAL SERRA DA CANASTRA","Angiosperms","Fabaceae","Zornia","cryptantha","Arechav.","FABACEAE Zornia cryptantha Arechav.","VIC028285","splink","VIC","Romero, R.","5015","Native","1998","Fortuna-Perez, A.P.","2012","Bronze","Ouro",,"São Roque de Minas","Parque Nacional da Serra da Canastra, Afloramento rochoso, próximo à Torre de observação, estrada Sacramento - São Roque de Minas, c.a. de 4 meses apos queimada. Campo limpo."
"PARQUE NACIONAL SERRA DA CANASTRA","Angiosperms","Dioscoreaceae","Dioscorea","grisebachii","Kunth","DIOSCOREACEAE Dioscorea grisebachii Kunth","HRCB032550","splink","HRCB","Farinaccio, M.A.","232","Native","1998","Araujo, D.","2011","Bronze","Ouro",,"São Roque de Minas","Parque Nacional da Serra da Canastra Nascente do Rio São Franscisco"
"PARQUE NACIONAL SERRA DA CANASTRA","Angiosperms","Eriocaulaceae","Actinocephalus","divaricatus","(Körn.) Sano","ERIOCAULACEAE Actinocephalus divaricatus (Körn.) Sano","K000879973","x","K","Sano, P.T.","1000","Native","1998","Trov, M.L.O.","2008","Bronze","Ouro",,,"Parque Nacional da Serra da Canastra. Caminho para Cachoeira Casca D´Anta."
"PARQUE NACIONAL SERRA DA CANASTRA","Angiosperms","Smilacaceae","Smilax","remotinervis","Hand.-Mazz.","SMILACACEAE Smilax remotinervis Hand.-Mazz.","24139","x","HUFU","Farinaccio, M.A.","241","Native","1998","Andrade, T.","2005","Bronze","Ouro",,,"Parque Nacional da Serra da Canastra, Curral das Pedras."
"PARQUE NACIONAL SERRA DA CANASTRA","Angiosperms","Anemiaceae","Anemia","gomesii","Christ","ANEMIACEAE Anemia gomesii Christ","NY00844056","x","NY","Salino, A.","3188","Native","1997","Mickel, J.T.",,"Bronze","Ouro",,,"Parque Nacional da Serra da Canastra"
"PARQUE NACIONAL SERRA DA CANASTRA","Angiosperms","Asteraceae","Grazielia","mollicoma","(B.L.Rob.) R.M.King & H.Rob.","ASTERACEAE Grazielia mollicoma (B.L.Rob.) R.M.King & H.Rob.","K000941553","x","K","Nakajima, J.N.","2233","Native","1997","Administrador",,"Bronze","Ouro",,,"Parque Nacional da Serra da Canastra."
"PARQUE NACIONAL SERRA DA CANASTRA","Angiosperms","Blechnaceae","Blechnum","polypodioides","Raddi","BLECHNACEAE Blechnum polypodioides Raddi","37679","x","BHCB","Salino, A.","3210",,"1997","Almeida, T.E.",,"Bronze","Ouro",,,"Parque Nacional da Serra da Canastra"
"PARQUE NACIONAL SERRA DA CANASTRA","Angiosperms","Cyperaceae","Scleria","latifolia","Sw.","CYPERACEAE Scleria latifolia Sw.","37968","x","BHCB","Lombardi, J.A.","1875","Native","1997","Viana, P.L.",,"Bronze","Ouro",,,"Parque Nacional da Serra da Canastra"
"PARQUE NACIONAL SERRA DA CANASTRA","Angiosperms","Cyperaceae","Scleria","secans","(L.) Urb.","CYPERACEAE Scleria secans (L.) Urb.","38022","splink","BHCB","Lombardi, J.A.","1929","Native","1997","Coelho, G.C.","0-0-0","Bronze","Ouro",,"São Roque de Minas","Parque Nacional da Serra da Canastra"
"PARQUE NACIONAL SERRA DA CANASTRA","Angiosperms","Dennstaedtiaceae","Dennstaedtia","cicutaria","(Sw.) T.Moore","DENNSTAEDTIACEAE Dennstaedtia cicutaria (Sw.) T.Moore","37664","x","BHCB","Salino, A.","3196","Native","1997","Assis, F.C.",,"Bronze","Ouro",,,"Parque Nacional da Serra do Canastra, Borda de mata ciliar do rio São Francisco, próximo a cachoeira."
"PARQUE NACIONAL SERRA DA CANASTRA","Angiosperms","Hymenophyllaceae","Polyphlebium","angustatum","(Carmich.) Ebihara & Dubuisson","HYMENOPHYLLACEAE Polyphlebium angustatum (Carmich.) Ebihara & Dubuisson","37616","x","BHCB","Salino, A.","3148","Native","1997","Salino, A.",,"Bronze","Ouro",,,"Parque Nacional da Serra da Canastra"
"PARQUE NACIONAL SERRA DA CANASTRA","Angiosperms","Lindsaeaceae","Lindsaea","lancea","(L.) Bedd.","LINDSAEACEAE Lindsaea lancea (L.) Bedd.","37675","x","BHCB","Salino, A.","3207","Native","1997","Salino, A.",,"Bronze","Ouro",,,"Parque Nacional da Serra da Canastra, Casca Danta. Rio São Francisco."
"PARQUE NACIONAL SERRA DA CANASTRA","Angiosperms","Lycopodiaceae","Pseudolycopodiella","carnosa","(Silveira) Holub","LYCOPODIACEAE Pseudolycopodiella carnosa (Silveira) Holub","37654","x","BHCB","Salino, A.","3186","Native","1997","Salino, A.",,"Bronze","Ouro",,,"Parque Nacional da Serra da Canastra"
"PARQUE NACIONAL SERRA DA CANASTRA","Angiosperms","Lycopodiaceae","Pseudolycopodiella","caroliniana","(L.) Holub","LYCOPODIACEAE Pseudolycopodiella caroliniana (L.) Holub","37660","x","BHCB","Salino, A.","3192","Native","1997","Salino, A.",,"Bronze","Ouro",,,"Parque Nacional da Serra da Canastra"
"PARQUE NACIONAL SERRA DA CANASTRA","Angiosperms","Polypodiaceae","Campyloneurum","angustifolium","(Sw.) Fée","POLYPODIACEAE Campyloneurum angustifolium (Sw.) Fée","37633","x","BHCB","Salino, A.","3165","Native","1997","Salino, A.",,"Bronze","Ouro",,,"Parque Nacional da Serra da Canastra"
"PARQUE NACIONAL SERRA DA CANASTRA","Angiosperms","Polypodiaceae","Campyloneurum",,"C.Presl","POLYPODIACEAE Campyloneurum C.Presl","37692","x","BHCB","Salino, A.","3224","Native","1997","Salino, A.",,"Bronze","Ouro",,,"Parque Nacional da Serra da Canastra, Casca Dánta."
"PARQUE NACIONAL SERRA DA CANASTRA","Angiosperms","Polypodiaceae","Cochlidium","serrulatum","(Sw.) L.E.Bishop","POLYPODIACEAE Cochlidium serrulatum (Sw.) L.E.Bishop","37707","x","BHCB","Salino, A.","3239","Native","1997","Salino, A.",,"Bronze","Ouro",,,"Parque Nacional da Serra da Canastra, Casca Dánta."
"PARQUE NACIONAL SERRA DA CANASTRA","Angiosperms","Pteridaceae","Pityrogramma","calomelanos","(L.) Link","PTERIDACEAE Pityrogramma calomelanos (L.) Link","37705","x","BHCB","Salino, A.","3237","Native","1997","Salino, A.",,"Bronze","Ouro",,,"Parque Nacional da Serra da Canastra, Casca Dánta."
"PARQUE NACIONAL SERRA DA CANASTRA","Angiosperms","Pteridaceae","Pteris","quadriaurita","Retz.","PTERIDACEAE Pteris quadriaurita Retz.","37667","x","BHCB","Salino, A.","3199","Native","1997","Salino, A.",,"Bronze","Ouro",,,"Parque Nacional da Serra da Canastra, Casca Dánta"
"PARQUE NACIONAL SERRA DA CANASTRA","Angiosperms","Eriocaulaceae","Floralia",,"Andrino & F.N.Costa","ERIOCAULACEAE Floralia Andrino & F.N.Costa","BHCB069594","splink","BHCB","Lombardi, J.A.","1847","Native","1997","Paiva, G.R.","2025","Bronze","Ouro",,"São Roque de Minas","Parque Nacional da Serra da Canastra"
"PARQUE NACIONAL SERRA DA CANASTRA","Angiosperms","Lamiaceae","Cantinoa","heterodon","(Epling) Harley & J.F.B.Pastore","LAMIACEAE Cantinoa heterodon (Epling) Harley & J.F.B.Pastore","35945","x","HUEFS","Lombardi, J.A.","1841","Native","1997","Alves, D.S.","2025","Bronze","Ouro",,,"Parque Nacional da Serra Canastra."
"PARQUE NACIONAL SERRA DA CANASTRA","Angiosperms","Malvaceae","Sabdariffa","flagelliformis","(A.St.-Hil.) M.C. Duarte & V.N. Yoshik.","MALVACEAE Sabdariffa flagelliformis (A.St.-Hil.) M.C. Duarte & V.N. Yoshik.","14057","x","HUFU","Romero, R.","3962","Native","1997","Yoshikawa, V.N.","2025","Bronze","Ouro",,,"Parque Nacional da Serra da Canastra, Estrada para o Retiro das Pedras, próximo a divisa do parque."
"PARQUE NACIONAL SERRA DA CANASTRA","Angiosperms","Malvaceae","Luehea","grandiflora","Mart.","MALVACEAE Luehea grandiflora Mart.","15445","x","HUFU","Romero, R.","4314","Native","1997","Coutinho, T.S.","2024","Bronze","Ouro",,,"Parque Nacional da Serra da Canastra, Vale dos Cândidos, próximo ao córrego das Posses."
"PARQUE NACIONAL SERRA DA CANASTRA","Angiosperms","Asteraceae","Grazielia","bishopii","R.M.King & H.Rob.","ASTERACEAE Grazielia bishopii R.M.King & H.Rob.","UB0152084",,"UB","Nakajima, J.N.","2184","Native","1997","Hattori, E.K.O.","2018","Bronze","Ouro",,"São Roque de Minas","Estrada para o Retiro das Pedras. Parque Nacional da Serra da Canastra."
"PARQUE NACIONAL SERRA DA CANASTRA","Angiosperms","Fabaceae","Chamaecrista","setosa","(Vogel) H.S.Irwin & Barneby","FABACEAE Chamaecrista setosa (Vogel) H.S.Irwin & Barneby","229803","x","SPF","Romero, R.","4312","Native","1997","Cota, M.M.T.","2018","Bronze","Ouro",,,"Parque Nacional da Serra da Canastra"
"PARQUE NACIONAL SERRA DA CANASTRA",,"Polypodiaceae","Serpocaulon","polystichum","(Link) A.R.Sm.","POLYPODIACEAE Serpocaulon polystichum (Link) A.R.Sm.","CESJ057789","splink","CESJ","Salino, A.","3151",,"1997","Sanin, D.","2018","Bronze","Ouro",,"São Roque de Minas","Parque Nacional da Serra da Canastra, 20º10'17"" S, 46º39'52"" W."
"PARQUE NACIONAL SERRA DA CANASTRA","Angiosperms","Rubiaceae","Declieuxia",,"Kunth","RUBIACEAE Declieuxia Kunth","14014","x","HUFU","Nakajima, J.N.","2256","Native","1997","Carmo, J.A.M.","2018","Bronze","Ouro",,,"Parque Nacional da Serra da Canastra, Estrada São Roque de Minas - Sacramento, 60km."
"PARQUE NACIONAL SERRA DA CANASTRA","Angiosperms","Rubiaceae","Emmeorhiza","umbellata","(Spreng.) K.Schum.","RUBIACEAE Emmeorhiza umbellata (Spreng.) K.Schum.","16083","x","HUFU","Nakajima, J.N.","2766","Native","1997","Carmo, J.A.M.","2018","Bronze","Ouro",,,"Parque Nacional da Serra da Canastra, Nascente do córrego do Barbaro."
"PARQUE NACIONAL SERRA DA CANASTRA","Angiosperms","Apiaceae","Eryngium","canaliculatum","Cham. & Schltdl.","APIACEAE Eryngium canaliculatum Cham. & Schltdl.","15993","x","HUFU","Nakajima, J.N.","2657","Native","1997","Lucas, D.","2017","Bronze","Ouro",,,"Parque Nacional da Serra da Canastra, Estrada para o sítio João Domingos."
"PARQUE NACIONAL SERRA DA CANASTRA","Angiosperms","Poaceae","Aulonemia",,"Goudot","POACEAE Aulonemia Goudot","170803","x","BHCB","Romero, R.","3904","Native","1997","Rodrigues, R.S.","2016","Bronze","Ouro",,,"Parque Nacional da Serra da Canastra, Trilha para a parte de baixo da cachoeira Casca D'Anta. Encosta."
"PARQUE NACIONAL SERRA DA CANASTRA","Angiosperms","Poaceae","Axonopus",,"P. Beauv.","POACEAE Axonopus P. Beauv.","BHCB015468","splink","BHCB","Nakajima, J.N.","2169","Native","1997","Rodrigues, R.S.","2016","Bronze","Ouro",,"São Roque de Minas","Parque Nacional da Serra da Canastra, Serra Brava"
"PARQUE NACIONAL SERRA DA CANASTRA","Angiosperms","Poaceae","Paspalum","filifolium","Nees ex Steud.","POACEAE Paspalum filifolium Nees ex Steud.","BHCB015465","splink","BHCB","Romero, R.","4614","Native","1997","Rodrigues, R.S.","2016","Bronze","Ouro",,"São Roque de Minas","Parque Nacional da Serra da Canastra, Estrada para a Serra da Chapada"
"PARQUE NACIONAL SERRA DA CANASTRA","Angiosperms","Araliaceae","Oreopanax",,"Decne. & Planch.","ARALIACEAE Oreopanax Decne. & Planch.","15495","x","HUFU","Nakajima, J.N.","2574","Native","1997","Mendoza, M.","2015","Bronze","Ouro",,,"Parque Nacional da Serra da Canastra, Guarita de Sacramento, captação de água."
"PARQUE NACIONAL SERRA DA CANASTRA","Angiosperms","Asteraceae","Mikania","stylosa","Gardner","ASTERACEAE Mikania stylosa Gardner","UEC126102","splink","UEC","Nakajima, J.N.","2621","Native","1997","Oliveira, C.T.","2015","Bronze","Ouro",,"São Roque de Minas","Guarita da Casca D'Anta, parte de baixo, Parque Nacional da Serra da Canastra."
"PARQUE NACIONAL SERRA DA CANASTRA","Angiosperms","Acanthaceae","Ruellia","jussieuoides","Schltdl. & Cham.","ACANTHACEAE Ruellia jussieuoides Schltdl. & Cham.","BHCB006720","splink","BHCB","Lombardi, J.A.","1926","Native","1997","Pessoa, C.S.","2012","Bronze","Ouro",,"São Roque de Minas","Parque Nacional da Serra da Canastra, Junto ao Rio São Francisco, cachoeira Casca D´anta."
"PARQUE NACIONAL SERRA DA CANASTRA","Angiosperms","Asteraceae","Cyrtocymura","scorpioides","(Lam.) H.Rob.","ASTERACEAE Cyrtocymura scorpioides (Lam.) H.Rob.","BHCB007258","splink","BHCB","Lombardi, J.A.","1924.","Native","1997","Soares, P.N.","2012","Bronze","Ouro",,"São Roque de Minas","Parque Nacional da Serra da Canastra"
"PARQUE NACIONAL SERRA DA CANASTRA",,"Asteraceae","Vernonia","rubriramea","Mart. ex DC.","ASTERACEAE Vernonia rubriramea Mart. ex DC.","56481","x","HUFU","Nakajima, J.N.","2598",,"1997","Soares, P.N.","2012","Bronze","Ouro",,,"Parque Nacional da Serra da Canastra, Guarita da Casca D'Anta, parte de baixo. Mata próxima ao Rio São Francisco, beira da estrada."
"PARQUE NACIONAL SERRA DA CANASTRA","Angiosperms","Fabaceae","Zornia","reticulata","Sm.","FABACEAE Zornia reticulata Sm.","VIC028286","splink","VIC","Romero, R.","3970","Native","1997","Fortuna-Perez, A.P.","2012","Bronze","Ouro",,,"Parque Nacional da Serra da Canastra, Estrada para o Retiro de Pedras, próximo à divisa do Parque. Campo limpo com afloramentos rochosos."
"PARQUE NACIONAL SERRA DA CANASTRA","Angiosperms","Selaginellaceae","Selaginella","flexuosa","Spring","SELAGINELLACEAE Selaginella flexuosa Spring","37673","splink","BHCB","Salino, A.","3205","Native","1997","Heringer, G.","2011","Bronze","Ouro",,"São Roque de Minas","Parque Nacional da Serra da Canastra"
"PARQUE NACIONAL SERRA DA CANASTRA","Angiosperms","Bignoniaceae","Fridericia","formosa","(Bureau) L.G.Lohmann","BIGNONIACEAE Fridericia formosa (Bureau) L.G.Lohmann","15624","x","HUFU","Romero, R.","4459","Native","1997","Lohman, L.G.","2010","Bronze","Ouro",,,"Parque Nacional da Serra da Canastra, Cachoeira dos Rolinhos."
"PARQUE NACIONAL SERRA DA CANASTRA","Angiosperms","Eriocaulaceae","Syngonanthus","fischerianus","(Bong.) Ruhland","ERIOCAULACEAE Syngonanthus fischerianus (Bong.) Ruhland","37949","x","BHCB","Lombardi, J.A.","1856","Native","1997","Echternacht, L.A.","2009","Bronze","Ouro",,,"Parque Nacional da Serra da Canastra, Córrego Passageiro."
"PARQUE NACIONAL SERRA DA CANASTRA","Angiosperms","Cyperaceae","Scleria","vaginata","Steud.","CYPERACEAE Scleria vaginata Steud.","36901","x","UFP","Lobardi, J.A.","1929","Native","1997","Araujo, A.C.","2008","Bronze","Ouro",,,"Parque Nacional da Serra da Canastra. Mata semidecídua, junto ao Rio São Francisco, cachoeira Casca D'anta."
"PARQUE NACIONAL SERRA DA CANASTRA","Angiosperms","Fabaceae","Betencourtia","crassifolia","(Benth.) L.P.Queiroz","FABACEAE Betencourtia crassifolia (Benth.) L.P.Queiroz","VIC028258","splink","VIC","Nakajima, J.N.","2241","Native","1997","Ceolin, G.B.","2008","Bronze","Ouro",,"São Roque de Minas","Parque Nacional da Serra da Canastra"
"PARQUE NACIONAL SERRA DA CANASTRA","Angiosperms","Fabaceae","Cerradicola","boavista","(Vell.) L.P.Queiroz","FABACEAE Cerradicola boavista (Vell.) L.P.Queiroz","VIC021539","splink","VIC","Romero, R.","4537","Native","1997","Ceolin, G.B.","2008","Bronze","Ouro",,"São Roque de Minas","Parque Nacional da Serra da Canastra"
"PARQUE NACIONAL SERRA DA CANASTRA","Angiosperms","Cyperaceae","Scleria","microcarpa","Nees ex Kunth","CYPERACEAE Scleria microcarpa Nees ex Kunth","37702","x","UFP","Lombardi, J.A.","1831","Native","1997","Araujo, A.C.","2007","Bronze","Ouro",,,"Parque Nacional da Serra da Canastra"
"PARQUE NACIONAL SERRA DA CANASTRA","Angiosperms","Malpighiaceae","Banisteriopsis","megaphylla","(A.Juss.) B.Gates","MALPIGHIACEAE Banisteriopsis megaphylla (A.Juss.) B.Gates","UPCB0090276","splink","UPCB","Nakajima, J.A.","2376","Native","1997","Volpi, R.L.","2006","Bronze","Ouro",,"São Roque de Minas","Estrada para o Retiro de Pedras. Parque Nacional da Serra da Canastra."
"PARQUE NACIONAL SERRA DA CANASTRA","Angiosperms","Magnoliaceae","Magnolia","ovata","(A.St.-Hil.) Spreng.","MAGNOLIACEAE Magnolia ovata (A.St.-Hil.) Spreng.","16250","x","HUFU","Nakajima, J.N.","2825","Native","1997","Andrade, T.","2005","Bronze","Ouro",,,"Parque Nacional da Serra da Canastra, Nascente do Rio São Francisco."
"PARQUE NACIONAL SERRA DA CANASTRA","Angiosperms","Meliaceae","Guarea","macrophylla","(Vell.) T.D.Penn.","MELIACEAE Guarea macrophylla subsp. tuberculata (Vell.) T.D.Penn.","HUFU00037146","splink","HUFU","Romero, R.","4499","Native","1997","Andrade, T.","2005","Bronze","Ouro",,"São Roque de Minas","Parque Nacional da Serra da Canastra, Cachoeira Casca D'Anta, parte de cima."
"PARQUE NACIONAL SERRA DA CANASTRA","Angiosperms","Orchidaceae","Gomesa","bifolia","(Sims) M.W.Chase & N.H.Williams","ORCHIDACEAE Gomesa bifolia (Sims) M.W.Chase & N.H.Williams","HUFU00035708","splink","HUFU","Nakajima, J.N.","2958","Native","1997","Andrade, T.","2005","Bronze","Ouro",,"São Roque de Minas","Parque Nacional da Serra da Canastra, Estrada para Sacramento, próximo da Torre de observação."
"PARQUE NACIONAL SERRA DA CANASTRA","Angiosperms","Gleicheniaceae","Sticherus","pruinosus","(Mart.) Ching","GLEICHENIACEAE Sticherus pruinosus (Mart.) Ching","NY00920490","splink","NY","Salino, A.","3159","Native","1997","Moran, R.C.","2004","Bronze","Ouro",,"São Roque de Minas","Parque Nacional da Serra da Canastra. Nascente do rio São Francisco."
"PARQUE NACIONAL SERRA DA CANASTRA","Angiosperms","Selaginellaceae","Selaginella","muscosa","Spring","SELAGINELLACEAE Selaginella muscosa Spring","37708","splink","BHCB","Salino, A.","3240","Native","1997","Mota, N.F.O.","2003","Bronze","Ouro",,"São Roque de Minas","Parque Nacional da Serra da Canastra"
"PARQUE NACIONAL SERRA DA CANASTRA","Angiosperms","Caprifoliaceae","Valeriana",,"L.","CAPRIFOLIACEAE Valeriana L.","HRCB029627","splink","HRCB","Lombardi, J.A.","1931","Native","1997","Souza, J.P.","2001","Bronze","Ouro",,"São Roque de Minas","Parque Nacional da Serra da Canastra"
"PARQUE NACIONAL SERRA DA CANASTRA","Angiosperms","Apocynaceae",,,"Juss.","APOCYNACEAE Apocynaceae Juss.","HUFU00053022","x","HUFU","Romero, R.","4775","Native","1997","Farinaccio, M.A.","2000","Bronze","Ouro",,,"Parque Nacional da Serra da Canastra"
"PARQUE NACIONAL SERRA DA CANASTRA","Angiosperms","Podostemaceae","Podostemum",,"Michx.","PODOSTEMACEAE Podostemum Michx.","38044","splink","BHCB","Lombardi, J.A.","1951","Native","1997","Retana, A.N.","2000","Bronze","Ouro",,"São Roque de Minas","Parque Nacional da Serra da Canastra, Corredeira no Rio São Francisco, caminho para a cachoeira Casca D'Anta."
"PARQUE NACIONAL SERRA DA CANASTRA","Angiosperms","Passifloraceae",,,"Juss. ex Roussel","PASSIFLORACEAE Passifloraceae Juss. ex Roussel","43040","splink","IAC","Nakajima, J.N.","2413","Native","1997","Nakajima, J.N.","1997","Bronze","Ouro",,"São Roque de Minas","Trilha para a parte de baixo da Cachoeira Casca da Anta, Parque Nacional da Serra da Canastra"
"PARQUE NACIONAL SERRA DA CANASTRA","Angiosperms","Rubiaceae","Palicourea","marcgravii","A.St.-Hil.","RUBIACEAE Palicourea marcgravii A.St.-Hil.","107032","x","UEC","Nakajima, J.N.","2455","Native","1996","Rossatto, I.C.","2025","Bronze","Ouro",,,"Parque Nacional da Serra da Canastra."
"PARQUE NACIONAL SERRA DA CANASTRA","Angiosperms","Rubiaceae","Psychotria","leiocarpa","Cham. & Schltdl.","RUBIACEAE Psychotria leiocarpa Cham. & Schltdl.","UEC118027","splink","UEC","Nakajima, J.N.","2491","Native","1996","Torres-Leite, F.","2021","Bronze","Ouro",,"São Roque de Minas","Trilha da Cachoeira Casca D'anta, Parque Nacional da Serra da Canastra, São Roque de Minas."
"PARQUE NACIONAL SERRA DA CANASTRA","Angiosperms","Asteraceae","Dimerostemma","brasilianum","Cass.","ASTERACEAE Dimerostemma brasilianum Cass.","UEC113489","splink","UEC","Nakajima, J.N.","2461A","Native","1996","Bueno, V.R.","2019","Bronze","Ouro",,"São Roque de Minas","Cachoeira dos Rolinhos, Parque Nacional da Serra da Canastra, São Roque de Minas, Minas Gerais, Brasil."
"PARQUE NACIONAL SERRA DA CANASTRA","Angiosperms","Amaryllidaceae","Hippeastrum",,"Herb.","AMARYLLIDACEAE Hippeastrum Herb.","228417","x","SPF","Romero, R.","3708","Native","1996","Oliveira, R.S.","2018","Bronze","Ouro",,,"Parque Nacional da Serra da Canastra"
"PARQUE NACIONAL SERRA DA CANASTRA","Angiosperms","Poaceae",,,"Barnhart","POACEAE Poaceae Barnhart","BHCB015446","splink","BHCB","Romero, R.","3651","Native","1996","Rodrigues, R.S.","2018","Bronze","Ouro",,"Sacramento","Parque Nacional da Serra da Canastra, Guarita de Sacramento, caminho para córrego dos coelhos"
"PARQUE NACIONAL SERRA DA CANASTRA","Angiosperms","Apiaceae","Eryngium","hemisphaericum","Urb.","APIACEAE Eryngium hemisphaericum Urb.","13389","x","HUFU","Romero, R.","3810","Native","1996","Lucas, D.","2017","Bronze","Ouro",,,"Parque Nacional da Serra da Canastra, Estrada São Roque - Sacramento, próximo à torre de observação."
"PARQUE NACIONAL SERRA DA CANASTRA","Angiosperms","Fabaceae","Chamaecrista","ochnacea","(Vogel) H.S.Irwin & Barneby","FABACEAE Chamaecrista ochnacea (Vogel) H.S.Irwin & Barneby","UEC133091","splink","UEC","Nakajima, J.N.","2469","Native","1996","Mendes, T.P.","2017","Bronze","Ouro",,"São Roque de Minas","Parque Nacional da Serra da Canastra, Cachoeira dos Rolinhos. Campo rupestre."
"PARQUE NACIONAL SERRA DA CANASTRA","Angiosperms","Poaceae","Ctenium",,"Panz.","POACEAE Ctenium Panz.","170789","x","BHCB","Nakajima, J.N.","2115","Native","1996","Rodrigues, R.","2016","Bronze","Ouro",,,"Parque Nacional da Serra da Canastra, Estrada São Roque-Sacramento, próximo á torre de observação"
"PARQUE NACIONAL SERRA DA CANASTRA","Angiosperms","Fabaceae","Eriosema","campestre","(Grear) Fortunato","FABACEAE Eriosema campestre var. macrophyllum (Grear) Fortunato","OUPR000026924","splink","OUPR","Romero, R.","3669","Native","1996","Candido, E.S.","2014","Bronze","Ouro",,"Sacramento","Parque Nacional da Serra da Canastra. Guarita de Sacramento, caminho para Córrego dos Coelhos."
"PARQUE NACIONAL SERRA DA CANASTRA","Angiosperms","Orchidaceae","Buchtienia","nitida","(Vell.) Fraga & Meneguzzo","ORCHIDACEAE Buchtienia nitida (Vell.) Fraga & Meneguzzo","13060","x","HUFU","Nakajima, J.N.","2096",,"1996","Pansarim, E.R.","2012","Bronze","Ouro",,,"Parque Nacional da Serra da Canastra, Nascente do Rio das Velhas."
"PARQUE NACIONAL SERRA DA CANASTRA","Angiosperms","Malpighiaceae","Heteropterys","grandiflora","A.Juss.","MALPIGHIACEAE Heteropterys grandiflora A.Juss.","UPCB0090126","splink","UPCB","Nakajima, J.N.","2064","Native","1996","Volpi, R.L.","2006","Bronze","Ouro",,"São Roque de Minas","Cachoeira de Rolinhos, Parque Nacional da Serra da Canastra."
"PARQUE NACIONAL SERRA DA CANASTRA","Angiosperms","Malpighiaceae","Heteropterys","orinocensis","(Kunth) A.Juss.","MALPIGHIACEAE Heteropterys orinocensis (Kunth) A.Juss.","12973","x","HUFU","Nakajima, J.N.","2064","Native","1996","Assis, A.M.","2002","Bronze","Ouro",,,"Parque Nacional da Serra da Canastra, Cachoeira dos Rolinhos."
"PARQUE NACIONAL SERRA DA CANASTRA","Angiosperms","Cyperaceae","Cyperus","rigens","C.Presl","CYPERACEAE Cyperus rigens C.Presl","170740","x","BHCB","Nakajima, J.N.","945","Native","1995","Silva, L.P.",,"Bronze","Ouro",,,"Parque Nacional da Serra da Canastra, Estrada para Sacramento, Córrego dos Passageiros"
"PARQUE NACIONAL SERRA DA CANASTRA","Angiosperms","Fabaceae","Nissolia","longiflora","(Benth. ex A.Gray) T.M.Moura & Fort.-Perez","FABACEAE Nissolia longiflora (Benth. ex A.Gray) T.M.Moura & Fort.-Perez","111936","x","UEC","Romero, R.","2371","Native","1995","Romero, R.",,"Bronze","Ouro",,,"PARNA Serra da Canastra, Morro próximo 'a sede administrativa."
"PARQUE NACIONAL SERRA DA CANASTRA","Angiosperms","Gentianaceae","Schultesia","gracilis","Mart.","GENTIANACEAE Schultesia gracilis Mart.","RB00119479","x","RB","Nakajima, J.N.","888","Native","1995","Guimaraes, E.",,"Bronze","Ouro",,,"estr. para Sacramento, próx. ao corrego dos Passegeiros, Parna Serra da Canastra. PARNA Serra da Canastra"
"PARQUE NACIONAL SERRA DA CANASTRA","Angiosperms","Orchidaceae","Pabstiella","fusca","(Lindl.) Chiron & Xim.Bols.","ORCHIDACEAE Pabstiella fusca (Lindl.) Chiron & Xim.Bols.","SPSF00019467","splink","SPSF","Romero, R.","2216","Native","1995","Baitello, J.B.",,"Bronze","Ouro",,"São Roque de Minas","Parque Nacional da Serra da Canastra."
"PARQUE NACIONAL SERRA DA CANASTRA","Angiosperms","Orchidaceae","Prescottia","montana","Barb.Rodr.","ORCHIDACEAE Prescottia montana Barb.Rodr.","UEC017192","splink","UEC","Romero, R.","2152","Native","1995","Ribeiro",,"Bronze","Ouro",,"Sacramento","PARNA da Serra da Canastra, Guarita de Sacramento."
"PARQUE NACIONAL SERRA DA CANASTRA","Angiosperms","Rubiaceae","Perama",,"Aubl.","RUBIACEAE Perama Aubl.","RB00632755","x","RB","Nakajama, J.N.","1013","Native","1995","Nunes, D.",,"Bronze","Ouro",,,"Estrada S. Roque - Sacramento, 3km da sede administrativa, PARNA Serra da Canastra."
"PARQUE NACIONAL SERRA DA CANASTRA","Angiosperms","Cordiaceae","Varronia","truncata","(Fresen.) Borhidi","CORDIACEAE Varronia truncata (Fresen.) Borhidi","CESJ029186","splink","CESJ","Romero, R.","2221","Native","1995","Melo, J.I.M.","2025","Bronze","Ouro",,"São Roque de Minas","PARNA Serra da Canastra, Chapadão do Diamante."
"PARQUE NACIONAL SERRA DA CANASTRA","Angiosperms","Cucurbitaceae","Cayaponia",,"Silva Manso","CUCURBITACEAE Cayaponia Silva Manso","RB00791014","x","RB","Nakajima, J.N.","950","Native","1995","V.l.gomes-Klein","2015","Bronze","Ouro",,,"Estrada para Sacramento, 25km da guarita de Sacramento, PARNA Serra da Canastra."
"PARQUE NACIONAL SERRA DA CANASTRA","Angiosperms","Eriocaulaceae","Paepalanthus","manicatus","Poulsen ex Malme","ERIOCAULACEAE Paepalanthus manicatus Poulsen ex Malme","106111","x","SPF","Nakajima, J.N.","931","Native","1995","Trovo, M.L.O.","2015","Bronze","Ouro",,,"Parque Nacional da Serra da Canastra"
"PARQUE NACIONAL SERRA DA CANASTRA","Angiosperms","Lamiaceae","Medusantha",,"Harley & J.F.B.Pastore","LAMIACEAE Medusantha Harley & J.F.B.Pastore","CESJ029142","splink","CESJ","Nakajima, J.N.","1177","Native","1995","Mota, M.C.A.","2015","Bronze","Ouro",,"São Roque de Minas","Parque Nacional da Serra da Canastra, Guarita de Sacramento"
"PARQUE NACIONAL SERRA DA CANASTRA","Angiosperms","Alstroemeriaceae","Alstroemeria",,"L.","ALSTROEMERIACEAE Alstroemeria L.","UEC090373","splink","UEC","Romero, R.","1790","Native","1995","Oliveira, R.S.","2013","Bronze","Ouro",,"São Roque de Minas","Estrada para Sacramento, Próximo a Torre de Observação. PARNA Serra da Canastra"
"PARQUE NACIONAL SERRA DA CANASTRA","Angiosperms","Bignoniaceae","Amphilophium","elongatum","(Vahl) L.G.Lohmann","BIGNONIACEAE Amphilophium elongatum (Vahl) L.G.Lohmann","10564","x","HUFU","Nakajima, J.N.","1534","Native","1995","Machado, A.I.M.R.","2010","Bronze","Ouro",,,"Parque Nacional da Serra da Canastra, Cachoeira dos Rolinhos. Beira do córrego."
"PARQUE NACIONAL SERRA DA CANASTRA","Angiosperms","Moraceae","Ficus","guaranitica","Chodat","MORACEAE Ficus guaranitica Chodat","320334","x","SP","Nakajima, J.N.","1102","Native","1995","Souza, L.R.M.","2007","Bronze","Ouro",,,"Parque Nacional da Serra da Canastra, Cachoeira da Casca d'Anta, trilha para a guarita de baixo"
"PARQUE NACIONAL SERRA DA CANASTRA","Angiosperms","Malpighiaceae","Byrsonima","linearifolia","A.Juss.","MALPIGHIACEAE Byrsonima linearifolia A.Juss.","UPCB0091047","splink","UPCB","Romero, R.","1617","Native","1995","Volpi, R.L.","2006","Bronze","Ouro",,"Sacramento","Próximo a guarita de Sacramento, PARNA Serra da Canastra."
"PARQUE NACIONAL SERRA DA CANASTRA","Angiosperms","Violaceae","Pombalia","atropurpurea","(A.St.-Hil.) Paula-Souza","VIOLACEAE Pombalia atropurpurea (A.St.-Hil.) Paula-Souza","HUFU00033842","splink","HUFU","Romero, R.","2060","Native","1995","Damaso, P.P.","2004","Bronze","Ouro",,"São Roque de Minas","Parque Nacional da Serra da Canastra, Guarita 3, cachoeira Casca D'Anta."
"PARQUE NACIONAL SERRA DA CANASTRA","Angiosperms","Convolvulaceae","Evolvulus","pterygophyllus","Mart.","CONVOLVULACEAE Evolvulus pterygophyllus Mart.","287553","splink","SP","Romero, R.","2288","Native","1995","Bianchini, R.S.","2003","Bronze","Ouro",,"São Roque de Minas","Parque Nacional da Serra da Canastra, estrada para cachoeira dos Rolinhos"
"PARQUE NACIONAL SERRA DA CANASTRA","Angiosperms","Orchidaceae","Encyclia",,"Hook.","ORCHIDACEAE Encyclia Hook.","8993","x","HUFU","Romero, R.","2320","Native","1995","Ribeiro, J.E.L.S.","2001","Bronze","Ouro",,,"Parque Nacional da Serra da Canastra, Estrada para o Retiro das Pedras."
"PARQUE NACIONAL SERRA DA CANASTRA","Angiosperms","Orchidaceae","Pelexia",,"Poit. ex Lindl.","ORCHIDACEAE Pelexia Poit. ex Lindl.","8486","x","HUFU","Romero, R.","2063","Native","1995","Singer, R.B.","1997","Bronze","Ouro",,,"Parque Nacional da Serra da Canastra, Guarita 3, Cachoeira Casca D'Anta."
"PARQUE NACIONAL SERRA DA CANASTRA","Angiosperms","Orchidaceae","Pachygenium","parvum","(Cogn.) Szlach. et al.","ORCHIDACEAE Pachygenium parvum (Cogn.) Szlach. et al.","UEC017183","splink","UEC","Romero, R.","1908","Native","1995","Ribeiro, J.E.L.S.","1996","Bronze","Ouro",,"São Roque de Minas","PARNA da Serra da Canastra, Morro próximo a sede administrativa."
"PARQUE NACIONAL SERRA DA CANASTRA","Angiosperms","Oxalidaceae","Oxalis","rupestris","A.St.-Hil.","OXALIDACEAE Oxalis rupestris A.St.-Hil.","P05551622","x","P","Romero, R.","1679","Native","1995","Lourteig, A.","1996","Bronze","Ouro",,,"3 km da sede administrativa, estrada para Sacramento, PARNA Serra da Canastra"
"PARQUE NACIONAL SERRA DA CANASTRA","Angiosperms","Convolvulaceae","Evolvulus","aurigenius","Ooststr.","CONVOLVULACEAE Evolvulus aurigenius var. meissnerianus Ooststr.","286537","splink","SP","Nakajima, J.N.","842","Native","1995","Bianchini, R.S.","1995","Bronze","Ouro",,"São Roque de Minas","Parque Nacional da Serra da Canastra, estrada do Chapadão Diamante"
"PARQUE NACIONAL SERRA DA CANASTRA","Angiosperms","Cucurbitaceae","Melothrianthus","smilacifolius","(Cogn.) Mart.Crov.","CUCURBITACEAE Melothrianthus smilacifolius (Cogn.) Mart.Crov.","UFG0018226","splink","UFG","Cesar, R.","297","Native","1995","Cesar, R.","1995","Bronze","Ouro",,"São Roque de Minas","PARNA da Serra da Canastra"
"PARQUE NACIONAL SERRA DA CANASTRA","Angiosperms","Ophioglossaceae","Ophioglossum","nudicaule","L.f.","OPHIOGLOSSACEAE Ophioglossum nudicaule L.f.","107025","x","BHCB","Romero, R.","1519","Native","1994","Salino, A.",,"Bronze","Ouro",,,"Parque Nacional da Serra da Canastra, Após entrada para o Retiro das Pedras, estrada para Sacramento."
"PARQUE NACIONAL SERRA DA CANASTRA","Angiosperms","Polygalaceae","Caamembeca",,"J.F.B.Pastore","POLYGALACEAE Caamembeca J.F.B.Pastore","RB00319378","x","RB","Nakajima, J.N.","772","Native","1994","Marques, M.C.",,"Bronze","Ouro",,,"Próximo a guarita de Scramento, Estrada para São Roque de Minas, Parna Serra da Canastra. PARNA Serra da Canastra"
"PARQUE NACIONAL SERRA DA CANASTRA","Angiosperms","Convolvulaceae","Evolvulus","cressoides","Mart.","CONVOLVULACEAE Evolvulus cressoides Mart.","286550","splink","SP","Nakajima, J.N.","744","Native","1994","Kojima, R.K.","2019","Bronze","Ouro",,"São Roque de Minas","Parque Nacional da Serra da Canastra, 32 km da sede administrativa, estrada para Sactamento"
"PARQUE NACIONAL SERRA DA CANASTRA","Angiosperms","Eriocaulaceae","Paepalanthus","bromelioides","Silveira","ERIOCAULACEAE Paepalanthus bromelioides Silveira","SPF00106104","splink","SPF","Romero, R.","728","Native","1994","Sauthier, L.J.","2017","Bronze","Ouro",,"São Roque de Minas","Parque Nacional da Serra da Canastra, Estrada para a cachoeira da Casca d'Anta."
"PARQUE NACIONAL SERRA DA CANASTRA","Angiosperms","Eriocaulaceae","Giuliettia","subtilis","(Miq.) Andrino & Sano","ERIOCAULACEAE Giuliettia subtilis (Miq.) Andrino & Sano","106073","x","SPF","Romero, R.","852","Native","1994","Trovo, M.L.O.","2015","Bronze","Ouro",,,"Parque Nacional da Serra da Canastra"
"PARQUE NACIONAL SERRA DA CANASTRA","Angiosperms","Acanthaceae","Ruellia","bulbifera","Lindau","ACANTHACEAE Ruellia bulbifera Lindau","VIC037357","splink","VIC","Romero, R.","1310","Native","1994","Pessoa, C.S.","2012","Bronze","Ouro",,"São Roque de Minas","Parque Nacional da Serra da Canastra, Estrada São Roque de Minas - Sacramento, após o curral de pedras. Campo limpo."
"PARQUE NACIONAL SERRA DA CANASTRA","Angiosperms","Fabaceae","Macroptilium","monophyllum","(Benth.) Maréchal & Baudet","FABACEAE Macroptilium monophyllum (Benth.) Maréchal & Baudet","UEC054044","splink","UEC","Romero, R.","935","Native","1994","Silva, E.D.","2011","Bronze","Ouro",,"São Roque de Minas","Estrada para Sacramento, 11 Km da sede administrativa próximo ao Currral de Pedras, PARNA Serra da Canastra. Campo limpo."
"PARQUE NACIONAL SERRA DA CANASTRA","Angiosperms","Polygalaceae","Monnina","richardiana","A.St.-Hil. & Moq.","POLYGALACEAE Monnina richardiana A.St.-Hil. & Moq.","RB00425421","x","RB","Nakajima, J.N.","411","Native","1994","Marques, M.C.","2007","Bronze","Ouro",,,"Próximo a guarita de Sacramento. PARNA Serra da Canastra. PARNA Serra da Canastra"
"PARQUE NACIONAL SERRA DA CANASTRA","Angiosperms","Gentianaceae","Calolisianthus","pulcherrimus","(Mart.) Gilg","GENTIANACEAE Calolisianthus pulcherrimus (Mart.) Gilg","RB00113236","x","RB","Castro, N.M.","5324","Native","1994","Guimaraes, E.","2005","Bronze","Ouro",,,"Con. do Mato Dentro, Parque Nacional da Serra da Canastra- Km 131. Parque Nacional da Serra da Canastra"
"PARQUE NACIONAL SERRA DA CANASTRA","Angiosperms","Dioscoreaceae","Dioscorea","debilis","Uline ex R.Knuth","DIOSCOREACEAE Dioscorea debilis Uline ex R.Knuth","5656","x","HUFU","Romero, R.","905","Native","1994","Krizawa, M.","1997","Bronze","Ouro",,,"Parque Nacional da Serra da Canastra"
"PARQUE NACIONAL SERRA DA CANASTRA","Angiosperms","Burmanniaceae","Burmannia","alba","Mart.","BURMANNIACEAE Burmannia alba Mart.","5646","x","HUFU","Nakajima, J.N.","323",,"1994","Mass, P.J.M.","1995","Bronze","Ouro",,,"Parque Nacional da Serra da Canastra"
"PARQUE NACIONAL SERRA DA CANASTRA","Angiosperms","Cyperaceae","Rhynchospora","barbata","(Vahl) Kunth","CYPERACEAE Rhynchospora barbata (Vahl) Kunth","BHCB060792","splink","BHCB","Sousa, H.C.","s.n.","Native","1990","Alves, K.N.L.","2022","Bronze","Ouro",,"São Roque de Minas","Serra da Canastra, Parque Nacional da Serra da Canastra."
"PARQUE NACIONAL SERRA DA CANASTRA","Angiosperms","Fabaceae","Copaifera",,"L.","FABACEAE Copaifera L.","UEC151332","splink","UEC","Nakajima, J.N.","2520","Native","1986","Escobar, N.A.G.","2018","Bronze","Ouro",,"São Roque de Minas","Cachoeira Casca D Anta, Parte de sima nas ""piscinas"", Parque Nacional de Serra da Canastra, São Roque de Minas, Minas Gerais, Brasil."
"PARQUE NACIONAL SERRA DA CANASTRA","Angiosperms","Batrachospermaceae","Batrachospermum",,"Roth","BATRACHOSPERMACEAE Batrachospermum Roth","187343","splink","SP-ALGAE","Vital, D.M.",,"Native","1984","Necchi Junior, O.",,"Bronze","Ouro",,,"Parque Nacional da Serra da Canastra, Casca D'anta"
"PARQUE NACIONAL SERRA DA CANASTRA","Angiosperms","Sematophyllaceae","Brittonodoxa","lithophila","(Hornsch.) W.R. Buck, P.E.A.S.Câmara & Carv.-Silva","SEMATOPHYLLACEAE Brittonodoxa lithophila (Hornsch.) W.R. Buck, P.E.A.S.Câmara & Carv.-Silva","UB0349498",,"UB","Vital, D.M.","11942",,"1984","Buck, W.R.",,"Bronze","Ouro",,"São Roque de Minas","Mun. São Roque de Minas, Parque Nacional da Serra da Canastra, Cachoeira Casca D´´Anta."
"PARQUE NACIONAL SERRA DA CANASTRA","Angiosperms","Sematophyllaceae","Jirivanaea","cuspidifera","(Mitt.) U.B.Deshmukh & Rathor","SEMATOPHYLLACEAE Jirivanaea cuspidifera (Mitt.) U.B.Deshmukh & Rathor","78095","x","UFP","Vital, D.M.","11925","Native","1984","Carmo, D.M.",,"Bronze","Ouro",,,"Parque Nacional Serra da Canastra, cachoeira Casca D' Anta"
"PARQUE NACIONAL SERRA DA CANASTRA","Angiosperms","Sphagnaceae","Sphagnum","perichaetiale","Hampe","SPHAGNACEAE Sphagnum perichaetiale Hampe","MICH00550547","splink","MICH","Vital, D.M.","11914","Native","1984","Crum, H.A.",,"Bronze","Ouro",,"São Roque de Minas","Parque Nacional da Serra da Canastra, Nascente do Rio San Franciscio."
"PARQUE NACIONAL SERRA DA CANASTRA","Angiosperms","Sphagnaceae","Sphagnum","recurvum","P.Beauv.","SPHAGNACEAE Sphagnum recurvum P.Beauv.","MICH00550620","splink","MICH","Vital, D.M.","11939A","Native","1984","Crum, H.A.",,"Bronze","Ouro",,"São Roque de Minas","Parque Nacional da Serra da Canastra, Cachoeira Casca D'Anta."
"PARQUE NACIONAL SERRA DA CANASTRA","Angiosperms","Sphagnaceae","Sphagnum","pluriporosum","H.A.Crum","SPHAGNACEAE Sphagnum pluriporosum H.A.Crum","NY02683573","splink","NY","Vital, D.M.","11918","Native","1984","Costa, D.P.","2016","Bronze","Ouro",,"São Roque de Minas","Parque Nacional da Serra da Canastra, Cachoeira Casca D'Anta"
"PARQUE NACIONAL SERRA DA CANASTRA","Angiosperms","Funariaceae","Entosthodon","ramulosus","(Hampe) M.S.Dias & D.F.Peralta","FUNARIACEAE Entosthodon ramulosus (Hampe) M.S.Dias & D.F.Peralta","1733133","x","NY","Vital, D.M.","11935","Native","1984","Peralta, D.F.","2014","Bronze","Ouro",,,"Parque Nacional da Serra da Canastra, Cachoeira Casca D'Anta"
"PARQUE NACIONAL SERRA DA CANASTRA","Angiosperms","Balantiopsidaceae","Isotachis","multiceps","(Lindenb. & Gottsche) Gottsche","BALANTIOPSIDACEAE Isotachis multiceps (Lindenb. & Gottsche) Gottsche","SP088865","splink","SP-BRYOPHYTA","Vital, D.M.","11922","Native","1984","Carmo, D.M.","2013","Bronze","Ouro",,"São Roque de Minas","Parque Nacional Serra da Canastra"
"PARQUE NACIONAL SERRA DA CANASTRA","Angiosperms","Balantiopsidaceae","Isotachis","serrulata","(Sw.) Gottsche","BALANTIOPSIDACEAE Isotachis serrulata (Sw.) Gottsche","SP088867","splink","SP-BRYOPHYTA","Vital, D.M.","11926","Native","1984","Carmo, D.M.","2013","Bronze","Ouro",,"São Roque de Minas","Parque Nacional Serra da Canastra"
"PARQUE NACIONAL SERRA DA CANASTRA","Angiosperms","Balantiopsidaceae","Neesioscyphus","carneus","(Nees) Grolle","BALANTIOPSIDACEAE Neesioscyphus carneus (Nees) Grolle","SP088393","splink","SP-BRYOPHYTA","Vital, D.M.","11927","Native","1984","Carmo, D.M.","2013","Bronze","Ouro",,"São Roque de Minas","Parque Nacional Serra da Canastra"
"PARQUE NACIONAL SERRA DA CANASTRA","Ferns and Lycophytes","Bartramiaceae","Philonotis","hastata","(Duby) Wijk & Margad.","BARTRAMIACEAE Philonotis hastata (Duby) Wijk & Margad.","SP088399","splink","SP-BRYOPHYTA","Vital, D.M.","11934","Native","1984","Carmo, D.M.","2013","Bronze","Ouro",,"São Roque de Minas","Parque Nacional Serra da Canastra"
"PARQUE NACIONAL SERRA DA CANASTRA","Ferns and Lycophytes","Bartramiaceae","Philonotis","sphaerocarpa","(Hedw.) Brid.","BARTRAMIACEAE Philonotis sphaerocarpa (Hedw.) Brid.","SP088410","splink","SP-BRYOPHYTA","Vital, D.M.","11945","Native","1984","Carmo, D.M.","2013","Bronze","Ouro",,"São Roque de Minas","Parque Nacional Serra da Canastra"
"PARQUE NACIONAL SERRA DA CANASTRA","Angiosperms","Bruchiaceae","Trematodon","ambiguum","(Hedw.) Hornsch.","BRUCHIACEAE Trematodon ambiguum (Hedw.) Hornsch.","SP088412","splink","SP-BRYOPHYTA","Vital, D.M.","11947","Native","1984","Carmo, D.M.","2013","Bronze","Ouro",,"São Roque de Minas","Parque Nacional Serra da Canastra"
"PARQUE NACIONAL SERRA DA CANASTRA","Angiosperms","Bryaceae","Rhodobryum","beyrichianum","(Hornsch.) Müll. Hal.","BRYACEAE Rhodobryum beyrichianum (Hornsch.) Müll. Hal.","SP088405","splink","SP-BRYOPHYTA","Vital, D.M.","11940","Native","1984","Carmo, D.M.","2013","Bronze","Ouro",,"São Roque de Minas","Parque Nacional Serra da Canastra"
"PARQUE NACIONAL SERRA DA CANASTRA","Ferns and Lycophytes","Calymperaceae","Syrrhopodon","prolifer","Schwägr.","CALYMPERACEAE Syrrhopodon prolifer Schwägr.","SP088863","splink","SP-BRYOPHYTA","Vital, D.M.","11919","Native","1984","Carmo, D.M.","2013","Bronze","Ouro",,"São Roque de Minas","Parque Nacional Serra da Canastra"
"PARQUE NACIONAL SERRA DA CANASTRA","Angiosperms","Dicranaceae","Campylopus","heterostachys","(Hampe) A.Jaeger","DICRANACEAE Campylopus heterostachys (Hampe) A.Jaeger","SP088857","splink","SP-BRYOPHYTA","Vital, D.M.","11913","Native","1984","Carmo, D.M.","2013","Bronze","Ouro",,"São Roque de Minas","Parque Nacional Serra da Canastra"
"PARQUE NACIONAL SERRA DA CANASTRA","Angiosperms","Dicranaceae","Campylopus","pilifer","Brid.","DICRANACEAE Campylopus pilifer Brid.","SP088409","splink","SP-BRYOPHYTA","Vital, D.M.","11944","Native","1984","Carmo, D.M.","2013","Bronze","Ouro",,"São Roque de Minas","Parque Nacional Serra da Canastra"
"PARQUE NACIONAL SERRA DA CANASTRA","Angiosperms","Dicranaceae","Dicranella","lindigiana","(Hampe) Mit.","DICRANACEAE Dicranella lindigiana (Hampe) Mit.","SP088411","splink","SP-BRYOPHYTA","Vital, D.M.","11946","Native","1984","Carmo, D.M.","2013","Bronze","Ouro",,"São Roque de Minas","Parque Nacional Serra da Canastra"
"PARQUE NACIONAL SERRA DA CANASTRA","Angiosperms","Dicranaceae","Dicranodontium","pulchroalare","(Herzog) J.-P.Frahm","DICRANACEAE Dicranodontium pulchroalare subsp. brasiliense (Herzog) J.-P.Frahm","SP088864","splink","SP-BRYOPHYTA","Vital, D.M.","11921","Native","1984","Carmo, D.M.","2013","Bronze","Ouro",,"São Roque de Minas","Parque Nacional Serra da Canastra"
"PARQUE NACIONAL SERRA DA CANASTRA","Angiosperms","Funariaceae","Entosthodon","bonplandii","(Hook.) Mitt.","FUNARIACEAE Entosthodon bonplandii (Hook.) Mitt.","SP088400","splink","SP-BRYOPHYTA","Vital, D.M.","11935","Native","1984","Peralta, D.F.","2013","Bronze","Ouro",,"São Roque de Minas","Parque Nacional Serra da Canastra"
"PARQUE NACIONAL SERRA DA CANASTRA","Angiosperms","Funariaceae","Funaria","calvescens","Schwägr.","FUNARIACEAE Funaria calvescens Schwägr.","SP088414","splink","SP-BRYOPHYTA","Vital, D.M.","11949","Native","1984","Carmo, D.M.","2013","Bronze","Ouro",,"São Roque de Minas","Parque Nacional Serra da Canastra"
"PARQUE NACIONAL SERRA DA CANASTRA","Angiosperms","Hypnaceae","Phyllodon","truncatulus","(Müll.Hal.) W.R.Buck","HYPNACEAE Phyllodon truncatulus (Müll.Hal.) W.R.Buck","SP088401","splink","SP-BRYOPHYTA","Vital, D.M.","11936","Native","1984","Carmo, D.M.","2013","Bronze","Ouro",,"São Roque de Minas","Parque Nacional Serra da Canastra"
"PARQUE NACIONAL SERRA DA CANASTRA",,"Leucobryaceae","Campylopus","flexuosus","(Hedw.) Brid.","LEUCOBRYACEAE Campylopus flexuosus (Hedw.) Brid.","SP088860","splink","SP-BRYOPHYTA","Vital, D.M.","11916",,"1984","Carmo, D.M.","2013","Bronze","Ouro",,"São Roque de Minas","Parque Nacional Serra da Canastra"
"PARQUE NACIONAL SERRA DA CANASTRA","Angiosperms","Mniaceae","Epipterygium","immarginatum","Mitt.","MNIACEAE Epipterygium immarginatum Mitt.","SP088403","splink","SP-BRYOPHYTA","Vital, D.M.","11938","Native","1984","Carmo, D.M.","2013","Bronze","Ouro",,"São Roque de Minas","Parque Nacional Serra da Canastra"
"PARQUE NACIONAL SERRA DA CANASTRA","Angiosperms","Pallaviciniaceae","Symphyogyna","brasiliensis","(Nees) Nees & Mont.","PALLAVICINIACEAE Symphyogyna brasiliensis (Nees) Nees & Mont.","SP088402","splink","SP-BRYOPHYTA","Vital, D.M.","11937","Native","1984","Carmo, D.M.","2013","Bronze","Ouro",,"São Roque de Minas","Parque Nacional Serra da Canastra"
"PARQUE NACIONAL SERRA DA CANASTRA","Angiosperms","Plagiochilaceae","Plagiochila","corrugata","(Nees) Nees & Mont.","PLAGIOCHILACEAE Plagiochila corrugata (Nees) Nees & Mont.","SP088397","splink","SP-BRYOPHYTA","Vital, D.M.","11932","Native","1984","Carmo, D.M.","2013","Bronze","Ouro",,"São Roque de Minas","Parque Nacional Serra da Canastra"
"PARQUE NACIONAL SERRA DA CANASTRA","Angiosperms","Polytrichaceae","Itatiella","riedeliana","(Mont.) N.E. Bell & Hyvönen","POLYTRICHACEAE Itatiella riedeliana (Mont.) N.E. Bell & Hyvönen","SP088396","splink","SP-BRYOPHYTA","Vital, D.M.","11931","Native","1984","Carmo, D.M.","2013","Bronze","Ouro",,"São Roque de Minas","Parque Nacional Serra da Canastra"
"PARQUE NACIONAL SERRA DA CANASTRA","Angiosperms","Polytrichaceae","Pogonatum","pensilvanicum","(E.B.Bartram ex Hedw.) P.Beauv.","POLYTRICHACEAE Pogonatum pensilvanicum (E.B.Bartram ex Hedw.) P.Beauv.","SP088398","splink","SP-BRYOPHYTA","Vital, D.M.","11933","Native","1984","Carmo, D.M.","2013","Bronze","Ouro",,"São Roque de Minas","Parque Nacional Serra da Canastra"
"PARQUE NACIONAL SERRA DA CANASTRA","Angiosperms","Sematophyllaceae","Sematophyllum","pandurifolium","(Broth) Broth","SEMATOPHYLLACEAE Sematophyllum pandurifolium (Broth) Broth","SP088407","splink","SP-BRYOPHYTA","Vital, D.M.","11942","Native","1984","Peralta, D.F.","2013","Bronze","Ouro",,"São Roque de Minas","Parque Nacional Serra da Canastra"
"PARQUE NACIONAL SERRA DA CANASTRA","Angiosperms","Sematophyllaceae","Trichosteleum","lonchophyllum","(Mont.) Carv.-Silva, P.E.A.S. Câmara & W.R. Buck","SEMATOPHYLLACEAE Trichosteleum lonchophyllum (Mont.) Carv.-Silva, P.E.A.S. Câmara & W.R. Buck","SP088394","splink","SP-BRYOPHYTA","Vital, D.M.","11928","Native","1984","Carmo, D.M.","2013","Bronze","Ouro",,"São Roque de Minas","Parque Nacional Serra da Canastra"
"PARQUE NACIONAL SERRA DA CANASTRA","Angiosperms","Dicranaceae","Campylopus","angustiretis","(Austin) Lesq. & James","DICRANACEAE Campylopus angustiretis (Austin) Lesq. & James","NY01206257","splink","NY","Vital, D.M.","11916","Native","1984","Buck, W.R.","2010","Bronze","Ouro",,"São Roque de Minas","Parque Nacional da Serra da Canastra, Cachoeira Casca D'Anta"
"PARQUE NACIONAL SERRA DA CANASTRA","Angiosperms","Rhacocarpaceae","Rhacocarpus","purpurascens","(Brid.) Müll. Hal.","RHACOCARPACEAE Rhacocarpus purpurascens (Brid.) Müll. Hal.","SP088413","splink","SP-BRYOPHYTA","Vital, D.M.","11948","Native","1984","Peralta, D.F.","2010","Bronze","Ouro",,"São Roque de Minas","Parque Nacional Serra da Canastra"
"PARQUE NACIONAL SERRA DA CANASTRA","Angiosperms","Fissidentaceae","Fissidens","intromarginatus","(Hampe) Mitt.","FISSIDENTACEAE Fissidens intromarginatus (Hampe) Mitt.","SP088408","splink","SP-BRYOPHYTA","Vital, D.M.","11943","Native","1984","Bordin, J.","2009","Bronze","Ouro",,"São Roque de Minas","Parque Nacional Serra da Canastra"
"PARQUE NACIONAL SERRA DA CANASTRA",,"Mniaceae","Epipterygium","wrightii","(Sull.) Lindb.","MNIACEAE Epipterygium wrightii (Sull.) Lindb.","02082071","x","NY","Vital, D.M.","11938A",,"1984","Buck, W.R.","1991","Bronze","Ouro",,,"Parque Nacional da Serra da Canastra, Cachoeira Casca D'Anta."
"PARQUE NACIONAL SERRA DA CANASTRA","Angiosperms","Eriocaulaceae","Actinocephalus","polyanthus","(Bong.) Sano","ERIOCAULACEAE Actinocephalus polyanthus var. polyanthus (Bong.) Sano","RB00492969","x","RB","Guedes, R.","487","Native","1983","Trovo, M.L.O.","2007","Bronze","Ouro",,,"Parque Nacional da Serra da Canastra."
"PARQUE NACIONAL SERRA DA CANASTRA","Angiosperms","Symplocaceae","Symplocos","oblongifolia","Casar.","SYMPLOCACEAE Symplocos oblongifolia Casar.","IBGE00019270","splink","IBGE","Ramalho, R.S.","2603","Native","1983","Angela, M.S.F.","1984","Bronze","Ouro",,"Sacramento","Parque Nacional da Serra da Canastra. Área de cerrado, próximo á portaria de Sacramento. Folha: SE-23-Y-C. Coordenada calculada."
"PARQUE NACIONAL SERRA DA CANASTRA","Angiosperms","Fabaceae","Eriosema","longifolium","Benth.","FABACEAE Eriosema longifolium Benth.","UEC004723","splink","UEC","Semir, J.","7185","Native","1978","Candido, E.S.","2016","Bronze","Ouro",,"São Roque de Minas","Parque Nacional da Serra da Canastra."
"PARQUE NACIONAL SERRA DA CANASTRA","Angiosperms","Asteraceae","Chromolaena","pedalis","(Sch.Bip. ex Baker) R.M.King & H.Robinson","ASTERACEAE Chromolaena pedalis (Sch.Bip. ex Baker) R.M.King & H.Robinson","INPA0078097","splink","INPA","Shepherd, G.J.","7182","Native","1978","Calago, K.","2002","Bronze","Ouro",,,"Parque Nacional da Serra da Canastra"
"PARQUE NACIONAL SERRA DA CANASTRA","Angiosperms","Asteraceae","Cosmos","bipinnatus","Cav.","ASTERACEAE Cosmos bipinnatus Cav.","UEC124726","splink","UEC","Shepherd, G.J.","7164","Native","1978","Magenta, M.","2002","Bronze","Ouro",,"Piumhi","Parque Nacional da Serra da Canastra, entre Piumhi e Araxá, ca. 80 km de Piumhi."
"PARQUE NACIONAL SERRA DA CANASTRA","Angiosperms","Eriocaulaceae","Paepalanthus","spixianus","Mart.","ERIOCAULACEAE Paepalanthus spixianus Mart.","38013","splink","BHCB",,"s.n.","Native","0","Groppo, M.","0-0-0","Bronze","Ouro",,"São Roque de Minas","Parque Nacional da Serra da Canastra"
"PARQUE NACIONAL SERRA DA CANASTRA","Angiosperms","Malpighiaceae","Tetrapterys",,"Cav.","MALPIGHIACEAE Tetrapterys Cav.","37986","splink","BHCB",,"s.n.","Native","0","Stehmann, J.R.","0-0-0","Bronze","Ouro",,"São Roque de Minas","Parque Nacional da Serra da Canastra"
"PARQUE NACIONAL SERRA DA CANASTRA","Angiosperms","Rubiaceae","Coccocypselum",,"P.Browne","RUBIACEAE Coccocypselum P.Browne","37971","splink","BHCB",,"s.n.","Native","0","Stehmann, J.R.","0-0-0","Bronze","Ouro",,"São Roque de Minas","Parque Nacional da Serra da Canastra"
"PARQUE NACIONAL SERRA DA CANASTRA","Angiosperms","Smilacaceae","Smilax",,"L.","SMILACACEAE Smilax L.","37970","splink","BHCB",,"s.n.","Native","0","Silva, R.M.","0-0-0","Bronze","Ouro",,"São Roque de Minas","Parque Nacional da Serra da Canastra"
"PARQUE NACIONAL SERRA DA CANASTRA","Angiosperms","Cyperaceae","Eleocharis",,"R.Br.","CYPERACEAE Eleocharis R.Br.","HUFU00051335",,"HUFU","Araujo, A.C.","1108","Native",,,,"Latão","Ouro","jbrj-public.s3-sa-east-1.amazonaws.com/fsi/server?type=image&source=DZI/hufu/hufu/0/5/13/35/hufu00051335.dzi","São Roque de Minas","Parque Nacional da Serra da Canastra ; Estrada para Casca Danta, Serra Brava, campo próximo ao mirante."
"PARQUE NACIONAL SERRA DA CANASTRA","Angiosperms","Eriocaulaceae","Paepalanthus","flaccidus","(Bong.) Kunth","ERIOCAULACEAE Paepalanthus flaccidus (Bong.) Kunth","R020004309",,"R","Silva, L.E.F.","189","Native","2021",,,"Latão","Ouro","jbrj-public-img.s3-sa-east-1.amazonaws.com/JPG/herbariumr/r/2/0/4/30/9/r020004309_2.jpg|jbrj-public-img.s3-sa-east-1.amazonaws.com/JPG/herbariumr/r/2/0/4/30/9/r020004309.jpg|jbrj-public-img.s3-sa-east-1.amazonaws.com/JPG/herbariumr/r/2/0/4/30/9/r020004309_1.jpg","Delfinópolis","Parque Nacional da Serra da Canastra"
"PARQUE NACIONAL SERRA DA CANASTRA","Angiosperms","Malpighiaceae","Camarea",,"A.St.-Hil.","MALPIGHIACEAE Camarea A.St.-Hil.","SPF00227739",,"SPF","Pirani, J.R.","6606","Native","2015",,,"Latão","Ouro","jbrj-public.s3-sa-east-1.amazonaws.com/fsi/server?type=image&source=DZI/spf/spf/0/22/77/39/spf00227739.dzi","São Roque de Minas","Parque Nacional da Serra da Canastra, 1,3 km a oeste do centro de visitantes."
"PARQUE NACIONAL SERRA DA CANASTRA","Angiosperms","Myrtaceae","Eugenia",,"L.","MYRTACEAE Eugenia L.","SPF00227742",,"SPF","Pirani, J.R.","6604","Native","2015",,,"Latão","Ouro","jbrj-public.s3-sa-east-1.amazonaws.com/fsi/server?type=image&source=DZI/spf/spf/0/22/77/42/spf00227742.dzi","São Roque de Minas","Parque Nacional da Serra da Canastra, Cerca de 1 km a oeste da portaria de São Roque."
"PARQUE NACIONAL SERRA DA CANASTRA","Angiosperms","Polygalaceae","Monnina",,"Ruiz & Pav.","POLYGALACEAE Monnina Ruiz & Pav.","SPF00227765",,"SPF","Pirani, J.R.","6616","Native","2015",,,"Latão","Ouro","jbrj-public.s3-sa-east-1.amazonaws.com/fsi/server?type=image&source=DZI/spf/spf/0/22/77/65/spf00227765.dzi","São Roque de Minas","Parque Nacional da Serra da Canastra, Próximo à Portaria de Sacramento."
"PARQUE NACIONAL SERRA DA CANASTRA","Angiosperms","Asteraceae","Heterocondylus",,"R.M.King","ASTERACEAE Heterocondylus R.M.King","CEN00104282",,"CEN","Bringel Junior, J.B.A.","1092","Native","2014",,,"Latão","Ouro","jbrj-public.s3.amazonaws.com/fsi/server?type=image&source=DZI/cen/cen/0/10/42/82/cen00104282.dzi","São Roque de Minas","PARNA da Serra da Canastra, estrada de Sacramento para São Roque."
"PARQUE NACIONAL SERRA DA CANASTRA","Angiosperms","Fabaceae","Calliandra",,"Benth.","FABACEAE Calliandra Benth.","CEN00104303",,"CEN","Bringel Junior, J.B.A.","1114","Native","2014",,,"Latão","Ouro","jbrj-public.s3.amazonaws.com/fsi/server?type=image&source=DZI/cen/cen/0/10/43/3/cen00104303.dzi","Delfinópolis","PARNA da Serra da Canastra, estrada para a Serra da Bateia."
"PARQUE NACIONAL SERRA DA CANASTRA","Angiosperms","Poaceae","Aristida",,"L.","POACEAE Aristida L.","HUFU00031044",,"HUFU","Echternacht, L.","2484","Native","2014",,,"Latão","Ouro","jbrj-public.s3-sa-east-1.amazonaws.com/fsi/server?type=image&source=DZI/hufu/hufu/0/3/10/44/hufu00031044.dzi","São Roque de Minas","Parque Nacional da Serra da Canastra"
"PARQUE NACIONAL SERRA DA CANASTRA","Angiosperms","Pteridaceae",,,"E.D.M.Kirchn.","PTERIDACEAE Pteridaceae E.D.M.Kirchn.","HUFU00054289",,"HUFU","Echternacht, L.O.L.F.A.V.A.F.A.F.M.S.","2493","Native","2014",,,"Latão","Ouro","jbrj-public.s3-sa-east-1.amazonaws.com/fsi/server?type=image&source=DZI/hufu/hufu/0/5/42/89/hufu00054289.dzi","São Roque de Minas","Parque Nacional da Serra da Canastra; Percurso entre São João Batista da Canastra e a Portaria 1 (São Roque - Centro de Visitantes. Estrada entre a nascente do Rio São Francisco e a Portaria 1, em direção à vertente sul da Serra."
"PARQUE NACIONAL SERRA DA CANASTRA","Angiosperms","Asteraceae","Achyrocline",,"(Less.) DC.","ASTERACEAE Achyrocline (Less.) DC.","ESA120896",,"ESA","Delfini, C.","488","Native","2012",,,"Latão","Ouro","jbrj-public.s3-sa-east-1.amazonaws.com/fsi/server?type=image&source=DZI/esa/esa/0/12/8/96/esa00120896.dzi","São Roque de Minas","Parque Nacional da Serra da Canastra. Proximidades da nascente do Rio São Francisco."
"PARQUE NACIONAL SERRA DA CANASTRA","Angiosperms","Campanulaceae","Siphocampylus",,"Pohl","CAMPANULACEAE Siphocampylus Pohl","ESA120916",,"ESA","Delfini, C.","509","Native","2012",,,"Latão","Ouro","jbrj-public.s3-sa-east-1.amazonaws.com/fsi/server?type=image&source=DZI/esa/esa/0/12/9/16/esa00120916.dzi","São Roque de Minas","Parque Nacional da Serra da Canastra, proximidades da parte alta da cachoeira Casca D'Anta."
"PARQUE NACIONAL SERRA DA CANASTRA","Angiosperms","Loranthaceae",,,"Juss.","LORANTHACEAE Loranthaceae Juss.","ESA120911",,"ESA","Delfini, C.","504","Native","2012",,,"Latão","Ouro","jbrj-public.s3-sa-east-1.amazonaws.com/fsi/server?type=image&source=DZI/esa/esa/0/12/9/11/esa00120911.dzi","São Roque de Minas","Parque Nacional da Serra da Canastra, proximidades da parte alta da cachoeira Casca D'Anta."
"PARQUE NACIONAL SERRA DA CANASTRA","Angiosperms","Melastomataceae",,,"A.Juss.","MELASTOMATACEAE Melastomataceae A.Juss.","ESA120892",,"ESA","Delfini, C.","484","Native","2012",,,"Latão","Ouro","jbrj-public.s3-sa-east-1.amazonaws.com/fsi/server?type=image&source=DZI/esa/esa/0/12/8/92/esa00120892.dzi","São Roque de Minas","Parque Nacional da Serra da Canastra. Proximidades da nascente do Rio São Francisco."
"PARQUE NACIONAL SERRA DA CANASTRA","Angiosperms","Orobanchaceae","Physocalyx",,"Pohl","OROBANCHACEAE Physocalyx Pohl","ESA120921",,"ESA","Delfini, C.","514","Native","2012",,,"Latão","Ouro","jbrj-public.s3-sa-east-1.amazonaws.com/fsi/server?type=image&source=DZI/esa/esa/0/12/9/21/esa00120921.dzi","São Roque de Minas","Parque Nacional da Serra da Canastra, proximidades da parte alta da cachoeira Casca D'Anta."
"PARQUE NACIONAL SERRA DA CANASTRA","Angiosperms","Sapindaceae","Matayba",,"Aubl.","SAPINDACEAE Matayba Aubl.","ESA120913",,"ESA","Delfini, C.","506","Native","2012",,,"Latão","Ouro","jbrj-public.s3-sa-east-1.amazonaws.com/fsi/server?type=image&source=DZI/esa/esa/0/12/9/13/esa00120913.dzi","São Roque de Minas","Parque Nacional da Serra da Canastra, proximidades da parte alta da cachoeira Casca D'Anta."
"PARQUE NACIONAL SERRA DA CANASTRA","Angiosperms","Eriocaulaceae","Comanthera",,"L.B.Sm.","ERIOCAULACEAE Comanthera L.B.Sm.","CEN00093172",,"CEN","Gomes, B.M.","493","Native","2010",,,"Latão","Ouro","jbrj-public.s3.amazonaws.com/fsi/server?type=image&source=DZI/cen/cen/0/9/31/72/cen00093172.dzi","São Roque de Minas","Parque Nacional da Serra da Canastra; morro da Torre de Observação. 20°12'39,6'' S; 46°28'29,1''W"
"PARQUE NACIONAL SERRA DA CANASTRA","Angiosperms","Gentianaceae","Schultesia",,"Mart.","GENTIANACEAE Schultesia Mart.","ESA117407",,"ESA","Romao, G.O.","2705","Native","2010",,,"Latão","Ouro","jbrj-public.s3-sa-east-1.amazonaws.com/fsi/server?type=image&source=DZI/esa/esa/0/11/74/7/esa00117407.dzi","São Roque de Minas","Parque Nacional Serra da Canastra. Estrada para Sacramento, Garagem de Pedra. Campo rupestre"
"PARQUE NACIONAL SERRA DA CANASTRA","Angiosperms","Iridaceae",,,"Juss.","IRIDACEAE Iridaceae Juss.","ESA117362",,"ESA","Romao, G.O.","2660","Native","2010",,,"Latão","Ouro","jbrj-public.s3-sa-east-1.amazonaws.com/fsi/server?type=image&source=DZI/esa/esa/0/11/73/62/esa00117362.dzi","São Roque de Minas","Parque Nacional Serra da Canastra. Estrada para Sacramento, redondeza da nascente do Rio São Francisco. Campo aberto"
"PARQUE NACIONAL SERRA DA CANASTRA","Angiosperms","Poaceae","Acroceras",,"Stapf","POACEAE Acroceras Stapf","IBGE00076445",,"IBGE","Silva, R.R.","1060","Native","2010",,"2010","Latão","Ouro","jbrj-public.s3-sa-east-1.amazonaws.com/fsi/server?type=image&source=DZI/ibge/ibge/0/7/64/45/ibge00076445.dzi","São Roque de Minas","Parque Nacional da Serra da Canastra. Próximo ao Retiro de Pedras. Folha Cartográfica: SF-23-V-A. Coordenada Coletada."
"PARQUE NACIONAL SERRA DA CANASTRA","Angiosperms","Apiaceae",,,"Lindl.","APIACEAE Apiaceae Lindl.","HUFU00002326",,"HUFU","Nakajima, J.N.","4761","Native","2008",,,"Latão","Ouro","jbrj-public.s3-sa-east-1.amazonaws.com/fsi/server?type=image&source=DZI/hufu/hufu/0/0/23/26/hufu00002326.dzi","Botumirim","Parque Nacional da Serra da Canastra. Acesso pela estrada para Canta Galo."
"PARQUE NACIONAL SERRA DA CANASTRA","Angiosperms","Apocynaceae","Minaria","decussata","(Mart.) T.U.P.Konno & Rapini","APOCYNACEAE Minaria decussata (Mart.) T.U.P.Konno & Rapini","HUFU00001533",,"HUFU","Nakajima, J.N.","4790","Native","2008",,,"Latão","Ouro","jbrj-public.s3-sa-east-1.amazonaws.com/fsi/server?type=image&source=DZI/hufu/hufu/0/0/15/33/hufu00001533.dzi","Botumirim","Parque Nacional da Serra da Canastra. Acesso pela estrada para Canta Galo."
"PARQUE NACIONAL SERRA DA CANASTRA","Angiosperms","Brassicaceae",,,"Burnett","BRASSICACEAE Brassicaceae Burnett","HUFU00052213",,"HUFU","Nakajima, J.N.","4800","Native","2008",,,"Latão","Ouro","jbrj-public.s3-sa-east-1.amazonaws.com/fsi/server?type=image&source=DZI/hufu/hufu/0/5/22/13/hufu00052213.dzi","Botumirim","Parque Nacional da Serra da Canastra ; Acesso pela estrada para Canta Galo."
"PARQUE NACIONAL SERRA DA CANASTRA","Angiosperms","Convolvulaceae",,,"Juss.","CONVOLVULACEAE Convolvulaceae Juss.","HUFU00005292",,"HUFU","Nakajima, J.N.","4769","Native","2008",,,"Latão","Ouro","jbrj-public.s3-sa-east-1.amazonaws.com/fsi/server?type=image&source=DZI/hufu/hufu/0/0/52/92/hufu00005292.dzi","Botumirim","Parque Nacional da Serra da Canastra. Acesso pela estrada para Canta Galo."
"PARQUE NACIONAL SERRA DA CANASTRA","Angiosperms","Dioscoreaceae",,,"R.Br.","DIOSCOREACEAE Dioscoreaceae R.Br.","HUFU00051468",,"HUFU","Nakajima, J.N.","4768","Native","2008",,,"Latão","Ouro","jbrj-public.s3-sa-east-1.amazonaws.com/fsi/server?type=image&source=DZI/hufu/hufu/0/5/14/68/hufu00051468.dzi","Botumirim","Parque Nacional da Serra da Canastra ; Acesso pela estrada para Canta Galo."
"PARQUE NACIONAL SERRA DA CANASTRA","Angiosperms","Lamiaceae",,,"Martinov","LAMIACEAE Lamiaceae Martinov","HUFU00011919",,"HUFU","Nakajima, J.N.","4788","Native","2008",,,"Latão","Ouro","jbrj-public.s3-sa-east-1.amazonaws.com/fsi/server?type=image&source=DZI/hufu/hufu/0/1/19/19/hufu00011919.dzi","Botumirim","Parque Nacional da Serra da Canastra. Acesso pela estrada para Canta Galo. Campo rupestre."
"PARQUE NACIONAL SERRA DA CANASTRA","Angiosperms","Lythraceae","Cuphea",,"P.Browne","LYTHRACEAE Cuphea P.Browne","HUFU00039245",,"HUFU","Nakajima, J.N.","4762","Native","2008",,,"Latão","Ouro","jbrj-public.s3-sa-east-1.amazonaws.com/fsi/server?type=image&source=DZI/hufu/hufu/0/3/92/45/hufu00039245.dzi","Botumirim","Parque Nacional da Serra da Canastra; Acesso pela estrada para Canta Galo."
"PARQUE NACIONAL SERRA DA CANASTRA","Angiosperms","Velloziaceae",,,"J.Agardh","VELLOZIACEAE Velloziaceae J.Agardh","HUFU00032979",,"HUFU","Nakajima, J.N.","4801","Native","2008",,,"Latão","Ouro","jbrj-public.s3-sa-east-1.amazonaws.com/fsi/server?type=image&source=DZI/hufu/hufu/0/3/29/79/hufu00032979.dzi","Botumirim","Parque Nacional da Serra da Canastra"
"PARQUE NACIONAL SERRA DA CANASTRA","Bryophytes","Verbenaceae",,,"J.St.-Hil.","VERBENACEAE Verbenaceae J.St.-Hil.","HUFU00026734",,"HUFU","Nakajima, J.N.","4773","Native","2008",,,"Latão","Ouro","jbrj-public.s3-sa-east-1.amazonaws.com/fsi/server?type=image&source=DZI/hufu/hufu/0/2/67/34/hufu00026734.dzi","Botumirim","Parque Nacional da Serra da Canastra Acesso pela estrada para Canta Galo., Campo rupestre."
"PARQUE NACIONAL SERRA DA CANASTRA","Angiosperms","Amaranthaceae",,,"A.Juss.","AMARANTHACEAE Amaranthaceae A.Juss.","HUFU00000570",,"HUFU","Forzza, R.C.","3808","Native","2004",,,"Latão","Ouro","jbrj-public.s3-sa-east-1.amazonaws.com/fsi/server?type=image&source=DZI/hufu/hufu/0/0/5/70/hufu00000570.dzi","Botumirim","Parque Nacional Serra da Canastra. Campina no alto da trilha que atravessa a serra a partir das encostas do ribeirão São Domingos. Campo limpo de cimeira."
"PARQUE NACIONAL SERRA DA CANASTRA","Angiosperms","Aspleniaceae","Asplenium",,"L.","ASPLENIACEAE Asplenium L.","HUFU00033484",,"HUFU","Pacheco, R.A.","714","Native","2003",,,"Latão","Ouro","jbrj-public.s3-sa-east-1.amazonaws.com/fsi/server?type=image&source=DZI/hufu/hufu/0/3/34/84/hufu00033484.dzi","Delfinópolis","Parque Nacional da Serra da Canastra"
"PARQUE NACIONAL SERRA DA CANASTRA","Angiosperms","Asteraceae","Dimerostemma","oblongum","(Gardner) M.D.Moraes","ASTERACEAE Dimerostemma oblongum (Gardner) M.D.Moraes","HUFU00057731",,"HUFU","Romero, R.","6953","Native","2003",,,"Latão","Ouro","jbrj-public.s3-sa-east-1.amazonaws.com/fsi/server?type=image&source=DZI/hufu/hufu/0/5/77/31/hufu00057731.dzi","Delfinópolis","Parque Nacional da Serra da Canastra ; Fazenda Zé Antunes, Escada de Pedras."
"PARQUE NACIONAL SERRA DA CANASTRA","Angiosperms","Asteraceae","Isostigma",,"Less.","ASTERACEAE Isostigma Less.","HUFU00046661",,"HUFU","Cavalcanti, T.B.","3086","Native","2003",,,"Latão","Ouro","jbrj-public.s3-sa-east-1.amazonaws.com/fsi/server?type=image&source=DZI/hufu/hufu/0/4/66/61/hufu00046661.dzi","Delfinópolis","Parque Nacional da Serra da Canastra; A 54 Km da entrada do parque, em direção a São Roque de Minas."
"PARQUE NACIONAL SERRA DA CANASTRA","Angiosperms","Fabaceae","Dimorphandra","mollis","Benth.","FABACEAE Dimorphandra mollis Benth.","HUFU00040343",,"HUFU","Nakajima, J.N.","3738","Native","2003",,,"Latão","Ouro","jbrj-public.s3-sa-east-1.amazonaws.com/fsi/server?type=image&source=DZI/hufu/hufu/0/4/3/43/hufu00040343.dzi","Delfinópolis","Parque Nacional da Serra da Canastra"
"PARQUE NACIONAL SERRA DA CANASTRA","Angiosperms","Lamiaceae","Vitex",,"Tour. ex L.","LAMIACEAE Vitex Tour. ex L.","HUFU00033732",,"HUFU","Pacheco, R.A.","703","Native","2003",,,"Latão","Ouro","jbrj-public.s3-sa-east-1.amazonaws.com/fsi/server?type=image&source=DZI/hufu/hufu/0/3/37/32/hufu00033732.dzi","Delfinópolis","Parque Nacional da Serra da Canastra"
"PARQUE NACIONAL SERRA DA CANASTRA","Angiosperms","Lythraceae","Diplusodon",,"Pohl","LYTHRACEAE Diplusodon Pohl","HUFU00013090",,"HUFU","Romero, R.","7000","Native","2003",,,"Latão","Ouro","jbrj-public.s3-sa-east-1.amazonaws.com/fsi/server?type=image&source=DZI/hufu/hufu/0/1/30/90/hufu00013090.dzi","Delfinópolis","Parque Nacional da Serra da Canastra. Condomínio de Pedras. Campo rupestre."
"PARQUE NACIONAL SERRA DA CANASTRA","Angiosperms","Acanthaceae","Justicia","lythroides","(Pohl ex Nees) V.A.W.Graham","ACANTHACEAE Justicia lythroides (Pohl ex Nees) V.A.W.Graham","HUFU00053501",,"HUFU","Pacheco, R.A.","229","Native","2002",,,"Latão","Ouro","jbrj-public.s3-sa-east-1.amazonaws.com/fsi/server?type=image&source=DZI/hufu/hufu/0/5/35/1/hufu00053501.dzi","Delfinópolis","Parque Nacional da Serra da Canastra"
"PARQUE NACIONAL SERRA DA CANASTRA","Angiosperms","Aquifoliaceae","Ilex",,"L.","AQUIFOLIACEAE Ilex L.","SPF00156022",,"SPF","Mello-Silva, R.","1955","Native","2002",,,"Latão","Ouro","jbrj-public.s3-sa-east-1.amazonaws.com/fsi/server?type=image&source=DZI/spf/spf/0/15/60/22/spf00156022.dzi","Sacramento","Parque Nacional da Serra da Canastra"
"PARQUE NACIONAL SERRA DA CANASTRA","Angiosperms","Araliaceae",,,"Juss.","ARALIACEAE Araliaceae Juss.","HUFU00052483",,"HUFU","Fleury-Silva, H.R.","277","Native","2002",,,"Latão","Ouro","jbrj-public.s3-sa-east-1.amazonaws.com/fsi/server?type=image&source=DZI/hufu/hufu/0/5/24/83/hufu00052483.dzi","São Roque de Minas","Parque Nacional da Serra da Canastra ; Três Matinhas."
"PARQUE NACIONAL SERRA DA CANASTRA","Angiosperms","Cordiaceae","Cordia",,"L.","CORDIACEAE Cordia L.","HUFU00052199",,"HUFU","Romero, R.","6207","Native","2002",,,"Latão","Ouro","jbrj-public.s3-sa-east-1.amazonaws.com/fsi/server?type=image&source=DZI/hufu/hufu/0/5/21/99/hufu00052199.dzi","São Roque de Minas","Parque Nacional da Serra da Canastra ; Jusante da Vargem Bonita."
"PARQUE NACIONAL SERRA DA CANASTRA","Angiosperms","Droseraceae","Drosera",,"L.","DROSERACEAE Drosera L.","HUFU00051486",,"HUFU","Pacheco, R.A.","391","Native","2002",,,"Latão","Ouro","jbrj-public.s3-sa-east-1.amazonaws.com/fsi/server?type=image&source=DZI/hufu/hufu/0/5/14/86/hufu00051486.dzi","São Roque de Minas","Parque Nacional da Serra da Canastra"
"PARQUE NACIONAL SERRA DA CANASTRA","Angiosperms","Ericaceae",,,"Juss.","ERICACEAE Ericaceae Juss.","HUFU00051587",,"HUFU","Duarte, P.C.","82","Native","2002",,,"Latão","Ouro","jbrj-public.s3-sa-east-1.amazonaws.com/fsi/server?type=image&source=DZI/hufu/hufu/0/5/15/87/hufu00051587.dzi","São Roque de Minas","Parque Nacional da Serra da Canastra ; Próximo ao retiro Jaguaré."
"PARQUE NACIONAL SERRA DA CANASTRA","Angiosperms","Euphorbiaceae","Croton",,"L.","EUPHORBIACEAE Croton L.","HUFU00050100",,"HUFU","Romero, R.","6359","Native","2002",,,"Latão","Ouro","jbrj-public.s3-sa-east-1.amazonaws.com/fsi/server?type=image&source=DZI/hufu/hufu/0/5/1/0/hufu00050100.dzi","São Roque de Minas","Parque Nacional da Serra da Canastra; Lagoa rodeada por plantação de Pinheiros."
"PARQUE NACIONAL SERRA DA CANASTRA","Angiosperms","Lamiaceae","Eriope",,"Bonpl. ex Benth.","LAMIACEAE Eriope Bonpl. ex Benth.","K001228120",,"K","Pontes, A.F.","536","Native","2002",,,"Latão","Ouro","jbrj-public.s3-sa-east-1.amazonaws.com/fsi/server?type=image&source=DZI/kew/k/0/12/28/12/0/k001228120.dzi","Sacramento","Parque Nacional da Serra da Canastra. Estrada São Roque de Minas - Sacramento, a 41 km da Portaria de São Roque de Minas."
"PARQUE NACIONAL SERRA DA CANASTRA","Angiosperms","Lauraceae",,,"Juss.","LAURACEAE Lauraceae Juss.","HUFU00038975",,"HUFU","Romero, R.","6224","Native","2002",,,"Latão","Ouro","jbrj-public.s3-sa-east-1.amazonaws.com/fsi/server?type=image&source=DZI/hufu/hufu/0/3/89/75/hufu00038975.dzi","São Roque de Minas","Parque Nacional da Serra da Canastra; Portaria 3."
"PARQUE NACIONAL SERRA DA CANASTRA","Angiosperms","Loganiaceae","Strychnos",,"L.","LOGANIACEAE Strychnos L.","HUFU00039080",,"HUFU","Romero, R.","6205","Native","2002",,,"Latão","Ouro","jbrj-public.s3-sa-east-1.amazonaws.com/fsi/server?type=image&source=DZI/hufu/hufu/0/3/90/80/hufu00039080.dzi","São Roque de Minas","Parque Nacional da Serra da Canastra; Rio São Francisco, jusante da Vargem Bonita."
"PARQUE NACIONAL SERRA DA CANASTRA","Angiosperms","Loranthaceae","Struthanthus",,"Mart.","LORANTHACEAE Struthanthus Mart.","SPF00155556",,"SPF","Mello-Silva, R.","1981","Native","2002",,,"Latão","Ouro","jbrj-public.s3-sa-east-1.amazonaws.com/fsi/server?type=image&source=DZI/spf/spf/0/15/55/56/spf00155556.dzi","São Roque de Minas","Parque Nacional da Serra da Canastra"
"PARQUE NACIONAL SERRA DA CANASTRA","Angiosperms","Moraceae","Sorocea",,"A.St.-Hil.","MORACEAE Sorocea A.St.-Hil.","HUFU00037343",,"HUFU","Pacheco, R.A.","221","Native","2002",,,"Latão","Ouro","jbrj-public.s3-sa-east-1.amazonaws.com/fsi/server?type=image&source=DZI/hufu/hufu/0/3/73/43/hufu00037343.dzi","Delfinópolis","Parque Nacional da Serra da Canastra"
"PARQUE NACIONAL SERRA DA CANASTRA","Angiosperms","Orchidaceae","Specklinia","marginalis","(Rchb.f.) F.Barros","ORCHIDACEAE Specklinia marginalis (Rchb.f.) F.Barros","HUFU00035714",,"HUFU","Pacheco, R.A.","247","Native","2002",,,"Latão","Ouro","jbrj-public.s3-sa-east-1.amazonaws.com/fsi/server?type=image&source=DZI/hufu/hufu/0/3/57/14/hufu00035714.dzi","Delfinópolis","Parque Nacional da Serra da Canastra"
"PARQUE NACIONAL SERRA DA CANASTRA","Angiosperms","Piperaceae",,,"Giseke","PIPERACEAE Piperaceae Giseke","HUFU00035771",,"HUFU","Romero, R.","6212","Native","2002",,,"Latão","Ouro","jbrj-public.s3-sa-east-1.amazonaws.com/fsi/server?type=image&source=DZI/hufu/hufu/0/3/57/71/hufu00035771.dzi","São Roque de Minas","Parque Nacional da Serra da Canastra"
"PARQUE NACIONAL SERRA DA CANASTRA","Angiosperms","Rubiaceae","Psychotria",,"L.","RUBIACEAE Psychotria L.","HUFU00035193",,"HUFU","Romero, R.","6209","Native","2002",,,"Latão","Ouro","jbrj-public.s3-sa-east-1.amazonaws.com/fsi/server?type=image&source=DZI/hufu/hufu/0/3/51/93/hufu00035193.dzi","São Roque de Minas","Parque Nacional da Serra da Canastra"
"PARQUE NACIONAL SERRA DA CANASTRA","Angiosperms","Rubiaceae",,,"Juss.","RUBIACEAE Rubiaceae Juss.","HUFU00035221",,"HUFU","Duarte, P.C.","138","Native","2002",,,"Latão","Ouro","jbrj-public.s3-sa-east-1.amazonaws.com/fsi/server?type=image&source=DZI/hufu/hufu/0/3/52/21/hufu00035221.dzi","São Roque de Minas","Parque Nacional da Serra da Canastra"
"PARQUE NACIONAL SERRA DA CANASTRA","Angiosperms","Rutaceae",,,"A.Juss.","RUTACEAE Rutaceae A.Juss.","HUFU00035210",,"HUFU","Romero, R.","6214","Native","2002",,,"Latão","Ouro","jbrj-public.s3-sa-east-1.amazonaws.com/fsi/server?type=image&source=DZI/hufu/hufu/0/3/52/10/hufu00035210.dzi","São Roque de Minas","Parque Nacional da Serra da Canastra"
"PARQUE NACIONAL SERRA DA CANASTRA","Angiosperms","Sapindaceae","Serjania",,"Mill.","SAPINDACEAE Serjania Mill.","HUFU00035331",,"HUFU","Romero, R.","6226a","Native","2002",,,"Latão","Ouro","jbrj-public.s3-sa-east-1.amazonaws.com/fsi/server?type=image&source=DZI/hufu/hufu/0/3/53/31/hufu00035331.dzi","São Roque de Minas","Parque Nacional da Serra da Canastra"
"PARQUE NACIONAL SERRA DA CANASTRA","Angiosperms","Symplocaceae","Symplocos",,"Jacq.","SYMPLOCACEAE Symplocos Jacq.","SPF00156035",,"SPF","Mello-Silva, R.","1955a","Native","2002",,,"Latão","Ouro","jbrj-public.s3-sa-east-1.amazonaws.com/fsi/server?type=image&source=DZI/spf/spf/0/15/60/35/spf00156035.dzi","Sacramento","Parque Nacional da Serra da Canastra"
"PARQUE NACIONAL SERRA DA CANASTRA","Angiosperms","Verbenaceae","Lippia",,"L.","VERBENACEAE Lippia L.","HUFU00033712",,"HUFU","Pacheco, R.A.","266","Native","2002",,,"Latão","Ouro","jbrj-public.s3-sa-east-1.amazonaws.com/fsi/server?type=image&source=DZI/hufu/hufu/0/3/37/12/hufu00033712.dzi","São Roque de Minas","Parque Nacional da Serra da Canastra"
"PARQUE NACIONAL SERRA DA CANASTRA","Angiosperms","Verbenaceae","Stachytarpheta",,"Vahl","VERBENACEAE Stachytarpheta Vahl","HUFU00033697",,"HUFU","Fleury-Silva, H.R.","186","Native","2002",,,"Latão","Ouro","jbrj-public.s3-sa-east-1.amazonaws.com/fsi/server?type=image&source=DZI/hufu/hufu/0/3/36/97/hufu00033697.dzi","São Roque de Minas","Parque Nacional Serra da Canastra"
"PARQUE NACIONAL SERRA DA CANASTRA","Angiosperms","Vochysiaceae","Vochysia","cinnamomea","Pohl","VOCHYSIACEAE Vochysia cinnamomea Pohl","HUFU00025765",,"HUFU","Nakajima, J.N.","3220","Native","2002",,,"Latão","Ouro","jbrj-public.s3-sa-east-1.amazonaws.com/fsi/server?type=image&source=DZI/hufu/hufu/0/2/57/65/hufu00025765.dzi","Delfinópolis","Parque Nacional da Serra da Canastra Trilha do Zé Carlinho, subida para Serra do Cemitério., Campo rupestre."
"PARQUE NACIONAL SERRA DA CANASTRA","Angiosperms","Convolvulaceae","Ipomoea",,"L.","CONVOLVULACEAE Ipomoea L.","HUFU00051015",,"HUFU","Romero, R.","6633","Native","2002",,"2004","Latão","Ouro","jbrj-public.s3-sa-east-1.amazonaws.com/fsi/server?type=image&source=DZI/hufu/hufu/0/5/10/15/hufu00051015.dzi","São Roque de Minas","Parque Nacional da Serra da Canastra ; Próximo cachoeria dos Rolinhos."
"PARQUE NACIONAL SERRA DA CANASTRA","Angiosperms","Eriocaulaceae",,,"Martinov","ERIOCAULACEAE Eriocaulaceae Martinov","HUFU00051042",,"HUFU","Castro, N.M.","13.1","Native","2001",,,"Latão","Ouro","jbrj-public.s3-sa-east-1.amazonaws.com/fsi/server?type=image&source=DZI/hufu/hufu/0/5/10/42/hufu00051042.dzi","São Roque de Minas","Parque Nacional da Serra da Canastra ; Cachoeira dos Rolinhos."
"PARQUE NACIONAL SERRA DA CANASTRA","Angiosperms","Lamiaceae","Hypenia",,"(Mart. ex Benth.) Harley","LAMIACEAE Hypenia (Mart. ex Benth.) Harley","HUFU00039887",,"HUFU","Romero, R.","6182","Native","2001",,,"Latão","Ouro","jbrj-public.s3-sa-east-1.amazonaws.com/fsi/server?type=image&source=DZI/hufu/hufu/0/3/98/87/hufu00039887.dzi","São Roque de Minas","Parque Nacional da Serra da Canastra; Chapadão de Furnas, Córrego da Quadra."
"PARQUE NACIONAL SERRA DA CANASTRA","Angiosperms","Apocynaceae","Mandevilla",,"Lindl.","APOCYNACEAE Mandevilla Lindl.","SPF00138453",,"SPF","Farinaccio, M.A.","418","Native","1999",,,"Latão","Ouro","jbrj-public.s3-sa-east-1.amazonaws.com/fsi/server?type=image&source=DZI/spf/spf/0/13/84/53/spf00138453.dzi","São Roque de Minas","Parque Nacional da Serra da Canastra, Retiro das Pedras. Córrego dos Rolinhos."
"PARQUE NACIONAL SERRA DA CANASTRA","Angiosperms","Dioscoreaceae","Dioscorea",,"L.","DIOSCOREACEAE Dioscorea L.","HUFU00051454",,"HUFU","Farinaccio, M.A.","290","Native","1999",,,"Latão","Ouro","jbrj-public.s3-sa-east-1.amazonaws.com/fsi/server?type=image&source=DZI/hufu/hufu/0/5/14/54/hufu00051454.dzi","São Roque de Minas","Parque Nacional da Serra da Canastra ; Estrada São Roque de Minas-Sacramento, torre de observação próximo ao Curral de Pedras."
"PARQUE NACIONAL SERRA DA CANASTRA","Angiosperms","Gentianaceae","Deianira",,"Cham. & Schltdl.","GENTIANACEAE Deianira Cham. & Schltdl.","SPF00137586",,"SPF","Farinaccio, M.A.","338","Native","1999",,,"Latão","Ouro","jbrj-public.s3-sa-east-1.amazonaws.com/fsi/server?type=image&source=DZI/spf/spf/0/13/75/86/spf00137586.dzi","São Roque de Minas","Parque Nacional da Serra da Canastra"
"PARQUE NACIONAL SERRA DA CANASTRA","Angiosperms","Lacistemataceae","Lacistema",,"Sw.","LACISTEMATACEAE Lacistema Sw.","SPF00204464",,"SPF","Farinaccio, M.A.","346","Native","1999",,,"Latão","Ouro","jbrj-public.s3-sa-east-1.amazonaws.com/fsi/server?type=image&source=DZI/spf/spf/0/20/44/64/spf00204464.dzi","São Roque de Minas","Parque Nacional da Serra da Canastra"
"PARQUE NACIONAL SERRA DA CANASTRA","Angiosperms","Rosaceae","Prunus",,"L.","ROSACEAE Prunus L.","SPF00138489",,"SPF","Farinaccio, M.A.","414","Native","1999",,,"Latão","Ouro","jbrj-public.s3-sa-east-1.amazonaws.com/fsi/server?type=image&source=DZI/spf/spf/0/13/84/89/spf00138489.dzi","São Roque de Minas","Parque Nacional da Serra da Canastra"
"PARQUE NACIONAL SERRA DA CANASTRA","Angiosperms","Styracaceae","Styrax",,"L.","STYRACACEAE Styrax L.","W20060013693",,"W","Mello-Silva, R.","1695","Native","1999",,,"Latão","Ouro","jbrj-public.s3-sa-east-1.amazonaws.com/fsi/server?type=image&source=DZI/nhmwien/w/20060/1/36/93/w20060013693.dzi","Sacramento","Parque Nacional da Serra da Canastra. próximo à poetaria de Sacramento, 67km de Jaguarê (Jaguari)."
"PARQUE NACIONAL SERRA DA CANASTRA",,"Fabaceae","Chamaecrista","pohliana","(Benth.) H.S.Irwin & Barneby","FABACEAE Chamaecrista pohliana (Benth.) H.S.Irwin & Barneby","ESA060343",,"ESA","Elias, S.I.","340",,"1999",,"2001","Latão","Ouro","jbrj-public.s3-sa-east-1.amazonaws.com/fsi/server?type=image&source=DZI/esa/esa/0/6/3/43/esa00060343.dzi",,
"PARQUE NACIONAL SERRA DA CANASTRA","Angiosperms","Araliaceae","Schefflera",,"J.R.Forst. & G.Forst.","ARALIACEAE Schefflera J.R.Forst. & G.Forst.","HUFU00052485",,"HUFU","Farinaccio, M.A.","205","Native","1998",,,"Latão","Ouro","jbrj-public.s3-sa-east-1.amazonaws.com/fsi/server?type=image&source=DZI/hufu/hufu/0/5/24/85/hufu00052485.dzi","São Roque de Minas","Parque Nacional da Serra da Canastra ; Nascente do Rio São Francisco."
"PARQUE NACIONAL SERRA DA CANASTRA","Angiosperms","Asteraceae","Eupatorium","lineatum","Sch.Bip. ex Baker","ASTERACEAE Eupatorium lineatum Sch.Bip. ex Baker","MO2273756",,"MO","Romero, R.","4933","Native","1998",,,"Latão","Ouro","jbrj-public.s3-sa-east-1.amazonaws.com/fsi/server?type=image&source=DZI/missouri/mo/2/27/37/56/mo02273756.dzi",,"Morro após o córrego dos Passageiros, Parque Nacional da Serra da Canastra, São Roque de Minas."
"PARQUE NACIONAL SERRA DA CANASTRA","Angiosperms","Cyperaceae","Bulbostylis","capillaris","(L.) C.B.Clarke","CYPERACEAE Bulbostylis capillaris (L.) C.B.Clarke","SPF00162638",,"SPF","Araujo, A.C.","1098","Native","1998","Anonimo",,"Latão","Ouro","jbrj-public.s3-sa-east-1.amazonaws.com/fsi/server?type=image&source=DZI/spf/spf/0/16/26/38/spf00162638.dzi","São Roque de Minas","Parque Nacional da Serra da Canastra, Estrada de acesso para Casca Danta, próximo ao Mirante."
"PARQUE NACIONAL SERRA DA CANASTRA","Angiosperms","Cyperaceae","Cyperus","aggregatus","(Willd.) Endl.","CYPERACEAE Cyperus aggregatus (Willd.) Endl.","SPF00162645",,"SPF","Araujo, A.C.","1116","Native","1998","Anonimo",,"Latão","Ouro","jbrj-public.s3-sa-east-1.amazonaws.com/fsi/server?type=image&source=DZI/spf/spf/0/16/26/45/spf00162645.dzi","São Roque de Minas","Parque Nacional da Serra da Canastra, Estrada para Casca Danta. Cabeceira da cachoeira, parte alta."
"PARQUE NACIONAL SERRA DA CANASTRA","Angiosperms","Cyperaceae","Cyperus","esculentus","L.","CYPERACEAE Cyperus esculentus L.","SPF00162646",,"SPF","Araujo, A.C.","1152","Native","1998","Anonimo",,"Latão","Ouro","jbrj-public.s3-sa-east-1.amazonaws.com/fsi/server?type=image&source=DZI/spf/spf/0/16/26/46/spf00162646.dzi","São Roque de Minas","Parque Nacional da Serra da Canastra"
"PARQUE NACIONAL SERRA DA CANASTRA","Angiosperms","Cyperaceae","Cyperus",,"L.","CYPERACEAE Cyperus L.","SPF00162656",,"SPF","Araujo, A.C.","1126","Native","1998",,,"Latão","Ouro","jbrj-public.s3-sa-east-1.amazonaws.com/fsi/server?type=image&source=DZI/spf/spf/0/16/26/56/spf00162656.dzi","São Roque de Minas","Parque Nacional da Serra da Canastra, CascaDanta, trilha em direção à base da cachoeira."
"PARQUE NACIONAL SERRA DA CANASTRA","Angiosperms","Cyperaceae","Fimbristylis","autumnalis","(L.) Roem. & Schult.","CYPERACEAE Fimbristylis autumnalis (L.) Roem. & Schult.","SPF00162660",,"SPF","Araujo, A.C.","1088","Native","1998","Anonimo",,"Latão","Ouro","jbrj-public.s3-sa-east-1.amazonaws.com/fsi/server?type=image&source=DZI/spf/spf/0/16/26/60/spf00162660.dzi","São Roque de Minas","Parque Nacional da Serra da Canastra, Cachoeira das Rolinhas."
"PARQUE NACIONAL SERRA DA CANASTRA","Angiosperms","Cyperaceae","Isolepis","cernua","(Vahl) Roem. & Schult.","CYPERACEAE Isolepis cernua (Vahl) Roem. & Schult.","SPF00162716",,"SPF","Araujo, A.C.","1086","Native","1998","Anonimo",,"Latão","Ouro","jbrj-public.s3-sa-east-1.amazonaws.com/fsi/server?type=image&source=DZI/spf/spf/0/16/27/16/spf00162716.dzi","São Roque de Minas","Parque Nacional da Serra da Canastra, Cachoeira das Rolinhas."
"PARQUE NACIONAL SERRA DA CANASTRA","Angiosperms","Cyperaceae","Rhynchospora","exaltata","Kunth","CYPERACEAE Rhynchospora exaltata Kunth","SPF00162692",,"SPF","Araujo, A.C.","1080","Native","1998","Anonimo",,"Latão","Ouro","jbrj-public.s3-sa-east-1.amazonaws.com/fsi/server?type=image&source=DZI/spf/spf/0/16/26/92/spf00162692.dzi","São Roque de Minas","Parque Nacional da Serra da Canastra, Cachoeira das Rolinhas."
"PARQUE NACIONAL SERRA DA CANASTRA","Angiosperms","Cyperaceae","Rhynchospora","pilosa","Boeckeler","CYPERACEAE Rhynchospora pilosa Boeckeler","SPF00162696",,"SPF","Araujo, A.C.","1094","Native","1998","Anonimo",,"Latão","Ouro","jbrj-public.s3-sa-east-1.amazonaws.com/fsi/server?type=image&source=DZI/spf/spf/0/16/26/96/spf00162696.dzi","São Roque de Minas","Parque Nacional da Serra da Canastra, Estrada para Casca Danta, Serra Brava, campo próximo ao mirante."
"PARQUE NACIONAL SERRA DA CANASTRA","Angiosperms","Cyperaceae","Rhynchospora","robusta","(Kunth) Boeckeler","CYPERACEAE Rhynchospora robusta (Kunth) Boeckeler","SPF00162700",,"SPF","Araujo, A.C.","1153","Native","1998","Anonimo",,"Latão","Ouro","jbrj-public.s3-sa-east-1.amazonaws.com/fsi/server?type=image&source=DZI/spf/spf/0/16/27/0/spf00162700.dzi","São Roque de Minas","Parque Nacional da Serra da Canastra"
"PARQUE NACIONAL SERRA DA CANASTRA","Angiosperms","Euphorbiaceae","Dalechampia",,"L.","EUPHORBIACEAE Dalechampia L.","SPF00133716",,"SPF","Farinaccio, M.A.","178","Native","1998",,,"Latão","Ouro","jbrj-public.s3-sa-east-1.amazonaws.com/fsi/server?type=image&source=DZI/spf/spf/0/13/37/16/spf00133716.dzi","São Roque de Minas","Parque Nacional da Serra da Canastra, Estrada São Roque de Minas - Sacramento."
"PARQUE NACIONAL SERRA DA CANASTRA","Angiosperms","Euphorbiaceae","Sebastiania",,"Spreng.","EUPHORBIACEAE Sebastiania Spreng.","HUFU00050208",,"HUFU","Farinaccio, M.A.","272","Native","1998",,,"Latão","Ouro","jbrj-public.s3-sa-east-1.amazonaws.com/fsi/server?type=image&source=DZI/hufu/hufu/0/5/2/8/hufu00050208.dzi","São Roque de Minas","Parque Nacional da Serra da Canastra; Rio do Peixe."
"PARQUE NACIONAL SERRA DA CANASTRA","Angiosperms","Juncaceae","Juncus",,"L.","JUNCACEAE Juncus L.","SPF00163540",,"SPF","Araujo, A.C.","1085","Native","1998",,,"Latão","Ouro","jbrj-public.s3-sa-east-1.amazonaws.com/fsi/server?type=image&source=DZI/spf/spf/0/16/35/40/spf00163540.dzi","São Roque de Minas","Parque Nacional da Serra da Canastra, Cachoeira das Rolinhas."
"PARQUE NACIONAL SERRA DA CANASTRA","Angiosperms","Lamiaceae","Aegiphila",,"Jacq.","LAMIACEAE Aegiphila Jacq.","HUFU00034580",,"HUFU","Romero, R.","4860","Native","1998",,,"Latão","Ouro","jbrj-public.s3-sa-east-1.amazonaws.com/fsi/server?type=image&source=DZI/hufu/hufu/0/3/45/80/hufu00034580.dzi","São Roque de Minas","Parque Nacional da Serra da Canastra"
"PARQUE NACIONAL SERRA DA CANASTRA","Angiosperms","Loganiaceae",,,"R.Br. ex Mart.","LOGANIACEAE Loganiaceae R.Br. ex Mart.","HUFU00039087",,"HUFU","Romero, R.","4836","Native","1998",,,"Latão","Ouro","jbrj-public.s3-sa-east-1.amazonaws.com/fsi/server?type=image&source=DZI/hufu/hufu/0/3/90/87/hufu00039087.dzi","São Roque de Minas","Parque Nacional da Serra da Canastra; Morro próximo a sede administrativa, cerca de 3km na estrada para Sacramento."
"PARQUE NACIONAL SERRA DA CANASTRA","Angiosperms","Malvaceae","Hibiscus",,"L.","MALVACEAE Hibiscus L.","HUFU00038653",,"HUFU","Romero, R.","4959","Native","1998",,,"Latão","Ouro","jbrj-public.s3-sa-east-1.amazonaws.com/fsi/server?type=image&source=DZI/hufu/hufu/0/3/86/53/hufu00038653.dzi","São Roque de Minas","Parque Nacional da Serra da Canastra; Morro antes do córrego dos Passageiros."
"PARQUE NACIONAL SERRA DA CANASTRA",,"Malvaceae","Peltaea",,"(C.Presl) Standl.","MALVACEAE Peltaea (C.Presl) Standl.","SPF00133726",,"SPF","Farinaccio, M.A.","180",,"1998",,,"Latão","Ouro","jbrj-public.s3-sa-east-1.amazonaws.com/fsi/server?type=image&source=DZI/spf/spf/0/13/37/26/spf00133726.dzi","São Roque de Minas","Parque Nacional da Serra da Canastra, Estrada São Roque de Minas - Sacramento."
"PARQUE NACIONAL SERRA DA CANASTRA","Angiosperms","Ochnaceae","Luxemburgia",,"A.St.-Hil.","OCHNACEAE Luxemburgia A.St.-Hil.","SPF00132086",,"SPF","Arce, D.V.","4","Native","1998",,,"Latão","Ouro","jbrj-public.s3-sa-east-1.amazonaws.com/fsi/server?type=image&source=DZI/spf/spf/0/13/20/86/spf00132086.dzi","São Roque de Minas","Parque Nacional da Serra da Canastra"
"PARQUE NACIONAL SERRA DA CANASTRA","Angiosperms","Peraceae","Pera",,"Mutis","PERACEAE Pera Mutis","HUFU00050289",,"HUFU","Romero, R.","4888","Native","1998",,,"Latão","Ouro","jbrj-public.s3-sa-east-1.amazonaws.com/fsi/server?type=image&source=DZI/hufu/hufu/0/5/2/89/hufu00050289.dzi","São Roque de Minas","Parque Nacional da Serra da Canastra; Estrada para a cachoeira dos Rolinhos."
"PARQUE NACIONAL SERRA DA CANASTRA","Angiosperms","Poaceae","Axonopus","chrysoblepharis","(Lag.) Chase","POACEAE Axonopus chrysoblepharis (Lag.) Chase","SPF00132075",,"SPF","Sano, P.T.","967","Native","1998","Anonimo",,"Latão","Ouro","jbrj-public.s3-sa-east-1.amazonaws.com/fsi/server?type=image&source=DZI/spf/spf/0/13/20/75/spf00132075.dzi","São Roque de Minas","Parque Nacional da Serra da Canastra, Próximo à guarita de Sacramento."
"PARQUE NACIONAL SERRA DA CANASTRA","Angiosperms","Poaceae","Digitaria",,"Haller","POACEAE Digitaria Haller","SPF00162610",,"SPF","Araujo, A.C.","1129","Native","1998",,,"Latão","Ouro","jbrj-public.s3-sa-east-1.amazonaws.com/fsi/server?type=image&source=DZI/spf/spf/0/16/26/10/spf00162610.dzi","São Roque de Minas","Parque Nacional da Serra da Canastra, Caminho para Sacramento."
"PARQUE NACIONAL SERRA DA CANASTRA","Angiosperms","Poaceae","Eragrostis","neesii","Trin.","POACEAE Eragrostis neesii Trin.","SPF00162616",,"SPF","Araujo, A.C.","1097","Native","1998","Anonimo",,"Latão","Ouro","jbrj-public.s3-sa-east-1.amazonaws.com/fsi/server?type=image&source=DZI/spf/spf/0/16/26/16/spf00162616.dzi","São Roque de Minas","Parque Nacional da Serra da Canastra"
"PARQUE NACIONAL SERRA DA CANASTRA","Angiosperms","Rubiaceae","Sipanea",,"Aubl.","RUBIACEAE Sipanea Aubl.","SPF00132091",,"SPF","Arce, D.V.","1","Native","1998",,,"Latão","Ouro","jbrj-public.s3-sa-east-1.amazonaws.com/fsi/server?type=image&source=DZI/spf/spf/0/13/20/91/spf00132091.dzi","São Roque de Minas","Parque Nacional da Serra da Canastra"
"PARQUE NACIONAL SERRA DA CANASTRA","Angiosperms","Solanaceae",,,"A.Juss.","SOLANACEAE Solanaceae A.Juss.","HUFU00034259",,"HUFU","Romero, R.","4884","Native","1998",,,"Latão","Ouro","jbrj-public.s3-sa-east-1.amazonaws.com/fsi/server?type=image&source=DZI/hufu/hufu/0/3/42/59/hufu00034259.dzi","São Roque de Minas","Parque Nacional da Serra da Canastra"
"PARQUE NACIONAL SERRA DA CANASTRA","Angiosperms","Acanthaceae","Staurogyne",,"Wall.","ACANTHACEAE Staurogyne Wall.","HUFU00053441",,"HUFU","Nakajima, J.N.","2741","Native","1997",,,"Latão","Ouro","jbrj-public.s3-sa-east-1.amazonaws.com/fsi/server?type=image&source=DZI/hufu/hufu/0/5/34/41/hufu00053441.dzi","São Roque de Minas","Parque Nacional da Serra da Canastra"
"PARQUE NACIONAL SERRA DA CANASTRA","Angiosperms","Anacardiaceae",,,"R.Br.","ANACARDIACEAE Anacardiaceae R.Br.","HUFU00053219",,"HUFU","Romero, R.","4716","Native","1997",,,"Latão","Ouro","jbrj-public.s3-sa-east-1.amazonaws.com/fsi/server?type=image&source=DZI/hufu/hufu/0/5/32/19/hufu00053219.dzi","São Roque de Minas","Parque Nacional da Serra da Canastra"
"PARQUE NACIONAL SERRA DA CANASTRA","Angiosperms","Anacardiaceae","Tapirira",,"Aubl.","ANACARDIACEAE Tapirira Aubl.","HUFU00053221",,"HUFU","Nakajima, J.N.","2986","Native","1997",,,"Latão","Ouro","jbrj-public.s3-sa-east-1.amazonaws.com/fsi/server?type=image&source=DZI/hufu/hufu/0/5/32/21/hufu00053221.dzi","São Roque de Minas","Parque Nacional da Serra da Canastra"
"PARQUE NACIONAL SERRA DA CANASTRA","Angiosperms","Apiaceae","Eryngium",,"L.","APIACEAE Eryngium L.","HUFU00053043",,"HUFU","Nakajima, J.N.","2657","Native","1997",,,"Latão","Ouro","jbrj-public.s3-sa-east-1.amazonaws.com/fsi/server?type=image&source=DZI/hufu/hufu/0/5/30/43/hufu00053043.dzi","São Roque de Minas","Parque Nacional da Serra da Canastra"
"PARQUE NACIONAL SERRA DA CANASTRA","Angiosperms","Araceae",,,"Juss.","ARACEAE Araceae Juss.","HUFU00053046",,"HUFU","Nakajima, J.N.","2758","Native","1997",,,"Latão","Ouro","jbrj-public.s3-sa-east-1.amazonaws.com/fsi/server?type=image&source=DZI/hufu/hufu/0/5/30/46/hufu00053046.dzi","São Roque de Minas","Parque Nacional da Serra da Canastra"
"PARQUE NACIONAL SERRA DA CANASTRA","Angiosperms","Arecaceae",,,"Bercht. & J.Presl.","ARECACEAE Arecaceae Bercht. & J.Presl.","HUFU00052447",,"HUFU","Romero, R.","4006","Native","1997",,,"Latão","Ouro","jbrj-public.s3-sa-east-1.amazonaws.com/fsi/server?type=image&source=DZI/hufu/hufu/0/5/24/47/hufu00052447.dzi","São Roque de Minas","Parque Nacional da Serra da Canastra ; Cachoeira dos Rolinhos."
"PARQUE NACIONAL SERRA DA CANASTRA","Angiosperms","Bignoniaceae","Tabebuia",,"Gomes ex DC.","BIGNONIACEAE Tabebuia Gomes ex DC.","HUFU00003418",,"HUFU","Nakajima, J.N.","2781","Native","1997",,,"Latão","Ouro","jbrj-public.s3-sa-east-1.amazonaws.com/fsi/server?type=image&source=DZI/hufu/hufu/0/0/34/18/hufu00003418.dzi","São Roque de Minas","Parque Nacional da Serra da Canastra. Nascente do córrego do Bárbaro."
"PARQUE NACIONAL SERRA DA CANASTRA","Angiosperms","Bromeliaceae","Vriesea",,"Lindl.","BROMELIACEAE Vriesea Lindl.","HUFU00051651",,"HUFU","Nakajima, J.N.","2847","Native","1997",,,"Latão","Ouro","jbrj-public.s3-sa-east-1.amazonaws.com/fsi/server?type=image&source=DZI/hufu/hufu/0/5/16/51/hufu00051651.dzi","São Roque de Minas","Parque Nacional da Serra da Canastra ; Chapadão do Diamante, final da estrada."
"PARQUE NACIONAL SERRA DA CANASTRA","Angiosperms","Commelinaceae",,,"Mirb.","COMMELINACEAE Commelinaceae Mirb.","HUFU00052095",,"HUFU","Nakajima, J.N.","2193","Native","1997",,,"Latão","Ouro","jbrj-public.s3-sa-east-1.amazonaws.com/fsi/server?type=image&source=DZI/hufu/hufu/0/5/20/95/hufu00052095.dzi","São Roque de Minas","Parque Nacional da Serra da Canastra ; Estrada para o Retiro de Pedras."
"PARQUE NACIONAL SERRA DA CANASTRA","Angiosperms","Convolvulaceae","Cuscuta",,"L.","CONVOLVULACEAE Cuscuta L.","HUFU00051063",,"HUFU","Romero, R.","4355","Native","1997",,,"Latão","Ouro","jbrj-public.s3-sa-east-1.amazonaws.com/fsi/server?type=image&source=DZI/hufu/hufu/0/5/10/63/hufu00051063.dzi","São Roque de Minas","Parque Nacional da Serra da Canastra ; Chapadão do Diamante."
"PARQUE NACIONAL SERRA DA CANASTRA","Angiosperms","Cunoniaceae",,,"R.Br.","CUNONIACEAE Cunoniaceae R.Br.","HUFU00051065",,"HUFU","Romero, R.","4452","Native","1997",,,"Latão","Ouro","jbrj-public.s3-sa-east-1.amazonaws.com/fsi/server?type=image&source=DZI/hufu/hufu/0/5/10/65/hufu00051065.dzi","São Roque de Minas","Parque Nacional da Serra da Canastra ; Cachoeira dos Rolinhos."
"PARQUE NACIONAL SERRA DA CANASTRA","Angiosperms","Dilleniaceae","Doliocarpus",,"Rol.","DILLENIACEAE Doliocarpus Rol.","HUFU00051397",,"HUFU","Nakajima, J.N.","2427","Native","1997",,,"Latão","Ouro","jbrj-public.s3-sa-east-1.amazonaws.com/fsi/server?type=image&source=DZI/hufu/hufu/0/5/13/97/hufu00051397.dzi","São Roque de Minas","Parque Nacional da Serra da Canastra ; Trilha da Cachoeira Casca D'Anta."
"PARQUE NACIONAL SERRA DA CANASTRA","Angiosperms","Lentibulariaceae",,,"Rich.","LENTIBULARIACEAE Lentibulariaceae Rich.","HUFU00039217",,"HUFU","Romero, R.","3869","Native","1997",,,"Latão","Ouro","jbrj-public.s3-sa-east-1.amazonaws.com/fsi/server?type=image&source=DZI/hufu/hufu/0/3/92/17/hufu00039217.dzi","São Roque de Minas","Parque Nacional da Serra da Canastra; Morro após a nascente do rio São Francisco."
"PARQUE NACIONAL SERRA DA CANASTRA","Angiosperms","Lycopodiaceae","Huperzia",,"Bernh.","LYCOPODIACEAE Huperzia Bernh.","HUFU00034008",,"HUFU","Romero, R.","3884","Native","1997",,,"Latão","Ouro","jbrj-public.s3-sa-east-1.amazonaws.com/fsi/server?type=image&source=DZI/hufu/hufu/0/3/40/8/hufu00034008.dzi",,"Parque Nacional da Serra da Canastra"
"PARQUE NACIONAL SERRA DA CANASTRA","Angiosperms","Malpighiaceae",,,"Juss.","MALPIGHIACEAE Malpighiaceae Juss.","HUFU00038290",,"HUFU","Nakajima, J.N.","2719","Native","1997",,,"Latão","Ouro","jbrj-public.s3-sa-east-1.amazonaws.com/fsi/server?type=image&source=DZI/hufu/hufu/0/3/82/90/hufu00038290.dzi","São Roque de Minas","Parque Nacional da Serra da Canastra; Estrada para o Vale do Cândidos, Garagem de Pedras."
"PARQUE NACIONAL SERRA DA CANASTRA","Angiosperms","Malvaceae","Luehea",,"Willd.","MALVACEAE Luehea Willd.","HUFU00015507",,"HUFU","Romero, R.","4314","Native","1997",,,"Latão","Ouro","jbrj-public.s3-sa-east-1.amazonaws.com/fsi/server?type=image&source=DZI/hufu/hufu/0/1/55/7/hufu00015507.dzi","São Roque de Minas","Parque Nacional da Serra da Canastra. Vale dos Cândidos, próximo ao córrego das Posses. Borda do córrego."
"PARQUE NACIONAL SERRA DA CANASTRA","Angiosperms","Malvaceae","Pseudobombax",,"Dugand","MALVACEAE Pseudobombax Dugand","HUFU00038698",,"HUFU","Romero, R.","4470","Native","1997",,,"Latão","Ouro","jbrj-public.s3-sa-east-1.amazonaws.com/fsi/server?type=image&source=DZI/hufu/hufu/0/3/86/98/hufu00038698.dzi","São Roque de Minas","Parque Nacional da Serra da Canastra; Cachoeira dos Rolinhos."
"PARQUE NACIONAL SERRA DA CANASTRA","Angiosperms","Melastomataceae","Trembleya",,"DC.","MELASTOMATACEAE Trembleya DC.","HUFU00037297",,"HUFU","Nakajima, J.N.","2692","Native","1997",,,"Latão","Ouro","jbrj-public.s3-sa-east-1.amazonaws.com/fsi/server?type=image&source=DZI/hufu/hufu/0/3/72/97/hufu00037297.dzi","São Roque de Minas","Parque Nacional da Serra da Canastra"
"PARQUE NACIONAL SERRA DA CANASTRA","Angiosperms","Meliaceae","Cabralea",,"A.Juss.","MELIACEAE Cabralea A.Juss.","HUFU00037131",,"HUFU","Nakajima, J.N.","2196","Native","1997",,,"Latão","Ouro","jbrj-public.s3-sa-east-1.amazonaws.com/fsi/server?type=image&source=DZI/hufu/hufu/0/3/71/31/hufu00037131.dzi","São Roque de Minas","Parque Nacional da Serra da Canastra"
"PARQUE NACIONAL SERRA DA CANASTRA","Angiosperms","Meliaceae",,,"A.Juss.","MELIACEAE Meliaceae A.Juss.","HUFU00037304",,"HUFU","Nakajima, J.N.","2826","Native","1997",,,"Latão","Ouro","jbrj-public.s3-sa-east-1.amazonaws.com/fsi/server?type=image&source=DZI/hufu/hufu/0/3/73/4/hufu00037304.dzi","São Roque de Minas","Parque Nacional da Serra da Canastra"
"PARQUE NACIONAL SERRA DA CANASTRA","Angiosperms","Monimiaceae",,,"Juss.","MONIMIACEAE Monimiaceae Juss.","HUFU00037330",,"HUFU","Nakajima, J.N.","2874","Native","1997",,,"Latão","Ouro","jbrj-public.s3-sa-east-1.amazonaws.com/fsi/server?type=image&source=DZI/hufu/hufu/0/3/73/30/hufu00037330.dzi","São Roque de Minas","Parque Nacional da Serra da Canastra"
"PARQUE NACIONAL SERRA DA CANASTRA","Angiosperms","Moraceae","Ficus",,"L.","MORACEAE Ficus L.","HUFU00037236",,"HUFU","Romero, R.","3946","Native","1997",,,"Latão","Ouro","jbrj-public.s3-sa-east-1.amazonaws.com/fsi/server?type=image&source=DZI/hufu/hufu/0/3/72/36/hufu00037236.dzi","São Roque de Minas","Parque Nacional da Serra da Canastra"
"PARQUE NACIONAL SERRA DA CANASTRA","Angiosperms","Myrsinaceae",,,"Batsch ex Borkh.","MYRSINACEAE Primulaceae Batsch ex Borkh.","HUFU00037408",,"HUFU","Romero, R.","3949","Native","1997",,,"Latão","Ouro","jbrj-public.s3-sa-east-1.amazonaws.com/fsi/server?type=image&source=DZI/hufu/hufu/0/3/74/8/hufu00037408.dzi","São Roque de Minas","Parque Nacional da Serra da Canastra"
"PARQUE NACIONAL SERRA DA CANASTRA","Angiosperms","Ochnaceae","Ouratea",,"Aubl.","OCHNACEAE Ouratea Aubl.","HUFU00035437",,"HUFU","Romero, R.","4504","Native","1997",,,"Latão","Ouro","jbrj-public.s3-sa-east-1.amazonaws.com/fsi/server?type=image&source=DZI/hufu/hufu/0/3/54/37/hufu00035437.dzi","São Roque de Minas","Parque Nacional da Serra da Canastra"
"PARQUE NACIONAL SERRA DA CANASTRA","Angiosperms","Orchidaceae","Acianthera",,"Scheidw.","ORCHIDACEAE Acianthera Scheidw.","HUFU00035465",,"HUFU","Nakajima, J.N.","2354","Native","1997",,,"Latão","Ouro","jbrj-public.s3-sa-east-1.amazonaws.com/fsi/server?type=image&source=DZI/hufu/hufu/0/3/54/65/hufu00035465.dzi","São Roque de Minas","Parque Nacional da Serra da Canastra"
"PARQUE NACIONAL SERRA DA CANASTRA","Angiosperms","Orchidaceae","Cyclopogon",,"C.Presl","ORCHIDACEAE Cyclopogon C.Presl","HUFU00035470",,"HUFU","Nakajima, J.N.","2770","Native","1997",,,"Latão","Ouro","jbrj-public.s3-sa-east-1.amazonaws.com/fsi/server?type=image&source=DZI/hufu/hufu/0/3/54/70/hufu00035470.dzi","São Roque de Minas","Parque Nacional da Serra da Canastra"
"PARQUE NACIONAL SERRA DA CANASTRA","Angiosperms","Orchidaceae",,,"A.Juss.","ORCHIDACEAE Orchidaceae A.Juss.","HUFU00035514",,"HUFU","Romero, R.","3943","Native","1997",,,"Latão","Ouro","jbrj-public.s3-sa-east-1.amazonaws.com/fsi/server?type=image&source=DZI/hufu/hufu/0/3/55/14/hufu00035514.dzi","São Roque de Minas","Parque Nacional da Serra da Canastra"
"PARQUE NACIONAL SERRA DA CANASTRA","Angiosperms","Orchidaceae","Pleurothallis",,"R.Br.","ORCHIDACEAE Pleurothallis R.Br.","HUFU00035712",,"HUFU","Romero, R.","4487","Native","1997",,,"Latão","Ouro","jbrj-public.s3-sa-east-1.amazonaws.com/fsi/server?type=image&source=DZI/hufu/hufu/0/3/57/12/hufu00035712.dzi","São Roque de Minas","Parque Nacional da Serra da Canastra"
"PARQUE NACIONAL SERRA DA CANASTRA",,"Passifloraceae","Passiflora",,"L.","PASSIFLORACEAE Passiflora L.","HUFU00035672",,"HUFU","Nakajima, J.N.","2413",,"1997",,,"Latão","Ouro","jbrj-public.s3-sa-east-1.amazonaws.com/fsi/server?type=image&source=DZI/hufu/hufu/0/3/56/72/hufu00035672.dzi","São Roque de Minas","Parque Nacional da Serra da Canastra"
"PARQUE NACIONAL SERRA DA CANASTRA","Ferns and Lycophytes","Poaceae","Dichanthelium",,"(Hitchc. & Chase) Gould","POACEAE Dichanthelium (Hitchc. & Chase) Gould","HUFU00031323",,"HUFU","Romero, R.","3883","Native","1997",,,"Latão","Ouro","jbrj-public.s3-sa-east-1.amazonaws.com/fsi/server?type=image&source=DZI/hufu/hufu/0/3/13/23/hufu00031323.dzi","Delfinópolis","Parque Nacional da Serra da Canastra"
"PARQUE NACIONAL SERRA DA CANASTRA","Angiosperms","Primulaceae","Cybianthus",,"Mart.","PRIMULACEAE Cybianthus Mart.","HUFU00037407",,"HUFU","Nakajima, J.N.","2664","Native","1997",,,"Latão","Ouro","jbrj-public.s3-sa-east-1.amazonaws.com/fsi/server?type=image&source=DZI/hufu/hufu/0/3/74/7/hufu00037407.dzi","São Roque de Minas","Parque Nacional da Serra da Canastra"
"PARQUE NACIONAL SERRA DA CANASTRA","Angiosperms","Rosaceae","Rubus",,"L.","ROSACEAE Rubus L.","HUFU00036381",,"HUFU","Romero, R.","3856","Native","1997",,,"Latão","Ouro","jbrj-public.s3-sa-east-1.amazonaws.com/fsi/server?type=image&source=DZI/hufu/hufu/0/3/63/81/hufu00036381.dzi","São Roque de Minas","Parque Nacional da Serra da Canastra"
"PARQUE NACIONAL SERRA DA CANASTRA","Angiosperms","Rubiaceae","Posoqueria","latifolia","(Rudge) Schult.","RUBIACEAE Posoqueria latifolia (Rudge) Schult.","HUFU00035062",,"HUFU","Nakajima, J.N.","2822","Native","1997",,,"Latão","Ouro","jbrj-public.s3-sa-east-1.amazonaws.com/fsi/server?type=image&source=DZI/hufu/hufu/0/3/50/62/hufu00035062.dzi","São Roque de Minas","Parque Nacional da Serra da Canastra"
"PARQUE NACIONAL SERRA DA CANASTRA","Angiosperms","Sapindaceae","Cupania",,"L.","SAPINDACEAE Cupania L.","HUFU00035296",,"HUFU","Romero, R.","4476","Native","1997",,,"Latão","Ouro","jbrj-public.s3-sa-east-1.amazonaws.com/fsi/server?type=image&source=DZI/hufu/hufu/0/3/52/96/hufu00035296.dzi","São Roque de Minas","Parque Nacional da Serra da Canastra"
"PARQUE NACIONAL SERRA DA CANASTRA","Angiosperms","Sapindaceae",,,"Juss.","SAPINDACEAE Sapindaceae Juss.","HUFU00035332",,"HUFU","Romero, R.","4166","Native","1997",,,"Latão","Ouro","jbrj-public.s3-sa-east-1.amazonaws.com/fsi/server?type=image&source=DZI/hufu/hufu/0/3/53/32/hufu00035332.dzi","São Roque de Minas","Parque Nacional da Serra da Canastra"
"PARQUE NACIONAL SERRA DA CANASTRA","Angiosperms","Smilacaceae",,,"Vent.","SMILACACEAE Smilacaceae Vent.","HUFU00034185",,"HUFU","Nakajima, J.N.","2737","Native","1997",,,"Latão","Ouro","jbrj-public.s3-sa-east-1.amazonaws.com/fsi/server?type=image&source=DZI/hufu/hufu/0/3/41/85/hufu00034185.dzi","São Roque de Minas","Parque Nacional da Serra da Canastra"
"PARQUE NACIONAL SERRA DA CANASTRA","Angiosperms","Symplocaceae",,,"Desf.","SYMPLOCACEAE Symplocaceae Desf.","HUFU00034288",,"HUFU","Romero, R.","4416","Native","1997",,,"Latão","Ouro","jbrj-public.s3-sa-east-1.amazonaws.com/fsi/server?type=image&source=DZI/hufu/hufu/0/3/42/88/hufu00034288.dzi","São Roque de Minas","Parque Nacional da Serra da Canastra"
"PARQUE NACIONAL SERRA DA CANASTRA","Angiosperms","Turneraceae",,,"Kunth ex DC.","TURNERACEAE Turneraceae Kunth ex DC.","HUFU00034371",,"HUFU","Nakajima, J.N.","2811","Native","1997",,,"Latão","Ouro","jbrj-public.s3-sa-east-1.amazonaws.com/fsi/server?type=image&source=DZI/hufu/hufu/0/3/43/71/hufu00034371.dzi","São Roque de Minas","Parque Nacional da Serra da Canastra"
"PARQUE NACIONAL SERRA DA CANASTRA","Angiosperms","Urticaceae","Pilea",,"Lindl.","URTICACEAE Pilea Lindl.","HUFU00034397",,"HUFU","Romero, R.","3939","Native","1997",,,"Latão","Ouro","jbrj-public.s3-sa-east-1.amazonaws.com/fsi/server?type=image&source=DZI/hufu/hufu/0/3/43/97/hufu00034397.dzi","São Roque de Minas","Parque Nacional da Serra da Canastra"
"PARQUE NACIONAL SERRA DA CANASTRA","Angiosperms","Xyridaceae",,,"C.Agardh","XYRIDACEAE Xyridaceae C.Agardh","HUFU00033393",,"HUFU","Romero, R.","4042","Native","1997",,,"Latão","Ouro","jbrj-public.s3-sa-east-1.amazonaws.com/fsi/server?type=image&source=DZI/hufu/hufu/0/3/33/93/hufu00033393.dzi","São Roque de Minas","Parque Nacional da Serra da Canastra"
"PARQUE NACIONAL SERRA DA CANASTRA","Angiosperms","Malvaceae","Hibiscus","kitaibelifolius","A.St.-Hil.","MALVACEAE Hibiscus kitaibelifolius A.St.-Hil.","HUFU00038651",,"HUFU","Romero, R.","4146","Native","1997",,"2014","Latão","Ouro","jbrj-public.s3-sa-east-1.amazonaws.com/fsi/server?type=image&source=DZI/hufu/hufu/0/3/86/51/hufu00038651.dzi","São Roque de Minas","Parque Nacional da Serra da Canastra; Parte de cima da Cachoeira Casca D'Anta, beira do rio São Francisco."
"PARQUE NACIONAL SERRA DA CANASTRA","Angiosperms","Boraginaceae",,,"Juss.","BORAGINACEAE Boraginaceae Juss.","HUFU00052201",,"HUFU","Nakajima, J.N.","2147","Native","1996",,,"Latão","Ouro","jbrj-public.s3-sa-east-1.amazonaws.com/fsi/server?type=image&source=DZI/hufu/hufu/0/5/22/1/hufu00052201.dzi","São Roque de Minas","Parque Nacional da Serra da Canastra ; Cachoeira dos Rolinhos."
"PARQUE NACIONAL SERRA DA CANASTRA","Angiosperms","Combretaceae",,,"R.Br.","COMBRETACEAE Combretaceae R.Br.","HUFU00052069",,"HUFU","Romero, R.","3670","Native","1996",,,"Latão","Ouro","jbrj-public.s3-sa-east-1.amazonaws.com/fsi/server?type=image&source=DZI/hufu/hufu/0/5/20/69/hufu00052069.dzi","Sacramento","Parque Nacional da Serra da Canastra ; Guarita de Sacramento, caminho para córrego dos Coelhos."
"PARQUE NACIONAL SERRA DA CANASTRA","Angiosperms","Dilleniaceae",,,"Salisb.","DILLENIACEAE Dilleniaceae Salisb.","HUFU00051450",,"HUFU","Romero, R.","3727","Native","1996",,,"Latão","Ouro","jbrj-public.s3-sa-east-1.amazonaws.com/fsi/server?type=image&source=DZI/hufu/hufu/0/5/14/50/hufu00051450.dzi","São Roque de Minas","Parque Nacional da Serra da Canastra ; Serra das Sete Voltas."
"PARQUE NACIONAL SERRA DA CANASTRA","Angiosperms","Moraceae","Pseudolmedia",,"Trécul","MORACEAE Pseudolmedia Trécul","HUFU00037234",,"HUFU","Romero, R.","3551","Native","1996",,,"Latão","Ouro","jbrj-public.s3-sa-east-1.amazonaws.com/fsi/server?type=image&source=DZI/hufu/hufu/0/3/72/34/hufu00037234.dzi","Sacramento","Parque Nacional da Serra da Canastra"
"PARQUE NACIONAL SERRA DA CANASTRA","Angiosperms","Nyctaginaceae",,,"Juss.","NYCTAGINACEAE Nyctaginaceae Juss.","HUFU00036867",,"HUFU","Romero, R.","3714","Native","1996",,,"Latão","Ouro","jbrj-public.s3-sa-east-1.amazonaws.com/fsi/server?type=image&source=DZI/hufu/hufu/0/3/68/67/hufu00036867.dzi","São Roque de Minas","Parque Nacional da Serra da Canastra"
"PARQUE NACIONAL SERRA DA CANASTRA","Angiosperms","Ochnaceae",,,"DC.","OCHNACEAE Ochnaceae DC.","HUFU00035446",,"HUFU","Romero, R.","3778","Native","1996",,,"Latão","Ouro","jbrj-public.s3-sa-east-1.amazonaws.com/fsi/server?type=image&source=DZI/hufu/hufu/0/3/54/46/hufu00035446.dzi","São Roque de Minas","Parque Nacional da Serra da Canastra"
"PARQUE NACIONAL SERRA DA CANASTRA","Angiosperms","Polygonaceae","Coccoloba",,"P.Browne","POLYGONACEAE Coccoloba P.Browne","HUFU00033420",,"HUFU","Romero, R.","3749","Native","1996",,,"Latão","Ouro","jbrj-public.s3-sa-east-1.amazonaws.com/fsi/server?type=image&source=DZI/hufu/hufu/0/3/34/20/hufu00033420.dzi","São Roque de Minas","Parque Nacional da Serra da Canastra"
"PARQUE NACIONAL SERRA DA CANASTRA","Angiosperms","Simaroubaceae",,,"DC.","SIMAROUBACEAE Simaroubaceae DC.","HUFU00034308",,"HUFU","Romero, R.","3739","Native","1996",,,"Latão","Ouro","jbrj-public.s3-sa-east-1.amazonaws.com/fsi/server?type=image&source=DZI/hufu/hufu/0/3/43/8/hufu00034308.dzi","São Roque de Minas","Parque Nacional da Serra da Canastra"
"PARQUE NACIONAL SERRA DA CANASTRA","Angiosperms","Siparunaceae","Siparuna",,"Aubl.","SIPARUNACEAE Siparuna Aubl.","HUFU00037183",,"HUFU","Romero, R.","3565","Native","1996",,,"Latão","Ouro","jbrj-public.s3-sa-east-1.amazonaws.com/fsi/server?type=image&source=DZI/hufu/hufu/0/3/71/83/hufu00037183.dzi","Sacramento","Parque Nacional da Serra da Canastra"
"PARQUE NACIONAL SERRA DA CANASTRA",,"Asteraceae","Elephantopus","riparius","Gardner","ASTERACEAE Elephantopus riparius Gardner","US01637285",,"US","Romero, R.","2563",,"1995",,,"Latão","Ouro","jbrj-public.s3-sa-east-1.amazonaws.com/fsi/server?type=image&source=DZI/us/us/1/63/72/85/us01637285.dzi",,"Procedência; Cachoeira da Casca D'Anta, Parna Serra de Canastra, São Roque de Minas, Trilha da mata da Casca D'Anta"
"PARQUE NACIONAL SERRA DA CANASTRA","Angiosperms","Asteraceae","Lessingianthus","ligulifolius","(Mart. ex DC.) H.Rob.","ASTERACEAE Lessingianthus ligulifolius (Mart. ex DC.) H.Rob.","US01630853",,"US","Romero, R.","1849","Native","1995",,,"Latão","Ouro","jbrj-public.s3-sa-east-1.amazonaws.com/fsi/server?type=image&source=DZI/us/us/1/63/8/53/us01630853.dzi",,"Próximo a guarita de Sacramento, PARNA Serra da Canastra, Sacramento"
"PARQUE NACIONAL SERRA DA CANASTRA","Angiosperms","Asteraceae","Lychnophora","crispa","Mattf.","ASTERACEAE Lychnophora crispa Mattf.","US01636131",,"US","Romero, R.","2380","Native","1995",,,"Latão","Ouro","jbrj-public.s3-sa-east-1.amazonaws.com/fsi/server?type=image&source=DZI/us/us/1/63/61/31/us01636131.dzi",,"Morro próximo à sede administrativa, PARNA Serra da Canastra, São Roque de Minas"
"PARQUE NACIONAL SERRA DA CANASTRA","Angiosperms","Cucurbitaceae",,,"A.Juss.","CUCURBITACEAE Cucurbitaceae A.Juss.","HUFU00051067",,"HUFU","Nakajima, J.N.","950","Native","1995",,,"Latão","Ouro","jbrj-public.s3-sa-east-1.amazonaws.com/fsi/server?type=image&source=DZI/hufu/hufu/0/5/10/67/hufu00051067.dzi","São Roque de Minas","Parque Nacional da Serra da Canastra ; Estrada para Sacramento, 25km da guarita de Sacramento."
"PARQUE NACIONAL SERRA DA CANASTRA","Angiosperms","Fabaceae","Mimosa","uniceps","Barneby","FABACEAE Mimosa uniceps Barneby","HUFU00040620",,"HUFU","Romero, R.","2137","Native","1995",,,"Latão","Ouro","jbrj-public.s3-sa-east-1.amazonaws.com/fsi/server?type=image&source=DZI/hufu/hufu/0/4/6/20/hufu00040620.dzi","Sacramento","Parque Nacional da Serra da Canastra"
"PARQUE NACIONAL SERRA DA CANASTRA","Angiosperms","Lamiaceae","Hypenia","reticulata","(Mart. ex Benth.) Harley","LAMIACEAE Hypenia reticulata (Mart. ex Benth.) Harley","K001228411",,"K","Romero, R.","2112","Native","1995",,,"Latão","Ouro","jbrj-public.s3-sa-east-1.amazonaws.com/fsi/server?type=image&source=DZI/kew/k/0/12/28/41/1/k001228411.dzi","Sacramento","Guarita de Sacramento, Parna Serra da Canastra."
"PARQUE NACIONAL SERRA DA CANASTRA","Angiosperms","Rubiaceae","Coussarea","hydrangeifolia","(Benth.) Müll.Arg.","RUBIACEAE Coussarea hydrangeifolia (Benth.) Müll.Arg.","K001137618",,"K","Romero, R.","2578","Native","1995",,,"Latão","Ouro","jbrj-public.s3-sa-east-1.amazonaws.com/fsi/server?type=image&source=DZI/kew/k/0/11/37/61/8/k001137618.dzi","São Roque de Minas","Cachoeira da Casca D´Anta, PARNA Serra da Canastra."
"PARQUE NACIONAL SERRA DA CANASTRA","Angiosperms","Melastomataceae","Pleroma","mutabile","(Vell.) Triana","MELASTOMATACEAE Pleroma mutabile (Vell.) Triana","US01905629",,"US","Nakajima, J.N.","807","Native","1995",,"2016","Latão","Ouro","jbrj-public.s3-sa-east-1.amazonaws.com/fsi/server?type=image&source=DZI/us/us/1/90/56/29/us01905629.dzi","São Roque de Minas","Estrada para Sacramento, morro após o vale do rio São Francisco, PARNA Serra da Canastra."
"PARQUE NACIONAL SERRA DA CANASTRA","Angiosperms","Acanthaceae",,,"Juss.","ACANTHACEAE Acanthaceae Juss.","HUFU00000332",,"HUFU","Nakajima, J.N.","336","Native","1994",,,"Latão","Ouro","jbrj-public.s3-sa-east-1.amazonaws.com/fsi/server?type=image&source=DZI/hufu/hufu/0/0/3/32/hufu00000332.dzi","São Roque de Minas","Parque Nacional da Serra da Canastra. Campo úmido."
"PARQUE NACIONAL SERRA DA CANASTRA","Angiosperms","Amaranthaceae","Gomphrena",,"L.","AMARANTHACEAE Gomphrena L.","SPF00092550",,"SPF","Giulietti, A.M.","CFCR13627","Native","1994",,,"Latão","Ouro","jbrj-public.s3-sa-east-1.amazonaws.com/fsi/server?type=image&source=DZI/spf/spf/0/9/25/50/spf00092550.dzi","São Roque de Minas","Arredores do parque nacional da Serra da Canastra entre 20°15'62'' S, 46°24'58'' W (1095 msn GPS) e 20'15'59 S, 46°24'41'' W (1176 msn)"
"PARQUE NACIONAL SERRA DA CANASTRA","Angiosperms","Amaryllidaceae",,,"J. St.-Hil.","AMARYLLIDACEAE Amaryllidaceae J. St.-Hil.","HUFU00053256",,"HUFU","Nakajima, J.N.","325","Native","1994",,,"Latão","Ouro","jbrj-public.s3-sa-east-1.amazonaws.com/fsi/server?type=image&source=DZI/hufu/hufu/0/5/32/56/hufu00053256.dzi","São Roque de Minas","Parque Nacional da Serra da Canastra"
"PARQUE NACIONAL SERRA DA CANASTRA","Angiosperms","Asteraceae","Aldama","bakeriana","(S.F.Blake) E.E.Schill. & Panero","ASTERACEAE Aldama bakeriana (S.F.Blake) E.E.Schill. & Panero","US01768103",,"US","Romero, R.","1550","Native","1994",,,"Latão","Ouro","jbrj-public.s3-sa-east-1.amazonaws.com/fsi/server?type=image&source=DZI/us/us/1/76/81/3/us01768103.dzi",,"Estrada para o Retiro de Pedras, Parna Serra da Canastra, São Roque de Minas, Minas Gerais, Brasil"
"PARQUE NACIONAL SERRA DA CANASTRA","Angiosperms","Lamiaceae","Cyanocephalus","coriaceus","(Benth.) Harley & J.F.B.Pastore","LAMIACEAE Cyanocephalus coriaceus (Benth.) Harley & J.F.B.Pastore","K001232875",,"K","Romero, R.","1191","Native","1994",,,"Latão","Ouro","jbrj-public.s3-sa-east-1.amazonaws.com/fsi/server?type=image&source=DZI/kew/k/0/12/32/87/5/k001232875.dzi","Sacramento","Próximo a guarita de Sacramento, PARNA Serra da Canastra."
"PARQUE NACIONAL SERRA DA CANASTRA","Angiosperms","Malvaceae","Peltaea","speciosa","(Kunth) Standl.","MALVACEAE Peltaea speciosa (Kunth) Standl.","SPF00092577",,"SPF","Giulietti, A.M.","CFCR13630","Native","1994","Anonimo",,"Latão","Ouro","jbrj-public.s3-sa-east-1.amazonaws.com/fsi/server?type=image&source=DZI/spf/spf/0/9/25/77/spf00092577.dzi","São Roque de Minas","Arredores do Parque Nacional da Serra da Canastra.Coordenadas entre 20º15'62""S, 46º24'58""W e 20º15'59""S, 46º24'41""W."
"PARQUE NACIONAL SERRA DA CANASTRA","Angiosperms","Acanthaceae","Justicia","sebastianopolitanae","Profice","ACANTHACEAE Justicia sebastianopolitanae Profice","US 3315334","x","US","Romero, R.","2062","Native",,,,"Latão","Ouro",,,"Guarita 3, Cachoeira Casca D'Anta, Parna Serra da Canastra, São Roque de Minas."
"PARQUE NACIONAL SERRA DA CANASTRA","Angiosperms","Asteraceae","Eupatorium",,"L.","ASTERACEAE Eupatorium L.","78093","x","Herbario INPA","Hopkins, M.","7156","Native",,,,"Latão","Ouro",,,"Parque Nacional da Serra de Canastra, entre Piumhi e Araxá, ca. 70 km. de Piunhi. Em campo e campo rupestre."
"PARQUE NACIONAL SERRA DA CANASTRA","Angiosperms","Asteraceae","Gnaphalium",,"L.","ASTERACEAE Gnaphalium L.","78095","x","Herbario INPA","Hopkins, M.","7174","Native",,,,"Latão","Ouro",,,"Parque Nacional da Serra da Canastra, entre Piumhi e Araxá ca. 80 km. de Piunhi. Campo com lugares brejosos."
"PARQUE NACIONAL SERRA DA CANASTRA","Angiosperms","Asteraceae","Trichogonia",,"Gardner","ASTERACEAE Trichogonia Gardner","78084","x","Herbario INPA","Hopkins, M.","7140","Native",,,,"Latão","Ouro",,,"Parque Nacional da Serra de Canastra, entre Piumhi e Araxá, ca. 70 km. de Piumhi. Em campo e campo rupestre."
"PARQUE NACIONAL SERRA DA CANASTRA","Angiosperms","Asteraceae","Trichogoniopsis","podocarpa","(DC.) R.M.King & H.Rob.","ASTERACEAE Trichogoniopsis podocarpa (DC.) R.M.King & H.Rob.","78073","x","Herbario INPA","Hopkins, M.","712Y","Native",,,,"Latão","Ouro",,,"Parque Nacional da Serra de Canastra, entre Piumhi e Araxá, ca. 70 km. de Piumhi. Em campo e campo rupestre."
"PARQUE NACIONAL SERRA DA CANASTRA","Angiosperms","Burseraceae","Protium",,"Burm.f.","BURSERACEAE Protium Burm.f.","53282","x","BHCB","Mota, R.C.","77","Native",,,,"Latão","Ouro",,,"Parque Nacional da Serra da Canastra"
"PARQUE NACIONAL SERRA DA CANASTRA","Angiosperms","Caryophyllaceae","Drymaria",,"Willd. ex Schult.","CARYOPHYLLACEAE Drymaria Willd. ex Schult.","38024","x","BHCB",,"s.n.","Native",,,,"Latão","Ouro",,,"Parque Nacional da Serra da Canastra"
"PARQUE NACIONAL SERRA DA CANASTRA",,"Leptolyngbyaceae","Leptolyngbya",,"Anagn. & Komárek","LEPTOLYNGBYACEAE Leptolyngbya Anagn. & Komárek","32125","splink","SJRP-ALGAE","Necchi, O.J.",,,,,,"Latão","Ouro",,,"Parque Nacional da Serra da Canastra, afluente da margem direita do Rio São Francisco"
"PARQUE NACIONAL SERRA DA CANASTRA","Angiosperms","Malpighiaceae","Banisteriopsis",,"C.B.Rob. ex Small","MALPIGHIACEAE Banisteriopsis C.B.Rob. ex Small","53280","x","BHCB","Mota, R.C.","75","Native",,,,"Latão","Ouro",,,"Parque Nacional da Serra da Canastra"
"PARQUE NACIONAL SERRA DA CANASTRA",,"Malpighiaceae","Peixotoa",,"A.Juss.","MALPIGHIACEAE Peixotoa A.Juss.","78092","x","Herbario INPA","Hopkins, M.","7152",,,,,"Latão","Ouro",,,"Parque Nacional da Serra de Canastra entre Piumhi e Araxá, ca. 70 Km de Piumhi. Em campo e campo rupestre."
"PARQUE NACIONAL SERRA DA CANASTRA","Angiosperms",,"Spirogyra",,"Link","NA Spirogyra Link","32129","splink","SJRP-ALGAE","Necchi, O.J.",,"Native",,,,"Latão","Ouro",,,"Parque Nacional da Serra da Canastra, Córrego das Lavras, afluente da margem direita do Rio São Francisco"
"PARQUE NACIONAL SERRA DA CANASTRA","Angiosperms","Polypodiaceae","Polypodium",,"L.","POLYPODIACEAE Polypodium L.","78076","x","Herbario INPA","Hopkins, M.","7129","Native",,,,"Latão","Ouro",,,"Parque Nacional da Serra de Canastra, entre Piumhi e Araxá, ca. 70 km de Piumhi."
"PARQUE NACIONAL SERRA DA CANASTRA","Angiosperms","Rubiaceae","Palicourea",,"Aubl.","RUBIACEAE Palicourea Aubl.","53241","x","BHCB","Mota, R.C.","33","Native",,,,"Latão","Ouro",,,"Parque Nacional da Serra da Canastra"
"PARQUE NACIONAL SERRA DA CANASTRA","Angiosperms","Asteraceae","Calea",,"L.","ASTERACEAE Calea L.","RB01609220","x","RB","John, L.","304","Native","2026",,,"Latão","Ouro",,,"Nascente do Rio São Francisco. Parque Nacional da Serra da Canastra"
"PARQUE NACIONAL SERRA DA CANASTRA","Angiosperms","Lauraceae","Nectandra","oppositifolia","Nees & Mart.","LAURACEAE Nectandra oppositifolia Nees & Mart.","BHCB231492","splink","BHCB","Santos, B.H.R.S.","s.n.","Native","2025",,"0-0-0","Latão","Ouro",,"São Roque de Minas","PARNA Serra da Canastra, Vargem Bonita."
"PARQUE NACIONAL SERRA DA CANASTRA","Angiosperms","Myrtaceae","Psidium","rufum","Mart. ex DC.","MYRTACEAE Psidium rufum Mart. ex DC.","BHCB231490","splink","BHCB","Fernandes, I.S.","s.n.","Unknown","2025",,"0-0-0","Latão","Ouro",,"São Roque de Minas","PARNA Serra da Canastra, Vargem Bonita."
"PARQUE NACIONAL SERRA DA CANASTRA","Angiosperms","Poaceae","Agenium",,"Nees","POACEAE Agenium Nees","104498","splink","UFP","Couceiro, Y.","621","Native","2025",,"0-0-0","Latão","Ouro",,"São Roque de Minas","PARNA - Serra da Canastra, Na estrada para a Portaria 3-Sacramento. Cerrado, campo limpo de murundus."
"PARQUE NACIONAL SERRA DA CANASTRA","Angiosperms","Poaceae","Andropogon","macrothrix","Trin.","POACEAE Andropogon macrothrix Trin.","104454","splink","UFP","Couceiro, Y.","601","Native","2025",,"0-0-0","Latão","Ouro",,"São Roque de Minas","PARNA - Serra da Canastra, Erva, Cerrado, campo limpo. Próximo ao Curral de Pedra"
"PARQUE NACIONAL SERRA DA CANASTRA","Angiosperms","Poaceae","Apochloa","cipoensis","(Renvoize & Send.) Zuloaga & Morrone","POACEAE Apochloa cipoensis (Renvoize & Send.) Zuloaga & Morrone","104440","x","UFP","Couceiro, Y.","559","Native","2025",,,"Latão","Ouro",,,"PARNA - Serra da Canastra, Erva, abundante. Cerrado, campo limpo, 1383m, Próximo a Garagem de Pedras."
"PARQUE NACIONAL SERRA DA CANASTRA","Angiosperms","Poaceae","Aristida","sanctae-luciae","Trin.","POACEAE Aristida sanctae-luciae Trin.","104467","x","UFP","Couceiro, Y.","592","Native","2025",,,"Latão","Ouro",,,"PARNA - Serra da Canastra, Erva, Cerrado, campo limpo. Próximo ao Curral de Pedra"
"PARQUE NACIONAL SERRA DA CANASTRA","Angiosperms","Poaceae","Canastra",,"Morrone, Zuloaga, Davidse & Filg.","POACEAE Canastra Morrone, Zuloaga, Davidse & Filg.","104490","splink","UFP","Couceiro, Y.","628","Native","2025",,"0-0-0","Latão","Ouro",,"São Roque de Minas","PARNA - Serra da Canastra, Cachoeira casca D'Anta, parte alta. Em campo denso de Velloziaceae e Tatianyx. Solo pedregoso."
"PARQUE NACIONAL SERRA DA CANASTRA","Angiosperms","Poaceae","Eragrostis",,"Wolf","POACEAE Eragrostis Wolf","104430","splink","UFP","Couceiro, Y.","535","Native","2025",,"0-0-0","Latão","Ouro",,"São Roque de Minas","PARNA - Serra da Canastra, Erva, abundante. Cerrado, campo limpo, 1383m, Próximo a Garagem de Pedras."
"PARQUE NACIONAL SERRA DA CANASTRA","Angiosperms","Poaceae","Eriochrysis",,"P. Beauv.","POACEAE Eriochrysis P. Beauv.","104471","splink","UFP","Couceiro, Y.","597","Native","2025",,"0-0-0","Latão","Ouro",,"São Roque de Minas","PARNA - Serra da Canastra, Erva, Cerrado, campo limpo. Próximo ao Curral de Pedra"
"PARQUE NACIONAL SERRA DA CANASTRA","Angiosperms","Poaceae","Gymnopogon","foliosus","(Willd.) Nees","POACEAE Gymnopogon foliosus (Willd.) Nees","104502","splink","UFP","Couceiro, Y.","614","Native","2025",,"0-0-0","Latão","Ouro",,"São Roque de Minas","PARNA - Serra da Canastra, Portaria 3, Sacramento. Solo pedregoso."
"PARQUE NACIONAL SERRA DA CANASTRA","Angiosperms","Poaceae","Gymnopogon",,"P.Beauv.","POACEAE Gymnopogon P.Beauv.","104446","x","UFP","Couceiro, Y.","590","Native","2025",,,"Latão","Ouro",,,"PARNA - Serra da Canastra, Erva, Cerrado, campo limpo. Próximo ao Curral de Pedra"
"PARQUE NACIONAL SERRA DA CANASTRA","Angiosperms","Poaceae","Mesosetum",,"Steud.","POACEAE Mesosetum Steud.","104466","splink","UFP","Couceiro, Y.","589","Native","2025",,"0-0-0","Latão","Ouro",,"São Roque de Minas","PARNA - Serra da Canastra, Erva, Cerrado, campo limpo. Próximo ao Curral de Pedra"
"PARQUE NACIONAL SERRA DA CANASTRA","Angiosperms","Poaceae","Paspalum","millegrana","Schrad. ex Schult.","POACEAE Paspalum millegrana Schrad. ex Schult.","104473","splink","UFP","Couceiro, Y.","587","Native","2025",,"0-0-0","Latão","Ouro",,"São Roque de Minas","PARNA - Serra da Canastra, Nascente do São Francisco"
"PARQUE NACIONAL SERRA DA CANASTRA","Angiosperms","Poaceae","Steinchisma",,"Raf.","POACEAE Steinchisma Raf.","104461","splink","UFP","Couceiro, Y.","607","Native","2025",,"0-0-0","Latão","Ouro",,"São Roque de Minas","PARNA - Serra da Canastra, Erva, Cerrado, campo limpo. Próximo ao Curral de Pedra"
"PARQUE NACIONAL SERRA DA CANASTRA","Angiosperms","Poaceae","Trichanthecium",,"Zuloaga & Morrone","POACEAE Trichanthecium Zuloaga & Morrone","104459","splink","UFP","Couceiro, Y.","604","Native","2025",,"0-0-0","Latão","Ouro",,"São Roque de Minas","PARNA - Serra da Canastra, Erva, Cerrado, campo limpo. Próximo ao Curral de Pedra"
"PARQUE NACIONAL SERRA DA CANASTRA","Angiosperms","Asteraceae","Chaptalia",,"Vent.","ASTERACEAE Chaptalia Vent.","SPFR019269","splink","SPFR","Carmo, L.","6","Native","2024",,,"Latão","Ouro",,"São Roque de Minas","PARNA Serra da Canastra, Portaria da Casca Danta"
"PARQUE NACIONAL SERRA DA CANASTRA","Angiosperms","Malpighiaceae","Heteropterys",,"Kunth","MALPIGHIACEAE Heteropterys Kunth","SPFR019258","splink","SPFR","Schuindt, C.P.","5","Native","2024",,,"Latão","Ouro",,"São Roque de Minas","PARNA Serra da Canastra, Portaria da Casca Danta"
"PARQUE NACIONAL SERRA DA CANASTRA","Angiosperms","Araceae","Philodendron",,"Schott","ARACEAE Philodendron Schott","SPFR018861","splink","SPFR","Groppo, M.","2523","Native","2023",,,"Latão","Ouro",,"São Roque de Minas","Parque Nacional da Serra da Canastra. Área da Trilha Didática ao lado da Sede do Ibama."
"PARQUE NACIONAL SERRA DA CANASTRA","Angiosperms","Eriocaulaceae","Actinocephalus",,"(Körn.) Sano","ERIOCAULACEAE Actinocephalus (Körn.) Sano","SPFR018551","splink","SPFR","Sanas, L.A.M.","1","Native","2023",,,"Latão","Ouro",,"São Roque de Minas","Parque Nacional da Serra da Canastra. No caminho para a nascente do Rio São Francisco"
"PARQUE NACIONAL SERRA DA CANASTRA","Angiosperms","Arecaceae","Euterpe","edulis","Mart.","ARECACEAE Euterpe edulis Mart.","SPFR019371","splink","SPFR","Domingos, D.A.","9","Native","2019",,,"Latão","Ouro",,"São Roque de Minas","Parque Nacional da Serra da Canastra"
"PARQUE NACIONAL SERRA DA CANASTRA","Angiosperms","Arecaceae","Geonoma",,"Willd.","ARECACEAE Geonoma Willd.","SPFR019370","splink","SPFR","Domingos, D.A.","8","Native","2019",,,"Latão","Ouro",,"São Roque de Minas","Parque Nacional da Serra da Canastra"
"PARQUE NACIONAL SERRA DA CANASTRA","Angiosperms","Arecaceae","Syagrus","loefgrenii","Glassman","ARECACEAE Syagrus loefgrenii Glassman","SPFR019365","splink","SPFR","Domingos, D.A.","3","Native","2019",,,"Latão","Ouro",,"São Roque de Minas","Parque Nacional da Serra da Canastra"
"PARQUE NACIONAL SERRA DA CANASTRA","Angiosperms","Arecaceae","Syagrus",,"Mart.","ARECACEAE Syagrus Mart.","SPFR019369","splink","SPFR","Domingos, D.A.","7","Native","2019",,,"Latão","Ouro",,"São Roque de Minas","Parque Nacional da Serra da Canastra"
"PARQUE NACIONAL SERRA DA CANASTRA","Angiosperms","Aristolochiaceae","Aristolochia",,"L.","ARISTOLOCHIACEAE Aristolochia L.","UEC167147","splink","UEC","Scudeler, A.L.","539","Native","2018",,,"Latão","Ouro",,"São Roque de Minas","Parque Nacional da Serra da Canastra. Lado direito da estrada, sentido sede para cachoeiras, entre os afloramentos."
"PARQUE NACIONAL SERRA DA CANASTRA","Angiosperms","Euphorbiaceae","Manihot",,"Mill.","EUPHORBIACEAE Manihot Mill.","SP0525922","splink","SP","Bianchini, R.S.","2285","Native","2018",,,"Latão","Ouro",,"Capitólio","Parque Nacional da Serra da Canastra, acima da cachoeira Dourada"
"PARQUE NACIONAL SERRA DA CANASTRA","Angiosperms","Asteraceae","Dasyphyllum",,"Kunth","ASTERACEAE Dasyphyllum Kunth","RB01373542","x","RB","Gonzaga, D.R.","1085","Native","2017",,,"Latão","Ouro",,,"Parte Alta. Alto da Cachoeira Casca Danta. Parque Nacional Serra da Canastra"
"PARQUE NACIONAL SERRA DA CANASTRA","Angiosperms","Fabaceae","Ancistrotropis",,"A. Delgado","FABACEAE Ancistrotropis A. Delgado","243372","x","HUEFS","Cota, M.M.T.","935","Native","2017",,,"Latão","Ouro",,,"Parque Nacional da Serra da Canastra. Estrada MG-341. Próximo a Garagem de Pedra."
"PARQUE NACIONAL SERRA DA CANASTRA","Angiosperms","Fabaceae","Camptosema",,"Hook. & Arn.","FABACEAE Camptosema Hook. & Arn.","HUEFS0243358","splink","HUEFS","Cota, M.M.T.","921","Native","2017",,,"Latão","Ouro",,,"Estrada vicinal entre São João Batista do Glória e Furnas. Entorno do Parque Nacional da Serra da Canastra."
"PARQUE NACIONAL SERRA DA CANASTRA","Angiosperms","Fabaceae","Centrosema",,"(DC.) Benth.","FABACEAE Centrosema (DC.) Benth.","HUEFS0243359","splink","HUEFS","Cota, M.M.T.","922","Native","2017",,,"Latão","Ouro",,,"Estrada vicinal entre São João Batista do Glória e Furnas. Entorno do Parque Nacional da Serra da Canastra."
"PARQUE NACIONAL SERRA DA CANASTRA","Angiosperms","Fabaceae","Harpalyce","brasiliana","Benth.","FABACEAE Harpalyce brasiliana Benth.","HUEFS0243357","splink","HUEFS","Cota, M.M.T.","920","Native","2017",,,"Latão","Ouro",,"Delfinópolis","Parque Nacional da Serra da Canastra. Estrada vicinal sentido Condominio das Pedras."
"PARQUE NACIONAL SERRA DA CANASTRA","Angiosperms","Lythraceae",,,"J.St.-Hil.","LYTHRACEAE Lythraceae J.St.-Hil.","RB01373530","x","RB","Gonzaga, D.R.","1071","Native","2017",,,"Latão","Ouro",,,"Afloramento Rochoso/ Estrada para Vale dos Canteiros. Parque Nacional Serra da Canastra"
"PARQUE NACIONAL SERRA DA CANASTRA","Angiosperms","Onagraceae","Fuchsia",,"L.","ONAGRACEAE Fuchsia L.","RB01373518","x","RB","Gonzaga, D.R.","1059","Native","2017",,,"Latão","Ouro",,,"Trilha para a Cachoeira Casca Danta. Base da queda da Cachoeira. Parque Nacional Serra da Canastra"
"PARQUE NACIONAL SERRA DA CANASTRA","Angiosperms","Orobanchaceae","Esterhazya",,"J.C.Mikan","OROBANCHACEAE Esterhazya J.C.Mikan","RB01373533","x","RB","Gonzaga, D.R.","1074","Native","2017",,,"Latão","Ouro",,,"Afloramento Rochoso/ Estrada para Vale dos Canteiros. Parque Nacional Serra da Canastra"
"PARQUE NACIONAL SERRA DA CANASTRA","Angiosperms","Winteraceae","Drimys",,"J.R.Forst. & G.Forst.","WINTERACEAE Drimys J.R.Forst. & G.Forst.","RB01373546","x","RB","Gonzaga, D.R.","1089","Native","2017",,,"Latão","Ouro",,,"Parte Alta. Estrada para a Cachoeira Casca Danta, após a Nascente do Rio São Francisco e Curral de Pedra. Capão de Mata. Parque Nacional Serra da Canastra"
"PARQUE NACIONAL SERRA DA CANASTRA","Angiosperms","Asteraceae","Fleischmannia",,"Sch.Bip.","ASTERACEAE Fleischmannia Sch.Bip.","RB01373517","x","RB","Gonzaga, D.R.","1058","Native","2017",,"2017","Latão","Ouro",,,"Trilha para a Cachoeira Casca Danta. Parque Nacional Serra da Canastra"
"PARQUE NACIONAL SERRA DA CANASTRA","Angiosperms","Burseraceae","Protium","widgrenii","Engl.","BURSERACEAE Protium widgrenii Engl.","K006951503","x","K","Groppo, M.","2364","Native","2016",,,"Latão","Ouro",,"Vargem Bonita","Vargem Bonita, Distrito de São Jose do Barreiro, Parque Nacional de Serra da Canastra, Cachoeira Casca D'Anta com cerrado e mata ciliar adjacente."
"PARQUE NACIONAL SERRA DA CANASTRA","Angiosperms","Clethraceae",,,"Klotzsch","CLETHRACEAE Clethraceae Klotzsch","HUEFS0209879","x","HUEFS","Melo, E.","12915","Native","2014",,,"Latão","Ouro",,,"Parque Nacional Serra da Canastra: nascente do rio São Francisco."
"PARQUE NACIONAL SERRA DA CANASTRA","Angiosperms","Phyllanthaceae","Phyllanthus",,"L.","PHYLLANTHACEAE Phyllanthus L.","CEN00110657","splink","CEN","Moises Mendoza, F.J.","4463","Native","2014",,,"Latão","Ouro",,"Capitólio","Parque Nacional Serra da Canastra. Capitólio de Lago Furnas, ca. 900 m da MG-050, sobre a estrada para a Serra do Chapadão."
"PARQUE NACIONAL SERRA DA CANASTRA","Angiosperms","Apodanthaceae","Pilostyles",,"Guill.","APODANTHACEAE Pilostyles Guill.","RB01307288","x","RB","Borges, L.M.","1035","Native","2013",,,"Latão","Ouro",,,"Parque Nacional da Serra da Canastra. Estrada para cachoeira Casca d´Anta, a partir da portaria 1 da parque; ca. 27 km da portaria. Polo Regional de Desenvolvimento Tecnológico dos Agronegócios de Ubatuba, antigo Horto do IAC. Trilha da bica."
"PARQUE NACIONAL SERRA DA CANASTRA","Angiosperms","Asteraceae","Chromolaena","horminoides","DC.","ASTERACEAE Chromolaena horminoides DC.","165199","x","BHCB","Freitas, F.S.","64","Native","2013",,,"Latão","Ouro",,,"Parque Nacional da Serra da Canastra, Beira da estrada para a nascente do Rio São Francisco, sobre uma 'ponte'"
"PARQUE NACIONAL SERRA DA CANASTRA",,"Asteraceae","Clibadium",,"F.Allam. ex L.","ASTERACEAE Clibadium F.Allam. ex L.","165194","x","BHCB","Freitas, F.S.","59",,"2013",,,"Latão","Ouro",,,"Parque Nacional da Serra da Canastra, Trilha para parte baixa da Cachoeira Casca D`anta"
"PARQUE NACIONAL SERRA DA CANASTRA","Angiosperms","Asteraceae","Eremanthus",,"Less.","ASTERACEAE Eremanthus Less.","165193","splink","BHCB","Freitas, F.S.","58","Native","2013",,"0-0-0","Latão","Ouro",,"São Roque de Minas","Parque Nacional da Serra da Canastra, Lado direito da parte alta da Cachoeira Casca D'anta."
"PARQUE NACIONAL SERRA DA CANASTRA","Angiosperms","Asteraceae","Senecio","albus","J.N.Nakaj. & A.M.Teles","ASTERACEAE Senecio albus J.N.Nakaj. & A.M.Teles","165195","splink","BHCB","Freitas, F.S.","60","Native","2013",,"0-0-0","Latão","Ouro",,"São Roque de Minas","Parque Nacional da Serra da Canastra, Campo úmido depois do Curral de Pedras à esquerda"
"PARQUE NACIONAL SERRA DA CANASTRA","Angiosperms","Asteraceae","Senecio","dumetorum","Gardner","ASTERACEAE Senecio dumetorum Gardner","165206","x","BHCB","Freitas, F.S.","71","Native","2013",,,"Latão","Ouro",,,"Parque Nacional da Serra da Canastra, Beira da estrada, base de um morro."
"PARQUE NACIONAL SERRA DA CANASTRA","Angiosperms","Bartramiaceae","Philonotis","uncinata","(Schwägr.) Brid.","BARTRAMIACEAE Philonotis uncinata (Schwägr.) Brid.","02749408","x","NY","Peralta, D.F.","15192","Native","2013",,,"Latão","Ouro",,,"Parque Nacional da Serra da Canastra, Cachoeira Casca d'Anta, Parte Baixa"
"PARQUE NACIONAL SERRA DA CANASTRA","Angiosperms","Lepidoziaceae","Bazzania","hookeri","(Lindenb.) Trevis.","LEPIDOZIACEAE Bazzania hookeri (Lindenb.) Trevis.","NY02817231","splink","NY","Peralta, D.F.","15134","Native","2013",,,"Latão","Ouro",,"São Roque de Minas","Parque Nacional da Serra da Canastra, Cachoeira Casca d'Anta, Parte Baixa"
"PARQUE NACIONAL SERRA DA CANASTRA","Angiosperms","Melastomataceae","Miconia","minutiflora","(Bonpl.) DC.","MELASTOMATACEAE Miconia minutiflora (Bonpl.) DC.","K003865632","splink","K","Neves, D.M.","1312","Native","2013",,,"Latão","Ouro",,"São Roque de Minas","(MG), São Roque de Minas. Parque Nacional da Serra da Canastra"
"PARQUE NACIONAL SERRA DA CANASTRA","Angiosperms","Meteoriaceae","Meteorium","latifolium","(Lindb.) Broth.","METEORIACEAE Meteorium latifolium (Lindb.) Broth.","NY02792134","splink","NY","Carmo, D.M.","928","Native","2013",,,"Latão","Ouro",,"São Roque de Minas","Parque Nacional da Serra da Canastra, cachoeira Rasga Canga"
"PARQUE NACIONAL SERRA DA CANASTRA","Angiosperms","Orthotrichaceae","Groutiella","tomentosa","(Hornsch.) Wijk & Margad.","ORTHOTRICHACEAE Groutiella tomentosa (Hornsch.) Wijk & Margad.","NY02749410","splink","NY","Peralta, D.F.","15203","Native","2013",,,"Latão","Ouro",,"São Roque de Minas","Parque Nacional da Serra da Canastra, Cachoeira Casca d'Anta, Parte Baixa"
"PARQUE NACIONAL SERRA DA CANASTRA","Angiosperms","Plagiochilaceae","Plagiochila","martiana","(Nees) Lindenb.","PLAGIOCHILACEAE Plagiochila martiana (Nees) Lindenb.","02817276","x","NY","Peralta, D.F.","15181","Native","2013",,,"Latão","Ouro",,,"Parque Nacional da Serra da Canastra, Cachoeira Casca d'Anta, Parte Baixa"
"PARQUE NACIONAL SERRA DA CANASTRA","Angiosperms","Sphagnaceae","Sphagnum","brasiliense","Warnst.","SPHAGNACEAE Sphagnum brasiliense Warnst.","NY02746574","splink","NY","Carmo, D.M.","955","Native","2013",,,"Latão","Ouro",,"São Roque de Minas","Parque Nacional da Serra da Canastra, parte baixa da Casca d'anta"
"PARQUE NACIONAL SERRA DA CANASTRA","Angiosperms","Sphagnaceae","Sphagnum","exquisitum","H.A.Crum","SPHAGNACEAE Sphagnum exquisitum H.A.Crum","NY02746580","splink","NY","Carmo, D.M.","866","Native","2013",,,"Latão","Ouro",,"São Roque de Minas","Parque Nacional da Serra da Canastra, alto da Casca d'Anta"
"PARQUE NACIONAL SERRA DA CANASTRA","Angiosperms","Asteraceae","Grazielia",,"R.M.King & H.Rob.","ASTERACEAE Grazielia R.M.King & H.Rob.","BHCB004489","splink","BHCB","Fernandes, A.C.","1093","Native","2012",,"0-0-0","Latão","Ouro",,"São Roque de Minas","Parque Nacional da Serra da Canastra"
"PARQUE NACIONAL SERRA DA CANASTRA","Angiosperms","Lauraceae","Nectandra",,"Rol. ex Rottb.","LAURACEAE Nectandra Rol. ex Rottb.","171237","x","BHCB","Delfini, C.","492","Native","2012",,,"Latão","Ouro",,,"Parque Nacional da Serra da Canastra, Proximidades da nascente do rio São Francisco"
"PARQUE NACIONAL SERRA DA CANASTRA","Angiosperms","Mayacaceae","Mayaca","sellowiana","Kunth","MAYACACEAE Mayaca sellowiana Kunth","Rspirit010103605",,"Rspirit","Donza, A.","166","Native","2012",,,"Latão","Ouro",,"São Roque de Minas","PARNA Serra da Canastra"
"PARQUE NACIONAL SERRA DA CANASTRA","Angiosperms","Melastomataceae","Chaetogastra",,"DC.","MELASTOMATACEAE Chaetogastra DC.","RB01397635","x","RB","Rocha, M.J.R.","639","Native","2012",,,"Latão","Ouro",,,"Parque Nacional da Serra da Canastra. Ao lado da nascente do Rio São Francisco"
"PARQUE NACIONAL SERRA DA CANASTRA","Angiosperms","Melastomataceae","Miconia","ciliata","(Rich.) DC.","MELASTOMATACEAE Miconia ciliata (Rich.) DC.","158882","splink","BHCB","Rocha, M.J.R.","650","Native","2012",,"0-0-0","Latão","Ouro",,"São Roque de Minas","Parque Nacional Serra da Canastra. Mata de galeria; a margem de córrego, ao lado do Curral de Pedras; após campo limpo."
"PARQUE NACIONAL SERRA DA CANASTRA","Angiosperms","Melastomataceae","Siphanthera",,"Pohl ex DC.","MELASTOMATACEAE Siphanthera Pohl ex DC.","158880","x","BHCB","Rocha, M.J.R.","648","Native","2012",,,"Latão","Ouro",,,"Parque Nacional Serra da Canastra. Vale úmido atrás do morro da torre"
"PARQUE NACIONAL SERRA DA CANASTRA","Angiosperms","Pteridaceae","Cheilanthes",,"Sw.","PTERIDACEAE Cheilanthes Sw.","232528","x","SPF","Gonella, P.M.","411","Native","2011",,,"Latão","Ouro",,,"Parque Nacional da Serra da Canastra, Parte alta da Cachoeira Casca D'Anta, próximo ao mirante para a parte baixa, do lado direito da queda."
"PARQUE NACIONAL SERRA DA CANASTRA","Angiosperms","Asteraceae","Chionolaena",,"DC.","ASTERACEAE Chionolaena DC.","RB00853731","x","RB","Romao, G.O.","2668","Native","2010",,,"Latão","Ouro",,,"Parque Nacional Serra da Canastra, Estrada para Sacramento, redondeza da nascente do rio São Francisco."
"PARQUE NACIONAL SERRA DA CANASTRA","Angiosperms","Clusiaceae",,,"Lindl.","CLUSIACEAE Clusiaceae Lindl.","ESA117337","splink","ESA","Romao, G.O.","2635","Native","2010",,,"Latão","Ouro",,"São Roque de Minas","Parque Nacional Serra da Canastra. Estrada para Sacramento, redondeza da nascente do Rio São Francisco. Campo aberto"
"PARQUE NACIONAL SERRA DA CANASTRA","Angiosperms","Cyperaceae","Trentepohlia","abietina","(Flot.) Hansg.","CYPERACEAE Trentepohlia abietina (Flot.) Hansg.","31428","splink","SJRP-ALGAE","Lemes-Da, N.M.",,"Native","2010",,,"Latão","Ouro",,,"Parque Nacional da Serra da Canastra"
"PARQUE NACIONAL SERRA DA CANASTRA","Angiosperms","Cyperaceae","Trentepohlia","arborum","(C.Agardh) Har.","CYPERACEAE Trentepohlia arborum (C.Agardh) Har.","31432","splink","SJRP-ALGAE","Lemes-Da, N.M.",,"Native","2010",,,"Latão","Ouro",,,"Parque Nacional da Serra da Canastra"
"PARQUE NACIONAL SERRA DA CANASTRA","Angiosperms","Cyperaceae","Trentepohlia","aurea","(L.) Mart.","CYPERACEAE Trentepohlia aurea (L.) Mart.","31429","splink","SJRP-ALGAE","Lemes-Da, N.M.",,"Native","2010",,,"Latão","Ouro",,,"Parque Nacional da Serra da Canastra"
"PARQUE NACIONAL SERRA DA CANASTRA","Angiosperms","Cyperaceae","Trentepohlia","umbrina","(Kütz.) Bornet","CYPERACEAE Trentepohlia umbrina (Kütz.) Bornet","31430","splink","SJRP-ALGAE","Lemes-Da, N.M.",,"Native","2010",,,"Latão","Ouro",,,"Parque Nacional da Serra da Canastra"
"PARQUE NACIONAL SERRA DA CANASTRA","Angiosperms","Gesneriaceae",,,"Rich. & Juss. ex DC.","GESNERIACEAE Gesneriaceae Rich. & Juss. ex DC.","ESA117379","splink","ESA","Romao, G.O.","2677","Native","2010",,,"Latão","Ouro",,"São Roque de Minas","Parque Nacional Serra da Canastra. Estrada para Sacramento, redondeza da nascente do Rio São Francisco. Campo aberto"
"PARQUE NACIONAL SERRA DA CANASTRA","Angiosperms","Lycopodiaceae",,,"Mirb.","LYCOPODIACEAE Lycopodiaceae Mirb.","ESA117347","splink","ESA","Romao, G.O.","2645","Native","2010",,,"Latão","Ouro",,"São Roque de Minas","Parque Nacional Serra da Canastra. Estrada para Sacramento, redondeza da nascente do Rio São Francisco. Campo aberto"
"PARQUE NACIONAL SERRA DA CANASTRA","Angiosperms","Microcoleaceae","Porphyrosiphon",,"Kütz. ex Gomont","MICROCOLEACEAE Porphyrosiphon Kütz. ex Gomont","31433","splink","SJRP-ALGAE","Lemes-Da, N.M.",,"Native","2010",,,"Latão","Ouro",,,"Parque Nacional da Serra da Canastra"
"PARQUE NACIONAL SERRA DA CANASTRA","Angiosperms","Myrtaceae","Psidium",,"L.","MYRTACEAE Psidium L.","19520073","x","CEN","Gomes, B.M.",,"Native","2010",,,"Latão","Ouro",,,"Parque Nacional da Serra da Canastra; caminho para Retiro das Pedras e Rolinhos. 2011''44,8'''' S; 4635''11,1''''W"
"PARQUE NACIONAL SERRA DA CANASTRA","Angiosperms",,"Cephaleuros","parasiticus","G.Karst.","NA Cephaleuros parasiticus G.Karst.","31431","splink","SJRP-ALGAE","Lemes-Da, N.M.",,"Native","2010",,,"Latão","Ouro",,,"Parque Nacional da Serra da Canastra"
"PARQUE NACIONAL SERRA DA CANASTRA","Ferns and Lycophytes",,"Phycopeltis","arundinacea","(Mont.) De Toni","NA Phycopeltis arundinacea (Mont.) De Toni","31435","splink","SJRP-ALGAE","Lemes-Da, N.M.",,"Native","2010",,,"Latão","Ouro",,,"Parque Nacional da Serra da Canastra"
"PARQUE NACIONAL SERRA DA CANASTRA","Angiosperms","Primulaceae",,,"Batsch ex Borkh.","PRIMULACEAE Primulaceae Batsch ex Borkh.","RB01128257","x","RB","Romao, G.O.","2625","Native","2010",,,"Latão","Ouro",,,"Estrada para Sacramento, redondeza da nascente do Rio São Francisco. Parque Nacional da Serra da Canastra."
"PARQUE NACIONAL SERRA DA CANASTRA","Angiosperms","Rubiaceae","Coccocypselum","cordifolium","Nees & Mart.","RUBIACEAE Coccocypselum cordifolium Nees & Mart.","UEC105619","splink","UEC","Silveira, M.F.","191","Native","2009",,,"Latão","Ouro",,"São Roque de Minas","Parque Nacional Serra da Canastra, Casca D'Anta"
"PARQUE NACIONAL SERRA DA CANASTRA","Angiosperms","Rubiaceae","Galianthe","brasiliensis","(Spreng.) E.L.Cabral & Bacigalupo","RUBIACEAE Galianthe brasiliensis (Spreng.) E.L.Cabral & Bacigalupo","183634","x","UEC","Silveira, M.F.","159","Native","2009",,,"Latão","Ouro",,,"Brasil, Minas Gerais, São Roque de Minas, Parque Nacional Serra da Canastra, trilha para Casca D'Anta parte alta."
"PARQUE NACIONAL SERRA DA CANASTRA",,"Rubiaceae","Palicourea","stachyoides","(Benth.) Delprete","RUBIACEAE Palicourea stachyoides (Benth.) Delprete","UEC109824","splink","UEC","Silveira, M.F.","188",,"2009",,,"Latão","Ouro",,"São Roque de Minas","Parque Nacional Serra da Canastra, Casca D'Anta"
"PARQUE NACIONAL SERRA DA CANASTRA","Angiosperms","Asteraceae","Trichocline",,"Cass.","ASTERACEAE Trichocline Cass.","JABU00000526",,"JABU","Silva, M.D.",,"Native","2008",,,"Latão","Ouro",,,"Parque Nacional da Serra da Canastra. Perto do Curral das Pedras."
"PARQUE NACIONAL SERRA DA CANASTRA","Angiosperms","Cyperaceae","Diplacrum",,"R.Br.","CYPERACEAE Diplacrum R.Br.","HRCB049679","splink","HRCB","Coan, A.I.","89","Native","2008",,,"Latão","Ouro",,"São Roque de Minas","Parque Nacional da Serra da Canastra Ca. 2 km para a Cachoeira Casca D'Anta"
"PARQUE NACIONAL SERRA DA CANASTRA","Angiosperms","Cyperaceae","Fimbristylis",,"Vahl","CYPERACEAE Fimbristylis Vahl","HRCB049684","splink","HRCB","Coan, A.I.","85","Native","2008",,,"Latão","Ouro",,"São Roque de Minas","Parque Nacional da Serra da Canastra Ca. 1 km após Portaria 1"
"PARQUE NACIONAL SERRA DA CANASTRA",,"Eriocaulaceae","Leiothrix",,"(Körn.) Ruhland","ERIOCAULACEAE Leiothrix (Körn.) Ruhland","HRCB052875","splink","HRCB","Scatena, V.L.","393",,"2008",,,"Latão","Ouro",,"São Roque de Minas","Parque Nacional da Serra da Canastra Ca. 1 km do centro de visitantes"
"PARQUE NACIONAL SERRA DA CANASTRA","Angiosperms","Aquifoliaceae",,,"Bercht. & J.Presl","AQUIFOLIACEAE Aquifoliaceae Bercht. & J.Presl","150498","x","UEC","Morokawa, R.","243","Native","2007",,,"Latão","Ouro",,,"Parque Nacional da Serra da Canastra, Estrada da portaria de São Roque de Minas a Sacramento, campo rupestre"
"PARQUE NACIONAL SERRA DA CANASTRA","Angiosperms","Araliaceae","Hydrocotyle",,"L.","ARALIACEAE Hydrocotyle L.","CEN00107141","splink","CEN","Romao, G.O.","2324","Native","2007",,,"Latão","Ouro",,"São Roque de Minas","Brasil - MG - São josé do Barreiro. Parque Nacional da Serra da Canastra, trilha para a parte baixa da Cachoeira Casca D`anta, acesso pela portaria 2."
"PARQUE NACIONAL SERRA DA CANASTRA","Angiosperms","Bignoniaceae",,,"Juss.","BIGNONIACEAE Bignoniaceae Juss.","ESA127060","splink","ESA","Romao, G.O.","2331","Native","2007",,,"Latão","Ouro",,,"Parque Nacional da Serra da Canastra"
"PARQUE NACIONAL SERRA DA CANASTRA","Angiosperms","Eriocaulaceae","Paepalanthus","pubescens","Körn.","ERIOCAULACEAE Paepalanthus pubescens Körn.","SPF00199453","splink","SPF","Trovo, M.L.O.","394","Native","2007","Anonimo",,"Latão","Ouro",,"São Roque de Minas","Parque Nacional da Serra da Canastra"
"PARQUE NACIONAL SERRA DA CANASTRA","Angiosperms","Erythroxylaceae","Erythroxylum",,"P.Browne","ERYTHROXYLACEAE Erythroxylum P.Browne","RB01055659","x","RB","Romao, G.O.","2310","Native","2007",,,"Latão","Ouro",,,"Parque Nacional da Serra da Canastra, trilha entre a parte alta e baixa da Cachoeira Casca D´anta."
"PARQUE NACIONAL SERRA DA CANASTRA","Angiosperms","Fabaceae","Clitoria",,"L.","FABACEAE Clitoria L.","SORO003200","splink","SORO","Delfini, C.","21","Native","2007",,,"Latão","Ouro",,"São Roque de Minas","Parque Nacional da Serra da Canastra"
"PARQUE NACIONAL SERRA DA CANASTRA","Angiosperms","Isoetaceae",,,"Rchb.f.","ISOETACEAE Isoetaceae Rchb.f.","000296242","x","MU","Salino, A.","11656","Native","2007",,,"Latão","Ouro",,,"Sao Roque de Minas Parque Nacional da Serra da Canastra, Capao de Mata do Retiro de Pedras"
"PARQUE NACIONAL SERRA DA CANASTRA","Angiosperms","Isoetaceae","Isoetes","bradei","Herter","ISOETACEAE Isoetes bradei Herter","000064179","x","MU","Salino, A.","11656","Native","2007",,,"Latão","Ouro",,,"Sao Roque de Minas Parque Nacional da Serra da Canastra. Capao de Mata do Retiro do Pedras"
"PARQUE NACIONAL SERRA DA CANASTRA","Angiosperms","Nyctaginaceae","Guapira","opposita","(Vell.) Reitz","NYCTAGINACEAE Guapira opposita (Vell.) Reitz","150509","x","UEC","Morokawa, R.","101","Native","2007",,,"Latão","Ouro",,,"Parque Nacional da Serra da Canastra, Borda do Rio São Francisco ca de 100m após queda Casca D'anta"
"PARQUE NACIONAL SERRA DA CANASTRA","Angiosperms","Orthotrichaceae","Schlotheimia",,"Brid.","ORTHOTRICHACEAE Schlotheimia Brid.","147840","splink","UEC","Caddah, M.K.","228","Native","2007",,,"Latão","Ouro",,,"Serra da Canastra, Arredores do Parque Nacional da Serra da Canastra"
"PARQUE NACIONAL SERRA DA CANASTRA",,"Polypodiaceae","Pecluma",,"M.G.Price","POLYPODIACEAE Pecluma M.G.Price","104469","x","BHCB","Salino, A.","11600",,"2007",,,"Latão","Ouro",,,"Parque Nacional da Serra da Canastra, Capão Forro, Cachoeira da Mata. Área de Cerrado com Floresta Estacional Semi-decidual chegando ás margens do rio e Mata de Galeria."
"PARQUE NACIONAL SERRA DA CANASTRA","Angiosperms","Malpighiaceae","Glicophyllum",,"R.F.Almeida","MALPIGHIACEAE Glicophyllum R.F.Almeida","RB01076785","x","RB","Romao, G.O.","2343","Native","2007",,"2022","Latão","Ouro",,,"Parque Nacional da Serra da Canastra; Garagem de Pedra, a 36 km da portaria 1;."
"PARQUE NACIONAL SERRA DA CANASTRA","Angiosperms","Apocynaceae","Forsteronia","pubescens","A.DC.","APOCYNACEAE Forsteronia pubescens A.DC.","UEC156367","splink","UEC","Gomes, S.M.","717","Native","2003",,,"Latão","Ouro",,"São Roque de Minas","Parque Nacional da Serra da Canastra, perto da saída de Sacramento, entrada da Usina jaguará"
"PARQUE NACIONAL SERRA DA CANASTRA","Angiosperms","Apocynaceae","Odontadenia","lutea","(Vell.) Markgr.","APOCYNACEAE Odontadenia lutea (Vell.) Markgr.","UEC135572","splink","UEC","Gomes, S.M.","718","Native","2003",,,"Latão","Ouro",,"São Roque de Minas","Parque Nacional da Serra da Canastra, Perto da saída de Sacramento, entrada da Usina Jaguará."
"PARQUE NACIONAL SERRA DA CANASTRA","Angiosperms","Bignoniaceae","Jacaranda",,"Juss.","BIGNONIACEAE Jacaranda Juss.","UEC140384","splink","UEC","Gomes, S.M.","722","Native","2003",,,"Latão","Ouro",,"São Roque de Minas","Parque Nacional da Serra da Canastra, Barragem Luiz Carlos Barreto de Carvalho."
"PARQUE NACIONAL SERRA DA CANASTRA","Angiosperms","Cunoniaceae","Lamanonia",,"Vell.","CUNONIACEAE Lamanonia Vell.","RB00587560","x","RB","Pacheco, R.A.","703","Native","2003",,,"Latão","Ouro",,,"Paraíso Selvagem- Trilha "" Salto do Canyon"". Parque Nacional da Serra da Canastra."
"PARQUE NACIONAL SERRA DA CANASTRA","Angiosperms","Sapindaceae","Matayba","guianensis","Aubl.","SAPINDACEAE Matayba guianensis Aubl.","HUFU00035304","splink","HUFU","Romero, R.","6995","Native","2003",,,"Latão","Ouro",,"Delfinópolis","Parque Nacional da Serra da Canastra, Estrada para a Escada de Pedras, Fazenda José Onório."
"PARQUE NACIONAL SERRA DA CANASTRA","Angiosperms","Solanaceae","Schwenckia","americana","Rooyen ex L.","SOLANACEAE Schwenckia americana Rooyen ex L.","HUFU00034204","splink","HUFU","Romero, R.","6980","Native","2003",,,"Latão","Ouro",,"Delfinópolis","Parque Nacional da Serra da Canastra, Fazenda Zé Antunes, Escada de Pedras."
"PARQUE NACIONAL SERRA DA CANASTRA","Angiosperms","Lacistemataceae","Lacistema","serrulatum","Mart.","LACISTEMATACEAE Lacistema serrulatum Mart.","UB1216655","splink","UB","Pacheco, R.A.","216","Native","2002",,,"Latão","Ouro",,"Delfinópolis","Paraíso Selvagem, Trilha para Cachoeira do Alpinista, Parque Nacional da Serra da Canastra."
"PARQUE NACIONAL SERRA DA CANASTRA","Angiosperms","Myrtaceae","Blepharocalyx",,"O.Berg","MYRTACEAE Blepharocalyx O.Berg","UB1185574",,"UB","Nakajima, J.N.","3195","Native","2002",,,"Latão","Ouro",,"Delfinópolis","Trilha do Zé Carlinho, subida para Serra do Cemitério. Parque Nacional da Serra da Canastra."
"PARQUE NACIONAL SERRA DA CANASTRA","Angiosperms","Orchidaceae","Encyclia","oncidioides","(Lindl.) Schltr.","ORCHIDACEAE Encyclia oncidioides (Lindl.) Schltr.","UB0018096","x","UB","Pacheco, R.A.","249","Native","2002",,,"Latão","Ouro",,,"Paraíso Selvagem, Trilha para Cachoeira do Alpinista, Parque Nacional da Serra da Canastra"
"PARQUE NACIONAL SERRA DA CANASTRA","Angiosperms","Podocarpaceae","Podocarpus",,"L'Hér. ex Pers.","PODOCARPACEAE Podocarpus L'Hér. ex Pers.","155569","x","SPF","Mello-Silva, R.","1996","Native","2002",,,"Latão","Ouro",,,"Parque Nacional da Serra da Canastra"
"PARQUE NACIONAL SERRA DA CANASTRA","Angiosperms","Vitaceae","Cissus","verticillata","(L.) Nicolson & C.E.Jarvis","VITACEAE Cissus verticillata (L.) Nicolson & C.E.Jarvis","30129","x","HUFU","Romero, R.","6615","Native","2002",,,"Latão","Ouro",,,"Parque Nacional da Serra da Canastra, Região Três Matinhas."
"PARQUE NACIONAL SERRA DA CANASTRA","Angiosperms","Commelinaceae","Tripogandra",,"Raf.","COMMELINACEAE Tripogandra Raf.","US 3691969","splink","US","Mota, R.","141","Native","2000",,,"Latão","Ouro",,,"MG, São Roque de Minas, Parque Nacional da Serra da Canastra"
"PARQUE NACIONAL SERRA DA CANASTRA",,"Gentianaceae","Chelonanthus","viridiflorus","(Mart.) Gilg","GENTIANACEAE Chelonanthus viridiflorus (Mart.) Gilg","53293","splink","BHCB","Mota, R.C.","135",,"2000",,"0-0-0","Latão","Ouro",,"São Roque de Minas","Parque Nacional da Serra da Canastra"
"PARQUE NACIONAL SERRA DA CANASTRA","Angiosperms","Malvaceae","Sida","linifolia","Cav.","MALVACEAE Sida linifolia Cav.","BHCB003656","splink","BHCB","Mota, R.C.","152","Native","2000",,"0-0-0","Latão","Ouro",,"São Roque de Minas","Parque Nacional da Serra da Canastra"
"PARQUE NACIONAL SERRA DA CANASTRA","Angiosperms","Orchidaceae","Stelis",,"Sw.","ORCHIDACEAE Stelis Sw.","53300","x","BHCB","Mota, R.C.","145","Native","2000",,,"Latão","Ouro",,,"Parque Nacional da Serra da Canastra"
"PARQUE NACIONAL SERRA DA CANASTRA","Angiosperms","Acanthaceae","Ruellia",,"L.","ACANTHACEAE Ruellia L.","BHCB053295","splink","BHCB","Mota, R.C.","34","Native","1999",,"0-0-0","Latão","Ouro",,"São Roque de Minas","Parque Nacional da Serra da Canastra"
"PARQUE NACIONAL SERRA DA CANASTRA","Angiosperms","Batrachospermaceae","Sirodotia","delicatula","Skuja","BATRACHOSPERMACEAE Sirodotia delicatula Skuja","32131","splink","SJRP-ALGAE","Necchi, O.J.",,"Native","1999",,,"Latão","Ouro",,,"Parque Nacional da Serra da Canastra, afluente do córrego do Capão, margem esquerda do Rio São Francisco"
"PARQUE NACIONAL SERRA DA CANASTRA","Angiosperms","Burmanniaceae","Apteria","aphylla","(Nutt.) Barnhart ex Small","BURMANNIACEAE Apteria aphylla (Nutt.) Barnhart ex Small","53266","splink","BHCB","Mota, R.C.","61","Native","1999",,"0-0-0","Latão","Ouro",,"São Roque de Minas","Parque Nacional da Serra da Canastra"
"PARQUE NACIONAL SERRA DA CANASTRA","Angiosperms","Caprifoliaceae","Valeriana","scandens","L.","CAPRIFOLIACEAE Valeriana scandens L.","BHCB064209","splink","BHCB","Mota, R.C.","68","Native","1999",,"0-0-0","Latão","Ouro",,"São Roque de Minas","Parque Nacional da Serra da Canastra"
"PARQUE NACIONAL SERRA DA CANASTRA","Angiosperms","Euphorbiaceae","Euphorbia",,"L.","EUPHORBIACEAE Euphorbia L.","HRCB032553","splink","HRCB","Costa, F.N.","107","Native","1999",,,"Latão","Ouro",,"Sacramento","Parque Nacional da Serra da Canastra Próximo à portaria de Sacramento, 67 km de Jaguari"
"PARQUE NACIONAL SERRA DA CANASTRA","Angiosperms","Euphorbiaceae","Maprounea",,"Aubl.","EUPHORBIACEAE Maprounea Aubl.","HRCB033640","splink","HRCB","Farinaccio, M.A.","307","Native","1999",,,"Latão","Ouro",,"São Roque de Minas","Parque Nacional da Serra da Canastra Estrada São Roque de Minas-Sacramento"
"PARQUE NACIONAL SERRA DA CANASTRA","Angiosperms","Gentianaceae","Irlbachia",,"Mart.","GENTIANACEAE Irlbachia Mart.","HRCB032565","splink","HRCB","Farinaccio, M.A.","315","Native","1999",,,"Latão","Ouro",,"São Roque de Minas","Parque Nacional da Serra da Canastra Estrada da cachoeira dos Rolinhos"
"PARQUE NACIONAL SERRA DA CANASTRA","Angiosperms","Lauraceae","Endlicheria",,"Nees","LAURACEAE Endlicheria Nees","HRCB033621","splink","HRCB","Farinaccio, M.A.","412","Native","1999",,,"Latão","Ouro",,"São Roque de Minas","Parque Nacional da Serra da Canastra Nascente do Rio São Francisco"
"PARQUE NACIONAL SERRA DA CANASTRA","Angiosperms","Orchidaceae","Zygopetalum","maxillare","Lodd.","ORCHIDACEAE Zygopetalum maxillare Lodd.","BHCB001583","splink","BHCB","Mota, R.C.","42","Native","1999",,"0-0-0","Latão","Ouro",,"São Roque de Minas","Parque Nacional da Serra da Canastra"
"PARQUE NACIONAL SERRA DA CANASTRA","Angiosperms","Rubiaceae","Borreria","warmingii","K.Schum.","RUBIACEAE Borreria warmingii K.Schum.","53235","x","BHCB","Mota, R.C.","s.n.","Native","1999",,,"Latão","Ouro",,,"Parque Nacional da Serra da Canastra"
"PARQUE NACIONAL SERRA DA CANASTRA","Angiosperms","Asteraceae","Calea","pruskiana","V.R.Bueno & G.Heiden","ASTERACEAE Calea pruskiana V.R.Bueno & G.Heiden","103030066","x","MO","Romero, R.","4942","Native","1998",,,"Latão","Ouro",,,"Morro após o córrego dos Passageiros, Parque Nacional da Serra da Canastra, São Roque de Minas. Campo limpo."
"PARQUE NACIONAL SERRA DA CANASTRA","Angiosperms","Batrachospermaceae","Torularia","atra","(Hudson) M.J.Wynne","BATRACHOSPERMACEAE Torularia atra (Hudson) M.J.Wynne","32127","splink","SJRP-ALGAE","Necchi, O.J.",,"Native","1998",,,"Latão","Ouro",,,"Parque Nacional da Serra da Canastra, afluente da margem esquerda do Rio São Francisco"
"PARQUE NACIONAL SERRA DA CANASTRA","Angiosperms","Chrysobalanaceae","Licania",,"Aubl.","CHRYSOBALANACEAE Licania Aubl.","HRCB032596","splink","HRCB","Farinaccio, M.A.","253","Native","1998",,,"Latão","Ouro",,"São Roque de Minas","Parque Nacional da Serra da Canastra Estrada para Retiro de Pedras"
"PARQUE NACIONAL SERRA DA CANASTRA","Angiosperms","Lamiaceae","Cantinoa",,"Harley & J.F.B.Pastore","LAMIACEAE Cantinoa Harley & J.F.B.Pastore","1757","splink","CTBS","Nakajima, J.N.","4879","Native","1998",,,"Latão","Ouro",,"São Roque de Minas","Estrada para Retiro de Pedras. Parque Nacional da Serra da Canastra."
"PARQUE NACIONAL SERRA DA CANASTRA","Angiosperms",,"Virescentia","viride-brasiliensis","(Necchi & Agostinho) Necchi, M.L.Vis & D.C.Agostinho","NA Virescentia viride-brasiliensis (Necchi & Agostinho) Necchi, M.L.Vis & D.C.Agostinho","32132","splink","SJRP-ALGAE","Necchi, O.J.",,"Native","1998",,,"Latão","Ouro",,,"Parque Nacional da Serra da Canastra, Rio São Francisco, alto da Casca D'Anta"
"PARQUE NACIONAL SERRA DA CANASTRA","Angiosperms","Cyperaceae","Cyperus","pohlii","(Nees) Steud.","CYPERACEAE Cyperus pohlii (Nees) Steud.","92049","splink","UFP","Araujo, A.C.","1152","Native","1998",,"2025","Latão","Ouro",,"São Roque de Minas","Parque Nacional da Serra da Canastra., Dantas, caminho para sacramento."
"PARQUE NACIONAL SERRA DA CANASTRA","Angiosperms","Araliaceae","Dendropanax",,"Decne. & Planch.","ARALIACEAE Dendropanax Decne. & Planch.","15596","x","HUFU","Romero, R.","4478","Native","1997",,,"Latão","Ouro",,,"Parque Nacional da Serra da Canastra, Cachoeira dos Rolinhos. Ilhota."
"PARQUE NACIONAL SERRA DA CANASTRA","Angiosperms","Asteraceae","Baccharis","sessiliflora","Vahl","ASTERACEAE Baccharis sessiliflora Vahl","K001100966","x","K","Romero, R.","3960","Native","1997",,,"Latão","Ouro",,,"Estrada para o Retiro de Pedras, próximo à divisa do Parque, Parque Nacional da Serra da Canastra."
"PARQUE NACIONAL SERRA DA CANASTRA",,"Asteraceae","Erigeron","primulifolium","Juss. ex Cass.","ASTERACEAE Erigeron primulifolium Juss. ex Cass.","K001107389","x","K","Romero, R.","4184",,"1997",,,"Latão","Ouro",,,"Estrada para a Fazenda do Fundão, Parque Nacional da Serra da Canastra."
"PARQUE NACIONAL SERRA DA CANASTRA","Angiosperms","Asteraceae","Lessingianthus","grandiflorus","(Less.) H.Rob.","ASTERACEAE Lessingianthus grandiflorus (Less.) H.Rob.","US 3482009","x","US","Romero, R.","4578","Native","1997",,,"Latão","Ouro",,,"Procedencia: Estrada a Serra da Chapada, parque Nacional da Serra da Canastra, São Roque de Minas Gerais"
"PARQUE NACIONAL SERRA DA CANASTRA","Angiosperms","Bignoniaceae","Pyrostegia","venusta","(Ker Gawl.) Miers","BIGNONIACEAE Pyrostegia venusta (Ker Gawl.) Miers","15508","x","HUFU","Nakajima, J.N.","2615","Native","1997",,,"Latão","Ouro",,,"Parque Nacional da Serra da Canastra, Guarita da Casca D'Anta, parte de baixo."
"PARQUE NACIONAL SERRA DA CANASTRA","Angiosperms","Caprifoliaceae",,,"Juss.","CAPRIFOLIACEAE Caprifoliaceae Juss.","15502","x","HUFU","Nakajima, J.N.","2607","Native","1997",,,"Latão","Ouro",,,"Parque Nacional da Serra da Canastra, Guarita próximo a Casca d'Anta, parte de baixo."
"PARQUE NACIONAL SERRA DA CANASTRA","Angiosperms","Chrysobalanaceae","Couepia",,"Aubl.","CHRYSOBALANACEAE Couepia Aubl.","14288","x","HUFU","Nakajima, J.N.","2375","Native","1997",,,"Latão","Ouro",,,"Parque Nacional da Serra da Canastra, Estrada para o Retiro das Pedras."
"PARQUE NACIONAL SERRA DA CANASTRA","Angiosperms","Droseraceae",,,"Salisb.","DROSERACEAE Droseraceae Salisb.","14383","x","HUFU","Nakajima, J.N.","2297","Native","1997",,,"Latão","Ouro",,,"Parque Nacional da Serra da Canastra, Guarita de Sacramento, cerca de 1km."
"PARQUE NACIONAL SERRA DA CANASTRA","Angiosperms","Lamiaceae","Gymneia",,"(Benth.) Harley & J.F.B.Pastore","LAMIACEAE Gymneia (Benth.) Harley & J.F.B.Pastore","1749","splink","CTBS","Romero, R.","3978","Native","1997",,,"Latão","Ouro",,"São Roque de Minas","Parque Nacional da Serra da Canastra, estrada para o retiro das pedras."
"PARQUE NACIONAL SERRA DA CANASTRA","Angiosperms","Lamiaceae","Hyptidendron",,"Harley","LAMIACEAE Hyptidendron Harley","1882","splink","CTBS","Romero, R.","4461","Native","1997",,,"Latão","Ouro",,"São Roque de Minas","Cachoeira dos Rolinhos, Parque Nacional da Serra da Canastra."
"PARQUE NACIONAL SERRA DA CANASTRA","Angiosperms","Lamiaceae","Rhabdocaulon",,"(Benth.) Epling","LAMIACEAE Rhabdocaulon (Benth.) Epling","1748","splink","CTBS","Nakajima, J.N.","2783","Native","1997",,,"Latão","Ouro",,"São Roque de Minas","Nascente do córrego do Barbaro, Parque Nacional da Serra da Canastra"
"PARQUE NACIONAL SERRA DA CANASTRA","Angiosperms","Piperaceae","Peperomia","trineura","Miq.","PIPERACEAE Peperomia trineura Miq.","CEN00049335","splink","CEN","Nakajima, J.N.","2795","Native","1997",,,"Latão","Ouro",,"São Roque de Minas","Nascente do córrego do Barbaro, Parque Nacional da Serra da Canastra."
"PARQUE NACIONAL SERRA DA CANASTRA","Angiosperms","Polygalaceae",,,"Hoffmanns. & Link","POLYGALACEAE Polygalaceae Hoffmanns. & Link","14107","x","HUFU","Romero, R.","4191","Native","1997",,,"Latão","Ouro",,,"Parque Nacional da Serra da Canastra, Estrada para a Fazenda do Fundão."
"PARQUE NACIONAL SERRA DA CANASTRA","Angiosperms","Primulaceae","Cybianthus","alpestris","(Warm.) Mez","PRIMULACEAE Cybianthus alpestris (Warm.) Mez","37969","splink","BHCB","Lombardi, J.A.","1876","Native","1997",,"0-0-0","Latão","Ouro",,"São Roque de Minas","Parque Nacional da Serra da Canastra"
"PARQUE NACIONAL SERRA DA CANASTRA","Angiosperms","Proteaceae",,,"Juss.","PROTEACEAE Proteaceae Juss.","HUFU00036214","splink","HUFU","Nakajima, J.N.","2613","Native","1997",,,"Latão","Ouro",,"São Roque de Minas","Parque Nacional da Serra da Canastra, Guarita próximo a Casca d'Anta, parte de baixo."
"PARQUE NACIONAL SERRA DA CANASTRA","Angiosperms","Scrophulariaceae","Buddleja",,"L.","SCROPHULARIACEAE Buddleja L.","16084","x","HUFU","Nakajima, J.N.","2772","Native","1997",,,"Latão","Ouro",,,"Parque Nacional da Serra da Canastra, Nascente do córrego do Barbaro."
"PARQUE NACIONAL SERRA DA CANASTRA","Angiosperms","Scrophulariaceae",,,"Juss.","SCROPHULARIACEAE Scrophulariaceae Juss.","16033","x","HUFU","Romero, R.","4240","Native","1997",,,"Latão","Ouro",,,"Parque Nacional da Serra da Canastra, Estrada para Fazenda do Fundão."
"PARQUE NACIONAL SERRA DA CANASTRA","Angiosperms","Theaceae","Laplacea",,"Kunth","THEACEAE Laplacea Kunth","16077","x","HUFU","Nakajima, J.N.","2760","Native","1997",,,"Latão","Ouro",,,"Parque Nacional da Serra da Canastra, Nascente do córrego do Barbaro."
"PARQUE NACIONAL SERRA DA CANASTRA","Angiosperms","Clusiaceae","Clusia",,"L.","CLUSIACEAE Clusia L.","UEC142800","splink","UEC","Nakajima, J.N.","2471","Native","1996",,,"Latão","Ouro",,"São Roque de Minas","Parque Nacional da Serra da Canastra, Cachoeira dos Rolinhos"
"PARQUE NACIONAL SERRA DA CANASTRA","Angiosperms","Fabaceae","Periandra",,"Mart. ex Benth.","FABACEAE Periandra Mart. ex Benth.","107039","x","UEC","Nakajima, J.N.","2464","Native","1996",,,"Latão","Ouro",,,"Cachoeira dos Rolinhos, Parque Nacional da Serra Canastra"
"PARQUE NACIONAL SERRA DA CANASTRA","Angiosperms","Lythraceae","Lafoensia",,"Vand.","LYTHRACEAE Lafoensia Vand.","203502","x","UEC","Nakajima, J.N.","2457","Native","1996",,,"Latão","Ouro",,,"Cachoeira dos Rolinhos, Parque nacional da Serra da Canastra, São Roque de Minas."
"PARQUE NACIONAL SERRA DA CANASTRA","Angiosperms","Malvaceae","Byttneria",,"Loefl.","MALVACEAE Byttneria Loefl.","107033","x","UEC","Nakajima, J.N.","2456","Native","1996",,,"Latão","Ouro",,,"Cachoeira dos rolinhos, Parque Nacional da Serra da Canastra."
"PARQUE NACIONAL SERRA DA CANASTRA","Angiosperms","Orchidaceae","Cattleya","bicolor","Lindl.","ORCHIDACEAE Cattleya bicolor Lindl.","UEC017219","splink","UEC","Romero, R.","3276","Native","1996",,,"Latão","Ouro",,"São Roque de Minas","PARNA da Serra da Canastra, Córrego dos Rolinhos."
"PARQUE NACIONAL SERRA DA CANASTRA","Angiosperms","Polygalaceae","Caamembeca","ulei","(Taub.) J.F.B.Pastore","POLYGALACEAE Caamembeca ulei (Taub.) J.F.B.Pastore","UEC065918","splink","UEC","Nakajima, J.N.","2509","Native","1996",,,"Latão","Ouro",,"São Roque de Minas","Parque Nacional da Serra da Canastra, Guarita da Casca D'Anta."
"PARQUE NACIONAL SERRA DA CANASTRA","Angiosperms","Asteraceae","Tagetes","minuta","L.","ASTERACEAE Tagetes minuta L.","US01808901","splink","US","Romero, R.","2111","Native","1995",,,"Latão","Ouro",,,"Guarita de Sacramento, Parna Serra da Canastra, Sacramento"
"PARQUE NACIONAL SERRA DA CANASTRA","Angiosperms","Cyperaceae","Rhynchospora","velutina","(Kunth) Boeckeler","CYPERACEAE Rhynchospora velutina (Kunth) Boeckeler","K001180787","splink","K","Nakajima, J.N.","962","Native","1995",,,"Latão","Ouro",,"São Roque de Minas","PARNA Serra da Canastra. Estrada para Sacramrento, 25 km da guarita de Sacramento."
"PARQUE NACIONAL SERRA DA CANASTRA","Angiosperms","Lamiaceae","Oocephalus",,"(Benth.) Harley & J.F.B.Pastore","LAMIACEAE Oocephalus (Benth.) Harley & J.F.B.Pastore","CESJ029166","splink","CESJ","Romero, R.","2461","Native","1995",,"0-0-0","Latão","Ouro",,"São Roque de Minas","PARNA Serra da Canastra, Chapadão do Diamante"
"PARQUE NACIONAL SERRA DA CANASTRA",,"Melastomataceae","Pleroma","fothergillae","(DC.) Triana","MELASTOMATACEAE Pleroma fothergillae (DC.) Triana","US01903905","splink","US","Nakajima, J.N.","1096",,"1995",,,"Latão","Ouro",,"São Roque de Minas","Cachoeira da Casca D´Anta, trilha para a guarita de baixo, PARNA Serra da Canastra"
"PARQUE NACIONAL SERRA DA CANASTRA","Angiosperms","Rubiaceae","Coccocypselum","lymansmithii","Standl.","RUBIACEAE Coccocypselum lymansmithii Standl.","K001136729","x","K","Romero, R.","2621","Native","1995",,,"Latão","Ouro",,,"Proximidades do córrego dos Passageiros, PARNA Serra da Canastra."
"PARQUE NACIONAL SERRA DA CANASTRA","Angiosperms","Rubiaceae","Cordiera","obtusa","(K.Schum.) Kuntze","RUBIACEAE Cordiera obtusa (K.Schum.) Kuntze","K001139862","x","K","Nakajima, J.N.","3197","Native","1995",,,"Latão","Ouro",,,"Estrada para o Retiro de Pedras, PARNA Serra da Canastra."
"PARQUE NACIONAL SERRA DA CANASTRA","Angiosperms","Fabaceae","Ancistrotropis","clitorioides","(Mart. ex Benth.) A. Delgado","FABACEAE Ancistrotropis clitorioides (Mart. ex Benth.) A. Delgado","UEC016241","splink","UEC","Romero, R.","1953","Native","1995",,"2018","Latão","Ouro",,"São Roque de Minas","Estrada pra Sacramento, 3km da sede administrativa, PARNA Serra da Canastra."
"PARQUE NACIONAL SERRA DA CANASTRA","Angiosperms","Bignoniaceae","Anemopaegma","chamberlaynii","(Sims) Bureau & K.Schum.","BIGNONIACEAE Anemopaegma chamberlaynii (Sims) Bureau & K.Schum.","VIC015756","splink","VIC","Romero, R.","970","Native","1994",,,"Latão","Ouro",,"São Roque de Minas","PARNA - Serra da Canastra"
"PARQUE NACIONAL SERRA DA CANASTRA","Angiosperms","Bignoniaceae","Anemopaegma","glaucum","Mart. ex DC.","BIGNONIACEAE Anemopaegma glaucum Mart. ex DC.","VIC015761","splink","VIC","Romero, R.","1186","Native","1994",,,"Latão","Ouro",,"Sacramento","PARNA - Serra da Canastra"
"PARQUE NACIONAL SERRA DA CANASTRA","Angiosperms","Cyperaceae","Rhynchospora","elatior","(Kük.) A.C.Araújo","CYPERACEAE Rhynchospora elatior var. brevispiculosa (Kük.) A.C.Araújo","K001182801","x","K","Nakajima, J.N.","531","Native","1994",,,"Latão","Ouro",,,"10 km da sede administrativa, Estrada para Sacramento, PARNA Serra da Canastra"
"PARQUE NACIONAL SERRA DA CANASTRA","Angiosperms","Melastomataceae","Pleroma","martiusianum","(DC.) P.J.F.Guim. &Michelang.","MELASTOMATACEAE Pleroma martiusianum (DC.) P.J.F.Guim. &Michelang.","US01904001","splink","US","Nakajima, J.N.","140","Native","1994",,,"Latão","Ouro",,"São Roque de Minas","Estrada para Sacramento, 2 Km da sede administrativa, Parna Serra da Canastra"
"PARQUE NACIONAL SERRA DA CANASTRA","Angiosperms","Orchidaceae","Habenaria","rupicola","Barb.Rodr.","ORCHIDACEAE Habenaria rupicola Barb.Rodr.","UEC017217","splink","UEC","Nakajima, J.N.","139","Native","1994",,,"Latão","Ouro",,"São Roque de Minas","PARNA da Serra da Canastra, Estrada para Sacramento, 2km da sede administrativa."
"PARQUE NACIONAL SERRA DA CANASTRA","Angiosperms","Oxalidaceae",,,"R.Br.","OXALIDACEAE Oxalidaceae R.Br.","287541","splink","SP","Romero, R.","1510","Native","1994",,,"Latão","Ouro",,"São Roque de Minas","Parque Nacional da Serra da Canastra"
"PARQUE NACIONAL SERRA DA CANASTRA","Angiosperms","Rubiaceae","Galianthe","thalictroides","(K.Schum.) E.L.Cabral","RUBIACEAE Galianthe thalictroides (K.Schum.) E.L.Cabral","K001204233","splink","K","Giulietti, A.M.","s.n.","Native","1994",,,"Latão","Ouro",,"São Roque de Minas","Arredores do Parque Nacional da Serra da Canastra."
"PARQUE NACIONAL SERRA DA CANASTRA","Angiosperms","Orchidaceae","Prescottia","oligantha","(Sw.) Lindl.","ORCHIDACEAE Prescottia oligantha (Sw.) Lindl.","UEC017191","splink","UEC","Castro, N.","308","Native","1992",,,"Latão","Ouro",,,"Parque Nacional da Serra da Canastra"
"PARQUE NACIONAL SERRA DA CANASTRA","Angiosperms","Cyatheaceae","Cyathea",,"J.Sm.","CYATHEACEAE Cyathea J.Sm.","UEC062724","splink","UEC","Souza, H.C.","s.n.","Native","1990",,,"Latão","Ouro",,"São Roque de Minas","PARNA Serra da Canastra"
"PARQUE NACIONAL SERRA DA CANASTRA","Angiosperms","Eriocaulaceae","Syngonanthus","multipes","Silveira","ERIOCAULACEAE Syngonanthus multipes Silveira","17932","splink","BHCB","Sousa, H.C.","s.n.","Native","1990",,"0-0-0","Latão","Ouro",,"São Roque de Minas","Parque Nacional da Serra da Canastra, Área da Babilônia."
"PARQUE NACIONAL SERRA DA CANASTRA","Angiosperms","Orthotrichaceae","Orthotrichum",,"Hedw.","ORTHOTRICHACEAE Orthotrichum Hedw.","RB00661337","x","RB","Farney, C.","197","Native","1985",,,"Latão","Ouro",,,"Parque Nacional da Serra da Canastra. Epífita, umbrófila, crescendo próximo a um córrego, cor esverdeado."
"PARQUE NACIONAL SERRA DA CANASTRA","Angiosperms","Bruchiaceae","Trematodon","longicollis","Michx.","BRUCHIACEAE Trematodon longicollis Michx.","NY00756639","splink","NY","Vital, D.M.","11913","Native","1984",,,"Latão","Ouro",,"São Roque de Minas","Parque Nacional da Serra da Canastra, Nascente do Rio Sao Francisco"
"PARQUE NACIONAL SERRA DA CANASTRA","Angiosperms","Cryphaeaceae","Schoenobryum","concavifolium","(Griff.) Gangulee","CRYPHAEACEAE Schoenobryum concavifolium (Griff.) Gangulee","01817293","x","NY","Vital, D.M.","11932","Native","1984",,,"Latão","Ouro",,,"Parque Nacional da Serra da Canastra, Cachoeira Casca D'Anta"
"PARQUE NACIONAL SERRA DA CANASTRA",,"Dicranellaceae","Dicranella","alpina","(Müll.Hal.) Paris","DICRANELLACEAE Dicranella alpina (Müll.Hal.) Paris","NY01917456","splink","NY","Vital, D.M.","11943B",,"1984",,,"Latão","Ouro",,"São Roque de Minas","Parque Nacional da Serra da Canastra, Cachoeira Casca D'Anta."
"PARQUE NACIONAL SERRA DA CANASTRA","Angiosperms","Sematophyllaceae","Sematophyllum",,"Mitt.","SEMATOPHYLLACEAE Sematophyllum Mitt.","CBG 9210201.1","x","CANB","Vital, D.M.","11925","Native","1984",,,"Latão","Ouro",,"São Roque de Minas","Minas Gerais: Mun. Sao Roque de Minas, Parque Nacional da Serra da Canastra, Cachoeira Casca D'Anta."
"PARQUE NACIONAL SERRA DA CANASTRA","Angiosperms","Sphagnaceae","Sphagnum",,"L.","SPHAGNACEAE Sphagnum L.","SP088859","splink","SP-BRYOPHYTA","Vital, D.M.","11915","Native","1984",,,"Latão","Ouro",,"São Roque de Minas","Parque Nacional Serra da Canastra"
"PARQUE NACIONAL SERRA DA CANASTRA","Angiosperms","Asteraceae","Hieracium",,"L.","ASTERACEAE Hieracium L.","RB00408025","x","RB","Guedes, R.","493","Native","1983",,,"Latão","Ouro",,,"Parque Nacional da Serra da Canastra. Parque Nacional da Serra da Canastra"
"PARQUE NACIONAL SERRA DA CANASTRA","Angiosperms","Calophyllaceae","Calophyllum",,"L.","CALOPHYLLACEAE Calophyllum L.","RB00122297","x","RB","Guedes, R.","500","Native","1983",,,"Latão","Ouro",,,"PARQUE NACIONAL DA SERRA DA CANASTRA. Parque Nacional da Serra da Canastra"
"PARQUE NACIONAL SERRA DA CANASTRA","Angiosperms","Moraceae","Ficus","pertusa","L.f.","MORACEAE Ficus pertusa L.f.","2451687","x","Bioversity","R.s.ramalho","225195","Native","1983",,,"Latão","Ouro",,,"Brasil. Minas Gerais. PARQUE NACIONAL DA SERRA DA CANASTRA."
"PARQUE NACIONAL SERRA DA CANASTRA","Angiosperms","Polygonaceae",,,"A. Juss.","POLYGONACEAE Polygonaceae A. Juss.","RB00321810","x","RB","Guedes, R.","495","Native","1983",,,"Latão","Ouro",,,"Parque Nacional da Serra da Canastra. Parque Nacional da Serra da Canastra"
"PARQUE NACIONAL SERRA DA CANASTRA","Angiosperms","Anemiaceae","Anemia","elegans","(Gardner) C.Presl","ANEMIACEAE Anemia elegans (Gardner) C.Presl","UEC052797","splink","UEC","Shepherd, G.J.","7133","Native","1978",,,"Latão","Ouro",,"Piumhi","Parque Nacional da Serra da Canastra, Entre Piumhi e Araxá, ca. de 70 Km de Piumhi."
"PARQUE NACIONAL SERRA DA CANASTRA","Angiosperms","Asteraceae","Chromolaena","hirsuta","(Hook. & Arn.) R.M.King & H.Rob.","ASTERACEAE Chromolaena hirsuta (Hook. & Arn.) R.M.King & H.Rob.","HRJ00005956","splink","HRJ","Shepherd, G.J.","7206","Native","1978",,,"Latão","Ouro",,"Araxá","Parque Nacional da Serra da Canastra."
"PARQUE NACIONAL SERRA DA CANASTRA","Angiosperms","Asteraceae","Gnaphalium","polycaulon","Pers.","ASTERACEAE Gnaphalium polycaulon Pers.","UEC136344","splink","UEC","Shepherd, G.J.","7170","Native","1978",,,"Latão","Ouro",,,"Parque Nacional da Serra da Canastra, entre Piumhi e Araxá, ca 80km de Piumhi."
"PARQUE NACIONAL SERRA DA CANASTRA","Angiosperms","Rhamnaceae","Crumenaria","erecta","Reissek","RHAMNACEAE Crumenaria erecta Reissek","29189","splink","BHCB",,"s.n.","Native","0",,"0-0-0","Latão","Ouro",,,"Furnas, Limite Parque Nacional da Serra da Canastra - Usina de Furnas"
"PARQUE NACIONAL SERRA DA CANASTRA","Angiosperms","Rosaceae","Rubus","rosifolius","Sm.","ROSACEAE Rubus rosifolius Sm.","37996","splink","BHCB",,"s.n.","Native","0",,"0-0-0","Latão","Ouro",,"São Roque de Minas","Parque Nacional da Serra da Canastra"
"PARQUE NACIONAL SERRA DA CANASTRA","Angiosperms","Sapindaceae","Serjania","obtusidentata","Radlk.","SAPINDACEAE Serjania obtusidentata Radlk.","38040","splink","BHCB",,"s.n.","Native","0",,"0-0-0","Latão","Ouro",,"São Roque de Minas","Parque Nacional da Serra da Canastra"
"PARQUE NACIONAL SERRA DA CANASTRA","Angiosperms","Eriocaulaceae","Comanthera","nivea","(Bong.) L.R.Parra & Giul.","ERIOCAULACEAE Comanthera nivea (Bong.) L.R.Parra & Giul.","HUFU00050679",,"HUFU","Echternacht, L.","2605","Native","2015","Echternacht, L.","2015","Ouro","Prata","jbrj-public.s3-sa-east-1.amazonaws.com/fsi/server?type=image&source=DZI/hufu/hufu/0/5/6/79/hufu00050679.dzi","Delfinópolis","Paraíso Selvagem ; Ao lado do estacionamento."
"PARQUE NACIONAL SERRA DA CANASTRA","Angiosperms","Orchidaceae","Cyrtopodium","vernum","Rchb.f. & Warm.","ORCHIDACEAE Cyrtopodium vernum Rchb.f. & Warm.","HUFU00035590",,"HUFU","Pacheco, R.A.","686","Native","2003","Batista, J.A.N.","2020","Ouro","Prata","jbrj-public.s3-sa-east-1.amazonaws.com/fsi/server?type=image&source=DZI/hufu/hufu/0/3/55/90/hufu00035590.dzi","Delfinópolis","Paraíso Selvagem"
"PARQUE NACIONAL SERRA DA CANASTRA","Angiosperms","Amaranthaceae","Alternanthera","martii","R.E.Fr.","AMARANTHACEAE Alternanthera martii R.E.Fr.","HUFU00053423",,"HUFU","Pacheco, R.A.","589","Native","2003","Marchioretto, M.S.","2009","Ouro","Prata","jbrj-public.s3-sa-east-1.amazonaws.com/fsi/server?type=image&source=DZI/hufu/hufu/0/5/34/23/hufu00053423.dzi","Delfinópolis","Paraíso Selvagem"
"PARQUE NACIONAL SERRA DA CANASTRA","Angiosperms","Piperaceae","Piper","viminifolium","Trel.","PIPERACEAE Piper viminifolium Trel.","HUFU00035765",,"HUFU","Nakajima, J.N.","3635","Native","2003","Carvalho-Silva, M.","2005","Ouro","Prata","jbrj-public.s3-sa-east-1.amazonaws.com/fsi/server?type=image&source=DZI/hufu/hufu/0/3/57/65/hufu00035765.dzi","Delfinópolis","Paraíso Selvagem"
"PARQUE NACIONAL SERRA DA CANASTRA","Angiosperms","Bromeliaceae","Dyckia","saxatilis","Mez","BROMELIACEAE Dyckia saxatilis Mez","HUFU00051647",,"HUFU","Nakajima, J.N.","1912","Native","1996","Forzza, R.C.","2007","Ouro","Prata","jbrj-public.s3-sa-east-1.amazonaws.com/fsi/server?type=image&source=DZI/hufu/hufu/0/5/16/47/hufu00051647.dzi","São Roque de Minas","Chapadão do Diamante, após a antena."
"PARQUE NACIONAL SERRA DA CANASTRA","Angiosperms","Rubiaceae","Declieuxia","verticillata","Müll.Arg.","RUBIACEAE Declieuxia verticillata Müll.Arg.","CEN00110626","splink","CEN","Moises Mendoza, F.J.","4430","Native","2014","Delprete, P.","2016","Ouro","Prata",,"São Roque de Minas","P.N. Serra da Canastra. GM-341, ca. 12,8 km do portão III ""Sacramento"", sentido portão II ""S.J. Batista."
"PARQUE NACIONAL SERRA DA CANASTRA","Angiosperms","Polygalaceae","Asemeia","lindmaniana","(Chodat) J.F.B.Pastore & J.R.Abbott","POLYGALACEAE Asemeia lindmaniana (Chodat) J.F.B.Pastore & J.R.Abbott","HUEFS0184770","splink","HUEFS","Pastore, J.F.B.","3995","Native","2012",,,"Ouro","Prata",,"Delfinópolis","Canastra - Serra da Babilonia. Entre Delfinópolis e São Roque de Minas. Topo da Serra Branca"
"PARQUE NACIONAL SERRA DA CANASTRA","Angiosperms","Fabaceae","Cerradicola","decumbens","(Benth.) L.P.Queiroz","FABACEAE Cerradicola decumbens (Benth.) L.P.Queiroz","HUEFS0184738","splink","HUEFS","Pastore, J.F.B.","3962","Native","2012","Queiroz, L.P.","2025","Ouro","Prata",,"Delfinópolis","Canastra - Serra da Babilonia. Entre Delfinópolis e São Roque de Minas. Proximidades da Pousada Boa Esperança"
"PARQUE NACIONAL SERRA DA CANASTRA","Angiosperms","Apocynaceae","Mesechites","mansoanus","(A.DC.) Woodson","APOCYNACEAE Mesechites mansoanus (A.DC.) Woodson","HUEFS0184712","splink","HUEFS","Pastore, J.F.B.","3936","Native","2012","Rapini, A.","2014","Ouro","Prata",,"Delfinópolis","Canastra - Serra da Babilônia. MG-438 Entre Ibiraci e Delfinópolis"
"PARQUE NACIONAL SERRA DA CANASTRA","Angiosperms","Lamiaceae","Hyptis","linarioides","Pohl ex Benth.","LAMIACEAE Hyptis linarioides Pohl ex Benth.","HUEFS0184726","splink","HUEFS","Pastore, J.F.B.","3950","Native","2012","Harley, R.M.","2014","Ouro","Prata",,"Delfinópolis","Canastra - Serra da Babilonia, Logo após Delfinópolis. Entre Delfinópolis e São Roque de Minas."
"PARQUE NACIONAL SERRA DA CANASTRA","Angiosperms","Rubiaceae","Palicourea","violacea","(Aubl.) A.Rich.","RUBIACEAE Palicourea violacea (Aubl.) A.Rich.","HUFU00024001","splink","HUFU","Romero, R.","7892","Native","2006","Barbosa, M.R.","2022","Ouro","Prata",,"Delfinópolis","Paraíso Selvagem, Trilha da Cachoeira do Alpinista."
"PARQUE NACIONAL SERRA DA CANASTRA","Angiosperms","Malpighiaceae","Byrsonima","cydoniifolia","A.Juss.","MALPIGHIACEAE Byrsonima cydoniifolia A.Juss.","SP014098","splink","SP","Nakajima, J.N.","3312","Native","2002","Mamede, M.C.H.","2006","Ouro","Prata",,"Delfinópolis","Paraíso Selvagem, Trilha para Salto Solitário"
"PARQUE NACIONAL SERRA DA CANASTRA","Angiosperms","Melastomataceae","Fritzschia","stenodon","(Naudin) M.J.R.Rocha & P.J.F.Guim.","MELASTOMATACEAE Fritzschia stenodon (Naudin) M.J.R.Rocha & P.J.F.Guim.","SP0553519","splink","SP","Nakajima, J.N.","3327","Native","2002","Romero, R.","2006","Ouro","Prata",,"Delfinópolis","Paraíso selvagem, trilha para Salto Solitário"
"PARQUE NACIONAL SERRA DA CANASTRA","Angiosperms","Rubiaceae","Declieuxia","deltoidea","Müll.Arg.","RUBIACEAE Declieuxia deltoidea var. deltoidea Müll.Arg.","NY00949653","splink","NY","Farney, C.","212","Native","1983","Delprete, P.G.","2001","Ouro","Prata",,"São Roque de Minas","P.N. da Serra da Canastra, Subida da Casca D'anta para o Chapadas"
"PARQUE NACIONAL SERRA DA CANASTRA","Angiosperms","Campanulaceae","Wahlenbergia",,"Schrad. ex Roth","CAMPANULACEAE Wahlenbergia Schrad. ex Roth","HUEFS0184768","splink","HUEFS","Pastore, J.F.B.","3993","Native","2012","Sobral, M.","2019","Prata","Prata",,"Delfinópolis","Canastra - Serra da Babilonia. Entre Delfinópolis e São Roque de Minas. Topo da Serra Branca"
"PARQUE NACIONAL SERRA DA CANASTRA","Angiosperms","Melastomataceae","Tibouchina","verticillaris","Cogn.","MELASTOMATACEAE Tibouchina verticillaris Cogn.","HUEFS184711",,"HUEFS","Pastore, J.F.B.","3935","Native","2012","Freitas, J.G.","2013","Bronze","Prata","jbrj-public.s3-sa-east-1.amazonaws.com/fsi/server?type=image&source=DZI/huefs/huefs/0/18/47/11/huefs00184711.dzi","Delfinópolis","Canastra - Serra da Babilônia. MG-438 Entre Ibiraci e Delfinópolis"
"PARQUE NACIONAL SERRA DA CANASTRA","Angiosperms","Fabaceae","Plathymenia","reticulata","Benth.","FABACEAE Plathymenia reticulata Benth.","HUFU00040682",,"HUFU","Pacheco, R.A.","660","Native","2003","Silva, C.I.","2005","Bronze","Prata","jbrj-public.s3-sa-east-1.amazonaws.com/fsi/server?type=image&source=DZI/hufu/hufu/0/4/6/82/hufu00040682.dzi","Delfinópolis","Paraíso Selvagem"
"PARQUE NACIONAL SERRA DA CANASTRA","Angiosperms","Malpighiaceae","Banisteriopsis","variabilis","B.Gates","MALPIGHIACEAE Banisteriopsis variabilis B.Gates","HUFU00039540",,"HUFU","Romero, R.","6728","Native","2003","Volpi, R.L.","2005","Bronze","Prata","jbrj-public.s3-sa-east-1.amazonaws.com/fsi/server?type=image&source=DZI/hufu/hufu/0/3/95/40/hufu00039540.dzi","Delfinópolis","Paraíso Selvagem; Trilha para cachoeira Salto Solitário."
"PARQUE NACIONAL SERRA DA CANASTRA","Angiosperms","Araceae","Anthurium","sinuatum","Benth. ex Schott","ARACEAE Anthurium sinuatum Benth. ex Schott","HUFU00052504",,"HUFU","Pacheco, R.A.","670","Native","2003","Pacheco, R.A.","2003","Bronze","Prata","jbrj-public.s3-sa-east-1.amazonaws.com/fsi/server?type=image&source=DZI/hufu/hufu/0/5/25/4/hufu00052504.dzi","Delfinópolis","Paraíso Selvagem ; Trilha da mata do Canyon."
"PARQUE NACIONAL SERRA DA CANASTRA","Angiosperms","Erythroxylaceae","Erythroxylum","tortuosum","Mart.","ERYTHROXYLACEAE Erythroxylum tortuosum Mart.","HUFU00050026",,"HUFU","Nakajima, J.N.","3538","Native","2003","Pacheco, R.A.","2003","Bronze","Prata","jbrj-public.s3-sa-east-1.amazonaws.com/fsi/server?type=image&source=DZI/hufu/hufu/0/5/0/26/hufu00050026.dzi","Delfinópolis","Paraíso Selvagem; Trilha para Mata do Canyon."
"PARQUE NACIONAL SERRA DA CANASTRA","Angiosperms","Orchidaceae","Acianthera","macropoda","(Barb.Rodr.) Pridgeon & M.W.Chase","ORCHIDACEAE Acianthera macropoda (Barb.Rodr.) Pridgeon & M.W.Chase","HUFU00035713",,"HUFU","Romero, R.","6710","Native","2003","Nakajima, J.N.","2003","Bronze","Prata","jbrj-public.s3-sa-east-1.amazonaws.com/fsi/server?type=image&source=DZI/hufu/hufu/0/3/57/13/hufu00035713.dzi","Delfinópolis","Paraíso Selvagem"
"PARQUE NACIONAL SERRA DA CANASTRA","Angiosperms","Portulacaceae","Portulaca","mucronata","Link","PORTULACACEAE Portulaca mucronata Link","HUFU00036195",,"HUFU","Romero, R.","6732","Native","2003","Volpi, R.L.","2003","Bronze","Prata","jbrj-public.s3-sa-east-1.amazonaws.com/fsi/server?type=image&source=DZI/hufu/hufu/0/3/61/95/hufu00036195.dzi","Delfinópolis","Paraíso Selvagem"
"PARQUE NACIONAL SERRA DA CANASTRA","Angiosperms","Annonaceae","Xylopia","emarginata","Mart.","ANNONACEAE Xylopia emarginata Mart.","HUFU00053086",,"HUFU","Nakajima, J.N.","3322","Native","2002","Volpi, R.L.","2003","Bronze","Prata","jbrj-public.s3-sa-east-1.amazonaws.com/fsi/server?type=image&source=DZI/hufu/hufu/0/5/30/86/hufu00053086.dzi","Delfinópolis","Paraíso Selvagem"
"PARQUE NACIONAL SERRA DA CANASTRA","Angiosperms","Lythraceae","Cuphea","retrorsicapilla","(Koehne) S.A.Graham & T.B.Cavalc.","LYTHRACEAE Cuphea retrorsicapilla var. enneanthera (Koehne) S.A.Graham & T.B.Cavalc.","HUFU00039244",,"HUFU","Nakajima, J.N.","3298","Native","2002","Nakajima, J.N.","2003","Bronze","Prata","jbrj-public.s3-sa-east-1.amazonaws.com/fsi/server?type=image&source=DZI/hufu/hufu/0/3/92/44/hufu00039244.dzi","Delfinópolis","Paraíso Selvagem; Trilha para Salto Solitário."
"PARQUE NACIONAL SERRA DA CANASTRA","Angiosperms","Vochysiaceae","Qualea","cordata","Warm.","VOCHYSIACEAE Qualea cordata var. grandifolia Warm.","HUFU00033749",,"HUFU","Nakajima, J.N.","3311","Native","2002","Volpi, R.L.","2003","Bronze","Prata","jbrj-public.s3-sa-east-1.amazonaws.com/fsi/server?type=image&source=DZI/hufu/hufu/0/3/37/49/hufu00033749.dzi","Delfinópolis","Paraíso Selvagem"
"PARQUE NACIONAL SERRA DA CANASTRA","Angiosperms","Acanthaceae","Ruellia","nitens","(Nees) Wassh.","ACANTHACEAE Ruellia nitens (Nees) Wassh.","HUFU00000247",,"HUFU","Nakajima, J.N.","1617","Native","1995","Pessoa, C.S.","2012","Bronze","Prata","jbrj-public.s3-sa-east-1.amazonaws.com/fsi/server?type=image&source=DZI/hufu/hufu/0/0/2/47/hufu00000247.dzi","São Roque de Minas","Córrego dos Passageiros. Borda de capão."
"PARQUE NACIONAL SERRA DA CANASTRA","Ferns and Lycophytes","Amaryllidaceae","Zephyranthes","lactea","S.Moore","AMARYLLIDACEAE Zephyranthes lactea S.Moore","CEN00111350","splink","CEN","Moises Mendoza, F.J.","4437","Native","2014","Amaral-Lopes, A.C.","2021","Bronze","Prata",,"São Roque de Minas","P.N. Serra da Canastra. GM-341, ca. 12,8 km do portão III ""Sacramento"", sentido portão II ""S.J. Batista""."
"PARQUE NACIONAL SERRA DA CANASTRA","Angiosperms","Lythraceae","Cuphea","spermacoce","A.St.-Hil.","LYTHRACEAE Cuphea spermacoce A.St.-Hil.","CEN00110620","splink","CEN","Moises Mendoza, F.J.","4424","Native","2014","Facco, M.G.","2016","Bronze","Prata",,"São Roque de Minas","P.N. Serra da Canastra. GM-341, ca. 900 m do portão III ""Sacramento"", sentido Sacramento."
"PARQUE NACIONAL SERRA DA CANASTRA","Angiosperms","Acanthaceae","Ruellia","brevifolia","(Pohl) C.Ezcurra","ACANTHACEAE Ruellia brevifolia (Pohl) C.Ezcurra","HUEFS0184730","splink","HUEFS","Pastore, J.F.B.","3954","Native","2012","Sousa, V.F.","2024","Bronze","Prata",,"Delfinópolis","Canastra - Serra da Babilonia. Entre Delfinópolis e São Roque de Minas. Após entroncamento de caminho para a pousada Babilônia."
"PARQUE NACIONAL SERRA DA CANASTRA","Angiosperms","Convolvulaceae","Ipomoea","queirozii","J.R.I.Wood & L.V.Vasconc.","CONVOLVULACEAE Ipomoea queirozii J.R.I.Wood & L.V.Vasconc.","HUEFS0184765","splink","HUEFS","Pastore, J.F.B.","3990","Native","2012","Wood, J.R.I.","2019","Bronze","Prata",,"Delfinópolis","Canastra - Serra da Babilonia. Entre Delfinópolis e São Roque de Minas. Topo da Serra Branca"
"PARQUE NACIONAL SERRA DA CANASTRA","Angiosperms","Apiaceae","Eryngium","goyazense","Urb.","APIACEAE Eryngium goyazense Urb.","HUEFS0184788","splink","HUEFS","Pastore, J.F.B.","4014","Native","2012","Lucas, D.","2017","Bronze","Prata",,"Delfinópolis","Canastra - Serra da Babilonia. Entre Delfinópolis e São Roque de Minas. Topo da Serra Branca"
"PARQUE NACIONAL SERRA DA CANASTRA","Angiosperms","Apiaceae","Eryngium","pandanifolium","Cham. & Schltdl.","APIACEAE Eryngium pandanifolium Cham. & Schltdl.","HUEFS0184733","splink","HUEFS","Pastore, J.F.B.","3957","Native","2012","Lucas, D.","2017","Bronze","Prata",,"Delfinópolis","Canastra - Serra da Babilonia. Entre Delfinópolis e São Roque de Minas. Proximidades da Pousada Boa Esperança"
"PARQUE NACIONAL SERRA DA CANASTRA","Angiosperms","Rubiaceae","Declieuxia","cordigera","Mart. & Zucc. ex Schult. & Schult.f.","RUBIACEAE Declieuxia cordigera var. cordigera Mart. & Zucc. ex Schult. & Schult.f.","HUEFS0184776","splink","HUEFS","Pastore, J.F.B.","4001","Native","2012","Oliveira, J.A.","2016","Bronze","Prata",,"Delfinópolis","Canastra - Serra da Babilonia. Entre Delfinópolis e São Roque de Minas. Topo da Serra Branca"
"PARQUE NACIONAL SERRA DA CANASTRA","Angiosperms","Asteraceae","Praxelis","insignis","(Malme) R.M.King & H.Rob.","ASTERACEAE Praxelis insignis (Malme) R.M.King & H.Rob.","HUEFS0184727","splink","HUEFS","Pastore, J.F.B.","3951","Native","2012","Abreu, V.H.R.","2014","Bronze","Prata",,"Delfinópolis","Canastra - Serra da Babilonia, Logo após Delfinópolis. Entre Delfinópolis e São Roque de Minas."
"PARQUE NACIONAL SERRA DA CANASTRA","Angiosperms","Hymenophyllaceae","Hymenophyllum","elegans","Spreng.","HYMENOPHYLLACEAE Hymenophyllum elegans Spreng.","HUFU00033482","splink","HUFU","Nakajima, J.N.","3568","Native","2003","Almeida, T.E.","2007","Bronze","Prata",,"Delfinópolis","Paraíso Selvagem, Trilha para Mata do Canyon."
"PARQUE NACIONAL SERRA DA CANASTRA","Angiosperms","Sapotaceae","Micropholis","gardneriana","(A.DC.) Pierre","SAPOTACEAE Micropholis gardneriana (A.DC.) Pierre","HUFU00035346","splink","HUFU","Volpi, R.L.","782","Native","2003","Volpi, R.L.","2004","Bronze","Prata",,"Delfinópolis","Paraíso Selvagem, Trilha ''Salto do Canyon''."
"PARQUE NACIONAL SERRA DA CANASTRA","Angiosperms","Verbenaceae","Lippia","corymbosa","Cham.","VERBENACEAE Lippia corymbosa Cham.","UB1081447",,"UB","Romero, R.","6711","Native","2003","Pacheco, R.A.","2003","Bronze","Prata",,"Delfinópolis","Paraíso Selvagem, trilha para cachoeira ""Salto Solitário""."
"PARQUE NACIONAL SERRA DA CANASTRA","Angiosperms","Moraceae","Pseudolmedia","laevigata","Trécul","MORACEAE Pseudolmedia laevigata Trécul","320322","splink","SP","Nakajima, J.N.","1625","Native","1995","Santos, A.","2016","Bronze","Prata",,"São Roque de Minas","córrego dos Passageiros"
"PARQUE NACIONAL SERRA DA CANASTRA","Angiosperms","Convolvulaceae","Ipomoea","sidifolia","Schrad.","CONVOLVULACEAE Ipomoea sidifolia Schrad.","339523","splink","SP","Hashimoto, G.","20486","Native","1989","Bianchini, R.S.","2025","Bronze","Prata",,"Delfinópolis","Vale da Babilônia"
"PARQUE NACIONAL SERRA DA CANASTRA","Angiosperms","Bignoniaceae","Amphilophium",,"Kunth emend L.G. Lohmann","BIGNONIACEAE Amphilophium Kunth emend L.G. Lohmann","HUEFS184698",,"HUEFS","Pastore, J.F.B.","3922","Native","2012",,,"Latão","Prata","jbrj-public.s3-sa-east-1.amazonaws.com/fsi/server?type=image&source=DZI/huefs/huefs/0/18/46/98/huefs00184698.dzi","Delfinópolis","Canastra - Serra da Babilônia. MG-438 Entre Ibiraci e Delfinópolis, logo após cruzar a ponte sobre a represa."
"PARQUE NACIONAL SERRA DA CANASTRA","Angiosperms","Costaceae","Costus","arabicus","L.","COSTACEAE Costus arabicus L.","HUFU00033397",,"HUFU","Nakajima, J.N.","3633","Native","2003",,,"Latão","Prata","jbrj-public.s3-sa-east-1.amazonaws.com/fsi/server?type=image&source=DZI/hufu/hufu/0/3/33/97/hufu00033397.dzi","Delfinópolis","Paraíso Selvagem"
"PARQUE NACIONAL SERRA DA CANASTRA","Angiosperms","Fabaceae","Bionia","coriacea","(Nees & Mart.) Benth.","FABACEAE Bionia coriacea (Nees & Mart.) Benth.","HUFU00050374",,"HUFU","Nakajima, J.N.","3551","Native","2003",,,"Latão","Prata","jbrj-public.s3-sa-east-1.amazonaws.com/fsi/server?type=image&source=DZI/hufu/hufu/0/5/3/74/hufu00050374.dzi","Delfinópolis","Paraíso Selvagem ; Trilha para Mata do Canyon."
"PARQUE NACIONAL SERRA DA CANASTRA","Angiosperms","Fabaceae","Eriosema",,"(DC.) Desv.","FABACEAE Eriosema (DC.) Desv.","HUFU00040480",,"HUFU","Pacheco, R.A.","680","Native","2003",,,"Latão","Prata","jbrj-public.s3-sa-east-1.amazonaws.com/fsi/server?type=image&source=DZI/hufu/hufu/0/4/4/80/hufu00040480.dzi","Delfinópolis","Paraíso Selvagem"
"PARQUE NACIONAL SERRA DA CANASTRA","Angiosperms","Fabaceae","Platypodium","elegans","Vogel","FABACEAE Platypodium elegans Vogel","HUFU00040676",,"HUFU","Nakajima, J.N.","3646","Native","2003",,,"Latão","Prata","jbrj-public.s3-sa-east-1.amazonaws.com/fsi/server?type=image&source=DZI/hufu/hufu/0/4/6/76/hufu00040676.dzi","Delfinópolis","Paraíso Selvagem"
"PARQUE NACIONAL SERRA DA CANASTRA","Angiosperms","Lauraceae","Aniba","heringeri","Vattimo-Gil","LAURACEAE Aniba heringeri Vattimo-Gil","HUFU00040228",,"HUFU","Volpi, R.L.","777","Native","2003",,,"Latão","Prata","jbrj-public.s3-sa-east-1.amazonaws.com/fsi/server?type=image&source=DZI/hufu/hufu/0/4/2/28/hufu00040228.dzi","Delfinópolis","Paraíso Selvagem"
"PARQUE NACIONAL SERRA DA CANASTRA","Angiosperms","Malvaceae","Helicteres","brevispira","A.St.-Hil.","MALVACEAE Helicteres brevispira A.St.-Hil.","HUFU00038648",,"HUFU","Nakajima, J.N.","3642","Native","2003",,,"Latão","Prata","jbrj-public.s3-sa-east-1.amazonaws.com/fsi/server?type=image&source=DZI/hufu/hufu/0/3/86/48/hufu00038648.dzi","Delfinópolis","Paraíso Selvagem; Desertinho."
"PARQUE NACIONAL SERRA DA CANASTRA","Angiosperms","Piperaceae","Piper",,"L.","PIPERACEAE Piper L.","HUFU00035768",,"HUFU","Pacheco, R.A.","693","Native","2003",,,"Latão","Prata","jbrj-public.s3-sa-east-1.amazonaws.com/fsi/server?type=image&source=DZI/hufu/hufu/0/3/57/68/hufu00035768.dzi","Delfinópolis","Paraíso Selvagem"
"PARQUE NACIONAL SERRA DA CANASTRA","Angiosperms","Turneraceae","Piriqueta",,"Aubl.","TURNERACEAE Piriqueta Aubl.","HUFU00034337",,"HUFU","Nakajima, J.N.","3288","Native","2002",,,"Latão","Prata","jbrj-public.s3-sa-east-1.amazonaws.com/fsi/server?type=image&source=DZI/hufu/hufu/0/3/43/37/hufu00034337.dzi","Delfinópolis","Paraíso Selvagem"
"PARQUE NACIONAL SERRA DA CANASTRA","Ferns and Lycophytes","Commelinaceae","Dichorisandra",,"J.C.Mikan","COMMELINACEAE Dichorisandra J.C.Mikan","HUEFS0184697","splink","HUEFS","Pastore, J.F.B.","3921","Native","2012",,,"Latão","Prata",,"Delfinópolis","Canastra - Serra da Babilônia. MG-438 Entre Ibiraci e Delfinópolis, logo após cruzar a ponte sobre a represa."
"PARQUE NACIONAL SERRA DA CANASTRA","Angiosperms","Melastomataceae","Marcetia",,"DC.","MELASTOMATACEAE Marcetia DC.","UEC013109","splink","UEC","Kinoshita, L.S.","10/19","Native","2010",,,"Latão","Prata",,"Delfinópolis","Serra da Babilônia, Vale do Céu"
"PARQUE NACIONAL SERRA DA CANASTRA","Angiosperms","Ochnaceae","Sauvagesia",,"L.","OCHNACEAE Sauvagesia L.","UEC032058","splink","UEC","Kinoshita, L.S.","10/20","Native","2010",,,"Latão","Prata",,"Delfinópolis","Serra da Babilônia, Vale do Céu, cerrado das cachoeiras."
"PARQUE NACIONAL SERRA DA CANASTRA","Angiosperms","Rubiaceae","Alibertia",,"A.Rich. ex DC.","RUBIACEAE Alibertia A.Rich. ex DC.","UEC109834","splink","UEC","Silveira, M.F.","111","Native","2008",,,"Latão","Prata",,"Delfinópolis","Vale da Babilônia, Trilha das Orquídeas, Vale do Céu"
"PARQUE NACIONAL SERRA DA CANASTRA","Angiosperms","Rubiaceae","Psychotria","carthagenensis","Jacq.","RUBIACEAE Psychotria carthagenensis Jacq.","UEC109826","splink","UEC","Silveira, M.F.","94","Unknown","2008",,,"Latão","Prata",,"Delfinópolis","Vale da Babilônia, Cachoeira Tamanduá"
"PARQUE NACIONAL SERRA DA CANASTRA","Angiosperms","Rubiaceae","Randia","armata","(Sw.) DC.","RUBIACEAE Randia armata (Sw.) DC.","UEC106586","splink","UEC","Silveira, M.F.","124","Native","2008",,,"Latão","Prata",,"Delfinópolis","Vale da Babilônia, Cachoeira Paraíso."
"PARQUE NACIONAL SERRA DA CANASTRA","Angiosperms","Poaceae","Olyra",,"L.","POACEAE Olyra L.","10244","splink","MOSS","Nakajima, J.N.","3641","Native","2003",,,"Latão","Prata",,"Delfinópolis","Paraiso Selvagem, ""Desertinho""."
"PARQUE NACIONAL SERRA DA CANASTRA","Angiosperms","Rubiaceae","Amaioua","guianensis","Aubl.","RUBIACEAE Amaioua guianensis Aubl.","183789","x","UEC","Nakajima, J.N.","3468","Native","2003",,,"Latão","Prata",,"Delfinópolis","Paraíso Selvagem, trilha para cachoeira 'Salto Solitário'. Município de Delfinópolis, MG-Brasil."
"PARQUE NACIONAL SERRA DA CANASTRA","Angiosperms","Sapotaceae","Pouteria","ramiflora","(Mart.) Radlk.","SAPOTACEAE Pouteria ramiflora (Mart.) Radlk.","HUFU00035351","splink","HUFU","Nakajima, J.N.","3553","Native","2003",,,"Latão","Prata",,"Delfinópolis","Paraíso Selvagem, Trilha para Mata do Canyon."
"PARQUE NACIONAL SERRA DA CANASTRA","Angiosperms","Passifloraceae","Passiflora","foetida","L.","PASSIFLORACEAE Passiflora foetida L.","UEC045153","splink","UEC","Torres, R.B.","1120","Native","0",,,"Latão","Prata",,"Delfinópolis","Babilônia"
