"UC","Grupos","Família","Gênero","Espécie","Autor","Táxon_completo","Barcode","BD_Origem","Herbário","Coletor","Número_da_Coleta","Origem_FFBr","AnoColeta","Identificador","AnoID","ConfiançaID","ConfiançaLoc","Imagens","Município","Localidade"
"PARQUE ESTADUAL PEDRA AZUL","Angiosperms","Adelotheciaceae","Adelothecium","bogotense","(Hampe) Mitt.","ADELOTHECIACEAE Adelothecium bogotense (Hampe) Mitt.","CAP008594","splink","CAP","Peralta, D.F.","19501","Native","2016",,,"Latão","Ouro",,"Domingos Martins","Mata Atlântica com afloramentos rochosos. sobre tronco vivo. Parque Estadual da Pedra Azul"
"PARQUE ESTADUAL PEDRA AZUL","Angiosperms","Adelotheciaceae","Adelothecium","bogotense","(Hampe) Mitt.","ADELOTHECIACEAE Adelothecium bogotense (Hampe) Mitt.","96410","x","ALCB","Penha, L.T.","s/n","Native","2009",,,"Latão","Ouro",,,"Parque Estadual Pedra Azul, Trilha do Mirante"
"PARQUE ESTADUAL PEDRA AZUL","Bryophytes","Alstroemeriaceae","Alstroemeria","radula","Dusén","ALSTROEMERIACEAE Alstroemeria radula Dusén","SPF00224271","x","University of São Paulo - Department of Botany","Vasconcelos, M.F.","s.n.","Native","1998","Assis, M.C.",,"Bronze","Ouro",,,"Pedra Azul, Parque Estadual da Pedra Azul."
"PARQUE ESTADUAL PEDRA AZUL","Bryophytes","Alstroemeriaceae","Alstroemeria","radula","Dusén","ALSTROEMERIACEAE Alstroemeria radula Dusén","SPF00224271","splink","SPF","Vasconcelos, M.F.","s.n.","Native","1998","Assis, M.C.","2000","Bronze","Ouro",,"Domingos Martins","Pedra Azul, Parque Estadual da Pedra Azul."
"PARQUE ESTADUAL PEDRA AZUL","Angiosperms","Alstroemeriaceae","Alstroemeria","radula","Dusén","ALSTROEMERIACEAE Alstroemeria radula Dusén","VIES065533","splink","VIES","Faller, V.S.","584","Native","2025",,,"Latão","Ouro",,"Domingos Martins","Aracê. Parque Estadual da Pedra Azul"
"PARQUE ESTADUAL PEDRA AZUL",,"Amaryllidaceae","Hippeastrum","aulicum","(Ker Gawl.) Herb.","AMARYLLIDACEAE Hippeastrum aulicum (Ker Gawl.) Herb.","VIES065529","splink","VIES","Faller, V.S.","580",,"2025",,,"Latão","Ouro",,"Domingos Martins","Aracê. Parque Estadual da Pedra Azul"
"PARQUE ESTADUAL PEDRA AZUL","Ferns and Lycophytes","Amaryllidaceae","Hippeastrum","aulicum","(Ker Gawl.) Herb.","AMARYLLIDACEAE Hippeastrum aulicum (Ker Gawl.) Herb.","MBM210411",,"MBM","Hatschbach, G.","65180","Native","1996","Oliveira, R.S.","2008","Bronze","Prata","jbrj-public.s3.amazonaws.com/fsi/server?type=image&source=DZI/mbm/mbm/0/21/4/11/mbm00210411.dzi","Domingos Martins","Pedra Azul"
"PARQUE ESTADUAL PEDRA AZUL","Ferns and Lycophytes","Amaryllidaceae","Hippeastrum","aulicum","(Ker Gawl.) Herb.","AMARYLLIDACEAE Hippeastrum aulicum (Ker Gawl.) Herb.","MBM168660","splink","MBM","Hatschbach, G.","60662","Native","1994","Dutilh, J.",,"Bronze","Prata",,"Domingos Martins","Pedra Azul."
"PARQUE ESTADUAL PEDRA AZUL","Bryophytes","Anemiaceae","Anemia","mandioccana","Raddi","ANEMIACEAE Anemia mandioccana Raddi","BHCB00000519",,"BHCB","Salino, A.","14154","Native","2008","Salino, A.","2008","Bronze","Ouro",,"Domingos Martins","São Paulo do Aracê. Entorno do Parque Estadual da Pedra Azul."
"PARQUE ESTADUAL PEDRA AZUL","Bryophytes","Anemiaceae","Anemia","mandioccana","Raddi","ANEMIACEAE Anemia mandioccana Raddi","BHCB000519","splink","BHCB","Salino, A.","14154","Native","2008","Salino, A.","2008","Bronze","Ouro",,"Domingos Martins","São Paulo do Aracê, Entorno do Parque Estadual da Pedra Azul"
"PARQUE ESTADUAL PEDRA AZUL","Bryophytes","Anemiaceae","Anemia","phyllitidis","(L.) Sw.","ANEMIACEAE Anemia phyllitidis (L.) Sw.","126432","splink","BHCB","Salino, A.","14156","Native","2008","Salino, A.","2008","Bronze","Ouro",,"Domingos Martins","São Paulo do Aracê, Entorno do Parque Estadual da Pedra Azul"
"PARQUE ESTADUAL PEDRA AZUL","Angiosperms","Anemiaceae","Anemia",,"Sw.","ANEMIACEAE Anemia Sw.","BHCB01106820",,"BHCB","Salino, A.","14194","Native","2008",,,"Latão","Ouro",,"Domingos Martins","São Paulo do Aracê. Entorno do Parque Estadual da Pedra Azul."
"PARQUE ESTADUAL PEDRA AZUL","Angiosperms","Anemiaceae","Anemia",,"Sw.","ANEMIACEAE Anemia Sw.","BHCB01106821",,"BHCB","Salino, A.","14195","Native","2008",,,"Latão","Ouro",,"Domingos Martins","São Paulo do Aracê. Entorno do Parque Estadual da Pedra Azul."
"PARQUE ESTADUAL PEDRA AZUL","Angiosperms","Anemiaceae","Anemia",,"Sw.","ANEMIACEAE Anemia Sw.","126471","splink","BHCB","Salino, A.","14195","Native","2008",,"0-0-0","Latão","Ouro",,"Domingos Martins","São Paulo do Aracê, Entorno do Parque Estadual da Pedra Azul"
"PARQUE ESTADUAL PEDRA AZUL","Angiosperms","Anemiaceae","Anemia",,"Sw.","ANEMIACEAE Anemia Sw.","126469","splink","BHCB","Salino, A.","14193","Native","2008",,"0-0-0","Latão","Ouro",,"Domingos Martins","São Paulo do Aracê, Entorno do Parque Estadual da Pedra Azul"
"PARQUE ESTADUAL PEDRA AZUL","Bryophytes","Anemiaceae","Anemia","villosa","Humb. & Bonpl. ex Willd.","ANEMIACEAE Anemia villosa Humb. & Bonpl. ex Willd.","BHCB01107362",,"BHCB","Salino, A.","14104","Native","2008","Salino, A.","2008","Bronze","Ouro",,"Domingos Martins","Parque Estadual da Pedra Azul. Na trilha para as piscinas naturais."
"PARQUE ESTADUAL PEDRA AZUL","Bryophytes","Anemiaceae","Anemia","villosa","Humb. & Bonpl. ex Willd.","ANEMIACEAE Anemia villosa Humb. & Bonpl. ex Willd.","126380","splink","BHCB","Salino, A.","14104","Native","2008","Salino, A.","2008","Bronze","Ouro",,"Domingos Martins","Parque Estadual da Pedra Azul, Na trilha para as piscinas naturais"
"PARQUE ESTADUAL PEDRA AZUL","Bryophytes","Anemiaceae","Anemia","villosa","Humb. & Bonpl. ex Willd.","ANEMIACEAE Anemia villosa Humb. & Bonpl. ex Willd.","MBM00431809",,"MBM","Pereira, O.J.","1338","Native","1987","Pereira, O.J.","1987","Bronze","Prata","jbrj-public.s3-sa-east-1.amazonaws.com/fsi/server?type=image&source=DZI/mbm/mbm/0/43/18/9/mbm00431809.dzi","Domingos Martins","Pedra Azul."
"PARQUE ESTADUAL PEDRA AZUL","Bryophytes","Anemiaceae","Anemia","villosa","Humb. & Bonpl. ex Willd.","ANEMIACEAE Anemia villosa Humb. & Bonpl. ex Willd.","VIES002014","splink","VIES","Pereira, O.J.","1338","Native","1987","Pereira, O.J.","1987","Bronze","Prata",,"Domingos Martins","Pedra Azul. Sobre formação rochosa ao lado da BR-262, km 89."
"PARQUE ESTADUAL PEDRA AZUL","Ferns and Lycophytes","Apocynaceae","Aspidosperma","olivaceum","Müll.Arg.","APOCYNACEAE Aspidosperma olivaceum Müll.Arg.","192720","x","UEC","Lima, H.C.","5974","Native","2002","Castello, A.C.D.","2018","Ouro","Ouro",,,"Parque Estadual da Pedra Azul. Caminho para a sede do Parque"
"PARQUE ESTADUAL PEDRA AZUL","Ferns and Lycophytes","Apocynaceae","Aspidosperma","olivaceum","Müll.Arg.","APOCYNACEAE Aspidosperma olivaceum Müll.Arg.","RB01374681","x","RB","Martinelli, G.","15728","Native","1999","Castella, A.C.D.","2023","Bronze","Ouro",,,"trilha para Pedra das Flores. campo de altitude. Parque Estadual da Pedra Azul"
"PARQUE ESTADUAL PEDRA AZUL","Angiosperms","Apocynaceae","Aspidosperma","olivaceum","Müll.Arg.","APOCYNACEAE Aspidosperma olivaceum Müll.Arg.","196617","x","UEC","Martinelli, G.","15728","Native","1999",,,"Latão","Ouro",,,"Parque Estadual da Pedra Azul. Trilha para Pedra das Flores."
"PARQUE ESTADUAL PEDRA AZUL",,"Apocynaceae","Oxypetalum","lanatum","Decne. ex E.Fourn.","APOCYNACEAE Oxypetalum lanatum Decne. ex E.Fourn.","RB00562053","x","RB","Fontana, A.P.","2205",,"2006","Silva, N.M.F.",,"Bronze","Ouro",,,"Pedra Azul, Pedra das Flores. Floresta Ombrófila Densa, Aforamento rochoso com Mata Nebular. Parque Estadual Pedra Azul"
"PARQUE ESTADUAL PEDRA AZUL","Ferns and Lycophytes","Araceae","Anthurium","boudetii","Nadruz","ARACEAE Anthurium boudetii Nadruz","RB01139039","x","RB","Tuler, A.C.","541","Native","2015","Nadruz, M.","2016","Ouro","Ouro",,,"Área do antigo Laranjal, próximo a trilha, acima do Rio. Parque Estadual de Pedra Azul"
"PARQUE ESTADUAL PEDRA AZUL","Bryophytes","Araceae","Anthurium","boudetii","Nadruz","ARACEAE Anthurium boudetii Nadruz","74803","x","HRCB","Marcusso, G.M.","1498","Native","2019","Marcusso, G.M.","2019","Bronze","Ouro",,,"propriedade particular contígua ao Parque Estadual da Pedra Azul fundo do vale, nas margens do rio."
"PARQUE ESTADUAL PEDRA AZUL","Bryophytes","Araceae","Anthurium","comtum","Schott","ARACEAE Anthurium comtum Schott","HRCB075061","splink","HRCB","Marcusso, G.M.","1600","Native","2019","Marcusso, G.M.","2019","Bronze","Ouro",,"Domingos Martins","propriedade particular contígua ao Parque Estadual da Pedra Azul fundo do vale, nas margens do rio."
"PARQUE ESTADUAL PEDRA AZUL","Bryophytes","Araceae","Anthurium","comtum","Schott","ARACEAE Anthurium comtum Schott","UNOP010864","splink","UNOP","Marcusso, G.M.","1600","Native","2019","Marcusso, G.M.","2019","Bronze","Ouro",,"Domingos Martins","propriedade particular contígua ao Parque Estadual da Pedra Azul, fundo do vale, nas margens do rio."
"PARQUE ESTADUAL PEDRA AZUL","Bryophytes","Araceae","Anthurium","comtum","Schott","ARACEAE Anthurium comtum Schott","74321","x","HRCB","Marcusso, G.M.","1335","Native","2018","Marcusso, G.M.","2019","Bronze","Ouro",,,"Propriedade particular contígua ao Parque Estadual da Pedra Azul Fundo do vale, nas margens do rio."
"PARQUE ESTADUAL PEDRA AZUL","Bryophytes","Araceae","Anthurium","comtum","Schott","ARACEAE Anthurium comtum Schott","HRCB074318","splink","HRCB","Marcusso, G.M.","1332","Native","2018","Marcusso, G.M.","2019","Bronze","Ouro",,"Domingos Martins","Propriedade particular contígua ao Parque Estadual da Pedra Azul Fundo do vale, nas margens do rio."
"PARQUE ESTADUAL PEDRA AZUL","Bryophytes","Araceae","Anthurium","comtum","Schott","ARACEAE Anthurium comtum Schott","HRCB072858","splink","HRCB","Marcusso, G.M.","1048","Native","2018","Marcusso, G.M.","2019","Bronze","Ouro",,"Domingos Martins","Propriedade particular contígua ao Parque Estadual da Pedra Azul Beira da estrada, encosta da vertente do vale e grotas úmidas nas margens do rio."
"PARQUE ESTADUAL PEDRA AZUL","Bryophytes","Araceae","Anthurium","fragae","Nadruz","ARACEAE Anthurium fragae Nadruz","45209","x","HCF","Hammes, J.K.","206","Naturalized","2019","Hammes, J.K.","2020","Bronze","Ouro",,,"Parque Estadual Pedra Azul, trilha das Piscinas Naturais"
"PARQUE ESTADUAL PEDRA AZUL","Bryophytes","Araceae","Anthurium","fragae","Nadruz","ARACEAE Anthurium fragae Nadruz","RB01467750","x","RB","Hammes, J.K.","206","Naturalized","2019","Valadares, R.T.","2020","Bronze","Ouro",,,"Parque estadual Pedra Azul, trilha das piscinas naturais"
"PARQUE ESTADUAL PEDRA AZUL","Bryophytes","Araceae","Anthurium","fragae","Nadruz","ARACEAE Anthurium fragae Nadruz","RB01467489","x","RB","Hammes, J.K.","201","Naturalized","2019","Valadares, R.T.","2020","Bronze","Ouro",,,"Parque Estadual Pedra Azul. Trilha das Piscinas Naturais"
"PARQUE ESTADUAL PEDRA AZUL","Bryophytes","Araceae","Anthurium","fragae","Nadruz","ARACEAE Anthurium fragae Nadruz","RB01467480","x","RB","Hammes, J.K.","206","Naturalized","2019","Valadares, R.T.","2020","Bronze","Ouro",,,"Parque Estadual Pedra Azul. Trilha das Piscinas Naturais"
"PARQUE ESTADUAL PEDRA AZUL","Angiosperms","Araceae","Anthurium","fragae","Nadruz","ARACEAE Anthurium fragae Nadruz","UNOP010105","splink","UNOP","Hammes, J.K.","201","Native","2019","Valadares, R.T.","2020","Bronze","Ouro",,"Domingos Martins","Floresta ombrófila. Parque Estadual Pedra Azul. Trilha das piscinas Naturais."
"PARQUE ESTADUAL PEDRA AZUL","Angiosperms","Araceae","Anthurium","microphyllum","(Raf.) G.Don","ARACEAE Anthurium microphyllum (Raf.) G.Don","VIES064788","splink","VIES","Magno, A.","344","Native","2025",,,"Latão","Ouro",,"Domingos Martins","Vegetação sobre afloramento rochoso (inselberg). Parque Estadual Pedra Azul"
"PARQUE ESTADUAL PEDRA AZUL","Bryophytes","Araceae","Anthurium","scandens","(Aubl.) Engl.","ARACEAE Anthurium scandens (Aubl.) Engl.","71827","x","HRCB","Marcusso, G.M.","862","Naturalized","2018","Marcusso, G.M.","2018","Bronze","Ouro",,,"Parque Estadual da Pedra Azul"
"PARQUE ESTADUAL PEDRA AZUL","Bryophytes","Araceae","Anthurium","scandens","(Aubl.) Engl.","ARACEAE Anthurium scandens (Aubl.) Engl.","VIES036067","splink","VIES","Valadares, R.T.","1414","Naturalized","2016","Valadares, R.T.","2016","Bronze","Ouro",,"Domingos Martins","Parque Estadual Pedra Azul. Ao longo do córrego das piscinas naturais."
"PARQUE ESTADUAL PEDRA AZUL","Bryophytes","Araceae","Anthurium","scandens","(Aubl.) Engl.","ARACEAE Anthurium scandens (Aubl.) Engl.","32333","x","VIES","Col, A.C.S.D.","215","Naturalized","2013","Lorencini, T.S.","2013","Bronze","Ouro",,,"Parque Estadual Pedra Azul."
"PARQUE ESTADUAL PEDRA AZUL","Bryophytes","Araceae","Anthurium","scandens","(Aubl.) Engl.","ARACEAE Anthurium scandens (Aubl.) Engl.","MBML024898","splink","MBML","Kollmann, L.","8019","Naturalized","2005","Kollmann, L.","2005","Bronze","Ouro",,"Domingos Martins","Parque Estadual da Pedra Azul"
"PARQUE ESTADUAL PEDRA AZUL","Bryophytes","Araceae","Anthurium","scandens","(Aubl.) Engl.","ARACEAE Anthurium scandens (Aubl.) Engl.","MBML012788","splink","MBML","Fraga, C.N.","199","Naturalized","1995","Nadruz/-Ix, M.","2002","Bronze","Ouro",,"Domingos Martins","Parque Estadual da Pedra Azul"
"PARQUE ESTADUAL PEDRA AZUL","Ferns and Lycophytes","Araceae","Anthurium",,"Schott","ARACEAE Anthurium Schott","UNOP010863","splink","UNOP","Marcusso, G.M.","1332","Native","2018","Marcusso, G.M.","2018","Bronze","Ouro",,"Domingos Martins","propriedade particular contígua ao Parque Estadual da Pedra Azul, fundo do vale, nas margens do rio."
"PARQUE ESTADUAL PEDRA AZUL","Angiosperms","Araceae","Anthurium",,"Schott","ARACEAE Anthurium Schott","UNOP010865","splink","UNOP","Marcusso, G.M.","1048","Native","2018","Marcusso, G.M.","2018","Bronze","Ouro",,"Domingos Martins","propriedade particular contígua ao Parque Estadual da Pedra Azul, beira de estrada, encosta da vertente do vale e grotas úmidas nas margens do rio."
"PARQUE ESTADUAL PEDRA AZUL","Angiosperms","Araceae","Anthurium",,"Schott","ARACEAE Anthurium Schott","UNOP010881","splink","UNOP","Marcusso, G.M.","1356","Native","2018","Marcusso, G.M.","2018","Bronze","Ouro",,"Domingos Martins","Trilha das piscinas naturais até próximo da base da pedra das flores, pela calha do rio. Parque Estadual da Pedra Azul"
"PARQUE ESTADUAL PEDRA AZUL","Angiosperms","Araceae","Anthurium",,"Schott","ARACEAE Anthurium Schott","RB01407395","x","RB","Silva, L.E.F.","50","Unknown","2016","Silva, L.E.F.","2016","Bronze","Ouro",,,"Próximo ao Parque Estadual da Pedra Azul."
"PARQUE ESTADUAL PEDRA AZUL","Angiosperms","Araceae","Anthurium",,"Schott","ARACEAE Anthurium Schott","MBML056064","splink","MBML","Zorzanelli, J.P.F.","2333","Native","2021",,,"Latão","Ouro",,"Domingos Martins","Zona de amortecimento do Parque Estadual Pedra Azul. Propriedade da Pousada Pedra Azul."
"PARQUE ESTADUAL PEDRA AZUL","Angiosperms","Araceae","Philodendron","appendiculatum","Nadruz & Mayo","ARACEAE Philodendron appendiculatum Nadruz & Mayo","VIES064040","splink","VIES","Magno, A.","347","Native","2024",,,"Latão","Ouro",,"Domingos Martins","Pedra Azul. Parque Estadual Pedra Azul"
"PARQUE ESTADUAL PEDRA AZUL","Angiosperms","Araceae","Philodendron","appendiculatum","Nadruz & Mayo","ARACEAE Philodendron appendiculatum Nadruz & Mayo","71847","x","HRCB","Marcusso, G.M.","884","Native","2018",,,"Latão","Ouro",,,"Parque Estadual da Pedra Azul"
"PARQUE ESTADUAL PEDRA AZUL","Angiosperms","Araceae","Philodendron","appendiculatum","Nadruz & Mayo","ARACEAE Philodendron appendiculatum Nadruz & Mayo","MBML052359","splink","MBML","Cardoso, W.","0","Native","2016",,,"Latão","Ouro",,"Domingos Martins","Parque Estadual Pedra Azul. Floresta Ombrófila Densa, mata ciliar do córrego das piscinas naturais"
"PARQUE ESTADUAL PEDRA AZUL","Angiosperms","Araceae","Philodendron","appendiculatum","Nadruz & Mayo","ARACEAE Philodendron appendiculatum Nadruz & Mayo","RB01331986","x","RB","Cardoso, W.","s/n","Native","2016",,,"Latão","Ouro",,,"Parque Estadual Pedra Azul. Floresta Ombrófila Densa, mata ciliar do córrego das piscinas naturais."
"PARQUE ESTADUAL PEDRA AZUL","Angiosperms","Araceae","Philodendron","appendiculatum","Nadruz & Mayo","ARACEAE Philodendron appendiculatum Nadruz & Mayo","RB01331986","x","Rio de Janeiro Botanical Garden Herbarium","Cardoso, W.C.","s.n.","Native","2016",,,"Latão","Ouro",,,"Parque Estadual Pedra Azul. Floresta Ombrófila Densa, mata ciliar do córrego das piscinas naturais."
"PARQUE ESTADUAL PEDRA AZUL","Bryophytes","Araceae","Philodendron","cordatum","Kunth ex Schott","ARACEAE Philodendron cordatum Kunth ex Schott","RB01453685","x","RB","Marcusso, G.M.","1359","Native","2018","Nadruz, M.","2018","Ouro","Ouro",,,"Parque Estadual da Pedra Azul, trilha Das piscinas naturais, até próximo da base da pedra das flores, pela calha do rio."
"PARQUE ESTADUAL PEDRA AZUL","Bryophytes","Araceae","Philodendron","cordatum","Kunth ex Schott","ARACEAE Philodendron cordatum Kunth ex Schott","UNOP010878","splink","UNOP","Marcusso, G.M.","1359","Native","2018","Nadruz, M.","2018","Ouro","Ouro",,"Domingos Martins","trilha das piscinas naturais até próximo da base da pedra das flores, pela calha do rio. Parque Estadual da Pedra Azul"
"PARQUE ESTADUAL PEDRA AZUL","Angiosperms","Araceae","Philodendron","edmundoi","G.M.Barroso","ARACEAE Philodendron edmundoi G.M.Barroso","74779","x","HRCB","Marcusso, G.M.","1474","Native","2019","Marcusso, G.M.","2018","Bronze","Ouro",,,"Parque Estadual da Pedra Azul Trilha das piscinas naturais até próximo da base da pedra das flores, pela calha do rio."
"PARQUE ESTADUAL PEDRA AZUL","Angiosperms","Araceae","Philodendron","edmundoi","G.M.Barroso","ARACEAE Philodendron edmundoi G.M.Barroso","VIES064047","splink","VIES","Magno, A.","354","Naturalized","2024",,,"Latão","Ouro",,"Domingos Martins","Pedra Azul. Parque Estadual Pedra Azul"
"PARQUE ESTADUAL PEDRA AZUL","Angiosperms","Araceae","Philodendron","hatschbachii","Nadruz & Mayo","ARACEAE Philodendron hatschbachii Nadruz & Mayo","UNOP010879","splink","UNOP","Marcusso, G.M.","1695","Native","2019","Marcusso, G.M.","2019","Bronze","Ouro",,"Domingos Martins","Propriedade do Gilson, adjacente ao Parque Estadual da Pedra Azul. Inicio da estrada que atravessa o vale do rio."
"PARQUE ESTADUAL PEDRA AZUL","Angiosperms","Araceae","Philodendron","hatschbachii","Nadruz & Mayo","ARACEAE Philodendron hatschbachii Nadruz & Mayo","75198","x","HRCB","Marcusso, G.M.","1695","Native","2019","Marcusso, G.M.","2019","Bronze","Ouro",,,"Propriedade do Gilson, adjacente ao Parque Estadual da Pedra Azul Inicio da estrada que atravessa o vale do rio"
"PARQUE ESTADUAL PEDRA AZUL","Angiosperms","Araceae","Philodendron","propinquum","Schott","ARACEAE Philodendron propinquum Schott","UNOP010880","splink","UNOP","Marcusso, G.M.","1044","Native","2018","Marcusso, G.M.","2018","Bronze","Ouro",,"Domingos Martins","Proprieda particular contígua ao Parque Estadual da Pedra Azul, Beira da estrada, encosta da vertente do vale e grotas úmidas nas margens do rio."
"PARQUE ESTADUAL PEDRA AZUL","Angiosperms","Araceae","Philodendron","propinquum","Schott","ARACEAE Philodendron propinquum Schott","HRCB072854","splink","HRCB","Marcusso, G.M.","1044","Native","2018","Marcusso, G.M.","2018","Bronze","Ouro",,"Domingos Martins","Propriedade particular contígua ao Parque Estadual da Pedra Azul Beira da estrada, encosta da vertente do vale e grotas úmidas nas margens do rio."
"PARQUE ESTADUAL PEDRA AZUL","Angiosperms","Arecaceae","Geonoma",,"Willd.","ARECACEAE Geonoma Willd.","76780","x","HRCB","Marcusso, G.M.","1859","Native","2020",,,"Latão","Ouro",,,"Parque Estadual da Pedra Azul Trilha nova para as piscinas naturais, até a base da pedra das flores"
"PARQUE ESTADUAL PEDRA AZUL","Angiosperms","Arecaceae","Geonoma",,"Willd.","ARECACEAE Geonoma Willd.","RB00562044","x","RB","Fontana, A.P.","2196","Native","2006",,,"Latão","Ouro",,,"Pedra Azul, trilha das piscinas. Floresta Ombrófila Densa, Aforamento rochoso com Mata Nebular. Parque Estadual Pedra Azul"
"PARQUE ESTADUAL PEDRA AZUL","Angiosperms","Aspleniaceae","Asplenium","auriculatum","Sw.","ASPLENIACEAE Asplenium auriculatum Sw.","72820","x","HRCB","Marcusso, G.M.","1010","Native","2018","Marcusso, G.M.","2018","Bronze","Ouro",,,"Parque Estadual da Pedra Azul Trilha das piscinas naturais até próximo da base da pedra azul, pela calha do rio."
"PARQUE ESTADUAL PEDRA AZUL",,"Aspleniaceae","Asplenium","auriculatum","Sw.","ASPLENIACEAE Asplenium auriculatum Sw.","BHCB01115316",,"BHCB","Salino, A.","14157",,"2008","Salino, A.","2008","Bronze","Ouro",,"Domingos Martins","São Paulo do Aracê. Entorno do Parque Estadual da Pedra Azul."
"PARQUE ESTADUAL PEDRA AZUL","Bryophytes","Aspleniaceae","Asplenium","auriculatum","Sw.","ASPLENIACEAE Asplenium auriculatum Sw.","126433","x","BHCB","Salino, A.","14157","Native","2008","Salino, A.","2008","Bronze","Ouro",,,"São Paulo do Aracê, Entorno do Parque Estadual da Pedra Azul"
"PARQUE ESTADUAL PEDRA AZUL","Angiosperms","Aspleniaceae","Asplenium","auriculatum","Sw.","ASPLENIACEAE Asplenium auriculatum Sw.","P00846448","x","P","Salino, A.","14157","Native","2008",,"2012","Latão","Ouro",,,"São Paulo do Aracê. Entorno do Parque Estadual da Pedra Azul"
"PARQUE ESTADUAL PEDRA AZUL","Angiosperms","Aspleniaceae","Asplenium","auritum","Sw.","ASPLENIACEAE Asplenium auritum Sw.","126399","splink","BHCB","Salino, A.","14123","Native","2008","Salino, A.","2008","Bronze","Ouro",,"Domingos Martins","Parque Estadual da Pedra Azul, Na trilha para as piscinas naturais"
"PARQUE ESTADUAL PEDRA AZUL","Angiosperms","Aspleniaceae","Asplenium","auritum","Sw.","ASPLENIACEAE Asplenium auritum Sw.","BHCB064723","splink","BHCB","Kollmann, L.","8003","Native","2005","Salino, A.","2007","Bronze","Ouro",,"Domingos Martins","Parque Estadual da Pedra Azul, Trilha das Piscinas"
"PARQUE ESTADUAL PEDRA AZUL","Angiosperms","Aspleniaceae","Asplenium","auritum","Sw.","ASPLENIACEAE Asplenium auritum Sw.","MBML024918","splink","MBML","Kollmann, L.","8003","Native","2005","Mynssen, C.","2005","Bronze","Ouro",,"Domingos Martins","Parque Estadual da Pedra Azul"
"PARQUE ESTADUAL PEDRA AZUL","Angiosperms","Aspleniaceae","Asplenium","claussenii","Hieron.","ASPLENIACEAE Asplenium claussenii Hieron.","P00846447","x","P","Salino, A.","14153","Native","2008","Salino, A.",,"Bronze","Ouro",,,"São Paulo do Aracê. Entorno do Parque Estadual da Pedra Azul"
"PARQUE ESTADUAL PEDRA AZUL","Angiosperms","Aspleniaceae","Asplenium","claussenii","Hieron.","ASPLENIACEAE Asplenium claussenii Hieron.","BHCB01115437",,"BHCB","Salino, A.","14153","Native","2008","Salino, A.","2008","Bronze","Ouro",,"Domingos Martins","São Paulo do Aracê. Entorno do Parque Estadual da Pedra Azul."
"PARQUE ESTADUAL PEDRA AZUL","Angiosperms","Aspleniaceae","Asplenium","claussenii","Hieron.","ASPLENIACEAE Asplenium claussenii Hieron.","126429","x","BHCB","Salino, A.","14153","Native","2008","Salino, A.","2008","Bronze","Ouro",,,"São Paulo do Aracê, Entorno do Parque Estadual da Pedra Azul"
"PARQUE ESTADUAL PEDRA AZUL","Bryophytes","Aspleniaceae","Asplenium","feei","Kunze ex Fée","ASPLENIACEAE Asplenium feei Kunze ex Fée","HRCB072804","splink","HRCB","Marcusso, G.M.","994","Native","2018","Marcusso, G.M.","2018","Bronze","Ouro",,"Domingos Martins","Parque Estadual da Pedra Azul Trilha das piscinas naturais até próximo da base da pedra azul, pela calha do rio."
"PARQUE ESTADUAL PEDRA AZUL","Angiosperms","Aspleniaceae","Asplenium","feei","Kunze ex Fée","ASPLENIACEAE Asplenium feei Kunze ex Fée","MBML024926","splink","MBML","Kollmann, L.","8008","Native","2005","Salino, A.","2006","Bronze","Ouro",,"Domingos Martins","Parque Estadual da Pedra Azul"
"PARQUE ESTADUAL PEDRA AZUL","Bryophytes","Aspleniaceae","Asplenium","inaequilaterale","Willd.","ASPLENIACEAE Asplenium inaequilaterale Willd.","126447","splink","BHCB","Salino, A.","14171","Native","2008","Salino, A.","2008","Bronze","Ouro",,"Domingos Martins","São Paulo do Aracê, Entorno do Parque Estadual da Pedra Azul"
"PARQUE ESTADUAL PEDRA AZUL","Ferns and Lycophytes","Aspleniaceae","Asplenium","incurvatum","Fée","ASPLENIACEAE Asplenium incurvatum Fée","MBML013108","splink","MBML","Fraga, C.N.","193","Native","1995","Sylvestre, L.","2002","Bronze","Prata",,"Domingos Martins","Pedra Azul"
"PARQUE ESTADUAL PEDRA AZUL","Angiosperms","Aspleniaceae","Asplenium",,"L.","ASPLENIACEAE Asplenium L.","MBML056063","splink","MBML","Zorzanelli, J.P.F.","2332","Native","2021",,,"Latão","Ouro",,"Domingos Martins","Zona de amortecimento do Parque Estadual Pedra Azul. Propriedade da Pousada Pedra Azul."
"PARQUE ESTADUAL PEDRA AZUL","Angiosperms","Aspleniaceae","Asplenium",,"L.","ASPLENIACEAE Asplenium L.","75050","x","HRCB","Marcusso, G.M.","1589","Native","2019",,,"Latão","Ouro",,,"Parque Estadual da Pedra Azul Trilha nova para as piscinas naturais, até a base da pedra das flores"
"PARQUE ESTADUAL PEDRA AZUL","Ferns and Lycophytes","Aspleniaceae","Asplenium","mourai","Hieron.","ASPLENIACEAE Asplenium mourai Hieron.","BHCB01127106",,"BHCB","Moura, I.O.","164","Native","2016","Salino, A.","2016","Bronze","Ouro",,,"Em torno do Parque Estadual da Pedra Azul. Floresta Ombrófila Densa."
"PARQUE ESTADUAL PEDRA AZUL","Angiosperms","Aspleniaceae","Asplenium","praemorsum","Sw.","ASPLENIACEAE Asplenium praemorsum Sw.","72814","x","HRCB","Marcusso, G.M.","1004","Native","2018","Marcusso, G.M.","2018","Bronze","Ouro",,,"Parque Estadual da Pedra Azul Trilha das piscinas naturais até próximo da base da pedra azul, pela calha do rio."
"PARQUE ESTADUAL PEDRA AZUL","Angiosperms","Aspleniaceae","Asplenium","praemorsum","Sw.","ASPLENIACEAE Asplenium praemorsum Sw.","71816","x","HRCB","Marcusso, G.M.","850","Native","2018","Marcusso, G.M.","2018","Bronze","Ouro",,,"Parque Estadual da Pedra Azul"
"PARQUE ESTADUAL PEDRA AZUL","Angiosperms","Aspleniaceae","Asplenium","praemorsum","Sw.","ASPLENIACEAE Asplenium praemorsum Sw.","72899","x","HRCB","Marcusso, G.M.","1090","Native","2018","Marcusso, G.M.","2018","Bronze","Ouro",,,"Parque Estadual da Pedra Azul Próximo à antiga casa de pesquisa."
"PARQUE ESTADUAL PEDRA AZUL","Bryophytes","Aspleniaceae","Asplenium","praemorsum","Sw.","ASPLENIACEAE Asplenium praemorsum Sw.","HUCS000455","splink","HUCS","Gonzatti, F.","2762","Native","2016","Gonzatti, F.","2016","Bronze","Ouro",,"Domingos Martins","Parque Estadual da Pedra Azul, Pousada"
"PARQUE ESTADUAL PEDRA AZUL","Ferns and Lycophytes","Aspleniaceae","Asplenium","praemorsum","Sw.","ASPLENIACEAE Asplenium praemorsum Sw.","BHCB01115694",,"BHCB","Salino, A.","14122","Native","2008","Salino, A.","2008","Bronze","Ouro",,"Domingos Martins","Parque Estadual da Pedra Azul. Na trilha para as piscinas naturais."
"PARQUE ESTADUAL PEDRA AZUL","Bryophytes","Aspleniaceae","Asplenium","serra","Langsd. & Fisch.","ASPLENIACEAE Asplenium serra Langsd. & Fisch.","72863","x","HRCB","Marcusso, G.M.","1053","Native","2018","Marcusso, G.M.","2018","Bronze","Ouro",,,"Propriedade particular contígua ao Parque Estadual da Pedra Azul Beira da estrada, encosta da vertente do vale e grotas úmidas nas margens do rio."
"PARQUE ESTADUAL PEDRA AZUL","Angiosperms","Aspleniaceae","Asplenium","serra","Langsd. & Fisch.","ASPLENIACEAE Asplenium serra Langsd. & Fisch.","BHCB01115811",,"BHCB","Salino, A.","14148","Native","2008","Salino, A.","2008","Bronze","Ouro",,"Domingos Martins","São Paulo do Aracê. Entorno do Parque Estadual da Pedra Azul."
"PARQUE ESTADUAL PEDRA AZUL","Angiosperms","Aspleniaceae","Asplenium","serra","Langsd. & Fisch.","ASPLENIACEAE Asplenium serra Langsd. & Fisch.","126424","splink","BHCB","Salino, A.","14148","Native","2008","Salino, A.","2008","Bronze","Ouro",,"Domingos Martins","São Paulo do Aracê, Entorno do Parque Estadual da Pedra Azul"
"PARQUE ESTADUAL PEDRA AZUL","Angiosperms","Aspleniaceae","Asplenium","serra","Langsd. & Fisch.","ASPLENIACEAE Asplenium serra Langsd. & Fisch.","P00784028","x","P","Salino, A.","14148","Native","2008",,"2012","Latão","Ouro",,,"São Paulo do Aracê. Entorno do Parque Estadual Pedra Azul"
"PARQUE ESTADUAL PEDRA AZUL","Angiosperms","Aspleniaceae","Asplenium","theciferum","(Kunth) Mett.","ASPLENIACEAE Asplenium theciferum (Kunth) Mett.","74806","x","HRCB","Marcusso, G.M.","1501","Native","2019","Marcusso, G.M.","2019","Bronze","Ouro",,,"propriedade particular contígua ao Parque Estadual da Pedra Azul fundo do vale, nas margens do rio."
"PARQUE ESTADUAL PEDRA AZUL","Ferns and Lycophytes","Aspleniaceae","Hymenasplenium","triquetrum","(N. Murak. & R.C. Moran) L. Regalado & Prada","ASPLENIACEAE Hymenasplenium triquetrum (N. Murak. & R.C. Moran) L. Regalado & Prada","126459","splink","BHCB","Salino, A.","14183","Native","2008","Salino, A.","2008","Bronze","Ouro",,"Domingos Martins","São Paulo do Aracê, Entorno do Parque Estadual da Pedra Azul"
"PARQUE ESTADUAL PEDRA AZUL","Angiosperms","Asteraceae",,,"Bercht. & J.Presl","ASTERACEAE Asteraceae Bercht. & J.Presl","HUENF00017153",,"HUENF","Giraldo, M.A.B.","26","Native","2026",,,"Latão","Ouro",,"Domingos Martins","Parque Estadual Pedra Azul."
"PARQUE ESTADUAL PEDRA AZUL","Angiosperms","Asteraceae",,,"Bercht. & J.Presl","ASTERACEAE Asteraceae Bercht. & J.Presl","HUFU00046886","x","HUFU","Cardoso, W.C.","282","Native","2014",,,"Latão","Ouro",,,"Parque Estadual Pedra Azul; Trilha das Piscinas."
"PARQUE ESTADUAL PEDRA AZUL","Angiosperms","Asteraceae","Baccharis","platypoda","DC.","ASTERACEAE Baccharis platypoda DC.","RB00562067","x","Rio de Janeiro Botanical Garden Herbarium","Fontana, A.P.","2220","Native","2006","Heiden, G.",,"Ouro","Ouro",,,"Pedra Azul, Pedra das Flores, cume. Floresta Ombrófila Densa, Aforamento rochoso com Mata Nebular. Parque Estadual Pedra Azul"
"PARQUE ESTADUAL PEDRA AZUL","Angiosperms","Asteraceae","Baccharis","platypoda","DC.","ASTERACEAE Baccharis platypoda DC.","RB00562067","x","RB","Fontana, A.P.","2220","Native","2006","Heiden, G.","2011","Ouro","Ouro",,,"Pedra Azul, Pedra das Flores, cume. Floresta Ombrófila Densa, Aforamento rochoso com Mata Nebular. Parque Estadual Pedra Azul"
"PARQUE ESTADUAL PEDRA AZUL","Angiosperms","Asteraceae","Baccharis","platypoda","DC.","ASTERACEAE Baccharis platypoda DC.","40375","splink","BHCB","Vasconcelos, M.F.","s.n.","Native","1998","Nakajima, J.N.","2002","Ouro","Ouro",,"Domingos Martins","Parque Estadual de Pedra Azul, Pedra das Flores."
"PARQUE ESTADUAL PEDRA AZUL","Bryophytes","Asteraceae","Baccharis","platypoda","DC.","ASTERACEAE Baccharis platypoda DC.","HUENF00017149","splink","HUENF","Giraldo, M.A.B.","22","Native","2026","Pereira, R.S.","2026","Bronze","Ouro",,"Domingos Martins","Parque Estadual Pedra Azul."
"PARQUE ESTADUAL PEDRA AZUL","Bryophytes","Asteraceae","Baccharis","platypoda","DC.","ASTERACEAE Baccharis platypoda DC.","HUENF00017149",,"HUENF","Giraldo, M.A.B.","22","Native","2026","Pereira, R.S.","2026","Bronze","Ouro",,"Domingos Martins","Parque Estadual Pedra Azul."
"PARQUE ESTADUAL PEDRA AZUL","Angiosperms","Asteraceae","Cyrtocymura","scorpioides","(Lam.) H.Rob.","ASTERACEAE Cyrtocymura scorpioides (Lam.) H.Rob.","HUENF00017152",,"HUENF","Giraldo, M.A.B.","25","Native","2026","Pereira, R.S.","2026","Bronze","Ouro",,"Domingos Martins","Parque Estadual Pedra Azul."
"PARQUE ESTADUAL PEDRA AZUL","Angiosperms","Asteraceae","Cyrtocymura","scorpioides","(Lam.) H.Rob.","ASTERACEAE Cyrtocymura scorpioides (Lam.) H.Rob.","MBML056056","splink","MBML","Zorzanelli, J.P.F.","2325","Native","2021","Zorzanelli, J.P.F.","2021","Bronze","Ouro",,"Domingos Martins","Zona de amortecimento do Parque Estadual Pedra Azul. Propriedade da Pousada Pedra Azul."
"PARQUE ESTADUAL PEDRA AZUL","Angiosperms","Asteraceae","Lepidaploa","macahensis","(Glaz. ex G.M.Barroso) H.Rob.","ASTERACEAE Lepidaploa macahensis (Glaz. ex G.M.Barroso) H.Rob.","HUFU00046888","x","HUFU","Cardoso, W.C.","281","Native","2014","Nakajima, J.N.",,"Ouro","Ouro",,,"Parque Estadual Pedra Azul; Trilha das Piscinas."
"PARQUE ESTADUAL PEDRA AZUL","Angiosperms","Asteraceae","Lepidaploa","macahensis","(Glaz. ex G.M.Barroso) H.Rob.","ASTERACEAE Lepidaploa macahensis (Glaz. ex G.M.Barroso) H.Rob.","HUFU00046887","x","HUFU","Cardoso, W.C.","280","Native","2014","Nakajima, J.N.",,"Ouro","Ouro",,,"Parque Estadual Pedra Azul; Trilha das Piscinas."
"PARQUE ESTADUAL PEDRA AZUL",,"Asteraceae","Lepidaploa","macahensis","(Glaz. ex G.M.Barroso) H.Rob.","ASTERACEAE Lepidaploa macahensis (Glaz. ex G.M.Barroso) H.Rob.","68833","x","HUFU","Cardoso, W.C.","282",,"2014","Nakajima, J.N.","2022","Ouro","Ouro",,,"Parque Estadual Pedra Azul, Trilha das Piscinas."
"PARQUE ESTADUAL PEDRA AZUL",,"Asteraceae","Lepidaploa","macahensis","(Glaz. ex G.M.Barroso) H.Rob.","ASTERACEAE Lepidaploa macahensis (Glaz. ex G.M.Barroso) H.Rob.","VIES035365","splink","VIES","Cardoso, W.C.","280",,"2014","Nakajima, J.N.","2014","Ouro","Ouro",,"Domingos Martins","Parque Estadual Pedra Azul."
"PARQUE ESTADUAL PEDRA AZUL",,"Asteraceae","Lepidaploa","macahensis","(Glaz. ex G.M.Barroso) H.Rob.","ASTERACEAE Lepidaploa macahensis (Glaz. ex G.M.Barroso) H.Rob.","VIES035366","splink","VIES","Cardoso, W.C.","281",,"2014","Nakajima, J.N.","2014","Ouro","Ouro",,"Domingos Martins","Parque Estadual Pedra Azul."
"PARQUE ESTADUAL PEDRA AZUL","Angiosperms","Asteraceae","Lepidaploa","muricata","(DC.) H.Rob.","ASTERACEAE Lepidaploa muricata (DC.) H.Rob.","HUFU00046889","splink","HUFU","Cardoso, W.C.","283","Native","2014","Nakajima, J.N.","2022","Ouro","Ouro",,"Domingos Martins","Parque Estadual Pedra Azul, Trilha das Piscinas."
"PARQUE ESTADUAL PEDRA AZUL","Angiosperms","Asteraceae","Lepidaploa","muricata","(DC.) H.Rob.","ASTERACEAE Lepidaploa muricata (DC.) H.Rob.","194015","x","UEC","Cardoso, W.C.","281","Native","2014","Nakajima, J.N.","2014","Ouro","Ouro",,,"Parque Estadual Pedra Azul. Trilha das Piscinas."
"PARQUE ESTADUAL PEDRA AZUL","Bryophytes","Asteraceae","Lepidaploa","muricata","(DC.) H.Rob.","ASTERACEAE Lepidaploa muricata (DC.) H.Rob.","UEC167979","splink","UEC","Cardoso, W.C.","283","Native","2014","Nakajima, J.N.","2014","Ouro","Ouro",,"Domingos Martins","Parque Estadual Pedra Azul. Trilha das Piscinas."
"PARQUE ESTADUAL PEDRA AZUL","Angiosperms","Asteraceae","Vernonia",,"Schreb.","ASTERACEAE Vernonia Schreb.","HUENF00017151",,"HUENF","Giraldo, M.A.B.","24","Native","2026",,,"Latão","Ouro",,"Domingos Martins","Parque Estadual Pedra Azul."
"PARQUE ESTADUAL PEDRA AZUL","Angiosperms","Athyriaceae","Deparia","petersenii","(Kunze) M.Kato","ATHYRIACEAE Deparia petersenii (Kunze) M.Kato","126412","splink","BHCB","Salino, A.","14136","Native","2008","Salino, A.","2008","Bronze","Ouro",,"Domingos Martins","São Paulo do Aracê, Entorno do Parque Estadual da Pedra Azul"
"PARQUE ESTADUAL PEDRA AZUL","Angiosperms","Athyriaceae","Diplazium","cristatum","(Desr.) Alston","ATHYRIACEAE Diplazium cristatum (Desr.) Alston","126457","splink","BHCB","Salino, A.","14181","Native","2008","Salino, A.","2008","Bronze","Ouro",,"Domingos Martins","São Paulo do Aracê, Entorno do Parque Estadual da Pedra Azul"
"PARQUE ESTADUAL PEDRA AZUL","Angiosperms","Athyriaceae","Diplazium","lindbergii","(Mett.) Christ","ATHYRIACEAE Diplazium lindbergii (Mett.) Christ","126423","splink","BHCB","Salino, A.","14147","Native","2008","Salino, A.","2008","Bronze","Ouro",,"Domingos Martins","São Paulo do Aracê, Entorno do Parque Estadual da Pedra Azul"
"PARQUE ESTADUAL PEDRA AZUL","Angiosperms","Athyriaceae","Diplazium","turgidum","Rosenst.","ATHYRIACEAE Diplazium turgidum Rosenst.","126448","splink","BHCB","Salino, A.","14172","Native","2008","Almeida, T.E.","2010","Bronze","Ouro",,"Domingos Martins","São Paulo do Aracê, Entorno do Parque Estadual da Pedra Azul"
"PARQUE ESTADUAL PEDRA AZUL","Ferns and Lycophytes","Bartramiaceae","Breutelia","tomentosa","(Sw. ex Brid.) A. Jaeger","BARTRAMIACEAE Breutelia tomentosa (Sw. ex Brid.) A. Jaeger","VIES002071","splink","VIES","Pereira, O.J.","1344","Native","1987",,,"Latão","Prata",,"Domingos Martins","Pedra Azul. BR 262 - Km 89."
"PARQUE ESTADUAL PEDRA AZUL",,"Bartramiaceae","Leiomela","bartramioides","(Hook.) Paris","BARTRAMIACEAE Leiomela bartramioides (Hook.) Paris","171042","x","HUEFS","Penha, L.T.","821",,"2010","Penha, L.T.","2010","Bronze","Ouro",,,"Parque Estadual Pedra Azul-Trilha São Paulino do Aracê."
"PARQUE ESTADUAL PEDRA AZUL","Angiosperms","Bartramiaceae","Leiomela","bartramioides","(Hook.) Paris","BARTRAMIACEAE Leiomela bartramioides (Hook.) Paris","96556","x","ALCB","Penha, L.T.","s/n",,"2010",,,"Latão","Ouro",,,"Parque Estadual Pedra Azul, Trilha São Paulino do Aracê"
"PARQUE ESTADUAL PEDRA AZUL",,"Bartramiaceae","Leiomela","bartramioides","(Hook.) Paris","BARTRAMIACEAE Leiomela bartramioides (Hook.) Paris","96566","x","ALCB","Penha, L.T.","s/n",,"2010",,,"Latão","Ouro",,,"Parque Estadual Pedra Azul, Trilha São Paulino do Aracê"
"PARQUE ESTADUAL PEDRA AZUL","Bryophytes","Begoniaceae","Begonia","albidula","Brade","BEGONIACEAE Begonia albidula Brade","HUEFS0295478","splink","HUEFS","Couto, D.R.","7628","Native","2023","Couto, D.R.","2023","Bronze","Ouro",,"Domingos Martins","Pedra Azul. Vegetação de inselberg. Na trilha para as piscinas. Maciço da Pedra Azul. Parque Estadual da Pedra Azul."
"PARQUE ESTADUAL PEDRA AZUL","Angiosperms","Begoniaceae","Begonia","albidula","Brade","BEGONIACEAE Begonia albidula Brade","VIES064045","splink","VIES","Magno, A.","352","Native","2024",,,"Latão","Ouro",,"Domingos Martins","Pedra Azul. Parque Estadual Pedra Azul"
"PARQUE ESTADUAL PEDRA AZUL","Ferns and Lycophytes","Begoniaceae","Begonia","albidula","Brade","BEGONIACEAE Begonia albidula Brade","63635","splink","CEPEC","Hatschbach, G.","60096","Native","1993","Jacques, E.L.",,"Ouro","Prata",,"Domingos Martins","Pedra Azul."
"PARQUE ESTADUAL PEDRA AZUL","Ferns and Lycophytes","Begoniaceae","Begonia","albidula","Brade","BEGONIACEAE Begonia albidula Brade","VIES002001","splink","VIES","Pereira, O.J.","1329","Native","1987","Jacques, E.L.","1991","Ouro","Prata",,"Domingos Martins","Pedra Azul."
"PARQUE ESTADUAL PEDRA AZUL","Ferns and Lycophytes","Begoniaceae","Begonia","albidula","Brade","BEGONIACEAE Begonia albidula Brade","69192","splink","CEPEC","Hatschbach, G.","46895","Native","1983","Jacques, E.L.",,"Ouro","Prata",,"Domingos Martins","Pedra Azul."
"PARQUE ESTADUAL PEDRA AZUL","Bryophytes","Begoniaceae","Begonia","curtii","L.B.Sm. & B.G.Schub.","BEGONIACEAE Begonia curtii L.B.Sm. & B.G.Schub.","117466","x","ESA","Delfini, C.","48","Unknown","2008","Delfini, C.","2008","Bronze","Ouro",,,"Estrada para o Parque Estadual da Pedra Azul. Pousada Peterle, em cultivo."
"PARQUE ESTADUAL PEDRA AZUL","Bryophytes","Blechnaceae","Blechnum","austrobrasilianum","de la Sota","BLECHNACEAE Blechnum austrobrasilianum de la Sota","P00846441","x","PC","Salino, A.","14125","Native","2008",,"2012","Ouro","Ouro",,,"Parque Estadual da Pedra Azul; Na trilha para as piscinas naturais."
"PARQUE ESTADUAL PEDRA AZUL","Bryophytes","Blechnaceae","Blechnum","austrobrasilianum","de la Sota","BLECHNACEAE Blechnum austrobrasilianum de la Sota","P00846441","x","P","Salino, A.","14125","Native","2008",,"2012","Ouro","Ouro",,,"Parque Estadual da Pedra Azul; Na trilha para as piscinas naturais."
"PARQUE ESTADUAL PEDRA AZUL","Ferns and Lycophytes","Blechnaceae","Blechnum","austrobrasilianum","de la Sota","BLECHNACEAE Blechnum austrobrasilianum de la Sota","BHCB01120461",,"BHCB","Salino, A.","14125","Native","2008","Salino, A.","2008","Ouro","Ouro",,"Domingos Martins","Parque Estadual da Pedra Azul. Na trilha para as piscinas naturais."
"PARQUE ESTADUAL PEDRA AZUL","Ferns and Lycophytes","Blechnaceae","Blechnum","austrobrasilianum","de la Sota","BLECHNACEAE Blechnum austrobrasilianum de la Sota","126401","splink","BHCB","Salino, A.","14125","Native","2008","Salino, A.","2008","Ouro","Ouro",,"Domingos Martins","Parque Estadual da Pedra Azul, Na trilha para as piscinas naturais"
"PARQUE ESTADUAL PEDRA AZUL","Bryophytes","Blechnaceae","Blechnum","occidentale","L.","BLECHNACEAE Blechnum occidentale L.","126385","splink","BHCB","Salino, A.","14109","Native","2008","Salino, A.","2008","Ouro","Ouro",,"Domingos Martins","Parque Estadual da Pedra Azul, Na trilha para as piscinas naturais"
"PARQUE ESTADUAL PEDRA AZUL","Angiosperms","Blechnaceae","Blechnum","polypodioides","Raddi","BLECHNACEAE Blechnum polypodioides Raddi","P00784026","x","P","Salino, A.","14100","Native","2008",,"2012","Ouro","Ouro",,,"Parque Estadual da Pedra Azul; Na trilha para as piscinas naturais."
"PARQUE ESTADUAL PEDRA AZUL","Angiosperms","Blechnaceae","Blechnum","polypodioides","Raddi","BLECHNACEAE Blechnum polypodioides Raddi","BHCB01120866",,"BHCB","Salino, A.","14100","Native","2008","Salino, A.","2008","Ouro","Ouro",,"Domingos Martins","Parque Estadual da Pedra Azul. Na trilha para as piscinas naturais."
"PARQUE ESTADUAL PEDRA AZUL","Angiosperms","Blechnaceae","Blechnum","polypodioides","Raddi","BLECHNACEAE Blechnum polypodioides Raddi","126376","splink","BHCB","Salino, A.","14100","Native","2008","Salino, A.","2008","Ouro","Ouro",,"Domingos Martins","Parque Estadual da Pedra Azul, Na trilha para as piscinas naturais"
"PARQUE ESTADUAL PEDRA AZUL","Angiosperms","Blechnaceae","Lomaridium","plumieri","(Desv.) C. Presl","BLECHNACEAE Lomaridium plumieri (Desv.) C. Presl","BHCB01120484",,"BHCB","Salino, A.","14144","Native","2008","Salino, A.","2008","Ouro","Ouro",,"Domingos Martins","São Paulo do Aracê. Entorno do Parque Estadual da Pedra Azul."
"PARQUE ESTADUAL PEDRA AZUL","Angiosperms","Blechnaceae","Lomaridium","plumieri","(Desv.) C. Presl","BLECHNACEAE Lomaridium plumieri (Desv.) C. Presl","126420","splink","BHCB","Salino, A.","14144","Native","2008","Salino, A.","2008","Ouro","Ouro",,"Domingos Martins","São Paulo do Aracê, Entorno do Parque Estadual da Pedra Azul"
"PARQUE ESTADUAL PEDRA AZUL",,"Blechnaceae","Lomaridium","plumieri","(Desv.) C. Presl","BLECHNACEAE Lomaridium plumieri (Desv.) C. Presl","75194","x","HRCB","Marcusso, G.M.","1691",,"2019","Marcusso, G.M.","2020","Bronze","Ouro",,,"Parque Estadual da Pedra Azul Trilha nova para as piscinas naturais, até as piscinas, subindo pela calha do rio"
"PARQUE ESTADUAL PEDRA AZUL","Bryophytes","Blechnaceae","Neoblechnum","brasiliense","(Desv.) Gasper & V.A.O. Dittrich","BLECHNACEAE Neoblechnum brasiliense (Desv.) Gasper & V.A.O. Dittrich","P00784029","x","P","Salino, A.","14118","Native","2008","Dittrich, V.A.O.","2019","Ouro","Ouro",,,"Parque Estadual da Pedra Azul. Na trilha para as piscinas naturais."
"PARQUE ESTADUAL PEDRA AZUL","Bryophytes","Blechnaceae","Neoblechnum","brasiliense","(Desv.) Gasper & V.A.O. Dittrich","BLECHNACEAE Neoblechnum brasiliense (Desv.) Gasper & V.A.O. Dittrich","BHCB01120520",,"BHCB","Salino, A.","14118","Native","2008","Salino, A.","2008","Ouro","Ouro",,"Domingos Martins","Parque Estadual da Pedra Azul. Na trilha para as piscinas naturais."
"PARQUE ESTADUAL PEDRA AZUL","Bryophytes","Blechnaceae","Neoblechnum","brasiliense","(Desv.) Gasper & V.A.O. Dittrich","BLECHNACEAE Neoblechnum brasiliense (Desv.) Gasper & V.A.O. Dittrich","126394","splink","BHCB","Salino, A.","14118","Native","2008","Salino, A.","2008","Ouro","Ouro",,"Domingos Martins","Parque Estadual da Pedra Azul, Na trilha para as piscinas naturais"
"PARQUE ESTADUAL PEDRA AZUL","Bryophytes","Blechnaceae","Parablechnum","cordatum","(Desv.) Gasper & Salino","BLECHNACEAE Parablechnum cordatum (Desv.) Gasper & Salino","126466","splink","BHCB","Salino, A.","14190","Native","2008","Salino, A.","2008","Ouro","Ouro",,"Domingos Martins","São Paulo do Aracê, Entorno do Parque Estadual da Pedra Azul"
"PARQUE ESTADUAL PEDRA AZUL","Angiosperms","Brachytheciaceae","Squamidium",,"(Müll. Hal.) Broth.","BRACHYTHECIACEAE Squamidium (Müll. Hal.) Broth.","CAP008599","splink","CAP","Peralta, D.F.","19496","Native","2016",,,"Latão","Ouro",,"Domingos Martins","Mata Atlântica com afloramentos rochosos. sobre tronco vivo. Parque Estadual da Pedra Azul"
"PARQUE ESTADUAL PEDRA AZUL","Angiosperms","Brachytheciaceae","Squamidium","nigricans","(Hook.) Broth.","BRACHYTHECIACEAE Squamidium nigricans (Hook.) Broth.","UB1225809",,"UB","Valente, D.V.","539","Native","2016","Valente, D.V.","2017","Bronze","Ouro",,"Domingos Martins","Parque Estadual da Pedra Azul."
"PARQUE ESTADUAL PEDRA AZUL",,"Brachytheciaceae","Zelometeorium","patulum","(Hedw.) Manuel","BRACHYTHECIACEAE Zelometeorium patulum (Hedw.) Manuel","UB1214975",,"UB","Henriques, D.K.","513",,"2016","Peralta, D.F.","2024","Bronze","Ouro",,"Domingos Martins","Parque Estadual da Pedra Azul, Trilha Mirante para Rota do Lagarto."
"PARQUE ESTADUAL PEDRA AZUL",,"Brachytheciaceae","Zelometeorium","patulum","(Hedw.) Manuel","BRACHYTHECIACEAE Zelometeorium patulum (Hedw.) Manuel","UB1202404",,"UB","Valente, D.V.","572",,"2016","Valente, D.V.","2017","Bronze","Ouro",,"Domingos Martins","Parque Estadual da Pedra Azul."
"PARQUE ESTADUAL PEDRA AZUL","Ferns and Lycophytes","Brachytheciaceae","Zelometeorium","patulum","(Hedw.) Manuel","BRACHYTHECIACEAE Zelometeorium patulum (Hedw.) Manuel","HUEFS0171016","splink","HUEFS","Penha, L.T.","419","Native","2009","Penha, L.T.","2009","Bronze","Ouro",,"Domingos Martins","Parque Estadual Pedra Azul-Trilha das Piscinas."
"PARQUE ESTADUAL PEDRA AZUL","Ferns and Lycophytes","Bromeliaceae","Aechmea","coelestis","(K.Koch) É.Morren","BROMELIACEAE Aechmea coelestis (K.Koch) É.Morren","RB00141089","x","RB","Martinelli, G.","15733","Native","1999","Wendt, T.","2004","Ouro","Ouro",,,"Pedra Azul, Parque Estadual da Pedra Azul, caminho para a pedra das flores."
"PARQUE ESTADUAL PEDRA AZUL","Bryophytes","Bromeliaceae","Aechmea","coelestis","(K.Koch) É.Morren","BROMELIACEAE Aechmea coelestis (K.Koch) É.Morren","RB00141089","x","Rio de Janeiro Botanical Garden Herbarium","Martinelli, G.","15733","Native","1999","Wendt, T.","2004","Ouro","Ouro",,,"Pedra Azul, Parque Estadual da Pedra Azul, caminho para a pedra das flores."
"PARQUE ESTADUAL PEDRA AZUL","Bryophytes","Bromeliaceae","Aechmea","coelestis","(K.Koch) É.Morren","BROMELIACEAE Aechmea coelestis (K.Koch) É.Morren","75062","x","HRCB","Marcusso, G.M.","1601","Native","2019","Marcusso, G.M.","2019","Bronze","Ouro",,,"propriedade particular contígua ao Parque Estadual da Pedra Azul fundo do vale, nas margens do rio."
"PARQUE ESTADUAL PEDRA AZUL","Bryophytes","Bromeliaceae","Aechmea","coelestis","(K.Koch) É.Morren","BROMELIACEAE Aechmea coelestis (K.Koch) É.Morren","RB01445648","x","RB","Marcusso, G.M.","1336","Native","2018","Marcusso, G.M.","2018","Bronze","Ouro",,,"Propriedade Particular contígua ao Parque Estadual da Pedra Azul, fundo do vale, nas margens do rio"
"PARQUE ESTADUAL PEDRA AZUL","Bryophytes","Bromeliaceae","Aechmea","coelestis","(K.Koch) É.Morren","BROMELIACEAE Aechmea coelestis (K.Koch) É.Morren","74322","x","HRCB","Marcusso, G.M.","1336","Native","2018","Marcusso, G.M.","2018","Bronze","Ouro",,,"Propriedade particular contígua ao Parque Estadual da Pedra Azul Fundo do vale, nas margens do rio."
"PARQUE ESTADUAL PEDRA AZUL","Ferns and Lycophytes","Bromeliaceae","Alcantarea","extensa","(L.B.Sm.) J.R.Grant","BROMELIACEAE Alcantarea extensa (L.B.Sm.) J.R.Grant","SP050748","splink","SP","Versieux, L.M.","378","Native","2007","Versieux, L.M.",,"Ouro","Prata",,"Domingos Martins","Pedra Azul. Rota do Lagarto."
"PARQUE ESTADUAL PEDRA AZUL","Bryophytes","Bromeliaceae","Alcantarea","vinicolor","(E.Pereira & Reitz) J.R.Grant","BROMELIACEAE Alcantarea vinicolor (E.Pereira & Reitz) J.R.Grant","RB00141086","x","RB","Martinelli, G.","15727","Native","1999","Vieira, C.M.","2002","Bronze","Ouro",,,"Pedra Azul, Parque Estadual da Pedra Azul, caminho para a pedra das flores. Parque Estadual da Pedra Azul"
"PARQUE ESTADUAL PEDRA AZUL","Angiosperms","Bromeliaceae","Alcantarea","vinicolor","(E.Pereira & Reitz) J.R.Grant","BROMELIACEAE Alcantarea vinicolor (E.Pereira & Reitz) J.R.Grant","MBML016484","x","MBML","Ramaldes, R.","45","Native","2001",,,"Latão","Ouro",,,"Parque Estadual da Pedra Azul"
"PARQUE ESTADUAL PEDRA AZUL","Ferns and Lycophytes","Bromeliaceae","Alcantarea","vinicolor","(E.Pereira & Reitz) J.R.Grant","BROMELIACEAE Alcantarea vinicolor (E.Pereira & Reitz) J.R.Grant","UFRN00014852",,"UFRN","Versieux, L.M.","375","Native","2007","Versieux, L.M.",,"Ouro","Prata","jbrj-public.s3-sa-east-1.amazonaws.com/fsi/server?type=image&source=DZI/ufrn/ufrn/0/1/48/52/ufrn00014852.dzi","Domingos Martins","Pedra azul, Rota do Lagarto."
"PARQUE ESTADUAL PEDRA AZUL","Ferns and Lycophytes","Bromeliaceae","Alcantarea","vinicolor","(E.Pereira & Reitz) J.R.Grant","BROMELIACEAE Alcantarea vinicolor (E.Pereira & Reitz) J.R.Grant","SP050843","splink","SP","Versieux, L.M.","375","Native","2007","Versieux, L.M.",,"Ouro","Prata",,"Domingos Martins","Pedra Azul. Rota do lagarto."
"PARQUE ESTADUAL PEDRA AZUL","Ferns and Lycophytes","Bromeliaceae","Alcantarea","vinicolor","(E.Pereira & Reitz) J.R.Grant","BROMELIACEAE Alcantarea vinicolor (E.Pereira & Reitz) J.R.Grant","SP050844","splink","SP","Versieux, L.M.","377","Native","2007","Versieux, L.M.",,"Ouro","Prata",,"Domingos Martins","Pedra Azul. Rota do lagarto."
"PARQUE ESTADUAL PEDRA AZUL","Angiosperms","Bromeliaceae","Billbergia","amoena","(Lodd.) Lindl.","BROMELIACEAE Billbergia amoena (Lodd.) Lindl.","74799","x","HRCB","Marcusso, G.M.","1494","Native","2019","Marcusso, G.M.","2019","Bronze","Ouro",,,"propriedade particular contígua ao Parque Estadual da Pedra Azul fundo do vale, nas margens do rio."
"PARQUE ESTADUAL PEDRA AZUL","Angiosperms","Bromeliaceae","Billbergia","euphemiae","É.Morren","BROMELIACEAE Billbergia euphemiae É.Morren","74319","x","HRCB","Marcusso, G.M.","1333","Native","2018","Marcusso, G.M.","2018","Bronze","Ouro",,,"Propriedade particular contígua ao Parque Estadual da Pedra Azul Fundo do vale, nas margens do rio."
"PARQUE ESTADUAL PEDRA AZUL","Ferns and Lycophytes","Bromeliaceae","Billbergia","euphemiae","É.Morren","BROMELIACEAE Billbergia euphemiae É.Morren","72882","x","HRCB","Marcusso, G.M.","1073","Native","2018",,,"Latão","Ouro",,,"Propriedade particular contígua ao Parque Estadual da Pedra Azul Beira da estrada que corta a floresta na encosta da vertente do vale."
"PARQUE ESTADUAL PEDRA AZUL","Angiosperms","Bromeliaceae","Billbergia","horrida","Regel","BROMELIACEAE Billbergia horrida Regel","75199","x","HRCB","Marcusso, G.M.","1696","Native","2019","Marcusso, G.M.","2019","Bronze","Ouro",,,"Propriedade do Gilson, adjacente ao Parque Estadual da Pedra Azul Inicio da estrada que atravessa o vale do rio"
"PARQUE ESTADUAL PEDRA AZUL","Bryophytes","Bromeliaceae","Billbergia","horrida","Regel","BROMELIACEAE Billbergia horrida Regel","74323","x","HRCB","Marcusso, G.M.","1337","Native","2018","Marcusso, G.M.","2018","Bronze","Ouro",,,"Propriedade particular contígua ao Parque Estadual da Pedra Azul Fundo do vale, nas margens do rio."
"PARQUE ESTADUAL PEDRA AZUL","Bryophytes","Bromeliaceae","Billbergia","horrida","Regel","BROMELIACEAE Billbergia horrida Regel","RB00574553","x","RB","Martinelli, G.","15739","Native","1999","Coser, T.S.","2010","Bronze","Ouro",,,"Pedra Azul, caminho para a pedra das flores. Parque Estadual Pedra Azul"
"PARQUE ESTADUAL PEDRA AZUL","Ferns and Lycophytes","Bromeliaceae","Billbergia","horrida","Regel","BROMELIACEAE Billbergia horrida Regel","RB00141090","x","RB","Martinelli, G.","15737","Native","1999","Vieira, C.M.","2002","Bronze","Ouro",,,"Pedra Azul, caminho para a pedra das flores. Parque Estadual da Pedra Azul"
"PARQUE ESTADUAL PEDRA AZUL","Ferns and Lycophytes","Bromeliaceae","Billbergia","horrida","Regel","BROMELIACEAE Billbergia horrida Regel","RB00141090","x","Rio de Janeiro Botanical Garden Herbarium","Martinelli, G.","15737","Native","1999","Vieira, C.M.","2002","Bronze","Ouro",,,"Pedra Azul, caminho para a pedra das flores. Parque Estadual da Pedra Azul"
"PARQUE ESTADUAL PEDRA AZUL","Bryophytes","Bromeliaceae","Billbergia","vittata","Brongn. ex Morel","BROMELIACEAE Billbergia vittata Brongn. ex Morel","RFA52012",,"RFA","Ramaldes, R.C.","42","Native","2001","Ramaldes, R.C.",,"Bronze","Ouro",,"Domingos Martins","Pedra Azul. Parque Estadual da Pedra Azul"
"PARQUE ESTADUAL PEDRA AZUL","Bryophytes","Bromeliaceae","Billbergia","zebrina","(Herb.) Lindl.","BROMELIACEAE Billbergia zebrina (Herb.) Lindl.","75065","x","HRCB","Marcusso, G.M.","1604","Native","2019","Marcusso, G.M.","2019","Bronze","Ouro",,,"propriedade particular contígua ao Parque Estadual da Pedra Azul Em árvore isolada em pasto."
"PARQUE ESTADUAL PEDRA AZUL","Ferns and Lycophytes","Bromeliaceae","Neoregelia","diversifolia","E.Pereira","BROMELIACEAE Neoregelia diversifolia E.Pereira","71844","x","HRCB","Marcusso, G.M.","881","Native","2018","Marcusso, G.M.","2018","Bronze","Ouro",,,"Parque Estadual da Pedra Azul"
"PARQUE ESTADUAL PEDRA AZUL","Ferns and Lycophytes","Bromeliaceae","Neoregelia","diversifolia","E.Pereira","BROMELIACEAE Neoregelia diversifolia E.Pereira","72824","x","HRCB","Marcusso, G.M.","1014","Native","2018","Marcusso, G.M.","2018","Bronze","Ouro",,,"Parque Estadual da Pedra Azul Trilha das piscinas naturais até próximo da base da pedra azul, pela calha do rio."
"PARQUE ESTADUAL PEDRA AZUL","Ferns and Lycophytes","Bromeliaceae","Neoregelia","diversifolia","E.Pereira","BROMELIACEAE Neoregelia diversifolia E.Pereira","MBML042720","splink","MBML","Coser, T.S.","615","Native","2012","Coser, T.S.",,"Bronze","Ouro",,"Domingos Martins","Parque Estadual da Pedra Azul. Trilha para Pedra das Flores, próximo a curso d'agua"
"PARQUE ESTADUAL PEDRA AZUL","Ferns and Lycophytes","Bromeliaceae","Neoregelia","diversifolia","E.Pereira","BROMELIACEAE Neoregelia diversifolia E.Pereira","MBML016480","splink","MBML","Ramaldes, R.","17","Native","2001","Coser, T.S.","2012","Bronze","Ouro",,"Domingos Martins","Parque Estadual da Pedra Azul"
"PARQUE ESTADUAL PEDRA AZUL","Ferns and Lycophytes","Bromeliaceae","Neoregelia","diversifolia","E.Pereira","BROMELIACEAE Neoregelia diversifolia E.Pereira","MBML016475","splink","MBML","Ramaldes, R.","27","Native","2001","Ramaldes, R.","2001","Bronze","Ouro",,"Domingos Martins","Parque Estadual da Pedra Azul"
"PARQUE ESTADUAL PEDRA AZUL","Angiosperms","Bromeliaceae","Nidularium","bicolor","(E.Pereira) Leme","BROMELIACEAE Nidularium bicolor (E.Pereira) Leme","72857","x","HRCB","Marcusso, G.M.","1047",,"2018",,,"Latão","Ouro",,,"Propriedade particular contígua ao Parque Estadual da Pedra Azul Beira da estrada, encosta da vertente do vale e grotas úmidas nas margens do rio."
"PARQUE ESTADUAL PEDRA AZUL","Angiosperms","Bromeliaceae","Nidularium",,"Lem.","BROMELIACEAE Nidularium Lem.","74254","x","CESJ","Marcusso, G.M.","1032","Native","2018",,,"Latão","Ouro",,,"Parque Estadual da Pedra Azul, trilha das piscinas naturais até próximo da base da Pedra Azul, pela calha do rio. 20º23'57'-20º24'10'S; 41º01'13'-41º01'07'W"
"PARQUE ESTADUAL PEDRA AZUL","Ferns and Lycophytes","Bromeliaceae","Nidularium","longiflorum","Ule","BROMELIACEAE Nidularium longiflorum Ule","RB00141082","x","RB","Martinelli, G.","15721","Native","1999","Coser, T.S.","2010","Bronze","Ouro",,,"Pedra Azul, Parque Estadual da Pedra Azul, caminho para a pedra das flores. Parque Estadual da Pedra Azul"
"PARQUE ESTADUAL PEDRA AZUL",,"Bromeliaceae","Pitcairnia","abyssicola","Leme & L.Kollmann","BROMELIACEAE Pitcairnia abyssicola Leme & L.Kollmann","RB00562046","x","RB","Fontana, A.P.","2198",,"2006","Saraiva, D.P.","2012","Bronze","Ouro",,,"Pedra Azul, trilha das piscinas.. Parque Estadual Pedra Azul"
"PARQUE ESTADUAL PEDRA AZUL",,"Bromeliaceae","Pitcairnia","decidua","L.B.Sm.","BROMELIACEAE Pitcairnia decidua L.B.Sm.","63134","x","VIES","Faller, V.S.","203",,"2024","Pontes, V.F.","2024","Bronze","Ouro",,,"Pedra Azul. Parque Estadual da Pedra Azul"
"PARQUE ESTADUAL PEDRA AZUL",,"Bromeliaceae","Pitcairnia","decidua","L.B.Sm.","BROMELIACEAE Pitcairnia decidua L.B.Sm.","RB00141080","x","Rio de Janeiro Botanical Garden Herbarium","Martinelli, G.","15719",,"1999","Vieira, C.M.",,"Bronze","Ouro",,,"Pedra Azul, Parque Estadual da Pedra Azul, caminho para a pedra das flores. Parque Estadual da Pedra Azul"
"PARQUE ESTADUAL PEDRA AZUL",,"Bromeliaceae","Pitcairnia","decidua","L.B.Sm.","BROMELIACEAE Pitcairnia decidua L.B.Sm.","MBML026584","splink","MBML","Martinelli, G.","15719",,"1999","Vieira, C.M.","2002","Bronze","Ouro",,"Domingos Martins","Parque Estadual da Pedra Azul"
"PARQUE ESTADUAL PEDRA AZUL",,"Bromeliaceae","Pitcairnia","decidua","L.B.Sm.","BROMELIACEAE Pitcairnia decidua L.B.Sm.","RB00141080","x","RB","Martinelli, G.","15719",,"1999","Vieira, C.M.","2002","Bronze","Ouro",,,"Pedra Azul, Parque Estadual da Pedra Azul, caminho para a pedra das flores. Parque Estadual da Pedra Azul"
"PARQUE ESTADUAL PEDRA AZUL","Angiosperms","Bromeliaceae","Pitcairnia",,"L'Hér.","BROMELIACEAE Pitcairnia L'Hér.","RB01461920","x","RB","Lombardi, J.A.","10640","Native","2019",,,"Latão","Ouro",,,"Parque Estadual da Pedra Azul, trilha das piscinas naturais até a base da Pedra das Flores."
"PARQUE ESTADUAL PEDRA AZUL","Angiosperms","Bromeliaceae","Pitcairnia",,"L'Hér.","BROMELIACEAE Pitcairnia L'Hér.","74756","x","HRCB","Lombardi, J.A.","10640","Native","2019",,,"Latão","Ouro",,,"Parque Estadual da Pedra Azul Trilha das piscinas naturais até próximo da base da pedra das flores"
"PARQUE ESTADUAL PEDRA AZUL","Angiosperms","Bromeliaceae","Pitcairnia",,"L'Hér.","BROMELIACEAE Pitcairnia L'Hér.","MBML024880","splink","MBML","Kollmann, L.","8056","Native","2005",,,"Latão","Ouro",,"Domingos Martins","Parque Estadual da Pedra Azul"
"PARQUE ESTADUAL PEDRA AZUL","Angiosperms","Bromeliaceae","Pitcairnia",,"L'Hér.","BROMELIACEAE Pitcairnia L'Hér.","40366","splink","BHCB",,"s.n.","Native","0",,"0-0-0","Latão","Ouro",,"Domingos Martins","Parque Estadual de Pedra Azul, Pedra Azul"
"PARQUE ESTADUAL PEDRA AZUL",,"Bromeliaceae","Quesnelia","kautskyi","C.M.Vieira","BROMELIACEAE Quesnelia kautskyi C.M.Vieira","RB01445644","x","RB","Marcusso, G.M.","1015",,"2018","Marcusso, G.M.","2018","Bronze","Ouro",,,"Parque Estadual da Pedra Azul, trilha das piscinas naturais até próximo da base da pedra azul, pela calha do rio"
"PARQUE ESTADUAL PEDRA AZUL",,"Bromeliaceae","Quesnelia","kautskyi","C.M.Vieira","BROMELIACEAE Quesnelia kautskyi C.M.Vieira","72825","x","HRCB","Marcusso, G.M.","1015",,"2018","Marcusso, G.M.","2018","Bronze","Ouro",,,"Parque Estadual da Pedra Azul Trilha das piscinas naturais até próximo da base da pedra azul, pela calha do rio."
"PARQUE ESTADUAL PEDRA AZUL",,"Bromeliaceae","Quesnelia","kautskyi","C.M.Vieira","BROMELIACEAE Quesnelia kautskyi C.M.Vieira","MBML024769","splink","MBML","Kollmann, L.","8169",,"2005","Kollmann, L.","2008","Bronze","Ouro",,"Domingos Martins","Parque Estadual da Pedra Azul"
"PARQUE ESTADUAL PEDRA AZUL",,"Bromeliaceae","Quesnelia","kautskyi","C.M.Vieira","BROMELIACEAE Quesnelia kautskyi C.M.Vieira","MBML024905","splink","MBML","Kollmann, L.","8050",,"2005","Kollmann, L.","2008","Bronze","Ouro",,"Domingos Martins","Parque Estadual da Pedra Azul"
"PARQUE ESTADUAL PEDRA AZUL",,"Bromeliaceae","Quesnelia","kautskyi","C.M.Vieira","BROMELIACEAE Quesnelia kautskyi C.M.Vieira","MBML016478","splink","MBML","Ramaldes, R.","31",,"2001","Coser, T.S.","2011","Bronze","Ouro",,"Domingos Martins","Parque Estadual da Pedra Azul"
"PARQUE ESTADUAL PEDRA AZUL",,"Bromeliaceae","Quesnelia","lateralis","Wawra","BROMELIACEAE Quesnelia lateralis Wawra","RFA51294",,"RFA","Ramaldes, R.A.C.","35",,"2001","Ramaldes, R.A.C.","2001","Bronze","Ouro",,"Domingos Martins","Parque estadual da pedra Azul, Pedra Azul."
"PARQUE ESTADUAL PEDRA AZUL",,"Bromeliaceae","Tillandsia","geminiflora","Brongn.","BROMELIACEAE Tillandsia geminiflora Brongn.","RB01445451","x","RB","Marcusso, G.M.","1688",,"2019","Marcusso, G.M.","2020","Bronze","Ouro",,,"Parque Estadual da Pedra Azul, trilha nova para as piscinas naturais, até as piscinas, subindo pela calha do rio"
"PARQUE ESTADUAL PEDRA AZUL",,"Bromeliaceae","Tillandsia","geminiflora","Brongn.","BROMELIACEAE Tillandsia geminiflora Brongn.","75191","x","HRCB","Marcusso, G.M.","1688",,"2019","Marcusso, G.M.","2019","Bronze","Ouro",,,"Parque Estadual da Pedra Azul Trilha nova para as piscinas naturais, até as piscinas, subindo pela calha do rio"
"PARQUE ESTADUAL PEDRA AZUL","Angiosperms","Bromeliaceae","Tillandsia","geminiflora","Brongn.","BROMELIACEAE Tillandsia geminiflora Brongn.","MBML042812","splink","MBML","Coser, T.S.","605","Native","2012","Coser, T.S.",,"Bronze","Ouro",,"Domingos Martins","Parque Estadual da Pedra Azul. Trilha para Pedra das Flores, próximo a curso d'agua"
"PARQUE ESTADUAL PEDRA AZUL","Angiosperms","Bromeliaceae","Tillandsia","geminiflora","Brongn.","BROMELIACEAE Tillandsia geminiflora Brongn.","MBML024802","splink","MBML","Kollmann, L.","8054","Native","2005","Kollmann, L.","2005","Bronze","Ouro",,"Domingos Martins","Parque Estadual da Pedra Azul"
"PARQUE ESTADUAL PEDRA AZUL","Angiosperms","Bromeliaceae","Tillandsia","geminiflora","Brongn.","BROMELIACEAE Tillandsia geminiflora Brongn.","MBML016614","splink","MBML","Ramaldes, R.","25","Native","2001","Souza, B.P.","2014","Bronze","Ouro",,"Domingos Martins","Parque Estadual da Pedra Azul"
"PARQUE ESTADUAL PEDRA AZUL",,"Bromeliaceae","Tillandsia","stricta","Sol.","BROMELIACEAE Tillandsia stricta Sol.","CESJ074255","splink","CESJ","Marcusso, G.M.","1489",,"2019","Marcusso, G.M.","2019","Bronze","Ouro",,"Domingos Martins","Parque Estadual da Pedra Azul, Capão floresta, ao lado da canealeta de água intermitente."
"PARQUE ESTADUAL PEDRA AZUL",,"Bromeliaceae","Tillandsia","stricta","Sol.","BROMELIACEAE Tillandsia stricta Sol.","RB01445450","x","RB","Marcusso, G.M.","1021",,"2018","Marcusso, G.M.","2018","Bronze","Ouro",,,"Parque Estadual da Pedra Azul, trilha das piscinas naturais até próximo da base da pedra azul, pela calha do rio"
"PARQUE ESTADUAL PEDRA AZUL",,"Bromeliaceae","Tillandsia","stricta","Sol.","BROMELIACEAE Tillandsia stricta Sol.","72831","x","HRCB","Marcusso, G.M.","1021",,"2018","Marcusso, G.M.","2018","Bronze","Ouro",,,"Parque Estadual da Pedra Azul Trilha das piscinas naturais até próximo da base da pedra azul, pela calha do rio."
"PARQUE ESTADUAL PEDRA AZUL",,"Bromeliaceae","Tillandsia","stricta","Sol.","BROMELIACEAE Tillandsia stricta Sol.","72834","x","HRCB","Marcusso, G.M.","1024",,"2018","Marcusso, G.M.","2018","Bronze","Ouro",,,"Parque Estadual da Pedra Azul Trilha das piscinas naturais até próximo da base da pedra azul, pela calha do rio."
"PARQUE ESTADUAL PEDRA AZUL",,"Bromeliaceae","Tillandsia","stricta","Sol.","BROMELIACEAE Tillandsia stricta Sol.","MBML042724","splink","MBML","Coser, T.S.","598",,"2012","Coser, T.S.",,"Bronze","Ouro",,"Domingos Martins","Parque Estadual da Pedra Azul"
"PARQUE ESTADUAL PEDRA AZUL",,"Bromeliaceae","Tillandsia","tenuifolia","L.","BROMELIACEAE Tillandsia tenuifolia L.","MBML042723","splink","MBML","Coser, T.S.","597",,"2012","Coser, T.S.",,"Bronze","Ouro",,"Domingos Martins","Parque Estadual da Pedra Azul"
"PARQUE ESTADUAL PEDRA AZUL",,"Bromeliaceae","Tillandsia","tenuifolia","L.","BROMELIACEAE Tillandsia tenuifolia L.","MBML024972","splink","MBML","Kollmann, L.","8035",,"2005","Kollmann, L.","2005","Bronze","Ouro",,"Domingos Martins","Parque Estadual da Pedra Azul"
"PARQUE ESTADUAL PEDRA AZUL","Ferns and Lycophytes","Bromeliaceae","Tillandsia","usneoides","(L.) L.","BROMELIACEAE Tillandsia usneoides (L.) L.","71840","x","HRCB","Marcusso, G.M.","877","Native","2018","Marcusso, G.M.","2018","Bronze","Ouro",,,"Parque Estadual da Pedra Azul"
"PARQUE ESTADUAL PEDRA AZUL",,"Bromeliaceae","Tillandsia","usneoides","(L.) L.","BROMELIACEAE Tillandsia usneoides (L.) L.","74337","x","HRCB","Marcusso, G.M.","1351",,"2018","Marcusso, G.M.","2018","Bronze","Ouro",,,"Parque Estadual da Pedra Azul Trilha das piscinas naturais até próximo da base da pedra das flores, pela calha do rio."
"PARQUE ESTADUAL PEDRA AZUL",,"Bromeliaceae","Tillandsia","usneoides","(L.) L.","BROMELIACEAE Tillandsia usneoides (L.) L.","72836","x","HRCB","Marcusso, G.M.","1026",,"2018","Marcusso, G.M.","2018","Bronze","Ouro",,,"Parque Estadual da Pedra Azul Trilha das piscinas naturais até próximo da base da pedra azul, pela calha do rio."
"PARQUE ESTADUAL PEDRA AZUL","Angiosperms","Bromeliaceae","Vriesea","bituminosa","Wawra","BROMELIACEAE Vriesea bituminosa Wawra","75051","x","HRCB","Marcusso, G.M.","1590","Native","2019","Marcusso, G.M.","2019","Bronze","Ouro",,,"Parque Estadual da Pedra Azul Trilha nova para as piscinas naturais, até a base da pedra das flores"
"PARQUE ESTADUAL PEDRA AZUL","Angiosperms","Bromeliaceae","Vriesea","bituminosa","Wawra","BROMELIACEAE Vriesea bituminosa Wawra","R010010962","splink","R","Moura, R.",,"Native","2008","Moura, R.","2011","Bronze","Ouro",,"Domingos Martins","Parque Estadual da Pedra Azul"
"PARQUE ESTADUAL PEDRA AZUL","Angiosperms","Bromeliaceae","Vriesea","bituminosa","Wawra","BROMELIACEAE Vriesea bituminosa Wawra","Rspirit010087547",,"Rspirit","Moura, R.","475","Native","2008","Moura, R.","2011","Bronze","Ouro",,"Domingos Martins","Parque Estadual da Pedra Azul, próximo as piscinas"
"PARQUE ESTADUAL PEDRA AZUL","Angiosperms","Bromeliaceae","Vriesea","capixabae","Leme","BROMELIACEAE Vriesea capixabae Leme","71846","x","HRCB","Marcusso, G.M.","883","Native","2018","Marcusso, G.M.","2018","Bronze","Ouro",,,"Parque Estadual da Pedra Azul"
"PARQUE ESTADUAL PEDRA AZUL","Angiosperms","Bromeliaceae","Vriesea","capixabae","Leme","BROMELIACEAE Vriesea capixabae Leme","MBML024803","splink","MBML","Kollmann, L.","8040","Native","2005","Machado, T.M.","2011","Bronze","Ouro",,"Domingos Martins","Parque Estadual da Pedra Azul"
"PARQUE ESTADUAL PEDRA AZUL","Angiosperms","Bromeliaceae","Vriesea","capixabae","Leme","BROMELIACEAE Vriesea capixabae Leme","MBML016476","splink","MBML","Ramaldes, R.","21","Native","2001","Machado, T.M.","2011","Bronze","Ouro",,"Domingos Martins","Parque Estadual da Pedra Azul"
"PARQUE ESTADUAL PEDRA AZUL","Angiosperms","Bromeliaceae","Vriesea","carinata","Leme","BROMELIACEAE Vriesea carinata var. flavo-miniata Leme","MBML026635","splink","MBML","Martinelli, G.","15723","Native","1997","Martinelli, G.","2004","Ouro","Ouro",,"Domingos Martins","Parque Estadual da Pedra Azul"
"PARQUE ESTADUAL PEDRA AZUL","Angiosperms","Bromeliaceae","Vriesea","carinata","Wawra","BROMELIACEAE Vriesea carinata Wawra","VIES063131","splink","VIES","Faller, V.S.","200","Native","2024","Mendonca, A.","2024","Bronze","Ouro",,"Domingos Martins","Pedra Azul. Parque Estadual da Pedra Azul"
"PARQUE ESTADUAL PEDRA AZUL","Angiosperms","Bromeliaceae","Vriesea","carinata","Wawra","BROMELIACEAE Vriesea carinata Wawra","71821","x","HRCB","Marcusso, G.M.","856","Native","2018","Marcusso, G.M.","2018","Bronze","Ouro",,,"Parque Estadual da Pedra Azul"
"PARQUE ESTADUAL PEDRA AZUL","Angiosperms","Bromeliaceae","Vriesea","carinata","Wawra","BROMELIACEAE Vriesea carinata Wawra","72812","x","HRCB","Marcusso, G.M.","1002","Native","2018","Marcusso, G.M.","2018","Bronze","Ouro",,,"Parque Estadual da Pedra Azul Trilha das piscinas naturais até próximo da base da pedra azul, pela calha do rio."
"PARQUE ESTADUAL PEDRA AZUL","Angiosperms","Bromeliaceae","Vriesea","carinata","Wawra","BROMELIACEAE Vriesea carinata Wawra","72841","x","HRCB","Marcusso, G.M.","1031","Native","2018","Marcusso, G.M.","2018","Bronze","Ouro",,,"Parque Estadual da Pedra Azul Trilha das piscinas naturais até próximo da base da pedra azul, pela calha do rio."
"PARQUE ESTADUAL PEDRA AZUL","Angiosperms","Bromeliaceae","Vriesea","carinata","Wawra","BROMELIACEAE Vriesea carinata Wawra","RB01445653","x","RB","Marcusso, G.M.","1002","Native","2018","Marcusso, G.M.","2018","Bronze","Ouro",,,"Parque Estadual da Pedra Azul, trilha das piscinas naturais até o próximo da base da pedra azul, pela calha do rio"
"PARQUE ESTADUAL PEDRA AZUL","Angiosperms","Bromeliaceae","Vriesea","friburgensis","(L.B.Sm.) L.B.Sm.","BROMELIACEAE Vriesea friburgensis var. paludosa (L.B.Sm.) L.B.Sm.","74343","x","HRCB","Marcusso, G.M.","1357","Native","2018","Marcusso, G.M.","2018","Bronze","Ouro",,,"Parque Estadual da Pedra Azul Trilha das piscinas naturais até próximo da base da pedra das flores, pela calha do rio."
"PARQUE ESTADUAL PEDRA AZUL","Angiosperms","Bromeliaceae","Vriesea","gigantea","Gaudich.","BROMELIACEAE Vriesea gigantea Gaudich.","72823","x","HRCB","Marcusso, G.M.","1013","Native","2018","Marcusso, G.M.","2019","Bronze","Ouro",,,"Parque Estadual da Pedra Azul Trilha das piscinas naturais até próximo da base da pedra azul, pela calha do rio."
"PARQUE ESTADUAL PEDRA AZUL","Angiosperms","Bromeliaceae","Vriesea","longicaulis","(Baker) Mez","BROMELIACEAE Vriesea longicaulis (Baker) Mez","74341","x","HRCB","Marcusso, G.M.","1355","Native","2018","Marcusso, G.M.","2018","Bronze","Ouro",,,"Parque Estadual da Pedra Azul Trilha das piscinas naturais até próximo da base da pedra das flores, pela calha do rio."
"PARQUE ESTADUAL PEDRA AZUL",,"Bromeliaceae","Vriesea","longicaulis","(Baker) Mez","BROMELIACEAE Vriesea longicaulis (Baker) Mez","MBML024904","splink","MBML","Kollmann, L.","8014",,"2005","Kollmann, L.","2005","Bronze","Ouro",,"Domingos Martins","Parque Estadual da Pedra Azul"
"PARQUE ESTADUAL PEDRA AZUL",,"Bromeliaceae","Vriesea","longicaulis","(Baker) Mez","BROMELIACEAE Vriesea longicaulis (Baker) Mez","MBML016474","splink","MBML","Ramaldes, R.","22",,"2001","Ramaldes, R.","2001","Bronze","Ouro",,"Domingos Martins","Parque Estadual da Pedra Azul"
"PARQUE ESTADUAL PEDRA AZUL",,"Bromeliaceae","Vriesea","longicaulis","(Baker) Mez","BROMELIACEAE Vriesea longicaulis (Baker) Mez","MBML016482","splink","MBML","Ramaldes, R.","26",,"2001","Ramaldes, R.","2001","Bronze","Ouro",,"Domingos Martins","Parque Estadual da Pedra Azul"
"PARQUE ESTADUAL PEDRA AZUL","Angiosperms","Bromeliaceae","Vriesea","longicaulis","(Baker) Mez","BROMELIACEAE Vriesea longicaulis (Baker) Mez","RB00141083","x","RB","Martinelli, G.","15722","Native","1999","Vieira, C.M.","2002","Bronze","Ouro",,,"Pedra Azul, Parque Estadual da Pedra Azul, caminho para a pedra das flores. Parque Estadual da Pedra Azul"
"PARQUE ESTADUAL PEDRA AZUL","Angiosperms","Bromeliaceae","Vriesea","lubbersii","(Baker) É.Morren","BROMELIACEAE Vriesea lubbersii (Baker) É.Morren","MBML024991","splink","MBML","Kollmann, L.","8044","Native","2005","Coser, T.S.","2012","Bronze","Ouro",,"Domingos Martins","Parque Estadual da Pedra Azul"
"PARQUE ESTADUAL PEDRA AZUL","Angiosperms","Bromeliaceae","Vriesea","pereirae","L.B.Sm.","BROMELIACEAE Vriesea pereirae L.B.Sm.","RB00141087","x","RB","Martinelli, G.","15730","Native","1999","Martinelli, G.","2004","Ouro","Ouro",,,"Pedra Azul, Parque Estadual da Pedra Azul, caminho para a pedra das flores. Parque Estadual da Pedra Azul"
"PARQUE ESTADUAL PEDRA AZUL","Angiosperms","Bromeliaceae","Vriesea","pereirae","L.B.Sm.","BROMELIACEAE Vriesea pereirae L.B.Sm.","MBML016477","splink","MBML","Ramaldes, R.","32","Native","2001","Coser, T.S.","2012","Bronze","Ouro",,"Domingos Martins","Parque Estadual da Pedra Azul"
"PARQUE ESTADUAL PEDRA AZUL","Angiosperms","Bromeliaceae","Vriesea","pereirae","L.B.Sm.","BROMELIACEAE Vriesea pereirae L.B.Sm.","VIES026338","splink","VIES","Martinelli, G.","15730","Native","1999","Wanderley, M.G.L.","2004","Ouro","Prata",,"Domingos Martins","Pedra Azul."
"PARQUE ESTADUAL PEDRA AZUL","Angiosperms","Bromeliaceae","Vriesea","poenulata","(Baker)  Mez","BROMELIACEAE Vriesea poenulata (Baker) Mez","RB01445651","x","RB","Marcusso, G.M.","1352","Native","2018","Marcusso, G.M.","2018","Bronze","Ouro",,,"Parque Estadual da Pedra Azul, trilha das piscinas naturais até próximo da base da pedra das flores, pela calha do rio"
"PARQUE ESTADUAL PEDRA AZUL","Angiosperms","Bromeliaceae","Vriesea","poenulata","(Baker)  Mez","BROMELIACEAE Vriesea poenulata (Baker) Mez","74320","x","HRCB","Marcusso, G.M.","1334","Native","2018","Marcusso, G.M.","2018","Bronze","Ouro",,,"Propriedade particular contígua ao Parque Estadual da Pedra Azul Fundo do vale, nas margens do rio."
"PARQUE ESTADUAL PEDRA AZUL","Angiosperms","Bromeliaceae","Vriesea","poenulata","(Baker)  Mez","BROMELIACEAE Vriesea poenulata (Baker) Mez","74338","x","HRCB","Marcusso, G.M.","1352","Native","2018","Marcusso, G.M.","2018","Bronze","Ouro",,,"Parque Estadual da Pedra Azul Trilha das piscinas naturais até próximo da base da pedra das flores, pela calha do rio."
"PARQUE ESTADUAL PEDRA AZUL","Angiosperms","Bromeliaceae","Vriesea","pseudoatra","Leme","BROMELIACEAE Vriesea pseudoatra Leme","MBML016485","splink","MBML","Ramaldes, R.","29","Native","2001","Coser, T.S.","2012","Bronze","Ouro",,"Domingos Martins","Parque Estadual da Pedra Azul"
"PARQUE ESTADUAL PEDRA AZUL","Angiosperms","Bryaceae",,,"Schwägr.","BRYACEAE Bryaceae Schwägr.","UB1249814",,"UB","Henriques, D.K.","514","Native","2016","Henriques, D.K.",,"Bronze","Ouro",,"Domingos Martins","Parque Estadual da Pedra Azul, Trilha Mirante para Rota do Lagarto."
"PARQUE ESTADUAL PEDRA AZUL","Ferns and Lycophytes","Bryaceae","Bryum",,"Brid. ex Hedw.","BRYACEAE Bryum Brid. ex Hedw.","UB1249995",,"UB","Valente, D.V.","577","Native","2016","Valente, D.V.","2017","Bronze","Ouro",,"Domingos Martins","Parque Estadual da Pedra Azul."
"PARQUE ESTADUAL PEDRA AZUL","Angiosperms","Bryaceae","Bryum",,"Brid. ex Hedw.","BRYACEAE Bryum Brid. ex Hedw.","CAP008726","splink","CAP","Peralta, D.F.","19391","Native","2016",,,"Latão","Ouro",,"Domingos Martins","Mata Atlântica com afloramentos rochosos. sobre rocha. Parque Estadual da Pedra Azul"
"PARQUE ESTADUAL PEDRA AZUL",,"Bryaceae","Bryum",,"Brid. ex Hedw.","BRYACEAE Bryum Brid. ex Hedw.","UB1006739",,"UB","Henriques, D.K.","465",,"2016",,,"Latão","Ouro",,"Domingos Martins","Parque Estadual da Pedra Azul, Trilha Mirante para Rota do Lagarto."
"PARQUE ESTADUAL PEDRA AZUL",,"Bryaceae","Bryum",,"Brid. ex Hedw.","BRYACEAE Bryum Brid. ex Hedw.","UB1181075",,"UB","Henriques, D.K.","461",,"2016",,,"Latão","Ouro",,"Domingos Martins","Parque Estadual da Pedra Azul, Trilha Mirante para Rota do Lagarto."
"PARQUE ESTADUAL PEDRA AZUL",,"Bryaceae","Bryum",,"Brid. ex Hedw.","BRYACEAE Bryum Brid. ex Hedw.","UB1249933",,"UB","Dantas, T.S.","924",,"2016",,,"Latão","Ouro",,"Domingos Martins","Parque Estadual da Pedra Azul, trilha para a base da pedra."
"PARQUE ESTADUAL PEDRA AZUL","Bryophytes","Cactaceae","Hatiora","salicornioides","(Haw.) Britton & Rose","CACTACEAE Hatiora salicornioides (Haw.) Britton & Rose","VIES057955","splink","VIES","Cardoso, W.C.","s.n.","Native","2016","Cardoso, W.C.","2016","Bronze","Ouro",,"Domingos Martins","Parque Estadual Pedra Azul"
"PARQUE ESTADUAL PEDRA AZUL","Bryophytes","Cactaceae","Hatiora","salicornioides","(Haw.) Britton & Rose","CACTACEAE Hatiora salicornioides (Haw.) Britton & Rose","VIES041625","splink","VIES","Cardoso, W.C.","279","Native","2013","Cardoso, W.C.","2013","Bronze","Ouro",,"Domingos Martins","Parque Estadual de Pedra Azul. Trilha das Piscinas."
"PARQUE ESTADUAL PEDRA AZUL","Angiosperms","Cactaceae","Lepismium","cruciforme","(Vell.) Miq.","CACTACEAE Lepismium cruciforme (Vell.) Miq.","74310","x","HRCB","Marcusso, G.M.","1324","Native","2018","Marcusso, G.M.","2018","Ouro","Ouro",,,"Propriedade particular contígua ao Parque Estadual da Pedra Azul Fundo do vale, nas margens do rio."
"PARQUE ESTADUAL PEDRA AZUL",,"Cactaceae","Lepismium","warmingianum","(K.Schum.) Barthlott","CACTACEAE Lepismium warmingianum (K.Schum.) Barthlott","RB01454415","x","RB","Marcusso, G.M.","1323",,"2018","Gonzaga, D.R.","2022","Bronze","Ouro",,,"Propriedade particular contígua ao Parque Estadual da Pedra Azul, fundo do vale, nas margens do rio."
"PARQUE ESTADUAL PEDRA AZUL","Ferns and Lycophytes","Cactaceae","Rhipsalis","cereuscula","Haw.","CACTACEAE Rhipsalis cereuscula Haw.","RB01454410","x","RB","Marcusso, G.M.","1641","Native","2019","Marcusso, G.M.","2019","Bronze","Ouro",,,"Propriedade particular contígua ao Parque Estadual da Pedra Azul, fundo do vale, nas margens da estrada."
"PARQUE ESTADUAL PEDRA AZUL","Ferns and Lycophytes","Cactaceae","Rhipsalis","cereuscula","Haw.","CACTACEAE Rhipsalis cereuscula Haw.","HRCB075066","splink","HRCB","Marcusso, G.M.","1641","Unknown","2019","Marcusso, G.M.","2019","Bronze","Ouro",,"Domingos Martins","propriedade particular contígua ao Parque Estadual da Pedra Azul fundo do vale, nas margens da estrada."
"PARQUE ESTADUAL PEDRA AZUL","Angiosperms","Cactaceae","Rhipsalis","cereuscula","Haw.","CACTACEAE Rhipsalis cereuscula Haw.","CESJ074238","splink","CESJ","Marcusso, G.M.","1641","Native","2019","Marcusso, G.M.","2019","Bronze","Ouro",,"Domingos Martins","propriedade particular contígua ao Parque Estadual da Pedra Azul, fundo do vale, nas margens da estrada."
"PARQUE ESTADUAL PEDRA AZUL","Bryophytes","Cactaceae","Rhipsalis","clavata","F.A.C.Weber","CACTACEAE Rhipsalis clavata F.A.C.Weber","HRCB072859","splink","HRCB","Marcusso, G.M.","1049","Native","2018","Lombardi, J.A.","2018","Ouro","Ouro",,"Domingos Martins","Propriedade particular contígua ao Parque Estadual da Pedra Azul Beira da estrada, encosta da vertente do vale e grotas úmidas nas margens do rio."
"PARQUE ESTADUAL PEDRA AZUL","Angiosperms","Cactaceae","Rhipsalis","clavata","F.A.C.Weber","CACTACEAE Rhipsalis clavata F.A.C.Weber","CESJ074813","splink","CESJ","Marcusso, G.M.","1049","Native","2018","Tortorelli, R.M.","2024","Bronze","Ouro",,"Domingos Martins","Reserva Biológica Duas Bocas, propriedade particular contígua ao Parque Estadual da Pedra Azul. Entre 20º26'05""-20º25'50""S; 41º01'17""-41º01'05""W."
"PARQUE ESTADUAL PEDRA AZUL","Ferns and Lycophytes","Cactaceae","Rhipsalis","floccosa","Salm-Dyck ex Pfeiff.","CACTACEAE Rhipsalis floccosa Salm-Dyck ex Pfeiff.","74346","x","HRCB","Marcusso, G.M.","1360","Native","2018","Lombardi, J.A.","2019","Ouro","Ouro",,,"Propriedade particular contígua ao Parque Estadual da Pedra Azul Fundo do vale, nas margens do rio."
"PARQUE ESTADUAL PEDRA AZUL","Ferns and Lycophytes","Cactaceae","Rhipsalis","floccosa","Salm-Dyck ex Pfeiff.","CACTACEAE Rhipsalis floccosa Salm-Dyck ex Pfeiff.","RB01454401","x","RB","Marcusso, G.M.","1348","Native","2018","Lombardi, J.A.","2018","Ouro","Ouro",,,"Parque Estadual da Pedra Azul, trilha das piscinas naturais até próximo da base da pedra das flores, pela calha do rio."
"PARQUE ESTADUAL PEDRA AZUL","Ferns and Lycophytes","Cactaceae","Rhipsalis","floccosa","Salm-Dyck ex Pfeiff.","CACTACEAE Rhipsalis floccosa Salm-Dyck ex Pfeiff.","72892","x","HRCB","Marcusso, G.M.","1083","Native","2018","Lombardi, J.A.","2018","Ouro","Ouro",,,"Parque Estadual da Pedra Azul Próximo à antiga casa de pesquisa."
"PARQUE ESTADUAL PEDRA AZUL","Ferns and Lycophytes","Cactaceae","Rhipsalis","floccosa","Salm-Dyck ex Pfeiff.","CACTACEAE Rhipsalis floccosa Salm-Dyck ex Pfeiff.","HRCB074334","splink","HRCB","Marcusso, G.M.","1348","Native","2018","Lombardi, J.A.","2018","Ouro","Ouro",,"Domingos Martins","Parque Estadual da Pedra Azul Trilha das piscinas naturais até próximo da base da pedra das flores, pela calha do rio."
"PARQUE ESTADUAL PEDRA AZUL","Ferns and Lycophytes","Cactaceae","Rhipsalis","floccosa","Salm-Dyck ex Pfeiff.","CACTACEAE Rhipsalis floccosa Salm-Dyck ex Pfeiff.","CESJ074712","splink","CESJ","Marcusso, G.M.","1348","Native","2018","Lombardi, J.A.","2018","Ouro","Ouro",,"Domingos Martins","Parque Estadual da Pedra Azul, trilha das piscinas naturais até próximo da base da Pedra das Flores, pela calha do rio. Entre 20º23'57""/20º24'12""S; 41º01'13""/41º01'08""W"
"PARQUE ESTADUAL PEDRA AZUL","Ferns and Lycophytes","Cactaceae","Rhipsalis","hoelleri","Barthlott & N.P.Taylor","CACTACEAE Rhipsalis hoelleri Barthlott & N.P.Taylor","72889","x","HRCB","Marcusso, G.M.","1080","Native","2018","Lombardi, J.A.","2019","Ouro","Ouro",,,"Parque Estadual da Pedra Azul Próximo à antiga casa de pesquisa."
"PARQUE ESTADUAL PEDRA AZUL","Bryophytes","Cactaceae","Rhipsalis","hoelleri","Barthlott & N.P.Taylor","CACTACEAE Rhipsalis hoelleri Barthlott & N.P.Taylor","75190","x","HRCB","Marcusso, G.M.","1650","Native","2019","Marcusso, G.M.","2019","Bronze","Ouro",,,"Parque Estadual da Pedra Azul Trilha nova para as piscinas naturais, até a base da pedra das flores"
"PARQUE ESTADUAL PEDRA AZUL","Bryophytes","Cactaceae","Rhipsalis","hoelleri","Barthlott & N.P.Taylor","CACTACEAE Rhipsalis hoelleri Barthlott & N.P.Taylor","VIES048689","splink","VIES","Cardoso, W.C.","423","Native","2016","Cardoso, W.C.","2016","Bronze","Ouro",,"Domingos Martins","Parque Estadual de Pedra Azul."
"PARQUE ESTADUAL PEDRA AZUL","Bryophytes","Cactaceae","Rhipsalis","hoelleri","Barthlott & N.P.Taylor","CACTACEAE Rhipsalis hoelleri Barthlott & N.P.Taylor","R010072056","x","R","Cardoso, W.C.","423","Native","2016","Cardoso, W.C.","2016","Bronze","Ouro",,,"Parque Estadual de Pedra Azul."
"PARQUE ESTADUAL PEDRA AZUL","Bryophytes","Cactaceae","Rhipsalis","juengeri","Barthlott & N.P.Taylor","CACTACEAE Rhipsalis juengeri Barthlott & N.P.Taylor","VIES041623","splink","VIES","Cardoso, W.C.","293","Native","2014","Cardoso, W.C.","2016","Bronze","Ouro",,"Domingos Martins","Parque Estadual de Pedra Azul. Trilha das Piscinas."
"PARQUE ESTADUAL PEDRA AZUL","Bryophytes","Cactaceae","Rhipsalis","juengeri","Barthlott & N.P.Taylor","CACTACEAE Rhipsalis juengeri Barthlott & N.P.Taylor","VIES041624","splink","VIES","Cardoso, W.C.","294","Native","2014","Cardoso, W.C.","2016","Bronze","Ouro",,"Domingos Martins","Parque Estadual de Pedra Azul. Trilha das Piscinas."
"PARQUE ESTADUAL PEDRA AZUL","Bryophytes","Cactaceae","Rhipsalis","teres","(Vell.) Steud.","CACTACEAE Rhipsalis teres (Vell.) Steud.","72805","x","HRCB","Marcusso, G.M.","995","Native","2018","Lombardi, J.A.","2018","Ouro","Ouro",,,"Parque Estadual da Pedra Azul Trilha das piscinas naturais até próximo da base da pedra azul, pela calha do rio."
"PARQUE ESTADUAL PEDRA AZUL","Bryophytes","Cactaceae","Rhipsalis","teres","(Vell.) Steud.","CACTACEAE Rhipsalis teres (Vell.) Steud.","72853","x","HRCB","Marcusso, G.M.","1043","Native","2018","Lombardi, J.A.","2018","Ouro","Ouro",,,"Propriedade particular contígua ao Parque Estadual da Pedra Azul Beira da estrada, encosta da vertente do vale e grotas úmidas nas margens do rio."
"PARQUE ESTADUAL PEDRA AZUL","Ferns and Lycophytes","Calymperaceae",,,"Kindb.","CALYMPERACEAE Calymperaceae Kindb.","UB1265612",,"UB","Henriques, D.K.","519","Native","2016","Faria, A.A.",,"Bronze","Ouro",,"Domingos Martins","Parque Estadual da Pedra Azul, Trilha Mirante para Rota do Lagarto."
"PARQUE ESTADUAL PEDRA AZUL","Angiosperms","Calymperaceae","Octoblepharum",,"Hedw.","CALYMPERACEAE Octoblepharum Hedw.","UB1156600",,"UB","Henriques, D.K.","723","Native","2016","Henriques, D.K.",,"Bronze","Ouro",,"Domingos Martins","Parque Estadual da Pedra Azul, Trilha do Cedro."
"PARQUE ESTADUAL PEDRA AZUL","Angiosperms","Calymperaceae","Octoblepharum",,"Hedw.","CALYMPERACEAE Octoblepharum Hedw.","UB1156601",,"UB","Henriques, D.K.","718","Native","2016","Henriques, D.K.",,"Bronze","Ouro",,"Domingos Martins","Parque Estadual da Pedra Azul, Trilha do Cedro."
"PARQUE ESTADUAL PEDRA AZUL","Angiosperms","Calymperaceae","Syrrhopodon","parasiticus","(Brid.) Besch.","CALYMPERACEAE Syrrhopodon parasiticus (Brid.) Besch.","UB1326200",,"UB","Valente, D.V.","554","Native","2016","Valente, D.V.","2017","Bronze","Ouro",,"Domingos Martins","Parque Estadual da Pedra Azul."
"PARQUE ESTADUAL PEDRA AZUL","Angiosperms","Calymperaceae","Syrrhopodon",,"Schwägr.","CALYMPERACEAE Syrrhopodon Schwägr.","UB1227933",,"UB","Henriques, D.K.","511","Native","2016","Henriques, D.K.",,"Bronze","Ouro",,"Domingos Martins","Parque Estadual da Pedra Azul, Trilha Mirante para Rota do Lagarto."
"PARQUE ESTADUAL PEDRA AZUL",,"Calymperaceae","Syrrhopodon","tortilis","Hampe","CALYMPERACEAE Syrrhopodon tortilis Hampe","96377","x","ALCB","Penha, L.T.","s/n",,"2009",,,"Latão","Ouro",,,"Parque Estadual Pedra Azul, Trilha do Mirante"
"PARQUE ESTADUAL PEDRA AZUL",,"Campanulaceae","Lobelia","organensis","Gardner","CAMPANULACEAE Lobelia organensis Gardner","RB00562058","x","RB","Fontana, A.P.","2210",,"2006","Coelho, G.P.","2019","Bronze","Ouro",,,"Pedra Azul, Pedra das Flores. Floresta Ombrófila Densa, Aforamento rochoso com Mata Nebular. Parque Estadual Pedra Azul"
"PARQUE ESTADUAL PEDRA AZUL",,"Celastraceae","Monteverdia","evonymoides","(Reissek) Biral","CELASTRACEAE Monteverdia evonymoides (Reissek) Biral","RB00579070","x","RB","Kollmann, L.","8005",,"2005","Biral, L.","2014","Ouro","Ouro",,,"Trolha das Piscinas. Parque Estadual da Pedra Azul"
"PARQUE ESTADUAL PEDRA AZUL","Bryophytes","Chloranthaceae","Hedyosmum","brasiliense","Mart. ex Miq.","CHLORANTHACEAE Hedyosmum brasiliense Mart. ex Miq.","RB01445586","x","RB","Marcusso, G.M.","1868","Native","2020","Marcusso, G.M.","2020","Bronze","Ouro",,,"Parque Estadual da Pedra Azul, trilha para as piscinas naturais, até a base da pedra das flores."
"PARQUE ESTADUAL PEDRA AZUL","Bryophytes","Chloranthaceae","Hedyosmum","brasiliense","Mart. ex Miq.","CHLORANTHACEAE Hedyosmum brasiliense Mart. ex Miq.","HRCB076789","splink","HRCB","Marcusso, G.M.","1868","Native","2020","Marcusso, G.M.","2020","Bronze","Ouro",,"Domingos Martins","Parque Estadual da Pedra Azul Trilha nova para as piscinas naturais, até a base da pedra das flores"
"PARQUE ESTADUAL PEDRA AZUL","Bryophytes","Chloranthaceae","Hedyosmum","brasiliense","Mart. ex Miq.","CHLORANTHACEAE Hedyosmum brasiliense Mart. ex Miq.","2053","x","SHPR","Marcusso, G.M.","1868","Native","2020","Marcusso, G.M.","2020","Bronze","Ouro",,,"Parque Estadual da Pedra Azul"
"PARQUE ESTADUAL PEDRA AZUL","Angiosperms","Clusiaceae","Clusia","burle-marxii","Bittrich","CLUSIACEAE Clusia burle-marxii Bittrich","2055","x","SHPR","Marcusso, G.M.","1875","Native","2020","Biral, L.","2022","Bronze","Ouro",,,"Parque Estadual da Pedra Azul"
"PARQUE ESTADUAL PEDRA AZUL","Bryophytes","Clusiaceae","Clusia","burle-marxii","Bittrich","CLUSIACEAE Clusia burle-marxii Bittrich","VIES000914","splink","VIES","Geraldo, F.S.","s.n.","Native","1986","Marinho, L.C.","2014","Ouro","Prata",,"Domingos Martins","Pedra Azul."
"PARQUE ESTADUAL PEDRA AZUL","Angiosperms","Clusiaceae","Clusia","criuva","Cambess.","CLUSIACEAE Clusia criuva Cambess.","RB00119884","x","RB","Vieira, C.M.","649","Native","1994","Vieira, C.M.","1994","Bronze","Prata",,"Domingos Martins","Mun. de Domingos Martins - Pedra Azul - Perto da BR 262."
"PARQUE ESTADUAL PEDRA AZUL","Angiosperms","Clusiaceae","Clusia","criuva","Cambess.","CLUSIACEAE Clusia criuva subsp. criuva Cambess.","IFRV00001280",,"IFRV","Dalvi, V.C.","113","Native","2017","Nascimento Junior, J.E.","2018","Ouro","Ouro",,,"Pousada Pedra azul, nos arredores do Parque Estadual da Pedra Azul, Domingos Martins."
"PARQUE ESTADUAL PEDRA AZUL","Angiosperms","Clusiaceae","Clusia",,"L.","CLUSIACEAE Clusia L.","RB01445389","x","RB","Marcusso, G.M.","1854","Native","2020",,,"Latão","Ouro",,,"Parque Estadual da Pedra Azul, trilha nova para as piscinas naturais, até a base da pedra das flores"
"PARQUE ESTADUAL PEDRA AZUL","Angiosperms","Clusiaceae","Clusia",,"L.","CLUSIACEAE Clusia L.","76775","x","HRCB","Marcusso, G.M.","1854","Native","2020",,,"Latão","Ouro",,,"Parque Estadual da Pedra Azul Trilha nova para as piscinas naturais, até a base da pedra das flores"
"PARQUE ESTADUAL PEDRA AZUL","Angiosperms","Clusiaceae","Clusia",,"L.","CLUSIACEAE Clusia L.","HRCB076796","splink","HRCB","Marcusso, G.M.","1875","Native","2020",,,"Latão","Ouro",,"Domingos Martins","Parque Estadual da Pedra Azul Trilha nova para as piscinas naturais, até a base da pedra das flores"
"PARQUE ESTADUAL PEDRA AZUL","Angiosperms","Clusiaceae","Clusia",,"L.","CLUSIACEAE Clusia L.","RB01446261","x","RB","Marcusso, G.M.","1875","Native","2020",,,"Latão","Ouro",,,"Parque Estadual da Pedra Azul, trilha nova para as piscinas naturais, até a base da pedra das flores."
"PARQUE ESTADUAL PEDRA AZUL","Angiosperms","Clusiaceae","Clusia",,"L.","CLUSIACEAE Clusia L.","VIES067605","splink","VIES","Alencar, A.C.","225","Native","2018",,,"Latão","Ouro",,"Domingos Martins","Parque Estadual da Pedra Azul, trilha para as piscinas, logo após a subida com cordas"
"PARQUE ESTADUAL PEDRA AZUL","Angiosperms","Clusiaceae","Clusia","organensis","Planch. & Triana","CLUSIACEAE Clusia organensis Planch. & Triana","204833","x","UEC","Dal-Col, A.C.S.","206","Native","2013","Alencar, A.C.","2019","Bronze","Ouro",,,"Brasil, Espírito Santo, Domingos Martins.Parque Estadual Pedra Azul."
"PARQUE ESTADUAL PEDRA AZUL","Angiosperms","Clusiaceae","Clusia","organensis","Planch. & Triana","CLUSIACEAE Clusia organensis Planch. & Triana","VIES063133","splink","VIES","Faller, V.S.","202","Native","2024",,,"Latão","Ouro",,"Domingos Martins","Pedra Azul. Parque Estadual da Pedra Azul"
"PARQUE ESTADUAL PEDRA AZUL","Angiosperms","Clusiaceae","Clusia","organensis","Planch. & Triana","CLUSIACEAE Clusia organensis Planch. & Triana","HRCB072885","splink","HRCB","Marcusso, G.M.","1076","Native","2018",,,"Latão","Ouro",,"Domingos Martins","Propriedade particular contígua ao Parque Estadual da Pedra Azul Encosta da vertente do vale e grotas úmidas nas margens do rio."
"PARQUE ESTADUAL PEDRA AZUL","Angiosperms","Clusiaceae","Clusia","organensis","Planch. & Triana","CLUSIACEAE Clusia organensis Planch. & Triana","54484","splink","CEPEC","Hatschbach, G.","49962","Native","1985","Bittrich, V.",,"Ouro","Prata",,"Domingos Martins","Pedra Azul."
"PARQUE ESTADUAL PEDRA AZUL","Angiosperms","Clusiaceae","Clusia","organensis","Planch. & Triana","CLUSIACEAE Clusia organensis Planch. & Triana","CEPEC00136881",,"CEPEC","Vieira, C.M.","647","Native","1994","Vieira, C.M.",,"Bronze","Prata","jbrj-public.s3-sa-east-1.amazonaws.com/fsi/server?type=image&source=DZI/cepec/cepec/0/13/68/81/cepec00136881.dzi","Domingos Martins","Pedra Azul, proximidades da BR-262."
"PARQUE ESTADUAL PEDRA AZUL","Angiosperms","Clusiaceae",,,"Lindl.","CLUSIACEAE Clusiaceae Lindl.","MA-01-00579678","x","MA","Hatschbach, G.","49962","Native","1985","Pipoly, J.J.","1990","Ouro","Prata",,"Domingos Martins","Pedra Azul (mun. Domingos Martins) Espiritu Santo"
"PARQUE ESTADUAL PEDRA AZUL","Ferns and Lycophytes","Commelinaceae","Tripogandra",,"Raf.","COMMELINACEAE Tripogandra Raf.","UB1288398",,"UB","Dantas, T.S.","912","Native","2016",,,"Latão","Ouro",,"Domingos Martins","Parque Estadual da Pedra Azul, trilha para a base da pedra."
"PARQUE ESTADUAL PEDRA AZUL","Ferns and Lycophytes","Commelinaceae","Tripogandra",,"Raf.","COMMELINACEAE Tripogandra Raf.","UB1288965",,"UB","Dantas, T.S.","904","Native","2016",,,"Latão","Ouro",,"Domingos Martins","Parque Estadual da Pedra Azul, trilha para a base da pedra."
"PARQUE ESTADUAL PEDRA AZUL","Angiosperms","Corallinaceae","Heteroderma",,"Foslie","CORALLINACEAE Heteroderma Foslie","VIESFUNGI9901881","splink","VIES-FUNGI","Fraga Junior, C.A.V.","1249","Native","2022","Fraga Junior, C.A.V.","2022","Bronze","Ouro",,"Domingos Martins","Trilha PEPAZ. Parque Estadual Pedra Azul"
"PARQUE ESTADUAL PEDRA AZUL","Angiosperms","Corallinaceae","Heteroderma",,"Foslie","CORALLINACEAE Heteroderma Foslie","VIESFUNGI9901880",,"VIESFUNGI","Fraga Junior, C.A.V.","1341","Native","2022","Fraga Junior, C.A.V.","2022","Bronze","Ouro",,"Domingos Martins","Trilha PEPAZ. Parque Estadual Pedra Azul"
"PARQUE ESTADUAL PEDRA AZUL","Angiosperms","Corallinaceae","Heteroderma",,"Foslie","CORALLINACEAE Heteroderma Foslie","VIESFUNGI9901881",,"VIESFUNGI","Fraga Junior, C.A.V.","1249","Native","2022","Fraga Junior, C.A.V.","2022","Bronze","Ouro",,"Domingos Martins","Trilha PEPAZ. Parque Estadual Pedra Azul"
"PARQUE ESTADUAL PEDRA AZUL","Angiosperms","Cupressaceae","Cryptomeria","japonica","(Thunb. ex L.f.) D.Don","CUPRESSACEAE Cryptomeria japonica (Thunb. ex L.f.) D.Don","ALCB033507","x","ALCB","Guedes, M.L.","25025","Native","2016","Guedes, M.L.",,"Bronze","Ouro",,,"Parque Estadual da Pedra Azul."
"PARQUE ESTADUAL PEDRA AZUL","Angiosperms","Cupressaceae","Cupressus","lusitanica","Mill.","CUPRESSACEAE Cupressus lusitanica Mill.","126243","x","ALCB","Guedes, M.L.","25026","Native","2016","Guedes, M.L.",,"Bronze","Ouro",,,"Parque Estadual da Pedra Azul."
"PARQUE ESTADUAL PEDRA AZUL","Angiosperms","Cupressaceae","Cupressus","lusitanica","Mill.","CUPRESSACEAE Cupressus lusitanica Mill.","ALCB033508","x","ALCB","Guedes, M.L.","25026","Native","2016","Guedes, M.L.",,"Bronze","Ouro",,,"Parque Estadual da Pedra Azul."
"PARQUE ESTADUAL PEDRA AZUL","Ferns and Lycophytes","Cyatheaceae","Alsophila","setosa","Kaulf.","CYATHEACEAE Alsophila setosa Kaulf.","126421","splink","BHCB","Salino, A.","14145","Native","2008","Salino, A.","2008","Ouro","Ouro",,"Domingos Martins","Entorno do Parque Estadual da Pedra Azul"
"PARQUE ESTADUAL PEDRA AZUL","Angiosperms","Cyatheaceae","Cyathea","delgadii","Pohl. ex Sternb.","CYATHEACEAE Cyathea delgadii Pohl. ex Sternb.","BHCB064501","splink","BHCB","Salino, A.","14096","Native","2008","Salino, A.","2008","Ouro","Ouro",,"Domingos Martins","Parque Estadual da Pedra Azul, Na trilha para as piscinas naturais"
"PARQUE ESTADUAL PEDRA AZUL","Ferns and Lycophytes","Cyatheaceae","Cyathea","phalerata","Mart.","CYATHEACEAE Cyathea phalerata Mart.","126373","splink","BHCB","Salino, A.","14097","Native","2008","Salino, A.","2008","Ouro","Ouro",,"Domingos Martins","Parque Estadual da Pedra Azul, Na trilha para as piscinas naturais"
"PARQUE ESTADUAL PEDRA AZUL","Ferns and Lycophytes","Dicranaceae","Campylopus",,"Brid.","DICRANACEAE Campylopus Brid.","UB1042891",,"UB","Henriques, D.K.","500","Native","2016","Henriques, D.K.",,"Bronze","Ouro",,"Domingos Martins","Parque Estadual da Pedra Azul, Trilha Mirante para Rota do Lagarto."
"PARQUE ESTADUAL PEDRA AZUL","Ferns and Lycophytes","Dicranaceae","Campylopus",,"Brid.","DICRANACEAE Campylopus Brid.","UB1160876",,"UB","Henriques, D.K.","522","Native","2016","Faria, A.A.",,"Bronze","Ouro",,"Domingos Martins","Parque Estadual da Pedra Azul, Trilha Mirante para Rota do Lagarto."
"PARQUE ESTADUAL PEDRA AZUL","Ferns and Lycophytes","Dicranaceae","Campylopus",,"Brid.","DICRANACEAE Campylopus Brid.","UB1160914",,"UB","Henriques, D.K.","491","Native","2016","Henriques, D.K.",,"Bronze","Ouro",,"Domingos Martins","Parque Estadual da Pedra Azul, Trilha Mirante para Rota do Lagarto."
"PARQUE ESTADUAL PEDRA AZUL","Ferns and Lycophytes","Dicranaceae","Campylopus",,"Brid.","DICRANACEAE Campylopus Brid.","UB1266454",,"UB","Henriques, D.K.","745","Native","2016","Henriques, D.K.",,"Bronze","Ouro",,"Domingos Martins","Parque Estadual da Pedra Azul, Mirante Pedra do Lagarto."
"PARQUE ESTADUAL PEDRA AZUL",,"Dicranaceae","Campylopus",,"Brid.","DICRANACEAE Campylopus Brid.","UB1266458",,"UB","Henriques, D.K.","743",,"2016","Henriques, D.K.",,"Bronze","Ouro",,"Domingos Martins","Parque Estadual da Pedra Azul, Mirante Pedra do Lagarto."
"PARQUE ESTADUAL PEDRA AZUL","Angiosperms","Dicranaceae","Campylopus","occultus","Mitt.","DICRANACEAE Campylopus occultus Mitt.","HUEFS0171029","splink","HUEFS","Penha, L.T.","549","Native","2009","Penha, L.T.","2009","Bronze","Ouro",,"Domingos Martins","Parque Estadual Pedra Azul-Trilha das Flores."
"PARQUE ESTADUAL PEDRA AZUL","Angiosperms","Dicranaceae","Campylopus","pilifer","Brid.","DICRANACEAE Campylopus pilifer Brid.","171019","x","HUEFS","Penha, L.T.","241","Native","2009","Penha, L.T.","2009","Bronze","Ouro",,,"Parque Estadual Pedra Azul-Trilha das Piscinas."
"PARQUE ESTADUAL PEDRA AZUL","Angiosperms","Dicranaceae","Campylopus","pilifer","Brid.","DICRANACEAE Campylopus pilifer Brid.","96560","x","ALCB","Penha, L.T.","s/n","Native","2010",,,"Latão","Ouro",,,"Parque Estadual Pedra Azul, Trilha São Paulino do Aracê"
"PARQUE ESTADUAL PEDRA AZUL","Angiosperms","Dicranaceae",,,"Schimp.","DICRANACEAE Dicranaceae Schimp.","UB1038844",,"UB","Henriques, D.K.","747","Native","2016","Henriques, D.K.",,"Bronze","Ouro",,"Domingos Martins","Parque Estadual da Pedra Azul, Mirante Pedra do Lagarto."
"PARQUE ESTADUAL PEDRA AZUL","Angiosperms","Dicranaceae",,,"Schimp.","DICRANACEAE Dicranaceae Schimp.","UB1038845",,"UB","Henriques, D.K.","469","Native","2016","Henriques, D.K.",,"Bronze","Ouro",,"Domingos Martins","Parque Estadual da Pedra Azul, Trilha Mirante para Rota do Lagarto."
"PARQUE ESTADUAL PEDRA AZUL","Angiosperms","Dicranaceae",,,"Schimp.","DICRANACEAE Dicranaceae Schimp.","UB1232473",,"UB","Henriques, D.K.","748","Native","2016","Henriques, D.K.",,"Bronze","Ouro",,"Domingos Martins","Parque Estadual da Pedra Azul, Mirante Pedra do Lagarto."
"PARQUE ESTADUAL PEDRA AZUL","Angiosperms","Dicranaceae",,,"Schimp.","DICRANACEAE Dicranaceae Schimp.","UB1232475",,"UB","Henriques, D.K.","753","Native","2016","Henriques, D.K.",,"Bronze","Ouro",,"Domingos Martins","Parque Estadual da Pedra Azul, Mirante Pedra do Lagarto."
"PARQUE ESTADUAL PEDRA AZUL","Angiosperms","Dicranaceae",,,"Schimp.","DICRANACEAE Dicranaceae Schimp.","UB1038846",,"UB","Dantas, T.S.","762","Native","2016",,,"Latão","Ouro",,"Domingos Martins","Parque Estadual da Pedra Azul, trilha para as piscinas naturais."
"PARQUE ESTADUAL PEDRA AZUL","Bryophytes","Dicranaceae","Leucoloma","triforme","(Mitt.) A.Jaeger","DICRANACEAE Leucoloma triforme (Mitt.) A.Jaeger","CAP008598","splink","CAP","Peralta, D.F.","19497",,"2016",,,"Latão","Ouro",,"Domingos Martins","Mata Atlântica com afloramentos rochosos. sobre tronco vivo. Parque Estadual da Pedra Azul"
"PARQUE ESTADUAL PEDRA AZUL","Angiosperms","Didymochlaenaceae","Didymochlaena","truncatula","(Sw.) J.Sm.","DIDYMOCHLAENACEAE Didymochlaena truncatula (Sw.) J.Sm.","BHCB01127105",,"BHCB","Moura, I.O.","163","Native","2016","Salino, A.","2016","Bronze","Ouro",,,"Em torno do Parque Estadual da Pedra Azul. Floresta Ombrófila Densa."
"PARQUE ESTADUAL PEDRA AZUL","Angiosperms","Didymochlaenaceae","Didymochlaena","truncatula","(Sw.) J.Sm.","DIDYMOCHLAENACEAE Didymochlaena truncatula (Sw.) J.Sm.","BHCB01104175",,"BHCB","Salino, A.","14149","Native","2008","Salino, A.","2008","Bronze","Ouro",,"Domingos Martins","São Paulo do Aracê. Entorno do Parque Estadual da Pedra Azul."
"PARQUE ESTADUAL PEDRA AZUL","Angiosperms","Didymochlaenaceae","Didymochlaena","truncatula","(Sw.) J.Sm.","DIDYMOCHLAENACEAE Didymochlaena truncatula (Sw.) J.Sm.","126425","splink","BHCB","Salino, A.","14149","Native","2008","Salino, A.","2008","Bronze","Ouro",,"Domingos Martins","São Paulo do Aracê, Entorno do Parque Estadual da Pedra Azul"
"PARQUE ESTADUAL PEDRA AZUL","Angiosperms","Dioscoreaceae","Dioscorea",,"L.","DIOSCOREACEAE Dioscorea L.","75055","x","HRCB","Marcusso, G.M.","1594","Native","2019",,,"Latão","Ouro",,,"Parque Estadual da Pedra Azul Trilha nova para as piscinas naturais, até a base da pedra das flores"
"PARQUE ESTADUAL PEDRA AZUL","Angiosperms","Dryopteridaceae","Ctenitis","distans","(Brack.) Ching","DRYOPTERIDACEAE Ctenitis distans var. distans (Brack.) Ching","126428","splink","BHCB","Salino, A.","14152","Native","2008","Viveros, R.S.","2015","Bronze","Ouro",,"Domingos Martins","São Paulo do Aracê, Entorno do Parque Estadual da Pedra Azul"
"PARQUE ESTADUAL PEDRA AZUL","Ferns and Lycophytes","Dryopteridaceae","Ctenitis","distans","(Fée) R.S.Viveros & Salino","DRYOPTERIDACEAE Ctenitis distans var. isabellina (Fée) R.S.Viveros & Salino","BHCB01125646",,"BHCB","Moura, I.O.","165","Native","2016","Viveros, R.S.","2015","Bronze","Ouro",,"Domingos Martins","Parque Estadual da Pedra Azul. Floresta Ombrófila Densa."
"PARQUE ESTADUAL PEDRA AZUL","Ferns and Lycophytes","Dryopteridaceae","Ctenitis","submarginalis","(C.Presl) R.S.Viveros & Salino","DRYOPTERIDACEAE Ctenitis submarginalis var. tenuifolia (C.Presl) R.S.Viveros & Salino","126396","splink","BHCB","Salino, A.","14120","Native","2008","Viveros, R.S.","2015","Bronze","Ouro",,"Domingos Martins","Parque Estadual da Pedra Azul, Na trilha para as piscinas naturais"
"PARQUE ESTADUAL PEDRA AZUL","Bryophytes","Dryopteridaceae","Elaphoglossum","acutum","Brade","DRYOPTERIDACEAE Elaphoglossum acutum Brade","BHCB00039854",,"BHCB","Salino, A.","14141","Native","2008","Matos, F.B.","2019","Bronze","Ouro",,"Domingos Martins","São Paulo do Aracê. Entorno do Parque Estadual da Pedra Azul."
"PARQUE ESTADUAL PEDRA AZUL","Angiosperms","Dryopteridaceae","Elaphoglossum","bahiense","Rosenst.","DRYOPTERIDACEAE Elaphoglossum bahiense Rosenst.","NY00810699","splink","NY","Hatschbach, G.G.","49413","Native","1985","Smith, A.R.","1985","Bronze","Prata",,"Domingos Martins","Pedra Azul"
"PARQUE ESTADUAL PEDRA AZUL","Bryophytes","Dryopteridaceae","Elaphoglossum","glaziovii","(Fée) Brade","DRYOPTERIDACEAE Elaphoglossum glaziovii (Fée) Brade","BHCB01104671",,"BHCB","Salino, A.","14137","Native","2008","Salino, A.","2008","Ouro","Ouro",,"Domingos Martins","São Paulo do Aracê. Entorno do Parque Estadual da Pedra Azul."
"PARQUE ESTADUAL PEDRA AZUL","Ferns and Lycophytes","Dryopteridaceae","Elaphoglossum","glaziovii","(Fée) Brade","DRYOPTERIDACEAE Elaphoglossum glaziovii (Fée) Brade","126413","x","BHCB","Salino, A.","14137","Unknown","2008","Salino, A.","2008","Ouro","Ouro",,,"São Paulo do Aracê, Entorno do Parque Estadual da Pedra Azul"
"PARQUE ESTADUAL PEDRA AZUL","Ferns and Lycophytes","Dryopteridaceae","Elaphoglossum","glaziovii","(Fée) Brade","DRYOPTERIDACEAE Elaphoglossum glaziovii (Fée) Brade","72861","x","HRCB","Marcusso, G.M.","1051","Native","2018","Marcusso, G.M.","2019","Bronze","Ouro",,,"Propriedade particular contígua ao Parque Estadual da Pedra Azul Beira da estrada, encosta da vertente do vale e grotas úmidas nas margens do rio."
"PARQUE ESTADUAL PEDRA AZUL","Bryophytes","Dryopteridaceae","Elaphoglossum","hybridum","(Bory) Brack.","DRYOPTERIDACEAE Elaphoglossum hybridum (Bory) Brack.","BHCB01104699",,"BHCB","Salino, A.","14170","Native","2008","Salino, A.","2008","Ouro","Ouro",,"Domingos Martins","São Paulo do Aracê. Entorno do Parque Estadual da Pedra Azul."
"PARQUE ESTADUAL PEDRA AZUL","Bryophytes","Dryopteridaceae","Elaphoglossum","hybridum","(Bory) Brack.","DRYOPTERIDACEAE Elaphoglossum hybridum (Bory) Brack.","126446","x","BHCB","Salino, A.","14170","Native","2008","Salino, A.","2008","Ouro","Ouro",,,"São Paulo do Aracê, Entorno do Parque Estadual da Pedra Azul"
"PARQUE ESTADUAL PEDRA AZUL","Ferns and Lycophytes","Dryopteridaceae","Elaphoglossum","langsdorffii","(Hook. & Grev.) T.Moore","DRYOPTERIDACEAE Elaphoglossum langsdorffii (Hook. & Grev.) T.Moore","126406","splink","BHCB","Salino, A.","14130","Native","2008","Melo, L.C.N.","2012","Bronze","Ouro",,"Domingos Martins","São Paulo do Aracê, Entorno do Parque Estadual da Pedra Azul"
"PARQUE ESTADUAL PEDRA AZUL",,"Dryopteridaceae","Elaphoglossum","lingua","(C.Presl) Brack.","DRYOPTERIDACEAE Elaphoglossum lingua (C.Presl) Brack.","126464","splink","BHCB","Salino, A.","14188",,"2008","Salino, A.","2008","Ouro","Ouro",,"Domingos Martins","São Paulo do Aracê, Entorno do Parque Estadual da Pedra Azul"
"PARQUE ESTADUAL PEDRA AZUL","Ferns and Lycophytes","Dryopteridaceae","Elaphoglossum","macahense","(Fée) Rosenst.","DRYOPTERIDACEAE Elaphoglossum macahense (Fée) Rosenst.","126461","splink","BHCB","Salino, A.","14185","Native","2008","Melo, L.C.N.","2010","Bronze","Ouro",,"Domingos Martins","São Paulo do Aracê, Entorno do Parque Estadual da Pedra Azul"
"PARQUE ESTADUAL PEDRA AZUL",,"Dryopteridaceae","Elaphoglossum","minutum","(Pohl ex Fée) T.Moore","DRYOPTERIDACEAE Elaphoglossum minutum (Pohl ex Fée) T.Moore","BHCB00048648",,"BHCB","Salino, A.","14129",,"2008","Salino, A.","2009","Ouro","Ouro",,"Domingos Martins","São Paulo do Aracê. Entorno do Parque Estadual da Pedra Azul."
"PARQUE ESTADUAL PEDRA AZUL",,"Dryopteridaceae","Elaphoglossum","minutum","(Pohl ex Fée) T.Moore","DRYOPTERIDACEAE Elaphoglossum minutum (Pohl ex Fée) T.Moore","BHCB048648","splink","BHCB","Salino, A.","14129",,"2008","Salino, A.","2009","Ouro","Ouro",,"Domingos Martins","São Paulo do Aracê, Entorno do Parque Estadual da Pedra Azul"
"PARQUE ESTADUAL PEDRA AZUL","Ferns and Lycophytes","Dryopteridaceae","Elaphoglossum","pachydermum","(Fée) T.Moore","DRYOPTERIDACEAE Elaphoglossum pachydermum (Fée) T.Moore","126403","splink","BHCB","Salino, A.","14127","Native","2008","Melo, L.C.N.","2010","Bronze","Ouro",,"Domingos Martins","São Paulo do Aracê, Entorno do Parque Estadual da Pedra Azul"
"PARQUE ESTADUAL PEDRA AZUL","Ferns and Lycophytes","Dryopteridaceae","Elaphoglossum","papyraceum","(Fée) F.B.Matos & R.C.Moran","DRYOPTERIDACEAE Elaphoglossum papyraceum (Fée) F.B.Matos & R.C.Moran","BHCB00048680",,"BHCB","Salino, A.","14169","Native","2008","Matos, F.B.","2019","Bronze","Ouro",,"Domingos Martins","São Paulo do Aracê. Entorno do Parque Estadual da Pedra Azul."
"PARQUE ESTADUAL PEDRA AZUL","Angiosperms","Dryopteridaceae","Elaphoglossum",,"Schott ex J.Sm.","DRYOPTERIDACEAE Elaphoglossum Schott ex J.Sm.","RB01445281","x","RB","Marcusso, G.M.","1472","Native","2019",,,"Latão","Ouro",,,"Parque Estadual da Pedra Azul, trilha das piscinas naturais até próximo da base da pedra das flores, pela calha do rio"
"PARQUE ESTADUAL PEDRA AZUL","Angiosperms","Dryopteridaceae","Elaphoglossum",,"Schott ex J.Sm.","DRYOPTERIDACEAE Elaphoglossum Schott ex J.Sm.","MBML024841","splink","MBML","Kollmann, L.","8018","Native","2005",,,"Latão","Ouro",,"Domingos Martins","Parque Estadual da Pedra Azul"
"PARQUE ESTADUAL PEDRA AZUL","Ferns and Lycophytes","Dryopteridaceae","Elaphoglossum","strictum","(Raddi) T.Moore","DRYOPTERIDACEAE Elaphoglossum strictum (Raddi) T.Moore","126408","x","BHCB","Salino, A.","14132","Native","2008","Melo, L.C.N.",,"Bronze","Ouro",,,"São Paulo do Aracê, Entorno do Parque Estadual da Pedra Azul"
"PARQUE ESTADUAL PEDRA AZUL","Ferns and Lycophytes","Dryopteridaceae","Elaphoglossum","strictum","(Raddi) T.Moore","DRYOPTERIDACEAE Elaphoglossum strictum (Raddi) T.Moore","BHCB00048884",,"BHCB","Salino, A.","14132","Native","2008","Melo, L.C.N.","2009","Bronze","Ouro",,"Domingos Martins","São Paulo do Aracê. Entorno do Parque Estadual da Pedra Azul."
"PARQUE ESTADUAL PEDRA AZUL","Angiosperms","Dryopteridaceae","Elaphoglossum","tectum","(Humb. & Bonpl. ex Willd.) T.Moore","DRYOPTERIDACEAE Elaphoglossum tectum (Humb. & Bonpl. ex Willd.) T.Moore","BHCB048975","splink","BHCB","Salino, A.","14182","Native","2008","Salino, A.","2008","Ouro","Ouro",,"Domingos Martins","São Paulo do Aracê, Entorno do Parque Estadual da Pedra Azul"
"PARQUE ESTADUAL PEDRA AZUL","Angiosperms","Dryopteridaceae","Elaphoglossum","vagans","(Mett. ex Kuhn) Hieron.","DRYOPTERIDACEAE Elaphoglossum vagans (Mett. ex Kuhn) Hieron.","P00846391","x","P","Salino, A.","14107","Native","2008","Salino, A.",,"Ouro","Ouro",,,"Parque Estadual da Pedra Azul."
"PARQUE ESTADUAL PEDRA AZUL","Angiosperms","Dryopteridaceae","Elaphoglossum","vagans","(Mett. ex Kuhn) Hieron.","DRYOPTERIDACEAE Elaphoglossum vagans (Mett. ex Kuhn) Hieron.","BHCB01104281",,"BHCB","Salino, A.","14107","Native","2008","Salino, A.","2009","Ouro","Ouro",,"Domingos Martins","Parque Estadual da Pedra Azul. Na trilha para as piscinas naturais."
"PARQUE ESTADUAL PEDRA AZUL","Angiosperms","Dryopteridaceae","Elaphoglossum","vagans","(Mett. ex Kuhn) Hieron.","DRYOPTERIDACEAE Elaphoglossum vagans (Mett. ex Kuhn) Hieron.","126383","splink","BHCB","Salino, A.","14107","Native","2008","Salino, A.","2009","Ouro","Ouro",,"Domingos Martins","Parque Estadual da Pedra Azul, Na trilha para as piscinas naturais"
"PARQUE ESTADUAL PEDRA AZUL","Angiosperms","Dryopteridaceae","Elaphoglossum","vagans","(Mett. ex Kuhn) Hieron.","DRYOPTERIDACEAE Elaphoglossum vagans (Mett. ex Kuhn) Hieron.","BHCB01104969",,"BHCB","Salino, A.","14131","Native","2008","Salino, A.","2008","Ouro","Ouro",,"Domingos Martins","São Paulo do Aracê. Entorno do Parque Estadual da Pedra Azul."
"PARQUE ESTADUAL PEDRA AZUL","Angiosperms","Dryopteridaceae","Elaphoglossum","vagans","(Mett. ex Kuhn) Hieron.","DRYOPTERIDACEAE Elaphoglossum vagans (Mett. ex Kuhn) Hieron.","126407","splink","BHCB","Salino, A.","14131","Native","2008","Salino, A.","2008","Ouro","Ouro",,"Domingos Martins","São Paulo do Aracê, Entorno do Parque Estadual da Pedra Azul"
"PARQUE ESTADUAL PEDRA AZUL",,"Dryopteridaceae","Lastreopsis","amplissima","(C.Presl) Tindale","DRYOPTERIDACEAE Lastreopsis amplissima (C.Presl) Tindale","126436","splink","BHCB","Salino, A.","14160",,"2008","Salino, A.","2008","Ouro","Ouro",,"Domingos Martins","São Paulo do Aracê, Entorno do Parque Estadual da Pedra Azul"
"PARQUE ESTADUAL PEDRA AZUL","Bryophytes","Dryopteridaceae","Megalastrum","connexum","(Kaulf.) A.R.Sm. & R.C.Moran","DRYOPTERIDACEAE Megalastrum connexum (Kaulf.) A.R.Sm. & R.C.Moran","126444","splink","BHCB","Salino, A.","14168","Native","2008","Salino, A.","2014","Ouro","Ouro",,"Domingos Martins","São Paulo do Aracê, Entorno do Parque Estadual da Pedra Azul"
"PARQUE ESTADUAL PEDRA AZUL","Ferns and Lycophytes","Dryopteridaceae","Megalastrum","crenulans","(Fée) A.R.Sm. & R.C.Moran","DRYOPTERIDACEAE Megalastrum crenulans (Fée) A.R.Sm. & R.C.Moran","BHCB01127111",,"BHCB","Moura, I.O.","170","Native","2016","Salino, A.","2016","Ouro","Ouro",,,"Em torno do Parque Estadual da Pedra Azul. Floresta Ombrófila Densa."
"PARQUE ESTADUAL PEDRA AZUL","Ferns and Lycophytes","Dryopteridaceae","Megalastrum","crenulans","(Fée) A.R.Sm. & R.C.Moran","DRYOPTERIDACEAE Megalastrum crenulans (Fée) A.R.Sm. & R.C.Moran","BHCB01105175",,"BHCB","Salino, A.","14151","Native","2008","Salino, A.","2008","Ouro","Ouro",,"Domingos Martins","São Paulo do Aracê. Entorno do Parque Estadual da Pedra Azul."
"PARQUE ESTADUAL PEDRA AZUL","Ferns and Lycophytes","Dryopteridaceae","Megalastrum","crenulans","(Fée) A.R.Sm. & R.C.Moran","DRYOPTERIDACEAE Megalastrum crenulans (Fée) A.R.Sm. & R.C.Moran","BHCB070086","splink","BHCB","Salino, A.","14151","Native","2008","Salino, A.","2008","Ouro","Ouro",,"Domingos Martins","São Paulo do Aracê, Entorno do Parque Estadual da Pedra Azul"
"PARQUE ESTADUAL PEDRA AZUL","Angiosperms","Dryopteridaceae","Mickelia","scandens","(Raddi) R.C.Moran, Labiak & Sundue","DRYOPTERIDACEAE Mickelia scandens (Raddi) R.C.Moran, Labiak & Sundue","126443","splink","BHCB","Salino, A.","14167","Native","2008","Almeida, T.E.","2011","Ouro","Ouro",,"Domingos Martins","São Paulo do Aracê, Entorno do Parque Estadual da Pedra Azul"
"PARQUE ESTADUAL PEDRA AZUL","Bryophytes","Dryopteridaceae","Olfersia","cervina","(L.) Kunze","DRYOPTERIDACEAE Olfersia cervina (L.) Kunze","BHCB001226","splink","BHCB","Salino, A.","14133","Native","2008","Salino, A.","2008","Ouro","Ouro",,"Domingos Martins","São Paulo do Aracê, Entorno do Parque Estadual da Pedra Azul"
"PARQUE ESTADUAL PEDRA AZUL","Bryophytes","Dryopteridaceae","Parapolystichum","effusum","(Sw.) Ching","DRYOPTERIDACEAE Parapolystichum effusum (Sw.) Ching","126435","splink","BHCB","Salino, A.","14159","Native","2008","Salino, A.","2008","Ouro","Ouro",,"Domingos Martins","São Paulo do Aracê, Entorno do Parque Estadual da Pedra Azul"
"PARQUE ESTADUAL PEDRA AZUL","Bryophytes","Dryopteridaceae","Polybotrya","cylindrica","Kaulf.","DRYOPTERIDACEAE Polybotrya cylindrica Kaulf.","126442","splink","BHCB","Salino, A.","14166","Native","2008","Salino, A.","2009","Ouro","Ouro",,"Domingos Martins","São Paulo do Aracê, Entorno do Parque Estadual da Pedra Azul"
"PARQUE ESTADUAL PEDRA AZUL","Bryophytes","Dryopteridaceae","Polystichum","montevidense","(Spreng.) Rosenst.","DRYOPTERIDACEAE Polystichum montevidense (Spreng.) Rosenst.","126441","splink","BHCB","Salino, A.","14165","Native","2008","Salino, A.","2009","Ouro","Ouro",,"Domingos Martins","São Paulo do Aracê, Entorno do Parque Estadual da Pedra Azul"
"PARQUE ESTADUAL PEDRA AZUL","Angiosperms","Dryopteridaceae","Rumohra","adiantiformis","(G.Forst.) Ching","DRYOPTERIDACEAE Rumohra adiantiformis (G.Forst.) Ching","126387","splink","BHCB","Salino, A.","14111","Native","2008","Salino, A.","2008","Ouro","Ouro",,"Domingos Martins","Parque Estadual da Pedra Azul, Na trilha para as piscinas naturais"
"PARQUE ESTADUAL PEDRA AZUL","Bryophytes","Dryopteridaceae","Rumohra","adiantiformis","(G.Forst.) Ching","DRYOPTERIDACEAE Rumohra adiantiformis (G.Forst.) Ching","BHCB231579","splink","BHCB","Marcusso, G.M.","1034","Native","2018","Marcusso, G.M.","2018","Bronze","Ouro",,"Domingos Martins","Parque Estadual da Pedra Azul"
"PARQUE ESTADUAL PEDRA AZUL","Bryophytes","Dryopteridaceae","Rumohra","adiantiformis","(G.Forst.) Ching","DRYOPTERIDACEAE Rumohra adiantiformis (G.Forst.) Ching","72846","x","HRCB","Marcusso, G.M.","1036","Native","2018","Marcusso, G.M.","2018","Bronze","Ouro",,,"Parque Estadual da Pedra Azul Trilha das piscinas naturais até próximo da base da pedra azul, pela calha do rio."
"PARQUE ESTADUAL PEDRA AZUL","Bryophytes","Dryopteridaceae","Rumohra","adiantiformis","(G.Forst.) Ching","DRYOPTERIDACEAE Rumohra adiantiformis (G.Forst.) Ching","HRCB072844","splink","HRCB","Marcusso, G.M.","1034","Native","2018","Marcusso, G.M.","2018","Bronze","Ouro",,"Domingos Martins","Parque Estadual da Pedra Azul Trilha das piscinas naturais até próximo da base da pedra azul, pela calha do rio."
"PARQUE ESTADUAL PEDRA AZUL","Bryophytes","Ericaceae","Agarista","hispidula","(DC.) J.D. Hook. ex Nied.","ERICACEAE Agarista hispidula (DC.) J.D. Hook. ex Nied.","RB00562060","x","RB","Fontana, A.P.","2213","Native","2006","F.b.santos","2017","Bronze","Ouro",,,"Pedra Azul, Pedra das Flores, cume. Floresta Ombrófila Densa, Aforamento rochoso com Mata Nebular. Parque Estadual Pedra Azul"
"PARQUE ESTADUAL PEDRA AZUL",,"Eriocaulaceae","Cora",,"Andrino & Sano","ERIOCAULACEAE Cora Andrino & Sano","VIESFUNGI9901859",,"VIESFUNGI","Fraga Junior, C.A.V.","1334",,"2022","Fraga Junior, C.A.V.","2022","Bronze","Ouro",,"Domingos Martins","Trilha PEPAZ. Parque Estadual Pedra Azul"
"PARQUE ESTADUAL PEDRA AZUL","Bryophytes","Eriocaulaceae","Paepalanthus","calvescens","L.E.F.Silva & Trovó","ERIOCAULACEAE Paepalanthus calvescens L.E.F.Silva & Trovó","205086","x","UEC","Silva, L.E.F.","116","Native","2017","Silva, L.E.F.","2017","Ouro","Ouro",,,"Próxima ao Parque Estadual da Pedra Azul."
"PARQUE ESTADUAL PEDRA AZUL","Bryophytes","Eriocaulaceae","Paepalanthus","calvescens","L.E.F.Silva & Trovó","ERIOCAULACEAE Paepalanthus calvescens L.E.F.Silva & Trovó","HUEFS0139137","splink","HUEFS","Silva, L.E.F.","116","Native","2017","Silva, L.E.F.","2017","Ouro","Ouro",,"Vargem Alta","Afloramento rochoso ""morro de sal"". Próxima ao Parque Estadual da pedra Azul."
"PARQUE ESTADUAL PEDRA AZUL","Bryophytes","Eriocaulaceae","Paepalanthus","calvescens","L.E.F.Silva & Trovó","ERIOCAULACEAE Paepalanthus calvescens L.E.F.Silva & Trovó","CESJ076585","splink","CESJ","Silva, L.E.F.","116","Native","2017","Silva, L.E.F.","2017","Ouro","Ouro",,"Vargem Alta","próxima ao Parque Estadual da Pedra Azul."
"PARQUE ESTADUAL PEDRA AZUL","Bryophytes","Eriocaulaceae","Paepalanthus","calvescens","L.E.F.Silva & Trovó","ERIOCAULACEAE Paepalanthus calvescens L.E.F.Silva & Trovó","US03462935","splink","US","Silva, L.","47","Native","2016","Silva, L.E.F.",,"Ouro","Ouro",,"Vargem Alta","Vargem Alta. Estrada vicinal que liga a rodovia ES 164 a rodovia ES 383, nos arredores do Parque Estadual da Pedra Azul."
"PARQUE ESTADUAL PEDRA AZUL","Bryophytes","Eriocaulaceae","Paepalanthus","calvescens","L.E.F.Silva & Trovó","ERIOCAULACEAE Paepalanthus calvescens L.E.F.Silva & Trovó","VIES043064","splink","VIES","Silva, L.E.F.","47","Native","2016","Silva, L.E.F.","2016","Ouro","Ouro",,"Vargem Alta","Estrada vicinal que liga a rodovia ES-164 à rodovia ES-383, nos arredores do Parque Estadual da Pedra Azul."
"PARQUE ESTADUAL PEDRA AZUL","Angiosperms","Eriocaulaceae","Paepalanthus","capixaba","Trovó, Fraga & Sano","ERIOCAULACEAE Paepalanthus capixaba Trovó, Fraga & Sano","RFA46764","splink","RFA","Silva, L.E.F.","43","Native","2016","Silva, L.E.F.","2016","Bronze","Ouro",,"Vargem Alta","Próximo ao Parque Estadual da Pedra Azul"
"PARQUE ESTADUAL PEDRA AZUL","Bryophytes","Eriocaulaceae","Paepalanthus","capixaba","Trovó, Fraga & Sano","ERIOCAULACEAE Paepalanthus capixaba Trovó, Fraga & Sano","RB01407408","x","RB","Silva, L.E.F.","45","Native","2016","Silva, L.E.F.","2016","Bronze","Ouro",,,"Próximo ao Parque Estadual da Pedra Azul."
"PARQUE ESTADUAL PEDRA AZUL","Bryophytes","Eriocaulaceae","Paepalanthus","capixaba","Trovó, Fraga & Sano","ERIOCAULACEAE Paepalanthus capixaba Trovó, Fraga & Sano","RFA46764",,"RFA","Silva, L.E.F.","43","Native","2016","Silva, L.E.F.","2016","Bronze","Ouro",,"Vargem Alta","Próximo ao Parque Estadual da Pedra Azul"
"PARQUE ESTADUAL PEDRA AZUL","Ferns and Lycophytes","Euphorbiaceae","Astraea","macroura","(Colla) P.L.R. Moraes, De Smedt & Guglielmone","EUPHORBIACEAE Astraea macroura (Colla) P.L.R. Moraes, De Smedt & Guglielmone","SP0475356","splink","SP","Kollmann, L.","8041","Native","2005","Silva, O.L.M.","2018","Ouro","Ouro",,"Domingos Martins","Parque Estadual da Pedra Azul, Trilha das Piscinas. No sol"
"PARQUE ESTADUAL PEDRA AZUL","Angiosperms","Euphorbiaceae","Croton","splendidus","Mart.","EUPHORBIACEAE Croton splendidus Mart.","RB00562065","x","Rio de Janeiro Botanical Garden Herbarium","Fontana, A.P.","2218","Native","2006","A.p.n.pereira","2018","Bronze","Ouro",,,"Pedra Azul, Pedra das Flores, cume. Floresta Ombrófila Densa, Aforamento rochoso com Mata Nebular. Parque Estadual Pedra Azul"
"PARQUE ESTADUAL PEDRA AZUL","Angiosperms","Euphorbiaceae","Croton","splendidus","Mart.","EUPHORBIACEAE Croton splendidus Mart.","MBML024855","splink","MBML","Kollmann, L.","8033","Native","2005","Cordeiro/x, I.","2010","Bronze","Ouro",,"Domingos Martins","Parque Estadual da Pedra Azul"
"PARQUE ESTADUAL PEDRA AZUL","Bryophytes","Fabaceae","Camptosema",,"Hook. & Arn.","FABACEAE Camptosema Hook. & Arn.","HRCB076794","splink","HRCB","Marcusso, G.M.","1873","Native","2020",,,"Latão","Ouro",,"Domingos Martins","Parque Estadual da Pedra Azul Trilha nova para as piscinas naturais, até a base da pedra das flores"
"PARQUE ESTADUAL PEDRA AZUL","Ferns and Lycophytes","Fabaceae","Chamaecrista",,"(L.) Moench","FABACEAE Chamaecrista (L.) Moench","42035","x","VIC","Coutinho, I.A.C.","264","Native","2013","Coutinho, I.A.C.","2013","Bronze","Ouro",,,"Parque estadual Pedra Azul"
"PARQUE ESTADUAL PEDRA AZUL","Angiosperms","Fabaceae","Collaea","speciosa","(Loisel.) DC.","FABACEAE Collaea speciosa (Loisel.) DC.","VIES035030","splink","VIES","Col, A.C.S.D.","211","Native","2013","Col, A.C.S.D.","2014","Bronze","Ouro",,"Domingos Martins","Parque Estadual Pedra Azul."
"PARQUE ESTADUAL PEDRA AZUL","Angiosperms","Fabaceae","Collaea","speciosa","(Loisel.) DC.","FABACEAE Collaea speciosa (Loisel.) DC.","MBML006244","splink","MBML","Mota, E.V.R.","9","Native","1991","Weiler, I.","1997","Bronze","Ouro",,"Domingos Martins","Parque Estadual da Pedra Azul"
"PARQUE ESTADUAL PEDRA AZUL","Bryophytes","Fabaceae","Collaea","speciosa","(Loisel.) DC.","FABACEAE Collaea speciosa (Loisel.) DC.","VIES065535","splink","VIES","Faller, V.S.","586",,"2025",,,"Latão","Ouro",,"Domingos Martins","Aracê. Parque Estadual da Pedra Azul"
"PARQUE ESTADUAL PEDRA AZUL","Angiosperms","Fabaceae","Crotalaria",,"L.","FABACEAE Crotalaria L.","RB00584668","x","RB","Kollmann, L.","8030","Native","2005",,,"Latão","Ouro",,,"Parque Estadual da Pedra Azul. Trilha das Piscinas."
"PARQUE ESTADUAL PEDRA AZUL","Angiosperms","Fabaceae","Crotalaria","spectabilis","Röth","FABACEAE Crotalaria spectabilis Röth","VIC042034","splink","VIC","Coutinho, I.A.C.","268","Native","2013","Siqueira, L.C.","2014","Bronze","Ouro",,,"Parque Estadual da Pedra Azul"
"PARQUE ESTADUAL PEDRA AZUL","Angiosperms","Fabaceae",,,"Lindl.","FABACEAE Fabaceae Lindl.","HUENF00017150",,"HUENF","Giraldo, M.A.B.","23","Native","2026",,,"Latão","Ouro",,"Domingos Martins","Parque Estadual Pedra Azul."
"PARQUE ESTADUAL PEDRA AZUL",,"Fabaceae","Inga","sessilis","(Vell.) Mart.","FABACEAE Inga sessilis (Vell.) Mart.","066203","x","ICN","Shepherd, G.J.","s.n.",,"1984","Tamashiro, J.Y.",,"Ouro","Ouro",,,"Rodovia Vitória x Belo Horizonte, km 85, Parque Estadual de Pedra Azul"
"PARQUE ESTADUAL PEDRA AZUL","Angiosperms","Fabaceae","Inga","sessilis","(Vell.) Mart.","FABACEAE Inga sessilis (Vell.) Mart.","VIES010595","splink","VIES","Cardoso, W.C.","422b","Native","2016","Castro, M.A.",,"Bronze","Ouro",,"Domingos Martins","Subida para a sede. Parque Estadual Pedra Azul"
"PARQUE ESTADUAL PEDRA AZUL","Angiosperms","Fabaceae","Inga","sessilis","(Vell.) Mart.","FABACEAE Inga sessilis (Vell.) Mart.","8217","x","VIES","Cardoso, W.C.","421","Native","2016","Cardoso, W.C.","2023","Bronze","Ouro",,,"Subida para a sede. Parque Estadual Pedra Azul"
"PARQUE ESTADUAL PEDRA AZUL",,"Fabaceae","Mantiqueira","bella","(Mart. ex Benth.) L.P.Queiroz","FABACEAE Mantiqueira bella (Mart. ex Benth.) L.P.Queiroz","SPF00130676","splink","SPF","Vasconcelos, M.F.","s.n.",,"1998","Pereira, I.L.","2024","Bronze","Ouro",,"Domingos Martins","Parque Estadual da Pedra Azul"
"PARQUE ESTADUAL PEDRA AZUL",,"Fabaceae","Mantiqueira","bella","(Mart. ex Benth.) L.P.Queiroz","FABACEAE Mantiqueira bella (Mart. ex Benth.) L.P.Queiroz","40370","splink","BHCB",,"s.n.",,"0",,"0-0-0","Latão","Ouro",,"Domingos Martins","Parque Estadual de Pedra Azul, Pedra Azul"
"PARQUE ESTADUAL PEDRA AZUL","Angiosperms","Fabaceae","Senna","macranthera","(DC. ex Collad.) H.S.Irwin & Barneby","FABACEAE Senna macranthera (DC. ex Collad.) H.S.Irwin & Barneby","VIC042039","splink","VIC","Coutinho, I.A.C.","262","Native","2013","Coutinho, I.A.C.","2013","Bronze","Ouro",,,"Parque estadual Pedra Azul"
"PARQUE ESTADUAL PEDRA AZUL","Angiosperms","Fabaceae","Senna","macranthera","(DC. ex Collad.) H.S.Irwin & Barneby","FABACEAE Senna macranthera (DC. ex Collad.) H.S.Irwin & Barneby","VIES064043","splink","VIES","Magno, A.","350","Native","2024",,,"Latão","Ouro",,"Domingos Martins","Pedra Azul. Parque Estadual Pedra Azul"
"PARQUE ESTADUAL PEDRA AZUL","Angiosperms","Fabaceae","Senna","tenuifolia","(Vogel) H.S.Irwin & Barneby","FABACEAE Senna tenuifolia (Vogel) H.S.Irwin & Barneby","RB00580869","x","RB","Kollmann, L.","8049","Native","2005","Gibau, A.","2019","Bronze","Ouro",,,"Parque Estadual da Pedra Azul. Trilha das Piscinas."
"PARQUE ESTADUAL PEDRA AZUL","Angiosperms","Fabaceae","Senna","tenuifolia","(Vogel) H.S.Irwin & Barneby","FABACEAE Senna tenuifolia (Vogel) H.S.Irwin & Barneby","RB00580869","x","Rio de Janeiro Botanical Garden Herbarium","Kollmann, L.","8049","Native","2005","Administrador","2019","Bronze","Ouro",,,"Parque Estadual da Pedra Azul. Trilha das Piscinas."
"PARQUE ESTADUAL PEDRA AZUL","Ferns and Lycophytes","Fabaceae","Swartzia",,"Schreb.","FABACEAE Swartzia Schreb.","74174","x","HRCB","Lombardi, J.A.","10628","Native","2018",,,"Latão","Ouro",,,"propriedade adjacente ao Parque Estadual da Pedra Azul"
"PARQUE ESTADUAL PEDRA AZUL","Angiosperms","Fissidentaceae","Fissidens",,"Hedw.","FISSIDENTACEAE Fissidens Hedw.","UB1029224",,"UB","Henriques, D.K.","740","Native","2016","Henriques, D.K.",,"Bronze","Ouro",,"Domingos Martins","Parque Estadual da Pedra Azul, Trilha do Cedro."
"PARQUE ESTADUAL PEDRA AZUL","Angiosperms","Fissidentaceae","Fissidens",,"Hedw.","FISSIDENTACEAE Fissidens Hedw.","UB1195980",,"UB","Henriques, D.K.","732","Native","2016","Henriques, D.K.",,"Bronze","Ouro",,"Domingos Martins","Parque Estadual da Pedra Azul, Trilha do Cedro."
"PARQUE ESTADUAL PEDRA AZUL","Angiosperms","Fissidentaceae","Fissidens",,"Hedw.","FISSIDENTACEAE Fissidens Hedw.","UB1196011",,"UB","Henriques, D.K.","725","Native","2016","Henriques, D.K.",,"Bronze","Ouro",,"Domingos Martins","Parque Estadual da Pedra Azul, Trilha do Cedro."
"PARQUE ESTADUAL PEDRA AZUL","Angiosperms","Fissidentaceae","Fissidens",,"Hedw.","FISSIDENTACEAE Fissidens Hedw.","UB1239643",,"UB","Henriques, D.K.","526","Native","2016","Henriques, D.K.",,"Bronze","Ouro",,"Domingos Martins","Parque Estadual da Pedra Azul, Trilha Mirante para Rota do Lagarto."
"PARQUE ESTADUAL PEDRA AZUL","Angiosperms","Fissidentaceae","Fissidens",,"Hedw.","FISSIDENTACEAE Fissidens Hedw.","UB1239651",,"UB","Henriques, D.K.","533","Native","2016","Henriques, D.K.",,"Bronze","Ouro",,"Domingos Martins","Parque Estadual da Pedra Azul, Trilha Mirante para Rota do Lagarto."
"PARQUE ESTADUAL PEDRA AZUL",,"Fissidentaceae","Fissidens","zollingeri","Mont.","FISSIDENTACEAE Fissidens zollingeri Mont.","96403","x","ALCB","Penha, L.T.","s/n",,"2009",,,"Latão","Ouro",,,"Parque Estadual Pedra Azul, Trilha do Mirante"
"PARQUE ESTADUAL PEDRA AZUL","Ferns and Lycophytes","Frullaniaceae","Frullania","brasiliensis","Raddi","FRULLANIACEAE Frullania brasiliensis Raddi","171038","x","HUEFS","Penha, L.T.","689","Native","2009","Penha, L.T.","2009","Bronze","Ouro",,,"Parque Estadual Pedra Azul-Trilha do Mirante."
"PARQUE ESTADUAL PEDRA AZUL","Angiosperms","Frullaniaceae","Frullania","brasiliensis","Raddi","FRULLANIACEAE Frullania brasiliensis Raddi","96404","x","ALCB","Penha, L.T.","s/n",,"2009",,,"Latão","Ouro",,,"Parque Estadual Pedra Azul, Trilha do Mirante"
"PARQUE ESTADUAL PEDRA AZUL","Angiosperms","Frullaniaceae","Frullania","brasiliensis","Raddi","FRULLANIACEAE Frullania brasiliensis Raddi","96402","x","ALCB","Penha, L.T.","s/n",,"2009",,,"Latão","Ouro",,,"Parque Estadual Pedra Azul, Trilha do Mirante"
"PARQUE ESTADUAL PEDRA AZUL",,"Frullaniaceae","Frullania","brasiliensis","Raddi","FRULLANIACEAE Frullania brasiliensis Raddi","96497","x","ALCB","Penha, L.T.","s/n",,"2009",,,"Latão","Ouro",,,"Parque Estadual Pedra Azul , Trilha do Mirante"
"PARQUE ESTADUAL PEDRA AZUL","Bryophytes","Frullaniaceae","Frullania","brasiliensis","Raddi","FRULLANIACEAE Frullania brasiliensis Raddi","96532","x","ALCB","Penha, L.T.","s/n",,"2009",,,"Latão","Ouro",,,"Parque Estadual Pedra Azul , Trilha do Mirante"
"PARQUE ESTADUAL PEDRA AZUL","Ferns and Lycophytes","Frullaniaceae","Frullania","ericoides","(Nees) Mont.","FRULLANIACEAE Frullania ericoides (Nees) Mont.","84780","x","ALCB","Santos., M.","s/n","Native","2009","Penha, L.T.P.",,"Bronze","Ouro",,,"Parque Estadual Pedra Azul"
"PARQUE ESTADUAL PEDRA AZUL","Angiosperms","Frullaniaceae","Frullania","ericoides","(Nees) Mont.","FRULLANIACEAE Frullania ericoides (Nees) Mont.","96493","x","ALCB","Penha, L.T.","s/n",,"2009",,,"Latão","Ouro",,,"Parque Estadual Pedra Azul , Trilha do Mirante"
"PARQUE ESTADUAL PEDRA AZUL","Angiosperms","Frullaniaceae","Frullania","ericoides","(Nees) Mont.","FRULLANIACEAE Frullania ericoides (Nees) Mont.","96526","x","ALCB","Penha, L.T.","s/n",,"2009",,,"Latão","Ouro",,,"Parque Estadual Pedra Azul , Trilha do Mirante"
"PARQUE ESTADUAL PEDRA AZUL",,"Frullaniaceae","Frullania","obscura","(Sw.) Dumort.","FRULLANIACEAE Frullania obscura (Sw.) Dumort.","96576","x","ALCB","Penha, L.T.","s/n",,"2010",,,"Latão","Ouro",,,"Parque Estadual Pedra Azul, Trilha São Paulino do Aracê"
"PARQUE ESTADUAL PEDRA AZUL",,"Frullaniaceae","Frullania","obscura","(Sw.) Dumort.","FRULLANIACEAE Frullania obscura (Sw.) Dumort.","96503","x","ALCB","Penha, L.T.","s/n",,"2009",,,"Latão","Ouro",,,"Parque Estadual Pedra Azul , Trilha do Mirante"
"PARQUE ESTADUAL PEDRA AZUL",,"Frullaniaceae","Frullania","obscura","(Sw.) Dumort.","FRULLANIACEAE Frullania obscura (Sw.) Dumort.","96400","x","ALCB","Penha, L.T.","s/n",,"2009",,,"Latão","Ouro",,,"Parque Estadual Pedra Azul, Trilha do Mirante"
"PARQUE ESTADUAL PEDRA AZUL","Angiosperms","Frullaniaceae","Frullania",,"Raddi","FRULLANIACEAE Frullania Raddi","UB1240027",,"UB","Henriques, D.K.","484","Native","2016","Henriques, D.K.",,"Bronze","Ouro",,"Domingos Martins","Parque Estadual da Pedra Azul, Trilha Mirante para Rota do Lagarto."
"PARQUE ESTADUAL PEDRA AZUL","Angiosperms","Frullaniaceae","Frullania",,"Raddi","FRULLANIACEAE Frullania Raddi","CAP008700","splink","CAP","Peralta, D.F.","19439","Native","2016",,,"Latão","Ouro",,"Domingos Martins","Mata Atlântica com afloramentos rochosos. sobre tronco vivo. Parque Estadual da Pedra Azul"
"PARQUE ESTADUAL PEDRA AZUL",,"Gentianaceae","Macrocarpaea","obtusifolia","(Griseb.) Gilg","GENTIANACEAE Macrocarpaea obtusifolia (Griseb.) Gilg","MBML025082","splink","MBML","Kollmann, L.","8026",,"2005","Grant/nov., J.R.","2009","Bronze","Ouro",,"Domingos Martins","Parque Estadual da Pedra Azul"
"PARQUE ESTADUAL PEDRA AZUL","Bryophytes","Gentianaceae","Prepusa","montana","Mart.","GENTIANACEAE Prepusa montana Mart.","45059","splink","CEPEC","Shepherd, G.J.","0","Native","1984","Tamashiro, J.Y.",,"Bronze","Prata",,"Domingos Martins","Pedra Azul."
"PARQUE ESTADUAL PEDRA AZUL","Angiosperms","Gentianaceae","Prepusa","viridiflora","Brade","GENTIANACEAE Prepusa viridiflora Brade","RB00562048","x","Rio de Janeiro Botanical Garden Herbarium","Fontana, A.P.","2200","Native","2006","Fontana, A.P.",,"Bronze","Ouro",,,"Pedra Azul, Pedra das Flores. Floresta Ombrófila Densa, Aforamento rochoso com Mata Nebular. Parque Estadual Pedra Azul"
"PARQUE ESTADUAL PEDRA AZUL","Angiosperms","Gentianaceae","Prepusa","viridiflora","Brade","GENTIANACEAE Prepusa viridiflora Brade","MBML024888","splink","MBML","Kollmann, L.","8023","Naturalized","2005","Kollmann, L.","2005","Bronze","Ouro",,"Domingos Martins","Parque Estadual da Pedra Azul"
"PARQUE ESTADUAL PEDRA AZUL","Ferns and Lycophytes","Gentianaceae","Prepusa","viridiflora","Brade","GENTIANACEAE Prepusa viridiflora Brade","VIES063127","splink","VIES","Faller, V.S.","196","Native","2024",,,"Latão","Ouro",,"Domingos Martins","Pedra Azul. Parque Estadual da Pedra Azul"
"PARQUE ESTADUAL PEDRA AZUL","Ferns and Lycophytes","Gentianaceae","Prepusa","viridiflora","Brade","GENTIANACEAE Prepusa viridiflora Brade","74923","x","HRCB","Arantes, F.M.","74","Native","2018",,,"Latão","Ouro",,,"Parque Estadual da Pedra Azul Próximo às piscinas naturais"
"PARQUE ESTADUAL PEDRA AZUL","Bryophytes","Gentianaceae","Prepusa","viridiflora","Brade","GENTIANACEAE Prepusa viridiflora Brade","RB00752862","x","RB","Kollmann, L.","8023","Native","2005",,,"Latão","Ouro",,,"Parque Estadual da Pedra Azul. Trilha das Piscinas."
"PARQUE ESTADUAL PEDRA AZUL","Angiosperms","Gentianaceae","Senaea","janeirensis","Brade","GENTIANACEAE Senaea janeirensis Brade","RB00562075","x","Rio de Janeiro Botanical Garden Herbarium","Fontana, A.P.","2228","Native","2006","Fraga","2013","Bronze","Ouro",,,"Pedra Azul, Pedra das Flores, cume. Floresta Ombrófila Densa, Aforamento rochoso com Mata Nebular. Parque Estadual Pedra Azul"
"PARQUE ESTADUAL PEDRA AZUL","Angiosperms","Gesneriaceae","Codonanthe","cordifolia","Chautems","GESNERIACEAE Codonanthe cordifolia Chautems","71812","x","HRCB","Marcusso, G.M.","846","Native","2018","Marcusso, G.M.","2018","Bronze","Ouro",,,"Parque Estadual da Pedra Azul"
"PARQUE ESTADUAL PEDRA AZUL","Angiosperms","Gesneriaceae","Codonanthe","cordifolia","Chautems","GESNERIACEAE Codonanthe cordifolia Chautems","72815","x","HRCB","Marcusso, G.M.","1005","Native","2018","Marcusso, G.M.","2018","Bronze","Ouro",,,"Parque Estadual da Pedra Azul Trilha das piscinas naturais até próximo da base da pedra azul, pela calha do rio."
"PARQUE ESTADUAL PEDRA AZUL","Angiosperms","Gesneriaceae","Sinningia","magnifica","(Otto & A.Dietr.) Wiehler","GESNERIACEAE Sinningia magnifica (Otto & A.Dietr.) Wiehler","37113","x","VIES","Cardoso, W.C.","291","Native","2014","Lorencini, T.S.",,"Bronze","Ouro",,,"Parque Estadual Pedra Azul."
"PARQUE ESTADUAL PEDRA AZUL","Ferns and Lycophytes","Gesneriaceae","Sinningia","magnifica","(Otto & A.Dietr.) Wiehler","GESNERIACEAE Sinningia magnifica (Otto & A.Dietr.) Wiehler","RB00562068","x","RB","Fontana, A.P.","2221","Naturalized","2006","Fontana, A.P.",,"Bronze","Ouro",,,"Pedra Azul, Pedra das Flores, cume. Floresta Ombrófila Densa, Aforamento rochoso com Mata Nebular. Parque Estadual Pedra Azul"
"PARQUE ESTADUAL PEDRA AZUL","Angiosperms","Gesneriaceae","Sinningia","magnifica","(Otto & A.Dietr.) Wiehler","GESNERIACEAE Sinningia magnifica (Otto & A.Dietr.) Wiehler","RB00562068","x","Rio de Janeiro Botanical Garden Herbarium","Fontana, A.P.","2221","Native","2006","Fontana, A.P.",,"Bronze","Ouro",,,"Pedra Azul, Pedra das Flores, cume. Floresta Ombrófila Densa, Aforamento rochoso com Mata Nebular. Parque Estadual Pedra Azul"
"PARQUE ESTADUAL PEDRA AZUL","Angiosperms","Gesneriaceae","Sinningia","magnifica","(Otto & A.Dietr.) Wiehler","GESNERIACEAE Sinningia magnifica (Otto & A.Dietr.) Wiehler","MBML025098","splink","MBML","Kollmann, L.","8053","Native","2005","Rossini/dez., J.","2005","Bronze","Ouro",,"Domingos Martins","Parque Estadual da Pedra Azul"
"PARQUE ESTADUAL PEDRA AZUL","Angiosperms","Gesneriaceae","Sinningia","magnifica","(Otto & A.Dietr.) Wiehler","GESNERIACEAE Sinningia magnifica (Otto & A.Dietr.) Wiehler","40367","splink","BHCB",,"s.n.","Native","0",,"0-0-0","Latão","Ouro",,"Domingos Martins","Parque Estadual de Pedra Azul, Pedra Azul"
"PARQUE ESTADUAL PEDRA AZUL","Angiosperms","Gesneriaceae","Vanhouttea","calcarata","Lem.","GESNERIACEAE Vanhouttea calcarata Lem.","CESJ086136","splink","CESJ","Couto, D.R.","7626","Native","2023","Couto, D.R.","2023","Bronze","Ouro",,"Domingos Martins","Pedra Azul, Parque Estadual da Pedra Azul. Trilha acima das piscinas. Maciço da Pedra Azul"
"PARQUE ESTADUAL PEDRA AZUL",,"Gesneriaceae","Vanhouttea","calcarata","Lem.","GESNERIACEAE Vanhouttea calcarata Lem.","HUEFS0295477","splink","HUEFS","Couto, D.R.","7626",,"2023","Couto, D.R.","2023","Bronze","Ouro",,"Domingos Martins","Pedra Azul. Vegetação de inselberg. Na trilha para as piscinas. Maciço da Pedra Azul. Parque Estadual da Pedra Azul."
"PARQUE ESTADUAL PEDRA AZUL",,"Gesneriaceae","Vanhouttea","calcarata","Lem.","GESNERIACEAE Vanhouttea calcarata Lem.","RB00562057","x","RB","Fontana, A.P.","2209",,"2006","Fontana, A.P.",,"Bronze","Ouro",,,"Pedra Azul, Pedra das Flores. Floresta Ombrófila Densa, Aforamento rochoso com Mata Nebular. Parque Estadual Pedra Azul"
"PARQUE ESTADUAL PEDRA AZUL",,"Gesneriaceae","Vanhouttea","calcarata","Lem.","GESNERIACEAE Vanhouttea calcarata Lem.","RB00562057","x","Rio de Janeiro Botanical Garden Herbarium","Fontana, A.P.","2209",,"2006","Fontana, A.P.",,"Bronze","Ouro",,,"Pedra Azul, Pedra das Flores. Floresta Ombrófila Densa, Aforamento rochoso com Mata Nebular. Parque Estadual Pedra Azul"
"PARQUE ESTADUAL PEDRA AZUL",,"Gesneriaceae","Vanhouttea","calcarata","Lem.","GESNERIACEAE Vanhouttea calcarata Lem.","MBML024923","splink","MBML","Kollmann, L.","8025",,"2005","Kollmann, L.","2005","Bronze","Ouro",,"Domingos Martins","Parque Estadual da Pedra Azul"
"PARQUE ESTADUAL PEDRA AZUL","Angiosperms","Gleicheniaceae","Sticherus","bifidus","(Willd.) Ching","GLEICHENIACEAE Sticherus bifidus (Willd.) Ching","P00846387","x","P","Salino, A.","14114","Native","2008",,"2012","Latão","Ouro",,,"Parque Estadual da Pedra Azul. Na trilha para as piscinas naturais"
"PARQUE ESTADUAL PEDRA AZUL","Angiosperms","Gleicheniaceae","Sticherus",,"C.Presl","GLEICHENIACEAE Sticherus C.Presl","126390","splink","BHCB","Salino, A.","14114","Native","2008",,"0-0-0","Latão","Ouro",,"Domingos Martins","Parque Estadual da Pedra Azul, Na trilha para as piscinas naturais"
"PARQUE ESTADUAL PEDRA AZUL","Angiosperms","Helicophyllaceae","Helicophyllum","torquatum","(Hook.) Brid.","HELICOPHYLLACEAE Helicophyllum torquatum (Hook.) Brid.","UB0335645","splink","UB","Henriques, D.K.","710","Native","2016","Peralta, D.F.","2024","Bronze","Ouro",,,"Parque Estadual da Pedra Azul."
"PARQUE ESTADUAL PEDRA AZUL","Angiosperms","Hymenophyllaceae","Didymoglossum","angustifrons","Fée","HYMENOPHYLLACEAE Didymoglossum angustifrons Fée","126455","splink","BHCB","Salino, A.","14179","Native","2008","Fernandes, R.S.","2012","Bronze","Ouro",,"Domingos Martins","São Paulo do Aracê, Entorno do Parque Estadual da Pedra Azul"
"PARQUE ESTADUAL PEDRA AZUL","Angiosperms","Hymenophyllaceae",,,"Gaudich.","HYMENOPHYLLACEAE Hymenophyllaceae Gaudich.","231581","x","BHCB","Marcusso, G.M.","1866","Native","2020",,,"Latão","Ouro",,,"Parque Estadual da Pedra Azul"
"PARQUE ESTADUAL PEDRA AZUL","Ferns and Lycophytes","Hymenophyllaceae","Hymenophyllum","fragile","(Hedw.) C.V.Morton","HYMENOPHYLLACEAE Hymenophyllum fragile (Hedw.) C.V.Morton","126451","splink","BHCB","Salino, A.","14175","Native","2008","Almeida, T.E.","2010","Bronze","Ouro",,"Domingos Martins","São Paulo do Aracê, Entorno do Parque Estadual da Pedra Azul. Floresta Ombrófila Densa."
"PARQUE ESTADUAL PEDRA AZUL","Ferns and Lycophytes","Hymenophyllaceae","Hymenophyllum","hirsutum","(L.) Sw.","HYMENOPHYLLACEAE Hymenophyllum hirsutum (L.) Sw.","BHCB01113701",,"BHCB","Salino, A.","14174","Native","2008","Salino, A.","2008","Bronze","Ouro",,"Domingos Martins","São Paulo do Aracê. Floresta Ombrófila Densa. Entorno do Parque Estadual da Pedra Azul."
"PARQUE ESTADUAL PEDRA AZUL","Ferns and Lycophytes","Hymenophyllaceae","Hymenophyllum","hirsutum","(L.) Sw.","HYMENOPHYLLACEAE Hymenophyllum hirsutum (L.) Sw.","126450","splink","BHCB","Salino, A.","14174","Native","2008","Salino, A.","2008","Bronze","Ouro",,"Domingos Martins","São Paulo do Aracê, Floresta Ombrófila Densa. Entorno do Parque Estadual da Pedra Azul"
"PARQUE ESTADUAL PEDRA AZUL",,"Hymenophyllaceae","Hymenophyllum","microcarpum","Desv.","HYMENOPHYLLACEAE Hymenophyllum microcarpum Desv.","126411","splink","BHCB","Salino, A.","14135",,"2008",,"2009","Latão","Ouro",,"Domingos Martins","São Paulo do Aracê, Entorno do Parque Estadual da Pedra Azul"
"PARQUE ESTADUAL PEDRA AZUL","Ferns and Lycophytes","Hymenophyllaceae","Hymenophyllum","myriocarpum","Hook.","HYMENOPHYLLACEAE Hymenophyllum myriocarpum Hook.","72808","x","HRCB","Marcusso, G.M.","998","Native","2018","Marcusso, G.M.","2019","Bronze","Ouro",,,"Parque Estadual da Pedra Azul Trilha das piscinas naturais até próximo da base da pedra azul, pela calha do rio."
"PARQUE ESTADUAL PEDRA AZUL","Bryophytes","Hymenophyllaceae","Hymenophyllum","polyanthos","(Sw.) Sw.","HYMENOPHYLLACEAE Hymenophyllum polyanthos (Sw.) Sw.","HRCB074795","splink","HRCB","Marcusso, G.M.","1490","Native","2019","Marcusso, G.M.","2019","Bronze","Ouro",,"Domingos Martins","Parque Estadual da Pedra Azul Capão floresta, ao lado da caneleta de água intermitente."
"PARQUE ESTADUAL PEDRA AZUL","Bryophytes","Hymenophyllaceae","Hymenophyllum","polyanthos","(Sw.) Sw.","HYMENOPHYLLACEAE Hymenophyllum polyanthos (Sw.) Sw.","BHCB01113516",,"BHCB","Salino, A.","14191","Native","2008","Salino, A.","2009","Bronze","Ouro",,"Domingos Martins","São Paulo do Aracê. Entorno do Parque Estadual da Pedra Azul. Floresta Ombrófila Densa."
"PARQUE ESTADUAL PEDRA AZUL","Bryophytes","Hymenophyllaceae","Hymenophyllum","polyanthos","(Sw.) Sw.","HYMENOPHYLLACEAE Hymenophyllum polyanthos (Sw.) Sw.","126467","splink","BHCB","Salino, A.","14191","Native","2008","Salino, A.","2009","Bronze","Ouro",,"Domingos Martins","São Paulo do Aracê, Entorno do Parque Estadual da Pedra Azul. Floresta Ombrófila Densa."
"PARQUE ESTADUAL PEDRA AZUL","Bryophytes","Hymenophyllaceae","Hymenophyllum","tunbrigense","(L.) Sm.","HYMENOPHYLLACEAE Hymenophyllum tunbrigense (L.) Sm.","72817","x","HRCB","Marcusso, G.M.","1007","Native","2018","Marcusso, G.M.","2019","Bronze","Ouro",,,"Parque Estadual da Pedra Azul Trilha das piscinas naturais até próximo da base da pedra azul, pela calha do rio."
"PARQUE ESTADUAL PEDRA AZUL","Angiosperms","Hymenophyllaceae","Polyphlebium","angustatum","(Carmich.) Ebihara & Dubuisson","HYMENOPHYLLACEAE Polyphlebium angustatum (Carmich.) Ebihara & Dubuisson","72821","x","HRCB","Marcusso, G.M.","1011","Native","2018","Marcusso, G.M.","2019","Bronze","Ouro",,,"Parque Estadual da Pedra Azul Trilha das piscinas naturais até próximo da base da pedra azul, pela calha do rio."
"PARQUE ESTADUAL PEDRA AZUL","Angiosperms","Hymenophyllaceae","Polyphlebium","angustatum","(Carmich.) Ebihara & Dubuisson","HYMENOPHYLLACEAE Polyphlebium angustatum (Carmich.) Ebihara & Dubuisson","HRCB072860","splink","HRCB","Marcusso, G.M.","1050","Native","2018","Marcusso, G.M.","2019","Bronze","Ouro",,"Domingos Martins","Propriedade particular contígua ao Parque Estadual da Pedra Azul Beira da estrada, encosta da vertente do vale e grotas úmidas nas margens do rio."
"PARQUE ESTADUAL PEDRA AZUL","Angiosperms","Hymenophyllaceae","Polyphlebium","angustatum","(Carmich.) Ebihara & Dubuisson","HYMENOPHYLLACEAE Polyphlebium angustatum (Carmich.) Ebihara & Dubuisson","BHCB01113972",,"BHCB","Salino, A.","14116","Native","2008","Salino, A.","2010","Bronze","Ouro",,"Domingos Martins","Parque Estadual da Pedra Azul. Na trilha para as piscinas naturais. Floresta Ombrófila Densa e afloramento rochoso."
"PARQUE ESTADUAL PEDRA AZUL","Angiosperms","Hymenophyllaceae","Polyphlebium","angustatum","(Carmich.) Ebihara & Dubuisson","HYMENOPHYLLACEAE Polyphlebium angustatum (Carmich.) Ebihara & Dubuisson","126392","splink","BHCB","Salino, A.","14116","Native","2008","Salino, A.","2010","Bronze","Ouro",,"Domingos Martins","Parque Estadual da Pedra Azul, Na trilha para as piscinas naturais. Floresta Ombrófila Densa e afloramento rochoso."
"PARQUE ESTADUAL PEDRA AZUL","Angiosperms","Hymenophyllaceae","Polyphlebium",,"Copel.","HYMENOPHYLLACEAE Polyphlebium Copel.","182775","splink","BHCB","Moura, I.O.","169","Native","2016",,"0-0-0","Latão","Ouro",,,"Em torno do Parque Estadual da Pedra Azul, Floresta Ombrófila Densa"
"PARQUE ESTADUAL PEDRA AZUL","Angiosperms","Hymenophyllaceae","Polyphlebium",,"Copel.","HYMENOPHYLLACEAE Polyphlebium Copel.","BHCB01113919",,"BHCB","Salino, A.","14192","Native","2008",,,"Latão","Ouro",,"Domingos Martins","São Paulo do Aracê. Entorno do Parque Estadual da Pedra Azul."
"PARQUE ESTADUAL PEDRA AZUL","Angiosperms","Hymenophyllaceae","Polyphlebium",,"Copel.","HYMENOPHYLLACEAE Polyphlebium Copel.","126468","splink","BHCB","Salino, A.","14192","Native","2008",,"0-0-0","Latão","Ouro",,"Domingos Martins","São Paulo do Aracê, Entorno do Parque Estadual da Pedra Azul"
"PARQUE ESTADUAL PEDRA AZUL","Angiosperms","Hymenophyllaceae","Polyphlebium","diaphanum","(Kunth) Ebihara & Dubuisson","HYMENOPHYLLACEAE Polyphlebium diaphanum (Kunth) Ebihara & Dubuisson","126416","splink","BHCB","Salino, A.","14140","Native","2008","Salino, A.","2010","Bronze","Ouro",,"Domingos Martins","São Paulo do Aracê, Entorno do Parque Estadual da Pedra Azul. Floresta Ombrófila Densa."
"PARQUE ESTADUAL PEDRA AZUL","Bryophytes","Hymenophyllaceae","Polyphlebium","diaphanum","(Kunth) Ebihara & Dubuisson","HYMENOPHYLLACEAE Polyphlebium diaphanum (Kunth) Ebihara & Dubuisson","P00784022","x","P","Salino, A.","14140","Native","2008",,"2012","Latão","Ouro",,,"São Paulo do Aracê; Entorno do Parque Estadual da Pedra Azul"
"PARQUE ESTADUAL PEDRA AZUL",,"Hymenophyllaceae","Vandenboschia","rupestris","(Raddi) Ebihara","HYMENOPHYLLACEAE Vandenboschia rupestris (Raddi) Ebihara","BHCB01127112",,"BHCB","Moura, I.O.","171",,"2016","Salino, A.","2016","Bronze","Ouro",,,"Em torno do Parque Estadual da Pedra Azul. Floresta Ombrófila Densa."
"PARQUE ESTADUAL PEDRA AZUL","Angiosperms","Hypnaceae","Isopterygium",,"Mitt.","HYPNACEAE Isopterygium Mitt.","UB1329962",,"UB","Henriques, D.K.","489","Native","2016",,,"Latão","Ouro",,"Domingos Martins","Parque Estadual da Pedra Azul, Trilha Mirante para Rota do Lagarto."
"PARQUE ESTADUAL PEDRA AZUL","Angiosperms","Hypnaceae","Isopterygium",,"Mitt.","HYPNACEAE Isopterygium Mitt.","UB1330298",,"UB","Dantas, T.S.","900","Native","2016",,,"Latão","Ouro",,"Domingos Martins","Parque Estadual da Pedra Azul, trilha para a base da pedra."
"PARQUE ESTADUAL PEDRA AZUL","Angiosperms","Hypnaceae","Isopterygium",,"Mitt.","HYPNACEAE Isopterygium Mitt.","UB1330413",,"UB","Dantas, T.S.","899","Native","2016",,,"Latão","Ouro",,"Domingos Martins","Parque Estadual da Pedra Azul, trilha para a base da pedra."
"PARQUE ESTADUAL PEDRA AZUL",,"Hypnaceae","Isopterygium","tenerifolium","Mitt.","HYPNACEAE Isopterygium tenerifolium Mitt.","UB1215555",,"UB","Dantas, T.S.","897",,"2016",,,"Latão","Ouro",,"Domingos Martins","Parque Estadual da Pedra Azul, trilha para a base da pedra."
"PARQUE ESTADUAL PEDRA AZUL","Angiosperms","Hypnaceae","Isopterygium","tenerum","(Sw.) Mitt.","HYPNACEAE Isopterygium tenerum (Sw.) Mitt.","UB1215662",,"UB","Dantas, T.S.","891",,"2016",,,"Latão","Ouro",,"Domingos Martins","Parque Estadual da Pedra Azul, trilha para a base da pedra."
"PARQUE ESTADUAL PEDRA AZUL","Angiosperms","Hypnaceae","Isopterygium","tenerum","(Sw.) Mitt.","HYPNACEAE Isopterygium tenerum (Sw.) Mitt.","UB1281999",,"UB","Dantas, T.S.","889",,"2016",,,"Latão","Ouro",,"Domingos Martins","Parque Estadual da Pedra Azul, trilha para a base da pedra."
"PARQUE ESTADUAL PEDRA AZUL",,"Hypopterygiaceae","Lopidium","concinnum","(Hook.) Wilson","HYPOPTERYGIACEAE Lopidium concinnum (Hook.) Wilson","96387","x","ALCB","Penha, L.T.","s/n",,"2009",,,"Latão","Ouro",,,"Parque Estadual Pedra Azul, Trilha do Mirante"
"PARQUE ESTADUAL PEDRA AZUL",,"Hypopterygiaceae","Lopidium","concinnum","(Hook.) Wilson","HYPOPTERYGIACEAE Lopidium concinnum (Hook.) Wilson","96492","x","ALCB","Penha, L.T.","s/n",,"2009",,,"Latão","Ouro",,,"Parque Estadual Pedra Azul , Trilha do Mirante"
"PARQUE ESTADUAL PEDRA AZUL","Bryophytes","Lauraceae","Persea","willdenovii","Kosterm.","LAURACEAE Persea willdenovii Kosterm.","75064","x","HRCB","Marcusso, G.M.","1603","Native","2019","Moraes, P.","2021","Ouro","Ouro",,,"Propriedade particular contígua ao Parque Estadual da Pedra Azul"
"PARQUE ESTADUAL PEDRA AZUL","Angiosperms","Lejeuneaceae","Acanthocoleus","aberrans","(Lindenb. & Gottsche) Kruijt","LEJEUNEACEAE Acanthocoleus aberrans (Lindenb. & Gottsche) Kruijt","96535","x","ALCB","Penha, L.T.","s/n","Native","2009",,,"Latão","Ouro",,,"Parque Estadual Pedra Azul , Trilha do Mirante"
"PARQUE ESTADUAL PEDRA AZUL","Angiosperms","Lejeuneaceae","Bryopteris","filicina","(Sw.) Nees","LEJEUNEACEAE Bryopteris filicina (Sw.) Nees","HUEFS0171043","splink","HUEFS","Penha, L.T.","198","Native","2009","Penha, L.T.","2010","Bronze","Ouro",,"Domingos Martins","Parque Estadual Pedra Azul-Trilha das Piscinas."
"PARQUE ESTADUAL PEDRA AZUL",,"Lejeuneaceae","Cheilolejeunea","acutangula","(Nees) Grolle","LEJEUNEACEAE Cheilolejeunea acutangula (Nees) Grolle","CAP008602","splink","CAP","Peralta, D.F.","19490",,"2016",,,"Latão","Ouro",,"Domingos Martins","Mata Atlântica com afloramentos rochosos. sobre tronco vivo. Parque Estadual da Pedra Azul"
"PARQUE ESTADUAL PEDRA AZUL","Ferns and Lycophytes","Lejeuneaceae","Cheilolejeunea","filiformis","(Sw.) W. Ye, R.L. Zhu & Gradst.","LEJEUNEACEAE Cheilolejeunea filiformis (Sw.) W. Ye, R.L. Zhu & Gradst.","96393","x","ALCB","Penha, L.T.","s/n","Native","2009",,,"Latão","Ouro",,,"Parque Estadual Pedra Azul, Trilha do Mirante"
"PARQUE ESTADUAL PEDRA AZUL","Angiosperms","Lejeuneaceae","Cheilolejeunea","unciloba","(Lindenb.) Malombe","LEJEUNEACEAE Cheilolejeunea unciloba (Lindenb.) Malombe","84774","x","ALCB","Santos, M.","s/n","Native","2009","Penha, L.T.P.",,"Bronze","Ouro",,,"Parque Estadual Pedra Azul"
"PARQUE ESTADUAL PEDRA AZUL","Angiosperms","Lejeuneaceae","Cheilolejeunea","unciloba","(Lindenb.) Malombe","LEJEUNEACEAE Cheilolejeunea unciloba (Lindenb.) Malombe","84765","x","ALCB","Penha, L.T.P.","691","Native","2009","Penha, L.T.P.",,"Bronze","Ouro",,,"Parque Estadual Pedra Azul"
"PARQUE ESTADUAL PEDRA AZUL","Angiosperms","Lejeuneaceae","Cheilolejeunea","unciloba","(Lindenb.) Malombe","LEJEUNEACEAE Cheilolejeunea unciloba (Lindenb.) Malombe","84772","x","ALCB","Santos, M.","s/n","Native","2009","Penha, L.T.P.",,"Bronze","Ouro",,,"Parque Estadual Pedra Azul"
"PARQUE ESTADUAL PEDRA AZUL","Angiosperms","Lejeuneaceae","Cheilolejeunea","unciloba","(Lindenb.) Malombe","LEJEUNEACEAE Cheilolejeunea unciloba (Lindenb.) Malombe","84766","x","ALCB","Penha, L.T.P.","620","Native","2009","Penha, L.T.P.",,"Bronze","Ouro",,,"Parque Estadual Pedra Azul"
"PARQUE ESTADUAL PEDRA AZUL","Angiosperms","Lejeuneaceae","Cheilolejeunea","xanthocarpa","(Lehm. & Lindenb.) Malombe","LEJEUNEACEAE Cheilolejeunea xanthocarpa (Lehm. & Lindenb.) Malombe","84777","x","ALCB","Santos, M.","s/n","Native","2009","Penha, L.T.P.",,"Bronze","Ouro",,,"Parque Estadual Pedra Azul"
"PARQUE ESTADUAL PEDRA AZUL","Angiosperms","Lejeuneaceae","Cheilolejeunea","xanthocarpa","(Lehm. & Lindenb.) Malombe","LEJEUNEACEAE Cheilolejeunea xanthocarpa (Lehm. & Lindenb.) Malombe","84761","x","ALCB","Penha, L.T.P.","448","Native","2009","Penha, L.T.P.",,"Bronze","Ouro",,,"Parque Estadual Pedra Azul"
"PARQUE ESTADUAL PEDRA AZUL",,"Lejeuneaceae","Lejeunea","cerina","(Lehm. & Lindenb.) Gottsche","LEJEUNEACEAE Lejeunea cerina (Lehm. & Lindenb.) Gottsche","CAP008765","splink","CAP","Peralta, D.F.","19511",,"2016",,,"Latão","Ouro",,"Domingos Martins","Mata Atlântica com afloramentos rochosos. sobre tronco vivo. Parque Estadual da Pedra Azul"
"PARQUE ESTADUAL PEDRA AZUL",,"Lejeuneaceae","Lejeunea","cerina","(Lehm. & Lindenb.) Gottsche","LEJEUNEACEAE Lejeunea cerina (Lehm. & Lindenb.) Gottsche","96561","x","ALCB","Penha, L.T.","s/n",,"2010",,,"Latão","Ouro",,,"Parque Estadual Pedra Azul, Trilha São Paulino do Aracê"
"PARQUE ESTADUAL PEDRA AZUL","Angiosperms","Lejeuneaceae","Lejeunea","cerina","(Lehm. & Lindenb.) Gottsche","LEJEUNEACEAE Lejeunea cerina (Lehm. & Lindenb.) Gottsche","96567","x","ALCB","Penha, L.T.","s/n",,"2010",,,"Latão","Ouro",,,"Parque Estadual Pedra Azul, Trilha São Paulino do Aracê"
"PARQUE ESTADUAL PEDRA AZUL",,"Lejeuneaceae","Lejeunea","deplanata","Nees","LEJEUNEACEAE Lejeunea deplanata Nees","CAP008769","splink","CAP","Peralta, D.F.","19521",,"2016",,,"Latão","Ouro",,"Domingos Martins","Mata Atlântica com afloramentos rochosos. sobre tronco vivo. Parque Estadual da Pedra Azul"
"PARQUE ESTADUAL PEDRA AZUL","Algae","Lejeuneaceae","Lejeunea","flava","(Sw.) Nees","LEJEUNEACEAE Lejeunea flava (Sw.) Nees","CAP008677","splink","CAP","Peralta, D.F.","19472",,"2016",,,"Latão","Ouro",,"Domingos Martins","Mata Atlântica com afloramentos rochosos. sobre rocha. Parque Estadual da Pedra Azul"
"PARQUE ESTADUAL PEDRA AZUL","Algae","Lejeuneaceae","Lejeunea","flava","(Sw.) Nees","LEJEUNEACEAE Lejeunea flava (Sw.) Nees","CAP008709","splink","CAP","Peralta, D.F.","19423",,"2016",,,"Latão","Ouro",,"Domingos Martins","Mata Atlântica com afloramentos rochosos. sobre rocha. Parque Estadual da Pedra Azul"
"PARQUE ESTADUAL PEDRA AZUL","Bryophytes","Lejeuneaceae","Lejeunea","flava","(Sw.) Nees","LEJEUNEACEAE Lejeunea flava (Sw.) Nees","CAP008679","splink","CAP","Peralta, D.F.","19474",,"2016",,,"Latão","Ouro",,"Domingos Martins","Mata Atlântica com afloramentos rochosos. sobre rocha. Parque Estadual da Pedra Azul"
"PARQUE ESTADUAL PEDRA AZUL","Bryophytes","Lejeuneaceae","Lejeunea","flava","(Sw.) Nees","LEJEUNEACEAE Lejeunea flava (Sw.) Nees","CAP008720","splink","CAP","Peralta, D.F.","19408",,"2016",,,"Latão","Ouro",,"Domingos Martins","Mata Atlântica com afloramentos rochosos. sobre rocha. Parque Estadual da Pedra Azul"
"PARQUE ESTADUAL PEDRA AZUL","Bryophytes","Lejeuneaceae","Lejeunea","flava","(Sw.) Nees","LEJEUNEACEAE Lejeunea flava (Sw.) Nees","96570","x","ALCB","Penha, L.T.","s/n",,"2010",,,"Latão","Ouro",,,"Parque Estadual Pedra Azul, Trilha São Paulino do Aracê"
"PARQUE ESTADUAL PEDRA AZUL","Algae","Lejeuneaceae","Lejeunea","laetevirens","Nees & Mont.","LEJEUNEACEAE Lejeunea laetevirens Nees & Mont.","96397","x","ALCB","Penha, L.T.","s/n",,"2009",,,"Latão","Ouro",,,"Parque Estadual Pedra Azul, Trilha do Mirante"
"PARQUE ESTADUAL PEDRA AZUL","Algae","Lejeuneaceae","Lejeunea","laetevirens","Nees & Mont.","LEJEUNEACEAE Lejeunea laetevirens Nees & Mont.","96527","x","ALCB","Penha, L.T.","s/n",,"2009",,,"Latão","Ouro",,,"Parque Estadual Pedra Azul , Trilha do Mirante"
"PARQUE ESTADUAL PEDRA AZUL","Angiosperms","Lejeuneaceae","Lejeunea",,"Lib.","LEJEUNEACEAE Lejeunea Lib.","CAP008686","splink","CAP","Peralta, D.F.","19467","Native","2016",,,"Latão","Ouro",,"Domingos Martins","Mata Atlântica com afloramentos rochosos. sobre rocha. Parque Estadual da Pedra Azul"
"PARQUE ESTADUAL PEDRA AZUL","Angiosperms","Lejeuneaceae","Lejeunea",,"Lib.","LEJEUNEACEAE Lejeunea Lib.","CAP008692","splink","CAP","Peralta, D.F.","19460","Native","2016",,,"Latão","Ouro",,"Domingos Martins","Mata Atlântica com afloramentos rochosos. sobre rocha. Parque Estadual da Pedra Azul"
"PARQUE ESTADUAL PEDRA AZUL","Ferns and Lycophytes","Lembophyllaceae","Orthostichella","pachygastrella","(Müll.Hal.) B.H.Allen & Magill","LEMBOPHYLLACEAE Orthostichella pachygastrella (Müll.Hal.) B.H.Allen & Magill","UB1011599",,"UB","Henriques, D.K.","456","Native","2016","Peralta, D.F.","2024","Bronze","Ouro",,"Domingos Martins","Parque Estadual da Pedra Azul, Trilha Mirante para Rota do Lagarto."
"PARQUE ESTADUAL PEDRA AZUL","Angiosperms","Lembophyllaceae","Orthostichella","pachygastrella","(Müll.Hal.) B.H.Allen & Magill","LEMBOPHYLLACEAE Orthostichella pachygastrella (Müll.Hal.) B.H.Allen & Magill","CAP008592","splink","CAP","Peralta, D.F.","19508",,"2016",,,"Latão","Ouro",,"Domingos Martins","Mata Atlântica com afloramentos rochosos. sobre tronco vivo. Parque Estadual da Pedra Azul"
"PARQUE ESTADUAL PEDRA AZUL","Ferns and Lycophytes","Lembophyllaceae","Orthostichella","versicolor","(Müll.Hal.) B.H.Allen & W.R.Buck","LEMBOPHYLLACEAE Orthostichella versicolor (Müll.Hal.) B.H.Allen & W.R.Buck","UB1076116",,"UB","Valente, D.V.","238","Native","2016","Valente, D.V.","2017","Bronze","Ouro",,"Domingos Martins","Parque Estadual da Pedra Azul."
"PARQUE ESTADUAL PEDRA AZUL","Ferns and Lycophytes","Lembophyllaceae","Orthostichella","versicolor","(Müll.Hal.) B.H.Allen & W.R.Buck","LEMBOPHYLLACEAE Orthostichella versicolor (Müll.Hal.) B.H.Allen & W.R.Buck","UB1156958",,"UB","Valente, D.V.","249","Native","2016","Valente, D.V.","2017","Bronze","Ouro",,"Domingos Martins","Parque Estadual da Pedra Azul."
"PARQUE ESTADUAL PEDRA AZUL","Angiosperms","Lembophyllaceae","Orthostichella","versicolor","(Müll.Hal.) B.H.Allen & W.R.Buck","LEMBOPHYLLACEAE Orthostichella versicolor (Müll.Hal.) B.H.Allen & W.R.Buck","96565","x","ALCB","Penha, L.T.","s/n","Native","2010",,,"Latão","Ouro",,,"Parque Estadual Pedra Azul, Trilha São Paulino do Aracê"
"PARQUE ESTADUAL PEDRA AZUL","Bryophytes","Lembophyllaceae","Orthostichella","versicolor","(Müll.Hal.) B.H.Allen & W.R.Buck","LEMBOPHYLLACEAE Orthostichella versicolor (Müll.Hal.) B.H.Allen & W.R.Buck","96564","x","ALCB","Penha, L.T.","s/n","Native","2010",,,"Latão","Ouro",,,"Parque Estadual Pedra Azul, Trilha São Paulino do Aracê"
"PARQUE ESTADUAL PEDRA AZUL","Bryophytes","Lembophyllaceae","Orthostichella","versicolor","(Müll.Hal.) B.H.Allen & W.R.Buck","LEMBOPHYLLACEAE Orthostichella versicolor (Müll.Hal.) B.H.Allen & W.R.Buck","96558","x","ALCB","Penha, L.T.","s/n","Native","2010",,,"Latão","Ouro",,,"Parque Estadual Pedra Azul, Trilha São Paulino do Aracê"
"PARQUE ESTADUAL PEDRA AZUL",,"Lembophyllaceae","Pilotrichella","flexilis","(Hedw.) Ångström","LEMBOPHYLLACEAE Pilotrichella flexilis (Hedw.) Ångström","UB1060466",,"UB","Valente, D.V.","548",,"2016","Valente, D.V.","2017","Bronze","Ouro",,"Domingos Martins","Parque Estadual da Pedra Azul."
"PARQUE ESTADUAL PEDRA AZUL","Angiosperms","Lentibulariaceae","Genlisea","lobata","Fromm","LENTIBULARIACEAE Genlisea lobata Fromm","VIES000451","splink","VIES","Pereira, O.J.","307","Native","1984","Guedes, F.M.","2020","Bronze","Prata",,"Domingos Martins","Pedra Azul."
"PARQUE ESTADUAL PEDRA AZUL","Angiosperms","Lentibulariaceae","Utricularia","longeciliata","A.DC.","LENTIBULARIACEAE Utricularia longeciliata A.DC.","3066963","x","MO","Hatschbach, G.G.","1988","Native","1985",,,"Latão","Prata",,"Domingos Martins","Pedra Azul (mun. Domingos Martins) Espirito Santos."
"PARQUE ESTADUAL PEDRA AZUL","Bryophytes","Lentibulariaceae","Utricularia","longifolia","Gardner","LENTIBULARIACEAE Utricularia longifolia Gardner","VIES002006","splink","VIES","Pereira, O.J.","1335","Native","1987","Pereira, O.J.","1987","Prata","Prata",,"Domingos Martins","Pedra Azul."
"PARQUE ESTADUAL PEDRA AZUL","Angiosperms","Lentibulariaceae","Utricularia","longifolia","Gardner","LENTIBULARIACEAE Utricularia longifolia Gardner","CAS0650943","splink","CAS","Hatschbach, G.","49960","Native","1985","Hatschbach, G.","1988","Prata","Prata",,"Domingos Martins","Pedra Azul"
"PARQUE ESTADUAL PEDRA AZUL","Bryophytes","Lentibulariaceae","Utricularia","longifolia","Gardner","LENTIBULARIACEAE Utricularia longifolia Gardner","US03216513","splink","US","Hatschbach, G.","49960","Native","1985",,,"Latão","Prata",,"Domingos Martins","Pedra Azul (mun. Domingos Martins)."
"PARQUE ESTADUAL PEDRA AZUL",,"Lentibulariaceae","Utricularia","nelumbifolia","Gardner","LENTIBULARIACEAE Utricularia nelumbifolia Gardner","RB00562049","x","RB","Fontana, A.P.","2201",,"2006","Moreira, A.D.","2011","Bronze","Ouro",,,"Pedra Azul, Pedra das Flores. Floresta Ombrófila Densa, Aforamento rochoso com Mata Nebular. Parque Estadual Pedra Azul"
"PARQUE ESTADUAL PEDRA AZUL",,"Lentibulariaceae","Utricularia","nelumbifolia","Gardner","LENTIBULARIACEAE Utricularia nelumbifolia Gardner","RB00562049","x","Rio de Janeiro Botanical Garden Herbarium","Fontana, A.P.","2201",,"2006","Moreira, A.D.","2011","Bronze","Ouro",,,"Pedra Azul, Pedra das Flores. Floresta Ombrófila Densa, Aforamento rochoso com Mata Nebular. Parque Estadual Pedra Azul"
"PARQUE ESTADUAL PEDRA AZUL",,"Lentibulariaceae","Utricularia","nelumbifolia","Gardner","LENTIBULARIACEAE Utricularia nelumbifolia Gardner","40371","splink","BHCB","Vasconcelos, M.F.","s.n.",,"1998","Rivadavia-Lopes, F.","1999","Bronze","Ouro",,"Domingos Martins","Parque Estadual de Pedra Azul, Pedra das Flores Azul."
"PARQUE ESTADUAL PEDRA AZUL","Angiosperms","Leucobryaceae",,,"Schimp.","LEUCOBRYACEAE Leucobryaceae Schimp.","UB1074501",,"UB","Henriques, D.K.","501","Native","2016","Faria, A.A.",,"Bronze","Ouro",,"Domingos Martins","Parque Estadual da Pedra Azul, Trilha Mirante para Rota do Lagarto."
"PARQUE ESTADUAL PEDRA AZUL","Angiosperms","Leucobryaceae",,,"Schimp.","LEUCOBRYACEAE Leucobryaceae Schimp.","UB1217996",,"UB","Henriques, D.K.","714B","Native","2016","Henriques, D.K.",,"Bronze","Ouro",,"Domingos Martins","Parque Estadual da Pedra Azul, Trilha do Cedro."
"PARQUE ESTADUAL PEDRA AZUL","Angiosperms","Leucobryaceae",,,"Schimp.","LEUCOBRYACEAE Leucobryaceae Schimp.","UB1284274",,"UB","Henriques, D.K.","504","Native","2016","Henriques, D.K.",,"Bronze","Ouro",,"Domingos Martins","Parque Estadual da Pedra Azul, Trilha Mirante para Rota do Lagarto."
"PARQUE ESTADUAL PEDRA AZUL",,"Leucobryaceae","Leucobryum","clavatum","Hampe","LEUCOBRYACEAE Leucobryum clavatum Hampe","CAP008712","splink","CAP","Peralta, D.F.","19420",,"2016",,,"Latão","Ouro",,"Domingos Martins","Mata Atlântica com afloramentos rochosos. na base de tronco vivo. Parque Estadual da Pedra Azul"
"PARQUE ESTADUAL PEDRA AZUL","Ferns and Lycophytes","Leucodontaceae",,,"Schimp.","LEUCODONTACEAE Leucodontaceae Schimp.","UB1074601",,"UB","Dantas, T.S.","908","Native","2016",,,"Latão","Ouro",,"Domingos Martins","Parque Estadual da Pedra Azul, trilha para a base da pedra."
"PARQUE ESTADUAL PEDRA AZUL","Ferns and Lycophytes","Leucodontaceae",,,"Schimp.","LEUCODONTACEAE Leucodontaceae Schimp.","UB1284372",,"UB","Dantas, T.S.","784","Native","2016",,,"Latão","Ouro",,"Domingos Martins","Parque Estadual da Pedra Azul, trilha para as piscinas naturais."
"PARQUE ESTADUAL PEDRA AZUL","Angiosperms","Lycopodiaceae","Phlegmariurus","biformis","(Hook.) B.Øllg.","LYCOPODIACEAE Phlegmariurus biformis (Hook.) B.Øllg.","RB00562077","x","Rio de Janeiro Botanical Garden Herbarium","Fontana, A.P.","2230","Native","2006","Gissi, D.S.",,"Bronze","Ouro",,,"Pedra Azul, Pedra das Flores, cume. Parque Estadual Pedra Azul"
"PARQUE ESTADUAL PEDRA AZUL","Angiosperms","Lycopodiaceae","Phlegmariurus","biformis","(Hook.) B.Øllg.","LYCOPODIACEAE Phlegmariurus biformis (Hook.) B.Øllg.","RB00562077","x","RB","Fontana, A.P.","2230","Native","2006","Gissi, D.S.","2015","Bronze","Ouro",,,"Pedra Azul, Pedra das Flores, cume. Parque Estadual Pedra Azul"
"PARQUE ESTADUAL PEDRA AZUL",,"Lycopodiaceae","Phlegmariurus","quadrifariatus","(Bory) B.Øllg.","LYCOPODIACEAE Phlegmariurus quadrifariatus (Bory) B.Øllg.","VIES057651","splink","VIES","Marcusso, G.M.","1860",,"2020","Marcusso, G.M.","2020","Bronze","Ouro",,"Domingos Martins","Trilha nova para as piscinas naturais, até a base da pedra das flores. Parque Estadual da Pedra Azul"
"PARQUE ESTADUAL PEDRA AZUL","Bryophytes","Lycopodiaceae","Phlegmariurus","quadrifariatus","(Bory) B.Øllg.","LYCOPODIACEAE Phlegmariurus quadrifariatus (Bory) B.Øllg.","HRCB076781","splink","HRCB","Marcusso, G.M.","1860","Native","2020","Marcusso, G.M.","2020","Bronze","Ouro",,"Domingos Martins","Parque Estadual da Pedra Azul Trilha nova para as piscinas naturais, até a base da pedra das flores"
"PARQUE ESTADUAL PEDRA AZUL","Angiosperms","Lythraceae","Ammannia",,"L.","LYTHRACEAE Ammannia L.","VIESFUNGI9901860",,"VIESFUNGI","Fraga Junior, C.A.V.","1292","Native","2022","Aptroot, A.","2022","Bronze","Ouro",,"Domingos Martins","Trilha PEPAZ. Parque Estadual Pedra Azul"
"PARQUE ESTADUAL PEDRA AZUL","Bryophytes","Lythraceae","Cuphea",,"P.Browne","LYTHRACEAE Cuphea P.Browne","VIES025692","splink","VIES","Cardoso, W.C.","285","Native","2014",,,"Latão","Ouro",,"Domingos Martins","Parque Estadual de Pedra Azul. Trilha das Piscinas."
"PARQUE ESTADUAL PEDRA AZUL","Angiosperms","Lythraceae","Cuphea","schwackei","Koehne","LYTHRACEAE Cuphea schwackei Koehne","CEN00064207","splink","CEN","Kollmann, L.J.C.","8046","Native","2005","Cavalcanti, T.B.","2007","Ouro","Ouro",,"Domingos Martins","Parque Estadual da Pedra Azul. Trilha das Piscinas."
"PARQUE ESTADUAL PEDRA AZUL",,"Malpighiaceae","Heteropterys","nitida","(Lam.) DC.","MALPIGHIACEAE Heteropterys nitida (Lam.) DC.","SP122254","splink","SP","Kollmann, L.","8020",,"2005","Almeida, R.F.","2012","Ouro","Ouro",,"Domingos Martins","Parque Estadual da Pedra Azul, Trilha das Piscinas"
"PARQUE ESTADUAL PEDRA AZUL",,"Malpighiaceae","Heteropterys","nitida","(Lam.) DC.","MALPIGHIACEAE Heteropterys nitida (Lam.) DC.","MBML024815","splink","MBML","Kollmann, L.","8020",,"2005","Amorim, A.M.","2006","Ouro","Ouro",,"Domingos Martins","Parque Estadual da Pedra Azul"
"PARQUE ESTADUAL PEDRA AZUL",,"Malpighiaceae","Stigmaphyllon","alternifolium","A.Juss.","MALPIGHIACEAE Stigmaphyllon alternifolium A.Juss.","SP021390","splink","SP","Pereira, O.J.","1349",,"1987","Almeida, R.F.","2012","Ouro","Prata",,"Domingos Martins","Pedra Azul, BR 262, Km 92"
"PARQUE ESTADUAL PEDRA AZUL","Angiosperms","Malvaceae","Callianthe","rufinerva","(A.St.-Hil.) Donnel","MALVACEAE Callianthe rufinerva (A.St.-Hil.) Donnel","ALCB033509","x","ALCB","Guedes, M.L.","25027","Native","2016","Guedes, M.L.",,"Prata","Ouro",,,"Parque Estadual da Pedra Azul."
"PARQUE ESTADUAL PEDRA AZUL","Bryophytes","Malvaceae","Callianthe","rufinerva","(A.St.-Hil.) Donnel","MALVACEAE Callianthe rufinerva (A.St.-Hil.) Donnel","VIES064044","splink","VIES","Magno, A.","351","Native","2024",,,"Latão","Ouro",,"Domingos Martins","Pedra Azul. Parque Estadual Pedra Azul"
"PARQUE ESTADUAL PEDRA AZUL","Angiosperms","Melastomataceae","Lavoisiera",,"DC.","MELASTOMATACEAE Lavoisiera DC.","RB00562059","x","RB","Fontana, A.P.","2211","Native","2006",,,"Latão","Ouro",,,"Pedra Azul, Pedra das Flores. Floresta Ombrófila Densa, Aforamento rochoso com Mata Nebular. Parque Estadual Pedra Azul"
"PARQUE ESTADUAL PEDRA AZUL","Angiosperms","Melastomataceae","Marcetia","taxifolia","(A.St.-Hil.) DC.","MELASTOMATACEAE Marcetia taxifolia (A.St.-Hil.) DC.","RB00562074","x","Rio de Janeiro Botanical Garden Herbarium","Fontana, A.P.","2227","Native","2006","Goldemberg, R.",,"Ouro","Ouro",,,"Pedra Azul, Pedra das Flores, cume. Floresta Ombrófila Densa, Aforamento rochoso com Mata Nebular. Parque Estadual Pedra Azul"
"PARQUE ESTADUAL PEDRA AZUL","Angiosperms","Melastomataceae","Marcetia","taxifolia","(A.St.-Hil.) DC.","MELASTOMATACEAE Marcetia taxifolia (A.St.-Hil.) DC.","MBML006230","splink","MBML","Mota, E.V.R.","4","Native","1991","Goldenberg, R.","2005","Ouro","Ouro",,"Domingos Martins","Parque Estadual da Pedra Azul"
"PARQUE ESTADUAL PEDRA AZUL","Angiosperms","Melastomataceae","Pleroma",,"D.Don","MELASTOMATACEAE Pleroma D.Don","RB00562051","x","RB","Fontana, A.P.","2203","Native","2006",,"2025","Latão","Ouro",,,"Pedra Azul, Pedra das Flores. Floresta Ombrófila Densa, Aforamento rochoso com Mata Nebular. Parque Estadual Pedra Azul"
"PARQUE ESTADUAL PEDRA AZUL","Angiosperms","Melastomataceae","Pleroma","estrellense","(Raddi) P.J.F.Guim. & Michelang.","MELASTOMATACEAE Pleroma estrellense (Raddi) P.J.F.Guim. & Michelang.","MBM101897","splink","MBM","Hatschbach, G.","49418","Native",,"Hatschbach, G.",,"Prata","Prata",,"Domingos Martins","Pedra Azul."
"PARQUE ESTADUAL PEDRA AZUL","Angiosperms","Melastomataceae","Pleroma","estrellense","(Raddi) P.J.F.Guim. & Michelang.","MELASTOMATACEAE Pleroma estrellense (Raddi) P.J.F.Guim. & Michelang.","NY01017198","splink","NY","Hatschbach, G.G.","49418","Native","1985","Hatschbach, G.G.","1985","Prata","Prata",,"Domingos Martins","Pedra Azul"
"PARQUE ESTADUAL PEDRA AZUL",,"Melastomataceae","Pleroma","estrellense","(Raddi) P.J.F.Guim. & Michelang.","MELASTOMATACEAE Pleroma estrellense (Raddi) P.J.F.Guim. & Michelang.","FLOR0009199","splink","FLOR","Hatschbach, G.","49418",,"1985","Paula-Souza, J.","2024","Bronze","Prata",,"Domingos Martins","Pedra Azul."
"PARQUE ESTADUAL PEDRA AZUL",,"Melastomataceae","Pleroma","fothergillii","(Schrank et Mart. ex DC.) Triana","MELASTOMATACEAE Pleroma fothergillii (Schrank et Mart. ex DC.) Triana","MBML024812","splink","MBML","Kollmann, L.","8022",,"2005","Meirelles, J.","2024","Bronze","Ouro",,"Domingos Martins","Parque Estadual da Pedra Azul"
"PARQUE ESTADUAL PEDRA AZUL","Bryophytes","Melastomataceae","Pleroma","tedescoi","(Meirelles, L.Kollmann & R.Goldenb.) P.J.F.Guim. & Michelang.","MELASTOMATACEAE Pleroma tedescoi (Meirelles, L.Kollmann & R.Goldenb.) P.J.F.Guim. & Michelang.","RB00562064","x","RB","Fontana, A.P.","2217","Native","2006","Goldenberg, R.",,"Ouro","Ouro",,,"Pedra Azul, Pedra das Flores, cume. Parque Estadual Pedra Azul"
"PARQUE ESTADUAL PEDRA AZUL","Ferns and Lycophytes","Melastomataceae","Trembleya","elegans","(Cogn.) Almeda & A.B.Martins","MELASTOMATACEAE Trembleya elegans (Cogn.) Almeda & A.B.Martins",,"splink","ALCB","Pereira, O.J.","1334","Unknown","1987","Chiea, S.A.C.","1998","Ouro","Prata",,"Domingos Martins","Pedra Azul"
"PARQUE ESTADUAL PEDRA AZUL","Angiosperms","Meteoriaceae","Meteorium",,"(Brid.) Dozy & Molk.","METEORIACEAE Meteorium (Brid.) Dozy & Molk.","UB1165206",,"UB","Valente, D.V.","267","Native","2016","Valente, D.V.","2017","Bronze","Ouro",,"Domingos Martins","Parque Estadual da Pedra Azul."
"PARQUE ESTADUAL PEDRA AZUL","Angiosperms","Meteoriaceae","Meteorium",,"(Brid.) Dozy & Molk.","METEORIACEAE Meteorium (Brid.) Dozy & Molk.","UB1280815",,"UB","Valente, D.V.","274","Native","2016","Valente, D.V.","2017","Bronze","Ouro",,"Domingos Martins","Parque Estadual da Pedra Azul."
"PARQUE ESTADUAL PEDRA AZUL","Angiosperms","Meteoriaceae","Meteorium",,"(Brid.) Dozy & Molk.","METEORIACEAE Meteorium (Brid.) Dozy & Molk.","CAP008693","splink","CAP","Peralta, D.F.","19455","Native","2016",,,"Latão","Ouro",,"Domingos Martins","Mata Atlântica com afloramentos rochosos. sobre tronco vivo. Parque Estadual da Pedra Azul"
"PARQUE ESTADUAL PEDRA AZUL","Angiosperms","Meteoriaceae","Meteorium",,"(Brid.) Dozy & Molk.","METEORIACEAE Meteorium (Brid.) Dozy & Molk.","CAP008719","splink","CAP","Peralta, D.F.","19407","Native","2016",,,"Latão","Ouro",,"Domingos Martins","Mata Atlântica com afloramentos rochosos. sobre tronco vivo. Parque Estadual da Pedra Azul"
"PARQUE ESTADUAL PEDRA AZUL","Angiosperms","Metzgeriaceae","Metzgeria","myriopoda","Lindb.","METZGERIACEAE Metzgeria myriopoda Lindb.","UB1084182",,"UB","Dantas, T.S.","883",,"2016",,,"Latão","Ouro",,"Domingos Martins","Parque Estadual da Pedra Azul, trilha para a base da pedra."
"PARQUE ESTADUAL PEDRA AZUL","Angiosperms","Metzgeriaceae","Metzgeria",,"Raddi","METZGERIACEAE Metzgeria Raddi","UB1280867",,"UB","Henriques, D.K.","481","Native","2016","Henriques, D.K.",,"Bronze","Ouro",,"Domingos Martins","Parque Estadual da Pedra Azul, Trilha Mirante para Rota do Lagarto."
"PARQUE ESTADUAL PEDRA AZUL","Bryophytes","Metzgeriaceae","Metzgeria",,"Raddi","METZGERIACEAE Metzgeria Raddi","CAP008596","splink","CAP","Peralta, D.F.","19499","Native","2016",,,"Latão","Ouro",,"Domingos Martins","Mata Atlântica com afloramentos rochosos. sobre tronco vivo. Parque Estadual da Pedra Azul"
"PARQUE ESTADUAL PEDRA AZUL","Bryophytes","Metzgeriaceae","Metzgeria",,"Raddi","METZGERIACEAE Metzgeria Raddi","CAP008678","splink","CAP","Peralta, D.F.","19473","Native","2016",,,"Latão","Ouro",,"Domingos Martins","Mata Atlântica com afloramentos rochosos. sobre rocha. Parque Estadual da Pedra Azul"
"PARQUE ESTADUAL PEDRA AZUL","Bryophytes","Metzgeriaceae","Metzgeria",,"Raddi","METZGERIACEAE Metzgeria Raddi","CAP008767","splink","CAP","Peralta, D.F.","19514","Native","2016",,,"Latão","Ouro",,"Domingos Martins","Mata Atlântica com afloramentos rochosos. sobre tronco vivo. Parque Estadual da Pedra Azul"
"PARQUE ESTADUAL PEDRA AZUL","Angiosperms","Metzgeriaceae","Metzgeria",,"Raddi","METZGERIACEAE Metzgeria Raddi","UB1084166",,"UB","Dantas, T.S.","894","Native","2016",,,"Latão","Ouro",,"Domingos Martins","Parque Estadual da Pedra Azul, trilha para a base da pedra."
"PARQUE ESTADUAL PEDRA AZUL","Gymnosperms","Monimiaceae","Mollinedia","schottiana","(Spreng.) Perkins","MONIMIACEAE Mollinedia schottiana (Spreng.) Perkins","RB01308426","x","Rio de Janeiro Botanical Garden Herbarium","Tuler, A.C.","544","Cultivated","2015","Tuler, A.C.","2015","Bronze","Ouro",,,"Área do Laranjal, próximo a trilha, acima do Rio. Parque Estadual Pedra Azul"
"PARQUE ESTADUAL PEDRA AZUL",,"Monocleaceae","Monoclea","forsteri","Hook.","MONOCLEACEAE Monoclea forsteri Hook.","96572","x","ALCB","Penha, L.T.","s/n",,"2010",,,"Latão","Ouro",,,"Parque Estadual Pedra Azul, Trilha São Paulino do Aracê"
"PARQUE ESTADUAL PEDRA AZUL","Ferns and Lycophytes","Myrtaceae","Myrcia","oblongata","DC.","MYRTACEAE Myrcia oblongata DC.","57653","x","VIES","Marcusso, G.M.","1872","Naturalized","2020","Biral, L.","2022","Bronze","Ouro",,,"Parque Estadual da Pedra Azul"
"PARQUE ESTADUAL PEDRA AZUL","Angiosperms","Myrtaceae","Myrcia","oblongata","DC.","MYRTACEAE Myrcia oblongata DC.","2054","x","SHPR","Marcusso, G.M.","1872","Native","2020","Biral, L.","2022","Bronze","Ouro",,,"Parque Estadual da Pedra Azul"
"PARQUE ESTADUAL PEDRA AZUL","Angiosperms","Myrtaceae","Myrcia","oblongata","DC.","MYRTACEAE Myrcia oblongata DC.","RB01405096","x","Rio de Janeiro Botanical Garden Herbarium","Fernandes, T.","387","Native","2018","Fernandes, T.",,"Bronze","Ouro",,,"Beira de estrada. Parque Estadual da Pedra Azul"
"PARQUE ESTADUAL PEDRA AZUL","Angiosperms","Myrtaceae","Myrcia","oblongata","DC.","MYRTACEAE Myrcia oblongata DC.","MBML054279","splink","MBML","Fernandes, T.","387","Native","2018","Fernandes, T.","2018","Bronze","Ouro",,"Domingos Martins","Parque Estadual da Pedra Azul"
"PARQUE ESTADUAL PEDRA AZUL","Angiosperms","Myrtaceae","Myrcia","oblongata","DC.","MYRTACEAE Myrcia oblongata DC.","CAP009674","splink","CAP","Fernandes, T.","387","Native","2018","Fernandes, T.","2018","Bronze","Ouro",,"Domingos Martins","Beira de estrada. Parque Estadual da Pedra Azul"
"PARQUE ESTADUAL PEDRA AZUL",,"Myrtaceae","Myrcia","splendens","(Sw.) DC.","MYRTACEAE Myrcia splendens (Sw.) DC.","CESJ086109","splink","CESJ","Couto, D.R.","7612",,"2023","Zorzanelli, J.P.F.","2023","Bronze","Ouro",,"Domingos Martins","Pedra Azul, Parque Estadual da Pedra Azul.Floresta Ombrófila na base do Maciço da Pedra Azul."
"PARQUE ESTADUAL PEDRA AZUL",,"Myrtaceae","Myrcia","splendens","(Sw.) DC.","MYRTACEAE Myrcia splendens (Sw.) DC.","MBML025073","splink","MBML","Kollmann, L.","8042",,"2005","Sobral/marco, M.","2007","Bronze","Ouro",,"Domingos Martins","Parque Estadual da Pedra Azul"
"PARQUE ESTADUAL PEDRA AZUL","Ferns and Lycophytes","Myrtaceae","Myrciaria","tenella","(DC.) O.Berg","MYRTACEAE Myrciaria tenella (DC.) O.Berg","UPCB0105378",,"UPCB","Couto, D.R.","7578","Unknown","2023","Maruyama, A.","2025","Bronze","Ouro",,"Domingos Martins","Trilha acima das piscinas. Maciço da Pedra Azul. Parque Estadual da Pedra Azul"
"PARQUE ESTADUAL PEDRA AZUL","Ferns and Lycophytes","Myrtaceae","Myrciaria","tenella","(DC.) O.Berg","MYRTACEAE Myrciaria tenella (DC.) O.Berg","CESJ086107","splink","CESJ","Couto, D.R.","7555","Unknown","2023","Maruyama, A.","2025","Bronze","Ouro",,"Domingos Martins","Pedra Azul, Parque Estadual da Pedra Azul, maciço da Pedra Azul, na trilha das piscinas."
"PARQUE ESTADUAL PEDRA AZUL","Ferns and Lycophytes","Myrtaceae","Myrciaria","tenella","(DC.) O.Berg","MYRTACEAE Myrciaria tenella (DC.) O.Berg","UPCB0105378","splink","UPCB","Couto, D.R.","7578","Unknown","2023","Maruyama, A.","2025","Bronze","Ouro",,"Domingos Martins","Trilha acima das piscinas. Maciço da Pedra Azul. Parque Estadual da Pedra Azul"
"PARQUE ESTADUAL PEDRA AZUL","Angiosperms","Myrtaceae",,,"Juss.","MYRTACEAE Myrtaceae Juss.","HRCB076795","splink","HRCB","Marcusso, G.M.","1874","Native","2020",,,"Latão","Ouro",,"Domingos Martins","Parque Estadual da Pedra Azul Trilha nova para as piscinas naturais, até a base da pedra das flores"
"PARQUE ESTADUAL PEDRA AZUL",,"Myrtaceae","Psidium","ovale","(Spreng.) Burret","MYRTACEAE Psidium ovale (Spreng.) Burret","VIES057654","splink","VIES","Marcusso, G.M.","1874",,"2020","Maruyama, A.","2025","Bronze","Ouro",,"Domingos Martins","Trilha nova para as piscinas naturais, até a base da pedra das flores. Parque Estadual da Pedra Azul"
"PARQUE ESTADUAL PEDRA AZUL","Angiosperms",,"Phyllophora",,"Grev.","NA Phyllophora Grev.","VIESFUNGI9901932","splink","VIES-FUNGI","Fraga Junior, C.A.V.","1181","Native","2022","Aptroot, A.","2022","Bronze","Ouro",,"Domingos Martins","Trilha PEPAZ. Parque Estadual Pedra Azul"
"PARQUE ESTADUAL PEDRA AZUL","Ferns and Lycophytes",,"Phyllophora",,"Grev.","NA Phyllophora Grev.","VIESFUNGI9901931",,"VIESFUNGI","Fraga Junior, C.A.V.","1291","Native","2022","Fraga Junior, C.A.V.","2022","Bronze","Ouro",,"Domingos Martins","Trilha PEPAZ. Parque Estadual Pedra Azul"
"PARQUE ESTADUAL PEDRA AZUL","Ferns and Lycophytes",,"Phyllophora",,"Grev.","NA Phyllophora Grev.","VIESFUNGI9901932",,"VIESFUNGI","Fraga Junior, C.A.V.","1181","Native","2022","Aptroot, A.","2022","Bronze","Ouro",,"Domingos Martins","Trilha PEPAZ. Parque Estadual Pedra Azul"
"PARQUE ESTADUAL PEDRA AZUL","Angiosperms","Neckeraceae","Neckera","scabridens","Müll. Hal.","NECKERACEAE Neckera scabridens Müll. Hal.","96569","x","ALCB","Penha, L.T.","s/n",,"2010",,,"Latão","Ouro",,,"Parque Estadual Pedra Azul, Trilha São Paulino do Aracê"
"PARQUE ESTADUAL PEDRA AZUL","Bryophytes","Neckeraceae","Porotrichum","longirostre","(Hook.) Mitt.","NECKERACEAE Porotrichum longirostre (Hook.) Mitt.","UB1253135",,"UB","Henriques, D.K.","716","Native","2016","Peralta, D.F.","2022","Bronze","Ouro",,"Domingos Martins","Parque Estadual da Pedra Azul, Trilha do Cedro."
"PARQUE ESTADUAL PEDRA AZUL",,"Nyctaginaceae","Guapira","opposita","(Vell.) Reitz","NYCTAGINACEAE Guapira opposita (Vell.) Reitz","VIES002025","splink","VIES","Pereira, O.J.","1327",,"1987","Furlan, A.","1995","Ouro","Prata",,"Domingos Martins","Pedra Azul."
"PARQUE ESTADUAL PEDRA AZUL",,"Ochnaceae","Ouratea","vaccinioides","(A.St.-Hil. & Tul.) Engl.","OCHNACEAE Ouratea vaccinioides (A.St.-Hil. & Tul.) Engl.","RB00562069","x","Rio de Janeiro Botanical Garden Herbarium","Fontana, A.P.","2222",,"2006","Fontana, A.P.",,"Bronze","Ouro",,,"Pedra Azul, Pedra das Flores, cume. Floresta Ombrófila Densa, Aforamento rochoso com Mata Nebular. Parque Estadual Pedra Azul"
"PARQUE ESTADUAL PEDRA AZUL","Angiosperms","Onagraceae","Fuchsia","regia","(Vell.) Munz","ONAGRACEAE Fuchsia regia (Vell.) Munz","32235","x","VIES","Col, A.C.S.D.","213","Native","2013","Col, A.C.S.D.","2013","Bronze","Ouro",,,"Parque Estadual Pedra Azul."
"PARQUE ESTADUAL PEDRA AZUL","Angiosperms","Onagraceae","Fuchsia","regia","(Vell.) Munz","ONAGRACEAE Fuchsia regia (Vell.) Munz","MBML024810","splink","MBML","Kollmann, L.","8021","Native","2005","Amorim, A.M.","2006","Bronze","Ouro",,"Domingos Martins","Parque Estadual da Pedra Azul"
"PARQUE ESTADUAL PEDRA AZUL","Ferns and Lycophytes","Orchidaceae","Acianthera","fenestrata","(Barb.Rodr.) Pridgeon & M.W.Chase","ORCHIDACEAE Acianthera fenestrata (Barb.Rodr.) Pridgeon & M.W.Chase","71833","x","HRCB","Marcusso, G.M.","868","Native","2018",,,"Latão","Ouro",,,"Parque Estadual da Pedra Azul"
"PARQUE ESTADUAL PEDRA AZUL","Angiosperms","Orchidaceae","Acianthera","montana","(Barb.Rodr.) F.Barros & L.Guimarães","ORCHIDACEAE Acianthera montana (Barb.Rodr.) F.Barros & L.Guimarães","73609","x","HRCB","Marcusso, G.M.","871","Native","2018","Marcusso, G.M.","2018","Bronze","Ouro",,,"Parque Estadual da Pedra Azul"
"PARQUE ESTADUAL PEDRA AZUL","Angiosperms","Orchidaceae","Acianthera","montana","(Barb.Rodr.) F.Barros & L.Guimarães","ORCHIDACEAE Acianthera montana (Barb.Rodr.) F.Barros & L.Guimarães","74308","x","HRCB","Marcusso, G.M.","1173","Native","2018","Marcusso, G.M.","2018","Bronze","Ouro",,,"Propriedade particular contígua ao Parque Estadual da Pedra Azul Fundo do vale, nas margens do rio."
"PARQUE ESTADUAL PEDRA AZUL","Angiosperms","Orchidaceae","Acianthera","montana","(Barb.Rodr.) F.Barros & L.Guimarães","ORCHIDACEAE Acianthera montana (Barb.Rodr.) F.Barros & L.Guimarães","71818","x","HRCB","Marcusso, G.M.","853","Native","2018",,,"Latão","Ouro",,,"Parque Estadual da Pedra Azul"
"PARQUE ESTADUAL PEDRA AZUL","Angiosperms","Orchidaceae","Acianthera","octophrys","(Rchb.f.) Pridgeon & M.W.Chase","ORCHIDACEAE Acianthera octophrys (Rchb.f.) Pridgeon & M.W.Chase","CESJ074199","splink","CESJ","Marcusso, G.M.","1045","Native","2018","Marcusso, G.M.","2018","Bronze","Ouro",,"Domingos Martins","propriedade particular contígua ao Parque Estadual da Pedra Azul. Entre 20º26'05""-20º25'50""S; 41º01'17""-41º01'05""W"
"PARQUE ESTADUAL PEDRA AZUL","Angiosperms","Orchidaceae","Acianthera","octophrys","(Rchb.f.) Pridgeon & M.W.Chase","ORCHIDACEAE Acianthera octophrys (Rchb.f.) Pridgeon & M.W.Chase","RB01454412","x","RB","Marcusso, G.M.","1045","Native","2018",,,"Latão","Ouro",,,"Propriedade particular contígua ao Parque Estadual da Pedra Azul, Beira de estrada, encosta da vertente do vale e grotas úmidas nas margens do rio."
"PARQUE ESTADUAL PEDRA AZUL","Angiosperms","Orchidaceae","Acianthera","octophrys","(Rchb.f.) Pridgeon & M.W.Chase","ORCHIDACEAE Acianthera octophrys (Rchb.f.) Pridgeon & M.W.Chase","HRCB072855","splink","HRCB","Marcusso, G.M.","1045","Native","2018",,,"Latão","Ouro",,"Domingos Martins","Propriedade particular contígua ao Parque Estadual da Pedra Azul Beira da estrada, encosta da vertente do vale e grotas úmidas nas margens do rio."
"PARQUE ESTADUAL PEDRA AZUL","Bryophytes","Orchidaceae","Anathallis","obovata","(Lindl.) Pridgeon & M.W.Chase","ORCHIDACEAE Anathallis obovata (Lindl.) Pridgeon & M.W.Chase","HRCB073607","splink","HRCB","Marcusso, G.M.","1163","Native","2018","Marcusso, G.M.","2018","Bronze","Ouro",,"Domingos Martins","Parque Estadual da Pedra Azul Trilha das piscinas naturais até próximo da base da pedra azul, pela calha do rio."
"PARQUE ESTADUAL PEDRA AZUL","Bryophytes","Orchidaceae","Anathallis","obovata","(Lindl.) Pridgeon & M.W.Chase","ORCHIDACEAE Anathallis obovata (Lindl.) Pridgeon & M.W.Chase","CESJ074200","splink","CESJ","Marcusso, G.M.","1163","Native","2018","Marcusso, G.M.","2018","Bronze","Ouro",,"Domingos Martins","Parque Estadual da Pedra Azul, trilha das piscinas naturais até próximo da base da Pedra Azul, pela calha do rio. Entre 20º23'57""-20º24'10""S; 41º01'13""-41º01'07""W"
"PARQUE ESTADUAL PEDRA AZUL","Angiosperms","Orchidaceae","Cattleya","coccinea","Lindl.","ORCHIDACEAE Cattleya coccinea Lindl.","RB00562073","x","Rio de Janeiro Botanical Garden Herbarium","Fontana, A.P.","2226","Native","2006","Berg, C.","2014","Ouro","Ouro",,,"Pedra Azul, Pedra das Flores, cume. Floresta Ombrófila Densa, Aforamento rochoso com Mata Nebular. Parque Estadual Pedra Azul"
"PARQUE ESTADUAL PEDRA AZUL","Angiosperms","Orchidaceae","Cattleya","pumila","Hook.","ORCHIDACEAE Cattleya pumila Hook.","CESJ074114","splink","CESJ","Marcusso, G.M.","945","Native","2018","Marcusso, G.M.","2018","Bronze","Ouro",,"Domingos Martins","Parque Estadual da Pedra Azul"
"PARQUE ESTADUAL PEDRA AZUL",,"Orchidaceae","Cyclopogon",,"C.Presl","ORCHIDACEAE Cyclopogon C.Presl","74328","x","HRCB","Marcusso, G.M.","1342",,"2018",,,"Latão","Ouro",,,"Parque Estadual da Pedra Azul Trilha das piscinas naturais até próximo da base da pedra das flores, pela calha do rio."
"PARQUE ESTADUAL PEDRA AZUL","Angiosperms","Orchidaceae","Cyclopogon",,"C.Presl","ORCHIDACEAE Cyclopogon C.Presl","74327","x","HRCB","Marcusso, G.M.","1341","Native","2018",,,"Latão","Ouro",,,"Parque Estadual da Pedra Azul Caminho para a casa onde tinha abelhas"
"PARQUE ESTADUAL PEDRA AZUL",,"Orchidaceae","Cyclopogon",,"C.Presl","ORCHIDACEAE Cyclopogon C.Presl","74317","x","HRCB","Marcusso, G.M.","1331",,"2018",,,"Latão","Ouro",,,"Propriedade particular contígua ao Parque Estadual da Pedra Azul Fundo do vale, nas margens do rio."
"PARQUE ESTADUAL PEDRA AZUL",,"Orchidaceae","Elleanthus","linifolius","C.Presl","ORCHIDACEAE Elleanthus linifolius C.Presl","RB01374691","x","Rio de Janeiro Botanical Garden Herbarium","Martinelli, G.","15720",,"1999",,,"Latão","Ouro",,,"trilha para Pedra das Flores. campo de altitude. Parque Estadual da Pedra Azul"
"PARQUE ESTADUAL PEDRA AZUL","Bryophytes","Orchidaceae","Epidendrum","chlorinum","Barb.Rodr.","ORCHIDACEAE Epidendrum chlorinum Barb.Rodr.","71839","x","HRCB","Marcusso, G.M.","876",,"2018",,,"Latão","Ouro",,,"Parque Estadual da Pedra Azul"
"PARQUE ESTADUAL PEDRA AZUL","Angiosperms","Orchidaceae","Epidendrum",,"L.","ORCHIDACEAE Epidendrum L.","AMES 02254858","splink","HU-HERB","Hatschbach, G.G.","49408","Native","1985","Romero, G.A.","2025","Ouro","Prata",,"Domingos Martins","Pedra Azul, mun. Domingos Martins"
"PARQUE ESTADUAL PEDRA AZUL","Angiosperms","Orchidaceae","Epidendrum",,"L.","ORCHIDACEAE Epidendrum L.","barcode-02254858","x","AMES","Hatschbach, G.G.","49408","Native","1985","Romero, G.A.","2025","Ouro","Prata",,"Domingos Martins","Pedra Azul, mun. Domingos Martins"
"PARQUE ESTADUAL PEDRA AZUL","Bryophytes","Orchidaceae","Epidendrum","mantiqueranum","Porto & Brade","ORCHIDACEAE Epidendrum mantiqueranum Porto & Brade","RB00562076","x","Rio de Janeiro Botanical Garden Herbarium","Fontana, A.P.","2229","Native","2006","Pessoa, E.","2018","Ouro","Ouro",,,"Pedra Azul, Pedra das Flores, cume. Floresta Ombrófila Densa, Aforamento rochoso com Mata Nebular. Parque Estadual Pedra Azul"
"PARQUE ESTADUAL PEDRA AZUL","Angiosperms","Orchidaceae","Epidendrum","proligerum","Barb.Rodr.","ORCHIDACEAE Epidendrum proligerum Barb.Rodr.","71813","x","HRCB","Marcusso, G.M.","847",,"2018",,,"Latão","Ouro",,,"Parque Estadual da Pedra Azul"
"PARQUE ESTADUAL PEDRA AZUL","Bryophytes","Orchidaceae","Epidendrum","proligerum","Barb.Rodr.","ORCHIDACEAE Epidendrum proligerum Barb.Rodr.","71823","x","HRCB","Marcusso, G.M.","858",,"2018",,,"Latão","Ouro",,,"Parque Estadual da Pedra Azul"
"PARQUE ESTADUAL PEDRA AZUL",,"Orchidaceae","Epidendrum","secundum","Jacq.","ORCHIDACEAE Epidendrum secundum Jacq.","9498","x","EAN","Felix, L.P.","9349",,"1999","Felix, L.P.","2003","Ouro","Ouro",,,"Parque Estadual da Pedra Azul"
"PARQUE ESTADUAL PEDRA AZUL","Bryophytes","Orchidaceae","Epidendrum","secundum","Jacq.","ORCHIDACEAE Epidendrum secundum Jacq.","MBML006223","splink","MBML","Mota, E.V.R.","1","Native","1991","Kollmann, L.","2000","Ouro","Ouro",,"Domingos Martins","Parque Estadual da Pedra Azul"
"PARQUE ESTADUAL PEDRA AZUL","Bryophytes","Orchidaceae","Epidendrum","secundum","Jacq.","ORCHIDACEAE Epidendrum secundum Jacq.","MBML006224","splink","MBML","Mota, E.V.R.","16","Native","1991","Kollmann, L.","2000","Ouro","Ouro",,"Domingos Martins","Parque Estadual da Pedra Azul"
"PARQUE ESTADUAL PEDRA AZUL","Ferns and Lycophytes","Orchidaceae","Epidendrum","secundum","Jacq.","ORCHIDACEAE Epidendrum secundum Jacq.","CESJ074355","splink","CESJ","Marcusso, G.M.","1487","Native","2019","Marcusso, G.M.","2019","Bronze","Ouro",,"Domingos Martins","Parque Estadual da Pedra Azul, ao lado da caneleta de água intermitente"
"PARQUE ESTADUAL PEDRA AZUL","Ferns and Lycophytes","Orchidaceae","Epidendrum","secundum","Jacq.","ORCHIDACEAE Epidendrum secundum Jacq.","HRCB074792","splink","HRCB","Marcusso, G.M.","1487","Native","2019","Marcusso, G.M.","2019","Bronze","Ouro",,"Domingos Martins","Parque Estadual da Pedra Azul Ao lado da caneleta de água intermitente."
"PARQUE ESTADUAL PEDRA AZUL","Angiosperms","Orchidaceae","Gomesa","bicornuta","(Hook.) Meneguzzo","ORCHIDACEAE Gomesa bicornuta (Hook.) Meneguzzo","74566","x","HRCB","Marcusso, G.M.","1402","Native","2018","Marcusso, G.M.","2018","Bronze","Ouro",,,"propriedade particular contígua ao Parque Estadual da Pedra Azul fundo do vale, nas margens do rio."
"PARQUE ESTADUAL PEDRA AZUL","Angiosperms","Orchidaceae","Gomesa","bicornuta","(Hook.) Meneguzzo","ORCHIDACEAE Gomesa bicornuta (Hook.) Meneguzzo","HRCB074567","splink","HRCB","Marcusso, G.M.","1399","Native","2018","Marcusso, G.M.","2018","Bronze","Ouro",,"Domingos Martins","Parque Estadual da Pedra Azul Trilha das piscinas naturais até próximo da base da pedra azul, pela calha do rio."
"PARQUE ESTADUAL PEDRA AZUL","Bryophytes","Orchidaceae","Gomesa","bicornuta","(Hook.) Meneguzzo","ORCHIDACEAE Gomesa bicornuta (Hook.) Meneguzzo","CESJ074357","splink","CESJ","Marcusso, G.M.","1399","Native","2018","Marcusso, G.M.","2018","Bronze","Ouro",,"Domingos Martins","Parque Estadual da Pedra Azul, trilha das piscinas naturais até próximo da base da Pedra Azul, pela calha do rio. Entre 20º23'57""-20º24'10S; 41º01'13""-41º01'07""W"
"PARQUE ESTADUAL PEDRA AZUL","Angiosperms","Orchidaceae","Gomesa","gomezoides","(Barb.Rodr.) Pabst","ORCHIDACEAE Gomesa gomezoides (Barb.Rodr.) Pabst","MBML006239","splink","MBML","Kollmann, L.","106","Native","1992","Meneguzzo, T.E.C.","2017","Bronze","Ouro",,"Domingos Martins","Parque Estadual da Pedra Azul"
"PARQUE ESTADUAL PEDRA AZUL","Angiosperms","Orchidaceae","Gomesa","imperatoris-maximiliani","(Rchb.f.) M.W.Chase & N.H.Williams","ORCHIDACEAE Gomesa imperatoris-maximiliani (Rchb.f.) M.W.Chase & N.H.Williams","18646","x","EAN","Felix, L.P.","9350","Native","1999","Fernando, H.","1999","Bronze","Ouro",,,"Parque Estadual da Pedra Azul"
"PARQUE ESTADUAL PEDRA AZUL",,"Orchidaceae","Gomesa","imperatoris-maximiliani","(Rchb.f.) M.W.Chase & N.H.Williams","ORCHIDACEAE Gomesa imperatoris-maximiliani (Rchb.f.) M.W.Chase & N.H.Williams","71837","x","HRCB","Marcusso, G.M.","874",,"2018",,,"Latão","Ouro",,,"Parque Estadual da Pedra Azul"
"PARQUE ESTADUAL PEDRA AZUL","Angiosperms","Orchidaceae","Gomesa","ramosa","(Lindl.) M.W.Chase & N.H.Williams","ORCHIDACEAE Gomesa ramosa (Lindl.) M.W.Chase & N.H.Williams","MBML006217","splink","MBML","Kollmann, L.","100","Native","1992","Meneguzzo, T.E.C.","2017","Bronze","Ouro",,"Domingos Martins","Parque Estadual da Pedra Azul"
"PARQUE ESTADUAL PEDRA AZUL","Angiosperms","Orchidaceae","Gomesa","recurva","R.Br.","ORCHIDACEAE Gomesa recurva R.Br.","HRCB074568","splink","HRCB","Marcusso, G.M.","1401","Native","2018","Marcusso, G.M.","2018","Bronze","Ouro",,"Domingos Martins","propriedade particular contígua ao Parque Estadual da Pedra Azul fundo do vale, nas margens do rio."
"PARQUE ESTADUAL PEDRA AZUL","Angiosperms","Orchidaceae","Gomesa","recurva","R.Br.","ORCHIDACEAE Gomesa recurva R.Br.","CESJ074111","splink","CESJ","Marcusso, G.M.","1401","Native","2018","Marcusso, G.M.","2018","Bronze","Ouro",,"Domingos Martins","propriedade particular contígua ao Parque Estadual da Pedra Azul, fundo do vale, nas margens do rio."
"PARQUE ESTADUAL PEDRA AZUL",,"Orchidaceae","Gomesa","uhlii","(Chiron & V.P.Castro) M.W.Chase & N.H.Williams","ORCHIDACEAE Gomesa uhlii (Chiron & V.P.Castro) M.W.Chase & N.H.Williams","VIES065530","splink","VIES","Faller, V.S.","581",,"2025",,,"Latão","Ouro",,"Domingos Martins","Aracê. Parque Estadual da Pedra Azul"
"PARQUE ESTADUAL PEDRA AZUL",,"Orchidaceae","Gomesa","uhlii","(Chiron & V.P.Castro) M.W.Chase & N.H.Williams","ORCHIDACEAE Gomesa uhlii (Chiron & V.P.Castro) M.W.Chase & N.H.Williams","HRCB072840","splink","HRCB","Marcusso, G.M.","1030",,"2018",,,"Latão","Ouro",,"Domingos Martins","Parque Estadual da Pedra Azul Trilha das piscinas naturais até próximo da base da pedra azul, pela calha do rio."
"PARQUE ESTADUAL PEDRA AZUL","Angiosperms","Orchidaceae","Govenia","utriculata","(Sw.) Lindl.","ORCHIDACEAE Govenia utriculata (Sw.) Lindl.","RB01447155","x","RB","Lombardi, J.A.","10651","Native","2019","Marcusso, G.M.","2019","Bronze","Ouro",,,"Propriedade adjacente ao Parque Estadual da Pedra Azul"
"PARQUE ESTADUAL PEDRA AZUL","Angiosperms","Orchidaceae","Grandiphyllum","divaricatum","(Lindl.) Docha Neto","ORCHIDACEAE Grandiphyllum divaricatum (Lindl.) Docha Neto","MBML006235","splink","MBML","Kollmann, L.","107","Native","1992","Meneguzzo, T.E.C.","2017","Bronze","Ouro",,"Domingos Martins","Parque Estadual da Pedra Azul"
"PARQUE ESTADUAL PEDRA AZUL",,"Orchidaceae","Grandiphyllum","divaricatum","(Lindl.) Docha Neto","ORCHIDACEAE Grandiphyllum divaricatum (Lindl.) Docha Neto","71836","x","HRCB","Marcusso, G.M.","873",,"2018",,,"Latão","Ouro",,,"Parque Estadual da Pedra Azul"
"PARQUE ESTADUAL PEDRA AZUL","Angiosperms","Orchidaceae","Grobya","amherstiae","Lindl.","ORCHIDACEAE Grobya amherstiae Lindl.","HRCB074793","splink","HRCB","Marcusso, G.M.","1488","Native","2019","Marcusso, G.M.","2019","Bronze","Ouro",,"Domingos Martins","Parque Estadual da Pedra Azul Capão floresta, ao lado da caneleta de água intermitente."
"PARQUE ESTADUAL PEDRA AZUL","Angiosperms","Orchidaceae","Habenaria","josephensis","Barb.Rodr.","ORCHIDACEAE Habenaria josephensis Barb.Rodr.","MBML110580",,"MBML","Chiron","12063","Native","2012","Chiron, G.","2014","Bronze","Prata",,"Domingos Martins","Pedra Azul, Eco da Floresta."
"PARQUE ESTADUAL PEDRA AZUL","Angiosperms","Orchidaceae","Habenaria","macronectar","(Vell.) Hoehne","ORCHIDACEAE Habenaria macronectar (Vell.) Hoehne","UPCB0104728","splink","UPCB","Imig, D.C.","564","Native","2017","Lustre, G.C.",,"Bronze","Prata",,"Domingos Martins","Pedra Azul."
"PARQUE ESTADUAL PEDRA AZUL","Angiosperms","Orchidaceae","Isabelia","violacea","(Lindl.) van den Berg & M.W.Chase","ORCHIDACEAE Isabelia violacea (Lindl.) van den Berg & M.W.Chase","RB00562081","x","RB","Fontana, A.P.","2234","Native","2006","Fontana, A.P.","2006","Bronze","Ouro",,,"Pedra Azul, Pedra das Flores, cume. Floresta Ombrófila Densa, Aforamento rochoso com Mata Nebular. Parque Estadual Pedra Azul"
"PARQUE ESTADUAL PEDRA AZUL","Bryophytes","Orchidaceae","Isochilus","linearis","(Jacq.) R.Br.","ORCHIDACEAE Isochilus linearis (Jacq.) R.Br.","RB01454421","x","RB","Marcusso, G.M.","1345","Native","2018","Marcusso, G.M.","2018","Bronze","Ouro",,,"Propriedade particular contígua ao Parque Estadual da Pedra Azul, trilha das piscinas naturais até próximo da base da pedra das flores, pela calha do rio."
"PARQUE ESTADUAL PEDRA AZUL","Bryophytes","Orchidaceae","Isochilus","linearis","(Jacq.) R.Br.","ORCHIDACEAE Isochilus linearis (Jacq.) R.Br.","71822","x","HRCB","Marcusso, G.M.","857","Native","2018","Marcusso, G.M.","2018","Bronze","Ouro",,,"Parque Estadual da Pedra Azul"
"PARQUE ESTADUAL PEDRA AZUL","Bryophytes","Orchidaceae","Isochilus","linearis","(Jacq.) R.Br.","ORCHIDACEAE Isochilus linearis (Jacq.) R.Br.","72838","x","HRCB","Marcusso, G.M.","1028","Native","2018","Marcusso, G.M.","2018","Bronze","Ouro",,,"Parque Estadual da Pedra Azul Trilha das piscinas naturais até próximo da base da pedra azul, pela calha do rio."
"PARQUE ESTADUAL PEDRA AZUL","Ferns and Lycophytes","Orchidaceae","Isochilus","linearis","(Jacq.) R.Br.","ORCHIDACEAE Isochilus linearis (Jacq.) R.Br.","CESJ074115","splink","CESJ","Marcusso, G.M.","1345","Native","2018","Marcusso, G.M.","2018","Bronze","Ouro",,"Domingos Martins","Parque Estadual da Pedra Azul, trilha das piscinas naturais até próximo da base da pedra das flores, pela calha do rio. Entre 20º23'57""/20º24'12""S; 41º01'13""/41º01'08""W"
"PARQUE ESTADUAL PEDRA AZUL","Ferns and Lycophytes","Orchidaceae","Isochilus","linearis","(Jacq.) R.Br.","ORCHIDACEAE Isochilus linearis (Jacq.) R.Br.","HRCB074331","splink","HRCB","Marcusso, G.M.","1345","Native","2018","Marcusso, G.M.","2018","Bronze","Ouro",,"Domingos Martins","Parque Estadual da Pedra Azul Trilha das piscinas naturais até próximo da base da pedra das flores, pela calha do rio."
"PARQUE ESTADUAL PEDRA AZUL",,"Orchidaceae","Lankesterella","ceracifolia","(Barb.Rodr.) Mansf.","ORCHIDACEAE Lankesterella ceracifolia (Barb.Rodr.) Mansf.","CESJ074211","splink","CESJ","Marcusso, G.M.","1482",,"2019","Marcusso, G.M.","2019","Bronze","Ouro",,"Domingos Martins","Parque Estadual da Pedra Azul, trilha das piscinas naturais até próximo da base da pedra das flores, pela calha do rio. 20º23'57""/20º24'10""S; 41º01'13""/41º01'07""W"
"PARQUE ESTADUAL PEDRA AZUL",,"Orchidaceae","Maxillaria","marginata","(Lindl.) Fenzl","ORCHIDACEAE Maxillaria marginata (Lindl.) Fenzl","71834","x","HRCB","Marcusso, G.M.","870",,"2018",,,"Latão","Ouro",,,"Parque Estadual da Pedra Azul"
"PARQUE ESTADUAL PEDRA AZUL",,"Orchidaceae","Maxillaria","marginata","(Lindl.) Fenzl","ORCHIDACEAE Maxillaria marginata (Lindl.) Fenzl","VIES003211","splink","VIES","Vargas, L.C.","s.n.",,"1987",,,"Latão","Prata",,"Domingos Martins","Pedra Azul."
"PARQUE ESTADUAL PEDRA AZUL",,"Orchidaceae","Maxillaria","notylioglossa","Rchb.f.","ORCHIDACEAE Maxillaria notylioglossa Rchb.f.","HRCB075279","splink","HRCB","Marcusso, G.M.","1737",,"2019","Marcusso, G.M.","2019","Bronze","Ouro",,"Domingos Martins","Parque Estadual da Pedra Azul Trilha nova para as piscinas naturais, pelo caminho novo"
"PARQUE ESTADUAL PEDRA AZUL",,"Orchidaceae","Maxillaria","notylioglossa","Rchb.f.","ORCHIDACEAE Maxillaria notylioglossa Rchb.f.","CESJ074383","splink","CESJ","Marcusso, G.M.","1737",,"2019","Marcusso, G.M.","2019","Bronze","Ouro",,"Domingos Martins","Parque Estadual da Pedra Azul, trilha nova para as piscinas naturais, pelo caminho novo. 20º23'53,83""/20º24'03,19""S; 41º01'16,56""/41º00'47""W"
"PARQUE ESTADUAL PEDRA AZUL",,"Orchidaceae","Maxillaria","notylioglossa","Rchb.f.","ORCHIDACEAE Maxillaria notylioglossa Rchb.f.","MBML006216","splink","MBML","Kollmann, L.","102",,"1992","Fontana, A.P.","2025","Bronze","Ouro",,"Domingos Martins","Parque Estadual da Pedra Azul"
"PARQUE ESTADUAL PEDRA AZUL",,"Orchidaceae","Maxillaria","picta","Hook.","ORCHIDACEAE Maxillaria picta Hook.","MBML006264","splink","MBML","Mota, E.V.R.","12",,"1991","Schuiteman, I.","2022","Bronze","Ouro",,"Domingos Martins","Parque Estadual da Pedra Azul"
"PARQUE ESTADUAL PEDRA AZUL","Angiosperms","Orchidaceae","Miltonia","clowesii","(Lindl.) Lindl.","ORCHIDACEAE Miltonia clowesii (Lindl.) Lindl.","HRCB074797","splink","HRCB","Marcusso, G.M.","1492","Native","2019","Marcusso, G.M.","2018","Bronze","Ouro",,"Domingos Martins","propriedade particular contígua ao Parque Estadual da Pedra Azul fundo do vale, nas margens do rio."
"PARQUE ESTADUAL PEDRA AZUL","Angiosperms","Orchidaceae","Miltonia","clowesii","(Lindl.) Lindl.","ORCHIDACEAE Miltonia clowesii (Lindl.) Lindl.","74096","x","CESJ","Marcusso, G.M.","1492","Naturalized","2019","Marcusso, G.M.","2018","Bronze","Ouro",,,"propriedade particular contígua ao Parque Estadual da Pedra Azul."
"PARQUE ESTADUAL PEDRA AZUL","Angiosperms","Orchidaceae","Miltonia","clowesii","(Lindl.) Lindl.","ORCHIDACEAE Miltonia clowesii (Lindl.) Lindl.","74570","x","HRCB","Marcusso, G.M.","1407","Naturalized","2018","Marcusso, G.M.","2018","Bronze","Ouro",,,"propriedade particular contígua ao Parque Estadual da Pedra Azul fundo do vale, nas margens do rio."
"PARQUE ESTADUAL PEDRA AZUL","Bryophytes","Orchidaceae","Miltonia",,"Lindl.","ORCHIDACEAE Miltonia Lindl.","74105","x","CESJ","Marcusso, G.M.","1741","Native","2019",,,"Latão","Ouro",,,"propriedade particular contígua ao Parque Estadual da Pedra Azul, fundo do vale, nas margens do rio."
"PARQUE ESTADUAL PEDRA AZUL","Ferns and Lycophytes","Orchidaceae","Octomeria","diaphana","Lindl.","ORCHIDACEAE Octomeria diaphana Lindl.","72902","x","HRCB","Marcusso, G.M.","1093","Native","2018","Marcusso, G.M.","2018","Bronze","Ouro",,,"Parque Estadual da Pedra Azul Trilha das piscinas naturais até próximo da base da pedra azul, pela calha do rio."
"PARQUE ESTADUAL PEDRA AZUL","Angiosperms","Orchidaceae","Octomeria","diaphana","Lindl.","ORCHIDACEAE Octomeria diaphana Lindl.","72806","x","HRCB","Marcusso, G.M.","996",,"2018",,,"Latão","Ouro",,,"Parque Estadual da Pedra Azul Trilha das piscinas naturais até próximo da base da pedra azul, pela calha do rio."
"PARQUE ESTADUAL PEDRA AZUL","Ferns and Lycophytes","Orchidaceae","Octomeria","palmyrabellae","Barb.Rodr.","ORCHIDACEAE Octomeria palmyrabellae Barb.Rodr.","HRCB075009","splink","HRCB","Marcusso, G.M.","1555","Native","2019","Marcusso, G.M.","2019","Bronze","Ouro",,"Domingos Martins","Parque Estadual da Pedra Azul Trilha das piscinas naturais, na trilha ao lado do rio"
"PARQUE ESTADUAL PEDRA AZUL","Bryophytes","Orchidaceae","Pabstiella","fusca","(Lindl.) Chiron & Xim.Bols.","ORCHIDACEAE Pabstiella fusca (Lindl.) Chiron & Xim.Bols.","72869","x","HRCB","Marcusso, G.M.","1060","Native","2018",,,"Latão","Ouro",,,"Propriedade particular contígua ao Parque Estadual da Pedra Azul Beira da estrada, encosta da vertente do vale e grotas úmidas nas margens do rio."
"PARQUE ESTADUAL PEDRA AZUL",,"Orchidaceae","Pabstiella","leucopyramis","(Rchb.f.) Luer","ORCHIDACEAE Pabstiella leucopyramis (Rchb.f.) Luer","MBML006243","splink","MBML","Kollmann, L.","105",,"1992","Luher, C.","2002","Bronze","Ouro",,"Domingos Martins","Parque Estadual da Pedra Azul"
"PARQUE ESTADUAL PEDRA AZUL","Angiosperms","Orchidaceae","Polystachya","concreta","(Jacq.) Garay & Sweet","ORCHIDACEAE Polystachya concreta (Jacq.) Garay & Sweet","CESJ074104","splink","CESJ","Marcusso, G.M.","1504","Native","2019","Marcusso, G.M.","2019","Bronze","Ouro",,"Domingos Martins","propriedade particular contígua ao Parque Estadual da Pedra Azul, fundo do vale, nas margens do rio."
"PARQUE ESTADUAL PEDRA AZUL","Angiosperms","Orchidaceae","Prescottia","montana","Barb.Rodr.","ORCHIDACEAE Prescottia montana Barb.Rodr.","RB00562055","x","Rio de Janeiro Botanical Garden Herbarium","Fontana, A.P.","2207","Native","2006","Fontana, A.P.",,"Bronze","Ouro",,,"Pedra Azul, Pedra das Flores. Floresta Ombrófila Densa, Aforamento rochoso com Mata Nebular. Parque Estadual Pedra Azul"
"PARQUE ESTADUAL PEDRA AZUL","Angiosperms","Orchidaceae","Prescottia","montana","Barb.Rodr.","ORCHIDACEAE Prescottia montana Barb.Rodr.","RB00562055","x","RB","Fontana, A.P.","2207","Native","2006","Fontana, A.P.","2010","Bronze","Ouro",,,"Pedra Azul, Pedra das Flores. Floresta Ombrófila Densa, Aforamento rochoso com Mata Nebular. Parque Estadual Pedra Azul"
"PARQUE ESTADUAL PEDRA AZUL","Angiosperms","Orchidaceae","Prosthechea","bulbosa","(Vell.) W.E.Higgins","ORCHIDACEAE Prosthechea bulbosa (Vell.) W.E.Higgins","HB000013828",,"HB","Kautsky, R.","156","Native","1969","Vieira, T.L.","2019","Bronze","Prata",,"Domingos Martins","Pedra Azul"
"PARQUE ESTADUAL PEDRA AZUL","Bryophytes","Orchidaceae","Sacoila","lanceolata","(Aubl.) Garay","ORCHIDACEAE Sacoila lanceolata (Aubl.) Garay","MBML006362","splink","MBML","Mota, E.V.R.","0","Native","1991","P. Fontna, A.","2020","Bronze","Ouro",,"Domingos Martins","Parque Estadual da Pedra Azul"
"PARQUE ESTADUAL PEDRA AZUL","Ferns and Lycophytes","Orchidaceae","Specklinia","grobyi","(Batem. ex Lindl.) F.Barros","ORCHIDACEAE Specklinia grobyi (Batem. ex Lindl.) F.Barros","HRCB074801","splink","HRCB","Marcusso, G.M.","1496","Native","2019","Marcusso, G.M.","2018","Bronze","Ouro",,"Domingos Martins","propriedade particular contígua ao Parque Estadual da Pedra Azul fundo do vale, nas margens do rio."
"PARQUE ESTADUAL PEDRA AZUL","Ferns and Lycophytes","Orchidaceae","Specklinia","grobyi","(Batem. ex Lindl.) F.Barros","ORCHIDACEAE Specklinia grobyi (Batem. ex Lindl.) F.Barros","72871","x","HRCB","Marcusso, G.M.","1062","Native","2018","Marcusso, G.M.","2018","Bronze","Ouro",,,"Propriedade particular contígua ao Parque Estadual da Pedra Azul Beira da estrada, encosta da vertente do vale e grotas úmidas nas margens do rio."
"PARQUE ESTADUAL PEDRA AZUL","Ferns and Lycophytes","Orchidaceae","Specklinia","grobyi","(Batem. ex Lindl.) F.Barros","ORCHIDACEAE Specklinia grobyi (Batem. ex Lindl.) F.Barros","MBML043006","splink","MBML","Guiard, J.","9927","Native","2009","Chiron, G.",,"Bronze","Prata",,"Domingos Martins","Pedra Azul"
"PARQUE ESTADUAL PEDRA AZUL","Ferns and Lycophytes","Orchidaceae","Specklinia","grobyi","(Batem. ex Lindl.) F.Barros","ORCHIDACEAE Specklinia grobyi (Batem. ex Lindl.) F.Barros","VIES003012","splink","VIES","Milanezi, M.A.","s.n.","Native","1988","Silva, H.L.","2021","Bronze","Prata",,"Domingos Martins","Pedra Azul."
"PARQUE ESTADUAL PEDRA AZUL","Angiosperms","Orchidaceae","Specklinia","grobyi","(Batem. ex Lindl.) F.Barros","ORCHIDACEAE Specklinia grobyi (Batem. ex Lindl.) F.Barros","MBML047152","splink","MBML","Chiron","9944","Native","2009",,,"Latão","Prata",,"Domingos Martins","Pedra Azul"
"PARQUE ESTADUAL PEDRA AZUL","Angiosperms","Orchidaceae","Stelis","aprica","Lindl.","ORCHIDACEAE Stelis aprica Lindl.","HRCB072872","splink","HRCB","Marcusso, G.M.","1063","Native","2018",,,"Latão","Ouro",,"Domingos Martins","Propriedade particular contígua ao Parque Estadual da Pedra Azul Beira da estrada, encosta da vertente do vale e grotas úmidas nas margens do rio."
"PARQUE ESTADUAL PEDRA AZUL","Angiosperms","Orchidaceae","Stelis","papaquerensis","Rchb.f.","ORCHIDACEAE Stelis papaquerensis Rchb.f.","CESJ074212","splink","CESJ","Marcusso, G.M.","1503","Native","2019","Marcusso, G.M.","2019","Bronze","Ouro",,"Domingos Martins","propriedade particular contígua ao Parque Estadual da Pedra Azul, fundo do vale, nas margens do rio."
"PARQUE ESTADUAL PEDRA AZUL","Ferns and Lycophytes","Orchidaceae","Stelis","papaquerensis","Rchb.f.","ORCHIDACEAE Stelis papaquerensis Rchb.f.","HRCB074808","splink","HRCB","Marcusso, G.M.","1503","Native","2019","Marcusso, G.M.","2019","Bronze","Ouro",,"Domingos Martins","propriedade particular contígua ao Parque Estadual da Pedra Azul fundo do vale, nas margens do rio."
"PARQUE ESTADUAL PEDRA AZUL","Bryophytes","Orchidaceae","Stelis","papaquerensis","Rchb.f.","ORCHIDACEAE Stelis papaquerensis Rchb.f.","RB01454414","x","RB","Marcusso, G.M.","1067","Naturalized","2018","Marcusso, G.M.","2020","Bronze","Ouro",,,"Propriedade particular contígua ao Parque Estadual da Pedra Azul, Beira de estrada, encosta da vertente do vale e grotas úmidas nas margens do rio."
"PARQUE ESTADUAL PEDRA AZUL","Bryophytes","Orchidaceae","Stelis","papaquerensis","Rchb.f.","ORCHIDACEAE Stelis papaquerensis Rchb.f.","HRCB072876","splink","HRCB","Marcusso, G.M.","1067","Naturalized","2018","Marcusso, G.M.","2020","Bronze","Ouro",,"Domingos Martins","Propriedade particular contígua ao Parque Estadual da Pedra Azul Beira da estrada, encosta da vertente do vale e grotas úmidas nas margens do rio."
"PARQUE ESTADUAL PEDRA AZUL","Bryophytes","Orchidaceae","Stelis","papaquerensis","Rchb.f.","ORCHIDACEAE Stelis papaquerensis Rchb.f.","CESJ074377","splink","CESJ","Marcusso, G.M.","1067","Naturalized","2018","Marcusso, G.M.","2020","Bronze","Ouro",,"Domingos Martins","propriedade particular contígua ao Parque Estadual da Pedra Azul, beira de estrada, encosta da vertente do vale e grotas úmidas nas margens do rio.Entre 20º26'05""-20º25'50""S; 41º01'17""-41º01'05""W"
"PARQUE ESTADUAL PEDRA AZUL","Angiosperms","Orchidaceae","Stelis",,"Sw.","ORCHIDACEAE Stelis Sw.","VIES003006","splink","VIES","Milanezi, M.A.","s.n.","Native","1987",,,"Latão","Prata",,"Domingos Martins","Pedra Azul."
"PARQUE ESTADUAL PEDRA AZUL","Angiosperms","Orchidaceae","Stelis",,"Sw.","ORCHIDACEAE Stelis Sw.","VIES003196","splink","VIES","Milanezi, M.A.","s.n.","Native","1987",,,"Latão","Prata",,"Domingos Martins","Pedra Azul."
"PARQUE ESTADUAL PEDRA AZUL","Ferns and Lycophytes","Orchidaceae","Stenorrhynchos",,"Rich. ex Spreng.","ORCHIDACEAE Stenorrhynchos Rich. ex Spreng.","9497","x","EAN","Felix, L.P.","9352","Native","1999",,,"Ouro","Ouro",,,"Parque Estadual da Pedra Azul"
"PARQUE ESTADUAL PEDRA AZUL","Bryophytes","Orchidaceae","Zygopetalum","maculatum","(Kunth) Garay","ORCHIDACEAE Zygopetalum maculatum (Kunth) Garay","RB00562079","x","Rio de Janeiro Botanical Garden Herbarium","Fontana, A.P.","2232","Native","2006","T.e.c.meneguzzo",,"Bronze","Ouro",,,"Pedra Azul, Pedra das Flores, cume. Floresta Ombrófila Densa, Aforamento rochoso com Mata Nebular. Parque Estadual Pedra Azul"
"PARQUE ESTADUAL PEDRA AZUL","Bryophytes","Orchidaceae","Zygopetalum","maculatum","(Kunth) Garay","ORCHIDACEAE Zygopetalum maculatum (Kunth) Garay","RB00562079","x","RB","Fontana, A.P.","2232","Native","2006","T.e.c.meneguzzo","2017","Bronze","Ouro",,,"Pedra Azul, Pedra das Flores, cume. Floresta Ombrófila Densa, Aforamento rochoso com Mata Nebular. Parque Estadual Pedra Azul"
"PARQUE ESTADUAL PEDRA AZUL",,"Orchidaceae","Zygopetalum","maculatum","(Kunth) Garay","ORCHIDACEAE Zygopetalum maculatum (Kunth) Garay","MBML006219","splink","MBML","Mota, E.V.R.","5",,"1991","Meneguzzo, T.E.C.","2017","Bronze","Ouro",,"Domingos Martins","Parque Estadual da Pedra Azul"
"PARQUE ESTADUAL PEDRA AZUL","Angiosperms","Orthotrichaceae","Groutiella","apiculata","(Hook.) H.A.Crum & Steere","ORTHOTRICHACEAE Groutiella apiculata (Hook.) H.A.Crum & Steere","UB1030718",,"UB","Valente, D.V.","243","Native","2016","Valente, D.V.","2017","Bronze","Ouro",,"Domingos Martins","Parque Estadual da Pedra Azul."
"PARQUE ESTADUAL PEDRA AZUL","Angiosperms","Orthotrichaceae","Macrocoma",,"(Hornsch. ex Müll. Hal.) Grout","ORTHOTRICHACEAE Macrocoma (Hornsch. ex Müll. Hal.) Grout","UB1082331",,"UB","Henriques, D.K.","496","Native","2016","Henriques, D.K.",,"Bronze","Ouro",,"Domingos Martins","Parque Estadual da Pedra Azul, Trilha Mirante para Rota do Lagarto."
"PARQUE ESTADUAL PEDRA AZUL","Angiosperms","Orthotrichaceae","Macrocoma",,"(Hornsch. ex Müll. Hal.) Grout","ORTHOTRICHACEAE Macrocoma (Hornsch. ex Müll. Hal.) Grout","CAP008718","splink","CAP","Peralta, D.F.","19405","Native","2016",,,"Latão","Ouro",,"Domingos Martins","Mata Atlântica com afloramentos rochosos. sobre tronco vivo. Parque Estadual da Pedra Azul"
"PARQUE ESTADUAL PEDRA AZUL",,"Orthotrichaceae","Macrocoma","orthotrichoides","(Raddi) Wijk & Margad.","ORTHOTRICHACEAE Macrocoma orthotrichoides (Raddi) Wijk & Margad.","UB1082339",,"UB","Valente, D.V.","270",,"2016","Valente, D.V.","2017","Bronze","Ouro",,"Domingos Martins","Parque Estadual da Pedra Azul."
"PARQUE ESTADUAL PEDRA AZUL",,"Orthotrichaceae","Macrocoma","orthotrichoides","(Raddi) Wijk & Margad.","ORTHOTRICHACEAE Macrocoma orthotrichoides (Raddi) Wijk & Margad.","UB1082340",,"UB","Valente, D.V.","567",,"2016","Valente, D.V.","2017","Bronze","Ouro",,"Domingos Martins","Parque Estadual da Pedra Azul."
"PARQUE ESTADUAL PEDRA AZUL",,"Orthotrichaceae","Macrocoma","orthotrichoides","(Raddi) Wijk & Margad.","ORTHOTRICHACEAE Macrocoma orthotrichoides (Raddi) Wijk & Margad.","UB1082343",,"UB","Valente, D.V.","275",,"2016","Valente, D.V.","2017","Bronze","Ouro",,"Domingos Martins","Parque Estadual da Pedra Azul."
"PARQUE ESTADUAL PEDRA AZUL",,"Orthotrichaceae","Macrocoma","orthotrichoides","(Raddi) Wijk & Margad.","ORTHOTRICHACEAE Macrocoma orthotrichoides (Raddi) Wijk & Margad.","UB1082345",,"UB","Valente, D.V.","234",,"2016","Valente, D.V.","2017","Bronze","Ouro",,"Domingos Martins","Parque Estadual da Pedra Azul."
"PARQUE ESTADUAL PEDRA AZUL",,"Orthotrichaceae","Macrocoma","orthotrichoides","(Raddi) Wijk & Margad.","ORTHOTRICHACEAE Macrocoma orthotrichoides (Raddi) Wijk & Margad.","UB1163413",,"UB","Valente, D.V.","588",,"2016","Valente, D.V.","2017","Bronze","Ouro",,"Domingos Martins","Parque Estadual da Pedra Azul."
"PARQUE ESTADUAL PEDRA AZUL","Angiosperms","Orthotrichaceae","Macromitrium",,"Brid.","ORTHOTRICHACEAE Macromitrium Brid.","UB1279072",,"UB","Henriques, D.K.","474","Native","2016","Henriques, D.K.",,"Bronze","Ouro",,"Domingos Martins","Parque Estadual da Pedra Azul, Trilha Mirante para Rota do Lagarto."
"PARQUE ESTADUAL PEDRA AZUL","Angiosperms","Orthotrichaceae","Macromitrium",,"Brid.","ORTHOTRICHACEAE Macromitrium Brid.","UB1082362",,"UB","Valente, D.V.","304","Native","2016","Valente, D.V.","2017","Bronze","Ouro",,"Domingos Martins","Parque Estadual da Pedra Azul."
"PARQUE ESTADUAL PEDRA AZUL","Angiosperms","Orthotrichaceae","Macromitrium",,"Brid.","ORTHOTRICHACEAE Macromitrium Brid.","UB1082371",,"UB","Valente, D.V.","345","Native","2016","Valente, D.V.","2017","Bronze","Ouro",,"Domingos Martins","Parque Estadual da Pedra Azul."
"PARQUE ESTADUAL PEDRA AZUL","Angiosperms","Orthotrichaceae","Macromitrium",,"Brid.","ORTHOTRICHACEAE Macromitrium Brid.","UB1082372",,"UB","Valente, D.V.","330","Native","2016","Valente, D.V.","2017","Bronze","Ouro",,"Domingos Martins","Parque Estadual da Pedra Azul."
"PARQUE ESTADUAL PEDRA AZUL","Angiosperms","Orthotrichaceae","Macromitrium",,"Brid.","ORTHOTRICHACEAE Macromitrium Brid.","UB1082373",,"UB","Valente, D.V.","334","Native","2016","Valente, D.V.","2017","Bronze","Ouro",,"Domingos Martins","Parque Estadual da Pedra Azul."
"PARQUE ESTADUAL PEDRA AZUL",,"Orthotrichaceae","Macromitrium","cirrosum","(Hedw.) Brid.","ORTHOTRICHACEAE Macromitrium cirrosum (Hedw.) Brid.","UB1082387",,"UB","Valente, D.V.","289",,"2016","Valente, D.V.","2017","Bronze","Ouro",,"Domingos Martins","Parque Estadual da Pedra Azul."
"PARQUE ESTADUAL PEDRA AZUL",,"Orthotrichaceae","Macromitrium","cirrosum","(Hedw.) Brid.","ORTHOTRICHACEAE Macromitrium cirrosum (Hedw.) Brid.","UB1163475",,"UB","Valente, D.V.","575",,"2016","Valente, D.V.","2017","Bronze","Ouro",,"Domingos Martins","Parque Estadual da Pedra Azul."
"PARQUE ESTADUAL PEDRA AZUL",,"Orthotrichaceae","Macromitrium","cirrosum","(Hedw.) Brid.","ORTHOTRICHACEAE Macromitrium cirrosum (Hedw.) Brid.","UB1279084",,"UB","Valente, D.V.","281",,"2016","Valente, D.V.","2017","Bronze","Ouro",,"Domingos Martins","Parque Estadual da Pedra Azul."
"PARQUE ESTADUAL PEDRA AZUL",,"Orthotrichaceae","Macromitrium","longifolium","(Hook.) Brid.","ORTHOTRICHACEAE Macromitrium longifolium (Hook.) Brid.","UB1082414",,"UB","Valente, D.V.","277",,"2016","Valente, D.V.","2020","Bronze","Ouro",,"Domingos Martins","Parque Estadual da Pedra Azul."
"PARQUE ESTADUAL PEDRA AZUL",,"Orthotrichaceae","Macromitrium","longifolium","(Hook.) Brid.","ORTHOTRICHACEAE Macromitrium longifolium (Hook.) Brid.","UB1082416",,"UB","Valente, D.V.","350",,"2016","Valente, D.V.","2020","Bronze","Ouro",,"Domingos Martins","Parque Estadual da Pedra Azul."
"PARQUE ESTADUAL PEDRA AZUL",,"Orthotrichaceae","Macromitrium","longifolium","(Hook.) Brid.","ORTHOTRICHACEAE Macromitrium longifolium (Hook.) Brid.","UB1163493",,"UB","Valente, D.V.","563",,"2016","Valente, D.V.","2020","Bronze","Ouro",,"Domingos Martins","Parque Estadual da Pedra Azul."
"PARQUE ESTADUAL PEDRA AZUL",,"Orthotrichaceae","Macromitrium","longifolium","(Hook.) Brid.","ORTHOTRICHACEAE Macromitrium longifolium (Hook.) Brid.","UB1163497",,"UB","Valente, D.V.","296",,"2016","Valente, D.V.","2020","Bronze","Ouro",,"Domingos Martins","Parque Estadual da Pedra Azul."
"PARQUE ESTADUAL PEDRA AZUL",,"Orthotrichaceae","Macromitrium","longifolium","(Hook.) Brid.","ORTHOTRICHACEAE Macromitrium longifolium (Hook.) Brid.","UB1279095",,"UB","Valente, D.V.","268",,"2016","Valente, D.V.","2020","Bronze","Ouro",,"Domingos Martins","Parque Estadual da Pedra Azul."
"PARQUE ESTADUAL PEDRA AZUL",,"Orthotrichaceae","Macromitrium","microstomum","(Hook. & Grev.) Schwägr.","ORTHOTRICHACEAE Macromitrium microstomum (Hook. & Grev.) Schwägr.","UB1082421",,"UB","Valente, D.V.","318",,"2016","Valente, D.V.","2017","Bronze","Ouro",,"Domingos Martins","Parque Estadual da Pedra Azul."
"PARQUE ESTADUAL PEDRA AZUL",,"Orthotrichaceae","Macromitrium","microstomum","(Hook. & Grev.) Schwägr.","ORTHOTRICHACEAE Macromitrium microstomum (Hook. & Grev.) Schwägr.","UB1082422",,"UB","Valente, D.V.","283",,"2016","Valente, D.V.","2017","Bronze","Ouro",,"Domingos Martins","Parque Estadual da Pedra Azul."
"PARQUE ESTADUAL PEDRA AZUL",,"Orthotrichaceae","Macromitrium","microstomum","(Hook. & Grev.) Schwägr.","ORTHOTRICHACEAE Macromitrium microstomum (Hook. & Grev.) Schwägr.","UB1082424",,"UB","Valente, D.V.","352",,"2016","Valente, D.V.","2017","Bronze","Ouro",,"Domingos Martins","Parque Estadual da Pedra Azul."
"PARQUE ESTADUAL PEDRA AZUL",,"Orthotrichaceae","Macromitrium","microstomum","(Hook. & Grev.) Schwägr.","ORTHOTRICHACEAE Macromitrium microstomum (Hook. & Grev.) Schwägr.","UB1279099",,"UB","Valente, D.V.","236",,"2016","Valente, D.V.","2017","Bronze","Ouro",,"Domingos Martins","Parque Estadual da Pedra Azul."
"PARQUE ESTADUAL PEDRA AZUL",,"Orthotrichaceae","Macromitrium","microstomum","(Hook. & Grev.) Schwägr.","ORTHOTRICHACEAE Macromitrium microstomum (Hook. & Grev.) Schwägr.","UB1279102",,"UB","Valente, D.V.","540",,"2016","Valente, D.V.","2017","Bronze","Ouro",,"Domingos Martins","Parque Estadual da Pedra Azul."
"PARQUE ESTADUAL PEDRA AZUL","Angiosperms","Orthotrichaceae","Macromitrium","punctatum","(Hook. & Grev.) Brid.","ORTHOTRICHACEAE Macromitrium punctatum (Hook. & Grev.) Brid.","UB1163511",,"UB","Valente, D.V.","545","Native","2016","Valente, D.V.","2017","Bronze","Ouro",,"Domingos Martins","Parque Estadual da Pedra Azul."
"PARQUE ESTADUAL PEDRA AZUL","Algae","Orthotrichaceae","Macromitrium","punctatum","(Hook. & Grev.) Brid.","ORTHOTRICHACEAE Macromitrium punctatum (Hook. & Grev.) Brid.","96391","x","ALCB","Penha, L.T.","s/n",,"2009",,,"Latão","Ouro",,,"Parque Estadual Pedra Azul, Trilha do Mirante"
"PARQUE ESTADUAL PEDRA AZUL","Angiosperms","Orthotrichaceae","Macromitrium","regnellii","Hampe","ORTHOTRICHACEAE Macromitrium regnellii Hampe","UB1082398",,"UB","Valente, D.V.","338","Native","2016","Valente, D.V.","2017","Bronze","Ouro",,"Domingos Martins","Parque Estadual da Pedra Azul."
"PARQUE ESTADUAL PEDRA AZUL","Angiosperms","Orthotrichaceae","Macromitrium","viticulosum","(Raddi) Brid.","ORTHOTRICHACEAE Macromitrium viticulosum (Raddi) Brid.","UB1163516",,"UB","Valente, D.V.","313","Native","2016","Valente, D.V.","2017","Bronze","Ouro",,"Domingos Martins","Parque Estadual da Pedra Azul."
"PARQUE ESTADUAL PEDRA AZUL","Angiosperms","Orthotrichaceae","Macromitrium","viticulosum","(Raddi) Brid.","ORTHOTRICHACEAE Macromitrium viticulosum (Raddi) Brid.","UB1279117",,"UB","Valente, D.V.","295","Native","2016","Valente, D.V.","2017","Bronze","Ouro",,"Domingos Martins","Parque Estadual da Pedra Azul."
"PARQUE ESTADUAL PEDRA AZUL","Angiosperms","Orthotrichaceae",,,"Arn.","ORTHOTRICHACEAE Orthotrichaceae Arn.","UB0335639","splink","UB","Henriques, D.K.","486","Native","2016","Henriques, D.K.",,"Bronze","Ouro",,,"Parque Estadual da Pedra Azul."
"PARQUE ESTADUAL PEDRA AZUL","Angiosperms","Orthotrichaceae",,,"Arn.","ORTHOTRICHACEAE Orthotrichaceae Arn.","UB1076143",,"UB","Henriques, D.K.","486","Native","2016","Henriques, D.K.",,"Bronze","Ouro",,"Domingos Martins","Parque Estadual da Pedra Azul, Trilha Mirante para Rota do Lagarto."
"PARQUE ESTADUAL PEDRA AZUL","Angiosperms","Orthotrichaceae",,,"Arn.","ORTHOTRICHACEAE Orthotrichaceae Arn.","UB1156996",,"UB","Henriques, D.K.","510","Native","2016","Henriques, D.K.",,"Bronze","Ouro",,"Domingos Martins","Parque Estadual da Pedra Azul, Trilha Mirante para Rota do Lagarto."
"PARQUE ESTADUAL PEDRA AZUL","Angiosperms","Orthotrichaceae",,,"Arn.","ORTHOTRICHACEAE Orthotrichaceae Arn.","UB1157008",,"UB","Henriques, D.K.","494","Native","2016","Henriques, D.K.",,"Bronze","Ouro",,"Domingos Martins","Parque Estadual da Pedra Azul, Trilha Mirante para Rota do Lagarto."
"PARQUE ESTADUAL PEDRA AZUL","Angiosperms","Orthotrichaceae",,,"Arn.","ORTHOTRICHACEAE Orthotrichaceae Arn.","UB1157014",,"UB","Henriques, D.K.","517","Native","2016","Henriques, D.K.",,"Bronze","Ouro",,"Domingos Martins","Parque Estadual da Pedra Azul, Trilha Mirante para Rota do Lagarto."
"PARQUE ESTADUAL PEDRA AZUL","Angiosperms","Orthotrichaceae","Schlotheimia",,"Brid.","ORTHOTRICHACEAE Schlotheimia Brid.","UB1347006",,"UB","Henriques, D.K.","529","Native","2016","Faria, A.A.",,"Bronze","Ouro",,"Domingos Martins","Parque Estadual da Pedra Azul, Trilha Mirante para Rota do Lagarto."
"PARQUE ESTADUAL PEDRA AZUL","Angiosperms","Orthotrichaceae","Schlotheimia",,"Brid.","ORTHOTRICHACEAE Schlotheimia Brid.","UB1092589",,"UB","Valente, D.V.","340","Native","2016","Valente, D.V.","2017","Bronze","Ouro",,"Domingos Martins","Parque Estadual da Pedra Azul."
"PARQUE ESTADUAL PEDRA AZUL","Angiosperms","Orthotrichaceae","Schlotheimia",,"Brid.","ORTHOTRICHACEAE Schlotheimia Brid.","UB1252457",,"UB","Valente, D.V.","335","Native","2016","Valente, D.V.","2017","Bronze","Ouro",,"Domingos Martins","Parque Estadual da Pedra Azul."
"PARQUE ESTADUAL PEDRA AZUL","Angiosperms","Orthotrichaceae","Schlotheimia",,"Brid.","ORTHOTRICHACEAE Schlotheimia Brid.","UB1252461",,"UB","Valente, D.V.","258","Native","2016","Valente, D.V.","2017","Bronze","Ouro",,"Domingos Martins","Parque Estadual da Pedra Azul."
"PARQUE ESTADUAL PEDRA AZUL","Ferns and Lycophytes","Orthotrichaceae","Schlotheimia",,"Brid.","ORTHOTRICHACEAE Schlotheimia Brid.","UB1347002",,"UB","Valente, D.V.","284","Native","2016","Valente, D.V.","2017","Bronze","Ouro",,"Domingos Martins","Parque Estadual da Pedra Azul."
"PARQUE ESTADUAL PEDRA AZUL","Bryophytes","Orthotrichaceae","Schlotheimia","jamesonii","(Arn.) Brid.","ORTHOTRICHACEAE Schlotheimia jamesonii (Arn.) Brid.","UB1092633",,"UB","Valente, D.V.","342","Native","2016","Valente, D.V.","2017","Bronze","Ouro",,"Domingos Martins","Parque Estadual da Pedra Azul."
"PARQUE ESTADUAL PEDRA AZUL","Bryophytes","Orthotrichaceae","Schlotheimia","jamesonii","(Arn.) Brid.","ORTHOTRICHACEAE Schlotheimia jamesonii (Arn.) Brid.","UB1092638",,"UB","Valente, D.V.","336","Native","2016","Valente, D.V.","2017","Bronze","Ouro",,"Domingos Martins","Parque Estadual da Pedra Azul."
"PARQUE ESTADUAL PEDRA AZUL","Bryophytes","Orthotrichaceae","Schlotheimia","jamesonii","(Arn.) Brid.","ORTHOTRICHACEAE Schlotheimia jamesonii (Arn.) Brid.","UB1092639",,"UB","Valente, D.V.","305","Native","2016","Valente, D.V.","2017","Bronze","Ouro",,"Domingos Martins","Parque Estadual da Pedra Azul."
"PARQUE ESTADUAL PEDRA AZUL","Bryophytes","Orthotrichaceae","Schlotheimia","jamesonii","(Arn.) Brid.","ORTHOTRICHACEAE Schlotheimia jamesonii (Arn.) Brid.","UB1092641",,"UB","Valente, D.V.","557","Native","2016","Valente, D.V.","2017","Bronze","Ouro",,"Domingos Martins","Parque Estadual da Pedra Azul."
"PARQUE ESTADUAL PEDRA AZUL","Bryophytes","Orthotrichaceae","Schlotheimia","jamesonii","(Arn.) Brid.","ORTHOTRICHACEAE Schlotheimia jamesonii (Arn.) Brid.","UB1092642",,"UB","Valente, D.V.","310","Native","2016","Valente, D.V.","2017","Bronze","Ouro",,"Domingos Martins","Parque Estadual da Pedra Azul."
"PARQUE ESTADUAL PEDRA AZUL","Ferns and Lycophytes","Orthotrichaceae","Schlotheimia","rugifolia","(Hook.) Schwägr.","ORTHOTRICHACEAE Schlotheimia rugifolia (Hook.) Schwägr.","UB1092696",,"UB","Valente, D.V.","351","Native","2016","Valente, D.V.","2017","Bronze","Ouro",,"Domingos Martins","Parque Estadual da Pedra Azul."
"PARQUE ESTADUAL PEDRA AZUL","Ferns and Lycophytes","Orthotrichaceae","Schlotheimia","rugifolia","(Hook.) Schwägr.","ORTHOTRICHACEAE Schlotheimia rugifolia (Hook.) Schwägr.","UB1092699",,"UB","Valente, D.V.","341","Native","2016","Valente, D.V.","2017","Bronze","Ouro",,"Domingos Martins","Parque Estadual da Pedra Azul."
"PARQUE ESTADUAL PEDRA AZUL","Ferns and Lycophytes","Orthotrichaceae","Schlotheimia","rugifolia","(Hook.) Schwägr.","ORTHOTRICHACEAE Schlotheimia rugifolia (Hook.) Schwägr.","UB1092700",,"UB","Valente, D.V.","541","Native","2016","Valente, D.V.","2017","Bronze","Ouro",,"Domingos Martins","Parque Estadual da Pedra Azul."
"PARQUE ESTADUAL PEDRA AZUL","Ferns and Lycophytes","Orthotrichaceae","Schlotheimia","rugifolia","(Hook.) Schwägr.","ORTHOTRICHACEAE Schlotheimia rugifolia (Hook.) Schwägr.","UB1092703",,"UB","Valente, D.V.","288","Native","2016","Valente, D.V.","2017","Bronze","Ouro",,"Domingos Martins","Parque Estadual da Pedra Azul."
"PARQUE ESTADUAL PEDRA AZUL","Ferns and Lycophytes","Orthotrichaceae","Schlotheimia","rugifolia","(Hook.) Schwägr.","ORTHOTRICHACEAE Schlotheimia rugifolia (Hook.) Schwägr.","UB1092704",,"UB","Valente, D.V.","262","Native","2016","Valente, D.V.","2017","Bronze","Ouro",,"Domingos Martins","Parque Estadual da Pedra Azul."
"PARQUE ESTADUAL PEDRA AZUL","Angiosperms","Orthotrichaceae","Schlotheimia","tecta","Hook. f. & Wilson","ORTHOTRICHACEAE Schlotheimia tecta Hook. f. & Wilson","UB1092715",,"UB","Valente, D.V.","316","Native","2016","Valente, D.V.","2017","Bronze","Ouro",,"Domingos Martins","Parque Estadual da Pedra Azul."
"PARQUE ESTADUAL PEDRA AZUL","Angiosperms","Orthotrichaceae","Schlotheimia","tecta","Hook. f. & Wilson","ORTHOTRICHACEAE Schlotheimia tecta Hook. f. & Wilson","UB1092716",,"UB","Valente, D.V.","299","Native","2016","Valente, D.V.","2017","Bronze","Ouro",,"Domingos Martins","Parque Estadual da Pedra Azul."
"PARQUE ESTADUAL PEDRA AZUL","Angiosperms","Orthotrichaceae","Schlotheimia","tecta","Hook. f. & Wilson","ORTHOTRICHACEAE Schlotheimia tecta Hook. f. & Wilson","UB1252549",,"UB","Valente, D.V.","346","Native","2016","Valente, D.V.","2017","Bronze","Ouro",,"Domingos Martins","Parque Estadual da Pedra Azul."
"PARQUE ESTADUAL PEDRA AZUL","Ferns and Lycophytes","Orthotrichaceae","Schlotheimia","tecta","Hook. f. & Wilson","ORTHOTRICHACEAE Schlotheimia tecta Hook. f. & Wilson","UB1347101",,"UB","Valente, D.V.","314","Native","2016","Valente, D.V.","2017","Bronze","Ouro",,"Domingos Martins","Parque Estadual da Pedra Azul."
"PARQUE ESTADUAL PEDRA AZUL","Ferns and Lycophytes","Orthotrichaceae","Schlotheimia","tecta","Hook. f. & Wilson","ORTHOTRICHACEAE Schlotheimia tecta Hook. f. & Wilson","UB1347102",,"UB","Valente, D.V.","337","Native","2016","Valente, D.V.","2017","Bronze","Ouro",,"Domingos Martins","Parque Estadual da Pedra Azul."
"PARQUE ESTADUAL PEDRA AZUL","Angiosperms","Orthotrichaceae","Schlotheimia","trichomitria","Schwägr.","ORTHOTRICHACEAE Schlotheimia trichomitria Schwägr.","UB1347111",,"UB","Henriques, D.K.","476","Native","2016","Henriques, D.K.",,"Bronze","Ouro",,"Domingos Martins","Parque Estadual da Pedra Azul, Trilha Mirante para Rota do Lagarto."
"PARQUE ESTADUAL PEDRA AZUL","Angiosperms","Orthotrichaceae","Zygodon",,"Hook. & Taylor","ORTHOTRICHACEAE Zygodon Hook. & Taylor","UB1025773",,"UB","Valente, D.V.","561","Native","2016","Valente, D.V.","2017","Bronze","Ouro",,"Domingos Martins","Parque Estadual da Pedra Azul."
"PARQUE ESTADUAL PEDRA AZUL",,"Orthotrichaceae","Zygodon","reinwardtii","(Hornsch.) A.Braun","ORTHOTRICHACEAE Zygodon reinwardtii (Hornsch.) A.Braun","UB1229385",,"UB","Valente, D.V.","564",,"2016","Valente, D.V.","2017","Bronze","Ouro",,"Domingos Martins","Parque Estadual da Pedra Azul."
"PARQUE ESTADUAL PEDRA AZUL","Ferns and Lycophytes","Pallaviciniaceae","Symphyogyna",,"Nees & Mont.","PALLAVICINIACEAE Symphyogyna Nees & Mont.","UB1227578",,"UB","Dantas, T.S.","933","Native","2016",,,"Latão","Ouro",,"Domingos Martins","Parque Estadual da Pedra Azul, trilha para a base da pedra."
"PARQUE ESTADUAL PEDRA AZUL","Bryophytes","Phyllanthaceae","Phyllanthus","subemarginatus","Müll.Arg.","PHYLLANTHACEAE Phyllanthus subemarginatus Müll.Arg.","MBM103925","splink","MBM","Hatschbach, G.","49959","Native","1985","Webster, G.L.",,"Ouro","Prata",,"Domingos Martins","Pedra Azul."
"PARQUE ESTADUAL PEDRA AZUL","Angiosperms","Picramniaceae","Picramnia","glazioviana","Engl.","PICRAMNIACEAE Picramnia glazioviana subsp. glazioviana Engl.","MBML024856","splink","MBML","Kollmann, L.","8055","Native","2005","Pirani, J.R.","2010","Ouro","Ouro",,"Domingos Martins","Parque Estadual da Pedra Azul"
"PARQUE ESTADUAL PEDRA AZUL","Angiosperms","Picramniaceae","Picramnia","glazioviana","Engl.","PICRAMNIACEAE Picramnia glazioviana subsp. glazioviana Engl.","SPF00194164","splink","SPF","Kollmann, L.","8055","Native","2005","Pirani, J.R.","2010","Ouro","Ouro",,"Domingos Martins","Parque Estadual da Pedra Azul, Trilha das piscinas."
"PARQUE ESTADUAL PEDRA AZUL",,"Pilotrichaceae","Hypnella","pilifera","(Hook. & Wilson) A.Jaeger","PILOTRICHACEAE Hypnella pilifera (Hook. & Wilson) A.Jaeger","CAP008680","splink","CAP","Peralta, D.F.","19484",,"2016",,,"Latão","Ouro",,"Domingos Martins","Mata Atlântica com afloramentos rochosos. em barranco. Parque Estadual da Pedra Azul"
"PARQUE ESTADUAL PEDRA AZUL",,"Pilotrichaceae","Lepidopilum","scabrisetum","(Schwägr.) Steere","PILOTRICHACEAE Lepidopilum scabrisetum (Schwägr.) Steere","96407","x","ALCB","Penha, L.T.","s/n",,"2009",,,"Latão","Ouro",,,"Parque Estadual Pedra Azul, Trilha do Mirante"
"PARQUE ESTADUAL PEDRA AZUL","Angiosperms","Piperaceae","Peperomia","alata","Ruiz & Pav.","PIPERACEAE Peperomia alata Ruiz & Pav.","74780","x","HRCB","Marcusso, G.M.","1475","Native","2019","Marcusso, G.M.","2018","Bronze","Ouro",,,"Parque Estadual da Pedra Azul Trilha das piscinas naturais até próximo da base da pedra das flores, pela calha do rio."
"PARQUE ESTADUAL PEDRA AZUL","Angiosperms","Piperaceae","Peperomia","alata","Ruiz & Pav.","PIPERACEAE Peperomia alata Ruiz & Pav.","71817","x","HRCB","Marcusso, G.M.","851","Native","2018","Marcusso, G.M.","2018","Bronze","Ouro",,,"Parque Estadual da Pedra Azul"
"PARQUE ESTADUAL PEDRA AZUL","Angiosperms","Piperaceae","Peperomia","alata","Ruiz & Pav.","PIPERACEAE Peperomia alata Ruiz & Pav.","74325","x","HRCB","Marcusso, G.M.","1339","Native","2018","Marcusso, G.M.","2018","Bronze","Ouro",,,"Parque Estadual da Pedra Azul Caminho para a casa onde tinha abelhas"
"PARQUE ESTADUAL PEDRA AZUL","Angiosperms","Piperaceae","Peperomia","alata","Ruiz & Pav.","PIPERACEAE Peperomia alata Ruiz & Pav.","72881","x","HRCB","Marcusso, G.M.","1072","Native","2018","Marcusso, G.M.","2018","Bronze","Ouro",,,"Propriedade particular contígua ao Parque Estadual da Pedra Azul Beira da estrada, encosta da vertente do vale e grotas úmidas nas margens do rio."
"PARQUE ESTADUAL PEDRA AZUL","Angiosperms","Piperaceae","Peperomia","alata","Ruiz & Pav.","PIPERACEAE Peperomia alata Ruiz & Pav.","72867","x","HRCB","Marcusso, G.M.","1058","Native","2018","Marcusso, G.M.","2018","Bronze","Ouro",,,"Propriedade particular contígua ao Parque Estadual da Pedra Azul Beira da estrada, encosta da vertente do vale e grotas úmidas nas margens do rio."
"PARQUE ESTADUAL PEDRA AZUL","Bryophytes","Piperaceae","Peperomia","galioides","Kunth","PIPERACEAE Peperomia galioides Kunth","MBML024745","splink","MBML","Kollmann, L.","8004","Native","2005","Silva, M.C.","2006","Ouro","Ouro",,"Domingos Martins","Parque Estadual da Pedra Azul"
"PARQUE ESTADUAL PEDRA AZUL","Angiosperms","Piperaceae","Peperomia","galioides","Kunth","PIPERACEAE Peperomia galioides Kunth","72847","x","HRCB","Marcusso, G.M.","1037","Native","2018","Marcusso, G.M.","2018","Bronze","Ouro",,,"Parque Estadual da Pedra Azul Trilha das piscinas naturais até próximo da base da pedra azul, pela calha do rio."
"PARQUE ESTADUAL PEDRA AZUL","Angiosperms","Piperaceae","Peperomia","glabella","(Sw.) A.Dietr.","PIPERACEAE Peperomia glabella (Sw.) A.Dietr.","72862","x","HRCB","Marcusso, G.M.","1052","Native","2018","Marcusso, G.M.","2018","Bronze","Ouro",,,"Propriedade particular contígua ao Parque Estadual da Pedra Azul Beira da estrada, encosta da vertente do vale e grotas úmidas nas margens do rio."
"PARQUE ESTADUAL PEDRA AZUL","Angiosperms","Piperaceae","Peperomia","mandioccana","Miq.","PIPERACEAE Peperomia mandioccana Miq.","74790","x","HRCB","Marcusso, G.M.","1485","Native","2019","Marcusso, G.M.","2019","Bronze","Ouro",,,"Parque Estadual da Pedra Azul Capão floresta, ao lado da caneleta de água intermitente."
"PARQUE ESTADUAL PEDRA AZUL","Angiosperms","Piperaceae","Peperomia","mandioccana","Miq.","PIPERACEAE Peperomia mandioccana Miq.","72887","x","HRCB","Marcusso, G.M.","1078","Native","2018","Marcusso, G.M.","2018","Bronze","Ouro",,,"Parque Estadual da Pedra Azul Próximo à antiga casa de pesquisa."
"PARQUE ESTADUAL PEDRA AZUL","Angiosperms","Piperaceae","Peperomia","mandioccana","Miq.","PIPERACEAE Peperomia mandioccana Miq.","MBML024808","splink","MBML","Kollmann, L.","8010","Native","2005","Sarnaglia Junior, V.B.","2013","Bronze","Ouro",,"Domingos Martins","Parque Estadual da Pedra Azul"
"PARQUE ESTADUAL PEDRA AZUL","Angiosperms","Piperaceae","Peperomia","mandioccana","Miq.","PIPERACEAE Peperomia mandioccana Miq.","72822","x","HRCB","Marcusso, G.M.","1012","Native","2018",,,"Latão","Ouro",,,"Parque Estadual da Pedra Azul Trilha das piscinas naturais até próximo da base da pedra azul, pela calha do rio."
"PARQUE ESTADUAL PEDRA AZUL","Angiosperms","Piperaceae","Peperomia","martiana","Miq.","PIPERACEAE Peperomia martiana Miq.","74315","x","HRCB","Marcusso, G.M.","1329","Native","2018","Marcusso, G.M.","2018","Bronze","Ouro",,,"Propriedade particular contígua ao Parque Estadual da Pedra Azul Fundo do vale, nas margens do rio."
"PARQUE ESTADUAL PEDRA AZUL","Angiosperms","Piperaceae","Peperomia","martiana","Miq.","PIPERACEAE Peperomia martiana Miq.","72864","x","HRCB","Marcusso, G.M.","1055","Native","2018","Marcusso, G.M.","2018","Bronze","Ouro",,,"Propriedade particular contígua ao Parque Estadual da Pedra Azul Beira da estrada, encosta da vertente do vale e grotas úmidas nas margens do rio."
"PARQUE ESTADUAL PEDRA AZUL","Angiosperms","Piperaceae","Peperomia","martiana","Miq.","PIPERACEAE Peperomia martiana Miq.","74073","x","HRCB","Marcusso, G.M.","852","Native","2018","Marcusso, G.M.","2018","Bronze","Ouro",,,"Parque Estadual da Pedra Azul Acesso novo para a trilha das piscinas naturais, grotão úmido, na calha do rio."
"PARQUE ESTADUAL PEDRA AZUL","Bryophytes","Piperaceae","Peperomia","martiana","Miq.","PIPERACEAE Peperomia martiana Miq.","MBML012745","splink","MBML","Fraga, C.N.","187","Native","1995","Silva, M.C.","2006","Ouro","Prata",,"Domingos Martins","Pedra Azul"
"PARQUE ESTADUAL PEDRA AZUL","Angiosperms","Piperaceae","Peperomia","tetraphylla","(G.Forst.) Hook. & Arn.","PIPERACEAE Peperomia tetraphylla (G.Forst.) Hook. & Arn.","74326","x","HRCB","Marcusso, G.M.","1340","Native","2018","Marcusso, G.M.","2018","Bronze","Ouro",,,"Parque Estadual da Pedra Azul Caminho para a casa onde tinha abelhas"
"PARQUE ESTADUAL PEDRA AZUL","Angiosperms","Piperaceae","Peperomia","tetraphylla","(G.Forst.) Hook. & Arn.","PIPERACEAE Peperomia tetraphylla (G.Forst.) Hook. & Arn.","74074","x","HRCB","Marcusso, G.M.","869","Native","2018","Marcusso, G.M.","2018","Bronze","Ouro",,,"Parque Estadual da Pedra Azul Trilha para as piscinas naturais."
"PARQUE ESTADUAL PEDRA AZUL","Angiosperms","Piperaceae","Peperomia","tetraphylla","(G.Forst.) Hook. & Arn.","PIPERACEAE Peperomia tetraphylla (G.Forst.) Hook. & Arn.","71832","x","HRCB","Marcusso, G.M.","867","Native","2018","Marcusso, G.M.","2018","Bronze","Ouro",,,"Parque Estadual da Pedra Azul"
"PARQUE ESTADUAL PEDRA AZUL","Angiosperms","Piperaceae","Peperomia","tetraphylla","(G.Forst.) Hook. & Arn.","PIPERACEAE Peperomia tetraphylla (G.Forst.) Hook. & Arn.","MBML024919","splink","MBML","Kollmann, L.","8007","Native","2005","Kollmann, L.","2006","Bronze","Ouro",,"Domingos Martins","Parque Estadual da Pedra Azul"
"PARQUE ESTADUAL PEDRA AZUL","Angiosperms","Piperaceae","Peperomia","tetraphylla","(G.Forst.) Hook. & Arn.","PIPERACEAE Peperomia tetraphylla (G.Forst.) Hook. & Arn.","UB1212821",,"UB","Dantas, T.S.","796","Native","2016",,,"Latão","Ouro",,"Domingos Martins","Parque Estadual da Pedra Azul, trilha para as piscinas naturais."
"PARQUE ESTADUAL PEDRA AZUL","Angiosperms","Piperaceae","Peperomia","urocarpa","Fisch. & C.A.Mey.","PIPERACEAE Peperomia urocarpa Fisch. & C.A.Mey.","72870","x","HRCB","Marcusso, G.M.","1061","Native","2018","Marcusso, G.M.","2018","Bronze","Ouro",,,"Propriedade particular contígua ao Parque Estadual da Pedra Azul Beira da estrada, encosta da vertente do vale e grotas úmidas nas margens do rio."
"PARQUE ESTADUAL PEDRA AZUL","Angiosperms","Piperaceae","Peperomia","warmingii","C.DC.","PIPERACEAE Peperomia warmingii C.DC.","US01334916","splink","US","Hatschbach, G.","47691","Native","1984",,,"Latão","Prata",,"Domingos Martins","Pedra Azul, Rod. BR-262"
"PARQUE ESTADUAL PEDRA AZUL",,"Piperaceae","Piper","eucalyptophyllum","C.DC.","PIPERACEAE Piper eucalyptophyllum C.DC.","SHPR002052","splink","SHPR","Marcusso, G.M.","1855",,"2020","Biral, L.","2022","Bronze","Ouro",,"Domingos Martins","Parque Estadual da Pedra Azul"
"PARQUE ESTADUAL PEDRA AZUL","Ferns and Lycophytes","Plagiochilaceae","Plagiochila",,"(Dumort.) Dumort.","PLAGIOCHILACEAE Plagiochila (Dumort.) Dumort.","UB1061141",,"UB","Valente, D.V.","565","Native","2016","Valente, D.V.","2017","Bronze","Ouro",,"Domingos Martins","Parque Estadual da Pedra Azul."
"PARQUE ESTADUAL PEDRA AZUL","Angiosperms","Plagiochilaceae","Plagiochila",,"(Dumort.) Dumort.","PLAGIOCHILACEAE Plagiochila (Dumort.) Dumort.","VIES049337","splink","VIES","Silva, L.T.P.","133","Native","2008","Silva, L.T.P.","2008","Bronze","Ouro",,"Domingos Martins","Parque Estadual Pedra Azul."
"PARQUE ESTADUAL PEDRA AZUL","Angiosperms","Plagiochilaceae","Plagiochila",,"(Dumort.) Dumort.","PLAGIOCHILACEAE Plagiochila (Dumort.) Dumort.","CAP008681","splink","CAP","Peralta, D.F.","19485","Native","2016",,,"Latão","Ouro",,"Domingos Martins","Mata Atlântica com afloramentos rochosos. sobre tronco vivo. Parque Estadual da Pedra Azul"
"PARQUE ESTADUAL PEDRA AZUL","Angiosperms","Plagiochilaceae","Plagiochila",,"(Dumort.) Dumort.","PLAGIOCHILACEAE Plagiochila (Dumort.) Dumort.","CAP008689","splink","CAP","Peralta, D.F.","19464","Native","2016",,,"Latão","Ouro",,"Domingos Martins","Mata Atlântica com afloramentos rochosos. sobre rocha. Parque Estadual da Pedra Azul"
"PARQUE ESTADUAL PEDRA AZUL","Angiosperms","Plagiochilaceae","Plagiochila",,"(Dumort.) Dumort.","PLAGIOCHILACEAE Plagiochila (Dumort.) Dumort.","CAP008687","splink","CAP","Peralta, D.F.","19466","Native","2016",,,"Latão","Ouro",,"Domingos Martins","Mata Atlântica com afloramentos rochosos. sobre rocha. Parque Estadual da Pedra Azul"
"PARQUE ESTADUAL PEDRA AZUL",,"Plagiochilaceae","Plagiochila","corrugata","(Nees) Nees & Mont.","PLAGIOCHILACEAE Plagiochila corrugata (Nees) Nees & Mont.","96530","x","ALCB","Santos, M.","s/n",,"2009","Penha, L.T.",,"Bronze","Ouro",,,"Parque Estadual Pedra Azul, Trilha do Mirante."
"PARQUE ESTADUAL PEDRA AZUL",,"Plagiochilaceae","Plagiochila","corrugata","(Nees) Nees & Mont.","PLAGIOCHILACEAE Plagiochila corrugata (Nees) Nees & Mont.","96540","x","ALCB","Santos, M.","s/n",,"2009","Penha, L.T.",,"Bronze","Ouro",,,"Parque Estadual Pedra Azul, Trilha do Mirante."
"PARQUE ESTADUAL PEDRA AZUL",,"Plagiochilaceae","Plagiochila","corrugata","(Nees) Nees & Mont.","PLAGIOCHILACEAE Plagiochila corrugata (Nees) Nees & Mont.","96555","x","ALCB","Santos, M.","s/n",,"2009","Penha, L.T.",,"Bronze","Ouro",,,"Parque Estadual Pedra Azul, Trilha do Mirante."
"PARQUE ESTADUAL PEDRA AZUL",,"Plagiochilaceae","Plagiochila","corrugata","(Nees) Nees & Mont.","PLAGIOCHILACEAE Plagiochila corrugata (Nees) Nees & Mont.","96388","x","ALCB","Santos, M.","s/n",,"2009","Penha, L.T.",,"Bronze","Ouro",,,"Parque Estadual Pedra Azul, Trilha do Mirante."
"PARQUE ESTADUAL PEDRA AZUL",,"Plagiochilaceae","Plagiochila","corrugata","(Nees) Nees & Mont.","PLAGIOCHILACEAE Plagiochila corrugata (Nees) Nees & Mont.","96348","x","ALCB","Santos, M.","s/n",,"2009","Penha, L.T.",,"Bronze","Ouro",,,"Parque Estadual Pedra Azul, Trilha das Piscinas."
"PARQUE ESTADUAL PEDRA AZUL","Angiosperms","Plagiochilaceae","Plagiochila","rutilans","Lindenb.","PLAGIOCHILACEAE Plagiochila rutilans Lindenb.","96574","x","ALCB","Penha, L.T.","s/n","Native","2010",,,"Latão","Ouro",,,"Parque Estadual Pedra Azul, Trilha São Paulino do Aracê"
"PARQUE ESTADUAL PEDRA AZUL","Ferns and Lycophytes","Plagiochilaceae","Plagiochila","rutilans","Lindenb.","PLAGIOCHILACEAE Plagiochila rutilans Lindenb.","96578","x","ALCB","Penha, L.T.","s/n","Native","2010",,,"Latão","Ouro",,,"Parque Estadual Pedra Azul, Trilha São Paulino do Aracê"
"PARQUE ESTADUAL PEDRA AZUL","Angiosperms","Poaceae","Chusquea","anelythra","Nees","POACEAE Chusquea anelythra Nees","MBML025092","splink","MBML","Kollmann, L.","8015","Native","2005","Pianissola, E.M.","2018","Bronze","Ouro",,"Domingos Martins","Parque Estadual da Pedra Azul"
"PARQUE ESTADUAL PEDRA AZUL","Ferns and Lycophytes","Poaceae","Chusquea",,"Kunth","POACEAE Chusquea Kunth","BHCB045328","splink","BHCB","Vasconcelos, M.F.","s.n.","Native","1998","Vidal, K.V.A.","2023","Bronze","Ouro",,"Domingos Martins","Parque Estadual de Pedra Azul, Pedra das Flores"
"PARQUE ESTADUAL PEDRA AZUL","Angiosperms","Poaceae","Chusquea",,"Kunth","POACEAE Chusquea Kunth","RB00562062","x","RB","Fontana, A.P.","2215","Native","2006",,,"Latão","Ouro",,,"Pedra Azul, Pedra das Flores, cume. Floresta Ombrófila Densa, Aforamento rochoso com Mata Nebular. Parque Estadual Pedra Azul"
"PARQUE ESTADUAL PEDRA AZUL","Angiosperms","Poaceae",,,"Barnhart","POACEAE Poaceae Barnhart","R010069170","x","R","Moura, R.","476","Native","2008",,,"Latão","Ouro",,,"Domindos Martins.Parque Estadual da Pedra Azul, próximos as piscinas."
"PARQUE ESTADUAL PEDRA AZUL","Angiosperms","Polypodiaceae","Campyloneurum","angustifolium","(Sw.) Fée","POLYPODIACEAE Campyloneurum angustifolium (Sw.) Fée","72894","x","HRCB","Marcusso, G.M.","1085","Native","2018",,,"Latão","Ouro",,,"Parque Estadual da Pedra Azul Próximo à antiga casa de pesquisa."
"PARQUE ESTADUAL PEDRA AZUL","Angiosperms","Polypodiaceae","Campyloneurum","crispum","Fée","POLYPODIACEAE Campyloneurum crispum Fée","P00784023","x","P","Salino, A.","14143","Native","2008","Leon","2016","Bronze","Ouro",,,"São Paulo do Aracê. Entorno do Parque Estadual Pedra Azul"
"PARQUE ESTADUAL PEDRA AZUL","Angiosperms","Polypodiaceae","Campyloneurum","decurrens","(Raddi) C.Presl","POLYPODIACEAE Campyloneurum decurrens (Raddi) C.Presl","126426","splink","BHCB","Salino, A.","14150","Native","2008","Salino, A.","2008","Bronze","Ouro",,"Domingos Martins","São Paulo do Aracê, Entorno do Parque Estadual da Pedra Azul"
"PARQUE ESTADUAL PEDRA AZUL","Angiosperms","Polypodiaceae","Campyloneurum","decurrens","(Raddi) C.Presl","POLYPODIACEAE Campyloneurum decurrens (Raddi) C.Presl","P00846406","x","P","Salino, A.","14150","Native","2008",,"2012","Latão","Ouro",,,"São Paulo do Aracê; Entorno do Parque Estadual da Pedra Azul."
"PARQUE ESTADUAL PEDRA AZUL",,"Polypodiaceae","Campyloneurum","nitidum","(Kaulf.) C.Presl","POLYPODIACEAE Campyloneurum nitidum (Kaulf.) C.Presl","VIES057629","splink","VIES","Marcusso, G.M.","1592",,"2019","Marcusso, G.M.","2019","Bronze","Ouro",,"Domingos Martins","Trilha nova para as piscinas naturais, até a base da pedra das flores. Parque Estadual da Pedra Azul"
"PARQUE ESTADUAL PEDRA AZUL","Angiosperms","Polypodiaceae","Campyloneurum","nitidum","(Kaulf.) C.Presl","POLYPODIACEAE Campyloneurum nitidum (Kaulf.) C.Presl","HRCB075053","splink","HRCB","Marcusso, G.M.","1592","Native","2019","Marcusso, G.M.","2019","Bronze","Ouro",,"Domingos Martins","Parque Estadual da Pedra Azul Trilha nova para as piscinas naturais, até a base da pedra das flores"
"PARQUE ESTADUAL PEDRA AZUL","Angiosperms","Polypodiaceae","Campyloneurum","nitidum","(Kaulf.) C.Presl","POLYPODIACEAE Campyloneurum nitidum (Kaulf.) C.Presl","71814","x","HRCB","Marcusso, G.M.","848","Native","2018","Marcusso, G.M.","2019","Bronze","Ouro",,,"Parque Estadual da Pedra Azul"
"PARQUE ESTADUAL PEDRA AZUL","Angiosperms","Polypodiaceae","Campyloneurum","nitidum","(Kaulf.) C.Presl","POLYPODIACEAE Campyloneurum nitidum (Kaulf.) C.Presl","72891","x","HRCB","Marcusso, G.M.","1082","Native","2018","Marcusso, G.M.","2019","Bronze","Ouro",,,"Parque Estadual da Pedra Azul Próximo à antiga casa de pesquisa."
"PARQUE ESTADUAL PEDRA AZUL","Angiosperms","Polypodiaceae","Campyloneurum","nitidum","(Kaulf.) C.Presl","POLYPODIACEAE Campyloneurum nitidum (Kaulf.) C.Presl","71842","x","HRCB","Marcusso, G.M.","879","Native","2018","Marcusso, G.M.","2019","Bronze","Ouro",,,"Parque Estadual da Pedra Azul"
"PARQUE ESTADUAL PEDRA AZUL","Ferns and Lycophytes","Polypodiaceae","Cochlidium","punctatum","(Raddi) L.E.Bishop","POLYPODIACEAE Cochlidium punctatum (Raddi) L.E.Bishop","BHCB231580","splink","BHCB","Marcusso, G.M.","1865","Native","2020","Marcusso, G.M.","2020","Bronze","Ouro",,"Domingos Martins","Parque Estadual da Pedra Azul"
"PARQUE ESTADUAL PEDRA AZUL","Ferns and Lycophytes","Polypodiaceae","Cochlidium","punctatum","(Raddi) L.E.Bishop","POLYPODIACEAE Cochlidium punctatum (Raddi) L.E.Bishop","BHCB01109765",,"BHCB","Salino, A.","14184","Native","2008","Salino, A.","2008","Bronze","Ouro",,"Domingos Martins","São Paulo do Aracê. Entorno do Parque Estadual da Pedra Azul. Floresta Ombrófila Densa."
"PARQUE ESTADUAL PEDRA AZUL","Ferns and Lycophytes","Polypodiaceae","Cochlidium","punctatum","(Raddi) L.E.Bishop","POLYPODIACEAE Cochlidium punctatum (Raddi) L.E.Bishop","126460","splink","BHCB","Salino, A.","14184","Native","2008","Salino, A.","2008","Bronze","Ouro",,"Domingos Martins","São Paulo do Aracê, Entorno do Parque Estadual da Pedra Azul. Floresta Ombrófila Densa."
"PARQUE ESTADUAL PEDRA AZUL",,"Polypodiaceae","Lellingeria","apiculata","(Kunze ex Klotzsch) A.R.Sm. & R.C.Moran","POLYPODIACEAE Lellingeria apiculata (Kunze ex Klotzsch) A.R.Sm. & R.C.Moran","126462","splink","BHCB","Salino, A.","14186",,"2008","Salino, A.","2008","Bronze","Ouro",,"Domingos Martins","São Paulo do Aracê, Entorno do Parque Estadual da Pedra Azul. Floresta Ombrófila Densa."
"PARQUE ESTADUAL PEDRA AZUL","Angiosperms","Polypodiaceae","Melpomene","pilosissima","(M.Martens & Galeotti) A.R.Sm. & R.C.Moran","POLYPODIACEAE Melpomene pilosissima (M.Martens & Galeotti) A.R.Sm. & R.C.Moran","BHCB01109985",,"BHCB","Salino, A.","14187","Native","2008","Salino, A.","2009","Bronze","Ouro",,"Domingos Martins","São Paulo do Aracê. Entorno do Parque Estadual da Pedra Azul."
"PARQUE ESTADUAL PEDRA AZUL","Angiosperms","Polypodiaceae","Melpomene","pilosissima","(M.Martens & Galeotti) A.R.Sm. & R.C.Moran","POLYPODIACEAE Melpomene pilosissima (M.Martens & Galeotti) A.R.Sm. & R.C.Moran","126463","splink","BHCB","Salino, A.","14187","Native","2008","Salino, A.","2009","Bronze","Ouro",,"Domingos Martins","São Paulo do Aracê, Entorno do Parque Estadual da Pedra Azul"
"PARQUE ESTADUAL PEDRA AZUL","Angiosperms","Polypodiaceae","Microgramma","squamulosa","(Kaulf.) de la Sota","POLYPODIACEAE Microgramma squamulosa (Kaulf.) de la Sota","71819","x","HRCB","Marcusso, G.M.","854","Native","2018","Marcusso, G.M.","2018","Bronze","Ouro",,,"Parque Estadual da Pedra Azul"
"PARQUE ESTADUAL PEDRA AZUL","Angiosperms","Polypodiaceae","Microgramma","squamulosa","(Kaulf.) de la Sota","POLYPODIACEAE Microgramma squamulosa (Kaulf.) de la Sota","BHCB01110202",,"BHCB","Salino, A.","14121","Native","2008","Almeida, T.E.","2013","Bronze","Ouro",,"Domingos Martins","Parque Estadual da Pedra Azul. Na trilha para as piscinas naturais. Floresta Ombrófila Densa e afloramento rochoso."
"PARQUE ESTADUAL PEDRA AZUL","Ferns and Lycophytes","Polypodiaceae","Microgramma","squamulosa","(Kaulf.) de la Sota","POLYPODIACEAE Microgramma squamulosa (Kaulf.) de la Sota","BHCB01110203",,"BHCB","Salino, A.","14162","Native","2008","Almeida, T.E.","2013","Bronze","Ouro",,"Domingos Martins","São Paulo do Aracê. Entorno do Parque Estadual da Pedra Azul. Floresta Ombrófila Densa."
"PARQUE ESTADUAL PEDRA AZUL","Ferns and Lycophytes","Polypodiaceae","Microgramma","squamulosa","(Kaulf.) de la Sota","POLYPODIACEAE Microgramma squamulosa (Kaulf.) de la Sota","126438","splink","BHCB","Salino, A.","14162","Native","2008","Almeida, T.E.","2013","Bronze","Ouro",,"Domingos Martins","São Paulo do Aracê, Entorno do Parque Estadual da Pedra Azul. Floresta Ombrófila Densa."
"PARQUE ESTADUAL PEDRA AZUL","Ferns and Lycophytes","Polypodiaceae","Microgramma","squamulosa","(Kaulf.) de la Sota","POLYPODIACEAE Microgramma squamulosa (Kaulf.) de la Sota","126397","splink","BHCB","Salino, A.","14121","Native","2008","Almeida, T.E.","2013","Bronze","Ouro",,"Domingos Martins","Parque Estadual da Pedra Azul, Na trilha para as piscinas naturais. Floresta Ombrófila Densa e afloramento rochoso."
"PARQUE ESTADUAL PEDRA AZUL","Bryophytes","Polypodiaceae","Microgramma","tecta","(Kaulf.) Alston","POLYPODIACEAE Microgramma tecta (Kaulf.) Alston","72866","x","HRCB","Marcusso, G.M.","1057","Native","2018","Marcusso, G.M.","2019","Bronze","Ouro",,,"Propriedade particular contígua ao Parque Estadual da Pedra Azul Beira da estrada, encosta da vertente do vale e grotas úmidas nas margens do rio."
"PARQUE ESTADUAL PEDRA AZUL","Angiosperms","Polypodiaceae","Microgramma","tecta","(Kaulf.) Alston","POLYPODIACEAE Microgramma tecta (Kaulf.) Alston","BHCB01110301",,"BHCB","Salino, A.","14138","Unknown","2008","Almeida, T.E.","2013","Bronze","Ouro",,"Domingos Martins","São Paulo do Aracê. Entorno do Parque Estadual da Pedra Azul. Floresta Ombrófila Densa."
"PARQUE ESTADUAL PEDRA AZUL","Angiosperms","Polypodiaceae","Microgramma","tecta","(Kaulf.) Alston","POLYPODIACEAE Microgramma tecta (Kaulf.) Alston","BHCB066024","splink","BHCB","Salino, A.","14138","Unknown","2008","Almeida, T.E.","2013","Bronze","Ouro",,"Domingos Martins","São Paulo do Aracê, Entorno do Parque Estadual da Pedra Azul."
"PARQUE ESTADUAL PEDRA AZUL","Gymnosperms","Polypodiaceae","Moranopteris","achilleifolia","(Kaulf.) R.Y. Hirai & J. Prado","POLYPODIACEAE Moranopteris achilleifolia (Kaulf.) R.Y. Hirai & J. Prado","BHCB01109442",,"BHCB","Salino, A.","14143","Cultivated","2008","Salino, A.","2008","Bronze","Ouro",,"Domingos Martins","São Paulo do Aracê. Entorno do Parque Estadual da Pedra Azul. Floresta Ombrófila Densa."
"PARQUE ESTADUAL PEDRA AZUL","Gymnosperms","Polypodiaceae","Moranopteris","achilleifolia","(Kaulf.) R.Y. Hirai & J. Prado","POLYPODIACEAE Moranopteris achilleifolia (Kaulf.) R.Y. Hirai & J. Prado","126419","splink","BHCB","Salino, A.","14143","Cultivated","2008","Salino, A.","2008","Bronze","Ouro",,"Domingos Martins","São Paulo do Aracê, Entorno do Parque Estadual da Pedra Azul. Floresta Ombrófila Densa."
"PARQUE ESTADUAL PEDRA AZUL","Ferns and Lycophytes","Polypodiaceae","Niphidium","crassifolium","(L.) Lellinger","POLYPODIACEAE Niphidium crassifolium (L.) Lellinger","72833","x","HRCB","Marcusso, G.M.","1023","Native","2018","Marcusso, G.M.","2018","Bronze","Ouro",,,"Parque Estadual da Pedra Azul Trilha das piscinas naturais até próximo da base da pedra azul, pela calha do rio."
"PARQUE ESTADUAL PEDRA AZUL","Ferns and Lycophytes","Polypodiaceae","Niphidium","crassifolium","(L.) Lellinger","POLYPODIACEAE Niphidium crassifolium (L.) Lellinger","74324","x","HRCB","Marcusso, G.M.","1338","Native","2018","Marcusso, G.M.","2018","Bronze","Ouro",,,"Parque Estadual da Pedra Azul Caminho para a casa onde tinha abelhas"
"PARQUE ESTADUAL PEDRA AZUL","Ferns and Lycophytes","Polypodiaceae","Niphidium","crassifolium","(L.) Lellinger","POLYPODIACEAE Niphidium crassifolium (L.) Lellinger","BHCB01110413",,"BHCB","Salino, A.","14099","Native","2008","Salino, A.","2009","Bronze","Ouro",,"Domingos Martins","Parque Estadual da Pedra Azul. Na trilha para as piscinas naturais. Floresta Ombrófila Densa e afloramento rochoso."
"PARQUE ESTADUAL PEDRA AZUL","Ferns and Lycophytes","Polypodiaceae","Niphidium","crassifolium","(L.) Lellinger","POLYPODIACEAE Niphidium crassifolium (L.) Lellinger","126375","splink","BHCB","Salino, A.","14099","Native","2008","Salino, A.","2009","Bronze","Ouro",,"Domingos Martins","Parque Estadual da Pedra Azul, Na trilha para as piscinas naturais. Floresta Ombrófila Densa e afloramento rochoso."
"PARQUE ESTADUAL PEDRA AZUL","Bryophytes","Polypodiaceae","Pecluma","filicula","(Kaulf.) M.G.Price","POLYPODIACEAE Pecluma filicula (Kaulf.) M.G.Price","126415","splink","BHCB","Salino, A.","14139","Native","2008","Salino, A.","2008","Bronze","Ouro",,"Domingos Martins","São Paulo do Aracê, Entorno do Parque Estadual da Pedra Azul. Floresta Ombrófila Densa."
"PARQUE ESTADUAL PEDRA AZUL","Bryophytes","Polypodiaceae","Pecluma","recurvata","(Kaulf.) M.G.Price","POLYPODIACEAE Pecluma recurvata (Kaulf.) M.G.Price","126400","splink","BHCB","Salino, A.","14124","Native","2008","Salino, A.","2009","Bronze","Ouro",,"Domingos Martins","Parque Estadual da Pedra Azul, Na trilha para as piscinas naturais. Floresta Ombrófila Densa e afloramento rochoso."
"PARQUE ESTADUAL PEDRA AZUL","Bryophytes","Polypodiaceae","Pecluma","recurvata","(Kaulf.) M.G.Price","POLYPODIACEAE Pecluma recurvata (Kaulf.) M.G.Price","BHCB01110651",,"BHCB","Salino, A.","14189","Native","2008","Salino, A.","2008","Bronze","Ouro",,"Domingos Martins","São Paulo do Aracê. Entorno do Parque Estadual da Pedra Azul."
"PARQUE ESTADUAL PEDRA AZUL","Bryophytes","Polypodiaceae","Pecluma","recurvata","(Kaulf.) M.G.Price","POLYPODIACEAE Pecluma recurvata (Kaulf.) M.G.Price","126465","splink","BHCB","Salino, A.","14189","Native","2008","Salino, A.","2008","Bronze","Ouro",,"Domingos Martins","São Paulo do Aracê, Entorno do Parque Estadual da Pedra Azul"
"PARQUE ESTADUAL PEDRA AZUL","Angiosperms","Polypodiaceae","Pecluma","robusta","(Fée) M.Kessler & A.R.Sm.","POLYPODIACEAE Pecluma robusta (Fée) M.Kessler & A.R.Sm.","VIES057650","splink","VIES","Marcusso, G.M.","1857","Native","2020",,,"Latão","Ouro",,"Domingos Martins","Trilha nova para as piscinas naturais, até a base da pedra das flores. Parque Estadual da Pedra Azul"
"PARQUE ESTADUAL PEDRA AZUL","Angiosperms","Polypodiaceae","Phlebodium","pseudoaureum","(Cav.) Lellinger","POLYPODIACEAE Phlebodium pseudoaureum (Cav.) Lellinger","126389","splink","BHCB","Salino, A.","14113","Native","2008","Megale, M.E.","2009","Bronze","Ouro",,"Domingos Martins","Parque Estadual da Pedra Azul, Na trilha para as piscinas naturais"
"PARQUE ESTADUAL PEDRA AZUL","Angiosperms","Polypodiaceae","Pleopeltis","alborufula","(Brade) Salino","POLYPODIACEAE Pleopeltis alborufula (Brade) Salino","RB01445379","x","RB","Marcusso, G.M.","1862","Native","2020","Marcusso, G.M.","2020","Bronze","Ouro",,,"Parque Estadual da Pedra Azul, trilha nova para as piscinas naturais, até a base da pedra das flores"
"PARQUE ESTADUAL PEDRA AZUL","Angiosperms","Polypodiaceae","Pleopeltis","alborufula","(Brade) Salino","POLYPODIACEAE Pleopeltis alborufula (Brade) Salino","HRCB076783","splink","HRCB","Marcusso, G.M.","1862","Native","2020","Marcusso, G.M.","2020","Bronze","Ouro",,"Domingos Martins","Parque Estadual da Pedra Azul Trilha nova para as piscinas naturais, até a base da pedra das flores"
"PARQUE ESTADUAL PEDRA AZUL","Angiosperms","Polypodiaceae","Pleopeltis","alborufula","(Brade) Salino","POLYPODIACEAE Pleopeltis alborufula (Brade) Salino","231590","x","BHCB","Marcusso, G.M.","1862","Native","2020","Marcusso, G.M.","2020","Bronze","Ouro",,,"Parque Estadual da Pedra Azul"
"PARQUE ESTADUAL PEDRA AZUL","Angiosperms","Polypodiaceae","Pleopeltis","alborufula","(Brade) Salino","POLYPODIACEAE Pleopeltis alborufula (Brade) Salino","BHCB01110868",,"BHCB","Salino, A.","14117","Native","2008","Salino, A.","2008","Bronze","Ouro",,"Domingos Martins","Parque Estadual da Pedra Azul. Na trilha para as piscinas naturais. Floresta Ombrófila Densa e afloramento rochoso."
"PARQUE ESTADUAL PEDRA AZUL",,"Polypodiaceae","Pleopeltis","alborufula","(Brade) Salino","POLYPODIACEAE Pleopeltis alborufula (Brade) Salino","BHCB002296","splink","BHCB","Salino, A.","14117",,"2008","Salino, A.","2008","Bronze","Ouro",,"Domingos Martins","Parque Estadual da Pedra Azul, Na trilha para as piscinas naturais. Floresta Ombrófila Densa e afloramento rochoso."
"PARQUE ESTADUAL PEDRA AZUL","Ferns and Lycophytes","Polypodiaceae","Pleopeltis","bradei","(de la Sota) Salino","POLYPODIACEAE Pleopeltis bradei (de la Sota) Salino","182766","splink","BHCB","Salino, A.","16252","Native","2016","Salino, A.","0-0-0","Bronze","Ouro",,"Domingos Martins","Parque Estadual da Pedra Azul, Trilha para as piscinas naturais"
"PARQUE ESTADUAL PEDRA AZUL","Angiosperms","Polypodiaceae","Pleopeltis","bradei","(de la Sota) Salino","POLYPODIACEAE Pleopeltis bradei (de la Sota) Salino","BHCB01127101",,"BHCB","Salino, A.","16251","Unknown","2016","Salino, A.","2016","Bronze","Ouro",,"Domingos Martins","Parque Estadual da Pedra Azul. Trilha para as piscinas naturais."
"PARQUE ESTADUAL PEDRA AZUL","Angiosperms","Polypodiaceae","Pleopeltis","bradei","(de la Sota) Salino","POLYPODIACEAE Pleopeltis bradei (de la Sota) Salino","BHCB01127102",,"BHCB","Salino, A.","16252","Native","2016","Salino, A.","2016","Bronze","Ouro",,"Domingos Martins","Parque Estadual da Pedra Azul. Trilha para as piscinas naturais."
"PARQUE ESTADUAL PEDRA AZUL","Ferns and Lycophytes","Polypodiaceae","Pleopeltis","hirsutissima","(Raddi) de la Sota","POLYPODIACEAE Pleopeltis hirsutissima (Raddi) de la Sota","BHCB01110961",,"BHCB","Salino, A.","14102","Native","2008","Salino, A.","2008","Bronze","Ouro",,"Domingos Martins","Parque Estadual da Pedra Azul. Na trilha para as piscinas naturais. Floresta Ombrófila Densa e afloramento rochoso."
"PARQUE ESTADUAL PEDRA AZUL","Ferns and Lycophytes","Polypodiaceae","Pleopeltis","hirsutissima","(Raddi) de la Sota","POLYPODIACEAE Pleopeltis hirsutissima (Raddi) de la Sota","126378","x","BHCB","Salino, A.","14102","Native","2008","Salino, A.","2008","Bronze","Ouro",,,"Parque Estadual da Pedra Azul, Na trilha para as piscinas naturais. Floresta Ombrófila Densa e afloramento rochoso."
"PARQUE ESTADUAL PEDRA AZUL","Angiosperms","Polypodiaceae","Pleopeltis","hirsutissima","(Raddi) de la Sota","POLYPODIACEAE Pleopeltis hirsutissima (Raddi) de la Sota","P00846405","x","PC","Salino, A.","14102","Native","2008",,"2012","Latão","Ouro",,,"Parque Estadual da Pedra Azul. Na trilha para as piscinas naturais"
"PARQUE ESTADUAL PEDRA AZUL","Angiosperms","Polypodiaceae","Pleopeltis","hirsutissima","(Raddi) de la Sota","POLYPODIACEAE Pleopeltis hirsutissima (Raddi) de la Sota","P00846405","x","P","Salino, A.","14102","Native","2008",,"2012","Latão","Ouro",,,"Parque Estadual da Pedra Azul. Na trilha para as piscinas naturais"
"PARQUE ESTADUAL PEDRA AZUL","Ferns and Lycophytes","Polypodiaceae","Pleopeltis","macrocarpa","(Bory ex Willd.) Kaulf.","POLYPODIACEAE Pleopeltis macrocarpa (Bory ex Willd.) Kaulf.","74776","x","HRCB","Marcusso, G.M.","1471","Native","2019","Marcusso, G.M.","2019","Bronze","Ouro",,,"Parque Estadual da Pedra Azul Trilha das piscinas naturais até próximo da base da pedra das flores, pela calha do rio."
"PARQUE ESTADUAL PEDRA AZUL","Ferns and Lycophytes","Polypodiaceae","Pleopeltis","macrocarpa","(Bory ex Willd.) Kaulf.","POLYPODIACEAE Pleopeltis macrocarpa (Bory ex Willd.) Kaulf.","72830","x","HRCB","Marcusso, G.M.","1020","Native","2018","Marcusso, G.M.","2018","Bronze","Ouro",,,"Parque Estadual da Pedra Azul Trilha das piscinas naturais até próximo da base da pedra azul, pela calha do rio."
"PARQUE ESTADUAL PEDRA AZUL","Ferns and Lycophytes","Polypodiaceae","Pleopeltis","macrocarpa","(Bory ex Willd.) Kaulf.","POLYPODIACEAE Pleopeltis macrocarpa (Bory ex Willd.) Kaulf.","71815","x","HRCB","Marcusso, G.M.","849","Native","2018","Marcusso, G.M.","2018","Bronze","Ouro",,,"Parque Estadual da Pedra Azul Trilha das piscinas até a base da pedra azul."
"PARQUE ESTADUAL PEDRA AZUL","Ferns and Lycophytes","Polypodiaceae","Pleopeltis","macrocarpa","(Bory ex Willd.) Kaulf.","POLYPODIACEAE Pleopeltis macrocarpa (Bory ex Willd.) Kaulf.","71835","x","HRCB","Marcusso, G.M.","872","Unknown","2018","Marcusso, G.M.","2018","Bronze","Ouro",,,"Parque Estadual da Pedra Azul"
"PARQUE ESTADUAL PEDRA AZUL","Ferns and Lycophytes","Polypodiaceae","Pleopeltis","macrocarpa","(Bory ex Willd.) Kaulf.","POLYPODIACEAE Pleopeltis macrocarpa (Bory ex Willd.) Kaulf.","182772","splink","BHCB","Moura, I.O.","166","Unknown","2016","Salino, A.","0-0-0","Bronze","Ouro",,,"Em torno do Parque Estadual da Pedra Azul, Floresta Ombrófila Densa"
"PARQUE ESTADUAL PEDRA AZUL","Ferns and Lycophytes","Polypodiaceae","Pleopeltis","monoides","(Weath.) Salino","POLYPODIACEAE Pleopeltis monoides (Weath.) Salino","126391","splink","BHCB","Salino, A.","14115","Unknown","2008","Salino, A.","2008","Bronze","Ouro",,"Domingos Martins","Parque Estadual da Pedra Azul, Na trilha para as piscinas naturais. Floresta Ombrófila Densa e afloramento rochoso."
"PARQUE ESTADUAL PEDRA AZUL","Angiosperms","Polypodiaceae","Pleopeltis","monoides","(Weath.) Salino","POLYPODIACEAE Pleopeltis monoides (Weath.) Salino","P00846449","x","P","Salino, A.","14115","Native","2008",,"2012","Latão","Ouro",,,"Parque Estadual da Pedra Azul. Na trilha para as piscinas naturais"
"PARQUE ESTADUAL PEDRA AZUL","Angiosperms","Polypodiaceae","Pleopeltis","monoides","(Weath.) Salino","POLYPODIACEAE Pleopeltis monoides (Weath.) Salino","P00846449","x","PC","Salino, A.","14115","Native","2008",,"2012","Latão","Ouro",,,"Parque Estadual da Pedra Azul. Na trilha para as piscinas naturais"
"PARQUE ESTADUAL PEDRA AZUL","Angiosperms","Polypodiaceae","Serpocaulon","catharinae","(Langsd. & Fisch.) A.R. Sm.","POLYPODIACEAE Serpocaulon catharinae (Langsd. & Fisch.) A.R. Sm.","71828","x","HRCB","Marcusso, G.M.","863","Native","2018","Marcusso, G.M.","2018","Bronze","Ouro",,,"Parque Estadual da Pedra Azul"
"PARQUE ESTADUAL PEDRA AZUL","Angiosperms","Polypodiaceae","Serpocaulon","catharinae","(Langsd. & Fisch.) A.R. Sm.","POLYPODIACEAE Serpocaulon catharinae (Langsd. & Fisch.) A.R. Sm.","198493","x","BHCB","Marcusso, G.M.","863","Native","2018","Marcusso, G.M.","2018","Bronze","Ouro",,,"Parque Estadual da Pedra Azul, Trilha para as piscinas naturais."
"PARQUE ESTADUAL PEDRA AZUL","Angiosperms","Polypodiaceae","Serpocaulon","catharinae","(Langsd. & Fisch.) A.R. Sm.","POLYPODIACEAE Serpocaulon catharinae (Langsd. & Fisch.) A.R. Sm.","BHCB01111216",,"BHCB","Salino, A.","14112","Native","2008","Salino, A.","2008","Bronze","Ouro",,"Domingos Martins","Parque Estadual da Pedra Azul. Na trilha para as piscinas naturais. Floresta Ombrófila Densa e afloramento rochoso."
"PARQUE ESTADUAL PEDRA AZUL","Angiosperms","Polypodiaceae","Serpocaulon","catharinae","(Langsd. & Fisch.) A.R. Sm.","POLYPODIACEAE Serpocaulon catharinae (Langsd. & Fisch.) A.R. Sm.","126388","x","BHCB","Salino, A.","14112","Native","2008","Salino, A.","2008","Bronze","Ouro",,,"Parque Estadual da Pedra Azul, Na trilha para as piscinas naturais. Floresta Ombrófila Densa e afloramento rochoso."
"PARQUE ESTADUAL PEDRA AZUL","Angiosperms","Polypodiaceae","Serpocaulon","catharinae","(Langsd. & Fisch.) A.R. Sm.","POLYPODIACEAE Serpocaulon catharinae (Langsd. & Fisch.) A.R. Sm.","P00846388","x","PC","Salino, A.","14112","Native","2008",,"2012","Latão","Ouro",,,"Parque Estadual da Pedra Azul. Na trilha para as piscinas naturais"
"PARQUE ESTADUAL PEDRA AZUL","Bryophytes","Polypodiaceae","Serpocaulon","fraxinifolium","(Jacq.) A.R.Sm.","POLYPODIACEAE Serpocaulon fraxinifolium (Jacq.) A.R.Sm.","182768","splink","BHCB","Moura, I.O.","162","Native","2016","Salino, A.","0-0-0","Bronze","Ouro",,,"Em torno do Parque Estadual da Pedra Azul, Floresta Ombrófila Densa"
"PARQUE ESTADUAL PEDRA AZUL","Bryophytes","Polypodiaceae","Serpocaulon","fraxinifolium","(Jacq.) A.R.Sm.","POLYPODIACEAE Serpocaulon fraxinifolium (Jacq.) A.R.Sm.","BHCB01127104",,"BHCB","Moura, I.O.","162","Native","2016","Salino, A.","2016","Bronze","Ouro",,,"Em torno do Parque Estadual da Pedra Azul. Floresta Ombrófila Densa."
"PARQUE ESTADUAL PEDRA AZUL","Angiosperms","Polypodiaceae","Serpocaulon","laetum","(C. Presl) A. R. Sm. & Schwartsb.","POLYPODIACEAE Serpocaulon laetum (C. Presl) A. R. Sm. & Schwartsb.","BHCB01111427",,"BHCB","Salino, A.","14161","Native","2008","Salino, A.","2008","Bronze","Ouro",,"Domingos Martins","São Paulo do Aracê. Entorno do Parque Estadual da Pedra Azul."
"PARQUE ESTADUAL PEDRA AZUL",,"Polypodiaceae","Serpocaulon","laetum","(C. Presl) A. R. Sm. & Schwartsb.","POLYPODIACEAE Serpocaulon laetum (C. Presl) A. R. Sm. & Schwartsb.","126437","x","BHCB","Salino, A.","14161",,"2008","Salino, A.","2008","Bronze","Ouro",,,"São Paulo do Aracê, Entorno do Parque Estadual da Pedra Azul"
"PARQUE ESTADUAL PEDRA AZUL","Angiosperms","Polypodiaceae","Serpocaulon","menisciifolium","(Langsd. & Fisch.) A.R.Sm.","POLYPODIACEAE Serpocaulon menisciifolium (Langsd. & Fisch.) A.R.Sm.","126431","splink","BHCB","Salino, A.","14155","Native","2008","Salino, A.","2008","Bronze","Ouro",,"Domingos Martins","São Paulo do Aracê, Entorno do Parque Estadual da Pedra Azul. Floresta Ombrófila Densa."
"PARQUE ESTADUAL PEDRA AZUL","Angiosperms","Polytrichaceae",,,"Schwägr.","POLYTRICHACEAE Polytrichaceae Schwägr.","UB1290267",,"UB","Henriques, D.K.","492","Native","2016","Henriques, D.K.",,"Bronze","Ouro",,"Domingos Martins","Parque Estadual da Pedra Azul, Trilha Mirante para Rota do Lagarto."
"PARQUE ESTADUAL PEDRA AZUL","Ferns and Lycophytes","Polytrichaceae",,,"Schwägr.","POLYTRICHACEAE Polytrichaceae Schwägr.","UB1331855",,"UB","Henriques, D.K.","475","Native","2016","Henriques, D.K.",,"Bronze","Ouro",,"Domingos Martins","Parque Estadual da Pedra Azul, Trilha Mirante para Rota do Lagarto."
"PARQUE ESTADUAL PEDRA AZUL","Ferns and Lycophytes","Polytrichaceae",,,"Schwägr.","POLYTRICHACEAE Polytrichaceae Schwägr.","UB1331856",,"UB","Henriques, D.K.","726","Native","2016","Henriques, D.K.",,"Bronze","Ouro",,"Domingos Martins","Parque Estadual da Pedra Azul, Trilha do Cedro."
"PARQUE ESTADUAL PEDRA AZUL","Ferns and Lycophytes","Polytrichaceae",,,"Schwägr.","POLYTRICHACEAE Polytrichaceae Schwägr.","UB1331865",,"UB","Henriques, D.K.","735","Native","2016","Henriques, D.K.",,"Bronze","Ouro",,"Domingos Martins","Parque Estadual da Pedra Azul, Trilha do Cedro."
"PARQUE ESTADUAL PEDRA AZUL","Ferns and Lycophytes","Polytrichaceae",,,"Schwägr.","POLYTRICHACEAE Polytrichaceae Schwägr.","UB1290261",,"UB","Valente, D.V.","589","Native","2016","Valente, D.V.","2017","Bronze","Ouro",,"Domingos Martins","Parque Estadual da Pedra Azul."
"PARQUE ESTADUAL PEDRA AZUL","Ferns and Lycophytes","Polytrichaceae","Polytrichum",,"Hedw.","POLYTRICHACEAE Polytrichum Hedw.","UB1013681",,"UB","Valente, D.V.","247","Native","2016","Valente, D.V.","2017","Bronze","Ouro",,"Domingos Martins","Parque Estadual da Pedra Azul."
"PARQUE ESTADUAL PEDRA AZUL","Ferns and Lycophytes","Polytrichaceae","Polytrichum",,"Hedw.","POLYTRICHACEAE Polytrichum Hedw.","UB1290495",,"UB","Valente, D.V.","301","Native","2016","Valente, D.V.","2017","Bronze","Ouro",,"Domingos Martins","Parque Estadual da Pedra Azul."
"PARQUE ESTADUAL PEDRA AZUL","Angiosperms","Polytrichaceae","Polytrichum",,"Hedw.","POLYTRICHACEAE Polytrichum Hedw.","UB1332045",,"UB","Dantas, T.S.","902","Native","2016",,,"Latão","Ouro",,"Domingos Martins","Parque Estadual da Pedra Azul, trilha para a base da pedra."
"PARQUE ESTADUAL PEDRA AZUL","Bryophytes","Polytrichaceae","Polytrichum","juniperinum","Willd. ex Hedw.","POLYTRICHACEAE Polytrichum juniperinum Willd. ex Hedw.","UB1290539",,"UB","Dantas, T.S.","773","Native","2016",,,"Latão","Ouro",,"Domingos Martins","Parque Estadual da Pedra Azul, trilha para as piscinas naturais."
"PARQUE ESTADUAL PEDRA AZUL","Angiosperms","Pottiaceae","Leptodontium",,"(Müll.Hal.) Hampe ex Lindb.","POTTIACEAE Leptodontium (Müll.Hal.) Hampe ex Lindb.","CAP008708","splink","CAP","Peralta, D.F.","19424","Native","2016",,,"Latão","Ouro",,"Domingos Martins","Mata Atlântica com afloramentos rochosos. sobre rocha. Parque Estadual da Pedra Azul"
"PARQUE ESTADUAL PEDRA AZUL","Angiosperms","Pottiaceae",,,"Schimp.","POTTIACEAE Pottiaceae Schimp.","UB1290786",,"UB","Henriques, D.K.","749","Native","2016","Henriques, D.K.",,"Bronze","Ouro",,"Domingos Martins","Parque Estadual da Pedra Azul, Mirante Pedra do Lagarto."
"PARQUE ESTADUAL PEDRA AZUL","Angiosperms","Pottiaceae",,,"Schimp.","POTTIACEAE Pottiaceae Schimp.","UB1332324",,"UB","Dantas, T.S.","914","Native","2016",,,"Latão","Ouro",,"Domingos Martins","Parque Estadual da Pedra Azul, trilha para a base da pedra."
"PARQUE ESTADUAL PEDRA AZUL","Ferns and Lycophytes","Pottiaceae","Tortella","humilis","(Hedw.) Jenn.","POTTIACEAE Tortella humilis (Hedw.) Jenn.","171012","x","HUEFS","Penha, L.T.","810","Native","2010","Penha, L.T.","2009","Bronze","Ouro",,,"Parque Estadual Pedra Azul-Trilha São Paulino do Aracê."
"PARQUE ESTADUAL PEDRA AZUL","Angiosperms","Pottiaceae","Tortella","humilis","(Hedw.) Jenn.","POTTIACEAE Tortella humilis (Hedw.) Jenn.","96575","x","ALCB","Penha, L.T.","s/n","Native","2010",,,"Latão","Ouro",,,"Parque Estadual Pedra Azul, Trilha São Paulino do Aracê"
"PARQUE ESTADUAL PEDRA AZUL","Angiosperms","Pottiaceae","Tortella","humilis","(Hedw.) Jenn.","POTTIACEAE Tortella humilis (Hedw.) Jenn.","96577","x","ALCB","Penha, L.T.","s/n","Native","2010",,,"Latão","Ouro",,,"Parque Estadual Pedra Azul, Trilha São Paulino do Aracê"
"PARQUE ESTADUAL PEDRA AZUL","Angiosperms","Pottiaceae","Tortella","humilis","(Hedw.) Jenn.","POTTIACEAE Tortella humilis (Hedw.) Jenn.","96409","x","ALCB","Penha, L.T.","s/n","Native","2009",,,"Latão","Ouro",,,"Parque Estadual Pedra Azul, Trilha do Mirante"
"PARQUE ESTADUAL PEDRA AZUL","Angiosperms","Pottiaceae","Tortella","humilis","(Hedw.) Jenn.","POTTIACEAE Tortella humilis (Hedw.) Jenn.","96518","x","ALCB","Penha, L.T.","s/n","Native","2009",,,"Latão","Ouro",,,"Parque Estadual Pedra Azul , Trilha do Mirante"
"PARQUE ESTADUAL PEDRA AZUL",,"Pottiaceae","Tortula","mucronifolia","Schwägr.","POTTIACEAE Tortula mucronifolia Schwägr.","96383","x","ALCB","Penha, L.T.","s/n",,"2009",,,"Latão","Ouro",,,"Parque Estadual Pedra Azul, Trilha do Mirante"
"PARQUE ESTADUAL PEDRA AZUL","Angiosperms","Primulaceae","Myrsine","parvula","(Mez) Otegui","PRIMULACEAE Myrsine parvula (Mez) Otegui","126241","x","ALCB","Guedes, M.L.","25024","Native","2016","Guedes, M.L.",,"Prata","Ouro",,,"Parque Estadual da Pedra Azul."
"PARQUE ESTADUAL PEDRA AZUL","Bryophytes","Primulaceae","Myrsine","umbellata","Mart.","PRIMULACEAE Myrsine umbellata Mart.","RB00529064","x","RB","Carrijo, T.T.","1312","Native","2008","Carrijo, T.T.","2008","Ouro","Ouro",,,"Trilha de subida para o Mirante. Parque Estadual da Pedra Azul"
"PARQUE ESTADUAL PEDRA AZUL","Angiosperms","Prionodontaceae","Prionodon","densus","(Hedw.) Müll.Hal.","PRIONODONTACEAE Prionodon densus (Hedw.) Müll.Hal.","HUEFS0171035","splink","HUEFS","Penha, L.T.","890","Naturalized","2009","Penha, L.T.","2009","Bronze","Ouro",,"Domingos Martins","Parque Estadual Pedra Azul-Trilha do Mirante."
"PARQUE ESTADUAL PEDRA AZUL","Ferns and Lycophytes","Prionodontaceae","Prionodon","densus","(Hedw.) Müll.Hal.","PRIONODONTACEAE Prionodon densus (Hedw.) Müll.Hal.","96390","x","ALCB","Penha, L.T.","s/n","Native","2009",,,"Latão","Ouro",,,"Parque Estadual Pedra Azul, Trilha do Mirante"
"PARQUE ESTADUAL PEDRA AZUL","Angiosperms","Pteridaceae","Cheilanthes","incisa","Kunze ex Mett.","PTERIDACEAE Cheilanthes incisa Kunze ex Mett.","BHCB01122098",,"BHCB","Salino, A.","14196","Native","2008","Salino, A.","2008","Bronze","Ouro",,"Domingos Martins","São Paulo do Aracê. Entorno do Parque Estadual da Pedra Azul."
"PARQUE ESTADUAL PEDRA AZUL","Bryophytes","Pteridaceae","Cheilanthes","incisa","Kunze ex Mett.","PTERIDACEAE Cheilanthes incisa Kunze ex Mett.","BHCB002177","splink","BHCB","Salino, A.","14196","Native","2008","Salino, A.","2008","Bronze","Ouro",,"Domingos Martins","São Paulo do Aracê, Entorno do Parque Estadual da Pedra Azul"
"PARQUE ESTADUAL PEDRA AZUL","Angiosperms","Pteridaceae","Doryopteris","concolor","(Langsd. & Fisch.) Kuhn & Decken","PTERIDACEAE Doryopteris concolor (Langsd. & Fisch.) Kuhn & Decken","BHCB002186","splink","BHCB","Salino, A.","14178",,"2008",,"0-0-0","Latão","Ouro",,"Domingos Martins","São Paulo do Aracê, Entorno do Parque Estadual da Pedra Azul. Floresta Ombrófila Densa."
"PARQUE ESTADUAL PEDRA AZUL","Angiosperms","Pteridaceae","Doryopteris","varians","(Raddi) J. Sm.","PTERIDACEAE Doryopteris varians (Raddi) J. Sm.","126384","splink","BHCB","Salino, A.","14108","Native","2008","Assis, F.C.","2009","Bronze","Ouro",,"Domingos Martins","Parque Estadual de Pedra Azul, Na trilha das Piscinas Naturais"
"PARQUE ESTADUAL PEDRA AZUL","Angiosperms","Pteridaceae","Polytaenium","lineatum","(Sw.) J.Sm.","PTERIDACEAE Polytaenium lineatum (Sw.) J.Sm.","HRCB074316","splink","HRCB","Marcusso, G.M.","1330","Native","2018","Marcusso, G.M.","2018","Bronze","Ouro",,"Domingos Martins","Propriedade particular contígua ao Parque Estadual da Pedra Azul Fundo do vale, nas margens do rio."
"PARQUE ESTADUAL PEDRA AZUL",,"Pteridaceae","Pteris","brasiliensis","Raddi","PTERIDACEAE Pteris brasiliensis Raddi","126386","x","BHCB","Salino, A.","14110",,"2008","Salino, A.","2008","Bronze","Ouro",,,"Parque Estadual da Pedra Azul, Na trilha para as piscinas naturais"
"PARQUE ESTADUAL PEDRA AZUL","Bryophytes","Pteridaceae","Pteris","brasiliensis","Raddi","PTERIDACEAE Pteris brasiliensis Raddi","P00846410","x","PC","Salino, A.","14110","Native","2008",,"2012","Latão","Ouro",,,"Parque Estadual da Pedra Azul. Na trilha para as piscinas naturais"
"PARQUE ESTADUAL PEDRA AZUL","Angiosperms","Pteridaceae","Pteris","brasiliensis","Raddi","PTERIDACEAE Pteris brasiliensis Raddi","P00846410","x","P","Salino, A.","14110","Native","2008",,"2012","Latão","Ouro",,,"Parque Estadual da Pedra Azul. Na trilha para as piscinas naturais"
"PARQUE ESTADUAL PEDRA AZUL","Bryophytes","Pteridaceae","Pteris","deflexa","Link","PTERIDACEAE Pteris deflexa Link","126395","splink","BHCB","Salino, A.","14119","Native","2008","Salino, A.","2008","Bronze","Ouro",,"Domingos Martins","Parque Estadual da Pedra Azul, Na trilha para as piscinas naturais"
"PARQUE ESTADUAL PEDRA AZUL","Bryophytes","Pteridaceae","Pteris","lechleri","Mett.","PTERIDACEAE Pteris lechleri Mett.","126377","splink","BHCB","Salino, A.","14101","Native","2008","Salino, A.","2008","Bronze","Ouro",,"Domingos Martins","Parque Estadual da Pedra Azul, Na trilha para as piscinas naturais"
"PARQUE ESTADUAL PEDRA AZUL","Angiosperms","Pteridaceae","Vittaria","graminifolia","Kaulf.","PTERIDACEAE Vittaria graminifolia Kaulf.","126418","splink","BHCB","Salino, A.","14142","Native","2008","Salino, A.","2008","Bronze","Ouro",,"Domingos Martins","São Paulo do Aracê, Entorno do Parque Estadual da Pedra Azul"
"PARQUE ESTADUAL PEDRA AZUL","Angiosperms","Pteridaceae","Vittaria","lineata","(L.) Sm.","PTERIDACEAE Vittaria lineata (L.) Sm.","71831","x","HRCB","Marcusso, G.M.","866","Native","2018","Marcusso, G.M.","2018","Bronze","Ouro",,,"Parque Estadual da Pedra Azul"
"PARQUE ESTADUAL PEDRA AZUL","Ferns and Lycophytes","Pterobryaceae","Orthostichidium","quadrangulare","(Schwägr.) B.H. Allen & Magill","PTEROBRYACEAE Orthostichidium quadrangulare (Schwägr.) B.H. Allen & Magill","VIES049339","splink","VIES","Silva, L.T.P.","196","Native","2008","Silva, L.T.P.","2008","Bronze","Ouro",,"Domingos Martins","Parque Estadual Pedra Azul."
"PARQUE ESTADUAL PEDRA AZUL","Angiosperms","Pterobryaceae","Orthostichidium","quadrangulare","(Schwägr.) B.H. Allen & Magill","PTEROBRYACEAE Orthostichidium quadrangulare (Schwägr.) B.H. Allen & Magill","84524","x","ALCB","Penha, L.T.","s/n","Native","2009",,,"Latão","Ouro",,,"Parque Estadual Pedra Azul, Trilha das Piscinas"
"PARQUE ESTADUAL PEDRA AZUL","Angiosperms","Pterobryaceae","Orthostichidium","quadrangulare","(Schwägr.) B.H. Allen & Magill","PTEROBRYACEAE Orthostichidium quadrangulare (Schwägr.) B.H. Allen & Magill","84525","x","ALCB","Penha, L.T.","s/n","Native","2009",,,"Latão","Ouro",,,"Parque Estadual Pedra Azul, Trilha das Piscinas"
"PARQUE ESTADUAL PEDRA AZUL","Bryophytes","Pterobryaceae","Orthostichopsis","praetermissa","W.R.Buck","PTEROBRYACEAE Orthostichopsis praetermissa W.R.Buck","84526","x","ALCB","Penha, L.T.","s/n","Unknown","2009",,,"Latão","Ouro",,,"Parque Estadual Pedra Azul, Trilha das Piscinas"
"PARQUE ESTADUAL PEDRA AZUL","Angiosperms","Pterobryaceae","Orthostichopsis","praetermissa","W.R.Buck","PTEROBRYACEAE Orthostichopsis praetermissa W.R.Buck","84530","x","ALCB","Penha, L.T.","s/n","Native","2009",,,"Latão","Ouro",,,"Parque Estadual Pedra Azul, Trilha do Mirante"
"PARQUE ESTADUAL PEDRA AZUL","Angiosperms","Pterobryaceae","Orthostichopsis","praetermissa","W.R.Buck","PTEROBRYACEAE Orthostichopsis praetermissa W.R.Buck","84528","splink","ALCB","Penha, L.T.","s/n","Native","2009",,"0-0-0","Latão","Ouro",,"Domingos Martins","Parque Estadual Pedra Azul, Trilha da Pedra das Flores"
"PARQUE ESTADUAL PEDRA AZUL","Bryophytes","Pterobryaceae","Pterobryon","densum","Hornsch.","PTEROBRYACEAE Pterobryon densum Hornsch.","84527","x","ALCB","Penha, L.T.","s/n","Native","2009",,,"Latão","Ouro",,,"Parque Estadual Pedra Azul, Trilha da Pedra das Flores"
"PARQUE ESTADUAL PEDRA AZUL","Bryophytes","Ptychomitriaceae","Ptychomitrium","sellowianum","(Müll.Hal.) A.Jaeger","PTYCHOMITRIACEAE Ptychomitrium sellowianum (Müll.Hal.) A.Jaeger","171033","x","HUEFS","Penha, L.T.","708","Native","2009","Penha, L.T.","2009","Bronze","Ouro",,,"Parque Estadual Pedra Azul-Trilha do Mirante."
"PARQUE ESTADUAL PEDRA AZUL",,"Ptychomitriaceae","Ptychomitrium","sellowianum","(Müll.Hal.) A.Jaeger","PTYCHOMITRIACEAE Ptychomitrium sellowianum (Müll.Hal.) A.Jaeger","96501","x","ALCB","Penha, L.T.","s/n",,"2009",,,"Latão","Ouro",,,"Parque Estadual Pedra Azul , Trilha do Mirante"
"PARQUE ESTADUAL PEDRA AZUL","Bryophytes","Ptychomitriaceae","Ptychomitrium","sellowianum","(Müll.Hal.) A.Jaeger","PTYCHOMITRIACEAE Ptychomitrium sellowianum (Müll.Hal.) A.Jaeger","96416","x","ALCB","Penha, L.T.","s/n","Native","2009",,,"Latão","Ouro",,,"Parque Estadual Pedra Azul, Trilha do Mirante"
"PARQUE ESTADUAL PEDRA AZUL",,"Ptychomitriaceae","Ptychomitrium","vaginatum","Besch.","PTYCHOMITRIACEAE Ptychomitrium vaginatum Besch.","UB1078854",,"UB","Henriques, D.K.","681",,"2016",,,"Latão","Ouro",,"Domingos Martins","Parque Estadual da Pedra Azul. Gruta da Santa."
"PARQUE ESTADUAL PEDRA AZUL",,"Ptychomitriaceae","Ptychomitrium","vaginatum","Besch.","PTYCHOMITRIACEAE Ptychomitrium vaginatum Besch.","UB1209490",,"UB","Henriques, D.K.","674",,"2016",,,"Latão","Ouro",,"Domingos Martins","Parque Estadual da Pedra Azul. Gruta da Santa."
"PARQUE ESTADUAL PEDRA AZUL","Ferns and Lycophytes","Pylaisiadelphaceae","Wijkia","flagellifera","(Broth.) H.A.Crum","PYLAISIADELPHACEAE Wijkia flagellifera (Broth.) H.A.Crum","UB1288918",,"UB","Dantas, T.S.","794","Native","2016","Peralta, D.F.","2024","Bronze","Ouro",,"Domingos Martins","Parque Estadual da Pedra Azul, trilha para as piscinas naturais."
"PARQUE ESTADUAL PEDRA AZUL","Ferns and Lycophytes","Pylaisiadelphaceae","Wijkia","flagellifera","(Broth.) H.A.Crum","PYLAISIADELPHACEAE Wijkia flagellifera (Broth.) H.A.Crum","UB1253137",,"UB","Dantas, T.S.","786","Native","2016","Evangelista, M.","2021","Bronze","Ouro",,"Domingos Martins","Parque Estadual da Pedra Azul, trilha para as piscinas naturais."
"PARQUE ESTADUAL PEDRA AZUL","Bryophytes","Racopilaceae","Racopilum","tomentosum","(Hedw.) Brid.","RACOPILACEAE Racopilum tomentosum (Hedw.) Brid.","UB1236399",,"UB","Henriques, D.K.","532","Native","2016","Faria, A.A.",,"Bronze","Ouro",,"Domingos Martins","Parque Estadual da Pedra Azul, Trilha Mirante para Rota do Lagarto."
"PARQUE ESTADUAL PEDRA AZUL",,"Racopilaceae","Racopilum","tomentosum","(Hedw.) Brid.","RACOPILACEAE Racopilum tomentosum (Hedw.) Brid.","UB1011725",,"UB","Henriques, D.K.","708",,"2016","Peralta, D.F.","2024","Bronze","Ouro",,"Domingos Martins","Parque Estadual da Pedra Azul, Trilha do Cedro."
"PARQUE ESTADUAL PEDRA AZUL",,"Racopilaceae","Racopilum","tomentosum","(Hedw.) Brid.","RACOPILACEAE Racopilum tomentosum (Hedw.) Brid.","UB1288807",,"UB","Henriques, D.K.","712",,"2016","Peralta, D.F.","2024","Bronze","Ouro",,"Domingos Martins","Parque Estadual da Pedra Azul, Trilha do Cedro."
"PARQUE ESTADUAL PEDRA AZUL","Ferns and Lycophytes","Radulaceae","Radula",,"Dumort.","RADULACEAE Radula Dumort.","CAP008682","splink","CAP","Peralta, D.F.","19486","Native","2016",,,"Latão","Ouro",,"Domingos Martins","Mata Atlântica com afloramentos rochosos. sobre tronco vivo. Parque Estadual da Pedra Azul"
"PARQUE ESTADUAL PEDRA AZUL",,"Rhacocarpaceae","Rhacocarpus","inermis","(Müll.Hal.) Lindb.","RHACOCARPACEAE Rhacocarpus inermis (Müll.Hal.) Lindb.","UB1288917",,"UB","Valente, D.V.","290",,"2016","Peralta, D.F.","2024","Bronze","Ouro",,"Domingos Martins","Parque Estadual da Pedra Azul."
"PARQUE ESTADUAL PEDRA AZUL","Ferns and Lycophytes","Rhizogoniaceae","Pyrrhobryum",,"Mitt.","RHIZOGONIACEAE Pyrrhobryum Mitt.","UB1235982",,"UB","Valente, D.V.","320","Native","2016","Valente, D.V.","2017","Bronze","Ouro",,"Domingos Martins","Parque Estadual da Pedra Azul."
"PARQUE ESTADUAL PEDRA AZUL",,"Rhizogoniaceae","Pyrrhobryum","spiniforme","(Hedw.) Mitt.","RHIZOGONIACEAE Pyrrhobryum spiniforme (Hedw.) Mitt.","171040","x","HUEFS","Penha, L.T.","431",,"2009","Penha, L.T.","2009","Bronze","Ouro",,,"Parque Estadual Pedra Azul-Trilha das Piscinas."
"PARQUE ESTADUAL PEDRA AZUL","Ferns and Lycophytes","Rhizogoniaceae","Pyrrhobryum","spiniforme","(Hedw.) Mitt.","RHIZOGONIACEAE Pyrrhobryum spiniforme (Hedw.) Mitt.","VIES049338","splink","VIES","Silva, L.T.P.","134","Native","2008","Silva, L.T.P.","2008","Bronze","Ouro",,"Domingos Martins","Parque Estadual Pedra Azul."
"PARQUE ESTADUAL PEDRA AZUL","Ferns and Lycophytes","Rigodiaceae","Rigodium",,"Kunze ex Schwägr.","RIGODIACEAE Rigodium Kunze ex Schwägr.","CAP008694","splink","CAP","Peralta, D.F.","19454","Native","2016",,,"Latão","Ouro",,"Domingos Martins","Mata Atlântica com afloramentos rochosos. base de tronco vivo. Parque Estadual da Pedra Azul"
"PARQUE ESTADUAL PEDRA AZUL",,"Rubiaceae","Borreria",,"G.Mey.","RUBIACEAE Borreria G.Mey.","CAP000138","splink","CAP","Torres-Leite, F.","227",,"2015",,,"Latão","Ouro",,"Domingos Martins","Parque Estadual de Pedra Azul"
"PARQUE ESTADUAL PEDRA AZUL",,"Rubiaceae","Borreria",,"G.Mey.","RUBIACEAE Borreria G.Mey.","CAP000135","splink","CAP","Torres-Leite, F.","228",,"2015",,,"Latão","Ouro",,"Domingos Martins","Parque Estadual de Pedra Azul"
"PARQUE ESTADUAL PEDRA AZUL",,"Rubiaceae","Borreria",,"G.Mey.","RUBIACEAE Borreria G.Mey.","CAP000136","splink","CAP","Torres-Leite, F.","238",,"2015",,,"Latão","Ouro",,"Domingos Martins","Parque Estadual de Pedra Azul"
"PARQUE ESTADUAL PEDRA AZUL",,"Rubiaceae","Borreria",,"G.Mey.","RUBIACEAE Borreria G.Mey.","CAP000139","splink","CAP","Torres-Leite, F.","223",,"2015",,,"Latão","Ouro",,"Domingos Martins","Parque Estadual de Pedra Azul"
"PARQUE ESTADUAL PEDRA AZUL","Angiosperms","Rubiaceae","Bradea","montana","Brade","RUBIACEAE Bradea montana Brade","RB00562066","x","RB","Fontana, A.P.","2219","Native","2006","Oliveira, J.A.","2012","Bronze","Ouro",,,"Pedra Azul, Pedra das Flores, cume. Floresta Ombrófila Densa, Aforamento rochoso com Mata Nebular. Parque Estadual Pedra Azul"
"PARQUE ESTADUAL PEDRA AZUL","Angiosperms","Rubiaceae","Coccocypselum","cordifolium","Nees & Mart.","RUBIACEAE Coccocypselum cordifolium Nees & Mart.","CAP000123","splink","CAP","Torres-Leite, F.","378","Native","2015",,,"Latão","Ouro",,"Domingos Martins","Parque Estadual de Pedra Azul"
"PARQUE ESTADUAL PEDRA AZUL","Angiosperms","Rubiaceae","Coccocypselum","cordifolium","Nees & Mart.","RUBIACEAE Coccocypselum cordifolium Nees & Mart.","CAP000121","splink","CAP","Torres-Leite, F.","384","Native","2015",,,"Latão","Ouro",,"Domingos Martins","Parque Estadual de Pedra Azul"
"PARQUE ESTADUAL PEDRA AZUL","Ferns and Lycophytes","Rubiaceae","Coccocypselum","erythrocephalum","Cham. & Schltdl.","RUBIACEAE Coccocypselum erythrocephalum Cham. & Schltdl.","RB00754243","x","Rio de Janeiro Botanical Garden Herbarium","Oliveira, J.A.","298","Native","2013","Oliveira, J.A.",,"Bronze","Ouro",,,"Trilha para Espigão da Pedra das Flores. Área antropizada. Parque Estadual da Pedra Azul"
"PARQUE ESTADUAL PEDRA AZUL","Ferns and Lycophytes","Rubiaceae","Coccocypselum","erythrocephalum","Cham. & Schltdl.","RUBIACEAE Coccocypselum erythrocephalum Cham. & Schltdl.","RB00754243","x","RB","Oliveira, J.A.","298","Native","2013","Oliveira, J.A.","2013","Bronze","Ouro",,,"Trilha para Espigão da Pedra das Flores. Área antropizada. Parque Estadual da Pedra Azul"
"PARQUE ESTADUAL PEDRA AZUL","Ferns and Lycophytes","Rubiaceae","Coccocypselum","geophiloides","Wawra","RUBIACEAE Coccocypselum geophiloides Wawra","RB00754244","x","RB","Oliveira, J.A.","299","Native","2013","Oliveira, J.A.","2013","Bronze","Ouro",,,"Trilha para Espigão da Pedra das Flores. Área antropizada. Parque Estadual da Pedra Azul"
"PARQUE ESTADUAL PEDRA AZUL","Angiosperms","Rubiaceae","Coccocypselum","geophiloides","Wawra","RUBIACEAE Coccocypselum geophiloides Wawra","K001384690","splink","K","Oliveira, J.A.","299",,"2013",,,"Latão","Ouro",,"Domingos Martins","(ES), Domingos Martins. Parque Estadual da Pedra Azul. Trilha para Espigão da Pedra das Flores."
"PARQUE ESTADUAL PEDRA AZUL","Bryophytes","Rubiaceae","Coccocypselum","hasslerianum","Chodat","RUBIACEAE Coccocypselum hasslerianum Chodat","CAP000122","splink","CAP","Torres-Leite, F.","382",,"2015",,,"Latão","Ouro",,"Domingos Martins","Parque Estadual de Pedra Azul"
"PARQUE ESTADUAL PEDRA AZUL","Bryophytes","Rubiaceae","Coccocypselum","hasslerianum","Chodat","RUBIACEAE Coccocypselum hasslerianum Chodat","CAP000125","splink","CAP","Torres-Leite, F.","341",,"2015",,,"Latão","Ouro",,"Domingos Martins","Parque Estadual de Pedra Azul"
"PARQUE ESTADUAL PEDRA AZUL","Angiosperms","Rubiaceae","Emmeorhiza","umbellata","(Spreng.) K.Schum.","RUBIACEAE Emmeorhiza umbellata (Spreng.) K.Schum.","CAP000126","splink","CAP","Torres-Leite, F.","340",,"2015",,,"Latão","Ouro",,"Domingos Martins","Parque Estadual de Pedra Azul"
"PARQUE ESTADUAL PEDRA AZUL","Angiosperms","Rubiaceae","Emmeorhiza","umbellata","(Spreng.) K.Schum.","RUBIACEAE Emmeorhiza umbellata (Spreng.) K.Schum.","CAP000128","splink","CAP","Torres-Leite, F.","308",,"2015",,,"Latão","Ouro",,"Domingos Martins","Parque Estadual de Pedra Azul"
"PARQUE ESTADUAL PEDRA AZUL","Angiosperms","Rubiaceae","Emmeorhiza","umbellata","(Spreng.) K.Schum.","RUBIACEAE Emmeorhiza umbellata (Spreng.) K.Schum.","RB00562052","x","RB","Fontana, A.P.","2204",,"2006",,,"Latão","Ouro",,,"Pedra Azul, Pedra das Flores. Floresta Ombrófila Densa, Aforamento rochoso com Mata Nebular. Parque Estadual Pedra Azul"
"PARQUE ESTADUAL PEDRA AZUL","Angiosperms","Rubiaceae","Emmeorhiza","umbellata","(Spreng.) K.Schum.","RUBIACEAE Emmeorhiza umbellata (Spreng.) K.Schum.","RB00562052","x","Rio de Janeiro Botanical Garden Herbarium","Fontana, A.P.","2204",,"2006",,,"Latão","Ouro",,,"Pedra Azul, Pedra das Flores. Floresta Ombrófila Densa, Aforamento rochoso com Mata Nebular. Parque Estadual Pedra Azul"
"PARQUE ESTADUAL PEDRA AZUL",,"Rubiaceae","Faramea","involucellata","Müll.Arg.","RUBIACEAE Faramea involucellata Müll.Arg.","RB00754241","x","RB","Oliveira, J.A.","296",,"2013","Jardim, J.","2013","Ouro","Ouro",,,"Trilha para Espigão da Pedra das Flores. Floresta Ombrófila Densa Montana. Parque Estadual da Pedra Azul"
"PARQUE ESTADUAL PEDRA AZUL",,"Rubiaceae","Faramea","involucellata","Müll.Arg.","RUBIACEAE Faramea involucellata Müll.Arg.","JPB0053695","splink","JPB","Oliveira, J.A.","296",,"2013","Jardim, J.","2013","Ouro","Ouro",,"Domingos Martins","Parque Estadual da Pedra Azul, Trilha para Espigão da Pedra das Flores."
"PARQUE ESTADUAL PEDRA AZUL","Bryophytes","Rubiaceae","Faramea","involucellata","Müll.Arg.","RUBIACEAE Faramea involucellata Müll.Arg.","CAP000124","splink","CAP","Torres-Leite, F.","362",,"2015",,,"Latão","Ouro",,"Domingos Martins","Parque Estadual de Pedra Azul"
"PARQUE ESTADUAL PEDRA AZUL","Bryophytes","Rubiaceae","Faramea","involucellata","Müll.Arg.","RUBIACEAE Faramea involucellata Müll.Arg.","K001336176","splink","K","Oliveira, J.A.","296",,"2013",,,"Latão","Ouro",,"Domingos Martins","Domingos Martins. Parque Estadual da Pedra Azul. Trilha para Espigão da Pedra das Flores."
"PARQUE ESTADUAL PEDRA AZUL",,"Rubiaceae","Hillia","parasitica","Jacq.","RUBIACEAE Hillia parasitica Jacq.","71826","x","HRCB","Marcusso, G.M.","861",,"2018","Marcusso, G.M.","2018","Bronze","Ouro",,,"Parque Estadual da Pedra Azul"
"PARQUE ESTADUAL PEDRA AZUL",,"Rubiaceae","Hillia","parasitica","Jacq.","RUBIACEAE Hillia parasitica Jacq.","74332","x","HRCB","Marcusso, G.M.","1346",,"2018","Marcusso, G.M.","2018","Bronze","Ouro",,,"Parque Estadual da Pedra Azul Trilha das piscinas naturais até próximo da base da pedra das flores, pela calha do rio."
"PARQUE ESTADUAL PEDRA AZUL",,"Rubiaceae","Manettia","mitis","(Vell.) K.Schum.","RUBIACEAE Manettia mitis (Vell.) K.Schum.","CAP000131","splink","CAP","Torres-Leite, F.","205",,"2015",,,"Latão","Ouro",,"Domingos Martins","Parque Estadual de Pedra Azul"
"PARQUE ESTADUAL PEDRA AZUL","Ferns and Lycophytes","Rubiaceae","Psychotria",,"L.","RUBIACEAE Psychotria L.","MBML025095","splink","MBML","Kollmann, L.","8039","Native","2005",,,"Latão","Ouro",,"Domingos Martins","Parque Estadual da Pedra Azul"
"PARQUE ESTADUAL PEDRA AZUL","Ferns and Lycophytes","Rubiaceae","Psychotria",,"L.","RUBIACEAE Psychotria L.","K001274489","x","K","Kollmann, L.J.C.","8039","Native","2005",,,"Latão","Ouro",,"Domingos Martins","ES, Município de Domingos Martins, Parque Estadual da Pedra Azul. Trilha das Piscinas."
"PARQUE ESTADUAL PEDRA AZUL","Angiosperms","Rubiaceae",,,"Juss.","RUBIACEAE Rubiaceae Juss.","HRCB076779","splink","HRCB","Marcusso, G.M.","1858","Native","2020",,,"Latão","Ouro",,"Domingos Martins","Parque Estadual da Pedra Azul Trilha nova para as piscinas naturais, até a base da pedra das flores"
"PARQUE ESTADUAL PEDRA AZUL","Angiosperms","Rubiaceae",,,"Juss.","RUBIACEAE Rubiaceae Juss.","K001301425","splink","K","Oliveira, J.A.","297","Native","2013",,,"Latão","Ouro",,"Domingos Martins","(ES), Domingos Martins. Parque Estadual da Pedra Azul. Trilha para Espigão da Pedra das Flores. Floresta Ombrófila Densa Montana."
"PARQUE ESTADUAL PEDRA AZUL","Bryophytes","Schlegeliaceae","Schlegelia","parviflora","(Oerst.) Monach.","SCHLEGELIACEAE Schlegelia parviflora (Oerst.) Monach.","RB01447153","x","RB","Lombardi, J.A.","10645","Native","2019","Lombardi, J.A.","2019","Bronze","Ouro",,,"Parque Estadual da Pedra Azul, trilha das piscinas naturais até a base da Pedra das Flores."
"PARQUE ESTADUAL PEDRA AZUL","Bryophytes","Schlegeliaceae","Schlegelia","parviflora","(Oerst.) Monach.","SCHLEGELIACEAE Schlegelia parviflora (Oerst.) Monach.","BHCB209688","splink","BHCB","Lombardi, J.A.","10645","Native","2019","Lombardi, J.A.","2019","Bronze","Ouro",,"Domingos Martins","Parque Estadual de Pedra Azul, Trilha das piscinas naturais até a base da Pedra das Flores."
"PARQUE ESTADUAL PEDRA AZUL",,"Selaginellaceae","Selaginella","decomposita","Spring","SELAGINELLACEAE Selaginella decomposita Spring","BHCB00049737",,"BHCB","Moura, I.O.","167",,"2016","Goes-Neto, L.A.A.","2019","Bronze","Ouro",,,"Em torno do Parque Estadual da Pedra Azul."
"PARQUE ESTADUAL PEDRA AZUL","Angiosperms","Selaginellaceae","Selaginella","decomposita","Spring","SELAGINELLACEAE Selaginella decomposita Spring","BHCB01108422",,"BHCB","Salino, A.","14177","Native","2008","Salino, A.","2009","Bronze","Ouro",,"Domingos Martins","São Paulo do Aracê. Entorno do Parque Estadual da Pedra Azul."
"PARQUE ESTADUAL PEDRA AZUL","Angiosperms","Selaginellaceae","Selaginella","decomposita","Spring","SELAGINELLACEAE Selaginella decomposita Spring","126453","splink","BHCB","Salino, A.","14177","Native","2008","Megale, M.E.","2009","Bronze","Ouro",,"Domingos Martins","São Paulo do Aracê, Entorno do Parque Estadual da Pedra Azul"
"PARQUE ESTADUAL PEDRA AZUL","Ferns and Lycophytes","Selaginellaceae","Selaginella","muscosa","Spring","SELAGINELLACEAE Selaginella muscosa Spring","126439","splink","BHCB","Salino, A.","14163","Native","2008","Megale, M.E.","2009","Bronze","Ouro",,"Domingos Martins","São Paulo do Aracê, Entorno do Parque Estadual da Pedra Azul"
"PARQUE ESTADUAL PEDRA AZUL","Angiosperms","Sematophyllaceae","Acroporium","longirostre","(Brid.) W.R.Buck","SEMATOPHYLLACEAE Acroporium longirostre (Brid.) W.R.Buck","UB1342928",,"UB","Dantas, T.S.","896","Native","2016",,,"Latão","Ouro",,"Domingos Martins","Parque Estadual da Pedra Azul, trilha para a base da pedra."
"PARQUE ESTADUAL PEDRA AZUL","Angiosperms","Sematophyllaceae","Aptychopsis",,"(Broth.) M.Fleisch.","SEMATOPHYLLACEAE Aptychopsis (Broth.) M.Fleisch.","UB1329987",,"UB","Dantas, T.S.","910","Native","2016",,,"Latão","Ouro",,"Domingos Martins","Parque Estadual da Pedra Azul, trilha para a base da pedra."
"PARQUE ESTADUAL PEDRA AZUL","Bryophytes","Sematophyllaceae","Brittonodoxa","subpinnata","(Brid.) W.R. Buck, P.E.A.S.Câmara & Carv.-Silva","SEMATOPHYLLACEAE Brittonodoxa subpinnata (Brid.) W.R. Buck, P.E.A.S.Câmara & Carv.-Silva","84778","x","ALCB","Santos, M.","s/n","Native","2009","Penha, L.T.P.",,"Bronze","Ouro",,,"Parque Estadual Pedra Azul"
"PARQUE ESTADUAL PEDRA AZUL","Bryophytes","Sematophyllaceae","Brittonodoxa","subpinnata","(Brid.) W.R. Buck, P.E.A.S.Câmara & Carv.-Silva","SEMATOPHYLLACEAE Brittonodoxa subpinnata (Brid.) W.R. Buck, P.E.A.S.Câmara & Carv.-Silva","170999","x","HUEFS","Penha, L.T.","701","Native","2009","Penha, L.T.","2009","Bronze","Ouro",,,"Parque Estadual Pedra Azul-Trilha Pedra das Flores."
"PARQUE ESTADUAL PEDRA AZUL","Angiosperms","Sematophyllaceae","Brittonodoxa","subpinnata","(Brid.) W.R. Buck, P.E.A.S.Câmara & Carv.-Silva","SEMATOPHYLLACEAE Brittonodoxa subpinnata (Brid.) W.R. Buck, P.E.A.S.Câmara & Carv.-Silva","UB1348105",,"UB","Dantas, T.S.","923","Native","2016",,,"Latão","Ouro",,"Domingos Martins","Parque Estadual da Pedra Azul, trilha para a base da pedra."
"PARQUE ESTADUAL PEDRA AZUL","Ferns and Lycophytes","Sematophyllaceae","Brittonodoxa","subpinnata","(Brid.) W.R. Buck, P.E.A.S.Câmara & Carv.-Silva","SEMATOPHYLLACEAE Brittonodoxa subpinnata (Brid.) W.R. Buck, P.E.A.S.Câmara & Carv.-Silva","96412","x","ALCB","Penha, L.T.","s/n","Native","2009",,,"Latão","Ouro",,,"Parque Estadual Pedra Azul , Trilha do Mirante"
"PARQUE ESTADUAL PEDRA AZUL","Ferns and Lycophytes","Sematophyllaceae","Brittonodoxa","subpinnata","(Brid.) W.R. Buck, P.E.A.S.Câmara & Carv.-Silva","SEMATOPHYLLACEAE Brittonodoxa subpinnata (Brid.) W.R. Buck, P.E.A.S.Câmara & Carv.-Silva","96546","x","ALCB","Penha, L.T.","s/n","Native","2009",,,"Latão","Ouro",,,"Parque Estadual Pedra Azul , Trilha do Mirante"
"PARQUE ESTADUAL PEDRA AZUL","Angiosperms","Sematophyllaceae","Colobodontium","vulpinum","(Mont.) S.P.Churchill & W.R. Buck","SEMATOPHYLLACEAE Colobodontium vulpinum (Mont.) S.P.Churchill & W.R. Buck","UB0352857","splink","UB","Peralta, D.F.","19475","Native","2016","Santos, M.E.","2022","Bronze","Ouro",,"Domingos Martins","Parque Estadual da Pedra Azul."
"PARQUE ESTADUAL PEDRA AZUL",,"Sematophyllaceae","Jirivanaea","galipensis","(Müll. Hal.) U.B.Deshmukh & Rathor","SEMATOPHYLLACEAE Jirivanaea galipensis (Müll. Hal.) U.B.Deshmukh & Rathor","UB1172889",,"UB","Dantas, T.S.","928",,"2016","Evangelista, M.","2021","Bronze","Ouro",,"Domingos Martins","Parque Estadual da Pedra Azul, trilha para a base da pedra."
"PARQUE ESTADUAL PEDRA AZUL",,"Sematophyllaceae","Jirivanaea","galipensis","(Müll. Hal.) U.B.Deshmukh & Rathor","SEMATOPHYLLACEAE Jirivanaea galipensis (Müll. Hal.) U.B.Deshmukh & Rathor","UB1347734",,"UB","Valente, D.V.","596",,"2016","Evangelista, M.","2021","Bronze","Ouro",,"Domingos Martins","Parque Estadual da Pedra Azul."
"PARQUE ESTADUAL PEDRA AZUL","Bryophytes","Sematophyllaceae","Jirivanaea","galipensis","(Müll. Hal.) U.B.Deshmukh & Rathor","SEMATOPHYLLACEAE Jirivanaea galipensis (Müll. Hal.) U.B.Deshmukh & Rathor","171045","x","HUEFS","Penha, L.T.","228","Native","2009","Penha, L.T.","2010","Bronze","Ouro",,,"Parque Estadual Pedra Azul-Trilha das Piscinas."
"PARQUE ESTADUAL PEDRA AZUL","Bryophytes","Sematophyllaceae","Jirivanaea","galipensis","(Müll. Hal.) U.B.Deshmukh & Rathor","SEMATOPHYLLACEAE Jirivanaea galipensis (Müll. Hal.) U.B.Deshmukh & Rathor","VIES049340","splink","VIES","Silva, L.T.P.","347","Native","2009","Silva, L.T.P.","2009","Bronze","Ouro",,"Domingos Martins","Parque Estadual Pedra Azul."
"PARQUE ESTADUAL PEDRA AZUL",,"Sematophyllaceae","Jirivanaea","galipensis","(Müll. Hal.) U.B.Deshmukh & Rathor","SEMATOPHYLLACEAE Jirivanaea galipensis (Müll. Hal.) U.B.Deshmukh & Rathor","UB1093588",,"UB","Dantas, T.S.","921",,"2016",,,"Latão","Ouro",,"Domingos Martins","Parque Estadual da Pedra Azul, trilha para a base da pedra."
"PARQUE ESTADUAL PEDRA AZUL",,"Sematophyllaceae","Microcalpe","subsimplex","(Hedw.) W.R. Buck","SEMATOPHYLLACEAE Microcalpe subsimplex (Hedw.) W.R. Buck","UB1093848",,"UB","Dantas, T.S.","929",,"2016",,,"Latão","Ouro",,"Domingos Martins","Parque Estadual da Pedra Azul, trilha para a base da pedra."
"PARQUE ESTADUAL PEDRA AZUL",,"Sematophyllaceae","Microcalpe","subsimplex","(Hedw.) W.R. Buck","SEMATOPHYLLACEAE Microcalpe subsimplex (Hedw.) W.R. Buck","UB1348205",,"UB","Dantas, T.S.","765",,"2016",,,"Latão","Ouro",,"Domingos Martins","Parque Estadual da Pedra Azul, trilha para as piscinas naturais."
"PARQUE ESTADUAL PEDRA AZUL","Bryophytes","Sematophyllaceae","Microcalpe","subsimplex","(Hedw.) W.R. Buck","SEMATOPHYLLACEAE Microcalpe subsimplex (Hedw.) W.R. Buck","UB1348206",,"UB","Dantas, T.S.","879",,"2016",,,"Latão","Ouro",,"Domingos Martins","Parque Estadual da Pedra Azul, trilha para a base da pedra."
"PARQUE ESTADUAL PEDRA AZUL",,"Sematophyllaceae",,,"Broth.","SEMATOPHYLLACEAE Sematophyllaceae Broth.","UB0335640","splink","UB","Henriques, D.K.","499",,"2016","Henriques, D.K.",,"Bronze","Ouro",,,"Parque Estadual da Pedra Azul."
"PARQUE ESTADUAL PEDRA AZUL","Angiosperms","Sematophyllaceae",,,"Broth.","SEMATOPHYLLACEAE Sematophyllaceae Broth.","UB1093359",,"UB","Henriques, D.K.","520","Native","2016","Henriques, D.K.",,"Bronze","Ouro",,"Domingos Martins","Parque Estadual da Pedra Azul, Trilha Mirante para Rota do Lagarto."
"PARQUE ESTADUAL PEDRA AZUL","Angiosperms","Sematophyllaceae",,,"Broth.","SEMATOPHYLLACEAE Sematophyllaceae Broth.","UB1347730",,"UB","Henriques, D.K.","721","Native","2016","Henriques, D.K.",,"Bronze","Ouro",,"Domingos Martins","Parque Estadual da Pedra Azul, Trilha do Cedro."
"PARQUE ESTADUAL PEDRA AZUL","Angiosperms","Sematophyllaceae",,,"Broth.","SEMATOPHYLLACEAE Sematophyllaceae Broth.","UB1347727",,"UB","Valente, D.V.","553","Native","2016","Valente, D.V.","2017","Bronze","Ouro",,"Domingos Martins","Parque Estadual da Pedra Azul."
"PARQUE ESTADUAL PEDRA AZUL","Angiosperms","Sematophyllaceae",,,"Broth.","SEMATOPHYLLACEAE Sematophyllaceae Broth.","UB1253126",,"UB","Dantas, T.S.","790","Native","2016",,,"Latão","Ouro",,"Domingos Martins","Parque Estadual da Pedra Azul, trilha para as piscinas naturais."
"PARQUE ESTADUAL PEDRA AZUL",,"Sematophyllaceae","Sematophyllum","adnatum","(Michx.) Brid.","SEMATOPHYLLACEAE Sematophyllum adnatum (Michx.) Brid.","UB1253279",,"UB","Dantas, T.S.","915",,"2016",,,"Latão","Ouro",,"Domingos Martins","Parque Estadual da Pedra Azul, trilha para a base da pedra."
"PARQUE ESTADUAL PEDRA AZUL",,"Sematophyllaceae","Sematophyllum","adnatum","(Michx.) Brid.","SEMATOPHYLLACEAE Sematophyllum adnatum (Michx.) Brid.","96495","x","ALCB","Penha, L.T.","s/n",,"2009",,,"Latão","Ouro",,,"Parque Estadual Pedra Azul , Trilha do Mirante"
"PARQUE ESTADUAL PEDRA AZUL","Angiosperms","Sematophyllaceae","Sematophyllum","beyrichii","(Hornsch.) Broth.","SEMATOPHYLLACEAE Sematophyllum beyrichii (Hornsch.) Broth.","UB1093353",,"UB","Valente, D.V.","558","Native","2016","Evangelista, M.","2021","Bronze","Ouro",,"Domingos Martins","Parque Estadual da Pedra Azul."
"PARQUE ESTADUAL PEDRA AZUL","Angiosperms","Sematophyllaceae","Sematophyllum","beyrichii","(Hornsch.) Broth.","SEMATOPHYLLACEAE Sematophyllum beyrichii (Hornsch.) Broth.","UB1347703",,"UB","Henriques, D.K.","706","Native","2016","Evangelista, M.","2021","Bronze","Ouro",,"Domingos Martins","Parque Estadual da Pedra Azul, Trilha do Cedro."
"PARQUE ESTADUAL PEDRA AZUL","Angiosperms","Sematophyllaceae","Sematophyllum",,"Mitt.","SEMATOPHYLLACEAE Sematophyllum Mitt.","UB0335641",,"UB","Henriques, D.K.","506","Native","2016","Faria, A.A.",,"Bronze","Ouro",,,"Parque Estadual da Pedra Azul."
"PARQUE ESTADUAL PEDRA AZUL","Angiosperms","Sematophyllaceae","Sematophyllum",,"Mitt.","SEMATOPHYLLACEAE Sematophyllum Mitt.","UB1093412",,"UB","Henriques, D.K.","482","Native","2016","Faria, A.A.",,"Bronze","Ouro",,"Domingos Martins","Parque Estadual da Pedra Azul, Trilha Mirante para Rota do Lagarto."
"PARQUE ESTADUAL PEDRA AZUL","Angiosperms","Sematophyllaceae","Sematophyllum",,"Mitt.","SEMATOPHYLLACEAE Sematophyllum Mitt.","UB1253168",,"UB","Henriques, D.K.","499","Native","2016","Evangelista, M.","2021","Bronze","Ouro",,"Domingos Martins","Parque Estadual da Pedra Azul, Trilha Mirante para Rota do Lagarto."
"PARQUE ESTADUAL PEDRA AZUL","Angiosperms","Sematophyllaceae","Sematophyllum",,"Mitt.","SEMATOPHYLLACEAE Sematophyllum Mitt.","UB1347735",,"UB","Valente, D.V.","597","Native","2016","Evangelista, M.","2021","Bronze","Ouro",,"Domingos Martins","Parque Estadual da Pedra Azul."
"PARQUE ESTADUAL PEDRA AZUL","Angiosperms","Sematophyllaceae","Sematophyllum",,"Mitt.","SEMATOPHYLLACEAE Sematophyllum Mitt.","UB1253230",,"UB","Valente, D.V.","261","Native","2016","Valente, D.V.","2017","Bronze","Ouro",,"Domingos Martins","Parque Estadual da Pedra Azul."
"PARQUE ESTADUAL PEDRA AZUL","Angiosperms","Smilacaceae","Smilax","elastica","Griseb.","SMILACACEAE Smilax elastica Griseb.","RB00679168","x","RB","Kollmann, L.","8038","Native","2005","Andreata, R.","2009","Bronze","Ouro",,,"Parque Estadual Pedra Azul, Trilha das Piscinas."
"PARQUE ESTADUAL PEDRA AZUL","Angiosperms","Smilacaceae","Smilax","elastica","Griseb.","SMILACACEAE Smilax elastica Griseb.","RB00679168","x","Rio de Janeiro Botanical Garden Herbarium","Kollmann, L.","8038","Native","2005","Andreata, R.","2009","Bronze","Ouro",,,"Parque Estadual Pedra Azul, Trilha das Piscinas."
"PARQUE ESTADUAL PEDRA AZUL","Angiosperms","Solanaceae","Cestrum","bracteatum","Link & Otto","SOLANACEAE Cestrum bracteatum Link & Otto","MBML056059","splink","MBML","Zorzanelli, J.P.F.","2328","Native","2021","Zorzanelli, J.P.F.","2021","Bronze","Ouro",,"Domingos Martins","Zona de amortecimento do Parque Estadual Pedra Azul. Propriedade da Pousada Pedra Azul."
"PARQUE ESTADUAL PEDRA AZUL","Angiosperms","Solanaceae","Solanum",,"L.","SOLANACEAE Solanum L.","RB01445585","x","RB","Marcusso, G.M.","1853","Native","2020",,,"Latão","Ouro",,,"Parque Estadual da Pedra Azul, trilha nova para as piscinas naturais, até a base da pedra das flores."
"PARQUE ESTADUAL PEDRA AZUL","Angiosperms","Solanaceae","Solanum",,"L.","SOLANACEAE Solanum L.","76774","x","HRCB","Marcusso, G.M.","1853","Native","2020",,,"Latão","Ouro",,,"Parque Estadual da Pedra Azul Trilha nova para as piscinas naturais, até a base da pedra das flores"
"PARQUE ESTADUAL PEDRA AZUL","Angiosperms","Solanaceae","Solanum",,"L.","SOLANACEAE Solanum L.","HUFSJ012819","splink","HUFSJ","Sobral, M.","9558","Native","2003",,,"Latão","Prata",,"Domingos Martins","Pedra Azul"
"PARQUE ESTADUAL PEDRA AZUL","Ferns and Lycophytes","Sphagnaceae","Sphagnum",,"L.","SPHAGNACEAE Sphagnum L.","UB1323785",,"UB","Henriques, D.K.","530","Native","2016","Henriques, D.K.",,"Bronze","Ouro",,"Domingos Martins","Parque Estadual da Pedra Azul, Trilha Mirante para Rota do Lagarto."
"PARQUE ESTADUAL PEDRA AZUL","Angiosperms","Sphagnaceae","Sphagnum",,"L.","SPHAGNACEAE Sphagnum L.","CAP008727","splink","CAP","Peralta, D.F.","19390","Native","2016",,,"Latão","Ouro",,"Domingos Martins","Mata Atlântica com afloramentos rochosos. em barranco. Parque Estadual da Pedra Azul"
"PARQUE ESTADUAL PEDRA AZUL","Ferns and Lycophytes","Thelypteridaceae","Amauropelta","amambayensis","(Christ) Salino & A.R.Sm.","THELYPTERIDACEAE Amauropelta amambayensis (Christ) Salino & A.R.Sm.","126456","splink","BHCB","Salino, A.","14180","Native","2008","Salino, A.","2008","Ouro","Ouro",,"Domingos Martins","São Paulo do Aracê, Entorno do Parque Estadual da Pedra Azul"
"PARQUE ESTADUAL PEDRA AZUL","Ferns and Lycophytes","Thelypteridaceae","Amauropelta","raddii","(Rosenst.) Salino & T.E.Almeida","THELYPTERIDACEAE Amauropelta raddii (Rosenst.) Salino & T.E.Almeida","126402","splink","BHCB","Salino, A.","14126","Native","2008","Salino, A.","2009","Ouro","Ouro",,"Domingos Martins","Parque Estadual da Pedra Azul, Floresta Ombrófila Densa"
"PARQUE ESTADUAL PEDRA AZUL","Ferns and Lycophytes","Thelypteridaceae","Amauropelta","saxicola","(Sw.) Salino & T.E.Almeida","THELYPTERIDACEAE Amauropelta saxicola (Sw.) Salino & T.E.Almeida","BHCB01127109",,"BHCB","Moura, I.O.","168","Native","2016","Salino, A.","2016","Ouro","Ouro",,,"Em torno do Parque Estadual da Pedra Azul. Floresta Ombrófila Densa."
"PARQUE ESTADUAL PEDRA AZUL","Ferns and Lycophytes","Thelypteridaceae","Amauropelta","saxicola","(Sw.) Salino & T.E.Almeida","THELYPTERIDACEAE Amauropelta saxicola (Sw.) Salino & T.E.Almeida","BHCB01118293",,"BHCB","Salino, A.","14158","Native","2008","Salino, A.","2008","Ouro","Ouro",,"Domingos Martins","São Paulo do Aracê. Entorno do Parque Estadual da Pedra Azul."
"PARQUE ESTADUAL PEDRA AZUL","Ferns and Lycophytes","Thelypteridaceae","Amauropelta","saxicola","(Sw.) Salino & T.E.Almeida","THELYPTERIDACEAE Amauropelta saxicola (Sw.) Salino & T.E.Almeida","126434","splink","BHCB","Salino, A.","14158","Native","2008","Salino, A.","2008","Ouro","Ouro",,"Domingos Martins","São Paulo do Aracê, Entorno do Parque Estadual da Pedra Azul"
"PARQUE ESTADUAL PEDRA AZUL","Angiosperms","Thuidiaceae","Pelekium","involvens","(Hedw.) A. Touw","THUIDIACEAE Pelekium involvens (Hedw.) A. Touw","96557","x","ALCB","Penha, L.T.","s/n","Native","2010",,,"Latão","Ouro",,,"Parque Estadual Pedra Azul, Trilha São Paulino do Aracê"
"PARQUE ESTADUAL PEDRA AZUL","Angiosperms","Thuidiaceae","Pelekium",,"Mitt.","THUIDIACEAE Pelekium Mitt.","UB1245722",,"UB","Valente, D.V.","245","Native","2016","Valente, D.V.","2017","Bronze","Ouro",,"Domingos Martins","Parque Estadual da Pedra Azul."
"PARQUE ESTADUAL PEDRA AZUL","Angiosperms","Thuidiaceae","Pelekium",,"Mitt.","THUIDIACEAE Pelekium Mitt.","CAP008697","splink","CAP","Peralta, D.F.","19449","Native","2016",,,"Latão","Ouro",,"Domingos Martins","Mata Atlântica com afloramentos rochosos. sobre rocha. Parque Estadual da Pedra Azul"
"PARQUE ESTADUAL PEDRA AZUL","Angiosperms","Thuidiaceae","Pelekium",,"Mitt.","THUIDIACEAE Pelekium Mitt.","CAP008691","splink","CAP","Peralta, D.F.","19461","Native","2016",,,"Latão","Ouro",,"Domingos Martins","Mata Atlântica com afloramentos rochosos. sobre rocha. Parque Estadual da Pedra Azul"
"PARQUE ESTADUAL PEDRA AZUL","Angiosperms","Thuidiaceae",,,"Schimp.","THUIDIACEAE Thuidiaceae Schimp.","UB1062605",,"UB","Valente, D.V.","593","Native","2016","Valente, D.V.","2017","Bronze","Ouro",,"Domingos Martins","Parque Estadual da Pedra Azul."
"PARQUE ESTADUAL PEDRA AZUL","Angiosperms","Thuidiaceae",,,"Schimp.","THUIDIACEAE Thuidiaceae Schimp.","UB1206048",,"UB","Valente, D.V.","560","Native","2016","Valente, D.V.","2017","Bronze","Ouro",,"Domingos Martins","Parque Estadual da Pedra Azul."
"PARQUE ESTADUAL PEDRA AZUL","Ferns and Lycophytes","Thuidiaceae",,,"Schimp.","THUIDIACEAE Thuidiaceae Schimp.","UB1242529",,"UB","Valente, D.V.","594","Native","2016","Valente, D.V.","2017","Bronze","Ouro",,"Domingos Martins","Parque Estadual da Pedra Azul."
"PARQUE ESTADUAL PEDRA AZUL","Ferns and Lycophytes","Thuidiaceae","Thuidium","delicatulum","(Hedw.) Schimp.","THUIDIACEAE Thuidium delicatulum (Hedw.) Schimp.","85014","x","ALCB","Penha, L.T.","478","Native","2009",,,"Latão","Ouro",,,"Parque Estadual Pedra Azul"
"PARQUE ESTADUAL PEDRA AZUL","Angiosperms","Velloziaceae","Barbacenia","pabstiana","L.B.Sm. & Ayensu","VELLOZIACEAE Barbacenia pabstiana L.B.Sm. & Ayensu","VIES065531","splink","VIES","Faller, V.S.","582","Native","2025",,,"Latão","Ouro",,"Domingos Martins","Aracê. Parque Estadual da Pedra Azul"
"PARQUE ESTADUAL PEDRA AZUL","Angiosperms","Velloziaceae","Barbacenia","pabstiana","L.B.Sm. & Ayensu","VELLOZIACEAE Barbacenia pabstiana L.B.Sm. & Ayensu","SAMES11914",,"SAMES","Justino, W.S.","65","Native","2019",,,"Latão","Ouro",,"Domingos Martins","Parque Estadual da Pedra Azul."
"PARQUE ESTADUAL PEDRA AZUL","Angiosperms","Velloziaceae","Barbacenia","pabstiana","L.B.Sm. & Ayensu","VELLOZIACEAE Barbacenia pabstiana L.B.Sm. & Ayensu","53502","x","VIC","Justino, W.S.","PEPAZ 065","Native","2019",,,"Latão","Ouro",,,"Parque Estadual da Pedra Azul"
"PARQUE ESTADUAL PEDRA AZUL","Ferns and Lycophytes","Velloziaceae","Barbacenia","pabstiana","L.B.Sm. & Ayensu","VELLOZIACEAE Barbacenia pabstiana L.B.Sm. & Ayensu","VIES000915","splink","VIES","Santos, G.F.","s.n.","Native","1986","Silva, R.M.","1993","Ouro","Prata",,"Domingos Martins","Pedra Azul."
"PARQUE ESTADUAL PEDRA AZUL","Ferns and Lycophytes","Velloziaceae","Barbacenia","pabstiana","L.B.Sm. & Ayensu","VELLOZIACEAE Barbacenia pabstiana L.B.Sm. & Ayensu","CESJ081939","splink","CESJ","Santos, G.F.","s.n.","Native","1986","Silva, R.M.","1993","Ouro","Prata",,"Domingos Martins","Pedra Azul"
"PARQUE ESTADUAL PEDRA AZUL","Bryophytes","Velloziaceae","Vellozia","epidendroides","Mart. ex Schult. & Schult.f.","VELLOZIACEAE Vellozia epidendroides Mart. ex Schult. & Schult.f.","US01328595","splink","US","Hatschbach, G.","s.n.","Native","1983",,,"Latão","Prata",,"Domingos Martins","Pedra Azul."
"PARQUE ESTADUAL PEDRA AZUL","Bryophytes","Velloziaceae","Vellozia","plicata","Mart.","VELLOZIACEAE Vellozia plicata Mart.","VIES002002","splink","VIES","Pereira, O.J.","1330","Native","1987",,,"Latão","Prata",,"Domingos Martins","Pedra Azul."
"PARQUE ESTADUAL PEDRA AZUL","Bryophytes","Velloziaceae","Vellozia","pulchra","L.B.Sm.","VELLOZIACEAE Vellozia pulchra L.B.Sm.","US01328873","splink","US","Hatschbach, G.","s.n.","Native","1983",,,"Latão","Prata",,"Domingos Martins","Pedra Azul."
"PARQUE ESTADUAL PEDRA AZUL","Angiosperms","Velloziaceae","Vellozia","variegata","Goethart & Henrard","VELLOZIACEAE Vellozia variegata Goethart & Henrard","MBM103562","splink","MBM","Hatschbach, G.","49961","Native",,"Mello-Silva, R.",,"Ouro","Prata",,"Domingos Martins","Pedra Azul."
"PARQUE ESTADUAL PEDRA AZUL",,"Velloziaceae","Vellozia","variegata","Goethart & Henrard","VELLOZIACEAE Vellozia variegata Goethart & Henrard","5702","splink","HEPH","Hatschbach, G.","49961",,"1986","Mello-Silva, R.","1986","Ouro","Prata",,"Domingos Martins","Pedra Azul"
"PARQUE ESTADUAL PEDRA AZUL","Ferns and Lycophytes","Velloziaceae","Vellozia","variegata","Goethart & Henrard","VELLOZIACEAE Vellozia variegata Goethart & Henrard","MA-01-00488395","x","MA","Hatschbach, G.","49961","Native","1985","Silva, R.M.","1986","Ouro","Prata",,"Domingos Martins","Pedra Azul (mun. Domingos Martins) Espirito Santo"
"PARQUE ESTADUAL PEDRA AZUL","Ferns and Lycophytes","Velloziaceae","Vellozia","variegata","Goethart & Henrard","VELLOZIACEAE Vellozia variegata Goethart & Henrard","FLOR0019936","splink","FLOR","Hatschbach, G.","49961","Native","1985","Silva, R.M.","1986","Ouro","Prata",,"Domingos Martins","Pedra Azul."
"PARQUE ESTADUAL PEDRA AZUL","Angiosperms","Velloziaceae","Vellozia","variegata","Goethart & Henrard","VELLOZIACEAE Vellozia variegata Goethart & Henrard","MBML040001","splink","MBML","Fontana, A.P.","2241","Native","2006","Fontana, A.P.","2006","Bronze","Prata",,"Domingos Martins","Pedra Azul, propriedade do Canal. Floresta Ombrófila Densa. Afloramento rochoso com Mata ciliar"
"PARQUE ESTADUAL PEDRA AZUL",,"Verbenaceae","Lantana","caudata","P.H.Cardoso & Salimena","VERBENACEAE Lantana caudata P.H.Cardoso & Salimena","RB01421556","x","RB","Cardoso, P.H.","37",,"2018","Cardoso, P.H.","2019","Ouro","Ouro",,,"Parque Estadual da Pedra Azul."
"PARQUE ESTADUAL PEDRA AZUL",,"Verbenaceae","Lantana","caudata","P.H.Cardoso & Salimena","VERBENACEAE Lantana caudata P.H.Cardoso & Salimena","RB01421556","x","Rio de Janeiro Botanical Garden Herbarium","Cardoso, P.H.","37",,"2018","Cardoso, P.H.","2019","Bronze","Ouro",,,"Parque Estadual da Pedra Azul."
"PARQUE ESTADUAL PEDRA AZUL","Ferns and Lycophytes","Verbenaceae","Lantana",,"L.","VERBENACEAE Lantana L.","76792","x","HRCB","Marcusso, G.M.","1871","Native","2020",,,"Latão","Ouro",,,"Parque Estadual da Pedra Azul Trilha nova para as piscinas naturais, até a base da pedra das flores"
"PARQUE ESTADUAL PEDRA AZUL","Ferns and Lycophytes","Verbenaceae","Lantana",,"L.","VERBENACEAE Lantana L.","SHPR002060","splink","SHPR","Marcusso, G.M.","1871","Native","2020",,,"Latão","Ouro",,"Domingos Martins","Parque Estadual da Pedra Azul"
"PARQUE ESTADUAL PEDRA AZUL","Angiosperms","Verbenaceae","Lippia",,"L.","VERBENACEAE Lippia L.","76791","x","HRCB","Marcusso, G.M.","1870","Native","2020",,,"Latão","Ouro",,,"Parque Estadual da Pedra Azul Trilha nova para as piscinas naturais, até a base da pedra das flores"
"PARQUE ESTADUAL PEDRA AZUL","Ferns and Lycophytes","Xyridaceae","Xyris","mello-barretoi","L.B.Sm. & Downs","XYRIDACEAE Xyris mello-barretoi L.B.Sm. & Downs","RB00562050","x","RB","Fontana, A.P.","2202","Native","2006","Mota, N.F.O.","2015","Bronze","Ouro",,,"Pedra Azul, Pedra das Flores. Floresta Ombrófila Densa, Aforamento rochoso com Mata Nebular. Parque Estadual Pedra Azul"
"PARQUE ESTADUAL PEDRA AZUL","Bryophytes","Zingiberaceae","Renealmia","brasiliensis","K.Schum.","ZINGIBERACEAE Renealmia brasiliensis K.Schum.","RB01308424","x","Rio de Janeiro Botanical Garden Herbarium","Tuler, A.C.","541","Native","2015","Tuler, A.C.","2015","Bronze","Ouro",,,"Área do Laranjal, próximo a trilha, acima do Rio. Parque Estadual Pedra Azul"
