"UC","Grupos","Família","Gênero","Espécie","Autor","Táxon_completo","Barcode","BD_Origem","Herbário","Coletor","Número_da_Coleta","Origem_FFBr","AnoColeta","Identificador","AnoID","ConfiançaID","ConfiançaLoc","Imagens","Município","Localidade"
"ESTAÇÃO ECOLÓGICA GRÃO PARÁ","Ferns and Lycophytes","Cyatheaceae","Cyathea","pungens","(Willd.) Domin","CYATHEACEAE Cyathea pungens (Willd.) Domin","MBM421707",,"MBM","Pietrobom, M.R.","8051","Native","2008","Silva, M.R.P.","2015","Ouro","Ouro","jbrj-public.s3.amazonaws.com/fsi/server?type=image&source=DZI/mbm/mbm/0/42/17/7/mbm00421707.dzi","Oriximiná","Estação Ecológica do Grão Pará, Serra do Acari, trilha 4 de 3000m, proximidades da parcela 3"
"ESTAÇÃO ECOLÓGICA GRÃO PARÁ","Ferns and Lycophytes","Cyatheaceae","Cyathea","spectabilis","(Kunze) Domin","CYATHEACEAE Cyathea spectabilis (Kunze) Domin","MBM421716",,"MBM","Pietrobom, M.R.","7858","Native","2008","Silva, M.R.P.","2015","Ouro","Ouro","jbrj-public.s3.amazonaws.com/fsi/server?type=image&source=DZI/mbm/mbm/0/42/17/16/mbm00421716.dzi","Oriximiná","Estação Ecológica do Grão Pará, Serra do Acari"
"ESTAÇÃO ECOLÓGICA GRÃO PARÁ","Ferns and Lycophytes","Cyatheaceae","Cyathea","macrosora","(Baker) Domin","CYATHEACEAE Cyathea macrosora (Baker) Domin","MBM421705",,"MBM","Pietrobom, M.R.","7958","Native","2008","Silva, M.R.P.","2010","Ouro","Ouro","jbrj-public.s3.amazonaws.com/fsi/server?type=image&source=DZI/mbm/mbm/0/42/17/5/mbm00421705_1.dzi|jbrj-public.s3.amazonaws.com/fsi/server?type=image&source=DZI/mbm/mbm/0/42/17/5/mbm00421705.dzi","Oriximiná","Estação Ecológica do Grão Pará, Serra do Acari, trilha de 4000m, proximidades da parcela 2"
"ESTAÇÃO ECOLÓGICA GRÃO PARÁ",,"Cyatheaceae","Sphaeropteris","marginata","(Brause) R.M.Tryon","CYATHEACEAE Sphaeropteris marginata (Brause) R.M.Tryon","MBM421706",,"MBM","Pietrobom, M.R.","7865",,"2008","Silva, M.R.P.","2008","Ouro","Ouro","jbrj-public.s3.amazonaws.com/fsi/server?type=image&source=DZI/mbm/mbm/0/42/17/6/mbm00421706.dzi","Oriximiná","Estação Ecológica do Grão Pará, Serra do Acari"
"ESTAÇÃO ECOLÓGICA GRÃO PARÁ","Ferns and Lycophytes","Fabaceae","Deguelia",,"Aubl.","FABACEAE Deguelia Aubl.","HSTM018514",,"HSTM","Soares, M.V.B.","711","Native","2024","Lima, H.C.","2025","Ouro","Ouro",,"Oriximiná","Estação Ecológica do Grão Pará. Rio Jauari. sim"
"ESTAÇÃO ECOLÓGICA GRÃO PARÁ","Ferns and Lycophytes","Rubiaceae","Sipanea","pratensis","Aubl.","RUBIACEAE Sipanea pratensis var. pratensis Aubl.","MG197845","x","MG","Souza, M.G.C.","533","Native","2009","Delprete, P.G.","2019","Ouro","Ouro",,,"Estação Ecológica do Grão Pará , trilha 4 de 500m"
"ESTAÇÃO ECOLÓGICA GRÃO PARÁ","Ferns and Lycophytes","Thelypteridaceae","Meniscium","macrophyllum","Kunze","THELYPTERIDACEAE Meniscium macrophyllum Kunze","153376","splink","BHCB","Souza, M.G.C.","437","Native","2009","Fernandes, R.S.","2014","Ouro","Ouro",,"Óbidos","Estação Ecológica do Grão Pará, trilha 2 de 5000 m, entre 2000 e 3000 m na trilha"
"ESTAÇÃO ECOLÓGICA GRÃO PARÁ","Ferns and Lycophytes","Gleicheniaceae","Sticherus","longipinnatus","(Hook.) Nakai","GLEICHENIACEAE Sticherus longipinnatus (Hook.) Nakai","150683","x","BHCB","Maciel, S.","780","Native","2008","Lima, L.V.",,"Ouro","Ouro",,,"Estação Ecológica do Grão Pará"
"ESTAÇÃO ECOLÓGICA GRÃO PARÁ","Ferns and Lycophytes","Dryopteridaceae","Elaphoglossum","discolor","(Kuhn) C.Chr.","DRYOPTERIDACEAE Elaphoglossum discolor (Kuhn) C.Chr.","MBM422150",,"MBM","Pietrobom, M.R.","7782","Native","2008","Silva, M.R.P.","2016","Bronze","Ouro","jbrj-public.s3.amazonaws.com/fsi/server?type=image&source=DZI/mbm/mbm/0/42/21/50/mbm00422150.dzi","Oriximiná","Estação Ecológica do Grão Pará, Serra do Acari, trilha 2 de 2800m"
"ESTAÇÃO ECOLÓGICA GRÃO PARÁ","Angiosperms","Pteridaceae","Adiantum","cajennense","Willd. ex Klotzsch","PTERIDACEAE Adiantum cajennense Willd. ex Klotzsch","MBM419973",,"MBM","Pietrobom, M.R.","7946",,"2008","Silva, M.R.P.","2016","Bronze","Ouro","jbrj-public.s3.amazonaws.com/fsi/server?type=image&source=DZI/mbm/mbm/0/41/99/73/mbm00419973.dzi","Oriximiná","Serra do Acari, ESEC do Grão Pará, trilha de 4000m, proximidades da parcela 4"
"ESTAÇÃO ECOLÓGICA GRÃO PARÁ","Ferns and Lycophytes","Tectariaceae","Triplophyllum","hirsutum","(Holttum) J.Prado & R.C.Moran","TECTARIACEAE Triplophyllum hirsutum (Holttum) J.Prado & R.C.Moran","MBM420157",,"MBM","Pietrobom, M.R.","7871","Native","2008","Silva, M.R.P.","2016","Bronze","Ouro","jbrj-public.s3.amazonaws.com/fsi/server?type=image&source=DZI/mbm/mbm/0/42/1/57/mbm00420157.dzi","Oriximiná","Estação Ecológica do Grão Pará, Serra do Acari"
"ESTAÇÃO ECOLÓGICA GRÃO PARÁ","Angiosperms","Thelypteridaceae","Amblovenatum","opulentum","(Kaulf.) J.P. Roux","THELYPTERIDACEAE Amblovenatum opulentum (Kaulf.) J.P. Roux","MBM420023",,"MBM","Pietrobom, M.R.","7862",,"2008","Silva, M.R.P.","2016","Bronze","Ouro","jbrj-public.s3.amazonaws.com/fsi/server?type=image&source=DZI/mbm/mbm/0/42/0/23/mbm00420023.dzi","Oriximiná","Serra do Acari, ESEC do Grão Pará"
"ESTAÇÃO ECOLÓGICA GRÃO PARÁ","Bryophytes","Thelypteridaceae","Steiropteris","leprieurii","(Hook.) Pic.Serm.","THELYPTERIDACEAE Steiropteris leprieurii (Hook.) Pic.Serm.","MBM420028",,"MBM","Pietrobom, M.R.","7768","Native","2008","Silva, M.R.P.","2016","Bronze","Ouro","jbrj-public.s3.amazonaws.com/fsi/server?type=image&source=DZI/mbm/mbm/0/42/0/28/mbm00420028.dzi","Oriximiná","Serra do Acari, ESEC do Grão Pará, trilha 2 de 2800m"
"ESTAÇÃO ECOLÓGICA GRÃO PARÁ","Bryophytes","Hymenophyllaceae","Didymoglossum","kapplerianum","(Sturm) Ebihara & Dubuisson","HYMENOPHYLLACEAE Didymoglossum kapplerianum (Sturm) Ebihara & Dubuisson","MBM420291",,"MBM","Pietrobom, M.R.","7870","Native","2008","Silva, M.R.P.","2015","Bronze","Ouro","jbrj-public.s3.amazonaws.com/fsi/server?type=image&source=DZI/mbm/mbm/0/42/2/91/mbm00420291.dzi","Oriximiná","Estação Ecológica do Grão Pará, Serra de Acari"
"ESTAÇÃO ECOLÓGICA GRÃO PARÁ","Ferns and Lycophytes","Hymenophyllaceae","Trichomanes","trollii","Bergdolt","HYMENOPHYLLACEAE Trichomanes trollii Bergdolt","MBM420290",,"MBM","Pietrobom, M.R.","7798","Native","2008","Silva, M.R.P.","2015","Bronze","Ouro","jbrj-public.s3.amazonaws.com/fsi/server?type=image&source=DZI/mbm/mbm/0/42/2/90/mbm00420290.dzi","Oriximiná","Estação Ecológica do Grão Pará, Serra do Acari, trilha 2 de 2800m"
"ESTAÇÃO ECOLÓGICA GRÃO PARÁ","Angiosperms","Lindsaeaceae","Lindsaea","divaricata","Klotzsch","LINDSAEACEAE Lindsaea divaricata Klotzsch","MBM420464",,"MBM","Pietrobom, M.R.","7766","Native","2008","Silva, M.R.P.","2015","Bronze","Ouro","jbrj-public.s3.amazonaws.com/fsi/server?type=image&source=DZI/mbm/mbm/0/42/4/64/mbm00420464.dzi","Oriximiná","Estação Ecológica do Grão Pará, Serra do Acari, trilha 2 de 2800m"
"ESTAÇÃO ECOLÓGICA GRÃO PARÁ","Bryophytes","Marattiaceae","Danaea","nodosa","(L.) Sm.","MARATTIACEAE Danaea nodosa (L.) Sm.","MBM421505",,"MBM","Pietrobom, M.R.","7760","Native","2008","Silva, M.R.P.","2015","Bronze","Ouro","jbrj-public.s3.amazonaws.com/fsi/server?type=image&source=DZI/mbm/mbm/0/42/15/5/mbm00421505.dzi","Oriximiná","Estação Ecológica do Grão Pará, Serra do Acari"
"ESTAÇÃO ECOLÓGICA GRÃO PARÁ","Angiosperms","Polypodiaceae","Campyloneurum","phyllitidis","(L.) C.Presl","POLYPODIACEAE Campyloneurum phyllitidis (L.) C.Presl","MBM419643",,"MBM","Pietrobom, M.R.","7868","Native","2008","Silva, M.R.P.","2015","Bronze","Ouro","jbrj-public.s3.amazonaws.com/fsi/server?type=image&source=DZI/mbm/mbm/0/41/96/43/mbm00419643.dzi","Oriximiná","Estação Ecológica do Grão Pará, Grão Pará, Serra do Acari"
"ESTAÇÃO ECOLÓGICA GRÃO PARÁ","Ferns and Lycophytes","Polypodiaceae","Microgramma","dictyophylla","(Kunze ex Mett.) de la Sota","POLYPODIACEAE Microgramma dictyophylla (Kunze ex Mett.) de la Sota","MBM422055",,"MBM","Pietrobom, M.R.","7752","Native","2008","Silva, M.R.P.","2015","Bronze","Ouro","jbrj-public.s3.amazonaws.com/fsi/server?type=image&source=DZI/mbm/mbm/0/42/20/55/mbm00422055.dzi","Oriximiná","Estação Ecológica do Grão Pará, Serra do Acari, trilha 2 de 2800m"
"ESTAÇÃO ECOLÓGICA GRÃO PARÁ","Ferns and Lycophytes","Selaginellaceae","Selaginella","producta","Baker","SELAGINELLACEAE Selaginella producta Baker","MBM420099",,"MBM","Pietrobom, M.R.","7941","Native","2008","Silva, M.R.P.","2015","Bronze","Ouro","jbrj-public.s3.amazonaws.com/fsi/server?type=image&source=DZI/mbm/mbm/0/42/0/99/mbm00420099.dzi","Oriximiná","Estação Ecológica do Grão Pará, Serra do Acari, trilha de 4000m, proximidades da parcela 4"
"ESTAÇÃO ECOLÓGICA GRÃO PARÁ","Angiosperms","Dryopteridaceae","Bolbitis","semipinnatifida","(Fée) Alston","DRYOPTERIDACEAE Bolbitis semipinnatifida (Fée) Alston","MBM420599",,"MBM","Pietrobom, M.R.","7762","Native","2008","Silva, M.R.P.","2013","Bronze","Ouro","jbrj-public.s3.amazonaws.com/fsi/server?type=image&source=DZI/mbm/mbm/0/42/5/99/mbm00420599.dzi","Oriximiná","Estação Ecológica do Grão Pará, Serra do Acari, trilha 2 de 2800m"
"ESTAÇÃO ECOLÓGICA GRÃO PARÁ","Ferns and Lycophytes","Dryopteridaceae","Cyclodium","guianense","(Klotzsch) van der Werff ex L.D.Gómez","DRYOPTERIDACEAE Cyclodium guianense (Klotzsch) van der Werff ex L.D.Gómez","MBM422160",,"MBM","Pietrobom, M.R.","7761","Native","2008","Silva, M.R.P.","2013","Bronze","Ouro","jbrj-public.s3.amazonaws.com/fsi/server?type=image&source=DZI/mbm/mbm/0/42/21/60/mbm00422160.dzi","Oriximiná","Estação Ecológica do Grão Pará, Serra do Acari, trilha 2 de 2800m"
"ESTAÇÃO ECOLÓGICA GRÃO PARÁ","Ferns and Lycophytes","Dryopteridaceae","Cyclodium","inerme","(Fée) A.R.Sm.","DRYOPTERIDACEAE Cyclodium inerme (Fée) A.R.Sm.","MBM422155",,"MBM","Pietrobom, M.R.","7785","Native","2008","Silva, M.R.P.","2013","Bronze","Ouro","jbrj-public.s3.amazonaws.com/fsi/server?type=image&source=DZI/mbm/mbm/0/42/21/55/mbm00422155.dzi","Oriximiná","Estação Ecológica do Grão Pará, Serra do Acari, trilha 2 de 2800m"
"ESTAÇÃO ECOLÓGICA GRÃO PARÁ","Angiosperms","Pteridaceae","Adiantum","humile","Kunze","PTERIDACEAE Adiantum humile Kunze","MBM419940",,"MBM","Pietrobom, M.R.","7749",,"2008","Silva, M.R.P.","2013","Bronze","Ouro","jbrj-public.s3.amazonaws.com/fsi/server?type=image&source=DZI/mbm/mbm/0/41/99/40/mbm00419940.dzi","Oriximiná","Estação Ecológica do Grão Pará, Serra do Acara, trilha 2 de 2800m"
"ESTAÇÃO ECOLÓGICA GRÃO PARÁ","Ferns and Lycophytes","Tectariaceae","Triplophyllum","glabrum","J.Prado & R.C.Moran","TECTARIACEAE Triplophyllum glabrum J.Prado & R.C.Moran","MBM420148",,"MBM","Pietrobom, M.R.","7786","Native","2008","Silva, M.R.P.","2013","Bronze","Ouro","jbrj-public.s3.amazonaws.com/fsi/server?type=image&source=DZI/mbm/mbm/0/42/1/48/mbm00420148.dzi","Oriximiná","Estação Ecológica do Grão Pará, Serra Acari, trilha 2 de 2800m"
"ESTAÇÃO ECOLÓGICA GRÃO PARÁ","Ferns and Lycophytes","Polypodiaceae","Pecluma","ptilota","(Kunze) M.G.Price","POLYPODIACEAE Pecluma ptilota (Kunze) M.G.Price","MBM422047",,"MBM","Pietrobom, M.R.","8041","Native","2008","Goes-Neto, L.A.A.","2010","Bronze","Ouro","jbrj-public.s3.amazonaws.com/fsi/server?type=image&source=DZI/mbm/mbm/0/42/20/47/mbm00422047.dzi","Oriximiná","Estação Ecológica do Grão Pará, Serra do Acari, trilha 4 de 3000m, proximidades da parcela 3"
"ESTAÇÃO ECOLÓGICA GRÃO PARÁ","Ferns and Lycophytes","Dryopteridaceae","Elaphoglossum","obovatum","Mickel","DRYOPTERIDACEAE Elaphoglossum obovatum Mickel","MBM422148",,"MBM","Pietrobom, M.R.","7845","Native","2008","Silva, M.R.P.","2009","Bronze","Ouro","jbrj-public.s3.amazonaws.com/fsi/server?type=image&source=DZI/mbm/mbm/0/42/21/48/mbm00422148.dzi","Oriximiná","Estação Ecológica do Grão Pará, Serra do Acari, trilha 2 de 2800m"
"ESTAÇÃO ECOLÓGICA GRÃO PARÁ","Bryophytes","Dryopteridaceae","Elaphoglossum","rigidum","(Aubl.) Urb.","DRYOPTERIDACEAE Elaphoglossum rigidum (Aubl.) Urb.","MBM420425",,"MBM","Pietrobom, M.R.","7738","Native","2008","Silva, M.R.P.","2009","Bronze","Ouro","jbrj-public.s3.amazonaws.com/fsi/server?type=image&source=DZI/mbm/mbm/0/42/4/25/mbm00420425.dzi","Oriximiná","Estação Ecológica do Grão Pará, Serra do Acari, trilha 2 de 2800m"
"ESTAÇÃO ECOLÓGICA GRÃO PARÁ","Bryophytes","Hymenophyllaceae","Didymoglossum","krausii","(Hook. & Grev.) C. Presl","HYMENOPHYLLACEAE Didymoglossum krausii (Hook. & Grev.) C. Presl","MBM420306",,"MBM","Pietrobom, M.R.","7797","Native","2008","Silva, M.R.P.","2009","Bronze","Ouro","jbrj-public.s3.amazonaws.com/fsi/server?type=image&source=DZI/mbm/mbm/0/42/3/6/mbm00420306.dzi","Oriximiná","Estação Ecológica do Grão Pará, Serra do Acari, trilha 2 de 2800m"
"ESTAÇÃO ECOLÓGICA GRÃO PARÁ","Ferns and Lycophytes","Hymenophyllaceae","Didymoglossum","punctatum","(Poir.) Desv.","HYMENOPHYLLACEAE Didymoglossum punctatum (Poir.) Desv.","MBM420229",,"MBM","Pietrobom, M.R.","8001","Native","2008","Silva, M.R.P.","2009","Bronze","Ouro","jbrj-public.s3.amazonaws.com/fsi/server?type=image&source=DZI/mbm/mbm/0/42/2/29/mbm00420229.dzi","Oriximiná","Estação Ecológica do Grão Pará, Serra do Acari, trilha 1 de 4350m, priximidades da parcela 3"
"ESTAÇÃO ECOLÓGICA GRÃO PARÁ","Ferns and Lycophytes","Hymenophyllaceae","Hymenophyllum","hirsutum","(L.) Sw.","HYMENOPHYLLACEAE Hymenophyllum hirsutum (L.) Sw.","MBM420298",,"MBM","Pietrobom, M.R.","8057","Native","2008","Silva, M.R.P.","2009","Bronze","Ouro","jbrj-public.s3.amazonaws.com/fsi/server?type=image&source=DZI/mbm/mbm/0/42/2/98/mbm00420298.dzi","Oriximiná","Estação Ecológica do Grão Pará, Serra do Acari, trilha 4 de 3000m, proximidades da parcela 3"
"ESTAÇÃO ECOLÓGICA GRÃO PARÁ","Ferns and Lycophytes","Hymenophyllaceae","Hymenophyllum","polyanthos","(Sw.) Sw.","HYMENOPHYLLACEAE Hymenophyllum polyanthos (Sw.) Sw.","MBM420396",,"MBM","Pietrobom, M.R.","7758","Native","2008","Silva, M.R.P.","2009","Bronze","Ouro","jbrj-public.s3.amazonaws.com/fsi/server?type=image&source=DZI/mbm/mbm/0/42/3/96/mbm00420396.dzi","Oriximiná","Estação Ecológica do Grão Pará, Serra do Acari, trilha 2 de 2800m"
"ESTAÇÃO ECOLÓGICA GRÃO PARÁ","Ferns and Lycophytes","Lomariopsidaceae","Lomariopsis","prieuriana","Fée","LOMARIOPSIDACEAE Lomariopsis prieuriana Fée","MBM421587",,"MBM","Pietrobom, M.R.","7944","Native","2008","Silva, M.R.P.","2009","Bronze","Ouro","jbrj-public.s3.amazonaws.com/fsi/server?type=image&source=DZI/mbm/mbm/0/42/15/87/mbm00421587.dzi","Oriximiná","Estação Ecológica do Grão Pará, Serra do Acari, trilha de 4000m, proximidades da parcela 4"
"ESTAÇÃO ECOLÓGICA GRÃO PARÁ","Ferns and Lycophytes","Selaginellaceae","Selaginella","parkeri","(Hook. & Grev.) Spring","SELAGINELLACEAE Selaginella parkeri (Hook. & Grev.) Spring","MBM420076",,"MBM","Pietrobom, M.R.","7799","Native","2008","Silva, M.R.P.","2009","Bronze","Ouro","jbrj-public.s3.amazonaws.com/fsi/server?type=image&source=DZI/mbm/mbm/0/42/0/76/mbm00420076.dzi","Oriximiná","Estação Ecológica do Grão Pará, Serra do Acari, trilha 2 de 2800 m, 1º16'17,4""""N-58º41'37,6""""W e 1º16'0,3""""N-58º41'45,5""""W, ca. 407-600m de altitude"
"ESTAÇÃO ECOLÓGICA GRÃO PARÁ","Ferns and Lycophytes","Dryopteridaceae","Elaphoglossum","raywaense","(Jenman) Alston","DRYOPTERIDACEAE Elaphoglossum raywaense (Jenman) Alston","MBM422151",,"MBM","Pietrobom, M.R.","7742","Native","2008","Silva, M.R.P.","2008","Bronze","Ouro","jbrj-public.s3.amazonaws.com/fsi/server?type=image&source=DZI/mbm/mbm/0/42/21/51/mbm00422151.dzi","Oriximiná","Estação Ecológica do Grão Pará, Serra do Acari, trilha 2 de 2800m"
"ESTAÇÃO ECOLÓGICA GRÃO PARÁ","Bryophytes","Dryopteridaceae","Elaphoglossum","styriacum","Mickel","DRYOPTERIDACEAE Elaphoglossum styriacum Mickel","MBM422152",,"MBM","Pietrobom, M.R.","7847","Native","2008","Silva, M.R.P.","2008","Bronze","Ouro","jbrj-public.s3.amazonaws.com/fsi/server?type=image&source=DZI/mbm/mbm/0/42/21/52/mbm00422152.dzi","Oriximiná","Estação Ecológica do Grão Pará, Serra do Acari, trilha 2 de 2800m"
"ESTAÇÃO ECOLÓGICA GRÃO PARÁ","Bryophytes","Dryopteridaceae","Olfersia","cervina","(L.) Kunze","DRYOPTERIDACEAE Olfersia cervina (L.) Kunze","MBM422161",,"MBM","Pietrobom, M.R.","7745","Native","2008","Silva, M.R.P.","2008","Bronze","Ouro","jbrj-public.s3.amazonaws.com/fsi/server?type=image&source=DZI/mbm/mbm/0/42/21/61/mbm00422161.dzi","Oriximiná","Estação Ecológica do Grão Pará, Serra do Acari, trilha 2 de 2800m"
"ESTAÇÃO ECOLÓGICA GRÃO PARÁ",,"Lomariopsidaceae","Dracoglossum","plantagineum","(Jacq.) Christenh.","LOMARIOPSIDACEAE Dracoglossum plantagineum (Jacq.) Christenh.","MBM420117",,"MBM","Pietrobom, M.R.","7998",,"2008","Silva, M.R.P.","2008","Bronze","Ouro","jbrj-public.s3.amazonaws.com/fsi/server?type=image&source=DZI/mbm/mbm/0/42/1/17/mbm00420117.dzi","Oriximiná","Estação Ecológica do Grão Pará, Serra do Acari, trilha 1 de 4350m, proximidades da parcela 3"
"ESTAÇÃO ECOLÓGICA GRÃO PARÁ","Ferns and Lycophytes","Marattiaceae","Danaea","simplicifolia","Rudge","MARATTIACEAE Danaea simplicifolia Rudge","MBM421515",,"MBM","Pietrobom, M.R.","7997","Native","2008","Silva, M.R.P.","2008","Bronze","Ouro","jbrj-public.s3.amazonaws.com/fsi/server?type=image&source=DZI/mbm/mbm/0/42/15/15/mbm00421515.dzi","Oriximiná","Estação Ecológica do Grão Pará, Serra do Acari, trilha 1 de 4350m, proximidades da parcela 3"
"ESTAÇÃO ECOLÓGICA GRÃO PARÁ","Ferns and Lycophytes","Marattiaceae","Danaea","trifoliata","Rchb. ex Kunze","MARATTIACEAE Danaea trifoliata Rchb. ex Kunze","MBM421526",,"MBM","Pietrobom, M.R.","7776","Native","2008","Silva, M.R.P.","2008","Bronze","Ouro","jbrj-public.s3.amazonaws.com/fsi/server?type=image&source=DZI/mbm/mbm/0/42/15/26/mbm00421526.dzi","Oriximiná","Estação Ecológica do Grão Pará, Serra do Acari, trilha 2 de 2800m"
"ESTAÇÃO ECOLÓGICA GRÃO PARÁ","Angiosperms","Polypodiaceae","Campyloneurum","repens","(Aubl.) C.Presl","POLYPODIACEAE Campyloneurum repens (Aubl.) C.Presl","MBM422067",,"MBM","Pietrobom, M.R.","8039","Native","2008","Silva, M.R.P.","2008","Bronze","Ouro","jbrj-public.s3.amazonaws.com/fsi/server?type=image&source=DZI/mbm/mbm/0/42/20/67/mbm00422067.dzi","Oriximiná","Estação Ecológica do Grão Pará, Serra do Acari, trilha 4 de 3000m, proximidades da parcela 3"
"ESTAÇÃO ECOLÓGICA GRÃO PARÁ","Bryophytes","Polypodiaceae","Serpocaulon","caceresii","(Sodiro) A.R.Sm.","POLYPODIACEAE Serpocaulon caceresii (Sodiro) A.R.Sm.","MBM422065",,"MBM","Pietrobom, M.R.","7852","Native","2008","Silva, M.R.P.","2008","Bronze","Ouro","jbrj-public.s3.amazonaws.com/fsi/server?type=image&source=DZI/mbm/mbm/0/42/20/65/mbm00422065.dzi","Oriximiná","Estação Ecológica do Grão Pará, Serra do Acari"
"ESTAÇÃO ECOLÓGICA GRÃO PARÁ",,"Orchidaceae",,,"A.Juss.","ORCHIDACEAE Orchidaceae A.Juss.","HSTM018788",,"HSTM","Soares, M.V.B.","769",,"2025","Casique, J.V.","2025","Bronze","Ouro",,"Oriximiná","Estação Ecológica do Grão Pará. Nas proximidades do quarto igarapé da trilha do monitora. Cerca de 4 km ao norte do acampamento base."
"ESTAÇÃO ECOLÓGICA GRÃO PARÁ","Angiosperms","Annonaceae","Anaxagorea","acuminata","(Dunal) A.DC.","ANNONACEAE Anaxagorea acuminata (Dunal) A.DC.","HSTM018437",,"HSTM","Soares, M.V.B.","631",,"2024","Carvalho, J.L.","2025","Bronze","Ouro",,"Oriximiná","Estação Ecológica do Grão Pará. sim"
"ESTAÇÃO ECOLÓGICA GRÃO PARÁ","Angiosperms","Annonaceae","Anaxagorea","phaeocarpa","Mart.","ANNONACEAE Anaxagorea phaeocarpa Mart.","HSTM018479",,"HSTM","Soares, M.V.B.","676",,"2024","Carvalho, J.L.","2025","Bronze","Ouro",,"Oriximiná","Estação Ecológica do Grão Pará. Trilha monitora. sim"
"ESTAÇÃO ECOLÓGICA GRÃO PARÁ","Ferns and Lycophytes","Annonaceae","Duguetia","cauliflora","R.E.Fr.","ANNONACEAE Duguetia cauliflora R.E.Fr.","HSTM018452",,"HSTM","Soares, M.V.B.","646","Native","2024","Carvalho, J.L.","2025","Bronze","Ouro",,"Oriximiná","Estação Ecológica do Grão Pará. Próximo ao igarapé 2. sim"
"ESTAÇÃO ECOLÓGICA GRÃO PARÁ","Ferns and Lycophytes","Annonaceae","Duguetia","riparia","Huber","ANNONACEAE Duguetia riparia Huber","HSTM018463",,"HSTM","Soares, M.V.B.","658","Native","2024","Carvalho, J.L.","2025","Bronze","Ouro",,"Oriximiná","Estação Ecológica do Grão Pará. sim"
"ESTAÇÃO ECOLÓGICA GRÃO PARÁ","Bryophytes","Annonaceae","Fusaea","longifolia","(Aubl.) Saff.","ANNONACEAE Fusaea longifolia (Aubl.) Saff.","HSTM018453",,"HSTM","Soares, M.V.B.","647","Native","2024","Carvalho, J.L.","2025","Bronze","Ouro",,"Oriximiná","Estação Ecológica do Grão Pará. Próximo ao igarapé 2. sim"
"ESTAÇÃO ECOLÓGICA GRÃO PARÁ","Bryophytes","Arecaceae","Geonoma","baculifera","(Poit.) Kunth","ARECACEAE Geonoma baculifera (Poit.) Kunth","HSTM018208",,"HSTM","Soares, M.V.B.","627","Native","2024","Rocha, E.","2024","Bronze","Ouro",,"Oriximiná","Estação Ecológica do Grão Pará. sim"
"ESTAÇÃO ECOLÓGICA GRÃO PARÁ","Angiosperms","Aspleniaceae","Asplenium","serratum","L.","ASPLENIACEAE Asplenium serratum L.","HSTM018192",,"HSTM","Soares, M.V.B.","611",,"2024","Casique, J.V.","2024","Bronze","Ouro",,"Oriximiná","Estação Ecológica do Grão Pará. sim"
"ESTAÇÃO ECOLÓGICA GRÃO PARÁ","Ferns and Lycophytes","Bromeliaceae","Pitcairnia","caricifolia","Mart. ex Schult. & Schult.f.","BROMELIACEAE Pitcairnia caricifolia Mart. ex Schult. & Schult.f.","HSTM018442",,"HSTM","Soares, M.V.B.","636","Native","2024","Moura, B.","2024","Bronze","Ouro",,"Oriximiná","Estação Ecológica do Grão Pará. Crescendo em clareira na mata. sim"
"ESTAÇÃO ECOLÓGICA GRÃO PARÁ","Ferns and Lycophytes","Bromeliaceae","Tillandsia","adpressiflora","Mez","BROMELIACEAE Tillandsia adpressiflora Mez","HSTM018531",,"HSTM","Soares, M.V.B.","728","Native","2024","Adao, L.O.","2024","Bronze","Ouro",,"Oriximiná","Estação Ecológica do Grão Pará. Rio Jauari. Crescendo em ilha de vegetação de afloramento rochoso em corredeira, período de seca do rio. sim"
"ESTAÇÃO ECOLÓGICA GRÃO PARÁ","Bryophytes","Burmanniaceae","Campylosiphon","purpurascens","Benth.","BURMANNIACEAE Campylosiphon purpurascens Benth.","HSTM018474",,"HSTM","Soares, M.V.B.","670","Unknown","2024","Silva, D.F.","2024","Bronze","Ouro",,"Oriximiná","Estação Ecológica do Grão Pará. Trilha monitora, próximo a final da trilha no quarto igarapé. Área de clareira na mata. sim"
"ESTAÇÃO ECOLÓGICA GRÃO PARÁ","Bryophytes","Cyperaceae","Fimbristylis","littoralis","Gaudich.","CYPERACEAE Fimbristylis littoralis Gaudich.","HSTM018495",,"HSTM","Soares, M.V.B.","692","Native","2024","Nunes, C.S.","2024","Bronze","Ouro",,"Oriximiná","Estação Ecológica do Grão Pará. Rio Jauri. Crescendo em ilha de vegetação de afloramento rochoso em corredeira, solo arenoso, período de seca do rio. sim"
"ESTAÇÃO ECOLÓGICA GRÃO PARÁ","Ferns and Lycophytes","Gentianaceae","Voyria","acuminata","Benth.","GENTIANACEAE Voyria acuminata Benth.","HSTM018196",,"HSTM","Soares, M.V.B.","615","Native","2024","Silva, D.F.","2024","Bronze","Ouro",,"Oriximiná","Estação Ecológica do Grão Pará. sim"
"ESTAÇÃO ECOLÓGICA GRÃO PARÁ","Bryophytes","Hymenophyllaceae","Trichomanes","vittaria","DC. ex Poir.","HYMENOPHYLLACEAE Trichomanes vittaria DC. ex Poir.","HSTM018204",,"HSTM","Soares, M.V.B.","623","Native","2024","Casique, J.V.","2024","Bronze","Ouro",,"Oriximiná","Estação Ecológica do Grão Pará. sim"
"ESTAÇÃO ECOLÓGICA GRÃO PARÁ","Angiosperms","Orchidaceae","Batemannia","colleyi","Lindl.","ORCHIDACEAE Batemannia colleyi Lindl.","HSTM018197",,"HSTM","Soares, M.V.B.","616",,"2024","Casique, J.V.","2024","Bronze","Ouro",,"Oriximiná","Estação Ecológica do Grão Pará. sim"
"ESTAÇÃO ECOLÓGICA GRÃO PARÁ","Ferns and Lycophytes","Piperaceae","Peperomia","rotundifolia","(L.) Kunth","PIPERACEAE Peperomia rotundifolia (L.) Kunth","HSTM018206",,"HSTM","Soares, M.V.B.","625","Native","2024","Marcusso, G.","2024","Bronze","Ouro",,"Oriximiná","Estação Ecológica do Grão Pará. sim"
"ESTAÇÃO ECOLÓGICA GRÃO PARÁ","Ferns and Lycophytes","Piperaceae","Piper","erectipilum","Yunck.","PIPERACEAE Piper erectipilum Yunck.","HSTM018473",,"HSTM","Soares, M.V.B.","669","Native","2024","Marcusso, G.","2024","Bronze","Ouro",,"Oriximiná","Estação Ecológica do Grão Pará. Trilha monitora. sim"
"ESTAÇÃO ECOLÓGICA GRÃO PARÁ","Ferns and Lycophytes","Poaceae","Ichnanthus",,"P.Beauv.","POACEAE Ichnanthus P.Beauv.","HSTM018445",,"HSTM","Soares, M.V.B.","639","Native","2024","Rocha, E.","2024","Bronze","Ouro",,"Oriximiná","Estação Ecológica do Grão Pará. Igarapé 2. sim"
"ESTAÇÃO ECOLÓGICA GRÃO PARÁ","Ferns and Lycophytes","Polygalaceae","Moutabea","guianensis","Aubl.","POLYGALACEAE Moutabea guianensis Aubl.","HSTM018538",,"HSTM","Soares, M.V.B.","735","Native","2024","Silveira, J.B.","2024","Bronze","Ouro",,"Oriximiná","Estação Ecológica do Grão Pará. Rio Jauari. sim"
"ESTAÇÃO ECOLÓGICA GRÃO PARÁ","Ferns and Lycophytes","Polypodiaceae","Microgramma","megalophylla","(Desv.) de la Sota","POLYPODIACEAE Microgramma megalophylla (Desv.) de la Sota","HSTM018191",,"HSTM","Soares, M.V.B.","610","Native","2024","Soares, M.V.B.","2024","Bronze","Ouro",,"Oriximiná","Estação Ecológica do Grão Pará. sim"
"ESTAÇÃO ECOLÓGICA GRÃO PARÁ","Ferns and Lycophytes","Polypodiaceae","Phlebodium","decumanum","(Willd.) J.Sm.","POLYPODIACEAE Phlebodium decumanum (Willd.) J.Sm.","HSTM018205",,"HSTM","Soares, M.V.B.","624","Native","2024","Casique, J.V.","2024","Bronze","Ouro",,"Oriximiná","Estação Ecológica do Grão Pará. sim"
"ESTAÇÃO ECOLÓGICA GRÃO PARÁ","Bryophytes","Rubiaceae","Geophila","repens","(L.) I.M.Johnst.","RUBIACEAE Geophila repens (L.) I.M.Johnst.","HSTM018210",,"HSTM","Soares, M.V.B.","629","Native","2024","Soares, M.V.B.","2024","Bronze","Ouro",,"Oriximiná","Estação Ecológica do Grão Pará. Planta crescendo ao lado do acampamento. sim"
"ESTAÇÃO ECOLÓGICA GRÃO PARÁ","Ferns and Lycophytes","Lejeuneaceae","Cheilolejeunea","acutangula","(Nees) Grolle","LEJEUNEACEAE Cheilolejeunea acutangula (Nees) Grolle","7469","x","HBRA","Pietrobom, M.R.","7826","Native","2012","Peralta, D.F.","2011","Bronze","Ouro",,,"ESEC do Grão Pará, Serra do Acari, trilha 2 de 2800m"
"ESTAÇÃO ECOLÓGICA GRÃO PARÁ","Ferns and Lycophytes","Lindsaeaceae","Lindsaea","stricta","(Sw.) Dryand.","LINDSAEACEAE Lindsaea stricta (Sw.) Dryand.","167887","splink","ICN","Souza, M.G.C.","544","Native","2009","Kieling-Rubio, M.A.",,"Bronze","Ouro",,"Óbidos","Esec Grão Pará Centro trilha 4 de 5000m parcela 3 00°37'15 2''N - 55°44'28 9''W"
"ESTAÇÃO ECOLÓGICA GRÃO PARÁ","Bryophytes","Melastomataceae","Rhynchanthera","grandiflora","(Aubl.) DC.","MELASTOMATACEAE Rhynchanthera grandiflora (Aubl.) DC.","MG197842","x","MG","Souza, M.G.C.","530","Native","2009","Cordeiro, M.R.",,"Bronze","Ouro",,,"Estação Ecológica do Grão Pará , trilha 4 de 500m"
"ESTAÇÃO ECOLÓGICA GRÃO PARÁ","Bryophytes","Myrtaceae","Eugenia","biflora","(L.) DC.","MYRTACEAE Eugenia biflora (L.) DC.","UB1264088",,"UB","Souza, M.G.C.","524","Native","2009","Cordeiro, M.",,"Bronze","Ouro",,"Óbidos","Estação Ecológica do Grão Pará, trilha 4 de 5000m, parcela 1."
"ESTAÇÃO ECOLÓGICA GRÃO PARÁ","Angiosperms","Aspleniaceae","Asplenium","angustum","Sw.","ASPLENIACEAE Asplenium angustum Sw.","MBM421732",,"MBM","Souza, M.G.C.","333",,"2009","Reis, A.","2025","Bronze","Ouro",,"Óbidos","Estação Ecológica do Grão Pará, Trilha 4 de 5000m, entre 3000m e 4000m na trilha."
"ESTAÇÃO ECOLÓGICA GRÃO PARÁ","Bryophytes","Metaxyaceae","Metaxya","parkeri","(Hook. & Grev.) J. Sm.","METAXYACEAE Metaxya parkeri (Hook. & Grev.) J. Sm.","13322","splink","HBRA","Souza, M.G.C.","511","Native","2009","Pietrobom, M.R.","2017","Bronze","Ouro",,"Óbidos","Estação Ecológica do Grão Pará, trilha 3 de 4400m, entre 1000 a 1500m"
"ESTAÇÃO ECOLÓGICA GRÃO PARÁ","Ferns and Lycophytes","Polypodiaceae","Pleopeltis","desvauxii","(Klotzsch) Salino","POLYPODIACEAE Pleopeltis desvauxii (Klotzsch) Salino","14811","x","HBRA","Souza, M.G.C.","321","Native","2009","Pietrobom, M.R.","2017","Bronze","Ouro",,,"Estação Ecológica do Grão Pará, trilha 4 de 5000 m, entre 3000 e 4000 m na trilha"
"ESTAÇÃO ECOLÓGICA GRÃO PARÁ","Ferns and Lycophytes","Polypodiaceae","Pecluma","plumula","(Willd.) M.G.Price","POLYPODIACEAE Pecluma plumula (Willd.) M.G.Price","9839","splink","HBRA","Souza, M.G.C.","563","Native","2009","Pietrobom, M.R.","2014","Bronze","Ouro",,"Óbidos","Estação Ecológica do Grão Pará, trilha 4 de 5000 m, entre 2000-3000 m na trilha"
"ESTAÇÃO ECOLÓGICA GRÃO PARÁ","Ferns and Lycophytes","Brachytheciaceae","Zelometeorium","patulum","(Hedw.) Manuel","BRACHYTHECIACEAE Zelometeorium patulum (Hedw.) Manuel","6309","x","HBRA","Souza, M.G.C.","417","Native","2009","Peralta, D.F.","2012","Bronze","Ouro",,,"Estação Ecológica do Grão Pará"
"ESTAÇÃO ECOLÓGICA GRÃO PARÁ","Angiosperms","Calymperaceae","Calymperes","lonchophyllum","Schwägr.","CALYMPERACEAE Calymperes lonchophyllum Schwägr.","6316","x","HBRA","Souza, M.G.C.","395a","Native","2009","Peralta, D.F.","2012","Bronze","Ouro",,,"Estação Ecológica do Grão Pará"
"ESTAÇÃO ECOLÓGICA GRÃO PARÁ","Angiosperms","Calymperaceae","Calymperes","pallidum","Mitt.","CALYMPERACEAE Calymperes pallidum Mitt.","6302","x","HBRA","Souza, M.G.C.","317","Native","2009","Peralta, D.F.","2012","Bronze","Ouro",,,"Estação Ecológica do Grão Pará"
"ESTAÇÃO ECOLÓGICA GRÃO PARÁ","Ferns and Lycophytes","Calymperaceae","Octoblepharum","albidum","Hedw.","CALYMPERACEAE Octoblepharum albidum Hedw.","6314","x","HBRA","Souza, M.G.C.","445","Native","2009","Peralta, D.F.","2012","Bronze","Ouro",,,"Estação Ecológica do Grão Pará"
"ESTAÇÃO ECOLÓGICA GRÃO PARÁ","Ferns and Lycophytes","Lepidoziaceae","Micropterygium","parvistipulum","Spruce","LEPIDOZIACEAE Micropterygium parvistipulum Spruce","7946","x","HBRA","Souza, M.G.C.","314","Native","2009","Peralta, D.F.","2012","Bronze","Ouro",,,"Estação Ecológica do Grão Pará"
"ESTAÇÃO ECOLÓGICA GRÃO PARÁ","Bryophytes","Leucobryaceae","Leucobryum","martianum","(Hornsch.) Hampe ex Müll. Hal.","LEUCOBRYACEAE Leucobryum martianum (Hornsch.) Hampe ex Müll. Hal.","6312","x","HBRA","Souza, M.G.C.","423","Native","2009","Peralta, D.F.","2012","Bronze","Ouro",,,"Estação Ecológica do Grão Pará"
"ESTAÇÃO ECOLÓGICA GRÃO PARÁ","Ferns and Lycophytes","Leucobryaceae","Ochrobryum","subulatum","Hampe","LEUCOBRYACEAE Ochrobryum subulatum Hampe","6303","x","HBRA","Souza, M.G.C.","318","Native","2009","Peralta, D.F.","2012","Bronze","Ouro",,,"Estação Ecológica do Grão Pará"
"ESTAÇÃO ECOLÓGICA GRÃO PARÁ","Ferns and Lycophytes","Plagiochilaceae","Plagiochila","disticha","(Lehm. & Lindenb.) Lindenb.","PLAGIOCHILACEAE Plagiochila disticha (Lehm. & Lindenb.) Lindenb.","6301","x","HBRA","Souza, M.G.C.","316","Native","2009","Peralta, D.F.","2012","Bronze","Ouro",,,"Estação Ecológica do Grão Pará"
"ESTAÇÃO ECOLÓGICA GRÃO PARÁ","Bryophytes","Sematophyllaceae","Microcalpe","subsimplex","(Hedw.) W.R. Buck","SEMATOPHYLLACEAE Microcalpe subsimplex (Hedw.) W.R. Buck","6307","x","HBRA","Souza, M.G.C.","376","Native","2009","Peralta, D.F.","2012","Bronze","Ouro",,,"Estação Ecológica do Grão Pará"
"ESTAÇÃO ECOLÓGICA GRÃO PARÁ","Bryophytes","Frullaniaceae","Frullania","lindenbergii","Lehm.","FRULLANIACEAE Frullania lindenbergii Lehm.","7383","x","HBRA","Souza, M.G.C.","375","Native","2009","Peralta, D.F.","2011","Bronze","Ouro",,,"Estação Ecológica do Grão Pará"
"ESTAÇÃO ECOLÓGICA GRÃO PARÁ","Angiosperms","Lejeuneaceae","Archilejeunea","fuscescens","(Hampe ex Lehm.) Fulford","LEJEUNEACEAE Archilejeunea fuscescens (Hampe ex Lehm.) Fulford","7396","x","HBRA","Souza, M.G.C.","393",,"2009","Peralta, D.F.","2011","Bronze","Ouro",,,"Estação Ecológica do Grão Pará"
"ESTAÇÃO ECOLÓGICA GRÃO PARÁ","Ferns and Lycophytes","Lejeuneaceae","Harpalejeunea","stricta","(Lindenb. & Gottsche) Steph.","LEJEUNEACEAE Harpalejeunea stricta (Lindenb. & Gottsche) Steph.","6305","x","HBRA","Souza, M.G.C.","319","Native","2009","Peralta, D.F.","2011","Bronze","Ouro",,,"Estação Ecológica do Grão Pará"
"ESTAÇÃO ECOLÓGICA GRÃO PARÁ",,"Leucobryaceae","Holomitriopsis","laevifolia","(Broth.) H.Rob.","LEUCOBRYACEAE Holomitriopsis laevifolia (Broth.) H.Rob.","8179","x","HBRA","Souza, M.G.C.","478",,"2009","Peralta, D.F.","2011","Bronze","Ouro",,,"Estação Ecológica do Grão Pará"
"ESTAÇÃO ECOLÓGICA GRÃO PARÁ","Ferns and Lycophytes","Leucobryaceae","Leucobryum","crispum","Müll. Hal.","LEUCOBRYACEAE Leucobryum crispum Müll. Hal.","8178","splink","HBRA","Souza, M.G.C.","426","Native","2009","Peralta, D.F.","2011","Bronze","Ouro",,"Óbidos","Estação Ecológica do Grão Pará"
"ESTAÇÃO ECOLÓGICA GRÃO PARÁ","Bryophytes","Pylaisiadelphaceae","Taxithelium","planum","(Brid.) Mitt.","PYLAISIADELPHACEAE Taxithelium planum (Brid.) Mitt.","8537","x","HBRA","Souza, M.G.C.","425","Native","2009","Peralta, D.F.","2011","Bronze","Ouro",,,"Estação Ecológica do Grão Pará"
"ESTAÇÃO ECOLÓGICA GRÃO PARÁ","Bryophytes","Radulaceae","Radula","mexicana","Lindenb. & Gottsche","RADULACEAE Radula mexicana Lindenb. & Gottsche","8428","x","HBRA","Souza, M.G.C.","406","Native","2009","Peralta, D.F.","2011","Bronze","Ouro",,,"Estação Ecológica do Grão Pará"
"ESTAÇÃO ECOLÓGICA GRÃO PARÁ","Ferns and Lycophytes","Sematophyllaceae","Trichosteleum","subdemissum","(Besch.) A.Jaeger","SEMATOPHYLLACEAE Trichosteleum subdemissum (Besch.) A.Jaeger","8561","x","HBRA","Souza, M.G.C.","377","Native","2009","Peralta, D.F.","2011","Bronze","Ouro",,,"Estação Ecológica do Grão Pará"
"ESTAÇÃO ECOLÓGICA GRÃO PARÁ","Ferns and Lycophytes","Stereophyllaceae","Pilosium","chlorophyllum","(Hornsch.) Müll. Hal.","STEREOPHYLLACEAE Pilosium chlorophyllum (Hornsch.) Müll. Hal.","8587","splink","HBRA","Souza, M.G.C.","390","Native","2009","Peralta, D.F.","2011","Bronze","Ouro",,"Óbidos","Estação Ecológica do Grão Pará"
"ESTAÇÃO ECOLÓGICA GRÃO PARÁ","Ferns and Lycophytes","Lindsaeaceae","Lindsaea","macrophylla","Kaulf.","LINDSAEACEAE Lindsaea macrophylla Kaulf.","12906","splink","HBRA","Teixeira, G.","68","Native","2009","Gos-Neto, L.A.A.","2010","Bronze","Ouro",,"Óbidos","ESEC Grão Pará Centro, Transecto 2 de 5km"
"ESTAÇÃO ECOLÓGICA GRÃO PARÁ",,"Cyperaceae","Mapania","micrococca","(T.Koyama) D.A.Simpson","CYPERACEAE Mapania micrococca (T.Koyama) D.A.Simpson","UB1083062",,"UB","Souza, M.G.C.","463",,"2009","Rocha, A.E.","2009","Bronze","Ouro",,"Óbidos","Estação Ecológica do Grão Pará, trilha 3 de 4400m, entre 2400 e 3400."
"ESTAÇÃO ECOLÓGICA GRÃO PARÁ","Ferns and Lycophytes","Dryopteridaceae","Elaphoglossum","glabellum","J.Sm.","DRYOPTERIDACEAE Elaphoglossum glabellum J.Sm.","12043","splink","HBRA","Souza, M.G.C.","292","Native","2009","Pietrobom, M.R.","2009","Bronze","Ouro",,"Óbidos","Estação Ecológica do Grão Pará, trilha 1 de 5000m, entre 3000 e 4000m na trilha"
"ESTAÇÃO ECOLÓGICA GRÃO PARÁ","Ferns and Lycophytes","Gleicheniaceae","Dicranopteris","flexuosa","(Schrad.) Underw.","GLEICHENIACEAE Dicranopteris flexuosa (Schrad.) Underw.","HBRA0010158","splink","HBRA","Souza, M.G.C.","514","Native","2009","Pietrobom, M.R.","2009","Bronze","Ouro",,"Óbidos","Estação Ecológica de Grão Pará, Trilha 3 de 4400 m, entre 0 a 1000 m"
"ESTAÇÃO ECOLÓGICA GRÃO PARÁ","Bryophytes","Hymenophyllaceae","Trichomanes","hostmannianum","(Klotzsch) Kunze","HYMENOPHYLLACEAE Trichomanes hostmannianum (Klotzsch) Kunze","12589","x","HBRA","Souza, M.G.C.","325","Native","2009","Pietrobom, M.R.","2009","Bronze","Ouro",,,"Estação Ecológica do Grão Pará, trilha 4 de 5000 m, entre 3000 e 4000 m na trilha"
"ESTAÇÃO ECOLÓGICA GRÃO PARÁ","Bryophytes","Hymenophyllaceae","Trichomanes","pinnatum","Hedw.","HYMENOPHYLLACEAE Trichomanes pinnatum Hedw.","12634","splink","HBRA","Souza, M.G.C.","360","Native","2009","Pietrobom, M.R.","2009","Bronze","Ouro",,"Óbidos","Estação Ecológica do Grão Pará, trilha 2 de 5000m, parcela 1"
"ESTAÇÃO ECOLÓGICA GRÃO PARÁ","Ferns and Lycophytes","Lindsaeaceae","Lindsaea","pallida","Klotzsch","LINDSAEACEAE Lindsaea pallida Klotzsch","167889","splink","ICN","Souza, M.G.C.","488","Native","2009","Pietrobom","2009","Bronze","Ouro",,"Óbidos","Esec Grão Pará Centro trilha 4 de 4400m parcela 3 00°38'33 7''N - 55°41'47 5''W"
"ESTAÇÃO ECOLÓGICA GRÃO PARÁ","Ferns and Lycophytes","Polypodiaceae","Microgramma","lycopodioides","(L.) Copel.","POLYPODIACEAE Microgramma lycopodioides (L.) Copel.","13833","x","HBRA","Teixeira, G.","62","Native","2009","Pietrobom, M.R.","2009","Bronze","Ouro",,,"ESEC Grão Pará Centro, Transecto 2 de 5km"
"ESTAÇÃO ECOLÓGICA GRÃO PARÁ","Ferns and Lycophytes","Polypodiaceae","Microgramma","reptans","(Cav.) A.R.Sm.","POLYPODIACEAE Microgramma reptans (Cav.) A.R.Sm.","14526","x","HBRA","Souza, M.G.C.","368","Native","2009","Pietrobom, M.R.","2009","Bronze","Ouro",,,"Estação Ecológica do Grão Pará, trilha 2 de 5000m, parcela 1"
"ESTAÇÃO ECOLÓGICA GRÃO PARÁ","Angiosperms","Pteridaceae","Adiantum","glaucescens","Klotzsch","PTERIDACEAE Adiantum glaucescens Klotzsch","15449","x","HBRA","Souza, M.G.C.","452",,"2009","Pietrobom, M.R.","2009","Bronze","Ouro",,,"Estação Ecológica do Grão Pará, trilha 3 de 4400m, parcela 1"
"ESTAÇÃO ECOLÓGICA GRÃO PARÁ","Angiosperms","Pteridaceae","Adiantum","lucidum","(Cav.) Sw.","PTERIDACEAE Adiantum lucidum (Cav.) Sw.","15545","x","HBRA","Souza, M.G.C.","379",,"2009","Pietrobom, M.R.","2009","Bronze","Ouro",,,"Estação Ecológica do Grão Pará, trilha 2 de 5000m"
"ESTAÇÃO ECOLÓGICA GRÃO PARÁ","Ferns and Lycophytes","Schizaeaceae","Actinostachys","pennula","(Sw.) Hook.","SCHIZAEACEAE Actinostachys pennula (Sw.) Hook.","HBRA0010779","splink","HBRA","Teixeira, G.","87","Native","2009","Pietrobom, M.R.","2009","Bronze","Ouro",,"Óbidos","ESEC Grão Pará Centro, Transecto 3 de 5km"
"ESTAÇÃO ECOLÓGICA GRÃO PARÁ","Ferns and Lycophytes","Schizaeaceae","Schizaea","elegans","(Vahl) Sw.","SCHIZAEACEAE Schizaea elegans (Vahl) Sw.","11667","x","HBRA","Souza, M.G.C.","370","Native","2009","Pietrobom, M.R.","2009","Bronze","Ouro",,,"Estação Ecológica do Grão Pará, trilha 2 de 5000m, parcela 1"
"ESTAÇÃO ECOLÓGICA GRÃO PARÁ","Ferns and Lycophytes","Selaginellaceae","Selaginella","radiata","(Aubl.) Spring","SELAGINELLACEAE Selaginella radiata (Aubl.) Spring","11405","x","HBRA","Souza, M.G.C.","354","Unknown","2009","Pietrobom, M.R.","2009","Bronze","Ouro",,,"Estação Ecológica do Grão Pará, trilha 2 de 5000m, entre 4000 e 5000m na trilha"
"ESTAÇÃO ECOLÓGICA GRÃO PARÁ","Ferns and Lycophytes","Tectariaceae","Triplophyllum","funestum","(Kunze) Holttum","TECTARIACEAE Triplophyllum funestum (Kunze) Holttum","HBRA0010392","splink","HBRA","Teixeira, G.","48","Native","2009","Pietrobom, M.R.","2009","Bronze","Ouro",,"Óbidos","ESEC Grão Pará Centro, Transecto 1 de 5km"
"ESTAÇÃO ECOLÓGICA GRÃO PARÁ","Ferns and Lycophytes","Lejeuneaceae","Ceratolejeunea","coarina","(Gottsche) Schiffn.","LEJEUNEACEAE Ceratolejeunea coarina (Gottsche) Schiffn.","77713","x","UFP","Pietrobom, M.R.","7873","Native","2008","Peralta, D.F.",,"Bronze","Ouro",,,"ESEC do Grão Pará, SErra do Acari"
"ESTAÇÃO ECOLÓGICA GRÃO PARÁ","Bryophytes","Lindsaeaceae","Lindsaea","cultriformis","K.U.Kramer","LINDSAEACEAE Lindsaea cultriformis K.U.Kramer","ALCB060279","x","ALCB","Maciel, S.","929","Native","2008","Goes-Neto, L.A.A.",,"Bronze","Ouro",,,"Estação Ecológica Grão Pará, Trilha T2, entre a parcela 03 e a parcela 04, ca."
"ESTAÇÃO ECOLÓGICA GRÃO PARÁ","Bryophytes","Lindsaeaceae","Lindsaea","lancea","(L.) Bedd.","LINDSAEACEAE Lindsaea lancea var. lancea (L.) Bedd.","167874","x","ICN","Maciel, S.","772","Native","2008","Goes-Neto, L.A.A.",,"Bronze","Ouro",,,"Estação Ecológica Grão Pará Trilha T2 parcela 1 ca. 1°96'32 1'N-58°41'29 2'W"
"ESTAÇÃO ECOLÓGICA GRÃO PARÁ",,"Lindsaeaceae","Lindsaea","lancea","(Hook.) K.U.Kramer","LINDSAEACEAE Lindsaea lancea var. leprieurii (Hook.) K.U.Kramer","ALCB060281","x","ALCB","Pietrobom, M.R.","7955",,"2008","Goes-Neto, L.A.A.",,"Bronze","Ouro",,,"ESEC do Grão Pará, Serra do Acari, Trilha de 4000 m, proximidades da parcela 2, ca."
"ESTAÇÃO ECOLÓGICA GRÃO PARÁ","Ferns and Lycophytes","Lindsaeaceae","Lindsaea","semilunata","(C.Chr.) C.Chr.","LINDSAEACEAE Lindsaea semilunata (C.Chr.) C.Chr.","167880","x","ICN","Maciel, S.","1012","Native","2008","Kieling-Rubio, M.A.",,"Bronze","Ouro",,,"Estação Ecológica Grão Pará Trilha T1 ao longo da trilha 1°16'28 8'N - 58°39'41 9'W"
"ESTAÇÃO ECOLÓGICA GRÃO PARÁ","Ferns and Lycophytes","Lindsaeaceae","Lindsaea","ulei","Hieron.","LINDSAEACEAE Lindsaea ulei Hieron.","167879","x","ICN","Maciel, S.","866","Native","2008","Kieling-Rubio, M.A.",,"Bronze","Ouro",,,"Estação Ecológica Grão Pará Trilha T3 entre parcela 1 e parcela 2 1°15'18 2'N - 58°42'27 7'W e 1°15'37 5'N - 58°42'15 9'W"
"ESTAÇÃO ECOLÓGICA GRÃO PARÁ","Ferns and Lycophytes","Polypodiaceae","Lellingeria","suspensa","(L.) A.R.Sm. & R.C.Moran","POLYPODIACEAE Lellingeria suspensa (L.) A.R.Sm. & R.C.Moran","UPCB0007065","x","UPCB","Maciel, S.","1019","Unknown","2008","Labiak, P.H.",,"Bronze","Ouro",,,"ESEC do Grão Pará, Serra do Acari."
"ESTAÇÃO ECOLÓGICA GRÃO PARÁ","Bryophytes","Violaceae","Rinorea","flavescens","(Aubl.) Kuntze","VIOLACEAE Rinorea flavescens (Aubl.) Kuntze","RB01383508","x","RB","Pietrobom, M.R.","8072","Native","2008","Cordeiro, M.",,"Bronze","Ouro",,,"ESEC do Grão Pará. Serra do Acari, trilha 4 de 3000m e proximidades da parcela 3"
"ESTAÇÃO ECOLÓGICA GRÃO PARÁ","Ferns and Lycophytes","Dryopteridaceae","Elaphoglossum","foldatsii","Vareschi","DRYOPTERIDACEAE Elaphoglossum foldatsii Vareschi","54634","x","HUCS","Pietrobom, M.R.","7846","Native","2008","Pietrobom, M.R.","2022","Bronze","Ouro",,,"ESEC do Grão Pará, Serra do Acari, trilha 2 de 2800 metros"
"ESTAÇÃO ECOLÓGICA GRÃO PARÁ","Ferns and Lycophytes","Nephrolepidaceae","Nephrolepis","rivularis","(Vahl) Mett. ex Krug","NEPHROLEPIDACEAE Nephrolepis rivularis (Vahl) Mett. ex Krug","13427","x","HBRA","Maciel, S.","795","Native","2008","Pietrobom, M.R.","2019","Bronze","Ouro",,,"Estação Ecológica Grão Pará, Trilha T2, entre a parcela 01 e o acampamento"
"ESTAÇÃO ECOLÓGICA GRÃO PARÁ","Ferns and Lycophytes","Cyatheaceae","Cyathea","marginalis","(Klotzsch) Domin","CYATHEACEAE Cyathea marginalis (Klotzsch) Domin","HBRA0009271 HBRA0008202 HBRA0008206","splink","HBRA","Pietrobom, M.R.","7770","Native","2008","Pietrobom, M.R.","2018","Bronze","Ouro",,"Oriximiná","ESEC do Grão Pará, Serra do Acari, trilha 2 de 2800m"
"ESTAÇÃO ECOLÓGICA GRÃO PARÁ","Bryophytes","Lindsaeaceae","Lindsaea","coarctata","K.U.Kramer","LINDSAEACEAE Lindsaea coarctata K.U.Kramer","MG188032","x","MG","Maciel, S.","1035","Native","2008","Goes-Neto, L.A.A.","2017","Bronze","Ouro",,,"Estação Ecológica Grão Pará"
"ESTAÇÃO ECOLÓGICA GRÃO PARÁ","Ferns and Lycophytes","Lindsaeaceae","Lindsaea","falcata","Dryand.","LINDSAEACEAE Lindsaea falcata Dryand.","12844","x","HBRA","Maciel, S.","866","Native","2008","Pietrobom, M.R.","2017","Bronze","Ouro",,,"Estação Ecológica Grão Pará, Trilha T3, entre a parcela 01 e a parcela 02"
"ESTAÇÃO ECOLÓGICA GRÃO PARÁ","Bryophytes","Marattiaceae","Danaea","leprieurii","Kunze","MARATTIACEAE Danaea leprieurii Kunze","13259","x","HBRA","Maciel, S.","980","Native","2008","Pietrobom, M.R.","2017","Bronze","Ouro",,,"Estação Ecológica Grão Pará, Córrego próximo do acampamento"
"ESTAÇÃO ECOLÓGICA GRÃO PARÁ","Angiosperms","Metaxyaceae","Metaxya","scalaris","Tuomisto & G.G. Cárdenas","METAXYACEAE Metaxya scalaris Tuomisto & G.G. Cárdenas","13351","splink","HBRA","Maciel, S.","803","Native","2008","Pietrobom, M.R.","2017","Bronze","Ouro",,"Oriximiná","Estação Ecológica Grão Pará, Trilha T2, entre a parcela 01 e o acampamento"
"ESTAÇÃO ECOLÓGICA GRÃO PARÁ","Angiosperms","Pteridaceae","Adiantum","paraense","Hieron.","PTERIDACEAE Adiantum paraense Hieron.","15596","x","HBRA","Maciel, S.","989",,"2008","Pietrobom, M.R.","2017","Bronze","Ouro",,,"Estação Ecológica Grão Pará, Córrego próximo do acampamento"
"ESTAÇÃO ECOLÓGICA GRÃO PARÁ","Ferns and Lycophytes","Thelypteridaceae","Goniopteris","juruensis","(C.Chr.) Brade","THELYPTERIDACEAE Goniopteris juruensis (C.Chr.) Brade","10974","x","HBRA","Costa, J.M.","684","Native","2008","Pietrobom, M.R.","2017","Bronze","Ouro",,,"Estação Ecológica do Grão Pará, Trilha 3 (T-3)"
"ESTAÇÃO ECOLÓGICA GRÃO PARÁ","Ferns and Lycophytes","Thelypteridaceae","Goniopteris","pennata","(Poir.) Pic.Serm.","THELYPTERIDACEAE Goniopteris pennata (Poir.) Pic.Serm.","10977","x","HBRA","Costa, J.M.","694","Native","2008","Pietrobom, M.R.","2017","Bronze","Ouro",,,"Estação Ecológica do Grão Pará, Trilha 3 (T-3)"
"ESTAÇÃO ECOLÓGICA GRÃO PARÁ","Angiosperms","Thelypteridaceae",,,"Pic.Serm.","THELYPTERIDACEAE Thelypteridaceae Pic.Serm.","18383","x","NX","Pietrobom, M.R.","7862","Native","2008","Pietrobom, M.R.","2017","Bronze","Ouro",,,"ESEC do Grão Pará, Serra do Acari, ca."
"ESTAÇÃO ECOLÓGICA GRÃO PARÁ",,"Dryopteridaceae",,,"Herter","DRYOPTERIDACEAE Dryopteridaceae Herter","18910","x","NX","Maciel, S.","8076",,"2008","Pietrobom, M.R.","2016","Bronze","Ouro",,,"ESEC do Grão Pará, serra do Acarí, ca."
"ESTAÇÃO ECOLÓGICA GRÃO PARÁ","Ferns and Lycophytes","Dryopteridaceae","Elaphoglossum","luridum","(Fée) Christ","DRYOPTERIDACEAE Elaphoglossum luridum (Fée) Christ","12100","x","HBRA","Pietrobom, M.R.","7792","Native","2008","Pietrobom, M.R.","2016","Bronze","Ouro",,,"ESEC do Grão Pará, Serra do Acari, trilha 2 de 2800m"
"ESTAÇÃO ECOLÓGICA GRÃO PARÁ","Bryophytes","Lomariopsidaceae","Dracoglossum","sinuatum","(Fée) Christenh.","LOMARIOPSIDACEAE Dracoglossum sinuatum (Fée) Christenh.","9771","x","HBRA","Maciel, S.","841","Native","2008","Costa, J.M.","2016","Bronze","Ouro",,,"Estação Ecológica de Grão Pará, Trilha T2, entre a parcela 03 e a parcela 04"
"ESTAÇÃO ECOLÓGICA GRÃO PARÁ","Angiosperms","Polypodiaceae","Alansmia","cultrata","(Bory ex Willd.) Moguel & M. Kessler","POLYPODIACEAE Alansmia cultrata (Bory ex Willd.) Moguel & M. Kessler","UPCB0000491","x","UPCB","Pietrobom, M.R.","8033",,"2008","Matos, F.B.","2016","Bronze","Ouro",,,"ESEC do Grão Pará, Serra do Acari, trilha 4 de 3000m, proximidades da parcela 3. Floresta de Terra Firme Sub-Montana Aberta."
"ESTAÇÃO ECOLÓGICA GRÃO PARÁ",,"Thelypteridaceae","Steiropteris","seemannii","(J.Sm.) Salino & T.E.Almeida","THELYPTERIDACEAE Steiropteris seemannii (J.Sm.) Salino & T.E.Almeida","MBM420029","x","MBM","Pietrobom, M.R.","7864",,"2008","Silva, M.R.P.","2016","Bronze","Ouro",,,"Serra do Acari, ESEC do Grão Pará"
"ESTAÇÃO ECOLÓGICA GRÃO PARÁ","Ferns and Lycophytes","Aspleniaceae","Hymenasplenium","delitescens","(Maxon) L. Regalado & Prada","ASPLENIACEAE Hymenasplenium delitescens (Maxon) L. Regalado & Prada","10871","x","HBRA","Costa, J.M.","747a","Native","2008","Pietrobom, M.R.","2015","Bronze","Ouro",,,"Estação Ecológica de Grão Pará, Trilha 2 (T-2)."
"ESTAÇÃO ECOLÓGICA GRÃO PARÁ","Ferns and Lycophytes","Dryopteridaceae","Elaphoglossum","laminarioides","(Fée) T.Moore","DRYOPTERIDACEAE Elaphoglossum laminarioides (Fée) T.Moore","12075","x","HBRA","Pietrobom, M.R.","7872","Native","2008","Pietrobom, M.R.","2015","Bronze","Ouro",,,"ESEC do Grão Pará, Serra do Acari"
"ESTAÇÃO ECOLÓGICA GRÃO PARÁ","Ferns and Lycophytes","Hymenophyllaceae","Trichomanes","arbuscula","Desv.","HYMENOPHYLLACEAE Trichomanes arbuscula Desv.","12569","x","HBRA","Pietrobom, M.R.","7824","Native","2008","Pietrobom, M.R.","2015","Bronze","Ouro",,,"ESEC do Grão Pará, Serra do Acari, trilha 2 de 2800m"
"ESTAÇÃO ECOLÓGICA GRÃO PARÁ","Bryophytes","Cyatheaceae","Cyathea","surinamensis","(Miq.) Domin","CYATHEACEAE Cyathea surinamensis (Miq.) Domin","11844","x","HBRA","Maciel, S.","972","Native","2008","Pietrobom, M.R.","2013","Bronze","Ouro",,,"Estação Ecológica Grão Pará, Córego próximo do acampamento"
"ESTAÇÃO ECOLÓGICA GRÃO PARÁ","Angiosperms","Dryopteridaceae","Mickelia","guianensis","(Aubl.) R.C.Moran, Labiak & Sundue","DRYOPTERIDACEAE Mickelia guianensis (Aubl.) R.C.Moran, Labiak & Sundue","HBRA0008502","splink","HBRA","Maciel, S.","872","Native","2008","Pietrobom, M.R.","2013","Bronze","Ouro",,"Oriximiná","Estação Ecológica Grão Pará, Trilha T3, parcela 01"
"ESTAÇÃO ECOLÓGICA GRÃO PARÁ","Bryophytes","Hymenophyllaceae","Didymoglossum","angustifrons","Fée","HYMENOPHYLLACEAE Didymoglossum angustifrons Fée","HBRA0008557","splink","HBRA","Maciel, S.","987","Native","2008","Pietrobom, M.R.","2013","Bronze","Ouro",,"Oriximiná","Estação Ecológica Grão Pará, Córrego próximo do acampamento"
"ESTAÇÃO ECOLÓGICA GRÃO PARÁ","Ferns and Lycophytes","Hymenophyllaceae","Didymoglossum","pinnatinervium","(Jenman) Pic.Serm.","HYMENOPHYLLACEAE Didymoglossum pinnatinervium (Jenman) Pic.Serm.","HBRA0009474","splink","HBRA","Maciel, S.","1088","Native","2008","Pietrobom, M.R.","2013","Bronze","Ouro",,"Oriximiná","Estação Ecológica Grão Pará, Trilha T4, grota entre a parcela 1 e a parcela 2"
"ESTAÇÃO ECOLÓGICA GRÃO PARÁ","Bryophytes","Hymenophyllaceae","Trichomanes","pedicellatum","Desv.","HYMENOPHYLLACEAE Trichomanes pedicellatum Desv.","12609","splink","HBRA","Maciel, S.","786","Native","2008","Pietrobom, M.R.","2013","Bronze","Ouro",,"Oriximiná","Estação Ecológica Grão Pará, Trilha T2, entre a parcela 01 e o acampamento"
"ESTAÇÃO ECOLÓGICA GRÃO PARÁ","Ferns and Lycophytes","Hymenophyllaceae","Trichomanes","tuerckheimii","Christ","HYMENOPHYLLACEAE Trichomanes tuerckheimii Christ","12737","splink","HBRA","Pietrobom, M.R.","8099","Native","2008","Pietrobom, M.R.","2013","Bronze","Ouro",,"Oriximiná","ESEC do Grão Pará, Serra do Acari, proximidades do acampamento"
"ESTAÇÃO ECOLÓGICA GRÃO PARÁ","Ferns and Lycophytes","Polypodiaceae","Moranopteris","nana","(Fée) R.Y. Hirai & J. Prado","POLYPODIACEAE Moranopteris nana (Fée) R.Y. Hirai & J. Prado","14624","x","HBRA","Pietrobom, M.R.","7857","Native","2008","Pietrobom, M.R.","2013","Bronze","Ouro",,,"ESEC do Grão Pará, Serra do Acari"
"ESTAÇÃO ECOLÓGICA GRÃO PARÁ","Angiosperms","Pteridaceae","Adiantum","leprieurii","Hook.","PTERIDACEAE Adiantum leprieurii Hook.","15500","x","HBRA","Maciel, S.","1007",,"2008","Pietrobom, M.R.","2013","Bronze","Ouro",,,"Estação Ecológica Grão Pará, Trilha T1, ao longo da trilha e topo da serra"
"ESTAÇÃO ECOLÓGICA GRÃO PARÁ","Angiosperms","Pteridaceae","Adiantum","terminatum","Kunze ex Miq.","PTERIDACEAE Adiantum terminatum Kunze ex Miq.","15789","x","HBRA","Pietrobom, M.R.","7748",,"2008","Pietrobom, M.R.","2013","Bronze","Ouro",,,"ESEC do Grão Pará, Serra do Acari, trilha 2 de 2800m"
"ESTAÇÃO ECOLÓGICA GRÃO PARÁ","Ferns and Lycophytes","Saccolomataceae","Saccoloma","inaequale","(Kunze) Mett.","SACCOLOMATACEAE Saccoloma inaequale (Kunze) Mett.","11701","x","HBRA","Pietrobom, M.R.","7861","Native","2008","Pietrobom, M.R.","2013","Bronze","Ouro",,,"ESEC do Grão Pará, Serra do Acari"
"ESTAÇÃO ECOLÓGICA GRÃO PARÁ","Bryophytes","Selaginellaceae","Selaginella","sandwithii","Alston","SELAGINELLACEAE Selaginella sandwithii Alston","11419","x","HBRA","Pietrobom, M.R.","8081","Native","2008","Pietrobom, M.R.","2013","Bronze","Ouro",,,"ESEC do Grão Pará, Serra do Acari, trilha 1 de 4350m"
"ESTAÇÃO ECOLÓGICA GRÃO PARÁ","Ferns and Lycophytes","Tectariaceae","Triplophyllum","dicksonioides","(Fée) Holttum","TECTARIACEAE Triplophyllum dicksonioides (Fée) Holttum","11147","x","HBRA","Maciel, S.","775","Native","2008","Pietrobom, M.R.","2013","Bronze","Ouro",,,"Estação Ecológica Grão Pará, Trilha T2, parcela 01"
"ESTAÇÃO ECOLÓGICA GRÃO PARÁ","Bryophytes","Bryaceae","Rhodobryum","beyrichianum","(Hornsch.) Müll. Hal.","BRYACEAE Rhodobryum beyrichianum (Hornsch.) Müll. Hal.","6250","x","HBRA","Pietrobom, M.R.","8071","Native","2008","Peralta, D.F.","2012","Bronze","Ouro",,,"Serra do Acari, ESEC do Grão Pará, Serra do Acari, trilha 4 de 3000m"
"ESTAÇÃO ECOLÓGICA GRÃO PARÁ","Ferns and Lycophytes","Lejeuneaceae","Ceratolejeunea","cornuta","(Lindenb.) Schiffn.","LEJEUNEACEAE Ceratolejeunea cornuta (Lindenb.) Schiffn.","6265","x","HBRA","Pietrobom, M.R.","8075a","Native","2008","Peralta, D.F.","2012","Bronze","Ouro",,,"ESEC do Grão Pará, Serra do Acari, trilha 1 de 4350m"
"ESTAÇÃO ECOLÓGICA GRÃO PARÁ","Bryophytes","Lejeuneaceae","Cyclolejeunea","convexistipa","(Lehm. & Lindenb.) A.Evans","LEJEUNEACEAE Cyclolejeunea convexistipa (Lehm. & Lindenb.) A.Evans","6205","x","HBRA","Pietrobom, M.R.","7832","Native","2008","Peralta, D.F.","2012","Bronze","Ouro",,,"ESEC do Grão Pará, Serra do Acari, trilha 2 de 2800m"
"ESTAÇÃO ECOLÓGICA GRÃO PARÁ","Bryophytes","Lejeuneaceae","Diplasiolejeunea","brunnea","Steph.","LEJEUNEACEAE Diplasiolejeunea brunnea Steph.","7715","x","HBRA","Pietrobom, M.R.","8009","Native","2008","Peralta, D.F.","2012","Bronze","Ouro",,,"ESEC do Grão Pará, Serra do Acari, trilha 1 de 4350m"
"ESTAÇÃO ECOLÓGICA GRÃO PARÁ","Ferns and Lycophytes","Lejeuneaceae","Drepanolejeunea","crucianella","(Taylor) A.Evans","LEJEUNEACEAE Drepanolejeunea crucianella (Taylor) A.Evans","7717","x","HBRA","Pietrobom, M.R.","8064","Native","2008","Peralta, D.F.","2012","Bronze","Ouro",,,"ESEC do Grão Pará, Serra do Acari"
"ESTAÇÃO ECOLÓGICA GRÃO PARÁ","Ferns and Lycophytes","Lejeuneaceae","Lejeunea","cerina","(Lehm. & Lindenb.) Gottsche","LEJEUNEACEAE Lejeunea cerina (Lehm. & Lindenb.) Gottsche","6251","x","HBRA","Pietrobom, M.R.","8086","Native","2008","Peralta, D.F.","2012","Bronze","Ouro",,,"ESEC do Grão Pará, Serra do Acari, trilha 1 de 4350m"
"ESTAÇÃO ECOLÓGICA GRÃO PARÁ","Ferns and Lycophytes","Lejeuneaceae","Xylolejeunea","crenata","(Nees & Mont.) X.-L. He & Grolle","LEJEUNEACEAE Xylolejeunea crenata (Nees & Mont.) X.-L. He & Grolle","7822","x","HBRA","Pietrobom, M.R.","8012","Native","2008","Peralta, D.F.","2012","Bronze","Ouro",,,"ESEC do Grão Pará, Serra do Acari, trilha 1 de 4350m"
"ESTAÇÃO ECOLÓGICA GRÃO PARÁ","Ferns and Lycophytes","Lepidoziaceae","Micropterygium","trachyphyllum","Reimers","LEPIDOZIACEAE Micropterygium trachyphyllum Reimers","6247","x","HBRA","Pietrobom, M.R.","7967","Native","2008","Peralta, D.F.","2012","Bronze","Ouro",,,"ESEC do Grão Pará, Serra do Acari"
"ESTAÇÃO ECOLÓGICA GRÃO PARÁ",,"Pilotrichaceae",,,"Kindb.","PILOTRICHACEAE Pilotrichaceae Kindb.","6248","x","HBRA","Pietrobom, M.R.","8032",,"2008","Peralta, D.F.","2012","Bronze","Ouro",,,"ESEC do Grão Pará, Serra do Acari, trilha 4 de 3000m"
"ESTAÇÃO ECOLÓGICA GRÃO PARÁ","Ferns and Lycophytes","Pilotrichaceae","Thamniopsis","incurva","(Hornsch.) W.R. Buck","PILOTRICHACEAE Thamniopsis incurva (Hornsch.) W.R. Buck","8372","x","HBRA","Pietrobom, M.R.","8036a","Native","2008","Peralta, D.F.","2012","Bronze","Ouro",,,"ESEC do Grão Pará, Serra do Acari, trilha 4 de 3000m"
"ESTAÇÃO ECOLÓGICA GRÃO PARÁ","Ferns and Lycophytes","Plagiochilaceae","Plagiochila","rutilans","Lindenb.","PLAGIOCHILACEAE Plagiochila rutilans Lindenb.","8408","x","HBRA","Pietrobom, M.R.","7812","Native","2008","Peralta, D.F.","2012","Bronze","Ouro",,,"Serra do Acari, ESEC do Grão Pará, Serra do Acari, trilha 2 de 2800m"
"ESTAÇÃO ECOLÓGICA GRÃO PARÁ","Angiosperms","Acrobolbaceae","Marsupidium","gradsteinii","Grolle","ACROBOLBACEAE Marsupidium gradsteinii Grolle","7100","x","HBRA","Pietrobom, M.R.","7907","Native","2008","Peralta, D.F.","2011","Bronze","Ouro",,,"Serra do Acari, ESEC do Grão Pará, Serra do Acari"
"ESTAÇÃO ECOLÓGICA GRÃO PARÁ","Angiosperms","Anemiaceae","Anemia","mandioccana","Raddi","ANEMIACEAE Anemia mandioccana Raddi","10756","x","HBRA","Maciel, S.","1117",,"2008","Gos-Neto, L.A.A.","2011","Bronze","Ouro",,,"Estação Ecológica Grão Pará, Trilha T1, igarapé"
"ESTAÇÃO ECOLÓGICA GRÃO PARÁ","Angiosperms","Aneuraceae","Aneura","pinguis","(L.) Dumort.","ANEURACEAE Aneura pinguis (L.) Dumort.","7105","x","HBRA","Pietrobom, M.R.","7825",,"2008","Peralta, D.F.","2011","Bronze","Ouro",,,"Serra do Acari, ESEC do Grão Pará, Serra do Acari, trilha 2 de 2800m"
"ESTAÇÃO ECOLÓGICA GRÃO PARÁ","Angiosperms","Calymperaceae","Calymperes","mitrafugax","Florsch.","CALYMPERACEAE Calymperes mitrafugax Florsch.","7235","x","HBRA","Pietrobom, M.R.","7822","Native","2008","Peralta, D.F.","2011","Bronze","Ouro",,,"ESEC do Grão Pará, Serra do Acari, trilha 2 de 2800m"
"ESTAÇÃO ECOLÓGICA GRÃO PARÁ","Ferns and Lycophytes","Calymperaceae","Octoblepharum","cylindricum","Mont.","CALYMPERACEAE Octoblepharum cylindricum Mont.","7290","x","HBRA","Pietrobom, M.R.","8018","Native","2008","Peralta, D.F.","2011","Bronze","Ouro",,,"ESEC do Grão Pará, Serra do Acari, trilha 1 de 4350m"
"ESTAÇÃO ECOLÓGICA GRÃO PARÁ","Angiosperms","Calypogeiaceae","Calypogeia","laxa","Gottsche & Lindenb.","CALYPOGEIACEAE Calypogeia laxa Gottsche & Lindenb.","7341","x","HBRA","Pietrobom, M.R.","7829","Native","2008","Peralta, D.F.","2011","Bronze","Ouro",,,"ESEC do Grão Pará, Serra do Acari, trilha 2 de 2800m"
"ESTAÇÃO ECOLÓGICA GRÃO PARÁ","Bryophytes","Dicranaceae","Leucoloma","serrulatum","Brid.","DICRANACEAE Leucoloma serrulatum Brid.","7350","x","HBRA","Pietrobom, M.R.","8016","Native","2008","Peralta, D.F.","2011","Bronze","Ouro",,,"ESEC do Grão Pará, Serra do Acari, trilha 1 de 4350m"
"ESTAÇÃO ECOLÓGICA GRÃO PARÁ","Bryophytes","Fissidentaceae","Fissidens","prionodes","Mont.","FISSIDENTACEAE Fissidens prionodes Mont.","7361","x","HBRA","Pietrobom, M.R.","8022","Native","2008","Peralta, D.F.","2011","Bronze","Ouro",,,"ESEC do Grão Pará, Serra do Acari, trilha 1 de 4350m"
"ESTAÇÃO ECOLÓGICA GRÃO PARÁ","Ferns and Lycophytes","Geocalycaceae","Leptoscyphus","porphyrius","(Nees) Grolle","GEOCALYCACEAE Leptoscyphus porphyrius (Nees) Grolle","8199","x","HBRA","Pietrobom, M.R.","8097","Native","2008","Peralta, D.F.","2011","Bronze","Ouro",,,"ESEC do Grão Pará, Serra do Acari"
"ESTAÇÃO ECOLÓGICA GRÃO PARÁ","Bryophytes","Hypnaceae","Rhacopilopsis","trinitensis","(Müll.Hal.) E.Britton & Dixon","HYPNACEAE Rhacopilopsis trinitensis (Müll.Hal.) E.Britton & Dixon","8443","x","HBRA","Pietrobom, M.R.","7966","Native","2008","Peralta, D.F.","2011","Bronze","Ouro",,,"ESEC do Grão Pará, Serra do Acari"
"ESTAÇÃO ECOLÓGICA GRÃO PARÁ","Ferns and Lycophytes","Lejeuneaceae","Ceratolejeunea","guianensis","(Nees Mont.) Steph.","LEJEUNEACEAE Ceratolejeunea guianensis (Nees Mont.) Steph.","7448","x","HBRA","Pietrobom, M.R.","8021","Native","2008","Peralta, D.F.","2011","Bronze","Ouro",,,"ESEC do Grão Pará, Serra do Acari, trilha 1 de 4350m"
"ESTAÇÃO ECOLÓGICA GRÃO PARÁ","Ferns and Lycophytes","Lejeuneaceae","Cheilolejeunea","rigidula","(Nees ex Mont.) R.M. Schust.","LEJEUNEACEAE Cheilolejeunea rigidula (Nees ex Mont.) R.M. Schust.","7559","x","HBRA","Pietrobom, M.R.","7819","Native","2008","Peralta, D.F.","2011","Bronze","Ouro",,,"ESEC do Grão Pará, Serra do Acari, trilha 2 de 2800m"
"ESTAÇÃO ECOLÓGICA GRÃO PARÁ","Ferns and Lycophytes","Lejeuneaceae","Cololejeunea","cardiocarpa","(Mont.) A.Evans","LEJEUNEACEAE Cololejeunea cardiocarpa (Mont.) A.Evans","7675","x","HBRA","Pietrobom, M.R.","7983","Native","2008","Peralta, D.F.","2011","Bronze","Ouro",,,"ESEC do Grão Pará, Serra do Acari, trilha 3 de 4000m"
"ESTAÇÃO ECOLÓGICA GRÃO PARÁ","Ferns and Lycophytes","Lejeuneaceae","Cololejeunea","diaphana","A. Evans","LEJEUNEACEAE Cololejeunea diaphana A. Evans","7419","x","HBRA","Pietrobom, M.R.","7876","Native","2008","Peralta, D.F.","2011","Bronze","Ouro",,,"ESEC do Grão Pará, Serra do Acari"
"ESTAÇÃO ECOLÓGICA GRÃO PARÁ",,"Lejeuneaceae","Cololejeunea","minuscula","Pócs","LEJEUNEACEAE Cololejeunea minuscula Pócs","7418","x","HBRA","Pietrobom, M.R.","7834",,"2008","Peralta, D.F.","2011","Bronze","Ouro",,,"ESEC do Grão Pará, Serra do Acari, trilha 2 de 2800m"
"ESTAÇÃO ECOLÓGICA GRÃO PARÁ","Ferns and Lycophytes","Lejeuneaceae","Cololejeunea","obliqua","(Nees & Mont.) Schiffn.","LEJEUNEACEAE Cololejeunea obliqua (Nees & Mont.) Schiffn.","7676","x","HBRA","Pietrobom, M.R.","7984","Native","2008","Peralta, D.F.","2011","Bronze","Ouro",,,"ESEC do Grão Pará, Serra do Acari, trilha 3 de 4000m"
"ESTAÇÃO ECOLÓGICA GRÃO PARÁ","Ferns and Lycophytes","Lejeuneaceae","Cololejeunea","surinamensis","Tixier","LEJEUNEACEAE Cololejeunea surinamensis Tixier","7677","x","HBRA","Pietrobom, M.R.","8027","Native","2008","Peralta, D.F.","2011","Bronze","Ouro",,,"ESEC do Grão Pará, Serra do Acari, trilha 1 de 4350m"
"ESTAÇÃO ECOLÓGICA GRÃO PARÁ","Ferns and Lycophytes","Lejeuneaceae","Cololejeunea","winkleri","(Morales & Bernecker) Bernecker & Pócs","LEJEUNEACEAE Cololejeunea winkleri (Morales & Bernecker) Bernecker & Pócs","7421","x","HBRA","Pietrobom, M.R.","8031","Native","2008","Peralta, D.F.","2011","Bronze","Ouro",,,"ESEC do Grão Pará, Serra do Acari, trilha 4 de 3000m"
"ESTAÇÃO ECOLÓGICA GRÃO PARÁ","Bryophytes","Lejeuneaceae","Cyclolejeunea","peruviana","(Lehm. & Lindenb.) A.Evans","LEJEUNEACEAE Cyclolejeunea peruviana (Lehm. & Lindenb.) A.Evans","7706","x","HBRA","Pietrobom, M.R.","7915","Native","2008","Peralta, D.F.","2011","Bronze","Ouro",,,"ESEC do Grão Pará, Serra do Acari"
"ESTAÇÃO ECOLÓGICA GRÃO PARÁ","Ferns and Lycophytes","Lejeuneaceae","Drepanolejeunea","fragilis","Bischl.","LEJEUNEACEAE Drepanolejeunea fragilis Bischl.","7728","x","HBRA","Pietrobom, M.R.","7908","Native","2008","Peralta, D.F.","2011","Bronze","Ouro",,,"ESEC do Grão Pará, Serra do Acari"
"ESTAÇÃO ECOLÓGICA GRÃO PARÁ","Ferns and Lycophytes","Lejeuneaceae","Drepanolejeunea","inchoata","(Meisn.) Schiffn.","LEJEUNEACEAE Drepanolejeunea inchoata (Meisn.) Schiffn.","7733","x","HBRA","Pietrobom, M.R.","8058","Native","2008","Peralta, D.F.","2011","Bronze","Ouro",,,"ESEC do Grão Pará, Serra do Acari, trilha 4 de 3000m"
"ESTAÇÃO ECOLÓGICA GRÃO PARÁ","Ferns and Lycophytes","Lejeuneaceae","Harpalejeunea","oxyphylla","(Nees & Mont.) Steph.","LEJEUNEACEAE Harpalejeunea oxyphylla (Nees & Mont.) Steph.","7743","x","HBRA","Pietrobom, M.R.","7823","Native","2008","Peralta, D.F.","2011","Bronze","Ouro",,,"ESEC do Grão Pará, Serra do Acari, trilha 2 de 2800m"
"ESTAÇÃO ECOLÓGICA GRÃO PARÁ","Ferns and Lycophytes","Lejeuneaceae","Lejeunea","boryana","Mont.","LEJEUNEACEAE Lejeunea boryana Mont.","7686","x","HBRA","Pietrobom, M.R.","8020","Native","2008","Peralta, D.F.","2011","Bronze","Ouro",,,"ESEC do Grão Pará, Serra do Acari, trilha 1 de 4350m"
"ESTAÇÃO ECOLÓGICA GRÃO PARÁ","Ferns and Lycophytes","Lejeuneaceae","Lejeunea","controversa","Gottsche","LEJEUNEACEAE Lejeunea controversa Gottsche","7752","x","HBRA","Pietrobom, M.R.","7884","Native","2008","Peralta, D.F.","2011","Bronze","Ouro",,,"ESEC do Grão Pará, Serra do Acari"
"ESTAÇÃO ECOLÓGICA GRÃO PARÁ","Ferns and Lycophytes","Lejeuneaceae","Lepidolejeunea","involuta","(Gottsche) Grolle","LEJEUNEACEAE Lepidolejeunea involuta (Gottsche) Grolle","7771","x","HBRA","Pietrobom, M.R.","8015","Native","2008","Peralta, D.F.","2011","Bronze","Ouro",,,"ESEC do Grão Pará, Serra do Acari, trilha 1 de 4350m"
"ESTAÇÃO ECOLÓGICA GRÃO PARÁ","Ferns and Lycophytes","Lejeuneaceae","Odontolejeunea","decemdentata","(Spruce) Steph.","LEJEUNEACEAE Odontolejeunea decemdentata (Spruce) Steph.","7784","x","HBRA","Pietrobom, M.R.","7877","Native","2008","Peralta, D.F.","2011","Bronze","Ouro",,,"ESEC do Grão Pará, Serra do Acari"
"ESTAÇÃO ECOLÓGICA GRÃO PARÁ","Bryophytes","Lejeuneaceae","Odontolejeunea","lunulata","(Weber) Schiffn.","LEJEUNEACEAE Odontolejeunea lunulata (Weber) Schiffn.","7799","x","HBRA","Pietrobom, M.R.","7843","Native","2008","Peralta, D.F.","2011","Bronze","Ouro",,,"ESEC do Grão Pará, Serra do Acari, trilha 2 de 2800m"
"ESTAÇÃO ECOLÓGICA GRÃO PARÁ","Bryophytes","Lejeuneaceae","Odontolejeunea","rhomalea","(Spruce) Steph.","LEJEUNEACEAE Odontolejeunea rhomalea (Spruce) Steph.","7801","x","HBRA","Pietrobom, M.R.","7806","Native","2008","Peralta, D.F.","2011","Bronze","Ouro",,,"ESEC do Grão Pará, Serra do Acari, trilha 2 de 2800m"
"ESTAÇÃO ECOLÓGICA GRÃO PARÁ","Ferns and Lycophytes","Lejeuneaceae","Prionolejeunea","aemula","(Gottsche) A.Evans","LEJEUNEACEAE Prionolejeunea aemula (Gottsche) A.Evans","7805","x","HBRA","Pietrobom, M.R.","7919","Native","2008","Peralta, D.F.","2011","Bronze","Ouro",,,"ESEC do Grão Pará, Serra do Acari"
"ESTAÇÃO ECOLÓGICA GRÃO PARÁ",,"Lejeuneaceae","Prionolejeunea","denticulata","(F.Weber) Schiffn.","LEJEUNEACEAE Prionolejeunea denticulata (F.Weber) Schiffn.","7807","x","HBRA","Pietrobom, M.R.","7918",,"2008","Peralta, D.F.","2011","Bronze","Ouro",,,"ESEC do Grão Pará, Serra do Acari"
"ESTAÇÃO ECOLÓGICA GRÃO PARÁ","Bryophytes","Lejeuneaceae","Pycnolejeunea","contigua","(Nees) Grolle","LEJEUNEACEAE Pycnolejeunea contigua (Nees) Grolle","7808","x","HBRA","Pietrobom, M.R.","7816","Native","2008","Peralta, D.F.","2011","Bronze","Ouro",,,"ESEC do Grão Pará, Serra do Acari, trilha 2 de 2800m"
"ESTAÇÃO ECOLÓGICA GRÃO PARÁ","Bryophytes","Lejeuneaceae","Symbiezidium","transversale","(Sw.) Trevis.","LEJEUNEACEAE Symbiezidium transversale (Sw.) Trevis.","7818","x","HBRA","Pietrobom, M.R.","8006","Native","2008","Peralta, D.F.","2011","Bronze","Ouro",,,"ESEC do Grão Pará, Serra do Acari, trilha 1 de 4350m"
"ESTAÇÃO ECOLÓGICA GRÃO PARÁ","Angiosperms","Lepidoziaceae","Bazzania","aurescens","Spruce","LEPIDOZIACEAE Bazzania aurescens Spruce","7940","x","HBRA","Pietrobom, M.R.","7817",,"2008","Peralta, D.F.","2011","Bronze","Ouro",,,"ESEC do Grão Pará, Serra do Acari, trilha 2 de 2800m"
"ESTAÇÃO ECOLÓGICA GRÃO PARÁ","Angiosperms","Lepidoziaceae","Bazzania","hookeri","(Lindenb.) Trevis.","LEPIDOZIACEAE Bazzania hookeri (Lindenb.) Trevis.","6204","x","HBRA","Pietrobom, M.R.","7804",,"2008","Peralta, D.F.","2011","Bronze","Ouro",,,"ESEC do Grão Pará, Serra do Acari, trilha 2 de 2800m"
"ESTAÇÃO ECOLÓGICA GRÃO PARÁ",,"Lophocoleaceae","Cryptolophocolea","martiana","(Spruce) Gradst.","LOPHOCOLEACEAE Cryptolophocolea martiana var. perissodonta (Spruce) Gradst.","8195","splink","HBRA","Pietrobom, M.R.","8061",,"2008","Peralta, D.F.","2011","Bronze","Ouro",,"Oriximiná","ESEC do Grão Pará, Serra do Acari, trilha 4 de 3000m"
"ESTAÇÃO ECOLÓGICA GRÃO PARÁ","Ferns and Lycophytes","Orthotrichaceae","Schlotheimia","jamesonii","(Arn.) Brid.","ORTHOTRICHACEAE Schlotheimia jamesonii (Arn.) Brid.","8224","splink","HBRA","Pietrobom, M.R.","8098","Native","2008","Peralta, D.F.","2011","Bronze","Ouro",,"Oriximiná","ESEC do Grão Pará, Serra do Acari"
"ESTAÇÃO ECOLÓGICA GRÃO PARÁ","Ferns and Lycophytes","Pallaviciniaceae","Pallavicinia","lyellii","(Hook.) S.F. Gray","PALLAVICINIACEAE Pallavicinia lyellii (Hook.) S.F. Gray","8228","splink","HBRA","Pietrobom, M.R.","7988","Native","2008","Peralta, D.F.","2011","Bronze","Ouro",,"Oriximiná","ESEC do Grão Pará, Serra do Acari, trilha 3 de 4000m"
"ESTAÇÃO ECOLÓGICA GRÃO PARÁ","Bryophytes","Pallaviciniaceae","Symphyogyna","aspera","Steph.","PALLAVICINIACEAE Symphyogyna aspera Steph.","8225","splink","HBRA","Pietrobom, M.R.","7928","Native","2008","Peralta, D.F.","2011","Bronze","Ouro",,"Oriximiná","ESEC do Grão Pará, Serra do Acari"
"ESTAÇÃO ECOLÓGICA GRÃO PARÁ","Bryophytes","Pilotrichaceae","Brymela","parkeriana","(Hook. & Grev.) W.R.Buck","PILOTRICHACEAE Brymela parkeriana (Hook. & Grev.) W.R.Buck","8230","splink","HBRA","Pietrobom, M.R.","8066","Native","2008","Peralta, D.F.","2011","Bronze","Ouro",,"Oriximiná","ESEC do Grão Pará, Serra do Acari, trilha 4 de 3000m"
"ESTAÇÃO ECOLÓGICA GRÃO PARÁ","Ferns and Lycophytes","Pilotrichaceae","Crossomitrium","patrisiae","(Brid.) Müll. Hal.","PILOTRICHACEAE Crossomitrium patrisiae (Brid.) Müll. Hal.","8359","x","HBRA","Pietrobom, M.R.","7803","Native","2008","Peralta, D.F.","2011","Bronze","Ouro",,,"ESEC do Grão Pará, Serra do Acari, trilha 2 de 2800m"
"ESTAÇÃO ECOLÓGICA GRÃO PARÁ","Ferns and Lycophytes","Pilotrichaceae","Pilotrichum","bipinnatum","(Schwägr.) Brid.","PILOTRICHACEAE Pilotrichum bipinnatum (Schwägr.) Brid.","8364","splink","HBRA","Pietrobom, M.R.","7830","Native","2008","Peralta, D.F.","2011","Bronze","Ouro",,"Oriximiná","ESEC do Grão Pará, Serra do Acari, trilha 2 de 2800m"
"ESTAÇÃO ECOLÓGICA GRÃO PARÁ","Ferns and Lycophytes","Plagiochilaceae","Plagiochila","macrostachya","Lindenb.","PLAGIOCHILACEAE Plagiochila macrostachya Lindenb.","8379","x","HBRA","Pietrobom, M.R.","7977","Native","2008","Peralta, D.F.","2011","Bronze","Ouro",,,"ESEC do Grão Pará, Serra do Acari"
"ESTAÇÃO ECOLÓGICA GRÃO PARÁ","Bryophytes","Pterobryaceae","Orthostichopsis","praetermissa","W.R.Buck","PTEROBRYACEAE Orthostichopsis praetermissa W.R.Buck","8416","x","HBRA","Pietrobom, M.R.","7976","Native","2008","Peralta, D.F.","2011","Bronze","Ouro",,,"ESEC do Grão Pará, Serra do Acari"
"ESTAÇÃO ECOLÓGICA GRÃO PARÁ","Bryophytes","Radulaceae","Radula","stenocalyx","Mont.","RADULACEAE Radula stenocalyx Mont.","8438","splink","HBRA","Pietrobom, M.R.","8062","Native","2008","Peralta, D.F.","2011","Bronze","Ouro",,"Oriximiná","ESEC do Grão Pará, Serra do Acari, trilha 4 de 3000m"
"ESTAÇÃO ECOLÓGICA GRÃO PARÁ","Bryophytes","Radulaceae","Radula","yanoella","R.M.Schust.","RADULACEAE Radula yanoella R.M.Schust.","8439","x","HBRA","Pietrobom, M.R.","7838","Native","2008","Peralta, D.F.","2011","Bronze","Ouro",,,"ESEC do Grão Pará, Serra do Acari, trilha 2 de 2800m"
"ESTAÇÃO ECOLÓGICA GRÃO PARÁ","Ferns and Lycophytes","Selaginellaceae","Selaginella","fragilis","A.Braun","SELAGINELLACEAE Selaginella fragilis A.Braun","11641","x","HBRA","Maciel, S.","926","Native","2008","Valdespino, I.","2011","Bronze","Ouro",,,"Estação Ecológica Grão Pará, Trilha T2, entre a parcela 03 e a parcela 04"
"ESTAÇÃO ECOLÓGICA GRÃO PARÁ","Ferns and Lycophytes","Selaginellaceae","Selaginella","gynostachya","Valdespino","SELAGINELLACEAE Selaginella gynostachya Valdespino","HBRA0010385","splink","HBRA","Maciel, S.","1032","Native","2008","Valdespino, I.","2011","Bronze","Ouro",,"Oriximiná","Estação Ecológica Grão Pará, trilha T1, entre a parcela 1 e a parcela 2"
"ESTAÇÃO ECOLÓGICA GRÃO PARÁ","Bryophytes","Selaginellaceae","Selaginella","sulcata","(Desv. ex Poir.) Spring","SELAGINELLACEAE Selaginella sulcata (Desv. ex Poir.) Spring","11467","x","HBRA","Maciel, S.","1094","Native","2008","Valdespino, I.","2011","Bronze","Ouro",,,"Estação Ecológica Grão Pará, Trilha T4, ao longo da trilha"
"ESTAÇÃO ECOLÓGICA GRÃO PARÁ","Ferns and Lycophytes","Sematophyllaceae","Acroporium","longirostre","(Brid.) W.R.Buck","SEMATOPHYLLACEAE Acroporium longirostre (Brid.) W.R.Buck","8442","x","HBRA","Pietrobom, M.R.","8095","Native","2008","Peralta, D.F.","2011","Bronze","Ouro",,,"ESEC do Grão Pará, Serra do Acari, trilha 1 de 4350m"
"ESTAÇÃO ECOLÓGICA GRÃO PARÁ","Angiosperms","Sematophyllaceae","Aptychopsis","estrellae","(Hornsch.) Ångström","SEMATOPHYLLACEAE Aptychopsis estrellae (Hornsch.) Ångström","8440","x","HBRA","Pietrobom, M.R.","7807",,"2008","Peralta, D.F.","2011","Bronze","Ouro",,,"ESEC do Grão Pará, Serra do Acari, trilha 2 de 2800m"
"ESTAÇÃO ECOLÓGICA GRÃO PARÁ","Ferns and Lycophytes","Sematophyllaceae","Trichosteleum","sentosum","(Sull.) A.Jaeger","SEMATOPHYLLACEAE Trichosteleum sentosum (Sull.) A.Jaeger","8555","x","HBRA","Pietrobom, M.R.","7985","Native","2008","Peralta, D.F.","2011","Bronze","Ouro",,,"ESEC do Grão Pará, Serra do Acari, trilha 3 de 4000m"
"ESTAÇÃO ECOLÓGICA GRÃO PARÁ","Ferns and Lycophytes","Tectariaceae","Tectaria","trinitensis","Maxon","TECTARIACEAE Tectaria trinitensis Maxon","150686","splink","BHCB","Costa, J.M.","754a","Native","2008","Salino, A.","2011","Bronze","Ouro",,"Alenquer","Estação Ecológica do Grão Pará, Trilha 2 (T-2). Parcela F-02"
"ESTAÇÃO ECOLÓGICA GRÃO PARÁ","Ferns and Lycophytes","Violaceae","Rinorea","lindeniana","(Tul.) Kuntze","VIOLACEAE Rinorea lindeniana (Tul.) Kuntze","3880","x","HBRA","Pietrobom, M.R.","8072","Native","2008","Mehlig, U.","2011","Bronze","Ouro",,,"Serra do Acari, ESEC do Grão Pará. Floresta de terra firme submontana aberta, na margem de um igarapé"
"ESTAÇÃO ECOLÓGICA GRÃO PARÁ","Bryophytes","Blechnaceae","Salpichlaena","volubilis","(Kaulf.) J.Sm.","BLECHNACEAE Salpichlaena volubilis (Kaulf.) J.Sm.","HBRA0008869","splink","HBRA","Maciel, S.","785","Native","2008","Gos-Neto, L.A.A.","2010","Bronze","Ouro",,"Oriximiná","Estação Ecológica Grão Pará, trilha T2, entre a parcela 01 e o acampamento"
"ESTAÇÃO ECOLÓGICA GRÃO PARÁ","Ferns and Lycophytes","Dryopteridaceae","Parapolystichum","effusum","(Sw.) Ching","DRYOPTERIDACEAE Parapolystichum effusum (Sw.) Ching","HBRA0008339 HBRA0009358","splink","HBRA","Costa, J.M.","738","Native","2008","Pietrobom, M.R.","2010","Bronze","Ouro",,"Alenquer","Estação Ecológica de Grão Pará, Trilha 2 (T-2)."
"ESTAÇÃO ECOLÓGICA GRÃO PARÁ","Ferns and Lycophytes","Dryopteridaceae","Polybotrya","pilosa","Brade","DRYOPTERIDACEAE Polybotrya pilosa Brade","9872","x","HBRA","Maciel, S.","770","Native","2008","Gos-Neto, L.A.A.","2010","Bronze","Ouro",,,"Estação Ecológica de Grão Pará, Trilha T2, parcela 01"
"ESTAÇÃO ECOLÓGICA GRÃO PARÁ",,"Hymenophyllaceae","Abrodictyum","rigidum","(Sw.) Ebihara & Dubuisson","HYMENOPHYLLACEAE Abrodictyum rigidum (Sw.) Ebihara & Dubuisson","HBRA0009275","splink","HBRA","Maciel, S.","798",,"2008","Gos-Neto, L.A.A.","2010","Bronze","Ouro",,"Oriximiná","Estação Ecológica Grão Pará, trilha T2, entre a parcela 01 e o acampamento"
"ESTAÇÃO ECOLÓGICA GRÃO PARÁ","Ferns and Lycophytes","Hymenophyllaceae","Polyphlebium","diaphanum","(Kunth) Ebihara & Dubuisson","HYMENOPHYLLACEAE Polyphlebium diaphanum (Kunth) Ebihara & Dubuisson","12534","x","HBRA","Maciel, S.","930","Native","2008","Gos-Neto, L.A.A.","2010","Bronze","Ouro",,,"Estação Ecológica Grão Pará, Trilha T2, entre a parcela 03 e a parcela 04"
"ESTAÇÃO ECOLÓGICA GRÃO PARÁ","Ferns and Lycophytes","Polypodiaceae","Pecluma",,"M.G.Price","POLYPODIACEAE Pecluma M.G.Price","14789","x","HBRA","Maciel, S.","776","Native","2008","Gos-Neto, L.A.A.","2010","Bronze","Ouro",,,"Estação Ecológica Grão Pará, Trilha T2, parcela 01"
"ESTAÇÃO ECOLÓGICA GRÃO PARÁ","Ferns and Lycophytes","Polypodiaceae","Pleopeltis","bombycina","(Maxon) A.R.Sm.","POLYPODIACEAE Pleopeltis bombycina (Maxon) A.R.Sm.","14804","x","HBRA","Maciel, S.","817","Native","2008","Gos-Neto, L.A.A.","2010","Bronze","Ouro",,,"Estação Ecológica Grão Pará, trilha T2, entre a parcela 01 e o acampamento"
"ESTAÇÃO ECOLÓGICA GRÃO PARÁ","Bryophytes","Polypodiaceae","Serpocaulon","triseriale","(Sw.) A.R.Sm.","POLYPODIACEAE Serpocaulon triseriale (Sw.) A.R.Sm.","15259","splink","HBRA","Costa, J.M.","514","Native","2008","Gos-Neto, L.A.A.","2010","Bronze","Ouro",,"Alenquer","Estação Ecológica de Grão Pará, Trilha 1 (T-1), parcela FT-02. Q: 15."
"ESTAÇÃO ECOLÓGICA GRÃO PARÁ","Angiosperms","Aspleniaceae","Asplenium","auritum","Sw.","ASPLENIACEAE Asplenium auritum Sw.","10713","x","HBRA","Costa, J.M.","641",,"2008","Gos-Neto, L.A.A.","2009","Bronze","Ouro",,,"Estação Ecológica do Grão Pará, Trilha 4 (T4), parcela F-03."
"ESTAÇÃO ECOLÓGICA GRÃO PARÁ","Angiosperms","Aspleniaceae","Asplenium","cruegeri","Hieron.","ASPLENIACEAE Asplenium cruegeri Hieron.","HBRA0009123","splink","HBRA","Costa, J.M.","747",,"2008","Gos-Neto, L.A.A.","2009","Bronze","Ouro",,"Alenquer","Estação Ecológica de Grão Pará, Trilha 2 (T-2)."
"ESTAÇÃO ECOLÓGICA GRÃO PARÁ","Angiosperms","Aspleniaceae","Asplenium","juglandifolium","Lam.","ASPLENIACEAE Asplenium juglandifolium Lam.","HBRA0008952","splink","HBRA","Pietrobom, M.R.","7859",,"2008","Pietrobom, M.R.","2009","Bronze","Ouro",,"Oriximiná","ESEC do Grão Pará, Serra do Acari"
"ESTAÇÃO ECOLÓGICA GRÃO PARÁ","Bryophytes","Aspleniaceae","Asplenium","salicifolium","L.","ASPLENIACEAE Asplenium salicifolium L.","10791","x","HBRA","Pietrobom, M.R.","7863",,"2008","Pietrobom, M.R.","2009","Bronze","Ouro",,,"ESEC do Grão Pará, Serra do Acari"
"ESTAÇÃO ECOLÓGICA GRÃO PARÁ","Ferns and Lycophytes","Blechnaceae","Salpichlaena","hookeriana","(Kuntze) Alston","BLECHNACEAE Salpichlaena hookeriana (Kuntze) Alston","HBRA0009143 HBRA0005345","splink","HBRA","Maciel, S.","804","Native","2008","Pietrobom, M.R.","2009","Bronze","Ouro",,"Oriximiná","Estação Ecológica Grão Pará, trilha T2, entre a parcela 01 e o acampamento"
"ESTAÇÃO ECOLÓGICA GRÃO PARÁ","Ferns and Lycophytes","Dryopteridaceae","Elaphoglossum",,"Schott ex J.Sm.","DRYOPTERIDACEAE Elaphoglossum Schott ex J.Sm.","19236","x","NX","Pietrobom, M.R.","7847","Native","2008","Pietrobom, M.R.","2009","Bronze","Ouro",,,"ESEC do grão Pará, serra do acarí, trilha 2 de 2800 m."
"ESTAÇÃO ECOLÓGICA GRÃO PARÁ","Ferns and Lycophytes","Lindsaeaceae","Lindsaea","dubia","Spreng.","LINDSAEACEAE Lindsaea dubia Spreng.","167878","x","ICN","Pietrobom, M.R.","8030","Native","2008","Pietrobom, M.R.","2009","Bronze","Ouro",,,"ESEC do Grão Pará Serra do Acari trilha 4 de 3000m proximidades da parcela 4 1°16'25 4'N - 48°41'24 5'"
"ESTAÇÃO ECOLÓGICA GRÃO PARÁ","Ferns and Lycophytes","Polypodiaceae","Cochlidium","furcatum","(Hook. & Grev.) C.Chr.","POLYPODIACEAE Cochlidium furcatum (Hook. & Grev.) C.Chr.","13781","x","HBRA","Maciel, S.","1016","Native","2008","Pietrobom, M.R.","2009","Bronze","Ouro",,,"Estação Ecológica Grão Pará, Trilha T1, ao longo da trilha e topo da serra"
"ESTAÇÃO ECOLÓGICA GRÃO PARÁ","Ferns and Lycophytes","Polypodiaceae","Cochlidium","linearifolium","(Desv.) Maxon ex C.Chr.","POLYPODIACEAE Cochlidium linearifolium (Desv.) Maxon ex C.Chr.","13782","x","HBRA","Maciel, S.","940","Native","2008","Pietrobom, M.R.","2009","Bronze","Ouro",,,"Estação Ecológica Grão Pará, Trilha T2, entre a parcela 03 e a parcela 04"
"ESTAÇÃO ECOLÓGICA GRÃO PARÁ","Ferns and Lycophytes","Polypodiaceae","Cochlidium","serrulatum","(Sw.) L.E.Bishop","POLYPODIACEAE Cochlidium serrulatum (Sw.) L.E.Bishop","13789","x","HBRA","Maciel, S.","939","Native","2008","Pietrobom, M.R.","2009","Bronze","Ouro",,,"Estação Ecológica Grão Pará, Trilha T2, entre a parcela 03 e a parcela 04"
"ESTAÇÃO ECOLÓGICA GRÃO PARÁ","Ferns and Lycophytes","Polypodiaceae","Microgramma","baldwinii","Brade","POLYPODIACEAE Microgramma baldwinii Brade","13813","x","HBRA","Pietrobom, M.R.","8042","Native","2008","Pietrobom, M.R.","2009","Bronze","Ouro",,,"ESEC do Grão Pará, Serra do Acari, trilha 4 de 3000m, proximidades da parcela 3"
"ESTAÇÃO ECOLÓGICA GRÃO PARÁ","Ferns and Lycophytes","Pteridaceae","Hecistopteris","pumila","(Spreng.) J.Sm.","PTERIDACEAE Hecistopteris pumila (Spreng.) J.Sm.","9812","x","HBRA","Maciel, S.","883","Native","2008","Pietrobom, M.R.","2009","Bronze","Ouro",,,"Estação Ecológica Grão Pará, Trilha T3, entre a parcela 01 e a parcela 02"
"ESTAÇÃO ECOLÓGICA GRÃO PARÁ","Ferns and Lycophytes","Pteridaceae","Polytaenium","guayanense","(Hieron.) Alston","PTERIDACEAE Polytaenium guayanense (Hieron.) Alston","16095","x","HBRA","Pietrobom, M.R.","7741","Native","2008","Pietrobom, M.R.","2009","Bronze","Ouro",,,"ESEC do Grão Pará, Serra do Acari, trilha 2 de 2800m"
"ESTAÇÃO ECOLÓGICA GRÃO PARÁ","Bryophytes","Rubiaceae","Palicourea","carruthersii","(Kuntze) C.M. Taylor","RUBIACEAE Palicourea carruthersii (Kuntze) C.M. Taylor","UB1209143",,"UB","Pietrobom, M.R.","8070","Native","2008","Cordeiro, M.","2009","Bronze","Ouro",,"Oriximiná","ESEC do Grão Pará, Serr do Acari, trilha 4 de 3000m, proximidades da parcela 3."
"ESTAÇÃO ECOLÓGICA GRÃO PARÁ","Ferns and Lycophytes","Dryopteridaceae","Cyclodium","meniscioides","(Willd.) C.Presl","DRYOPTERIDACEAE Cyclodium meniscioides var. meniscioides (Willd.) C.Presl","MBM420560",,"MBM","Silva, M.R.P.","7750","Native","2008","Silva, M.R.P.","2008","Bronze","Ouro",,"Oriximiná","Estação Ecológica do Grão Pará, Serra do Acari, trilha 2 de 2800m."
"ESTAÇÃO ECOLÓGICA GRÃO PARÁ","Ferns and Lycophytes","Hymenophyllaceae","Trichomanes","ankersii","C.Parker ex Hook. & Grev.","HYMENOPHYLLACEAE Trichomanes ankersii C.Parker ex Hook. & Grev.","12545","splink","HBRA","Maciel, S.","773","Native","2008","Maciel, S.","2008","Bronze","Ouro",,"Oriximiná","Estação Ecológica Grão Pará, Trilha T2, parcela 01"
"ESTAÇÃO ECOLÓGICA GRÃO PARÁ","Ferns and Lycophytes","Polypodiaceae","Niphidium","crassifolium","(L.) Lellinger","POLYPODIACEAE Niphidium crassifolium (L.) Lellinger","14630","x","HBRA","Maciel, S.","969","Native","2008","Maciel, S.","2008","Bronze","Ouro",,,"Estação Ecológica Grão Pará, Córego próximo do acampamento"
"ESTAÇÃO ECOLÓGICA GRÃO PARÁ","Ferns and Lycophytes","Pteridaceae","Adiantopsis","radiata","(L.) Fée","PTERIDACEAE Adiantopsis radiata (L.) Fée","15315","x","HBRA","Pietrobom, M.R.","7947","Native","2008","Pietrobom, M.R.","2008","Bronze","Ouro",,,"ESEC do Grão Pará, Serra do Acari, trilha de 4000m, proximidades da parcela 4"
"ESTAÇÃO ECOLÓGICA GRÃO PARÁ","Bryophytes","Pteridaceae","Adiantum","obliquum","Willd.","PTERIDACEAE Adiantum obliquum Willd.","15584","x","HBRA","Maciel, S.","995",,"2008","Maciel, S.","2008","Bronze","Ouro",,,"Estação Ecológica Grão Pará, Córrego próximo do acampamento"
"ESTAÇÃO ECOLÓGICA GRÃO PARÁ","Angiosperms","Pteridaceae","Adiantum","tomentosum","Klotzsch","PTERIDACEAE Adiantum tomentosum Klotzsch","9665","x","HBRA","Maciel, S.","852",,"2008","Maciel, S.","2008","Bronze","Ouro",,,"Estaão Ecológica Grão Pará, Trilha T3, entre parcela 01 e a parcela 02"
"ESTAÇÃO ECOLÓGICA GRÃO PARÁ","Bryophytes","Tectariaceae","Tectaria","incisa","Cav.","TECTARIACEAE Tectaria incisa Cav.","11103","x","HBRA","Costa, J.M.","685","Native","2008","Costa, J.M.","2008","Bronze","Ouro",,,"Estação Ecológica do Grão Pará, Trilha 3 (T-3)"
"ESTAÇÃO ECOLÓGICA GRÃO PARÁ","Ferns and Lycophytes","Lindsaeaceae","Lindsaea",,"Pic.Serm.","LINDSAEACEAE Lindsaea Pic.Serm.","MG187761","x","MG","Maciel, S.","764","Native","2008","Goes-Neto, L.A.A.","1011","Bronze","Ouro",,,"Estação Ecológica Grão Pará"
"ESTAÇÃO ECOLÓGICA GRÃO PARÁ","Angiosperms","Annonaceae",,,"Juss.","ANNONACEAE Annonaceae Juss.","HSTM018201",,"HSTM","Soares, M.V.B.","620","Native","2024",,,"Latão","Ouro",,"Oriximiná","Estação Ecológica do Grão Pará. sim"
"ESTAÇÃO ECOLÓGICA GRÃO PARÁ","Bryophytes","Apocynaceae",,,"Juss.","APOCYNACEAE Apocynaceae Juss.","HSTM018472",,"HSTM","Soares, M.V.B.","668","Native","2024",,,"Latão","Ouro",,"Oriximiná","Estação Ecológica do Grão Pará. Trilha monitora, próximo ao terceiro igarapé. sim"
"ESTAÇÃO ECOLÓGICA GRÃO PARÁ","Ferns and Lycophytes","Araceae","Philodendron","platypodum","Gleason","ARACEAE Philodendron platypodum Gleason","HSTM018468",,"HSTM","Soares, M.V.B.","664","Native","2024",,,"Latão","Ouro",,"Oriximiná","Estação Ecológica do Grão Pará. Trilha monitora, depois do terceiro igarapé. sim"
"ESTAÇÃO ECOLÓGICA GRÃO PARÁ","Ferns and Lycophytes","Araceae","Philodendron",,"Schott","ARACEAE Philodendron Schott","HSTM018195",,"HSTM","Soares, M.V.B.","614","Native","2024",,,"Latão","Ouro",,"Oriximiná","Estação Ecológica do Grão Pará. sim"
"ESTAÇÃO ECOLÓGICA GRÃO PARÁ","Ferns and Lycophytes","Araceae","Urospatha","sagittifolia","(Rudge) Schott","ARACEAE Urospatha sagittifolia (Rudge) Schott","HSTM018512",,"HSTM","Soares, M.V.B.","709","Native","2024",,,"Latão","Ouro",,"Oriximiná","Estação Ecológica do Grão Pará. Rio Jauari. Crescendo em ilha de vegetação de afloramento rochoso em corredeira, solo arenoso, período de seca do rio. sim"
"ESTAÇÃO ECOLÓGICA GRÃO PARÁ","Bryophytes","Bignoniaceae",,,"Juss.","BIGNONIACEAE Bignoniaceae Juss.","HSTM018530",,"HSTM","Soares, M.V.B.","727","Native","2024",,,"Latão","Ouro",,"Oriximiná","Estação Ecológica do Grão Pará. Rio Jauari. sim"
"ESTAÇÃO ECOLÓGICA GRÃO PARÁ","Ferns and Lycophytes","Bignoniaceae","Pleonotoma",,"Miers","BIGNONIACEAE Pleonotoma Miers","HSTM018454",,"HSTM","Soares, M.V.B.","648","Native","2024",,,"Latão","Ouro",,"Oriximiná","Estação Ecológica do Grão Pará. sim"
"ESTAÇÃO ECOLÓGICA GRÃO PARÁ","Ferns and Lycophytes","Chrysobalanaceae","Couepia",,"Aubl.","CHRYSOBALANACEAE Couepia Aubl.","HSTM018526",,"HSTM","Soares, M.V.B.","723","Native","2024",,,"Latão","Ouro",,"Oriximiná","Estação Ecológica do Grão Pará. Rio Jauari. sim"
"ESTAÇÃO ECOLÓGICA GRÃO PARÁ","Ferns and Lycophytes","Chrysobalanaceae","Hirtella",,"L.","CHRYSOBALANACEAE Hirtella L.","HSTM018477",,"HSTM","Soares, M.V.B.","674","Native","2024",,,"Latão","Ouro",,"Oriximiná","Estação Ecológica do Grão Pará. Trilha monitora. sim"
"ESTAÇÃO ECOLÓGICA GRÃO PARÁ","Ferns and Lycophytes","Clusiaceae","Clusia",,"L.","CLUSIACEAE Clusia L.","HSTM018500",,"HSTM","Soares, M.V.B.","697","Native","2024",,,"Latão","Ouro",,"Oriximiná","Estação Ecológica do Grão Pará. Rio Jauri. Crescendo em ilha de vegetação de afloramento rochoso em corredeira, solo arenoso, período de seca do rio. sim"
"ESTAÇÃO ECOLÓGICA GRÃO PARÁ","Ferns and Lycophytes","Clusiaceae","Symphonia","globulifera","L.f.","CLUSIACEAE Symphonia globulifera L.f.","HSTM018451",,"HSTM","Soares, M.V.B.","645","Native","2024",,,"Latão","Ouro",,"Oriximiná","Estação Ecológica do Grão Pará. sim"
"ESTAÇÃO ECOLÓGICA GRÃO PARÁ","Ferns and Lycophytes","Cucurbitaceae","Gurania",,"(Schltdl.) Cogn.","CUCURBITACEAE Gurania (Schltdl.) Cogn.","HSTM018459",,"HSTM","Soares, M.V.B.","654","Native","2024",,,"Latão","Ouro",,"Oriximiná","Estação Ecológica do Grão Pará. sim"
"ESTAÇÃO ECOLÓGICA GRÃO PARÁ","Bryophytes","Cyatheaceae",,,"Kaulf.","CYATHEACEAE Cyatheaceae Kaulf.","HSTM018467",,"HSTM","Soares, M.V.B.","662","Native","2024",,,"Latão","Ouro",,"Oriximiná","Estação Ecológica do Grão Pará. Próximo ao terceiro igarapé da trilha principal. Trilha monitora. sim"
"ESTAÇÃO ECOLÓGICA GRÃO PARÁ","Ferns and Lycophytes","Cyperaceae","Calyptrocarya",,"Nees","CYPERACEAE Calyptrocarya Nees","HSTM018193",,"HSTM","Soares, M.V.B.","612","Native","2024",,,"Latão","Ouro",,"Oriximiná","Estação Ecológica do Grão Pará. sim"
"ESTAÇÃO ECOLÓGICA GRÃO PARÁ","Ferns and Lycophytes","Cyperaceae",,,"Juss.","CYPERACEAE Cyperaceae Juss.","HSTM018184",,"HSTM","Soares, M.V.B.","603","Native","2024",,,"Latão","Ouro",,"Oriximiná","Estação Ecológica do Grão Pará. sim"
"ESTAÇÃO ECOLÓGICA GRÃO PARÁ",,"Cyperaceae","Hypolytrum",,"Rich.","CYPERACEAE Hypolytrum Rich.","HSTM018456",,"HSTM","Soares, M.V.B.","651",,"2024",,,"Latão","Ouro",,"Oriximiná","Estação Ecológica do Grão Pará. sim"
"ESTAÇÃO ECOLÓGICA GRÃO PARÁ",,"Euphorbiaceae",,,"Juss.","EUPHORBIACEAE Euphorbiaceae Juss.","HSTM018513",,"HSTM","Soares, M.V.B.","710",,"2024",,,"Latão","Ouro",,"Oriximiná","Estação Ecológica do Grão Pará. Rio Jauari. sim"
"ESTAÇÃO ECOLÓGICA GRÃO PARÁ","Ferns and Lycophytes","Fabaceae","Calliandra","coriacea","(Humb. & Bonpl. ex Willd.) Benth.","FABACEAE Calliandra coriacea (Humb. & Bonpl. ex Willd.) Benth.","HSTM018536",,"HSTM","Soares, M.V.B.","733","Native","2024",,,"Latão","Ouro",,"Oriximiná","Estação Ecológica do Grão Pará. Rio Jauari. sim"
"ESTAÇÃO ECOLÓGICA GRÃO PARÁ","Ferns and Lycophytes","Fabaceae","Cassia",,"L.","FABACEAE Cassia L.","HSTM018535",,"HSTM","Soares, M.V.B.","732","Native","2024",,,"Latão","Ouro",,"Oriximiná","Estação Ecológica do Grão Pará. Rio Jauari. sim"
"ESTAÇÃO ECOLÓGICA GRÃO PARÁ","Ferns and Lycophytes","Fabaceae","Cynometra","longifolia","Huber","FABACEAE Cynometra longifolia Huber","HSTM018537",,"HSTM","Soares, M.V.B.","734","Native","2024",,,"Latão","Ouro",,"Oriximiná","Estação Ecológica do Grão Pará. Rio Jauari. sim"
"ESTAÇÃO ECOLÓGICA GRÃO PARÁ","Ferns and Lycophytes","Fabaceae","Dialium","guianense","(Aubl.) Sandwith","FABACEAE Dialium guianense (Aubl.) Sandwith","HSTM018515",,"HSTM","Soares, M.V.B.","712","Native","2024",,,"Latão","Ouro",,"Oriximiná","Estação Ecológica do Grão Pará. Rio Jauari. sim"
"ESTAÇÃO ECOLÓGICA GRÃO PARÁ","Ferns and Lycophytes","Fabaceae","Dioclea","virgata","(Rich.) Amshoff","FABACEAE Dioclea virgata (Rich.) Amshoff","HSTM018490",,"HSTM","Soares, M.V.B.","687","Native","2024",,,"Latão","Ouro",,"Oriximiná","Estação Ecológica do Grão Pará. Rio Jauri. Crescendo em ilha de vegetação de afloramento rochoso em corredeira, solo arenoso, período de seca do rio. sim"
"ESTAÇÃO ECOLÓGICA GRÃO PARÁ","Ferns and Lycophytes","Fabaceae","Eperua","glabra","R.S. Cowan","FABACEAE Eperua glabra R.S. Cowan","HSTM018438",,"HSTM","Soares, M.V.B.","632","Native","2024",,,"Latão","Ouro",,"Oriximiná","Estação Ecológica do Grão Pará. sim"
"ESTAÇÃO ECOLÓGICA GRÃO PARÁ",,"Fabaceae","Inga",,"Mill.","FABACEAE Inga Mill.","HSTM018533",,"HSTM","Soares, M.V.B.","730",,"2024",,,"Latão","Ouro",,"Oriximiná","Estação Ecológica do Grão Pará. Rio Jauari. sim"
"ESTAÇÃO ECOLÓGICA GRÃO PARÁ","Ferns and Lycophytes","Fabaceae","Pterocarpus",,"Jacq.","FABACEAE Pterocarpus Jacq.","HSTM018524",,"HSTM","Soares, M.V.B.","721","Native","2024",,,"Latão","Ouro",,"Oriximiná","Estação Ecológica do Grão Pará. Rio Jauari. sim"
"ESTAÇÃO ECOLÓGICA GRÃO PARÁ","Ferns and Lycophytes","Fabaceae","Senegalia",,"Raf.","FABACEAE Senegalia Raf.","HSTM018478",,"HSTM","Soares, M.V.B.","675","Native","2024",,,"Latão","Ouro",,"Oriximiná","Estação Ecológica do Grão Pará. Trilha monitora. sim"
"ESTAÇÃO ECOLÓGICA GRÃO PARÁ","Ferns and Lycophytes","Fabaceae","Swartzia",,"Schreb.","FABACEAE Swartzia Schreb.","HSTM018506",,"HSTM","Soares, M.V.B.","703","Native","2024",,,"Latão","Ouro",,"Oriximiná","Estação Ecológica do Grão Pará. Rio Jauari. Crescendo em ilha de vegetação de afloramento rochoso em corredeira, solo arenoso, período de seca do rio. sim"
"ESTAÇÃO ECOLÓGICA GRÃO PARÁ","Ferns and Lycophytes","Fabaceae","Zygia",,"P.Browne","FABACEAE Zygia P.Browne","HSTM018529",,"HSTM","Soares, M.V.B.","726","Native","2024",,,"Latão","Ouro",,"Oriximiná","Estação Ecológica do Grão Pará. Rio Jauari. sim"
"ESTAÇÃO ECOLÓGICA GRÃO PARÁ",,"Gentianaceae","Voyriella","parviflora","(Miq.) Miq.","GENTIANACEAE Voyriella parviflora (Miq.) Miq.","HSTM018482",,"HSTM","Soares, M.V.B.","679",,"2024",,,"Latão","Ouro",,"Oriximiná","Estação Ecológica do Grão Pará. Trilha monitora. sim"
"ESTAÇÃO ECOLÓGICA GRÃO PARÁ","Ferns and Lycophytes","Gesneriaceae","Codonanthe",,"(Mart.) Hanst.","GESNERIACEAE Codonanthe (Mart.) Hanst.","HSTM018489",,"HSTM","Soares, M.V.B.","686","Native","2024",,,"Latão","Ouro",,"Oriximiná","Estação Ecológica do Grão Pará. Rio Jauri. Crescendo em ilha de vegetação de afloramento rochoso em corredeira, solo arenoso, período de seca do rio. sim"
"ESTAÇÃO ECOLÓGICA GRÃO PARÁ","Ferns and Lycophytes","Hymenophyllaceae","Trichomanes","cristatum","Kaulf.","HYMENOPHYLLACEAE Trichomanes cristatum Kaulf.","HSTM018470",,"HSTM","Soares, M.V.B.","666","Native","2024",,,"Latão","Ouro",,"Oriximiná","Estação Ecológica do Grão Pará. Trilha monitora, depois do terceiro igarapé. sim"
"ESTAÇÃO ECOLÓGICA GRÃO PARÁ","Ferns and Lycophytes","Hymenophyllaceae","Trichomanes",,"L.","HYMENOPHYLLACEAE Trichomanes L.","HSTM018185",,"HSTM","Soares, M.V.B.","604","Native","2024",,,"Latão","Ouro",,"Oriximiná","Estação Ecológica do Grão Pará. sim"
"ESTAÇÃO ECOLÓGICA GRÃO PARÁ","Ferns and Lycophytes","Hypericaceae","Vismia",,"Vand.","HYPERICACEAE Vismia Vand.","HSTM018471",,"HSTM","Soares, M.V.B.","667","Native","2024",,,"Latão","Ouro",,"Oriximiná","Estação Ecológica do Grão Pará. Trilha monitora, próximo ao terceiro igarapé. sim"
"ESTAÇÃO ECOLÓGICA GRÃO PARÁ","Ferns and Lycophytes","Lecythidaceae","Eschweilera",,"Mart. ex DC.","LECYTHIDACEAE Eschweilera Mart. ex DC.","HSTM018439",,"HSTM","Soares, M.V.B.","633","Native","2024",,,"Latão","Ouro",,"Oriximiná","Estação Ecológica do Grão Pará. Margem do rio Jauri, acampamento base. sim"
"ESTAÇÃO ECOLÓGICA GRÃO PARÁ",,"Lentibulariaceae","Utricularia","pusilla","Vahl","LENTIBULARIACEAE Utricularia pusilla Vahl","HSTM018497",,"HSTM","Soares, M.V.B.","694",,"2024",,,"Latão","Ouro",,"Oriximiná","Estação Ecológica do Grão Pará. Rio Jauri. Crescendo em ilha de vegetação de afloramento rochoso em corredeira, solo arenoso, período de seca do rio. sim"
"ESTAÇÃO ECOLÓGICA GRÃO PARÁ","Bryophytes","Loranthaceae","Struthanthus",,"Mart.","LORANTHACEAE Struthanthus Mart.","HSTM018492",,"HSTM","Soares, M.V.B.","689","Native","2024",,,"Latão","Ouro",,"Oriximiná","Estação Ecológica do Grão Pará. Rio Jauri. Crescendo em ilha de vegetação de afloramento rochoso em corredeira, solo arenoso, período de seca do rio. sim"
"ESTAÇÃO ECOLÓGICA GRÃO PARÁ",,"Malpighiaceae",,,"Juss.","MALPIGHIACEAE Malpighiaceae Juss.","HSTM018508",,"HSTM","Soares, M.V.B.","705",,"2024",,,"Latão","Ouro",,"Oriximiná","Estação Ecológica do Grão Pará. Rio Jauari. Crescendo em ilha de vegetação de afloramento rochoso em corredeira, solo arenoso, período de seca do rio. sim"
"ESTAÇÃO ECOLÓGICA GRÃO PARÁ","Ferns and Lycophytes","Melastomataceae","Aciotis",,"D.Don","MELASTOMATACEAE Aciotis D.Don","HSTM018203",,"HSTM","Soares, M.V.B.","622","Native","2024",,,"Latão","Ouro",,"Oriximiná","Estação Ecológica do Grão Pará. sim"
"ESTAÇÃO ECOLÓGICA GRÃO PARÁ","Ferns and Lycophytes","Melastomataceae","Adelobotrys",,"DC.","MELASTOMATACEAE Adelobotrys DC.","HSTM018449",,"HSTM","Soares, M.V.B.","643","Native","2024",,,"Latão","Ouro",,"Oriximiná","Estação Ecológica do Grão Pará. Próximo ao igarapé 2. sim"
"ESTAÇÃO ECOLÓGICA GRÃO PARÁ","Bryophytes","Melastomataceae","Miconia",,"Ruiz & Pav.","MELASTOMATACEAE Miconia Ruiz & Pav.","HSTM018486",,"HSTM","Soares, M.V.B.","683","Native","2024",,,"Latão","Ouro",,"Oriximiná","Estação Ecológica do Grão Pará. Rio Jauri. sim"
"ESTAÇÃO ECOLÓGICA GRÃO PARÁ","Bryophytes","Melastomataceae","Mouriri",,"Aubl.","MELASTOMATACEAE Mouriri Aubl.","HSTM018522",,"HSTM","Soares, M.V.B.","719","Native","2024",,,"Latão","Ouro",,"Oriximiná","Estação Ecológica do Grão Pará. Rio Jauari. sim"
"ESTAÇÃO ECOLÓGICA GRÃO PARÁ","Ferns and Lycophytes","Meliaceae","Guarea",,"F.Allam. ex L.","MELIACEAE Guarea F.Allam. ex L.","HSTM018516",,"HSTM","Soares, M.V.B.","713","Native","2024",,,"Latão","Ouro",,"Oriximiná","Estação Ecológica do Grão Pará. Rio Jauari. sim"
"ESTAÇÃO ECOLÓGICA GRÃO PARÁ","Ferns and Lycophytes","Menispermaceae","Abuta",,"Barrère ex Aubl.","MENISPERMACEAE Abuta Barrère ex Aubl.","HSTM018469",,"HSTM","Soares, M.V.B.","665","Native","2024",,,"Latão","Ouro",,"Oriximiná","Estação Ecológica do Grão Pará. Trilha monitora, depois do terceiro igarapé. sim"
"ESTAÇÃO ECOLÓGICA GRÃO PARÁ","Ferns and Lycophytes","Myristicaceae","Virola",,"Aubl.","MYRISTICACEAE Virola Aubl.","HSTM018198",,"HSTM","Soares, M.V.B.","617","Native","2024",,,"Latão","Ouro",,"Oriximiná","Estação Ecológica do Grão Pará. sim"
"ESTAÇÃO ECOLÓGICA GRÃO PARÁ","Ferns and Lycophytes","Myrtaceae","Myrcia",,"DC.","MYRTACEAE Myrcia DC.","HSTM018441",,"HSTM","Soares, M.V.B.","635","Native","2024",,,"Latão","Ouro",,"Oriximiná","Estação Ecológica do Grão Pará. Margem do rio Jauri, acampamento base. sim"
"ESTAÇÃO ECOLÓGICA GRÃO PARÁ",,"Ochnaceae",,,"DC.","OCHNACEAE Ochnaceae DC.","HSTM018181",,"HSTM","Soares, M.V.B.","600",,"2024",,,"Latão","Ouro",,"Oriximiná","Estação Ecológica do Grão Pará. Próximo ao igarapé 1 da trilha principal. sim"
"ESTAÇÃO ECOLÓGICA GRÃO PARÁ","Ferns and Lycophytes","Ochnaceae","Ouratea",,"Aubl.","OCHNACEAE Ouratea Aubl.","HSTM018523",,"HSTM","Soares, M.V.B.","720","Native","2024",,,"Latão","Ouro",,"Oriximiná","Estação Ecológica do Grão Pará. Rio Jauari. sim"
"ESTAÇÃO ECOLÓGICA GRÃO PARÁ","Ferns and Lycophytes","Ochnaceae","Sauvagesia",,"L.","OCHNACEAE Sauvagesia L.","HSTM018488",,"HSTM","Soares, M.V.B.","685","Native","2024",,,"Latão","Ouro",,"Oriximiná","Estação Ecológica do Grão Pará. Rio Jauri. Crescendo em ilha de vegetação de afloramento rochoso em corredeira, solo arenoso, período de seca do rio. sim"
"ESTAÇÃO ECOLÓGICA GRÃO PARÁ","Ferns and Lycophytes","Orchidaceae","Octomeria",,"R.Br.","ORCHIDACEAE Octomeria R.Br.","HSTM018481",,"HSTM","Soares, M.V.B.","678","Native","2024",,,"Latão","Ouro",,"Oriximiná","Estação Ecológica do Grão Pará. Trilha monitora, próximo ao segundo igarapé. sim"
"ESTAÇÃO ECOLÓGICA GRÃO PARÁ","Ferns and Lycophytes","Orchidaceae","Polystachya",,"Hook.","ORCHIDACEAE Polystachya Hook.","HSTM018509",,"HSTM","Soares, M.V.B.","706","Native","2024",,,"Latão","Ouro",,"Oriximiná","Estação Ecológica do Grão Pará. Rio Jauari. Crescendo em ilha de vegetação de afloramento rochoso em corredeira, período de seca do rio. sim"
"ESTAÇÃO ECOLÓGICA GRÃO PARÁ","Ferns and Lycophytes","Orchidaceae","Prosthechea","crassilabia","(Poepp. & Endl.) Carnevali & I.Ramírez","ORCHIDACEAE Prosthechea crassilabia (Poepp. & Endl.) Carnevali & I.Ramírez","HSTM018511",,"HSTM","Soares, M.V.B.","708","Native","2024",,,"Latão","Ouro",,"Oriximiná","Estação Ecológica do Grão Pará. Rio Jauari. Crescendo em ilha de vegetação de afloramento rochoso em corredeira, período de seca do rio. sim"
"ESTAÇÃO ECOLÓGICA GRÃO PARÁ","Ferns and Lycophytes","Piperaceae","Piper",,"L.","PIPERACEAE Piper L.","HSTM018476",,"HSTM","Soares, M.V.B.","673","Native","2024",,,"Latão","Ouro",,"Oriximiná","Estação Ecológica do Grão Pará. Trilha monitora. sim"
"ESTAÇÃO ECOLÓGICA GRÃO PARÁ","Bryophytes","Poaceae","Olyra",,"L.","POACEAE Olyra L.","HSTM018183",,"HSTM","Soares, M.V.B.","602","Native","2024",,,"Latão","Ouro",,"Oriximiná","Estação Ecológica do Grão Pará. sim"
"ESTAÇÃO ECOLÓGICA GRÃO PARÁ","Ferns and Lycophytes","Poaceae",,,"Barnhart","POACEAE Poaceae Barnhart","HSTM018460",,"HSTM","Soares, M.V.B.","655","Native","2024",,,"Latão","Ouro",,"Oriximiná","Estação Ecológica do Grão Pará. sim"
"ESTAÇÃO ECOLÓGICA GRÃO PARÁ",,"Poaceae","Taquara","micrantha","(Kunth) I.L.C.Oliveira & R.P.Oliveira","POACEAE Taquara micrantha (Kunth) I.L.C.Oliveira & R.P.Oliveira","HSTM018199",,"HSTM","Soares, M.V.B.","618",,"2024",,,"Latão","Ouro",,"Oriximiná","Estação Ecológica do Grão Pará. sim"
"ESTAÇÃO ECOLÓGICA GRÃO PARÁ","Bryophytes","Podostemaceae","Mourera","fluviatilis","Aubl.","PODOSTEMACEAE Mourera fluviatilis Aubl.","HSTM018485",,"HSTM","Soares, M.V.B.","682","Native","2024",,,"Latão","Ouro",,"Oriximiná","Estação Ecológica do Grão Pará. Rio Jauri. Crescendo em afloramento rochoso em corredeira. Período de seca do rio. sim"
"ESTAÇÃO ECOLÓGICA GRÃO PARÁ","Ferns and Lycophytes","Podostemaceae","Rhyncholacis",,"Tul.","PODOSTEMACEAE Rhyncholacis Tul.","HSTM018484",,"HSTM","Soares, M.V.B.","681","Native","2024",,,"Latão","Ouro",,"Oriximiná","Estação Ecológica do Grão Pará. Rio Jauri. Crescendo em afloramento rochoso em corredeira. Período de seca do rio. sim"
"ESTAÇÃO ECOLÓGICA GRÃO PARÁ","Ferns and Lycophytes","Primulaceae","Clavija",,"Ruiz & Pav.","PRIMULACEAE Clavija Ruiz & Pav.","HSTM018187",,"HSTM","Soares, M.V.B.","606","Native","2024",,,"Latão","Ouro",,"Oriximiná","Estação Ecológica do Grão Pará. sim"
"ESTAÇÃO ECOLÓGICA GRÃO PARÁ","Ferns and Lycophytes","Pteridaceae","Adiantum",,"L.","PTERIDACEAE Adiantum L.","HSTM018458",,"HSTM","Soares, M.V.B.","653","Native","2024",,,"Latão","Ouro",,"Oriximiná","Estação Ecológica do Grão Pará. Depois do primeiro igarapé. sim"
"ESTAÇÃO ECOLÓGICA GRÃO PARÁ","Ferns and Lycophytes","Rapateaceae","Rapatea",,"Aubl.","RAPATEACEAE Rapatea Aubl.","HSTM018186",,"HSTM","Soares, M.V.B.","605","Native","2024",,,"Latão","Ouro",,"Oriximiná","Estação Ecológica do Grão Pará. sim"
"ESTAÇÃO ECOLÓGICA GRÃO PARÁ","Ferns and Lycophytes","Rapateaceae","Saxofridericia",,"R.H.Schomb.","RAPATEACEAE Saxofridericia R.H.Schomb.","HSTM018464",,"HSTM","Soares, M.V.B.","659","Native","2024",,,"Latão","Ouro",,"Oriximiná","Estação Ecológica do Grão Pará. Trilha do monitora, igarapé 2. sim"
"ESTAÇÃO ECOLÓGICA GRÃO PARÁ","Ferns and Lycophytes","Rubiaceae","Alibertia","sorbilis","Ducke","RUBIACEAE Alibertia sorbilis Ducke","HSTM018811",,"HSTM","Soares, M.V.B.","663","Native","2024",,,"Latão","Ouro",,"Oriximiná","Estação Ecológica do Grão Pará."
"ESTAÇÃO ECOLÓGICA GRÃO PARÁ","Ferns and Lycophytes","Rubiaceae","Palicourea",,"Aubl.","RUBIACEAE Palicourea Aubl.","HSTM018455",,"HSTM","Soares, M.V.B.","650","Native","2024",,,"Latão","Ouro",,"Oriximiná","Estação Ecológica do Grão Pará. sim"
"ESTAÇÃO ECOLÓGICA GRÃO PARÁ","Ferns and Lycophytes","Rubiaceae",,,"Juss.","RUBIACEAE Rubiaceae Juss.","HSTM018189",,"HSTM","Soares, M.V.B.","608","Native","2024",,,"Latão","Ouro",,"Oriximiná","Estação Ecológica do Grão Pará. sim"
"ESTAÇÃO ECOLÓGICA GRÃO PARÁ","Ferns and Lycophytes","Rubiaceae","Sabicea",,"Aubl.","RUBIACEAE Sabicea Aubl.","HSTM018519",,"HSTM","Soares, M.V.B.","716","Native","2024",,,"Latão","Ouro",,"Oriximiná","Estação Ecológica do Grão Pará. Rio Jauari. sim"
"ESTAÇÃO ECOLÓGICA GRÃO PARÁ","Ferns and Lycophytes","Salicaceae","Homalium","racemosum","Jacq.","SALICACEAE Homalium racemosum Jacq.","HSTM018539",,"HSTM","Soares, M.V.B.","736","Native","2024",,,"Latão","Ouro",,"Oriximiná","Estação Ecológica do Grão Pará. Rio Jauari. sim"
"ESTAÇÃO ECOLÓGICA GRÃO PARÁ","Ferns and Lycophytes","Sapindaceae","Paullinia",,"L.","SAPINDACEAE Paullinia L.","HSTM018517",,"HSTM","Soares, M.V.B.","714","Native","2024",,,"Latão","Ouro",,"Oriximiná","Estação Ecológica do Grão Pará. Rio Jauari. sim"
"ESTAÇÃO ECOLÓGICA GRÃO PARÁ","Bryophytes","Sapotaceae","Manilkara","elata","(Allemão ex Miq.) Monach.","SAPOTACEAE Manilkara elata (Allemão ex Miq.) Monach.","HSTM018450",,"HSTM","Soares, M.V.B.","644","Native","2024",,,"Latão","Ouro",,"Oriximiná","Estação Ecológica do Grão Pará. sim"
"ESTAÇÃO ECOLÓGICA GRÃO PARÁ","Ferns and Lycophytes","Selaginellaceae","Selaginella",,"P.Beauv.","SELAGINELLACEAE Selaginella P.Beauv.","HSTM018200",,"HSTM","Soares, M.V.B.","619","Native","2024",,,"Latão","Ouro",,"Oriximiná","Estação Ecológica do Grão Pará. sim"
"ESTAÇÃO ECOLÓGICA GRÃO PARÁ","Ferns and Lycophytes","Urticaceae","Coussapoa","asperifolia","Trécul","URTICACEAE Coussapoa asperifolia Trécul","HSTM018528",,"HSTM","Soares, M.V.B.","725","Native","2024",,,"Latão","Ouro",,"Oriximiná","Estação Ecológica do Grão Pará. Rio Jauari. sim"
"ESTAÇÃO ECOLÓGICA GRÃO PARÁ","Ferns and Lycophytes","Violaceae","Rinorea",,"Aubl.","VIOLACEAE Rinorea Aubl.","HSTM018461",,"HSTM","Soares, M.V.B.","656","Native","2024",,,"Latão","Ouro",,"Oriximiná","Estação Ecológica do Grão Pará. sim"
"ESTAÇÃO ECOLÓGICA GRÃO PARÁ",,"Violaceae",,,"Batsch","VIOLACEAE Violaceae Batsch","HSTM018188",,"HSTM","Soares, M.V.B.","607",,"2024",,,"Latão","Ouro",,"Oriximiná","Estação Ecológica do Grão Pará. sim"
"ESTAÇÃO ECOLÓGICA GRÃO PARÁ","Ferns and Lycophytes","Xyridaceae","Xyris",,"Gronov. ex L.","XYRIDACEAE Xyris Gronov. ex L.","HSTM018501",,"HSTM","Soares, M.V.B.","698","Native","2024",,,"Latão","Ouro",,"Oriximiná","Estação Ecológica do Grão Pará. Rio Jauri. Crescendo em ilha de vegetação de afloramento rochoso em corredeira, solo arenoso, período de seca do rio. sim"
"ESTAÇÃO ECOLÓGICA GRÃO PARÁ","Ferns and Lycophytes","Cyperaceae","Calyptrocarya","glomerulata","(Brongn.) Urb.","CYPERACEAE Calyptrocarya glomerulata (Brongn.) Urb.","IAN201377","splink","IAN","Santos, E.B.","18","Native","2021",,,"Latão","Ouro",,"Oriximiná","ESEC do Grão Pará, margem do rio Jauari. Mata de Igapó."
"ESTAÇÃO ECOLÓGICA GRÃO PARÁ","Ferns and Lycophytes","Cyperaceae","Rhynchospora",,"Vahl","CYPERACEAE Rhynchospora Vahl","7285","splink","HBRA","Souza, M.G.C.","491","Native","2009",,,"Latão","Ouro",,"Óbidos","Estação Ecológica do Grão Pará"
"ESTAÇÃO ECOLÓGICA GRÃO PARÁ","Ferns and Lycophytes","Cyperaceae","Scleria",,"P.J.Bergius","CYPERACEAE Scleria P.J.Bergius","7585","splink","HBRA","Souza, M.G.C.","462","Native","2009",,,"Latão","Ouro",,"Óbidos","Estação Ecológica do Grão Pará"
"ESTAÇÃO ECOLÓGICA GRÃO PARÁ","Ferns and Lycophytes","Euphorbiaceae","Croton",,"L.","EUPHORBIACEAE Croton L.","7267","splink","HBRA","Souza, M.G.C.","562","Native","2009",,,"Latão","Ouro",,"Óbidos","Estação Ecológica do Grão Pará"
"ESTAÇÃO ECOLÓGICA GRÃO PARÁ",,"Leucobryaceae","Leucobryum",,"Hampe","LEUCOBRYACEAE Leucobryum Hampe","8184","splink","HBRA","Souza, M.G.C.","343",,"2009",,,"Latão","Ouro",,"Óbidos","Estação Ecológica do Grão Pará"
"ESTAÇÃO ECOLÓGICA GRÃO PARÁ","Ferns and Lycophytes","Peraceae","Pera","glabrata","(Schott) Baill.","PERACEAE Pera glabrata (Schott) Baill.","7297","splink","HBRA","Souza, M.G.C.","540","Native","2009",,,"Latão","Ouro",,"Óbidos","Estação Ecológica do Grão Pará"
"ESTAÇÃO ECOLÓGICA GRÃO PARÁ","Ferns and Lycophytes","Poaceae","Panicum",,"L.","POACEAE Panicum L.","7578","splink","HBRA","Souza, M.G.C.","519","Native","2009",,,"Latão","Ouro",,"Óbidos","Estação Ecológica do Grão Pará"
"ESTAÇÃO ECOLÓGICA GRÃO PARÁ","Ferns and Lycophytes","Sematophyllaceae","Sematophyllum",,"Mitt.","SEMATOPHYLLACEAE Sematophyllum Mitt.","6306","x","HBRA","Souza, M.G.C.","372","Native","2009",,,"Latão","Ouro",,,"Estação Ecológica do Grão Pará"
"ESTAÇÃO ECOLÓGICA GRÃO PARÁ","Ferns and Lycophytes","Cyatheaceae","Cyathea",,"J.Sm.","CYATHEACEAE Cyathea J.Sm.","11828","x","HBRA","Maciel, S.","850","Native","2008",,,"Latão","Ouro",,,"Estação Ecológica Grão Pará, Trilha T3, entre a parcela 01 e a parcela 02"
"ESTAÇÃO ECOLÓGICA GRÃO PARÁ","Ferns and Lycophytes","Dennstaedtiaceae","Dennstaedtia",,"Bernh.","DENNSTAEDTIACEAE Dennstaedtia Bernh.","MBM419509",,"MBM","Silva, M.R.P.","7861","Native","2008",,,"Latão","Ouro",,"Oriximiná","Estação Ecológica do Grão Pará, Serra do Acari."
"ESTAÇÃO ECOLÓGICA GRÃO PARÁ","Ferns and Lycophytes","Dryopteridaceae","Polybotrya",,"Willd.","DRYOPTERIDACEAE Polybotrya Willd.","12256","x","HBRA","Pietrobom, M.R.","7788","Native","2008",,,"Latão","Ouro",,,"ESEC do Grão Pará, Serra do Acari, trilha 2 de 2800m"
"ESTAÇÃO ECOLÓGICA GRÃO PARÁ","Bryophytes","Gleicheniaceae","Sticherus",,"C.Presl","GLEICHENIACEAE Sticherus C.Presl","12272","x","HBRA","Pietrobom, M.R.","8045","Native","2008",,,"Latão","Ouro",,,"ESEC do Grão Pará, Serra do Acari, trilha 4 de 3000m, proximidades da parcela 3"
"ESTAÇÃO ECOLÓGICA GRÃO PARÁ","Ferns and Lycophytes","Lejeuneaceae","Cyclolejeunea",,"A.Evans","LEJEUNEACEAE Cyclolejeunea A.Evans","UB1247970",,"UB","Pietrobom, M.R.","7873","Native","2008",,,"Latão","Ouro",,"Oriximiná","ESEC do Grão Pará, Serra do Acari."
"ESTAÇÃO ECOLÓGICA GRÃO PARÁ","Ferns and Lycophytes","Lejeuneaceae","Lejeunea",,"Lib.","LEJEUNEACEAE Lejeunea Lib.","6266","x","HBRA","Pietrobom, M.R.","8077a","Native","2008",,,"Latão","Ouro",,,"ESEC do Grão Pará, Serra do Acari, trilha 1 de 4350m"
"ESTAÇÃO ECOLÓGICA GRÃO PARÁ",,"Lejeuneaceae",,,"Rostovzev","LEJEUNEACEAE Lejeuneaceae Rostovzev","7813","x","HBRA","Pietrobom, M.R.","7982",,"2008",,,"Latão","Ouro",,,"ESEC do Grão Pará, Serra do Acari, trilha 3 de 4000m"
"ESTAÇÃO ECOLÓGICA GRÃO PARÁ","Ferns and Lycophytes","Lejeuneaceae","Leptolejeunea",,"(Spruce) Schiffn.","LEJEUNEACEAE Leptolejeunea (Spruce) Schiffn.","7763","x","HBRA","Pietrobom, M.R.","8019","Native","2008",,,"Latão","Ouro",,,"ESEC do Grão Pará, Serra do Acari, trilha 1 de 4350m"
"ESTAÇÃO ECOLÓGICA GRÃO PARÁ","Ferns and Lycophytes","Lepidoziaceae","Lepidozia",,"Dumort.","LEPIDOZIACEAE Lepidozia Dumort.","7941","x","HBRA","Pietrobom, M.R.","8014","Native","2008",,,"Latão","Ouro",,,"ESEC do Grão Pará, Serra do Acari, trilha 1 de 4350m"
"ESTAÇÃO ECOLÓGICA GRÃO PARÁ","Ferns and Lycophytes","Marattiaceae","Danaea",,"Sm.","MARATTIACEAE Danaea Sm.","13294","x","HBRA","Pietrobom, M.R.","7760","Native","2008",,,"Latão","Ouro",,,"ESEC do Grão Pará, Serra do Acari, trilha 2 de 2800m"
"ESTAÇÃO ECOLÓGICA GRÃO PARÁ","Ferns and Lycophytes","Pilotrichaceae","Thamniopsis",,"(Mitt.) M.Fleisch.","PILOTRICHACEAE Thamniopsis (Mitt.) M.Fleisch.","8373","x","HBRA","Pietrobom, M.R.","7971","Native","2008",,,"Latão","Ouro",,,"ESEC do Grão Pará, Serra do Acari"
"ESTAÇÃO ECOLÓGICA GRÃO PARÁ","Ferns and Lycophytes","Pteridaceae","Adiantopsis",,"Fée","PTERIDACEAE Adiantopsis Fée","15325","x","HBRA","Pietrobom, M.R.","8056","Native","2008",,,"Latão","Ouro",,,"ESEC do Grão Pará, Serra do Acari, trilha 4 de 3000m, proximidades da parcela 3"
