"UC","Grupos","Família","Gênero","Espécie","Autor","Táxon_completo","Barcode","BD_Origem","Herbário","Coletor","Número_da_Coleta","Origem_FFBr","AnoColeta","Identificador","AnoID","ConfiançaID","ConfiançaLoc","Imagens","Município","Localidade"
"PARQUE NACIONAL CAMPOS FERRUGINOSOS","Angiosperms","Melastomataceae","Miconia","alata","(Aubl.) DC.","MELASTOMATACEAE Miconia alata (Aubl.) DC.","UPCB00072638",,"UPCB","Obermuller, F.","1862","Native","2023","Goldenberg, R.","2023","Ouro","Ouro","jbrj-public.s3-sa-east-1.amazonaws.com/fsi/server?type=image&source=DZI/upcb/upcb/0/7/26/38/upcb00072638.dzi","Parauapebas","Estrada entre a base águas claras e o portão de entrada do Parna dos Campos Ferruginosos. Parque Nacional dos Campos Ferruginosos"
"PARQUE NACIONAL CAMPOS FERRUGINOSOS","Angiosperms","Melastomataceae","Bellucia","egensis","(DC.) Penneys, Michelangeli, Judd, and Almeda","MELASTOMATACEAE Bellucia egensis (DC.) Penneys, Michelangeli, Judd, and Almeda","UPCB00072669",,"UPCB","Obermuller, F.","1914","Native","2022","Goldenberg, R.","2023","Ouro","Ouro","jbrj-public.s3-sa-east-1.amazonaws.com/fsi/server?type=image&source=DZI/upcb/upcb/0/7/26/69/upcb00072669.dzi","Parauapebas","Base águas claras. Parque Nacional dos Campos Ferruginosos"
"PARQUE NACIONAL CAMPOS FERRUGINOSOS","Angiosperms","Melastomataceae","Bellucia","grossularioides","(L.) Triana","MELASTOMATACEAE Bellucia grossularioides (L.) Triana","UPCB00072685",,"UPCB","Obermuller, F.","1871","Native","2022","Goldenberg, R.","2023","Ouro","Ouro","jbrj-public.s3-sa-east-1.amazonaws.com/fsi/server?type=image&source=DZI/upcb/upcb/0/7/26/85/upcb00072685.dzi","Parauapebas","Estrada entre a base águas claras e o portão de entrada do Parna dos Campos Ferruginosos. Parque Nacional dos Campos Ferruginosos"
"PARQUE NACIONAL CAMPOS FERRUGINOSOS","Angiosperms","Melastomataceae","Bellucia","mespiloides","(Miq.) Macbr.","MELASTOMATACEAE Bellucia mespiloides (Miq.) Macbr.","UPCB00072684",,"UPCB","Obermuller, F.","1853","Native","2022","Goldenberg, R.","2023","Ouro","Ouro","jbrj-public.s3-sa-east-1.amazonaws.com/fsi/server?type=image&source=DZI/upcb/upcb/0/7/26/84/upcb00072684_1.dzi|jbrj-public.s3-sa-east-1.amazonaws.com/fsi/server?type=image&source=DZI/upcb/upcb/0/7/26/84/upcb00072684.dzi","Parauapebas","Estrada entre a base águas claras e o portão de entrada do Parna dos Campos Ferruginosos. Parque Nacional dos Campos Ferruginosos"
"PARQUE NACIONAL CAMPOS FERRUGINOSOS","Angiosperms","Melastomataceae","Miconia","lateriflora","Cogn.","MELASTOMATACEAE Miconia lateriflora Cogn.","UPCB00072623",,"UPCB","Obermuller, F.","1904","Native","2022","Goldenberg, R.","2023","Ouro","Ouro","jbrj-public.s3-sa-east-1.amazonaws.com/fsi/server?type=image&source=DZI/upcb/upcb/0/7/26/23/upcb00072623.dzi","Parauapebas","Trilha do vai quem quer, ao lado da cachoeira águas claras. Parque Nacional dos Campos Ferruginosos"
"PARQUE NACIONAL CAMPOS FERRUGINOSOS","Angiosperms","Melastomataceae","Miconia","splendens","(Sw.) Griseb.","MELASTOMATACEAE Miconia splendens (Sw.) Griseb.","UPCB00072639",,"UPCB","Obermuller, F.","1868","Native","2022","Goldenberg, R.","2023","Ouro","Ouro","jbrj-public.s3-sa-east-1.amazonaws.com/fsi/server?type=image&source=DZI/upcb/upcb/0/7/26/39/upcb00072639.dzi","Parauapebas","Estrada entre a base águas claras e o portão de entrada do Parna dos Campos Ferruginosos. Parque Nacional dos Campos Ferruginosos"
"PARQUE NACIONAL CAMPOS FERRUGINOSOS","Angiosperms","Fabaceae","Mimosa","somnians","(Willd.) Barneby","FABACEAE Mimosa somnians var. viscida (Willd.) Barneby","HCJS00019420",,"HCJS","Machado, L.M.","39","Native","2023","Lima, H.C.","2025","Ouro","Ouro",,"Canaã dos Carajás","Serra do Tarzan. Parna Campos Ferruginosos"
"PARQUE NACIONAL CAMPOS FERRUGINOSOS","Angiosperms","Burseraceae","Protium",,"Burm.f.","BURSERACEAE Protium Burm.f.","RB01490573","x","RB","Obermuller, F.","1912","Native","2022","Daly, D.",,"Ouro","Ouro",,,"Base águas claras. Parque Nacional dos Campos Ferruginosos"
"PARQUE NACIONAL CAMPOS FERRUGINOSOS","Angiosperms","Burseraceae","Protium","decorum","Daly","BURSERACEAE Protium decorum Daly","RB01490557","x","RB","Obermuller, F.","1896","Naturalized","2022","Daly, D.",,"Ouro","Ouro",,,"Trilha do vai quem quer, ao lado da cachoeira águas claras. Parque Nacional dos Campos Ferruginosos"
"PARQUE NACIONAL CAMPOS FERRUGINOSOS","Angiosperms","Euphorbiaceae","Aparisthmium","cordatum","(A.Juss.) Baill.","EUPHORBIACEAE Aparisthmium cordatum (A.Juss.) Baill.","RB01490516","x","RB","Obermuller, F.","1855","Native","2022","Cordeiro, I.",,"Ouro","Ouro",,,"Estrada entre a base águas claras e o portão de entrada do Parna dos Campos Ferruginosos. Parque Nacional dos Campos Ferruginosos"
"PARQUE NACIONAL CAMPOS FERRUGINOSOS","Angiosperms","Piperaceae","Piper","arboreum","Aubl.","PIPERACEAE Piper arboreum var. arboreum Aubl.","RB01490533","x","RB","Obermuller, F.","1872","Native","2022","Marcusso, G.M.",,"Ouro","Ouro",,,"Estrada entre a base águas claras e o portão de entrada do Parna dos Campos Ferruginosos. Parque Nacional dos Campos Ferruginosos"
"PARQUE NACIONAL CAMPOS FERRUGINOSOS","Ferns and Lycophytes","Rutaceae","Metrodorea","flavida","K.Krause","RUTACEAE Metrodorea flavida K.Krause","RB01490566","x","RB","Obermuller, F.","1905","Native","2022","Pirani, J.R.",,"Ouro","Ouro",,,"Base águas claras. Parque Nacional dos Campos Ferruginosos"
"PARQUE NACIONAL CAMPOS FERRUGINOSOS","Angiosperms","Acanthaceae","Ruellia","inflata","Rich.","ACANTHACEAE Ruellia inflata Rich.","RB01490500","x","RB","Obermuller, F.","1839","Native","2022","Azevedo, I.H.F.","2024","Ouro","Ouro",,,"Estrada da Pedra da Arpia. Parque Nacional dos Campos Ferruginosos"
"PARQUE NACIONAL CAMPOS FERRUGINOSOS","Angiosperms","Annonaceae","Anaxagorea","brevipes","Benth.","ANNONACEAE Anaxagorea brevipes Benth.","RB01490560","x","RB","Obermuller, F.","1899","Native","2022","Lobao, A.","2024","Ouro","Ouro",,,"Trilha do vai quem quer, ao lado da cachoeira águas claras. Parque Nacional dos Campos Ferruginosos"
"PARQUE NACIONAL CAMPOS FERRUGINOSOS","Angiosperms","Annonaceae","Guatteria","punctata","(Aubl.) R.A.Howard","ANNONACEAE Guatteria punctata (Aubl.) R.A.Howard","RB01490553","x","RB","Obermuller, F.","1892","Native","2022","Lobao, A.","2024","Ouro","Ouro",,,"Trilha do vai quem quer, ao lado da cachoeira águas claras. Parque Nacional dos Campos Ferruginosos"
"PARQUE NACIONAL CAMPOS FERRUGINOSOS","Angiosperms","Fabaceae","Inga","rubiginosa","(Rich.) DC.","FABACEAE Inga rubiginosa (Rich.) DC.","RB01490576","x","RB","Obermuller, F.","1915","Native","2022","Morim, M.P.","2024","Ouro","Ouro",,,"Base águas claras. Parque Nacional dos Campos Ferruginosos"
"PARQUE NACIONAL CAMPOS FERRUGINOSOS","Angiosperms","Fabaceae","Inga","thibaudiana","DC.","FABACEAE Inga thibaudiana DC.","RB01490531","x","RB","Obermuller, F.","1870","Native","2022","Morim, M.P.","2024","Ouro","Ouro",,,"Estrada entre a base águas claras e o portão de entrada do Parna dos Campos Ferruginosos. Parque Nacional dos Campos Ferruginosos"
"PARQUE NACIONAL CAMPOS FERRUGINOSOS","Angiosperms","Salicaceae","Casearia","grandiflora","Cambess.","SALICACEAE Casearia grandiflora Cambess.","RB01490525","x","RB","Obermuller, F.","1864","Native","2022","Marquete, R.","2024","Ouro","Ouro",,,"Estrada entre a base águas claras e o portão de entrada do Parna dos Campos Ferruginosos. Parque Nacional dos Campos Ferruginosos"
"PARQUE NACIONAL CAMPOS FERRUGINOSOS","Angiosperms","Salicaceae","Laetia","procera","(Poepp.) Eichler","SALICACEAE Laetia procera (Poepp.) Eichler","RB01490574","x","RB","Obermuller, F.","1913","Native","2022","Marquete, R.","2024","Ouro","Ouro",,,"Base águas claras. Parque Nacional dos Campos Ferruginosos"
"PARQUE NACIONAL CAMPOS FERRUGINOSOS","Angiosperms","Sapindaceae","Cupania","diphylla","Vahl","SAPINDACEAE Cupania diphylla Vahl","RB01490486","x","RB","Obermuller, F.","1826","Native","2022","Medeiros, H.","2024","Ouro","Ouro",,,"Estrada da Pedra da Arpia perto do km5 pós a base do Parna. Parque Nacional dos Campos Ferruginosos"
"PARQUE NACIONAL CAMPOS FERRUGINOSOS","Angiosperms","Sapindaceae","Serjania",,"Mill.","SAPINDACEAE Serjania Mill.","RB01490562","x","RB","Obermuller, F.","1901","Native","2022","Medeiros, H.","2024","Ouro","Ouro",,,"Trilha do vai quem quer, ao lado da cachoeira águas claras. Parque Nacional dos Campos Ferruginosos"
"PARQUE NACIONAL CAMPOS FERRUGINOSOS","Angiosperms","Sapindaceae","Talisia","mollis","Kunth ex Cambess.","SAPINDACEAE Talisia mollis Kunth ex Cambess.","RB01490552","x","RB","Obermuller, F.","1891","Naturalized","2022","Medeiros, H.","2024","Ouro","Ouro",,,"Trilha do vai quem quer, ao lado da cachoeira águas claras. Parque Nacional dos Campos Ferruginosos"
"PARQUE NACIONAL CAMPOS FERRUGINOSOS","Angiosperms","Chrysobalanaceae","Hirtella","burchellii","Britton","CHRYSOBALANACEAE Hirtella burchellii Britton","RB01490494","x","RB","Obermuller, F.","1834","Native","2022","Asprino, R.","2023","Ouro","Ouro",,,"Estrada da Pedra da Arpia. Parque Nacional dos Campos Ferruginosos"
"PARQUE NACIONAL CAMPOS FERRUGINOSOS","Ferns and Lycophytes","Cyperaceae","Scleria","latifolia","Sw.","CYPERACEAE Scleria latifolia Sw.","RB01490538","x","RB","Obermuller, F.","1877","Native","2022","Trevisan, R.","2023","Ouro","Ouro",,,"Estrada entre a base águas claras e o portão de entrada do Parna dos Campos Ferruginosos. Parque Nacional dos Campos Ferruginosos"
"PARQUE NACIONAL CAMPOS FERRUGINOSOS","Angiosperms","Dilleniaceae","Davilla","cearensis","Huber","DILLENIACEAE Davilla cearensis Huber","RB01490449","x","RB","Obermuller, F.","1789","Native","2022","Araujo, M.D.F.","2023","Ouro","Ouro",,,"Estrada de acesso a base Igarapé Bahia cerca de 10km do portão de entrada do PARNA Campos Ferruginosos. Floresta Nacional de Carajás"
"PARQUE NACIONAL CAMPOS FERRUGINOSOS","Angiosperms","Euphorbiaceae","Mabea","fistulifera","Mart.","EUPHORBIACEAE Mabea fistulifera Mart.","RB01490502","x","RB","Obermuller, F.","1841","Native","2022","Cordeiro, I.","2023","Ouro","Ouro",,,"Estrada da Pedra da Arpia. Parque Nacional dos Campos Ferruginosos"
"PARQUE NACIONAL CAMPOS FERRUGINOSOS",,"Euphorbiaceae","Plukenetia","penninervia","Müll.Arg.","EUPHORBIACEAE Plukenetia penninervia Müll.Arg.","RB01490561","x","RB","Obermuller, F.","1900",,"2022","Silva, O.L.M.","2023","Ouro","Ouro",,,"Trilha do vai quem quer, ao lado da cachoeira águas claras. Parque Nacional dos Campos Ferruginosos"
"PARQUE NACIONAL CAMPOS FERRUGINOSOS","Angiosperms","Euphorbiaceae","Sapium","marmieri","Huber","EUPHORBIACEAE Sapium marmieri Huber","RB01490510","x","RB","Obermuller, F.","1849","Native","2022","Cordeiro, I.","2023","Ouro","Ouro",,,"Estrada da Pedra da Arpia. Parque Nacional dos Campos Ferruginosos"
"PARQUE NACIONAL CAMPOS FERRUGINOSOS","Angiosperms","Fabaceae","Mimosa","paludosa","Benth.","FABACEAE Mimosa paludosa Benth.","RB01490524","x","RB","Obermuller, F.","1863","Native","2022","Morim, M.P.","2023","Ouro","Ouro",,,"Estrada entre a base águas claras e o portão de entrada do Parna dos Campos Ferruginosos. Parque Nacional dos Campos Ferruginosos"
"PARQUE NACIONAL CAMPOS FERRUGINOSOS","Angiosperms","Rubiaceae","Augusta","longifolia","(Spreng.) Rehder","RUBIACEAE Augusta longifolia (Spreng.) Rehder","RB01490558","x","RB","Obermuller, F.","1897","Native","2022","Jardim, J.","2023","Ouro","Ouro",,,"Trilha do vai quem quer, ao lado da cachoeira águas claras. Parque Nacional dos Campos Ferruginosos"
"PARQUE NACIONAL CAMPOS FERRUGINOSOS","Ferns and Lycophytes","Rubiaceae","Borreria","ocymifolia","(Roem. & Schult.) Bacigalupo & E.L.Cabral","RUBIACEAE Borreria ocymifolia (Roem. & Schult.) Bacigalupo & E.L.Cabral","RB01490536","x","RB","Obermuller, F.","1875","Native","2022","Jardim, J.","2023","Ouro","Ouro",,,"Estrada entre a base águas claras e o portão de entrada do Parna dos Campos Ferruginosos. Parque Nacional dos Campos Ferruginosos"
"PARQUE NACIONAL CAMPOS FERRUGINOSOS","Angiosperms","Rubiaceae","Coussarea",,"Aubl.","RUBIACEAE Coussarea Aubl.","RB01490579","x","RB","Obermuller, F.","1918","Native","2022","Jardim, J.","2023","Ouro","Ouro",,,"Trilha do vai quem quer, ao lado da cachoeira águas claras. Parque Nacional dos Campos Ferruginosos"
"PARQUE NACIONAL CAMPOS FERRUGINOSOS","Angiosperms","Rubiaceae","Palicourea",,"Aubl.","RUBIACEAE Palicourea Aubl.","RB01490555","x","RB","Obermuller, F.","1894","Native","2022","Jardim, J.","2023","Ouro","Ouro",,,"Trilha do vai quem quer, ao lado da cachoeira águas claras. Parque Nacional dos Campos Ferruginosos"
"PARQUE NACIONAL CAMPOS FERRUGINOSOS","Angiosperms","Sapindaceae","Paullinia","stenopetala","Sagot","SAPINDACEAE Paullinia stenopetala Sagot","HACAM00003859",,"HACAM","Obermuller, F.","1787","Native","2022","Medeiros, H.","2023","Ouro","Ouro",,"Parauapebas","Floresta Nacional de Carajás. Estrada de acesso a base Igarapé Bahia cerca de 10km do portão de entrada do PARNA Campos Ferruginosos; Floresta de terra firme."
"PARQUE NACIONAL CAMPOS FERRUGINOSOS","Angiosperms","Sapotaceae","Lucuma","manaosensis","(Aubrév. & Pellegr.) Swenson","SAPOTACEAE Lucuma manaosensis (Aubrév. & Pellegr.) Swenson","RB01490445","x","RB","Obermuller, F.","1785","Native","2022","Alves-Araujo, A.","2023","Ouro","Ouro",,,"Estrada de acesso a base Igarapé Bahia cerca de 10km do portão de entrada do PARNA Campos Ferruginosos. Floresta Nacional de Carajás"
"PARQUE NACIONAL CAMPOS FERRUGINOSOS","Ferns and Lycophytes","Euphorbiaceae","Croton","cajucara","Benth.","EUPHORBIACEAE Croton cajucara Benth.","RB01507232","x","RB","Silva, R.G.B.","1425","Native","2020","Caruzo, M.B.R.",,"Ouro","Ouro",,,"PARNA dos Campos ferruginosos, estrada para o Mirante da Harpia"
"PARQUE NACIONAL CAMPOS FERRUGINOSOS","Angiosperms","Poaceae","Rugoloa","pilosa","(Sw.) Zuloaga","POACEAE Rugoloa pilosa (Sw.) Zuloaga","RB01496567","x","RB","Barbosa-Silva, R.G.","1413","Native","2020","Viana, P.L.",,"Ouro","Ouro",,,"PARNA dos Campos Ferruginosos, Pedra da Harpia"
"PARQUE NACIONAL CAMPOS FERRUGINOSOS","Angiosperms","Dioscoreaceae","Dioscorea","glandulosa","(Klotzsch ex Griseb.) Kunth","DIOSCOREACEAE Dioscorea glandulosa (Klotzsch ex Griseb.) Kunth","MG243735","x","MG","Gadelha-Silva, L.","69","Native","2020","Couto, R.S.","2021","Ouro","Ouro",,,"Parque Nacional dos Campos Ferruginosos"
"PARQUE NACIONAL CAMPOS FERRUGINOSOS","Angiosperms","Araceae","Philodendron","acutatum","Schott","ARACEAE Philodendron acutatum Schott","RB01508601","x","RB","Silva, R.G.B.","1404","Native","2020","Nadruz, M.","2020","Ouro","Ouro",,,"PARNA dos Campos Ferruginosos, Pedra da Harpia"
"PARQUE NACIONAL CAMPOS FERRUGINOSOS","Angiosperms","Bignoniaceae","Fridericia","nigrescens","(Sandwith) L.G.Lohmann","BIGNONIACEAE Fridericia nigrescens (Sandwith) L.G.Lohmann","MG243710","x","MG","Gadelha-Silva, L.","42","Native","2020","Lohmann, L.G.","2020","Ouro","Ouro",,,"Parque Nacional dos Campos Ferruginosos"
"PARQUE NACIONAL CAMPOS FERRUGINOSOS","Angiosperms","Commelinaceae","Dichorisandra","villosula","Mart. ex Schult.f.","COMMELINACEAE Dichorisandra villosula Mart. ex Schult.f.","MG244327","x","MG","Lovo, J.","537","Native","2020","Aona, L.Y.S.","2020","Ouro","Ouro",,,"PARNA dos Campos Ferruginosos"
"PARQUE NACIONAL CAMPOS FERRUGINOSOS","Angiosperms","Poaceae","Streptostachys","asperifolia","Desv.","POACEAE Streptostachys asperifolia Desv.","MG243744","x","MG","Gadelha-Silva, L.","78","Native","2020","Viana, P.L.","2020","Ouro","Ouro",,,"Parque Nacional dos Campos Ferruginosos"
"PARQUE NACIONAL CAMPOS FERRUGINOSOS","Angiosperms","Poaceae","Taquara","micrantha","(Kunth) I.L.C.Oliveira & R.P.Oliveira","POACEAE Taquara micrantha (Kunth) I.L.C.Oliveira & R.P.Oliveira","MG243739","x","MG","Gadelha-Silva, L.","73","Native","2020","Viana, P.L.","2020","Ouro","Ouro",,,"Parque Nacional dos Campos Ferruginosos"
"PARQUE NACIONAL CAMPOS FERRUGINOSOS","Ferns and Lycophytes","Rubiaceae","Borreria","alata","(Aubl.) DC.","RUBIACEAE Borreria alata (Aubl.) DC.","MG243720","x","MG","Gadelha-Silva, L.","53","Native","2020","Zappi, D.C.","2020","Ouro","Ouro",,,"Parque Nacional dos Campos Ferruginosos"
"PARQUE NACIONAL CAMPOS FERRUGINOSOS","Ferns and Lycophytes","Rubiaceae","Borreria","heteranthera","E.L.Cabral & Sobrado","RUBIACEAE Borreria heteranthera E.L.Cabral & Sobrado","MG243719","x","MG","Gadelha-Silva, L.","51","Native","2020","Zappi, D.C.","2020","Ouro","Ouro",,,"Parque Nacional dos Campos Ferruginosos"
"PARQUE NACIONAL CAMPOS FERRUGINOSOS","Angiosperms","Rubiaceae","Dialypetalanthus","fuscescens","Kuhlm.","RUBIACEAE Dialypetalanthus fuscescens Kuhlm.","MG243706","x","MG","Gadelha-Silva, L.","38","Native","2020","Zappi, D.C.","2020","Ouro","Ouro",,,"Parque Nacional dos Campos Ferruginosos"
"PARQUE NACIONAL CAMPOS FERRUGINOSOS","Angiosperms","Rubiaceae","Hamelia","patens","Jacq.","RUBIACEAE Hamelia patens Jacq.","MG243712","x","MG","Gadelha-Silva, L.","44","Native","2020","Zappi, D.C.","2020","Ouro","Ouro",,,"Parque Nacional dos Campos Ferruginosos"
"PARQUE NACIONAL CAMPOS FERRUGINOSOS","Angiosperms","Rubiaceae","Mitracarpus","carajasensis","E.L.Cabral, Sobrado & E.B.Souza","RUBIACEAE Mitracarpus carajasensis E.L.Cabral, Sobrado & E.B.Souza","MG243722","x","MG","Gadelha-Silva, L.","55","Native","2020","Zappi, D.C.","2020","Ouro","Ouro",,,"Parque Nacional dos Campos Ferruginosos"
"PARQUE NACIONAL CAMPOS FERRUGINOSOS","Angiosperms","Rubiaceae","Palicourea","deflexa","(DC.) Borhidi","RUBIACEAE Palicourea deflexa (DC.) Borhidi","RB01605438","x","RB","Silva, R.G.B.","1369","Native","2020","Zappi, D.C.","2020","Ouro","Ouro",,,"PARNA dos Campos Ferruginosos, Trilha Peito de Aço, na estrada entre a Serra Norte e a Serra Sul, próximo ao alojamento do ICMbio"
"PARQUE NACIONAL CAMPOS FERRUGINOSOS","Angiosperms","Rubiaceae","Palicourea","marcgravii","A.St.-Hil.","RUBIACEAE Palicourea marcgravii A.St.-Hil.","MG243718","x","MG","Gadelha-Silva, L.","50","Native","2020","Zappi, D.C.","2020","Ouro","Ouro",,,"Parque Nacional dos Campos Ferruginosos"
"PARQUE NACIONAL CAMPOS FERRUGINOSOS","Angiosperms","Rubiaceae","Palicourea","racemosa","(Aubl.) G.Nicholson","RUBIACEAE Palicourea racemosa (Aubl.) G.Nicholson","BHCB221275","splink","BHCB","Barbosa-Silva, R.G.","1371","Native","2020","Zappi, D.C.","2020","Ouro","Ouro",,"Parauapebas","PARNA dos Campos Ferruginosos, trilha Peito de Aço, na estrda entre a Serra Norte e a Serra Sul, próximo ao alojamento do ICMbio. Cachoeira. Floresta ombrófila aberta, margem da cachoeira."
"PARQUE NACIONAL CAMPOS FERRUGINOSOS","Angiosperms","Chrysobalanaceae","Hirtella",,"L.","CHRYSOBALANACEAE Hirtella L.","BHCB221278","splink","BHCB","Barbosa-Silva, R.G.","1302","Native","2019",,"0-0-0","Ouro","Ouro",,"Canaã dos Carajás","Canaã dos Carajás, PARNA Campos Ferruginosos, trilha para a Cachoeira da Bocaina."
"PARQUE NACIONAL CAMPOS FERRUGINOSOS","Angiosperms","Lamiaceae","Hyptis","recurvata","Poit.","LAMIACEAE Hyptis recurvata Poit.","MG243826","x","MG","Zappi, D.C.","4702","Native","2019","Harley, R.M.","2021","Ouro","Ouro",,,"Parque Nacional dos Campos Ferruginosos"
"PARQUE NACIONAL CAMPOS FERRUGINOSOS","Angiosperms","Malvaceae","Luehea","candicans","Mart.","MALVACEAE Luehea candicans Mart.","INPA0301235","splink","INPA","Barbosa-Silva, R.G.","1352","Native","2019","Esteves, G.L.","2020","Ouro","Ouro",,"Canaã dos Carajás","PARNA dos Campos Ferruginosos"
"PARQUE NACIONAL CAMPOS FERRUGINOSOS","Angiosperms","Poaceae","Anthaenantia","lanata","(Kunth) Benth.","POACEAE Anthaenantia lanata (Kunth) Benth.","MG243680","x","MG","Gadelha-Silva, L.","11","Native","2019","Viana, P.L.","2020","Ouro","Ouro",,,"Parque Nacional dos Campos Ferruginosos"
"PARQUE NACIONAL CAMPOS FERRUGINOSOS","Angiosperms","Poaceae","Cenchrus","polystachios","(L.) Morrone","POACEAE Cenchrus polystachios (L.) Morrone","MG243857","x","MG","Zappi, D.C.","4737","Native","2019","Viana, P.L.","2020","Ouro","Ouro",,,"Parque Nacional dos Campos Ferruginosos"
"PARQUE NACIONAL CAMPOS FERRUGINOSOS","Angiosperms","Poaceae","Hildaea","parvispiculata","C.Silva & R.P.Oliveira","POACEAE Hildaea parvispiculata C.Silva & R.P.Oliveira","MG243875","x","MG","Zappi, D.C.","4756","Native","2019","Viana, P.L.","2020","Ouro","Ouro",,,"Parque Nacional dos Campos Ferruginosos"
"PARQUE NACIONAL CAMPOS FERRUGINOSOS","Angiosperms","Poaceae","Lasiacis","ligulata","Hitchc. & Chase","POACEAE Lasiacis ligulata Hitchc. & Chase","MG243897","x","MG","Zappi, D.C.","4883","Native","2019","Viana, P.L.","2020","Ouro","Ouro",,,"Parque Nacional dos Campos Ferruginosos"
"PARQUE NACIONAL CAMPOS FERRUGINOSOS","Angiosperms","Poaceae","Melinis","minutiflora","P.Beauv.","POACEAE Melinis minutiflora P.Beauv.","MG243858","x","MG","Zappi, D.C.","4738","Native","2019","Viana, P.L.","2020","Ouro","Ouro",,,"Parque Nacional dos Campos Ferruginosos"
"PARQUE NACIONAL CAMPOS FERRUGINOSOS","Ferns and Lycophytes","Poaceae","Mesosetum","filifolium","F.T. Hubb.","POACEAE Mesosetum filifolium F.T. Hubb.","MG243924","x","MG","Zappi, D.C.","5045","Native","2019","Viana, P.L.","2020","Ouro","Ouro",,,"Parque Nacional dos Campos Ferruginosos"
"PARQUE NACIONAL CAMPOS FERRUGINOSOS","Angiosperms","Poaceae","Paspalum","cinerascens","(Döll) A.G.Burm. & C.N.Bastos","POACEAE Paspalum cinerascens (Döll) A.G.Burm. & C.N.Bastos","MG243931","x","MG","Zappi, D.C.","5052","Native","2019","Viana, P.L.","2020","Ouro","Ouro",,,"Parque Nacional dos Campos Ferruginosos"
"PARQUE NACIONAL CAMPOS FERRUGINOSOS","Angiosperms","Poaceae","Paspalum","foliiforme","S.Denham","POACEAE Paspalum foliiforme S.Denham","MG243818","x","MG","Zappi, D.C.","4694","Native","2019","Viana, P.L.","2020","Ouro","Ouro",,,"Parque Nacional dos Campos Ferruginosos"
"PARQUE NACIONAL CAMPOS FERRUGINOSOS","Angiosperms","Poaceae","Paspalum","paniculatum","L.","POACEAE Paspalum paniculatum L.","MG243957","x","MG","Zappi, D.C.","5078","Native","2019","Viana, P.L.","2020","Ouro","Ouro",,,"Parque Nacional dos Campos Ferruginosos"
"PARQUE NACIONAL CAMPOS FERRUGINOSOS","Angiosperms","Poaceae","Paspalum","parviflorum","Rhode ex Flüggé","POACEAE Paspalum parviflorum Rhode ex Flüggé","MG243839","x","MG","Zappi, D.C.","4716","Native","2019","Viana, P.L.","2020","Ouro","Ouro",,,"Parque Nacional dos Campos Ferruginosos"
"PARQUE NACIONAL CAMPOS FERRUGINOSOS","Angiosperms","Poaceae","Rhytachne","gonzalezii","Davidse","POACEAE Rhytachne gonzalezii Davidse","MG243882","x","MG","Zappi, D.C.","4764","Native","2019","Viana, P.L.","2020","Ouro","Ouro",,,"Parque Nacional dos Campos Ferruginosos"
"PARQUE NACIONAL CAMPOS FERRUGINOSOS",,"Poaceae","Trichanthecium","arctum","(Swallen) Zuloaga & Morrone","POACEAE Trichanthecium arctum (Swallen) Zuloaga & Morrone","MG243838","x","MG","Zappi, D.C.","4714",,"2019","Viana, P.L.","2020","Ouro","Ouro",,,"Parque Nacional dos Campos Ferruginosos"
"PARQUE NACIONAL CAMPOS FERRUGINOSOS","Ferns and Lycophytes","Rubiaceae","Borreria","elaiosulcata","E.L.Cabral & L.M.Miguel","RUBIACEAE Borreria elaiosulcata E.L.Cabral & L.M.Miguel","MG243831","x","MG","Zappi, D.C.","4707","Native","2019","Zappi, D.C.","2020","Ouro","Ouro",,,"Parque Nacional dos Campos Ferruginosos"
"PARQUE NACIONAL CAMPOS FERRUGINOSOS","Ferns and Lycophytes","Rubiaceae","Cordiera","myrciifolia","(K.Schum.) C.H.Perss. & Delprete","RUBIACEAE Cordiera myrciifolia (K.Schum.) C.H.Perss. & Delprete","MG243933","x","MG","Zappi, D.C.","5054","Native","2019","Zappi, D.C.","2020","Ouro","Ouro",,,"Parque Nacional dos Campos Ferruginosos"
"PARQUE NACIONAL CAMPOS FERRUGINOSOS","Ferns and Lycophytes","Rubiaceae","Perama","carajensis","J.H.Kirkbr.","RUBIACEAE Perama carajensis J.H.Kirkbr.","MG243812","x","MG","Zappi, D.C.","4687","Native","2019","Zappi, D.C.","2020","Ouro","Ouro",,,"Parque Nacional dos Campos Ferruginosos"
"PARQUE NACIONAL CAMPOS FERRUGINOSOS","Angiosperms","Rubiaceae","Sabicea","grisea","Cham. & Schltdl.","RUBIACEAE Sabicea grisea Cham. & Schltdl.","MG243698","x","MG","Gadelha-Silva, L.","29","Native","2019","Zappi, D.C.","2020","Ouro","Ouro",,,"Parque Nacional dos Campos Ferruginosos"
"PARQUE NACIONAL CAMPOS FERRUGINOSOS","Angiosperms","Rubiaceae","Tocoyena","formosa","(Cham. & Schltdl.) K.Schum.","RUBIACEAE Tocoyena formosa (Cham. & Schltdl.) K.Schum.","MG243683","x","MG","Gadelha-Silva, L.","14","Native","2019","Zappi, D.C.","2020","Ouro","Ouro",,,"Parque Nacional dos Campos Ferruginosos"
"PARQUE NACIONAL CAMPOS FERRUGINOSOS","Angiosperms","Rubiaceae","Borreria","verticillata","(L.) G.Mey.","RUBIACEAE Borreria verticillata (L.) G.Mey.","MG243948","x","MG","Zappi, D.C.","5069","Native","2019","Zappi, D.C.","2019","Ouro","Ouro",,,"Parque Nacional dos Campos Ferruginosos"
"PARQUE NACIONAL CAMPOS FERRUGINOSOS","Angiosperms","Rubiaceae","Palicourea","colorata","(Willd. ex Roem. & Schult.) Delprete & J.H.Kirkbr.","RUBIACEAE Palicourea colorata (Willd. ex Roem. & Schult.) Delprete & J.H.Kirkbr.","MG243810","x","MG","Zappi, D.C.","4685","Native","2019",,"2000","Ouro","Ouro",,,"Parque Nacional dos Campos Ferruginosos"
"PARQUE NACIONAL CAMPOS FERRUGINOSOS","Angiosperms","Rubiaceae","Palicourea","hoffmannseggiana","(Roem. & Schult.) Borhidi","RUBIACEAE Palicourea hoffmannseggiana (Roem. & Schult.) Borhidi","MG243877","x","MG","Zappi, D.C.","4759","Native","2019",,"2000","Ouro","Ouro",,,"Parque Nacional dos Campos Ferruginosos"
"PARQUE NACIONAL CAMPOS FERRUGINOSOS","Angiosperms","Sapindaceae","Paullinia","ingifolia","Rich. ex Juss.","SAPINDACEAE Paullinia ingifolia Rich. ex Juss.","MG243795","x","MG","Zappi, D.C.","4613","Native","2018","Medeiros, H.","2020","Ouro","Ouro",,,"Parque Nacional dos Campos Ferruginosos"
"PARQUE NACIONAL CAMPOS FERRUGINOSOS","Angiosperms","Loganiaceae","Spigelia",,"L.","LOGANIACEAE Spigelia L.","MG227421","x","MG","Zappi, D.C.","3589","Native","2017",,,"Ouro","Ouro",,,"PARNA Campos Ferruginosos"
"PARQUE NACIONAL CAMPOS FERRUGINOSOS","Angiosperms","Cactaceae","Cereus","hexagonus","(L.) Mill.","CACTACEAE Cereus hexagonus (L.) Mill.","MG227403","x","MG","Zappi, D.C.","3570","Native","2017","Zappi, D.C.","2017","Ouro","Ouro",,,"PARNA Campos Ferruginosos"
"PARQUE NACIONAL CAMPOS FERRUGINOSOS","Angiosperms","Rubiaceae","Remijia","amazonica","K.Schum.","RUBIACEAE Remijia amazonica K.Schum.","MG227407","x","MG","Zappi, D.C.","3574","Native","2017","Zappi, D.C.","2017","Ouro","Ouro",,,"PARNA Campos Ferruginosos"
"PARQUE NACIONAL CAMPOS FERRUGINOSOS","Angiosperms","Solanaceae","Solanum","subinerme","Jacq.","SOLANACEAE Solanum subinerme Jacq.","MG227406","x","MG","Zappi, D.C.","3573","Native","2017","Giacomin, L.L.","2017","Ouro","Ouro",,,"PARNA Campos Ferruginosos"
"PARQUE NACIONAL CAMPOS FERRUGINOSOS","Angiosperms","Heliconiaceae","Heliconia",,"L.","HELICONIACEAE Heliconia L.","MG244233","x","MG","Barbosa-Silva, R.G.","1359","Native","2020","Braga, J.M.A.","2020","Prata","Ouro",,,"PARNA dos Campos Ferruginosos"
"PARQUE NACIONAL CAMPOS FERRUGINOSOS","Angiosperms","Gleicheniaceae","Dicranopteris","flexuosa","(Schrad.) Underw.","GLEICHENIACEAE Dicranopteris flexuosa (Schrad.) Underw.","UPCB00081641",,"UPCB","Obermuller, F.","1867","Native","2022","Labiak, P.","2024","Bronze","Ouro","jbrj-public.s3-sa-east-1.amazonaws.com/fsi/server?type=image&source=DZI/upcb/upcb/0/8/16/41/upcb00081641.dzi","Parauapebas","Estrada entre a base águas claras e o portão de entrada do Parna dos Campos Ferruginosos. Parque Nacional dos Campos Ferruginosos"
"PARQUE NACIONAL CAMPOS FERRUGINOSOS","Angiosperms","Melastomataceae","Tibouchina","edmundoi","Brade","MELASTOMATACEAE Tibouchina edmundoi Brade","UPCB00047898",,"UPCB","Zappi, D.C.","3572","Native","2017","Zappi, D.C.","2018","Bronze","Ouro","jbrj-public.s3-sa-east-1.amazonaws.com/fsi/server?type=image&source=DZI/upcb/upcb/0/4/78/98/upcb00047898.dzi","Canaã dos Carajás","PARNA Campos Ferruginosos, Serra da Bocaina, próximo da antena."
"PARQUE NACIONAL CAMPOS FERRUGINOSOS","Ferns and Lycophytes","Dryopteridaceae","Parapolystichum","effusum","(Sw.) Ching","DRYOPTERIDACEAE Parapolystichum effusum (Sw.) Ching","UPCB00047902",,"UPCB","Zappi, D.C.","3584","Native","2017","Pereira, J.B.S.","2017","Bronze","Ouro","jbrj-public.s3-sa-east-1.amazonaws.com/fsi/server?type=image&source=DZI/upcb/upcb/0/4/79/2/upcb00047902.dzi|jbrj-public.s3-sa-east-1.amazonaws.com/fsi/server?type=image&source=DZI/upcb/upcb/0/4/79/2/upcb00047902_1.dzi","Canaã dos Carajás","PARNA Campos Ferruginosos, Serra da Bocaina, próximo da antena."
"PARQUE NACIONAL CAMPOS FERRUGINOSOS","Ferns and Lycophytes","Pteridaceae","Adiantum","argutum","Splitg.","PTERIDACEAE Adiantum argutum Splitg.","UPCB00047901",,"UPCB","Zappi, D.C.","3582","Native","2017","Pereira, J.B.S.","2017","Bronze","Ouro","jbrj-public.s3-sa-east-1.amazonaws.com/fsi/server?type=image&source=DZI/upcb/upcb/0/4/79/1/upcb00047901.dzi","Canaã dos Carajás","PARNA Campos Ferruginosos, Serra da Bocaina, próximo da antena."
"PARQUE NACIONAL CAMPOS FERRUGINOSOS","Angiosperms","Pteridaceae","Adiantum","lucidum","(Cav.) Sw.","PTERIDACEAE Adiantum lucidum (Cav.) Sw.","UPCB00047900",,"UPCB","Zappi, D.C.","3581","Native","2017","Pereira, J.B.S.","2017","Bronze","Ouro","jbrj-public.s3-sa-east-1.amazonaws.com/fsi/server?type=image&source=DZI/upcb/upcb/0/4/79/0/upcb00047900.dzi","Canaã dos Carajás","PARNA Campos Ferruginosos, Serra da Bocaina, próximo da antena."
"PARQUE NACIONAL CAMPOS FERRUGINOSOS","Ferns and Lycophytes","Pteridaceae","Adiantum","pectinatum","Kunze ex Baker","PTERIDACEAE Adiantum pectinatum Kunze ex Baker","UPCB00047899",,"UPCB","Zappi, D.C.","3580","Native","2017","Pereira, J.B.S.","2017","Bronze","Ouro","jbrj-public.s3-sa-east-1.amazonaws.com/fsi/server?type=image&source=DZI/upcb/upcb/0/4/78/99/upcb00047899.dzi|jbrj-public.s3-sa-east-1.amazonaws.com/fsi/server?type=image&source=DZI/upcb/upcb/0/4/78/99/upcb00047899_1.dzi","Canaã dos Carajás","PARNA Campos Ferruginosos, Serra da Bocaina, próximo da antena."
"PARQUE NACIONAL CAMPOS FERRUGINOSOS","Angiosperms","Bromeliaceae","Aechmea","mertensii","(G.Mey.) Schult. & Schult.f.","BROMELIACEAE Aechmea mertensii (G.Mey.) Schult. & Schult.f.","RB01490580","x","RB","Obermuller, F.","1919","Native","2022","Marcusso, G.M.","2025","Bronze","Ouro",,,"Base gavião real ao lado do alojamento. Parque Nacional dos Campos Ferruginosos"
"PARQUE NACIONAL CAMPOS FERRUGINOSOS","Angiosperms","Lamiaceae","Vitex","triflora","Vahl","LAMIACEAE Vitex triflora Vahl","RB01490567","x","RB","Obermuller, F.","1906","Native","2022","Conegiro, T.T.","2025","Bronze","Ouro",,,"Base águas claras. Parque Nacional dos Campos Ferruginosos"
"PARQUE NACIONAL CAMPOS FERRUGINOSOS","Angiosperms","Anacardiaceae","Thyrsodium","spruceanum","Benth.","ANACARDIACEAE Thyrsodium spruceanum Benth.","RB01490446","x","RB","Obermuller, F.","1786","Native","2022","Medeiros, H.","2024","Bronze","Ouro",,,"Estrada de acesso a base Igarapé Bahia cerca de 10km do portão de entrada do PARNA Campos Ferruginosos. Floresta Nacional de Carajás"
"PARQUE NACIONAL CAMPOS FERRUGINOSOS","Angiosperms","Araceae","Philodendron","distantilobum","K.Krause","ARACEAE Philodendron distantilobum K.Krause","RB01490559","x","RB","Obermuller, F.","1898","Native","2022","Montara, M.","2024","Bronze","Ouro",,,"Trilha do vai quem quer, ao lado da cachoeira águas claras. Parque Nacional dos Campos Ferruginosos"
"PARQUE NACIONAL CAMPOS FERRUGINOSOS","Angiosperms","Araceae","Spathiphyllum",,"Schott","ARACEAE Spathiphyllum Schott","RB01490429","x","RB","Obermuller, F.","1770","Native","2022","Montara, M.","2024","Bronze","Ouro",,,"Estrada de acesso a base Igarapé Bahia cerca de 10km do portão de entrada do PARNA Campos Ferruginosos. Parque Nacional dos Campos Ferruginosos"
"PARQUE NACIONAL CAMPOS FERRUGINOSOS","Angiosperms","Bromeliaceae","Aechmea","castelnavii","Baker","BROMELIACEAE Aechmea castelnavii Baker","RB01490431","x","RB","Obermuller, F.","1772","Native","2022","Tavares, J.D.","2024","Bronze","Ouro",,,"Estrada de acesso a base Igarapé Bahia cerca de 10km do portão de entrada do PARNA Campos Ferruginosos. Parque Nacional dos Campos Ferruginosos"
"PARQUE NACIONAL CAMPOS FERRUGINOSOS","Angiosperms","Fabaceae","Inga","lateriflora","Miq.","FABACEAE Inga lateriflora Miq.","RB01490442","x","RB","Obermuller, F.","1783","Native","2022","Valente, B.","2024","Bronze","Ouro",,,"Estrada de acesso a base Igarapé Bahia cerca de 10km do portão de entrada do PARNA Campos Ferruginosos. Floresta Nacional de Carajás"
"PARQUE NACIONAL CAMPOS FERRUGINOSOS","Ferns and Lycophytes","Lacistemataceae","Lacistema","grandifolium","Schnizl.","LACISTEMATACEAE Lacistema grandifolium Schnizl.","RB01490426","x","RB","Obermuller, F.","1767","Native","2022","Medeiros, H.","2024","Bronze","Ouro",,,"Estrada de acesso a base Igarapé Bahia cerca de 10km do portão de entrada do PARNA Campos Ferruginosos. Parque Nacional dos Campos Ferruginosos"
"PARQUE NACIONAL CAMPOS FERRUGINOSOS","Angiosperms","Malvaceae","Theobroma","grandiflorum","(Willd. ex Spreng.) K.Schum.","MALVACEAE Theobroma grandiflorum (Willd. ex Spreng.) K.Schum.","RB01490545","x","RB","Obermuller, F.","1884",,"2022","Costa, F.C.P.","2024","Bronze","Ouro",,,"Trilha do vai quem quer, ao lado da cachoeira águas claras. Parque Nacional dos Campos Ferruginosos"
"PARQUE NACIONAL CAMPOS FERRUGINOSOS","Angiosperms","Melastomataceae","Bellucia","imperialis","Saldanha & Cogn.","MELASTOMATACEAE Bellucia imperialis Saldanha & Cogn.","RB01490532","x","RB","Obermuller, F.","1871","Native","2022","Valente, B.","2024","Bronze","Ouro",,,"Estrada entre a base águas claras e o portão de entrada do Parna dos Campos Ferruginosos. Parque Nacional dos Campos Ferruginosos"
"PARQUE NACIONAL CAMPOS FERRUGINOSOS","Ferns and Lycophytes","Orchidaceae","Epidendrum","purpurascens","Focke","ORCHIDACEAE Epidendrum purpurascens Focke","RB01490487","x","RB","Obermuller, F.","1827","Native","2022","Marcusso, G.M.","2024","Bronze","Ouro",,,"Estrada da Pedra da Arpia perto do km5 pós a base do Parna. Parque Nacional dos Campos Ferruginosos"
"PARQUE NACIONAL CAMPOS FERRUGINOSOS","Angiosperms","Orchidaceae","Erycina","pusilla","(L.) N.H.Williams & M.W.Chase","ORCHIDACEAE Erycina pusilla (L.) N.H.Williams & M.W.Chase","RB01490551","x","RB","Obermuller, F.","1890","Native","2022","Marcusso, G.M.","2024","Bronze","Ouro",,,"Trilha do vai quem quer, ao lado da cachoeira águas claras. Parque Nacional dos Campos Ferruginosos"
"PARQUE NACIONAL CAMPOS FERRUGINOSOS","Ferns and Lycophytes","Rubiaceae","Palicourea","tomentosa","(Aubl.) Borhidi","RUBIACEAE Palicourea tomentosa (Aubl.) Borhidi","RB01490578","x","RB","Obermuller, F.","1917","Native","2022","Medeiros, H.","2024","Bronze","Ouro",,,"Trilha do vai quem quer, ao lado da cachoeira águas claras. Parque Nacional dos Campos Ferruginosos"
"PARQUE NACIONAL CAMPOS FERRUGINOSOS","Ferns and Lycophytes","Verbenaceae","Stachytarpheta","cayennensis","(Rich.) Vahl","VERBENACEAE Stachytarpheta cayennensis (Rich.) Vahl","RB01490503","x","RB","Obermuller, F.","1842","Native","2022","Alves, D.S.","2024","Bronze","Ouro",,,"Estrada da Pedra da Arpia. Parque Nacional dos Campos Ferruginosos"
"PARQUE NACIONAL CAMPOS FERRUGINOSOS","Angiosperms","Calophyllaceae",,,"J.Agardh","CALOPHYLLACEAE Calophyllaceae J.Agardh","RB01490544","x","RB","Obermuller, F.","1883","Native","2022","Jardim, J.","2023","Bronze","Ouro",,,"Estrada entre a base águas claras e o portão de entrada do Parna dos Campos Ferruginosos. Parque Nacional dos Campos Ferruginosos"
"PARQUE NACIONAL CAMPOS FERRUGINOSOS","Ferns and Lycophytes","Cordiaceae","Cordia","nodosa","Lam.","CORDIACEAE Cordia nodosa Lam.","RB01490539","x","RB","Obermuller, F.","1878","Native","2022","Melo, J.I.M.","2023","Bronze","Ouro",,,"Estrada entre a base águas claras e o portão de entrada do Parna dos Campos Ferruginosos. Parque Nacional dos Campos Ferruginosos"
"PARQUE NACIONAL CAMPOS FERRUGINOSOS","Angiosperms","Marcgraviaceae","Norantea","guianensis","Aubl.","MARCGRAVIACEAE Norantea guianensis Aubl.","RB01490485","x","RB","Obermuller, F.","1825","Native","2022","Medeiros, H.","2023","Bronze","Ouro",,,"Estrada da Pedra da Arpia perto do km5 pós a base do Parna. Parque Nacional dos Campos Ferruginosos"
"PARQUE NACIONAL CAMPOS FERRUGINOSOS","Ferns and Lycophytes","Moraceae","Brosimum","lactescens","(S.Moore) C.C.Berg","MORACEAE Brosimum lactescens (S.Moore) C.C.Berg","RB01490519","x","RB","Obermuller, F.","1858","Native","2022","Medeiros, H.","2023","Bronze","Ouro",,,"Estrada entre a base águas claras e o portão de entrada do Parna dos Campos Ferruginosos. Parque Nacional dos Campos Ferruginosos"
"PARQUE NACIONAL CAMPOS FERRUGINOSOS","Angiosperms","Moraceae","Ficus","calyptroceras","(Miq.) Miq.","MORACEAE Ficus calyptroceras (Miq.) Miq.","RB01490430","x","RB","Obermuller, F.","1771","Native","2022","Medeiros, H.","2023","Bronze","Ouro",,,"Estrada de acesso a base Igarapé Bahia cerca de 10km do portão de entrada do PARNA Campos Ferruginosos. Parque Nacional dos Campos Ferruginosos"
"PARQUE NACIONAL CAMPOS FERRUGINOSOS","Angiosperms","Passifloraceae","Passiflora","araujoi","Sacco","PASSIFLORACEAE Passiflora araujoi Sacco","RB01490501","x","RB","Obermuller, F.","1840","Native","2022","Medeiros, A.M.L.","2023","Bronze","Ouro",,,"Estrada da Pedra da Arpia. Parque Nacional dos Campos Ferruginosos"
"PARQUE NACIONAL CAMPOS FERRUGINOSOS","Angiosperms","Passifloraceae","Passiflora","ceratocarpa","F.Silveira","PASSIFLORACEAE Passiflora ceratocarpa F.Silveira","RB01490491","x","RB","Obermuller, F.","1831","Native","2022","Medeiros, A.M.L.","2023","Bronze","Ouro",,,"Estrada da Pedra da Arpia perto do Km 5 após a base do Parna. Parque Nacional dos Campos Ferruginosos"
"PARQUE NACIONAL CAMPOS FERRUGINOSOS","Angiosperms","Passifloraceae","Passiflora","longifilamentosa","A.K.Koch, A.Cardoso & Ilk.-Borg.","PASSIFLORACEAE Passiflora longifilamentosa A.K.Koch, A.Cardoso & Ilk.-Borg.","RB01490542","x","RB","Obermuller, F.","1881","Native","2022","Medeiros, A.M.L.","2023","Bronze","Ouro",,,"Estrada entre a base águas claras e o portão de entrada do Parna dos Campos Ferruginosos. Parque Nacional dos Campos Ferruginosos"
"PARQUE NACIONAL CAMPOS FERRUGINOSOS","Angiosperms","Piperaceae","Peperomia","macrostachyos","(Vahl) A.Dietr.","PIPERACEAE Peperomia macrostachyos (Vahl) A.Dietr.","RB01490541","x","RB","Obermuller, F.","1880","Native","2022","Marcusso, G.M.","2023","Bronze","Ouro",,,"Estrada entre a base águas claras e o portão de entrada do Parna dos Campos Ferruginosos. Parque Nacional dos Campos Ferruginosos"
"PARQUE NACIONAL CAMPOS FERRUGINOSOS","Ferns and Lycophytes","Rubiaceae","Coussarea","ampla","Müll. Arg.","RUBIACEAE Coussarea ampla Müll. Arg.","RB01490571","x","RB","Obermuller, F.","1910","Native","2022","Medeiros, H.","2023","Bronze","Ouro",,,"Base águas claras. Parque Nacional dos Campos Ferruginosos"
"PARQUE NACIONAL CAMPOS FERRUGINOSOS","Ferns and Lycophytes","Campanulaceae","Centropogon","cornutus","(L.) Druce","CAMPANULACEAE Centropogon cornutus (L.) Druce","MG243708","x","MG","Gadelha-Silva, L.","40","Native","2020","Lovo, J.","2021","Bronze","Ouro",,,"Parque Nacional dos Campos Ferruginosos"
"PARQUE NACIONAL CAMPOS FERRUGINOSOS","Ferns and Lycophytes","Costaceae","Costus","scaber","Ruiz & Pav.","COSTACEAE Costus scaber Ruiz & Pav.","MG243713","x","MG","Gadelha-Silva, L.","45","Native","2020","Gadelha-Silva, L.","2021","Bronze","Ouro",,,"Parque Nacional dos Campos Ferruginosos"
"PARQUE NACIONAL CAMPOS FERRUGINOSOS","Angiosperms","Cucurbitaceae","Gurania","eriantha","(Poepp. & Endl.) Cogn.","CUCURBITACEAE Gurania eriantha (Poepp. & Endl.) Cogn.","MG243959","x","MG","Zappi, D.C.","5094","Native","2020","Gadelha-Silva, L.","2021","Bronze","Ouro",,,"Parque Nacional dos Campos Ferruginosos"
"PARQUE NACIONAL CAMPOS FERRUGINOSOS","Angiosperms","Dioscoreaceae","Dioscorea","laxiflora","Mart. ex Griseb.","DIOSCOREACEAE Dioscorea laxiflora Mart. ex Griseb.","MG243736","x","MG","Gadelha-Silva, L.","70","Native","2020","Gadelha-Silva, L.","2021","Bronze","Ouro",,,"Parque Nacional dos Campos Ferruginosos"
"PARQUE NACIONAL CAMPOS FERRUGINOSOS","Angiosperms","Dioscoreaceae","Dioscorea","piperifolia","Humb. & Bonpl. ex Willd.","DIOSCOREACEAE Dioscorea piperifolia Humb. & Bonpl. ex Willd.","MG243734","x","MG","Gadelha-Silva, L.","68","Native","2020","Gadelha-Silva, L.","2021","Bronze","Ouro",,,"Parque Nacional dos Campos Ferruginosos"
"PARQUE NACIONAL CAMPOS FERRUGINOSOS","Angiosperms","Gesneriaceae","Drymonia","serrulata","(Jacq.) Mart.","GESNERIACEAE Drymonia serrulata (Jacq.) Mart.","MG243705","x","MG","Gadelha-Silva, L.","37","Native","2020","Gadelha-Silva, L.","2021","Bronze","Ouro",,,"Parque Nacional dos Campos Ferruginosos"
"PARQUE NACIONAL CAMPOS FERRUGINOSOS","Angiosperms","Marantaceae","Maranta","friedrichsthaliana","Körn.","MARANTACEAE Maranta friedrichsthaliana Körn.","MG244279","x","MG","Barbosa-Silva, R.G.","1407","Native","2020","Barbosa-Silva, R.G.","2021","Bronze","Ouro",,,"PARNA dos Campos Ferruginosos"
"PARQUE NACIONAL CAMPOS FERRUGINOSOS","Ferns and Lycophytes","Acanthaceae","Justicia","mcdadeana","A.S.Reis, A.Gil & Kameyama","ACANTHACEAE Justicia mcdadeana A.S.Reis, A.Gil & Kameyama","MG243737","x","MG","Gadelha-Silva, L.","71","Native","2020","Zappi, D.C.","2020","Bronze","Ouro",,,"Parque Nacional dos Campos Ferruginosos"
"PARQUE NACIONAL CAMPOS FERRUGINOSOS","Ferns and Lycophytes","Alstroemeriaceae","Bomarea","edulis","(Tussac) Herb.","ALSTROEMERIACEAE Bomarea edulis (Tussac) Herb.","RB01496566","x","RB","Barbosa-Silva, R.G.","1419","Native","2020","Zappi, D.C.","2020","Bronze","Ouro",,,"PARNA dos Campos Ferruginosos, Pedra da Harpia"
"PARQUE NACIONAL CAMPOS FERRUGINOSOS","Ferns and Lycophytes","Arecaceae","Attalea","maripa","(Aubl.) Mart.","ARECACEAE Attalea maripa (Aubl.) Mart.","MG243749","x","MG","Gadelha-Silva, L.","s.n.","Native","2020","Zappi, D.C.","2020","Bronze","Ouro",,,"Parque Nacional dos Campos Ferruginosos"
"PARQUE NACIONAL CAMPOS FERRUGINOSOS","Angiosperms","Asteraceae","Riencourtia","latifolia","Gardner","ASTERACEAE Riencourtia latifolia Gardner","BHCB221331","splink","BHCB","Barbosa-Silva, R.G.","1412","Native","2020","Barbosa-Silva, R.G.","2020","Bronze","Ouro",,"Canaã dos Carajás","PARNA dos Campos Ferruginosos, Pedra da Harpia"
"PARQUE NACIONAL CAMPOS FERRUGINOSOS","Ferns and Lycophytes","Bignoniaceae","Anemopaegma","carajasense","A.H. Gentry ex Firetti-Leggieri","BIGNONIACEAE Anemopaegma carajasense A.H. Gentry ex Firetti-Leggieri","MG243725","x","MG","Gadelha-Silva, L.","58","Native","2020","Zappi, D.C.","2020","Bronze","Ouro",,,"Parque Nacional dos Campos Ferruginosos"
"PARQUE NACIONAL CAMPOS FERRUGINOSOS","Angiosperms","Bromeliaceae","Ananas","ananassoides","(Baker) L.B.Sm.","BROMELIACEAE Ananas ananassoides (Baker) L.B.Sm.","MG243726","x","MG","Gadelha-Silva, L.","59","Native","2020","Zappi, D.C.","2020","Bronze","Ouro",,,"Parque Nacional dos Campos Ferruginosos"
"PARQUE NACIONAL CAMPOS FERRUGINOSOS","Angiosperms","Combretaceae","Combretum","laxum","Jacq.","COMBRETACEAE Combretum laxum Jacq.","INPA0300039","splink","INPA","Barbosa-Silva, R.G.","1409","Native","2020","Ribeiro, R.T.M.","2020","Bronze","Ouro",,"Canaã dos Carajás","PARNA dos Campos Ferruginosos"
"PARQUE NACIONAL CAMPOS FERRUGINOSOS","Angiosperms","Commelinaceae","Dichorisandra","hexandra","(Aubl.) C.B.Clarke","COMMELINACEAE Dichorisandra hexandra (Aubl.) C.B.Clarke","MG243741","x","MG","Gadelha-Silva, L.","75","Native","2020","Zappi, D.C.","2020","Bronze","Ouro",,,"Parque Nacional dos Campos Ferruginosos"
"PARQUE NACIONAL CAMPOS FERRUGINOSOS","Angiosperms","Convolvulaceae","Ipomoea","philomega","(Vell.) House","CONVOLVULACEAE Ipomoea philomega (Vell.) House","MG243707","x","MG","Gadelha-Silva, L.","39","Native","2020","Pastore, M.","2020","Bronze","Ouro",,,"Parque Nacional dos Campos Ferruginosos"
"PARQUE NACIONAL CAMPOS FERRUGINOSOS","Angiosperms","Cordiaceae","Varronia","polycephala","Lam.","CORDIACEAE Varronia polycephala Lam.","MG243723","x","MG","Gadelha-Silva, L.","56","Native","2020","Zappi, D.C.","2020","Bronze","Ouro",,,"Parque Nacional dos Campos Ferruginosos"
"PARQUE NACIONAL CAMPOS FERRUGINOSOS","Angiosperms","Cyclanthaceae","Asplundia","gardneri","(Hook.) Harling","CYCLANTHACEAE Asplundia gardneri (Hook.) Harling","MG243717","x","MG","Gadelha-Silva, L.","49","Native","2020","Leal, E.S.","2020","Bronze","Ouro",,,"Parque Nacional dos Campos Ferruginosos"
"PARQUE NACIONAL CAMPOS FERRUGINOSOS","Ferns and Lycophytes","Cyperaceae","Cyperus","laxus","Lam.","CYPERACEAE Cyperus laxus Lam.","MG243743","x","MG","Gadelha-Silva, L.","77","Native","2020","Nunes, C.S.","2020","Bronze","Ouro",,,"Parque Nacional dos Campos Ferruginosos"
"PARQUE NACIONAL CAMPOS FERRUGINOSOS","Angiosperms","Cyperaceae","Fimbristylis","littoralis","Gaudich.","CYPERACEAE Fimbristylis littoralis Gaudich.","MG243721","x","MG","Gadelha-Silva, L.","54","Native","2020","Nunes, C.S.","2020","Bronze","Ouro",,,"Parque Nacional dos Campos Ferruginosos"
"PARQUE NACIONAL CAMPOS FERRUGINOSOS","Angiosperms","Cyperaceae","Rhynchospora","pubera","(Vahl) Boeckeler","CYPERACEAE Rhynchospora pubera (Vahl) Boeckeler","MG244283","x","MG","Barbosa-Silva, R.G.","1411","Native","2020","Schneider, L.J.C.","2020","Bronze","Ouro",,,"PARNA dos Campos Ferruginosos"
"PARQUE NACIONAL CAMPOS FERRUGINOSOS","Angiosperms","Cyperaceae","Scleria","secans","(L.) Urb.","CYPERACEAE Scleria secans (L.) Urb.","MG243740","x","MG","Gadelha-Silva, L.","74","Native","2020","Nunes, C.S.","2020","Bronze","Ouro",,,"Parque Nacional dos Campos Ferruginosos"
"PARQUE NACIONAL CAMPOS FERRUGINOSOS","Ferns and Lycophytes","Fabaceae","Bauhinia","piresii","Vaz & G.P. Lewis","FABACEAE Bauhinia piresii Vaz & G.P. Lewis","INPA0300036","splink","INPA","Barbosa-Silva, R.G.","1414","Native","2020","Barbosa-Silva, R.G.","2020","Bronze","Ouro",,"Canaã dos Carajás","PARNA dos Campos Ferruginosos"
"PARQUE NACIONAL CAMPOS FERRUGINOSOS","Angiosperms","Fabaceae","Mucuna","urens","(L.) Medik.","FABACEAE Mucuna urens (L.) Medik.","MG243714","x","MG","Gadelha-Silva, L.","46","Native","2020","Zappi, D.C.","2020","Bronze","Ouro",,,"Parque Nacional dos Campos Ferruginosos"
"PARQUE NACIONAL CAMPOS FERRUGINOSOS","Angiosperms","Gentianaceae","Voyria","alvesiana","E.F.Guim., T.S.Mendes & N.G.Silva","GENTIANACEAE Voyria alvesiana E.F.Guim., T.S.Mendes & N.G.Silva","MG244249","x","MG","Barbosa-Silva, R.G.","1377","Native","2020","Barbosa-Silva, R.G.","2020","Bronze","Ouro",,,"PARNA dos Campos Ferruginosos"
"PARQUE NACIONAL CAMPOS FERRUGINOSOS","Angiosperms","Gentianaceae","Voyria","aurantiaca","Splitg.","GENTIANACEAE Voyria aurantiaca Splitg.","MG244250","x","MG","Barbosa-Silva, R.G.","1378","Native","2020","Barbosa-Silva, R.G.","2020","Bronze","Ouro",,,"PARNA dos Campos Ferruginosos"
"PARQUE NACIONAL CAMPOS FERRUGINOSOS",,"Gesneriaceae","Diastema",,"Benth.","GESNERIACEAE Diastema Benth.","MG243958","x","MG","Zappi, D.C.","5093",,"2020","Zappi, D.C.","2020","Bronze","Ouro",,,"Parque Nacional dos Campos Ferruginosos"
"PARQUE NACIONAL CAMPOS FERRUGINOSOS","Angiosperms","Heliconiaceae","Heliconia","psittacorum","L.f.","HELICONIACEAE Heliconia psittacorum L.f.","INPA0300045","splink","INPA","Barbosa-Silva, R.G.","1406","Native","2020","Barbosa-Silva, R.G.","2020","Bronze","Ouro",,"Canaã dos Carajás","PARNA dos Campos Ferruginosos"
"PARQUE NACIONAL CAMPOS FERRUGINOSOS","Angiosperms","Heliconiaceae","Heliconia","spathocircinata","Aristeg.","HELICONIACEAE Heliconia spathocircinata Aristeg.","MG244268","x","MG","Barbosa-Silva, R.G.","1396","Native","2020","Barbosa-Silva, R.G.","2020","Bronze","Ouro",,,"PARNA dos Campos Ferruginosos"
"PARQUE NACIONAL CAMPOS FERRUGINOSOS","Angiosperms","Hypericaceae","Vismia","cayennensis","(Jacq.) Pers.","HYPERICACEAE Vismia cayennensis (Jacq.) Pers.","MG244251","x","MG","Barbosa-Silva, R.G.","1379","Native","2020","Barbosa-Silva, R.G.","2020","Bronze","Ouro",,,"PARNA dos Campos Ferruginosos"
"PARQUE NACIONAL CAMPOS FERRUGINOSOS","Ferns and Lycophytes","Malpighiaceae","Banisteriopsis","stellaris","(Griseb.) B.Gates","MALPIGHIACEAE Banisteriopsis stellaris (Griseb.) B.Gates","MG243746","x","MG","Gadelha-Silva, L.","80","Native","2020","Gadelha-Silva, L.","2020","Bronze","Ouro",,,"Parque Nacional dos Campos Ferruginosos"
"PARQUE NACIONAL CAMPOS FERRUGINOSOS","Ferns and Lycophytes","Malpighiaceae","Byrsonima","crispa","A.Juss.","MALPIGHIACEAE Byrsonima crispa A.Juss.","INPA0300043","splink","INPA","Barbosa-Silva, R.G.","1403","Native","2020","Barbosa-Silva, R.G.","2020","Bronze","Ouro",,"Canaã dos Carajás","PARNA dos Campos Ferruginosos"
"PARQUE NACIONAL CAMPOS FERRUGINOSOS","Ferns and Lycophytes","Malvaceae","Sida","linifolia","Cav.","MALVACEAE Sida linifolia Cav.","MG243728","x","MG","Gadelha-Silva, L.","61","Naturalized","2020","Gadelha-Silva, L.","2020","Bronze","Ouro",,,"Parque Nacional dos Campos Ferruginosos"
"PARQUE NACIONAL CAMPOS FERRUGINOSOS","Ferns and Lycophytes","Melastomataceae","Brasilianthus","carajensis","Almeda & Michelangeli","MELASTOMATACEAE Brasilianthus carajensis Almeda & Michelangeli","INPA0300031","splink","INPA","Barbosa-Silva, R.G.","1422","Native","2020","Barbosa-Silva, R.G.","2020","Bronze","Ouro",,"Canaã dos Carajás","PARNA dos Campos Ferruginosos"
"PARQUE NACIONAL CAMPOS FERRUGINOSOS","Angiosperms","Melastomataceae","Clidemia","hirta","(L.) D.Don","MELASTOMATACEAE Clidemia hirta (L.) D.Don","MG243730","x","MG","Gadelha-Silva, L.","64","Native","2020","Gadelha-Silva, L.","2020","Bronze","Ouro",,,"Parque Nacional dos Campos Ferruginosos"
"PARQUE NACIONAL CAMPOS FERRUGINOSOS","Angiosperms","Melastomataceae","Clidemia","microthyrsa","R.O.Williams","MELASTOMATACEAE Clidemia microthyrsa R.O.Williams","BHCB221276","splink","BHCB","Barbosa-Silva, R.G.","1362","Native","2020","Barbosa-Silva, R.G.","2020","Bronze","Ouro",,"Parauapebas","PARNA dos Campos Ferruginosos, trilha Peito de Aço, na estrda entre a Serra Norte e a Serra Sul, próximo ao alojamento do ICMbio."
"PARQUE NACIONAL CAMPOS FERRUGINOSOS","Angiosperms","Melastomataceae","Miconia","pyrifolia","Naudin","MELASTOMATACEAE Miconia pyrifolia Naudin","MG244271","x","MG","Barbosa-Silva, R.G.","1399","Native","2020","Barbosa-Silva, R.G.","2020","Bronze","Ouro",,,"PARNA dos Campos Ferruginosos"
"PARQUE NACIONAL CAMPOS FERRUGINOSOS","Angiosperms","Melastomataceae","Nepsera","aquatica","(Aubl.) Naudin","MELASTOMATACEAE Nepsera aquatica (Aubl.) Naudin","MG243732","x","MG","Gadelha-Silva, L.","66","Native","2020","Gadelha-Silva, L.","2020","Bronze","Ouro",,,"Parque Nacional dos Campos Ferruginosos"
"PARQUE NACIONAL CAMPOS FERRUGINOSOS","Angiosperms","Melastomataceae","Pseudoernestia","cordifolia","(O.Berg. ex  Triana) Krasser","MELASTOMATACEAE Pseudoernestia cordifolia (O.Berg. ex Triana) Krasser","INPA0300041","splink","INPA","Barbosa-Silva, R.G.","1408","Native","2020","Barbosa-Silva, R.G.","2020","Bronze","Ouro",,"Canaã dos Carajás","PARNA dos Campos Ferruginosos"
"PARQUE NACIONAL CAMPOS FERRUGINOSOS","Angiosperms","Orchidaceae","Trichocentrum","sprucei","(Lindl.) M.W.Chase & N.H.Williams","ORCHIDACEAE Trichocentrum sprucei (Lindl.) M.W.Chase & N.H.Williams","MG243961","x","MG","Zappi, D.C.","5096","Native","2020","Zappi, D.C.","2020","Bronze","Ouro",,,"Parque Nacional dos Campos Ferruginosos"
"PARQUE NACIONAL CAMPOS FERRUGINOSOS","Angiosperms","Orchidaceae","Triphora","uniflora","A.C.Ferreira, Baptista & Pansarin","ORCHIDACEAE Triphora uniflora A.C.Ferreira, Baptista & Pansarin","MG243748","x","MG","Gadelha-Silva, L.","82","Native","2020","Barberena, F.F.V.A.","2020","Bronze","Ouro",,,"Parque Nacional dos Campos Ferruginosos"
"PARQUE NACIONAL CAMPOS FERRUGINOSOS","Angiosperms","Phyllanthaceae","Margaritaria","nobilis","L.f.","PHYLLANTHACEAE Margaritaria nobilis L.f.","MG243729","x","MG","Gadelha-Silva, L.","62","Native","2020","Zappi, D.C.","2020","Bronze","Ouro",,,"Parque Nacional dos Campos Ferruginosos"
"PARQUE NACIONAL CAMPOS FERRUGINOSOS","Ferns and Lycophytes","Polygalaceae","Bredemeyera","floribunda","Willd.","POLYGALACEAE Bredemeyera floribunda Willd.","MG243724","x","MG","Gadelha-Silva, L.","57","Native","2020","Zappi, D.C.","2020","Bronze","Ouro",,,"Parque Nacional dos Campos Ferruginosos"
"PARQUE NACIONAL CAMPOS FERRUGINOSOS","Angiosperms","Sapindaceae","Allophylus","edulis","(A.St.-Hil. et al.) Hieron. ex Niederl.","SAPINDACEAE Allophylus edulis (A.St.-Hil. et al.) Hieron. ex Niederl.","MG243727","x","MG","Gadelha-Silva, L.","60","Native","2020","Gadelha-Silva, L.","2020","Bronze","Ouro",,,"Parque Nacional dos Campos Ferruginosos"
"PARQUE NACIONAL CAMPOS FERRUGINOSOS","Angiosperms","Solanaceae","Solanum","velutinum","Dunal","SOLANACEAE Solanum velutinum Dunal","MG243742","x","MG","Gadelha-Silva, L.","76","Native","2020","Zappi, D.C.","2020","Bronze","Ouro",,,"Parque Nacional dos Campos Ferruginosos"
"PARQUE NACIONAL CAMPOS FERRUGINOSOS","Angiosperms","Velloziaceae","Vellozia","glauca","Pohl","VELLOZIACEAE Vellozia glauca Pohl","MG244277","x","MG","Barbosa-Silva, R.G.","1405","Native","2020","Barbosa-Silva, R.G.","2020","Bronze","Ouro",,,"PARNA dos Campos Ferruginosos"
"PARQUE NACIONAL CAMPOS FERRUGINOSOS","Ferns and Lycophytes","Verbenaceae","Lantana","cujabensis","Schauer","VERBENACEAE Lantana cujabensis Schauer","MG243709","x","MG","Gadelha-Silva, L.","41","Native","2020","Gadelha-Silva, L.","2020","Bronze","Ouro",,,"Parque Nacional dos Campos Ferruginosos"
"PARQUE NACIONAL CAMPOS FERRUGINOSOS","Angiosperms","Vitaceae","Cissus","apendiculata","Lombardi","VITACEAE Cissus apendiculata Lombardi","RB01496557","x","RB","Barbosa-Silva, R.G.","1410","Native","2020","Barbosa-Silva, R.G.","2020","Bronze","Ouro",,,"PARNA dos Campos Ferruginosos, Pedra da Harpia"
"PARQUE NACIONAL CAMPOS FERRUGINOSOS","Angiosperms","Vitaceae","Cissus","tinctoria","Mart.","VITACEAE Cissus tinctoria Mart.","INPA0300033","splink","INPA","Barbosa-Silva, R.G.","1415","Native","2020","Barbosa-Silva, R.G.","2020","Bronze","Ouro",,"Canaã dos Carajás","PARNA dos Campos Ferruginosos"
"PARQUE NACIONAL CAMPOS FERRUGINOSOS","Angiosperms","Begoniaceae","Begonia","humilis","Aiton","BEGONIACEAE Begonia humilis Aiton","MG243731","x","MG","Gadelha-Silva, L.","65","Native","2020","Zappi, D.C.","2000","Bronze","Ouro",,,"Parque Nacional dos Campos Ferruginosos"
"PARQUE NACIONAL CAMPOS FERRUGINOSOS","Angiosperms","Piperaceae","Peperomia","albopilosa","D. Monteiro","PIPERACEAE Peperomia albopilosa D. Monteiro","MG243738","x","MG","Gadelha-Silva, L.","72","Native","2020","Gadelha-Silva, L.","2000","Bronze","Ouro",,,"Parque Nacional dos Campos Ferruginosos"
"PARQUE NACIONAL CAMPOS FERRUGINOSOS","Angiosperms","Anacardiaceae","Tapirira","guianensis","Aubl.","ANACARDIACEAE Tapirira guianensis Aubl.","MG243689","x","MG","Gadelha-Silva, L.","20","Native","2019","Gadelha-Silva, L.","2021","Bronze","Ouro",,,"Parque Nacional dos Campos Ferruginosos"
"PARQUE NACIONAL CAMPOS FERRUGINOSOS","Angiosperms","Annonaceae","Xylopia","aromatica","(Lam.) Mart.","ANNONACEAE Xylopia aromatica (Lam.) Mart.","MG243687","x","MG","Gadelha-Silva, L.","18","Native","2019","Gadelha-Silva, L.","2021","Bronze","Ouro",,,"Parque Nacional dos Campos Ferruginosos"
"PARQUE NACIONAL CAMPOS FERRUGINOSOS","Ferns and Lycophytes","Araceae","Scaphispatha","robusta","E.G.Gonç.","ARACEAE Scaphispatha robusta E.G.Gonç.","MG244228","x","MG","Barbosa-Silva, R.G.","1355","Native","2019","Andrino, C.O.","2021","Bronze","Ouro",,,"PARNA Campos Ferruginosos"
"PARQUE NACIONAL CAMPOS FERRUGINOSOS","Ferns and Lycophytes","Asteraceae","Lepidaploa","remotiflora","(Rich.) H.Rob.","ASTERACEAE Lepidaploa remotiflora (Rich.) H.Rob.","INPA0301281","splink","INPA","Zappi, D.C.","4650","Native","2019","Barbosa-Silva, R.G.","2021","Bronze","Ouro",,"Canaã dos Carajás","PARNA dos Campos Ferruginosos"
"PARQUE NACIONAL CAMPOS FERRUGINOSOS","Angiosperms","Erythroxylaceae","Erythroxylum","carajasense","(Plowman) Costa-Lima","ERYTHROXYLACEAE Erythroxylum carajasense (Plowman) Costa-Lima","MG243671","x","MG","Gadelha-Silva, L.","1","Native","2019","Gadelha-Silva, L.","2021","Bronze","Ouro",,,"Parque Nacional dos Campos Ferruginosos"
"PARQUE NACIONAL CAMPOS FERRUGINOSOS","Angiosperms","Lamiaceae","Aegiphila","integrifolia","(Jacq.) Moldenke","LAMIACEAE Aegiphila integrifolia (Jacq.) Moldenke","MG243872","x","MG","Zappi, D.C.","4752","Unknown","2019","Gadelha-Silva, L.","2021","Bronze","Ouro",,,"Parque Nacional dos Campos Ferruginosos"
"PARQUE NACIONAL CAMPOS FERRUGINOSOS","Angiosperms","Lamiaceae","Hyptis","atrorubens","Poit.","LAMIACEAE Hyptis atrorubens Poit.","MG243922","x","MG","Zappi, D.C.","5043","Native","2019","Gadelha-Silva, L.","2021","Bronze","Ouro",,,"Parque Nacional dos Campos Ferruginosos"
"PARQUE NACIONAL CAMPOS FERRUGINOSOS","Angiosperms","Loranthaceae","Passovia","pyrifolia","(Kunth) Tiegh.","LORANTHACEAE Passovia pyrifolia (Kunth) Tiegh.","MG243905","x","MG","Zappi, D.C.","4891","Native","2019","Gadelha-Silva, L.","2021","Bronze","Ouro",,,"Parque Nacional dos Campos Ferruginosos"
"PARQUE NACIONAL CAMPOS FERRUGINOSOS","Angiosperms","Marantaceae","Goeppertia","mansonis","(Körn.) Borchs. & S. Suárez","MARANTACEAE Goeppertia mansonis (Körn.) Borchs. & S. Suárez","MG243911","x","MG","Zappi, D.C.","5031","Native","2019","Saka, M.N.","2021","Bronze","Ouro",,,"Parque Nacional dos Campos Ferruginosos"
"PARQUE NACIONAL CAMPOS FERRUGINOSOS","Angiosperms","Marantaceae","Monotagma","plurispicatum","(Körn.) K.Schum.","MARANTACEAE Monotagma plurispicatum (Körn.) K.Schum.","MG243807","x","MG","Zappi, D.C.","4682","Native","2019","Saka, M.N.","2021","Bronze","Ouro",,,"Parque Nacional dos Campos Ferruginosos"
"PARQUE NACIONAL CAMPOS FERRUGINOSOS","Ferns and Lycophytes","Menyanthaceae","Nymphoides","humboldtiana","(Kunth) Kuntze","MENYANTHACEAE Nymphoides humboldtiana (Kunth) Kuntze","MG243951","x","MG","Zappi, D.C.","5072","Native","2019","Gadelha-Silva, L.","2021","Bronze","Ouro",,,"Parque Nacional dos Campos Ferruginosos"
"PARQUE NACIONAL CAMPOS FERRUGINOSOS","Ferns and Lycophytes","Plantaginaceae","Bacopa","monnierioides","(Cham.) B.L.Rob.","PLANTAGINACEAE Bacopa monnierioides (Cham.) B.L.Rob.","MG243841","x","MG","Zappi, D.C.","4718","Native","2019","Gadelha-Silva, L.","2021","Bronze","Ouro",,,"Parque Nacional dos Campos Ferruginosos"
"PARQUE NACIONAL CAMPOS FERRUGINOSOS","Ferns and Lycophytes","Polygalaceae","Caamembeca","spectabilis","(DC.) J.F.B.Pastore","POLYGALACEAE Caamembeca spectabilis (DC.) J.F.B.Pastore","MG244229","x","MG","Barbosa-Silva, R.G.","1356","Native","2019","Andrino, C.O.","2021","Bronze","Ouro",,,"PARNA Campos Ferruginosos"
"PARQUE NACIONAL CAMPOS FERRUGINOSOS","Ferns and Lycophytes","Salicaceae","Casearia","arborea","(Rich.) Urb.","SALICACEAE Casearia arborea (Rich.) Urb.","MG243684","x","MG","Gadelha-Silva, L.","15","Native","2019","Gadelha-Silva, L.","2021","Bronze","Ouro",,,"Parque Nacional dos Campos Ferruginosos"
"PARQUE NACIONAL CAMPOS FERRUGINOSOS","Angiosperms","Sapotaceae","Pouteria","ramiflora","(Mart.) Radlk.","SAPOTACEAE Pouteria ramiflora (Mart.) Radlk.","MG243902","x","MG","Zappi, D.C.","4888","Native","2019","Gadelha-Silva, L.","2021","Bronze","Ouro",,,"Parque Nacional dos Campos Ferruginosos"
"PARQUE NACIONAL CAMPOS FERRUGINOSOS","Angiosperms","Siparunaceae","Siparuna","guianensis","Aubl.","SIPARUNACEAE Siparuna guianensis Aubl.","MG243945","x","MG","Zappi, D.C.","5066","Native","2019","Gadelha-Silva, L.","2021","Bronze","Ouro",,,"Parque Nacional dos Campos Ferruginosos"
"PARQUE NACIONAL CAMPOS FERRUGINOSOS","Angiosperms","Smilacaceae","Smilax","irrorata","Mart. ex Griseb.","SMILACACEAE Smilax irrorata Mart. ex Griseb.","MG243900","x","MG","Zappi, D.C.","4886","Native","2019","Gadelha-Silva, L.","2021","Bronze","Ouro",,,"Parque Nacional dos Campos Ferruginosos"
"PARQUE NACIONAL CAMPOS FERRUGINOSOS","Angiosperms","Turneraceae","Turnera","coerulea","(Urb.) Arbo & Fernández","TURNERACEAE Turnera coerulea var. surinamensis (Urb.) Arbo & Fernández","MG243844","x","MG","Zappi, D.C.","4721","Native","2019","Gadelha-Silva, L.","2021","Bronze","Ouro",,,"Parque Nacional dos Campos Ferruginosos"
"PARQUE NACIONAL CAMPOS FERRUGINOSOS","Angiosperms","Xyridaceae","Xyris","savanensis","Miq.","XYRIDACEAE Xyris savanensis Miq.","MG243840","x","MG","Zappi, D.C.","4717","Native","2019","Gadelha-Silva, L.","2021","Bronze","Ouro",,,"Parque Nacional dos Campos Ferruginosos"
"PARQUE NACIONAL CAMPOS FERRUGINOSOS","Angiosperms","Apocynaceae","Mandevilla","scabra","(Hoffmanns. ex Roem. & Schult.) K.Schum.","APOCYNACEAE Mandevilla scabra (Hoffmanns. ex Roem. & Schult.) K.Schum.","MG243873","x","MG","Zappi, D.C.","4753","Native","2019","Zappi, D.C.","2020","Bronze","Ouro",,,"Parque Nacional dos Campos Ferruginosos"
"PARQUE NACIONAL CAMPOS FERRUGINOSOS","Angiosperms","Apocynaceae","Mandevilla","tenuifolia","(J.C.Mikan) Woodson","APOCYNACEAE Mandevilla tenuifolia (J.C.Mikan) Woodson","MG243926","x","MG","Zappi, D.C.","5047","Native","2019","Gadelha-Silva, L.","2020","Bronze","Ouro",,,"Parque Nacional dos Campos Ferruginosos"
"PARQUE NACIONAL CAMPOS FERRUGINOSOS","Angiosperms","Apocynaceae","Odontadenia","nitida","(Vahl) Müll.Arg.","APOCYNACEAE Odontadenia nitida (Vahl) Müll.Arg.","MG243673","x","MG","Gadelha-Silva, L.","4","Native","2019","Zappi, D.C.","2020","Bronze","Ouro",,,"Parque Nacional dos Campos Ferruginosos"
"PARQUE NACIONAL CAMPOS FERRUGINOSOS","Angiosperms","Asteraceae","Ichthyothere","terminalis","(Spreng.) S.F.Blake","ASTERACEAE Ichthyothere terminalis (Spreng.) S.F.Blake","MG243865","x","MG","Zappi, D.C.","4745","Native","2019","Zappi, D.C.","2020","Bronze","Ouro",,,"Parque Nacional dos Campos Ferruginosos"
"PARQUE NACIONAL CAMPOS FERRUGINOSOS","Angiosperms","Asteraceae","Praxelis","asperulacea","(Baker) R.M.King & H.Rob.","ASTERACEAE Praxelis asperulacea (Baker) R.M.King & H.Rob.","MG243851","x","MG","Zappi, D.C.","4729","Native","2019","Gadelha-Silva, L.","2020","Bronze","Ouro",,,"Parque Nacional dos Campos Ferruginosos"
"PARQUE NACIONAL CAMPOS FERRUGINOSOS","Angiosperms","Asteraceae","Riencourtia","pedunculosa","(Rich.) Pruski","ASTERACEAE Riencourtia pedunculosa (Rich.) Pruski","MG243845","x","MG","Zappi, D.C.","4722","Native","2019","Zappi, D.C.","2020","Bronze","Ouro",,,"Parque Nacional dos Campos Ferruginosos"
"PARQUE NACIONAL CAMPOS FERRUGINOSOS","Angiosperms","Bignoniaceae","Bignonia","corymbosa","(Vent.) L.G.Lohmann","BIGNONIACEAE Bignonia corymbosa (Vent.) L.G.Lohmann","MG243920","x","MG","Zappi, D.C.","5041","Native","2019","Zappi, D.C.","2020","Bronze","Ouro",,,"Parque Nacional dos Campos Ferruginosos"
"PARQUE NACIONAL CAMPOS FERRUGINOSOS","Ferns and Lycophytes","Bignoniaceae","Pleonotoma","melioides","(S.Moore) A.H.Gentry","BIGNONIACEAE Pleonotoma melioides (S.Moore) A.H.Gentry","MG243866","x","MG","Zappi, D.C.","4746","Native","2019","Zappi, D.C.","2020","Bronze","Ouro",,,"Parque Nacional dos Campos Ferruginosos"
"PARQUE NACIONAL CAMPOS FERRUGINOSOS","Ferns and Lycophytes","Bromeliaceae","Aechmea","tocantina","Baker","BROMELIACEAE Aechmea tocantina Baker","MG243893","x","MG","Zappi, D.C.","4879","Native","2019","Zappi, D.C.","2020","Bronze","Ouro",,,"Parque Nacional dos Campos Ferruginosos"
"PARQUE NACIONAL CAMPOS FERRUGINOSOS",,"Bromeliaceae","Pitcairnia","burchellii","Mez","BROMELIACEAE Pitcairnia burchellii Mez","MG244214","x","MG","Barbosa-Silva, R.G.","1341",,"2019","Saraiva, D.P.","2020","Bronze","Ouro",,,"PARNA Campos Ferruginosos"
"PARQUE NACIONAL CAMPOS FERRUGINOSOS","Ferns and Lycophytes","Burmanniaceae","Burmannia","capitata","(Walter ex J.F.Gmel.) Mart.","BURMANNIACEAE Burmannia capitata (Walter ex J.F.Gmel.) Mart.","MG243846","x","MG","Zappi, D.C.","4724","Native","2019","Lovo, J.","2020","Bronze","Ouro",,,"Parque Nacional dos Campos Ferruginosos"
"PARQUE NACIONAL CAMPOS FERRUGINOSOS","Angiosperms","Burmanniaceae","Burmannia","flava","Mart.","BURMANNIACEAE Burmannia flava Mart.","MG243843","x","MG","Zappi, D.C.","4720","Native","2019","Lovo, J.","2020","Bronze","Ouro",,,"Parque Nacional dos Campos Ferruginosos"
"PARQUE NACIONAL CAMPOS FERRUGINOSOS","Ferns and Lycophytes","Cabombaceae","Cabomba","caroliniana","A.Gray","CABOMBACEAE Cabomba caroliniana A.Gray","MG243880","x","MG","Zappi, D.C.","4762","Native","2019","Lovo, J.","2020","Bronze","Ouro",,,"Parque Nacional dos Campos Ferruginosos"
"PARQUE NACIONAL CAMPOS FERRUGINOSOS","Ferns and Lycophytes","Cyperaceae","Bulbostylis","conifera","(Kunth) C.B.Clarke","CYPERACEAE Bulbostylis conifera (Kunth) C.B.Clarke","MG243925","x","MG","Zappi, D.C.","5046","Native","2019","Nunes, C.S.","2020","Bronze","Ouro",,,"Parque Nacional dos Campos Ferruginosos"
"PARQUE NACIONAL CAMPOS FERRUGINOSOS","Ferns and Lycophytes","Cyperaceae","Cyperus","haspan","L.","CYPERACEAE Cyperus haspan L.","MG243829","x","MG","Zappi, D.C.","4705","Native","2019","Nunes, C.S.","2020","Bronze","Ouro",,,"Parque Nacional dos Campos Ferruginosos"
"PARQUE NACIONAL CAMPOS FERRUGINOSOS","Ferns and Lycophytes","Cyperaceae","Cyperus","surinamensis","Rottb.","CYPERACEAE Cyperus surinamensis Rottb.","MG243862","x","MG","Zappi, D.C.","4742","Native","2019","Nunes, C.S.","2020","Bronze","Ouro",,,"Parque Nacional dos Campos Ferruginosos"
"PARQUE NACIONAL CAMPOS FERRUGINOSOS","Angiosperms","Cyperaceae","Eleocharis","bicolor","Chapm.","CYPERACEAE Eleocharis bicolor Chapm.","MG243955","x","MG","Zappi, D.C.","5076","Native","2019","Nunes, C.S.","2020","Bronze","Ouro",,,"Parque Nacional dos Campos Ferruginosos"
"PARQUE NACIONAL CAMPOS FERRUGINOSOS","Angiosperms","Cyperaceae","Rhynchospora","acanthoma","A.C.Araújo & Longhi-Wagner","CYPERACEAE Rhynchospora acanthoma A.C.Araújo & Longhi-Wagner","MG243869","x","MG","Zappi, D.C.","4749","Native","2019","Nunes, C.S.","2020","Bronze","Ouro",,,"Parque Nacional dos Campos Ferruginosos"
"PARQUE NACIONAL CAMPOS FERRUGINOSOS","Angiosperms","Cyperaceae","Rhynchospora","filiformis","Vahl","CYPERACEAE Rhynchospora filiformis Vahl","MG243830","x","MG","Zappi, D.C.","4706","Native","2019","Nunes, C.S.","2020","Bronze","Ouro",,,"Parque Nacional dos Campos Ferruginosos"
"PARQUE NACIONAL CAMPOS FERRUGINOSOS","Angiosperms","Cyperaceae","Rhynchospora","holoschoenoides","(Rich.) Herter","CYPERACEAE Rhynchospora holoschoenoides (Rich.) Herter","MG243681","x","MG","Gadelha-Silva, L.","12","Native","2019","Nunes, C.S.","2020","Bronze","Ouro",,,"Parque Nacional dos Campos Ferruginosos"
"PARQUE NACIONAL CAMPOS FERRUGINOSOS","Angiosperms","Cyperaceae","Rhynchospora","seccoi","C.S. Nunes, P.J.S. Silva Filho & A. Gil","CYPERACEAE Rhynchospora seccoi C.S. Nunes, P.J.S. Silva Filho & A. Gil","MG243850","x","MG","Zappi, D.C.","4728","Native","2019","Nunes, C.S.","2020","Bronze","Ouro",,,"Parque Nacional dos Campos Ferruginosos"
"PARQUE NACIONAL CAMPOS FERRUGINOSOS","Angiosperms","Cyperaceae","Scleria","microcarpa","Nees ex Kunth","CYPERACEAE Scleria microcarpa Nees ex Kunth","MG243953","x","MG","Zappi, D.C.","5074","Native","2019","Nunes, C.S.","2020","Bronze","Ouro",,,"Parque Nacional dos Campos Ferruginosos"
"PARQUE NACIONAL CAMPOS FERRUGINOSOS","Angiosperms","Dilleniaceae","Davilla","rugosa","Poir.","DILLENIACEAE Davilla rugosa Poir.","MG243947","x","MG","Zappi, D.C.","5068","Native","2019","Zappi, D.C.","2020","Bronze","Ouro",,,"Parque Nacional dos Campos Ferruginosos"
"PARQUE NACIONAL CAMPOS FERRUGINOSOS","Angiosperms","Droseraceae","Drosera","sessilifolia","A.St.-Hil.","DROSERACEAE Drosera sessilifolia A.St.-Hil.","MG243888","x","MG","Zappi, D.C.","4770","Native","2019","Andrino, C.O.","2020","Bronze","Ouro",,,"Parque Nacional dos Campos Ferruginosos"
"PARQUE NACIONAL CAMPOS FERRUGINOSOS","Angiosperms","Eriocaulaceae","Eriocaulon","tenuifolium","Klotzsch ex Körn.","ERIOCAULACEAE Eriocaulon tenuifolium Klotzsch ex Körn.","MG243677","x","MG","Gadelha-Silva, L.","8","Native","2019","Gadelha-Silva, L.","2020","Bronze","Ouro",,,"Parque Nacional dos Campos Ferruginosos"
"PARQUE NACIONAL CAMPOS FERRUGINOSOS","Angiosperms","Eriocaulaceae","Syngonanthus","heteropeplus","(Koern.) Ruhland","ERIOCAULACEAE Syngonanthus heteropeplus (Koern.) Ruhland","MG243836","x","MG","Zappi, D.C.","4712","Native","2019","Gadelha-Silva, L.","2020","Bronze","Ouro",,,"Parque Nacional dos Campos Ferruginosos"
"PARQUE NACIONAL CAMPOS FERRUGINOSOS","Angiosperms","Euphorbiaceae","Alchornea","discolor","Poepp.","EUPHORBIACEAE Alchornea discolor Poepp.","MG243692","x","MG","Gadelha-Silva, L.","23","Native","2019","Lovo, J.","2020","Bronze","Ouro",,,"Parque Nacional dos Campos Ferruginosos"
"PARQUE NACIONAL CAMPOS FERRUGINOSOS","Angiosperms","Euphorbiaceae","Mabea","angustifolia","Spruce ex Benth.","EUPHORBIACEAE Mabea angustifolia Spruce ex Benth.","MG243816","x","MG","Zappi, D.C.","4691","Native","2019","Lovo, J.","2020","Bronze","Ouro",,,"Parque Nacional dos Campos Ferruginosos"
"PARQUE NACIONAL CAMPOS FERRUGINOSOS","Angiosperms","Euphorbiaceae","Maprounea","brasiliensis","A.St.-Hil.","EUPHORBIACEAE Maprounea brasiliensis A.St.-Hil.","MG243694","x","MG","Gadelha-Silva, L.","25","Native","2019","Lovo, J.","2020","Bronze","Ouro",,,"Parque Nacional dos Campos Ferruginosos"
"PARQUE NACIONAL CAMPOS FERRUGINOSOS",,"Fabaceae","Abrus","melanospermus","(Spruce ex Benth.) D.K.Harder","FABACEAE Abrus melanospermus subsp. tenuiflorus (Spruce ex Benth.) D.K.Harder","MG243874","x","MG","Zappi, D.C.","4755",,"2019","Gadelha-Silva, L.","2020","Bronze","Ouro",,,"Parque Nacional dos Campos Ferruginosos"
"PARQUE NACIONAL CAMPOS FERRUGINOSOS","Angiosperms","Fabaceae","Aeschynomene",,"L.","FABACEAE Aeschynomene L.","MG243895","x","MG","Zappi, D.C.","4881","Native","2019","Gadelha-Silva, L.","2020","Bronze","Ouro",,,"Parque Nacional dos Campos Ferruginosos"
"PARQUE NACIONAL CAMPOS FERRUGINOSOS","Ferns and Lycophytes","Fabaceae","Ancistrotropis","peduncularis","(Fawc. & Rendle) A.Delgado","FABACEAE Ancistrotropis peduncularis (Fawc. & Rendle) A.Delgado","MG243847","x","MG","Zappi, D.C.","4725","Native","2019","Zappi, D.C.","2020","Bronze","Ouro",,,"Parque Nacional dos Campos Ferruginosos"
"PARQUE NACIONAL CAMPOS FERRUGINOSOS","Ferns and Lycophytes","Fabaceae","Calopogonium","mucunoides","Desv.","FABACEAE Calopogonium mucunoides Desv.","MG243859","x","MG","Zappi, D.C.","4739","Native","2019","Gadelha-Silva, L.","2020","Bronze","Ouro",,,"Parque Nacional dos Campos Ferruginosos"
"PARQUE NACIONAL CAMPOS FERRUGINOSOS","Angiosperms","Fabaceae","Chamaecrista","desvauxii","(Kunth ex Vogel) H.S.Irwin & Barneby","FABACEAE Chamaecrista desvauxii var. langsdorffii (Kunth ex Vogel) H.S.Irwin & Barneby","MG243864","x","MG","Zappi, D.C.","4744","Native","2019","Gadelha-Silva, L.","2020","Bronze","Ouro",,,"Parque Nacional dos Campos Ferruginosos"
"PARQUE NACIONAL CAMPOS FERRUGINOSOS","Angiosperms","Fabaceae","Chamaecrista","flexuosa","(L.) Greene","FABACEAE Chamaecrista flexuosa var. flexuosa (L.) Greene","MG243852","x","MG","Zappi, D.C.","4730","Native","2019","Gadelha-Silva, L.","2020","Bronze","Ouro",,,"Parque Nacional dos Campos Ferruginosos"
"PARQUE NACIONAL CAMPOS FERRUGINOSOS","Angiosperms","Fabaceae","Crotalaria","maypurensis","Kunth","FABACEAE Crotalaria maypurensis Kunth","MG243860","x","MG","Zappi, D.C.","4740","Native","2019","Devecchi, M.F.","2020","Bronze","Ouro",,,"Parque Nacional dos Campos Ferruginosos"
"PARQUE NACIONAL CAMPOS FERRUGINOSOS","Angiosperms","Fabaceae","Crotalaria","spectabilis","Röth","FABACEAE Crotalaria spectabilis Röth","MG243861","x","MG","Zappi, D.C.","4741","Native","2019","Devecchi, M.F.","2020","Bronze","Ouro",,,"Parque Nacional dos Campos Ferruginosos"
"PARQUE NACIONAL CAMPOS FERRUGINOSOS","Angiosperms","Fabaceae","Mimosa","xanthocentra","(Mart.) Barneby","FABACEAE Mimosa xanthocentra var. mansii (Mart.) Barneby","MG243863","x","MG","Zappi, D.C.","4743","Naturalized","2019","Gadelha-Silva, L.","2020","Bronze","Ouro",,,"Parque Nacional dos Campos Ferruginosos"
"PARQUE NACIONAL CAMPOS FERRUGINOSOS","Angiosperms","Fabaceae","Periandra","coccinea","(Schrad.) Benth.","FABACEAE Periandra coccinea (Schrad.) Benth.","MG243878","x","MG","Zappi, D.C.","4760","Native","2019","Gadelha-Silva, L.","2020","Bronze","Ouro",,,"Parque Nacional dos Campos Ferruginosos"
"PARQUE NACIONAL CAMPOS FERRUGINOSOS","Angiosperms","Fabaceae","Rhynchosia","phaseoloides","(Sw.) DC.","FABACEAE Rhynchosia phaseoloides (Sw.) DC.","MG243944","x","MG","Zappi, D.C.","5065","Native","2019","Zappi, D.C.","2020","Bronze","Ouro",,,"Parque Nacional dos Campos Ferruginosos"
"PARQUE NACIONAL CAMPOS FERRUGINOSOS","Angiosperms","Fabaceae","Robrichia","schomburgkii","(Benth.) A.R.M.Luz & E.R.Souza","FABACEAE Robrichia schomburgkii (Benth.) A.R.M.Luz & E.R.Souza","MG243704","x","MG","Gadelha-Silva, L.","35","Native","2019","Gadelha-Silva, L.","2020","Bronze","Ouro",,,"Parque Nacional dos Campos Ferruginosos"
"PARQUE NACIONAL CAMPOS FERRUGINOSOS","Angiosperms","Fabaceae","Senna","silvestris","(Vell.) H.S.Irwin & Barneby","FABACEAE Senna silvestris (Vell.) H.S.Irwin & Barneby","MG243934","x","MG","Zappi, D.C.","5055","Native","2019","Zappi, D.C.","2020","Bronze","Ouro",,,"Parque Nacional dos Campos Ferruginosos"
"PARQUE NACIONAL CAMPOS FERRUGINOSOS","Angiosperms","Fabaceae","Swartzia","arumateuana","(R. S. Cowan) Torke & Mansano","FABACEAE Swartzia arumateuana (R. S. Cowan) Torke & Mansano","MG243907","x","MG","Zappi, D.C.","5027","Native","2019","Zappi, D.C.","2020","Bronze","Ouro",,,"Parque Nacional dos Campos Ferruginosos"
"PARQUE NACIONAL CAMPOS FERRUGINOSOS","Angiosperms","Heliotropiaceae","Euploca","lagoensis","(Warm.) Diane & Hilger","HELIOTROPIACEAE Euploca lagoensis (Warm.) Diane & Hilger","MG243676","x","MG","Gadelha-Silva, L.","7","Native","2019","Zappi, D.C.","2020","Bronze","Ouro",,,"Parque Nacional dos Campos Ferruginosos"
"PARQUE NACIONAL CAMPOS FERRUGINOSOS","Ferns and Lycophytes","Lamiaceae","Leonotis","nepetifolia","(L.) R.Br.","LAMIACEAE Leonotis nepetifolia (L.) R.Br.","MG243936","x","MG","Zappi, D.C.","5057","Native","2019","Gadelha-Silva, L.","2020","Bronze","Ouro",,,"Parque Nacional dos Campos Ferruginosos"
"PARQUE NACIONAL CAMPOS FERRUGINOSOS","Angiosperms","Lamiaceae","Mesosphaerum","suaveolens","(L.) Kuntze","LAMIACEAE Mesosphaerum suaveolens (L.) Kuntze","MG243935","x","MG","Zappi, D.C.","5056","Native","2019","Gadelha-Silva, L.","2020","Bronze","Ouro",,,"Parque Nacional dos Campos Ferruginosos"
"PARQUE NACIONAL CAMPOS FERRUGINOSOS","Angiosperms","Lentibulariaceae","Utricularia","amethystina","Salzm. ex A.St.-Hil. & Girard","LENTIBULARIACEAE Utricularia amethystina Salzm. ex A.St.-Hil. & Girard","MG243871","x","MG","Zappi, D.C.","4751","Native","2019","Gadelha-Silva, L.","2020","Bronze","Ouro",,,"Parque Nacional dos Campos Ferruginosos"
"PARQUE NACIONAL CAMPOS FERRUGINOSOS","Angiosperms","Malpighiaceae","Diplopterys","pubipetala","(A.Juss.) W.R.Anderson & C.C.Davis","MALPIGHIACEAE Diplopterys pubipetala (A.Juss.) W.R.Anderson & C.C.Davis","MG243691","x","MG","Gadelha-Silva, L.","22","Native","2019","Gadelha-Silva, L.","2020","Bronze","Ouro",,,"Parque Nacional dos Campos Ferruginosos"
"PARQUE NACIONAL CAMPOS FERRUGINOSOS","Angiosperms","Malvaceae","Helicteres","brevispira","A.St.-Hil.","MALVACEAE Helicteres brevispira A.St.-Hil.","MG244222","x","MG","Barbosa-Silva, R.G.","1349","Native","2019","Coutinho, T.S.","2020","Bronze","Ouro",,,"PARNA Campos Ferruginosos"
"PARQUE NACIONAL CAMPOS FERRUGINOSOS","Angiosperms","Malvaceae","Hibiscus","furcellatus","Desr.","MALVACEAE Hibiscus furcellatus Desr.","MG243885","x","MG","Zappi, D.C.","4767","Native","2019","Gadelha-Silva, L.","2020","Bronze","Ouro",,,"Parque Nacional dos Campos Ferruginosos"
"PARQUE NACIONAL CAMPOS FERRUGINOSOS","Angiosperms","Malvaceae","Melochia","arenosa","Benth.","MALVACEAE Melochia arenosa Benth.","MG243675","x","MG","Gadelha-Silva, L.","6","Native","2019","Gadelha-Silva, L.","2020","Bronze","Ouro",,,"Parque Nacional dos Campos Ferruginosos"
"PARQUE NACIONAL CAMPOS FERRUGINOSOS","Angiosperms","Malvaceae","Melochia","melissifolia","Benth.","MALVACEAE Melochia melissifolia Benth.","MG243876","x","MG","Zappi, D.C.","4757","Native","2019","Gadelha-Silva, L.","2020","Bronze","Ouro",,,"Parque Nacional dos Campos Ferruginosos"
"PARQUE NACIONAL CAMPOS FERRUGINOSOS","Angiosperms","Malvaceae","Pachira","paraensis","(Ducke) W.S.Alverson","MALVACEAE Pachira paraensis (Ducke) W.S.Alverson","MG243703","x","MG","Gadelha-Silva, L.","34","Native","2019","Duarte, C.M.","2020","Bronze","Ouro",,,"Parque Nacional dos Campos Ferruginosos"
"PARQUE NACIONAL CAMPOS FERRUGINOSOS","Angiosperms","Melastomataceae","Miconia","albicans","(Sw.) Steud.","MELASTOMATACEAE Miconia albicans (Sw.) Steud.","MG243688","x","MG","Gadelha-Silva, L.","19","Native","2019","Gadelha-Silva, L.","2020","Bronze","Ouro",,,"Parque Nacional dos Campos Ferruginosos"
"PARQUE NACIONAL CAMPOS FERRUGINOSOS","Angiosperms","Melastomataceae","Miconia","alternans","Naudin","MELASTOMATACEAE Miconia alternans Naudin","MG243883","x","MG","Zappi, D.C.","4765","Native","2019","Gadelha-Silva, L.","2020","Bronze","Ouro",,,"Parque Nacional dos Campos Ferruginosos"
"PARQUE NACIONAL CAMPOS FERRUGINOSOS","Angiosperms","Melastomataceae","Miconia","heliotropoides","Triana","MELASTOMATACEAE Miconia heliotropoides Triana","MG243813","x","MG","Zappi, D.C.","4688","Native","2019","Gadelha-Silva, L.","2020","Bronze","Ouro",,,"Parque Nacional dos Campos Ferruginosos"
"PARQUE NACIONAL CAMPOS FERRUGINOSOS","Angiosperms","Melastomataceae","Noterophila","crassipes","(Naudin) Kriebel & M.J.R.Rocha","MELASTOMATACEAE Noterophila crassipes (Naudin) Kriebel & M.J.R.Rocha","MG243832","x","MG","Zappi, D.C.","4708","Native","2019","Gadelha-Silva, L.","2020","Bronze","Ouro",,,"Parque Nacional dos Campos Ferruginosos"
"PARQUE NACIONAL CAMPOS FERRUGINOSOS","Angiosperms","Melastomataceae","Tibouchina",,"Aubl.","MELASTOMATACEAE Tibouchina Aubl.","MG243906","x","MG","Zappi, D.C.","4892","Native","2019","Gadelha-Silva, L.","2020","Bronze","Ouro",,,"Parque Nacional dos Campos Ferruginosos"
"PARQUE NACIONAL CAMPOS FERRUGINOSOS","Ferns and Lycophytes","Menispermaceae","Abuta","grandifolia","(Mart.) Sandwith","MENISPERMACEAE Abuta grandifolia (Mart.) Sandwith","MG243914","x","MG","Zappi, D.C.","5034","Native","2019","Gadelha-Silva, L.","2020","Bronze","Ouro",,,"Parque Nacional dos Campos Ferruginosos"
"PARQUE NACIONAL CAMPOS FERRUGINOSOS","Angiosperms","Myrtaceae","Eugenia","punicifolia","(Kunth) DC.","MYRTACEAE Eugenia punicifolia (Kunth) DC.","MG243696","x","MG","Gadelha-Silva, L.","27","Native","2019","Gadelha-Silva, L.","2020","Bronze","Ouro",,,"Parque Nacional dos Campos Ferruginosos"
"PARQUE NACIONAL CAMPOS FERRUGINOSOS","Angiosperms","Myrtaceae","Myrcia","bracteata","(Rich.) DC.","MYRTACEAE Myrcia bracteata (Rich.) DC.","MG243917","x","MG","Zappi, D.C.","5037","Native","2019","Gadelha-Silva, L.","2020","Bronze","Ouro",,,"Parque Nacional dos Campos Ferruginosos"
"PARQUE NACIONAL CAMPOS FERRUGINOSOS","Angiosperms","Myrtaceae","Myrcia","cuprea","(O.Berg) Kiaersk.","MYRTACEAE Myrcia cuprea (O.Berg) Kiaersk.","MG243927","x","MG","Zappi, D.C.","5048","Native","2019","Gadelha-Silva, L.","2020","Bronze","Ouro",,,"Parque Nacional dos Campos Ferruginosos"
"PARQUE NACIONAL CAMPOS FERRUGINOSOS","Angiosperms","Myrtaceae","Myrcia","multiflora","(Lam.) DC.","MYRTACEAE Myrcia multiflora (Lam.) DC.","MG243682","x","MG","Gadelha-Silva, L.","13","Native","2019","Gadelha-Silva, L.","2020","Bronze","Ouro",,,"Parque Nacional dos Campos Ferruginosos"
"PARQUE NACIONAL CAMPOS FERRUGINOSOS",,"Myrtaceae","Myrcia","splendens","(Sw.) DC.","MYRTACEAE Myrcia splendens (Sw.) DC.","MG243932","x","MG","Zappi, D.C.","5053",,"2019","Gadelha-Silva, L.","2020","Bronze","Ouro",,,"Parque Nacional dos Campos Ferruginosos"
"PARQUE NACIONAL CAMPOS FERRUGINOSOS","Angiosperms","Myrtaceae","Myrcia","sylvatica","(G.Mey.) DC.","MYRTACEAE Myrcia sylvatica (G.Mey.) DC.","MG243685","x","MG","Gadelha-Silva, L.","16","Native","2019","Gadelha-Silva, L.","2020","Bronze","Ouro",,,"Parque Nacional dos Campos Ferruginosos"
"PARQUE NACIONAL CAMPOS FERRUGINOSOS","Angiosperms","Myrtaceae","Myrcia","tomentosa","(Aubl.) DC.","MYRTACEAE Myrcia tomentosa (Aubl.) DC.","MG243929","x","MG","Zappi, D.C.","5050","Native","2019","Gadelha-Silva, L.","2020","Bronze","Ouro",,,"Parque Nacional dos Campos Ferruginosos"
"PARQUE NACIONAL CAMPOS FERRUGINOSOS","Angiosperms","Nyctaginaceae","Neea","floribunda","Poepp. & Endl.","NYCTAGINACEAE Neea floribunda Poepp. & Endl.","MG243913","x","MG","Zappi, D.C.","5033","Native","2019","Gadelha-Silva, L.","2020","Bronze","Ouro",,,"Parque Nacional dos Campos Ferruginosos"
"PARQUE NACIONAL CAMPOS FERRUGINOSOS","Angiosperms","Passifloraceae","Passiflora","tholozanii","Sacco","PASSIFLORACEAE Passiflora tholozanii Sacco","MG243891","x","MG","Zappi, D.C.","4877","Native","2019","Gadelha-Silva, L.","2020","Bronze","Ouro",,,"Parque Nacional dos Campos Ferruginosos"
"PARQUE NACIONAL CAMPOS FERRUGINOSOS","Angiosperms","Phyllanthaceae","Moeroris","stipulata","Raf.","PHYLLANTHACEAE Moeroris stipulata Raf.","MG243674","x","MG","Gadelha-Silva, L.","5","Native","2019","Gadelha-Silva, L.","2020","Bronze","Ouro",,,"Parque Nacional dos Campos Ferruginosos"
"PARQUE NACIONAL CAMPOS FERRUGINOSOS","Angiosperms","Phyllanthaceae","Phyllanthus","orbiculatus","Rich.","PHYLLANTHACEAE Phyllanthus orbiculatus Rich.","MG243923","x","MG","Zappi, D.C.","5044","Native","2019","Gadelha-Silva, L.","2020","Bronze","Ouro",,,"Parque Nacional dos Campos Ferruginosos"
"PARQUE NACIONAL CAMPOS FERRUGINOSOS","Ferns and Lycophytes","Salicaceae","Casearia","pitumba","Sleumer","SALICACEAE Casearia pitumba Sleumer","MG243949","x","MG","Zappi, D.C.","5070","Native","2019","Lovo, J.","2020","Bronze","Ouro",,,"Parque Nacional dos Campos Ferruginosos"
"PARQUE NACIONAL CAMPOS FERRUGINOSOS","Angiosperms","Salicaceae","Piparea","multiflora","C. F. Gaertn.","SALICACEAE Piparea multiflora C. F. Gaertn.","MG243940","x","MG","Zappi, D.C.","5061","Native","2019","Lovo, J.","2020","Bronze","Ouro",,,"Parque Nacional dos Campos Ferruginosos"
"PARQUE NACIONAL CAMPOS FERRUGINOSOS","Angiosperms","Solanaceae","Physalis","angulata","L.","SOLANACEAE Physalis angulata L.","MG243919","x","MG","Zappi, D.C.","5039","Native","2019","Gadelha-Silva, L.","2020","Bronze","Ouro",,,"Parque Nacional dos Campos Ferruginosos"
"PARQUE NACIONAL CAMPOS FERRUGINOSOS","Angiosperms","Solanaceae","Solanum","americanum","Mill.","SOLANACEAE Solanum americanum Mill.","MG243918","x","MG","Zappi, D.C.","5038","Native","2019","Gadelha-Silva, L.","2020","Bronze","Ouro",,,"Parque Nacional dos Campos Ferruginosos"
"PARQUE NACIONAL CAMPOS FERRUGINOSOS","Angiosperms","Solanaceae","Solanum","sisymbriifolium","Lam.","SOLANACEAE Solanum sisymbriifolium Lam.","MG243921","x","MG","Zappi, D.C.","5042","Native","2019","Gadelha-Silva, L.","2020","Bronze","Ouro",,,"Parque Nacional dos Campos Ferruginosos"
"PARQUE NACIONAL CAMPOS FERRUGINOSOS","Angiosperms","Urticaceae","Urera","caracasana","(Jacq.) Griseb.","URTICACEAE Urera caracasana (Jacq.) Griseb.","RB01605435","x","RB","Silva, R.G.B.","1294","Native","2019","Silva, R.G.B.","2020","Bronze","Ouro",,,"PARNA Campos Ferruginosos, cachoeira da Bocaina, 1Km da estrada que sobe a Serra, atravessando o pasto"
"PARQUE NACIONAL CAMPOS FERRUGINOSOS",,"Verbenaceae","Lantana","hirsuta","R.W.Sanders","VERBENACEAE Lantana hirsuta subsp. amazonica R.W.Sanders","MG243870","x","MG","Zappi, D.C.","4750",,"2019","Gadelha-Silva, L.","2020","Bronze","Ouro",,,"Parque Nacional dos Campos Ferruginosos"
"PARQUE NACIONAL CAMPOS FERRUGINOSOS","Ferns and Lycophytes","Vochysiaceae","Callisthene","microphylla","Warm.","VOCHYSIACEAE Callisthene microphylla Warm.","MG243702","x","MG","Gadelha-Silva, L.","33","Native","2019","Gadelha-Silva, L.","2020","Bronze","Ouro",,,"Parque Nacional dos Campos Ferruginosos"
"PARQUE NACIONAL CAMPOS FERRUGINOSOS","Angiosperms","Acanthaceae","Justicia","potamogeton","Lindau","ACANTHACEAE Justicia potamogeton Lindau","MG244124","x","MG","Barbosa-Silva, R.G.","1295","Native","2019","Silva, F.A.","2019","Bronze","Ouro",,,"PARNA Campos Ferruginosos"
"PARQUE NACIONAL CAMPOS FERRUGINOSOS","Angiosperms","Acanthaceae","Ruellia","anamariae","A.S.Reis, A.Gil & Kameyama","ACANTHACEAE Ruellia anamariae A.S.Reis, A.Gil & Kameyama","MG243896","x","MG","Zappi, D.C.","4882","Native","2019","Zappi, D.C.","2019","Bronze","Ouro",,,"Parque Nacional dos Campos Ferruginosos"
"PARQUE NACIONAL CAMPOS FERRUGINOSOS","Angiosperms","Apocynaceae","Ruehssia","bergii","(Morillo) F.Esp.Santo & Rapini","APOCYNACEAE Ruehssia bergii (Morillo) F.Esp.Santo & Rapini","INPA0301232","splink","INPA","Barbosa-Silva, R.G.","1344","Native","2019","Barbosa-Silva, R.G.","2019","Bronze","Ouro",,"Canaã dos Carajás","PARNA dos Campos Ferruginosos"
"PARQUE NACIONAL CAMPOS FERRUGINOSOS","Angiosperms","Asteraceae","Monogereion","carajensis","G.M.Barroso & R.M.King","ASTERACEAE Monogereion carajensis G.M.Barroso & R.M.King","MG243856","x","MG","Zappi, D.C.","4736","Native","2019","Zappi, D.C.","2019","Bronze","Ouro",,,"Parque Nacional dos Campos Ferruginosos"
"PARQUE NACIONAL CAMPOS FERRUGINOSOS","Angiosperms","Bromeliaceae","Dyckia","duckei","L.B.Sm.","BROMELIACEAE Dyckia duckei L.B.Sm.","MG243819","x","MG","Zappi, D.C.","4695","Native","2019","Zappi, D.C.","2019","Bronze","Ouro",,,"Parque Nacional dos Campos Ferruginosos"
"PARQUE NACIONAL CAMPOS FERRUGINOSOS","Ferns and Lycophytes","Capparaceae","Cynophalla","flexuosa","(L.) J.Presl","CAPPARACEAE Cynophalla flexuosa (L.) J.Presl","RB01605237","x","RB","Silva, R.G.B.","1306","Native","2019","Silva, R.G.B.","2019","Bronze","Ouro",,,"PARNA Campos ferruginosos, trilha para a cachoeira da Bocaina"
"PARQUE NACIONAL CAMPOS FERRUGINOSOS","Angiosperms","Convolvulaceae","Ipomoea","marabaensis","D.F.Austin & Secco","CONVOLVULACEAE Ipomoea marabaensis D.F.Austin & Secco","MG243820","x","MG","Zappi, D.C.","4696","Native","2019","Zappi, D.C.","2019","Bronze","Ouro",,,"Parque Nacional dos Campos Ferruginosos"
"PARQUE NACIONAL CAMPOS FERRUGINOSOS","Ferns and Lycophytes","Costaceae","Chamaecostus","lanceolatus","(Petersen) C.D.Specht & D.W.Stev.","COSTACEAE Chamaecostus lanceolatus (Petersen) C.D.Specht & D.W.Stev.","MG244226","x","MG","Barbosa-Silva, R.G.","1353","Native","2019","Barbosa-Silva, R.G.","2019","Bronze","Ouro",,,"PARNA Campos Ferruginosos"
"PARQUE NACIONAL CAMPOS FERRUGINOSOS","Ferns and Lycophytes","Cucurbitaceae","Siolmatra","brasiliensis","(Cogn.) Baill.","CUCURBITACEAE Siolmatra brasiliensis (Cogn.) Baill.","BHCB221290","splink","BHCB","Barbosa-Silva, R.G.","1343","Naturalized","2019","Barbosa-Silva, R.G.","2019","Bronze","Ouro",,"Canaã dos Carajás","PARNA Campos Ferruginosos, Pedra da Harpia."
"PARQUE NACIONAL CAMPOS FERRUGINOSOS","Angiosperms","Dilleniaceae","Doliocarpus","brevipedicellatus","Garcke","DILLENIACEAE Doliocarpus brevipedicellatus Garcke","MG243693","x","MG","Gadelha-Silva, L.","24","Native","2019","Zappi, D.C.","2019","Bronze","Ouro",,,"Parque Nacional dos Campos Ferruginosos"
"PARQUE NACIONAL CAMPOS FERRUGINOSOS","Angiosperms","Eriocaulaceae","Syngonanthus","discretifolius","(Moldenke) M.T.C.Watan.","ERIOCAULACEAE Syngonanthus discretifolius (Moldenke) M.T.C.Watan.","MG243835","x","MG","Zappi, D.C.","4711","Native","2019","Zappi, D.C.","2019","Bronze","Ouro",,,"Parque Nacional dos Campos Ferruginosos"
"PARQUE NACIONAL CAMPOS FERRUGINOSOS","Ferns and Lycophytes","Euphorbiaceae","Manihot","quinquepartita","Huber ex D.J.Rogers & Appan","EUPHORBIACEAE Manihot quinquepartita Huber ex D.J.Rogers & Appan","INPA0301230","splink","INPA","Barbosa-Silva, R.G.","1347","Native","2019","Barbosa-Silva, R.G.","2019","Bronze","Ouro",,"Canaã dos Carajás","PARNA dos Campos Ferruginosos"
"PARQUE NACIONAL CAMPOS FERRUGINOSOS","Ferns and Lycophytes","Euphorbiaceae","Sapium","argutum","(Müll.Arg.) Huber","EUPHORBIACEAE Sapium argutum (Müll.Arg.) Huber","MG244227","x","MG","Barbosa-Silva, R.G.","1354","Native","2019","Barbosa-Silva, R.G.","2019","Bronze","Ouro",,,"PARNA Campos Ferruginosos"
"PARQUE NACIONAL CAMPOS FERRUGINOSOS","Angiosperms","Fabaceae","Dioclea","apurensis","Kunth","FABACEAE Dioclea apurensis Kunth","MG243824","x","MG","Zappi, D.C.","4700","Native","2019","Zappi, D.C.","2019","Bronze","Ouro",,,"Parque Nacional dos Campos Ferruginosos"
"PARQUE NACIONAL CAMPOS FERRUGINOSOS","Angiosperms","Fabaceae","Dipteryx","odorata","(Aubl.) Forsyth f.","FABACEAE Dipteryx odorata (Aubl.) Forsyth f.","MG243898","x","MG","Zappi, D.C.","4884","Native","2019","Zappi, D.C.","2019","Bronze","Ouro",,,"Parque Nacional dos Campos Ferruginosos"
"PARQUE NACIONAL CAMPOS FERRUGINOSOS","Angiosperms","Fabaceae","Mimosa","carajarum","(Barneby) T.P.Mendes & M.J.Silva","FABACEAE Mimosa carajarum (Barneby) T.P.Mendes & M.J.Silva","MG243837","x","MG","Zappi, D.C.","4713","Native","2019","Zappi, D.C.","2019","Bronze","Ouro",,,"Parque Nacional dos Campos Ferruginosos"
"PARQUE NACIONAL CAMPOS FERRUGINOSOS","Angiosperms","Fabaceae","Periandra","mediterranea","(Vell.) Taub.","FABACEAE Periandra mediterranea (Vell.) Taub.","MG243854","x","MG","Zappi, D.C.","4734","Native","2019","Zappi, D.C.","2019","Bronze","Ouro",,,"Parque Nacional dos Campos Ferruginosos"
"PARQUE NACIONAL CAMPOS FERRUGINOSOS","Angiosperms","Hypericaceae","Vismia","tenuinervia","(M.E.Berg) N.Robson","HYPERICACEAE Vismia tenuinervia (M.E.Berg) N.Robson","MG244218","x","MG","Barbosa-Silva, R.G.","1345","Native","2019","Barbosa-Silva, R.G.","2019","Bronze","Ouro",,,"PARNA Campos Ferruginosos"
"PARQUE NACIONAL CAMPOS FERRUGINOSOS","Ferns and Lycophytes","Lauraceae","Cassytha","filiformis","L.","LAURACEAE Cassytha filiformis L.","MG243848","x","MG","Zappi, D.C.","4726","Native","2019","Zappi, D.C.","2019","Bronze","Ouro",,,"Parque Nacional dos Campos Ferruginosos"
"PARQUE NACIONAL CAMPOS FERRUGINOSOS","Ferns and Lycophytes","Lentibulariaceae","Utricularia","pusilla","Vahl","LENTIBULARIACEAE Utricularia pusilla Vahl","MG243886","x","MG","Zappi, D.C.","4768","Unknown","2019","Zappi, D.C.","2019","Bronze","Ouro",,,"Parque Nacional dos Campos Ferruginosos"
"PARQUE NACIONAL CAMPOS FERRUGINOSOS","Angiosperms","Loranthaceae","Psittacanthus","eucalyptifolius","(Kunth) G.Don","LORANTHACEAE Psittacanthus eucalyptifolius (Kunth) G.Don","MG243700","x","MG","Gadelha-Silva, L.","31","Native","2019","Zappi, D.C.","2019","Bronze","Ouro",,,"Parque Nacional dos Campos Ferruginosos"
"PARQUE NACIONAL CAMPOS FERRUGINOSOS","Ferns and Lycophytes","Lythraceae","Cuphea","carajasensis","Lourteig","LYTHRACEAE Cuphea carajasensis Lourteig","MG243828","x","MG","Zappi, D.C.","4704","Native","2019","Zappi, D.C.","2019","Bronze","Ouro",,,"Parque Nacional dos Campos Ferruginosos"
"PARQUE NACIONAL CAMPOS FERRUGINOSOS","Angiosperms","Malpighiaceae","Heteropterys","dumetorum","(Griseb.) Nied.","MALPIGHIACEAE Heteropterys dumetorum (Griseb.) Nied.","INPA0301229","splink","INPA","Barbosa-Silva, R.G.","1348","Native","2019","Barbosa-Silva, R.G.","2019","Bronze","Ouro",,"Canaã dos Carajás","PARNA dos Campos Ferruginosos"
"PARQUE NACIONAL CAMPOS FERRUGINOSOS","Angiosperms","Malvaceae","Helicteres","eitenii","Leane","MALVACEAE Helicteres eitenii Leane","INPA0301242","splink","INPA","Barbosa-Silva, R.G.","1351","Native","2019","Barbosa-Silva, R.G.","2019","Bronze","Ouro",,"Canaã dos Carajás","PARNA dos Campos Ferruginosos"
"PARQUE NACIONAL CAMPOS FERRUGINOSOS","Angiosperms","Malvaceae","Melochia","splendens","A.St.-Hil. & Naudin","MALVACEAE Melochia splendens A.St.-Hil. & Naudin","MG243822","x","MG","Zappi, D.C.","4698","Native","2019","Zappi, D.C.","2019","Bronze","Ouro",,,"Parque Nacional dos Campos Ferruginosos"
"PARQUE NACIONAL CAMPOS FERRUGINOSOS","Ferns and Lycophytes","Ochnaceae","Sauvagesia","tenella","Lam.","OCHNACEAE Sauvagesia tenella Lam.","MG243842","x","MG","Zappi, D.C.","4719","Native","2019","Zappi, D.C.","2019","Bronze","Ouro",,,"Parque Nacional dos Campos Ferruginosos"
"PARQUE NACIONAL CAMPOS FERRUGINOSOS","Angiosperms","Orchidaceae","Sobralia","liliastrum","Lindl.","ORCHIDACEAE Sobralia liliastrum Lindl.","MG243853","x","MG","Zappi, D.C.","4733","Native","2019","Zappi, D.C.","2019","Bronze","Ouro",,,"Parque Nacional dos Campos Ferruginosos"
"PARQUE NACIONAL CAMPOS FERRUGINOSOS","Ferns and Lycophytes","Orobanchaceae","Buchnera","carajasensis","Scatigna & N.Mota","OROBANCHACEAE Buchnera carajasensis Scatigna & N.Mota","MG243849","x","MG","Zappi, D.C.","4727","Native","2019","Zappi, D.C.","2019","Bronze","Ouro",,,"Parque Nacional dos Campos Ferruginosos"
"PARQUE NACIONAL CAMPOS FERRUGINOSOS","Angiosperms","Picramniaceae","Picramnia","ferrea","Pirani & W.W.Thomas","PICRAMNIACEAE Picramnia ferrea Pirani & W.W.Thomas","MG243928","x","MG","Zappi, D.C.","5049","Naturalized","2019","Zappi, D.C.","2019","Bronze","Ouro",,,"Parque Nacional dos Campos Ferruginosos"
"PARQUE NACIONAL CAMPOS FERRUGINOSOS","Angiosperms","Polygalaceae","Senega","adenophora","(DC.) J.F.B.Pastore","POLYGALACEAE Senega adenophora (DC.) J.F.B.Pastore","MG243954","x","MG","Zappi, D.C.","5075","Native","2019","Zappi, D.C.","2019","Bronze","Ouro",,,"Parque Nacional dos Campos Ferruginosos"
"PARQUE NACIONAL CAMPOS FERRUGINOSOS","Angiosperms","Portulacaceae","Portulaca","sedifolia","N.E.Br.","PORTULACACEAE Portulaca sedifolia N.E.Br.","MG243827","x","MG","Zappi, D.C.","4703","Native","2019","Zappi, D.C.","2019","Bronze","Ouro",,,"Parque Nacional dos Campos Ferruginosos"
"PARQUE NACIONAL CAMPOS FERRUGINOSOS","Angiosperms","Vochysiaceae","Vochysia","haenkeana","Mart.","VOCHYSIACEAE Vochysia haenkeana Mart.","MG243867","x","MG","Zappi, D.C.","4747","Native","2019","Zappi, D.C.","2019","Bronze","Ouro",,,"Parque Nacional dos Campos Ferruginosos"
"PARQUE NACIONAL CAMPOS FERRUGINOSOS","Angiosperms","Ximeniaceae","Ximenia","americana","L.","XIMENIACEAE Ximenia americana L.","MG243941","x","MG","Zappi, D.C.","5062","Native","2019","Zappi, D.C.","2019","Bronze","Ouro",,,"Parque Nacional dos Campos Ferruginosos"
"PARQUE NACIONAL CAMPOS FERRUGINOSOS","Angiosperms","Euphorbiaceae","Croton",,"L.","EUPHORBIACEAE Croton L.","MG243755","x","MG","Zappi, D.C.","4568","Native","2018","Gadelha-Silva, L.","2021","Bronze","Ouro",,,"Parque Nacional dos Campos Ferruginosos"
"PARQUE NACIONAL CAMPOS FERRUGINOSOS","Ferns and Lycophytes","Euphorbiaceae","Dalechampia","pernambucensis","Baill.","EUPHORBIACEAE Dalechampia pernambucensis Baill.","MG243798","x","MG","Zappi, D.C.","4616","Native","2018","Lovo, J.","2021","Bronze","Ouro",,,"Parque Nacional dos Campos Ferruginosos"
"PARQUE NACIONAL CAMPOS FERRUGINOSOS","Angiosperms","Lacistemataceae","Lacistema","aggregatum","(P.J.Bergius) Rusby","LACISTEMATACEAE Lacistema aggregatum (P.J.Bergius) Rusby","MG243792","x","MG","Zappi, D.C.","4610","Native","2018","Gadelha-Silva, L.","2021","Bronze","Ouro",,,"Parque Nacional dos Campos Ferruginosos"
"PARQUE NACIONAL CAMPOS FERRUGINOSOS","Angiosperms","Alismataceae","Helanthium","tenellum","(Mart.) Britton","ALISMATACEAE Helanthium tenellum (Mart.) Britton","MG243784","x","MG","Zappi, D.C.","4602","Native","2018","Gadelha-Silva, L.","2020","Bronze","Ouro",,,"Parque Nacional dos Campos Ferruginosos"
"PARQUE NACIONAL CAMPOS FERRUGINOSOS","Ferns and Lycophytes","Araceae","Anthurium","bonplandii","Bunting","ARACEAE Anthurium bonplandii Bunting","MG243806","x","MG","Zappi, D.C.","4624","Native","2018","Gadelha-Silva, L.","2020","Bronze","Ouro",,,"Parque Nacional dos Campos Ferruginosos"
"PARQUE NACIONAL CAMPOS FERRUGINOSOS","Angiosperms","Aristolochiaceae","Aristolochia","rugosa","Lam.","ARISTOLOCHIACEAE Aristolochia rugosa Lam.","MG243783","x","MG","Zappi, D.C.","4596","Native","2018","Gadelha-Silva, L.","2020","Bronze","Ouro",,,"Parque Nacional dos Campos Ferruginosos"
"PARQUE NACIONAL CAMPOS FERRUGINOSOS","Angiosperms","Bignoniaceae","Jacaranda","ulei","Bureau & K.Schum.","BIGNONIACEAE Jacaranda ulei Bureau & K.Schum.","MG243769","x","MG","Zappi, D.C.","4582","Native","2018","Zappi, D.C.","2020","Bronze","Ouro",,,"Parque Nacional dos Campos Ferruginosos"
"PARQUE NACIONAL CAMPOS FERRUGINOSOS","Angiosperms","Connaraceae","Rourea","doniana","Baker","CONNARACEAE Rourea doniana Baker","MG243776","x","MG","Zappi, D.C.","4589","Native","2018","Gadelha-Silva, L.","2020","Bronze","Ouro",,,"Parque Nacional dos Campos Ferruginosos"
"PARQUE NACIONAL CAMPOS FERRUGINOSOS","Ferns and Lycophytes","Cordiaceae","Cordia","exaltata","Lam.","CORDIACEAE Cordia exaltata Lam.","MG243780","x","MG","Zappi, D.C.","4593","Native","2018","Gadelha-Silva, L.","2020","Bronze","Ouro",,,"Parque Nacional dos Campos Ferruginosos"
"PARQUE NACIONAL CAMPOS FERRUGINOSOS","Angiosperms","Eriocaulaceae","Eriocaulon","cinereum","R.Br.","ERIOCAULACEAE Eriocaulon cinereum R.Br.","MG243788","x","MG","Zappi, D.C.","4606","Native","2018","Gadelha-Silva, L.","2020","Bronze","Ouro",,,"Parque Nacional dos Campos Ferruginosos"
"PARQUE NACIONAL CAMPOS FERRUGINOSOS","Angiosperms","Erythroxylaceae","Erythroxylum","nelson-rosae","Plowman","ERYTHROXYLACEAE Erythroxylum nelson-rosae Plowman","MG243768","x","MG","Zappi, D.C.","4581","Native","2018","Gadelha-Silva, L.","2020","Bronze","Ouro",,,"Parque Nacional dos Campos Ferruginosos"
"PARQUE NACIONAL CAMPOS FERRUGINOSOS","Angiosperms","Euphorbiaceae","Maprounea","guianensis","Aubl.","EUPHORBIACEAE Maprounea guianensis Aubl.","MG243799","x","MG","Zappi, D.C.","4617","Native","2018","Lovo, J.","2020","Bronze","Ouro",,,"Parque Nacional dos Campos Ferruginosos"
"PARQUE NACIONAL CAMPOS FERRUGINOSOS","Ferns and Lycophytes","Fabaceae","Bauhinia","pulchella","Benth.","FABACEAE Bauhinia pulchella Benth.","MG243763","x","MG","Zappi, D.C.","4576","Native","2018","Zappi, D.C.","2020","Bronze","Ouro",,,"Parque Nacional dos Campos Ferruginosos"
"PARQUE NACIONAL CAMPOS FERRUGINOSOS","Ferns and Lycophytes","Fabaceae","Cassia","fastuosa","Willd. ex Benth.","FABACEAE Cassia fastuosa Willd. ex Benth.","MG243804","x","MG","Zappi, D.C.","4622","Native","2018","Zappi, D.C.","2020","Bronze","Ouro",,,"Parque Nacional dos Campos Ferruginosos"
"PARQUE NACIONAL CAMPOS FERRUGINOSOS","Ferns and Lycophytes","Fabaceae","Cerradicola","elliptica","(Desv) L.P.Queiroz","FABACEAE Cerradicola elliptica (Desv) L.P.Queiroz","MG243774","x","MG","Zappi, D.C.","4587","Native","2018","Gadelha-Silva, L.","2020","Bronze","Ouro",,,"Parque Nacional dos Campos Ferruginosos"
"PARQUE NACIONAL CAMPOS FERRUGINOSOS","Angiosperms","Hypericaceae","Vismia","gracilis","Hieron.","HYPERICACEAE Vismia gracilis Hieron.","MG243777","x","MG","Zappi, D.C.","4590","Unknown","2018","Zappi, D.C.","2020","Bronze","Ouro",,,"Parque Nacional dos Campos Ferruginosos"
"PARQUE NACIONAL CAMPOS FERRUGINOSOS","Angiosperms","Malpighiaceae","Byrsonima","chrysophylla","Kunth","MALPIGHIACEAE Byrsonima chrysophylla Kunth","MG243762","x","MG","Zappi, D.C.","4575","Native","2018","Gadelha-Silva, L.","2020","Bronze","Ouro",,,"Parque Nacional dos Campos Ferruginosos"
"PARQUE NACIONAL CAMPOS FERRUGINOSOS","Angiosperms","Myrtaceae","Myrcia","subsessilis","O.Berg","MYRTACEAE Myrcia subsessilis O.Berg","MG243793","x","MG","Zappi, D.C.","4611","Native","2018","Lima, L.","2020","Bronze","Ouro",,,"Parque Nacional dos Campos Ferruginosos"
"PARQUE NACIONAL CAMPOS FERRUGINOSOS","Angiosperms","Ochnaceae","Ouratea","castaneifolia","(DC.) Engl.","OCHNACEAE Ouratea castaneifolia (DC.) Engl.","MG243785","x","MG","Zappi, D.C.","4603","Cultivated","2018","Gadelha-Silva, L.","2020","Bronze","Ouro",,,"Parque Nacional dos Campos Ferruginosos"
"PARQUE NACIONAL CAMPOS FERRUGINOSOS","Angiosperms","Sapindaceae","Serjania","caracasana","(Jacq.) Willd.","SAPINDACEAE Serjania caracasana (Jacq.) Willd.","MG243803","x","MG","Zappi, D.C.","4621","Native","2018","Gadelha-Silva, L.","2020","Bronze","Ouro",,,"Parque Nacional dos Campos Ferruginosos"
"PARQUE NACIONAL CAMPOS FERRUGINOSOS","Angiosperms","Turneraceae","Turnera","glaziovii","Urb.","TURNERACEAE Turnera glaziovii Urb.","MG243789","x","MG","Zappi, D.C.","4607","Native","2018","Gadelha-Silva, L.","2020","Bronze","Ouro",,,"Parque Nacional dos Campos Ferruginosos"
"PARQUE NACIONAL CAMPOS FERRUGINOSOS","Angiosperms","Xyridaceae","Xyris","brachysepala","Kral","XYRIDACEAE Xyris brachysepala Kral","MG243751","x","MG","Zappi, D.C.","4564","Native","2018","Nunes, C.S.","2020","Bronze","Ouro",,,"Parque Nacional dos Campos Ferruginosos"
"PARQUE NACIONAL CAMPOS FERRUGINOSOS","Angiosperms","Fabaceae","Tachigali","vulgaris","L.G.Silva & H.C.Lima","FABACEAE Tachigali vulgaris L.G.Silva & H.C.Lima","MG243800","x","MG","Zappi, D.C.","4618","Native","2018","Zappi, D.C.","2018","Bronze","Ouro",,,"Parque Nacional dos Campos Ferruginosos"
"PARQUE NACIONAL CAMPOS FERRUGINOSOS","Angiosperms","Plantaginaceae","Scoparia","dulcis","L.","PLANTAGINACEAE Scoparia dulcis L.","MG243757","x","MG","Zappi, D.C.","4570","Native","2018","Zappi, D.C.","2018","Bronze","Ouro",,,"Parque Nacional dos Campos Ferruginosos"
"PARQUE NACIONAL CAMPOS FERRUGINOSOS","Angiosperms","Poaceae","Guadua","superba","Huber","POACEAE Guadua superba Huber","RB01426438","x","RB","Afonso, E.A.L.","194","Native","2017","Afonso, E.A.L.","2021","Bronze","Ouro",,,"Sede do ICMBio, estrada para a Sera do Tarzan, beira da estrada. Parque Nacional Campos Ferruginosos."
"PARQUE NACIONAL CAMPOS FERRUGINOSOS","Angiosperms","Isoetaceae","Isoetes","serracarajensis","J.B.S. Pereira, Salino & Stützel","ISOETACEAE Isoetes serracarajensis J.B.S. Pereira, Salino & Stützel","MG227422","x","MG","Zappi, D.C.","3590","Native","2017","Pereira, J.B.S.","2017","Bronze","Ouro",,,"PARNA Campos Ferruginosos"
"PARQUE NACIONAL CAMPOS FERRUGINOSOS","Angiosperms","Melastomataceae","Pleroma",,"D.Don","MELASTOMATACEAE Pleroma D.Don","MG227405","x","MG","Zappi, D.C.","3572","Native","2017","Zappi, D.C.","2017","Bronze","Ouro",,,"PARNA Campos Ferruginosos"
"PARQUE NACIONAL CAMPOS FERRUGINOSOS","Angiosperms","Pteridaceae","Pteris","propinqua","J.Agardh","PTERIDACEAE Pteris propinqua J.Agardh","MG227415","x","MG","Zappi, D.C.","3583","Native","2017","Pereira, J.B.S.","2017","Bronze","Ouro",,,"PARNA Campos Ferruginosos"
"PARQUE NACIONAL CAMPOS FERRUGINOSOS","Angiosperms","Acanthaceae","Justicia","birae","A.S.Reis, F.A.Silva, A.Gil & Kameyama","ACANTHACEAE Justicia birae A.S.Reis, F.A.Silva, A.Gil & Kameyama","HF00008157",,"HF","Cerqueira, R.M.","572","Native",,,,"Latão","Ouro",,"Canaã dos Carajás","Serra do Tarzan, Parcela T5-3000-0, RAPELD, PPBIO Carajás. Parque Nacional Campos Ferruginosos de Carajás"
"PARQUE NACIONAL CAMPOS FERRUGINOSOS","Angiosperms","Bignoniaceae","Stizophyllum","riparium","(Kunth) Sandwith","BIGNONIACEAE Stizophyllum riparium (Kunth) Sandwith","HF00008165",,"HF","Cerqueira, R.M.","581","Native",,,,"Latão","Ouro",,"Canaã dos Carajás","Parque Nacional Campos Ferruginosos de Carajás"
"PARQUE NACIONAL CAMPOS FERRUGINOSOS","Ferns and Lycophytes","Fabaceae","Inga","edulis","Mart.","FABACEAE Inga edulis Mart.","HF00008158",,"HF","Cerqueira, R.M.","573","Native",,,,"Latão","Ouro",,"Canaã dos Carajás","Serra do Tarzan, Parcela T5-4550-0, RAPELD, PPBIO Carajás. Parque Nacional Campos Ferruginosos de Carajás"
"PARQUE NACIONAL CAMPOS FERRUGINOSOS","Angiosperms","Fabaceae","Senna","latifolia","(G.Mey.) H.S.Irwin & Barneby","FABACEAE Senna latifolia (G.Mey.) H.S.Irwin & Barneby","HF00008164",,"HF","Cerqueira, R.M.","580","Native",,,,"Latão","Ouro",,"Canaã dos Carajás","Parque Nacional Campos Ferruginosos de Carajás"
"PARQUE NACIONAL CAMPOS FERRUGINOSOS","Angiosperms","Malpighiaceae","Alicia","anisopetala","(A.Juss.) W.R.Anderson","MALPIGHIACEAE Alicia anisopetala (A.Juss.) W.R.Anderson","HF00008162",,"HF","Cerqueira, R.M.","578","Native",,,,"Latão","Ouro",,"Canaã dos Carajás","Serra do Tarzan, Parcela T1-2300, RAPELD, PPBIO Carajás. Parque Nacional Campos Ferruginosos de Carajás"
"PARQUE NACIONAL CAMPOS FERRUGINOSOS","Angiosperms","Malvaceae","Byttneria","benensis","Britton","MALVACEAE Byttneria benensis Britton","HF00008161",,"HF","Cerqueira, R.M.","577","Native",,,,"Latão","Ouro",,"Canaã dos Carajás","Parque Nacional Campos Ferruginosos de Carajás"
"PARQUE NACIONAL CAMPOS FERRUGINOSOS","Ferns and Lycophytes","Nyctaginaceae","Neea","campanulata","D.S.Costa & E.F.S.Rossetto","NYCTAGINACEAE Neea campanulata D.S.Costa & E.F.S.Rossetto","HF00008160",,"HF","Cerqueira, R.M.","575","Native",,,,"Latão","Ouro",,"Canaã dos Carajás","Parque Nacional Campos Ferruginosos de Carajás"
"PARQUE NACIONAL CAMPOS FERRUGINOSOS","Angiosperms","Primulaceae","Clavija",,"Ruiz & Pav.","PRIMULACEAE Clavija Ruiz & Pav.","HF00008156",,"HF","Cerqueira, R.M.","571","Native",,,,"Latão","Ouro",,"Canaã dos Carajás","Serra do Tarzan, Parcela T5-3000-0, RAPELD, PPBIO Carajás. Parque Nacional Campos Ferruginosos de Carajás"
"PARQUE NACIONAL CAMPOS FERRUGINOSOS","Ferns and Lycophytes","Rutaceae","Esenbeckia","grandiflora","Mart.","RUTACEAE Esenbeckia grandiflora Mart.","HF00008167",,"HF","Cerqueira, R.M.","585","Native",,,,"Latão","Ouro",,"Canaã dos Carajás","Parque Nacional Campos Ferruginosos de Carajás"
"PARQUE NACIONAL CAMPOS FERRUGINOSOS","Ferns and Lycophytes","Sapotaceae","Pouteria","anomala","(Pires) T.D.Penn.","SAPOTACEAE Pouteria anomala (Pires) T.D.Penn.","HF00008155",,"HF","Cerqueira, R.M.","570","Native",,,,"Latão","Ouro",,"Canaã dos Carajás","Serra do Tarzan, Parcela T5-3000-0, RAPELD, PPBIO Carajás. Parque Nacional Campos Ferruginosos de Carajás"
"PARQUE NACIONAL CAMPOS FERRUGINOSOS","Angiosperms","Urticaceae","Cecropia","obtusa","Trécul","URTICACEAE Cecropia obtusa Trécul","HF00008168",,"HF","Cerqueira, R.M.","587",,,,,"Latão","Ouro",,"Canaã dos Carajás","Estrada de acesso a Serra do Tarzan. Parque Nacional Campos Ferruginosos de Carajás"
"PARQUE NACIONAL CAMPOS FERRUGINOSOS","Angiosperms","Urticaceae","Cecropia","palmata","Willd.","URTICACEAE Cecropia palmata Willd.","HF00008169",,"HF","Cerqueira, R.M.","588",,,,,"Latão","Ouro",,"Canaã dos Carajás","Estrada de acesso a Serra do Tarzan. Parque Nacional Campos Ferruginosos de Carajás"
"PARQUE NACIONAL CAMPOS FERRUGINOSOS","Angiosperms","Acanthaceae","Justicia",,"L.","ACANTHACEAE Justicia L.","HF00008197",,"HF","Cerqueira, R.M.","647","Native","2025",,,"Latão","Ouro",,"Canaã dos Carajás","Estrada de acesso a Serra do Tarzan. Parque Nacional Campos Ferruginosos de Carajás"
"PARQUE NACIONAL CAMPOS FERRUGINOSOS","Angiosperms","Anacardiaceae","Anacardium","occidentale","L.","ANACARDIACEAE Anacardium occidentale L.","HF00008182",,"HF","Cerqueira, R.M.","605","Native","2025",,,"Latão","Ouro",,"Canaã dos Carajás","Serra do Tarzan, Carajás. Parque Nacional Campos Ferruginosos de Carajás"
"PARQUE NACIONAL CAMPOS FERRUGINOSOS","Ferns and Lycophytes","Annonaceae","Ephedranthus","amazonicus","R.E.Fr.","ANNONACEAE Ephedranthus amazonicus R.E.Fr.","HF00008148",,"HF","Cerqueira, R.M.","552","Native","2025",,,"Latão","Ouro",,"Canaã dos Carajás","Serra do Tarzan, Parcela T5-3550-0, RAPELD, PPBIO Carajás. Parque Nacional Campos Ferruginosos de Carajás"
"PARQUE NACIONAL CAMPOS FERRUGINOSOS","Angiosperms","Asteraceae","Synedrella","nodiflora","(L.) Gaertn.","ASTERACEAE Synedrella nodiflora (L.) Gaertn.","HF00008194",,"HF","Cerqueira, R.M.","636","Naturalized","2025",,,"Latão","Ouro",,"Canaã dos Carajás","Estrada de acesso a Serra do Tarzan. Parque Nacional Campos Ferruginosos de Carajás"
"PARQUE NACIONAL CAMPOS FERRUGINOSOS","Ferns and Lycophytes","Connaraceae","Connarus","angustifolius","(Radlk.) G.Schellenb.","CONNARACEAE Connarus angustifolius (Radlk.) G.Schellenb.","HF00008188",,"HF","Cerqueira, R.M.","615","Native","2025",,,"Latão","Ouro",,"Canaã dos Carajás","Estrada de acesso a Serra do Tarzan. Parque Nacional Campos Ferruginosos de Carajás"
"PARQUE NACIONAL CAMPOS FERRUGINOSOS","Ferns and Lycophytes","Convolvulaceae","Ipomoea","bahiensis","Willd. ex Roem. & Schult.","CONVOLVULACEAE Ipomoea bahiensis Willd. ex Roem. & Schult.","HF00008200",,"HF","Cerqueira, R.M.","653","Native","2025",,,"Latão","Ouro",,"Canaã dos Carajás","Estrada de acesso a Serra do Tarzan. Parque Nacional Campos Ferruginosos de Carajás"
"PARQUE NACIONAL CAMPOS FERRUGINOSOS","Angiosperms","Convolvulaceae","Ipomoea","ramosissima","(Poir.) Choisy","CONVOLVULACEAE Ipomoea ramosissima (Poir.) Choisy","HF00008170",,"HF","Cerqueira, R.M.","589","Native","2025",,,"Latão","Ouro",,"Canaã dos Carajás","Serra do Tarzan, Carajás. Parque Nacional Campos Ferruginosos de Carajás"
"PARQUE NACIONAL CAMPOS FERRUGINOSOS","Angiosperms","Euphorbiaceae","Astraea","lobata","(L.) Klotzsch","EUPHORBIACEAE Astraea lobata (L.) Klotzsch","HF00008177",,"HF","Cerqueira, R.M.","600","Native","2025",,,"Latão","Ouro",,"Canaã dos Carajás","Serra do Tarzan, Carajás. Parque Nacional Campos Ferruginosos de Carajás"
"PARQUE NACIONAL CAMPOS FERRUGINOSOS","Ferns and Lycophytes","Euphorbiaceae","Dalechampia","gentryi","Armbr.","EUPHORBIACEAE Dalechampia gentryi Armbr.","CAP-HF00011343",,"CAP-HF","Cerqueira, R.M.","600","Native","2025",,,"Latão","Ouro",,"Canaã dos Carajás","Estrada de acesso a Serra do Tarzan. Parque Nacional Campos Ferruginosos de Carajás"
"PARQUE NACIONAL CAMPOS FERRUGINOSOS","Ferns and Lycophytes","Fabaceae","Cratylia","argentea","(Desv.) Kuntze","FABACEAE Cratylia argentea (Desv.) Kuntze","HF00008196",,"HF","Cerqueira, R.M.","644","Native","2025",,,"Latão","Ouro",,"Canaã dos Carajás","Estrada de acesso a Serra do Tarzan. Parque Nacional Campos Ferruginosos de Carajás"
"PARQUE NACIONAL CAMPOS FERRUGINOSOS","Angiosperms","Fabaceae","Enterolobium",,"Mart.","FABACEAE Enterolobium Mart.","CAP-HF00011344",,"CAP-HF","Cerqueira, R.M.","683","Native","2025",,,"Latão","Ouro",,"Canaã dos Carajás","Estrada de acesso a Serra do Tarzan. Parque Nacional Campos Ferruginosos de Carajás"
"PARQUE NACIONAL CAMPOS FERRUGINOSOS","Ferns and Lycophytes","Fabaceae","Inga","alba","(Sw.) Willd.","FABACEAE Inga alba (Sw.) Willd.","HF00008184",,"HF","Cerqueira, R.M.","607","Native","2025",,,"Latão","Ouro",,"Canaã dos Carajás","Serra do Tarzan, Carajás. Parque Nacional Campos Ferruginosos de Carajás"
"PARQUE NACIONAL CAMPOS FERRUGINOSOS","Ferns and Lycophytes","Fabaceae","Inga","leiocalycina","Benth.","FABACEAE Inga leiocalycina Benth.","HF00008152",,"HF","Cerqueira, R.M.","563","Native","2025",,,"Latão","Ouro",,"Canaã dos Carajás","Serra do Tarzan, Parcela T5-3550-0, RAPELD, PPBIO Carajás. Parque Nacional Campos Ferruginosos de Carajás"
"PARQUE NACIONAL CAMPOS FERRUGINOSOS","Angiosperms","Fabaceae","Mimosa","acutistipula","Barneby","FABACEAE Mimosa acutistipula var. ferrea Barneby","HF00008173",,"HF","Cerqueira, R.M.","595","Native","2025",,,"Latão","Ouro",,"Canaã dos Carajás","Serra do Tarzan, Carajás. Parque Nacional Campos Ferruginosos de Carajás"
"PARQUE NACIONAL CAMPOS FERRUGINOSOS","Ferns and Lycophytes","Fabaceae","Parkia","pendula","(Willd.) Benth. ex Walp.","FABACEAE Parkia pendula (Willd.) Benth. ex Walp.","CAP-HF00000357",,"CAP-HF","Cerqueira, R.M.","618","Native","2025",,,"Latão","Ouro",,"Canaã dos Carajás","Estrada de acesso a Serra do Tarzan. Parque Nacional Campos Ferruginosos de Carajás"
"PARQUE NACIONAL CAMPOS FERRUGINOSOS","Angiosperms","Heliotropiaceae","Heliotropium","funkiae","Feuillet","HELIOTROPIACEAE Heliotropium funkiae Feuillet","HF00008189",,"HF","Cerqueira, R.M.","616","Native","2025",,,"Latão","Ouro",,"Canaã dos Carajás","Estrada de acesso a Serra do Tarzan. Parque Nacional Campos Ferruginosos de Carajás"
"PARQUE NACIONAL CAMPOS FERRUGINOSOS",,"Hypericaceae","Vismia","baccifera","(L.) Triana & Planch.","HYPERICACEAE Vismia baccifera (L.) Triana & Planch.","HF00008183",,"HF","Cerqueira, R.M.","606",,"2025",,,"Latão","Ouro",,"Canaã dos Carajás","Serra do Tarzan, Carajás. Parque Nacional Campos Ferruginosos de Carajás"
"PARQUE NACIONAL CAMPOS FERRUGINOSOS","Ferns and Lycophytes","Malpighiaceae","Peixotoa","reticulata","Griseb.","MALPIGHIACEAE Peixotoa reticulata Griseb.","HF00008166",,"HF","Cerqueira, R.M.","582","Native","2025",,,"Latão","Ouro",,"Canaã dos Carajás","Parque Nacional Campos Ferruginosos de Carajás"
"PARQUE NACIONAL CAMPOS FERRUGINOSOS","Ferns and Lycophytes","Melastomataceae","Miconia","minutiflora","(Bonpl.) DC.","MELASTOMATACEAE Miconia minutiflora (Bonpl.) DC.","HF00008186",,"HF","Cerqueira, R.M.","609","Native","2025",,,"Latão","Ouro",,"Canaã dos Carajás","Serra do Tarzan, Parcela T1-2300, RAPELD, PPBIO Carajás. Parque Nacional Campos Ferruginosos de Carajás"
"PARQUE NACIONAL CAMPOS FERRUGINOSOS","Angiosperms","Melastomataceae","Tibouchina","aspera","Aubl.","MELASTOMATACEAE Tibouchina aspera Aubl.","HF00008180",,"HF","Cerqueira, R.M.","603","Native","2025",,,"Latão","Ouro",,"Canaã dos Carajás","Serra do Tarzan, Carajás. Parque Nacional Campos Ferruginosos de Carajás"
"PARQUE NACIONAL CAMPOS FERRUGINOSOS","Ferns and Lycophytes","Metteniusaceae","Emmotum","nitens","(Benth.) Miers","METTENIUSACEAE Emmotum nitens (Benth.) Miers","HF00008179",,"HF","Cerqueira, R.M.","602","Native","2025",,,"Latão","Ouro",,"Canaã dos Carajás","Serra do Tarzan, Carajás. Parque Nacional Campos Ferruginosos de Carajás"
"PARQUE NACIONAL CAMPOS FERRUGINOSOS","Ferns and Lycophytes","Myrtaceae","Myrcia","eximia","DC.","MYRTACEAE Myrcia eximia DC.","HF00008171",,"HF","Cerqueira, R.M.","594","Native","2025",,,"Latão","Ouro",,"Canaã dos Carajás","Serra do Tarzan, Carajás. Parque Nacional Campos Ferruginosos de Carajás"
"PARQUE NACIONAL CAMPOS FERRUGINOSOS","Angiosperms","Passifloraceae","Passiflora",,"L.","PASSIFLORACEAE Passiflora L.","HF00008150",,"HF","Cerqueira, R.M.","555","Native","2025",,,"Latão","Ouro",,"Canaã dos Carajás","Serra do Tarzan, Parcela T5-3550-0, RAPELD, PPBIO Carajás. Parque Nacional Campos Ferruginosos de Carajás"
"PARQUE NACIONAL CAMPOS FERRUGINOSOS","Ferns and Lycophytes","Piperaceae","Piper","arboreum","Aubl.","PIPERACEAE Piper arboreum Aubl.","HF00008190",,"HF","Cerqueira, R.M.","624","Native","2025",,,"Latão","Ouro",,"Canaã dos Carajás","Estrada de acesso a Serra do Tarzan. Parque Nacional Campos Ferruginosos de Carajás"
"PARQUE NACIONAL CAMPOS FERRUGINOSOS","Angiosperms","Piperaceae","Piper",,"L.","PIPERACEAE Piper L.","HF00008191",,"HF","Cerqueira, R.M.","625","Native","2025",,,"Latão","Ouro",,"Canaã dos Carajás","Estrada de acesso a Serra do Tarzan. Parque Nacional Campos Ferruginosos de Carajás"
"PARQUE NACIONAL CAMPOS FERRUGINOSOS","Ferns and Lycophytes","Polygalaceae","Securidaca","bialata","Benth.","POLYGALACEAE Securidaca bialata Benth.","HF00008185",,"HF","Cerqueira, R.M.","608","Native","2025",,,"Latão","Ouro",,"Canaã dos Carajás","Serra do Tarzan, Carajás. Parque Nacional Campos Ferruginosos de Carajás"
"PARQUE NACIONAL CAMPOS FERRUGINOSOS","Ferns and Lycophytes","Rutaceae","Pilocarpus","carajaensis","Skorupa","RUTACEAE Pilocarpus carajaensis Skorupa","HF00008149",,"HF","Cerqueira, R.M.","554","Native","2025",,,"Latão","Ouro",,"Canaã dos Carajás","Serra do Tarzan, Parcela T5-3550-0, RAPELD, PPBIO Carajás. Parque Nacional Campos Ferruginosos de Carajás"
"PARQUE NACIONAL CAMPOS FERRUGINOSOS","Angiosperms","Sapotaceae","Chloroluma","gonocarpa","(Mart. & Eichler ex Miq.) Baill. ex Aubrév.","SAPOTACEAE Chloroluma gonocarpa (Mart. & Eichler ex Miq.) Baill. ex Aubrév.","HF00008153",,"HF","Cerqueira, R.M.","565",,"2025",,,"Latão","Ouro",,"Canaã dos Carajás","Serra do Tarzan, Parcela T5-3550-0, RAPELD, PPBIO Carajás. Parque Nacional Campos Ferruginosos de Carajás"
"PARQUE NACIONAL CAMPOS FERRUGINOSOS","Angiosperms","Apocynaceae",,,"Juss.","APOCYNACEAE Apocynaceae Juss.","RB01490554","x","RB","Obermuller, F.","1893","Native","2022",,,"Latão","Ouro",,,"Trilha do vai quem quer, ao lado da cachoeira águas claras. Parque Nacional dos Campos Ferruginosos"
"PARQUE NACIONAL CAMPOS FERRUGINOSOS","Angiosperms","Apocynaceae","Asclepias",,"L.","APOCYNACEAE Asclepias L.","RB01490506","x","RB","Obermuller, F.","1845","Native","2022",,,"Latão","Ouro",,,"Estrada da Pedra da Arpia. Parque Nacional dos Campos Ferruginosos"
"PARQUE NACIONAL CAMPOS FERRUGINOSOS","Angiosperms","Apocynaceae","Lacmellea",,"H.Karst.","APOCYNACEAE Lacmellea H.Karst.","RB01490444","x","RB","Obermuller, F.","1784","Native","2022",,,"Latão","Ouro",,,"Estrada de acesso a base Igarapé Bahia cerca de 10km do portão de entrada do PARNA Campos Ferruginosos. Floresta Nacional de Carajás"
"PARQUE NACIONAL CAMPOS FERRUGINOSOS","Angiosperms","Apocynaceae","Tabernaemontana",,"L.","APOCYNACEAE Tabernaemontana L.","RB01490564","x","RB","Obermuller, F.","1903","Native","2022",,,"Latão","Ouro",,,"Trilha do vai quem quer, ao lado da cachoeira águas claras. Parque Nacional dos Campos Ferruginosos"
"PARQUE NACIONAL CAMPOS FERRUGINOSOS","Angiosperms","Asteraceae",,,"Bercht. & J.Presl","ASTERACEAE Asteraceae Bercht. & J.Presl","RB01490568","x","RB","Obermuller, F.","1907","Native","2022",,,"Latão","Ouro",,,"Base águas claras. Parque Nacional dos Campos Ferruginosos"
"PARQUE NACIONAL CAMPOS FERRUGINOSOS","Angiosperms","Bignoniaceae",,,"Juss.","BIGNONIACEAE Bignoniaceae Juss.","RB01490499","x","RB","Obermuller, F.","1838","Native","2022",,,"Latão","Ouro",,,"Estrada da Pedra da Arpia. Parque Nacional dos Campos Ferruginosos"
"PARQUE NACIONAL CAMPOS FERRUGINOSOS","Angiosperms","Bignoniaceae","Jacaranda","copaia","(Aubl.) D.Don","BIGNONIACEAE Jacaranda copaia (Aubl.) D.Don","RB01490572","x","RB","Obermuller, F.","1911","Native","2022",,,"Latão","Ouro",,,"Base águas claras. Parque Nacional dos Campos Ferruginosos"
"PARQUE NACIONAL CAMPOS FERRUGINOSOS","Angiosperms","Calophyllaceae","Calophyllum",,"L.","CALOPHYLLACEAE Calophyllum L.","RB01490451","x","RB","Obermuller, F.","1791","Native","2022",,,"Latão","Ouro",,,"Estrada de acesso a base Igarapé Bahia cerca de 10km do portão de entrada do PARNA Campos Ferruginosos. Floresta Nacional de Carajás"
"PARQUE NACIONAL CAMPOS FERRUGINOSOS","Angiosperms","Cordiaceae","Cordia",,"L.","CORDIACEAE Cordia L.","RB01490428","x","RB","Obermuller, F.","1769","Native","2022",,,"Latão","Ouro",,,"Estrada de acesso a base Igarapé Bahia cerca de 10km do portão de entrada do PARNA Campos Ferruginosos. Parque Nacional dos Campos Ferruginosos"
"PARQUE NACIONAL CAMPOS FERRUGINOSOS","Angiosperms","Costaceae","Costus",,"L.","COSTACEAE Costus L.","RB01490543","x","RB","Obermuller, F.","1882","Native","2022",,,"Latão","Ouro",,,"Estrada entre a base águas claras e o portão de entrada do Parna dos Campos Ferruginosos. Parque Nacional dos Campos Ferruginosos"
"PARQUE NACIONAL CAMPOS FERRUGINOSOS","Angiosperms","Cucurbitaceae","Gurania",,"(Schltdl.) Cogn.","CUCURBITACEAE Gurania (Schltdl.) Cogn.","RB01490522","x","RB","Obermuller, F.","1861","Native","2022",,,"Latão","Ouro",,,"Estrada entre a base águas claras e o portão de entrada do Parna dos Campos Ferruginosos. Parque Nacional dos Campos Ferruginosos"
"PARQUE NACIONAL CAMPOS FERRUGINOSOS","Angiosperms","Fabaceae","Bauhinia",,"L.","FABACEAE Bauhinia L.","RB01490512","x","RB","Obermuller, F.","1851","Native","2022",,,"Latão","Ouro",,,"Estrada da Pedra da Arpia. Parque Nacional dos Campos Ferruginosos"
"PARQUE NACIONAL CAMPOS FERRUGINOSOS","Angiosperms","Fabaceae","Chamaecrista",,"(L.) Moench","FABACEAE Chamaecrista (L.) Moench","RB01490493","x","RB","Obermuller, F.","1833","Native","2022",,,"Latão","Ouro",,,"Estrada da Pedra da Arpia perto do km5 pós a base do Parna. Parque Nacional dos Campos Ferruginosos"
"PARQUE NACIONAL CAMPOS FERRUGINOSOS","Angiosperms","Fabaceae","Dioclea",,"Kunth","FABACEAE Dioclea Kunth","RB01490441","x","RB","Obermuller, F.","1782","Native","2022",,,"Latão","Ouro",,,"Estrada de acesso a base Igarapé Bahia cerca de 10km do portão de entrada do PARNA Campos Ferruginosos. Floresta Nacional de Carajás"
"PARQUE NACIONAL CAMPOS FERRUGINOSOS","Angiosperms","Fabaceae","Inga",,"Mill.","FABACEAE Inga Mill.","RB01490511","x","RB","Obermuller, F.","1850","Native","2022",,,"Latão","Ouro",,,"Estrada da Pedra da Arpia. Parque Nacional dos Campos Ferruginosos"
"PARQUE NACIONAL CAMPOS FERRUGINOSOS","Angiosperms","Fabaceae","Schnella",,"Raddi","FABACEAE Schnella Raddi","RB01490526","x","RB","Obermuller, F.","1865","Native","2022",,,"Latão","Ouro",,,"Estrada entre a base águas claras e o portão de entrada do Parna dos Campos Ferruginosos. Parque Nacional dos Campos Ferruginosos"
"PARQUE NACIONAL CAMPOS FERRUGINOSOS","Angiosperms","Fabaceae","Senna",,"Mill.","FABACEAE Senna Mill.","RB01490504","x","RB","Obermuller, F.","1843","Native","2022",,,"Latão","Ouro",,,"Estrada da Pedra da Arpia. Parque Nacional dos Campos Ferruginosos"
"PARQUE NACIONAL CAMPOS FERRUGINOSOS","Angiosperms","Fabaceae","Swartzia",,"Schreb.","FABACEAE Swartzia Schreb.","RB01490547","x","RB","Obermuller, F.","1886","Native","2022",,,"Latão","Ouro",,,"Trilha do vai quem quer, ao lado da cachoeira águas claras. Parque Nacional dos Campos Ferruginosos"
"PARQUE NACIONAL CAMPOS FERRUGINOSOS","Angiosperms","Gesneriaceae","Codonanthe",,"(Mart.) Hanst.","GESNERIACEAE Codonanthe (Mart.) Hanst.","RB01490489","x","RB","Obermuller, F.","1829","Native","2022",,,"Latão","Ouro",,,"Estrada da Pedra da Arpia perto do km5 pós a base do Parna. Parque Nacional dos Campos Ferruginosos"
"PARQUE NACIONAL CAMPOS FERRUGINOSOS","Angiosperms","Lauraceae","Nectandra",,"Rol. ex Rottb.","LAURACEAE Nectandra Rol. ex Rottb.","RB01490505","x","RB","Obermuller, F.","1844","Native","2022",,,"Latão","Ouro",,,"Estrada da Pedra da Arpia. Parque Nacional dos Campos Ferruginosos"
"PARQUE NACIONAL CAMPOS FERRUGINOSOS","Angiosperms","Lecythidaceae","Eschweilera",,"Mart. ex DC.","LECYTHIDACEAE Eschweilera Mart. ex DC.","RB01490569","x","RB","Obermuller, F.","1908","Native","2022",,,"Latão","Ouro",,,"Base águas claras. Parque Nacional dos Campos Ferruginosos"
"PARQUE NACIONAL CAMPOS FERRUGINOSOS","Angiosperms","Malpighiaceae",,,"Juss.","MALPIGHIACEAE Malpighiaceae Juss.","RB01490527","x","RB","Obermuller, F.","1866","Native","2022",,,"Latão","Ouro",,,"Estrada entre a base águas claras e o portão de entrada do Parna dos Campos Ferruginosos. Parque Nacional dos Campos Ferruginosos"
"PARQUE NACIONAL CAMPOS FERRUGINOSOS","Angiosperms","Malvaceae","Helicteres",,"L.","MALVACEAE Helicteres L.","RB01490450","x","RB","Obermuller, F.","1790","Native","2022",,,"Latão","Ouro",,,"Estrada de acesso a base Igarapé Bahia cerca de 10km do portão de entrada do PARNA Campos Ferruginosos. Floresta Nacional de Carajás"
"PARQUE NACIONAL CAMPOS FERRUGINOSOS","Angiosperms","Malvaceae","Pavonia",,"Cav.","MALVACEAE Pavonia Cav.","RB01490490","x","RB","Obermuller, F.","1830","Native","2022",,,"Latão","Ouro",,,"Estrada da Pedra da Arpia perto do km 5 pós a base do Parna. Parque Nacional dos Campos Ferruginosos"
"PARQUE NACIONAL CAMPOS FERRUGINOSOS","Angiosperms","Melastomataceae",,,"A.Juss.","MELASTOMATACEAE Melastomataceae A.Juss.","RB01490514","x","RB","Obermuller, F.","1853","Native","2022",,,"Latão","Ouro",,,"Estrada entre a base águas claras e o portão de entrada do Parna dos Campos Ferruginosos. Parque Nacional dos Campos Ferruginosos"
"PARQUE NACIONAL CAMPOS FERRUGINOSOS","Angiosperms","Meliaceae","Guarea",,"F.Allam. ex L.","MELIACEAE Guarea F.Allam. ex L.","RB01490440","x","RB","Obermuller, F.","1781","Native","2022",,,"Latão","Ouro",,,"Estrada de acesso a base Igarapé Bahia cerca de 10km do portão de entrada do PARNA Campos Ferruginosos. Floresta Nacional de Carajás"
"PARQUE NACIONAL CAMPOS FERRUGINOSOS","Angiosperms","Moraceae","Ficus",,"L.","MORACEAE Ficus L.","RB01490556","x","RB","Obermuller, F.","1895","Native","2022",,,"Latão","Ouro",,,"Trilha do vai quem quer, ao lado da cachoeira águas claras. Parque Nacional dos Campos Ferruginosos"
"PARQUE NACIONAL CAMPOS FERRUGINOSOS","Angiosperms","Nyctaginaceae","Neea",,"Ruiz & Pav.","NYCTAGINACEAE Neea Ruiz & Pav.","RB01490577","x","RB","Obermuller, F.","1916","Native","2022",,,"Latão","Ouro",,,"Trilha do vai quem quer, ao lado da cachoeira águas claras. Parque Nacional dos Campos Ferruginosos"
"PARQUE NACIONAL CAMPOS FERRUGINOSOS","Angiosperms","Orchidaceae","Habenaria",,"Willd.","ORCHIDACEAE Habenaria Willd.","RB01490548","x","RB","Obermuller, F.","1887","Native","2022",,,"Latão","Ouro",,,"Trilha do vai quem quer, ao lado da cachoeira águas claras. Parque Nacional dos Campos Ferruginosos"
"PARQUE NACIONAL CAMPOS FERRUGINOSOS","Angiosperms","Poaceae","Olyra",,"L.","POACEAE Olyra L.","RB01490535","x","RB","Obermuller, F.","1874","Native","2022",,,"Latão","Ouro",,,"Estrada entre a base águas claras e o portão de entrada do Parna dos Campos Ferruginosos. Parque Nacional dos Campos Ferruginosos"
"PARQUE NACIONAL CAMPOS FERRUGINOSOS","Angiosperms","Pteridaceae",,,"E.D.M.Kirchn.","PTERIDACEAE Pteridaceae E.D.M.Kirchn.","RB01490507","x","RB","Obermuller, F.","1846","Native","2022",,,"Latão","Ouro",,,"Estrada da Pedra da Arpia. Parque Nacional dos Campos Ferruginosos"
"PARQUE NACIONAL CAMPOS FERRUGINOSOS","Angiosperms","Sapindaceae","Paullinia",,"L.","SAPINDACEAE Paullinia L.","RB01490520","x","RB","Obermuller, F.","1859","Native","2022",,,"Latão","Ouro",,,"Estrada entre a base águas claras e o portão de entrada do Parna dos Campos Ferruginosos. Parque Nacional dos Campos Ferruginosos"
"PARQUE NACIONAL CAMPOS FERRUGINOSOS","Ferns and Lycophytes","Sapotaceae","Pouteria","caimito","(Ruiz & Pav.) Radlk.","SAPOTACEAE Pouteria caimito (Ruiz & Pav.) Radlk.","RB01490497","x","RB","Obermuller, F.","1836","Native","2022",,,"Latão","Ouro",,,"Estrada da Pedra da Arpia. Parque Nacional dos Campos Ferruginosos"
"PARQUE NACIONAL CAMPOS FERRUGINOSOS","Angiosperms","Siparunaceae","Siparuna",,"Aubl.","SIPARUNACEAE Siparuna Aubl.","RB01490478","x","RB","Obermuller, F.","1818","Native","2022",,,"Latão","Ouro",,,"Estrada da Pedra da Arpia perto do km5 pós a base do Parna. Parque Nacional dos Campos Ferruginosos"
"PARQUE NACIONAL CAMPOS FERRUGINOSOS",,"Solanaceae",,,"A.Juss.","SOLANACEAE Solanaceae A.Juss.","RB01490540","x","RB","Obermuller, F.","1879",,"2022",,,"Latão","Ouro",,,"Estrada entre a base águas claras e o portão de entrada do Parna dos Campos Ferruginosos. Parque Nacional dos Campos Ferruginosos"
"PARQUE NACIONAL CAMPOS FERRUGINOSOS","Angiosperms","Solanaceae","Solanum",,"L.","SOLANACEAE Solanum L.","RB01490427","x","RB","Obermuller, F.","1768","Native","2022",,,"Latão","Ouro",,,"Estrada de acesso a base Igarapé Bahia cerca de 10km do portão de entrada do PARNA Campos Ferruginosos. Parque Nacional dos Campos Ferruginosos"
"PARQUE NACIONAL CAMPOS FERRUGINOSOS","Angiosperms","Ulmaceae","Ampelocera",,"Klotzsch","ULMACEAE Ampelocera Klotzsch","RB01490509","x","RB","Obermuller, F.","1848","Native","2022",,,"Latão","Ouro",,,"Estrada da Pedra da Arpia. Parque Nacional dos Campos Ferruginosos"
"PARQUE NACIONAL CAMPOS FERRUGINOSOS","Angiosperms","Urticaceae","Pourouma",,"Aubl.","URTICACEAE Pourouma Aubl.","RB01490479","x","RB","Obermuller, F.","1819","Native","2022",,,"Latão","Ouro",,,"Estrada da Pedra da Arpia perto do km5 pós a base do Parna. Parque Nacional dos Campos Ferruginosos"
"PARQUE NACIONAL CAMPOS FERRUGINOSOS","Angiosperms","Violaceae","Rinorea",,"Aubl.","VIOLACEAE Rinorea Aubl.","RB01490534","x","RB","Obermuller, F.","1873","Native","2022",,,"Latão","Ouro",,,"Estrada entre a base águas claras e o portão de entrada do Parna dos Campos Ferruginosos. Parque Nacional dos Campos Ferruginosos"
"PARQUE NACIONAL CAMPOS FERRUGINOSOS","Angiosperms","Annonaceae","Annona",,"L.","ANNONACEAE Annona L.","MG243711","x","MG","Gadelha-Silva, L.","43","Native","2020",,,"Latão","Ouro",,,"Parque Nacional dos Campos Ferruginosos"
"PARQUE NACIONAL CAMPOS FERRUGINOSOS","Angiosperms","Araceae","Philodendron",,"Schott","ARACEAE Philodendron Schott","MG244244","x","MG","Barbosa-Silva, R.G.","1372","Native","2020",,,"Latão","Ouro",,,"PARNA dos Campos Ferruginosos"
"PARQUE NACIONAL CAMPOS FERRUGINOSOS","Angiosperms","Blechnaceae","Blechnum",,"L.","BLECHNACEAE Blechnum L.","MG244322","x","MG","Lovo, J.","532","Native","2020",,,"Latão","Ouro",,,"PARNA dos Campos Ferruginosos"
"PARQUE NACIONAL CAMPOS FERRUGINOSOS","Angiosperms","Cannabaceae","Trema",,"Lour.","CANNABACEAE Trema Lour.","MG244312","x","MG","Lovo, J.","522","Native","2020",,,"Latão","Ouro",,,"PARNA dos Campos Ferruginosos"
"PARQUE NACIONAL CAMPOS FERRUGINOSOS","Angiosperms","Costaceae","Chamaecostus",,"C.D.Specht","COSTACEAE Chamaecostus C.D.Specht","RB01605248","x","RB","Silva, R.G.B.","1363","Native","2020",,,"Latão","Ouro",,,"PARNA dos Campos Ferruginosos, trilha Peto de Aço, na estrada entre a Serra Norte e a Serra Sul, próximo ao alojamento do ICMbio"
"PARQUE NACIONAL CAMPOS FERRUGINOSOS","Angiosperms","Cyatheaceae","Cyathea",,"J.Sm.","CYATHEACEAE Cyathea J.Sm.","MG244245","x","MG","Barbosa-Silva, R.G.","1373","Native","2020",,,"Latão","Ouro",,,"PARNA dos Campos Ferruginosos"
"PARQUE NACIONAL CAMPOS FERRUGINOSOS","Angiosperms","Cyperaceae",,,"Juss.","CYPERACEAE Cyperaceae Juss.","MG244316","x","MG","Lovo, J.","526","Native","2020",,,"Latão","Ouro",,,"PARNA dos Campos Ferruginosos"
"PARQUE NACIONAL CAMPOS FERRUGINOSOS","Angiosperms","Dioscoreaceae","Dioscorea","asperula","Pedralli","DIOSCOREACEAE Dioscorea asperula Pedralli","MG244292","x","MG","Barbosa-Silva, R.G.","1420","Native","2020",,,"Latão","Ouro",,,"PARNA dos Campos Ferruginosos"
"PARQUE NACIONAL CAMPOS FERRUGINOSOS","Ferns and Lycophytes","Dioscoreaceae","Dioscorea","campestris","Griseb.","DIOSCOREACEAE Dioscorea campestris Griseb.","MG244293","x","MG","Barbosa-Silva, R.G.","1421","Native","2020",,,"Latão","Ouro",,,"PARNA dos Campos Ferruginosos"
"PARQUE NACIONAL CAMPOS FERRUGINOSOS","Ferns and Lycophytes","Dioscoreaceae","Dioscorea","subhastata","Vell.","DIOSCOREACEAE Dioscorea subhastata Vell.","RB01495885","x","RB","Barbosa-Silva, R.G.","1417","Native","2020",,,"Latão","Ouro",,,"Parna dos Campos Ferruginosos, Pedra da Harpia"
"PARQUE NACIONAL CAMPOS FERRUGINOSOS","Angiosperms","Fabaceae","Abrus",,"Adans.","FABACEAE Abrus Adans.","MG244318","x","MG","Lovo, J.","528","Native","2020",,,"Latão","Ouro",,,"PARNA dos Campos Ferruginosos"
"PARQUE NACIONAL CAMPOS FERRUGINOSOS","Angiosperms","Fabaceae","Senegalia",,"Raf.","FABACEAE Senegalia Raf.","RB01605250","x","RB","Silva, R.G.B.","1360","Native","2020",,,"Latão","Ouro",,,"PARNA dos Campos Ferruginosos, estrada da Serra Norte para Serra Sul, Km 20"
"PARQUE NACIONAL CAMPOS FERRUGINOSOS","Angiosperms","Gentianaceae","Voyria",,"Aubl.","GENTIANACEAE Voyria Aubl.","MG244248","x","MG","Barbosa-Silva, R.G.","1376","Native","2020",,,"Latão","Ouro",,,"PARNA dos Campos Ferruginosos"
"PARQUE NACIONAL CAMPOS FERRUGINOSOS","Angiosperms","Hernandiaceae",,,"Blume","HERNANDIACEAE Hernandiaceae Blume","BHCB221298","splink","BHCB","Barbosa-Silva, R.G.","1401","Native","2020",,"0-0-0","Latão","Ouro",,"Canaã dos Carajás","PARNA dos Campos Ferruginosos, estrada da Serra norte para Serra Sul, km 20."
"PARQUE NACIONAL CAMPOS FERRUGINOSOS","Angiosperms","Melastomataceae","Bellucia",,"Raf.","MELASTOMATACEAE Bellucia Raf.","MG244274","x","MG","Barbosa-Silva, R.G.","1402","Naturalized","2020",,,"Latão","Ouro",,,"PARNA dos Campos Ferruginosos"
"PARQUE NACIONAL CAMPOS FERRUGINOSOS","Angiosperms","Melastomataceae","Clidemia",,"D.Don","MELASTOMATACEAE Clidemia D.Don","MG244321","x","MG","Lovo, J.","531","Native","2020",,,"Latão","Ouro",,,"PARNA dos Campos Ferruginosos"
"PARQUE NACIONAL CAMPOS FERRUGINOSOS","Angiosperms","Meliaceae","Trichilia",,"P.Browne","MELIACEAE Trichilia P.Browne","RB01605245","x","RB","Silva, R.G.B.","1375","Native","2020",,,"Latão","Ouro",,,"PARNA dos Campos Ferruginosos, trilha Peto de Aço, na estrada entre a Serra Norte e a Serra Sul, próximo ao alojamento do ICMbio"
"PARQUE NACIONAL CAMPOS FERRUGINOSOS","Angiosperms","Piperaceae","Peperomia",,"Ruiz & Pav.","PIPERACEAE Peperomia Ruiz & Pav.","MG244313","x","MG","Lovo, J.","523","Native","2020",,,"Latão","Ouro",,,"PARNA dos Campos Ferruginosos"
"PARQUE NACIONAL CAMPOS FERRUGINOSOS",,"Poaceae",,,"Barnhart","POACEAE Poaceae Barnhart","RB01605441","x","RB","Silva, R.G.B.","1366",,"2020",,,"Latão","Ouro",,,"PARNA dos Campos Ferruginosos, trilha Peto de Aço, na estrada entre a Serra Norte e a Serra Sul, próximo ao alojamento do ICMbio"
"PARQUE NACIONAL CAMPOS FERRUGINOSOS","Angiosperms","Pteridaceae","Adiantum",,"L.","PTERIDACEAE Adiantum L.","MG244239","x","MG","Barbosa-Silva, R.G.","1367","Native","2020",,,"Latão","Ouro",,,"PARNA dos Campos Ferruginosos"
"PARQUE NACIONAL CAMPOS FERRUGINOSOS","Angiosperms","Pteridaceae","Pteris",,"L.","PTERIDACEAE Pteris L.","MG244317","x","MG","Lovo, J.","527","Native","2020",,,"Latão","Ouro",,,"PARNA dos Campos Ferruginosos"
"PARQUE NACIONAL CAMPOS FERRUGINOSOS","Angiosperms","Rubiaceae","Eumachia",,"DC.","RUBIACEAE Eumachia DC.","RB01605439","x","RB","Silva, R.G.B.","1368","Native","2020",,,"Latão","Ouro",,,"PARNA dos Campos Ferruginosos, Trilha Peito de Aço, na estrada entre a Serra Norte e a Serra Sul, próximo ao alojamento do ICMbio"
"PARQUE NACIONAL CAMPOS FERRUGINOSOS","Angiosperms","Rubiaceae","Hamelia",,"Jacq.","RUBIACEAE Hamelia Jacq.","MG244269","x","MG","Barbosa-Silva, R.G.","1397","Native","2020",,,"Latão","Ouro",,,"PARNA dos Campos Ferruginosos"
"PARQUE NACIONAL CAMPOS FERRUGINOSOS","Angiosperms","Rutaceae","Metrodorea",,"A.St.-Hil.","RUTACEAE Metrodorea A.St.-Hil.","RB01509008","x","RB","Silva, R.G.B.","1426","Native","2020",,,"Latão","Ouro",,,"PARNA dos Campos Ferruginosos, Pedra da Harpia"
"PARQUE NACIONAL CAMPOS FERRUGINOSOS","Angiosperms","Rutaceae",,,"A.Juss.","RUTACEAE Rutaceae A.Juss.","MG244270","x","MG","Barbosa-Silva, R.G.","1398","Native","2020",,,"Latão","Ouro",,,"PARNA dos Campos Ferruginosos"
"PARQUE NACIONAL CAMPOS FERRUGINOSOS","Angiosperms","Rutaceae","Ticorea",,"Aubl.","RUTACEAE Ticorea Aubl.","RB01605249","x","RB","Silva, R.G.B.","1361","Native","2020",,,"Latão","Ouro",,,"PARNA dos Campos Ferruginosos, estrada da Serra Norte para Serra Sul, Km 20"
"PARQUE NACIONAL CAMPOS FERRUGINOSOS","Ferns and Lycophytes","Sapindaceae",,,"Juss.","SAPINDACEAE Sapindaceae Juss.","MG244252","x","MG","Barbosa-Silva, R.G.","1380","Native","2020",,,"Latão","Ouro",,,"PARNA dos Campos Ferruginosos"
"PARQUE NACIONAL CAMPOS FERRUGINOSOS","Angiosperms","Sapotaceae","Micropholis",,"(Griseb.) Pierre","SAPOTACEAE Micropholis (Griseb.) Pierre","RB01605246","x","RB","Silva, R.G.B.","1374","Native","2020",,,"Latão","Ouro",,,"PARNA dos Campos Ferruginosos, trilha Peto de Aço, na estrada entre a Serra Norte e a Serra Sul, próximo ao alojamento do ICMbio"
"PARQUE NACIONAL CAMPOS FERRUGINOSOS","Angiosperms","Selaginellaceae","Selaginella",,"P.Beauv.","SELAGINELLACEAE Selaginella P.Beauv.","MG244328","x","MG","Lovo, J.","538","Native","2020",,,"Latão","Ouro",,,"PARNA dos Campos Ferruginosos"
"PARQUE NACIONAL CAMPOS FERRUGINOSOS","Angiosperms","Gesneriaceae",,,"Rich. & Juss. ex DC.","GESNERIACEAE Gesneriaceae Rich. & Juss. ex DC.","MG243716","x","MG","Gadelha-Silva, L.","48","Native","2020",,"2000","Latão","Ouro",,,"Parque Nacional dos Campos Ferruginosos"
"PARQUE NACIONAL CAMPOS FERRUGINOSOS","Angiosperms","Orchidaceae","Polystachya",,"Hook.","ORCHIDACEAE Polystachya Hook.","MG243745","x","MG","Gadelha-Silva, L.","79","Native","2020",,"2000","Latão","Ouro",,,"Parque Nacional dos Campos Ferruginosos"
"PARQUE NACIONAL CAMPOS FERRUGINOSOS","Angiosperms","Apocynaceae","Aspidosperma","multiflorum","A.DC.","APOCYNACEAE Aspidosperma multiflorum A.DC.","MG244230","x","MG","Barbosa-Silva, R.G.","1357","Native","2019",,,"Latão","Ouro",,,"PARNA Campos Ferruginosos"
"PARQUE NACIONAL CAMPOS FERRUGINOSOS","Angiosperms","Cyatheaceae",,,"Kaulf.","CYATHEACEAE Cyatheaceae Kaulf.","221280","x","BHCB","Barbosa-Silva, R.G.","1296","Native","2019",,,"Latão","Ouro",,,"PARNA Campos Ferruginosos, Cachoeira da Bocaina, 1 Km da estrada que sobe a Serra, atravessando o pasto."
"PARQUE NACIONAL CAMPOS FERRUGINOSOS","Ferns and Lycophytes","Dioscoreaceae","Dioscorea","planistipulosa","Uline ex R.Knuth","DIOSCOREACEAE Dioscorea planistipulosa Uline ex R.Knuth","RB01608461","x","RB","Silva, R.G.B.",,"Native","2019",,,"Latão","Ouro",,,"PARNA Campos Ferruginosos, Pedra da Harpia."
"PARQUE NACIONAL CAMPOS FERRUGINOSOS","Ferns and Lycophytes","Erythroxylaceae","Erythroxylum","rufum","Cav.","ERYTHROXYLACEAE Erythroxylum rufum Cav.","INPA0301241","splink","INPA","Barbosa-Silva, R.G.","1346","Native","2019",,,"Latão","Ouro",,"Canaã dos Carajás","PARNA dos Campos Ferruginosos"
"PARQUE NACIONAL CAMPOS FERRUGINOSOS","Angiosperms","Euphorbiaceae","Acalypha",,"L.","EUPHORBIACEAE Acalypha L.","RB01605253","x","RB","Silva, R.G.B.","1304","Native","2019",,,"Latão","Ouro",,,"PARNA dos Campos Ferruginosos, estrada de acesso para a Serra , após a sede"
"PARQUE NACIONAL CAMPOS FERRUGINOSOS","Angiosperms","Hymenophyllaceae","Trichomanes",,"L.","HYMENOPHYLLACEAE Trichomanes L.","RB01605517","x","RB","Silva, R.G.B.","1292","Native","2019",,,"Latão","Ouro",,,"PARNA Campos Ferruginosos, Cachoeira da Bocaina, 1 Km da estrada que sobe a Serra, atravessando o pasto"
"PARQUE NACIONAL CAMPOS FERRUGINOSOS","Angiosperms","Myrtaceae","Eugenia",,"L.","MYRTACEAE Eugenia L.","INPA0301224","splink","INPA","Barbosa-Silva, R.G.","1350","Native","2019",,,"Latão","Ouro",,"Canaã dos Carajás","PARNA dos Campos Ferruginosos"
"PARQUE NACIONAL CAMPOS FERRUGINOSOS","Angiosperms","Eriocaulaceae","Syngonanthus","caulescens","(Poir.) Ruhland","ERIOCAULACEAE Syngonanthus caulescens (Poir.) Ruhland","MG243834","x","MG","Zappi, D.C.","4710","Native","2019",,"2019","Latão","Ouro",,,"Parque Nacional dos Campos Ferruginosos"
"PARQUE NACIONAL CAMPOS FERRUGINOSOS","Angiosperms","Euphorbiaceae","Dalechampia",,"L.","EUPHORBIACEAE Dalechampia L.","MG243904","x","MG","Zappi, D.C.","4890","Native","2019",,"2000","Latão","Ouro",,,"Parque Nacional dos Campos Ferruginosos"
"PARQUE NACIONAL CAMPOS FERRUGINOSOS","Angiosperms","Sapindaceae","Matayba",,"Aubl.","SAPINDACEAE Matayba Aubl.","MG243939","x","MG","Zappi, D.C.","5060","Native","2019",,"2000","Latão","Ouro",,,"Parque Nacional dos Campos Ferruginosos"
"PARQUE NACIONAL CAMPOS FERRUGINOSOS","Ferns and Lycophytes","Vitaceae","Cissus","erosa","Rich.","VITACEAE Cissus erosa Rich.","MG243786","x","MG","Zappi, D.C.","4604",,"2018",,"2018","Latão","Ouro",,,"Parque Nacional dos Campos Ferruginosos"
"PARQUE NACIONAL CAMPOS FERRUGINOSOS","Angiosperms","Annonaceae","Xylopia",,"L.","ANNONACEAE Xylopia L.","MG229173","x","MG","Pastore, M.","723","Native","2017",,,"Latão","Ouro",,,"Serra dos Carajás-Parque Nacional dos Campos Ferruginosos"
"PARQUE NACIONAL CAMPOS FERRUGINOSOS","Angiosperms","Apocynaceae","Mandevilla",,"Lindl.","APOCYNACEAE Mandevilla Lindl.","MG229172","x","MG","Pastore, M.","722","Native","2017",,,"Latão","Ouro",,,"Serra dos Carajás-Parque Nacional dos Campos Ferruginosos"
"PARQUE NACIONAL CAMPOS FERRUGINOSOS","Angiosperms","Eriocaulaceae","Eriocaulon",,"L.","ERIOCAULACEAE Eriocaulon L.","MG227411","x","MG","Zappi, D.C.","3578","Native","2017",,,"Latão","Ouro",,,"PARNA Campos Ferruginosos"
"PARQUE NACIONAL CAMPOS FERRUGINOSOS","Angiosperms","Eriocaulaceae","Syngonanthus",,"Ruhland","ERIOCAULACEAE Syngonanthus Ruhland","UEC192976","splink","UEC","Pastore, M.","718","Native","2017",,,"Latão","Ouro",,"Parauapebas","Serra dos Carajás Parque Nacional dos Campos Ferruginosos. Serra da Bocaína"
"PARQUE NACIONAL CAMPOS FERRUGINOSOS","Angiosperms","Lentibulariaceae","Utricularia",,"L.","LENTIBULARIACEAE Utricularia L.","MG227409","x","MG","Zappi, D.C.","3576","Native","2017",,,"Latão","Ouro",,,"PARNA Campos Ferruginosos"
"PARQUE NACIONAL CAMPOS FERRUGINOSOS","Angiosperms","Onagraceae","Ludwigia",,"L.","ONAGRACEAE Ludwigia L.","MG227402","x","MG","Zappi, D.C.","3569","Native","2017",,,"Latão","Ouro",,,"PARNA Campos Ferruginosos"
"PARQUE NACIONAL CAMPOS FERRUGINOSOS","Angiosperms","Poaceae","Guadua",,"Kunth","POACEAE Guadua Kunth","IAN199611","splink","IAN","Afonso, E.A.L.","194","Native","2017",,,"Latão","Ouro",,"Canaã dos Carajás","PARNA Campos Ferruginosos, Sede do OCMBio, estrada para a serra do Tarzan, beira de estrada. Floreesta Estacional Semidecidual."
"PARQUE NACIONAL CAMPOS FERRUGINOSOS","Angiosperms","Portulacaceae","Portulaca",,"L.","PORTULACACEAE Portulaca L.","MG229171","x","MG","Pastore, M.","721","Native","2017",,,"Latão","Ouro",,,"Serra dos Carajás-Parque Nacional dos Campos Ferruginosos"
"PARQUE NACIONAL CAMPOS FERRUGINOSOS","Angiosperms","Araceae","Anthurium","lindmanianum","Engl.","ARACEAE Anthurium lindmanianum Engl.","MG191229",,"MG","Mota, N.F.O.","1080","Native","2007","Nadruz, M.","2016","Ouro","Prata","jbrj-public.s3-sa-east-1.amazonaws.com/fsi/server?type=image&source=DZI/mg/mg/0/19/12/29/mg00191229.dzi","Canaã dos Carajás","Floresta Nacional de Carajás"
"PARQUE NACIONAL CAMPOS FERRUGINOSOS","Angiosperms","Melastomataceae","Miconia","holosericea","(L.) DC.","MELASTOMATACEAE Miconia holosericea (L.) DC.","UPCB0015354",,"UPCB","Mota, N.F.O.","1110","Native","2007","Goldenberg, R.","2008","Ouro","Prata","jbrj-public.s3.amazonaws.com/fsi/server?type=image&source=DZI/upcb/upcb/0/1/53/54/upcb00015354.dzi","Canaã dos Carajás","Floresta Nacional dos Carajás, Serra Sul, corpos A,B,C, Canga arbustiva."
"PARQUE NACIONAL CAMPOS FERRUGINOSOS","Angiosperms","Melastomataceae","Miconia","tomentosa","(Rich.) D.Don","MELASTOMATACEAE Miconia tomentosa (Rich.) D.Don","UPCB00019587",,"UPCB","Mota, N.F.O.","1123","Native","2007","Goldenberg, R.","2008","Ouro","Prata","jbrj-public.s3-sa-east-1.amazonaws.com/fsi/server?type=image&source=DZI/upcb/upcb/0/1/95/87/upcb00019587.dzi","Canaã dos Carajás","Floresta nacional dos Carajás, Serra Sul, Corpos A,B,C, Capão da mata em solo de canga."
"PARQUE NACIONAL CAMPOS FERRUGINOSOS","Angiosperms","Poaceae","Digitaria","bicornis","(Lam.) Roem. & Schult.","POACEAE Digitaria bicornis (Lam.) Roem. & Schult.","CEN00137695","splink","CEN","Dias, K.N.L.","1319","Native","2025","Valls, J.F.M.","2025","Ouro","Prata",,"Canaã dos Carajás","Floresta Nacional de Carajás. Área da amostragem: Serra Sul."
"PARQUE NACIONAL CAMPOS FERRUGINOSOS","Angiosperms","Verbenaceae","Lippia","grata","Schauer","VERBENACEAE Lippia grata Schauer","BHCB217204","splink","BHCB","Vasconcelos, L.V.","773","Native","2016","Salimena, F.R.G.","2017","Ouro","Prata",,"Canaã dos Carajás","Floresta Nacional de Carajás, Serra dos Carajás, Lagoa do Jacaré."
"PARQUE NACIONAL CAMPOS FERRUGINOSOS","Angiosperms","Melastomataceae","Henriettea",,"DC.","MELASTOMATACEAE Henriettea DC.","BHCB199763","splink","BHCB","Goldenberg, R.","2235","Native","2015",,"0-0-0","Ouro","Prata",,"Canaã dos Carajás","Floresta Nacional de Carajás, Serra dos Carajás, Serra Sul, S11D, lagoa das Macrófitas. Ao longo do riacho a jusante da lagoa."
"PARQUE NACIONAL CAMPOS FERRUGINOSOS","Angiosperms","Erythroxylaceae","Erythroxylum","citrifolium","A.St.-Hil.","ERYTHROXYLACEAE Erythroxylum citrifolium A.St.-Hil.","BHCB199727","splink","BHCB","Dias, C.S.P.","11","Native","2015","Costa-Lima, J.L.","2018","Ouro","Prata",,"Canaã dos Carajás","Floresta Nacional de Carajás, Serra dos Carajás, Serra Sul, S11C."
"PARQUE NACIONAL CAMPOS FERRUGINOSOS","Ferns and Lycophytes","Blechnaceae","Blechnum","polypodioides","Raddi","BLECHNACEAE Blechnum polypodioides Raddi","179819","splink","BHCB","Salino, A.","16105","Native","2015","Salino, A.","2015","Ouro","Prata",,"Canaã dos Carajás","Floresta Nacional de Carajás, Serra Sul, Corpo B."
"PARQUE NACIONAL CAMPOS FERRUGINOSOS","Angiosperms","Clusiaceae","Clusia","panapanari","(Aubl.) Choisy","CLUSIACEAE Clusia panapanari (Aubl.) Choisy","BHCB199738","splink","BHCB","Mota, N.F.O.","2985","Native","2015","Marinho, L.","2015","Ouro","Prata",,"Canaã dos Carajás","Floresta Nacional de Carajás, Serra dos Carajás, Trilha da Lagoa da Mata - entrada da Mina do N5."
"PARQUE NACIONAL CAMPOS FERRUGINOSOS","Angiosperms","Araceae","Philodendron","carajasense","E.G. Gonç. & A.J. Arruda","ARACEAE Philodendron carajasense E.G. Gonç. & A.J. Arruda","BHCB017733","splink","BHCB","Rodrigues, I.M.C.","531","Native","2012","Nadruz, M.","0-0-0","Ouro","Prata",,"Canaã dos Carajás","Floresta Nacional de Carajás, S11B."
"PARQUE NACIONAL CAMPOS FERRUGINOSOS","Angiosperms","Araceae","Philodendron","pedatum","(Hook.) Kunth","ARACEAE Philodendron pedatum (Hook.) Kunth","BHCB017745","splink","BHCB","Rodrigues, I.M.C.","564","Native","2012","Nadruz, M.","0-0-0","Ouro","Prata",,"Canaã dos Carajás","Floresta Nacional de Carajás, Área da Pilha de Estéril. S11D."
"PARQUE NACIONAL CAMPOS FERRUGINOSOS","Angiosperms","Araceae","Syngonium","vellozianum","Schott","ARACEAE Syngonium vellozianum Schott","BHCB017461","splink","BHCB","Silva, L.V.C.","1149","Native","2012","Nadruz, M.","0-0-0","Ouro","Prata",,"Canaã dos Carajás","Floresta Nacional de Carajás, S11C."
"PARQUE NACIONAL CAMPOS FERRUGINOSOS","Angiosperms","Dryopteridaceae","Ctenitis",,"(C.Chr.) C.Chr.","DRYOPTERIDACEAE Ctenitis (C.Chr.) C.Chr.","BHCB01126251",,"BHCB","Salino, A.","15578","Native","2012",,,"Ouro","Prata",,"Canaã dos Carajás","Floresta Nacional de Carajás. Serra do Tarzan."
"PARQUE NACIONAL CAMPOS FERRUGINOSOS","Angiosperms","Dryopteridaceae","Dryopteris","huberi","(Christ) C.Chr.","DRYOPTERIDACEAE Dryopteris huberi (Christ) C.Chr.","157401","splink","BHCB","Salino, A.","15259","Native","2012",,"0-0-0","Ouro","Prata",,"Canaã dos Carajás","Floresta Nacional de Carajás, S11A"
"PARQUE NACIONAL CAMPOS FERRUGINOSOS","Angiosperms","Dryopteridaceae","Mickelia","guianensis","(Aubl.) R.C.Moran, Labiak & Sundue","DRYOPTERIDACEAE Mickelia guianensis (Aubl.) R.C.Moran, Labiak & Sundue","157415","splink","BHCB","Salino, A.","15273","Native","2012",,"0-0-0","Ouro","Prata",,"Canaã dos Carajás","Floresta Nacional de Carajás, Serra Sul, Corpo S11A"
"PARQUE NACIONAL CAMPOS FERRUGINOSOS","Angiosperms","Euphorbiaceae","Croton","draconoides","Müll.Arg.","EUPHORBIACEAE Croton draconoides Müll.Arg.","BHCB026946","splink","BHCB","Rodrigues, I.M.C.","551","Native","2012","Riina, R.","0-0-0","Ouro","Prata",,"Canaã dos Carajás","Floresta Nacional de Carajás, Pilha de Estéril. S11D."
"PARQUE NACIONAL CAMPOS FERRUGINOSOS","Angiosperms","Iridaceae","Cipura","xanthomelas","Klatt","IRIDACEAE Cipura xanthomelas Klatt","BHCB021342","splink","BHCB","Silva, L.V.C.","1186","Native","2012","Gil, A.S.B.","0-0-0","Ouro","Prata",,"Canaã dos Carajás","Floresta Nacional de Carajás, S11B."
"PARQUE NACIONAL CAMPOS FERRUGINOSOS","Angiosperms","Lamiaceae","Cantinoa","mutabilis","(Rich.) Harley & J.F.B.Pastore","LAMIACEAE Cantinoa mutabilis (Rich.) Harley & J.F.B.Pastore","BHCB021932","splink","BHCB","Silva, L.V.C.","1230","Native","2012","Harley, R.M.","0-0-0","Ouro","Prata",,"Canaã dos Carajás","Floresta Nacional de Carajás, Serra do Tarzan."
"PARQUE NACIONAL CAMPOS FERRUGINOSOS","Angiosperms","Loranthaceae","Struthanthus","marginatus","(Desr.) G.Don","LORANTHACEAE Struthanthus marginatus (Desr.) G.Don","BHCB027794","splink","BHCB","Meyer, P.B.","1148","Native","2012","Caires, C.S.","0-0-0","Ouro","Prata",,"Canaã dos Carajás","Floresta Nacional de Carajás, S11A."
"PARQUE NACIONAL CAMPOS FERRUGINOSOS","Angiosperms","Lythraceae","Cuphea","carthagenensis","(Jacq.) J.F.Macbr.","LYTHRACEAE Cuphea carthagenensis (Jacq.) J.F.Macbr.","BHCB028057","splink","BHCB","Silva, L.V.C.","1184","Native","2012","Cavalcanti, T.B.","0-0-0","Ouro","Prata",,"Canaã dos Carajás","Floresta Nacional de Carajás, S11D."
"PARQUE NACIONAL CAMPOS FERRUGINOSOS","Angiosperms","Moraceae","Dorstenia","brasiliensis","Lam.","MORACEAE Dorstenia brasiliensis Lam.","BHCB020696","splink","BHCB","Arruda, A.J.","1322","Native","2012","Romaniuc Neto, S.","0-0-0","Ouro","Prata",,"Canaã dos Carajás","Floresta Nacional de Carajás, Serra do Tarzan."
"PARQUE NACIONAL CAMPOS FERRUGINOSOS","Angiosperms","Poaceae","Ichnanthus","hoffmannseggii","(Roem. & Schult.) Döll","POACEAE Ichnanthus hoffmannseggii (Roem. & Schult.) Döll","157813","splink","BHCB","Viana, P.L.","5233","Native","2012",,"0-0-0","Ouro","Prata",,"Canaã dos Carajás","Floresta Nacional de Carajás, S11D."
"PARQUE NACIONAL CAMPOS FERRUGINOSOS","Ferns and Lycophytes","Poaceae","Ichnanthus",,"P.Beauv.","POACEAE Ichnanthus P.Beauv.","157825","splink","BHCB","Viana, P.L.","5245","Native","2012",,"0-0-0","Ouro","Prata",,"Canaã dos Carajás","Floresta Nacional de Carajás, S11A."
"PARQUE NACIONAL CAMPOS FERRUGINOSOS","Angiosperms","Poaceae","Loudetiopsis","chrysothrix","(Nees) Conert","POACEAE Loudetiopsis chrysothrix (Nees) Conert","BHCB021520","splink","BHCB","Viana, P.L.","5264","Native","2012",,"0-0-0","Ouro","Prata",,"Canaã dos Carajás","Floresta Nacional de Carajás, S11D."
"PARQUE NACIONAL CAMPOS FERRUGINOSOS","Ferns and Lycophytes","Poaceae","Mesosetum","cayennense","Steud.","POACEAE Mesosetum cayennense Steud.","BHCB021573","splink","BHCB","Viana, P.L.","5256","Native","2012","Viana, P.L.","0-0-0","Ouro","Prata",,"Canaã dos Carajás","Floresta Nacional de Carajás, S11A."
"PARQUE NACIONAL CAMPOS FERRUGINOSOS","Angiosperms","Polygonaceae","Coccoloba","coronata","Jacq.","POLYGONACEAE Coccoloba coronata Jacq.","BHCB028100","splink","BHCB","Pivari, M.O.D.","1697","Native","2012","Melo, E.","0-0-0","Ouro","Prata",,"Canaã dos Carajás","Floresta Nacional de Carajás, Segundo aceiro à direita da área da Pilha de Estéril S11D."
"PARQUE NACIONAL CAMPOS FERRUGINOSOS","Ferns and Lycophytes","Rubiaceae","Borreria","carajasensis","E.L.Cabral & L.M.Miguel","RUBIACEAE Borreria carajasensis E.L.Cabral & L.M.Miguel","BHCB017883","splink","BHCB","Silva, L.V.C.","1101","Native","2012","Cabral, E.L.","0-0-0","Ouro","Prata",,"Canaã dos Carajás","Floresta Nacional de Carajás, S11D."
"PARQUE NACIONAL CAMPOS FERRUGINOSOS","Ferns and Lycophytes","Rubiaceae","Borreria","paraensis","E.L.Cabral & Bacigalupo","RUBIACEAE Borreria paraensis E.L.Cabral & Bacigalupo","BHCB019073","splink","BHCB","Silva, L.V.C.","1246","Native","2012","Salas, R.M.","0-0-0","Ouro","Prata",,"Canaã dos Carajás","Floresta Nacional de Carajás, Serra do Tarzan."
"PARQUE NACIONAL CAMPOS FERRUGINOSOS","Angiosperms","Santalaceae","Phoradendron","quadrangulare","(Kunth) Griseb.","SANTALACEAE Phoradendron quadrangulare (Kunth) Griseb.","BHCB029735","splink","BHCB","Arruda, A.J.","443","Native","2012","Caires, C.S.","0-0-0","Ouro","Prata",,"Canaã dos Carajás","Floresta Nacional de Carajás, S11D."
"PARQUE NACIONAL CAMPOS FERRUGINOSOS","Angiosperms","Solanaceae","Capsicum","annuum","(Dunal) Heiser & Pickersgill","SOLANACEAE Capsicum annuum var. glabriusculum (Dunal) Heiser & Pickersgill","BHCB029771","splink","BHCB","Rodrigues, I.M.C.","570","Native","2012","Giacomin, L.L.","0-0-0","Ouro","Prata",,"Canaã dos Carajás","Floresta Nacional de Carajás, Borda do Primeiro Aceiro da Pilha de Estéril S11D."
"PARQUE NACIONAL CAMPOS FERRUGINOSOS","Angiosperms","Solanaceae","Cestrum","latifolium","Lam.","SOLANACEAE Cestrum latifolium Lam.","BHCB029773","splink","BHCB","Rodrigues, I.M.C.","588","Native","2012","Giacomin, L.L.","0-0-0","Ouro","Prata",,"Canaã dos Carajás","Floresta Nacional de Carajás, Segundo aceiro à direita da área da Pilha de Estéril S11D."
"PARQUE NACIONAL CAMPOS FERRUGINOSOS","Ferns and Lycophytes","Solanaceae","Solanum","campaniforme","Roem. & Schult.","SOLANACEAE Solanum campaniforme Roem. & Schult.","BHCB019108","splink","BHCB","Rodrigues, I.M.C.","556","Native","2012","Knapp, S.","0-0-0","Ouro","Prata",,"Canaã dos Carajás","Floresta Nacional de Carajás, Pilha de Estéril. S11D."
"PARQUE NACIONAL CAMPOS FERRUGINOSOS","Ferns and Lycophytes","Solanaceae","Solanum","crinitum","Lam.","SOLANACEAE Solanum crinitum Lam.","BHCB029784","splink","BHCB","Rodrigues, I.M.C.","542","Native","2012","Giacomin, L.L.","0-0-0","Ouro","Prata",,"Canaã dos Carajás","Floresta Nacional de Carajás, Pilha de Estéril. S11D. Beira da trilha, Ponto 2."
"PARQUE NACIONAL CAMPOS FERRUGINOSOS","Angiosperms","Solanaceae","Solanum","leucocarpon","Dunal","SOLANACEAE Solanum leucocarpon Dunal","BHCB019101","splink","BHCB","Rodrigues, I.M.C.","560","Native","2012","Knapp, S.","0-0-0","Ouro","Prata",,"Canaã dos Carajás","Floresta Nacional de Carajás, Pilha de Estéril. S11D."
"PARQUE NACIONAL CAMPOS FERRUGINOSOS","Angiosperms","Solanaceae","Solanum","palinacanthum","Dunal","SOLANACEAE Solanum palinacanthum Dunal","BHCB029790","splink","BHCB","Arruda, A.J.","511","Native","2012","Giacomin, L.L.","0-0-0","Ouro","Prata",,"Canaã dos Carajás","Floresta Nacional de Carajás, Racha Placa. ADA Usina S11."
"PARQUE NACIONAL CAMPOS FERRUGINOSOS","Angiosperms","Solanaceae","Solanum","rugosum","Dunal","SOLANACEAE Solanum rugosum Dunal","BHCB029795","splink","BHCB","Rodrigues, I.M.C.","544","Native","2012","Giacomin, L.L.","0-0-0","Ouro","Prata",,"Canaã dos Carajás","Floresta Nacional de Carajás, Pilha de Estéril. S11D."
"PARQUE NACIONAL CAMPOS FERRUGINOSOS","Angiosperms","Solanaceae","Solanum","semotum","M.Nee","SOLANACEAE Solanum semotum M.Nee","BHCB029800","splink","BHCB","Silva, L.V.C.","1229","Native","2012","Giacomin, L.L.","0-0-0","Ouro","Prata",,"Canaã dos Carajás","Floresta Nacional de Carajás, Serra do Tarzan."
"PARQUE NACIONAL CAMPOS FERRUGINOSOS","Angiosperms","Solanaceae","Solanum","torvum","Sw.","SOLANACEAE Solanum torvum Sw.","BHCB031717","splink","BHCB","Rodrigues, I.M.C.","552","Native","2012","Giacomin, L.L.","0-0-0","Ouro","Prata",,"Canaã dos Carajás","Floresta Nacional de Carajás, Pilha de Estéril. S11D. Beira da trilha, Ponto 3."
"PARQUE NACIONAL CAMPOS FERRUGINOSOS","Angiosperms","Solanaceae","Solanum","viarum","Dunal","SOLANACEAE Solanum viarum Dunal","BHCB031706","splink","BHCB","Paula, L.F.A.","499","Native","2012","Giacomin, L.L.","0-0-0","Ouro","Prata",,"Canaã dos Carajás","Floresta Nacional de Carajás, Racha Placa. ADA Usina S11."
"PARQUE NACIONAL CAMPOS FERRUGINOSOS","Angiosperms","Thelypteridaceae","Goniopteris","abrupta","(Desv.) A.R.Sm.","THELYPTERIDACEAE Goniopteris abrupta (Desv.) A.R.Sm.","161822","splink","BHCB","Salino, A.","15587","Native","2012",,"0-0-0","Ouro","Prata",,"Canaã dos Carajás","Floresta Nacional de Carajás, Racha Placa"
"PARQUE NACIONAL CAMPOS FERRUGINOSOS","Angiosperms","Thelypteridaceae","Goniopteris","biolleyi","(Christ) Pic.Serm.","THELYPTERIDACEAE Goniopteris biolleyi (Christ) Pic.Serm.","156949","splink","BHCB","Salino, A.","15144","Native","2012",,"0-0-0","Ouro","Prata",,"Canaã dos Carajás","Floresta Nacional de Carajás, Serra do Tarzan"
"PARQUE NACIONAL CAMPOS FERRUGINOSOS","Angiosperms","Thelypteridaceae","Goniopteris","indusiata","(Salino) Salino & T.E. Almeida","THELYPTERIDACEAE Goniopteris indusiata (Salino) Salino & T.E. Almeida","BHCB01127006",,"BHCB","Salino, A.","15157","Native","2012",,,"Ouro","Prata",,"Canaã dos Carajás","Floresta Nacional de Carajás. Serra do Tarzan."
"PARQUE NACIONAL CAMPOS FERRUGINOSOS","Angiosperms","Thelypteridaceae","Goniopteris","pennata","(Poir.) Pic.Serm.","THELYPTERIDACEAE Goniopteris pennata (Poir.) Pic.Serm.","156951","splink","BHCB","Salino, A.","15146","Native","2012",,"0-0-0","Ouro","Prata",,"Canaã dos Carajás","Floresta Nacional de Carajás, Serra do Tarzan"
"PARQUE NACIONAL CAMPOS FERRUGINOSOS","Angiosperms","Thelypteridaceae","Goniopteris","poiteana","(Bory) Ching","THELYPTERIDACEAE Goniopteris poiteana (Bory) Ching","BHCB01127016",,"BHCB","Salino, A.","15573","Native","2012",,,"Ouro","Prata",,"Canaã dos Carajás","Floresta Nacional de Carajás. Serra do Tarzan."
"PARQUE NACIONAL CAMPOS FERRUGINOSOS","Angiosperms","Thelypteridaceae","Thelypteris",,"Schmidel","THELYPTERIDACEAE Thelypteris Schmidel","BHCB01127043",,"BHCB","Salino, A.","15156","Native","2012",,,"Ouro","Prata",,"Canaã dos Carajás","Floresta Nacional de Carajás. Serra do Tarzan."
"PARQUE NACIONAL CAMPOS FERRUGINOSOS","Angiosperms","Myrtaceae","Eugenia","stictopetala","Mart. ex DC.","MYRTACEAE Eugenia stictopetala Mart. ex DC.","BHCB027862","splink","BHCB","Rodrigues, I.M.C.","609","Native","2012","Barbosa-Silva, R.G.","2022","Ouro","Prata",,"Canaã dos Carajás","Floresta Nacional de Carajás, Segundo aceiro à esquerda no início da Pilha de Estéril. S11D."
"PARQUE NACIONAL CAMPOS FERRUGINOSOS","Angiosperms","Euphorbiaceae","Croton","glandulosus","L.","EUPHORBIACEAE Croton glandulosus L.","BHCB026951","splink","BHCB","Paula, L.F.A.","490","Native","2012","Caruzo, M.B.R.","2020","Ouro","Prata",,"Canaã dos Carajás","Floresta Nacional de Carajás, Racha Placa. ADA Usina S11."
"PARQUE NACIONAL CAMPOS FERRUGINOSOS","Ferns and Lycophytes","Piperaceae","Piper","hoffmannseggianum","Roem. & Schult.","PIPERACEAE Piper hoffmannseggianum Roem. & Schult.","BHCB028674","splink","BHCB","Silva, L.V.C.","1143","Native","2012","Carvalho-Silva, M.","2019","Ouro","Prata",,"Canaã dos Carajás","Floresta Nacional de Carajás, S11C."
"PARQUE NACIONAL CAMPOS FERRUGINOSOS","Angiosperms","Chrysobalanaceae","Hirtella","pilosissima","Mart. & Zucc.","CHRYSOBALANACEAE Hirtella pilosissima Mart. & Zucc.","BHCB020519","splink","BHCB","Silva, L.V.C.","1150","Native","2012","Prance, G.T.","2018","Ouro","Prata",,"Canaã dos Carajás","Floresta Nacional de Carajás, S11C. UTM 22M 9291999 566356 UTM - SAD 69"
"PARQUE NACIONAL CAMPOS FERRUGINOSOS","Angiosperms","Gentianaceae","Chelonanthus","purpurascens","(Aubl.) Struwe et al.","GENTIANACEAE Chelonanthus purpurascens (Aubl.) Struwe et al.","BHCB027711","splink","BHCB","Silva, L.V.C.","1163","Native","2012","Guimaraes, E.F.","2018","Ouro","Prata",,"Canaã dos Carajás","Floresta Nacional de Carajás, S11C. UTM 22M 9292919 567392"
"PARQUE NACIONAL CAMPOS FERRUGINOSOS","Ferns and Lycophytes","Gentianaceae","Schultesia","benthamiana","Klotzsch ex Griseb.","GENTIANACEAE Schultesia benthamiana Klotzsch ex Griseb.","BHCB027723","splink","BHCB","Arruda, A.J.","712","Native","2012","Guimaraes, E.F.","2018","Ouro","Prata",,"Canaã dos Carajás","Floresta Nacional de Carajás, S11D. UTM 22M 92933339 569922 SAD 69"
"PARQUE NACIONAL CAMPOS FERRUGINOSOS","Angiosperms","Poaceae","Axonopus","capillaris","(Lam.) Chase","POACEAE Axonopus capillaris (Lam.) Chase","BHCB021486","splink","BHCB","Silva, L.V.C.","1096","Native","2012","Viana, P.L.","2018","Ouro","Prata",,"Canaã dos Carajás","Floresta Nacional de Carajás, S11D."
"PARQUE NACIONAL CAMPOS FERRUGINOSOS","Angiosperms","Poaceae","Axonopus","carajasensis","Bastos","POACEAE Axonopus carajasensis Bastos","BHCB021498","splink","BHCB","Silva, L.V.C.","1100","Native","2012","Viana, P.L.","2018","Ouro","Prata",,"Canaã dos Carajás","Floresta Nacional de Carajás, S11D."
"PARQUE NACIONAL CAMPOS FERRUGINOSOS","Angiosperms","Acanthaceae","Justicia","divergens","(Nees) A.S.Reis, A.Gil & Kameyama","ACANTHACEAE Justicia divergens (Nees) A.S.Reis, A.Gil & Kameyama","BHCB019170","splink","BHCB","Silva, L.V.C.","1208","Native","2012","Kameyama, C.","2017","Ouro","Prata",,"Canaã dos Carajás","Floresta Nacional de Carajás, Serra do Tarzan."
"PARQUE NACIONAL CAMPOS FERRUGINOSOS","Angiosperms","Acanthaceae","Justicia","riedeliana","(Nees) V.A.W.Graham","ACANTHACEAE Justicia riedeliana (Nees) V.A.W.Graham","BHCB019192","splink","BHCB","Arruda, A.J.","1177","Native","2012","Kameyama, C.","2017","Ouro","Prata",,"Canaã dos Carajás","Floresta Nacional de Carajás, S11D."
"PARQUE NACIONAL CAMPOS FERRUGINOSOS","Angiosperms","Chrysobalanaceae","Licania","kunthiana","Hook.f.","CHRYSOBALANACEAE Licania kunthiana Hook.f.","BHCB020515","splink","BHCB","Pivari, M.O.D.","1730","Native","2012","Prance, G.T.","2017","Ouro","Prata",,"Canaã dos Carajás","Floresta Nacional de Carajás, Borda de baixo da Pilha de Estéril. S11D. UTM 22S9284733 574212 SAD 69"
"PARQUE NACIONAL CAMPOS FERRUGINOSOS","Ferns and Lycophytes","Dryopteridaceae","Bolbitis","serratifolia","Schott","DRYOPTERIDACEAE Bolbitis serratifolia Schott","169023","splink","BHCB","Giorni, V.T.","833","Native","2012","Salino, A.","2017","Ouro","Prata",,"Canaã dos Carajás","Floresta Nacional de Carajás, Serra Sul, Corpo D"
"PARQUE NACIONAL CAMPOS FERRUGINOSOS","Ferns and Lycophytes","Melastomataceae","Pleroma","carajasense","K.Rocha, R.Goldenb. & F.S.Mey","MELASTOMATACEAE Pleroma carajasense K.Rocha, R.Goldenb. & F.S.Mey","BHCB019083","splink","BHCB","Arruda, A.J.","1077","Native","2012","Rocha, K.C.J.","2017","Ouro","Prata",,"Canaã dos Carajás","Floresta Nacional de Carajás, S11D."
"PARQUE NACIONAL CAMPOS FERRUGINOSOS","Ferns and Lycophytes","Piperaceae","Piper","anonifolium","Kunth","PIPERACEAE Piper anonifolium Kunth","BHCB028671","splink","BHCB","Pivari, M.O.D.","1653","Native","2012","Monteiro, D.","2017","Ouro","Prata",,"Canaã dos Carajás","Floresta Nacional de Carajás, Racha Placa. Pilha de Estéril - S11D."
"PARQUE NACIONAL CAMPOS FERRUGINOSOS","Ferns and Lycophytes","Piperaceae","Piper","callosum","Ruiz & Pav.","PIPERACEAE Piper callosum Ruiz & Pav.","BHCB028672","splink","BHCB","Paula, L.F.A.","495","Native","2012","Monteiro, D.","2017","Ouro","Prata",,"Canaã dos Carajás","Floresta Nacional de Carajás, Racha Placa."
"PARQUE NACIONAL CAMPOS FERRUGINOSOS","Angiosperms","Piperaceae","Piper","marginatum","Jacq.","PIPERACEAE Piper marginatum Jacq.","BHCB028648","splink","BHCB","Arruda, A.J.","497","Naturalized","2012","Monteiro, D.","2017","Ouro","Prata",,"Canaã dos Carajás","Floresta Nacional de Carajás, ADA Usina S11. Cachoeira do André."
"PARQUE NACIONAL CAMPOS FERRUGINOSOS","Angiosperms","Piperaceae","Piper","nematanthera","C.DC.","PIPERACEAE Piper nematanthera C.DC.","BHCB028675","splink","BHCB","Rodrigues, I.M.C.","568","Naturalized","2012","Monteiro, D.","2017","Ouro","Prata",,"Canaã dos Carajás","Floresta Nacional de Carajás, Pilha de Estéril. S11D."
"PARQUE NACIONAL CAMPOS FERRUGINOSOS","Angiosperms","Poaceae","Andropogon","bicornis","L.","POACEAE Andropogon bicornis L.","BHCB021584","splink","BHCB","Viana, P.L.","5268","Native","2012","Viana, P.L.","2017","Ouro","Prata",,"Canaã dos Carajás","Floresta Nacional de Carajás, S11D."
"PARQUE NACIONAL CAMPOS FERRUGINOSOS","Angiosperms","Poaceae","Hildaea","breviscrobs","(Döll) C.Silva & R.P. Oliveira","POACEAE Hildaea breviscrobs (Döll) C.Silva & R.P. Oliveira","BHCB021560","splink","BHCB","Pivari, M.O.D.","1650","Native","2012","Viana, P.L.","2017","Ouro","Prata",,"Canaã dos Carajás","Floresta Nacional de Carajás, Racha Placa. Pilha de Estéril - S11D."
"PARQUE NACIONAL CAMPOS FERRUGINOSOS","Angiosperms","Poaceae","Hildaea","tenuis","(J. Presl & C.Presl) C.Silva & R.P.Oliveira","POACEAE Hildaea tenuis (J. Presl & C.Presl) C.Silva & R.P.Oliveira","BHCB021561","splink","BHCB","Arruda, A.J.","1181","Native","2012","Viana, P.L.","2017","Ouro","Prata",,"Canaã dos Carajás","Floresta Nacional de Carajás, S11B."
"PARQUE NACIONAL CAMPOS FERRUGINOSOS","Angiosperms","Poaceae","Ichnanthus","calvescens","(Nees ex Trin.) Döll","POACEAE Ichnanthus calvescens (Nees ex Trin.) Döll","BHCB021559","splink","BHCB","Silva, L.V.C.","1251","Native","2012","Viana, P.L.","2017","Ouro","Prata",,"Canaã dos Carajás","Floresta Nacional de Carajás, Serra do Tarzan."
"PARQUE NACIONAL CAMPOS FERRUGINOSOS","Angiosperms","Poaceae","Isachne","polygonoides","(Lam.) Döll","POACEAE Isachne polygonoides (Lam.) Döll","BHCB021565","splink","BHCB","Viana, P.L.","5241","Native","2012","Viana, P.L.","2017","Ouro","Prata",,"Canaã dos Carajás","Floresta Nacional de Carajás, S11B."
"PARQUE NACIONAL CAMPOS FERRUGINOSOS","Angiosperms","Poaceae","Oryza","rufipogon","Griff.","POACEAE Oryza rufipogon Griff.","BHCB021697","splink","BHCB","Arruda, A.J.","1119","Native","2012","Viana, P.L.","2017","Ouro","Prata",,"Canaã dos Carajás","Floresta Nacional de Carajás, S11A."
"PARQUE NACIONAL CAMPOS FERRUGINOSOS","Angiosperms","Poaceae","Steinchisma","laxum","(Sw.) Zuloaga","POACEAE Steinchisma laxum (Sw.) Zuloaga","BHCB021675","splink","BHCB","Silva, L.V.C.","1118","Native","2012","Viana, P.L.","2017","Ouro","Prata",,"Canaã dos Carajás","Floresta Nacional de Carajás, S11D."
"PARQUE NACIONAL CAMPOS FERRUGINOSOS","Angiosperms","Dryopteridaceae","Polybotrya","sorbifolia","Mett. ex Kuhn","DRYOPTERIDACEAE Polybotrya sorbifolia Mett. ex Kuhn","157597","splink","BHCB","Oliveira, L.F.A.","562","Naturalized","2012","Salino, A.","2016","Ouro","Prata",,"Canaã dos Carajás","Floresta Nacional de Carajás; Bocaina, Floresta ombrófila densa"
"PARQUE NACIONAL CAMPOS FERRUGINOSOS","Angiosperms","Piperaceae","Piper","arboreum","Yunck.","PIPERACEAE Piper arboreum var. hirtellum Yunck.","BHCB028655","splink","BHCB","Pivari, M.O.D.","1672","Native","2012","Monteiro, D.","2016","Ouro","Prata",,"Canaã dos Carajás","Floresta Nacional de Carajás, Borda do Primeiro Aceiro da Pilha de Estéril S11D."
"PARQUE NACIONAL CAMPOS FERRUGINOSOS","Ferns and Lycophytes","Piperaceae","Piper","dilatatum","Rich.","PIPERACEAE Piper dilatatum Rich.","BHCB028662","splink","BHCB","Paula, L.F.A.","512","Native","2012","Monteiro, D.","2016","Ouro","Prata",,"Canaã dos Carajás","Floresta Nacional de Carajás, Racha Placa."
"PARQUE NACIONAL CAMPOS FERRUGINOSOS","Angiosperms","Poaceae","Coleataenia","stenodes","(Griseb.) Soreng","POACEAE Coleataenia stenodes (Griseb.) Soreng","BHCB021658","splink","BHCB","Silva, L.V.C.","1235","Native","2012","Viana, P.L.","2016","Ouro","Prata",,"Canaã dos Carajás","Floresta Nacional de Carajás, Serra do Tarzan."
"PARQUE NACIONAL CAMPOS FERRUGINOSOS","Angiosperms","Thelypteridaceae","Goniopteris","tetragona","(Sw.) C. Presl","THELYPTERIDACEAE Goniopteris tetragona (Sw.) C. Presl","BHCB01127020",,"BHCB","Salino, A.","15577","Native","2012","Salino, A.","2016","Ouro","Prata",,"Canaã dos Carajás","Floresta Nacional de Carajás. Serra do Tarzan."
"PARQUE NACIONAL CAMPOS FERRUGINOSOS","Angiosperms","Annonaceae","Cymbopetalum","brasiliense","(Vell.) Benth. ex Baill.","ANNONACEAE Cymbopetalum brasiliense (Vell.) Benth. ex Baill.","BHCB019980","splink","BHCB","Pivari, M.O.D.","1663","Native","2012","Lobao, A.","2015","Ouro","Prata",,"Canaã dos Carajás","Floresta Nacional de Carajás, Area da Pilha de Estéril. S11D."
"PARQUE NACIONAL CAMPOS FERRUGINOSOS","Angiosperms","Rubiaceae","Carajasia","cangae","R.M.Salas, E.L.Cabral & Dessein","RUBIACEAE Carajasia cangae R.M.Salas, E.L.Cabral & Dessein","BHCB019042","splink","BHCB","Viana, P.L.","5263","Native","2012","Salas, R.M.","2015","Ouro","Prata",,"Canaã dos Carajás","Floresta Nacional de Carajás, Serra Sul. S11C."
"PARQUE NACIONAL CAMPOS FERRUGINOSOS","Ferns and Lycophytes","Solanaceae","Physalis","pubescens","L.","SOLANACEAE Physalis pubescens L.","BHCB019121","splink","BHCB","Arruda, A.J.","523","Native","2012","Knapp, S.","2014","Ouro","Prata",,"Canaã dos Carajás","Floresta Nacional de Carajás, Racha Placa. ADA Usina S11."
"PARQUE NACIONAL CAMPOS FERRUGINOSOS","Angiosperms","Thelypteridaceae","Meniscium","nesioticum","(Maxon & C.V. Morton) Pic.Serm.","THELYPTERIDACEAE Meniscium nesioticum (Maxon & C.V. Morton) Pic.Serm.","BHCB01120067",,"BHCB","Salino, A.","15290","Native","2012","Fernandes, R.S.","2014","Ouro","Prata",,"Canaã dos Carajás","Floresta Nacional de Carajás, Serra Sul. Corpo S11B."
"PARQUE NACIONAL CAMPOS FERRUGINOSOS","Angiosperms","Acanthaceae","Lepidagathis","alopecuroidea","(Vahl) R.Br. ex Griseb.","ACANTHACEAE Lepidagathis alopecuroidea (Vahl) R.Br. ex Griseb.","BHCB019130","splink","BHCB","Arruda, A.J.","1212","Native","2012","Profice, S.R.","2012","Ouro","Prata",,"Canaã dos Carajás","Floresta Nacional de Carajás, S11D."
"PARQUE NACIONAL CAMPOS FERRUGINOSOS","Ferns and Lycophytes","Blechnaceae","Blechnum","heringeri","Brade","BLECHNACEAE Blechnum heringeri Brade","BHCB01126121",,"BHCB","Salino, A.","15151","Native","2012","Salino, A.","2012","Ouro","Prata",,"Canaã dos Carajás","Floresta Nacional de Carajás. Serra do Tarzan."
"PARQUE NACIONAL CAMPOS FERRUGINOSOS","Ferns and Lycophytes","Blechnaceae","Blechnum","lanceola","Sw.","BLECHNACEAE Blechnum lanceola Sw.","160639","splink","BHCB","Salino, A.","15504","Native","2012","Salino, A.","2012","Ouro","Prata",,"Canaã dos Carajás","Floresta Nacional de Carajás, Serra Sul, Corpo A."
"PARQUE NACIONAL CAMPOS FERRUGINOSOS","Angiosperms","Dryopteridaceae","Ctenitis","nigrovenia","(Christ) Copel.","DRYOPTERIDACEAE Ctenitis nigrovenia (Christ) Copel.","157433","splink","BHCB","Salino, A.","15291","Native","2012","Salino, A.","2012","Ouro","Prata",,"Canaã dos Carajás","Floresta Nacional de Carajás, Serra Sul, Corpo S 11 B,Floresta Ombrófila Densa."
"PARQUE NACIONAL CAMPOS FERRUGINOSOS","Angiosperms","Dryopteridaceae","Cyclodium","guianense","(Klotzsch) van der Werff ex L.D.Gómez","DRYOPTERIDACEAE Cyclodium guianense (Klotzsch) van der Werff ex L.D.Gómez","BHCB01126257",,"BHCB","Salino, A.","15270","Native","2012","Salino, A.","2012","Ouro","Prata",,"Canaã dos Carajás","Floresta Nacional de Carajás. Serra Sul, Corpo S11A."
"PARQUE NACIONAL CAMPOS FERRUGINOSOS","Angiosperms","Dryopteridaceae","Cyclodium","inerme","(Fée) A.R.Sm.","DRYOPTERIDACEAE Cyclodium inerme (Fée) A.R.Sm.","BHCB01105710",,"BHCB","Salino, A.","15272","Native","2012","Salino, A.","2012","Ouro","Prata",,"Canaã dos Carajás","Floresta Nacional de Carajás. Serra Sul, Corpo S11 A, Floresta Ombrófila Densa."
"PARQUE NACIONAL CAMPOS FERRUGINOSOS","Angiosperms","Dryopteridaceae","Elaphoglossum","rigidum","(Aubl.) Urb.","DRYOPTERIDACEAE Elaphoglossum rigidum (Aubl.) Urb.","BHCB01126292",,"BHCB","Salino, A.","15268","Native","2012","Salino, A.","2012","Ouro","Prata",,"Canaã dos Carajás","Floresta Nacional de Carajás. Serra Sul, Corpo S11A."
"PARQUE NACIONAL CAMPOS FERRUGINOSOS","Angiosperms","Poaceae","Pharus","latifolius","L.","POACEAE Pharus latifolius L.","BHCB021651","splink","BHCB","Paula, L.F.A.","504","Native","2012","Viana, P.L.","2012","Ouro","Prata",,"Canaã dos Carajás","Floresta Nacional de Carajás, Racha Placa. S11-D. UTM 22M 9289056 578788 SAD 69"
"PARQUE NACIONAL CAMPOS FERRUGINOSOS","Angiosperms","Apocynaceae","Tabernaemontana","heterophylla","Vahl","APOCYNACEAE Tabernaemontana heterophylla Vahl","BHCB020246","splink","BHCB","Almeida, T.E.","2508","Native","2010","Simoes, A.O.","0-0-0","Ouro","Prata",,"Canaã dos Carajás","Floresta Nacional de Carajás, Serra Sul, Corpo D."
"PARQUE NACIONAL CAMPOS FERRUGINOSOS","Angiosperms","Apocynaceae","Tabernaemontana","macrocalyx","Müll. Arg.","APOCYNACEAE Tabernaemontana macrocalyx Müll. Arg.","BHCB020242","splink","BHCB","Gontijo, F.D.","155","Native","2010","Simoes, A.O.","0-0-0","Ouro","Prata",,"Canaã dos Carajás","Floresta Nacional de Carajás, Racha Placa. S11D."
"PARQUE NACIONAL CAMPOS FERRUGINOSOS","Angiosperms","Araceae","Anthurium","gracile","(Rudge) Lindl.","ARACEAE Anthurium gracile (Rudge) Lindl.","BHCB017712","splink","BHCB","Gontijo, F.D.","58","Native","2010","Goncalves, E.G.","0-0-0","Ouro","Prata",,"Canaã dos Carajás","Floresta Nacional de Carajás, Serra Sul - Corpo A."
"PARQUE NACIONAL CAMPOS FERRUGINOSOS","Angiosperms","Araceae","Heteropsis","oblongifolia","Kunth","ARACEAE Heteropsis oblongifolia Kunth","BHCB017722","splink","BHCB","Giacomin, L.L.","1185","Native","2010","Nadruz, M.","0-0-0","Ouro","Prata",,"Canaã dos Carajás","Floresta Nacional de Carajás, Serra Sul. Corpo D."
"PARQUE NACIONAL CAMPOS FERRUGINOSOS","Angiosperms","Araceae","Philodendron","verrucosum","L.Mathieu ex Schott","ARACEAE Philodendron verrucosum L.Mathieu ex Schott","BHCB017751","splink","BHCB","Gontijo, F.D.","157","Native","2010","Goncalves, E.G.","0-0-0","Ouro","Prata",,"Canaã dos Carajás","Floresta Nacional de Carajás, Racha Placa. Subida da Cachoeira."
"PARQUE NACIONAL CAMPOS FERRUGINOSOS","Angiosperms","Araceae","Philodendron","wullschlaegelii","Schott","ARACEAE Philodendron wullschlaegelii Schott","BHCB017748","splink","BHCB","Gontijo, F.D.","156","Native","2010","Goncalves, E.G.","0-0-0","Ouro","Prata",,"Canaã dos Carajás","Floresta Nacional de Carajás, Racha Placa. Subida da Cachoeira."
"PARQUE NACIONAL CAMPOS FERRUGINOSOS","Angiosperms","Araceae","Spathiphyllum","gardneri","Schott","ARACEAE Spathiphyllum gardneri Schott","BHCB017750","splink","BHCB","Gontijo, F.D.","145","Native","2010","Goncalves, E.G.","0-0-0","Ouro","Prata",,"Canaã dos Carajás","Floresta Nacional de Carajás, Serra Sul - Corpo C."
"PARQUE NACIONAL CAMPOS FERRUGINOSOS","Ferns and Lycophytes","Blechnaceae","Blechnum","longipilosum","V.A.O. Dittrich & Salino","BLECHNACEAE Blechnum longipilosum V.A.O. Dittrich & Salino","140413","splink","BHCB","Souza, D.T.","1115","Native","2010","Salino, A.","0-0-0","Ouro","Prata",,"Canaã dos Carajás","Floresta Nacional de Carajás, Serra Sul"
"PARQUE NACIONAL CAMPOS FERRUGINOSOS","Angiosperms","Clusiaceae","Clusia","nemorosa","G.Mey.","CLUSIACEAE Clusia nemorosa G.Mey.","BHCB020536","splink","BHCB","Arruda, A.J.","298","Native","2010","Marinho, L.C.","0-0-0","Ouro","Prata",,"Canaã dos Carajás","Floresta Nacional de Carajás, S11C."
"PARQUE NACIONAL CAMPOS FERRUGINOSOS","Angiosperms","Convolvulaceae","Evolvulus","filipes","Mart.","CONVOLVULACEAE Evolvulus filipes Mart.","BHCB020563","splink","BHCB","Silva, L.V.C.","941","Native","2010","Simao-Bianchini, R.","0-0-0","Ouro","Prata",,"Canaã dos Carajás","Floresta Nacional de Carajás, Serra do Tarzan."
"PARQUE NACIONAL CAMPOS FERRUGINOSOS","Ferns and Lycophytes","Cyatheaceae","Cyathea","microdonta","(Desv.) Domin","CYATHEACEAE Cyathea microdonta (Desv.) Domin","BHCB01126185",,"BHCB","Almeida, T.E.","2345","Native","2010",,,"Ouro","Prata",,"Canaã dos Carajás","Floresta Nacional de Carajás. Distrito de Racha Placa. Serra Sul."
"PARQUE NACIONAL CAMPOS FERRUGINOSOS","Angiosperms","Cyatheaceae","Cyathea","pungens","(Willd.) Domin","CYATHEACEAE Cyathea pungens (Willd.) Domin","139559","splink","BHCB","Almeida, T.E.","2367","Native","2010",,"0-0-0","Ouro","Prata",,"Canaã dos Carajás","Floresta Nacional de Carajás, S11D"
"PARQUE NACIONAL CAMPOS FERRUGINOSOS","Angiosperms","Fabaceae","Dioclea","virgata","(Rich.) Amshoff","FABACEAE Dioclea virgata (Rich.) Amshoff","BHCB027119","splink","BHCB","Silva, L.V.C.","1041","Native","2010","Lima, H.C.","0-0-0","Ouro","Prata",,"Canaã dos Carajás","Floresta Nacional de Carajás, Serra do Tarzan."
"PARQUE NACIONAL CAMPOS FERRUGINOSOS","Angiosperms","Lythraceae","Cuphea","annulata","Koehne","LYTHRACEAE Cuphea annulata Koehne","BHCB028061","splink","BHCB","Gontijo, F.D.","34","Native","2010","Cavalcanti, T.B.","0-0-0","Ouro","Prata",,"Canaã dos Carajás","Floresta Nacional de Carajás, S11A."
"PARQUE NACIONAL CAMPOS FERRUGINOSOS","Angiosperms","Passifloraceae","Passiflora","glandulosa","Cav.","PASSIFLORACEAE Passiflora glandulosa Cav.","BHCB021257","splink","BHCB","Giacomin, L.L.","1171","Native","2010","Koch, A.K.","0-0-0","Ouro","Prata",,"Canaã dos Carajás","Floresta Nacional de Carajás, Serra Sul, Corpo D."
"PARQUE NACIONAL CAMPOS FERRUGINOSOS","Angiosperms","Piperaceae","Peperomia","lanceolato-peltata","C.DC.","PIPERACEAE Peperomia lanceolato-peltata C.DC.","BHCB028639","splink","BHCB","Almeida, T.E.","2455","Native","2010","Carvalho-Silva, M.","0-0-0","Ouro","Prata",,"Canaã dos Carajás","Floresta Nacional de Carajás, Serra Sul, corpo D."
"PARQUE NACIONAL CAMPOS FERRUGINOSOS","Ferns and Lycophytes","Piperaceae","Piper","aleyreanum","C.DC.","PIPERACEAE Piper aleyreanum C.DC.","BHCB028664","splink","BHCB","Almeida, T.E.","2501","Native","2010","Guimaraes, E.F.","0-0-0","Ouro","Prata",,"Canaã dos Carajás","Floresta Nacional de Carajás, S11A. A beira de corrego seco no interior de floresta."
"PARQUE NACIONAL CAMPOS FERRUGINOSOS","Ferns and Lycophytes","Polygalaceae","Securidaca","diversifolia","(L.) S.F.Blake","POLYGALACEAE Securidaca diversifolia (L.) S.F.Blake","BHCB021340","splink","BHCB","Costa, L.V.","1014","Native","2010","Pastore, J.F.B.","0-0-0","Ouro","Prata",,"Canaã dos Carajás","Floresta Nacional de Carajás, S11C."
"PARQUE NACIONAL CAMPOS FERRUGINOSOS","Angiosperms","Primulaceae","Clavija","lancifolia","(Standl.) B.Ståhl","PRIMULACEAE Clavija lancifolia subsp. chermontiana (Standl.) B.Ståhl","BHCB028712","splink","BHCB","Gontijo, F.D.","70","Native","2010","Freitas, M.F.","0-0-0","Ouro","Prata",,"Canaã dos Carajás","Floresta Nacional de Carajás, Serra Sul, S/SW do Corpo A."
"PARQUE NACIONAL CAMPOS FERRUGINOSOS","Angiosperms","Rubiaceae","Alibertia","edulis","(Rich.) A.Rich.","RUBIACEAE Alibertia edulis (Rich.) A.Rich.","BHCB020798","splink","BHCB","Gontijo, F.D.","97","Native","2010","Delprete, P.G.","0-0-0","Ouro","Prata",,"Canaã dos Carajás","Floresta Nacional de Carajás, S11A."
"PARQUE NACIONAL CAMPOS FERRUGINOSOS","Angiosperms","Rubiaceae","Faramea","capillipes","Müll. Arg.","RUBIACEAE Faramea capillipes Müll. Arg.","BHCB021723","splink","BHCB","Gontijo, F.D.","55","Native","2010","Delprete, P.G.","0-0-0","Ouro","Prata",,"Canaã dos Carajás","Floresta Nacional de Carajás, S11A."
"PARQUE NACIONAL CAMPOS FERRUGINOSOS","Angiosperms","Rubiaceae","Faramea","multiflora","A.Rich. in DC.","RUBIACEAE Faramea multiflora A.Rich. in DC.","BHCB021725","splink","BHCB","Arruda, A.J.","302","Native","2010","Delprete, P.G.","0-0-0","Ouro","Prata",,"Canaã dos Carajás","Floresta Nacional de Carajás, S11C."
"PARQUE NACIONAL CAMPOS FERRUGINOSOS","Angiosperms","Rubiaceae","Geophila","repens","(L.) I.M.Johnst.","RUBIACEAE Geophila repens (L.) I.M.Johnst.","BHCB021761","splink","BHCB","Gontijo, F.D.","202","Native","2010","Delprete, P.G.","0-0-0","Ouro","Prata",,"Canaã dos Carajás","Floresta Nacional de Carajás, S11D."
"PARQUE NACIONAL CAMPOS FERRUGINOSOS","Angiosperms","Rubiaceae","Guettarda","viburnoides","Cham. & Schltdl.","RUBIACEAE Guettarda viburnoides Cham. & Schltdl.","BHCB021764","splink","BHCB","Gontijo, F.D.","116","Native","2010","Delprete, P.G.","0-0-0","Ouro","Prata",,"Canaã dos Carajás","Floresta Nacional de Carajás, S11D."
"PARQUE NACIONAL CAMPOS FERRUGINOSOS","Ferns and Lycophytes","Santalaceae","Phoradendron","tunaeforme","(DC.) Eichler","SANTALACEAE Phoradendron tunaeforme (DC.) Eichler","BHCB029740","splink","BHCB","Arruda, A.J.","197","Native","2010","Caires, C.S.","0-0-0","Ouro","Prata",,"Canaã dos Carajás","Floresta Nacional de Carajás, S11B."
"PARQUE NACIONAL CAMPOS FERRUGINOSOS","Ferns and Lycophytes","Solanaceae","Schwenckia","americana","Rooyen ex L.","SOLANACEAE Schwenckia americana Rooyen ex L.","BHCB029777","splink","BHCB","Pivari, M.O.D.","1502","Native","2010","Giacomin, L.L.","0-0-0","Ouro","Prata",,"Canaã dos Carajás","Floresta Nacional de Carajás, Serra Sul."
"PARQUE NACIONAL CAMPOS FERRUGINOSOS","Angiosperms","Gentianaceae","Voyria","tenella","Hook.","GENTIANACEAE Voyria tenella Hook.","BHCB027733","splink","BHCB","Giacomin, L.L.","1165","Native","2010","Guimaraes, E.F.","2018","Ouro","Prata",,"Canaã dos Carajás","Floresta Nacional de Carajás, S11B. Serra Sul. Corpo B."
"PARQUE NACIONAL CAMPOS FERRUGINOSOS","Ferns and Lycophytes","Orchidaceae","Mesadenella","tonduzii","(Schltr.) Pabst & Garay","ORCHIDACEAE Mesadenella tonduzii (Schltr.) Pabst & Garay","BHCB027003","splink","BHCB","Gontijo, F.D.","186","Native","2010","Batista, J.A.N.","2018","Ouro","Prata",,"Canaã dos Carajás","Floresta Nacional de Carajás, S11D."
"PARQUE NACIONAL CAMPOS FERRUGINOSOS","Angiosperms","Poaceae","Eleusine","indica","(L.) Gaertn.","POACEAE Eleusine indica (L.) Gaertn.","BHCB021515","splink","BHCB","Silva, L.V.C.","1002","Native","2010","Viana, P.L.","2018","Ouro","Prata",,"Canaã dos Carajás","Floresta Nacional de Carajás, S11D."
"PARQUE NACIONAL CAMPOS FERRUGINOSOS","Angiosperms","Poaceae","Olyra","latifolia","L.","POACEAE Olyra latifolia L.","BHCB021687","splink","BHCB","Gontijo, F.D.","129","Native","2010","Viana, P.L.","2018","Ouro","Prata",,"Canaã dos Carajás","Floresta Nacional de Carajás, S11D."
"PARQUE NACIONAL CAMPOS FERRUGINOSOS","Angiosperms","Poaceae","Otachyrium","versicolor","(Döll) Henrard","POACEAE Otachyrium versicolor (Döll) Henrard","BHCB021699","splink","BHCB","Silva, L.V.C.","763","Native","2010","Viana, P.L.","2018","Ouro","Prata",,"Canaã dos Carajás","Floresta Nacional de Carajás, S11A."
"PARQUE NACIONAL CAMPOS FERRUGINOSOS","Angiosperms","Chrysobalanaceae","Hirtella","racemosa","Lam.","CHRYSOBALANACEAE Hirtella racemosa var. racemosa Lam.","BHCB020520","splink","BHCB","Almeida, T.E.","2535","Native","2010","Prance, G.T.","2017","Ouro","Prata",,"Canaã dos Carajás","Floresta Nacional de Carajás, S11D. Corpo D."
"PARQUE NACIONAL CAMPOS FERRUGINOSOS","Angiosperms","Chrysobalanaceae","Moquilea","egleri","(Prance) Sothers & Prance","CHRYSOBALANACEAE Moquilea egleri (Prance) Sothers & Prance","BHCB020513","splink","BHCB","Silva, L.V.C.","992","Native","2010","Prance, G.T.","2017","Ouro","Prata",,"Canaã dos Carajás","Floresta Nacional de Carajás, S11B."
"PARQUE NACIONAL CAMPOS FERRUGINOSOS","Ferns and Lycophytes","Piperaceae","Peperomia","uaupesensis","Yunck.","PIPERACEAE Peperomia uaupesensis Yunck.","BHCB028614","splink","BHCB","Gontijo, F.D.","32","Native","2010","Monteiro, D.","2017","Ouro","Prata",,"Canaã dos Carajás","Floresta Nacional de Carajás, S11A."
"PARQUE NACIONAL CAMPOS FERRUGINOSOS","Ferns and Lycophytes","Piperaceae","Piper","demeraranum","(Miq.) C.DC.","PIPERACEAE Piper demeraranum (Miq.) C.DC.","BHCB028642","splink","BHCB","Gontijo, F.D.","53","Native","2010","Monteiro, D.","2017","Ouro","Prata",,"Canaã dos Carajás","Floresta Nacional de Carajás, S11A."
"PARQUE NACIONAL CAMPOS FERRUGINOSOS","Angiosperms","Poaceae","Sorghum","halepense","(L.) Pers.","POACEAE Sorghum halepense (L.) Pers.","BHCB021606","splink","BHCB","Silva, L.V.C.","917","Native","2010","Viana, P.L.","2017","Ouro","Prata",,"Canaã dos Carajás","Floresta Nacional de Carajás, S11D."
"PARQUE NACIONAL CAMPOS FERRUGINOSOS","Ferns and Lycophytes","Poaceae","Trichanthecium","parvifolium","(Lam.) Zuloaga & Morrone","POACEAE Trichanthecium parvifolium (Lam.) Zuloaga & Morrone","BHCB021666","splink","BHCB","Pivari, M.O.D.","1540","Native","2010","Viana, P.L.","2017","Ouro","Prata",,"Canaã dos Carajás","Floresta Nacional de Carajás, S11B."
"PARQUE NACIONAL CAMPOS FERRUGINOSOS","Angiosperms","Piperaceae","Peperomia","circinnata","Link","PIPERACEAE Peperomia circinnata Link","BHCB028624","splink","BHCB","Souza, D.T.","1151","Native","2010","Monteiro, D.","2016","Ouro","Prata",,"Canaã dos Carajás","Floresta Nacional de Carajás, S11C."
"PARQUE NACIONAL CAMPOS FERRUGINOSOS","Ferns and Lycophytes","Piperaceae","Piper","aduncum","L.","PIPERACEAE Piper aduncum L.","BHCB028669","splink","BHCB","Souza, D.T.","1162","Native","2010","Monteiro, D.","2016","Ouro","Prata",,"Canaã dos Carajás","Floresta Nacional de Carajás, S11A."
"PARQUE NACIONAL CAMPOS FERRUGINOSOS","Angiosperms","Poaceae","Trichanthecium","cyanescens","(Nees ex Trin.) Zuloaga & Morrone","POACEAE Trichanthecium cyanescens (Nees ex Trin.) Zuloaga & Morrone","BHCB021637","splink","BHCB","Silva, L.V.C.","814","Native","2010","Viana, P.L.","2016","Ouro","Prata",,"Canaã dos Carajás","Floresta Nacional de Carajás, Serra do Tarzan."
"PARQUE NACIONAL CAMPOS FERRUGINOSOS","Angiosperms","Thelypteridaceae","Christella","hispidula","(Decne.) Holttum","THELYPTERIDACEAE Christella hispidula (Decne.) Holttum","BHCB01119850",,"BHCB","Almeida, T.E.","2528","Native","2010","Salino, A.","2016","Ouro","Prata",,"Canaã dos Carajás","Floresta Nacional de Carajás, corpo C."
"PARQUE NACIONAL CAMPOS FERRUGINOSOS","Angiosperms","Eriocaulaceae","Eriocaulon","carajense","Moldenke","ERIOCAULACEAE Eriocaulon carajense Moldenke","BHCB022156","splink","BHCB","Santos, A.M.O.","11","Native","2010","Mota, R.C.","2015","Ouro","Prata",,"Canaã dos Carajás","Floresta Nacional de Carajás, S11 - Corpo D"
"PARQUE NACIONAL CAMPOS FERRUGINOSOS","Ferns and Lycophytes","Blechnaceae","Blechnum","areolatum","V.A.O. Dittrich & Salino","BLECHNACEAE Blechnum areolatum V.A.O. Dittrich & Salino","CESJ064845","splink","CESJ","Almeida, T.E.","2255","Native","2010","Dittrich, V.A.O.","2014","Ouro","Prata",,"Canaã dos Carajás","Floresta Nacional de Carajás, Serra Sul, Corpo D"
"PARQUE NACIONAL CAMPOS FERRUGINOSOS","Angiosperms","Malpighiaceae","Heteropterys","trigoniifolia","A.Juss.","MALPIGHIACEAE Heteropterys trigoniifolia A.Juss.","BHCB021278","splink","BHCB","Silva, L.V.C.","813","Native","2010","Amorim, A.M.","2012","Ouro","Prata",,"Canaã dos Carajás","Floresta Nacional de Carajás, Serra do Tarzan."
"PARQUE NACIONAL CAMPOS FERRUGINOSOS","Ferns and Lycophytes","Piperaceae","Piper","aequale","Vahl","PIPERACEAE Piper aequale Vahl","BHCB048924","splink","BHCB","Gontijo, F.D.","54","Native","2010","Monteiro, D.","2011","Ouro","Prata",,"Canaã dos Carajás","Floresta Nacional de Carajás, S11A."
"PARQUE NACIONAL CAMPOS FERRUGINOSOS","Angiosperms","Piperaceae","Piper","obliquum","Ruiz & Pav.","PIPERACEAE Piper obliquum Ruiz & Pav.","BHCB028646","splink","BHCB","Gontijo, F.D.","44","Native","2010","Monteiro, D.","2011","Ouro","Prata",,"Canaã dos Carajás","Floresta Nacional de Carajás, S11A."
"PARQUE NACIONAL CAMPOS FERRUGINOSOS","Angiosperms","Cyatheaceae","Alsophila","cuspidata","(Kunze) D.S.Conant","CYATHEACEAE Alsophila cuspidata (Kunze) D.S.Conant","BHCB00000639",,"BHCB","Almeida, T.E.","2350","Native","2010","Almeida, T.E.","2010","Ouro","Prata",,"Canaã dos Carajás","Floresta Nacional de Carajás. S11D."
"PARQUE NACIONAL CAMPOS FERRUGINOSOS","Angiosperms","Poaceae","Hildaea","pallens","(Sw.) C.Silva & R.P.Oliveira","POACEAE Hildaea pallens (Sw.) C.Silva & R.P.Oliveira","BHCB015344","splink","BHCB","Almeida, T.E.","2452","Native","2010","Viana, P.L.","2010","Ouro","Prata",,"Canaã dos Carajás","Floresta Nacional de Carajás, Serra Sul, corpo D."
"PARQUE NACIONAL CAMPOS FERRUGINOSOS","Angiosperms","Poaceae","Oplismenus","hirtellus","(L.) P.Beauv.","POACEAE Oplismenus hirtellus (L.) P.Beauv.","BHCB021690","splink","BHCB","Almeida, T.E.","2474","Native","2010","Viana, P.L.","2010","Ouro","Prata",,"Canaã dos Carajás","Floresta Nacional de Carajás, Serra Sul , Corpo D"
"PARQUE NACIONAL CAMPOS FERRUGINOSOS","Ferns and Lycophytes","Poaceae","Paspalum","axillare","Swallen","POACEAE Paspalum axillare Swallen","BHCB021524","splink","BHCB","Silva, L.V.C.","930","Native","2010","Viana, P.L.","2010","Ouro","Prata",,"Canaã dos Carajás","Floresta Nacional de Carajás, S11A."
"PARQUE NACIONAL CAMPOS FERRUGINOSOS","Angiosperms","Poaceae","Paspalum","virgatum","L.","POACEAE Paspalum virgatum L.","BHCB021555","splink","BHCB","Silva, L.V.C.","996","Native","2010","Viana, P.L.","2010","Ouro","Prata",,"Canaã dos Carajás","Floresta Nacional de Carajás, S11D."
"PARQUE NACIONAL CAMPOS FERRUGINOSOS","Angiosperms","Poaceae","Pharus","lappulaceus","Aubl.","POACEAE Pharus lappulaceus Aubl.","BHCB021649","splink","BHCB","Gontijo, F.D.","94","Native","2010","Viana, P.L.","2010","Ouro","Prata",,"Canaã dos Carajás","Floresta Nacional de Carajás, Serra Sul corpo B"
"PARQUE NACIONAL CAMPOS FERRUGINOSOS","Angiosperms","Poaceae","Pharus","parvifolius","Nash","POACEAE Pharus parvifolius Nash","BHCB021652","splink","BHCB","Gontijo, F.D.","74","Native","2010","Viana, P.L.","2010","Ouro","Prata",,"Canaã dos Carajás","Floresta Nacional de Carajás, S11A. S/SW do Corpo A."
"PARQUE NACIONAL CAMPOS FERRUGINOSOS","Angiosperms","Poaceae","Pharus","virescens","Döll","POACEAE Pharus virescens Döll","BHCB021653","splink","BHCB","Giacomin, L.L.","1161","Native","2010","Viana, P.L.","2010","Ouro","Prata",,"Canaã dos Carajás","Floresta Nacional de Carajás, S11D. Serra Sul"
"PARQUE NACIONAL CAMPOS FERRUGINOSOS","Angiosperms","Poaceae","Sporobolus","multiramosus","Longhi-Wagner & Boechat","POACEAE Sporobolus multiramosus Longhi-Wagner & Boechat","BHCB021608","splink","BHCB","Pivari, M.O.D.","1588","Native","2010","Viana, P.L.","2010","Ouro","Prata",,"Canaã dos Carajás","Floresta Nacional de Carajás, Serra do Tarzan."
"PARQUE NACIONAL CAMPOS FERRUGINOSOS","Angiosperms","Apocynaceae","Lacmellea","arborescens","(Müll.Arg.) Markgr.","APOCYNACEAE Lacmellea arborescens (Müll.Arg.) Markgr.","BHCB020215","splink","BHCB","Viana, P.L.","4397","Native","2009","Morales, J.F.","0-0-0","Ouro","Prata",,"Canaã dos Carajás","Floresta Nacional de Carajás, Serra Sul."
"PARQUE NACIONAL CAMPOS FERRUGINOSOS","Angiosperms","Araceae","Anthurium","sinuatum","Benth. ex Schott","ARACEAE Anthurium sinuatum Benth. ex Schott","BHCB017715","splink","BHCB","Giorni, V.T.","331","Native","2009","Goncalves, E.G.","0-0-0","Ouro","Prata",,"Canaã dos Carajás","Floresta Nacional de Carajás, Serra Sul - Corpo A/B."
"PARQUE NACIONAL CAMPOS FERRUGINOSOS","Angiosperms","Bromeliaceae","Tillandsia","streptocarpa","Baker","BROMELIACEAE Tillandsia streptocarpa Baker","BHCB020436","splink","BHCB","Giorni, V.T.","194","Native","2009","Versieux, L.M.","0-0-0","Ouro","Prata",,"Canaã dos Carajás","Floresta Nacional de Carajás, S11D."
"PARQUE NACIONAL CAMPOS FERRUGINOSOS","Ferns and Lycophytes","Celastraceae","Anthodon","decussatus","Ruiz & Pav.","CELASTRACEAE Anthodon decussatus Ruiz & Pav.","BHCB020505","splink","BHCB","Viana, P.L.","4129","Native","2009","Lombardi, J.A.","0-0-0","Ouro","Prata",,"Canaã dos Carajás","Floresta Nacional de Carajás, S11D."
"PARQUE NACIONAL CAMPOS FERRUGINOSOS","Angiosperms","Convolvulaceae","Ipomoea","goyazensis","Gardner","CONVOLVULACEAE Ipomoea goyazensis Gardner","BHCB020576","splink","BHCB","Viana, P.L.","4048","Native","2009","Simao-Bianchini, R.","0-0-0","Ouro","Prata",,"Canaã dos Carajás","Floresta Nacional de Carajás, Serra do Tarzan."
"PARQUE NACIONAL CAMPOS FERRUGINOSOS","Angiosperms","Fabaceae","Cenostigma","tocantinum","Ducke","FABACEAE Cenostigma tocantinum Ducke","BHCB026197","splink","BHCB","Giorni, V.T.","315","Native","2009","Queiroz, L.P.","0-0-0","Ouro","Prata",,"Canaã dos Carajás","Floresta Nacional de Carajás, S11D."
"PARQUE NACIONAL CAMPOS FERRUGINOSOS","Angiosperms","Orchidaceae","Habenaria","ludibundiciliata","J.A.N.Batista & Bianchetti","ORCHIDACEAE Habenaria ludibundiciliata J.A.N.Batista & Bianchetti","BHCB027013","splink","BHCB","Giorni, V.T.","171","Native","2009","Batista, J.A.N.","0-0-0","Ouro","Prata",,"Canaã dos Carajás","Floresta Nacional de Carajás, S11D."
"PARQUE NACIONAL CAMPOS FERRUGINOSOS","Angiosperms","Piperaceae","Piper","krukoffii","Yunck.","PIPERACEAE Piper krukoffii Yunck.","BHCB028651","splink","BHCB","Viana, P.L.","4170","Native","2009","Monteiro, D.","0-0-0","Ouro","Prata",,"Canaã dos Carajás","Floresta Nacional de Carajás, S11B."
"PARQUE NACIONAL CAMPOS FERRUGINOSOS","Angiosperms","Rubiaceae","Isertia","spiciformis","DC.","RUBIACEAE Isertia spiciformis DC.","BHCB021770","splink","BHCB","Giorni, V.T.","167","Native","2009","Delprete, P.G.","0-0-0","Ouro","Prata",,"Canaã dos Carajás","Floresta Nacional de Carajás, S11D."
"PARQUE NACIONAL CAMPOS FERRUGINOSOS","Angiosperms","Solanaceae","Hawkesiophyton","ulei","(Dammer) Hunz.","SOLANACEAE Hawkesiophyton ulei (Dammer) Hunz.","BHCB029775","splink","BHCB","Giorni, V.T.","317","Native","2009","Giacomin, L.L.","0-0-0","Ouro","Prata",,"Canaã dos Carajás","Floresta Nacional de Carajás, Serra Sul - Corpo C."
"PARQUE NACIONAL CAMPOS FERRUGINOSOS","Angiosperms","Solanaceae","Solanum","schlechtendalianum","Walp.","SOLANACEAE Solanum schlechtendalianum Walp.","BHCB029787","splink","BHCB","Giorni, V.T.","351","Native","2009","Giacomin, L.L.","0-0-0","Ouro","Prata",,"Canaã dos Carajás","Floresta Nacional de Carajás, Serra Sul - Corpo C."
"PARQUE NACIONAL CAMPOS FERRUGINOSOS","Angiosperms","Solanaceae","Solanum","uncinellum","Lindl.","SOLANACEAE Solanum uncinellum Lindl.","BHCB019102","splink","BHCB","Giorni, V.T.","316","Native","2009","Knapp, S.","0-0-0","Ouro","Prata",,"Canaã dos Carajás","Floresta Nacional de Carajás, Serra Sul - Corpo C."
"PARQUE NACIONAL CAMPOS FERRUGINOSOS","Angiosperms","Piperaceae","Peperomia","pseudoserratirhachis","D. Monteiro","PIPERACEAE Peperomia pseudoserratirhachis D. Monteiro","BHCB048910","splink","BHCB","Viana, P.L.","4104","Native","2009","Monteiro, D.","2017","Ouro","Prata",,"Canaã dos Carajás","Floresta Nacional de Carajás, S11D. Serra Sul - Corpo D."
"PARQUE NACIONAL CAMPOS FERRUGINOSOS","Angiosperms","Poaceae","Eragrostis","rufescens","Schrad. ex Schult.","POACEAE Eragrostis rufescens Schrad. ex Schult.","BHCB021518","splink","BHCB","Viana, P.L.","4375","Native","2009","Viana, P.L.","2017","Ouro","Prata",,"Canaã dos Carajás","Floresta Nacional de Carajás, S11D."
"PARQUE NACIONAL CAMPOS FERRUGINOSOS","Angiosperms","Poaceae","Digitaria","insularis","(L.) Fedde","POACEAE Digitaria insularis (L.) Fedde","BHCB021511","splink","BHCB","Viana, P.L.","4369","Native","2009","Viana, P.L.","2016","Ouro","Prata",,"Canaã dos Carajás","Floresta Nacional de Carajás, S11D."
"PARQUE NACIONAL CAMPOS FERRUGINOSOS","Angiosperms","Clusiaceae","Garcinia","madruno","(Kunth) Hammel","CLUSIACEAE Garcinia madruno (Kunth) Hammel","BHCB020541","splink","BHCB","Giorni, V.T.","324","Native","2009","Marinho, L.","2015","Ouro","Prata",,"Canaã dos Carajás","Floresta Nacional de Carajás, S11B."
"PARQUE NACIONAL CAMPOS FERRUGINOSOS","Angiosperms","Piperaceae","Piper","pellitum","C.DC.","PIPERACEAE Piper pellitum C.DC.","BHCB028643","splink","BHCB","Viana, P.L.","4169","Native","2009","Monteiro, D.","2011","Ouro","Prata",,"Canaã dos Carajás","Floresta Nacional de Carajás, S11B."
"PARQUE NACIONAL CAMPOS FERRUGINOSOS","Angiosperms","Dryopteridaceae","Elaphoglossum","glabellum","J.Sm.","DRYOPTERIDACEAE Elaphoglossum glabellum J.Sm.","BHCB000820","splink","BHCB","Viana, P.L.","4115","Native","2009","Salino, A.","2009","Ouro","Prata",,"Canaã dos Carajás","Floresta Nacional de Carajás, Serra Sul, Corpo D"
"PARQUE NACIONAL CAMPOS FERRUGINOSOS","Angiosperms","Piperaceae","Peperomia","magnoliifolia","(Jacq.) A.Dietr.","PIPERACEAE Peperomia magnoliifolia (Jacq.) A.Dietr.","BHCB028616","splink","BHCB","Giorni, V.T.","174","Native","2009","Monteiro, D.","2009","Ouro","Prata",,"Canaã dos Carajás","Floresta Nacional de Carajás, S11D."
"PARQUE NACIONAL CAMPOS FERRUGINOSOS","Angiosperms","Apocynaceae","Forsteronia","affinis","Müll.Arg.","APOCYNACEAE Forsteronia affinis Müll.Arg.","BHCB020209","splink","BHCB","Costa, L.V.","509","Native","2008","Morales, J.F.","0-0-0","Ouro","Prata",,"Canaã dos Carajás","Floresta Nacional de Carajás, S11D."
"PARQUE NACIONAL CAMPOS FERRUGINOSOS","Angiosperms","Apocynaceae","Tabernaemontana","flavicans","Willd. ex Roem. & Schult.","APOCYNACEAE Tabernaemontana flavicans Willd. ex Roem. & Schult.","BHCB020244","splink","BHCB","Costa, L.V.","512","Native","2008","Simoes, A.O.","0-0-0","Ouro","Prata",,"Canaã dos Carajás","Floresta Nacional de Carajás, S11D."
"PARQUE NACIONAL CAMPOS FERRUGINOSOS","Angiosperms","Connaraceae","Connarus","perrottetii","(DC.) Planch.","CONNARACEAE Connarus perrottetii (DC.) Planch.","BHCB020558","splink","BHCB","Costa, L.V.","608","Native","2008","Forero, E.","0-0-0","Ouro","Prata",,"Canaã dos Carajás","Floresta Nacional de Carajás, S11B."
"PARQUE NACIONAL CAMPOS FERRUGINOSOS","Angiosperms","Fabaceae","Inga","marginata","Willd.","FABACEAE Inga marginata Willd.","BHCB027134","splink","BHCB","Silva, L.V.C.","688","Native","2008","Lima, H.C.","0-0-0","Ouro","Prata",,"Canaã dos Carajás","Floresta Nacional de Carajás, S11D."
"PARQUE NACIONAL CAMPOS FERRUGINOSOS","Angiosperms","Loranthaceae","Passovia","disjectifolia","(Rizzini) Kuijt","LORANTHACEAE Passovia disjectifolia (Rizzini) Kuijt","BHCB029732","splink","BHCB","Costa, L.V.","733","Native","2008","Caires, C.S.","0-0-0","Ouro","Prata",,"Canaã dos Carajás","Floresta Nacional de Carajás, S11A."
"PARQUE NACIONAL CAMPOS FERRUGINOSOS","Angiosperms","Loranthaceae","Peristethium","reticulatum","(Rizzini) Caires","LORANTHACEAE Peristethium reticulatum (Rizzini) Caires","BHCB027796","splink","BHCB","Costa, L.V.","519","Native","2008","Caires, C.S.","0-0-0","Ouro","Prata",,"Canaã dos Carajás","Floresta Nacional de Carajás, S11D."
"PARQUE NACIONAL CAMPOS FERRUGINOSOS","Angiosperms","Moraceae","Ficus","popenoei","Standl.","MORACEAE Ficus popenoei Standl.","BHCB028761","splink","BHCB","Costa, L.V.","566","Native","2008","Romaniuc Neto, S.","0-0-0","Ouro","Prata",,"Canaã dos Carajás","Floresta Nacional de Carajás, Corpo B."
"PARQUE NACIONAL CAMPOS FERRUGINOSOS","Angiosperms","Passifloraceae","Passiflora","capsularis","L.","PASSIFLORACEAE Passiflora capsularis L.","BHCB021265","splink","BHCB","Costa, L.V.","710","Native","2008","Koch, A.K.","0-0-0","Ouro","Prata",,"Canaã dos Carajás","Floresta Nacional de Carajás, S11D."
"PARQUE NACIONAL CAMPOS FERRUGINOSOS","Angiosperms","Polygonaceae","Coccoloba","parimensis","Benth.","POLYGONACEAE Coccoloba parimensis Benth.","BHCB028098","splink","BHCB","Costa, L.V.","591","Native","2008","Melo, E.","0-0-0","Ouro","Prata",,"Canaã dos Carajás","Floresta Nacional de Carajás, S11C."
"PARQUE NACIONAL CAMPOS FERRUGINOSOS","Angiosperms","Loranthaceae","Struthanthus","flexicaulis","(Mart.) Mart.","LORANTHACEAE Struthanthus flexicaulis (Mart.) Mart.","BHCB027790","splink","BHCB","Viana, P.L.","3335","Native","2007","Caires, C.S.","0-0-0","Ouro","Prata",,"Canaã dos Carajás","Floresta Nacional de Carajás, S11D."
"PARQUE NACIONAL CAMPOS FERRUGINOSOS","Angiosperms","Moraceae","Ficus","guianensis","Desv.","MORACEAE Ficus guianensis Desv.","BHCB017762","splink","BHCB","Mota, N.F.O.","1062","Native","2007","Romaniuc Neto, S.","0-0-0","Ouro","Prata",,"Canaã dos Carajás","Floresta Nacional de Carajás, Serra Sul, Corpo D."
"PARQUE NACIONAL CAMPOS FERRUGINOSOS","Angiosperms","Myrtaceae","Eugenia","cupulata","Amshoff","MYRTACEAE Eugenia cupulata Amshoff","BHCB027836","splink","BHCB","Mota, N.F.O.","1129","Native","2007","Sobral, M.","0-0-0","Ouro","Prata",,"Canaã dos Carajás","Floresta Nacional de Carajás, S11A."
"PARQUE NACIONAL CAMPOS FERRUGINOSOS","Angiosperms","Myrtaceae","Eugenia","flavescens","DC.","MYRTACEAE Eugenia flavescens DC.","BHCB027841","splink","BHCB","Mota, N.F.O.","1096","Native","2007","Sobral, M.","0-0-0","Ouro","Prata",,"Canaã dos Carajás","Floresta Nacional de Carajás, S11D."
"PARQUE NACIONAL CAMPOS FERRUGINOSOS","Angiosperms","Myrtaceae","Myrcia","guianensis","(Aubl.) DC.","MYRTACEAE Myrcia guianensis (Aubl.) DC.","BHCB027821","splink","BHCB","Mota, N.F.O.","1149","Native","2007","Sobral, M.","0-0-0","Ouro","Prata",,"Canaã dos Carajás","Floresta Nacional de Carajás, S11A."
"PARQUE NACIONAL CAMPOS FERRUGINOSOS","Angiosperms","Araceae","Anthurium","pedrovianae","Camelo & Nadruz","ARACEAE Anthurium pedrovianae Camelo & Nadruz","BHCB017719","splink","BHCB","Mota, N.F.O.","1080","Native","2007","Nadruz, M.","2024","Ouro","Prata",,"Canaã dos Carajás","Floresta Nacional de Carajás, Serra Sul - Corpo D."
"PARQUE NACIONAL CAMPOS FERRUGINOSOS","Angiosperms","Malpighiaceae","Byrsonima","eugeniifolia","Sandwith","MALPIGHIACEAE Byrsonima eugeniifolia Sandwith","SP016818","splink","SP","Mota, N.F.O.","1075","Native","2007","Mamede, M.C.H.","2022","Ouro","Prata",,"Canaã dos Carajás","Floresta Nacional de Carajás, Serra Sul, Corpo D"
"PARQUE NACIONAL CAMPOS FERRUGINOSOS","Angiosperms","Euphorbiaceae","Sapium","glandulosum","(L.) Morong","EUPHORBIACEAE Sapium glandulosum (L.) Morong","SP0464795","splink","SP","Mota, N.F.O.","1078","Native","2007","Silva, O.L.M.","2021","Ouro","Prata",,"Canaã dos Carajás","Floresta Nacional de Carajás, Serra Sul - Corpo D, Canga arbustiva"
"PARQUE NACIONAL CAMPOS FERRUGINOSOS","Angiosperms","Poaceae","Axonopus","longispicus","(Döll) Kuhlm.","POACEAE Axonopus longispicus (Döll) Kuhlm.","BHCB021507","splink","BHCB","Viana, P.L.","3336","Native","2007","Viana, P.L.","2018","Ouro","Prata",,"Canaã dos Carajás","Floresta Nacional de Carajás, S11D."
"PARQUE NACIONAL CAMPOS FERRUGINOSOS","Angiosperms","Vochysiaceae","Qualea","parviflora","Mart.","VOCHYSIACEAE Qualea parviflora Mart.","BHCB009394","splink","BHCB","Mota, N.F.O.","1135","Native","2007","Shimizu, G.H.","2016","Ouro","Prata",,"Canaã dos Carajás","Floresta Nacional de Carajás, Corpos A, B e C"
"PARQUE NACIONAL CAMPOS FERRUGINOSOS","Ferns and Lycophytes","Solanaceae","Solanum","asperum","Rich.","SOLANACEAE Solanum asperum Rich.","BHCB023593","splink","BHCB","Mota, N.F.O.","1079","Native","2007","Giacomin, L.L.","2009","Ouro","Prata",,"Canaã dos Carajás","Floresta Nacional de Carajás, Serra Sul - Corpo D."
"PARQUE NACIONAL CAMPOS FERRUGINOSOS","Angiosperms","Poaceae","Axonopus","leptostachyus","(Flüggé) Hitchc.","POACEAE Axonopus leptostachyus (Flüggé) Hitchc.","BHCB021508","splink","BHCB","Viana, P.L.","3373","Native","2007","Viana, P.L.","2008","Ouro","Prata",,"Canaã dos Carajás","Floresta Nacional de Carajás, S11D."
"PARQUE NACIONAL CAMPOS FERRUGINOSOS","Angiosperms","Isoetaceae","Isoetes","cangae","J.B.S. Pereira, Salino & Stützel","ISOETACEAE Isoetes cangae J.B.S. Pereira, Salino & Stützel","UPCB00056748",,"UPCB","Falcao, B.F.","319","Native","2016","Pereira, J.B.S.","2017","Bronze","Prata","jbrj-public.s3-sa-east-1.amazonaws.com/fsi/server?type=image&source=DZI/upcb/upcb/0/5/67/48/upcb00056748.dzi","Canaã dos Carajás","Floresta Nacional dos Carajás, Serra Sul, Lagoa do Amendoin."
"PARQUE NACIONAL CAMPOS FERRUGINOSOS","Angiosperms","Cyperaceae","Scleria","stipularis","Nees","CYPERACEAE Scleria stipularis Nees","IAN187262",,"IAN","Costa, L.V.","766","Native","2010","Costa, L.V.","2010","Bronze","Prata","jbrj-public.s3-sa-east-1.amazonaws.com/fsi/server?type=image&source=DZI/ian/ian/0/18/72/62/ian00187262.dzi","Canaã dos Carajás","Corpo A, Floresta Nacional dos Carajás; vegetação rupestre sobre canga;"
"PARQUE NACIONAL CAMPOS FERRUGINOSOS","Angiosperms","Velloziaceae","Vellozia","glochidea","Pohl","VELLOZIACEAE Vellozia glochidea Pohl","IAN187265",,"IAN","Costa, L.V.","802","Native","2010","Costa, L.V.","2010","Bronze","Prata","jbrj-public.s3-sa-east-1.amazonaws.com/fsi/server?type=image&source=DZI/ian/ian/0/18/72/65/ian00187265.dzi","Canaã dos Carajás","Corpo D, Floresta Nacional dos Carajás. Vegetação rupestre sobre canga."
"PARQUE NACIONAL CAMPOS FERRUGINOSOS","Angiosperms","Fabaceae","Galactia",,"P.Browne","FABACEAE Galactia P.Browne","BHCB199703","splink","BHCB","Vasconcelos, L.V.","1081","Native","2017","Zeferino, L.C.","2024","Bronze","Prata",,"Canaã dos Carajás","Floresta Nacional de Carajás, Serra dos Carajás, S11C. Após a placa do Mirante da S11C."
"PARQUE NACIONAL CAMPOS FERRUGINOSOS","Angiosperms","Convolvulaceae","Ipomoea","maurandioides","Meisn.","CONVOLVULACEAE Ipomoea maurandioides Meisn.","BHCB199722","splink","BHCB","Vasconcelos, L.V.","777","Native","2016","Vasconcelos, L.V.","2018","Bronze","Prata",,"Canaã dos Carajás","Floresta Nacional de Carajás, Serra dos Carajás, Lagoa do Jacaré."
"PARQUE NACIONAL CAMPOS FERRUGINOSOS","Angiosperms","Apocynaceae","Secondatia","densiflora","A.DC.","APOCYNACEAE Secondatia densiflora A.DC.","BHCB199726","splink","BHCB","Vasconcelos, L.V.","1029","Native","2016","Fernandes, G.E.A.","2017","Bronze","Prata",,"Canaã dos Carajás","Floresta Nacional de Carajás, Serra dos Carajás, S11C. Canga depois da Lagoa do Amendoim."
"PARQUE NACIONAL CAMPOS FERRUGINOSOS","Ferns and Lycophytes","Apocynaceae","Vailia","picta","(Vahl) Morillo","APOCYNACEAE Vailia picta (Vahl) Morillo","BHCB199725","splink","BHCB","Vasconcelos, L.V.","1024","Native","2016","Fernandes, G.E.A.","2017","Bronze","Prata",,"Canaã dos Carajás","Floresta Nacional de Carajás, Serra dos Carajás, S11C. Canga depois da Lagoa do Amendoim."
"PARQUE NACIONAL CAMPOS FERRUGINOSOS","Angiosperms","Myrtaceae","Eugenia","altoalegre","Sobral & M.A.D.Souza","MYRTACEAE Eugenia altoalegre Sobral & M.A.D.Souza","BHCB222368","splink","BHCB","Trindade, J.R.","379","Native","2015","Amorim, G.S.","2025","Bronze","Prata",,"Canaã dos Carajás","Floresta Nacional de Carajás, Serra Sul - S11D"
"PARQUE NACIONAL CAMPOS FERRUGINOSOS","Angiosperms","Euphorbiaceae","Croton","gossypiifolius","Vahl","EUPHORBIACEAE Croton gossypiifolius Vahl","BHCB199745","splink","BHCB","Viana, P.L.","5636","Native","2015","Pereira, A.P.N.","2023","Bronze","Prata",,"Canaã dos Carajás","Floresta Nacional de Carajás, Serra dos Carajás, Serra do Tarzan. Mata de acesso para platô do Tarzan."
"PARQUE NACIONAL CAMPOS FERRUGINOSOS","Ferns and Lycophytes","Cyperaceae","Bulbostylis","paraensis","(Schrad. ex Nees) C.B.Clarke","CYPERACEAE Bulbostylis paraensis (Schrad. ex Nees) C.B.Clarke","BHCB199735","splink","BHCB","Praia, T.S.","29","Native","2015","Alves, K.N.L.","2022","Bronze","Prata",,"Canaã dos Carajás","Floresta Nacional de Carajás, Serra Sul, S11D. Trilha para a Lagoa do Amendoim."
"PARQUE NACIONAL CAMPOS FERRUGINOSOS","Angiosperms","Dryopteridaceae","Ctenitis","refulgens","(Mett.) Vareschi","DRYOPTERIDACEAE Ctenitis refulgens (Mett.) Vareschi","BHCB01126250",,"BHCB","Salino, A.","16113","Native","2015","Viveros, R.S.","2018","Bronze","Prata",,"Canaã dos Carajás","Floresta Nacional de Carajás. Serra Sul."
"PARQUE NACIONAL CAMPOS FERRUGINOSOS","Angiosperms","Lomariopsidaceae","Lomariopsis","japurensis","(Mart.) J.Sm.","LOMARIOPSIDACEAE Lomariopsis japurensis (Mart.) J.Sm.","BHCB01126468",,"BHCB","Salino, A.","16109","Native","2015","Viveros, R.S.","2018","Bronze","Prata",,"Canaã dos Carajás","Floresta Nacional de Carajás. Serra Sul."
"PARQUE NACIONAL CAMPOS FERRUGINOSOS","Ferns and Lycophytes","Malpighiaceae","Banisteriopsis","appressa","(B.Gates) R.F.Almeida & M.Pell.","MALPIGHIACEAE Banisteriopsis appressa (B.Gates) R.F.Almeida & M.Pell.","BHCB199811","splink","BHCB","Viana, P.L.","5674","Native","2015","Vasconcelos, L.V.","2018","Bronze","Prata",,"Canaã dos Carajás","Floresta Nacional de Carajás, Serra dos Carajás, Serra do Tarzan."
"PARQUE NACIONAL CAMPOS FERRUGINOSOS","Angiosperms","Thelypteridaceae","Meniscium","serratum","Cav.","THELYPTERIDACEAE Meniscium serratum Cav.","BHCB01127040",,"BHCB","Salino, A.","16114","Native","2015","Viveros, R.S.","2018","Bronze","Prata",,"Canaã dos Carajás","Floresta Nacional de Carajás. Serra Sul."
"PARQUE NACIONAL CAMPOS FERRUGINOSOS","Angiosperms","Turneraceae","Turnera","melochioides","Cambess.","TURNERACEAE Turnera melochioides Cambess.","BHCB201075","splink","BHCB","Praia, T.S.","4","Native","2015","Watanabe, M.T.C.","2018","Bronze","Prata",,"Canaã dos Carajás","Floresta Nacional de Carajás, Serra Sul - S11D, Trilha para a lagoa do amendoim Mata baixa de canga."
"PARQUE NACIONAL CAMPOS FERRUGINOSOS","Angiosperms","Achariaceae","Lindackeria","paludosa","(Benth.) Gilg","ACHARIACEAE Lindackeria paludosa (Benth.) Gilg","BHCB199751","splink","BHCB","Rocha, K.C.J.","61","Native","2015","Teixeira, L.A.","2017","Bronze","Prata",,"Canaã dos Carajás","Floresta Nacional de Carajás, Serra dos Carajás."
"PARQUE NACIONAL CAMPOS FERRUGINOSOS","Angiosperms","Alismataceae",,,"Vent.","ALISMATACEAE Alismataceae Vent.","HSTM005583",,"HSTM","Maielo, L.","s.n.","Native","2015","Giacomin, L.L.","2017","Bronze","Prata",,"Canaã dos Carajás","Margem da lagoa do Amendoim. Herbácea terrestre. Floresta Nacional de Carajás"
"PARQUE NACIONAL CAMPOS FERRUGINOSOS","Angiosperms","Fabaceae","Mimosa","pudica","L.","FABACEAE Mimosa pudica L.","BHCB192462","splink","BHCB","Mattos, C.M.J.","95","Native","2015","Mattos, C.M.J.","2017","Bronze","Prata",,"Canaã dos Carajás","Floresta Nacional de Carajás, Serra Norte. Pilha de estéril 1. Próximo à canga N5"
"PARQUE NACIONAL CAMPOS FERRUGINOSOS","Angiosperms","Lentibulariaceae","Utricularia","calycifida","Benj.","LENTIBULARIACEAE Utricularia calycifida Benj.","BHCB199813","splink","BHCB","Mota, N.F.O.","3000","Native","2015","Mota, N.F.O.","2017","Bronze","Prata",,"Canaã dos Carajás","Floresta Nacional de Carajás, Serra dos Carajás, trilha da Lagoa da Mata, entrada da mina do N5"
"PARQUE NACIONAL CAMPOS FERRUGINOSOS","Angiosperms","Tectariaceae","Tectaria","heracleifolia","(Willd.) Underw.","TECTARIACEAE Tectaria heracleifolia (Willd.) Underw.","179818","splink","BHCB","Salino, A.","16104","Native","2015","Viveros, R.S.","2017","Bronze","Prata",,"Canaã dos Carajás","Floresta Nacional de Carajás, Serra Sul, Corpo B."
"PARQUE NACIONAL CAMPOS FERRUGINOSOS","Ferns and Lycophytes","Bignoniaceae","Pleonotoma","orientalis","Sandwith","BIGNONIACEAE Pleonotoma orientalis Sandwith","BHCB199730","splink","BHCB","Cardoso, A.","2031","Native","2015","Gomes, B.M.","2016","Bronze","Prata",,"Canaã dos Carajás","Floresta Nacional de Carajás, Serra dos Carajás, S11D."
"PARQUE NACIONAL CAMPOS FERRUGINOSOS","Angiosperms","Aspleniaceae","Asplenium","stuebelianum","Hieron.","ASPLENIACEAE Asplenium stuebelianum Hieron.","179822","splink","BHCB","Salino, A.","16108","Native","2015","Salino, A.","2015","Bronze","Prata",,"Canaã dos Carajás","Floresta Nacional de Carajás, Serra Sul"
"PARQUE NACIONAL CAMPOS FERRUGINOSOS","Angiosperms","Cyperaceae","Bulbostylis",,"Kunth","CYPERACEAE Bulbostylis Kunth","UEC193023","splink","UEC","Praia, T.S.","29","Native","2015","Nunes, C.S.","2015","Bronze","Prata",,"Canaã dos Carajás","Floresta Nacional de Carajás. Serra Sul - S11D, Trilha para a lagoa do amendoim."
"PARQUE NACIONAL CAMPOS FERRUGINOSOS","Angiosperms","Fabaceae","Aeschynomene","americana","(Poir.) Rudd","FABACEAE Aeschynomene americana var. glandulosa (Poir.) Rudd","BHCB217852","splink","BHCB","Mattos, C.M.J.","65","Native","2015","Mattos, C.M.J.","2015","Bronze","Prata",,"Canaã dos Carajás","Floresta Nacional de Carajás"
"PARQUE NACIONAL CAMPOS FERRUGINOSOS","Angiosperms","Fabaceae","Aeschynomene","sensitiva","(Kunth) Rudd","FABACEAE Aeschynomene sensitiva var. hispidula (Kunth) Rudd","BHCB217885","splink","BHCB","Mattos, C.M.J.","81","Native","2015","Mattos, C.M.J.","2015","Bronze","Prata",,"Canaã dos Carajás","Floresta Nacional de Carajás, Serra Sul. S11-A. Lagoa Três Irmãs."
"PARQUE NACIONAL CAMPOS FERRUGINOSOS","Angiosperms","Fabaceae","Centrosema","grazielae","V.P.Barbosa","FABACEAE Centrosema grazielae V.P.Barbosa","BHCB192063","splink","BHCB","Mattos, C.M.J.","70","Native","2015","Mattos, C.M.J.","2015","Bronze","Prata",,"Canaã dos Carajás","Floresta Nacional de Carajás"
"PARQUE NACIONAL CAMPOS FERRUGINOSOS","Ferns and Lycophytes","Fabaceae","Chamaecrista","flexuosa","(L.) Greene","FABACEAE Chamaecrista flexuosa (L.) Greene","IAN197817","splink","IAN","Mattos, C.M.J.","60","Native","2015","Mattos, C.","2015","Bronze","Prata",,"Canaã dos Carajás","Floresta Nacional de Carajás. Serra Sul. S11-D. Cerca de 1km do alojamento Top Geo. Estradinha de terra sem saída."
"PARQUE NACIONAL CAMPOS FERRUGINOSOS","Angiosperms","Fabaceae","Clitoria","falcata","Lam.","FABACEAE Clitoria falcata Lam.","BHCB192043","splink","BHCB","Mattos, C.M.J.","80","Native","2015","Mattos, C.M.J.","2015","Bronze","Prata",,"Canaã dos Carajás","Floresta Nacional de Carajás"
"PARQUE NACIONAL CAMPOS FERRUGINOSOS","Angiosperms","Fabaceae","Clitoria","falcata","Lam.","FABACEAE Clitoria falcata var. falcata Lam.","BHCB217887","splink","BHCB","Mattos, C.M.J.","56","Native","2015","Mattos, C.M.J.","2015","Bronze","Prata",,"Canaã dos Carajás","Floresta Nacional de Carajás, Serra Sul. S11-D. Lagoa do Violão."
"PARQUE NACIONAL CAMPOS FERRUGINOSOS","Angiosperms","Fabaceae","Galactia","jussiaeana","Kunth","FABACEAE Galactia jussiaeana Kunth","IAN197816","splink","IAN","Mattos, C.M.J.","54","Native","2015","Mattos, C.M.J.","2015","Bronze","Prata",,"Canaã dos Carajás","Floresta Nacional de Carajás. Serra Sul. S11-D. Lagoa do Violão."
"PARQUE NACIONAL CAMPOS FERRUGINOSOS","Angiosperms","Fabaceae","Stylosanthes","humilis","Kunth","FABACEAE Stylosanthes humilis Kunth","BHCB192064","splink","BHCB","Mattos, C.M.J.","64","Native","2015","Mattos, C.M.J.","2015","Bronze","Prata",,"Canaã dos Carajás","Floresta Nacional de Carajás"
"PARQUE NACIONAL CAMPOS FERRUGINOSOS","Angiosperms","Hymenophyllaceae","Trichomanes","hostmannianum","(Klotzsch) Kunze","HYMENOPHYLLACEAE Trichomanes hostmannianum (Klotzsch) Kunze","179820","splink","BHCB","Salino, A.","16106","Native","2015","Salino, A.","2015","Bronze","Prata",,"Canaã dos Carajás","Floresta Nacional de Carajás, Serra Sul, Corpo B"
"PARQUE NACIONAL CAMPOS FERRUGINOSOS","Ferns and Lycophytes","Lentibulariaceae","Utricularia","neottioides","A.St.-Hil. & Girard","LENTIBULARIACEAE Utricularia neottioides A.St.-Hil. & Girard","BHCB199814","splink","BHCB","Mota, N.F.O.","2976","Native","2015","Mota, N.F.O.","2015","Bronze","Prata",,"Canaã dos Carajás","Floresta Nacional de Carajás, Serra dos Carajas, serra Sul - S11C"
"PARQUE NACIONAL CAMPOS FERRUGINOSOS","Ferns and Lycophytes","Polypodiaceae","Campyloneurum","abruptum","(Lindm.) B.León","POLYPODIACEAE Campyloneurum abruptum (Lindm.) B.León","BHCB01126539",,"BHCB","Salino, A.","16115","Native","2015","Salino, A.","2015","Bronze","Prata",,"Canaã dos Carajás","Floresta Nacional de Carajás. Serra Sul."
"PARQUE NACIONAL CAMPOS FERRUGINOSOS","Ferns and Lycophytes","Polypodiaceae","Campyloneurum","phyllitidis","(L.) C.Presl","POLYPODIACEAE Campyloneurum phyllitidis (L.) C.Presl","179821","splink","BHCB","Salino, A.","16107","Native","2015","Viveros, R.S.","2015","Bronze","Prata",,"Canaã dos Carajás","Floresta Nacional de Carajás, Serra Sul, Corpo B"
"PARQUE NACIONAL CAMPOS FERRUGINOSOS","Ferns and Lycophytes","Polypodiaceae","Campyloneurum","repens","(Aubl.) C.Presl","POLYPODIACEAE Campyloneurum repens (Aubl.) C.Presl","179830","splink","BHCB","Salino, A.","16116","Native","2015","Salino, A.","2015","Bronze","Prata",,"Canaã dos Carajás","Floresta Nacional de Carajás, Serra Sul"
"PARQUE NACIONAL CAMPOS FERRUGINOSOS","Angiosperms","Polypodiaceae","Pleopeltis","polypodioides","(L.) Andrews & Windham","POLYPODIACEAE Pleopeltis polypodioides (L.) Andrews & Windham","179817","splink","BHCB","Salino, A.","16103","Native","2015","Salino, A.","2015","Bronze","Prata",,"Canaã dos Carajás","Floresta Nacional de Carajás, Serra Sul. Lagoa do Amendoim"
"PARQUE NACIONAL CAMPOS FERRUGINOSOS","Ferns and Lycophytes","Piperaceae","Piper","reticulatum","L.","PIPERACEAE Piper reticulatum L.","BHCB188198","splink","BHCB","Giorni, V.T.","s.n.","Native","2014","Melo, A.","2020","Bronze","Prata",,"Canaã dos Carajás","Floresta Nacional de Carajás"
"PARQUE NACIONAL CAMPOS FERRUGINOSOS","Ferns and Lycophytes","Lomariopsidaceae","Cyclopeltis","semicordata","(Sw.) J.Sm.","LOMARIOPSIDACEAE Cyclopeltis semicordata (Sw.) J.Sm.","BHCB188209","splink","BHCB","Giorni, V.T.","s.n.","Native","2014","Viveros, R.S.","2018","Bronze","Prata",,"Canaã dos Carajás","Floresta Nacional de Carajás"
"PARQUE NACIONAL CAMPOS FERRUGINOSOS","Ferns and Lycophytes","Fabaceae","Jupunba","cochleata","(Willd.) M.V.B.Soares et al.","FABACEAE Jupunba cochleata (Willd.) M.V.B.Soares et al.","BHCB188206","splink","BHCB","Giorni, V.T.","s.n.","Native","2014","Giorni, V.T.","2017","Bronze","Prata",,"Canaã dos Carajás","Floresta Nacional de Carajás"
"PARQUE NACIONAL CAMPOS FERRUGINOSOS","Ferns and Lycophytes","Lauraceae","Aniba","burchellii","Kosterm.","LAURACEAE Aniba burchellii Kosterm.","BHCB188201","splink","BHCB","Giorni, V.T.","s.n.","Native","2014","Giorni, V.T.","2017","Bronze","Prata",,"Canaã dos Carajás","Floresta Nacional de Carajás"
"PARQUE NACIONAL CAMPOS FERRUGINOSOS","Ferns and Lycophytes","Moraceae","Sorocea","guilleminiana","Gaudich.","MORACEAE Sorocea guilleminiana Gaudich.","BHCB188202","splink","BHCB","Giorni, V.T.","s.n.","Native","2014","Giorni, V.T.","2017","Bronze","Prata",,"Canaã dos Carajás","Floresta Nacional de Carajás"
"PARQUE NACIONAL CAMPOS FERRUGINOSOS","Ferns and Lycophytes","Rubiaceae","Cordiera","sessilis","(Vell.) Kuntze","RUBIACEAE Cordiera sessilis (Vell.) Kuntze","BHCB188204","splink","BHCB","Giorni, V.T.","s.n.","Native","2014","Giorni, V.T.","2017","Bronze","Prata",,"Canaã dos Carajás","Floresta Nacional de Carajás"
"PARQUE NACIONAL CAMPOS FERRUGINOSOS","Angiosperms","Euphorbiaceae","Croton","subferrugineus","Müll.Arg.","EUPHORBIACEAE Croton subferrugineus Müll.Arg.","BHCB026938","splink","BHCB","Arruda, A.J.","1336","Native","2013","Costa, J.","0-0-0","Bronze","Prata",,"Canaã dos Carajás","Floresta Nacional de Carajás, S11B."
"PARQUE NACIONAL CAMPOS FERRUGINOSOS","Angiosperms","Poaceae","Mesosetum","annuum","Swallen","POACEAE Mesosetum annuum Swallen","BHCB021825","splink","BHCB","Arruda, A.J.","1345","Native","2013","Arruda, A.J.","0-0-0","Bronze","Prata",,"Canaã dos Carajás","Floresta Nacional de Carajás, S11B."
"PARQUE NACIONAL CAMPOS FERRUGINOSOS","Angiosperms","Oleandraceae","Oleandra","pilosa","Hook.","OLEANDRACEAE Oleandra pilosa Hook.","162024","splink","BHCB","Arruda, A.J.","1344","Native","2013","Salino, A.","2016","Bronze","Prata",,"Canaã dos Carajás","Floresta Nacional de Carajás, S11D"
"PARQUE NACIONAL CAMPOS FERRUGINOSOS","Angiosperms","Selaginellaceae","Selaginella","sulcata","(Desv. ex Poir.) Spring","SELAGINELLACEAE Selaginella sulcata (Desv. ex Poir.) Spring","BHCB01125527",,"BHCB","Arruda, A.J.","1406","Native","2013","Goes-Neto, L.A.A.","2014","Bronze","Prata",,"Canaã dos Carajás","Floresta Nacional dos Carajás. Serra da Bocaina. Floresta ombrófila densa."
"PARQUE NACIONAL CAMPOS FERRUGINOSOS","Angiosperms","Pteridaceae","Doryopteris","collina","(Raddi) J.Sm.","PTERIDACEAE Doryopteris collina (Raddi) J.Sm.","162010","splink","BHCB","Arruda, A.J.","1330","Native","2013","Arruda, A.J.","2013","Bronze","Prata",,"Canaã dos Carajás","Floresta Nacional de Carajás, S11D"
"PARQUE NACIONAL CAMPOS FERRUGINOSOS",,"Pteridaceae","Lytoneuron","ornithopus","(Mett. ex Hook. & Baker) Yesilyurt","PTERIDACEAE Lytoneuron ornithopus (Mett. ex Hook. & Baker) Yesilyurt","162011","splink","BHCB","Arruda, A.J.","1331",,"2013","Salino, A.","2013","Bronze","Prata",,"Canaã dos Carajás","Floresta Nacional de Carajás, S11D"
"PARQUE NACIONAL CAMPOS FERRUGINOSOS","Angiosperms","Apocynaceae","Prestonia","ornata","(Hoehne) J.F.Morales, M.E.Endress & Liede","APOCYNACEAE Prestonia ornata (Hoehne) J.F.Morales, M.E.Endress & Liede","BHCB020202","splink","BHCB","Silva, L.V.C.","1231","Native","2012","Fernandes, G.E.A.","0-0-0","Bronze","Prata",,"Canaã dos Carajás","Floresta Nacional de Carajás, Serra do Tarzan."
"PARQUE NACIONAL CAMPOS FERRUGINOSOS","Angiosperms","Arecaceae","Desmoncus","polyacanthos","Mart.","ARECACEAE Desmoncus polyacanthos Mart.","BHCB020257","splink","BHCB","Pivari, M.O.D.","1690","Native","2012","Pivari, M.O.D.","0-0-0","Bronze","Prata",,"Canaã dos Carajás","Floresta Nacional de Carajás, Segundo aceiro à direita da área da Pilha de Estéril S11D."
"PARQUE NACIONAL CAMPOS FERRUGINOSOS","Angiosperms","Begoniaceae","Begonia","saxicola","A.DC.","BEGONIACEAE Begonia saxicola A.DC.","BHCB020279","splink","BHCB","Meyer, P.B.","1138","Native","2012","Silva, L.V.C.","0-0-0","Bronze","Prata",,"Canaã dos Carajás","Floresta Nacional de Carajás, S11A."
"PARQUE NACIONAL CAMPOS FERRUGINOSOS","Angiosperms","Begoniaceae","Begonia","wollnyi","Herzog","BEGONIACEAE Begonia wollnyi Herzog","BHCB020288","splink","BHCB","Arruda, A.J.","1176","Native","2012","Silva, L.V.C.","0-0-0","Bronze","Prata",,"Canaã dos Carajás","Floresta Nacional de Carajás, S11D."
"PARQUE NACIONAL CAMPOS FERRUGINOSOS","Angiosperms","Burseraceae","Protium","subserratum","(Engl.) Engl.","BURSERACEAE Protium subserratum (Engl.) Engl.","BHCB020486","splink","BHCB","Pivari, M.O.D.","1661","Native","2012","Pivari, M.O.D.","0-0-0","Bronze","Prata",,"Canaã dos Carajás","Floresta Nacional de Carajás, Area da Pilha de Estéril. S11D."
"PARQUE NACIONAL CAMPOS FERRUGINOSOS","Angiosperms","Combretaceae","Combretum",,"Loefl.","COMBRETACEAE Combretum Loefl.","BHCB020529","splink","BHCB","Pivari, M.O.D.","1731","Native","2012","Silva, L.V.C.","0-0-0","Bronze","Prata",,"Canaã dos Carajás","Floresta Nacional de Carajás, Borda de baixo da Pilha de Estéril. S11D."
"PARQUE NACIONAL CAMPOS FERRUGINOSOS","Ferns and Lycophytes","Costaceae","Chamaecostus","acaulis","(S.Moore) T.André & C.D.Specht","COSTACEAE Chamaecostus acaulis (S.Moore) T.André & C.D.Specht","BHCB020685","splink","BHCB","Arruda, A.J.","1308","Native","2012","Andre, T.","0-0-0","Bronze","Prata",,"Canaã dos Carajás","Floresta Nacional de Carajás, Serra do Tarzan."
"PARQUE NACIONAL CAMPOS FERRUGINOSOS","Angiosperms","Costaceae","Chamaecostus","lanceolatus","(Ducke) C.D.Specht & D.W.Stev.","COSTACEAE Chamaecostus lanceolatus subsp. pulchriflorus (Ducke) C.D.Specht & D.W.Stev.","BHCB020690","splink","BHCB","Paula, L.F.A.","474","Native","2012","Andre, T.","0-0-0","Bronze","Prata",,"Canaã dos Carajás","Floresta Nacional de Carajás, Racha Placa. ADA Usina S11. Próximo à drenagem."
"PARQUE NACIONAL CAMPOS FERRUGINOSOS","Ferns and Lycophytes","Costaceae","Costus","spiralis","(Jacq.) Roscoe","COSTACEAE Costus spiralis (Jacq.) Roscoe","BHCB020683","splink","BHCB","Pivari, M.O.D.","1726","Native","2012","Andre, T.","0-0-0","Bronze","Prata",,"Canaã dos Carajás","Floresta Nacional de Carajás, Borda de baixo da Pilha de Estéril. S11D."
"PARQUE NACIONAL CAMPOS FERRUGINOSOS","Ferns and Lycophytes","Cyclanthaceae","Asplundia","xiphophylla","Harling","CYCLANTHACEAE Asplundia xiphophylla Harling","BHCB020700","splink","BHCB","Rodrigues, I.M.C.","599","Native","2012","Pivari, M.O.D.","0-0-0","Bronze","Prata",,"Canaã dos Carajás","Floresta Nacional de Carajás, Pilha de Estéril. S11D."
"PARQUE NACIONAL CAMPOS FERRUGINOSOS","Angiosperms","Elaeocarpaceae","Sloanea","sinemariensis","Aubl.","ELAEOCARPACEAE Sloanea sinemariensis Aubl.","BHCB017497","splink","BHCB","Pivari, M.O.D.","1710","Native","2012","Silva, L.V.C.","0-0-0","Bronze","Prata",,"Canaã dos Carajás","Floresta Nacional de Carajás, Segundo aceiro à direita da área da Pilha de Estéril S11D."
"PARQUE NACIONAL CAMPOS FERRUGINOSOS","Angiosperms","Erythroxylaceae","Erythroxylum","leptoneurum","O.E.Schulz","ERYTHROXYLACEAE Erythroxylum leptoneurum O.E.Schulz","BHCB026165","splink","BHCB","Rodrigues, I.M.C.","604","Native","2012","Silva, L.V.C.","0-0-0","Bronze","Prata",,"Canaã dos Carajás","Floresta Nacional de Carajás, Pilha de Estéril. S11D."
"PARQUE NACIONAL CAMPOS FERRUGINOSOS","Angiosperms","Euphorbiaceae","Croton","urucurana","Baill.","EUPHORBIACEAE Croton urucurana Baill.","BHCB026945","splink","BHCB","Paula, L.F.A.","496","Native","2012","Pivari, M.O.D.","0-0-0","Bronze","Prata",,"Canaã dos Carajás","Floresta Nacional de Carajás, Racha Placa."
"PARQUE NACIONAL CAMPOS FERRUGINOSOS","Angiosperms","Euphorbiaceae","Manihot","tristis","(Ule) D.J.Rogers & Appan","EUPHORBIACEAE Manihot tristis subsp. surumuensis (Ule) D.J.Rogers & Appan","BHCB026978","splink","BHCB","Silva, L.V.C.","1113","Native","2012","Costa, J.","0-0-0","Bronze","Prata",,"Canaã dos Carajás","Floresta Nacional de Carajás, S11D."
"PARQUE NACIONAL CAMPOS FERRUGINOSOS","Angiosperms","Fabaceae","Aeschynomene","sensitiva","Sw.","FABACEAE Aeschynomene sensitiva Sw.","BHCB026992","splink","BHCB","Arruda, A.J.","733","Native","2012","Silva, L.V.C.","0-0-0","Bronze","Prata",,"Canaã dos Carajás","Floresta Nacional de Carajás, S11B."
"PARQUE NACIONAL CAMPOS FERRUGINOSOS","Angiosperms","Fabaceae","Mimosa","somnians","Humb. & Bonpl. ex Willd.","FABACEAE Mimosa somnians Humb. & Bonpl. ex Willd.","BHCB027880","splink","BHCB","Meyer, P.B.","1135","Native","2012","Silva, L.V.C.","0-0-0","Bronze","Prata",,"Canaã dos Carajás","Floresta Nacional de Carajás, S11A."
"PARQUE NACIONAL CAMPOS FERRUGINOSOS","Angiosperms","Heliconiaceae","Heliconia","hirsuta","L.f.","HELICONIACEAE Heliconia hirsuta L.f.","BHCB027739","splink","BHCB","Silva, L.V.C.","1237","Native","2012","Cardoso, A.","0-0-0","Bronze","Prata",,"Canaã dos Carajás","Floresta Nacional de Carajás, Serra do Tarzan."
"PARQUE NACIONAL CAMPOS FERRUGINOSOS","Angiosperms","Heliconiaceae","Heliconia","subulata","Ruiz & Pav.","HELICONIACEAE Heliconia subulata Ruiz & Pav.","BHCB027754","splink","BHCB","Arruda, A.J.","475","Native","2012","Silva, L.V.C.","0-0-0","Bronze","Prata",,"Canaã dos Carajás","Floresta Nacional de Carajás, S11D."
"PARQUE NACIONAL CAMPOS FERRUGINOSOS","Ferns and Lycophytes","Hydrocharitaceae","Apalanthe","granatensis","(Humb. & Bonpl.) Planch.","HYDROCHARITACEAE Apalanthe granatensis (Humb. & Bonpl.) Planch.","BHCB017757","splink","BHCB","Arruda, A.J.","761","Native","2012","Gil, A.S.B.","0-0-0","Bronze","Prata",,"Canaã dos Carajás","Floresta Nacional de Carajás, S11A."
"PARQUE NACIONAL CAMPOS FERRUGINOSOS","Angiosperms","Lentibulariaceae","Utricularia","costata","P.Taylor","LENTIBULARIACEAE Utricularia costata P.Taylor","BHCB028051","splink","BHCB","Arruda, A.J.","447","Native","2012","Mota, N.F.O.","0-0-0","Bronze","Prata",,"Canaã dos Carajás","Floresta Nacional de Carajás, S11B."
"PARQUE NACIONAL CAMPOS FERRUGINOSOS","Ferns and Lycophytes","Lentibulariaceae","Utricularia","physoceras","P.Taylor","LENTIBULARIACEAE Utricularia physoceras P.Taylor","BHCB028026","splink","BHCB","Meyer, P.B.","1161","Native","2012","Silva, L.V.C.","0-0-0","Bronze","Prata",,"Canaã dos Carajás","Floresta Nacional de Carajás, S11C."
"PARQUE NACIONAL CAMPOS FERRUGINOSOS","Angiosperms","Linderniaceae","Lindernia","crustacea","(L.) F.Muell.","LINDERNIACEAE Lindernia crustacea (L.) F.Muell.","BHCB026143","splink","BHCB","Silva, L.V.C.","1196","Native","2012","Scatigna, A.V.","0-0-0","Bronze","Prata",,"Canaã dos Carajás","Floresta Nacional de Carajás, S11D."
"PARQUE NACIONAL CAMPOS FERRUGINOSOS","Ferns and Lycophytes","Mayacaceae","Mayaca","fluviatilis","Aubl.","MAYACACEAE Mayaca fluviatilis Aubl.","BHCB027170","splink","BHCB","Arruda, A.J.","1206","Native","2012","Silva, L.V.C.","0-0-0","Bronze","Prata",,"Canaã dos Carajás","Floresta Nacional de Carajás, S11A."
"PARQUE NACIONAL CAMPOS FERRUGINOSOS","Angiosperms","Menispermaceae","Cissampelos","andromorpha","DC.","MENISPERMACEAE Cissampelos andromorpha DC.","BHCB029629","splink","BHCB","Pivari, M.O.D.","1643","Native","2012","Pivari, M.O.D.","0-0-0","Bronze","Prata",,"Canaã dos Carajás","Floresta Nacional de Carajás, Racha Placa. Pilha de Estéril - S11D."
"PARQUE NACIONAL CAMPOS FERRUGINOSOS","Angiosperms","Nyctaginaceae","Guapira","opposita","(Vell.) Reitz","NYCTAGINACEAE Guapira opposita (Vell.) Reitz","BHCB027180","splink","BHCB","Silva, L.V.C.","1130","Native","2012","Silva, L.V.C.","0-0-0","Bronze","Prata",,"Canaã dos Carajás","Floresta Nacional de Carajás, S11B."
"PARQUE NACIONAL CAMPOS FERRUGINOSOS","Ferns and Lycophytes","Onagraceae","Ludwigia","elegans","(Cambess.) H.Hara","ONAGRACEAE Ludwigia elegans (Cambess.) H.Hara","BHCB029645","splink","BHCB","Arruda, A.J.","506","Native","2012","Silva, L.V.C.","0-0-0","Bronze","Prata",,"Canaã dos Carajás","Floresta Nacional de Carajás, ADA Usina S11. Cachoeira do André."
"PARQUE NACIONAL CAMPOS FERRUGINOSOS","Angiosperms","Onagraceae","Ludwigia","hyssopifolia","(G.Don) Exell","ONAGRACEAE Ludwigia hyssopifolia (G.Don) Exell","BHCB029653","splink","BHCB","Pivari, M.O.D.","1700","Native","2012","Pivari, M.O.D.","0-0-0","Bronze","Prata",,"Canaã dos Carajás","Floresta Nacional de Carajás, Segundo aceiro à direita da área da Pilha de Estéril S11D."
"PARQUE NACIONAL CAMPOS FERRUGINOSOS",,"Onagraceae","Ludwigia","octovalvis","(Jacq.) P.H.Raven","ONAGRACEAE Ludwigia octovalvis (Jacq.) P.H.Raven","159236","splink","BHCB","Arruda, A.J.","1221",,"2012","Pivari, M.O.D.","0-0-0","Bronze","Prata",,"Canaã dos Carajás","Floresta Nacional de Carajás, Serra do Tarzan."
"PARQUE NACIONAL CAMPOS FERRUGINOSOS","Angiosperms","Orchidaceae","Dichaea","panamensis","Lindl.","ORCHIDACEAE Dichaea panamensis Lindl.","BHCB027026","splink","BHCB","Arruda, A.J.","1173","Native","2012","Silva, L.V.C.","0-0-0","Bronze","Prata",,"Canaã dos Carajás","Floresta Nacional de Carajás, S11D."
"PARQUE NACIONAL CAMPOS FERRUGINOSOS","Ferns and Lycophytes","Plantaginaceae","Bacopa","reflexa","(Benth.) Edwall","PLANTAGINACEAE Bacopa reflexa (Benth.) Edwall","BHCB021273","splink","BHCB","Arruda, A.J.","1196","Native","2012","Scatigna, A.V.","0-0-0","Bronze","Prata",,"Canaã dos Carajás","Floresta Nacional de Carajás, S11D."
"PARQUE NACIONAL CAMPOS FERRUGINOSOS","Ferns and Lycophytes","Rubiaceae","Borreria","semiamplexicaule","E.L.Cabral","RUBIACEAE Borreria semiamplexicaule E.L.Cabral","BHCB019016","splink","BHCB","Arruda, A.J.","759","Native","2012","Sobrado, S.","0-0-0","Bronze","Prata",,"Canaã dos Carajás","Floresta Nacional de Carajás, S11A."
"PARQUE NACIONAL CAMPOS FERRUGINOSOS","Angiosperms","Rubiaceae","Randia","armata","(Sw.) DC.","RUBIACEAE Randia armata (Sw.) DC.","BHCB021798","splink","BHCB","Rodrigues, I.M.C.","585","Native","2012","Pivari, M.O.D.","0-0-0","Bronze","Prata",,"Canaã dos Carajás","Floresta Nacional de Carajás, Pilha de Estéril. S11D."
"PARQUE NACIONAL CAMPOS FERRUGINOSOS","Angiosperms","Rubiaceae","Uncaria","guianensis","(Aubl.) J.F.Gmel.","RUBIACEAE Uncaria guianensis (Aubl.) J.F.Gmel.","BHCB021824","splink","BHCB","Pivari, M.O.D.","1678","Native","2012","Pivari, M.O.D.","0-0-0","Bronze","Prata",,"Canaã dos Carajás","Floresta Nacional de Carajás, Borda do Primeiro Aceiro da Pilha de Estéril S11D."
"PARQUE NACIONAL CAMPOS FERRUGINOSOS","Ferns and Lycophytes","Salicaceae","Casearia","gossypiosperma","Briq.","SALICACEAE Casearia gossypiosperma Briq.","BHCB029713","splink","BHCB","Pivari, M.O.D.","1706","Native","2012","Silva, L.V.C.","0-0-0","Bronze","Prata",,"Canaã dos Carajás","Floresta Nacional de Carajás, Segundo aceiro à direita da área da Pilha de Estéril S11D."
"PARQUE NACIONAL CAMPOS FERRUGINOSOS","Angiosperms","Selaginellaceae","Selaginella","simplex","Baker","SELAGINELLACEAE Selaginella simplex Baker","BHCB01126860",,"BHCB","Salino, A.","15256","Native","2012","Goes-Neto, L.A.A.",,"Bronze","Prata",,"Canaã dos Carajás","Floresta Nacional de Carajás. Serra Sul, Corpo S11A."
"PARQUE NACIONAL CAMPOS FERRUGINOSOS","Angiosperms","Styracaceae","Styrax","pohlii","A.DC.","STYRACACEAE Styrax pohlii A.DC.","BHCB029768","splink","BHCB","Arruda, A.J.","1207","Native","2012","Mota, N.F.O.","0-0-0","Bronze","Prata",,"Canaã dos Carajás","Floresta Nacional de Carajás, S11A."
"PARQUE NACIONAL CAMPOS FERRUGINOSOS","Ferns and Lycophytes","Violaceae","Rinoreocarpus","ulei","(Melch.) Ducke","VIOLACEAE Rinoreocarpus ulei (Melch.) Ducke","BHCB031764","splink","BHCB","Pivari, M.O.D.","1719","Native","2012","Silva, L.V.C.","0-0-0","Bronze","Prata",,"Canaã dos Carajás","Floresta Nacional de Carajás, Segundo aceiro à direita da área da Pilha de Estéril S11D."
"PARQUE NACIONAL CAMPOS FERRUGINOSOS","Angiosperms","Zingiberaceae","Renealmia","microcalyx","Maas & H.Maas","ZINGIBERACEAE Renealmia microcalyx Maas & H.Maas","BHCB031761","splink","BHCB","Pivari, M.O.D.","1662","Native","2012","Pivari, M.O.D.","0-0-0","Bronze","Prata",,"Canaã dos Carajás","Floresta Nacional de Carajás, Area da Pilha de Estéril. S11D."
"PARQUE NACIONAL CAMPOS FERRUGINOSOS","Angiosperms","Euphorbiaceae","Dalechampia","stipulacea","Müll.Arg.","EUPHORBIACEAE Dalechampia stipulacea Müll.Arg.","BHCB026955","splink","BHCB","Rodrigues, I.M.C.","606","Native","2012","Brigato, L.O.","2026","Bronze","Prata",,"Canaã dos Carajás","Floresta Nacional de Carajás, Segundo aceiro à esqueda no início da Pilha de Estéril. S11D."
"PARQUE NACIONAL CAMPOS FERRUGINOSOS","Angiosperms","Clusiaceae","Garcinia","apostoloi","Mouzinho","CLUSIACEAE Garcinia apostoloi Mouzinho","BHCB020540","splink","BHCB","Pivari, M.O.D.","1665","Native","2012","Mouzinho, T.M.","2025","Bronze","Prata",,"Canaã dos Carajás","Floresta Nacional de Carajás, Area da Pilha de Estéril. S11D."
"PARQUE NACIONAL CAMPOS FERRUGINOSOS","Angiosperms","Bromeliaceae","Pitcairnia","torresiana","L.B.Sm.","BROMELIACEAE Pitcairnia torresiana L.B.Sm.","BHCB020429","splink","BHCB","Paula, L.F.A.","440","Native","2012","Carvalho, B.M.","2024","Bronze","Prata",,"Canaã dos Carajás","Floresta Nacional de Carajás, S11D. UTM 22M 9292862 572910 SAD 69"
"PARQUE NACIONAL CAMPOS FERRUGINOSOS","Angiosperms","Malvaceae","Pavonia","castaneifolia","A.St.-Hil. & Naudin","MALVACEAE Pavonia castaneifolia A.St.-Hil. & Naudin","BHCB067424","splink","BHCB","Pivari, M.O.D.","1717","Native","2012","Tavares, A.B.","2024","Bronze","Prata",,"Canaã dos Carajás","Floresta Nacional de Carajás, Segundo aceiro à direita da área da Pilha de Estéril S11D."
"PARQUE NACIONAL CAMPOS FERRUGINOSOS","Angiosperms","Dilleniaceae","Doliocarpus","major","J.F.Gmel.","DILLENIACEAE Doliocarpus major J.F.Gmel.","BHCB026148","splink","BHCB","Rodrigues, I.M.C.","575","Native","2012","Monzoli, J.V.L.","2023","Bronze","Prata",,"Canaã dos Carajás","Floresta Nacional de Carajás, Borda do primeiro aceiro da Pilha de Estéril. S11D."
"PARQUE NACIONAL CAMPOS FERRUGINOSOS","Angiosperms","Fabaceae","Schnella","glabra","(Jacq.) Dugand","FABACEAE Schnella glabra (Jacq.) Dugand","BHCB017708","splink","BHCB","Rodrigues, I.M.C.","603","Native","2012","Lisboa, M.A.P.","2023","Bronze","Prata",,"Canaã dos Carajás","Floresta Nacional de Carajás, Pilha de Estéril. S11D."
"PARQUE NACIONAL CAMPOS FERRUGINOSOS","Ferns and Lycophytes","Acanthaceae","Justicia","distichophylla","F.A.Silva, A.Gil & Kameyama","ACANTHACEAE Justicia distichophylla F.A.Silva, A.Gil & Kameyama","BHCB019128","splink","BHCB","Meyer, P.B.","1141","Native","2012","Andrino, C.O.","2022","Bronze","Prata",,"Canaã dos Carajás","Floresta Nacional de Carajás, S11A."
"PARQUE NACIONAL CAMPOS FERRUGINOSOS",,"Acanthaceae","Justicia","paraensis","F.A.Silva, A.Gil & Kameyama","ACANTHACEAE Justicia paraensis F.A.Silva, A.Gil & Kameyama","BHCB019126","splink","BHCB","Silva, L.V.C.","1228",,"2012","Andrino, C.O.","2022","Bronze","Prata",,"Canaã dos Carajás","Floresta Nacional de Carajás, Serra do Tarzan."
"PARQUE NACIONAL CAMPOS FERRUGINOSOS","Angiosperms","Apocynaceae","Hemipogon","sprucei","E.Fourn.","APOCYNACEAE Hemipogon sprucei E.Fourn.","BHCB020214","splink","BHCB","Silva, L.V.C.","1078","Native","2012","Bitencourt, C.","2019","Bronze","Prata",,"Canaã dos Carajás","Floresta Nacional de Carajás, S11D."
"PARQUE NACIONAL CAMPOS FERRUGINOSOS","Angiosperms","Blechnaceae","Blechnum","occidentale","L.","BLECHNACEAE Blechnum occidentale L.","BHCB01126144",,"BHCB","Salino, A.","15298","Native","2012","Viveros, R.S.","2018","Bronze","Prata",,"Canaã dos Carajás","Floresta Nacional de Carajás. Serra Sul, Corpo S11B."
"PARQUE NACIONAL CAMPOS FERRUGINOSOS","Angiosperms","Dryopteridaceae","Bolbitis","semipinnatifida","(Fée) Alston","DRYOPTERIDACEAE Bolbitis semipinnatifida (Fée) Alston","BHCB01126219",,"BHCB","Arruda, A.J.","1215","Native","2012","Viveros, R.S.","2018","Bronze","Prata",,"Canaã dos Carajás","Floresta Nacional de Carajás. S11D."
"PARQUE NACIONAL CAMPOS FERRUGINOSOS","Angiosperms","Dryopteridaceae","Polybotrya","osmundacea","Willd.","DRYOPTERIDACEAE Polybotrya osmundacea Willd.","157417","splink","BHCB","Salino, A.","15275","Native","2012","Viveros, R.S.","2018","Bronze","Prata",,"Canaã dos Carajás","Floresta Nacional de Carajás, Serra Sul, Corpo S11A"
"PARQUE NACIONAL CAMPOS FERRUGINOSOS","Angiosperms","Nephrolepidaceae","Nephrolepis","biserrata","(Sw.) Schott","NEPHROLEPIDACEAE Nephrolepis biserrata (Sw.) Schott","156055","splink","BHCB","Arruda, A.J.","567","Native","2012","Viveros, R.S.","2018","Bronze","Prata",,"Canaã dos Carajás","Floresta Nacional de Carajás, Ada Pilha de Estéril S11D"
"PARQUE NACIONAL CAMPOS FERRUGINOSOS","Angiosperms","Saccolomataceae","Saccoloma","chartaceum","G.B. Nair","SACCOLOMATACEAE Saccoloma chartaceum G.B. Nair","BHCB00049741",,"BHCB","Salino, A.","15279","Native","2012","Viveros, R.S.","2018","Bronze","Prata",,"Canaã dos Carajás","Floresta Nacional de Carajás. Serra Sul, Corpo S11A."
"PARQUE NACIONAL CAMPOS FERRUGINOSOS","Angiosperms","Acanthaceae","Mendoncia","aspera","Ruiz & Pav.","ACANTHACEAE Mendoncia aspera Ruiz & Pav.","BHCB019133","splink","BHCB","Rodrigues, I.M.C.","559","Native","2012","Reis, A.S.","2017","Bronze","Prata",,"Canaã dos Carajás","Floresta Nacional de Carajás, Área da Pilha de Estéril. S11D."
"PARQUE NACIONAL CAMPOS FERRUGINOSOS","Angiosperms","Acanthaceae","Ruellia","wurdackii","Wassh.","ACANTHACEAE Ruellia wurdackii Wassh.","BHCB019140","splink","BHCB","Silva, L.V.C.","1227","Native","2012","Reis, A.S.","2017","Bronze","Prata",,"Canaã dos Carajás","Floresta Nacional de Carajás, Serra do Tarzan. Região dos furos do Alvo 118."
"PARQUE NACIONAL CAMPOS FERRUGINOSOS","Ferns and Lycophytes","Alismataceae","Limnocharis","flava","(L.) Buchenau","ALISMATACEAE Limnocharis flava (L.) Buchenau","BHCB019200","splink","BHCB","Arruda, A.J.","562","Native","2012","Gil, A.S.B.","2017","Bronze","Prata",,"Canaã dos Carajás","Floresta Nacional de Carajás, Pilha de Estéril - S11D."
"PARQUE NACIONAL CAMPOS FERRUGINOSOS","Angiosperms","Alismataceae","Sagittaria","rhombifolia","Cham.","ALISMATACEAE Sagittaria rhombifolia Cham.","BHCB019975","splink","BHCB","Arruda, A.J.","1193","Native","2012","Gil, A.S.B.","2017","Bronze","Prata",,"Canaã dos Carajás","Floresta Nacional de Carajás, S11A."
"PARQUE NACIONAL CAMPOS FERRUGINOSOS","Angiosperms","Aspleniaceae","Asplenium","hostmannii","Hieron.","ASPLENIACEAE Asplenium hostmannii Hieron.","BHCB01126052",,"BHCB","Silva, L.V.C.","1157","Native","2012","Sylvestre, L.","2017","Bronze","Prata",,"Canaã dos Carajás","Floresta Nacional de Carajás. S11C."
"PARQUE NACIONAL CAMPOS FERRUGINOSOS","Angiosperms","Aspleniaceae","Asplenium","otites","Link","ASPLENIACEAE Asplenium otites Link","156034","splink","BHCB","Arruda, A.J.","536","Native","2012","Sylvestre, L.S.","2017","Bronze","Prata",,"Canaã dos Carajás","Floresta Nacional de Carajás, Acesso Racha Placa. ADA Esteira S11"
"PARQUE NACIONAL CAMPOS FERRUGINOSOS","Ferns and Lycophytes","Cannabaceae","Trema","micranthum","(L.) Blume","CANNABACEAE Trema micranthum (L.) Blume","BHCB020501","splink","BHCB","Pivari, M.O.D.","1702","Native","2012","Gil, A.S.B.","2017","Bronze","Prata",,"Canaã dos Carajás","Floresta Nacional de Carajás, Segundo aceiro à direita da área da Pilha de Estéril S11D. UTM 22S 9286657 573174"
"PARQUE NACIONAL CAMPOS FERRUGINOSOS","Angiosperms","Lomariopsidaceae","Lomariopsis","nigropaleata","Holttum","LOMARIOPSIDACEAE Lomariopsis nigropaleata Holttum","157509","splink","BHCB","Arruda, A.J.","592","Native","2012","Salino, A.","2017","Bronze","Prata",,"Canaã dos Carajás","Floresta Nacional de Carajás, Serra do Tarzan"
"PARQUE NACIONAL CAMPOS FERRUGINOSOS","Angiosperms","Marattiaceae","Danaea","leprieurii","Kunze","MARATTIACEAE Danaea leprieurii Kunze","157413","splink","BHCB","Salino, A.","15271","Native","2012","Lima, L.V.","2017","Bronze","Prata",,"Canaã dos Carajás","Floresta Nacional de Carajás, Serra Sul, Corpo S11A"
"PARQUE NACIONAL CAMPOS FERRUGINOSOS","Angiosperms","Metaxyaceae","Metaxya","parkeri","(Hook. & Grev.) J. Sm.","METAXYACEAE Metaxya parkeri (Hook. & Grev.) J. Sm.","BHCB01126499",,"BHCB","Silva, L.V.C.","1171","Native","2012","Lima, L.V.","2017","Bronze","Prata",,"Canaã dos Carajás","Floresta Nacional de Carajás. S11C."
"PARQUE NACIONAL CAMPOS FERRUGINOSOS","Angiosperms","Nephrolepidaceae","Nephrolepis","brownii","(Desv.) Hovenkamp & Miyam.","NEPHROLEPIDACEAE Nephrolepis brownii (Desv.) Hovenkamp & Miyam.","161736","splink","BHCB","Pivari, M.O.D.","1693","Native","2012","Viveros, R.S.","2017","Bronze","Prata",,"Canaã dos Carajás","Floresta Nacional de Carajás, Segundo aceiro à direita da área da Pilha de Estéril S11D"
"PARQUE NACIONAL CAMPOS FERRUGINOSOS","Ferns and Lycophytes","Nephrolepidaceae","Nephrolepis","undulata","(Afzel.) J.Sm.","NEPHROLEPIDACEAE Nephrolepis undulata (Afzel.) J.Sm.","BHCB01126521",,"BHCB","Arruda, A.J.","1107","Native","2012","Viveros, R.S.","2017","Bronze","Prata",,"Canaã dos Carajás","Floresta Nacional de Carajás. S11A."
"PARQUE NACIONAL CAMPOS FERRUGINOSOS","Angiosperms","Selaginellaceae","Selaginella","stomatoloma","Valdespino","SELAGINELLACEAE Selaginella stomatoloma Valdespino","BHCB066455","splink","BHCB","Salino, A.","15284","Native","2012","Goes-Neto, L.A.A.","2017","Bronze","Prata",,"Canaã dos Carajás","Floresta Nacional de Carajás, Serra Sul, Corpo D"
"PARQUE NACIONAL CAMPOS FERRUGINOSOS","Angiosperms","Turneraceae","Turnera","melochioides","Urb.","TURNERACEAE Turnera melochioides var. latifolia Urb.","BHCB029688","splink","BHCB","Arruda, A.J.","713","Native","2012","Rocha","2017","Bronze","Prata",,"Canaã dos Carajás","Floresta Nacional de Carajás, S11D."
"PARQUE NACIONAL CAMPOS FERRUGINOSOS","Angiosperms","Aspleniaceae","Asplenium","salicifolium","L.","ASPLENIACEAE Asplenium salicifolium L.","BHCB01125430",,"BHCB","Meyer, P.B.","1201","Native","2012","Salino, A.","2016","Bronze","Prata",,"Canaã dos Carajás","Floresta Nacional dos Carajás. N4WS. Mata ombrófila densa."
"PARQUE NACIONAL CAMPOS FERRUGINOSOS","Angiosperms","Cyatheaceae","Cyathea","andina","(H.Karst.) Domin","CYATHEACEAE Cyathea andina (H.Karst.) Domin","157448","splink","BHCB","Salino, A.","15306","Native","2012","Paz-Leal, F.","2016","Bronze","Prata",,"Canaã dos Carajás","Floresta Nacional de Carajás, Floresta Ombrófila Densa"
"PARQUE NACIONAL CAMPOS FERRUGINOSOS","Angiosperms","Poaceae","Paspalum","spissum","Swallen","POACEAE Paspalum spissum Swallen","BHCB021529","splink","BHCB","Viana, P.L.","5222","Native","2012","Oliveira, D.","2016","Bronze","Prata",,"Canaã dos Carajás","Floresta Nacional de Carajás, S11D."
"PARQUE NACIONAL CAMPOS FERRUGINOSOS","Angiosperms","Selaginellaceae","Selaginella","radiata","(Aubl.) Spring","SELAGINELLACEAE Selaginella radiata (Aubl.) Spring","157399","splink","BHCB","Salino, A.","15257","Native","2012","Goes-Neto, L.A.A.","2016","Bronze","Prata",,"Canaã dos Carajás","Floresta Nacional de Carajás, Serra do Sul, Corpo S11 A, Floresta Estacional Decidual."
"PARQUE NACIONAL CAMPOS FERRUGINOSOS","Angiosperms","Aspleniaceae","Asplenium","serratum","L.","ASPLENIACEAE Asplenium serratum L.","157496","splink","BHCB","Arruda, A.J.","579","Native","2012","Arruda, A.J.","2015","Bronze","Prata",,"Canaã dos Carajás","Floresta Nacional de Carajás, Serra do Tarzan"
"PARQUE NACIONAL CAMPOS FERRUGINOSOS","Ferns and Lycophytes","Cyperaceae","Eleocharis","pedrovianae","C.S. Nunes, R. Trevis. & A. Gil","CYPERACEAE Eleocharis pedrovianae C.S. Nunes, R. Trevis. & A. Gil","BHCB017326","splink","BHCB","Arruda, A.J.","1087","Native","2012","Nunes, C.S.","2015","Bronze","Prata",,"Canaã dos Carajás","Floresta Nacional de Carajás, S11D"
"PARQUE NACIONAL CAMPOS FERRUGINOSOS","Ferns and Lycophytes","Amaranthaceae","Cyathula","prostrata","Blume","AMARANTHACEAE Cyathula prostrata Blume","BHCB019997","splink","BHCB","Rodrigues, I.M.C.","592","Native","2012","Silva, L.V.C.","2014","Bronze","Prata",,"Canaã dos Carajás","Floresta Nacional de Carajás, Segundo aceiro à direita da área da Pilha de Esteril S11D."
"PARQUE NACIONAL CAMPOS FERRUGINOSOS","Ferns and Lycophytes","Anemiaceae","Anemia","oblongifolia","(Cav.) Sw.","ANEMIACEAE Anemia oblongifolia (Cav.) Sw.","157688","splink","BHCB","Arruda, A.J.","762","Native","2012","Arruda, A.J.","2014","Bronze","Prata",,"Canaã dos Carajás","Floresta Nacional de Carajás; S11-D, Mata baixa sobre canga"
"PARQUE NACIONAL CAMPOS FERRUGINOSOS","Angiosperms","Aspleniaceae","Asplenium","formosum","Willd.","ASPLENIACEAE Asplenium formosum Willd.","BHCB01126049",,"BHCB","Giorni, V.T.","846","Native","2012","Salino, A.","2014","Bronze","Prata",,"Canaã dos Carajás","Floresta Nacional de Carajás. Serra Sul, Corpo D."
"PARQUE NACIONAL CAMPOS FERRUGINOSOS","Angiosperms","Cyatheaceae","Cyathea","delgadii","Pohl. ex Sternb.","CYATHEACEAE Cyathea delgadii Pohl. ex Sternb.","155905","splink","BHCB","Silva, L.V.C.","1181","Native","2012","Arruda, A.J.","2014","Bronze","Prata",,"Canaã dos Carajás","Floresta Nacional de Carajás; S11-C, Floresta- próximo ao curso d água"
"PARQUE NACIONAL CAMPOS FERRUGINOSOS","Ferns and Lycophytes","Lindsaeaceae","Lindsaea","lancea","(L.) Bedd.","LINDSAEACEAE Lindsaea lancea (L.) Bedd.","155982","splink","BHCB","Arruda, A.J.","484","Native","2012","Arruda, A.J.","2014","Bronze","Prata",,"Canaã dos Carajás","Floresta Nacional de Carajás, S11D"
"PARQUE NACIONAL CAMPOS FERRUGINOSOS","Angiosperms","Malvaceae","Quararibea",,"Aubl.","MALVACEAE Quararibea Aubl.","BHCB060045","splink","BHCB","Rodrigues, I.M.C.","565","Native","2012","Silva, L.V.C.","2014","Bronze","Prata",,"Canaã dos Carajás","Floresta Nacional de Carajás, Área da Pilha de Estéril. S11D. Trilha."
"PARQUE NACIONAL CAMPOS FERRUGINOSOS","Angiosperms","Meliaceae","Guarea","guidonia","(L.) Sleumer","MELIACEAE Guarea guidonia (L.) Sleumer","BHCB029617","splink","BHCB","Pivari, M.O.D.","1725","Native","2012","Silva, L.V.C.","2014","Bronze","Prata",,"Canaã dos Carajás","Floresta Nacional de Carajás, Borda de baixo da Pilha de Estéril. S11D. UTM 22S 9284665 573184 SAD 69"
"PARQUE NACIONAL CAMPOS FERRUGINOSOS","Angiosperms","Polypodiaceae","Microgramma","persicariifolia","(Schrad.) C.Presl","POLYPODIACEAE Microgramma persicariifolia (Schrad.) C.Presl","169066","splink","BHCB","Giorni, V.T.","876","Native","2012","Arruda, A.J.","2014","Bronze","Prata",,"Canaã dos Carajás","Floresta Nacional de Carajás; S11-D, Buritizal. Coordenada aproximada"
"PARQUE NACIONAL CAMPOS FERRUGINOSOS","Ferns and Lycophytes","Polypodiaceae","Pleopeltis","burchellii","(Baker) Hickey & Sprunt ex A.R.Sm.","POLYPODIACEAE Pleopeltis burchellii (Baker) Hickey & Sprunt ex A.R.Sm.","BHCB01125518",,"BHCB","Giorni, V.T.","838","Native","2012","Arruda, A.J.","2014","Bronze","Prata",,"Canaã dos Carajás","Floresta Nacional dos Carajás, S11-D. Floresta Ombrófila. Coordenada aproximada."
"PARQUE NACIONAL CAMPOS FERRUGINOSOS","Ferns and Lycophytes","Polypodiaceae","Serpocaulon","triseriale","(Sw.) A.R.Sm.","POLYPODIACEAE Serpocaulon triseriale (Sw.) A.R.Sm.","156954","splink","BHCB","Salino, A.","15149","Naturalized","2012","Arruda, A.J.","2014","Bronze","Prata",,"Canaã dos Carajás","Floresta Nacional de Carajás, Serra do Tarzan"
"PARQUE NACIONAL CAMPOS FERRUGINOSOS","Angiosperms","Pteridaceae","Vittaria","lineata","(L.) Sm.","PTERIDACEAE Vittaria lineata (L.) Sm.","158183","splink","BHCB","Arruda, A.J.","1164","Native","2012","Arruda, A.J.","2014","Bronze","Prata",,"Canaã dos Carajás","Floresta Nacional de Carajás, S11A"
"PARQUE NACIONAL CAMPOS FERRUGINOSOS","Angiosperms","Apocynaceae","Asclepias","curassavica","L.","APOCYNACEAE Asclepias curassavica L.","BHCB020204","splink","BHCB","Arruda, A.J.","512","Native","2012","Marino, F.","2013","Bronze","Prata",,"Canaã dos Carajás","Floresta Nacional de Carajás, Racha Placa. ADA Usina S11."
"PARQUE NACIONAL CAMPOS FERRUGINOSOS","Ferns and Lycophytes","Malvaceae","Apeiba","tibourbou","Aubl.","MALVACEAE Apeiba tibourbou Aubl.","BHCB042071","splink","BHCB","Pivari, M.O.D.","1671","Native","2012","Arruda, A.J.","2013","Bronze","Prata",,"Canaã dos Carajás","Floresta Nacional de Carajás, Borda do Primeiro Aceiro da Pilha de Estéril S11D. UTM 22S 9285529"
"PARQUE NACIONAL CAMPOS FERRUGINOSOS","Angiosperms","Malvaceae","Theobroma","speciosum","Willd. ex Spreng.","MALVACEAE Theobroma speciosum Willd. ex Spreng.","BHCB028685","splink","BHCB","Rodrigues, I.M.C.","563","Native","2012","Arruda, A.J.","2013","Bronze","Prata",,"Canaã dos Carajás","Floresta Nacional de Carajás, Pilha de Estéril. S11D. Área da Pilha. Trilha."
"PARQUE NACIONAL CAMPOS FERRUGINOSOS","Angiosperms","Polypodiaceae","Pecluma","hygrometrica","(Splitg.) M.G.Price","POLYPODIACEAE Pecluma hygrometrica (Splitg.) M.G.Price","158203","splink","BHCB","Arruda, A.J.","1184","Native","2012","Assis, M.A.","2013","Bronze","Prata",,"Canaã dos Carajás","Floresta Nacional de Carajás, S11B"
"PARQUE NACIONAL CAMPOS FERRUGINOSOS","Angiosperms","Polypodiaceae","Phlebodium","decumanum","(Willd.) J.Sm.","POLYPODIACEAE Phlebodium decumanum (Willd.) J.Sm.","BHCB01126609",,"BHCB","Pivari, M.O.","1659","Native","2012","Arruda, A.J.","2013","Bronze","Prata",,"Canaã dos Carajás","Floresta Nacional de Carajás. Área da Pilha trilha."
"PARQUE NACIONAL CAMPOS FERRUGINOSOS","Ferns and Lycophytes","Pontederiaceae","Heteranthera","reniformis","Ruiz & Pav.","PONTEDERIACEAE Heteranthera reniformis Ruiz & Pav.","BHCB022207","splink","BHCB","Pivari, M.O.D.","1682","Native","2012","Pivari, M.O.D.","2013","Bronze","Prata",,"Canaã dos Carajás","Floresta Nacional de Carajás, Segundo aceiro à direita da área da Pilha de Estéril S11D."
"PARQUE NACIONAL CAMPOS FERRUGINOSOS","Ferns and Lycophytes","Pteridaceae","Adiantum","adiantoides","(J.Sm.) C.Chr.","PTERIDACEAE Adiantum adiantoides (J.Sm.) C.Chr.","BHCB01126669",,"BHCB","Pivari, M.O.","1645","Native","2012","Arruda, A.J.","2013","Bronze","Prata",,"Canaã dos Carajás","Floresta Nacional de Carajás. Pilha de Estéril - S11D."
"PARQUE NACIONAL CAMPOS FERRUGINOSOS","Angiosperms","Pteridaceae","Pityrogramma","calomelanos","(L.) Link","PTERIDACEAE Pityrogramma calomelanos (L.) Link","BHCB01126791",,"BHCB","Pivari, M.O.","1691","Native","2012","Arruda, A.J.","2013","Bronze","Prata",,"Canaã dos Carajás","Floresta Nacional de Carajás. Pilha de Estéril - S11D."
"PARQUE NACIONAL CAMPOS FERRUGINOSOS","Angiosperms","Pteridaceae","Pteris","pungens","Willd.","PTERIDACEAE Pteris pungens Willd.","161758","splink","BHCB","Pivari, M.O.D.","1715","Native","2012","Arruda, A.J.","2013","Bronze","Prata",,"Canaã dos Carajás","Floresta Nacional de Carajás, Pilha de Estéril - S11D. Segundo aceiro à direita da área da Pilha de Estéril"
"PARQUE NACIONAL CAMPOS FERRUGINOSOS","Ferns and Lycophytes","Annonaceae","Annona","exsucca","DC.","ANNONACEAE Annona exsucca DC.","BHCB019979","splink","BHCB","Pivari, M.O.D.","1724","Native","2012","Pivari, M.O.D.","2012","Bronze","Prata",,"Canaã dos Carajás","Floresta Nacional de Carajás, Borda de baixo da Pilha de Esteril. S11D."
"PARQUE NACIONAL CAMPOS FERRUGINOSOS","Angiosperms","Dennstaedtiaceae","Pteridium","esculentum","(Kaulf.) Thomson","DENNSTAEDTIACEAE Pteridium esculentum subsp. arachnoideum (Kaulf.) Thomson","BHCB01126213",,"BHCB","Salino, A.","15154","Native","2012","Salino, A.","2012","Bronze","Prata",,"Canaã dos Carajás","Floresta Nacional de Carajás. Serra do Tarzan."
"PARQUE NACIONAL CAMPOS FERRUGINOSOS","Ferns and Lycophytes","Fabaceae","Bauhinia","longipedicellata","Ducke","FABACEAE Bauhinia longipedicellata Ducke","BHCB026997","splink","BHCB","Rodrigues, I.M.C.","548","Native","2012","Pivari, M.O.D.","2012","Bronze","Prata",,"Canaã dos Carajás","Floresta Nacional de Carajás, Pilha de Estéril. S11D. Beira da trilha Ponto 3."
"PARQUE NACIONAL CAMPOS FERRUGINOSOS","Angiosperms","Hymenophyllaceae","Trichomanes","elegans","Rich.","HYMENOPHYLLACEAE Trichomanes elegans Rich.","158188","splink","BHCB","Arruda, A.J.","1169","Native","2012","Arruda, A.J.","2012","Bronze","Prata",,"Canaã dos Carajás","Floresta Nacional de Carajás, S11A"
"PARQUE NACIONAL CAMPOS FERRUGINOSOS","Angiosperms","Hymenophyllaceae","Trichomanes","pinnatum","Hedw.","HYMENOPHYLLACEAE Trichomanes pinnatum Hedw.","155963","splink","BHCB","Arruda, A.J.","465","Native","2012","Arruda, A.J.","2012","Bronze","Prata",,"Canaã dos Carajás","Floresta Nacional de Carajás, S11D"
"PARQUE NACIONAL CAMPOS FERRUGINOSOS","Angiosperms","Polypodiaceae","Microgramma","percussa","(Cav.) de la Sota","POLYPODIACEAE Microgramma percussa (Cav.) de la Sota","BHCB01126575",,"BHCB","Salino, A.","15261","Native","2012","Salino, A.","2012","Bronze","Prata",,"Canaã dos Carajás","Floresta Nacional de Carajás. Serra Sul, Corpo S11A."
"PARQUE NACIONAL CAMPOS FERRUGINOSOS","Ferns and Lycophytes","Pteridaceae","Adiantum","cajennense","Willd. ex Klotzsch","PTERIDACEAE Adiantum cajennense Willd. ex Klotzsch","157418","splink","BHCB","Salino, A.","15276","Native","2012","Salino, A.","2012","Bronze","Prata",,"Canaã dos Carajás","Floresta Nacional de Carajás, Serra Sul, Corpo S11A"
"PARQUE NACIONAL CAMPOS FERRUGINOSOS","Ferns and Lycophytes","Pteridaceae","Adiantum","glaucescens","Klotzsch","PTERIDACEAE Adiantum glaucescens Klotzsch","157420","splink","BHCB","Salino, A.","15278","Native","2012","Salino, A.","2012","Bronze","Prata",,"Canaã dos Carajás","Floresta Nacional de Carajás, Serra Sul, Corpo S11A"
"PARQUE NACIONAL CAMPOS FERRUGINOSOS","Ferns and Lycophytes","Pteridaceae","Adiantum","terminatum","Kunze ex Miq.","PTERIDACEAE Adiantum terminatum Kunze ex Miq.","BHCB01126722",,"BHCB","Salino, A.","15280","Native","2012","Salino, A.","2012","Bronze","Prata",,"Canaã dos Carajás","Floresta Nacional de Carajás. Serra Sul, Corpo S11A."
"PARQUE NACIONAL CAMPOS FERRUGINOSOS","Ferns and Lycophytes","Pteridaceae","Ananthacorus","angustifolius","(Sw.) Underw. & Maxon","PTERIDACEAE Ananthacorus angustifolius (Sw.) Underw. & Maxon","158201","splink","BHCB","Arruda, A.J.","1182","Native","2012","Arruda, A.J.","2012","Bronze","Prata",,"Canaã dos Carajás","Floresta Nacional de Carajás, S11B"
"PARQUE NACIONAL CAMPOS FERRUGINOSOS","Angiosperms","Pteridaceae","Hemionitis","palmata","L.","PTERIDACEAE Hemionitis palmata L.","155950","splink","BHCB","Arruda, A.J.","452","Native","2012","Costa, L.V.","2012","Bronze","Prata",,"Canaã dos Carajás","Floresta Nacional de Carajás, S11D"
"PARQUE NACIONAL CAMPOS FERRUGINOSOS","Angiosperms","Pteridaceae","Hemionitis","rufa","(L.) Sw.","PTERIDACEAE Hemionitis rufa (L.) Sw.","162163","splink","BHCB","Arruda, A.J.","1315","Native","2012","Arruda, A.J.","2012","Bronze","Prata",,"Canaã dos Carajás","Floresta Nacional de Carajás, Serra do Tarzan"
"PARQUE NACIONAL CAMPOS FERRUGINOSOS","Angiosperms","Tectariaceae","Tectaria","trinitensis","Maxon","TECTARIACEAE Tectaria trinitensis Maxon","162175","splink","BHCB","Arruda, A.J.","1327",,"2012","Arruda, A.J.","2012","Bronze","Prata",,"Canaã dos Carajás","Floresta Nacional de Carajás, Serra do Tarzan"
"PARQUE NACIONAL CAMPOS FERRUGINOSOS","Angiosperms","Tectariaceae","Triplophyllum","glabrum","J.Prado & R.C.Moran","TECTARIACEAE Triplophyllum glabrum J.Prado & R.C.Moran","157424","splink","BHCB","Salino, A.","15282","Native","2012","Salino, A.","2012","Bronze","Prata",,"Canaã dos Carajás","Floresta Nacional de Carajás, Serra Sul, Corpo D"
"PARQUE NACIONAL CAMPOS FERRUGINOSOS","Angiosperms","Eriocaulaceae","Giuliettia","fasciculoides","(Hensold) Andrino & Sano","ERIOCAULACEAE Giuliettia fasciculoides (Hensold) Andrino & Sano","SPF00225556","splink","SPF","Paula-Souza, J.","10769","Native","2011","Trovo, M.L.O.","2017","Bronze","Prata",,"Canaã dos Carajás","Floresta Nacional de Carajás, Arredores do campamento S11-D."
"PARQUE NACIONAL CAMPOS FERRUGINOSOS","Ferns and Lycophytes","Lythraceae","Cuphea","mimuloides","Cham. & Schltdl.","LYTHRACEAE Cuphea mimuloides Cham. & Schltdl.","SPF00225559","splink","SPF","Paula-Souza, J.","10773","Native","2011","Paula-Souza, J.","2011","Bronze","Prata",,"Canaã dos Carajás","Floresta Nacional de Carajás, Arredores do campamento S11-D."
"PARQUE NACIONAL CAMPOS FERRUGINOSOS","Angiosperms","Acanthaceae","Ruellia","costata","(Nees) Hiern","ACANTHACEAE Ruellia costata (Nees) Hiern","BHCB019146","splink","BHCB","Gontijo, F.D.","148","Native","2010","Silva, L.V.C.","0-0-0","Bronze","Prata",,"Canaã dos Carajás","Floresta Nacional de Carajás, Serra Sul."
"PARQUE NACIONAL CAMPOS FERRUGINOSOS","Angiosperms","Apocynaceae","Tabernaemontana","linkii","A.DC.","APOCYNACEAE Tabernaemontana linkii A.DC.","BHCB020247","splink","BHCB","Giacomin, L.L.","1155","Native","2010","Al., E.","0-0-0","Bronze","Prata",,"Canaã dos Carajás","Floresta Nacional de Carajás, Serra Sul, Corpo B."
"PARQUE NACIONAL CAMPOS FERRUGINOSOS","Angiosperms","Araceae","Anthurium",,"Schott","ARACEAE Anthurium Schott","136519","splink","BHCB","Almeida, T.E.","2168","Native","2010","Franca, G.S.","0-0-0","Bronze","Prata",,"Canaã dos Carajás","Floresta Nacional de Carajás, Serra Sul , Corpo B, Floresta Ombrófila Densa"
"PARQUE NACIONAL CAMPOS FERRUGINOSOS","Angiosperms","Aspleniaceae","Asplenium","abscissum","Willd.","ASPLENIACEAE Asplenium abscissum Willd.","BHCB01126033",,"BHCB","Souza, D.T.","1166","Native","2010","Almeida, T.E.",,"Bronze","Prata",,"Canaã dos Carajás","Floresta Nacional de Carajás. S11A."
"PARQUE NACIONAL CAMPOS FERRUGINOSOS","Angiosperms","Balanophoraceae","Helosis","cayanensis","(Sw.) Spreng.","BALANOPHORACEAE Helosis cayanensis (Sw.) Spreng.","BHCB017463","splink","BHCB","Giacomin, L.L.","1166","Native","2010","Silva, L.V.C.","0-0-0","Bronze","Prata",,"Canaã dos Carajás","Floresta Nacional de Carajás, S11B."
"PARQUE NACIONAL CAMPOS FERRUGINOSOS","Ferns and Lycophytes","Bignoniaceae","Adenocalymma","schomburgkii","(DC.) L.G.Lohmann","BIGNONIACEAE Adenocalymma schomburgkii (DC.) L.G.Lohmann","BHCB020404","splink","BHCB","Almeida, T.E.","2488","Native","2010","Silva, L.V.C.","0-0-0","Bronze","Prata",,"Canaã dos Carajás","Floresta Nacional de Carajás, S11D."
"PARQUE NACIONAL CAMPOS FERRUGINOSOS","Angiosperms","Blechnaceae","Blechnum","asplenioides","Sw.","BLECHNACEAE Blechnum asplenioides Sw.","BHCB01126119",,"BHCB","Souza, D.T.","1181","Native","2010","Almeida, T.E.",,"Bronze","Prata",,"Canaã dos Carajás","Floresta Nacional de Carajás. S11D."
"PARQUE NACIONAL CAMPOS FERRUGINOSOS","Angiosperms","Bromeliaceae","Tillandsia","paraensis","Mez","BROMELIACEAE Tillandsia paraensis Mez","BHCB020509","splink","BHCB","Almeida, T.E.","2506","Native","2010","Silva, L.V.C.","0-0-0","Bronze","Prata",,"Canaã dos Carajás","Floresta Nacional de Carajás, S11D."
"PARQUE NACIONAL CAMPOS FERRUGINOSOS","Ferns and Lycophytes","Cabombaceae","Cabomba","furcata","Schult. & Schult.f.","CABOMBACEAE Cabomba furcata Schult. & Schult.f.","BHCB020494","splink","BHCB","Pivari, M.O.D.","1573","Native","2010","Pivari, M.O.D.","0-0-0","Bronze","Prata",,"Canaã dos Carajás","Floresta Nacional de Carajás, Serra do Tarzan."
"PARQUE NACIONAL CAMPOS FERRUGINOSOS",,"Clusiaceae","Clusia","alata","Planch. & Triana","CLUSIACEAE Clusia alata Planch. & Triana","BHCB020535","splink","BHCB","Almeida, T.E.","2483",,"2010","Silva, L.V.C.","0-0-0","Bronze","Prata",,"Canaã dos Carajás","Floresta Nacional de Carajás, S11D."
"PARQUE NACIONAL CAMPOS FERRUGINOSOS","Angiosperms","Convolvulaceae","Ipomoea",,"L.","CONVOLVULACEAE Ipomoea L.","BHCB020595","splink","BHCB","Costa, L.V.","769","Native","2010","Silva, L.V.C.","0-0-0","Bronze","Prata",,"Canaã dos Carajás","Floresta Nacional de Carajás, S11A."
"PARQUE NACIONAL CAMPOS FERRUGINOSOS","Angiosperms","Convolvulaceae","Ipomoea","minutiflora","(M.Martens & Galeotti) House","CONVOLVULACEAE Ipomoea minutiflora (M.Martens & Galeotti) House","BHCB020582","splink","BHCB","Gontijo, F.D.","183","Native","2010","Silva, L.V.C.","0-0-0","Bronze","Prata",,"Canaã dos Carajás","Floresta Nacional de Carajás, S11D."
"PARQUE NACIONAL CAMPOS FERRUGINOSOS","Ferns and Lycophytes","Convolvulaceae","Jacquemontia","tamnifolia","(L.) Griseb.","CONVOLVULACEAE Jacquemontia tamnifolia (L.) Griseb.","BHCB020596","splink","BHCB","Costa, L.V.","799","Native","2010","Silva, L.V.C.","0-0-0","Bronze","Prata",,"Canaã dos Carajás","Floresta Nacional de Carajás, S11D."
"PARQUE NACIONAL CAMPOS FERRUGINOSOS",,"Dioscoreaceae","Dioscorea","convolvulacea","Schltdl. & Cham.","DIOSCOREACEAE Dioscorea convolvulacea Schltdl. & Cham.","BHCB020737","splink","BHCB","Arruda, A.J.","195",,"2010","Silva, L.V.C.","0-0-0","Bronze","Prata",,"Canaã dos Carajás","Floresta Nacional de Carajás, S11B."
"PARQUE NACIONAL CAMPOS FERRUGINOSOS","Angiosperms","Euphorbiaceae","Euphorbia","heterophylla","L.","EUPHORBIACEAE Euphorbia heterophylla L.","BHCB026959","splink","BHCB","Gontijo, F.D.","149","Native","2010","Silva, L.V.C.","0-0-0","Bronze","Prata",,"Canaã dos Carajás","Floresta Nacional de Carajás, Racha Placa."
"PARQUE NACIONAL CAMPOS FERRUGINOSOS","Ferns and Lycophytes","Fabaceae","Abrus","fruticulosus","Wight & Arn.","FABACEAE Abrus fruticulosus Wight & Arn.","BHCB026987","splink","BHCB","Pivari, M.O.D.","1538","Native","2010","Silva, D.F.","0-0-0","Bronze","Prata",,"Canaã dos Carajás","Floresta Nacional de Carajás, S11B."
"PARQUE NACIONAL CAMPOS FERRUGINOSOS","Angiosperms","Fabaceae","Centrosema","carajasense","Cavalcante","FABACEAE Centrosema carajasense Cavalcante","BHCB026199","splink","BHCB","Gontijo, F.D.","139","Native","2010","Silva, L.V.C.","0-0-0","Bronze","Prata",,"Canaã dos Carajás","Floresta Nacional de Carajás, S11D."
"PARQUE NACIONAL CAMPOS FERRUGINOSOS","Ferns and Lycophytes","Fabaceae","Copaifera","martii","Hayne","FABACEAE Copaifera martii Hayne","BHCB027115","splink","BHCB","Silva, L.V.C.","782","Native","2010","Silva, L.V.C.","0-0-0","Bronze","Prata",,"Canaã dos Carajás","Floresta Nacional de Carajás, S11B."
"PARQUE NACIONAL CAMPOS FERRUGINOSOS","Angiosperms","Fabaceae","Mimosa","piresii","Barneby","FABACEAE Mimosa piresii Barneby","BHCB027869","splink","BHCB","Pivari, M.O.D.","1555","Native","2010","Silva, D.F.","0-0-0","Bronze","Prata",,"Canaã dos Carajás","Floresta Nacional de Carajás, S11A."
"PARQUE NACIONAL CAMPOS FERRUGINOSOS","Angiosperms","Fabaceae","Mimosa","skinneri","Benth.","FABACEAE Mimosa skinneri Benth.","BHCB027877","splink","BHCB","Pivari, M.O.D.","1541","Native","2010","Silva, D.F.","0-0-0","Bronze","Prata",,"Canaã dos Carajás","Floresta Nacional de Carajás, S11A."
"PARQUE NACIONAL CAMPOS FERRUGINOSOS","Ferns and Lycophytes","Fabaceae","Parkia","platycephala","Benth.","FABACEAE Parkia platycephala Benth.","BHCB027889","splink","BHCB","Silva, L.V.C.","1026","Native","2010","Silva, L.V.C.","0-0-0","Bronze","Prata",,"Canaã dos Carajás","Floresta Nacional de Carajás, S11D."
"PARQUE NACIONAL CAMPOS FERRUGINOSOS","Angiosperms","Fabaceae","Stylosanthes","hispida","Rich.","FABACEAE Stylosanthes hispida Rich.","BHCB027701","splink","BHCB","Silva, L.V.C.","831","Native","2010","Silva, L.V.C.","0-0-0","Bronze","Prata",,"Canaã dos Carajás","Floresta Nacional de Carajás, N1."
"PARQUE NACIONAL CAMPOS FERRUGINOSOS",,"Heliconiaceae","Heliconia","acuminata","A.Rich.","HELICONIACEAE Heliconia acuminata A.Rich.","BHCB027746","splink","BHCB","Gontijo, F.D.","45",,"2010","Silva, L.V.C.","0-0-0","Bronze","Prata",,"Canaã dos Carajás","Floresta Nacional de Carajás, S11A."
"PARQUE NACIONAL CAMPOS FERRUGINOSOS","Angiosperms","Heliconiaceae","Heliconia","episcopalis","Vell.","HELICONIACEAE Heliconia episcopalis Vell.","BHCB027763","splink","BHCB","Gontijo, F.D.","168","Native","2010","Cardoso, A.","0-0-0","Bronze","Prata",,"Canaã dos Carajás","Floresta Nacional de Carajás, S11D."
"PARQUE NACIONAL CAMPOS FERRUGINOSOS","Angiosperms","Heliconiaceae","Heliconia","rostrata","Ruiz & Pav.","HELICONIACEAE Heliconia rostrata Ruiz & Pav.","BHCB027760","splink","BHCB","Gontijo, F.D.","144","Native","2010","Cardoso, A.","0-0-0","Bronze","Prata",,"Canaã dos Carajás","Floresta Nacional de Carajás, S11D."
"PARQUE NACIONAL CAMPOS FERRUGINOSOS","Angiosperms","Humiriaceae","Sacoglottis","mattogrossensis","Malme","HUMIRIACEAE Sacoglottis mattogrossensis Malme","BHCB027766","splink","BHCB","Silva, L.V.C.","1006","Native","2010","Silva, L.V.C.","0-0-0","Bronze","Prata",,"Canaã dos Carajás","Floresta Nacional de Carajás, S11D."
"PARQUE NACIONAL CAMPOS FERRUGINOSOS","Angiosperms","Hymenophyllaceae","Hymenophyllum","polyanthos","(Sw.) Sw.","HYMENOPHYLLACEAE Hymenophyllum polyanthos (Sw.) Sw.","140428","splink","BHCB","Souza, D.T.","1130","Native","2010","Almeida, T.E.","0-0-0","Bronze","Prata",,"Canaã dos Carajás","Floresta Nacional de Carajás, Serra Sul"
"PARQUE NACIONAL CAMPOS FERRUGINOSOS","Angiosperms","Lamiaceae","Amasonia","campestris","(Aubl.) Moldenke","LAMIACEAE Amasonia campestris (Aubl.) Moldenke","BHCB021183","splink","BHCB","Costa, L.V.","832","Native","2010","Silva, L.V.C.","0-0-0","Bronze","Prata",,"Canaã dos Carajás","Floresta Nacional de Carajás, N1."
"PARQUE NACIONAL CAMPOS FERRUGINOSOS","Angiosperms","Lamiaceae","Amasonia","lasiocaulos","Mart. & Schauer ex Schauer","LAMIACEAE Amasonia lasiocaulos Mart. & Schauer ex Schauer","BHCB021178","splink","BHCB","Costa, L.V.","817","Native","2010","Silva, L.V.C.","0-0-0","Bronze","Prata",,"Canaã dos Carajás","Floresta Nacional de Carajás, Serra do Tarzan."
"PARQUE NACIONAL CAMPOS FERRUGINOSOS","Ferns and Lycophytes","Lentibulariaceae","Utricularia","subulata","L.","LENTIBULARIACEAE Utricularia subulata L.","BHCB028032","splink","BHCB","Pivari, M.O.D.","1514","Native","2010","Silva, L.V.C.","0-0-0","Bronze","Prata",,"Canaã dos Carajás","Floresta Nacional de Carajás, S11D."
"PARQUE NACIONAL CAMPOS FERRUGINOSOS","Ferns and Lycophytes","Lentibulariaceae","Utricularia","trichophylla","Spruce ex Oliv.","LENTIBULARIACEAE Utricularia trichophylla Spruce ex Oliv.","BHCB028046","splink","BHCB","Pivari, M.O.D.","1480","Native","2010","Silva, L.V.C.","0-0-0","Bronze","Prata",,"Canaã dos Carajás","Floresta Nacional de Carajás, Serra Sul."
"PARQUE NACIONAL CAMPOS FERRUGINOSOS","Angiosperms","Linderniaceae","Lindernia","brachyphylla","Pennell","LINDERNIACEAE Lindernia brachyphylla Pennell","BHCB026132","splink","BHCB","Pivari, M.O.D.","1516","Native","2010","Pivari, M.O.D.","0-0-0","Bronze","Prata",,"Canaã dos Carajás","Floresta Nacional de Carajás, S11D."
"PARQUE NACIONAL CAMPOS FERRUGINOSOS","Angiosperms","Malpighiaceae","Heteropterys","nervosa","A.Juss.","MALPIGHIACEAE Heteropterys nervosa A.Juss.","BHCB021280","splink","BHCB","Arruda, A.J.","286","Native","2010","Silva, L.V.C.","0-0-0","Bronze","Prata",,"Canaã dos Carajás","Floresta Nacional de Carajás, S11A."
"PARQUE NACIONAL CAMPOS FERRUGINOSOS","Angiosperms","Malpighiaceae","Niedenzuella","acutifolia","(Cav.) W.R.Anderson","MALPIGHIACEAE Niedenzuella acutifolia (Cav.) W.R.Anderson","BHCB021276","splink","BHCB","Souza, D.T.","1178","Native","2010","Silva, L.V.C.","0-0-0","Bronze","Prata",,"Canaã dos Carajás","Floresta Nacional de Carajás, S11D."
"PARQUE NACIONAL CAMPOS FERRUGINOSOS","Ferns and Lycophytes","Malvaceae","Waltheria","indica","L.","MALVACEAE Waltheria indica L.","BHCB028697","splink","BHCB","Pivari, M.O.D.","1585","Native","2010","Silva, L.V.C.","0-0-0","Bronze","Prata",,"Canaã dos Carajás","Floresta Nacional de Carajás, Serra do Tarzan."
"PARQUE NACIONAL CAMPOS FERRUGINOSOS","Ferns and Lycophytes","Melastomataceae","Aciotis","purpurascens","(Aubl.) Triana","MELASTOMATACEAE Aciotis purpurascens (Aubl.) Triana","BHCB021471","splink","BHCB","Gontijo, F.D.","175","Native","2010","Silva, L.V.C.","0-0-0","Bronze","Prata",,"Canaã dos Carajás","Floresta Nacional de Carajás, S11D."
"PARQUE NACIONAL CAMPOS FERRUGINOSOS","Ferns and Lycophytes","Melastomataceae","Henriettea","ramiflora","(Sw.) DC.","MELASTOMATACEAE Henriettea ramiflora (Sw.) DC.","BHCB021363","splink","BHCB","Costa, L.V.","1022","Native","2010","Silva, L.V.C.","0-0-0","Bronze","Prata",,"Canaã dos Carajás","Floresta Nacional de Carajás, S11D."
"PARQUE NACIONAL CAMPOS FERRUGINOSOS","Angiosperms","Melastomataceae","Macairea","radula","(Bonpl.) DC.","MELASTOMATACEAE Macairea radula (Bonpl.) DC.","BHCB021368","splink","BHCB","Arruda, A.J.","308","Native","2010","Silva, L.V.C.","0-0-0","Bronze","Prata",,"Canaã dos Carajás","Floresta Nacional de Carajás, S11D."
"PARQUE NACIONAL CAMPOS FERRUGINOSOS","Angiosperms","Melastomataceae","Miconia","biglandulosa","Gleason","MELASTOMATACEAE Miconia biglandulosa Gleason","BHCB021400","splink","BHCB","Silva, L.V.C.","1015","Native","2010","Silva, L.V.C.","0-0-0","Bronze","Prata",,"Canaã dos Carajás","Floresta Nacional de Carajás, S11C."
"PARQUE NACIONAL CAMPOS FERRUGINOSOS","Angiosperms","Melastomataceae","Miconia","nervosa","(Sm.) Triana","MELASTOMATACEAE Miconia nervosa (Sm.) Triana","BHCB021438","splink","BHCB","Almeida, T.E.","2494","Native","2010","Silva, L.V.C.","0-0-0","Bronze","Prata",,"Canaã dos Carajás","Floresta Nacional de Carajás, S11D."
"PARQUE NACIONAL CAMPOS FERRUGINOSOS","Angiosperms","Melastomataceae","Pterolepis","trichotoma","(Rottb.) Cogn.","MELASTOMATACEAE Pterolepis trichotoma (Rottb.) Cogn.","BHCB021382","splink","BHCB","Pivari, M.O.D.","1556","Native","2010","Silva, L.V.C.","0-0-0","Bronze","Prata",,"Canaã dos Carajás","Floresta Nacional de Carajás, S11A."
"PARQUE NACIONAL CAMPOS FERRUGINOSOS","Angiosperms","Meliaceae","Guarea","silvatica","C.DC.","MELIACEAE Guarea silvatica C.DC.","BHCB029618","splink","BHCB","Souza, D.T.","1084","Native","2010","Silva, L.V.C.","0-0-0","Bronze","Prata",,"Canaã dos Carajás","Floresta Nacional de Carajás, S11A. Serra Sul."
"PARQUE NACIONAL CAMPOS FERRUGINOSOS","Angiosperms","Menispermaceae","Cissampelos","fasciculata","Benth.","MENISPERMACEAE Cissampelos fasciculata Benth.","BHCB029627","splink","BHCB","Gontijo, F.D.","125","Native","2010","Silva, L.V.C.","0-0-0","Bronze","Prata",,"Canaã dos Carajás","Floresta Nacional de Carajás, S11D."
"PARQUE NACIONAL CAMPOS FERRUGINOSOS","Angiosperms","Moraceae","Ficus","gomelleira","Kunth","MORACEAE Ficus gomelleira Kunth","BHCB028760","splink","BHCB","Almeida, T.E.","2511","Native","2010","Silva, L.V.C.","0-0-0","Bronze","Prata",,"Canaã dos Carajás","Floresta Nacional de Carajás, Corpo D."
"PARQUE NACIONAL CAMPOS FERRUGINOSOS","Angiosperms","Nymphaeaceae","Nymphaea","rudgeana","G.Mey.","NYMPHAEACEAE Nymphaea rudgeana G.Mey.","BHCB022203","splink","BHCB","Pivari, M.O.D.","1477","Native","2010","Pivari, M.O.D.","0-0-0","Bronze","Prata",,"Canaã dos Carajás","Floresta Nacional de Carajás, S11B."
"PARQUE NACIONAL CAMPOS FERRUGINOSOS","Angiosperms","Onagraceae","Ludwigia","nervosa","(Poir.) H.Hara","ONAGRACEAE Ludwigia nervosa (Poir.) H.Hara","BHCB029660","splink","BHCB","Pivari, M.O.D.","1635","Native","2010","Pivari, M.O.D.","0-0-0","Bronze","Prata",,"Canaã dos Carajás","Floresta Nacional de Carajás, S11B."
"PARQUE NACIONAL CAMPOS FERRUGINOSOS","Ferns and Lycophytes","Orchidaceae","Encyclia","randii","(Barb.Rodr.) Porto & Brade","ORCHIDACEAE Encyclia randii (Barb.Rodr.) Porto & Brade","BHCB027028","splink","BHCB","Almeida, T.E.","2480","Native","2010","Silva, L.V.C.","0-0-0","Bronze","Prata",,"Canaã dos Carajás","Floresta Nacional de Carajás, S11D."
"PARQUE NACIONAL CAMPOS FERRUGINOSOS","Ferns and Lycophytes","Orchidaceae","Epidendrum","nocturnum","Jacq.","ORCHIDACEAE Epidendrum nocturnum Jacq.","BHCB027033","splink","BHCB","Giacomin, L.L.","1180","Native","2010","Silva, L.V.C.","0-0-0","Bronze","Prata",,"Canaã dos Carajás","Floresta Nacional de Carajás, S11A."
"PARQUE NACIONAL CAMPOS FERRUGINOSOS","Ferns and Lycophytes","Orchidaceae","Prosthechea","fragrans","(Sw.) W.E.Higgins","ORCHIDACEAE Prosthechea fragrans (Sw.) W.E.Higgins","BHCB027043","splink","BHCB","Gontijo, F.D.","137","Native","2010","Silva, L.V.C.","0-0-0","Bronze","Prata",,"Canaã dos Carajás","Floresta Nacional de Carajás, S11D."
"PARQUE NACIONAL CAMPOS FERRUGINOSOS","Ferns and Lycophytes","Phyllanthaceae","Emblica","urinaria","(L.) R.W. Bouman","PHYLLANTHACEAE Emblica urinaria (L.) R.W. Bouman","BHCB029706","splink","BHCB","Costa, L.V.","918","Native","2010","Silva, L.V.C.","0-0-0","Bronze","Prata",,"Canaã dos Carajás","Floresta Nacional de Carajás, S11D."
"PARQUE NACIONAL CAMPOS FERRUGINOSOS","Angiosperms","Polypodiaceae","Pecluma","plumula","(Willd.) M.G.Price","POLYPODIACEAE Pecluma plumula (Willd.) M.G.Price","BHCB01125757",,"BHCB","Almeida, T.E.","2495","Native","2010","Almeida, T.E.",,"Bronze","Prata",,"Canaã dos Carajás","Floresta Nacional de Carajás. Corpo A."
"PARQUE NACIONAL CAMPOS FERRUGINOSOS","Ferns and Lycophytes","Primulaceae","Cybianthus","detergens","Mart.","PRIMULACEAE Cybianthus detergens Mart.","BHCB028720","splink","BHCB","Costa, L.V.","882","Native","2010","Silva, L.V.C.","0-0-0","Bronze","Prata",,"Canaã dos Carajás","Floresta Nacional de Carajás, S11D."
"PARQUE NACIONAL CAMPOS FERRUGINOSOS","Angiosperms","Pteridaceae","Pteris","biaurita","L.","PTERIDACEAE Pteris biaurita L.","BHCB01126795",,"BHCB","Souza, D.T.","1102","Native","2010","Almeida, T.E.",,"Bronze","Prata",,"Canaã dos Carajás","Floresta Nacional de Carajás. S11C."
"PARQUE NACIONAL CAMPOS FERRUGINOSOS","Angiosperms","Rhamnaceae","Gouania","blanchetiana","Miq.","RHAMNACEAE Gouania blanchetiana Miq.","BHCB028723","splink","BHCB","Arruda, A.J.","271","Native","2010","Silva, L.V.C.","0-0-0","Bronze","Prata",,"Canaã dos Carajás","Floresta Nacional de Carajás, S11C."
"PARQUE NACIONAL CAMPOS FERRUGINOSOS","Angiosperms","Rubiaceae","Borreria",,"G.Mey.","RUBIACEAE Borreria G.Mey.","BHCB009969","splink","BHCB","Costa, L.V.","781","Native","2010","Gasper, A.L.","0-0-0","Bronze","Prata",,"Canaã dos Carajás","Floresta Nacional de Carajás, Serra Sul , Corpo B, Vegetação rupestre sobre canga"
"PARQUE NACIONAL CAMPOS FERRUGINOSOS","Ferns and Lycophytes","Rubiaceae","Palicourea","iodotricha","(Müll. Arg.) Delprete & J.H.Kirkbr.","RUBIACEAE Palicourea iodotricha (Müll. Arg.) Delprete & J.H.Kirkbr.","BHCB021743","splink","BHCB","Silva, L.V.C.","784","Native","2010","Silva, L.V.C.","0-0-0","Bronze","Prata",,"Canaã dos Carajás","Floresta Nacional de Carajás, S11B."
"PARQUE NACIONAL CAMPOS FERRUGINOSOS","Angiosperms","Rubiaceae","Psychotria","appendiculata","Müll.Arg.","RUBIACEAE Psychotria appendiculata Müll.Arg.","BHCB020759","splink","BHCB","Silva, L.V.C.","788","Native","2010","Silva, L.V.C.","0-0-0","Bronze","Prata",,"Canaã dos Carajás","Floresta Nacional de Carajás, S11B."
"PARQUE NACIONAL CAMPOS FERRUGINOSOS","Angiosperms","Rubiaceae","Psychotria","carthagenensis","Jacq.","RUBIACEAE Psychotria carthagenensis Jacq.","BHCB020765","splink","BHCB","Gontijo, F.D.","89","Native","2010","Silva, L.V.C.","0-0-0","Bronze","Prata",,"Canaã dos Carajás","Floresta Nacional de Carajás, S11B."
"PARQUE NACIONAL CAMPOS FERRUGINOSOS","Angiosperms","Rubiaceae","Schizocalyx","cuspidatus","(A.St.-Hil.) Kainul. & B. Bremer","RUBIACEAE Schizocalyx cuspidatus (A.St.-Hil.) Kainul. & B. Bremer","BHCB021816","splink","BHCB","Arruda, A.J.","311","Native","2010","Silva, L.V.C.","0-0-0","Bronze","Prata",,"Canaã dos Carajás","Floresta Nacional de Carajás, S11D."
"PARQUE NACIONAL CAMPOS FERRUGINOSOS","Angiosperms","Siparunaceae","Siparuna","krukovii","A.C.Sm.","SIPARUNACEAE Siparuna krukovii A.C.Sm.","BHCB029753","splink","BHCB","Arruda, A.J.","337","Native","2010","Silva, L.V.C.","0-0-0","Bronze","Prata",,"Canaã dos Carajás","Floresta Nacional de Carajás, S11C."
"PARQUE NACIONAL CAMPOS FERRUGINOSOS","Angiosperms","Xyridaceae","Xyris","macrocephala","Vahl","XYRIDACEAE Xyris macrocephala Vahl","BHCB031728","splink","BHCB","Pivari, M.O.D.","1545","Native","2010","Mota, N.F.O.","0-0-0","Bronze","Prata",,"Canaã dos Carajás","Floresta Nacional de Carajás, S11A."
"PARQUE NACIONAL CAMPOS FERRUGINOSOS","Angiosperms","Euphorbiaceae","Dalechampia","subintegra","(Müll.Arg.) Müll.Arg.","EUPHORBIACEAE Dalechampia subintegra (Müll.Arg.) Müll.Arg.","BHCB026958","splink","BHCB","Pivari, M.O.D.","1579","Native","2010","Brigato, L.O.","2025","Bronze","Prata",,"Canaã dos Carajás","Floresta Nacional de Carajás, Serra do Tarzan."
"PARQUE NACIONAL CAMPOS FERRUGINOSOS",,"Lindsaeaceae","Lindsaea","mesoamericana","A.Rojas & Tejero","LINDSAEACEAE Lindsaea mesoamericana A.Rojas & Tejero","136533","splink","BHCB","Almeida, T.E.","2182",,"2010","Castro-Aguiar, P.H.","2025","Bronze","Prata",,"Canaã dos Carajás","Floresta Nacional de Carajás, Serra Sul, Corpo A"
"PARQUE NACIONAL CAMPOS FERRUGINOSOS","Angiosperms","Orchidaceae","Notylia","nemorosa","Barb.Rodr.","ORCHIDACEAE Notylia nemorosa Barb.Rodr.","BHCB027131","splink","BHCB","Silva, L.V.C.","895","Native","2010","Oliveira, M.S.","2025","Bronze","Prata",,"Canaã dos Carajás","Floresta Nacional de Carajás, S11B."
"PARQUE NACIONAL CAMPOS FERRUGINOSOS","Angiosperms","Fabaceae","Senna","georgica","H.S.Irwin & Barneby","FABACEAE Senna georgica H.S.Irwin & Barneby","BHCB027900","splink","BHCB","Almeida, T.E.","2512","Native","2010","Souto, F.","2023","Bronze","Prata",,"Canaã dos Carajás","Floresta Nacional de Carajás, S11D."
"PARQUE NACIONAL CAMPOS FERRUGINOSOS","Ferns and Lycophytes","Orchidaceae","Epidendrum","rigidum","Jacq.","ORCHIDACEAE Epidendrum rigidum Jacq.","BHCB027029","splink","BHCB","Souza, D.T.","1152","Native","2010","Pessoa, E.M.","2023","Bronze","Prata",,"Canaã dos Carajás","Floresta Nacional de Carajás, S11C."
"PARQUE NACIONAL CAMPOS FERRUGINOSOS","Ferns and Lycophytes","Acanthaceae","Justicia","carajensis","F.A.Silva, A.Gil & Kameyama","ACANTHACEAE Justicia carajensis F.A.Silva, A.Gil & Kameyama","BHCB019168","splink","BHCB","Almeida, T.E.","2527","Native","2010","Andrino, C.O.","2022","Bronze","Prata",,"Canaã dos Carajás","Floresta Nacional de Carajás, S11C."
"PARQUE NACIONAL CAMPOS FERRUGINOSOS","Angiosperms","Cyperaceae","Rhynchospora","barbata","(Vahl) Kunth","CYPERACEAE Rhynchospora barbata (Vahl) Kunth","BHCB017381","splink","BHCB","Silva, L.V.C.","823","Native","2010","Alves, K.N.L.","2022","Bronze","Prata",,"Canaã dos Carajás","N1, Floresta Nacional dos Carajás"
"PARQUE NACIONAL CAMPOS FERRUGINOSOS","Angiosperms","Rubiaceae","Rudgea","longiflora","Benth.","RUBIACEAE Rudgea longiflora Benth.","BHCB021797","splink","BHCB","Souza, D.T.","1176","Native","2010","Barbosa-Silva, R.G.","2022","Bronze","Prata",,"Canaã dos Carajás","Floresta Nacional de Carajás, Serra Sul."
"PARQUE NACIONAL CAMPOS FERRUGINOSOS","Angiosperms","Burmanniaceae","Apteria","aphylla","(Nutt.) Barnhart ex Small","BURMANNIACEAE Apteria aphylla (Nutt.) Barnhart ex Small","BHCB020477","splink","BHCB","Almeida, T.E.","2475","Native","2010","Melo, A.","2020","Bronze","Prata",,"Canaã dos Carajás","Floresta Nacional de Carajás, Serra Sul , Corpo D"
"PARQUE NACIONAL CAMPOS FERRUGINOSOS","Ferns and Lycophytes","Burmanniaceae","Campylosiphon","purpurascens","Benth.","BURMANNIACEAE Campylosiphon purpurascens Benth.","BHCB020481","splink","BHCB","Almeida, T.E.","2426","Native","2010","Melo, A.","2020","Bronze","Prata",,"Canaã dos Carajás","Floresta Nacional de Carajás, Serra Sul , Corpo A, Floresta Ombrófila Densa"
"PARQUE NACIONAL CAMPOS FERRUGINOSOS","Ferns and Lycophytes","Violaceae","Rinorea","pubiflora","(Benth.) Sprague & Sandwith","VIOLACEAE Rinorea pubiflora (Benth.) Sprague & Sandwith","BHCB019135","splink","BHCB","Gontijo, F.D.","198","Native","2010","Cordeiro, M.R.","2018","Bronze","Prata",,"Canaã dos Carajás","Floresta Nacional de Carajás, Racha Placa. Subida da Cachoeira, final da subida."
"PARQUE NACIONAL CAMPOS FERRUGINOSOS","Angiosperms","Marattiaceae","Danaea","cartilaginea","Christenh. & Tuomisto","MARATTIACEAE Danaea cartilaginea Christenh. & Tuomisto","136626","splink","BHCB","Almeida, T.E.","2275","Native","2010","Salino, A.","2017","Bronze","Prata",,"Canaã dos Carajás","Floresta Nacional de Carajás, Serra Sul, Corpo D"
"PARQUE NACIONAL CAMPOS FERRUGINOSOS","Ferns and Lycophytes","Asteraceae","Cavalcantia","glomerata","(G.M.Barroso & R.M.King) R.M.King & H.Rob.","ASTERACEAE Cavalcantia glomerata (G.M.Barroso & R.M.King) R.M.King & H.Rob.","BHCB016693","splink","BHCB","Almeida, T.E.","2420","Native","2010","Cruz, A.P.O.","2016","Bronze","Prata",,"Canaã dos Carajás","Floresta Nacional de Carajás, S11A."
"PARQUE NACIONAL CAMPOS FERRUGINOSOS","Ferns and Lycophytes","Asteraceae","Cavalcantia","percymosa","R.M.King & H.Rob.","ASTERACEAE Cavalcantia percymosa R.M.King & H.Rob.","BHCB016692","splink","BHCB","Silva, L.V.C.","790","Native","2010","Cruz, A.P.O.","2016","Bronze","Prata",,"Canaã dos Carajás","Floresta Nacional de Carajás, Corpo A."
"PARQUE NACIONAL CAMPOS FERRUGINOSOS","Angiosperms","Cyatheaceae","Cyathea","traillii","(Baker) Domin","CYATHEACEAE Cyathea traillii (Baker) Domin","139543","splink","BHCB","Almeida, T.E.","2351","Native","2010","Paz-Leal, F.","2016","Bronze","Prata",,"Canaã dos Carajás","Floresta Nacional de Carajás, Floresta Nacional de Carajás"
"PARQUE NACIONAL CAMPOS FERRUGINOSOS","Angiosperms","Marantaceae","Ischnosiphon","gracilis","(Rudge) Körn.","MARANTACEAE Ischnosiphon gracilis (Rudge) Körn.","BHCB028767","splink","BHCB","Giacomin, L.L.","1152","Native","2010","Saka, M.N.","2016","Bronze","Prata",,"Canaã dos Carajás","Floresta Nacional de Carajás, S11D. Serra Sul. Corpo D. Descida em direção a córregos que vertem para o rio Itacaiuma."
"PARQUE NACIONAL CAMPOS FERRUGINOSOS","Angiosperms","Fabaceae","Centrosema","macrocarpum","Benth.","FABACEAE Centrosema macrocarpum Benth.","BHCB021864","splink","BHCB","Giacomin, L.L.","1177","Native","2010","Mattos, C.M.J.","2015","Bronze","Prata",,"Canaã dos Carajás","Floresta Nacional de Carajás, Serra Sul , Corpo D"
"PARQUE NACIONAL CAMPOS FERRUGINOSOS","Angiosperms","Amaranthaceae","Cyathula","achyranthoides","(Kunth) Moq.","AMARANTHACEAE Cyathula achyranthoides (Kunth) Moq.","BHCB019998","splink","BHCB","Silva, L.V.C.","914","Native","2010","Silva, L.V.C.","2014","Bronze","Prata",,"Canaã dos Carajás","Floresta Nacional de Carajás, S11D. Entorno do alojamento."
"PARQUE NACIONAL CAMPOS FERRUGINOSOS","Angiosperms","Annonaceae","Guatteria","wachenheimii","Benoist","ANNONACEAE Guatteria wachenheimii Benoist","BHCB019983","splink","BHCB","Gontijo, F.D.","66","Native","2010","Silva, L.V.C.","2014","Bronze","Prata",,"Canaã dos Carajás","Floresta Nacional de Carajás, S11A."
"PARQUE NACIONAL CAMPOS FERRUGINOSOS","Angiosperms","Convolvulaceae","Ipomoea","lobata","(Cerv.) Thell.","CONVOLVULACEAE Ipomoea lobata (Cerv.) Thell.","BHCB021359","splink","BHCB","Gontijo, F.D.","178","Native","2010","Silva, L.V.C.","2014","Bronze","Prata",,"Canaã dos Carajás","Floresta Nacional de Carajás, S11 - D."
"PARQUE NACIONAL CAMPOS FERRUGINOSOS","Ferns and Lycophytes","Humiriaceae","Vantanea","macrocarpa","Ducke","HUMIRIACEAE Vantanea macrocarpa Ducke","BHCB027768","splink","BHCB","Almeida, T.E.","2519","Native","2010","Silva, L.V.C.","2014","Bronze","Prata",,"Canaã dos Carajás","Floresta Nacional de Carajás, S11D."
"PARQUE NACIONAL CAMPOS FERRUGINOSOS","Angiosperms","Ochnaceae","Ouratea","paraensis","Huber","OCHNACEAE Ouratea paraensis Huber","BHCB028790","splink","BHCB","Santos, A.M.O.","14","Native","2010","Silva, L.V.C.","2014","Bronze","Prata",,"Canaã dos Carajás","Floresta Nacional de Carajás, S11A."
"PARQUE NACIONAL CAMPOS FERRUGINOSOS","Ferns and Lycophytes","Orchidaceae","Lockhartia","lunifera","(Lindl.) Rchb.f.","ORCHIDACEAE Lockhartia lunifera (Lindl.) Rchb.f.","BHCB027007","splink","BHCB","Souza, D.T.","1155","Native","2010","Silva, L.V.C.","2014","Bronze","Prata",,"Canaã dos Carajás","Floresta Nacional de Carajás, S11A."
"PARQUE NACIONAL CAMPOS FERRUGINOSOS","Ferns and Lycophytes","Orchidaceae","Sarcoglottis","metallica","(Rolfe) Schltr.","ORCHIDACEAE Sarcoglottis metallica (Rolfe) Schltr.","BHCB027191","splink","BHCB","Almeida, T.E.","2507","Native","2010","Silva, L.V.C.","2014","Bronze","Prata",,"Canaã dos Carajás","Floresta Nacional de Carajás, S11D."
"PARQUE NACIONAL CAMPOS FERRUGINOSOS","Ferns and Lycophytes","Polypodiaceae","Campyloneurum","centrobrasilianum","Lellinger","POLYPODIACEAE Campyloneurum centrobrasilianum Lellinger","136605","splink","BHCB","Almeida, T.E.","2254","Native","2010","Arruda, A.J.","2014","Bronze","Prata",,"Canaã dos Carajás","Floresta Nacional de Carajás, Serra Sul, Corpo D"
"PARQUE NACIONAL CAMPOS FERRUGINOSOS","Angiosperms","Eriocaulaceae","Paepalanthus","lamarckii","Kunth","ERIOCAULACEAE Paepalanthus lamarckii Kunth","BHCB022048","splink","BHCB","Gontijo, F.D.","111","Native","2010","Echternacht, L.A.","2012","Bronze","Prata",,"Canaã dos Carajás","Floresta Nacional de Carajás, S11D."
"PARQUE NACIONAL CAMPOS FERRUGINOSOS","Angiosperms","Hymenophyllaceae","Didymoglossum","ovale","E.Fourn.","HYMENOPHYLLACEAE Didymoglossum ovale E.Fourn.","BHCB01126368",,"BHCB","Almeida, T.E.","2466","Native","2010","Almeida, T.E.","2011","Bronze","Prata",,"Canaã dos Carajás","Floresta Nacional de Carajás. Serra Sul, Corpo D."
"PARQUE NACIONAL CAMPOS FERRUGINOSOS","Angiosperms","Nephrolepidaceae","Nephrolepis","pectinata","(Willd.) Schott","NEPHROLEPIDACEAE Nephrolepis pectinata (Willd.) Schott","136560","splink","BHCB","Almeida, T.E.","2209","Native","2010","Maciel, S.","2011","Bronze","Prata",,"Canaã dos Carajás","Floresta Nacional de Carajás, Serra Sul, Corpo A"
"PARQUE NACIONAL CAMPOS FERRUGINOSOS","Angiosperms","Nephrolepidaceae","Nephrolepis","rivularis","(Vahl) Mett. ex Krug","NEPHROLEPIDACEAE Nephrolepis rivularis (Vahl) Mett. ex Krug","136569","splink","BHCB","Almeida, T.E.","2218","Native","2010","Maciel, S.","2011","Bronze","Prata",,"Canaã dos Carajás","Floresta Nacional de Carajás, Serra Sul, Corpo C"
"PARQUE NACIONAL CAMPOS FERRUGINOSOS","Ferns and Lycophytes","Piperaceae","Piper","hispidum","Sw.","PIPERACEAE Piper hispidum Sw.","BHCB028652","splink","BHCB","Gontijo, F.D.","188","Native","2010","Monteiro, A.","2011","Bronze","Prata",,"Canaã dos Carajás","Floresta Nacional de Carajás, S11D. Racha placa."
"PARQUE NACIONAL CAMPOS FERRUGINOSOS","Ferns and Lycophytes","Erythropalaceae","Heisteria","ovata","Benth.","ERYTHROPALACEAE Heisteria ovata Benth.","BHCB029640","splink","BHCB","Costa, L.V.","881","Native","2010","Silva, L.V.C.","2010","Bronze","Prata",,"Canaã dos Carajás","Floresta Nacional de Carajás, S11D. Mata baixa"
"PARQUE NACIONAL CAMPOS FERRUGINOSOS","Angiosperms","Lomariopsidaceae","Lomariopsis","prieuriana","Fée","LOMARIOPSIDACEAE Lomariopsis prieuriana Fée","139488","splink","BHCB","Arruda, A.J.","189","Native","2010","Arruda, A.J.","2010","Bronze","Prata",,"Canaã dos Carajás","Floresta Nacional de Carajás, Serra Sul, Corpo C"
"PARQUE NACIONAL CAMPOS FERRUGINOSOS","Angiosperms","Malvaceae","Pseudobombax","longiflorum","(Mart.) A.Robyns","MALVACEAE Pseudobombax longiflorum (Mart.) A.Robyns","BHCB048861","splink","BHCB","Silva, L.V.C.","1019","Native","2010","Costa, L.V.","2010","Bronze","Prata",,"Canaã dos Carajás","Floresta Nacional de Carajás, S11D."
"PARQUE NACIONAL CAMPOS FERRUGINOSOS","Angiosperms","Orchidaceae","Maxillaria","superflua","Rchb.f.","ORCHIDACEAE Maxillaria superflua Rchb.f.","BHCB027006","splink","BHCB","Souza, D.T.","1082","Native","2010","Souza, D.T.","2010","Bronze","Prata",,"Canaã dos Carajás","Floresta Nacional de Carajás, S11A."
"PARQUE NACIONAL CAMPOS FERRUGINOSOS","Angiosperms","Polypodiaceae","Microgramma","dictyophylla","(Kunze ex Mett.) de la Sota","POLYPODIACEAE Microgramma dictyophylla (Kunze ex Mett.) de la Sota","HSTM003898",,"HSTM","Almeida, T.E.","2230","Native","2010","Almeida, T.E.","2010","Bronze","Prata",,"Canaã dos Carajás","Floresta Nacional de Carajás, Serra Sul, Corpo C."
"PARQUE NACIONAL CAMPOS FERRUGINOSOS","Ferns and Lycophytes","Polypodiaceae","Pleopeltis","astrolepis","(Liebm.) E.Fourn.","POLYPODIACEAE Pleopeltis astrolepis (Liebm.) E.Fourn.","140416","splink","BHCB","Souza, D.T.","1118","Native","2010","Almeida, T.E.","2010","Bronze","Prata",,"Canaã dos Carajás","Floresta Nacional de Carajás; Serra Sul"
"PARQUE NACIONAL CAMPOS FERRUGINOSOS","Ferns and Lycophytes","Polypodiaceae","Pleopeltis","desvauxii","(Klotzsch) Salino","POLYPODIACEAE Pleopeltis desvauxii (Klotzsch) Salino","136510","splink","BHCB","Almeida, T.E.","2159","Native","2010","Almeida, T.E.","2010","Bronze","Prata",,"Canaã dos Carajás","Floresta Nacional de Carajás; Serra Sul; Corpo B, Floresta Ombrófila Densa"
"PARQUE NACIONAL CAMPOS FERRUGINOSOS","Angiosperms","Polypodiaceae","Polypodium","flagellare","Christ","POLYPODIACEAE Polypodium flagellare Christ","BHCB046237","splink","BHCB","Almeida, T.E.","2219","Native","2010","Smith, A.R.","2010","Bronze","Prata",,"Canaã dos Carajás","Floresta Nacional de Carajás, Serra Sul, Corpo D"
"PARQUE NACIONAL CAMPOS FERRUGINOSOS","Ferns and Lycophytes","Pteridaceae","Adiantopsis","radiata","(L.) Fée","PTERIDACEAE Adiantopsis radiata (L.) Fée","139501","splink","BHCB","Arruda, A.J.","202","Native","2010","Arruda, A.J.","2010","Bronze","Prata",,"Canaã dos Carajás","Floresta Nacional de Carajás, Serra Sul, Corpo C"
"PARQUE NACIONAL CAMPOS FERRUGINOSOS","Ferns and Lycophytes","Schizaeaceae","Actinostachys","subtrijuga","(Mart.) C.Presl","SCHIZAEACEAE Actinostachys subtrijuga (Mart.) C.Presl","BHCB00002394",,"BHCB","Silva, L.V.C.","920","Native","2010","Almeida, T.E.","2010","Bronze","Prata",,"Canaã dos Carajás","Floresta Nacional de Carajás. S11C."
"PARQUE NACIONAL CAMPOS FERRUGINOSOS","Ferns and Lycophytes","Simaroubaceae","Simarouba","amara","Aubl.","SIMAROUBACEAE Simarouba amara Aubl.","BHCB027800","splink","BHCB","Almeida, T.E.","2505","Naturalized","2010","Costa, L.V.","2010","Bronze","Prata",,"Canaã dos Carajás","Floresta Nacional de Carajás, Corpo A"
"PARQUE NACIONAL CAMPOS FERRUGINOSOS","Ferns and Lycophytes","Balanophoraceae","Langsdorffia","hypogaea","Mart.","BALANOPHORACEAE Langsdorffia hypogaea Mart.","BHCB020266","splink","BHCB","Giorni, V.T.","124","Native","2009","Giorni, V.T.","0-0-0","Bronze","Prata",,"Canaã dos Carajás","Floresta Nacional de Carajás, Serra do Tarzan."
"PARQUE NACIONAL CAMPOS FERRUGINOSOS","Ferns and Lycophytes","Bignoniaceae","Anemopaegma","brevipes","S.Moore","BIGNONIACEAE Anemopaegma brevipes S.Moore","BHCB020403","splink","BHCB","Giorni, V.T.","180","Native","2009","Silva, L.V.C.","0-0-0","Bronze","Prata",,"Canaã dos Carajás","Floresta Nacional de Carajás, S11D."
"PARQUE NACIONAL CAMPOS FERRUGINOSOS","Angiosperms","Bignoniaceae","Jacaranda","carajasensis","A.H.Gentry","BIGNONIACEAE Jacaranda carajasensis A.H.Gentry","BHCB020411","splink","BHCB","Giorni, V.T.","131","Native","2009","Viana, P.L.","0-0-0","Bronze","Prata",,"Canaã dos Carajás","Floresta Nacional de Carajás, Serra do Tarzan."
"PARQUE NACIONAL CAMPOS FERRUGINOSOS","Ferns and Lycophytes","Bignoniaceae","Pleonotoma","jasminifolia","(Kunth) Miers","BIGNONIACEAE Pleonotoma jasminifolia (Kunth) Miers","BHCB020414","splink","BHCB","Viana, P.L.","4076","Native","2009","Silva, L.V.C.","0-0-0","Bronze","Prata",,"Canaã dos Carajás","Floresta Nacional de Carajás, S11C."
"PARQUE NACIONAL CAMPOS FERRUGINOSOS","Angiosperms","Burmanniaceae","Campylosiphon",,"Benth.","BURMANNIACEAE Campylosiphon Benth.","BHCB020482","splink","BHCB","Giorni, V.T.","210","Native","2009","Batista, J.A.N.","0-0-0","Bronze","Prata",,"Canaã dos Carajás","Floresta Nacional de Carajás, S11C."
"PARQUE NACIONAL CAMPOS FERRUGINOSOS","Ferns and Lycophytes","Calophyllaceae","Calophyllum","brasiliense","Cambess.","CALOPHYLLACEAE Calophyllum brasiliense Cambess.","BHCB020531","splink","BHCB","Giorni, V.T.","336","Native","2009","Silva, L.V.C.","0-0-0","Bronze","Prata",,"Canaã dos Carajás","Floresta Nacional de Carajás, S11A."
"PARQUE NACIONAL CAMPOS FERRUGINOSOS","Ferns and Lycophytes","Cordiaceae","Cordia","sellowiana","Cham.","CORDIACEAE Cordia sellowiana Cham.","BHCB020459","splink","BHCB","Giorni, V.T.","327","Native","2009","Silva, L.V.C.","0-0-0","Bronze","Prata",,"Canaã dos Carajás","Floresta Nacional de Carajás, S11B."
"PARQUE NACIONAL CAMPOS FERRUGINOSOS","Ferns and Lycophytes","Costaceae","Costus","lasius","Loes.","COSTACEAE Costus lasius Loes.","BHCB020688","splink","BHCB","Viana, P.L.","4327","Native","2009","Andre, T.","0-0-0","Bronze","Prata",,"Canaã dos Carajás","Floresta Nacional de Carajás, Serra Sul."
"PARQUE NACIONAL CAMPOS FERRUGINOSOS","Angiosperms","Dioscoreaceae","Dioscorea","dodecaneura","Vell.","DIOSCOREACEAE Dioscorea dodecaneura Vell.","BHCB020741","splink","BHCB","Giorni, V.T.","355","Native","2009","Silva, L.V.C.","0-0-0","Bronze","Prata",,"Canaã dos Carajás","Floresta Nacional de Carajás, S11D."
"PARQUE NACIONAL CAMPOS FERRUGINOSOS",,"Dioscoreaceae","Dioscorea",,"L.","DIOSCOREACEAE Dioscorea L.","BHCB020730","splink","BHCB","Viana, P.L.","4319",,"2009","Silva, L.V.C.","0-0-0","Bronze","Prata",,"Canaã dos Carajás","Floresta Nacional de Carajás, S11D."
"PARQUE NACIONAL CAMPOS FERRUGINOSOS","Angiosperms","Lentibulariaceae","Genlisea","filiformis","A.St.-Hil.","LENTIBULARIACEAE Genlisea filiformis A.St.-Hil.","BHCB028001","splink","BHCB","Giorni, V.T.","172","Native","2009","Pivari, M.O.D.","0-0-0","Bronze","Prata",,"Canaã dos Carajás","Floresta Nacional de Carajás, Serra Sul - Corpo C."
"PARQUE NACIONAL CAMPOS FERRUGINOSOS","Ferns and Lycophytes","Malpighiaceae","Banisteriopsis","malifolia","(Nees & Mart.) B.Gates","MALPIGHIACEAE Banisteriopsis malifolia (Nees & Mart.) B.Gates","BHCB021295","splink","BHCB","Viana, P.L.","4057","Native","2009","Marino, F.","0-0-0","Bronze","Prata",,"Canaã dos Carajás","Floresta Nacional de Carajás, Serra do Tarzan."
"PARQUE NACIONAL CAMPOS FERRUGINOSOS","Angiosperms","Malpighiaceae","Diplopterys","pauciflora","(G.Mey.) Nied.","MALPIGHIACEAE Diplopterys pauciflora (G.Mey.) Nied.","BHCB021287","splink","BHCB","Giorni, V.T.","288","Native","2009","Silva, L.V.C.","0-0-0","Bronze","Prata",,"Canaã dos Carajás","Floresta Nacional de Carajás, S11D."
"PARQUE NACIONAL CAMPOS FERRUGINOSOS","Angiosperms","Melastomataceae","Miconia","matthaei","Naudin","MELASTOMATACEAE Miconia matthaei Naudin","BHCB021435","splink","BHCB","Viana, P.L.","4411","Native","2009","Rezende, A.R.","0-0-0","Bronze","Prata",,"Canaã dos Carajás","Floresta Nacional de Carajás, S11B."
"PARQUE NACIONAL CAMPOS FERRUGINOSOS","Angiosperms","Monimiaceae","Mollinedia","ovata","Ruiz & Pav.","MONIMIACEAE Mollinedia ovata Ruiz & Pav.","BHCB029635","splink","BHCB","Giorni, V.T.","328","Native","2009","Silva, L.V.C.","0-0-0","Bronze","Prata",,"Canaã dos Carajás","Floresta Nacional de Carajás, S11B."
"PARQUE NACIONAL CAMPOS FERRUGINOSOS","Angiosperms","Phyllanthaceae","Phyllanthus","hyssopifolioides","Kunth","PHYLLANTHACEAE Phyllanthus hyssopifolioides Kunth","BHCB029694","splink","BHCB","Giorni, V.T.","141","Native","2009","Giorni, V.T.","0-0-0","Bronze","Prata",,"Canaã dos Carajás","Floresta Nacional de Carajás, Serra do Tarzan."
"PARQUE NACIONAL CAMPOS FERRUGINOSOS","Ferns and Lycophytes","Primulaceae","Cybianthus","penduliflorus","Mart.","PRIMULACEAE Cybianthus penduliflorus Mart.","BHCB028722","splink","BHCB","Viana, P.L.","4387","Native","2009","Silva, L.V.C.","0-0-0","Bronze","Prata",,"Canaã dos Carajás","Floresta Nacional de Carajás, Serra Sul."
"PARQUE NACIONAL CAMPOS FERRUGINOSOS","Angiosperms","Styracaceae","Styrax","griseus","P.W.Fritsch","STYRACACEAE Styrax griseus P.W.Fritsch","BHCB029770","splink","BHCB","Giorni, V.T.","186",,"2009","Silva, L.V.C.","0-0-0","Bronze","Prata",,"Canaã dos Carajás","Floresta Nacional de Carajás, S11D."
"PARQUE NACIONAL CAMPOS FERRUGINOSOS","Angiosperms","Malvaceae","Helicteres","eichleri","K.Schum.","MALVACEAE Helicteres eichleri K.Schum.","BHCB062171","splink","BHCB","Giorni, V.T.","164","Native","2009","Moreira, N.C.","2022","Bronze","Prata",,"Canaã dos Carajás","Floresta Nacional de Carajás, S11D."
"PARQUE NACIONAL CAMPOS FERRUGINOSOS","Angiosperms","Poaceae","Digitaria","ciliaris","(Retz.) Koeler","POACEAE Digitaria ciliaris (Retz.) Koeler","BHCB021510","splink","BHCB","Viana, P.L.","4376","Native","2009","Rocha, A.E.S.","2016","Bronze","Prata",,"Canaã dos Carajás","Floresta Nacional de Carajás, S11D."
"PARQUE NACIONAL CAMPOS FERRUGINOSOS","Angiosperms","Poaceae","Digitaria","violascens","Link","POACEAE Digitaria violascens Link","BHCB021513","splink","BHCB","Viana, P.L.","4382","Native","2009","Rocha, A.E.S.","2016","Bronze","Prata",,"Canaã dos Carajás","Floresta Nacional de Carajás, S11D."
"PARQUE NACIONAL CAMPOS FERRUGINOSOS","Angiosperms","Fabaceae","Macropsychanthus","bicolor","(Benth.) L.P.Queiroz & Snak","FABACEAE Macropsychanthus bicolor (Benth.) L.P.Queiroz & Snak","BHCB021872","splink","BHCB","Viana, P.L.","4389","Native","2009","Mattos, C.M.J.","2015","Bronze","Prata",,"Canaã dos Carajás","Floresta Nacional de Carajás, S11"
"PARQUE NACIONAL CAMPOS FERRUGINOSOS","Angiosperms","Melastomataceae","Mouriri","cearensis","Huber","MELASTOMATACEAE Mouriri cearensis Huber","BHCB021373","splink","BHCB","Viana, P.L.","4322","Native","2009","Silva, L.V.C.","2014","Bronze","Prata",,"Canaã dos Carajás","Floresta Nacional de Carajás, S11D."
"PARQUE NACIONAL CAMPOS FERRUGINOSOS","Angiosperms","Moraceae","Pseudolmedia","laevigata","Trécul","MORACEAE Pseudolmedia laevigata Trécul","BHCB028762","splink","BHCB","Giorni, V.T.","329","Native","2009","Silva, L.V.C.","2014","Bronze","Prata",,"Canaã dos Carajás","Floresta Nacional de Carajás, Serra Sul, Corpo A/B."
"PARQUE NACIONAL CAMPOS FERRUGINOSOS","Angiosperms","Myristicaceae","Iryanthera","paraensis","Huber","MYRISTICACEAE Iryanthera paraensis Huber","BHCB028763","splink","BHCB","Viana, P.L.","4404","Native","2009","Silva, L.V.C.","2014","Bronze","Prata",,"Canaã dos Carajás","Floresta Nacional de Carajás, S11B."
"PARQUE NACIONAL CAMPOS FERRUGINOSOS","Angiosperms","Arecaceae","Geonoma","maxima","(Poit.) Kunth","ARECACEAE Geonoma maxima (Poit.) Kunth","BHCB020259","splink","BHCB","Costa, L.V.","585","Native","2008","Viana, P.L.","0-0-0","Bronze","Prata",,"Canaã dos Carajás","Floresta Nacional de Carajás, S11D."
"PARQUE NACIONAL CAMPOS FERRUGINOSOS","Angiosperms","Capparaceae","Mesocapparis","lineata","(Dombey ex Pers.) Cornejo & Iltis","CAPPARACEAE Mesocapparis lineata (Dombey ex Pers.) Cornejo & Iltis","BHCB017484","splink","BHCB","Silva, L.V.C.","659","Native","2008","Silva, L.V.C.","0-9-0","Bronze","Prata",,"Canaã dos Carajás","Floresta Nacional de Carajás, Serra do Tarzan."
"PARQUE NACIONAL CAMPOS FERRUGINOSOS","Angiosperms","Celastraceae","Monteverdia","guyanensis","(Klotzsch ex Reissek) Biral","CELASTRACEAE Monteverdia guyanensis (Klotzsch ex Reissek) Biral","BHCB020508","splink","BHCB","Silva, L.V.C.","521","Native","2008","Giorni, V.T.","0-0-0","Bronze","Prata",,"Canaã dos Carajás","Floresta Nacional de Carajás, S11D."
"PARQUE NACIONAL CAMPOS FERRUGINOSOS","Ferns and Lycophytes","Commelinaceae","Commelina","erecta","L.","COMMELINACEAE Commelina erecta L.","BHCB020547","splink","BHCB","Silva, L.V.C.","532","Native","2008","Silva, L.V.C.","0-0-0","Bronze","Prata",,"Canaã dos Carajás","Floresta Nacional de Carajás, S11D."
"PARQUE NACIONAL CAMPOS FERRUGINOSOS","Ferns and Lycophytes","Malpighiaceae","Bunchosia","apiculata","Huber","MALPIGHIACEAE Bunchosia apiculata Huber","BHCB021310","splink","BHCB","Silva, L.V.C.","666","Native","2008","Marino, F.","0-0-0","Bronze","Prata",,"Canaã dos Carajás","Floresta Nacional de Carajás, Serra do Tarzan."
"PARQUE NACIONAL CAMPOS FERRUGINOSOS","Angiosperms","Melastomataceae","Miconia","ibaguensis","(Bonpl.) Triana","MELASTOMATACEAE Miconia ibaguensis (Bonpl.) Triana","BHCB021434","splink","BHCB","Costa, L.V.","575","Native","2008","Silva, L.V.C.","0-0-0","Bronze","Prata",,"Canaã dos Carajás","Floresta Nacional de Carajás, S11D."
"PARQUE NACIONAL CAMPOS FERRUGINOSOS","Angiosperms","Melastomataceae","Miconia","prasina","(Sw.) DC.","MELASTOMATACEAE Miconia prasina (Sw.) DC.","BHCB021440","splink","BHCB","Costa, L.V.","567","Native","2008","Rezende, A.R.","0-0-0","Bronze","Prata",,"Canaã dos Carajás","Floresta Nacional de Carajás, S11D."
"PARQUE NACIONAL CAMPOS FERRUGINOSOS","Angiosperms","Orchidaceae","Notylia","barkeri","Lindl.","ORCHIDACEAE Notylia barkeri Lindl.","BHCB027133","splink","BHCB","Costa, L.V.","637","Native","2008","Marino, F.","0-0-0","Bronze","Prata",,"Canaã dos Carajás","Floresta Nacional de Carajás, Serra do Tarzan."
"PARQUE NACIONAL CAMPOS FERRUGINOSOS","Ferns and Lycophytes","Bignoniaceae","Anemopaegma","longipetiolatum","Sprague","BIGNONIACEAE Anemopaegma longipetiolatum Sprague","BHCB020406","splink","BHCB","Viana, P.L.","3340","Native","2007","Silva, L.V.C.","0-0-0","Bronze","Prata",,"Canaã dos Carajás","Floresta Nacional de Carajás, S11D."
"PARQUE NACIONAL CAMPOS FERRUGINOSOS","Ferns and Lycophytes","Bromeliaceae","Aechmea","angustifolia","Poepp. & Endl.","BROMELIACEAE Aechmea angustifolia Poepp. & Endl.","BHCB020443","splink","BHCB","Mota, N.F.O.","1116","Native","2007","Machado, T.M.","0-0-0","Bronze","Prata",,"Canaã dos Carajás","Floresta Nacional de Carajás, S11A."
"PARQUE NACIONAL CAMPOS FERRUGINOSOS","Ferns and Lycophytes","Bromeliaceae","Aechmea","bromeliifolia","(Rudge) Baker","BROMELIACEAE Aechmea bromeliifolia (Rudge) Baker","BHCB020441","splink","BHCB","Viana, P.L.","3355","Native","2007","Viana, P.L.","0-0-0","Bronze","Prata",,"Canaã dos Carajás","Floresta Nacional de Carajás, S11D."
"PARQUE NACIONAL CAMPOS FERRUGINOSOS","Angiosperms","Clusiaceae","Symphonia","globulifera","L.f.","CLUSIACEAE Symphonia globulifera L.f.","BHCB020542","splink","BHCB","Mota, N.F.O.","1221","Native","2007","Viana, P.L.","0-0-0","Bronze","Prata",,"Canaã dos Carajás","Floresta Nacional de Carajás, Corpos A, B, C."
"PARQUE NACIONAL CAMPOS FERRUGINOSOS","Angiosperms","Lentibulariaceae","Utricularia","gibba","L.","LENTIBULARIACEAE Utricularia gibba L.","BHCB028003","splink","BHCB","Viana, P.L.","3433","Native","2007","Batista, V.","0-0-0","Bronze","Prata",,"Canaã dos Carajás","Floresta Nacional de Carajás, Serra Sul."
"PARQUE NACIONAL CAMPOS FERRUGINOSOS","Angiosperms","Euphorbiaceae","Manihot","esculenta","Crantz","EUPHORBIACEAE Manihot esculenta Crantz","SP0464797","splink","SP","Mota, N.F.O.","1216","Native","2007","Orlandini, P.","2016","Bronze","Prata",,"Canaã dos Carajás","Floresta Nacional de Carajás, Canga arbustiva. Borda de capão"
"PARQUE NACIONAL CAMPOS FERRUGINOSOS","Angiosperms","Pteridaceae","Adiantum","obliquum","Willd.","PTERIDACEAE Adiantum obliquum Willd.","114473","splink","BHCB","Mota, N.F.O.","1205","Native","2007","Salino, A.","2008","Bronze","Prata",,"Canaã dos Carajás","Floresta Nacional de Carajás, Serra do Tarzan"
"PARQUE NACIONAL CAMPOS FERRUGINOSOS","Angiosperms","Pteridaceae","Pteris","quadriaurita","Retz.","PTERIDACEAE Pteris quadriaurita Retz.","BHCB01123327",,"BHCB","Mota, N.F.O.","1200","Native","2007","Salino, A.","2008","Bronze","Prata",,"Canaã dos Carajás","Floresta Nacional de Carajás. Serra do Tarzan."
"PARQUE NACIONAL CAMPOS FERRUGINOSOS","Ferns and Lycophytes","Vochysiaceae","Callisthene","minor","Mart.","VOCHYSIACEAE Callisthene minor Mart.","BHCB009396","splink","BHCB","Mota, N.F.O.","1064","Native","2007","Silva, D.F.","2007","Bronze","Prata",,"Canaã dos Carajás","Floresta Nacional de Carajás, Serra Sul, Corpo D, Canga arbustiva."
"PARQUE NACIONAL CAMPOS FERRUGINOSOS","Angiosperms","Asteraceae","Bidens","bipinnata","L.","ASTERACEAE Bidens bipinnata L.","CEN00137692","splink","CEN","Dias, K.N.L.","1312","Native","2025",,,"Latão","Prata",,"Canaã dos Carajás","Floresta Nacional de Carajás. Área da amostragem: S11D."
"PARQUE NACIONAL CAMPOS FERRUGINOSOS","Ferns and Lycophytes","Asteraceae","Tridax","procumbens","L.","ASTERACEAE Tridax procumbens L.","CEN00137696","splink","CEN","Dias, K.N.L.","1320","Native","2025",,,"Latão","Prata",,"Canaã dos Carajás","Floresta Nacional de Carajás. Área da amostragem: Serra Sul."
"PARQUE NACIONAL CAMPOS FERRUGINOSOS","Angiosperms","Fabaceae","Cajanus","cajan","(L.) Huth","FABACEAE Cajanus cajan (L.) Huth","CEN00137694","splink","CEN","Dias, K.N.L.","1317","Native","2025",,,"Latão","Prata",,"Canaã dos Carajás","Floresta Nacional de Carajás. Área da amostragem: S11D."
"PARQUE NACIONAL CAMPOS FERRUGINOSOS","Angiosperms","Malvaceae","Urena","lobata","L.","MALVACEAE Urena lobata L.","CEN00137701","splink","CEN","Dias, K.N.L.","1332","Native","2025",,,"Latão","Prata",,"Canaã dos Carajás","Floresta Nacional de Carajás. Área da amostragem: S11C."
"PARQUE NACIONAL CAMPOS FERRUGINOSOS","Angiosperms","Poaceae","Cenchrus","americanus","(L.) Morrone","POACEAE Cenchrus americanus (L.) Morrone","CEN00137693","splink","CEN","Dias, K.N.L.","1314",,"2025",,,"Latão","Prata",,"Canaã dos Carajás","Floresta Nacional de Carajás. Área da amostragem: S11D."
"PARQUE NACIONAL CAMPOS FERRUGINOSOS","Angiosperms","Poaceae","Cenchrus","setosus","Sw.","POACEAE Cenchrus setosus Sw.","CEN00137699","splink","CEN","Dias, K.N.L.","1330",,"2025",,,"Latão","Prata",,"Canaã dos Carajás","Floresta Nacional de Carajás. Área da amostragem: S11D."
"PARQUE NACIONAL CAMPOS FERRUGINOSOS","Angiosperms","Poaceae","Melinis","repens","(Willd.) Zizka","POACEAE Melinis repens (Willd.) Zizka","CEN00137698","splink","CEN","Dias, K.N.L.","1328","Native","2025",,,"Latão","Prata",,"Canaã dos Carajás","Floresta Nacional de Carajás. Área da amostragem: S11D."
"PARQUE NACIONAL CAMPOS FERRUGINOSOS","Angiosperms","Poaceae","Sorghum","bicolor","(L.) Moench","POACEAE Sorghum bicolor (L.) Moench","CEN00137700","splink","CEN","Dias, K.N.L.","1331","Native","2025",,,"Latão","Prata",,"Canaã dos Carajás","Floresta Nacional de Carajás. Área da amostragem: S11D."
"PARQUE NACIONAL CAMPOS FERRUGINOSOS","Angiosperms","Euphorbiaceae","Astraea",,"Klotzsch","EUPHORBIACEAE Astraea Klotzsch","BHCB199712","splink","BHCB","Vasconcelos, L.V.","781","Native","2016",,"0-0-0","Latão","Prata",,"Canaã dos Carajás","Floresta Nacional de Carajás, Serra dos Carajás, Lagoa do Amendoim."
"PARQUE NACIONAL CAMPOS FERRUGINOSOS","Angiosperms","Hypericaceae","Vismia",,"Vand.","HYPERICACEAE Vismia Vand.","BHCB199783","splink","BHCB","Viana, P.L.","5644","Native","2015",,"0-0-0","Latão","Prata",,"Canaã dos Carajás","Floresta Nacional de Carajás, Serra dos Carajás, Serra do Tarzan"
"PARQUE NACIONAL CAMPOS FERRUGINOSOS","Angiosperms","Isoetaceae","Isoetes",,"L.","ISOETACEAE Isoetes L.","BHCB070003","splink","BHCB","Giorni, V.T.","s.n.","Native","2015",,"0-0-0","Latão","Prata",,"Canaã dos Carajás","Floresta Nacional de Carajás, Lagoa do Amendoim"
"PARQUE NACIONAL CAMPOS FERRUGINOSOS","Ferns and Lycophytes","Moraceae","Ficus","americana","Aubl.","MORACEAE Ficus americana Aubl.","BHCB199797","splink","BHCB","Reis, A.","28","Native","2015",,"0-0-0","Latão","Prata",,"Canaã dos Carajás","Floresta Nacional de Carajás, Serra Sul - S11D. Próximo a lagoas das Macrófitas"
"PARQUE NACIONAL CAMPOS FERRUGINOSOS","Angiosperms","Polypodiaceae","Serpocaulon",,"A.R.Sm.","POLYPODIACEAE Serpocaulon A.R.Sm.","BHCB01126658",,"BHCB","Salino, A.","16101","Native","2015",,,"Latão","Prata",,"Canaã dos Carajás","Floresta Nacional de Carajás. Serra Sul. Lagoa do Amendoim."
"PARQUE NACIONAL CAMPOS FERRUGINOSOS","Angiosperms","Linderniaceae","Lindernia",,"All.","LINDERNIACEAE Lindernia All.","BHCB021347","splink","BHCB","Arruda, A.J.","1342","Native","2013",,"0-0-0","Latão","Prata",,"Canaã dos Carajás","Floresta Nacional de Carajás, S11D."
"PARQUE NACIONAL CAMPOS FERRUGINOSOS",,"Melastomataceae","Miconia",,"Ruiz & Pav.","MELASTOMATACEAE Miconia Ruiz & Pav.","BHCB021424","splink","BHCB","Arruda, A.J.","1334",,"2013",,"0-0-0","Latão","Prata",,"Canaã dos Carajás","Floresta Nacional de Carajás, S11D."
"PARQUE NACIONAL CAMPOS FERRUGINOSOS","Angiosperms","Anemiaceae","Anemia","phyllitidis","(L.) Sw.","ANEMIACEAE Anemia phyllitidis (L.) Sw.","BHCB052446","splink","BHCB","Arruda, A.J.","479","Native","2012",,"0-0-0","Latão","Prata",,"Canaã dos Carajás","Floresta Nacional de Carajás, S11D"
"PARQUE NACIONAL CAMPOS FERRUGINOSOS","Angiosperms","Annonaceae",,,"Juss.","ANNONACEAE Annonaceae Juss.","155844","splink","BHCB","Silva, L.V.C.","1119","Native","2012",,"0-0-0","Latão","Prata",,"Canaã dos Carajás","Floresta Nacional de Carajás, S11D."
"PARQUE NACIONAL CAMPOS FERRUGINOSOS","Angiosperms","Apocynaceae","Hemipogon",,"Decne.","APOCYNACEAE Hemipogon Decne.","158949","splink","BHCB","Meyer, P.B.","1125","Cultivated","2012",,"0-0-0","Latão","Prata",,"Canaã dos Carajás","Floresta Nacional de Carajás, S11D."
"PARQUE NACIONAL CAMPOS FERRUGINOSOS","Angiosperms","Aquifoliaceae","Ilex",,"L.","AQUIFOLIACEAE Ilex L.","BHCB020252","splink","BHCB","Paula, L.F.A.","457","Native","2012",,"0-0-0","Latão","Prata",,"Canaã dos Carajás","Floresta Nacional de Carajás, S11D. Próximo de drenagem."
"PARQUE NACIONAL CAMPOS FERRUGINOSOS","Angiosperms","Araceae","Anthurium","kunthii","Poepp.","ARACEAE Anthurium kunthii Poepp.","157655","splink","BHCB","Arruda, A.J.","731","Native","2012",,"0-0-0","Latão","Prata",,"Canaã dos Carajás","Floresta Nacional de Carajás, S11B."
"PARQUE NACIONAL CAMPOS FERRUGINOSOS","Angiosperms","Araceae",,,"Juss.","ARACEAE Araceae Juss.","157579","splink","BHCB","Paula, L.F.A.","544","Native","2012",,"0-0-0","Latão","Prata",,"Canaã dos Carajás","Floresta Nacional de Carajás, Serra do Tarzan."
"PARQUE NACIONAL CAMPOS FERRUGINOSOS","Angiosperms","Araceae","Wolffia","brasiliensis","Wedd.","ARACEAE Wolffia brasiliensis Wedd.","BHCB017756","splink","BHCB","Pivari, M.O.D.","1734","Native","2012",,"0-0-0","Latão","Prata",,"Canaã dos Carajás","Floresta Nacional de Carajás, Borda de baixo da Pilha de Estéril."
"PARQUE NACIONAL CAMPOS FERRUGINOSOS","Angiosperms","Aspleniaceae","Asplenium","cruegeri","Hieron.","ASPLENIACEAE Asplenium cruegeri Hieron.","155868","splink","BHCB","Silva, L.V.C.","1144","Native","2012",,"0-0-0","Latão","Prata",,"Canaã dos Carajás","Floresta Nacional de Carajás, S11C"
"PARQUE NACIONAL CAMPOS FERRUGINOSOS","Angiosperms","Aspleniaceae","Hymenasplenium","delitescens","(Maxon) L. Regalado & Prada","ASPLENIACEAE Hymenasplenium delitescens (Maxon) L. Regalado & Prada","BHCB01125524",,"BHCB","Giorni, V.T.","932","Native","2012",,,"Latão","Prata",,"Canaã dos Carajás","Floresta Nacional dos Carajás, S11-D. Floresta Ombrófila. Coordenada aproximada."
"PARQUE NACIONAL CAMPOS FERRUGINOSOS","Angiosperms","Asteraceae","Parapiqueria","cavalcantei","R.M.King & H.Rob.","ASTERACEAE Parapiqueria cavalcantei R.M.King & H.Rob.","157817","splink","BHCB","Viana, P.L.","5237","Native","2012",,"0-0-0","Latão","Prata",,"Canaã dos Carajás","Floresta Nacional de Carajás, S11C."
"PARQUE NACIONAL CAMPOS FERRUGINOSOS","Angiosperms","Blechnaceae","Telmatoblechnum","serrulatum","(Rich.) Perrie, D.J. Ohlsen & Brownsey","BLECHNACEAE Telmatoblechnum serrulatum (Rich.) Perrie, D.J. Ohlsen & Brownsey","159205","splink","BHCB","Arruda, A.J.","1190",,"2012",,"0-0-0","Latão","Prata",,"Canaã dos Carajás","Floresta Nacional de Carajás, S11A"
"PARQUE NACIONAL CAMPOS FERRUGINOSOS","Angiosperms","Capparaceae","Capparis",,"L.","CAPPARACEAE Capparis L.","BHCB020502","splink","BHCB","Paula, L.F.A.","505","Native","2012",,"0-0-0","Latão","Prata",,"Canaã dos Carajás","Floresta Nacional de Carajás, S11-D - Acesso Racha Placa."
"PARQUE NACIONAL CAMPOS FERRUGINOSOS","Angiosperms","Caricaceae","Jacaratia","spinosa","(Aubl.) A.DC.","CARICACEAE Jacaratia spinosa (Aubl.) A.DC.","BHCB020503","splink","BHCB","Arruda, A.J.","556","Native","2012",,"0-0-0","Latão","Prata",,"Canaã dos Carajás","Floresta Nacional de Carajás, Racha Placa."
"PARQUE NACIONAL CAMPOS FERRUGINOSOS","Angiosperms","Commelinaceae","Commelina","benghalensis","L.","COMMELINACEAE Commelina benghalensis L.","BHCB020544","splink","BHCB","Paula, L.F.A.","524","Native","2012",,"0-0-0","Latão","Prata",,"Canaã dos Carajás","Floresta Nacional de Carajás, Racha Placa. Usina S11D."
"PARQUE NACIONAL CAMPOS FERRUGINOSOS","Ferns and Lycophytes","Commelinaceae","Murdannia","nudiflora","(L.) Brenan","COMMELINACEAE Murdannia nudiflora (L.) Brenan","BHCB020556","splink","BHCB","Pivari, M.O.D.","1680","Native","2012",,"0-0-0","Latão","Prata",,"Canaã dos Carajás","Floresta Nacional de Carajás, Segundo aceiro à direita da área da Pilha de Estéril S11D."
"PARQUE NACIONAL CAMPOS FERRUGINOSOS","Ferns and Lycophytes","Convolvulaceae","Evolvulus","lithospermoides","Mart.","CONVOLVULACEAE Evolvulus lithospermoides Mart.","BHCB020561","splink","BHCB","Arruda, A.J.","756","Native","2012",,"0-0-0","Latão","Prata",,"Canaã dos Carajás","Floresta Nacional de Carajás, S11A."
"PARQUE NACIONAL CAMPOS FERRUGINOSOS","Ferns and Lycophytes","Convolvulaceae","Ipomoea","carajasensis","D.F. Austin","CONVOLVULACEAE Ipomoea carajasensis D.F. Austin","BHCB020610","splink","BHCB","Meyer, P.B.","1154","Native","2012",,"0-0-0","Latão","Prata",,"Canaã dos Carajás","Floresta Nacional de Carajás, S11C."
"PARQUE NACIONAL CAMPOS FERRUGINOSOS","Ferns and Lycophytes","Dilleniaceae","Davilla","nitida","(Vahl) Kubitzki","DILLENIACEAE Davilla nitida (Vahl) Kubitzki","BHCB026149","splink","BHCB","Pivari, M.O.D.","1723","Native","2012",,"0-0-0","Latão","Prata",,"Canaã dos Carajás","Floresta Nacional de Carajás, Borda de baixo da Pilha de Estéril. S11D."
"PARQUE NACIONAL CAMPOS FERRUGINOSOS","Angiosperms","Dryopteridaceae","Cyclodium",,"C.Presl","DRYOPTERIDACEAE Cyclodium C.Presl","162176","splink","BHCB","Arruda, A.J.","1328","Native","2012",,"0-0-0","Latão","Prata",,"Canaã dos Carajás","Floresta Nacional de Carajás, Serra do Tarzan"
"PARQUE NACIONAL CAMPOS FERRUGINOSOS","Angiosperms","Dryopteridaceae","Cyclodium","meniscioides","(Willd.) C.Presl","DRYOPTERIDACEAE Cyclodium meniscioides var. meniscioides (Willd.) C.Presl","BHCB01126273",,"BHCB","Arruda, A.J.","1167","Native","2012",,,"Latão","Prata",,"Canaã dos Carajás","Floresta Nacional de Carajás. S11A."
"PARQUE NACIONAL CAMPOS FERRUGINOSOS","Angiosperms","Dryopteridaceae","Mickelia",,"R.C.Moran, Labiak & Sundue","DRYOPTERIDACEAE Mickelia R.C.Moran, Labiak & Sundue","162173","splink","BHCB","Arruda, A.J.","1325","Native","2012",,"0-0-0","Latão","Prata",,"Canaã dos Carajás","Floresta Nacional de Carajás, Serra do Tarzan"
"PARQUE NACIONAL CAMPOS FERRUGINOSOS","Angiosperms","Euphorbiaceae",,,"Juss.","EUPHORBIACEAE Euphorbiaceae Juss.","156112","splink","BHCB","Paula, L.F.A.","481","Native","2012",,"0-0-0","Latão","Prata",,"Canaã dos Carajás","Floresta Nacional de Carajás, Racha Placa."
"PARQUE NACIONAL CAMPOS FERRUGINOSOS",,"Fabaceae","Bauhinia","aculeata","L.","FABACEAE Bauhinia aculeata L.","BHCB026995","splink","BHCB","Paula, L.F.A.","482",,"2012",,"0-0-0","Latão","Prata",,"Canaã dos Carajás","Floresta Nacional de Carajás, Racha Placa."
"PARQUE NACIONAL CAMPOS FERRUGINOSOS","Ferns and Lycophytes","Fabaceae","Desmodium","adscendens","(Sw.) DC.","FABACEAE Desmodium adscendens (Sw.) DC.","BHCB027160","splink","BHCB","Rodrigues, I.M.C.","579","Native","2012",,"0-0-0","Latão","Prata",,"Canaã dos Carajás","Floresta Nacional de Carajás, Pilha de Estéril. S11D."
"PARQUE NACIONAL CAMPOS FERRUGINOSOS","Ferns and Lycophytes","Fabaceae","Desmodium","affine","Schltdl.","FABACEAE Desmodium affine Schltdl.","BHCB027158","splink","BHCB","Rodrigues, I.M.C.","594","Native","2012",,"0-0-0","Latão","Prata",,"Canaã dos Carajás","Floresta Nacional de Carajás, Segundo aceiro à direita da área da Pilha de Estéril. S11D."
"PARQUE NACIONAL CAMPOS FERRUGINOSOS","Angiosperms","Fabaceae","Desmodium",,"Desv.","FABACEAE Desmodium Desv.","BHCB027155","splink","BHCB","Rodrigues, I.M.C.","535","Native","2012",,"0-0-0","Latão","Prata",,"Canaã dos Carajás","Floresta Nacional de Carajás, S11D."
"PARQUE NACIONAL CAMPOS FERRUGINOSOS","Ferns and Lycophytes","Fabaceae","Desmodium","incanum","(Sw.) DC.","FABACEAE Desmodium incanum (Sw.) DC.","BHCB027156","splink","BHCB","Paula, L.F.A.","488","Native","2012",,"0-0-0","Latão","Prata",,"Canaã dos Carajás","Floresta Nacional de Carajás, Racha Placa."
"PARQUE NACIONAL CAMPOS FERRUGINOSOS","Ferns and Lycophytes","Gnetaceae","Gnetum","leyboldii","Tul.","GNETACEAE Gnetum leyboldii Tul.","BHCB027764","splink","BHCB","Pivari, M.O.D.","1676","Native","2012",,"0-0-0","Latão","Prata",,"Canaã dos Carajás","Floresta Nacional de Carajás, Borda do Primeiro Aceiro da Pilha de Estéril S11D."
"PARQUE NACIONAL CAMPOS FERRUGINOSOS","Angiosperms","Heliconiaceae","Heliconia","chartacea","Lane ex Barreiros","HELICONIACEAE Heliconia chartacea Lane ex Barreiros","BHCB027762","splink","BHCB","Rodrigues, I.M.C.","611","Native","2012",,"0-0-0","Latão","Prata",,"Canaã dos Carajás","Floresta Nacional de Carajás, Pilha de Estéril. S11D."
"PARQUE NACIONAL CAMPOS FERRUGINOSOS","Angiosperms","Hymenophyllaceae","Didymoglossum","kapplerianum","(Sturm) Ebihara & Dubuisson","HYMENOPHYLLACEAE Didymoglossum kapplerianum (Sturm) Ebihara & Dubuisson","BHCB01126364",,"BHCB","Salino, A.","15254","Native","2012",,,"Latão","Prata",,"Canaã dos Carajás","Floresta Nacional de Carajás. Serra Sul, Corpo S11A."
"PARQUE NACIONAL CAMPOS FERRUGINOSOS","Angiosperms","Hymenophyllaceae","Trichomanes","accedens","C.Presl","HYMENOPHYLLACEAE Trichomanes accedens C.Presl","BHCB01126373",,"BHCB","Arruda, A.J.","464","Native","2012",,,"Latão","Prata",,"Canaã dos Carajás","Floresta Nacional de Carajás. S11D."
"PARQUE NACIONAL CAMPOS FERRUGINOSOS","Angiosperms","Hymenophyllaceae","Trichomanes","crispum","L.","HYMENOPHYLLACEAE Trichomanes crispum L.","157571","splink","BHCB","Paula, L.F.A.","536","Native","2012",,"0-0-0","Latão","Prata",,"Canaã dos Carajás","Floresta Nacional de Carajás, Serra do Tarzan"
"PARQUE NACIONAL CAMPOS FERRUGINOSOS","Angiosperms","Hymenophyllaceae","Vandenboschia","radicans","(Sw.) Copel.","HYMENOPHYLLACEAE Vandenboschia radicans (Sw.) Copel.","159203","splink","BHCB","Silva, L.V.C.","1347","Native","2012",,"0-0-0","Latão","Prata",,"Canaã dos Carajás","Floresta Nacional de Carajás, Serra do Tarzan"
"PARQUE NACIONAL CAMPOS FERRUGINOSOS","Angiosperms","Hypericaceae",,,"Juss.","HYPERICACEAE Hypericaceae Juss.","BHCB021749","splink","BHCB","Paula, L.F.A.","473","Native","2012",,"0-0-0","Latão","Prata",,"Canaã dos Carajás","Floresta Nacional de Carajás, Racha Placa."
"PARQUE NACIONAL CAMPOS FERRUGINOSOS","Ferns and Lycophytes","Lygodiaceae","Lygodium","venustum","Sw.","LYGODIACEAE Lygodium venustum Sw.","BHCB01125861",,"BHCB","Arruda, A.J.","525","Native","2012",,,"Latão","Prata",,"Canaã dos Carajás","Floresta Nacional de Carajás. Racha Placa."
"PARQUE NACIONAL CAMPOS FERRUGINOSOS","Ferns and Lycophytes","Malvaceae","Sida","glomerata","Cav.","MALVACEAE Sida glomerata Cav.","BHCB028681","splink","BHCB","Arruda, A.J.","513","Native","2012",,"0-0-0","Latão","Prata",,"Canaã dos Carajás","Floresta Nacional de Carajás, Racha Placa. ADA Usina S11. UTM 22M 9286949 588099"
"PARQUE NACIONAL CAMPOS FERRUGINOSOS","Angiosperms","Melastomataceae","Aciotis","acuminifolia","(Mart. ex DC.) Triana","MELASTOMATACEAE Aciotis acuminifolia (Mart. ex DC.) Triana","BHCB021470","splink","BHCB","Pivari, M.O.D.","1684","Native","2012",,"0-0-0","Latão","Prata",,"Canaã dos Carajás","Floresta Nacional de Carajás, Segundo aceiro à direita da área da Pilha de Estéril S11D."
"PARQUE NACIONAL CAMPOS FERRUGINOSOS","Angiosperms","Melastomataceae","Leandra","micropetala","(Naudin) Cogn.","MELASTOMATACEAE Leandra micropetala (Naudin) Cogn.","BHCB021441","splink","BHCB","Silva, L.V.C.","1107","Native","2012",,"0-0-0","Latão","Prata",,"Canaã dos Carajás","Floresta Nacional de Carajás, S11D."
"PARQUE NACIONAL CAMPOS FERRUGINOSOS","Angiosperms","Melastomataceae","Leandra",,"Raddi","MELASTOMATACEAE Leandra Raddi","BHCB021365","splink","BHCB","Pivari, M.O.D.","1727","Native","2012",,"0-0-0","Latão","Prata",,"Canaã dos Carajás","Floresta Nacional de Carajás, S11D. Borda de baixo da Pilha de Estéril."
"PARQUE NACIONAL CAMPOS FERRUGINOSOS","Angiosperms","Melastomataceae","Miconia","affinis","DC.","MELASTOMATACEAE Miconia affinis DC.","BHCB021385","splink","BHCB","Rodrigues, I.M.C.","541","Native","2012",,"0-0-0","Latão","Prata",,"Canaã dos Carajás","Floresta Nacional de Carajás, Pilha de Estéril. S11D."
"PARQUE NACIONAL CAMPOS FERRUGINOSOS","Ferns and Lycophytes","Melastomataceae","Miconia","cinnamomifolia","(DC.) Naudin","MELASTOMATACEAE Miconia cinnamomifolia (DC.) Naudin","BHCB021410","splink","BHCB","Arruda, A.J.","530","Native","2012",,"0-0-0","Latão","Prata",,"Canaã dos Carajás","Floresta Nacional de Carajás, Racha Placa."
"PARQUE NACIONAL CAMPOS FERRUGINOSOS","Angiosperms","Melastomataceae","Pleroma","stenocarpum","(Schrank et Mart. ex DC.) Triana","MELASTOMATACEAE Pleroma stenocarpum (Schrank et Mart. ex DC.) Triana","BHCB021457","splink","BHCB","Viana, P.L.","5261","Native","2012",,"0-0-0","Latão","Prata",,"Canaã dos Carajás","Floresta Nacional de Carajás, S11A."
"PARQUE NACIONAL CAMPOS FERRUGINOSOS","Angiosperms","Menispermaceae","Cissampelos","pareira","L.","MENISPERMACEAE Cissampelos pareira L.","BHCB029631","splink","BHCB","Rodrigues, I.M.C.","574",,"2012",,"0-0-0","Latão","Prata",,"Canaã dos Carajás","Floresta Nacional de Carajás, Pilha de Estéril. S11D."
"PARQUE NACIONAL CAMPOS FERRUGINOSOS","Angiosperms","Myrtaceae","Myrcia",,"DC.","MYRTACEAE Myrcia DC.","BHCB027809","splink","BHCB","Rodrigues, I.M.C.","566","Native","2012",,"0-0-0","Latão","Prata",,"Canaã dos Carajás","Floresta Nacional de Carajás, Pilha de Estéril. S11D."
"PARQUE NACIONAL CAMPOS FERRUGINOSOS","Angiosperms","Myrtaceae","Plinia",,"L.","MYRTACEAE Plinia L.","BHCB027806","splink","BHCB","Rodrigues, I.M.C.","562","Native","2012",,"0-0-0","Latão","Prata",,"Canaã dos Carajás","Floresta Nacional de Carajás, Pilha de Estéril. S11D."
"PARQUE NACIONAL CAMPOS FERRUGINOSOS","Angiosperms","Nyctaginaceae","Pisonia",,"L.","NYCTAGINACEAE Pisonia L.","BHCB027176","splink","BHCB","Rodrigues, I.M.C.","602","Native","2012",,"0-0-0","Latão","Prata",,"Canaã dos Carajás","Floresta Nacional de Carajás, Pilha de Estéril. S11D."
"PARQUE NACIONAL CAMPOS FERRUGINOSOS","Angiosperms","Orchidaceae","Cyrtopodium",,"R.Br.","ORCHIDACEAE Cyrtopodium R.Br.","159215","splink","BHCB","Arruda, A.J.","1200","Native","2012",,"0-0-0","Latão","Prata",,"Canaã dos Carajás","Floresta Nacional de Carajás, S11A."
"PARQUE NACIONAL CAMPOS FERRUGINOSOS","Angiosperms","Orchidaceae","Habenaria","nuda","Lindl.","ORCHIDACEAE Habenaria nuda Lindl.","157646","splink","BHCB","Arruda, A.J.","722","Native","2012",,"0-0-0","Latão","Prata",,"Canaã dos Carajás","Floresta Nacional de Carajás, S11D."
"PARQUE NACIONAL CAMPOS FERRUGINOSOS","Angiosperms","Orchidaceae","Polystachya","concreta","(Jacq.) Garay & Sweet","ORCHIDACEAE Polystachya concreta (Jacq.) Garay & Sweet","BHCB027194","splink","BHCB","Silva, L.V.C.","1109","Native","2012",,"0-0-0","Latão","Prata",,"Canaã dos Carajás","Floresta Nacional de Carajás, S11D."
"PARQUE NACIONAL CAMPOS FERRUGINOSOS","Angiosperms","Plantaginaceae",,,"Juss.","PLANTAGINACEAE Plantaginaceae Juss.","155957","splink","BHCB","Arruda, A.J.","459","Native","2012",,"0-0-0","Latão","Prata",,"Canaã dos Carajás","Floresta Nacional de Carajás, S11D."
"PARQUE NACIONAL CAMPOS FERRUGINOSOS","Angiosperms","Poaceae","Orthoclada","laxa","(Rich.) P.Beauv.","POACEAE Orthoclada laxa (Rich.) P.Beauv.","BHCB021692","splink","BHCB","Arruda, A.J.","502","Native","2012",,"0-0-0","Latão","Prata",,"Canaã dos Carajás","Floresta Nacional de Carajás, ADA Usina S11. Cachoeira do André. UTM 22M 9291498 583253"
"PARQUE NACIONAL CAMPOS FERRUGINOSOS","Angiosperms","Poaceae","Parodiolyra",,"Soderstr. & Zuloaga","POACEAE Parodiolyra Soderstr. & Zuloaga","156058","splink","BHCB","Arruda, A.J.","570","Native","2012",,"0-0-0","Latão","Prata",,"Canaã dos Carajás","Floresta Nacional de Carajás, Pilha de Estéril - S11D."
"PARQUE NACIONAL CAMPOS FERRUGINOSOS","Ferns and Lycophytes","Poaceae","Paspalum","conjugatum","P.J.Bergius","POACEAE Paspalum conjugatum P.J.Bergius","BHCB021534","splink","BHCB","Silva, L.V.C.","1248","Native","2012",,"0-0-0","Latão","Prata",,"Canaã dos Carajás","Floresta Nacional de Carajás, Serra do Tarzan."
"PARQUE NACIONAL CAMPOS FERRUGINOSOS","Angiosperms","Poaceae","Streptogyna","americana","C.E.Hubb.","POACEAE Streptogyna americana C.E.Hubb.","BHCB021833","splink","BHCB","Paula, L.F.A.","454","Native","2012",,"0-0-0","Latão","Prata",,"Canaã dos Carajás","Floresta Nacional de Carajás, S11D. Próximo de drenagem. UTM 22M 9293487 575444 UTM SAD 69"
"PARQUE NACIONAL CAMPOS FERRUGINOSOS","Ferns and Lycophytes","Polypodiaceae","Microgramma",,"C.Presl","POLYPODIACEAE Microgramma C.Presl","BHCB01126597",,"BHCB","Salino, A.","15295","Native","2012",,,"Latão","Prata",,"Canaã dos Carajás","Floresta Nacional de Carajás. S11B."
"PARQUE NACIONAL CAMPOS FERRUGINOSOS","Angiosperms","Polypodiaceae","Microgramma","lycopodioides","(L.) Copel.","POLYPODIACEAE Microgramma lycopodioides (L.) Copel.","BHCB01126570",,"BHCB","Salino, A.","15267","Native","2012",,,"Latão","Prata",,"Canaã dos Carajás","Floresta Nacional de Carajás. S11A."
"PARQUE NACIONAL CAMPOS FERRUGINOSOS","Ferns and Lycophytes","Polypodiaceae","Serpocaulon","richardii","(Klotzsch) A.R.Sm.","POLYPODIACEAE Serpocaulon richardii (Klotzsch) A.R.Sm.","157439","splink","BHCB","Salino, A.","15297","Native","2012",,"0-0-0","Latão","Prata",,"Canaã dos Carajás","Floresta Nacional de Carajás, S11B"
"PARQUE NACIONAL CAMPOS FERRUGINOSOS","Angiosperms","Pontederiaceae","Heteranthera","oblongifolia","Mart. ex Schult. & Schult.f.","PONTEDERIACEAE Heteranthera oblongifolia Mart. ex Schult. & Schult.f.","BHCB022206","splink","BHCB","Pivari, M.O.D.","1670","Native","2012",,"0-0-0","Latão","Prata",,"Canaã dos Carajás","Floresta Nacional de Carajás, Borda do Primeiro Aceiro da Pilha de Estéril S11D."
"PARQUE NACIONAL CAMPOS FERRUGINOSOS","Ferns and Lycophytes","Portulacaceae","Portulaca","brevifolia","Urb.","PORTULACACEAE Portulaca brevifolia Urb.","157690","splink","BHCB","Arruda, A.J.","769","Native","2012",,"0-0-0","Latão","Prata",,"Canaã dos Carajás","Floresta Nacional de Carajás, S11C."
"PARQUE NACIONAL CAMPOS FERRUGINOSOS","Angiosperms","Pteridaceae","Adiantum","deflectens","Mart.","PTERIDACEAE Adiantum deflectens Mart.","BHCB01126684",,"BHCB","Silva, L.V.C.","1140","Native","2012",,,"Latão","Prata",,"Canaã dos Carajás","Floresta Nacional de Carajás. S11C."
"PARQUE NACIONAL CAMPOS FERRUGINOSOS","Angiosperms","Pteridaceae","Polytaenium","guayanense","(Hieron.) Alston","PTERIDACEAE Polytaenium guayanense (Hieron.) Alston","BHCB01126792",,"BHCB","Arruda, A.J.","472","Native","2012",,,"Latão","Prata",,"Canaã dos Carajás","Floresta Nacional de Carajás. S11D."
"PARQUE NACIONAL CAMPOS FERRUGINOSOS","Angiosperms","Pteridaceae","Pteris","denticulata","Sw.","PTERIDACEAE Pteris denticulata Sw.","157507","splink","BHCB","Arruda, A.J.","590","Native","2012",,"0-0-0","Latão","Prata",,"Canaã dos Carajás","Floresta Nacional de Carajás, Serra do Tarzan"
"PARQUE NACIONAL CAMPOS FERRUGINOSOS","Angiosperms","Rubiaceae","Chomelia","ribesioides","Benth. ex A.Gray","RUBIACEAE Chomelia ribesioides Benth. ex A.Gray","BHCB021711","splink","BHCB","Paula, L.F.A.","445",,"2012",,"0-0-0","Latão","Prata",,"Canaã dos Carajás","Floresta Nacional de Carajás, S11D."
"PARQUE NACIONAL CAMPOS FERRUGINOSOS","Ferns and Lycophytes","Rubiaceae","Eumachia","inconspicua","(C.M.Taylor) C.M.Taylor & Razafim.","RUBIACEAE Eumachia inconspicua (C.M.Taylor) C.M.Taylor & Razafim.","BHCB021752","splink","BHCB","Pivari, M.O.D.","1655","Native","2012",,"0-0-0","Latão","Prata",,"Canaã dos Carajás","Floresta Nacional de Carajás, Racha Placa. Pilha de Estéril - S11D."
"PARQUE NACIONAL CAMPOS FERRUGINOSOS","Angiosperms","Rubiaceae","Hexasepalum","teres","(Walter) J.H.Kirkbr.","RUBIACEAE Hexasepalum teres (Walter) J.H.Kirkbr.","BHCB019091","splink","BHCB","Arruda, A.J.","508","Native","2012",,"0-0-0","Latão","Prata",,"Canaã dos Carajás","Floresta Nacional de Carajás, Racha Placa. ADA Usina S11."
"PARQUE NACIONAL CAMPOS FERRUGINOSOS","Angiosperms","Rubiaceae","Palicourea","glabra","(Aubl.) Delprete & J.H. Kirkbr.","RUBIACEAE Palicourea glabra (Aubl.) Delprete & J.H. Kirkbr.","BHCB020779","splink","BHCB","Arruda, A.J.","563","Native","2012",,"0-0-0","Latão","Prata",,"Canaã dos Carajás","Floresta Nacional de Carajás, Pilha de Estéril - S11D."
"PARQUE NACIONAL CAMPOS FERRUGINOSOS","Angiosperms","Rubiaceae","Palicourea","justiciifolia","(Rudge) Delprete & J.H.Kirkbr.","RUBIACEAE Palicourea justiciifolia (Rudge) Delprete & J.H.Kirkbr.","BHCB021738","splink","BHCB","Arruda, A.J.","569","Native","2012",,"0-0-0","Latão","Prata",,"Canaã dos Carajás","Floresta Nacional de Carajás, Pilha de Estéril - S11D."
"PARQUE NACIONAL CAMPOS FERRUGINOSOS","Angiosperms","Rubiaceae","Palicourea","prunifolia","(Kunth) Borhidi","RUBIACEAE Palicourea prunifolia (Kunth) Borhidi","BHCB021755","splink","BHCB","Arruda, A.J.","1202","Native","2012",,"0-0-0","Latão","Prata",,"Canaã dos Carajás","Floresta Nacional de Carajás, S11A."
"PARQUE NACIONAL CAMPOS FERRUGINOSOS","Angiosperms","Rubiaceae","Psychotria",,"L.","RUBIACEAE Psychotria L.","BHCB020750","splink","BHCB","Rodrigues, I.M.C.","595","Native","2012",,"0-0-0","Latão","Prata",,"Canaã dos Carajás","Floresta Nacional de Carajás, Pilha de Estéril. S11D."
"PARQUE NACIONAL CAMPOS FERRUGINOSOS","Angiosperms","Rubiaceae",,,"Juss.","RUBIACEAE Rubiaceae Juss.","156082","splink","BHCB","Paula, L.F.A.","451","Native","2012",,"0-0-0","Latão","Prata",,"Canaã dos Carajás","Floresta Nacional de Carajás, S11D."
"PARQUE NACIONAL CAMPOS FERRUGINOSOS","Angiosperms","Rubiaceae","Spermacoce",,"L.","RUBIACEAE Spermacoce L.","BHCB017786","splink","BHCB","Silva, L.V.C.","1232","Native","2012",,"0-0-0","Latão","Prata",,"Canaã dos Carajás","Floresta Nacional de Carajás, Serra do Tarzan."
"PARQUE NACIONAL CAMPOS FERRUGINOSOS","Ferns and Lycophytes","Sapindaceae","Paullinia","pinnata","L.","SAPINDACEAE Paullinia pinnata L.","BHCB020673","splink","BHCB","Rodrigues, I.M.C.","581","Native","2012",,"0-0-0","Latão","Prata",,"Canaã dos Carajás","Floresta Nacional de Carajás, Segundo aceiro à direita da área da Pilha de Estéril S11D."
"PARQUE NACIONAL CAMPOS FERRUGINOSOS","Angiosperms","Sapindaceae","Vouarana","guianensis","Aubl.","SAPINDACEAE Vouarana guianensis Aubl.","BHCB020681","splink","BHCB","Pivari, M.O.D.","1704","Native","2012",,"0-0-0","Latão","Prata",,"Canaã dos Carajás","Floresta Nacional de Carajás, Segundo aceiro à direita da área da Pilha de Estéril S11D."
"PARQUE NACIONAL CAMPOS FERRUGINOSOS","Ferns and Lycophytes","Tectariaceae","Tectaria","incisa","Cav.","TECTARIACEAE Tectaria incisa Cav.","157447","splink","BHCB","Salino, A.","15305","Native","2012",,"0-0-0","Latão","Prata",,"Canaã dos Carajás","Floresta Nacional de Carajás, S11B"
"PARQUE NACIONAL CAMPOS FERRUGINOSOS","Ferns and Lycophytes","Tectariaceae","Tectaria","trifoliata","(L.) Cav.","TECTARIACEAE Tectaria trifoliata (L.) Cav.","161818","splink","BHCB","Salino, A.","15583","Native","2012",,"0-0-0","Latão","Prata",,"Canaã dos Carajás","Floresta Nacional de Carajás, Serra do Tarzan"
"PARQUE NACIONAL CAMPOS FERRUGINOSOS","Angiosperms","Tectariaceae","Triplophyllum","funestum","(Kunze) Holttum","TECTARIACEAE Triplophyllum funestum (Kunze) Holttum","157406","splink","BHCB","Salino, A.","15264","Native","2012",,"0-0-0","Latão","Prata",,"Canaã dos Carajás","Floresta Nacional de Carajás, S11A"
"PARQUE NACIONAL CAMPOS FERRUGINOSOS","Ferns and Lycophytes","Thelypteridaceae","Cyclosorus","interruptus","(Willd.) H. Ito","THELYPTERIDACEAE Cyclosorus interruptus (Willd.) H. Ito","157499","splink","BHCB","Arruda, A.J.","582","Native","2012",,"0-0-0","Latão","Prata",,"Canaã dos Carajás","Floresta Nacional de Carajás, Serra do Tarzan"
"PARQUE NACIONAL CAMPOS FERRUGINOSOS","Ferns and Lycophytes","Thelypteridaceae","Goniopteris","amazonica","(Salino & R.S.Fernandes) Salino & T.E.Almeida,","THELYPTERIDACEAE Goniopteris amazonica (Salino & R.S.Fernandes) Salino & T.E.Almeida,","162166","splink","BHCB","Arruda, A.J.","1318","Native","2012",,"0-0-0","Latão","Prata",,"Canaã dos Carajás","Floresta Nacional de Carajás, Serra do Tarzan"
"PARQUE NACIONAL CAMPOS FERRUGINOSOS","Angiosperms","Thelypteridaceae","Goniopteris","tristis","(Kunze) Brade","THELYPTERIDACEAE Goniopteris tristis (Kunze) Brade","BHCB01127025",,"BHCB","Arruda, A.J.","1313","Native","2012",,,"Latão","Prata",,"Canaã dos Carajás","Floresta Nacional de Carajás. Serra do Tarzan."
"PARQUE NACIONAL CAMPOS FERRUGINOSOS","Angiosperms","Thelypteridaceae","Macrothelypteris","torresiana","(Gaudich.) Ching","THELYPTERIDACEAE Macrothelypteris torresiana (Gaudich.) Ching","157574","splink","BHCB","Paula, L.F.A.","539","Native","2012",,"0-0-0","Latão","Prata",,"Canaã dos Carajás","Floresta Nacional de Carajás, Serra do Tarzan"
"PARQUE NACIONAL CAMPOS FERRUGINOSOS","Ferns and Lycophytes","Thelypteridaceae","Pelazoneuron","patens","Sw.) A.R. Sm. & S.E. Fawc.","THELYPTERIDACEAE Pelazoneuron patens Sw.) A.R. Sm. & S.E. Fawc.","BHCB01126974",,"BHCB","Arruda, A.J.","538","Native","2012",,,"Latão","Prata",,"Canaã dos Carajás","Floresta Nacional de Carajás. Acesso Racha Placa. ADA Esteira S11."
"PARQUE NACIONAL CAMPOS FERRUGINOSOS","Angiosperms","Burmanniaceae","Gymnosiphon",,"Blume","BURMANNIACEAE Gymnosiphon Blume","BHCB020479","splink","BHCB","Arruda, A.J.","489","Native","2012",,"2020","Latão","Prata",,"Canaã dos Carajás","Floresta Nacional de Carajás, S11D."
"PARQUE NACIONAL CAMPOS FERRUGINOSOS","Angiosperms","Poaceae","Trachypogon","spicatus","(L.f.) Kuntze","POACEAE Trachypogon spicatus (L.f.) Kuntze","BHCB021847","splink","BHCB","Arruda, A.J.","458","Native","2012",,"2018","Latão","Prata",,"Canaã dos Carajás","Floresta Nacional de Carajás, S11D."
"PARQUE NACIONAL CAMPOS FERRUGINOSOS","Ferns and Lycophytes","Lauraceae","Ocotea","aurantiodora","(Ruiz & Pav.) Mez","LAURACEAE Ocotea aurantiodora (Ruiz & Pav.) Mez","BHCB027780","splink","BHCB","Rodrigues, I.M.C.","558","Native","2012",,"2017","Latão","Prata",,"Canaã dos Carajás","Floresta Nacional de Carajás, Pilha de Estéril. S11D."
"PARQUE NACIONAL CAMPOS FERRUGINOSOS","Angiosperms","Malpighiaceae","Byrsonima",,"Rich. ex Kunth","MALPIGHIACEAE Byrsonima Rich. ex Kunth","SPF00225586","splink","SPF","Paula-Souza, J.","10755","Native","2011",,,"Latão","Prata",,"Canaã dos Carajás","Floresta Nacional de Carajás, Arredores do campamento S11-D."
"PARQUE NACIONAL CAMPOS FERRUGINOSOS","Angiosperms","Vitaceae","Cissus",,"L.","VITACEAE Cissus L.","SPF00225585","splink","SPF","Paula-Souza, J.","10757","Native","2011",,,"Latão","Prata",,"Canaã dos Carajás","Floresta Nacional de Carajás, Arredores do campamento S11-D."
"PARQUE NACIONAL CAMPOS FERRUGINOSOS","Ferns and Lycophytes","Anemiaceae","Anemia","elegans","(Gardner) C.Presl","ANEMIACEAE Anemia elegans (Gardner) C.Presl","BHCB01126023",,"BHCB","Silva, L.V.C.","815","Native","2010",,,"Latão","Prata",,"Canaã dos Carajás","Floresta Nacional de Carajás. Serra Sul, Corpo D."
"PARQUE NACIONAL CAMPOS FERRUGINOSOS","Angiosperms","Aspleniaceae","Asplenium","cristatum","Lam.","ASPLENIACEAE Asplenium cristatum Lam.","BHCB000555","splink","BHCB","Almeida, T.E.","2248","Native","2010",,"0-0-0","Latão","Prata",,"Canaã dos Carajás","Floresta Nacional de Carajás, S11C"
"PARQUE NACIONAL CAMPOS FERRUGINOSOS","Angiosperms","Aspleniaceae","Asplenium","poloense","Rosenst.","ASPLENIACEAE Asplenium poloense Rosenst.","136532","splink","BHCB","Almeida, T.E.","2181","Native","2010",,"0-0-0","Latão","Prata",,"Canaã dos Carajás","Floresta Nacional de Carajás, Serra Sul, Corpo A"
"PARQUE NACIONAL CAMPOS FERRUGINOSOS","Angiosperms","Aspleniaceae","Asplenium","praemorsum","Sw.","ASPLENIACEAE Asplenium praemorsum Sw.","136572","splink","BHCB","Almeida, T.E.","2221","Native","2010",,"0-0-0","Latão","Prata",,"Canaã dos Carajás","Floresta Nacional de Carajás, Serra Sul, Corpo D"
"PARQUE NACIONAL CAMPOS FERRUGINOSOS","Angiosperms","Asteraceae","Hebeclinium","macrophyllum","(L.) DC.","ASTERACEAE Hebeclinium macrophyllum (L.) DC.","BHCB017018","splink","BHCB","Almeida, T.E.","2538","Native","2010",,"0-0-0","Latão","Prata",,"Canaã dos Carajás","Floresta Nacional de Carajás, S11D."
"PARQUE NACIONAL CAMPOS FERRUGINOSOS","Angiosperms","Asteraceae","Lepidaploa","paraensis","(H.Rob.) H.Rob.","ASTERACEAE Lepidaploa paraensis (H.Rob.) H.Rob.","BHCB017034","splink","BHCB","Silva, L.V.C.","824","Native","2010",,"0-0-0","Latão","Prata",,"Canaã dos Carajás","Floresta Nacional de Carajás, N1."
"PARQUE NACIONAL CAMPOS FERRUGINOSOS","Ferns and Lycophytes","Athyriaceae","Diplazium","cristatum","(Desr.) Alston","ATHYRIACEAE Diplazium cristatum (Desr.) Alston","BHCB01126106",,"BHCB","Almeida, T.E.","2206","Native","2010",,,"Latão","Prata",,"Canaã dos Carajás","Floresta Nacional de Carajás. S11D."
"PARQUE NACIONAL CAMPOS FERRUGINOSOS","Angiosperms","Begoniaceae","Begonia",,"L.","BEGONIACEAE Begonia L.","141178","splink","BHCB","Almeida, T.E.","2412","Native","2010",,"0-0-0","Latão","Prata",,"Canaã dos Carajás","Floresta Nacional de Carajás, Serra Sul , Corpo C, Floresta Estacional Decidual"
"PARQUE NACIONAL CAMPOS FERRUGINOSOS","Ferns and Lycophytes","Bixaceae","Cochlospermum","orinocense","(Kunth) Steud.","BIXACEAE Cochlospermum orinocense (Kunth) Steud.","BHCB020451","splink","BHCB","Arruda, A.J.","283","Native","2010",,"0-0-0","Latão","Prata",,"Canaã dos Carajás","Floresta Nacional de Carajás, S11A. Serra Sul. Corpo A."
"PARQUE NACIONAL CAMPOS FERRUGINOSOS","Ferns and Lycophytes","Blechnaceae","Neoblechnum","brasiliense","(Desv.) Gasper & V.A.O. Dittrich","BLECHNACEAE Neoblechnum brasiliense (Desv.) Gasper & V.A.O. Dittrich","142531","splink","BHCB","Almeida, T.E.","2525","Native","2010",,"0-0-0","Latão","Prata",,"Canaã dos Carajás","Floresta Nacional de Carajás, S11C"
"PARQUE NACIONAL CAMPOS FERRUGINOSOS","Angiosperms","Bromeliaceae","Ananas",,"Mill.","BROMELIACEAE Ananas Mill.","141222","splink","BHCB","Almeida, T.E.","2456","Native","2010",,"0-0-0","Latão","Prata",,"Canaã dos Carajás","Floresta Nacional de Carajás, Serra Sul , Corpo D, Floresta Estacional Decidual"
"PARQUE NACIONAL CAMPOS FERRUGINOSOS","Angiosperms","Clusiaceae","Clusia","weddelliana","Planch. & Triana","CLUSIACEAE Clusia weddelliana Planch. & Triana","BHCB020533","splink","BHCB","Pivari, M.O.D.","1634","Native","2010",,"0-0-0","Latão","Prata",,"Canaã dos Carajás","Floresta Nacional de Carajás, S11B."
"PARQUE NACIONAL CAMPOS FERRUGINOSOS","Ferns and Lycophytes","Commelinaceae","Commelina","obliqua","Vahl","COMMELINACEAE Commelina obliqua Vahl","BHCB020550","splink","BHCB","Silva, L.V.C.","1020","Native","2010",,"0-0-0","Latão","Prata",,"Canaã dos Carajás","Floresta Nacional de Carajás, S11D."
"PARQUE NACIONAL CAMPOS FERRUGINOSOS","Ferns and Lycophytes","Commelinaceae","Floscopa","peruviana","Hassk. ex C.B.Clarke","COMMELINACEAE Floscopa peruviana Hassk. ex C.B.Clarke","BHCB017488","splink","BHCB","Gontijo, F.D.","193","Native","2010",,"0-0-0","Latão","Prata",,"Canaã dos Carajás","Floresta Nacional de Carajás, S11D."
"PARQUE NACIONAL CAMPOS FERRUGINOSOS","Angiosperms","Convolvulaceae","Ipomoea","decora","Meisn.","CONVOLVULACEAE Ipomoea decora Meisn.","BHCB020578","splink","BHCB","Costa, L.V.","773","Native","2010",,"0-0-0","Latão","Prata",,"Canaã dos Carajás","Floresta Nacional de Carajás, S11B."
"PARQUE NACIONAL CAMPOS FERRUGINOSOS","Ferns and Lycophytes","Cordiaceae","Cordia","goeldiana","Huber","CORDIACEAE Cordia goeldiana Huber","142763","splink","BHCB","Gontijo, F.D.","176","Native","2010",,"0-0-0","Latão","Prata",,"Canaã dos Carajás","Floresta Nacional de Carajás, S11D."
"PARQUE NACIONAL CAMPOS FERRUGINOSOS","Ferns and Lycophytes","Dennstaedtiaceae","Hypolepis","repens","(L.) C.Presl","DENNSTAEDTIACEAE Hypolepis repens (L.) C.Presl","BHCB01126210",,"BHCB","Almeida, T.E.","2431","Native","2010",,,"Latão","Prata",,"Canaã dos Carajás","Floresta Nacional de Carajás. S11A."
"PARQUE NACIONAL CAMPOS FERRUGINOSOS","Ferns and Lycophytes","Dryopteridaceae","Elaphoglossum","luridum","(Fée) Christ","DRYOPTERIDACEAE Elaphoglossum luridum (Fée) Christ","136579","splink","BHCB","Almeida, T.E.","2228","Native","2010",,"0-0-0","Latão","Prata",,"Canaã dos Carajás","Floresta Nacional de Carajás, S11C"
"PARQUE NACIONAL CAMPOS FERRUGINOSOS","Ferns and Lycophytes","Dryopteridaceae","Elaphoglossum","squamipes","(Hook.) T.Moore","DRYOPTERIDACEAE Elaphoglossum squamipes (Hook.) T.Moore","BHCB01126310",,"BHCB","Almeida, T.E.","2265","Native","2010",,,"Latão","Prata",,"Canaã dos Carajás","Floresta Nacional de Carajás. S11D."
"PARQUE NACIONAL CAMPOS FERRUGINOSOS","Ferns and Lycophytes","Dryopteridaceae","Mickelia","nicotianifolia","(Sw.) R.C.Moran, Labiak & Sundue","DRYOPTERIDACEAE Mickelia nicotianifolia (Sw.) R.C.Moran, Labiak & Sundue","BHCB01126332",,"BHCB","Almeida, T.E.","2368","Native","2010",,,"Latão","Prata",,"Canaã dos Carajás","Floresta Nacional de Carajás. S11D."
"PARQUE NACIONAL CAMPOS FERRUGINOSOS","Ferns and Lycophytes","Dryopteridaceae","Olfersia","cervina","(L.) Kunze","DRYOPTERIDACEAE Olfersia cervina (L.) Kunze","142504","splink","BHCB","Almeida, T.E.","2498","Native","2010",,"0-0-0","Latão","Prata",,"Canaã dos Carajás","Floresta Nacional de Carajás, S11A"
"PARQUE NACIONAL CAMPOS FERRUGINOSOS","Angiosperms","Dryopteridaceae","Polybotrya","caudata","Kunze","DRYOPTERIDACEAE Polybotrya caudata Kunze","139516","splink","BHCB","Almeida, T.E.","2324","Native","2010",,"0-0-0","Latão","Prata",,"Canaã dos Carajás","Floresta Nacional de Carajás, S11D"
"PARQUE NACIONAL CAMPOS FERRUGINOSOS","Angiosperms","Eriocaulaceae","Eriocaulon","setaceum","L.","ERIOCAULACEAE Eriocaulon setaceum L.","137675","splink","BHCB","Pivari, M.O.D.","1488","Native","2010",,"0-0-0","Latão","Prata",,"Canaã dos Carajás","Floresta Nacional de Carajás, S11B."
"PARQUE NACIONAL CAMPOS FERRUGINOSOS","Angiosperms","Erythroxylaceae","Erythroxylum",,"P.Browne","ERYTHROXYLACEAE Erythroxylum P.Browne","BHCB026156","splink","BHCB","Almeida, T.E.","2496","Native","2010",,"0-0-0","Latão","Prata",,"Canaã dos Carajás","Floresta Nacional de Carajás, S11A."
"PARQUE NACIONAL CAMPOS FERRUGINOSOS","Angiosperms","Hymenophyllaceae","Abrodictyum","rigidum","(Sw.) Ebihara & Dubuisson","HYMENOPHYLLACEAE Abrodictyum rigidum (Sw.) Ebihara & Dubuisson","136537","splink","BHCB","Almeida, T.E.","2186","Native","2010",,"0-0-0","Latão","Prata",,"Canaã dos Carajás","Floresta Nacional de Carajás, Serra Sul, Corpo A"
"PARQUE NACIONAL CAMPOS FERRUGINOSOS","Angiosperms","Hymenophyllaceae",,,"Gaudich.","HYMENOPHYLLACEAE Hymenophyllaceae Gaudich.","140836","splink","BHCB","Arruda, A.J.","225","Native","2010",,"0-0-0","Latão","Prata",,"Canaã dos Carajás","Floresta Nacional de Carajás, S11A"
"PARQUE NACIONAL CAMPOS FERRUGINOSOS","Angiosperms","Hymenophyllaceae","Trichomanes","ankersii","C.Parker ex Hook. & Grev.","HYMENOPHYLLACEAE Trichomanes ankersii C.Parker ex Hook. & Grev.","BHCB01126374",,"BHCB","Almeida, T.E.","2439","Native","2010",,,"Latão","Prata",,"Canaã dos Carajás","Floresta Nacional de Carajás. S11A."
"PARQUE NACIONAL CAMPOS FERRUGINOSOS","Ferns and Lycophytes","Hymenophyllaceae","Trichomanes","vittaria","DC. ex Poir.","HYMENOPHYLLACEAE Trichomanes vittaria DC. ex Poir.","BHCB01126418",,"BHCB","Almeida, T.E.","2234","Native","2010",,,"Latão","Prata",,"Canaã dos Carajás","Floresta Nacional de Carajás. S11C."
"PARQUE NACIONAL CAMPOS FERRUGINOSOS","Angiosperms","Lindsaeaceae","Lindsaea","divaricata","Klotzsch","LINDSAEACEAE Lindsaea divaricata Klotzsch","BHCB01126436",,"BHCB","Arruda, A.J.","350","Native","2010",,,"Latão","Prata",,"Canaã dos Carajás","Floresta Nacional de Carajás. S11D."
"PARQUE NACIONAL CAMPOS FERRUGINOSOS","Angiosperms","Lindsaeaceae","Lindsaea","guianensis","(Aubl.) Dryand.","LINDSAEACEAE Lindsaea guianensis (Aubl.) Dryand.","141208","splink","BHCB","Almeida, T.E.","2442","Native","2010",,"0-0-0","Latão","Prata",,"Canaã dos Carajás","Floresta Nacional de Carajás, S11A"
"PARQUE NACIONAL CAMPOS FERRUGINOSOS","Angiosperms","Lycopodiaceae","Palhinhaea","cernua","(L.) Franco & Vasc.","LYCOPODIACEAE Palhinhaea cernua (L.) Franco & Vasc.","BHCB01126484",,"BHCB","Arruda, A.J.","344","Native","2010",,,"Latão","Prata",,"Canaã dos Carajás","Floresta Nacional de Carajás. S11B."
"PARQUE NACIONAL CAMPOS FERRUGINOSOS","Ferns and Lycophytes","Lycopodiaceae","Phlegmariurus","dichotomus","(Jacq.) W.H. Wagner","LYCOPODIACEAE Phlegmariurus dichotomus (Jacq.) W.H. Wagner","136547","splink","BHCB","Almeida, T.E.","2196","Native","2010",,"0-0-0","Latão","Prata",,"Canaã dos Carajás","Floresta Nacional de Carajás, S11A"
"PARQUE NACIONAL CAMPOS FERRUGINOSOS","Angiosperms","Malpighiaceae","Peixotoa",,"A.Juss.","MALPIGHIACEAE Peixotoa A.Juss.","BHCB021293","splink","BHCB","Pivari, M.O.D.","1586","Native","2010",,"0-0-0","Latão","Prata",,"Canaã dos Carajás","Floresta Nacional de Carajás, Serra do Tarzan."
"PARQUE NACIONAL CAMPOS FERRUGINOSOS",,"Malvaceae","Eriotheca","globosa","(Aubl.) A.Robyns","MALVACEAE Eriotheca globosa (Aubl.) A.Robyns","BHCB056148","splink","BHCB","Almeida, T.E.","2482",,"2010",,"0-0-0","Latão","Prata",,"Canaã dos Carajás","Floresta Nacional de Carajás, S11D. Corpo D."
"PARQUE NACIONAL CAMPOS FERRUGINOSOS","Ferns and Lycophytes","Malvaceae","Pavonia","malacophylla","(Link & Otto) Garcke","MALVACEAE Pavonia malacophylla (Link & Otto) Garcke","142610","splink","BHCB","Silva, L.V.C.","931","Native","2010",,"0-0-0","Latão","Prata",,"Canaã dos Carajás","Floresta Nacional de Carajás, Serra do Tarzan."
"PARQUE NACIONAL CAMPOS FERRUGINOSOS","Angiosperms","Mayacaceae","Mayaca","kunthii","Seub.","MAYACACEAE Mayaca kunthii Seub.","BHCB027165","splink","BHCB","Pivari, M.O.D.","1515","Native","2010",,"0-0-0","Latão","Prata",,"Canaã dos Carajás","Floresta Nacional de Carajás, S11D."
"PARQUE NACIONAL CAMPOS FERRUGINOSOS","Angiosperms","Metaxyaceae","Metaxya","rostrata","(Kunth) C.Presl","METAXYACEAE Metaxya rostrata (Kunth) C.Presl","136522","splink","BHCB","Almeida, T.E.","2171","Native","2010",,"0-0-0","Latão","Prata",,"Canaã dos Carajás","Floresta Nacional de Carajás, S11B"
"PARQUE NACIONAL CAMPOS FERRUGINOSOS","Angiosperms","Orchidaceae","Catasetum","discolor","(Lindl.) Lindl.","ORCHIDACEAE Catasetum discolor (Lindl.) Lindl.","BHCB027017","splink","BHCB","Gontijo, F.D.","78",,"2010",,"0-0-0","Latão","Prata",,"Canaã dos Carajás","Floresta Nacional de Carajás, S11A."
"PARQUE NACIONAL CAMPOS FERRUGINOSOS","Ferns and Lycophytes","Orchidaceae","Cranichis","muscosa","Sw.","ORCHIDACEAE Cranichis muscosa Sw.","BHCB027004","splink","BHCB","Souza, D.T.","1085","Native","2010",,"0-0-0","Latão","Prata",,"Canaã dos Carajás","Floresta Nacional de Carajás, S11A."
"PARQUE NACIONAL CAMPOS FERRUGINOSOS","Ferns and Lycophytes","Orchidaceae","Epidendrum","amblostomoides","Hoehne","ORCHIDACEAE Epidendrum amblostomoides Hoehne","BHCB027041","splink","BHCB","Giacomin, L.L.","1183","Native","2010",,"0-0-0","Latão","Prata",,"Canaã dos Carajás","Floresta Nacional de Carajás, S11A."
"PARQUE NACIONAL CAMPOS FERRUGINOSOS","Angiosperms","Orchidaceae","Laelia","marginata","(Lindl.) L.O.Williams","ORCHIDACEAE Laelia marginata (Lindl.) L.O.Williams","BHCB027187","splink","BHCB","Giacomin, L.L.","1182","Native","2010",,"0-0-0","Latão","Prata",,"Canaã dos Carajás","Floresta Nacional de Carajás, S11A."
"PARQUE NACIONAL CAMPOS FERRUGINOSOS","Ferns and Lycophytes","Orchidaceae","Octomeria","surinamensis","Focke","ORCHIDACEAE Octomeria surinamensis Focke","BHCB027130","splink","BHCB","Souza, D.T.","1154","Native","2010",,"0-0-0","Latão","Prata",,"Canaã dos Carajás","Floresta Nacional de Carajás, S11D. Serra Sul"
"PARQUE NACIONAL CAMPOS FERRUGINOSOS","Ferns and Lycophytes","Orchidaceae","Plectrophora","calcarhamata","Hoehne","ORCHIDACEAE Plectrophora calcarhamata Hoehne","BHCB027199","splink","BHCB","Souza, D.T.","1152","Native","2010",,"0-0-0","Latão","Prata",,"Canaã dos Carajás","Floresta Nacional de Carajás, S11C."
"PARQUE NACIONAL CAMPOS FERRUGINOSOS","Ferns and Lycophytes","Orchidaceae","Scaphyglottis","prolifera","(Sw.) Cogn.","ORCHIDACEAE Scaphyglottis prolifera (Sw.) Cogn.","BHCB027188","splink","BHCB","Arruda, A.J.","206","Native","2010",,"0-0-0","Latão","Prata",,"Canaã dos Carajás","Floresta Nacional de Carajás, S11C."
"PARQUE NACIONAL CAMPOS FERRUGINOSOS","Angiosperms","Orchidaceae","Specklinia",,"Lindl.","ORCHIDACEAE Specklinia Lindl.","BHCB027200","splink","BHCB","Giacomin, L.L.","1186","Native","2010",,"0-0-0","Latão","Prata",,"Canaã dos Carajás","Floresta Nacional de Carajás, S11D."
"PARQUE NACIONAL CAMPOS FERRUGINOSOS",,"Polypodiaceae","Campyloneurum","angustifolium","(Sw.) Fée","POLYPODIACEAE Campyloneurum angustifolium (Sw.) Fée","136614","splink","BHCB","Almeida, T.E.","2263",,"2010",,"0-0-0","Latão","Prata",,"Canaã dos Carajás","Floresta Nacional de Carajás, S11D"
"PARQUE NACIONAL CAMPOS FERRUGINOSOS","Angiosperms","Pteridaceae","Acrostichum","danaeifolium","Langsd. & Fisch.","PTERIDACEAE Acrostichum danaeifolium Langsd. & Fisch.","BHCB01126659",,"BHCB","Almeida, T.E.","2318","Native","2010",,,"Latão","Prata",,"Canaã dos Carajás","Floresta Nacional de Carajás. caminho Racha Placa."
"PARQUE NACIONAL CAMPOS FERRUGINOSOS","Angiosperms","Pteridaceae","Adiantum","nudum","A.R.Sm.","PTERIDACEAE Adiantum nudum A.R.Sm.","BHCB01126700",,"BHCB","Almeida, T.E.","2353","Native","2010",,,"Latão","Prata",,"Canaã dos Carajás","Floresta Nacional de Carajás. S11D."
"PARQUE NACIONAL CAMPOS FERRUGINOSOS","Angiosperms","Pteridaceae","Adiantum","pulverulentum","L.","PTERIDACEAE Adiantum pulverulentum L.","136623","splink","BHCB","Almeida, T.E.","2272","Native","2010",,"0-0-0","Latão","Prata",,"Canaã dos Carajás","Floresta Nacional de Carajás, S11D"
"PARQUE NACIONAL CAMPOS FERRUGINOSOS","Angiosperms","Pteridaceae","Adiantum","tetraphyllum","Willd.","PTERIDACEAE Adiantum tetraphyllum Willd.","BHCB01126732",,"BHCB","Almeida, T.E.","2174","Native","2010",,,"Latão","Prata",,"Canaã dos Carajás","Floresta Nacional de Carajás. Serra Sul, Corpo A."
"PARQUE NACIONAL CAMPOS FERRUGINOSOS","Angiosperms","Rubiaceae","Palicourea","guianensis","Aubl.","RUBIACEAE Palicourea guianensis Aubl.","BHCB021776","splink","BHCB","Gontijo, F.D.","134","Native","2010",,"0-0-0","Latão","Prata",,"Canaã dos Carajás","Floresta Nacional de Carajás, S11D."
"PARQUE NACIONAL CAMPOS FERRUGINOSOS","Angiosperms","Salicaceae","Xylosma","benthamii","(Tul.) Triana & Planch.","SALICACEAE Xylosma benthamii (Tul.) Triana & Planch.","BHCB029730","splink","BHCB","Almeida, T.E.","2529","Native","2010",,"0-0-0","Latão","Prata",,"Canaã dos Carajás","Floresta Nacional de Carajás, S11A."
"PARQUE NACIONAL CAMPOS FERRUGINOSOS","Angiosperms","Sapindaceae","Matayba","arborescens","(Aubl.) Radlk.","SAPINDACEAE Matayba arborescens (Aubl.) Radlk.","BHCB020665","splink","BHCB","Giacomin, L.L.","1164","Native","2010",,"0-0-0","Latão","Prata",,"Canaã dos Carajás","Floresta Nacional de Carajás, Serra Sul. Corpo B."
"PARQUE NACIONAL CAMPOS FERRUGINOSOS","Ferns and Lycophytes","Sapindaceae","Paullinia","imberbis","Radlk.","SAPINDACEAE Paullinia imberbis Radlk.","BHCB020672","splink","BHCB","Arruda, A.J.","340","Native","2010",,"0-0-0","Latão","Prata",,"Canaã dos Carajás","Floresta Nacional de Carajás, Serra Sul - Corpo C."
"PARQUE NACIONAL CAMPOS FERRUGINOSOS","Angiosperms","Sapindaceae","Serjania","lethalis","A.St.-Hil.","SAPINDACEAE Serjania lethalis A.St.-Hil.","BHCB020678","splink","BHCB","Costa, L.V.","983","Native","2010",,"0-0-0","Latão","Prata",,"Canaã dos Carajás","Floresta Nacional de Carajás, S11B."
"PARQUE NACIONAL CAMPOS FERRUGINOSOS","Angiosperms","Selaginellaceae","Selaginella","flagellata","Spring","SELAGINELLACEAE Selaginella flagellata Spring","136620","splink","BHCB","Almeida, T.E.","2269","Native","2010",,"0-0-0","Latão","Prata",,"Canaã dos Carajás","Floresta Nacional de Carajás, S11D"
"PARQUE NACIONAL CAMPOS FERRUGINOSOS","Angiosperms","Selaginellaceae","Selaginella","flexuosa","Spring","SELAGINELLACEAE Selaginella flexuosa Spring","BHCB01126828",,"BHCB","Almeida, T.E.","2447","Native","2010",,,"Latão","Prata",,"Canaã dos Carajás","Floresta Nacional de Carajás. S11D."
"PARQUE NACIONAL CAMPOS FERRUGINOSOS","Ferns and Lycophytes","Smilacaceae","Smilax","campestris","Griseb.","SMILACACEAE Smilax campestris Griseb.","BHCB029760","splink","BHCB","Arruda, A.J.","287","Native","2010",,"0-0-0","Latão","Prata",,"Canaã dos Carajás","Floresta Nacional de Carajás, S11A."
"PARQUE NACIONAL CAMPOS FERRUGINOSOS","Angiosperms","Theaceae","Laplacea","fruticosa","(Schrad.) Kobuski","THEACEAE Laplacea fruticosa (Schrad.) Kobuski","BHCB031705","splink","BHCB","Souza, D.T.","1180","Naturalized","2010",,"0-0-0","Latão","Prata",,"Canaã dos Carajás","Floresta Nacional de Carajás, S11D."
"PARQUE NACIONAL CAMPOS FERRUGINOSOS","Ferns and Lycophytes","Thelypteridaceae","Goniopteris","biformata","(Rosenst.) Salino & T.E.Almeida","THELYPTERIDACEAE Goniopteris biformata (Rosenst.) Salino & T.E.Almeida","BHCB01126995",,"BHCB","Almeida, T.E.","2537","Native","2010",,,"Latão","Prata",,"Canaã dos Carajás","Floresta Nacional de Carajás. S11D."
"PARQUE NACIONAL CAMPOS FERRUGINOSOS","Ferns and Lycophytes","Thelypteridaceae","Meniscium","arborescens","Humb. & Bonpl. ex Willd.","THELYPTERIDACEAE Meniscium arborescens Humb. & Bonpl. ex Willd.","BHCB001751","splink","BHCB","Almeida, T.E.","2188","Native","2010",,"0-0-0","Latão","Prata",,"Canaã dos Carajás","Floresta Nacional de Carajás, Serra Sul, Corpo A"
"PARQUE NACIONAL CAMPOS FERRUGINOSOS","Ferns and Lycophytes","Thelypteridaceae","Meniscium","chrysodioides","Fée","THELYPTERIDACEAE Meniscium chrysodioides Fée","136624","splink","BHCB","Almeida, T.E.","2273","Native","2010",,"0-0-0","Latão","Prata",,"Canaã dos Carajás","Floresta Nacional de Carajás, Serra Sul, Corpo D"
"PARQUE NACIONAL CAMPOS FERRUGINOSOS","Ferns and Lycophytes","Asteraceae","Unxia","camphorata","L.f.","ASTERACEAE Unxia camphorata L.f.","BHCB062017","splink","BHCB","Pivari, M.O.D.","1494","Native","2010",,"2022","Latão","Prata",,"Canaã dos Carajás","Floresta Nacional de Carajás, S11D."
"PARQUE NACIONAL CAMPOS FERRUGINOSOS","Ferns and Lycophytes","Commelinaceae","Commelina","rufipes","Seub.","COMMELINACEAE Commelina rufipes Seub.","BHCB020549","splink","BHCB","Almeida, T.E.","2438","Native","2010",,"2016","Latão","Prata",,"Canaã dos Carajás","Floresta Nacional de Carajás, Serra Sul , Corpo A, Floresta Ombrófila Densa"
"PARQUE NACIONAL CAMPOS FERRUGINOSOS","Angiosperms","Apocynaceae","Forsteronia",,"G.Mey.","APOCYNACEAE Forsteronia G.Mey.","BHCB027765","splink","BHCB","Viana, P.L.","4353","Native","2009",,"0-0-0","Latão","Prata",,"Canaã dos Carajás","Floresta Nacional de Carajás, S11D."
"PARQUE NACIONAL CAMPOS FERRUGINOSOS","Angiosperms","Arecaceae","Bactris","acanthocarpa","Mart.","ARECACEAE Bactris acanthocarpa Mart.","BHCB020256","splink","BHCB","Viana, P.L.","4350","Naturalized","2009",,"0-0-0","Latão","Prata",,"Canaã dos Carajás","Floresta Nacional de Carajás, S11D."
"PARQUE NACIONAL CAMPOS FERRUGINOSOS","Ferns and Lycophytes","Cactaceae","Epiphyllum","phyllanthus","(L.) Haw.","CACTACEAE Epiphyllum phyllanthus (L.) Haw.","BHCB020490","splink","BHCB","Giorni, V.T.","303","Native","2009",,"0-0-0","Latão","Prata",,"Canaã dos Carajás","Floresta Nacional de Carajás, S11D."
"PARQUE NACIONAL CAMPOS FERRUGINOSOS","Angiosperms","Ebenaceae","Diospyros",,"L.","EBENACEAE Diospyros L.","BHCB017499","splink","BHCB","Viana, P.L.","4340","Native","2009",,"0-0-0","Latão","Prata",,"Canaã dos Carajás","Floresta Nacional de Carajás, S11D."
"PARQUE NACIONAL CAMPOS FERRUGINOSOS",,"Fabaceae","Chamaecrista","desvauxii","(Collad.) Killip","FABACEAE Chamaecrista desvauxii (Collad.) Killip","BHCB027102","splink","BHCB","Viana, P.L.","4092",,"2009",,"0-0-0","Latão","Prata",,"Canaã dos Carajás","Floresta Nacional de Carajás, S11D."
"PARQUE NACIONAL CAMPOS FERRUGINOSOS","Angiosperms","Hymenophyllaceae","Didymoglossum","krausii","(Hook. & Grev.) C. Presl","HYMENOPHYLLACEAE Didymoglossum krausii (Hook. & Grev.) C. Presl","130713","splink","BHCB","Viana, P.L.","4112","Native","2009",,"0-0-0","Latão","Prata",,"Canaã dos Carajás","Floresta Nacional de Carajás, Serra Sul, Corpo D"
"PARQUE NACIONAL CAMPOS FERRUGINOSOS","Angiosperms","Malpighiaceae","Heteropterys",,"Kunth","MALPIGHIACEAE Heteropterys Kunth","BHCB021286","splink","BHCB","Viana, P.L.","4323","Native","2009",,"0-0-0","Latão","Prata",,"Canaã dos Carajás","Floresta Nacional de Carajás, S11D."
"PARQUE NACIONAL CAMPOS FERRUGINOSOS","Angiosperms","Malvaceae","Lueheopsis",,"Burret","MALVACEAE Lueheopsis Burret","BHCB056066","splink","BHCB","Viana, P.L.","4412","Native","2009",,"0-0-0","Latão","Prata",,"Canaã dos Carajás","Floresta Nacional de Carajás, S11D. Serra Sul."
"PARQUE NACIONAL CAMPOS FERRUGINOSOS","Ferns and Lycophytes","Melastomataceae","Miconia","chrysophylla","(Rich.) Urb.","MELASTOMATACEAE Miconia chrysophylla (Rich.) Urb.","BHCB021407","splink","BHCB","Giorni, V.T.","300","Native","2009",,"0-0-0","Latão","Prata",,"Canaã dos Carajás","Floresta Nacional de Carajás, S11D."
"PARQUE NACIONAL CAMPOS FERRUGINOSOS","Ferns and Lycophytes","Melastomataceae","Miconia","cuspidata","Naudin","MELASTOMATACEAE Miconia cuspidata Naudin","BHCB021411","splink","BHCB","Giorni, V.T.","176","Native","2009",,"0-0-0","Latão","Prata",,"Canaã dos Carajás","Floresta Nacional de Carajás, S11D."
"PARQUE NACIONAL CAMPOS FERRUGINOSOS","Angiosperms","Myrtaceae","Campomanesia","aromatica","(Aubl.) Griseb.","MYRTACEAE Campomanesia aromatica (Aubl.) Griseb.","BHCB027835","splink","BHCB","Giorni, V.T.","347","Native","2009",,"0-0-0","Latão","Prata",,"Canaã dos Carajás","Floresta Nacional de Carajás, S11D."
"PARQUE NACIONAL CAMPOS FERRUGINOSOS","Angiosperms","Nyctaginaceae","Neea","oppositifolia","Ruiz & Pav.","NYCTAGINACEAE Neea oppositifolia Ruiz & Pav.","BHCB027181","splink","BHCB","Viana, P.L.","4359","Native","2009",,"0-0-0","Latão","Prata",,"Canaã dos Carajás","Floresta Nacional de Carajás, S11D."
"PARQUE NACIONAL CAMPOS FERRUGINOSOS","Ferns and Lycophytes","Orchidaceae","Mesadenella","pumila","(Vell.) Campacci","ORCHIDACEAE Mesadenella pumila (Vell.) Campacci","BHCB027005","splink","BHCB","Viana, P.L.","4107","Native","2009",,"0-0-0","Latão","Prata",,"Canaã dos Carajás","Floresta Nacional de Carajás, S11D."
"PARQUE NACIONAL CAMPOS FERRUGINOSOS","Ferns and Lycophytes","Orchidaceae","Notylia","lyrata","S.Moore","ORCHIDACEAE Notylia lyrata S.Moore","BHCB027132","splink","BHCB","Viana, P.L.","4128","Native","2009",,"0-0-0","Latão","Prata",,"Canaã dos Carajás","Floresta Nacional de Carajás, S11D."
"PARQUE NACIONAL CAMPOS FERRUGINOSOS","Angiosperms","Orchidaceae","Pogonia",,"Juss.","ORCHIDACEAE Pogonia Juss.","135198","splink","BHCB","Viana, P.L.","4414","Native","2009",,"0-0-0","Latão","Prata",,"Canaã dos Carajás","Floresta Nacional de Carajás, S11A."
"PARQUE NACIONAL CAMPOS FERRUGINOSOS","Angiosperms","Pteridaceae","Hemionitis","tomentosa","(Lam.) Raddi","PTERIDACEAE Hemionitis tomentosa (Lam.) Raddi","BHCB01126782",,"BHCB","Giorni, V.T.","361","Native","2009",,,"Latão","Prata",,"Canaã dos Carajás","Floresta Nacional de Carajás. S11D."
"PARQUE NACIONAL CAMPOS FERRUGINOSOS","Angiosperms","Pteridaceae","Polytaenium","citrifolium","(L.) Schuettp.","PTERIDACEAE Polytaenium citrifolium (L.) Schuettp.","BHCB002145","splink","BHCB","Viana, P.L.","4386","Native","2009",,"0-0-0","Latão","Prata",,"Canaã dos Carajás","Floresta Nacional de Carajás, S11D"
"PARQUE NACIONAL CAMPOS FERRUGINOSOS","Angiosperms","Salicaceae","Casearia","spinescens","(Sw.) Griseb.","SALICACEAE Casearia spinescens (Sw.) Griseb.","BHCB029729","splink","BHCB","Giorni, V.T.","344",,"2009",,"0-0-0","Latão","Prata",,"Canaã dos Carajás","Floresta Nacional de Carajás, S11D."
"PARQUE NACIONAL CAMPOS FERRUGINOSOS","Ferns and Lycophytes","Siparunaceae","Siparuna","cuspidata","(Tul.) A.DC.","SIPARUNACEAE Siparuna cuspidata (Tul.) A.DC.","BHCB029746","splink","BHCB","Viana, P.L.","4362","Native","2009",,"0-0-0","Latão","Prata",,"Canaã dos Carajás","Floresta Nacional de Carajás, S11D."
"PARQUE NACIONAL CAMPOS FERRUGINOSOS","Ferns and Lycophytes","Lauraceae","Ocotea","camphoromoea","Rohwer","LAURACEAE Ocotea camphoromoea Rohwer","BHCB027781","splink","BHCB","Giorni, V.T.","340","Native","2009",,"2017","Latão","Prata",,"Canaã dos Carajás","Floresta Nacional de Carajás, S11A."
"PARQUE NACIONAL CAMPOS FERRUGINOSOS","Ferns and Lycophytes","Lauraceae","Ocotea","leucoxylon","(Sw.) Laness.","LAURACEAE Ocotea leucoxylon (Sw.) Laness.","BHCB027775","splink","BHCB","Giorni, V.T.","214","Native","2009",,"2017","Latão","Prata",,"Canaã dos Carajás","Floresta Nacional de Carajás, S11C."
"PARQUE NACIONAL CAMPOS FERRUGINOSOS","Ferns and Lycophytes","Myrtaceae","Eugenia","egensis","DC.","MYRTACEAE Eugenia egensis DC.","BHCB027839","splink","BHCB","Silva, L.V.C.","651","Native","2008",,"0-0-0","Latão","Prata",,"Canaã dos Carajás","Floresta Nacional de Carajás, Serra do Tarzan."
"PARQUE NACIONAL CAMPOS FERRUGINOSOS","Ferns and Lycophytes","Nyctaginaceae","Neea","macrophylla","Poepp. & Endl.","NYCTAGINACEAE Neea macrophylla Poepp. & Endl.","BHCB027182","splink","BHCB","Costa, L.V.","706","Native","2008",,"0-0-0","Latão","Prata",,"Canaã dos Carajás","Floresta Nacional de Carajás, S11D."
"PARQUE NACIONAL CAMPOS FERRUGINOSOS","Angiosperms","Polygalaceae","Bredemeyera","divaricata","(DC.) J.F.B.Pastore","POLYGALACEAE Bredemeyera divaricata (DC.) J.F.B.Pastore","BHCB021315","splink","BHCB","Costa, L.V.","574","Native","2008",,"0-0-0","Latão","Prata",,"Canaã dos Carajás","Floresta Nacional de Carajás, S11B."
"PARQUE NACIONAL CAMPOS FERRUGINOSOS","Ferns and Lycophytes","Trigoniaceae","Trigonia","nivea","Cambess.","TRIGONIACEAE Trigonia nivea Cambess.","BHCB031701","splink","BHCB","Costa, L.V.","684","Native","2008",,"0-0-0","Latão","Prata",,"Canaã dos Carajás","Floresta Nacional de Carajás, S11D. Corpo D"
"PARQUE NACIONAL CAMPOS FERRUGINOSOS","Angiosperms","Bromeliaceae","Dyckia",,"Schult. & Schult.f.","BROMELIACEAE Dyckia Schult. & Schult.f.","405856","splink","SP","Mota, N.F.O.","1069","Native","2007",,,"Latão","Prata",,"Canaã dos Carajás","Floresta Nacional de Carajás, Serra Sul, Corpo D."
"PARQUE NACIONAL CAMPOS FERRUGINOSOS","Ferns and Lycophytes","Convolvulaceae","Ipomoea","asplundii","O'Donell","CONVOLVULACEAE Ipomoea asplundii O'Donell","BHCB020570","splink","BHCB","Mota, N.F.O.","1212","Native","2007",,"0-0-0","Latão","Prata",,"Canaã dos Carajás","Floresta Nacional de Carajás, Serra do Tarzan."
"PARQUE NACIONAL CAMPOS FERRUGINOSOS","Ferns and Lycophytes","Hypericaceae","Vismia","schultesii","N.Robson","HYPERICACEAE Vismia schultesii N.Robson","BHCB021239","splink","BHCB","Viana, P.L.","3412","Native","2007",,"0-0-0","Latão","Prata",,"Canaã dos Carajás","Floresta Nacional de Carajás, S11C."
"PARQUE NACIONAL CAMPOS FERRUGINOSOS","Angiosperms","Lythraceae",,,"J.St.-Hil.","LYTHRACEAE Lythraceae J.St.-Hil.","UPCB0089749",,"UPCB",",n., F.O.M.","1138","Native","2007",,,"Latão","Prata",,"Canaã dos Carajás","Floresta nacional dos Carajás, Serra sul, corpos A,B,C, Borda das lagoas geminadas. Solo de canga."
"PARQUE NACIONAL CAMPOS FERRUGINOSOS","Angiosperms","Orchidaceae","Catasetum","planiceps","Lindl.","ORCHIDACEAE Catasetum planiceps Lindl.","115345","splink","BHCB","Viana, P.L.","3429",,"2007",,"0-0-0","Latão","Prata",,"Canaã dos Carajás","Floresta Nacional de Carajás, S11D."
"PARQUE NACIONAL CAMPOS FERRUGINOSOS","Angiosperms","Phyllanthaceae","Phyllanthus",,"L.","PHYLLANTHACEAE Phyllanthus L.","SP0464802","splink","SP","Viana, P.L.","3422","Native","2007",,,"Latão","Prata",,"Canaã dos Carajás","Floresta Nacional de Carajás, Serra Sul. Em campo graminoso úmido. Vegetação sobre canga"
"PARQUE NACIONAL CAMPOS FERRUGINOSOS","Angiosperms","Pteridaceae","Adiantum","villosum","L.","PTERIDACEAE Adiantum villosum L.","114479","splink","BHCB","Mota, N.F.O.","1211","Native","2007",,"0-0-0","Latão","Prata",,"Canaã dos Carajás","Floresta Nacional de Carajás, Serra do Tarzan"
"PARQUE NACIONAL CAMPOS FERRUGINOSOS","Angiosperms","Sapindaceae","Matayba","guianensis","Aubl.","SAPINDACEAE Matayba guianensis Aubl.","BHCB020668","splink","BHCB","Mota, N.F.O.","1101","Native","2007",,"0-0-0","Latão","Prata",,"Canaã dos Carajás","Floresta Nacional de Carajás, Serra Sul - Corpo C."
