"UC","Grupos","Família","Gênero","Espécie","Autor","Táxon_completo","Barcode","BD_Origem","Herbário","Coletor","Número_da_Coleta","Origem_FFBr","AnoColeta","Identificador","AnoID","ConfiançaID","ConfiançaLoc","Imagens","Município","Localidade"
"ÁREA DE PROTEÇÃO AMBIENTAL UPAON-AÇU / MIRITIBA / ALTO PREGUIÇAS","Angiosperms","Aizoaceae","Sesuvium","portulacastrum","(L.) L.","AIZOACEAE Sesuvium portulacastrum (L.) L.","8107","splink","UFMA","Lima, G.P.","329","Native","2014",,,"Ouro","Prata",,"Paço do Lumiar","Praia de Panaquatira"
"ÁREA DE PROTEÇÃO AMBIENTAL UPAON-AÇU / MIRITIBA / ALTO PREGUIÇAS","Angiosperms","Aizoaceae","Sesuvium","portulacastrum","(L.) L.","AIZOACEAE Sesuvium portulacastrum (L.) L.","8109","splink","UFMA","Lima, G.P.","56","Native","2013",,,"Ouro","Prata",,"Paço do Lumiar","Praia de Panaquatira"
"ÁREA DE PROTEÇÃO AMBIENTAL UPAON-AÇU / MIRITIBA / ALTO PREGUIÇAS","Angiosperms","Aizoaceae","Sesuvium","portulacastrum","(L.) L.","AIZOACEAE Sesuvium portulacastrum (L.) L.","MAR0008107",,"UFMA","Lima, G.P.","329","Native","2014",,,"Latão","Prata",,"Paço do Lumiar","Praia de Panaquatira."
"ÁREA DE PROTEÇÃO AMBIENTAL UPAON-AÇU / MIRITIBA / ALTO PREGUIÇAS","Angiosperms","Aizoaceae","Sesuvium","portulacastrum","(L.) L.","AIZOACEAE Sesuvium portulacastrum (L.) L.","MAR0008108",,"UFMA","Lima, G.P.","315","Native","2014",,,"Latão","Prata",,"Paço do Lumiar","Praia de Panaquatira."
"ÁREA DE PROTEÇÃO AMBIENTAL UPAON-AÇU / MIRITIBA / ALTO PREGUIÇAS","Angiosperms","Aizoaceae","Sesuvium","portulacastrum","(L.) L.","AIZOACEAE Sesuvium portulacastrum (L.) L.","MAR0005826",,"UFMA","Almeida Junior, E.B.","991","Native","2013",,,"Latão","Prata",,"São José de Ribamar","Restinga do Sitio Aguahy (Reserva da Meck)."
"ÁREA DE PROTEÇÃO AMBIENTAL UPAON-AÇU / MIRITIBA / ALTO PREGUIÇAS","Angiosperms","Alismataceae","Helanthium","tenellum","(Mart.) Britton","ALISMATACEAE Helanthium tenellum (Mart.) Britton","6898","splink","UFMA","Lima, G.P.","366","Native","2014",,,"Ouro","Prata",,"Paço do Lumiar","Praia de Panaquatira"
"ÁREA DE PROTEÇÃO AMBIENTAL UPAON-AÇU / MIRITIBA / ALTO PREGUIÇAS","Angiosperms","Alismataceae","Helanthium","tenellum","(Mart.) Britton","ALISMATACEAE Helanthium tenellum (Mart.) Britton","BMA1000427","splink","BMA","Scatigna, A.V.","1467","Native","2021",,,"Latão","Prata",,"Paço do Lumiar","Praia da Panaquatira. Restinga próximo à antiga base de pesquisa da UFMA. Campo arenoso periodicamente alagável em período seco."
"ÁREA DE PROTEÇÃO AMBIENTAL UPAON-AÇU / MIRITIBA / ALTO PREGUIÇAS","Angiosperms","Alismataceae","Helanthium","tenellum","(Mart.) Britton","ALISMATACEAE Helanthium tenellum (Mart.) Britton","MAR0010214",,"UFMA","Almeida Junior, E.B.","1350","Native","2017",,,"Latão","Prata",,"Paço do Lumiar","Praia de Panaquatira."
"ÁREA DE PROTEÇÃO AMBIENTAL UPAON-AÇU / MIRITIBA / ALTO PREGUIÇAS","Angiosperms","Alismataceae","Helanthium","tenellum","(Mart.) Britton","ALISMATACEAE Helanthium tenellum (Mart.) Britton","MAR0008071",,"UFMA","Lima, G.P.","588","Native","2015",,,"Latão","Prata",,"Paço do Lumiar","Praia de Panaquatira."
"ÁREA DE PROTEÇÃO AMBIENTAL UPAON-AÇU / MIRITIBA / ALTO PREGUIÇAS","Angiosperms","Alismataceae","Helanthium","tenellum","(Mart.) Britton","ALISMATACEAE Helanthium tenellum (Mart.) Britton","MAR0006898",,"UFMA","Lima, G.P.","366","Native","2014",,,"Latão","Prata",,"Paço do Lumiar","Praia de Panaquatira."
"ÁREA DE PROTEÇÃO AMBIENTAL UPAON-AÇU / MIRITIBA / ALTO PREGUIÇAS","Angiosperms","Alstroemeriaceae","Bomarea","edulis","(Tussac) Herb.","ALSTROEMERIACEAE Bomarea edulis (Tussac) Herb.","4071","splink","UFMA","Serra, F.C.V.","184","Native","2013",,"2015","Ouro","Prata",,"São José de Ribamar","Restinga do Sitio Aguahy (Reserva da Meck)"
"ÁREA DE PROTEÇÃO AMBIENTAL UPAON-AÇU / MIRITIBA / ALTO PREGUIÇAS","Angiosperms","Alstroemeriaceae","Bomarea","edulis","(Tussac) Herb.","ALSTROEMERIACEAE Bomarea edulis (Tussac) Herb.","MAR0005820",,"UFMA","Almeida Junior, E.B.","974","Naturalized","2013",,,"Latão","Prata",,"São José de Ribamar","Restinga do Sitio Aguahy (Reserva da Meck)."
"ÁREA DE PROTEÇÃO AMBIENTAL UPAON-AÇU / MIRITIBA / ALTO PREGUIÇAS","Angiosperms","Alstroemeriaceae","Bomarea","edulis","(Tussac) Herb.","ALSTROEMERIACEAE Bomarea edulis (Tussac) Herb.","MAR0005821",,"UFMA","Almeida Junior, E.B.","975","Naturalized","2013",,,"Latão","Prata",,"São José de Ribamar","Restinga do Sitio Aguahy (Reserva da Meck)."
"ÁREA DE PROTEÇÃO AMBIENTAL UPAON-AÇU / MIRITIBA / ALTO PREGUIÇAS","Angiosperms","Alstroemeriaceae","Bomarea","edulis","(Tussac) Herb.","ALSTROEMERIACEAE Bomarea edulis (Tussac) Herb.","MAR0004070",,"UFMA","Serra, F.C.V.","161",,"2013",,"2015","Latão","Prata",,"São José de Ribamar","Restinga do Sitio Aguahy (Reserva da Meck)."
"ÁREA DE PROTEÇÃO AMBIENTAL UPAON-AÇU / MIRITIBA / ALTO PREGUIÇAS","Angiosperms","Alstroemeriaceae","Bomarea","edulis","(Tussac) Herb.","ALSTROEMERIACEAE Bomarea edulis (Tussac) Herb.","MAR0004071",,"UFMA","Serra, F.C.V.","184",,"2013",,"2015","Latão","Prata",,"São José de Ribamar","Restinga do Sitio Aguahy (Reserva da Meck)."
"ÁREA DE PROTEÇÃO AMBIENTAL UPAON-AÇU / MIRITIBA / ALTO PREGUIÇAS","Angiosperms","Amaranthaceae","Alternanthera","brasiliana","(L.) Kuntze","AMARANTHACEAE Alternanthera brasiliana (L.) Kuntze","MAR0004085",,"UFMA","Serra, F.C.V.","183","Native","2013",,,"Latão","Prata",,"São José de Ribamar","Restinga do Sitio Aguahy (Reserva da Meck)."
"ÁREA DE PROTEÇÃO AMBIENTAL UPAON-AÇU / MIRITIBA / ALTO PREGUIÇAS","Angiosperms","Amaranthaceae","Alternanthera","brasiliana","(L.) Kuntze","AMARANTHACEAE Alternanthera brasiliana (L.) Kuntze","MAR0004090",,"UFMA","Almeida Junior, E.B.",,"Native","2012",,,"Latão","Prata",,"São José de Ribamar","Restinga do Sitio Aguahy (Reserva da Meck)."
"ÁREA DE PROTEÇÃO AMBIENTAL UPAON-AÇU / MIRITIBA / ALTO PREGUIÇAS","Angiosperms","Amaranthaceae","Alternanthera","brasiliana","(L.) Kuntze","AMARANTHACEAE Alternanthera brasiliana (L.) Kuntze","MAR0006855",,"UFMA","Almeida Junior, E.B.",,"Native","2012",,,"Latão","Prata",,"São José de Ribamar","Sitio Aguahy."
"ÁREA DE PROTEÇÃO AMBIENTAL UPAON-AÇU / MIRITIBA / ALTO PREGUIÇAS","Angiosperms","Amaranthaceae","Alternanthera","tenella","Colla","AMARANTHACEAE Alternanthera tenella Colla","8431","splink","UFMA","Lima, G.P.","114","Naturalized","2014",,,"Ouro","Prata",,"Paço do Lumiar","Praia de Panaquatira"
"ÁREA DE PROTEÇÃO AMBIENTAL UPAON-AÇU / MIRITIBA / ALTO PREGUIÇAS","Angiosperms","Amaranthaceae","Alternanthera","tenella","Colla","AMARANTHACEAE Alternanthera tenella Colla","8432","splink","UFMA","Lima, G.P.","131","Native","2014",,,"Ouro","Prata",,"Paço do Lumiar","Praia de Panaquatira"
"ÁREA DE PROTEÇÃO AMBIENTAL UPAON-AÇU / MIRITIBA / ALTO PREGUIÇAS","Angiosperms","Amaranthaceae","Alternanthera","tenella","Colla","AMARANTHACEAE Alternanthera tenella Colla","8433","splink","UFMA","Lima, G.P.","209","Native","2014",,,"Ouro","Prata",,"Paço do Lumiar","Praia de Panaquatira"
"ÁREA DE PROTEÇÃO AMBIENTAL UPAON-AÇU / MIRITIBA / ALTO PREGUIÇAS","Angiosperms","Amaranthaceae","Alternanthera","tenella","Colla","AMARANTHACEAE Alternanthera tenella Colla","8430","splink","UFMA","Lima, G.P.","53","Native","2013",,,"Ouro","Prata",,"Paço do Lumiar","Praia de Panaquatira"
"ÁREA DE PROTEÇÃO AMBIENTAL UPAON-AÇU / MIRITIBA / ALTO PREGUIÇAS","Angiosperms","Amaranthaceae","Alternanthera","tenella","Colla","AMARANTHACEAE Alternanthera tenella Colla","MAR0009166",,"UFMA","Lima, G.P.",,"Native","2015",,,"Latão","Prata",,"Paço do Lumiar","Praia de Panaquatira."
"ÁREA DE PROTEÇÃO AMBIENTAL UPAON-AÇU / MIRITIBA / ALTO PREGUIÇAS","Angiosperms","Amaranthaceae","Blutaparon","portulacoides","(A.St.-Hil.) Mears","AMARANTHACEAE Blutaparon portulacoides (A.St.-Hil.) Mears","4087","splink","UFMA","Serra, F.C.V.","155","Native","2013",,,"Ouro","Prata",,"São José de Ribamar","Restinga do Sitio Aguahy (Reserva da Meck)"
"ÁREA DE PROTEÇÃO AMBIENTAL UPAON-AÇU / MIRITIBA / ALTO PREGUIÇAS","Angiosperms","Amaranthaceae","Blutaparon","portulacoides","(A.St.-Hil.) Mears","AMARANTHACEAE Blutaparon portulacoides (A.St.-Hil.) Mears","4088","splink","UFMA","Serra, F.C.V.","154","Native","2013",,,"Ouro","Prata",,"São José de Ribamar","Restinga do Sitio Aguahy (Reserva da Meck)"
"ÁREA DE PROTEÇÃO AMBIENTAL UPAON-AÇU / MIRITIBA / ALTO PREGUIÇAS","Angiosperms","Amaranthaceae","Blutaparon","portulacoides","(A.St.-Hil.) Mears","AMARANTHACEAE Blutaparon portulacoides (A.St.-Hil.) Mears","4086","splink","UFMA","Serra, F.C.V.","125","Native","2012",,,"Ouro","Prata",,"São José de Ribamar","Restinga do Sitio Aguahy (Reserva da Meck)"
"ÁREA DE PROTEÇÃO AMBIENTAL UPAON-AÇU / MIRITIBA / ALTO PREGUIÇAS","Angiosperms","Amaranthaceae","Blutaparon","portulacoides","(A.St.-Hil.) Mears","AMARANTHACEAE Blutaparon portulacoides (A.St.-Hil.) Mears","MAR0008436",,"UFMA","Lima, G.P.","399",,"2014",,,"Latão","Prata",,"Paço do Lumiar","Praia de Panaquatira."
"ÁREA DE PROTEÇÃO AMBIENTAL UPAON-AÇU / MIRITIBA / ALTO PREGUIÇAS","Angiosperms","Amaranthaceae","Blutaparon","portulacoides","(A.St.-Hil.) Mears","AMARANTHACEAE Blutaparon portulacoides (A.St.-Hil.) Mears","MAR0004087",,"UFMA","Serra, F.C.V.","155",,"2013",,,"Latão","Prata",,"São José de Ribamar","Restinga do Sitio Aguahy (Reserva da Meck)."
"ÁREA DE PROTEÇÃO AMBIENTAL UPAON-AÇU / MIRITIBA / ALTO PREGUIÇAS","Angiosperms","Anacardiaceae","Anacardium","occidentale","L.","ANACARDIACEAE Anacardium occidentale L.","MAR0008166",,"UFMA","Lima, G.P.","369",,"2014",,,"Latão","Prata",,"Paço do Lumiar","Praia de Panaquatira."
"ÁREA DE PROTEÇÃO AMBIENTAL UPAON-AÇU / MIRITIBA / ALTO PREGUIÇAS","Angiosperms","Anacardiaceae","Anacardium","occidentale","L.","ANACARDIACEAE Anacardium occidentale L.","MAR0004074",,"UFMA","Serra, F.C.V.","65",,"2013",,,"Latão","Prata",,"São José de Ribamar","Restinga do Sitio Aguahy (Reserva da Meck)."
"ÁREA DE PROTEÇÃO AMBIENTAL UPAON-AÇU / MIRITIBA / ALTO PREGUIÇAS","Angiosperms","Anacardiaceae","Anacardium","occidentale","L.","ANACARDIACEAE Anacardium occidentale L.","MAR0006897",,"UFMA","Lima, G.P.","18",,"2013",,,"Latão","Prata",,"Paço do Lumiar","Praia de Panaquatira."
"ÁREA DE PROTEÇÃO AMBIENTAL UPAON-AÇU / MIRITIBA / ALTO PREGUIÇAS","Angiosperms","Anacardiaceae","Anacardium","occidentale","L.","ANACARDIACEAE Anacardium occidentale L.","MAR0004073",,"UFMA","Serra, F.C.V.","16",,"2012",,,"Latão","Prata",,"São José de Ribamar","Restinga do Sitio Aguahy (Reserva da Meck)."
"ÁREA DE PROTEÇÃO AMBIENTAL UPAON-AÇU / MIRITIBA / ALTO PREGUIÇAS","Angiosperms","Anacardiaceae","Tapirira","guianensis","Aubl.","ANACARDIACEAE Tapirira guianensis Aubl.","MAR0004075",,"UFMA","Serra, F.C.V.","110","Native","2012",,,"Latão","Prata",,"São José de Ribamar","Restinga do Sitio Aguahy (Reserva da Meck)."
"ÁREA DE PROTEÇÃO AMBIENTAL UPAON-AÇU / MIRITIBA / ALTO PREGUIÇAS","Angiosperms","Annonaceae","Ephedranthus","pisocarpus","R.E.Fr.","ANNONACEAE Ephedranthus pisocarpus R.E.Fr.","MAR0013214",,"UFMA","Santos, C.R.","46","Native","2022",,,"Latão","Prata",,"São José de Ribamar","Sítio Aguahy."
"ÁREA DE PROTEÇÃO AMBIENTAL UPAON-AÇU / MIRITIBA / ALTO PREGUIÇAS","Angiosperms","Annonaceae","Xylopia","sericea","A.St.-Hil.","ANNONACEAE Xylopia sericea A.St.-Hil.","MAR0013233",,"UFMA","Amorim, G.S.","560","Native","2019",,,"Latão","Prata",,"São José de Ribamar","Sítio Aguahy."
"ÁREA DE PROTEÇÃO AMBIENTAL UPAON-AÇU / MIRITIBA / ALTO PREGUIÇAS","Angiosperms","Apocynaceae","Calotropis","procera","(Aiton) W.T.Aiton","APOCYNACEAE Calotropis procera (Aiton) W.T.Aiton","MAR0008475",,"UFMA","Lima, G.P.","619","Native","2015",,,"Latão","Prata",,"Paço do Lumiar","Praia de Panaquatira."
"ÁREA DE PROTEÇÃO AMBIENTAL UPAON-AÇU / MIRITIBA / ALTO PREGUIÇAS","Angiosperms","Apocynaceae","Himatanthus","articulatus","(Vahl) Woodson","APOCYNACEAE Himatanthus articulatus (Vahl) Woodson","MAR0013228",,"UFMA","Amorim, G.S.","587","Native","2019",,,"Latão","Prata",,"São José de Ribamar","Sítio Aguahy."
"ÁREA DE PROTEÇÃO AMBIENTAL UPAON-AÇU / MIRITIBA / ALTO PREGUIÇAS","Angiosperms","Apocynaceae","Himatanthus","drasticus","(Mart.) Plumel","APOCYNACEAE Himatanthus drasticus (Mart.) Plumel","6882","splink","UFMA","Lima, G.P.","537","Native","2014",,,"Ouro","Prata",,"Paço do Lumiar","Praia de Panaquatira"
"ÁREA DE PROTEÇÃO AMBIENTAL UPAON-AÇU / MIRITIBA / ALTO PREGUIÇAS","Angiosperms","Apocynaceae","Himatanthus","drasticus","(Mart.) Plumel","APOCYNACEAE Himatanthus drasticus (Mart.) Plumel","6881","splink","UFMA","Lima, G.P.","530","Native","2014",,,"Ouro","Prata",,"Paço do Lumiar","Praia de Panaquatira"
"ÁREA DE PROTEÇÃO AMBIENTAL UPAON-AÇU / MIRITIBA / ALTO PREGUIÇAS","Angiosperms","Apocynaceae","Himatanthus","drasticus","(Mart.) Plumel","APOCYNACEAE Himatanthus drasticus (Mart.) Plumel","MAR0017233",,"UFMA","Carvalho, U.S.","156","Native","2024","Carvalho, U.S.","2024","Bronze","Prata",,"Paço do Lumiar","Praia de Panaquatira"
"ÁREA DE PROTEÇÃO AMBIENTAL UPAON-AÇU / MIRITIBA / ALTO PREGUIÇAS","Angiosperms","Apocynaceae","Himatanthus","drasticus","(Mart.) Plumel","APOCYNACEAE Himatanthus drasticus (Mart.) Plumel","MAR0017235",,"UFMA","Carvalho, U.S.","167","Native","2024","Carvalho, U.S.","2024","Bronze","Prata",,"Paço do Lumiar","Praia de Panaquatira"
"ÁREA DE PROTEÇÃO AMBIENTAL UPAON-AÇU / MIRITIBA / ALTO PREGUIÇAS","Angiosperms","Apocynaceae","Himatanthus","drasticus","(Mart.) Plumel","APOCYNACEAE Himatanthus drasticus (Mart.) Plumel","MAR0017236",,"UFMA","Carvalho, U.S.","167","Native","2024","Carvalho, U.S.","2024","Bronze","Prata",,"Paço do Lumiar","Praia de Panaquatira"
"ÁREA DE PROTEÇÃO AMBIENTAL UPAON-AÇU / MIRITIBA / ALTO PREGUIÇAS","Angiosperms","Apocynaceae","Mandevilla","scabra","(Hoffmanns. ex Roem. & Schult.) K.Schum.","APOCYNACEAE Mandevilla scabra (Hoffmanns. ex Roem. & Schult.) K.Schum.","MAR0008564",,"UFMA","Lima, G.P.","594","Native","2015",,,"Latão","Prata",,"Paço do Lumiar","Praia de Panaquatira."
"ÁREA DE PROTEÇÃO AMBIENTAL UPAON-AÇU / MIRITIBA / ALTO PREGUIÇAS","Angiosperms","Araceae","Philodendron","acutatum","Schott","ARACEAE Philodendron acutatum Schott","MAR0008554",,"UFMA","Lima, G.P.","602","Native","2015",,,"Latão","Prata",,"Paço do Lumiar","Praia de Panaquatira."
"ÁREA DE PROTEÇÃO AMBIENTAL UPAON-AÇU / MIRITIBA / ALTO PREGUIÇAS","Angiosperms","Arecaceae","Astrocaryum","vulgare","Mart.","ARECACEAE Astrocaryum vulgare Mart.","8579","splink","UFMA","Lima, G.P.","509","Native","2014","Lima, G.P.","2018","Ouro","Prata",,"Paço do Lumiar","Praia de Panaquatira"
"ÁREA DE PROTEÇÃO AMBIENTAL UPAON-AÇU / MIRITIBA / ALTO PREGUIÇAS","Angiosperms","Arecaceae","Astrocaryum","vulgare","Mart.","ARECACEAE Astrocaryum vulgare Mart.","MAR0008579",,"UFMA","Lima, G.P.","509","Native","2014","Lima, G.P.","2018","Ouro","Prata",,"Paço do Lumiar","Praia de Panaquatira."
"ÁREA DE PROTEÇÃO AMBIENTAL UPAON-AÇU / MIRITIBA / ALTO PREGUIÇAS","Angiosperms","Arecaceae","Astrocaryum","vulgare","Mart.","ARECACEAE Astrocaryum vulgare Mart.","4257","splink","UFMA","Serra, F.C.V.","128","Native","2012","Lima, G.P.","2018","Ouro","Prata",,"São José de Ribamar","Restinga do Sitio Aguahy (Reserva da Meck)"
"ÁREA DE PROTEÇÃO AMBIENTAL UPAON-AÇU / MIRITIBA / ALTO PREGUIÇAS","Angiosperms","Arecaceae","Astrocaryum","vulgare","Mart.","ARECACEAE Astrocaryum vulgare Mart.","MAR0004257",,"UFMA","Serra, F.C.V.","128",,"2012","Lima, G.P.","2018","Ouro","Prata",,"São José de Ribamar","Restinga do Sitio Aguahy (Reserva da Meck)."
"ÁREA DE PROTEÇÃO AMBIENTAL UPAON-AÇU / MIRITIBA / ALTO PREGUIÇAS","Angiosperms","Arecaceae","Astrocaryum","vulgare","Mart.","ARECACEAE Astrocaryum vulgare Mart.","MAR0009336",,"UFMA","Belfort, L.","T1P5P2",,"2016",,,"Latão","Prata",,"Paço do Lumiar","Praia de Panaquatira."
"ÁREA DE PROTEÇÃO AMBIENTAL UPAON-AÇU / MIRITIBA / ALTO PREGUIÇAS","Angiosperms","Arecaceae","Attalea","speciosa","Mart. ex Spreng.","ARECACEAE Attalea speciosa Mart. ex Spreng.","MAR0009337",,"UFMA","Belfort, L.","T1P1P1",,"2016",,,"Latão","Prata",,"Paço do Lumiar","Praia de Panaquatira."
"ÁREA DE PROTEÇÃO AMBIENTAL UPAON-AÇU / MIRITIBA / ALTO PREGUIÇAS","Angiosperms","Arecaceae","Copernicia","prunifera","(Mill.) H.E.Moore","ARECACEAE Copernicia prunifera (Mill.) H.E.Moore","MAR0008580",,"UFMA","Lima, G.P.","564","Native","2015","Lima, G.P.","2018","Ouro","Prata",,"Paço do Lumiar","Praia de Panaquatira."
"ÁREA DE PROTEÇÃO AMBIENTAL UPAON-AÇU / MIRITIBA / ALTO PREGUIÇAS","Angiosperms","Asteraceae","Ambrosia","microcephala","DC.","ASTERACEAE Ambrosia microcephala DC.","8359","splink","UFMA","Lima, G.P.","543","Native","2015",,,"Ouro","Prata",,"Paço do Lumiar","Praia de Panaquatira"
"ÁREA DE PROTEÇÃO AMBIENTAL UPAON-AÇU / MIRITIBA / ALTO PREGUIÇAS","Angiosperms","Asteraceae","Ambrosia","microcephala","DC.","ASTERACEAE Ambrosia microcephala DC.","8360","splink","UFMA","Lima, G.P.","268","Native","2014",,,"Ouro","Prata",,"Paço do Lumiar","Praia de Panaquatira"
"ÁREA DE PROTEÇÃO AMBIENTAL UPAON-AÇU / MIRITIBA / ALTO PREGUIÇAS","Angiosperms","Asteraceae","Ambrosia","microcephala","DC.","ASTERACEAE Ambrosia microcephala DC.","MAR0009196",,"UFMA","Lima, G.P.","637",,"2016",,,"Latão","Prata",,"Paço do Lumiar","Praia de Panaquatira."
"ÁREA DE PROTEÇÃO AMBIENTAL UPAON-AÇU / MIRITIBA / ALTO PREGUIÇAS","Angiosperms","Asteraceae","Ambrosia","microcephala","DC.","ASTERACEAE Ambrosia microcephala DC.","MAR0008359",,"UFMA","Lima, G.P.","543","Native","2015",,,"Latão","Prata",,"Paço do Lumiar","Praia de Panaquatira."
"ÁREA DE PROTEÇÃO AMBIENTAL UPAON-AÇU / MIRITIBA / ALTO PREGUIÇAS","Angiosperms","Asteraceae","Ambrosia","microcephala","DC.","ASTERACEAE Ambrosia microcephala DC.","MAR0008360",,"UFMA","Lima, G.P.","268","Native","2014",,,"Latão","Prata",,"Paço do Lumiar","Praia de Panaquatira."
"ÁREA DE PROTEÇÃO AMBIENTAL UPAON-AÇU / MIRITIBA / ALTO PREGUIÇAS","Angiosperms","Asteraceae","Bidens","bipinnata","L.","ASTERACEAE Bidens bipinnata L.","SLUI006309 SLUI00006309","splink","SLUI","Guterres, A.V.F.","159",,"2017",,,"Latão","Prata",,"São José de Ribamar","Sítio Aguahy"
"ÁREA DE PROTEÇÃO AMBIENTAL UPAON-AÇU / MIRITIBA / ALTO PREGUIÇAS","Angiosperms","Asteraceae","Chromolaena","maximiliani","(Schrad. ex DC.) R.M.King & H.Rob.","ASTERACEAE Chromolaena maximiliani (Schrad. ex DC.) R.M.King & H.Rob.","MAR0011291",,"UFMA","Guterres, A.V.F.","161","Native","2017",,,"Latão","Prata",,"São José de Ribamar","Sítio Aguahy."
"ÁREA DE PROTEÇÃO AMBIENTAL UPAON-AÇU / MIRITIBA / ALTO PREGUIÇAS","Angiosperms","Asteraceae","Chromolaena","maximiliani","(Schrad. ex DC.) R.M.King & H.Rob.","ASTERACEAE Chromolaena maximiliani (Schrad. ex DC.) R.M.King & H.Rob.","MAR0011292",,"UFMA","Guterres, A.V.F.","165","Native","2017",,,"Latão","Prata",,"São José de Ribamar","Sítio Aguahy."
"ÁREA DE PROTEÇÃO AMBIENTAL UPAON-AÇU / MIRITIBA / ALTO PREGUIÇAS","Angiosperms","Asteraceae","Chromolaena","maximiliani","(Schrad. ex DC.) R.M.King & H.Rob.","ASTERACEAE Chromolaena maximiliani (Schrad. ex DC.) R.M.King & H.Rob.","MAR0013441",,"UFMA","Azevedo, G.G.","83","Native","2007",,,"Latão","Prata",,"São José de Ribamar","Sítio Aguahy."
"ÁREA DE PROTEÇÃO AMBIENTAL UPAON-AÇU / MIRITIBA / ALTO PREGUIÇAS","Angiosperms","Asteraceae","Elephantopus","mollis","Kunth","ASTERACEAE Elephantopus mollis Kunth","11421","splink","UFMA","Guterres, A.V.F.","122","Native","2017",,,"Ouro","Prata",,"São José de Ribamar","Sítio Aguahy"
"ÁREA DE PROTEÇÃO AMBIENTAL UPAON-AÇU / MIRITIBA / ALTO PREGUIÇAS","Angiosperms","Asteraceae","Elephantopus","mollis","Kunth","ASTERACEAE Elephantopus mollis Kunth","11426","splink","UFMA","Guterres, A.V.F.","121","Native","2017",,,"Ouro","Prata",,"São José de Ribamar","Sítio Aguahy"
"ÁREA DE PROTEÇÃO AMBIENTAL UPAON-AÇU / MIRITIBA / ALTO PREGUIÇAS","Angiosperms","Asteraceae","Elephantopus","mollis","Kunth","ASTERACEAE Elephantopus mollis Kunth","8169","splink","UFMA","Lima, G.P.","601","Native","2015",,,"Ouro","Prata",,"Paço do Lumiar","Praia de Panaquatira"
"ÁREA DE PROTEÇÃO AMBIENTAL UPAON-AÇU / MIRITIBA / ALTO PREGUIÇAS","Angiosperms","Asteraceae","Elephantopus","mollis","Kunth","ASTERACEAE Elephantopus mollis Kunth","8361","splink","UFMA","Lima, G.P.","517","Native","2014",,,"Ouro","Prata",,"Paço do Lumiar","Praia de Panaquatira"
"ÁREA DE PROTEÇÃO AMBIENTAL UPAON-AÇU / MIRITIBA / ALTO PREGUIÇAS","Angiosperms","Asteraceae","Elephantopus","mollis","Kunth","ASTERACEAE Elephantopus mollis Kunth","MAR0011421",,"UFMA","Guterres, A.V.F.","122","Native","2017",,,"Latão","Prata",,"São José de Ribamar","Sítio Aguahy."
"ÁREA DE PROTEÇÃO AMBIENTAL UPAON-AÇU / MIRITIBA / ALTO PREGUIÇAS","Angiosperms","Asteraceae","Emilia","sonchifolia","(L.) DC.","ASTERACEAE Emilia sonchifolia (L.) DC.","8350","splink","UFMA","Lima, G.P.","365","Native","2014",,,"Ouro","Prata",,"Paço do Lumiar","Praia de Panaquatira"
"ÁREA DE PROTEÇÃO AMBIENTAL UPAON-AÇU / MIRITIBA / ALTO PREGUIÇAS","Angiosperms","Asteraceae","Emilia","sonchifolia","(L.) DC.","ASTERACEAE Emilia sonchifolia (L.) DC.","8351","splink","UFMA","Lima, G.P.","508","Native","2014",,,"Ouro","Prata",,"Paço do Lumiar","Praia de Panaquatira"
"ÁREA DE PROTEÇÃO AMBIENTAL UPAON-AÇU / MIRITIBA / ALTO PREGUIÇAS","Angiosperms","Asteraceae","Emilia","sonchifolia","(L.) DC.","ASTERACEAE Emilia sonchifolia (L.) DC.","8481","splink","UFMA","Lima, G.P.","298","Native","2014",,,"Ouro","Prata",,"Paço do Lumiar","Praia de Panaquatira"
"ÁREA DE PROTEÇÃO AMBIENTAL UPAON-AÇU / MIRITIBA / ALTO PREGUIÇAS","Angiosperms","Asteraceae","Emilia","sonchifolia","(L.) DC.","ASTERACEAE Emilia sonchifolia (L.) DC.","8352","splink","UFMA","Lima, G.P.","245","Native","2014",,,"Ouro","Prata",,"Paço do Lumiar","Praia de Panaquatira"
"ÁREA DE PROTEÇÃO AMBIENTAL UPAON-AÇU / MIRITIBA / ALTO PREGUIÇAS","Angiosperms","Asteraceae","Emilia","sonchifolia","(L.) DC.","ASTERACEAE Emilia sonchifolia (L.) DC.","4084","splink","UFMA","Serra, F.C.V.","192","Native","2013",,,"Ouro","Prata",,"São José de Ribamar","Restinga do Sitio Aguahy (Reserva da Meck)"
"ÁREA DE PROTEÇÃO AMBIENTAL UPAON-AÇU / MIRITIBA / ALTO PREGUIÇAS","Angiosperms","Asteraceae","Erechtites","hieracifolius","(L.) Raf. ex DC.","ASTERACEAE Erechtites hieracifolius (L.) Raf. ex DC.","SLUI006313 SLUI00006313","splink","SLUI","Guterres, A.V.F.","131","Native","2018",,,"Latão","Prata",,"São José de Ribamar","Sítio Aguahy"
"ÁREA DE PROTEÇÃO AMBIENTAL UPAON-AÇU / MIRITIBA / ALTO PREGUIÇAS","Angiosperms","Asteraceae","Erechtites","hieracifolius","(L.) Raf. ex DC.","ASTERACEAE Erechtites hieracifolius (L.) Raf. ex DC.","MAR0011379",,"UFMA","Guterres, A.V.F.","131","Native","2017",,,"Latão","Prata",,"São José de Ribamar","Sítio Aguahy."
"ÁREA DE PROTEÇÃO AMBIENTAL UPAON-AÇU / MIRITIBA / ALTO PREGUIÇAS","Angiosperms","Asteraceae","Erechtites","hieracifolius","(L.) Raf. ex DC.","ASTERACEAE Erechtites hieracifolius (L.) Raf. ex DC.","MAR0011297",,"UFMA","Guterres, A.V.F.","62","Native","2016",,,"Latão","Prata",,"São José de Ribamar","Sítio Aguahy."
"ÁREA DE PROTEÇÃO AMBIENTAL UPAON-AÇU / MIRITIBA / ALTO PREGUIÇAS","Angiosperms","Asteraceae","Lepidaploa","arenaria","(Mart. ex DC.) H.Rob.","ASTERACEAE Lepidaploa arenaria (Mart. ex DC.) H.Rob.","MAR0011387",,"UFMA","Guterres, A.V.F.","319","Native","2018",,,"Latão","Prata",,"São José de Ribamar","Sítio Aguahy."
"ÁREA DE PROTEÇÃO AMBIENTAL UPAON-AÇU / MIRITIBA / ALTO PREGUIÇAS","Angiosperms","Asteraceae","Lepidaploa","arenaria","(Mart. ex DC.) H.Rob.","ASTERACEAE Lepidaploa arenaria (Mart. ex DC.) H.Rob.","MAR0011880",,"UFMA","Guterres, A.V.F.","127","Native","2017",,,"Latão","Prata",,"São José de Ribamar","Sítio Aguahy."
"ÁREA DE PROTEÇÃO AMBIENTAL UPAON-AÇU / MIRITIBA / ALTO PREGUIÇAS","Angiosperms","Asteraceae","Lepidaploa","arenaria","(Mart. ex DC.) H.Rob.","ASTERACEAE Lepidaploa arenaria (Mart. ex DC.) H.Rob.","MAR0011388",,"UFMA","Guterres, A.V.F.","29","Native","2016",,,"Latão","Prata",,"São José de Ribamar","Sítio Aguahy."
"ÁREA DE PROTEÇÃO AMBIENTAL UPAON-AÇU / MIRITIBA / ALTO PREGUIÇAS","Angiosperms","Asteraceae","Lepidaploa","arenaria","(Mart. ex DC.) H.Rob.","ASTERACEAE Lepidaploa arenaria (Mart. ex DC.) H.Rob.","BMA1000744","splink","BMA","Guterres, A.V.F.","7","Native","2016",,,"Latão","Prata",,"São José de Ribamar","Sítio Aguahy"
"ÁREA DE PROTEÇÃO AMBIENTAL UPAON-AÇU / MIRITIBA / ALTO PREGUIÇAS","Angiosperms","Asteraceae","Lepidaploa","arenaria","(Mart. ex DC.) H.Rob.","ASTERACEAE Lepidaploa arenaria (Mart. ex DC.) H.Rob.","FURB73059","splink","FURB","Guterres, A.V.F.","7","Native","2016",,,"Latão","Prata",,"São José de Ribamar","Sítio Aguahy."
"ÁREA DE PROTEÇÃO AMBIENTAL UPAON-AÇU / MIRITIBA / ALTO PREGUIÇAS","Angiosperms","Asteraceae","Mikania","cordifolia","(L.f.) Willd.","ASTERACEAE Mikania cordifolia (L.f.) Willd.","MAR0011389",,"UFMA","Guterres, A.V.F.","116","Native","2017",,,"Latão","Prata",,"São José de Ribamar","Sítio Aguahy."
"ÁREA DE PROTEÇÃO AMBIENTAL UPAON-AÇU / MIRITIBA / ALTO PREGUIÇAS","Angiosperms","Asteraceae","Mikania","cordifolia","(L.f.) Willd.","ASTERACEAE Mikania cordifolia (L.f.) Willd.","MAR0008353",,"UFMA","Lima, G.P.","191","Native","2014",,,"Latão","Prata",,"Paço do Lumiar","Praia de Panaquatira."
"ÁREA DE PROTEÇÃO AMBIENTAL UPAON-AÇU / MIRITIBA / ALTO PREGUIÇAS","Angiosperms","Asteraceae","Porophyllum","ruderale","(Jacq.) Cass.","ASTERACEAE Porophyllum ruderale (Jacq.) Cass.","11353","splink","UFMA","Guterres, A.V.F.","125","Native","2017",,,"Ouro","Prata",,"São José de Ribamar","Sítio Aguahy"
"ÁREA DE PROTEÇÃO AMBIENTAL UPAON-AÇU / MIRITIBA / ALTO PREGUIÇAS","Angiosperms","Asteraceae","Porophyllum","ruderale","(Jacq.) Cass.","ASTERACEAE Porophyllum ruderale (Jacq.) Cass.","MAR0011352",,"UFMA","Guterres, A.V.F.","126","Native","2017",,,"Latão","Prata",,"São José de Ribamar","Sítio Aguahy."
"ÁREA DE PROTEÇÃO AMBIENTAL UPAON-AÇU / MIRITIBA / ALTO PREGUIÇAS","Angiosperms","Asteraceae","Porophyllum","ruderale","(Jacq.) Cass.","ASTERACEAE Porophyllum ruderale (Jacq.) Cass.","MAR0011353",,"UFMA","Guterres, A.V.F.","125","Native","2017",,,"Latão","Prata",,"São José de Ribamar","Sítio Aguahy."
"ÁREA DE PROTEÇÃO AMBIENTAL UPAON-AÇU / MIRITIBA / ALTO PREGUIÇAS","Angiosperms","Asteraceae","Praxelis","diffusa","(Rich.) Pruski","ASTERACEAE Praxelis diffusa (Rich.) Pruski","MAR0011396",,"UFMA","Guterres, A.V.F.","167","Native","2017",,,"Latão","Prata",,"São José de Ribamar","Sítio Aguahy."
"ÁREA DE PROTEÇÃO AMBIENTAL UPAON-AÇU / MIRITIBA / ALTO PREGUIÇAS","Angiosperms","Asteraceae","Rolandra","fruticosa","(L.) Kuntze","ASTERACEAE Rolandra fruticosa (L.) Kuntze","11267","splink","UFMA","Guterres, A.V.F.","362","Native","2018",,,"Ouro","Prata",,"São José de Ribamar","Sítio Aguahy"
"ÁREA DE PROTEÇÃO AMBIENTAL UPAON-AÇU / MIRITIBA / ALTO PREGUIÇAS","Angiosperms","Asteraceae","Rolandra","fruticosa","(L.) Kuntze","ASTERACEAE Rolandra fruticosa (L.) Kuntze","11882","splink","UFMA","Guterres, A.V.F.","357","Native","2018",,,"Ouro","Prata",,"São José de Ribamar","Sítio Aguahy"
"ÁREA DE PROTEÇÃO AMBIENTAL UPAON-AÇU / MIRITIBA / ALTO PREGUIÇAS","Angiosperms","Asteraceae","Rolandra","fruticosa","(L.) Kuntze","ASTERACEAE Rolandra fruticosa (L.) Kuntze","11263","splink","UFMA","Guterres, A.V.F.","361","Native","2018",,,"Ouro","Prata",,"São José de Ribamar","Sítio Aguahy"
"ÁREA DE PROTEÇÃO AMBIENTAL UPAON-AÇU / MIRITIBA / ALTO PREGUIÇAS","Angiosperms","Asteraceae","Rolandra","fruticosa","(L.) Kuntze","ASTERACEAE Rolandra fruticosa (L.) Kuntze","11266","splink","UFMA","Guterres, A.V.F.","360","Native","2018",,,"Ouro","Prata",,"São José de Ribamar","Sítio Aguahy"
"ÁREA DE PROTEÇÃO AMBIENTAL UPAON-AÇU / MIRITIBA / ALTO PREGUIÇAS","Angiosperms","Asteraceae","Rolandra","fruticosa","(L.) Kuntze","ASTERACEAE Rolandra fruticosa (L.) Kuntze","11883","splink","UFMA","Guterres, A.V.F.","359","Native","2018",,,"Ouro","Prata",,"São José de Ribamar","Sítio Aguahy"
"ÁREA DE PROTEÇÃO AMBIENTAL UPAON-AÇU / MIRITIBA / ALTO PREGUIÇAS","Angiosperms","Asteraceae","Tilesia","baccata","(L.) Pruski","ASTERACEAE Tilesia baccata (L.) Pruski","FURB73181","splink","FURB","Guterres, A.V.F.","254","Native","2018",,,"Latão","Prata",,"São José de Ribamar","Sítio Aguahy."
"ÁREA DE PROTEÇÃO AMBIENTAL UPAON-AÇU / MIRITIBA / ALTO PREGUIÇAS","Angiosperms","Asteraceae","Vernonanthura","brasiliana","(L.) H.Rob.","ASTERACEAE Vernonanthura brasiliana (L.) H.Rob.","4078","splink","UFMA","Serra, F.C.V.","39","Native","2012",,,"Ouro","Prata",,"São José de Ribamar","Restinga do Sitio Aguahy (Reserva da Meck)"
"ÁREA DE PROTEÇÃO AMBIENTAL UPAON-AÇU / MIRITIBA / ALTO PREGUIÇAS","Angiosperms","Asteraceae","Vernonanthura","brasiliana","(L.) H.Rob.","ASTERACEAE Vernonanthura brasiliana (L.) H.Rob.","4081","splink","UFMA","Serra, F.C.V.","94","Native","2012",,,"Ouro","Prata",,"São José de Ribamar","Restinga do Sitio Aguahy (Reserva da Meck)"
"ÁREA DE PROTEÇÃO AMBIENTAL UPAON-AÇU / MIRITIBA / ALTO PREGUIÇAS","Angiosperms","Asteraceae","Vernonanthura","brasiliana","(L.) H.Rob.","ASTERACEAE Vernonanthura brasiliana (L.) H.Rob.","MAR0004080",,"UFMA","Serra, F.C.V.","169","Native","2013",,,"Latão","Prata",,"São José de Ribamar","Restinga do Sitio Aguahy (Reserva da Meck)."
"ÁREA DE PROTEÇÃO AMBIENTAL UPAON-AÇU / MIRITIBA / ALTO PREGUIÇAS","Angiosperms","Asteraceae","Vernonanthura","brasiliana","(L.) H.Rob.","ASTERACEAE Vernonanthura brasiliana (L.) H.Rob.","MAR0004078",,"UFMA","Serra, F.C.V.","39","Native","2012",,,"Latão","Prata",,"São José de Ribamar","Restinga do Sitio Aguahy (Reserva da Meck)."
"ÁREA DE PROTEÇÃO AMBIENTAL UPAON-AÇU / MIRITIBA / ALTO PREGUIÇAS","Angiosperms","Asteraceae","Vernonanthura","brasiliana","(L.) H.Rob.","ASTERACEAE Vernonanthura brasiliana (L.) H.Rob.","MAR0004079",,"UFMA","Almeida Junior, E.B.","927","Native","2012",,,"Latão","Prata",,"São José de Ribamar","Restinga do Sitio Aguahy (Reserva da Meck)."
"ÁREA DE PROTEÇÃO AMBIENTAL UPAON-AÇU / MIRITIBA / ALTO PREGUIÇAS","Angiosperms","Asteraceae","Wedelia","goyazensis","Gardner","ASTERACEAE Wedelia goyazensis Gardner","11329","splink","UFMA","Guterres, A.V.F.","129","Native","2017",,,"Ouro","Prata",,"São José de Ribamar","Sítio Aguahy"
"ÁREA DE PROTEÇÃO AMBIENTAL UPAON-AÇU / MIRITIBA / ALTO PREGUIÇAS","Angiosperms","Asteraceae","Wedelia","goyazensis","Gardner","ASTERACEAE Wedelia goyazensis Gardner","8354","splink","UFMA","Lima, G.P.","388","Native","2014",,,"Ouro","Prata",,"Paço do Lumiar","Praia de Panaquatira"
"ÁREA DE PROTEÇÃO AMBIENTAL UPAON-AÇU / MIRITIBA / ALTO PREGUIÇAS","Angiosperms","Asteraceae","Wedelia","goyazensis","Gardner","ASTERACEAE Wedelia goyazensis Gardner","8355","splink","UFMA","Lima, G.P.","134","Native","2014",,,"Ouro","Prata",,"Paço do Lumiar","Praia de Panaquatira"
"ÁREA DE PROTEÇÃO AMBIENTAL UPAON-AÇU / MIRITIBA / ALTO PREGUIÇAS","Angiosperms","Asteraceae","Wedelia","goyazensis","Gardner","ASTERACEAE Wedelia goyazensis Gardner","8357","splink","UFMA","Lima, G.P.","299","Native","2014",,,"Ouro","Prata",,"Paço do Lumiar","Praia de Panaquatira"
"ÁREA DE PROTEÇÃO AMBIENTAL UPAON-AÇU / MIRITIBA / ALTO PREGUIÇAS","Angiosperms","Asteraceae","Wedelia","goyazensis","Gardner","ASTERACEAE Wedelia goyazensis Gardner","8358","splink","UFMA","Lima, G.P.","351","Native","2014",,,"Ouro","Prata",,"Paço do Lumiar","Praia de Panaquatira"
"ÁREA DE PROTEÇÃO AMBIENTAL UPAON-AÇU / MIRITIBA / ALTO PREGUIÇAS","Angiosperms","Bignoniaceae","Bignonia","noterophila","Mart. ex DC.","BIGNONIACEAE Bignonia noterophila Mart. ex DC.","MAR0013438",,"UFMA","Azevedo, G.G.","85",,"2007",,,"Latão","Prata",,"São José de Ribamar","Sítio Aguahy."
"ÁREA DE PROTEÇÃO AMBIENTAL UPAON-AÇU / MIRITIBA / ALTO PREGUIÇAS","Angiosperms","Bixaceae","Cochlospermum","orinocense","(Kunth) Steud.","BIXACEAE Cochlospermum orinocense (Kunth) Steud.","4113","splink","UFMA","Serra, F.C.V.","83","Native","2012",,,"Ouro","Prata",,"São José de Ribamar","Restinga do Sitio Aguahy (Reserva da Meck)"
"ÁREA DE PROTEÇÃO AMBIENTAL UPAON-AÇU / MIRITIBA / ALTO PREGUIÇAS","Angiosperms","Bixaceae","Cochlospermum","orinocense","(Kunth) Steud.","BIXACEAE Cochlospermum orinocense (Kunth) Steud.","MAR0004113",,"UFMA","Serra, F.C.V.","83","Native","2012",,,"Latão","Prata",,"São José de Ribamar","Restinga do Sitio Aguahy (Reserva da Meck)."
"ÁREA DE PROTEÇÃO AMBIENTAL UPAON-AÇU / MIRITIBA / ALTO PREGUIÇAS","Angiosperms","Bixaceae","Cochlospermum","orinocense","(Kunth) Steud.","BIXACEAE Cochlospermum orinocense (Kunth) Steud.","MAR0004114",,"UFMA","Serra, F.C.V.","130","Native","2012",,,"Latão","Prata",,"São José de Ribamar","Restinga do Sitio Aguahy (Reserva da Meck)."
"ÁREA DE PROTEÇÃO AMBIENTAL UPAON-AÇU / MIRITIBA / ALTO PREGUIÇAS","Angiosperms","Burmanniaceae","Apteria","aphylla","(Nutt.) Barnhart ex Small","BURMANNIACEAE Apteria aphylla (Nutt.) Barnhart ex Small","MAR0009200",,"UFMA","Lima, G.P.","425",,"2014",,,"Latão","Prata",,"Paço do Lumiar","Praia de Panaquatira."
"ÁREA DE PROTEÇÃO AMBIENTAL UPAON-AÇU / MIRITIBA / ALTO PREGUIÇAS","Angiosperms","Burmanniaceae","Burmannia","capitata","(Walter ex J.F.Gmel.) Mart.","BURMANNIACEAE Burmannia capitata (Walter ex J.F.Gmel.) Mart.","MAR0010211",,"UFMA","Almeida Junior, E.B.","1331","Native","2017",,,"Latão","Prata",,"Paço do Lumiar","Praia de Panaquatira."
"ÁREA DE PROTEÇÃO AMBIENTAL UPAON-AÇU / MIRITIBA / ALTO PREGUIÇAS","Angiosperms","Burmanniaceae","Burmannia","capitata","(Walter ex J.F.Gmel.) Mart.","BURMANNIACEAE Burmannia capitata (Walter ex J.F.Gmel.) Mart.","MAR0007970",,"UFMA","Lima, G.P.","611","Native","2015",,,"Latão","Prata",,"Paço do Lumiar","Praia de Panaquatira."
"ÁREA DE PROTEÇÃO AMBIENTAL UPAON-AÇU / MIRITIBA / ALTO PREGUIÇAS","Angiosperms","Burseraceae","Protium","heptaphyllum","(Aubl.) Marchand","BURSERACEAE Protium heptaphyllum (Aubl.) Marchand","9329","splink","UFMA","Belfort, L.","T4P33P2","Native","2016",,,"Ouro","Prata",,"Paço do Lumiar","Praia de Panaquatira"
"ÁREA DE PROTEÇÃO AMBIENTAL UPAON-AÇU / MIRITIBA / ALTO PREGUIÇAS","Angiosperms","Burseraceae","Protium","heptaphyllum","(Aubl.) Marchand","BURSERACEAE Protium heptaphyllum (Aubl.) Marchand","8251","splink","UFMA","Lima, G.P.","163","Native","2014",,,"Ouro","Prata",,"Paço do Lumiar","Praia de Panaquatira"
"ÁREA DE PROTEÇÃO AMBIENTAL UPAON-AÇU / MIRITIBA / ALTO PREGUIÇAS","Angiosperms","Burseraceae","Protium","heptaphyllum","(Aubl.) Marchand","BURSERACEAE Protium heptaphyllum (Aubl.) Marchand","8248","splink","UFMA","Lima, G.P.","33","Native","2013",,,"Ouro","Prata",,"Paço do Lumiar","Praia de Panaquatira"
"ÁREA DE PROTEÇÃO AMBIENTAL UPAON-AÇU / MIRITIBA / ALTO PREGUIÇAS","Angiosperms","Burseraceae","Protium","heptaphyllum","(Aubl.) Marchand","BURSERACEAE Protium heptaphyllum (Aubl.) Marchand","8249","splink","UFMA","Lima, G.P.","13","Native","2013",,,"Ouro","Prata",,"Paço do Lumiar","Praia de Panaquatira"
"ÁREA DE PROTEÇÃO AMBIENTAL UPAON-AÇU / MIRITIBA / ALTO PREGUIÇAS","Angiosperms","Burseraceae","Protium","heptaphyllum","(Aubl.) Marchand","BURSERACEAE Protium heptaphyllum (Aubl.) Marchand","MAR0013221",,"UFMA","Amorim, G.S.","575","Native","2019",,,"Latão","Prata",,"São José de Ribamar","Sítio Aguahy."
"ÁREA DE PROTEÇÃO AMBIENTAL UPAON-AÇU / MIRITIBA / ALTO PREGUIÇAS","Angiosperms","Cactaceae","Cereus","hexagonus","(L.) Mill.","CACTACEAE Cereus hexagonus (L.) Mill.","6641","splink","UFMA","Castro, A.R.R.","5","Native","2014","Zappi","2019","Ouro","Prata",,"Paço do Lumiar","Praia de Panaquatira"
"ÁREA DE PROTEÇÃO AMBIENTAL UPAON-AÇU / MIRITIBA / ALTO PREGUIÇAS","Angiosperms","Cactaceae","Cereus","hexagonus","(L.) Mill.","CACTACEAE Cereus hexagonus (L.) Mill.","6650","splink","UFMA","Castro, A.R.R.","19","Native","2014","Zappi","2019","Ouro","Prata",,"Paço do Lumiar","Praia de Panaquatira"
"ÁREA DE PROTEÇÃO AMBIENTAL UPAON-AÇU / MIRITIBA / ALTO PREGUIÇAS","Angiosperms","Cactaceae","Cereus","hexagonus","(L.) Mill.","CACTACEAE Cereus hexagonus (L.) Mill.","MAR0006639",,"UFMA","Castro, A.R.R.","17","Native","2014","Zappi","2019","Ouro","Prata",,"São José de Ribamar","Sítio Aguahy."
"ÁREA DE PROTEÇÃO AMBIENTAL UPAON-AÇU / MIRITIBA / ALTO PREGUIÇAS","Angiosperms","Cactaceae","Cereus","hexagonus","(L.) Mill.","CACTACEAE Cereus hexagonus (L.) Mill.","MAR0006641",,"UFMA","Castro, A.R.R.","5","Native","2014","Zappi","2019","Ouro","Prata",,"Paço do Lumiar","Praia de Panaquatira."
"ÁREA DE PROTEÇÃO AMBIENTAL UPAON-AÇU / MIRITIBA / ALTO PREGUIÇAS","Angiosperms","Cactaceae","Cereus","hexagonus","(L.) Mill.","CACTACEAE Cereus hexagonus (L.) Mill.","MAR0006650",,"UFMA","Castro, A.R.R.","19","Native","2014","Zappi","2019","Ouro","Prata",,"Paço do Lumiar","Praia de Panaquatira."
"ÁREA DE PROTEÇÃO AMBIENTAL UPAON-AÇU / MIRITIBA / ALTO PREGUIÇAS","Angiosperms","Cactaceae","Pilosocereus","catingicola","(Gürke) Byles & G.D.Rowley","CACTACEAE Pilosocereus catingicola (Gürke) Byles & G.D.Rowley","MAR0006651",,"UFMA","Castro, A.R.R.","16","Native","2014","Zappi","2019","Ouro","Prata",,"São José de Ribamar","Sítio Aguahy."
"ÁREA DE PROTEÇÃO AMBIENTAL UPAON-AÇU / MIRITIBA / ALTO PREGUIÇAS","Angiosperms","Capparaceae","Cynophalla","flexuosa","(L.) J.Presl","CAPPARACEAE Cynophalla flexuosa (L.) J.Presl","4123","splink","UFMA","Serra, F.C.V.","187","Native","2013",,,"Ouro","Prata",,"São José de Ribamar","Restinga do Sitio Aguahy (Reserva da Meck)"
"ÁREA DE PROTEÇÃO AMBIENTAL UPAON-AÇU / MIRITIBA / ALTO PREGUIÇAS","Angiosperms","Capparaceae","Cynophalla","flexuosa","(L.) J.Presl","CAPPARACEAE Cynophalla flexuosa (L.) J.Presl","4122","splink","UFMA","Serra, F.C.V.","141","Native","2012",,,"Ouro","Prata",,"São José de Ribamar","Restinga do Sitio Aguahy (Reserva da Meck)"
"ÁREA DE PROTEÇÃO AMBIENTAL UPAON-AÇU / MIRITIBA / ALTO PREGUIÇAS","Angiosperms","Capparaceae","Cynophalla","flexuosa","(L.) J.Presl","CAPPARACEAE Cynophalla flexuosa (L.) J.Presl","MAR0008398",,"UFMA","Lima, G.P.","101","Native","2014",,,"Latão","Prata",,"Paço do Lumiar","Praia de Panaquatira."
"ÁREA DE PROTEÇÃO AMBIENTAL UPAON-AÇU / MIRITIBA / ALTO PREGUIÇAS","Angiosperms","Capparaceae","Cynophalla","flexuosa","(L.) J.Presl","CAPPARACEAE Cynophalla flexuosa (L.) J.Presl","MAR0004123",,"UFMA","Serra, F.C.V.","187","Native","2013",,,"Latão","Prata",,"São José de Ribamar","Restinga do Sitio Aguahy (Reserva da Meck)."
"ÁREA DE PROTEÇÃO AMBIENTAL UPAON-AÇU / MIRITIBA / ALTO PREGUIÇAS","Angiosperms","Capparaceae","Cynophalla","flexuosa","(L.) J.Presl","CAPPARACEAE Cynophalla flexuosa (L.) J.Presl","MAR0004120",,"UFMA","Almeida Junior, E.B.",,"Native","2012",,,"Latão","Prata",,"São José de Ribamar","Restinga do Sitio Aguahy (Reserva da Meck)."
"ÁREA DE PROTEÇÃO AMBIENTAL UPAON-AÇU / MIRITIBA / ALTO PREGUIÇAS","Angiosperms","Celastraceae","Monteverdia","erythroxylon","(Reissek) Biral","CELASTRACEAE Monteverdia erythroxylon (Reissek) Biral","8176","splink","UFMA","Lima, G.P.","533","Native","2014",,,"Ouro","Prata",,"Paço do Lumiar","Praia de Panaquatira"
"ÁREA DE PROTEÇÃO AMBIENTAL UPAON-AÇU / MIRITIBA / ALTO PREGUIÇAS","Angiosperms","Celastraceae","Monteverdia","erythroxylon","(Reissek) Biral","CELASTRACEAE Monteverdia erythroxylon (Reissek) Biral","MAR0009164",,"UFMA","Lima, G.P.","639","Native","2016",,,"Latão","Prata",,"Paço do Lumiar","Praia de Panaquatira."
"ÁREA DE PROTEÇÃO AMBIENTAL UPAON-AÇU / MIRITIBA / ALTO PREGUIÇAS","Angiosperms","Celastraceae","Monteverdia","erythroxylon","(Reissek) Biral","CELASTRACEAE Monteverdia erythroxylon (Reissek) Biral","MAR0008176",,"UFMA","Lima, G.P.","533","Native","2014",,,"Latão","Prata",,"Paço do Lumiar","Praia de Panaquatira."
"ÁREA DE PROTEÇÃO AMBIENTAL UPAON-AÇU / MIRITIBA / ALTO PREGUIÇAS","Angiosperms","Chrysobalanaceae","Chrysobalanus","icaco","L.","CHRYSOBALANACEAE Chrysobalanus icaco L.","4125","splink","UFMA","Serra, F.C.V.","8","Native","2012",,,"Ouro","Prata",,"São José de Ribamar","Restinga do Sitio Aguahy (Reserva da Meck)"
"ÁREA DE PROTEÇÃO AMBIENTAL UPAON-AÇU / MIRITIBA / ALTO PREGUIÇAS","Angiosperms","Chrysobalanaceae","Chrysobalanus","icaco","L.","CHRYSOBALANACEAE Chrysobalanus icaco L.","MAR0004125",,"UFMA","Serra, F.C.V.","8","Native","2012",,,"Latão","Prata",,"São José de Ribamar","Restinga do Sitio Aguahy (Reserva da Meck)."
"ÁREA DE PROTEÇÃO AMBIENTAL UPAON-AÇU / MIRITIBA / ALTO PREGUIÇAS","Angiosperms","Chrysobalanaceae","Chrysobalanus","icaco","L.","CHRYSOBALANACEAE Chrysobalanus icaco L.","MAR0004126",,"UFMA","Serra, F.C.V.","81","Native","2012",,,"Latão","Prata",,"São José de Ribamar","Restinga do Sitio Aguahy (Reserva da Meck)."
"ÁREA DE PROTEÇÃO AMBIENTAL UPAON-AÇU / MIRITIBA / ALTO PREGUIÇAS","Angiosperms","Chrysobalanaceae","Chrysobalanus","icaco","L.","CHRYSOBALANACEAE Chrysobalanus icaco L.","MAR0004127",,"UFMA","Almeida Junior, E.B.",,"Native","2012",,,"Latão","Prata",,"São José de Ribamar","Restinga do Sitio Aguahy (Reserva da Meck)."
"ÁREA DE PROTEÇÃO AMBIENTAL UPAON-AÇU / MIRITIBA / ALTO PREGUIÇAS","Angiosperms","Chrysobalanaceae","Hirtella","racemosa","Lam.","CHRYSOBALANACEAE Hirtella racemosa Lam.","MAR0004124",,"UFMA","Almeida Junior, E.B.",,"Native","2012",,,"Latão","Prata",,"São José de Ribamar","Restinga do Sitio Aguahy (Reserva da Meck)."
"ÁREA DE PROTEÇÃO AMBIENTAL UPAON-AÇU / MIRITIBA / ALTO PREGUIÇAS","Angiosperms","Chrysobalanaceae","Hirtella","racemosa","Lam.","CHRYSOBALANACEAE Hirtella racemosa Lam.","MAR0013224",,"UFMA","Santos, C.R.","5","Native","2011",,,"Latão","Prata",,"São José de Ribamar","Sítio Aguahy."
"ÁREA DE PROTEÇÃO AMBIENTAL UPAON-AÇU / MIRITIBA / ALTO PREGUIÇAS","Angiosperms","Combretaceae","Conocarpus","erectus","L.","COMBRETACEAE Conocarpus erectus L.","8253","splink","UFMA","Lima, G.P.","403","Native","2014",,,"Ouro","Prata",,"Paço do Lumiar","Praia de Panaquatira"
"ÁREA DE PROTEÇÃO AMBIENTAL UPAON-AÇU / MIRITIBA / ALTO PREGUIÇAS","Angiosperms","Combretaceae","Conocarpus","erectus","L.","COMBRETACEAE Conocarpus erectus L.","8254","splink","UFMA","Lima, G.P.","27","Native","2013",,,"Ouro","Prata",,"Paço do Lumiar","Praia de Panaquatira"
"ÁREA DE PROTEÇÃO AMBIENTAL UPAON-AÇU / MIRITIBA / ALTO PREGUIÇAS","Angiosperms","Combretaceae","Conocarpus","erectus","L.","COMBRETACEAE Conocarpus erectus L.","MAR0008252",,"UFMA","Lima, G.P.","534","Native","2014",,,"Latão","Prata",,"Paço do Lumiar","Praia de Panaquatira."
"ÁREA DE PROTEÇÃO AMBIENTAL UPAON-AÇU / MIRITIBA / ALTO PREGUIÇAS","Angiosperms","Combretaceae","Conocarpus","erectus","L.","COMBRETACEAE Conocarpus erectus L.","MAR0008253",,"UFMA","Lima, G.P.","403","Native","2014",,,"Latão","Prata",,"Paço do Lumiar","Praia de Panaquatira."
"ÁREA DE PROTEÇÃO AMBIENTAL UPAON-AÇU / MIRITIBA / ALTO PREGUIÇAS","Angiosperms","Combretaceae","Conocarpus","erectus","L.","COMBRETACEAE Conocarpus erectus L.","MAR0008254",,"UFMA","Lima, G.P.","27","Native","2013",,,"Latão","Prata",,"Paço do Lumiar","Praia de Panaquatira."
"ÁREA DE PROTEÇÃO AMBIENTAL UPAON-AÇU / MIRITIBA / ALTO PREGUIÇAS","Angiosperms","Combretaceae","Terminalia","argentea","Mart. & Zucc.","COMBRETACEAE Terminalia argentea Mart. & Zucc.","MAR0004267",,"UFMA","Serra, F.C.V.","149","Native","2013",,,"Latão","Prata",,"São José de Ribamar","Sítio Aguahy."
"ÁREA DE PROTEÇÃO AMBIENTAL UPAON-AÇU / MIRITIBA / ALTO PREGUIÇAS","Angiosperms","Combretaceae","Terminalia",,"L.","COMBRETACEAE Terminalia L.","MAR0014217",,"UFMA","Costa, L.B.S.","29","Native","2018",,,"Latão","Prata",,"São José de Ribamar","Sítio Aguahy. Merck."
"ÁREA DE PROTEÇÃO AMBIENTAL UPAON-AÇU / MIRITIBA / ALTO PREGUIÇAS","Angiosperms","Combretaceae","Terminalia","lucida","Hoffmanns. ex Mart. & Zucc.","COMBRETACEAE Terminalia lucida Hoffmanns. ex Mart. & Zucc.","8256","splink","UFMA","Lima, G.P.","202","Native","2014",,,"Ouro","Prata",,"Paço do Lumiar","Praia de Panaquatira"
"ÁREA DE PROTEÇÃO AMBIENTAL UPAON-AÇU / MIRITIBA / ALTO PREGUIÇAS","Angiosperms","Combretaceae","Terminalia","lucida","Hoffmanns. ex Mart. & Zucc.","COMBRETACEAE Terminalia lucida Hoffmanns. ex Mart. & Zucc.","8546","splink","UFMA","Lima, G.P.","531","Native","2014",,,"Ouro","Prata",,"Paço do Lumiar","Praia de Panaquatira"
"ÁREA DE PROTEÇÃO AMBIENTAL UPAON-AÇU / MIRITIBA / ALTO PREGUIÇAS","Angiosperms","Combretaceae","Terminalia","lucida","Hoffmanns. ex Mart. & Zucc.","COMBRETACEAE Terminalia lucida Hoffmanns. ex Mart. & Zucc.","MAR0008255",,"UFMA","Lima, G.P.","547","Naturalized","2015",,,"Latão","Prata",,"Paço do Lumiar","Praia de Panaquatira."
"ÁREA DE PROTEÇÃO AMBIENTAL UPAON-AÇU / MIRITIBA / ALTO PREGUIÇAS","Angiosperms","Combretaceae","Terminalia","lucida","Hoffmanns. ex Mart. & Zucc.","COMBRETACEAE Terminalia lucida Hoffmanns. ex Mart. & Zucc.","MAR0008256",,"UFMA","Lima, G.P.","202","Native","2014",,,"Latão","Prata",,"Paço do Lumiar","Praia de Panaquatira."
"ÁREA DE PROTEÇÃO AMBIENTAL UPAON-AÇU / MIRITIBA / ALTO PREGUIÇAS","Angiosperms","Combretaceae","Terminalia","lucida","Hoffmanns. ex Mart. & Zucc.","COMBRETACEAE Terminalia lucida Hoffmanns. ex Mart. & Zucc.","MAR0008546",,"UFMA","Lima, G.P.","531","Native","2014",,,"Latão","Prata",,"Paço do Lumiar","Praia de Panaquatira."
"ÁREA DE PROTEÇÃO AMBIENTAL UPAON-AÇU / MIRITIBA / ALTO PREGUIÇAS","Angiosperms","Connaraceae","Rourea","induta","Planch.","CONNARACEAE Rourea induta Planch.","MAR0013211",,"UFMA","Santos, C.R.","62","Native","2022",,,"Latão","Prata",,"São José de Ribamar","Sítio Aguahy."
"ÁREA DE PROTEÇÃO AMBIENTAL UPAON-AÇU / MIRITIBA / ALTO PREGUIÇAS","Angiosperms","Convolvulaceae","Ipomoea","bahiensis","Willd. ex Roem. & Schult.","CONVOLVULACEAE Ipomoea bahiensis Willd. ex Roem. & Schult.","8393","splink","UFMA","Lima, G.P.","516","Native","2014",,,"Ouro","Prata",,"Paço do Lumiar","Praia de Panaquatira"
"ÁREA DE PROTEÇÃO AMBIENTAL UPAON-AÇU / MIRITIBA / ALTO PREGUIÇAS","Angiosperms","Convolvulaceae","Ipomoea","bahiensis","Willd. ex Roem. & Schult.","CONVOLVULACEAE Ipomoea bahiensis Willd. ex Roem. & Schult.","MAR0007971",,"UFMA","Lima, G.P.","609","Native","2015",,,"Latão","Prata",,"Paço do Lumiar","Praia de Panaquatira."
"ÁREA DE PROTEÇÃO AMBIENTAL UPAON-AÇU / MIRITIBA / ALTO PREGUIÇAS","Angiosperms","Convolvulaceae","Ipomoea","bahiensis","Willd. ex Roem. & Schult.","CONVOLVULACEAE Ipomoea bahiensis Willd. ex Roem. & Schult.","MAR0008393",,"UFMA","Lima, G.P.","516","Native","2014",,,"Latão","Prata",,"Paço do Lumiar","Praia de Panaquatira."
"ÁREA DE PROTEÇÃO AMBIENTAL UPAON-AÇU / MIRITIBA / ALTO PREGUIÇAS","Angiosperms","Convolvulaceae","Ipomoea","imperati","(Vahl) Griseb.","CONVOLVULACEAE Ipomoea imperati (Vahl) Griseb.","8392","splink","UFMA","Lima, G.P.","312","Native","2014",,,"Ouro","Prata",,"Paço do Lumiar","Praia de Panaquatira"
"ÁREA DE PROTEÇÃO AMBIENTAL UPAON-AÇU / MIRITIBA / ALTO PREGUIÇAS","Angiosperms","Convolvulaceae","Ipomoea","imperati","(Vahl) Griseb.","CONVOLVULACEAE Ipomoea imperati (Vahl) Griseb.","MAR0009180",,"UFMA","Lima, G.P.",,"Native","2015",,,"Latão","Prata",,"Paço do Lumiar","Praia de Panaquatira."
"ÁREA DE PROTEÇÃO AMBIENTAL UPAON-AÇU / MIRITIBA / ALTO PREGUIÇAS","Angiosperms","Convolvulaceae","Ipomoea","imperati","(Vahl) Griseb.","CONVOLVULACEAE Ipomoea imperati (Vahl) Griseb.","MAR0008164",,"UFMA","Lima, G.P.","323","Native","2014",,,"Latão","Prata",,"Paço do Lumiar","Praia de Panaquatira."
"ÁREA DE PROTEÇÃO AMBIENTAL UPAON-AÇU / MIRITIBA / ALTO PREGUIÇAS","Angiosperms","Convolvulaceae","Ipomoea","imperati","(Vahl) Griseb.","CONVOLVULACEAE Ipomoea imperati (Vahl) Griseb.","MAR0008392",,"UFMA","Lima, G.P.","312","Native","2014",,,"Latão","Prata",,"Paço do Lumiar","Praia de Panaquatira."
"ÁREA DE PROTEÇÃO AMBIENTAL UPAON-AÇU / MIRITIBA / ALTO PREGUIÇAS","Angiosperms","Convolvulaceae","Ipomoea","mauritiana","Jacq.","CONVOLVULACEAE Ipomoea mauritiana Jacq.","MAR0004119",,"UFMA","Almeida Junior, E.B.","906","Native","2012","Bezerra, I.M.S.","2025","Bronze","Prata",,"São José de Ribamar","Restinga do Sitio Aguahy (Reserva da Meck)."
"ÁREA DE PROTEÇÃO AMBIENTAL UPAON-AÇU / MIRITIBA / ALTO PREGUIÇAS","Angiosperms","Convolvulaceae","Ipomoea","mauritiana","Jacq.","CONVOLVULACEAE Ipomoea mauritiana Jacq.","MAR0003664",,"UFMA","Cardoso, M.","4","Native","2011","Cardoso, M.","2013","Bronze","Prata",,"São José de Ribamar","Sítio Aguahy."
"ÁREA DE PROTEÇÃO AMBIENTAL UPAON-AÇU / MIRITIBA / ALTO PREGUIÇAS","Angiosperms","Convolvulaceae","Ipomoea","mauritiana","Jacq.","CONVOLVULACEAE Ipomoea mauritiana Jacq.","445148","splink","SP","Cardoso, M.","s.n.","Native","2012",,,"Latão","Prata",,"São José de Ribamar","Sítio Aguahy"
"ÁREA DE PROTEÇÃO AMBIENTAL UPAON-AÇU / MIRITIBA / ALTO PREGUIÇAS","Angiosperms","Convolvulaceae","Ipomoea","pes-caprae","(L.) R.Br.","CONVOLVULACEAE Ipomoea pes-caprae (L.) R.Br.","MAR0008394",,"UFMA","Lima, G.P.","318","Native","2014",,,"Latão","Prata",,"Paço do Lumiar","Praia de Panaquatira."
"ÁREA DE PROTEÇÃO AMBIENTAL UPAON-AÇU / MIRITIBA / ALTO PREGUIÇAS","Angiosperms","Cordiaceae","Varronia","globosa","Jacq.","CORDIACEAE Varronia globosa Jacq.","4111","splink","UFMA","Serra, F.C.V.","20","Native","2012",,,"Ouro","Prata",,"São José de Ribamar","Restinga do Sitio Aguahy (Reserva da Meck)"
"ÁREA DE PROTEÇÃO AMBIENTAL UPAON-AÇU / MIRITIBA / ALTO PREGUIÇAS","Angiosperms","Cordiaceae","Varronia","globosa","Jacq.","CORDIACEAE Varronia globosa Jacq.","MAR0004111",,"UFMA","Serra, F.C.V.","20","Native","2012",,,"Latão","Prata",,"São José de Ribamar","Restinga do Sitio Aguahy (Reserva da Meck)."
"ÁREA DE PROTEÇÃO AMBIENTAL UPAON-AÇU / MIRITIBA / ALTO PREGUIÇAS","Angiosperms","Cordiaceae","Varronia","globosa","Jacq.","CORDIACEAE Varronia globosa Jacq.","MAR0004112",,"UFMA","Serra, F.C.V.","120","Native","2012",,,"Latão","Prata",,"São José de Ribamar","Restinga do Sitio Aguahy (Reserva da Meck)."
"ÁREA DE PROTEÇÃO AMBIENTAL UPAON-AÇU / MIRITIBA / ALTO PREGUIÇAS","Angiosperms","Cucurbitaceae","Ceratosanthes","palmata","(L.) Urb.","CUCURBITACEAE Ceratosanthes palmata (L.) Urb.","MAR0009201",,"UFMA","Lima, G.P.","52","Naturalized","2013",,,"Latão","Prata",,"Paço do Lumiar","Praia de Panaquatira."
"ÁREA DE PROTEÇÃO AMBIENTAL UPAON-AÇU / MIRITIBA / ALTO PREGUIÇAS","Angiosperms","Cyperaceae","Bulbostylis","capillaris","(L.) C.B.Clarke","CYPERACEAE Bulbostylis capillaris (L.) C.B.Clarke","8426","splink","UFMA","Lima, G.P.","267","Native","2014",,,"Ouro","Prata",,"Paço do Lumiar","Praia de Panaquatira"
"ÁREA DE PROTEÇÃO AMBIENTAL UPAON-AÇU / MIRITIBA / ALTO PREGUIÇAS","Angiosperms","Cyperaceae","Bulbostylis","capillaris","(L.) C.B.Clarke","CYPERACEAE Bulbostylis capillaris (L.) C.B.Clarke","MAR0008425",,"UFMA","Lima, G.P.","158","Native","2014",,,"Latão","Prata",,"Paço do Lumiar","Praia de Panaquatira."
"ÁREA DE PROTEÇÃO AMBIENTAL UPAON-AÇU / MIRITIBA / ALTO PREGUIÇAS","Angiosperms","Cyperaceae","Bulbostylis","capillaris","(L.) C.B.Clarke","CYPERACEAE Bulbostylis capillaris (L.) C.B.Clarke","MAR0008426",,"UFMA","Lima, G.P.","267","Native","2014",,,"Latão","Prata",,"Paço do Lumiar","Praia de Panaquatira."
"ÁREA DE PROTEÇÃO AMBIENTAL UPAON-AÇU / MIRITIBA / ALTO PREGUIÇAS","Angiosperms","Cyperaceae","Cyperus","aggregatus","(Willd.) Endl.","CYPERACEAE Cyperus aggregatus (Willd.) Endl.","6900","splink","UFMA","Lima, G.P.","293","Native","2014",,,"Ouro","Prata",,"Paço do Lumiar","Praia de Panaquatira"
"ÁREA DE PROTEÇÃO AMBIENTAL UPAON-AÇU / MIRITIBA / ALTO PREGUIÇAS","Angiosperms","Cyperaceae","Cyperus","aggregatus","(Willd.) Endl.","CYPERACEAE Cyperus aggregatus (Willd.) Endl.","6901","splink","UFMA","Lima, G.P.","175","Native","2014",,,"Ouro","Prata",,"Paço do Lumiar","Praia de Panaquatira"
"ÁREA DE PROTEÇÃO AMBIENTAL UPAON-AÇU / MIRITIBA / ALTO PREGUIÇAS","Angiosperms","Cyperaceae","Cyperus","aggregatus","(Willd.) Endl.","CYPERACEAE Cyperus aggregatus (Willd.) Endl.","6902","splink","UFMA","Lima, G.P.","287","Native","2014",,,"Ouro","Prata",,"Paço do Lumiar","Praia de Panaquatira"
"ÁREA DE PROTEÇÃO AMBIENTAL UPAON-AÇU / MIRITIBA / ALTO PREGUIÇAS","Angiosperms","Cyperaceae","Cyperus","aggregatus","(Willd.) Endl.","CYPERACEAE Cyperus aggregatus (Willd.) Endl.","MAR0007975",,"UFMA","Lima, G.P.","582","Native","2015",,,"Latão","Prata",,"Paço do Lumiar","Praia de Panaquatira."
"ÁREA DE PROTEÇÃO AMBIENTAL UPAON-AÇU / MIRITIBA / ALTO PREGUIÇAS","Angiosperms","Cyperaceae","Cyperus","aggregatus","(Willd.) Endl.","CYPERACEAE Cyperus aggregatus (Willd.) Endl.","MAR0006900",,"UFMA","Lima, G.P.","293","Native","2014",,,"Latão","Prata",,"Paço do Lumiar","Praia de Panaquatira."
"ÁREA DE PROTEÇÃO AMBIENTAL UPAON-AÇU / MIRITIBA / ALTO PREGUIÇAS","Angiosperms","Cyperaceae","Cyperus","articulatus","L.","CYPERACEAE Cyperus articulatus L.","6903","splink","UFMA","Lima, G.P.","173","Native","2014",,,"Ouro","Prata",,"Paço do Lumiar","Praia de Panaquatira"
"ÁREA DE PROTEÇÃO AMBIENTAL UPAON-AÇU / MIRITIBA / ALTO PREGUIÇAS","Angiosperms","Cyperaceae","Cyperus","articulatus","L.","CYPERACEAE Cyperus articulatus L.","6904","splink","UFMA","Lima, G.P.","264","Native","2014",,,"Ouro","Prata",,"Paço do Lumiar","Praia de Panaquatira"
"ÁREA DE PROTEÇÃO AMBIENTAL UPAON-AÇU / MIRITIBA / ALTO PREGUIÇAS","Angiosperms","Cyperaceae","Cyperus","articulatus","L.","CYPERACEAE Cyperus articulatus L.","MAR0009189",,"UFMA","Lima, G.P.",,"Native","2015",,,"Latão","Prata",,"Paço do Lumiar","Praia de Panaquatira."
"ÁREA DE PROTEÇÃO AMBIENTAL UPAON-AÇU / MIRITIBA / ALTO PREGUIÇAS","Angiosperms","Cyperaceae","Cyperus","articulatus","L.","CYPERACEAE Cyperus articulatus L.","MAR0006903",,"UFMA","Lima, G.P.","173","Native","2014",,,"Latão","Prata",,"Paço do Lumiar","Praia de Panaquatira."
"ÁREA DE PROTEÇÃO AMBIENTAL UPAON-AÇU / MIRITIBA / ALTO PREGUIÇAS","Angiosperms","Cyperaceae","Cyperus","articulatus","L.","CYPERACEAE Cyperus articulatus L.","MAR0006904",,"UFMA","Lima, G.P.","264","Native","2014",,,"Latão","Prata",,"Paço do Lumiar","Praia de Panaquatira."
"ÁREA DE PROTEÇÃO AMBIENTAL UPAON-AÇU / MIRITIBA / ALTO PREGUIÇAS","Angiosperms","Cyperaceae","Cyperus","crassipes","Vahl","CYPERACEAE Cyperus crassipes Vahl","MAR0008406",,"UFMA","Lima, G.P.","546","Native","2015",,,"Latão","Prata",,"Paço do Lumiar","Praia de Panaquatira."
"ÁREA DE PROTEÇÃO AMBIENTAL UPAON-AÇU / MIRITIBA / ALTO PREGUIÇAS","Angiosperms","Cyperaceae","Cyperus","haspan","L.","CYPERACEAE Cyperus haspan L.","8560","splink","UFMA","Lima, G.P.","526","Native","2014",,,"Ouro","Prata",,"Paço do Lumiar","Praia de Panaquatira"
"ÁREA DE PROTEÇÃO AMBIENTAL UPAON-AÇU / MIRITIBA / ALTO PREGUIÇAS","Angiosperms","Cyperaceae","Cyperus","haspan","L.","CYPERACEAE Cyperus haspan L.","MAR0008559",,"UFMA","Lima, G.P.","581","Native","2015",,,"Latão","Prata",,"Paço do Lumiar","Praia de Panaquatira."
"ÁREA DE PROTEÇÃO AMBIENTAL UPAON-AÇU / MIRITIBA / ALTO PREGUIÇAS","Angiosperms","Cyperaceae","Cyperus","haspan","L.","CYPERACEAE Cyperus haspan L.","MAR0008560",,"UFMA","Lima, G.P.","526","Native","2014",,,"Latão","Prata",,"Paço do Lumiar","Praia de Panaquatira."
"ÁREA DE PROTEÇÃO AMBIENTAL UPAON-AÇU / MIRITIBA / ALTO PREGUIÇAS","Angiosperms","Cyperaceae","Cyperus",,"L.","CYPERACEAE Cyperus L.","MAR0008558",,"UFMA","Lima, G.P.","618","Native","2015",,,"Latão","Prata",,"Paço do Lumiar","Praia de Panaquatira."
"ÁREA DE PROTEÇÃO AMBIENTAL UPAON-AÇU / MIRITIBA / ALTO PREGUIÇAS","Angiosperms","Cyperaceae","Cyperus","laxus","Lam.","CYPERACEAE Cyperus laxus Lam.","13023","splink","UFMA","Serra, F.C.V.","159","Native","2013",,,"Ouro","Prata",,"São José de Ribamar","Sítio Aguahy"
"ÁREA DE PROTEÇÃO AMBIENTAL UPAON-AÇU / MIRITIBA / ALTO PREGUIÇAS","Angiosperms","Cyperaceae","Cyperus","laxus","Lam.","CYPERACEAE Cyperus laxus Lam.","MAR0006899",,"UFMA","Lima, G.P.","128","Native","2014",,,"Latão","Prata",,"Paço do Lumiar","Praia de Panaquatira."
"ÁREA DE PROTEÇÃO AMBIENTAL UPAON-AÇU / MIRITIBA / ALTO PREGUIÇAS","Angiosperms","Cyperaceae","Cyperus","laxus","Lam.","CYPERACEAE Cyperus laxus Lam.","MAR0013023",,"UFMA","Serra, F.C.V.","159","Native","2013",,,"Latão","Prata",,"São José de Ribamar","Sítio Aguahy."
"ÁREA DE PROTEÇÃO AMBIENTAL UPAON-AÇU / MIRITIBA / ALTO PREGUIÇAS","Angiosperms","Cyperaceae","Cyperus","ligularis","L.","CYPERACEAE Cyperus ligularis L.","MAR0009194",,"UFMA","Lima, G.P.",,"Native","2015",,,"Latão","Prata",,"Paço do Lumiar","Praia de Panaquatira."
"ÁREA DE PROTEÇÃO AMBIENTAL UPAON-AÇU / MIRITIBA / ALTO PREGUIÇAS","Angiosperms","Cyperaceae","Cyperus","ligularis","L.","CYPERACEAE Cyperus ligularis L.","MAR0008151",,"UFMA","Lima, G.P.","360","Native","2014",,,"Latão","Prata",,"Paço do Lumiar","Praia de Panaquatira."
"ÁREA DE PROTEÇÃO AMBIENTAL UPAON-AÇU / MIRITIBA / ALTO PREGUIÇAS","Angiosperms","Cyperaceae","Cyperus","obtusatus","(J.Presl & C.Presl) Mattf. & Kük.","CYPERACEAE Cyperus obtusatus (J.Presl & C.Presl) Mattf. & Kük.","8424","splink","UFMA","Lima, G.P.","528","Native","2014",,,"Ouro","Prata",,"Paço do Lumiar","Praia de Panaquatira"
"ÁREA DE PROTEÇÃO AMBIENTAL UPAON-AÇU / MIRITIBA / ALTO PREGUIÇAS","Angiosperms","Cyperaceae","Cyperus","obtusatus","(J.Presl & C.Presl) Mattf. & Kük.","CYPERACEAE Cyperus obtusatus (J.Presl & C.Presl) Mattf. & Kük.","MAR0008423",,"UFMA","Lima, G.P.","563","Native","2015",,,"Latão","Prata",,"Paço do Lumiar","Praia de Panaquatira."
"ÁREA DE PROTEÇÃO AMBIENTAL UPAON-AÇU / MIRITIBA / ALTO PREGUIÇAS","Angiosperms","Cyperaceae","Cyperus","obtusatus","(J.Presl & C.Presl) Mattf. & Kük.","CYPERACEAE Cyperus obtusatus (J.Presl & C.Presl) Mattf. & Kük.","MAR0008424",,"UFMA","Lima, G.P.","528","Native","2014",,,"Latão","Prata",,"Paço do Lumiar","Praia de Panaquatira."
"ÁREA DE PROTEÇÃO AMBIENTAL UPAON-AÇU / MIRITIBA / ALTO PREGUIÇAS","Angiosperms","Cyperaceae","Cyperus","polystachyos","Rottb.","CYPERACEAE Cyperus polystachyos Rottb.","8484","splink","UFMA","Lima, G.P.","408","Native","2014",,,"Ouro","Prata",,"Paço do Lumiar","Praia de Panaquatira"
"ÁREA DE PROTEÇÃO AMBIENTAL UPAON-AÇU / MIRITIBA / ALTO PREGUIÇAS","Angiosperms","Cyperaceae","Cyperus","polystachyos","Rottb.","CYPERACEAE Cyperus polystachyos Rottb.","MAR0008099",,"UFMA","Lima, G.P.","505","Native","2014",,,"Latão","Prata",,"Paço do Lumiar","Praia de Panaquatira."
"ÁREA DE PROTEÇÃO AMBIENTAL UPAON-AÇU / MIRITIBA / ALTO PREGUIÇAS","Angiosperms","Cyperaceae","Cyperus","polystachyos","Rottb.","CYPERACEAE Cyperus polystachyos Rottb.","MAR0008484",,"UFMA","Lima, G.P.","408","Native","2014",,,"Latão","Prata",,"Paço do Lumiar","Praia de Panaquatira."
"ÁREA DE PROTEÇÃO AMBIENTAL UPAON-AÇU / MIRITIBA / ALTO PREGUIÇAS","Angiosperms","Cyperaceae","Cyperus","polystachyos","Rottb.","CYPERACEAE Cyperus polystachyos Rottb.","MAR0013028",,"UFMA","Almeida Junior, E.B.","894","Native","2012",,,"Latão","Prata",,"São José de Ribamar","Sítio Aguahy."
"ÁREA DE PROTEÇÃO AMBIENTAL UPAON-AÇU / MIRITIBA / ALTO PREGUIÇAS","Angiosperms","Cyperaceae","Cyperus","sesquiflorus","(Torr.) Mattf. & Kük.","CYPERACEAE Cyperus sesquiflorus (Torr.) Mattf. & Kük.","MAR0008407",,"UFMA","Lima, G.P.","181","Native","2014",,,"Latão","Prata",,"Paço do Lumiar","Praia de Panaquatira."
"ÁREA DE PROTEÇÃO AMBIENTAL UPAON-AÇU / MIRITIBA / ALTO PREGUIÇAS","Angiosperms","Cyperaceae","Cyperus","surinamensis","Rottb.","CYPERACEAE Cyperus surinamensis Rottb.","8561","splink","UFMA","Lima, G.P.","427","Native","2014",,,"Ouro","Prata",,"Paço do Lumiar","Praia de Panaquatira"
"ÁREA DE PROTEÇÃO AMBIENTAL UPAON-AÇU / MIRITIBA / ALTO PREGUIÇAS","Angiosperms","Cyperaceae","Cyperus","surinamensis","Rottb.","CYPERACEAE Cyperus surinamensis Rottb.","MAR0008463",,"UFMA","Lima, G.P.","524","Native","2014",,,"Latão","Prata",,"Paço do Lumiar","Praia de Panaquatira."
"ÁREA DE PROTEÇÃO AMBIENTAL UPAON-AÇU / MIRITIBA / ALTO PREGUIÇAS","Angiosperms","Cyperaceae","Cyperus","surinamensis","Rottb.","CYPERACEAE Cyperus surinamensis Rottb.","MAR0008561",,"UFMA","Lima, G.P.","427","Native","2014",,,"Latão","Prata",,"Paço do Lumiar","Praia de Panaquatira."
"ÁREA DE PROTEÇÃO AMBIENTAL UPAON-AÇU / MIRITIBA / ALTO PREGUIÇAS","Angiosperms","Cyperaceae","Eleocharis","geniculata","(L.) Roem. & Schult.","CYPERACEAE Eleocharis geniculata (L.) Roem. & Schult.","8400","splink","UFMA","Lima, G.P.","411","Native","2014",,,"Ouro","Prata",,"Paço do Lumiar","Praia de Panaquatira"
"ÁREA DE PROTEÇÃO AMBIENTAL UPAON-AÇU / MIRITIBA / ALTO PREGUIÇAS","Angiosperms","Cyperaceae","Eleocharis","geniculata","(L.) Roem. & Schult.","CYPERACEAE Eleocharis geniculata (L.) Roem. & Schult.","8401","splink","UFMA","Lima, G.P.","395","Native","2014",,,"Ouro","Prata",,"Paço do Lumiar","Praia de Panaquatira"
"ÁREA DE PROTEÇÃO AMBIENTAL UPAON-AÇU / MIRITIBA / ALTO PREGUIÇAS","Angiosperms","Cyperaceae","Eleocharis","geniculata","(L.) Roem. & Schult.","CYPERACEAE Eleocharis geniculata (L.) Roem. & Schult.","MAR0009162",,"UFMA","Lima, G.P.","641","Native","2016",,,"Latão","Prata",,"Paço do Lumiar","Praia de Panaquatira."
"ÁREA DE PROTEÇÃO AMBIENTAL UPAON-AÇU / MIRITIBA / ALTO PREGUIÇAS","Angiosperms","Cyperaceae","Eleocharis","geniculata","(L.) Roem. & Schult.","CYPERACEAE Eleocharis geniculata (L.) Roem. & Schult.","MAR0008400",,"UFMA","Lima, G.P.","411","Native","2014",,,"Latão","Prata",,"Paço do Lumiar","Praia de Panaquatira."
"ÁREA DE PROTEÇÃO AMBIENTAL UPAON-AÇU / MIRITIBA / ALTO PREGUIÇAS","Angiosperms","Cyperaceae","Eleocharis","geniculata","(L.) Roem. & Schult.","CYPERACEAE Eleocharis geniculata (L.) Roem. & Schult.","MAR0008401",,"UFMA","Lima, G.P.","395","Native","2014",,,"Latão","Prata",,"Paço do Lumiar","Praia de Panaquatira."
"ÁREA DE PROTEÇÃO AMBIENTAL UPAON-AÇU / MIRITIBA / ALTO PREGUIÇAS","Angiosperms","Cyperaceae","Eleocharis","obtusetrigona","(Lindl. & Nees) Steud.","CYPERACEAE Eleocharis obtusetrigona (Lindl. & Nees) Steud.","MAR0008100",,"UFMA","Lima, G.P.","177","Native","2014",,,"Latão","Prata",,"Paço do Lumiar","Praia de Panaquatira."
"ÁREA DE PROTEÇÃO AMBIENTAL UPAON-AÇU / MIRITIBA / ALTO PREGUIÇAS","Angiosperms","Cyperaceae","Eleocharis",,"R.Br.","CYPERACEAE Eleocharis R.Br.","MAR0009185",,"UFMA","Lima, G.P.","632","Native","2016",,,"Latão","Prata",,"Paço do Lumiar","Praia de Panaquatira."
"ÁREA DE PROTEÇÃO AMBIENTAL UPAON-AÇU / MIRITIBA / ALTO PREGUIÇAS","Angiosperms","Cyperaceae","Fimbristylis","cymosa","R.Br.","CYPERACEAE Fimbristylis cymosa R.Br.","MAR0006895",,"UFMA","Almeida Junior, E.B.","1081","Native","2014",,,"Latão","Prata",,"Paço do Lumiar","Praia de Panaquatira."
"ÁREA DE PROTEÇÃO AMBIENTAL UPAON-AÇU / MIRITIBA / ALTO PREGUIÇAS","Angiosperms","Cyperaceae","Fimbristylis","cymosa","R.Br.","CYPERACEAE Fimbristylis cymosa R.Br.","MAR0006896",,"UFMA","Almeida Junior, E.B.","1076","Native","2014",,,"Latão","Prata",,"Paço do Lumiar","Praia de Panaquatira."
"ÁREA DE PROTEÇÃO AMBIENTAL UPAON-AÇU / MIRITIBA / ALTO PREGUIÇAS","Angiosperms","Cyperaceae","Fimbristylis","cymosa","R.Br.","CYPERACEAE Fimbristylis cymosa R.Br.","MAR0008150",,"UFMA","Lima, G.P.","400","Native","2014",,,"Latão","Prata",,"Paço do Lumiar","Praia de Panaquatira."
"ÁREA DE PROTEÇÃO AMBIENTAL UPAON-AÇU / MIRITIBA / ALTO PREGUIÇAS","Angiosperms","Cyperaceae","Fimbristylis","spadicea","(L.) Vahl","CYPERACEAE Fimbristylis spadicea (L.) Vahl","MAR0008152",,"UFMA","Lima, G.P.","409","Native","2014",,,"Latão","Prata",,"Paço do Lumiar","Praia de Panaquatira."
"ÁREA DE PROTEÇÃO AMBIENTAL UPAON-AÇU / MIRITIBA / ALTO PREGUIÇAS","Angiosperms","Cyperaceae","Fimbristylis",,"Vahl","CYPERACEAE Fimbristylis Vahl","8429","splink","UFMA","Lima, G.P.","431","Native","2014",,,"Ouro","Prata",,"Paço do Lumiar","Praia de Panaquatira"
"ÁREA DE PROTEÇÃO AMBIENTAL UPAON-AÇU / MIRITIBA / ALTO PREGUIÇAS","Angiosperms","Cyperaceae","Fimbristylis",,"Vahl","CYPERACEAE Fimbristylis Vahl","MAR0008428",,"UFMA","Lima, G.P.","227","Native","2014",,,"Latão","Prata",,"Paço do Lumiar","Praia de Panaquatira."
"ÁREA DE PROTEÇÃO AMBIENTAL UPAON-AÇU / MIRITIBA / ALTO PREGUIÇAS","Angiosperms","Cyperaceae","Fimbristylis",,"Vahl","CYPERACEAE Fimbristylis Vahl","MAR0008429",,"UFMA","Lima, G.P.","431","Native","2014",,,"Latão","Prata",,"Paço do Lumiar","Praia de Panaquatira."
"ÁREA DE PROTEÇÃO AMBIENTAL UPAON-AÇU / MIRITIBA / ALTO PREGUIÇAS","Angiosperms","Cyperaceae","Fuirena","umbellata","Rottb.","CYPERACEAE Fuirena umbellata Rottb.","MAR0013029",,"UFMA","Serra, F.C.V.","21","Native","2012",,,"Latão","Prata",,"São José de Ribamar","Sítio Aguahy."
"ÁREA DE PROTEÇÃO AMBIENTAL UPAON-AÇU / MIRITIBA / ALTO PREGUIÇAS","Angiosperms","Cyperaceae","Rhynchospora","hirsuta","(Vahl) Vahl","CYPERACEAE Rhynchospora hirsuta (Vahl) Vahl","MAR0010222",,"UFMA","Almeida Junior, E.B.","1339","Native","2017",,,"Latão","Prata",,"Paço do Lumiar","Praia de Panaquatira."
"ÁREA DE PROTEÇÃO AMBIENTAL UPAON-AÇU / MIRITIBA / ALTO PREGUIÇAS","Angiosperms","Cyperaceae","Rhynchospora","hirsuta","(Vahl) Vahl","CYPERACEAE Rhynchospora hirsuta (Vahl) Vahl","MAR0008427",,"UFMA","Lima, G.P.","421","Native","2014",,,"Latão","Prata",,"Paço do Lumiar","Praia de Panaquatira."
"ÁREA DE PROTEÇÃO AMBIENTAL UPAON-AÇU / MIRITIBA / ALTO PREGUIÇAS","Angiosperms","Cyperaceae","Rhynchospora","holoschoenoides","(Rich.) Herter","CYPERACEAE Rhynchospora holoschoenoides (Rich.) Herter","MAR0008399",,"UFMA","Lima, G.P.","523","Native","2014",,,"Latão","Prata",,"Paço do Lumiar","Praia de Panaquatira."
"ÁREA DE PROTEÇÃO AMBIENTAL UPAON-AÇU / MIRITIBA / ALTO PREGUIÇAS","Angiosperms","Cyperaceae","Rhynchospora","riparia","(Nees) Boeckeler","CYPERACEAE Rhynchospora riparia (Nees) Boeckeler","8404","splink","UFMA","Lima, G.P.","184","Native","2014",,,"Ouro","Prata",,"Paço do Lumiar","Praia de Panaquatira"
"ÁREA DE PROTEÇÃO AMBIENTAL UPAON-AÇU / MIRITIBA / ALTO PREGUIÇAS","Angiosperms","Cyperaceae","Rhynchospora","riparia","(Nees) Boeckeler","CYPERACEAE Rhynchospora riparia (Nees) Boeckeler","8405","splink","UFMA","Lima, G.P.","43","Native","2013",,,"Ouro","Prata",,"Paço do Lumiar","Praia de Panaquatira"
"ÁREA DE PROTEÇÃO AMBIENTAL UPAON-AÇU / MIRITIBA / ALTO PREGUIÇAS","Angiosperms","Cyperaceae","Rhynchospora","riparia","(Nees) Boeckeler","CYPERACEAE Rhynchospora riparia (Nees) Boeckeler","MAR0008403",,"UFMA","Lima, G.P.","75","Native","2014",,,"Latão","Prata",,"Paço do Lumiar","Praia de Panaquatira."
"ÁREA DE PROTEÇÃO AMBIENTAL UPAON-AÇU / MIRITIBA / ALTO PREGUIÇAS","Angiosperms","Cyperaceae","Rhynchospora","riparia","(Nees) Boeckeler","CYPERACEAE Rhynchospora riparia (Nees) Boeckeler","MAR0008404",,"UFMA","Lima, G.P.","184","Native","2014",,,"Latão","Prata",,"Paço do Lumiar","Praia de Panaquatira."
"ÁREA DE PROTEÇÃO AMBIENTAL UPAON-AÇU / MIRITIBA / ALTO PREGUIÇAS","Angiosperms","Cyperaceae","Rhynchospora","riparia","(Nees) Boeckeler","CYPERACEAE Rhynchospora riparia (Nees) Boeckeler","MAR0008405",,"UFMA","Lima, G.P.","43","Native","2013",,,"Latão","Prata",,"Paço do Lumiar","Praia de Panaquatira."
"ÁREA DE PROTEÇÃO AMBIENTAL UPAON-AÇU / MIRITIBA / ALTO PREGUIÇAS","Angiosperms","Cyperaceae","Scleria","bracteata","Cav.","CYPERACEAE Scleria bracteata Cav.","MAR0013027",,"UFMA","Serra, F.C.V.","113","Native","2012",,,"Latão","Prata",,"São José de Ribamar","Sítio Aguahy."
"ÁREA DE PROTEÇÃO AMBIENTAL UPAON-AÇU / MIRITIBA / ALTO PREGUIÇAS","Angiosperms","Cyperaceae","Scleria","gaertneri","Raddi","CYPERACEAE Scleria gaertneri Raddi","MAR0008235",,"UFMA","Lima, G.P.","521","Native","2014",,,"Latão","Prata",,"Paço do Lumiar","Praia de Panaquatira."
"ÁREA DE PROTEÇÃO AMBIENTAL UPAON-AÇU / MIRITIBA / ALTO PREGUIÇAS","Angiosperms","Cyperaceae","Scleria",,"P.J.Bergius","CYPERACEAE Scleria P.J.Bergius","MAR0009183",,"UFMA","Lima, G.P.","631","Native","2016",,,"Latão","Prata",,"Paço do Lumiar","Praia de Panaquatira."
"ÁREA DE PROTEÇÃO AMBIENTAL UPAON-AÇU / MIRITIBA / ALTO PREGUIÇAS","Angiosperms","Dilleniaceae","Davilla","elliptica","A.St.-Hil.","DILLENIACEAE Davilla elliptica A.St.-Hil.","MAR0013439",,"UFMA","Azevedo, G.G.","87","Native","2007",,,"Latão","Prata",,"São José de Ribamar","Sítio Aguahy."
"ÁREA DE PROTEÇÃO AMBIENTAL UPAON-AÇU / MIRITIBA / ALTO PREGUIÇAS","Angiosperms","Dilleniaceae","Davilla","nitida","(Vahl) Kubitzki","DILLENIACEAE Davilla nitida (Vahl) Kubitzki","MAR0013207",,"UFMA","Amorim, G.S.","590","Native","2019",,,"Latão","Prata",,"São José de Ribamar","Sítio Aguahy."
"ÁREA DE PROTEÇÃO AMBIENTAL UPAON-AÇU / MIRITIBA / ALTO PREGUIÇAS","Angiosperms","Eriocaulaceae","Paepalanthus","lamarckii","Kunth","ERIOCAULACEAE Paepalanthus lamarckii Kunth","8381","splink","UFMA","Lima, G.P.","419","Native","2014",,,"Ouro","Prata",,"Paço do Lumiar","Praia de Panaquatira"
"ÁREA DE PROTEÇÃO AMBIENTAL UPAON-AÇU / MIRITIBA / ALTO PREGUIÇAS","Angiosperms","Eriocaulaceae","Paepalanthus","lamarckii","Kunth","ERIOCAULACEAE Paepalanthus lamarckii Kunth","8477","splink","UFMA","Lima, G.P.","515","Native","2014",,,"Ouro","Prata",,"Paço do Lumiar","Praia de Panaquatira"
"ÁREA DE PROTEÇÃO AMBIENTAL UPAON-AÇU / MIRITIBA / ALTO PREGUIÇAS","Angiosperms","Eriocaulaceae","Paepalanthus","lamarckii","Kunth","ERIOCAULACEAE Paepalanthus lamarckii Kunth","MAR0008478",,"UFMA","Lima, G.P.","574","Native","2015",,,"Latão","Prata",,"Paço do Lumiar","Praia de Panaquatira."
"ÁREA DE PROTEÇÃO AMBIENTAL UPAON-AÇU / MIRITIBA / ALTO PREGUIÇAS","Angiosperms","Eriocaulaceae","Paepalanthus","lamarckii","Kunth","ERIOCAULACEAE Paepalanthus lamarckii Kunth","MAR0008381",,"UFMA","Lima, G.P.","419","Native","2014",,,"Latão","Prata",,"Paço do Lumiar","Praia de Panaquatira."
"ÁREA DE PROTEÇÃO AMBIENTAL UPAON-AÇU / MIRITIBA / ALTO PREGUIÇAS","Angiosperms","Eriocaulaceae","Paepalanthus","lamarckii","Kunth","ERIOCAULACEAE Paepalanthus lamarckii Kunth","MAR0008477",,"UFMA","Lima, G.P.","515","Native","2014",,,"Latão","Prata",,"Paço do Lumiar","Praia de Panaquatira."
"ÁREA DE PROTEÇÃO AMBIENTAL UPAON-AÇU / MIRITIBA / ALTO PREGUIÇAS","Angiosperms","Eriocaulaceae","Syngonanthus","cuyabensis","(Bong.) Giul., Hensold & L.R. Parra","ERIOCAULACEAE Syngonanthus cuyabensis (Bong.) Giul., Hensold & L.R. Parra","8167","splink","UFMA","Lima, G.P.","577","Native","2015",,,"Ouro","Prata",,"Paço do Lumiar","Praia de Panaquatira"
"ÁREA DE PROTEÇÃO AMBIENTAL UPAON-AÇU / MIRITIBA / ALTO PREGUIÇAS","Angiosperms","Eriocaulaceae","Syngonanthus","cuyabensis","(Bong.) Giul., Hensold & L.R. Parra","ERIOCAULACEAE Syngonanthus cuyabensis (Bong.) Giul., Hensold & L.R. Parra","8550","splink","UFMA","Lima, G.P.","439","Native","2014",,,"Ouro","Prata",,"Paço do Lumiar","Praia de Panaquatira"
"ÁREA DE PROTEÇÃO AMBIENTAL UPAON-AÇU / MIRITIBA / ALTO PREGUIÇAS","Angiosperms","Eriocaulaceae","Syngonanthus","cuyabensis","(Bong.) Giul., Hensold & L.R. Parra","ERIOCAULACEAE Syngonanthus cuyabensis (Bong.) Giul., Hensold & L.R. Parra","MAR0010219",,"UFMA","Almeida Junior, E.B.","1342","Native","2017",,,"Latão","Prata",,"Paço do Lumiar","Praia de Panaquatira."
"ÁREA DE PROTEÇÃO AMBIENTAL UPAON-AÇU / MIRITIBA / ALTO PREGUIÇAS","Angiosperms","Eriocaulaceae","Syngonanthus","cuyabensis","(Bong.) Giul., Hensold & L.R. Parra","ERIOCAULACEAE Syngonanthus cuyabensis (Bong.) Giul., Hensold & L.R. Parra","MAR0010230",,"UFMA","Almeida Junior, E.B.","1348","Native","2017",,,"Latão","Prata",,"Paço do Lumiar","Praia de Panaquatira."
"ÁREA DE PROTEÇÃO AMBIENTAL UPAON-AÇU / MIRITIBA / ALTO PREGUIÇAS","Angiosperms","Eriocaulaceae","Syngonanthus","cuyabensis","(Bong.) Giul., Hensold & L.R. Parra","ERIOCAULACEAE Syngonanthus cuyabensis (Bong.) Giul., Hensold & L.R. Parra","MAR0007978",,"UFMA","Lima, G.P.","577","Native","2015",,,"Latão","Prata",,"Paço do Lumiar","Praia de Panaquatira."
"ÁREA DE PROTEÇÃO AMBIENTAL UPAON-AÇU / MIRITIBA / ALTO PREGUIÇAS","Angiosperms","Eriocaulaceae","Syngonanthus","gracilis","(Bong.) Ruhland","ERIOCAULACEAE Syngonanthus gracilis (Bong.) Ruhland","8471","splink","UFMA","Lima, G.P.","514","Native","2014",,,"Ouro","Prata",,"Paço do Lumiar","Praia de Panaquatira"
"ÁREA DE PROTEÇÃO AMBIENTAL UPAON-AÇU / MIRITIBA / ALTO PREGUIÇAS","Angiosperms","Eriocaulaceae","Syngonanthus","gracilis","(Bong.) Ruhland","ERIOCAULACEAE Syngonanthus gracilis (Bong.) Ruhland","MAR0010213",,"UFMA","Almeida Junior, E.B.","1341","Native","2017",,,"Latão","Prata",,"Paço do Lumiar","Praia de Panaquatira."
"ÁREA DE PROTEÇÃO AMBIENTAL UPAON-AÇU / MIRITIBA / ALTO PREGUIÇAS","Angiosperms","Eriocaulaceae","Syngonanthus","gracilis","(Bong.) Ruhland","ERIOCAULACEAE Syngonanthus gracilis (Bong.) Ruhland","MAR0008565",,"UFMA","Lima, G.P.","597","Native","2015",,,"Latão","Prata",,"Paço do Lumiar","Praia de Panaquatira."
"ÁREA DE PROTEÇÃO AMBIENTAL UPAON-AÇU / MIRITIBA / ALTO PREGUIÇAS","Angiosperms","Eriocaulaceae","Syngonanthus","gracilis","(Bong.) Ruhland","ERIOCAULACEAE Syngonanthus gracilis (Bong.) Ruhland","MAR0008471",,"UFMA","Lima, G.P.","514","Native","2014",,,"Latão","Prata",,"Paço do Lumiar","Praia de Panaquatira."
"ÁREA DE PROTEÇÃO AMBIENTAL UPAON-AÇU / MIRITIBA / ALTO PREGUIÇAS","Angiosperms","Erythropalaceae","Heisteria","ovata","Benth.","ERYTHROPALACEAE Heisteria ovata Benth.","4132","splink","UFMA","Serra, F.C.V.","52","Native","2012",,,"Ouro","Prata",,"São José de Ribamar","Restinga do Sitio Aguahy (Reserva da Meck)"
"ÁREA DE PROTEÇÃO AMBIENTAL UPAON-AÇU / MIRITIBA / ALTO PREGUIÇAS","Angiosperms","Erythropalaceae","Heisteria","ovata","Benth.","ERYTHROPALACEAE Heisteria ovata Benth.","4133","splink","UFMA","Serra, F.C.V.","82","Native","2012",,,"Ouro","Prata",,"São José de Ribamar","Restinga do Sitio Aguahy (Reserva da Meck)"
"ÁREA DE PROTEÇÃO AMBIENTAL UPAON-AÇU / MIRITIBA / ALTO PREGUIÇAS","Angiosperms","Erythropalaceae","Heisteria","ovata","Benth.","ERYTHROPALACEAE Heisteria ovata Benth.","MAR0004134",,"UFMA","Serra, F.C.V.","206","Native","2013",,,"Latão","Prata",,"São José de Ribamar","Restinga do Sitio Aguahy (Reserva da Meck)."
"ÁREA DE PROTEÇÃO AMBIENTAL UPAON-AÇU / MIRITIBA / ALTO PREGUIÇAS","Angiosperms","Erythropalaceae","Heisteria","ovata","Benth.","ERYTHROPALACEAE Heisteria ovata Benth.","MAR0004132",,"UFMA","Serra, F.C.V.","52","Native","2012",,,"Latão","Prata",,"São José de Ribamar","Restinga do Sitio Aguahy (Reserva da Meck)."
"ÁREA DE PROTEÇÃO AMBIENTAL UPAON-AÇU / MIRITIBA / ALTO PREGUIÇAS","Angiosperms","Erythropalaceae","Heisteria","ovata","Benth.","ERYTHROPALACEAE Heisteria ovata Benth.","MAR0004133",,"UFMA","Serra, F.C.V.","82","Native","2012",,,"Latão","Prata",,"São José de Ribamar","Restinga do Sitio Aguahy (Reserva da Meck)."
"ÁREA DE PROTEÇÃO AMBIENTAL UPAON-AÇU / MIRITIBA / ALTO PREGUIÇAS","Angiosperms","Euphorbiaceae","Actinostemon","concepcionis","(Chodat & Hassl.) Hochr.","EUPHORBIACEAE Actinostemon concepcionis (Chodat & Hassl.) Hochr.","MAR0013222",,"UFMA","Santos, C.R.","53","Native","2021",,,"Latão","Prata",,"São José de Ribamar","Sítio Aguahy."
"ÁREA DE PROTEÇÃO AMBIENTAL UPAON-AÇU / MIRITIBA / ALTO PREGUIÇAS","Angiosperms","Euphorbiaceae","Cnidoscolus","urens","(L.) Arthur","EUPHORBIACEAE Cnidoscolus urens (L.) Arthur","MAR0008186",,"UFMA","Lima, G.P.","538","Native","2014",,,"Latão","Prata",,"Paço do Lumiar","Praia de Panaquatira."
"ÁREA DE PROTEÇÃO AMBIENTAL UPAON-AÇU / MIRITIBA / ALTO PREGUIÇAS","Angiosperms","Euphorbiaceae","Euphorbia","hyssopifolia","L.","EUPHORBIACEAE Euphorbia hyssopifolia L.","MAR0008187",,"UFMA","Lima, G.P.","304","Native","2014",,,"Latão","Prata",,"Paço do Lumiar","Praia de Panaquatira."
"ÁREA DE PROTEÇÃO AMBIENTAL UPAON-AÇU / MIRITIBA / ALTO PREGUIÇAS","Angiosperms","Euphorbiaceae","Microstachys","corniculata","(Vahl) Griseb.","EUPHORBIACEAE Microstachys corniculata (Vahl) Griseb.","8190","splink","UFMA","Lima, G.P.","265","Native","2014",,,"Ouro","Prata",,"Paço do Lumiar","Praia de Panaquatira"
"ÁREA DE PROTEÇÃO AMBIENTAL UPAON-AÇU / MIRITIBA / ALTO PREGUIÇAS","Angiosperms","Euphorbiaceae","Microstachys","corniculata","(Vahl) Griseb.","EUPHORBIACEAE Microstachys corniculata (Vahl) Griseb.","8191","splink","UFMA","Lima, G.P.","503","Native","2014",,,"Ouro","Prata",,"Paço do Lumiar","Praia de Panaquatira"
"ÁREA DE PROTEÇÃO AMBIENTAL UPAON-AÇU / MIRITIBA / ALTO PREGUIÇAS","Angiosperms","Euphorbiaceae","Microstachys","corniculata","(Vahl) Griseb.","EUPHORBIACEAE Microstachys corniculata (Vahl) Griseb.","8188","splink","UFMA","Lima, G.P.","141","Native","2014",,,"Ouro","Prata",,"Paço do Lumiar","Praia de Panaquatira"
"ÁREA DE PROTEÇÃO AMBIENTAL UPAON-AÇU / MIRITIBA / ALTO PREGUIÇAS","Angiosperms","Euphorbiaceae","Microstachys","corniculata","(Vahl) Griseb.","EUPHORBIACEAE Microstachys corniculata (Vahl) Griseb.","8192","splink","UFMA","Lima, G.P.","373","Native","2014",,,"Ouro","Prata",,"Paço do Lumiar","Praia de Panaquatira"
"ÁREA DE PROTEÇÃO AMBIENTAL UPAON-AÇU / MIRITIBA / ALTO PREGUIÇAS","Angiosperms","Euphorbiaceae","Microstachys","corniculata","(Vahl) Griseb.","EUPHORBIACEAE Microstachys corniculata (Vahl) Griseb.","8548","splink","UFMA","Lima, G.P.","179","Native","2014",,,"Ouro","Prata",,"Paço do Lumiar","Praia de Panaquatira"
"ÁREA DE PROTEÇÃO AMBIENTAL UPAON-AÇU / MIRITIBA / ALTO PREGUIÇAS","Angiosperms","Fabaceae","Abrus","precatorius","L.","FABACEAE Abrus precatorius L.","8458","splink","UFMA","Lima, G.P.","391","Naturalized","2014",,,"Ouro","Prata",,"Paço do Lumiar","Praia de Panaquatira"
"ÁREA DE PROTEÇÃO AMBIENTAL UPAON-AÇU / MIRITIBA / ALTO PREGUIÇAS","Angiosperms","Fabaceae","Abrus","precatorius","L.","FABACEAE Abrus precatorius L.","8234","splink","UFMA","Lima, G.P.","522","Native","2014","Silva, G.S.","2024","Ouro","Prata",,"Paço do Lumiar","Praia de Panaquatira"
"ÁREA DE PROTEÇÃO AMBIENTAL UPAON-AÇU / MIRITIBA / ALTO PREGUIÇAS","Angiosperms","Fabaceae","Abrus","precatorius","L.","FABACEAE Abrus precatorius L.","MAR0008234",,"UFMA","Lima, G.P.","522","Native","2014","Silva, G.S.","2024","Bronze","Prata",,"Paço do Lumiar","Praia de Panaquatira."
"ÁREA DE PROTEÇÃO AMBIENTAL UPAON-AÇU / MIRITIBA / ALTO PREGUIÇAS","Angiosperms","Fabaceae","Abrus","precatorius","L.","FABACEAE Abrus precatorius L.","MAR0008226",,"UFMA","Lima, G.P.","433","Native","2014",,,"Latão","Prata",,"Paço do Lumiar","Praia de Panaquatira."
"ÁREA DE PROTEÇÃO AMBIENTAL UPAON-AÇU / MIRITIBA / ALTO PREGUIÇAS","Angiosperms","Fabaceae","Abrus","precatorius","L.","FABACEAE Abrus precatorius L.","MAR0008458",,"UFMA","Lima, G.P.","391","Native","2014",,,"Latão","Prata",,"Paço do Lumiar","Praia de Panaquatira."
"ÁREA DE PROTEÇÃO AMBIENTAL UPAON-AÇU / MIRITIBA / ALTO PREGUIÇAS","Angiosperms","Fabaceae","Aeschynomene","evenia","C.Wright & Sauvalle","FABACEAE Aeschynomene evenia C.Wright & Sauvalle","6938","splink","UFMA","Lima, G.P.","396","Native","2014",,,"Ouro","Prata",,"Paço do Lumiar","Praia de Panaquatira"
"ÁREA DE PROTEÇÃO AMBIENTAL UPAON-AÇU / MIRITIBA / ALTO PREGUIÇAS","Angiosperms","Fabaceae","Aeschynomene","evenia","C.Wright & Sauvalle","FABACEAE Aeschynomene evenia C.Wright & Sauvalle","6939","splink","UFMA","Lima, G.P.","397","Native","2014",,,"Ouro","Prata",,"Paço do Lumiar","Praia de Panaquatira"
"ÁREA DE PROTEÇÃO AMBIENTAL UPAON-AÇU / MIRITIBA / ALTO PREGUIÇAS","Angiosperms","Fabaceae","Aeschynomene","evenia","C.Wright & Sauvalle","FABACEAE Aeschynomene evenia C.Wright & Sauvalle","MAR0008555",,"UFMA","Lima, G.P.","578","Native","2015",,"2015","Latão","Prata",,"Paço do Lumiar","Praia de Panaquatira."
"ÁREA DE PROTEÇÃO AMBIENTAL UPAON-AÇU / MIRITIBA / ALTO PREGUIÇAS","Angiosperms","Fabaceae","Aeschynomene","evenia","C.Wright & Sauvalle","FABACEAE Aeschynomene evenia C.Wright & Sauvalle","MAR0006938",,"UFMA","Lima, G.P.","396","Native","2014",,,"Latão","Prata",,"Paço do Lumiar","Praia de Panaquatira."
"ÁREA DE PROTEÇÃO AMBIENTAL UPAON-AÇU / MIRITIBA / ALTO PREGUIÇAS","Angiosperms","Fabaceae","Aeschynomene","evenia","C.Wright & Sauvalle","FABACEAE Aeschynomene evenia C.Wright & Sauvalle","MAR0006939",,"UFMA","Lima, G.P.","397","Native","2014",,,"Latão","Prata",,"Paço do Lumiar","Praia de Panaquatira."
"ÁREA DE PROTEÇÃO AMBIENTAL UPAON-AÇU / MIRITIBA / ALTO PREGUIÇAS","Angiosperms","Fabaceae","Andira","surinamensis","(Bondt) Splitg. ex Amshoff","FABACEAE Andira surinamensis (Bondt) Splitg. ex Amshoff","8553","splink","UFMA","Lima, G.P.","584","Native","2015",,,"Ouro","Prata",,"Paço do Lumiar","Praia de Panaquatira"
"ÁREA DE PROTEÇÃO AMBIENTAL UPAON-AÇU / MIRITIBA / ALTO PREGUIÇAS","Angiosperms","Fabaceae","Andira","surinamensis","(Bondt) Splitg. ex Amshoff","FABACEAE Andira surinamensis (Bondt) Splitg. ex Amshoff","MAR0009318",,"UFMA","Belfort, L.","T2P15P1",,"2016",,,"Latão","Prata",,"Paço do Lumiar","Praia de Panaquatira."
"ÁREA DE PROTEÇÃO AMBIENTAL UPAON-AÇU / MIRITIBA / ALTO PREGUIÇAS","Angiosperms","Fabaceae","Andira","surinamensis","(Bondt) Splitg. ex Amshoff","FABACEAE Andira surinamensis (Bondt) Splitg. ex Amshoff","MAR0008553",,"UFMA","Lima, G.P.","584",,"2015",,,"Latão","Prata",,"Paço do Lumiar","Praia de Panaquatira."
"ÁREA DE PROTEÇÃO AMBIENTAL UPAON-AÇU / MIRITIBA / ALTO PREGUIÇAS","Angiosperms","Fabaceae","Canavalia","rosea","(Sw.) DC.","FABACEAE Canavalia rosea (Sw.) DC.","8229","splink","UFMA","Lima, G.P.","317","Native","2014",,,"Ouro","Prata",,"Paço do Lumiar","Praia de Panaquatira"
"ÁREA DE PROTEÇÃO AMBIENTAL UPAON-AÇU / MIRITIBA / ALTO PREGUIÇAS","Angiosperms","Fabaceae","Canavalia","rosea","(Sw.) DC.","FABACEAE Canavalia rosea (Sw.) DC.","8095","splink","UFMA","Lima, G.P.","328","Native","2014",,,"Ouro","Prata",,"Paço do Lumiar","Praia de Panaquatira"
"ÁREA DE PROTEÇÃO AMBIENTAL UPAON-AÇU / MIRITIBA / ALTO PREGUIÇAS","Angiosperms","Fabaceae","Canavalia","rosea","(Sw.) DC.","FABACEAE Canavalia rosea (Sw.) DC.","MAR0008651",,"UFMA","Lopes, G.N.",,"Native","2004","Lopes, G.N.","2004","Bronze","Prata",,"Paço do Lumiar","Praia de Panaquatira."
"ÁREA DE PROTEÇÃO AMBIENTAL UPAON-AÇU / MIRITIBA / ALTO PREGUIÇAS","Angiosperms","Fabaceae","Canavalia","rosea","(Sw.) DC.","FABACEAE Canavalia rosea (Sw.) DC.","MAR0008228",,"UFMA","Lima, G.P.","539","Native","2015",,,"Latão","Prata",,"Paço do Lumiar","Praia de Panaquatira."
"ÁREA DE PROTEÇÃO AMBIENTAL UPAON-AÇU / MIRITIBA / ALTO PREGUIÇAS","Angiosperms","Fabaceae","Canavalia","rosea","(Sw.) DC.","FABACEAE Canavalia rosea (Sw.) DC.","MAR0009178",,"UFMA","Lima, G.P.",,"Native","2015",,,"Latão","Prata",,"Paço do Lumiar","Praia de Panaquatira."
"ÁREA DE PROTEÇÃO AMBIENTAL UPAON-AÇU / MIRITIBA / ALTO PREGUIÇAS","Angiosperms","Fabaceae","Centrosema","brasilianum","(L.) Benth.","FABACEAE Centrosema brasilianum (L.) Benth.","6952","splink","UFMA","Lima, G.P.","216","Native","2014",,,"Ouro","Prata",,"Paço do Lumiar","Praia de Panaquatira"
"ÁREA DE PROTEÇÃO AMBIENTAL UPAON-AÇU / MIRITIBA / ALTO PREGUIÇAS","Angiosperms","Fabaceae","Centrosema","brasilianum","(L.) Benth.","FABACEAE Centrosema brasilianum (L.) Benth.","8157","splink","UFMA","Lima, G.P.","326","Native","2014",,,"Ouro","Prata",,"Paço do Lumiar","Praia de Panaquatira"
"ÁREA DE PROTEÇÃO AMBIENTAL UPAON-AÇU / MIRITIBA / ALTO PREGUIÇAS","Angiosperms","Fabaceae","Centrosema","brasilianum","(L.) Benth.","FABACEAE Centrosema brasilianum (L.) Benth.","6948","splink","UFMA","Lima, G.P.","133","Native","2014",,,"Ouro","Prata",,"Paço do Lumiar","Praia de Panaquatira"
"ÁREA DE PROTEÇÃO AMBIENTAL UPAON-AÇU / MIRITIBA / ALTO PREGUIÇAS","Angiosperms","Fabaceae","Centrosema","brasilianum","(L.) Benth.","FABACEAE Centrosema brasilianum (L.) Benth.","6949","splink","UFMA","Lima, G.P.","162","Native","2014",,,"Ouro","Prata",,"Paço do Lumiar","Praia de Panaquatira"
"ÁREA DE PROTEÇÃO AMBIENTAL UPAON-AÇU / MIRITIBA / ALTO PREGUIÇAS","Angiosperms","Fabaceae","Centrosema","brasilianum","(L.) Benth.","FABACEAE Centrosema brasilianum (L.) Benth.","6951","splink","UFMA","Lima, G.P.","326","Native","2014",,,"Ouro","Prata",,"Paço do Lumiar","Praia de Panaquatira"
"ÁREA DE PROTEÇÃO AMBIENTAL UPAON-AÇU / MIRITIBA / ALTO PREGUIÇAS","Angiosperms","Fabaceae","Chamaecrista",,"(L.) Moench","FABACEAE Chamaecrista (L.) Moench","MAR0008464",,"UFMA","Lima, G.P.","613","Native","2015",,,"Latão","Prata",,"Paço do Lumiar","Praia de Panaquatira."
"ÁREA DE PROTEÇÃO AMBIENTAL UPAON-AÇU / MIRITIBA / ALTO PREGUIÇAS","Angiosperms","Fabaceae","Chamaecrista","calycioides","(DC. ex Collad.) Greene","FABACEAE Chamaecrista calycioides (DC. ex Collad.) Greene","6926","splink","UFMA","Lima, G.P.","278","Native","2014",,,"Ouro","Prata",,"Paço do Lumiar","Praia de Panaquatira"
"ÁREA DE PROTEÇÃO AMBIENTAL UPAON-AÇU / MIRITIBA / ALTO PREGUIÇAS","Angiosperms","Fabaceae","Chamaecrista","calycioides","(DC. ex Collad.) Greene","FABACEAE Chamaecrista calycioides (DC. ex Collad.) Greene","8227","splink","UFMA","Lima, G.P.","357","Native","2014",,,"Ouro","Prata",,"Paço do Lumiar","Praia de Panaquatira"
"ÁREA DE PROTEÇÃO AMBIENTAL UPAON-AÇU / MIRITIBA / ALTO PREGUIÇAS","Angiosperms","Fabaceae","Chamaecrista","calycioides","(DC. ex Collad.) Greene","FABACEAE Chamaecrista calycioides (DC. ex Collad.) Greene","MAR0007980",,"UFMA","Lima, G.P.","599","Native","2015",,,"Latão","Prata",,"Paço do Lumiar","Praia de Panaquatira."
"ÁREA DE PROTEÇÃO AMBIENTAL UPAON-AÇU / MIRITIBA / ALTO PREGUIÇAS","Angiosperms","Fabaceae","Chamaecrista","calycioides","(DC. ex Collad.) Greene","FABACEAE Chamaecrista calycioides (DC. ex Collad.) Greene","MAR0006926",,"UFMA","Lima, G.P.","278","Native","2014",,,"Latão","Prata",,"Paço do Lumiar","Praia de Panaquatira."
"ÁREA DE PROTEÇÃO AMBIENTAL UPAON-AÇU / MIRITIBA / ALTO PREGUIÇAS","Angiosperms","Fabaceae","Chamaecrista","calycioides","(DC. ex Collad.) Greene","FABACEAE Chamaecrista calycioides (DC. ex Collad.) Greene","MAR0008227",,"UFMA","Lima, G.P.","357","Native","2014",,,"Latão","Prata",,"Paço do Lumiar","Praia de Panaquatira."
"ÁREA DE PROTEÇÃO AMBIENTAL UPAON-AÇU / MIRITIBA / ALTO PREGUIÇAS","Angiosperms","Fabaceae","Chamaecrista","diphylla","(L.) Greene","FABACEAE Chamaecrista diphylla (L.) Greene","FURB73082","splink","FURB","Serra, F.C.V.","59","Native","2012",,,"Latão","Prata",,"São José de Ribamar","Sítio Aguahy."
"ÁREA DE PROTEÇÃO AMBIENTAL UPAON-AÇU / MIRITIBA / ALTO PREGUIÇAS","Angiosperms","Fabaceae","Chamaecrista","flexuosa","(L.) Greene","FABACEAE Chamaecrista flexuosa (L.) Greene","6956","splink","UFMA","Lima, G.P.","138","Native","2014",,,"Ouro","Prata",,"Paço do Lumiar","Praia de Panaquatira"
"ÁREA DE PROTEÇÃO AMBIENTAL UPAON-AÇU / MIRITIBA / ALTO PREGUIÇAS","Angiosperms","Fabaceae","Chamaecrista","flexuosa","(L.) Greene","FABACEAE Chamaecrista flexuosa (L.) Greene","8094","splink","UFMA","Lima, G.P.","506","Native","2014",,,"Ouro","Prata",,"Paço do Lumiar","Praia de Panaquatira"
"ÁREA DE PROTEÇÃO AMBIENTAL UPAON-AÇU / MIRITIBA / ALTO PREGUIÇAS","Angiosperms","Fabaceae","Chamaecrista","flexuosa","(L.) Greene","FABACEAE Chamaecrista flexuosa (L.) Greene","8479","splink","UFMA","Lima, G.P.","350","Native","2014",,,"Ouro","Prata",,"Paço do Lumiar","Praia de Panaquatira"
"ÁREA DE PROTEÇÃO AMBIENTAL UPAON-AÇU / MIRITIBA / ALTO PREGUIÇAS","Angiosperms","Fabaceae","Chamaecrista","flexuosa","(L.) Greene","FABACEAE Chamaecrista flexuosa (L.) Greene","6954","splink","UFMA","Lima, G.P.","137","Native","2014",,,"Ouro","Prata",,"Paço do Lumiar","Praia de Panaquatira"
"ÁREA DE PROTEÇÃO AMBIENTAL UPAON-AÇU / MIRITIBA / ALTO PREGUIÇAS","Angiosperms","Fabaceae","Chamaecrista","flexuosa","(L.) Greene","FABACEAE Chamaecrista flexuosa (L.) Greene","6957","splink","UFMA","Lima, G.P.","266","Native","2014",,,"Ouro","Prata",,"Paço do Lumiar","Praia de Panaquatira"
"ÁREA DE PROTEÇÃO AMBIENTAL UPAON-AÇU / MIRITIBA / ALTO PREGUIÇAS","Angiosperms","Fabaceae","Chamaecrista","hispidula","(Vahl) H.S.Irwin & Barneby","FABACEAE Chamaecrista hispidula (Vahl) H.S.Irwin & Barneby","8156","splink","UFMA","Lima, G.P.","330","Native","2014",,,"Ouro","Prata",,"Paço do Lumiar","Praia de Panaquatira"
"ÁREA DE PROTEÇÃO AMBIENTAL UPAON-AÇU / MIRITIBA / ALTO PREGUIÇAS","Angiosperms","Fabaceae","Chamaecrista","hispidula","(Vahl) H.S.Irwin & Barneby","FABACEAE Chamaecrista hispidula (Vahl) H.S.Irwin & Barneby","8485","splink","UFMA","Lima, G.P.","338","Native","2014",,,"Ouro","Prata",,"Paço do Lumiar","Praia de Panaquatira"
"ÁREA DE PROTEÇÃO AMBIENTAL UPAON-AÇU / MIRITIBA / ALTO PREGUIÇAS","Angiosperms","Fabaceae","Chamaecrista","hispidula","(Vahl) H.S.Irwin & Barneby","FABACEAE Chamaecrista hispidula (Vahl) H.S.Irwin & Barneby","6912","splink","UFMA","Lima, G.P.","247","Native","2014",,,"Ouro","Prata",,"Paço do Lumiar","Praia de Panaquatira"
"ÁREA DE PROTEÇÃO AMBIENTAL UPAON-AÇU / MIRITIBA / ALTO PREGUIÇAS","Angiosperms","Fabaceae","Chamaecrista","hispidula","(Vahl) H.S.Irwin & Barneby","FABACEAE Chamaecrista hispidula (Vahl) H.S.Irwin & Barneby","6914","splink","UFMA","Lima, G.P.","135","Native","2014",,,"Ouro","Prata",,"Paço do Lumiar","Praia de Panaquatira"
"ÁREA DE PROTEÇÃO AMBIENTAL UPAON-AÇU / MIRITIBA / ALTO PREGUIÇAS","Angiosperms","Fabaceae","Chamaecrista","hispidula","(Vahl) H.S.Irwin & Barneby","FABACEAE Chamaecrista hispidula (Vahl) H.S.Irwin & Barneby","6915","splink","UFMA","Lima, G.P.","380","Native","2014",,,"Ouro","Prata",,"Paço do Lumiar","Praia de Panaquatira"
"ÁREA DE PROTEÇÃO AMBIENTAL UPAON-AÇU / MIRITIBA / ALTO PREGUIÇAS","Angiosperms","Fabaceae","Chamaecrista","ramosa","(Vogel) H.S.Irwin & Barneby","FABACEAE Chamaecrista ramosa (Vogel) H.S.Irwin & Barneby","9320","splink","UFMA","Belfort, L.","T1P3P3","Native","2016",,,"Ouro","Prata",,"Paço do Lumiar","Praia de Panaquatira"
"ÁREA DE PROTEÇÃO AMBIENTAL UPAON-AÇU / MIRITIBA / ALTO PREGUIÇAS","Angiosperms","Fabaceae","Chamaecrista","ramosa","(Vogel) H.S.Irwin & Barneby","FABACEAE Chamaecrista ramosa (Vogel) H.S.Irwin & Barneby","6935","splink","UFMA","Lima, G.P.","151","Native","2014",,,"Ouro","Prata",,"Paço do Lumiar","Praia de Panaquatira"
"ÁREA DE PROTEÇÃO AMBIENTAL UPAON-AÇU / MIRITIBA / ALTO PREGUIÇAS","Angiosperms","Fabaceae","Chamaecrista","ramosa","(Vogel) H.S.Irwin & Barneby","FABACEAE Chamaecrista ramosa (Vogel) H.S.Irwin & Barneby","6933","splink","UFMA","Lima, G.P.","279","Native","2014",,,"Ouro","Prata",,"Paço do Lumiar","Praia de Panaquatira"
"ÁREA DE PROTEÇÃO AMBIENTAL UPAON-AÇU / MIRITIBA / ALTO PREGUIÇAS","Angiosperms","Fabaceae","Chamaecrista","ramosa","(Vogel) H.S.Irwin & Barneby","FABACEAE Chamaecrista ramosa (Vogel) H.S.Irwin & Barneby","6936","splink","UFMA","Lima, G.P.","66","Native","2014",,,"Ouro","Prata",,"Paço do Lumiar","Praia de Panaquatira"
"ÁREA DE PROTEÇÃO AMBIENTAL UPAON-AÇU / MIRITIBA / ALTO PREGUIÇAS","Angiosperms","Fabaceae","Chamaecrista","ramosa","(Vogel) H.S.Irwin & Barneby","FABACEAE Chamaecrista ramosa (Vogel) H.S.Irwin & Barneby","6937","splink","UFMA","Lima, G.P.","258","Native","2014",,,"Ouro","Prata",,"Paço do Lumiar","Praia de Panaquatira"
"ÁREA DE PROTEÇÃO AMBIENTAL UPAON-AÇU / MIRITIBA / ALTO PREGUIÇAS","Angiosperms","Fabaceae","Chloroleucon","acacioides","(Ducke) Barneby & J.W.Grimes","FABACEAE Chloroleucon acacioides (Ducke) Barneby & J.W.Grimes","8230","splink","UFMA","Lima, G.P.","428","Native","2014",,,"Ouro","Prata",,"Paço do Lumiar","Praia de Panaquatira"
"ÁREA DE PROTEÇÃO AMBIENTAL UPAON-AÇU / MIRITIBA / ALTO PREGUIÇAS","Angiosperms","Fabaceae","Chloroleucon","acacioides","(Ducke) Barneby & J.W.Grimes","FABACEAE Chloroleucon acacioides (Ducke) Barneby & J.W.Grimes","8395","splink","UFMA","Lima, G.P.","99","Native","2014",,,"Ouro","Prata",,"Paço do Lumiar","Praia de Panaquatira"
"ÁREA DE PROTEÇÃO AMBIENTAL UPAON-AÇU / MIRITIBA / ALTO PREGUIÇAS","Angiosperms","Fabaceae","Chloroleucon","acacioides","(Ducke) Barneby & J.W.Grimes","FABACEAE Chloroleucon acacioides (Ducke) Barneby & J.W.Grimes","8396","splink","UFMA","Lima, G.P.","428","Native","2014",,,"Ouro","Prata",,"Paço do Lumiar","Praia de Panaquatira"
"ÁREA DE PROTEÇÃO AMBIENTAL UPAON-AÇU / MIRITIBA / ALTO PREGUIÇAS","Angiosperms","Fabaceae","Chloroleucon","acacioides","(Ducke) Barneby & J.W.Grimes","FABACEAE Chloroleucon acacioides (Ducke) Barneby & J.W.Grimes","8491","splink","UFMA","Lima, G.P.","102","Native","2014",,,"Ouro","Prata",,"Paço do Lumiar","Praia de Panaquatira"
"ÁREA DE PROTEÇÃO AMBIENTAL UPAON-AÇU / MIRITIBA / ALTO PREGUIÇAS","Angiosperms","Fabaceae","Chloroleucon","acacioides","(Ducke) Barneby & J.W.Grimes","FABACEAE Chloroleucon acacioides (Ducke) Barneby & J.W.Grimes","MAR0008397",,"UFMA","Lima, G.P.","566","Native","2015",,,"Latão","Prata",,"Paço do Lumiar","Praia de Panaquatira."
"ÁREA DE PROTEÇÃO AMBIENTAL UPAON-AÇU / MIRITIBA / ALTO PREGUIÇAS","Angiosperms","Fabaceae","Copaifera","langsdorffii","Desf.","FABACEAE Copaifera langsdorffii Desf.","MAR0004316",,"UFMA","Serra, F.C.V.","54","Native","2012",,,"Latão","Prata",,"São José de Ribamar","Restinga do Sitio Aguahy (Reserva da Meck)."
"ÁREA DE PROTEÇÃO AMBIENTAL UPAON-AÇU / MIRITIBA / ALTO PREGUIÇAS","Angiosperms","Fabaceae","Copaifera","langsdorffii","Desf.","FABACEAE Copaifera langsdorffii Desf.","MAR0013434",,"UFMA","Azevedo, G.G.","73","Native","2007",,,"Latão","Prata",,"São José de Ribamar","Sítio Aguahy."
"ÁREA DE PROTEÇÃO AMBIENTAL UPAON-AÇU / MIRITIBA / ALTO PREGUIÇAS","Angiosperms","Fabaceae","Crotalaria","retusa","L.","FABACEAE Crotalaria retusa L.","8486","splink","UFMA","Lima, G.P.","394","Native","2014",,,"Ouro","Prata",,"Paço do Lumiar","Praia de Panaquatira"
"ÁREA DE PROTEÇÃO AMBIENTAL UPAON-AÇU / MIRITIBA / ALTO PREGUIÇAS","Angiosperms","Fabaceae","Crotalaria","retusa","L.","FABACEAE Crotalaria retusa L.","6916","splink","UFMA","Lima, G.P.","310","Native","2014",,,"Ouro","Prata",,"Paço do Lumiar","Praia de Panaquatira"
"ÁREA DE PROTEÇÃO AMBIENTAL UPAON-AÇU / MIRITIBA / ALTO PREGUIÇAS","Angiosperms","Fabaceae","Crotalaria","retusa","L.","FABACEAE Crotalaria retusa L.","MAR0006916",,"UFMA","Lima, G.P.","310","Native","2014",,,"Latão","Prata",,"Paço do Lumiar","Praia de Panaquatira."
"ÁREA DE PROTEÇÃO AMBIENTAL UPAON-AÇU / MIRITIBA / ALTO PREGUIÇAS","Angiosperms","Fabaceae","Crotalaria","retusa","L.","FABACEAE Crotalaria retusa L.","MAR0006917",,"UFMA","Lima, G.P.","314","Native","2014",,,"Latão","Prata",,"Paço do Lumiar","Praia de Panaquatira."
"ÁREA DE PROTEÇÃO AMBIENTAL UPAON-AÇU / MIRITIBA / ALTO PREGUIÇAS","Angiosperms","Fabaceae","Crotalaria","retusa","L.","FABACEAE Crotalaria retusa L.","MAR0008283",,"UFMA","Castelo, A.J.",,"Native","2014",,,"Latão","Prata",,"Paço do Lumiar","Praia de Panaquatira."
"ÁREA DE PROTEÇÃO AMBIENTAL UPAON-AÇU / MIRITIBA / ALTO PREGUIÇAS","Angiosperms","Fabaceae","Ctenodon","brasilianus","(Poir.) D.B.O.S.Cardoso, P.L.R.Moraes & H.C.Lima","FABACEAE Ctenodon brasilianus (Poir.) D.B.O.S.Cardoso, P.L.R.Moraes & H.C.Lima","MAR0006919",,"UFMA","Lima, G.P.","171","Native","2014",,,"Latão","Prata",,"Paço do Lumiar","Praia de Panaquatira."
"ÁREA DE PROTEÇÃO AMBIENTAL UPAON-AÇU / MIRITIBA / ALTO PREGUIÇAS","Angiosperms","Fabaceae","Ctenodon","brevipes","(Benth.) D.B.O.S.Cardoso, P.L.R.Moraes & H.C.Lima","FABACEAE Ctenodon brevipes (Benth.) D.B.O.S.Cardoso, P.L.R.Moraes & H.C.Lima","8459","splink","UFMA","Lima, G.P.","276","Native","2014",,,"Ouro","Prata",,"Paço do Lumiar","Praia de Panaquatira"
"ÁREA DE PROTEÇÃO AMBIENTAL UPAON-AÇU / MIRITIBA / ALTO PREGUIÇAS","Angiosperms","Fabaceae","Ctenodon","brevipes","(Benth.) D.B.O.S.Cardoso, P.L.R.Moraes & H.C.Lima","FABACEAE Ctenodon brevipes (Benth.) D.B.O.S.Cardoso, P.L.R.Moraes & H.C.Lima","8231","splink","UFMA","Lima, G.P.","170","Native","2014",,,"Ouro","Prata",,"Paço do Lumiar","Praia de Panaquatira"
"ÁREA DE PROTEÇÃO AMBIENTAL UPAON-AÇU / MIRITIBA / ALTO PREGUIÇAS","Angiosperms","Fabaceae","Ctenodon","brevipes","(Benth.) D.B.O.S.Cardoso, P.L.R.Moraes & H.C.Lima","FABACEAE Ctenodon brevipes (Benth.) D.B.O.S.Cardoso, P.L.R.Moraes & H.C.Lima","8455","splink","UFMA","Lima, G.P.","364","Native","2014",,,"Ouro","Prata",,"Paço do Lumiar","Praia de Panaquatira"
"ÁREA DE PROTEÇÃO AMBIENTAL UPAON-AÇU / MIRITIBA / ALTO PREGUIÇAS","Angiosperms","Fabaceae","Ctenodon","brevipes","(Benth.) D.B.O.S.Cardoso, P.L.R.Moraes & H.C.Lima","FABACEAE Ctenodon brevipes (Benth.) D.B.O.S.Cardoso, P.L.R.Moraes & H.C.Lima","MAR0008231",,"UFMA","Lima, G.P.","170","Native","2014",,,"Latão","Prata",,"Paço do Lumiar","Praia de Panaquatira."
"ÁREA DE PROTEÇÃO AMBIENTAL UPAON-AÇU / MIRITIBA / ALTO PREGUIÇAS","Angiosperms","Fabaceae","Ctenodon","brevipes","(Benth.) D.B.O.S.Cardoso, P.L.R.Moraes & H.C.Lima","FABACEAE Ctenodon brevipes (Benth.) D.B.O.S.Cardoso, P.L.R.Moraes & H.C.Lima","MAR0008232",,"UFMA","Lima, G.P.","260","Native","2014",,,"Latão","Prata",,"Paço do Lumiar","Praia de Panaquatira."
"ÁREA DE PROTEÇÃO AMBIENTAL UPAON-AÇU / MIRITIBA / ALTO PREGUIÇAS","Angiosperms","Fabaceae","Dalbergia","cearensis","Ducke","FABACEAE Dalbergia cearensis Ducke","MAR0013210",,"UFMA","Santos, C.R.","59","Native","2022",,,"Latão","Prata",,"São José de Ribamar","Sítio Aguahy."
"ÁREA DE PROTEÇÃO AMBIENTAL UPAON-AÇU / MIRITIBA / ALTO PREGUIÇAS","Angiosperms","Fabaceae","Desmodium","barbatum","(L.) Benth.","FABACEAE Desmodium barbatum (L.) Benth.","6946","splink","UFMA","Lima, G.P.","261","Native","2014",,,"Ouro","Prata",,"Paço do Lumiar","Praia de Panaquatira"
"ÁREA DE PROTEÇÃO AMBIENTAL UPAON-AÇU / MIRITIBA / ALTO PREGUIÇAS","Angiosperms","Fabaceae","Desmodium","barbatum","(L.) Benth.","FABACEAE Desmodium barbatum (L.) Benth.","6944","splink","UFMA","Lima, G.P.","259","Native","2014",,,"Ouro","Prata",,"Paço do Lumiar","Praia de Panaquatira"
"ÁREA DE PROTEÇÃO AMBIENTAL UPAON-AÇU / MIRITIBA / ALTO PREGUIÇAS","Angiosperms","Fabaceae","Desmodium","barbatum","(L.) Benth.","FABACEAE Desmodium barbatum (L.) Benth.","6945","splink","UFMA","Lima, G.P.","136","Native","2014",,,"Ouro","Prata",,"Paço do Lumiar","Praia de Panaquatira"
"ÁREA DE PROTEÇÃO AMBIENTAL UPAON-AÇU / MIRITIBA / ALTO PREGUIÇAS","Angiosperms","Fabaceae","Desmodium","barbatum","(L.) Benth.","FABACEAE Desmodium barbatum (L.) Benth.","8162","splink","UFMA","Lima, G.P.","375","Native","2014",,,"Ouro","Prata",,"Paço do Lumiar","Praia de Panaquatira"
"ÁREA DE PROTEÇÃO AMBIENTAL UPAON-AÇU / MIRITIBA / ALTO PREGUIÇAS","Angiosperms","Fabaceae","Desmodium","barbatum","(L.) Benth.","FABACEAE Desmodium barbatum (L.) Benth.","6943","splink","UFMA","Lima, G.P.","48","Native","2013",,,"Ouro","Prata",,"Paço do Lumiar","Praia de Panaquatira"
"ÁREA DE PROTEÇÃO AMBIENTAL UPAON-AÇU / MIRITIBA / ALTO PREGUIÇAS","Angiosperms","Fabaceae","Dioclea",,"Kunth","FABACEAE Dioclea Kunth","MAR0009186",,"UFMA","Lima, G.P.","634","Native","2016",,,"Latão","Prata",,"Paço do Lumiar","Praia de Panaquatira."
"ÁREA DE PROTEÇÃO AMBIENTAL UPAON-AÇU / MIRITIBA / ALTO PREGUIÇAS","Angiosperms","Fabaceae","Enterolobium","timbouva","Mart.","FABACEAE Enterolobium timbouva Mart.","6918","splink","UFMA","Lima, G.P.","519","Native","2014",,,"Ouro","Prata",,"Paço do Lumiar","Praia de Panaquatira"
"ÁREA DE PROTEÇÃO AMBIENTAL UPAON-AÇU / MIRITIBA / ALTO PREGUIÇAS","Angiosperms","Fabaceae","Enterolobium","timbouva","Mart.","FABACEAE Enterolobium timbouva Mart.","MAR0008437",,"UFMA","Lima, G.P.","552","Native","2015",,,"Latão","Prata",,"Paço do Lumiar","Praia de Panaquatira."
"ÁREA DE PROTEÇÃO AMBIENTAL UPAON-AÇU / MIRITIBA / ALTO PREGUIÇAS","Angiosperms","Fabaceae","Enterolobium","timbouva","Mart.","FABACEAE Enterolobium timbouva Mart.","MAR0006918",,"UFMA","Lima, G.P.","519","Native","2014",,,"Latão","Prata",,"Paço do Lumiar","Praia de Panaquatira."
"ÁREA DE PROTEÇÃO AMBIENTAL UPAON-AÇU / MIRITIBA / ALTO PREGUIÇAS","Angiosperms","Fabaceae","Erythrina","amazonica","Krukoff","FABACEAE Erythrina amazonica Krukoff","4315","splink","UFMA","Serra, F.C.V.","49","Native","2012","Guedes-Oliveira, R.","2022","Ouro","Prata",,"São José de Ribamar","Restinga do Sitio Aguahy (Reserva da Meck)"
"ÁREA DE PROTEÇÃO AMBIENTAL UPAON-AÇU / MIRITIBA / ALTO PREGUIÇAS","Angiosperms","Fabaceae","Erythrina","amazonica","Krukoff","FABACEAE Erythrina amazonica Krukoff","MAR0004261",,"UFMA","Serra, F.C.V.","142","Native","2012","Guedes-Oliveira, R.","2022","Bronze","Prata",,"São José de Ribamar","Restinga do Sitio Aguahy (Reserva da Meck)."
"ÁREA DE PROTEÇÃO AMBIENTAL UPAON-AÇU / MIRITIBA / ALTO PREGUIÇAS","Angiosperms","Fabaceae","Erythrina","amazonica","Krukoff","FABACEAE Erythrina amazonica Krukoff","MAR0004315",,"UFMA","Serra, F.C.V.","49","Native","2012","Guedes-Oliveira, R.","2022","Bronze","Prata",,"São José de Ribamar","Restinga do Sitio Aguahy (Reserva da Meck)."
"ÁREA DE PROTEÇÃO AMBIENTAL UPAON-AÇU / MIRITIBA / ALTO PREGUIÇAS","Angiosperms","Fabaceae","Galactia","striata","(Jacq.) Urb.","FABACEAE Galactia striata (Jacq.) Urb.","8161","splink","UFMA","Lima, G.P.","371","Native","2014",,,"Ouro","Prata",,"Paço do Lumiar","Praia de Panaquatira"
"ÁREA DE PROTEÇÃO AMBIENTAL UPAON-AÇU / MIRITIBA / ALTO PREGUIÇAS","Angiosperms","Fabaceae","Galactia","striata","(Jacq.) Urb.","FABACEAE Galactia striata (Jacq.) Urb.","9202","splink","UFMA","Lima, G.P.","204","Native","2014",,,"Ouro","Prata",,"Paço do Lumiar","Praia de Panaquatira"
"ÁREA DE PROTEÇÃO AMBIENTAL UPAON-AÇU / MIRITIBA / ALTO PREGUIÇAS","Angiosperms","Fabaceae","Galactia","striata","(Jacq.) Urb.","FABACEAE Galactia striata (Jacq.) Urb.","9203","splink","UFMA","Lima, G.P.","284","Native","2014",,,"Ouro","Prata",,"Paço do Lumiar","Praia de Panaquatira"
"ÁREA DE PROTEÇÃO AMBIENTAL UPAON-AÇU / MIRITIBA / ALTO PREGUIÇAS","Angiosperms","Fabaceae","Galactia","striata","(Jacq.) Urb.","FABACEAE Galactia striata (Jacq.) Urb.","9205","splink","UFMA","Lima, G.P.","280","Native","2014",,,"Ouro","Prata",,"Paço do Lumiar","Praia de Panaquatira"
"ÁREA DE PROTEÇÃO AMBIENTAL UPAON-AÇU / MIRITIBA / ALTO PREGUIÇAS","Angiosperms","Fabaceae","Galactia","striata","(Jacq.) Urb.","FABACEAE Galactia striata (Jacq.) Urb.","9204","splink","UFMA","Lima, G.P.","54","Naturalized","2013",,,"Ouro","Prata",,"Paço do Lumiar","Praia de Panaquatira"
"ÁREA DE PROTEÇÃO AMBIENTAL UPAON-AÇU / MIRITIBA / ALTO PREGUIÇAS","Angiosperms","Fabaceae","Guilandina","bonduc","L.","FABACEAE Guilandina bonduc L.","MAR0004260",,"UFMA","Serra, F.C.V.","151","Native","2012",,,"Latão","Prata",,"São José de Ribamar","Restinga do Sitio Aguahy (Reserva da Meck)."
"ÁREA DE PROTEÇÃO AMBIENTAL UPAON-AÇU / MIRITIBA / ALTO PREGUIÇAS","Angiosperms","Fabaceae","Hydrochorea","corymbosa","(Rich.) Barneby & J.W.Grimes","FABACEAE Hydrochorea corymbosa (Rich.) Barneby & J.W.Grimes","MAR0013435",,"UFMA","Azevedo, G.G.","74","Native","2007","Silva, G.S.","2024","Bronze","Prata",,"São José de Ribamar","Sítio Aguahy."
"ÁREA DE PROTEÇÃO AMBIENTAL UPAON-AÇU / MIRITIBA / ALTO PREGUIÇAS","Angiosperms","Fabaceae","Indigofera","hirsuta","L.","FABACEAE Indigofera hirsuta L.","MAR0009197",,"UFMA","Lima, G.P.","642","Native","2016",,,"Latão","Prata",,"Paço do Lumiar","Praia de Panaquatira."
"ÁREA DE PROTEÇÃO AMBIENTAL UPAON-AÇU / MIRITIBA / ALTO PREGUIÇAS","Angiosperms","Fabaceae","Indigofera","microcarpa","Desv.","FABACEAE Indigofera microcarpa Desv.","6930","splink","UFMA","Lima, G.P.","74","Native","2014",,,"Ouro","Prata",,"Paço do Lumiar","Praia de Panaquatira"
"ÁREA DE PROTEÇÃO AMBIENTAL UPAON-AÇU / MIRITIBA / ALTO PREGUIÇAS","Angiosperms","Fabaceae","Indigofera","microcarpa","Desv.","FABACEAE Indigofera microcarpa Desv.","8457","splink","UFMA","Lima, G.P.","349","Native","2014",,,"Ouro","Prata",,"Paço do Lumiar","Praia de Panaquatira"
"ÁREA DE PROTEÇÃO AMBIENTAL UPAON-AÇU / MIRITIBA / ALTO PREGUIÇAS","Angiosperms","Fabaceae","Indigofera","microcarpa","Desv.","FABACEAE Indigofera microcarpa Desv.","8488","splink","UFMA","Lima, G.P.","362","Native","2014",,,"Ouro","Prata",,"Paço do Lumiar","Praia de Panaquatira"
"ÁREA DE PROTEÇÃO AMBIENTAL UPAON-AÇU / MIRITIBA / ALTO PREGUIÇAS","Angiosperms","Fabaceae","Indigofera","microcarpa","Desv.","FABACEAE Indigofera microcarpa Desv.","6928","splink","UFMA","Lima, G.P.","146","Native","2014",,,"Ouro","Prata",,"Paço do Lumiar","Praia de Panaquatira"
"ÁREA DE PROTEÇÃO AMBIENTAL UPAON-AÇU / MIRITIBA / ALTO PREGUIÇAS","Angiosperms","Fabaceae","Indigofera","microcarpa","Desv.","FABACEAE Indigofera microcarpa Desv.","MAR0009182",,"UFMA","Lima, G.P.",,"Native","2015",,,"Latão","Prata",,"Paço do Lumiar","Praia de Panaquatira."
"ÁREA DE PROTEÇÃO AMBIENTAL UPAON-AÇU / MIRITIBA / ALTO PREGUIÇAS","Angiosperms","Fabaceae","Inga","alba","(Sw.) Willd.","FABACEAE Inga alba (Sw.) Willd.","MAR0013226",,"UFMA","Santos, C.R.","24","Native","2020",,,"Latão","Prata",,"São José de Ribamar","Sítio Aguahy."
"ÁREA DE PROTEÇÃO AMBIENTAL UPAON-AÇU / MIRITIBA / ALTO PREGUIÇAS","Angiosperms","Fabaceae","Inga","edulis","Mart.","FABACEAE Inga edulis Mart.","MAR0013225",,"UFMA","Santos, C.R.","49","Native","2022",,,"Latão","Prata",,"São José de Ribamar","Sítio Aguahy."
"ÁREA DE PROTEÇÃO AMBIENTAL UPAON-AÇU / MIRITIBA / ALTO PREGUIÇAS","Angiosperms","Fabaceae","Jupunba","cochleata","(Willd.) M.V.B.Soares et al.","FABACEAE Jupunba cochleata (Willd.) M.V.B.Soares et al.","MAR0006925",,"UFMA","Lima, G.P.","94","Native","2014",,,"Latão","Prata",,"Paço do Lumiar","Praia de Panaquatira."
"ÁREA DE PROTEÇÃO AMBIENTAL UPAON-AÇU / MIRITIBA / ALTO PREGUIÇAS","Angiosperms","Fabaceae","Macroptilium","gracile","(Poepp. ex Benth.) Urb.","FABACEAE Macroptilium gracile (Poepp. ex Benth.) Urb.","8438","splink","UFMA","Lima, G.P.","224","Native","2014",,,"Ouro","Prata",,"Paço do Lumiar","Praia de Panaquatira"
"ÁREA DE PROTEÇÃO AMBIENTAL UPAON-AÇU / MIRITIBA / ALTO PREGUIÇAS","Angiosperms","Fabaceae","Macroptilium","gracile","(Poepp. ex Benth.) Urb.","FABACEAE Macroptilium gracile (Poepp. ex Benth.) Urb.","8439","splink","UFMA","Lima, G.P.","298","Native","2014",,,"Ouro","Prata",,"Paço do Lumiar","Praia de Panaquatira"
"ÁREA DE PROTEÇÃO AMBIENTAL UPAON-AÇU / MIRITIBA / ALTO PREGUIÇAS","Angiosperms","Fabaceae","Macroptilium","gracile","(Poepp. ex Benth.) Urb.","FABACEAE Macroptilium gracile (Poepp. ex Benth.) Urb.","8440","splink","UFMA","Lima, G.P.","225","Native","2014",,,"Ouro","Prata",,"Paço do Lumiar","Praia de Panaquatira"
"ÁREA DE PROTEÇÃO AMBIENTAL UPAON-AÇU / MIRITIBA / ALTO PREGUIÇAS","Angiosperms","Fabaceae","Macroptilium","gracile","(Poepp. ex Benth.) Urb.","FABACEAE Macroptilium gracile (Poepp. ex Benth.) Urb.","8441","splink","UFMA","Lima, G.P.","226","Native","2014",,,"Ouro","Prata",,"Paço do Lumiar","Praia de Panaquatira"
"ÁREA DE PROTEÇÃO AMBIENTAL UPAON-AÇU / MIRITIBA / ALTO PREGUIÇAS","Angiosperms","Fabaceae","Macroptilium","gracile","(Poepp. ex Benth.) Urb.","FABACEAE Macroptilium gracile (Poepp. ex Benth.) Urb.","MAR0009176",,"UFMA","Lima, G.P.",,"Native","2015",,,"Latão","Prata",,"Paço do Lumiar","Praia de Panaquatira."
"ÁREA DE PROTEÇÃO AMBIENTAL UPAON-AÇU / MIRITIBA / ALTO PREGUIÇAS","Angiosperms","Fabaceae","Mimosa","candollei","R.Grether","FABACEAE Mimosa candollei R.Grether","6921","splink","UFMA","Lima, G.P.","218","Native","2014",,,"Ouro","Prata",,"Paço do Lumiar","Praia de Panaquatira"
"ÁREA DE PROTEÇÃO AMBIENTAL UPAON-AÇU / MIRITIBA / ALTO PREGUIÇAS","Angiosperms","Fabaceae","Mimosa","candollei","R.Grether","FABACEAE Mimosa candollei R.Grether","6922","splink","UFMA","Lima, G.P.","217","Native","2014",,,"Ouro","Prata",,"Paço do Lumiar","Praia de Panaquatira"
"ÁREA DE PROTEÇÃO AMBIENTAL UPAON-AÇU / MIRITIBA / ALTO PREGUIÇAS","Angiosperms","Fabaceae","Mimosa","candollei","R.Grether","FABACEAE Mimosa candollei R.Grether","8163","splink","UFMA","Lima, G.P.","332","Native","2014",,,"Ouro","Prata",,"Paço do Lumiar","Praia de Panaquatira"
"ÁREA DE PROTEÇÃO AMBIENTAL UPAON-AÇU / MIRITIBA / ALTO PREGUIÇAS","Angiosperms","Fabaceae","Mimosa","candollei","R.Grether","FABACEAE Mimosa candollei R.Grether","6923","splink","UFMA","Lima, G.P.","296","Native","2014",,,"Ouro","Prata",,"Paço do Lumiar","Praia de Panaquatira"
"ÁREA DE PROTEÇÃO AMBIENTAL UPAON-AÇU / MIRITIBA / ALTO PREGUIÇAS","Angiosperms","Fabaceae","Mimosa","candollei","R.Grether","FABACEAE Mimosa candollei R.Grether","6924","splink","UFMA","Lima, G.P.","126","Native","2014",,,"Ouro","Prata",,"Paço do Lumiar","Praia de Panaquatira"
"ÁREA DE PROTEÇÃO AMBIENTAL UPAON-AÇU / MIRITIBA / ALTO PREGUIÇAS","Angiosperms","Fabaceae","Neptunia","plena","(L.) Benth.","FABACEAE Neptunia plena (L.) Benth.","MAR0009174",,"UFMA","Lima, G.P.","633","Native","2016",,,"Latão","Prata",,"Paço do Lumiar","Praia de Panaquatira."
"ÁREA DE PROTEÇÃO AMBIENTAL UPAON-AÇU / MIRITIBA / ALTO PREGUIÇAS","Angiosperms","Fabaceae","Parkia","platycephala","Benth.","FABACEAE Parkia platycephala Benth.","MAR0013444",,"UFMA","Azevedo, G.G.","90","Native","2007",,,"Latão","Prata",,"São José de Ribamar","Sítio Aguahy."
"ÁREA DE PROTEÇÃO AMBIENTAL UPAON-AÇU / MIRITIBA / ALTO PREGUIÇAS","Angiosperms","Fabaceae","Sesbania","exasperata","Kunth","FABACEAE Sesbania exasperata Kunth","8158","splink","UFMA","Lima, G.P.","596","Native","2015",,,"Ouro","Prata",,"Paço do Lumiar","Praia de Panaquatira"
"ÁREA DE PROTEÇÃO AMBIENTAL UPAON-AÇU / MIRITIBA / ALTO PREGUIÇAS","Angiosperms","Fabaceae","Sesbania","exasperata","Kunth","FABACEAE Sesbania exasperata Kunth","8233","splink","UFMA","Lima, G.P.","436","Native","2014",,,"Ouro","Prata",,"Paço do Lumiar","Praia de Panaquatira"
"ÁREA DE PROTEÇÃO AMBIENTAL UPAON-AÇU / MIRITIBA / ALTO PREGUIÇAS","Angiosperms","Fabaceae","Sesbania","exasperata","Kunth","FABACEAE Sesbania exasperata Kunth","MAR0007979",,"UFMA","Lima, G.P.","596","Native","2015",,,"Latão","Prata",,"Paço do Lumiar","Praia de Panaquatira."
"ÁREA DE PROTEÇÃO AMBIENTAL UPAON-AÇU / MIRITIBA / ALTO PREGUIÇAS","Angiosperms","Fabaceae","Sesbania","exasperata","Kunth","FABACEAE Sesbania exasperata Kunth","MAR0008158",,"UFMA","Lima, G.P.","596","Native","2015",,,"Latão","Prata",,"Paço do Lumiar","Praia de Panaquatira."
"ÁREA DE PROTEÇÃO AMBIENTAL UPAON-AÇU / MIRITIBA / ALTO PREGUIÇAS","Angiosperms","Fabaceae","Sesbania","exasperata","Kunth","FABACEAE Sesbania exasperata Kunth","MAR0008233",,"UFMA","Lima, G.P.","436","Native","2014",,,"Latão","Prata",,"Paço do Lumiar","Praia de Panaquatira."
"ÁREA DE PROTEÇÃO AMBIENTAL UPAON-AÇU / MIRITIBA / ALTO PREGUIÇAS","Angiosperms","Fabaceae","Stylosanthes","angustifolia","Vogel","FABACEAE Stylosanthes angustifolia Vogel","8444","splink","UFMA","Lima, G.P.","292","Native","2014",,,"Ouro","Prata",,"Paço do Lumiar","Praia de Panaquatira"
"ÁREA DE PROTEÇÃO AMBIENTAL UPAON-AÇU / MIRITIBA / ALTO PREGUIÇAS","Angiosperms","Fabaceae","Stylosanthes","angustifolia","Vogel","FABACEAE Stylosanthes angustifolia Vogel","8445","splink","UFMA","Lima, G.P.","249","Native","2014",,,"Ouro","Prata",,"Paço do Lumiar","Praia de Panaquatira"
"ÁREA DE PROTEÇÃO AMBIENTAL UPAON-AÇU / MIRITIBA / ALTO PREGUIÇAS","Angiosperms","Fabaceae","Stylosanthes","angustifolia","Vogel","FABACEAE Stylosanthes angustifolia Vogel","8446","splink","UFMA","Lima, G.P.","256","Native","2014",,,"Ouro","Prata",,"Paço do Lumiar","Praia de Panaquatira"
"ÁREA DE PROTEÇÃO AMBIENTAL UPAON-AÇU / MIRITIBA / ALTO PREGUIÇAS","Angiosperms","Fabaceae","Stylosanthes","angustifolia","Vogel","FABACEAE Stylosanthes angustifolia Vogel","8447","splink","UFMA","Lima, G.P.","155","Native","2014",,,"Ouro","Prata",,"Paço do Lumiar","Praia de Panaquatira"
"ÁREA DE PROTEÇÃO AMBIENTAL UPAON-AÇU / MIRITIBA / ALTO PREGUIÇAS","Angiosperms","Fabaceae","Stylosanthes","angustifolia","Vogel","FABACEAE Stylosanthes angustifolia Vogel","8542","splink","UFMA","Lima, G.P.","346","Native","2014",,,"Ouro","Prata",,"Paço do Lumiar","Praia de Panaquatira"
"ÁREA DE PROTEÇÃO AMBIENTAL UPAON-AÇU / MIRITIBA / ALTO PREGUIÇAS","Angiosperms","Fabaceae","Vigna","luteola","(Jacq.) Benth.","FABACEAE Vigna luteola (Jacq.) Benth.","6931","splink","UFMA","Lima, G.P.","316","Native","2014",,,"Ouro","Prata",,"Paço do Lumiar","Praia de Panaquatira"
"ÁREA DE PROTEÇÃO AMBIENTAL UPAON-AÇU / MIRITIBA / ALTO PREGUIÇAS","Angiosperms","Fabaceae","Vigna","luteola","(Jacq.) Benth.","FABACEAE Vigna luteola (Jacq.) Benth.","MAR0008159",,"UFMA","Lima, G.P.","616","Native","2015",,,"Latão","Prata",,"Paço do Lumiar","Praia de Panaquatira."
"ÁREA DE PROTEÇÃO AMBIENTAL UPAON-AÇU / MIRITIBA / ALTO PREGUIÇAS","Angiosperms","Fabaceae","Vigna","luteola","(Jacq.) Benth.","FABACEAE Vigna luteola (Jacq.) Benth.","MAR0006931",,"UFMA","Lima, G.P.","316","Native","2014",,,"Latão","Prata",,"Paço do Lumiar","Praia de Panaquatira."
"ÁREA DE PROTEÇÃO AMBIENTAL UPAON-AÇU / MIRITIBA / ALTO PREGUIÇAS","Angiosperms","Fabaceae","Zornia","guanipensis","Pittier","FABACEAE Zornia guanipensis Pittier","8461","splink","UFMA","Lima, G.P.","437","Native","2014",,,"Ouro","Prata",,"Paço do Lumiar","Praia de Panaquatira"
"ÁREA DE PROTEÇÃO AMBIENTAL UPAON-AÇU / MIRITIBA / ALTO PREGUIÇAS","Angiosperms","Fabaceae","Zornia","guanipensis","Pittier","FABACEAE Zornia guanipensis Pittier","8489","splink","UFMA","Lima, G.P.","437","Native","2014",,,"Ouro","Prata",,"Paço do Lumiar","Praia de Panaquatira"
"ÁREA DE PROTEÇÃO AMBIENTAL UPAON-AÇU / MIRITIBA / ALTO PREGUIÇAS","Angiosperms","Fabaceae","Zornia","guanipensis","Pittier","FABACEAE Zornia guanipensis Pittier","MAR0008480",,"UFMA","Lima, G.P.","610","Native","2015",,,"Latão","Prata",,"Paço do Lumiar","Praia de Panaquatira."
"ÁREA DE PROTEÇÃO AMBIENTAL UPAON-AÇU / MIRITIBA / ALTO PREGUIÇAS","Angiosperms","Fabaceae","Zornia","guanipensis","Pittier","FABACEAE Zornia guanipensis Pittier","MAR0008461",,"UFMA","Lima, G.P.","437","Native","2014",,,"Latão","Prata",,"Paço do Lumiar","Praia de Panaquatira."
"ÁREA DE PROTEÇÃO AMBIENTAL UPAON-AÇU / MIRITIBA / ALTO PREGUIÇAS","Angiosperms","Fabaceae","Zornia","guanipensis","Pittier","FABACEAE Zornia guanipensis Pittier","MAR0008489",,"UFMA","Lima, G.P.","437","Native","2014",,,"Latão","Prata",,"Paço do Lumiar","Praia de Panaquatira."
"ÁREA DE PROTEÇÃO AMBIENTAL UPAON-AÇU / MIRITIBA / ALTO PREGUIÇAS","Angiosperms","Fabaceae","Zornia","latifolia","Sm.","FABACEAE Zornia latifolia Sm.","MAR0009181",,"UFMA","Lima, G.P.",,"Native","2015",,,"Latão","Prata",,"Paço do Lumiar","Praia de Panaquatira."
"ÁREA DE PROTEÇÃO AMBIENTAL UPAON-AÇU / MIRITIBA / ALTO PREGUIÇAS","Angiosperms","Fabaceae","Zornia","latifolia","Sm.","FABACEAE Zornia latifolia Sm.","MAR0008482",,"UFMA","Lima, G.P.","333","Native","2014",,,"Latão","Prata",,"Paço do Lumiar","Praia de Panaquatira."
"ÁREA DE PROTEÇÃO AMBIENTAL UPAON-AÇU / MIRITIBA / ALTO PREGUIÇAS","Angiosperms","Fabaceae","Zornia","reticulata","Sm.","FABACEAE Zornia reticulata Sm.","6941","splink","UFMA","Lima, G.P.","203","Native","2014",,,"Ouro","Prata",,"Paço do Lumiar","Praia de Panaquatira"
"ÁREA DE PROTEÇÃO AMBIENTAL UPAON-AÇU / MIRITIBA / ALTO PREGUIÇAS","Angiosperms","Fabaceae","Zornia","reticulata","Sm.","FABACEAE Zornia reticulata Sm.","MAR0006940",,"UFMA","Lima, G.P.","255","Native","2014",,,"Latão","Prata",,"Paço do Lumiar","Praia de Panaquatira."
"ÁREA DE PROTEÇÃO AMBIENTAL UPAON-AÇU / MIRITIBA / ALTO PREGUIÇAS","Angiosperms","Fabaceae","Zornia","reticulata","Sm.","FABACEAE Zornia reticulata Sm.","MAR0006941",,"UFMA","Lima, G.P.","203","Native","2014",,,"Latão","Prata",,"Paço do Lumiar","Praia de Panaquatira."
"ÁREA DE PROTEÇÃO AMBIENTAL UPAON-AÇU / MIRITIBA / ALTO PREGUIÇAS","Angiosperms","Gentianaceae","Schultesia","guianensis","(Aubl.) Malme","GENTIANACEAE Schultesia guianensis (Aubl.) Malme","8170","splink","UFMA","Lima, G.P.","372","Native","2014",,,"Ouro","Prata",,"Paço do Lumiar","Praia de Panaquatira"
"ÁREA DE PROTEÇÃO AMBIENTAL UPAON-AÇU / MIRITIBA / ALTO PREGUIÇAS","Angiosperms","Gentianaceae","Schultesia","guianensis","(Aubl.) Malme","GENTIANACEAE Schultesia guianensis (Aubl.) Malme","8483","splink","UFMA","Lima, G.P.","408","Native","2014",,,"Ouro","Prata",,"Paço do Lumiar","Praia de Panaquatira"
"ÁREA DE PROTEÇÃO AMBIENTAL UPAON-AÇU / MIRITIBA / ALTO PREGUIÇAS","Angiosperms","Gentianaceae","Schultesia","guianensis","(Aubl.) Malme","GENTIANACEAE Schultesia guianensis (Aubl.) Malme","8171","splink","UFMA","Lima, G.P.","347","Native","2014",,,"Ouro","Prata",,"Paço do Lumiar","Praia de Panaquatira"
"ÁREA DE PROTEÇÃO AMBIENTAL UPAON-AÇU / MIRITIBA / ALTO PREGUIÇAS","Angiosperms","Gentianaceae","Schultesia","guianensis","(Aubl.) Malme","GENTIANACEAE Schultesia guianensis (Aubl.) Malme","8172","splink","UFMA","Lima, G.P.","504","Native","2014",,,"Ouro","Prata",,"Paço do Lumiar","Praia de Panaquatira"
"ÁREA DE PROTEÇÃO AMBIENTAL UPAON-AÇU / MIRITIBA / ALTO PREGUIÇAS","Angiosperms","Gentianaceae","Schultesia","guianensis","(Aubl.) Malme","GENTIANACEAE Schultesia guianensis (Aubl.) Malme","8173","splink","UFMA","Lima, G.P.","44","Native","2013",,,"Ouro","Prata",,"Paço do Lumiar","Praia de Panaquatira"
"ÁREA DE PROTEÇÃO AMBIENTAL UPAON-AÇU / MIRITIBA / ALTO PREGUIÇAS","Angiosperms","Heliconiaceae","Heliconia","psittacorum","L.f.","HELICONIACEAE Heliconia psittacorum L.f.","4146","splink","UFMA","Serra, F.C.V.","74","Native","2012",,,"Ouro","Prata",,"São José de Ribamar","Restinga do Sitio Aguahy (Reserva da Meck)"
"ÁREA DE PROTEÇÃO AMBIENTAL UPAON-AÇU / MIRITIBA / ALTO PREGUIÇAS","Angiosperms","Heliconiaceae","Heliconia","psittacorum","L.f.","HELICONIACEAE Heliconia psittacorum L.f.","4147","splink","UFMA","Serra, F.C.V.","116","Native","2012",,,"Ouro","Prata",,"São José de Ribamar","Restinga do Sitio Aguahy (Reserva da Meck)"
"ÁREA DE PROTEÇÃO AMBIENTAL UPAON-AÇU / MIRITIBA / ALTO PREGUIÇAS","Angiosperms","Heliconiaceae","Heliconia","psittacorum","L.f.","HELICONIACEAE Heliconia psittacorum L.f.","MAR0005827",,"UFMA","Almeida Junior, E.B.","973","Native","2013",,,"Latão","Prata",,"São José de Ribamar","Restinga do Sitio Aguahy (Reserva da Meck)."
"ÁREA DE PROTEÇÃO AMBIENTAL UPAON-AÇU / MIRITIBA / ALTO PREGUIÇAS","Angiosperms","Heliconiaceae","Heliconia","psittacorum","L.f.","HELICONIACEAE Heliconia psittacorum L.f.","MAR0004145",,"UFMA","Serra, F.C.V.","10","Native","2012",,,"Latão","Prata",,"São José de Ribamar","Restinga do Sitio Aguahy (Reserva da Meck)."
"ÁREA DE PROTEÇÃO AMBIENTAL UPAON-AÇU / MIRITIBA / ALTO PREGUIÇAS","Angiosperms","Heliconiaceae","Heliconia","psittacorum","L.f.","HELICONIACEAE Heliconia psittacorum L.f.","MAR0004146",,"UFMA","Serra, F.C.V.","74","Native","2012",,,"Latão","Prata",,"São José de Ribamar","Restinga do Sitio Aguahy (Reserva da Meck)."
"ÁREA DE PROTEÇÃO AMBIENTAL UPAON-AÇU / MIRITIBA / ALTO PREGUIÇAS","Angiosperms","Heliotropiaceae","Euploca","polyphylla","(Lehm.) J.I.M.Melo & Semir","HELIOTROPIACEAE Euploca polyphylla (Lehm.) J.I.M.Melo & Semir","8181","splink","UFMA","Lima, G.P.","548","Native","2015",,,"Ouro","Prata",,"Paço do Lumiar","Praia de Panaquatira"
"ÁREA DE PROTEÇÃO AMBIENTAL UPAON-AÇU / MIRITIBA / ALTO PREGUIÇAS","Angiosperms","Heliotropiaceae","Euploca","polyphylla","(Lehm.) J.I.M.Melo & Semir","HELIOTROPIACEAE Euploca polyphylla (Lehm.) J.I.M.Melo & Semir","8182","splink","UFMA","Lima, G.P.","549","Native","2015",,,"Ouro","Prata",,"Paço do Lumiar","Praia de Panaquatira"
"ÁREA DE PROTEÇÃO AMBIENTAL UPAON-AÇU / MIRITIBA / ALTO PREGUIÇAS","Angiosperms","Heliotropiaceae","Euploca","polyphylla","(Lehm.) J.I.M.Melo & Semir","HELIOTROPIACEAE Euploca polyphylla (Lehm.) J.I.M.Melo & Semir","8177","splink","UFMA","Lima, G.P.","156","Naturalized","2014",,,"Ouro","Prata",,"Paço do Lumiar","Praia de Panaquatira"
"ÁREA DE PROTEÇÃO AMBIENTAL UPAON-AÇU / MIRITIBA / ALTO PREGUIÇAS","Angiosperms","Heliotropiaceae","Euploca","polyphylla","(Lehm.) J.I.M.Melo & Semir","HELIOTROPIACEAE Euploca polyphylla (Lehm.) J.I.M.Melo & Semir","8179","splink","UFMA","Lima, G.P.","72","Naturalized","2014",,,"Ouro","Prata",,"Paço do Lumiar","Praia de Panaquatira"
"ÁREA DE PROTEÇÃO AMBIENTAL UPAON-AÇU / MIRITIBA / ALTO PREGUIÇAS","Angiosperms","Heliotropiaceae","Euploca","polyphylla","(Lehm.) J.I.M.Melo & Semir","HELIOTROPIACEAE Euploca polyphylla (Lehm.) J.I.M.Melo & Semir","8183","splink","UFMA","Lima, G.P.","381","Naturalized","2014",,,"Ouro","Prata",,"Paço do Lumiar","Praia de Panaquatira"
"ÁREA DE PROTEÇÃO AMBIENTAL UPAON-AÇU / MIRITIBA / ALTO PREGUIÇAS","Angiosperms","Hydroleaceae","Hydrolea","spinosa","L.","HYDROLEACEAE Hydrolea spinosa L.","8111","splink","UFMA","Lima, G.P.","560","Native","2015",,,"Ouro","Prata",,"Paço do Lumiar","Praia de Panaquatira"
"ÁREA DE PROTEÇÃO AMBIENTAL UPAON-AÇU / MIRITIBA / ALTO PREGUIÇAS","Angiosperms","Hydroleaceae","Hydrolea","spinosa","L.","HYDROLEACEAE Hydrolea spinosa L.","8110","splink","UFMA","Lima, G.P.","518","Native","2014",,,"Ouro","Prata",,"Paço do Lumiar","Praia de Panaquatira"
"ÁREA DE PROTEÇÃO AMBIENTAL UPAON-AÇU / MIRITIBA / ALTO PREGUIÇAS","Angiosperms","Hydroleaceae","Hydrolea","spinosa","L.","HYDROLEACEAE Hydrolea spinosa L.","MAR0007976",,"UFMA","Lima, G.P.","583","Native","2015",,,"Latão","Prata",,"Paço do Lumiar","Praia de Panaquatira."
"ÁREA DE PROTEÇÃO AMBIENTAL UPAON-AÇU / MIRITIBA / ALTO PREGUIÇAS","Angiosperms","Hydroleaceae","Hydrolea","spinosa","L.","HYDROLEACEAE Hydrolea spinosa L.","MAR0008111",,"UFMA","Lima, G.P.","560","Native","2015",,,"Latão","Prata",,"Paço do Lumiar","Praia de Panaquatira."
"ÁREA DE PROTEÇÃO AMBIENTAL UPAON-AÇU / MIRITIBA / ALTO PREGUIÇAS","Angiosperms","Hydroleaceae","Hydrolea","spinosa","L.","HYDROLEACEAE Hydrolea spinosa L.","MAR0008110",,"UFMA","Lima, G.P.","518","Native","2014",,,"Latão","Prata",,"Paço do Lumiar","Praia de Panaquatira."
"ÁREA DE PROTEÇÃO AMBIENTAL UPAON-AÇU / MIRITIBA / ALTO PREGUIÇAS","Angiosperms","Hypericaceae","Vismia","guianensis","(Aubl.) Choisy","HYPERICACEAE Vismia guianensis (Aubl.) Choisy","8174","splink","UFMA","Lima, G.P.","21","Native","2013",,,"Ouro","Prata",,"Paço do Lumiar","Praia de Panaquatira"
"ÁREA DE PROTEÇÃO AMBIENTAL UPAON-AÇU / MIRITIBA / ALTO PREGUIÇAS","Angiosperms","Hypericaceae","Vismia","guianensis","(Aubl.) Choisy","HYPERICACEAE Vismia guianensis (Aubl.) Choisy","9287","splink","UFMA","Serra, F.C.V.","67","Native","2012",,,"Ouro","Prata",,"São José de Ribamar","Sítio Aguahy"
"ÁREA DE PROTEÇÃO AMBIENTAL UPAON-AÇU / MIRITIBA / ALTO PREGUIÇAS","Angiosperms","Hypericaceae","Vismia","guianensis","(Aubl.) Choisy","HYPERICACEAE Vismia guianensis (Aubl.) Choisy","MAR0008175",,"UFMA","Lima, G.P.","382","Native","2014",,,"Latão","Prata",,"Paço do Lumiar","Praia de Panaquatira."
"ÁREA DE PROTEÇÃO AMBIENTAL UPAON-AÇU / MIRITIBA / ALTO PREGUIÇAS","Angiosperms","Hypericaceae","Vismia","guianensis","(Aubl.) Choisy","HYPERICACEAE Vismia guianensis (Aubl.) Choisy","MAR0008174",,"UFMA","Lima, G.P.","21","Native","2013",,,"Latão","Prata",,"Paço do Lumiar","Praia de Panaquatira."
"ÁREA DE PROTEÇÃO AMBIENTAL UPAON-AÇU / MIRITIBA / ALTO PREGUIÇAS","Angiosperms","Hypericaceae","Vismia","guianensis","(Aubl.) Choisy","HYPERICACEAE Vismia guianensis (Aubl.) Choisy","MAR0009287",,"UFMA","Serra, F.C.V.","67","Native","2012",,,"Latão","Prata",,"São José de Ribamar","Sítio Aguahy."
"ÁREA DE PROTEÇÃO AMBIENTAL UPAON-AÇU / MIRITIBA / ALTO PREGUIÇAS","Angiosperms","Lamiaceae","Amasonia","calycina","(A.DC.) Hook.f.","LAMIACEAE Amasonia calycina (A.DC.) Hook.f.","MAR0008474",,"UFMA","Lima, G.P.","240","Native","2014",,,"Latão","Prata",,"Paço do Lumiar","Praia de Panaquatira."
"ÁREA DE PROTEÇÃO AMBIENTAL UPAON-AÇU / MIRITIBA / ALTO PREGUIÇAS","Angiosperms","Lamiaceae","Amasonia","campestris","(Aubl.) Moldenke","LAMIACEAE Amasonia campestris (Aubl.) Moldenke","9161","splink","UFMA","Lima, G.P.","628","Native","2016",,,"Ouro","Prata",,"Paço do Lumiar","Praia de Panaquatira"
"ÁREA DE PROTEÇÃO AMBIENTAL UPAON-AÇU / MIRITIBA / ALTO PREGUIÇAS","Angiosperms","Lamiaceae","Amasonia","campestris","(Aubl.) Moldenke","LAMIACEAE Amasonia campestris (Aubl.) Moldenke","8154","splink","UFMA","Lima, G.P.","604","Native","2015",,,"Ouro","Prata",,"Paço do Lumiar","Praia de Panaquatira"
"ÁREA DE PROTEÇÃO AMBIENTAL UPAON-AÇU / MIRITIBA / ALTO PREGUIÇAS","Angiosperms","Lamiaceae","Amasonia","campestris","(Aubl.) Moldenke","LAMIACEAE Amasonia campestris (Aubl.) Moldenke","8472","splink","UFMA","Lima, G.P.","306","Native","2014",,,"Ouro","Prata",,"Paço do Lumiar","Praia de Panaquatira"
"ÁREA DE PROTEÇÃO AMBIENTAL UPAON-AÇU / MIRITIBA / ALTO PREGUIÇAS","Angiosperms","Lamiaceae","Amasonia","campestris","(Aubl.) Moldenke","LAMIACEAE Amasonia campestris (Aubl.) Moldenke","4144","splink","UFMA","Serra, F.C.V.","164","Naturalized","2013","Silva, J.S.","2014","Ouro","Prata",,"São José de Ribamar","Restinga do Sitio Aguahy (Reserva da Meck)"
"ÁREA DE PROTEÇÃO AMBIENTAL UPAON-AÇU / MIRITIBA / ALTO PREGUIÇAS","Angiosperms","Lamiaceae","Amasonia","campestris","(Aubl.) Moldenke","LAMIACEAE Amasonia campestris (Aubl.) Moldenke","MAR0004254",,"UFMA","Almeida Junior, E.B.","984","Native","2013","Silva, J.S.",,"Bronze","Prata",,"São José de Ribamar","Restinga do Sitio Aguahy (Reserva da Meck)."
"ÁREA DE PROTEÇÃO AMBIENTAL UPAON-AÇU / MIRITIBA / ALTO PREGUIÇAS","Angiosperms","Lamiaceae","Amasonia",,"L.f.","LAMIACEAE Amasonia L.f.","MAR0008473",,"UFMA","Lima, G.P.","283","Native","2014",,,"Latão","Prata",,"Paço do Lumiar","Praia de Panaquatira."
"ÁREA DE PROTEÇÃO AMBIENTAL UPAON-AÇU / MIRITIBA / ALTO PREGUIÇAS","Angiosperms","Lamiaceae","Marsypianthes","chamaedrys","(Vahl) Kuntze","LAMIACEAE Marsypianthes chamaedrys (Vahl) Kuntze","8215","splink","UFMA","Lima, G.P.","211","Native","2014",,,"Ouro","Prata",,"Paço do Lumiar","Praia de Panaquatira"
"ÁREA DE PROTEÇÃO AMBIENTAL UPAON-AÇU / MIRITIBA / ALTO PREGUIÇAS","Angiosperms","Lamiaceae","Marsypianthes","chamaedrys","(Vahl) Kuntze","LAMIACEAE Marsypianthes chamaedrys (Vahl) Kuntze","8216","splink","UFMA","Lima, G.P.","210","Native","2014",,,"Ouro","Prata",,"Paço do Lumiar","Praia de Panaquatira"
"ÁREA DE PROTEÇÃO AMBIENTAL UPAON-AÇU / MIRITIBA / ALTO PREGUIÇAS","Angiosperms","Lamiaceae","Marsypianthes","chamaedrys","(Vahl) Kuntze","LAMIACEAE Marsypianthes chamaedrys (Vahl) Kuntze","4143","splink","UFMA","Serra, F.C.V.","26","Native","2012",,,"Ouro","Prata",,"São José de Ribamar","Restinga do Sitio Aguahy (Reserva da Meck)"
"ÁREA DE PROTEÇÃO AMBIENTAL UPAON-AÇU / MIRITIBA / ALTO PREGUIÇAS","Angiosperms","Lamiaceae","Marsypianthes","chamaedrys","(Vahl) Kuntze","LAMIACEAE Marsypianthes chamaedrys (Vahl) Kuntze","MAR0009173",,"UFMA","Lima, G.P.",,"Native","2015",,,"Latão","Prata",,"Paço do Lumiar","Praia de Panaquatira."
"ÁREA DE PROTEÇÃO AMBIENTAL UPAON-AÇU / MIRITIBA / ALTO PREGUIÇAS","Angiosperms","Lamiaceae","Marsypianthes","chamaedrys","(Vahl) Kuntze","LAMIACEAE Marsypianthes chamaedrys (Vahl) Kuntze","MAR0008216",,"UFMA","Lima, G.P.","210","Native","2014",,,"Latão","Prata",,"Paço do Lumiar","Praia de Panaquatira."
"ÁREA DE PROTEÇÃO AMBIENTAL UPAON-AÇU / MIRITIBA / ALTO PREGUIÇAS","Angiosperms","Lauraceae","Cassytha","filiformis","L.","LAURACEAE Cassytha filiformis L.","8346","splink","UFMA","Lima, G.P.","91","Native","2014",,,"Ouro","Prata",,"Paço do Lumiar","Praia de Panaquatira"
"ÁREA DE PROTEÇÃO AMBIENTAL UPAON-AÇU / MIRITIBA / ALTO PREGUIÇAS","Angiosperms","Lauraceae","Cassytha","filiformis","L.","LAURACEAE Cassytha filiformis L.","MAR0008346",,"UFMA","Lima, G.P.","91","Native","2014",,,"Latão","Prata",,"Paço do Lumiar","Praia de Panaquatira."
"ÁREA DE PROTEÇÃO AMBIENTAL UPAON-AÇU / MIRITIBA / ALTO PREGUIÇAS","Angiosperms","Lauraceae","Cassytha","filiformis","L.","LAURACEAE Cassytha filiformis L.","MAR0008345",,"UFMA","Lima, G.P.","406","Native","2014",,,"Latão","Prata",,"Paço do Lumiar","Praia de Panaquatira."
"ÁREA DE PROTEÇÃO AMBIENTAL UPAON-AÇU / MIRITIBA / ALTO PREGUIÇAS","Angiosperms","Lauraceae","Cassytha","filiformis","L.","LAURACEAE Cassytha filiformis L.","MAR0004159",,"UFMA","Almeida Junior, E.B.","895","Native","2012",,,"Latão","Prata",,"São José de Ribamar","Sitio Aguahy."
"ÁREA DE PROTEÇÃO AMBIENTAL UPAON-AÇU / MIRITIBA / ALTO PREGUIÇAS","Angiosperms","Lecythidaceae","Gustavia","augusta","L.","LECYTHIDACEAE Gustavia augusta L.","MAR0004139",,"UFMA","Serra, F.C.V.","144","Native","2012",,,"Latão","Prata",,"São José de Ribamar","Restinga do Sitio Aguahy (Reserva da Meck)."
"ÁREA DE PROTEÇÃO AMBIENTAL UPAON-AÇU / MIRITIBA / ALTO PREGUIÇAS","Angiosperms","Lentibulariaceae","Utricularia","foliosa","L.","LENTIBULARIACEAE Utricularia foliosa L.","MAR0010210",,"UFMA","Almeida Junior, E.B.","1347","Native","2017",,,"Latão","Prata",,"Paço do Lumiar","Praia de Panaquatira."
"ÁREA DE PROTEÇÃO AMBIENTAL UPAON-AÇU / MIRITIBA / ALTO PREGUIÇAS","Angiosperms","Lentibulariaceae","Utricularia","simulans","Pilg.","LENTIBULARIACEAE Utricularia simulans Pilg.","8567","splink","UFMA","Lima, G.P.","595","Native","2015",,,"Ouro","Prata",,"Paço do Lumiar","Praia de Panaquatira"
"ÁREA DE PROTEÇÃO AMBIENTAL UPAON-AÇU / MIRITIBA / ALTO PREGUIÇAS","Angiosperms","Lentibulariaceae","Utricularia","simulans","Pilg.","LENTIBULARIACEAE Utricularia simulans Pilg.","MAR0010227",,"UFMA","Almeida Junior, E.B.","1335","Native","2017",,,"Latão","Prata",,"Paço do Lumiar","Praia de Panaquatira."
"ÁREA DE PROTEÇÃO AMBIENTAL UPAON-AÇU / MIRITIBA / ALTO PREGUIÇAS","Angiosperms","Lentibulariaceae","Utricularia","simulans","Pilg.","LENTIBULARIACEAE Utricularia simulans Pilg.","MAR0010232",,"UFMA","Almeida Junior, E.B.","1344","Native","2017",,,"Latão","Prata",,"Paço do Lumiar","Praia de Panaquatira."
"ÁREA DE PROTEÇÃO AMBIENTAL UPAON-AÇU / MIRITIBA / ALTO PREGUIÇAS","Angiosperms","Lentibulariaceae","Utricularia","simulans","Pilg.","LENTIBULARIACEAE Utricularia simulans Pilg.","MAR0008566",,"UFMA","Lima, G.P.","608","Native","2015",,,"Latão","Prata",,"Paço do Lumiar","Praia de Panaquatira."
"ÁREA DE PROTEÇÃO AMBIENTAL UPAON-AÇU / MIRITIBA / ALTO PREGUIÇAS","Angiosperms","Lentibulariaceae","Utricularia","simulans","Pilg.","LENTIBULARIACEAE Utricularia simulans Pilg.","MAR0008567",,"UFMA","Lima, G.P.","595","Native","2015",,,"Latão","Prata",,"Paço do Lumiar","Praia de Panaquatira."
"ÁREA DE PROTEÇÃO AMBIENTAL UPAON-AÇU / MIRITIBA / ALTO PREGUIÇAS","Angiosperms","Linderniaceae","Lindernia","crustacea","(L.) F.Muell.","LINDERNIACEAE Lindernia crustacea (L.) F.Muell.","8266","splink","UFMA","Lima, G.P.","194","Native","2014",,,"Ouro","Prata",,"Paço do Lumiar","Praia de Panaquatira"
"ÁREA DE PROTEÇÃO AMBIENTAL UPAON-AÇU / MIRITIBA / ALTO PREGUIÇAS","Angiosperms","Linderniaceae","Lindernia","crustacea","(L.) F.Muell.","LINDERNIACEAE Lindernia crustacea (L.) F.Muell.","MAR0008266",,"UFMA","Lima, G.P.","194","Native","2014",,,"Latão","Prata",,"Paço do Lumiar","Praia de Panaquatira."
"ÁREA DE PROTEÇÃO AMBIENTAL UPAON-AÇU / MIRITIBA / ALTO PREGUIÇAS","Angiosperms","Linderniaceae","Lindernia","crustacea","(L.) F.Muell.","LINDERNIACEAE Lindernia crustacea (L.) F.Muell.","MAR0008267",,"UFMA","Lima, G.P.","426","Native","2014",,,"Latão","Prata",,"Paço do Lumiar","Praia de Panaquatira."
"ÁREA DE PROTEÇÃO AMBIENTAL UPAON-AÇU / MIRITIBA / ALTO PREGUIÇAS","Angiosperms","Loganiaceae","Spigelia","anthelmia","L.","LOGANIACEAE Spigelia anthelmia L.","4138","splink","UFMA","Serra, F.C.V.","64","Native","2012",,,"Ouro","Prata",,"São José de Ribamar","Restinga do Sitio Aguahy (Reserva da Meck)"
"ÁREA DE PROTEÇÃO AMBIENTAL UPAON-AÇU / MIRITIBA / ALTO PREGUIÇAS","Angiosperms","Loganiaceae","Spigelia","anthelmia","L.","LOGANIACEAE Spigelia anthelmia L.","MAR0007966",,"UFMA","Lima, G.P.","600","Native","2015",,,"Latão","Prata",,"Paço do Lumiar","Praia de Panaquatira."
"ÁREA DE PROTEÇÃO AMBIENTAL UPAON-AÇU / MIRITIBA / ALTO PREGUIÇAS","Angiosperms","Loganiaceae","Spigelia","anthelmia","L.","LOGANIACEAE Spigelia anthelmia L.","MAR0004138",,"UFMA","Serra, F.C.V.","64","Native","2012",,,"Latão","Prata",,"São José de Ribamar","Restinga do Sitio Aguahy (Reserva da Meck)."
"ÁREA DE PROTEÇÃO AMBIENTAL UPAON-AÇU / MIRITIBA / ALTO PREGUIÇAS","Angiosperms","Lygodiaceae","Lygodium","venustum","Sw.","LYGODIACEAE Lygodium venustum Sw.","MAR-SL0010682",,"MAR-SL","Dias, K.N.L.","240","Native","2016",,,"Latão","Prata",,"São José de Ribamar","Sitio Aguahy."
"ÁREA DE PROTEÇÃO AMBIENTAL UPAON-AÇU / MIRITIBA / ALTO PREGUIÇAS","Angiosperms","Malpighiaceae","Byrsonima","crassifolia","(L.) Kunth","MALPIGHIACEAE Byrsonima crassifolia (L.) Kunth","8338","splink","UFMA","Lima, G.P.","93","Native","2014",,,"Ouro","Prata",,"Paço do Lumiar","Praia de Panaquatira"
"ÁREA DE PROTEÇÃO AMBIENTAL UPAON-AÇU / MIRITIBA / ALTO PREGUIÇAS","Angiosperms","Malpighiaceae","Byrsonima","crassifolia","(L.) Kunth","MALPIGHIACEAE Byrsonima crassifolia (L.) Kunth","8340","splink","UFMA","Lima, G.P.","271","Native","2014",,,"Ouro","Prata",,"Paço do Lumiar","Praia de Panaquatira"
"ÁREA DE PROTEÇÃO AMBIENTAL UPAON-AÇU / MIRITIBA / ALTO PREGUIÇAS","Angiosperms","Malpighiaceae","Byrsonima","crassifolia","(L.) Kunth","MALPIGHIACEAE Byrsonima crassifolia (L.) Kunth","8343","splink","UFMA","Lima, G.P.","15","Native","2014",,,"Ouro","Prata",,"Paço do Lumiar","Praia de Panaquatira"
"ÁREA DE PROTEÇÃO AMBIENTAL UPAON-AÇU / MIRITIBA / ALTO PREGUIÇAS","Angiosperms","Malpighiaceae","Byrsonima","crassifolia","(L.) Kunth","MALPIGHIACEAE Byrsonima crassifolia (L.) Kunth","8341","splink","UFMA","Lima, G.P.","200","Native","2014",,,"Ouro","Prata",,"Paço do Lumiar","Praia de Panaquatira"
"ÁREA DE PROTEÇÃO AMBIENTAL UPAON-AÇU / MIRITIBA / ALTO PREGUIÇAS","Angiosperms","Malpighiaceae","Byrsonima","crassifolia","(L.) Kunth","MALPIGHIACEAE Byrsonima crassifolia (L.) Kunth","8342","splink","UFMA","Lima, G.P.","512","Native","2014",,,"Ouro","Prata",,"Paço do Lumiar","Praia de Panaquatira"
"ÁREA DE PROTEÇÃO AMBIENTAL UPAON-AÇU / MIRITIBA / ALTO PREGUIÇAS","Angiosperms","Malvaceae","Guazuma","ulmifolia","Lam.","MALVACEAE Guazuma ulmifolia Lam.","8347","splink","UFMA","Lima, G.P.","553","Native","2015",,,"Ouro","Prata",,"Paço do Lumiar","Praia de Panaquatira"
"ÁREA DE PROTEÇÃO AMBIENTAL UPAON-AÇU / MIRITIBA / ALTO PREGUIÇAS","Angiosperms","Malvaceae","Guazuma","ulmifolia","Lam.","MALVACEAE Guazuma ulmifolia Lam.","MAR0013231",,"UFMA","Amorim, G.S.","563","Native","2019",,,"Latão","Prata",,"São José de Ribamar","Sítio Aguahy."
"ÁREA DE PROTEÇÃO AMBIENTAL UPAON-AÇU / MIRITIBA / ALTO PREGUIÇAS","Angiosperms","Malvaceae","Guazuma","ulmifolia","Lam.","MALVACEAE Guazuma ulmifolia Lam.","MAR0008347",,"UFMA","Lima, G.P.","553","Native","2015",,,"Latão","Prata",,"Paço do Lumiar","Praia de Panaquatira."
"ÁREA DE PROTEÇÃO AMBIENTAL UPAON-AÇU / MIRITIBA / ALTO PREGUIÇAS","Angiosperms","Malvaceae","Helicteres","heptandra","L.B.Sm.","MALVACEAE Helicteres heptandra L.B.Sm.","13212","splink","UFMA","Amorim, G.S.","545","Native","2019",,,"Ouro","Prata",,"São José de Ribamar","Sítio Aguahy"
"ÁREA DE PROTEÇÃO AMBIENTAL UPAON-AÇU / MIRITIBA / ALTO PREGUIÇAS","Angiosperms","Malvaceae","Helicteres","heptandra","L.B.Sm.","MALVACEAE Helicteres heptandra L.B.Sm.","8371","splink","UFMA","Lima, G.P.","393","Native","2014",,,"Ouro","Prata",,"Paço do Lumiar","Praia de Panaquatira"
"ÁREA DE PROTEÇÃO AMBIENTAL UPAON-AÇU / MIRITIBA / ALTO PREGUIÇAS","Angiosperms","Malvaceae","Helicteres","heptandra","L.B.Sm.","MALVACEAE Helicteres heptandra L.B.Sm.","8372","splink","UFMA","Lima, G.P.","172","Native","2014",,,"Ouro","Prata",,"Paço do Lumiar","Praia de Panaquatira"
"ÁREA DE PROTEÇÃO AMBIENTAL UPAON-AÇU / MIRITIBA / ALTO PREGUIÇAS","Angiosperms","Malvaceae","Helicteres","heptandra","L.B.Sm.","MALVACEAE Helicteres heptandra L.B.Sm.","4160","splink","UFMA","Serra, F.C.V.","160","Native","2013",,,"Ouro","Prata",,"São José de Ribamar","Sitio Aguahy"
"ÁREA DE PROTEÇÃO AMBIENTAL UPAON-AÇU / MIRITIBA / ALTO PREGUIÇAS","Angiosperms","Malvaceae","Helicteres","heptandra","L.B.Sm.","MALVACEAE Helicteres heptandra L.B.Sm.","MAR0013230",,"UFMA","Santos, C.R.","43","Native","2022",,,"Latão","Prata",,"São José de Ribamar","Sítio Aguahy."
"ÁREA DE PROTEÇÃO AMBIENTAL UPAON-AÇU / MIRITIBA / ALTO PREGUIÇAS","Angiosperms","Malvaceae","Melochia","parvifolia","Kunth","MALVACEAE Melochia parvifolia Kunth","8563","splink","UFMA","Lima, G.P.","589","Native","2015",,,"Ouro","Prata",,"Paço do Lumiar","Praia de Panaquatira"
"ÁREA DE PROTEÇÃO AMBIENTAL UPAON-AÇU / MIRITIBA / ALTO PREGUIÇAS","Angiosperms","Malvaceae","Melochia","parvifolia","Kunth","MALVACEAE Melochia parvifolia Kunth","MAR0008562",,"UFMA","Lima, G.P.","562","Native","2015",,,"Latão","Prata",,"Paço do Lumiar","Praia de Panaquatira."
"ÁREA DE PROTEÇÃO AMBIENTAL UPAON-AÇU / MIRITIBA / ALTO PREGUIÇAS","Angiosperms","Malvaceae","Melochia","parvifolia","Kunth","MALVACEAE Melochia parvifolia Kunth","MAR0008563",,"UFMA","Lima, G.P.","589","Native","2015",,,"Latão","Prata",,"Paço do Lumiar","Praia de Panaquatira."
"ÁREA DE PROTEÇÃO AMBIENTAL UPAON-AÇU / MIRITIBA / ALTO PREGUIÇAS","Angiosperms","Malvaceae","Pavonia","cancellata","(L.) Cav.","MALVACEAE Pavonia cancellata (L.) Cav.","8349","splink","UFMA","Lima, G.P.","416","Native","2014",,,"Ouro","Prata",,"Paço do Lumiar","Praia de Panaquatira"
"ÁREA DE PROTEÇÃO AMBIENTAL UPAON-AÇU / MIRITIBA / ALTO PREGUIÇAS","Angiosperms","Malvaceae","Pavonia","cancellata","(L.) Cav.","MALVACEAE Pavonia cancellata (L.) Cav.","MAR0008348",,"UFMA","Lima, G.P.","384","Native","2014",,,"Latão","Prata",,"Paço do Lumiar","Praia de Panaquatira."
"ÁREA DE PROTEÇÃO AMBIENTAL UPAON-AÇU / MIRITIBA / ALTO PREGUIÇAS","Angiosperms","Malvaceae","Pavonia","cancellata","(L.) Cav.","MALVACEAE Pavonia cancellata (L.) Cav.","MAR0008349",,"UFMA","Lima, G.P.","416","Native","2014",,,"Latão","Prata",,"Paço do Lumiar","Praia de Panaquatira."
"ÁREA DE PROTEÇÃO AMBIENTAL UPAON-AÇU / MIRITIBA / ALTO PREGUIÇAS","Angiosperms","Malvaceae","Pavonia",,"Cav.","MALVACEAE Pavonia Cav.","MAR0004161",,"UFMA","Serra, F.C.V.","85","Native","2012",,,"Latão","Prata",,"São José de Ribamar","Sitio Aguahy."
"ÁREA DE PROTEÇÃO AMBIENTAL UPAON-AÇU / MIRITIBA / ALTO PREGUIÇAS","Angiosperms","Malvaceae","Sterculia","striata","A.St.-Hil. & Naudin","MALVACEAE Sterculia striata A.St.-Hil. & Naudin","MAR0013232",,"UFMA","Santos, C.R.","21","Native","2021",,,"Latão","Prata",,"São José de Ribamar","Sítio Aguahy."
"ÁREA DE PROTEÇÃO AMBIENTAL UPAON-AÇU / MIRITIBA / ALTO PREGUIÇAS","Angiosperms","Malvaceae","Waltheria","indica","L.","MALVACEAE Waltheria indica L.","MAR0008388",,"UFMA","Lima, G.P.","570","Native","2015",,,"Latão","Prata",,"Paço do Lumiar","Praia de Panaquatira."
"ÁREA DE PROTEÇÃO AMBIENTAL UPAON-AÇU / MIRITIBA / ALTO PREGUIÇAS","Angiosperms","Melastomataceae","Miconia","ciliata","(Rich.) DC.","MELASTOMATACEAE Miconia ciliata (Rich.) DC.","MAR0013237",,"UFMA","Amorim, G.S.","576","Native","2019",,,"Latão","Prata",,"São José de Ribamar","Sítio Aguahy."
"ÁREA DE PROTEÇÃO AMBIENTAL UPAON-AÇU / MIRITIBA / ALTO PREGUIÇAS","Angiosperms","Melastomataceae","Mouriri","guianensis","Aubl.","MELASTOMATACEAE Mouriri guianensis Aubl.","8390","splink","UFMA","Lima, G.P.","86","Native","2014",,,"Ouro","Prata",,"Paço do Lumiar","Praia de Panaquatira"
"ÁREA DE PROTEÇÃO AMBIENTAL UPAON-AÇU / MIRITIBA / ALTO PREGUIÇAS","Angiosperms","Melastomataceae","Mouriri","guianensis","Aubl.","MELASTOMATACEAE Mouriri guianensis Aubl.","8391","splink","UFMA","Lima, G.P.","25","Native","2013",,,"Ouro","Prata",,"Paço do Lumiar","Praia de Panaquatira"
"ÁREA DE PROTEÇÃO AMBIENTAL UPAON-AÇU / MIRITIBA / ALTO PREGUIÇAS","Angiosperms","Melastomataceae","Mouriri","guianensis","Aubl.","MELASTOMATACEAE Mouriri guianensis Aubl.","MAR0013208",,"UFMA","Santos, C.R.","14","Native","2021",,,"Latão","Prata",,"São José de Ribamar","Sítio Aguahy."
"ÁREA DE PROTEÇÃO AMBIENTAL UPAON-AÇU / MIRITIBA / ALTO PREGUIÇAS","Angiosperms","Melastomataceae","Mouriri","guianensis","Aubl.","MELASTOMATACEAE Mouriri guianensis Aubl.","MAR0008390",,"UFMA","Lima, G.P.","86","Native","2014",,,"Latão","Prata",,"Paço do Lumiar","Praia de Panaquatira."
"ÁREA DE PROTEÇÃO AMBIENTAL UPAON-AÇU / MIRITIBA / ALTO PREGUIÇAS","Angiosperms","Melastomataceae","Mouriri","guianensis","Aubl.","MELASTOMATACEAE Mouriri guianensis Aubl.","MAR0008391",,"UFMA","Lima, G.P.","25","Native","2013",,,"Latão","Prata",,"Paço do Lumiar","Praia de Panaquatira."
"ÁREA DE PROTEÇÃO AMBIENTAL UPAON-AÇU / MIRITIBA / ALTO PREGUIÇAS","Angiosperms","Melastomataceae","Nepsera","aquatica","(Aubl.) Naudin","MELASTOMATACEAE Nepsera aquatica (Aubl.) Naudin","MAR0011158",,"UFMA","Amorim, G.S.","364","Native","2017",,,"Latão","Prata",,"São José de Ribamar","Sítio Aguahy."
"ÁREA DE PROTEÇÃO AMBIENTAL UPAON-AÇU / MIRITIBA / ALTO PREGUIÇAS","Angiosperms","Melastomataceae","Nepsera","aquatica","(Aubl.) Naudin","MELASTOMATACEAE Nepsera aquatica (Aubl.) Naudin","MAR0004069",,"UFMA","Almeida Junior, E.B.","996","Native","2013",,,"Latão","Prata",,"São José de Ribamar","Restinga do Sitio Aguahy (Reserva da Meck)."
"ÁREA DE PROTEÇÃO AMBIENTAL UPAON-AÇU / MIRITIBA / ALTO PREGUIÇAS","Angiosperms","Melastomataceae","Noterophila","bivalvis","(Aubl.) Kriebel & M.J.R.Rocha","MELASTOMATACEAE Noterophila bivalvis (Aubl.) Kriebel & M.J.R.Rocha","8389","splink","UFMA","Lima, G.P.","412","Native","2014","Correa, E.J.O.","2025","Ouro","Prata",,"Paço do Lumiar","Praia de Panaquatira"
"ÁREA DE PROTEÇÃO AMBIENTAL UPAON-AÇU / MIRITIBA / ALTO PREGUIÇAS","Angiosperms","Melastomataceae","Noterophila","bivalvis","(Aubl.) Kriebel & M.J.R.Rocha","MELASTOMATACEAE Noterophila bivalvis (Aubl.) Kriebel & M.J.R.Rocha","MAR0010212",,"UFMA","Almeida Junior, E.B.","1345","Native","2017","Correa, E.J.O.","2025","Bronze","Prata",,"Paço do Lumiar","Praia de Panaquatira."
"ÁREA DE PROTEÇÃO AMBIENTAL UPAON-AÇU / MIRITIBA / ALTO PREGUIÇAS","Angiosperms","Melastomataceae","Noterophila","bivalvis","(Aubl.) Kriebel & M.J.R.Rocha","MELASTOMATACEAE Noterophila bivalvis (Aubl.) Kriebel & M.J.R.Rocha","MAR0010216",,"UFMA","Almeida Junior, E.B.","1337","Native","2017","Correa, E.J.O.","2025","Bronze","Prata",,"Paço do Lumiar","Praia de Panaquatira."
"ÁREA DE PROTEÇÃO AMBIENTAL UPAON-AÇU / MIRITIBA / ALTO PREGUIÇAS","Angiosperms","Melastomataceae","Noterophila","bivalvis","(Aubl.) Kriebel & M.J.R.Rocha","MELASTOMATACEAE Noterophila bivalvis (Aubl.) Kriebel & M.J.R.Rocha","MAR0007977",,"UFMA","Lima, G.P.","612","Native","2015","Correa, E.J.O.","2025","Bronze","Prata",,"Paço do Lumiar","Praia de Panaquatira."
"ÁREA DE PROTEÇÃO AMBIENTAL UPAON-AÇU / MIRITIBA / ALTO PREGUIÇAS","Angiosperms","Melastomataceae","Noterophila","bivalvis","(Aubl.) Kriebel & M.J.R.Rocha","MELASTOMATACEAE Noterophila bivalvis (Aubl.) Kriebel & M.J.R.Rocha","MAR0008389",,"UFMA","Lima, G.P.","412","Native","2014","Correa, E.J.O.","2025","Bronze","Prata",,"Paço do Lumiar","Praia de Panaquatira."
"ÁREA DE PROTEÇÃO AMBIENTAL UPAON-AÇU / MIRITIBA / ALTO PREGUIÇAS","Angiosperms","Melastomataceae","Noterophila","crassipes","(Naudin) Kriebel & M.J.R.Rocha","MELASTOMATACEAE Noterophila crassipes (Naudin) Kriebel & M.J.R.Rocha","MAR0010217",,"UFMA","Almeida Junior, E.B.","1333","Native","2017","Correa, E.J.O.","2025","Bronze","Prata",,"Paço do Lumiar","Praia de Panaquatira."
"ÁREA DE PROTEÇÃO AMBIENTAL UPAON-AÇU / MIRITIBA / ALTO PREGUIÇAS","Angiosperms","Melastomataceae","Noterophila","crassipes","(Naudin) Kriebel & M.J.R.Rocha","MELASTOMATACEAE Noterophila crassipes (Naudin) Kriebel & M.J.R.Rocha","MAR0009199",,"UFMA","Lima, G.P.","598","Native","2015",,,"Latão","Prata",,"Paço do Lumiar","Praia de Panaquatira."
"ÁREA DE PROTEÇÃO AMBIENTAL UPAON-AÇU / MIRITIBA / ALTO PREGUIÇAS","Angiosperms","Molluginaceae","Mollugo","verticillata","L.","MOLLUGINACEAE Mollugo verticillata L.","MAR0008265",,"UFMA","Lima, G.P.","195","Native","2014",,,"Latão","Prata",,"Paço do Lumiar","Praia de Panaquatira."
"ÁREA DE PROTEÇÃO AMBIENTAL UPAON-AÇU / MIRITIBA / ALTO PREGUIÇAS","Angiosperms","Myrtaceae","Calycolpus","goetheanus","(Mart. ex DC.) O.Berg","MYRTACEAE Calycolpus goetheanus (Mart. ex DC.) O.Berg","10398","splink","UFMA","Amorim, G.S.","467","Native","2018",,,"Ouro","Prata",,"São José de Ribamar","Sítio Aguahy"
"ÁREA DE PROTEÇÃO AMBIENTAL UPAON-AÇU / MIRITIBA / ALTO PREGUIÇAS","Angiosperms","Myrtaceae","Calycolpus","goetheanus","(Mart. ex DC.) O.Berg","MYRTACEAE Calycolpus goetheanus (Mart. ex DC.) O.Berg","10149","splink","UFMA","Amorim, G.S.","376","Native","2017",,,"Ouro","Prata",,"São José de Ribamar","Sitio Aguahy"
"ÁREA DE PROTEÇÃO AMBIENTAL UPAON-AÇU / MIRITIBA / ALTO PREGUIÇAS","Angiosperms","Myrtaceae","Calycolpus","goetheanus","(Mart. ex DC.) O.Berg","MYRTACEAE Calycolpus goetheanus (Mart. ex DC.) O.Berg","10722","splink","UFMA","Amorim, G.S.","381","Native","2017",,,"Ouro","Prata",,"São José de Ribamar","Sitio Aguahy"
"ÁREA DE PROTEÇÃO AMBIENTAL UPAON-AÇU / MIRITIBA / ALTO PREGUIÇAS","Angiosperms","Myrtaceae","Calycolpus","goetheanus","(Mart. ex DC.) O.Berg","MYRTACEAE Calycolpus goetheanus (Mart. ex DC.) O.Berg","10145","splink","UFMA","Amorim, G.S.","266","Native","2016",,,"Ouro","Prata",,"São José de Ribamar","Sitio Aguahy"
"ÁREA DE PROTEÇÃO AMBIENTAL UPAON-AÇU / MIRITIBA / ALTO PREGUIÇAS","Angiosperms","Myrtaceae","Calycolpus","goetheanus","(Mart. ex DC.) O.Berg","MYRTACEAE Calycolpus goetheanus (Mart. ex DC.) O.Berg","7968","splink","UFMA","Lima, G.P.","614","Native","2015",,,"Ouro","Prata",,"Paço do Lumiar","Praia de Panaquatira"
"ÁREA DE PROTEÇÃO AMBIENTAL UPAON-AÇU / MIRITIBA / ALTO PREGUIÇAS","Angiosperms","Myrtaceae","Eugenia","biflora","(L.) DC.","MYRTACEAE Eugenia biflora (L.) DC.","10399","splink","UFMA","Amorim, G.S.","467","Native","2018",,,"Ouro","Prata",,"São José de Ribamar","Sítio Aguahy"
"ÁREA DE PROTEÇÃO AMBIENTAL UPAON-AÇU / MIRITIBA / ALTO PREGUIÇAS","Angiosperms","Myrtaceae","Eugenia","biflora","(L.) DC.","MYRTACEAE Eugenia biflora (L.) DC.","10135","splink","UFMA","Amorim, G.S.","369","Native","2017",,,"Ouro","Prata",,"São José de Ribamar","Sitio Aguahy"
"ÁREA DE PROTEÇÃO AMBIENTAL UPAON-AÇU / MIRITIBA / ALTO PREGUIÇAS","Angiosperms","Myrtaceae","Eugenia","biflora","(L.) DC.","MYRTACEAE Eugenia biflora (L.) DC.","9544","splink","UFMA","Amorim, G.S.","324","Naturalized","2017",,,"Ouro","Prata",,"Paço do Lumiar","Praia de Panaquatira"
"ÁREA DE PROTEÇÃO AMBIENTAL UPAON-AÇU / MIRITIBA / ALTO PREGUIÇAS","Angiosperms","Myrtaceae","Eugenia","biflora","(L.) DC.","MYRTACEAE Eugenia biflora (L.) DC.","10372","splink","UFMA","Amorim, G.S.","377","Naturalized","2017",,,"Ouro","Prata",,"São José de Ribamar","Sítio Aguahy"
"ÁREA DE PROTEÇÃO AMBIENTAL UPAON-AÇU / MIRITIBA / ALTO PREGUIÇAS","Angiosperms","Myrtaceae","Eugenia","biflora","(L.) DC.","MYRTACEAE Eugenia biflora (L.) DC.","9543","splink","UFMA","Amorim, G.S.","325","Native","2017",,,"Ouro","Prata",,"Paço do Lumiar","Praia de Panaquatira"
"ÁREA DE PROTEÇÃO AMBIENTAL UPAON-AÇU / MIRITIBA / ALTO PREGUIÇAS","Angiosperms","Myrtaceae","Eugenia","caducibracteata","Mazine","MYRTACEAE Eugenia caducibracteata Mazine","10404","splink","UFMA","Amorim, G.S.","373","Native","2017",,,"Ouro","Prata",,"São José de Ribamar","Sítio Aguahy"
"ÁREA DE PROTEÇÃO AMBIENTAL UPAON-AÇU / MIRITIBA / ALTO PREGUIÇAS","Angiosperms","Myrtaceae","Eugenia","caducibracteata","Mazine","MYRTACEAE Eugenia caducibracteata Mazine","MAR0010397",,"UFMA","Amorim, G.S.","447","Native","2018",,,"Latão","Prata",,"São José de Ribamar","Sítio Aguahy."
"ÁREA DE PROTEÇÃO AMBIENTAL UPAON-AÇU / MIRITIBA / ALTO PREGUIÇAS","Angiosperms","Myrtaceae","Eugenia","caducibracteata","Mazine","MYRTACEAE Eugenia caducibracteata Mazine","MAR0010403",,"UFMA","Amorim, G.S.","448","Native","2018",,,"Latão","Prata",,"São José de Ribamar","Sítio Aguahy."
"ÁREA DE PROTEÇÃO AMBIENTAL UPAON-AÇU / MIRITIBA / ALTO PREGUIÇAS","Angiosperms","Myrtaceae","Eugenia","caducibracteata","Mazine","MYRTACEAE Eugenia caducibracteata Mazine","MAR0010404",,"UFMA","Amorim, G.S.","373","Native","2017",,,"Latão","Prata",,"São José de Ribamar","Sítio Aguahy."
"ÁREA DE PROTEÇÃO AMBIENTAL UPAON-AÇU / MIRITIBA / ALTO PREGUIÇAS","Angiosperms","Myrtaceae","Eugenia","densiracemosa","Mazine & Faria","MYRTACEAE Eugenia densiracemosa Mazine & Faria","MAR0010395",,"UFMA","Amorim, G.S.","443","Native","2018","Amorim, G.S.","2020","Bronze","Prata",,"São José de Ribamar","Sítio Aguahy."
"ÁREA DE PROTEÇÃO AMBIENTAL UPAON-AÇU / MIRITIBA / ALTO PREGUIÇAS","Angiosperms","Myrtaceae","Eugenia","densiracemosa","Mazine & Faria","MYRTACEAE Eugenia densiracemosa Mazine & Faria","MAR0010099",,"UFMA","Amorim, G.S.","379","Native","2017","Amorim, G.S.","2020","Bronze","Prata",,"São José de Ribamar","Sitio Aguahy."
"ÁREA DE PROTEÇÃO AMBIENTAL UPAON-AÇU / MIRITIBA / ALTO PREGUIÇAS","Angiosperms","Myrtaceae","Eugenia","densiracemosa","Mazine & Faria","MYRTACEAE Eugenia densiracemosa Mazine & Faria","MAR0010129",,"UFMA","Amorim, G.S.","359","Native","2017","Amorim, G.S.","2020","Bronze","Prata",,"São José de Ribamar","Sitio Aguahy."
"ÁREA DE PROTEÇÃO AMBIENTAL UPAON-AÇU / MIRITIBA / ALTO PREGUIÇAS","Angiosperms","Myrtaceae","Eugenia","densiracemosa","Mazine & Faria","MYRTACEAE Eugenia densiracemosa Mazine & Faria","MAR0010370",,"UFMA","Amorim, G.S.","379","Native","2017","Amorim, G.S.","2020","Bronze","Prata",,"São José de Ribamar","Sítio Aguahy."
"ÁREA DE PROTEÇÃO AMBIENTAL UPAON-AÇU / MIRITIBA / ALTO PREGUIÇAS","Angiosperms","Myrtaceae","Eugenia","densiracemosa","Mazine & Faria","MYRTACEAE Eugenia densiracemosa Mazine & Faria","SLUI006338 SLUI00006338","splink","SLUI","Amorim, G.S.","379","Native","2018",,,"Latão","Prata",,"São José de Ribamar","Sítio Aguahy"
"ÁREA DE PROTEÇÃO AMBIENTAL UPAON-AÇU / MIRITIBA / ALTO PREGUIÇAS","Angiosperms","Myrtaceae","Eugenia","egensis","DC.","MYRTACEAE Eugenia egensis DC.","MAR0013429",,"UFMA","Azevedo, G.G.","80","Native","2007","Amorim, G.S.","2025","Bronze","Prata",,"São José de Ribamar","Sítio Aguahy."
"ÁREA DE PROTEÇÃO AMBIENTAL UPAON-AÇU / MIRITIBA / ALTO PREGUIÇAS","Angiosperms","Myrtaceae","Eugenia","egensis","DC.","MYRTACEAE Eugenia egensis DC.","MAR0010130",,"UFMA","Amorim, G.S.","362","Native","2017",,,"Latão","Prata",,"São José de Ribamar","Sitio Aguahy."
"ÁREA DE PROTEÇÃO AMBIENTAL UPAON-AÇU / MIRITIBA / ALTO PREGUIÇAS","Angiosperms","Myrtaceae","Eugenia",,"L.","MYRTACEAE Eugenia L.","11481","splink","UFMA","Amorim, G.S.","446","Native","2018",,,"Ouro","Prata",,"São José de Ribamar","Sítio Aguahy"
"ÁREA DE PROTEÇÃO AMBIENTAL UPAON-AÇU / MIRITIBA / ALTO PREGUIÇAS","Angiosperms","Myrtaceae","Eugenia",,"L.","MYRTACEAE Eugenia L.","MAR0011480",,"UFMA","Amorim, G.S.","439","Native","2018",,,"Latão","Prata",,"São José de Ribamar","Sítio Aguahy."
"ÁREA DE PROTEÇÃO AMBIENTAL UPAON-AÇU / MIRITIBA / ALTO PREGUIÇAS","Angiosperms","Myrtaceae","Eugenia",,"L.","MYRTACEAE Eugenia L.","MAR0011481",,"UFMA","Amorim, G.S.","446","Native","2018",,,"Latão","Prata",,"São José de Ribamar","Sítio Aguahy."
"ÁREA DE PROTEÇÃO AMBIENTAL UPAON-AÇU / MIRITIBA / ALTO PREGUIÇAS","Angiosperms","Myrtaceae","Eugenia",,"L.","MYRTACEAE Eugenia L.","MAR0010720",,"UFMA","Amorim, G.S.",,"Native","2017",,,"Latão","Prata",,"São José de Ribamar","Sitio Aguahy."
"ÁREA DE PROTEÇÃO AMBIENTAL UPAON-AÇU / MIRITIBA / ALTO PREGUIÇAS","Angiosperms","Myrtaceae","Eugenia",,"L.","MYRTACEAE Eugenia L.","MAR0010721",,"UFMA","Amorim, G.S.",,"Native","2017",,,"Latão","Prata",,"São José de Ribamar","Sitio Aguahy."
"ÁREA DE PROTEÇÃO AMBIENTAL UPAON-AÇU / MIRITIBA / ALTO PREGUIÇAS","Angiosperms","Myrtaceae","Eugenia","punicifolia","(Kunth) DC.","MYRTACEAE Eugenia punicifolia (Kunth) DC.","10115","splink","UFMA","Amorim, G.S.","458","Native","2017",,,"Ouro","Prata",,"Paço do Lumiar","Praia de Panaquatira"
"ÁREA DE PROTEÇÃO AMBIENTAL UPAON-AÇU / MIRITIBA / ALTO PREGUIÇAS","Angiosperms","Myrtaceae","Eugenia","punicifolia","(Kunth) DC.","MYRTACEAE Eugenia punicifolia (Kunth) DC.","9513","splink","UFMA","Amorim, G.S.","301","Native","2016",,,"Ouro","Prata",,"São José de Ribamar","Sitio Aguahy"
"ÁREA DE PROTEÇÃO AMBIENTAL UPAON-AÇU / MIRITIBA / ALTO PREGUIÇAS","Angiosperms","Myrtaceae","Eugenia","punicifolia","(Kunth) DC.","MYRTACEAE Eugenia punicifolia (Kunth) DC.","9511","splink","UFMA","Amorim, G.S.","268","Native","2016",,,"Ouro","Prata",,"São José de Ribamar","Sitio Aguahy"
"ÁREA DE PROTEÇÃO AMBIENTAL UPAON-AÇU / MIRITIBA / ALTO PREGUIÇAS","Angiosperms","Myrtaceae","Eugenia","punicifolia","(Kunth) DC.","MYRTACEAE Eugenia punicifolia (Kunth) DC.","8138","splink","UFMA","Lima, G.P.","12","Native","2014",,,"Ouro","Prata",,"Paço do Lumiar","Praia de Panaquatira"
"ÁREA DE PROTEÇÃO AMBIENTAL UPAON-AÇU / MIRITIBA / ALTO PREGUIÇAS","Angiosperms","Myrtaceae","Eugenia","punicifolia","(Kunth) DC.","MYRTACEAE Eugenia punicifolia (Kunth) DC.","8139","splink","UFMA","Lima, G.P.","438","Native","2014",,,"Ouro","Prata",,"Paço do Lumiar","Praia de Panaquatira"
"ÁREA DE PROTEÇÃO AMBIENTAL UPAON-AÇU / MIRITIBA / ALTO PREGUIÇAS","Angiosperms","Myrtaceae","Eugenia","stictopetala","Mart. ex DC.","MYRTACEAE Eugenia stictopetala Mart. ex DC.","9523","splink","UFMA","Amorim, G.S.","276","Naturalized","2016",,,"Ouro","Prata",,"São José de Ribamar","Sitio Aguahy"
"ÁREA DE PROTEÇÃO AMBIENTAL UPAON-AÇU / MIRITIBA / ALTO PREGUIÇAS","Angiosperms","Myrtaceae","Eugenia","stictopetala","Mart. ex DC.","MYRTACEAE Eugenia stictopetala Mart. ex DC.","8137","splink","UFMA","Lima, G.P.","147","Naturalized","2014",,,"Ouro","Prata",,"Paço do Lumiar","Praia de Panaquatira"
"ÁREA DE PROTEÇÃO AMBIENTAL UPAON-AÇU / MIRITIBA / ALTO PREGUIÇAS","Angiosperms","Myrtaceae","Eugenia","stictopetala","Mart. ex DC.","MYRTACEAE Eugenia stictopetala Mart. ex DC.","MAR0009326",,"UFMA","Belfort, L.","T1P10P2","Native","2016",,,"Latão","Prata",,"Paço do Lumiar","Praia de Panaquatira."
"ÁREA DE PROTEÇÃO AMBIENTAL UPAON-AÇU / MIRITIBA / ALTO PREGUIÇAS","Angiosperms","Myrtaceae","Eugenia","stictopetala","Mart. ex DC.","MYRTACEAE Eugenia stictopetala Mart. ex DC.","MAR0009523",,"UFMA","Amorim, G.S.","276","Native","2016",,,"Latão","Prata",,"São José de Ribamar","Sitio Aguahy."
"ÁREA DE PROTEÇÃO AMBIENTAL UPAON-AÇU / MIRITIBA / ALTO PREGUIÇAS","Angiosperms","Myrtaceae","Eugenia","stictopetala","Mart. ex DC.","MYRTACEAE Eugenia stictopetala Mart. ex DC.","MAR0008137",,"UFMA","Lima, G.P.","147","Naturalized","2014",,,"Latão","Prata",,"Paço do Lumiar","Praia de Panaquatira."
"ÁREA DE PROTEÇÃO AMBIENTAL UPAON-AÇU / MIRITIBA / ALTO PREGUIÇAS","Angiosperms","Myrtaceae","Myrcia","amazonica","DC.","MYRTACEAE Myrcia amazonica DC.","MAR0010128",,"UFMA","Amorim, G.S.","374","Native","2017",,,"Latão","Prata",,"São José de Ribamar","Sitio Aguahy."
"ÁREA DE PROTEÇÃO AMBIENTAL UPAON-AÇU / MIRITIBA / ALTO PREGUIÇAS","Angiosperms","Myrtaceae","Myrcia","cuprea","(O.Berg) Kiaersk.","MYRTACEAE Myrcia cuprea (O.Berg) Kiaersk.","9333","splink","UFMA","Belfort, L.","T1P8P1","Native","2016",,,"Ouro","Prata",,"Paço do Lumiar","Praia de Panaquatira"
"ÁREA DE PROTEÇÃO AMBIENTAL UPAON-AÇU / MIRITIBA / ALTO PREGUIÇAS","Angiosperms","Myrtaceae","Myrcia","cuprea","(O.Berg) Kiaersk.","MYRTACEAE Myrcia cuprea (O.Berg) Kiaersk.","MAR0010396",,"UFMA","Amorim, G.S.","433","Native","2018",,,"Latão","Prata",,"São José de Ribamar","Sítio Aguahy."
"ÁREA DE PROTEÇÃO AMBIENTAL UPAON-AÇU / MIRITIBA / ALTO PREGUIÇAS","Angiosperms","Myrtaceae","Myrcia","cuprea","(O.Berg) Kiaersk.","MYRTACEAE Myrcia cuprea (O.Berg) Kiaersk.","MAR0010152",,"UFMA","Amorim, G.S.","368","Native","2017",,,"Latão","Prata",,"São José de Ribamar","Sitio Aguahy."
"ÁREA DE PROTEÇÃO AMBIENTAL UPAON-AÇU / MIRITIBA / ALTO PREGUIÇAS","Angiosperms","Myrtaceae","Myrcia","cuprea","(O.Berg) Kiaersk.","MYRTACEAE Myrcia cuprea (O.Berg) Kiaersk.","MAR0009333",,"UFMA","Belfort, L.","T1P8P1","Native","2016",,,"Latão","Prata",,"Paço do Lumiar","Praia de Panaquatira."
"ÁREA DE PROTEÇÃO AMBIENTAL UPAON-AÇU / MIRITIBA / ALTO PREGUIÇAS","Angiosperms","Myrtaceae","Myrcia","guianensis","(Aubl.) DC.","MYRTACEAE Myrcia guianensis (Aubl.) DC.","11482","splink","UFMA","Amorim, G.S.","275","Native","2016",,,"Ouro","Prata",,"São José de Ribamar","Sítio Aguahy"
"ÁREA DE PROTEÇÃO AMBIENTAL UPAON-AÇU / MIRITIBA / ALTO PREGUIÇAS","Angiosperms","Myrtaceae","Myrcia","guianensis","(Aubl.) DC.","MYRTACEAE Myrcia guianensis (Aubl.) DC.","4280","splink","UFMA","Serra, F.C.V.","134","Native","2012","Amorim, G.S.","2019","Ouro","Prata",,"São José de Ribamar","Sitio Aguahy"
"ÁREA DE PROTEÇÃO AMBIENTAL UPAON-AÇU / MIRITIBA / ALTO PREGUIÇAS","Angiosperms","Myrtaceae","Myrcia","guianensis","(Aubl.) DC.","MYRTACEAE Myrcia guianensis (Aubl.) DC.","4286","splink","UFMA","Serra, F.C.V.","50","Native","2012","Amorim, G.S.","2019","Ouro","Prata",,"São José de Ribamar","Sitio Aguahy"
"ÁREA DE PROTEÇÃO AMBIENTAL UPAON-AÇU / MIRITIBA / ALTO PREGUIÇAS","Angiosperms","Myrtaceae","Myrcia","guianensis","(Aubl.) DC.","MYRTACEAE Myrcia guianensis (Aubl.) DC.","4285","splink","UFMA","Serra, F.C.V.","139","Native","2012","Amorim, G.S.","2017","Ouro","Prata",,"São José de Ribamar","Sitio Aguahy"
"ÁREA DE PROTEÇÃO AMBIENTAL UPAON-AÇU / MIRITIBA / ALTO PREGUIÇAS","Angiosperms","Myrtaceae","Myrcia","guianensis","(Aubl.) DC.","MYRTACEAE Myrcia guianensis (Aubl.) DC.","MAR0004285",,"UFMA","Serra, F.C.V.","139","Native","2012","Amorim, G.S.","2025","Bronze","Prata",,"São José de Ribamar","Sitio Aguahy."
"ÁREA DE PROTEÇÃO AMBIENTAL UPAON-AÇU / MIRITIBA / ALTO PREGUIÇAS","Angiosperms","Myrtaceae","Myrcia","multiflora","(Lam.) DC.","MYRTACEAE Myrcia multiflora (Lam.) DC.","9490","splink","UFMA","Amorim, G.S.","326","Native","2017",,,"Ouro","Prata",,"Paço do Lumiar","Praia de Panaquatira"
"ÁREA DE PROTEÇÃO AMBIENTAL UPAON-AÇU / MIRITIBA / ALTO PREGUIÇAS","Angiosperms","Myrtaceae","Myrcia","multiflora","(Lam.) DC.","MYRTACEAE Myrcia multiflora (Lam.) DC.","10133","splink","UFMA","Amorim, G.S.","371","Native","2017",,,"Ouro","Prata",,"São José de Ribamar","Sitio Aguahy"
"ÁREA DE PROTEÇÃO AMBIENTAL UPAON-AÇU / MIRITIBA / ALTO PREGUIÇAS","Angiosperms","Myrtaceae","Myrcia","multiflora","(Lam.) DC.","MYRTACEAE Myrcia multiflora (Lam.) DC.","9491","splink","UFMA","Amorim, G.S.","327","Native","2017",,,"Ouro","Prata",,"Paço do Lumiar","Praia de Panaquatira"
"ÁREA DE PROTEÇÃO AMBIENTAL UPAON-AÇU / MIRITIBA / ALTO PREGUIÇAS","Angiosperms","Myrtaceae","Myrcia","multiflora","(Lam.) DC.","MYRTACEAE Myrcia multiflora (Lam.) DC.","9542","splink","UFMA","Amorim, G.S.","328","Native","2017",,,"Ouro","Prata",,"Paço do Lumiar","Praia de Panaquatira"
"ÁREA DE PROTEÇÃO AMBIENTAL UPAON-AÇU / MIRITIBA / ALTO PREGUIÇAS","Angiosperms","Myrtaceae","Myrcia","multiflora","(Lam.) DC.","MYRTACEAE Myrcia multiflora (Lam.) DC.","10125","splink","UFMA","Amorim, G.S.","271","Native","2016",,,"Ouro","Prata",,"São José de Ribamar","Sitio Aguahy"
"ÁREA DE PROTEÇÃO AMBIENTAL UPAON-AÇU / MIRITIBA / ALTO PREGUIÇAS","Angiosperms","Myrtaceae","Myrcia","selloi","(Spreng.) N.Silveira","MYRTACEAE Myrcia selloi (Spreng.) N.Silveira","8102","splink","UFMA","Lima, G.P.","572","Native","2015",,,"Ouro","Prata",,"Paço do Lumiar","Praia de Panaquatira"
"ÁREA DE PROTEÇÃO AMBIENTAL UPAON-AÇU / MIRITIBA / ALTO PREGUIÇAS","Angiosperms","Myrtaceae","Myrcia","selloi","(Spreng.) N.Silveira","MYRTACEAE Myrcia selloi (Spreng.) N.Silveira","8131","splink","UFMA","Lima, G.P.","554","Native","2015",,,"Ouro","Prata",,"Paço do Lumiar","Praia de Panaquatira"
"ÁREA DE PROTEÇÃO AMBIENTAL UPAON-AÇU / MIRITIBA / ALTO PREGUIÇAS","Angiosperms","Myrtaceae","Myrcia","selloi","(Spreng.) N.Silveira","MYRTACEAE Myrcia selloi (Spreng.) N.Silveira","8133","splink","UFMA","Lima, G.P.","540","Native","2015",,,"Ouro","Prata",,"Paço do Lumiar","Praia de Panaquatira"
"ÁREA DE PROTEÇÃO AMBIENTAL UPAON-AÇU / MIRITIBA / ALTO PREGUIÇAS","Angiosperms","Myrtaceae","Myrcia","selloi","(Spreng.) N.Silveira","MYRTACEAE Myrcia selloi (Spreng.) N.Silveira","8134","splink","UFMA","Lima, G.P.","69","Native","2014",,,"Ouro","Prata",,"Paço do Lumiar","Praia de Panaquatira"
"ÁREA DE PROTEÇÃO AMBIENTAL UPAON-AÇU / MIRITIBA / ALTO PREGUIÇAS","Angiosperms","Myrtaceae","Myrcia","selloi","(Spreng.) N.Silveira","MYRTACEAE Myrcia selloi (Spreng.) N.Silveira","MAR0010381",,"UFMA","Amorim, G.S.","444","Native","2018",,,"Latão","Prata",,"São José de Ribamar","Sítio Aguahy."
"ÁREA DE PROTEÇÃO AMBIENTAL UPAON-AÇU / MIRITIBA / ALTO PREGUIÇAS","Angiosperms","Myrtaceae","Myrcia","splendens","(Sw.) DC.","MYRTACEAE Myrcia splendens (Sw.) DC.","10718","splink","UFMA","Amorim, G.S.","380","Native","2017",,,"Ouro","Prata",,"São José de Ribamar","Sitio Aguahy"
"ÁREA DE PROTEÇÃO AMBIENTAL UPAON-AÇU / MIRITIBA / ALTO PREGUIÇAS","Angiosperms","Myrtaceae","Myrcia","splendens","(Sw.) DC.","MYRTACEAE Myrcia splendens (Sw.) DC.","9332","splink","UFMA","Belfort, L.","T1P1P3","Native","2016",,,"Ouro","Prata",,"Paço do Lumiar","Praia de Panaquatira"
"ÁREA DE PROTEÇÃO AMBIENTAL UPAON-AÇU / MIRITIBA / ALTO PREGUIÇAS","Angiosperms","Myrtaceae","Myrcia","splendens","(Sw.) DC.","MYRTACEAE Myrcia splendens (Sw.) DC.","8136","splink","UFMA","Lima, G.P.","567","Native","2015",,,"Ouro","Prata",,"Paço do Lumiar","Praia de Panaquatira"
"ÁREA DE PROTEÇÃO AMBIENTAL UPAON-AÇU / MIRITIBA / ALTO PREGUIÇAS","Angiosperms","Myrtaceae","Myrcia","splendens","(Sw.) DC.","MYRTACEAE Myrcia splendens (Sw.) DC.","8468","splink","UFMA","Lima, G.P.","615","Native","2015","Amorim, G.S.","2018","Ouro","Prata",,"Paço do Lumiar","Praia de Panaquatira"
"ÁREA DE PROTEÇÃO AMBIENTAL UPAON-AÇU / MIRITIBA / ALTO PREGUIÇAS","Angiosperms","Myrtaceae","Myrcia","splendens","(Sw.) DC.","MYRTACEAE Myrcia splendens (Sw.) DC.","12698","splink","UFMA","Lacerda, D.M.L.","681","Native","2014","Amorim, G.","2022","Ouro","Prata",,"Barreirinhas","Povoado Tabocas"
"ÁREA DE PROTEÇÃO AMBIENTAL UPAON-AÇU / MIRITIBA / ALTO PREGUIÇAS","Angiosperms","Myrtaceae","Myrcia","sylvatica","(G.Mey.) DC.","MYRTACEAE Myrcia sylvatica (G.Mey.) DC.","MAR0004290",,"UFMA","Serra, F.C.V.","75","Native","2012",,,"Latão","Prata",,"São José de Ribamar","Sitio Aguahy."
"ÁREA DE PROTEÇÃO AMBIENTAL UPAON-AÇU / MIRITIBA / ALTO PREGUIÇAS","Angiosperms","Myrtaceae","Myrciaria","tenella","(DC.) O.Berg","MYRTACEAE Myrciaria tenella (DC.) O.Berg","10136","splink","UFMA","Amorim, G.S.","366","Native","2017",,,"Ouro","Prata",,"São José de Ribamar","Sitio Aguahy"
"ÁREA DE PROTEÇÃO AMBIENTAL UPAON-AÇU / MIRITIBA / ALTO PREGUIÇAS","Angiosperms","Myrtaceae","Myrciaria","tenella","(DC.) O.Berg","MYRTACEAE Myrciaria tenella (DC.) O.Berg","9536","splink","UFMA","Amorim, G.S.","267","Native","2016",,,"Ouro","Prata",,"São José de Ribamar","Sitio Aguahy"
"ÁREA DE PROTEÇÃO AMBIENTAL UPAON-AÇU / MIRITIBA / ALTO PREGUIÇAS","Angiosperms","Myrtaceae","Myrciaria","tenella","(DC.) O.Berg","MYRTACEAE Myrciaria tenella (DC.) O.Berg","MAR0010136",,"UFMA","Amorim, G.S.","366","Native","2017",,,"Latão","Prata",,"São José de Ribamar","Sitio Aguahy."
"ÁREA DE PROTEÇÃO AMBIENTAL UPAON-AÇU / MIRITIBA / ALTO PREGUIÇAS","Angiosperms","Myrtaceae","Myrciaria","tenella","(DC.) O.Berg","MYRTACEAE Myrciaria tenella (DC.) O.Berg","MAR0010369",,"UFMA","Amorim, G.S.","384","Native","2017",,,"Latão","Prata",,"São José de Ribamar","Sítio Aguahy."
"ÁREA DE PROTEÇÃO AMBIENTAL UPAON-AÇU / MIRITIBA / ALTO PREGUIÇAS","Angiosperms","Myrtaceae","Myrciaria","tenella","(DC.) O.Berg","MYRTACEAE Myrciaria tenella (DC.) O.Berg","MAR0009535",,"UFMA","Amorim, G.S.","296","Native","2016",,,"Latão","Prata",,"São José de Ribamar","Sitio Aguahy."
"ÁREA DE PROTEÇÃO AMBIENTAL UPAON-AÇU / MIRITIBA / ALTO PREGUIÇAS","Angiosperms","Myrtaceae","Psidium","guajava","L.","MYRTACEAE Psidium guajava L.","SLUI006350 SLUI00006350","splink","SLUI","Lima, G.P.","545","Native","2015",,,"Latão","Prata",,"Paço do Lumiar","Praia de Panaquatira"
"ÁREA DE PROTEÇÃO AMBIENTAL UPAON-AÇU / MIRITIBA / ALTO PREGUIÇAS","Angiosperms","Myrtaceae","Psidium","guajava","L.","MYRTACEAE Psidium guajava L.","MAR0008135",,"UFMA","Lima, G.P.","545","Native","2015",,,"Latão","Prata",,"Paço do Lumiar","Praia de Panaquatira."
"ÁREA DE PROTEÇÃO AMBIENTAL UPAON-AÇU / MIRITIBA / ALTO PREGUIÇAS","Angiosperms","Myrtaceae","Psidium","hians","Mart. ex DC.","MYRTACEAE Psidium hians Mart. ex DC.","10412","splink","UFMA","Amorim, G.S.","436","Native","2018",,,"Ouro","Prata",,"São José de Ribamar","Sítio Aguahy"
"ÁREA DE PROTEÇÃO AMBIENTAL UPAON-AÇU / MIRITIBA / ALTO PREGUIÇAS","Angiosperms","Myrtaceae","Psidium","hians","Mart. ex DC.","MYRTACEAE Psidium hians Mart. ex DC.","MAR0010410",,"UFMA","Amorim, G.S.","441","Native","2018",,,"Latão","Prata",,"São José de Ribamar","Sítio Aguahy."
"ÁREA DE PROTEÇÃO AMBIENTAL UPAON-AÇU / MIRITIBA / ALTO PREGUIÇAS","Angiosperms","Myrtaceae","Psidium","hians","Mart. ex DC.","MYRTACEAE Psidium hians Mart. ex DC.","MAR0010411",,"UFMA","Amorim, G.S.","442","Native","2018",,,"Latão","Prata",,"São José de Ribamar","Sítio Aguahy."
"ÁREA DE PROTEÇÃO AMBIENTAL UPAON-AÇU / MIRITIBA / ALTO PREGUIÇAS","Angiosperms","Myrtaceae","Psidium","hians","Mart. ex DC.","MYRTACEAE Psidium hians Mart. ex DC.","MAR0010412",,"UFMA","Amorim, G.S.","436","Native","2018",,,"Latão","Prata",,"São José de Ribamar","Sítio Aguahy."
"ÁREA DE PROTEÇÃO AMBIENTAL UPAON-AÇU / MIRITIBA / ALTO PREGUIÇAS","Angiosperms","Nyctaginaceae","Boerhavia","diffusa","L.","NYCTAGINACEAE Boerhavia diffusa L.","MAR0008376",,"UFMA","Lima, G.P.","569",,"2015",,,"Latão","Prata",,"Paço do Lumiar","Praia de Panaquatira."
"ÁREA DE PROTEÇÃO AMBIENTAL UPAON-AÇU / MIRITIBA / ALTO PREGUIÇAS","Angiosperms","Nyctaginaceae","Guapira","opposita","(Vell.) Reitz","NYCTAGINACEAE Guapira opposita (Vell.) Reitz","4142","splink","UFMA","Serra, F.C.V.","185","Native","2013",,,"Ouro","Prata",,"São José de Ribamar","Restinga do Sitio Aguahy (Reserva da Meck)"
"ÁREA DE PROTEÇÃO AMBIENTAL UPAON-AÇU / MIRITIBA / ALTO PREGUIÇAS","Angiosperms","Nyctaginaceae","Guapira","opposita","(Vell.) Reitz","NYCTAGINACEAE Guapira opposita (Vell.) Reitz","MAR0010225",,"UFMA","Belfort, L.","30","Native","2017",,,"Latão","Prata",,"Paço do Lumiar","Praia de Panaquatira."
"ÁREA DE PROTEÇÃO AMBIENTAL UPAON-AÇU / MIRITIBA / ALTO PREGUIÇAS","Angiosperms","Nyctaginaceae","Guapira","opposita","(Vell.) Reitz","NYCTAGINACEAE Guapira opposita (Vell.) Reitz","MAR0004142",,"UFMA","Serra, F.C.V.","185","Native","2013",,,"Latão","Prata",,"São José de Ribamar","Restinga do Sitio Aguahy (Reserva da Meck)."
"ÁREA DE PROTEÇÃO AMBIENTAL UPAON-AÇU / MIRITIBA / ALTO PREGUIÇAS","Angiosperms","Nyctaginaceae","Guapira","opposita","(Vell.) Reitz","NYCTAGINACEAE Guapira opposita (Vell.) Reitz","MAR0004141",,"UFMA","Almeida Junior, E.B.","945","Native","2012",,,"Latão","Prata",,"São José de Ribamar","Restinga do Sitio Aguahy (Reserva da Meck)."
"ÁREA DE PROTEÇÃO AMBIENTAL UPAON-AÇU / MIRITIBA / ALTO PREGUIÇAS","Angiosperms","Nyctaginaceae","Pisonia",,"L.","NYCTAGINACEAE Pisonia L.","MAR0004140",,"UFMA","Serra, F.C.V.","210","Native","2013",,,"Latão","Prata",,"São José de Ribamar","Restinga do Sitio Aguahy (Reserva da Meck)."
"ÁREA DE PROTEÇÃO AMBIENTAL UPAON-AÇU / MIRITIBA / ALTO PREGUIÇAS","Angiosperms","Ochnaceae","Ouratea","fieldingiana","(Gardner) Engl.","OCHNACEAE Ouratea fieldingiana (Gardner) Engl.","MAR0008241",,"UFMA","Lima, G.P.","502","Native","2014",,,"Latão","Prata",,"Paço do Lumiar","Praia de Panaquatira."
"ÁREA DE PROTEÇÃO AMBIENTAL UPAON-AÇU / MIRITIBA / ALTO PREGUIÇAS","Angiosperms","Ochnaceae","Ouratea","fieldingiana","(Gardner) Engl.","OCHNACEAE Ouratea fieldingiana (Gardner) Engl.","MAR0008242",,"UFMA","Lima, G.P.","532","Native","2014",,,"Latão","Prata",,"Paço do Lumiar","Praia de Panaquatira."
"ÁREA DE PROTEÇÃO AMBIENTAL UPAON-AÇU / MIRITIBA / ALTO PREGUIÇAS","Angiosperms","Ochnaceae","Ouratea","fieldingiana","(Gardner) Engl.","OCHNACEAE Ouratea fieldingiana (Gardner) Engl.","MAR0008245",,"UFMA","Lima, G.P.","105","Native","2014",,,"Latão","Prata",,"Paço do Lumiar","Praia de Panaquatira."
"ÁREA DE PROTEÇÃO AMBIENTAL UPAON-AÇU / MIRITIBA / ALTO PREGUIÇAS","Angiosperms","Ochnaceae","Ouratea","fieldingiana","(Gardner) Engl.","OCHNACEAE Ouratea fieldingiana (Gardner) Engl.","MAR0008244",,"UFMA","Lima, G.P.","17","Native","2013",,,"Latão","Prata",,"Paço do Lumiar","Praia de Panaquatira."
"ÁREA DE PROTEÇÃO AMBIENTAL UPAON-AÇU / MIRITIBA / ALTO PREGUIÇAS","Angiosperms","Ochnaceae","Ouratea","fieldingiana","(Gardner) Engl.","OCHNACEAE Ouratea fieldingiana (Gardner) Engl.","MAR0004136",,"UFMA","Serra, F.C.V.","112","Native","2012",,,"Latão","Prata",,"São José de Ribamar","Restinga do Sitio Aguahy (Reserva da Meck)."
"ÁREA DE PROTEÇÃO AMBIENTAL UPAON-AÇU / MIRITIBA / ALTO PREGUIÇAS","Angiosperms","Ochnaceae","Ouratea","hexasperma","(A.St.-Hil.) Baill.","OCHNACEAE Ouratea hexasperma (A.St.-Hil.) Baill.","9331","splink","UFMA","Belfort, L.","T3P23P2","Native","2016",,,"Ouro","Prata",,"Paço do Lumiar","Praia de Panaquatira"
"ÁREA DE PROTEÇÃO AMBIENTAL UPAON-AÇU / MIRITIBA / ALTO PREGUIÇAS","Angiosperms","Ochnaceae","Ouratea","hexasperma","(A.St.-Hil.) Baill.","OCHNACEAE Ouratea hexasperma (A.St.-Hil.) Baill.","8247","splink","UFMA","Lima, G.P.","205","Native","2014",,,"Ouro","Prata",,"Paço do Lumiar","Praia de Panaquatira"
"ÁREA DE PROTEÇÃO AMBIENTAL UPAON-AÇU / MIRITIBA / ALTO PREGUIÇAS","Angiosperms","Ochnaceae","Ouratea","hexasperma","(A.St.-Hil.) Baill.","OCHNACEAE Ouratea hexasperma (A.St.-Hil.) Baill.","8246","splink","UFMA","Lima, G.P.","30","Native","2013",,,"Ouro","Prata",,"Paço do Lumiar","Praia de Panaquatira"
"ÁREA DE PROTEÇÃO AMBIENTAL UPAON-AÇU / MIRITIBA / ALTO PREGUIÇAS","Angiosperms","Ochnaceae","Ouratea","hexasperma","(A.St.-Hil.) Baill.","OCHNACEAE Ouratea hexasperma (A.St.-Hil.) Baill.","MAR0013223",,"UFMA","Santos, C.R.","64",,"2022",,,"Latão","Prata",,"São José de Ribamar","Sítio Aguahy."
"ÁREA DE PROTEÇÃO AMBIENTAL UPAON-AÇU / MIRITIBA / ALTO PREGUIÇAS","Angiosperms","Ochnaceae","Ouratea","hexasperma","(A.St.-Hil.) Baill.","OCHNACEAE Ouratea hexasperma (A.St.-Hil.) Baill.","MAR0009331",,"UFMA","Belfort, L.","T3P23P2",,"2016",,,"Latão","Prata",,"Paço do Lumiar","Praia de Panaquatira."
"ÁREA DE PROTEÇÃO AMBIENTAL UPAON-AÇU / MIRITIBA / ALTO PREGUIÇAS","Angiosperms","Ochnaceae","Ouratea","racemiformis","Ule","OCHNACEAE Ouratea racemiformis Ule","MAR0008243",,"UFMA","Lima, G.P.","14","Native","2013","Caldas, M.D.","2025","Bronze","Prata",,"Paço do Lumiar","Praia de Panaquatira."
"ÁREA DE PROTEÇÃO AMBIENTAL UPAON-AÇU / MIRITIBA / ALTO PREGUIÇAS","Angiosperms","Ochnaceae","Sauvagesia","erecta","L.","OCHNACEAE Sauvagesia erecta L.","MAR0004135",,"UFMA","Serra, F.C.V.","80","Native","2012",,,"Latão","Prata",,"São José de Ribamar","Restinga do Sitio Aguahy (Reserva da Meck)."
"ÁREA DE PROTEÇÃO AMBIENTAL UPAON-AÇU / MIRITIBA / ALTO PREGUIÇAS","Angiosperms","Olacaceae","Dulacia","candida","(Poepp.) Kuntze","OLACACEAE Dulacia candida (Poepp.) Kuntze","MAR0013220",,"UFMA","Santos, C.R.","1","Native","2021",,,"Latão","Prata",,"São José de Ribamar","Sítio Aguahy."
"ÁREA DE PROTEÇÃO AMBIENTAL UPAON-AÇU / MIRITIBA / ALTO PREGUIÇAS","Angiosperms","Olacaceae","Dulacia","guianensis","(Engl.) Kuntze","OLACACEAE Dulacia guianensis (Engl.) Kuntze","8269","splink","UFMA","Lima, G.P.","300","Native","2014",,,"Ouro","Prata",,"Paço do Lumiar","Praia de Panaquatira"
"ÁREA DE PROTEÇÃO AMBIENTAL UPAON-AÇU / MIRITIBA / ALTO PREGUIÇAS","Angiosperms","Olacaceae","Dulacia","guianensis","(Engl.) Kuntze","OLACACEAE Dulacia guianensis (Engl.) Kuntze","8270","splink","UFMA","Lima, G.P.","301","Native","2014",,,"Ouro","Prata",,"Paço do Lumiar","Praia de Panaquatira"
"ÁREA DE PROTEÇÃO AMBIENTAL UPAON-AÇU / MIRITIBA / ALTO PREGUIÇAS","Angiosperms","Olacaceae","Dulacia","guianensis","(Engl.) Kuntze","OLACACEAE Dulacia guianensis (Engl.) Kuntze","8268","splink","UFMA","Lima, G.P.","22","Native","2013",,,"Ouro","Prata",,"Paço do Lumiar","Praia de Panaquatira"
"ÁREA DE PROTEÇÃO AMBIENTAL UPAON-AÇU / MIRITIBA / ALTO PREGUIÇAS","Angiosperms","Olacaceae","Dulacia","guianensis","(Engl.) Kuntze","OLACACEAE Dulacia guianensis (Engl.) Kuntze","MAR0008101",,"UFMA","Lima, G.P.","571","Native","2015",,,"Latão","Prata",,"Paço do Lumiar","Praia de Panaquatira."
"ÁREA DE PROTEÇÃO AMBIENTAL UPAON-AÇU / MIRITIBA / ALTO PREGUIÇAS","Angiosperms","Olacaceae","Dulacia","guianensis","(Engl.) Kuntze","OLACACEAE Dulacia guianensis (Engl.) Kuntze","MAR0008269",,"UFMA","Lima, G.P.","300","Native","2014",,,"Latão","Prata",,"Paço do Lumiar","Praia de Panaquatira."
"ÁREA DE PROTEÇÃO AMBIENTAL UPAON-AÇU / MIRITIBA / ALTO PREGUIÇAS","Angiosperms","Onagraceae","Ludwigia","hyssopifolia","(G.Don) Exell","ONAGRACEAE Ludwigia hyssopifolia (G.Don) Exell","8104","splink","UFMA","Lima, G.P.","359","Native","2014",,,"Ouro","Prata",,"Paço do Lumiar","Praia de Panaquatira"
"ÁREA DE PROTEÇÃO AMBIENTAL UPAON-AÇU / MIRITIBA / ALTO PREGUIÇAS","Angiosperms","Onagraceae","Ludwigia","hyssopifolia","(G.Don) Exell","ONAGRACEAE Ludwigia hyssopifolia (G.Don) Exell","8105","splink","UFMA","Lima, G.P.","358","Native","2014",,,"Ouro","Prata",,"Paço do Lumiar","Praia de Panaquatira"
"ÁREA DE PROTEÇÃO AMBIENTAL UPAON-AÇU / MIRITIBA / ALTO PREGUIÇAS","Angiosperms","Onagraceae","Ludwigia","hyssopifolia","(G.Don) Exell","ONAGRACEAE Ludwigia hyssopifolia (G.Don) Exell","MAR0008103",,"UFMA","Lima, G.P.","434","Native","2014",,,"Latão","Prata",,"Paço do Lumiar","Praia de Panaquatira."
"ÁREA DE PROTEÇÃO AMBIENTAL UPAON-AÇU / MIRITIBA / ALTO PREGUIÇAS","Angiosperms","Onagraceae","Ludwigia","hyssopifolia","(G.Don) Exell","ONAGRACEAE Ludwigia hyssopifolia (G.Don) Exell","MAR0008104",,"UFMA","Lima, G.P.","359","Native","2014",,,"Latão","Prata",,"Paço do Lumiar","Praia de Panaquatira."
"ÁREA DE PROTEÇÃO AMBIENTAL UPAON-AÇU / MIRITIBA / ALTO PREGUIÇAS","Angiosperms","Onagraceae","Ludwigia","hyssopifolia","(G.Don) Exell","ONAGRACEAE Ludwigia hyssopifolia (G.Don) Exell","MAR0008105",,"UFMA","Lima, G.P.","358","Native","2014",,,"Latão","Prata",,"Paço do Lumiar","Praia de Panaquatira."
"ÁREA DE PROTEÇÃO AMBIENTAL UPAON-AÇU / MIRITIBA / ALTO PREGUIÇAS","Angiosperms","Onagraceae","Ludwigia",,"L.","ONAGRACEAE Ludwigia L.","MAR0008106",,"UFMA","Lima, G.P.","190","Native","2014",,,"Latão","Prata",,"Paço do Lumiar","Praia de Panaquatira."
"ÁREA DE PROTEÇÃO AMBIENTAL UPAON-AÇU / MIRITIBA / ALTO PREGUIÇAS","Angiosperms","Opiliaceae","Agonandra","brasiliensis","Miers ex Benth. & Hook.f.","OPILIACEAE Agonandra brasiliensis Miers ex Benth. & Hook.f.","MAR0013206",,"UFMA","Santos, C.R.","69","Native","2022",,,"Latão","Prata",,"São José de Ribamar","Sítio Aguahy."
"ÁREA DE PROTEÇÃO AMBIENTAL UPAON-AÇU / MIRITIBA / ALTO PREGUIÇAS","Angiosperms","Orchidaceae","Sacoila","lanceolata","(Aubl.) Garay","ORCHIDACEAE Sacoila lanceolata (Aubl.) Garay","8238","splink","UFMA","Lima, G.P.","565","Native","2015",,,"Ouro","Prata",,"Paço do Lumiar","Praia de Panaquatira"
"ÁREA DE PROTEÇÃO AMBIENTAL UPAON-AÇU / MIRITIBA / ALTO PREGUIÇAS","Angiosperms","Orchidaceae","Sacoila","lanceolata","(Aubl.) Garay","ORCHIDACEAE Sacoila lanceolata (Aubl.) Garay","8237","splink","UFMA","Lima, G.P.","560","Native","2015",,,"Ouro","Prata",,"Paço do Lumiar","Praia de Panaquatira"
"ÁREA DE PROTEÇÃO AMBIENTAL UPAON-AÇU / MIRITIBA / ALTO PREGUIÇAS","Angiosperms","Orchidaceae","Sacoila","lanceolata","(Aubl.) Garay","ORCHIDACEAE Sacoila lanceolata (Aubl.) Garay","MAR0008236",,"UFMA","Lima, G.P.","556","Native","2015",,,"Latão","Prata",,"Paço do Lumiar","Praia de Panaquatira."
"ÁREA DE PROTEÇÃO AMBIENTAL UPAON-AÇU / MIRITIBA / ALTO PREGUIÇAS","Angiosperms","Orchidaceae","Sacoila","lanceolata","(Aubl.) Garay","ORCHIDACEAE Sacoila lanceolata (Aubl.) Garay","MAR0008237",,"UFMA","Lima, G.P.","560","Native","2015",,,"Latão","Prata",,"Paço do Lumiar","Praia de Panaquatira."
"ÁREA DE PROTEÇÃO AMBIENTAL UPAON-AÇU / MIRITIBA / ALTO PREGUIÇAS","Angiosperms","Orchidaceae","Sacoila","lanceolata","(Aubl.) Garay","ORCHIDACEAE Sacoila lanceolata (Aubl.) Garay","MAR0008238",,"UFMA","Lima, G.P.","565","Native","2015",,,"Latão","Prata",,"Paço do Lumiar","Praia de Panaquatira."
"ÁREA DE PROTEÇÃO AMBIENTAL UPAON-AÇU / MIRITIBA / ALTO PREGUIÇAS","Angiosperms","Orobanchaceae","Buchnera","palustris","(Aubl.) Spreng.","OROBANCHACEAE Buchnera palustris (Aubl.) Spreng.","8240","splink","UFMA","Lima, G.P.","402","Native","2014",,,"Ouro","Prata",,"Paço do Lumiar","Praia de Panaquatira"
"ÁREA DE PROTEÇÃO AMBIENTAL UPAON-AÇU / MIRITIBA / ALTO PREGUIÇAS","Angiosperms","Orobanchaceae","Buchnera","palustris","(Aubl.) Spreng.","OROBANCHACEAE Buchnera palustris (Aubl.) Spreng.","8239","splink","UFMA","Lima, G.P.","389","Native","2014",,,"Ouro","Prata",,"Paço do Lumiar","Praia de Panaquatira"
"ÁREA DE PROTEÇÃO AMBIENTAL UPAON-AÇU / MIRITIBA / ALTO PREGUIÇAS","Angiosperms","Orobanchaceae","Buchnera","palustris","(Aubl.) Spreng.","OROBANCHACEAE Buchnera palustris (Aubl.) Spreng.","MAR0007974",,"UFMA","Lima, G.P.","603","Native","2015",,,"Latão","Prata",,"Paço do Lumiar","Praia de Panaquatira."
"ÁREA DE PROTEÇÃO AMBIENTAL UPAON-AÇU / MIRITIBA / ALTO PREGUIÇAS","Angiosperms","Orobanchaceae","Buchnera","palustris","(Aubl.) Spreng.","OROBANCHACEAE Buchnera palustris (Aubl.) Spreng.","MAR0008239",,"UFMA","Lima, G.P.","389","Native","2014",,,"Latão","Prata",,"Paço do Lumiar","Praia de Panaquatira."
"ÁREA DE PROTEÇÃO AMBIENTAL UPAON-AÇU / MIRITIBA / ALTO PREGUIÇAS","Angiosperms","Orobanchaceae","Buchnera","palustris","(Aubl.) Spreng.","OROBANCHACEAE Buchnera palustris (Aubl.) Spreng.","MAR0008240",,"UFMA","Lima, G.P.","402","Native","2014",,,"Latão","Prata",,"Paço do Lumiar","Praia de Panaquatira."
"ÁREA DE PROTEÇÃO AMBIENTAL UPAON-AÇU / MIRITIBA / ALTO PREGUIÇAS","Angiosperms","Passifloraceae","Passiflora","foetida","L.","PASSIFLORACEAE Passiflora foetida L.","8168","splink","UFMA","Lima, G.P.","325","Native","2014",,,"Ouro","Prata",,"Paço do Lumiar","Praia de Panaquatira"
"ÁREA DE PROTEÇÃO AMBIENTAL UPAON-AÇU / MIRITIBA / ALTO PREGUIÇAS","Angiosperms","Passifloraceae","Passiflora","foetida","L.","PASSIFLORACEAE Passiflora foetida L.","8378","splink","UFMA","Lima, G.P.","123","Native","2014",,,"Ouro","Prata",,"Paço do Lumiar","Praia de Panaquatira"
"ÁREA DE PROTEÇÃO AMBIENTAL UPAON-AÇU / MIRITIBA / ALTO PREGUIÇAS","Angiosperms","Passifloraceae","Passiflora","foetida","L.","PASSIFLORACEAE Passiflora foetida L.","8379","splink","UFMA","Lima, G.P.","231","Native","2014",,,"Ouro","Prata",,"Paço do Lumiar","Praia de Panaquatira"
"ÁREA DE PROTEÇÃO AMBIENTAL UPAON-AÇU / MIRITIBA / ALTO PREGUIÇAS","Angiosperms","Passifloraceae","Passiflora","foetida","L.","PASSIFLORACEAE Passiflora foetida L.","8462","splink","UFMA","Lima, G.P.","219","Native","2014",,,"Ouro","Prata",,"Paço do Lumiar","Praia de Panaquatira"
"ÁREA DE PROTEÇÃO AMBIENTAL UPAON-AÇU / MIRITIBA / ALTO PREGUIÇAS","Angiosperms","Passifloraceae","Passiflora","foetida","L.","PASSIFLORACEAE Passiflora foetida L.","MAR0009193",,"UFMA","Lima, G.P.",,"Native","2015",,,"Latão","Prata",,"Paço do Lumiar","Praia de Panaquatira."
"ÁREA DE PROTEÇÃO AMBIENTAL UPAON-AÇU / MIRITIBA / ALTO PREGUIÇAS","Angiosperms","Passifloraceae","Passiflora","glandulosa","Cav.","PASSIFLORACEAE Passiflora glandulosa Cav.","MAR0013216",,"UFMA","Santos, C.R.","47","Native","2022",,,"Latão","Prata",,"São José de Ribamar","Sítio Aguahy."
"ÁREA DE PROTEÇÃO AMBIENTAL UPAON-AÇU / MIRITIBA / ALTO PREGUIÇAS","Angiosperms","Phyllanthaceae","Phyllanthus","orbiculatus","Rich.","PHYLLANTHACEAE Phyllanthus orbiculatus Rich.","8272","splink","UFMA","Lima, G.P.","195","Native","2014",,,"Ouro","Prata",,"Paço do Lumiar","Praia de Panaquatira"
"ÁREA DE PROTEÇÃO AMBIENTAL UPAON-AÇU / MIRITIBA / ALTO PREGUIÇAS","Angiosperms","Phyllanthaceae","Phyllanthus","orbiculatus","Rich.","PHYLLANTHACEAE Phyllanthus orbiculatus Rich.","MAR0008271",,"UFMA","Lima, G.P.","305","Native","2014",,,"Latão","Prata",,"Paço do Lumiar","Praia de Panaquatira."
"ÁREA DE PROTEÇÃO AMBIENTAL UPAON-AÇU / MIRITIBA / ALTO PREGUIÇAS","Angiosperms","Phyllanthaceae","Phyllanthus","orbiculatus","Rich.","PHYLLANTHACEAE Phyllanthus orbiculatus Rich.","MAR0008272",,"UFMA","Lima, G.P.","195","Native","2014",,,"Latão","Prata",,"Paço do Lumiar","Praia de Panaquatira."
"ÁREA DE PROTEÇÃO AMBIENTAL UPAON-AÇU / MIRITIBA / ALTO PREGUIÇAS","Angiosperms","Piperaceae","Piper","tuberculatum","Jacq.","PIPERACEAE Piper tuberculatum Jacq.","MAR0013236",,"UFMA","Santos, C.R.","48","Native","2022",,,"Latão","Prata",,"São José de Ribamar","Sítio Aguahy."
"ÁREA DE PROTEÇÃO AMBIENTAL UPAON-AÇU / MIRITIBA / ALTO PREGUIÇAS","Angiosperms","Plantaginaceae","Bacopa","angulata","(Benth.) Edwall","PLANTAGINACEAE Bacopa angulata (Benth.) Edwall","8557","splink","UFMA","Lima, G.P.","414","Native","2014","Scatigna, A.V.","2019","Ouro","Prata",,"Paço do Lumiar","Praia de Panaquatira"
"ÁREA DE PROTEÇÃO AMBIENTAL UPAON-AÇU / MIRITIBA / ALTO PREGUIÇAS","Angiosperms","Plantaginaceae","Bacopa","angulata","(Benth.) Edwall","PLANTAGINACEAE Bacopa angulata (Benth.) Edwall","MAR0010229",,"UFMA","Almeida Junior, E.B.","1336","Native","2017","Scatigna, A.V.",,"Bronze","Prata",,"Paço do Lumiar","Praia de Panaquatira."
"ÁREA DE PROTEÇÃO AMBIENTAL UPAON-AÇU / MIRITIBA / ALTO PREGUIÇAS","Angiosperms","Plantaginaceae","Bacopa","angulata","(Benth.) Edwall","PLANTAGINACEAE Bacopa angulata (Benth.) Edwall","MAR0008556",,"UFMA","Lima, G.P.","576","Native","2015","Scatigna, A.V.","2019","Bronze","Prata",,"Paço do Lumiar","Praia de Panaquatira."
"ÁREA DE PROTEÇÃO AMBIENTAL UPAON-AÇU / MIRITIBA / ALTO PREGUIÇAS","Angiosperms","Plantaginaceae","Bacopa","angulata","(Benth.) Edwall","PLANTAGINACEAE Bacopa angulata (Benth.) Edwall","MAR0008557",,"UFMA","Lima, G.P.","414","Native","2014","Scatigna, A.V.","2019","Bronze","Prata",,"Paço do Lumiar","Praia de Panaquatira."
"ÁREA DE PROTEÇÃO AMBIENTAL UPAON-AÇU / MIRITIBA / ALTO PREGUIÇAS","Angiosperms","Plantaginaceae","Scoparia","dulcis","L.","PLANTAGINACEAE Scoparia dulcis L.","MAR0008333",,"UFMA","Lima, G.P.","542","Native","2015",,,"Latão","Prata",,"Paço do Lumiar","Praia de Panaquatira."
"ÁREA DE PROTEÇÃO AMBIENTAL UPAON-AÇU / MIRITIBA / ALTO PREGUIÇAS","Angiosperms","Plantaginaceae","Tetraulacium","veroniciforme","Turcz.","PLANTAGINACEAE Tetraulacium veroniciforme Turcz.","8335","splink","UFMA","Lima, G.P.","361","Native","2014",,,"Ouro","Prata",,"Paço do Lumiar","Praia de Panaquatira"
"ÁREA DE PROTEÇÃO AMBIENTAL UPAON-AÇU / MIRITIBA / ALTO PREGUIÇAS","Angiosperms","Plantaginaceae","Tetraulacium","veroniciforme","Turcz.","PLANTAGINACEAE Tetraulacium veroniciforme Turcz.","8336","splink","UFMA","Lima, G.P.","95","Native","2014",,,"Ouro","Prata",,"Paço do Lumiar","Praia de Panaquatira"
"ÁREA DE PROTEÇÃO AMBIENTAL UPAON-AÇU / MIRITIBA / ALTO PREGUIÇAS","Angiosperms","Plantaginaceae","Tetraulacium","veroniciforme","Turcz.","PLANTAGINACEAE Tetraulacium veroniciforme Turcz.","8337","splink","UFMA","Lima, G.P.","153","Native","2014",,,"Ouro","Prata",,"Paço do Lumiar","Praia de Panaquatira"
"ÁREA DE PROTEÇÃO AMBIENTAL UPAON-AÇU / MIRITIBA / ALTO PREGUIÇAS","Angiosperms","Plantaginaceae","Tetraulacium","veroniciforme","Turcz.","PLANTAGINACEAE Tetraulacium veroniciforme Turcz.","MAR0008334",,"UFMA","Lima, G.P.","257","Native","2014",,,"Latão","Prata",,"Paço do Lumiar","Praia de Panaquatira."
"ÁREA DE PROTEÇÃO AMBIENTAL UPAON-AÇU / MIRITIBA / ALTO PREGUIÇAS","Angiosperms","Plantaginaceae","Tetraulacium","veroniciforme","Turcz.","PLANTAGINACEAE Tetraulacium veroniciforme Turcz.","MAR0008335",,"UFMA","Lima, G.P.","361","Native","2014",,,"Latão","Prata",,"Paço do Lumiar","Praia de Panaquatira."
"ÁREA DE PROTEÇÃO AMBIENTAL UPAON-AÇU / MIRITIBA / ALTO PREGUIÇAS","Angiosperms","Poaceae","Acroceras","fluminense","(Hack.) Zuloaga & Morrone","POACEAE Acroceras fluminense (Hack.) Zuloaga & Morrone","10645","splink","UFMA","Dias, K.N.L.","288","Native","2017",,,"Ouro","Prata",,"São José de Ribamar","Sitio Aguahy"
"ÁREA DE PROTEÇÃO AMBIENTAL UPAON-AÇU / MIRITIBA / ALTO PREGUIÇAS","Angiosperms","Poaceae","Acroceras","fluminense","(Hack.) Zuloaga & Morrone","POACEAE Acroceras fluminense (Hack.) Zuloaga & Morrone","10555","splink","UFMA","Dias, K.N.L.","285","Native","2017",,,"Ouro","Prata",,"São José de Ribamar","Sitio Aguahy"
"ÁREA DE PROTEÇÃO AMBIENTAL UPAON-AÇU / MIRITIBA / ALTO PREGUIÇAS","Angiosperms","Poaceae","Acroceras","fluminense","(Hack.) Zuloaga & Morrone","POACEAE Acroceras fluminense (Hack.) Zuloaga & Morrone","MAR0010469",,"UFMA","Dias, K.N.L.","287","Native","2017",,,"Latão","Prata",,"São José de Ribamar","Sitio Aguahy."
"ÁREA DE PROTEÇÃO AMBIENTAL UPAON-AÇU / MIRITIBA / ALTO PREGUIÇAS","Angiosperms","Poaceae","Acroceras","fluminense","(Hack.) Zuloaga & Morrone","POACEAE Acroceras fluminense (Hack.) Zuloaga & Morrone","MAR0010555",,"UFMA","Dias, K.N.L.","285","Native","2017",,,"Latão","Prata",,"São José de Ribamar","Sitio Aguahy."
"ÁREA DE PROTEÇÃO AMBIENTAL UPAON-AÇU / MIRITIBA / ALTO PREGUIÇAS","Angiosperms","Poaceae","Acroceras","fluminense","(Hack.) Zuloaga & Morrone","POACEAE Acroceras fluminense (Hack.) Zuloaga & Morrone","MAR0010645",,"UFMA","Dias, K.N.L.","288","Native","2017",,,"Latão","Prata",,"São José de Ribamar","Sitio Aguahy."
"ÁREA DE PROTEÇÃO AMBIENTAL UPAON-AÇU / MIRITIBA / ALTO PREGUIÇAS","Angiosperms","Poaceae","Andropogon","bicornis","L.","POACEAE Andropogon bicornis L.","MAR0010520",,"UFMA","Dias, K.N.L.","279",,"2017",,,"Latão","Prata",,"São José de Ribamar","Sitio Aguahy."
"ÁREA DE PROTEÇÃO AMBIENTAL UPAON-AÇU / MIRITIBA / ALTO PREGUIÇAS","Angiosperms","Poaceae","Aristida","longifolia","Trin.","POACEAE Aristida longifolia Trin.","10499","splink","UFMA","Dias, K.N.L.","296","Native","2017",,,"Ouro","Prata",,"São José de Ribamar","Sitio Aguahy"
"ÁREA DE PROTEÇÃO AMBIENTAL UPAON-AÇU / MIRITIBA / ALTO PREGUIÇAS","Angiosperms","Poaceae","Aristida","longifolia","Trin.","POACEAE Aristida longifolia Trin.","MAR0010498",,"UFMA","Dias, K.N.L.","274",,"2017",,,"Latão","Prata",,"São José de Ribamar","Sitio Aguahy."
"ÁREA DE PROTEÇÃO AMBIENTAL UPAON-AÇU / MIRITIBA / ALTO PREGUIÇAS","Angiosperms","Poaceae","Aristida","longifolia","Trin.","POACEAE Aristida longifolia Trin.","MAR0010499",,"UFMA","Dias, K.N.L.","296",,"2017",,,"Latão","Prata",,"São José de Ribamar","Sitio Aguahy."
"ÁREA DE PROTEÇÃO AMBIENTAL UPAON-AÇU / MIRITIBA / ALTO PREGUIÇAS","Angiosperms","Poaceae","Axonopus","capillaris","(Lam.) Chase","POACEAE Axonopus capillaris (Lam.) Chase","MAR0010537",,"UFMA","Dias, K.N.L.","237",,"2016",,,"Latão","Prata",,"São José de Ribamar","Sitio Aguahy."
"ÁREA DE PROTEÇÃO AMBIENTAL UPAON-AÇU / MIRITIBA / ALTO PREGUIÇAS","Angiosperms","Poaceae","Axonopus","purpusii","(Mez) Chase","POACEAE Axonopus purpusii (Mez) Chase","MAR0010536",,"UFMA","Dias, K.N.L.","217",,"2016",,,"Latão","Prata",,"São José de Ribamar","Sitio Aguahy."
"ÁREA DE PROTEÇÃO AMBIENTAL UPAON-AÇU / MIRITIBA / ALTO PREGUIÇAS","Angiosperms","Poaceae","Dactyloctenium","aegyptium","(L.) Willd.","POACEAE Dactyloctenium aegyptium (L.) Willd.","10590","splink","UFMA","Dias, K.N.L.","203","Native","2016",,,"Ouro","Prata",,"São José de Ribamar","Sitio Aguahy"
"ÁREA DE PROTEÇÃO AMBIENTAL UPAON-AÇU / MIRITIBA / ALTO PREGUIÇAS","Angiosperms","Poaceae","Dactyloctenium","aegyptium","(L.) Willd.","POACEAE Dactyloctenium aegyptium (L.) Willd.","MAR0010476",,"UFMA","Dias, K.N.L.","213","Native","2016",,,"Latão","Prata",,"São José de Ribamar","Sitio Aguahy."
"ÁREA DE PROTEÇÃO AMBIENTAL UPAON-AÇU / MIRITIBA / ALTO PREGUIÇAS","Angiosperms","Poaceae","Dactyloctenium","aegyptium","(L.) Willd.","POACEAE Dactyloctenium aegyptium (L.) Willd.","MAR0010560",,"UFMA","Dias, K.N.L.","206","Native","2016",,,"Latão","Prata",,"São José de Ribamar","Sitio Aguahy."
"ÁREA DE PROTEÇÃO AMBIENTAL UPAON-AÇU / MIRITIBA / ALTO PREGUIÇAS","Angiosperms","Poaceae","Dactyloctenium","aegyptium","(L.) Willd.","POACEAE Dactyloctenium aegyptium (L.) Willd.","MAR0010590",,"UFMA","Dias, K.N.L.","203","Native","2016",,,"Latão","Prata",,"São José de Ribamar","Sitio Aguahy."
"ÁREA DE PROTEÇÃO AMBIENTAL UPAON-AÇU / MIRITIBA / ALTO PREGUIÇAS","Angiosperms","Poaceae","Dactyloctenium","aegyptium","(L.) Willd.","POACEAE Dactyloctenium aegyptium (L.) Willd.","MAR0009563",,"UFMA","Dias, K.N.L.","213","Native","2016",,,"Latão","Prata",,"São José de Ribamar","Sítio Aguahy."
"ÁREA DE PROTEÇÃO AMBIENTAL UPAON-AÇU / MIRITIBA / ALTO PREGUIÇAS","Angiosperms","Poaceae","Dichanthelium",,"(Hitchc. & Chase) Gould","POACEAE Dichanthelium (Hitchc. & Chase) Gould","10484","splink","UFMA","Dias, K.N.L.","239","Native","2016",,,"Ouro","Prata",,"São José de Ribamar","Sitio Aguahy"
"ÁREA DE PROTEÇÃO AMBIENTAL UPAON-AÇU / MIRITIBA / ALTO PREGUIÇAS","Angiosperms","Poaceae","Dichanthelium",,"(Hitchc. & Chase) Gould","POACEAE Dichanthelium (Hitchc. & Chase) Gould","10592","splink","UFMA","Dias, K.N.L.","215","Native","2016",,,"Ouro","Prata",,"São José de Ribamar","Sitio Aguahy"
"ÁREA DE PROTEÇÃO AMBIENTAL UPAON-AÇU / MIRITIBA / ALTO PREGUIÇAS","Angiosperms","Poaceae","Dichanthelium",,"(Hitchc. & Chase) Gould","POACEAE Dichanthelium (Hitchc. & Chase) Gould","MAR0010636",,"UFMA","Dias, K.N.L.","198","Native","2016","Dias, K.N.L.","2018","Bronze","Prata",,"São José de Ribamar","Sitio Aguahy."
"ÁREA DE PROTEÇÃO AMBIENTAL UPAON-AÇU / MIRITIBA / ALTO PREGUIÇAS","Angiosperms","Poaceae","Dichanthelium",,"(Hitchc. & Chase) Gould","POACEAE Dichanthelium (Hitchc. & Chase) Gould","MAR0010482",,"UFMA","Dias, K.N.L.","198","Native","2016",,,"Latão","Prata",,"São José de Ribamar","Sitio Aguahy."
"ÁREA DE PROTEÇÃO AMBIENTAL UPAON-AÇU / MIRITIBA / ALTO PREGUIÇAS","Angiosperms","Poaceae","Dichanthelium",,"(Hitchc. & Chase) Gould","POACEAE Dichanthelium (Hitchc. & Chase) Gould","MAR0010483",,"UFMA","Dias, K.N.L.","197","Native","2016",,,"Latão","Prata",,"São José de Ribamar","Sitio Aguahy."
"ÁREA DE PROTEÇÃO AMBIENTAL UPAON-AÇU / MIRITIBA / ALTO PREGUIÇAS","Angiosperms","Poaceae","Digitaria","horizontalis","Willd.","POACEAE Digitaria horizontalis Willd.","10534","splink","UFMA","Dias, K.N.L.","201","Native","2016",,,"Ouro","Prata",,"São José de Ribamar","Sitio Aguahy"
"ÁREA DE PROTEÇÃO AMBIENTAL UPAON-AÇU / MIRITIBA / ALTO PREGUIÇAS","Angiosperms","Poaceae","Digitaria","horizontalis","Willd.","POACEAE Digitaria horizontalis Willd.","8224","splink","UFMA","Lima, G.P.","507","Native","2014","Dias, K.N.",,"Ouro","Prata",,"Paço do Lumiar","Praia de Panaquatira"
"ÁREA DE PROTEÇÃO AMBIENTAL UPAON-AÇU / MIRITIBA / ALTO PREGUIÇAS","Angiosperms","Poaceae","Digitaria","horizontalis","Willd.","POACEAE Digitaria horizontalis Willd.","8225","splink","UFMA","Lima, G.P.","309","Native","2014","Dias, K.N.",,"Ouro","Prata",,"Paço do Lumiar","Praia de Panaquatira"
"ÁREA DE PROTEÇÃO AMBIENTAL UPAON-AÇU / MIRITIBA / ALTO PREGUIÇAS","Angiosperms","Poaceae","Digitaria","horizontalis","Willd.","POACEAE Digitaria horizontalis Willd.","MAR0010535",,"UFMA","Dias, K.N.L.","301","Native","2017","Dias, K.N.L.","2018","Bronze","Prata",,"São José de Ribamar","Sitio Aguahy."
"ÁREA DE PROTEÇÃO AMBIENTAL UPAON-AÇU / MIRITIBA / ALTO PREGUIÇAS","Angiosperms","Poaceae","Digitaria","horizontalis","Willd.","POACEAE Digitaria horizontalis Willd.","MAR0008224",,"UFMA","Lima, G.P.","507","Naturalized","2014","Dias, K.N.",,"Bronze","Prata",,"Paço do Lumiar","Praia de Panaquatira."
"ÁREA DE PROTEÇÃO AMBIENTAL UPAON-AÇU / MIRITIBA / ALTO PREGUIÇAS","Angiosperms","Poaceae","Eleusine","indica","(L.) Gaertn.","POACEAE Eleusine indica (L.) Gaertn.","10591","splink","UFMA","Dias, K.N.L.","212","Native","2016",,,"Ouro","Prata",,"São José de Ribamar","Sitio Aguahy"
"ÁREA DE PROTEÇÃO AMBIENTAL UPAON-AÇU / MIRITIBA / ALTO PREGUIÇAS","Angiosperms","Poaceae","Eleusine","indica","(L.) Gaertn.","POACEAE Eleusine indica (L.) Gaertn.","9565","splink","UFMA","Dias, K.N.L.","209","Native","2016",,,"Ouro","Prata",,"São José de Ribamar","Sítio Aguahy"
"ÁREA DE PROTEÇÃO AMBIENTAL UPAON-AÇU / MIRITIBA / ALTO PREGUIÇAS","Angiosperms","Poaceae","Eleusine","indica","(L.) Gaertn.","POACEAE Eleusine indica (L.) Gaertn.","MAR0010561",,"UFMA","Dias, K.N.L.","207","Naturalized","2016",,,"Latão","Prata",,"São José de Ribamar","Sitio Aguahy."
"ÁREA DE PROTEÇÃO AMBIENTAL UPAON-AÇU / MIRITIBA / ALTO PREGUIÇAS","Angiosperms","Poaceae","Eleusine","indica","(L.) Gaertn.","POACEAE Eleusine indica (L.) Gaertn.","MAR0010591",,"UFMA","Dias, K.N.L.","212","Naturalized","2016",,,"Latão","Prata",,"São José de Ribamar","Sitio Aguahy."
"ÁREA DE PROTEÇÃO AMBIENTAL UPAON-AÇU / MIRITIBA / ALTO PREGUIÇAS","Angiosperms","Poaceae","Eleusine","indica","(L.) Gaertn.","POACEAE Eleusine indica (L.) Gaertn.","MAR0009565",,"UFMA","Dias, K.N.L.","209","Naturalized","2016",,,"Latão","Prata",,"São José de Ribamar","Sítio Aguahy."
"ÁREA DE PROTEÇÃO AMBIENTAL UPAON-AÇU / MIRITIBA / ALTO PREGUIÇAS","Angiosperms","Poaceae","Eragrostis","ciliaris","(L.) R.Br.","POACEAE Eragrostis ciliaris (L.) R.Br.","10677","splink","UFMA","Dias, K.N.L.","199","Naturalized","2016",,,"Ouro","Prata",,"São José de Ribamar","Sitio Aguahy"
"ÁREA DE PROTEÇÃO AMBIENTAL UPAON-AÇU / MIRITIBA / ALTO PREGUIÇAS","Angiosperms","Poaceae","Eragrostis","ciliaris","(L.) R.Br.","POACEAE Eragrostis ciliaris (L.) R.Br.","MAR0010589",,"UFMA","Dias, K.N.L.","200","Native","2016",,,"Latão","Prata",,"São José de Ribamar","Sitio Aguahy."
"ÁREA DE PROTEÇÃO AMBIENTAL UPAON-AÇU / MIRITIBA / ALTO PREGUIÇAS","Angiosperms","Poaceae","Eragrostis","ciliaris","(L.) R.Br.","POACEAE Eragrostis ciliaris (L.) R.Br.","MAR0010677",,"UFMA","Dias, K.N.L.","199","Native","2016",,,"Latão","Prata",,"São José de Ribamar","Sitio Aguahy."
"ÁREA DE PROTEÇÃO AMBIENTAL UPAON-AÇU / MIRITIBA / ALTO PREGUIÇAS","Angiosperms","Poaceae","Eragrostis","maypurensis","(Kunth) Steud.","POACEAE Eragrostis maypurensis (Kunth) Steud.","10563","splink","UFMA","Dias, K.N.L.","295","Naturalized","2017",,,"Ouro","Prata",,"São José de Ribamar","Sitio Aguahy"
"ÁREA DE PROTEÇÃO AMBIENTAL UPAON-AÇU / MIRITIBA / ALTO PREGUIÇAS","Angiosperms","Poaceae","Eragrostis","maypurensis","(Kunth) Steud.","POACEAE Eragrostis maypurensis (Kunth) Steud.","MAR0010558",,"UFMA","Dias, K.N.L.","278","Native","2017",,,"Latão","Prata",,"São José de Ribamar","Sitio Aguahy."
"ÁREA DE PROTEÇÃO AMBIENTAL UPAON-AÇU / MIRITIBA / ALTO PREGUIÇAS","Angiosperms","Poaceae","Eragrostis","maypurensis","(Kunth) Steud.","POACEAE Eragrostis maypurensis (Kunth) Steud.","MAR0010563",,"UFMA","Dias, K.N.L.","295","Native","2017",,,"Latão","Prata",,"São José de Ribamar","Sitio Aguahy."
"ÁREA DE PROTEÇÃO AMBIENTAL UPAON-AÇU / MIRITIBA / ALTO PREGUIÇAS","Angiosperms","Poaceae","Eragrostis","pilosa","(L.) P.Beauv.","POACEAE Eragrostis pilosa (L.) P.Beauv.","MAR0010580",,"UFMA","Dias, K.N.L.","202","Native","2016","Dias, K.N.L.","2018","Bronze","Prata",,"São José de Ribamar","Sitio Aguahy."
"ÁREA DE PROTEÇÃO AMBIENTAL UPAON-AÇU / MIRITIBA / ALTO PREGUIÇAS","Angiosperms","Poaceae","Hymenachne","pernambucensis","(Spreng.) Zuloaga","POACEAE Hymenachne pernambucensis (Spreng.) Zuloaga","MAR0010122",,"UFMA","Serra, F.C.V.","218","Native","2012",,,"Latão","Prata",,"São José de Ribamar","Sitio Aguahy."
"ÁREA DE PROTEÇÃO AMBIENTAL UPAON-AÇU / MIRITIBA / ALTO PREGUIÇAS","Angiosperms","Poaceae","Ichnanthus","nemoralis","(Schrad. ex Schult.) Hitchc. & Chase","POACEAE Ichnanthus nemoralis (Schrad. ex Schult.) Hitchc. & Chase","10465","splink","UFMA","Dias, K.N.L.","227","Native","2016",,,"Ouro","Prata",,"São José de Ribamar","Sitio Aguahy"
"ÁREA DE PROTEÇÃO AMBIENTAL UPAON-AÇU / MIRITIBA / ALTO PREGUIÇAS","Angiosperms","Poaceae","Ichnanthus","nemoralis","(Schrad. ex Schult.) Hitchc. & Chase","POACEAE Ichnanthus nemoralis (Schrad. ex Schult.) Hitchc. & Chase","MAR0010467",,"UFMA","Dias, K.N.L.","315","Native","2017",,,"Latão","Prata",,"São José de Ribamar","Sitio Aguahy."
"ÁREA DE PROTEÇÃO AMBIENTAL UPAON-AÇU / MIRITIBA / ALTO PREGUIÇAS","Angiosperms","Poaceae","Ichnanthus","nemoralis","(Schrad. ex Schult.) Hitchc. & Chase","POACEAE Ichnanthus nemoralis (Schrad. ex Schult.) Hitchc. & Chase","MAR0010465",,"UFMA","Dias, K.N.L.","227","Native","2016",,,"Latão","Prata",,"São José de Ribamar","Sitio Aguahy."
"ÁREA DE PROTEÇÃO AMBIENTAL UPAON-AÇU / MIRITIBA / ALTO PREGUIÇAS","Angiosperms","Poaceae","Ichnanthus","nemoralis","(Schrad. ex Schult.) Hitchc. & Chase","POACEAE Ichnanthus nemoralis (Schrad. ex Schult.) Hitchc. & Chase","MAR0010496",,"UFMA","Dias, K.N.L.","228","Native","2016",,,"Latão","Prata",,"São José de Ribamar","Sitio Aguahy."
"ÁREA DE PROTEÇÃO AMBIENTAL UPAON-AÇU / MIRITIBA / ALTO PREGUIÇAS","Angiosperms","Poaceae","Ichnanthus","nemoralis","(Schrad. ex Schult.) Hitchc. & Chase","POACEAE Ichnanthus nemoralis (Schrad. ex Schult.) Hitchc. & Chase","MAR0010497",,"UFMA","Dias, K.N.L.","228","Native","2016",,,"Latão","Prata",,"São José de Ribamar","Sitio Aguahy."
"ÁREA DE PROTEÇÃO AMBIENTAL UPAON-AÇU / MIRITIBA / ALTO PREGUIÇAS","Angiosperms","Poaceae","Olyra","latifolia","L.","POACEAE Olyra latifolia L.","14983","splink","UFMA","Dias, K.N.L.","267","Native","2017",,,"Ouro","Prata",,"São José de Ribamar","Sítio Aguahy"
"ÁREA DE PROTEÇÃO AMBIENTAL UPAON-AÇU / MIRITIBA / ALTO PREGUIÇAS","Angiosperms","Poaceae","Olyra","latifolia","L.","POACEAE Olyra latifolia L.","MAR0010657",,"UFMA","Dias, K.N.L.","268","Native","2017",,,"Latão","Prata",,"São José de Ribamar","Sitio Aguahy."
"ÁREA DE PROTEÇÃO AMBIENTAL UPAON-AÇU / MIRITIBA / ALTO PREGUIÇAS","Angiosperms","Poaceae","Olyra","latifolia","L.","POACEAE Olyra latifolia L.","MAR0014983",,"UFMA","Dias, K.N.L.","267","Native","2017",,,"Latão","Prata",,"São José de Ribamar","Sítio Aguahy."
"ÁREA DE PROTEÇÃO AMBIENTAL UPAON-AÇU / MIRITIBA / ALTO PREGUIÇAS","Angiosperms","Poaceae","Panicum","hirtum","Lam.","POACEAE Panicum hirtum Lam.","9573","splink","UFMA","Dias, K.N.L.","197","Native","2016",,,"Ouro","Prata",,"São José de Ribamar","Sítio Aguahy"
"ÁREA DE PROTEÇÃO AMBIENTAL UPAON-AÇU / MIRITIBA / ALTO PREGUIÇAS","Angiosperms","Poaceae","Panicum","hirtum","Lam.","POACEAE Panicum hirtum Lam.","MAR0009572",,"UFMA","Dias, K.N.L.","214","Native","2016",,,"Latão","Prata",,"São José de Ribamar","Sítio Aguahy."
"ÁREA DE PROTEÇÃO AMBIENTAL UPAON-AÇU / MIRITIBA / ALTO PREGUIÇAS","Angiosperms","Poaceae","Panicum","hirtum","Lam.","POACEAE Panicum hirtum Lam.","MAR0009573",,"UFMA","Dias, K.N.L.","197","Native","2016",,,"Latão","Prata",,"São José de Ribamar","Sítio Aguahy."
"ÁREA DE PROTEÇÃO AMBIENTAL UPAON-AÇU / MIRITIBA / ALTO PREGUIÇAS","Angiosperms","Poaceae","Pariana",,"Aubl.","POACEAE Pariana Aubl.","10505","splink","UFMA","Dias, K.N.L.","326","Native","2017",,,"Ouro","Prata",,"São José de Ribamar","Sitio Aguahy"
"ÁREA DE PROTEÇÃO AMBIENTAL UPAON-AÇU / MIRITIBA / ALTO PREGUIÇAS","Angiosperms","Poaceae","Pariana",,"Aubl.","POACEAE Pariana Aubl.","14189","splink","UFMA","Dias, K.N.L.","289","Native","2017",,,"Ouro","Prata",,"São José de Ribamar","Sítio Aguahy"
"ÁREA DE PROTEÇÃO AMBIENTAL UPAON-AÇU / MIRITIBA / ALTO PREGUIÇAS","Angiosperms","Poaceae","Pariana",,"Aubl.","POACEAE Pariana Aubl.","10466","splink","UFMA","Dias, K.N.L.","318","Native","2017",,,"Ouro","Prata",,"São José de Ribamar","Sitio Aguahy"
"ÁREA DE PROTEÇÃO AMBIENTAL UPAON-AÇU / MIRITIBA / ALTO PREGUIÇAS","Angiosperms","Poaceae","Pariana",,"Aubl.","POACEAE Pariana Aubl.","10500","splink","UFMA","Dias, K.N.L.","319","Native","2017",,,"Ouro","Prata",,"São José de Ribamar","Sitio Aguahy"
"ÁREA DE PROTEÇÃO AMBIENTAL UPAON-AÇU / MIRITIBA / ALTO PREGUIÇAS","Angiosperms","Poaceae","Pariana",,"Aubl.","POACEAE Pariana Aubl.","10501","splink","UFMA","Dias, K.N.L.","320","Native","2017",,,"Ouro","Prata",,"São José de Ribamar","Sitio Aguahy"
"ÁREA DE PROTEÇÃO AMBIENTAL UPAON-AÇU / MIRITIBA / ALTO PREGUIÇAS","Angiosperms","Poaceae","Paspalum","conjugatum","P.J.Bergius","POACEAE Paspalum conjugatum P.J.Bergius","MAR0010468",,"UFMA","Dias, K.N.L.","187","Native","2016",,,"Latão","Prata",,"São José de Ribamar","Sitio Aguahy."
"ÁREA DE PROTEÇÃO AMBIENTAL UPAON-AÇU / MIRITIBA / ALTO PREGUIÇAS","Angiosperms","Poaceae","Paspalum","maritimum","Trin.","POACEAE Paspalum maritimum Trin.","10584","splink","UFMA","Dias, K.N.L.","236","Native","2016",,,"Ouro","Prata",,"São José de Ribamar","Sitio Aguahy"
"ÁREA DE PROTEÇÃO AMBIENTAL UPAON-AÇU / MIRITIBA / ALTO PREGUIÇAS","Angiosperms","Poaceae","Paspalum","maritimum","Trin.","POACEAE Paspalum maritimum Trin.","10622","splink","UFMA","Dias, K.N.L.","248","Native","2016",,,"Ouro","Prata",,"São José de Ribamar","Sitio Aguahy"
"ÁREA DE PROTEÇÃO AMBIENTAL UPAON-AÇU / MIRITIBA / ALTO PREGUIÇAS","Angiosperms","Poaceae","Paspalum","maritimum","Trin.","POACEAE Paspalum maritimum Trin.","8382","splink","UFMA","Lima, G.P.","234","Native","2014",,,"Ouro","Prata",,"Paço do Lumiar","Praia de Panaquatira"
"ÁREA DE PROTEÇÃO AMBIENTAL UPAON-AÇU / MIRITIBA / ALTO PREGUIÇAS","Angiosperms","Poaceae","Paspalum","maritimum","Trin.","POACEAE Paspalum maritimum Trin.","8383","splink","UFMA","Lima, G.P.","124","Native","2014",,,"Ouro","Prata",,"Paço do Lumiar","Praia de Panaquatira"
"ÁREA DE PROTEÇÃO AMBIENTAL UPAON-AÇU / MIRITIBA / ALTO PREGUIÇAS","Angiosperms","Poaceae","Paspalum","maritimum","Trin.","POACEAE Paspalum maritimum Trin.","MAR0010582",,"UFMA","Dias, K.N.L.","235","Native","2016",,,"Latão","Prata",,"São José de Ribamar","Sitio Aguahy."
"ÁREA DE PROTEÇÃO AMBIENTAL UPAON-AÇU / MIRITIBA / ALTO PREGUIÇAS","Angiosperms","Poaceae",,,"Barnhart","POACEAE Poaceae Barnhart","MAR0010023",,"UFMA","Dias, K.N.L.","281","Native","2017",,,"Latão","Prata",,"São José de Ribamar","Sítio Aguahy."
"ÁREA DE PROTEÇÃO AMBIENTAL UPAON-AÇU / MIRITIBA / ALTO PREGUIÇAS","Angiosperms","Poaceae","Rehia","nervata","Fijten","POACEAE Rehia nervata Fijten","14190","splink","UFMA","Dias, K.N.L.","290","Native","2017",,,"Ouro","Prata",,"São José de Ribamar","Sítio Aguahy"
"ÁREA DE PROTEÇÃO AMBIENTAL UPAON-AÇU / MIRITIBA / ALTO PREGUIÇAS","Angiosperms","Poaceae","Rehia","nervata","Fijten","POACEAE Rehia nervata Fijten","14192","splink","UFMA","Dias, K.N.L.","291","Native","2017",,,"Ouro","Prata",,"São José de Ribamar","Sítio Aguahy"
"ÁREA DE PROTEÇÃO AMBIENTAL UPAON-AÇU / MIRITIBA / ALTO PREGUIÇAS","Angiosperms","Poaceae","Rehia","nervata","Fijten","POACEAE Rehia nervata Fijten","14195","splink","UFMA","Dias, K.N.L.","293","Native","2017",,,"Ouro","Prata",,"São José de Ribamar","Sítio Aguahy"
"ÁREA DE PROTEÇÃO AMBIENTAL UPAON-AÇU / MIRITIBA / ALTO PREGUIÇAS","Angiosperms","Poaceae","Rehia","nervata","Fijten","POACEAE Rehia nervata Fijten","MAR0014190",,"UFMA","Dias, K.N.L.","290","Native","2017",,,"Latão","Prata",,"São José de Ribamar","Sítio Aguahy."
"ÁREA DE PROTEÇÃO AMBIENTAL UPAON-AÇU / MIRITIBA / ALTO PREGUIÇAS","Angiosperms","Poaceae","Rehia","nervata","Fijten","POACEAE Rehia nervata Fijten","MAR0014191",,"UFMA","Dias, K.N.L.","324","Native","2017",,,"Latão","Prata",,"São José de Ribamar","Sítio Aguahy."
"ÁREA DE PROTEÇÃO AMBIENTAL UPAON-AÇU / MIRITIBA / ALTO PREGUIÇAS","Angiosperms","Poaceae","Rugoloa","pilosa","(Sw.) Zuloaga","POACEAE Rugoloa pilosa (Sw.) Zuloaga","10664","splink","UFMA","Dias, K.N.L.","222","Native","2016",,,"Ouro","Prata",,"São José de Ribamar","Sitio Aguahy"
"ÁREA DE PROTEÇÃO AMBIENTAL UPAON-AÇU / MIRITIBA / ALTO PREGUIÇAS","Angiosperms","Poaceae","Rugoloa","pilosa","(Sw.) Zuloaga","POACEAE Rugoloa pilosa (Sw.) Zuloaga","10678","splink","UFMA","Dias, K.N.L.","216","Native","2016",,,"Ouro","Prata",,"São José de Ribamar","Sitio Aguahy"
"ÁREA DE PROTEÇÃO AMBIENTAL UPAON-AÇU / MIRITIBA / ALTO PREGUIÇAS","Angiosperms","Poaceae","Rugoloa","pilosa","(Sw.) Zuloaga","POACEAE Rugoloa pilosa (Sw.) Zuloaga","9574","splink","UFMA","Dias, K.N.L.","161","Native","2015",,,"Ouro","Prata",,"São José de Ribamar","Sítio Aguahy"
"ÁREA DE PROTEÇÃO AMBIENTAL UPAON-AÇU / MIRITIBA / ALTO PREGUIÇAS","Angiosperms","Poaceae","Rugoloa","pilosa","(Sw.) Zuloaga","POACEAE Rugoloa pilosa (Sw.) Zuloaga","8221","splink","UFMA","Lima, G.P.","527","Native","2014","Dias, K.N.",,"Ouro","Prata",,"Paço do Lumiar","Praia de Panaquatira"
"ÁREA DE PROTEÇÃO AMBIENTAL UPAON-AÇU / MIRITIBA / ALTO PREGUIÇAS","Angiosperms","Poaceae","Rugoloa","pilosa","(Sw.) Zuloaga","POACEAE Rugoloa pilosa (Sw.) Zuloaga","MAR0008221",,"UFMA","Lima, G.P.","527","Native","2014","Dias, K.N.",,"Bronze","Prata",,"Paço do Lumiar","Praia de Panaquatira."
"ÁREA DE PROTEÇÃO AMBIENTAL UPAON-AÇU / MIRITIBA / ALTO PREGUIÇAS","Angiosperms","Poaceae","Sacciolepis","indica","(L.) Chase","POACEAE Sacciolepis indica (L.) Chase","10557","splink","UFMA","Dias, K.N.L.","314","Native","2017",,,"Ouro","Prata",,"São José de Ribamar","Sitio Aguahy"
"ÁREA DE PROTEÇÃO AMBIENTAL UPAON-AÇU / MIRITIBA / ALTO PREGUIÇAS","Angiosperms","Poaceae","Sacciolepis","indica","(L.) Chase","POACEAE Sacciolepis indica (L.) Chase","10556","splink","UFMA","Dias, K.N.L.","312","Native","2017",,,"Ouro","Prata",,"São José de Ribamar","Sitio Aguahy"
"ÁREA DE PROTEÇÃO AMBIENTAL UPAON-AÇU / MIRITIBA / ALTO PREGUIÇAS","Angiosperms","Poaceae","Sacciolepis","indica","(L.) Chase","POACEAE Sacciolepis indica (L.) Chase","MAR0010224",,"UFMA","Almeida Junior, E.B.","1347","Native","2017",,,"Latão","Prata",,"Paço do Lumiar","Praia de Panaquatira."
"ÁREA DE PROTEÇÃO AMBIENTAL UPAON-AÇU / MIRITIBA / ALTO PREGUIÇAS","Angiosperms","Poaceae","Sacciolepis","indica","(L.) Chase","POACEAE Sacciolepis indica (L.) Chase","MAR0010556",,"UFMA","Dias, K.N.L.","312","Native","2017",,,"Latão","Prata",,"São José de Ribamar","Sitio Aguahy."
"ÁREA DE PROTEÇÃO AMBIENTAL UPAON-AÇU / MIRITIBA / ALTO PREGUIÇAS","Angiosperms","Poaceae","Sacciolepis","indica","(L.) Chase","POACEAE Sacciolepis indica (L.) Chase","MAR0010557",,"UFMA","Dias, K.N.L.","314","Native","2017",,,"Latão","Prata",,"São José de Ribamar","Sitio Aguahy."
"ÁREA DE PROTEÇÃO AMBIENTAL UPAON-AÇU / MIRITIBA / ALTO PREGUIÇAS","Angiosperms","Poaceae","Setaria","vulpiseta","(Lam.) Roem. & Schult.","POACEAE Setaria vulpiseta (Lam.) Roem. & Schult.","MAR0010662",,"UFMA","Dias, K.N.L.","218","Native","2016",,,"Latão","Prata",,"São José de Ribamar","Sitio Aguahy."
"ÁREA DE PROTEÇÃO AMBIENTAL UPAON-AÇU / MIRITIBA / ALTO PREGUIÇAS","Angiosperms","Poaceae","Sporobolus","virginicus","(L.) Kunth","POACEAE Sporobolus virginicus (L.) Kunth","10521","splink","UFMA","Dias, K.N.L.","230","Native","2016",,,"Ouro","Prata",,"São José de Ribamar","Sitio Aguahy"
"ÁREA DE PROTEÇÃO AMBIENTAL UPAON-AÇU / MIRITIBA / ALTO PREGUIÇAS","Angiosperms","Poaceae","Sporobolus","virginicus","(L.) Kunth","POACEAE Sporobolus virginicus (L.) Kunth","9564","splink","UFMA","Dias, K.N.L.","231","Native","2016",,,"Ouro","Prata",,"São José de Ribamar","Sítio Aguahy"
"ÁREA DE PROTEÇÃO AMBIENTAL UPAON-AÇU / MIRITIBA / ALTO PREGUIÇAS","Angiosperms","Poaceae","Sporobolus","virginicus","(L.) Kunth","POACEAE Sporobolus virginicus (L.) Kunth","7967","splink","UFMA","Lima, G.P.","607","Native","2015",,,"Ouro","Prata",,"Paço do Lumiar","Praia de Panaquatira"
"ÁREA DE PROTEÇÃO AMBIENTAL UPAON-AÇU / MIRITIBA / ALTO PREGUIÇAS","Angiosperms","Poaceae","Sporobolus","virginicus","(L.) Kunth","POACEAE Sporobolus virginicus (L.) Kunth","MAR0010521",,"UFMA","Dias, K.N.L.","230","Native","2016",,,"Latão","Prata",,"São José de Ribamar","Sitio Aguahy."
"ÁREA DE PROTEÇÃO AMBIENTAL UPAON-AÇU / MIRITIBA / ALTO PREGUIÇAS","Angiosperms","Poaceae","Sporobolus","virginicus","(L.) Kunth","POACEAE Sporobolus virginicus (L.) Kunth","MAR0010559",,"UFMA","Dias, K.N.L.","238","Native","2016",,,"Latão","Prata",,"São José de Ribamar","Sitio Aguahy."
"ÁREA DE PROTEÇÃO AMBIENTAL UPAON-AÇU / MIRITIBA / ALTO PREGUIÇAS","Angiosperms","Poaceae","Streptostachys","asperifolia","Desv.","POACEAE Streptostachys asperifolia Desv.","10471","splink","UFMA","Dias, K.N.L.","270","Naturalized","2016",,,"Ouro","Prata",,"São José de Ribamar","Sitio Aguahy"
"ÁREA DE PROTEÇÃO AMBIENTAL UPAON-AÇU / MIRITIBA / ALTO PREGUIÇAS","Angiosperms","Poaceae","Streptostachys","asperifolia","Desv.","POACEAE Streptostachys asperifolia Desv.","10581","splink","UFMA","Dias, K.N.L.","233","Native","2016",,,"Ouro","Prata",,"São José de Ribamar","Sitio Aguahy"
"ÁREA DE PROTEÇÃO AMBIENTAL UPAON-AÇU / MIRITIBA / ALTO PREGUIÇAS","Angiosperms","Poaceae","Streptostachys","asperifolia","Desv.","POACEAE Streptostachys asperifolia Desv.","10585","splink","UFMA","Dias, K.N.L.","219","Native","2016",,,"Ouro","Prata",,"São José de Ribamar","Sitio Aguahy"
"ÁREA DE PROTEÇÃO AMBIENTAL UPAON-AÇU / MIRITIBA / ALTO PREGUIÇAS","Angiosperms","Poaceae","Streptostachys","asperifolia","Desv.","POACEAE Streptostachys asperifolia Desv.","10668","splink","UFMA","Dias, K.N.L.","221","Native","2016",,,"Ouro","Prata",,"São José de Ribamar","Sitio Aguahy"
"ÁREA DE PROTEÇÃO AMBIENTAL UPAON-AÇU / MIRITIBA / ALTO PREGUIÇAS","Angiosperms","Poaceae","Streptostachys","asperifolia","Desv.","POACEAE Streptostachys asperifolia Desv.","10676","splink","UFMA","Dias, K.N.L.","234","Native","2016",,,"Ouro","Prata",,"São José de Ribamar","Sitio Aguahy"
"ÁREA DE PROTEÇÃO AMBIENTAL UPAON-AÇU / MIRITIBA / ALTO PREGUIÇAS","Angiosperms","Polygalaceae","Asemeia","martiana","(A.W.Benn.) J.F.B.Pastore & J.R.Abbott","POLYGALACEAE Asemeia martiana (A.W.Benn.) J.F.B.Pastore & J.R.Abbott","8273","splink","UFMA","Lima, G.P.","337","Native","2014",,,"Ouro","Prata",,"Paço do Lumiar","Praia de Panaquatira"
"ÁREA DE PROTEÇÃO AMBIENTAL UPAON-AÇU / MIRITIBA / ALTO PREGUIÇAS","Angiosperms","Polygalaceae","Asemeia","martiana","(A.W.Benn.) J.F.B.Pastore & J.R.Abbott","POLYGALACEAE Asemeia martiana (A.W.Benn.) J.F.B.Pastore & J.R.Abbott","8275","splink","UFMA","Lima, G.P.","180","Native","2014",,,"Ouro","Prata",,"Paço do Lumiar","Praia de Panaquatira"
"ÁREA DE PROTEÇÃO AMBIENTAL UPAON-AÇU / MIRITIBA / ALTO PREGUIÇAS","Angiosperms","Polygalaceae","Asemeia","martiana","(A.W.Benn.) J.F.B.Pastore & J.R.Abbott","POLYGALACEAE Asemeia martiana (A.W.Benn.) J.F.B.Pastore & J.R.Abbott","8543","splink","UFMA","Lima, G.P.","64","Native","2014",,,"Ouro","Prata",,"Paço do Lumiar","Praia de Panaquatira"
"ÁREA DE PROTEÇÃO AMBIENTAL UPAON-AÇU / MIRITIBA / ALTO PREGUIÇAS","Angiosperms","Polygalaceae","Asemeia","martiana","(A.W.Benn.) J.F.B.Pastore & J.R.Abbott","POLYGALACEAE Asemeia martiana (A.W.Benn.) J.F.B.Pastore & J.R.Abbott","MAR0008273",,"UFMA","Lima, G.P.","337",,"2014",,,"Latão","Prata",,"Paço do Lumiar","Praia de Panaquatira."
"ÁREA DE PROTEÇÃO AMBIENTAL UPAON-AÇU / MIRITIBA / ALTO PREGUIÇAS","Angiosperms","Polygalaceae","Asemeia","martiana","(A.W.Benn.) J.F.B.Pastore & J.R.Abbott","POLYGALACEAE Asemeia martiana (A.W.Benn.) J.F.B.Pastore & J.R.Abbott","MAR0008275",,"UFMA","Lima, G.P.","180",,"2014",,,"Latão","Prata",,"Paço do Lumiar","Praia de Panaquatira."
"ÁREA DE PROTEÇÃO AMBIENTAL UPAON-AÇU / MIRITIBA / ALTO PREGUIÇAS","Angiosperms","Polygalaceae","Asemeia","violacea","(Aubl.) J.F.B.Pastore & J.R.Abbott","POLYGALACEAE Asemeia violacea (Aubl.) J.F.B.Pastore & J.R.Abbott","8549","splink","UFMA","Lima, G.P.","244","Native","2014","Anjos, C.B.","2021","Ouro","Prata",,"Paço do Lumiar","Praia de Panaquatira"
"ÁREA DE PROTEÇÃO AMBIENTAL UPAON-AÇU / MIRITIBA / ALTO PREGUIÇAS","Angiosperms","Polygalaceae","Asemeia","violacea","(Aubl.) J.F.B.Pastore & J.R.Abbott","POLYGALACEAE Asemeia violacea (Aubl.) J.F.B.Pastore & J.R.Abbott","8277","splink","UFMA","Lima, G.P.","248","Native","2014","Anjos, C.B.","2021","Ouro","Prata",,"Paço do Lumiar","Praia de Panaquatira"
"ÁREA DE PROTEÇÃO AMBIENTAL UPAON-AÇU / MIRITIBA / ALTO PREGUIÇAS","Angiosperms","Polygalaceae","Asemeia","violacea","(Aubl.) J.F.B.Pastore & J.R.Abbott","POLYGALACEAE Asemeia violacea (Aubl.) J.F.B.Pastore & J.R.Abbott","8278","splink","UFMA","Lima, G.P.","285","Native","2014","Anjos, C.B.","2021","Ouro","Prata",,"Paço do Lumiar","Praia de Panaquatira"
"ÁREA DE PROTEÇÃO AMBIENTAL UPAON-AÇU / MIRITIBA / ALTO PREGUIÇAS","Angiosperms","Polygalaceae","Asemeia","violacea","(Aubl.) J.F.B.Pastore & J.R.Abbott","POLYGALACEAE Asemeia violacea (Aubl.) J.F.B.Pastore & J.R.Abbott","MAR0009168",,"UFMA","Lima, G.P.",,"Native","2015","Anjos, C.B.","2021","Bronze","Prata",,"Paço do Lumiar","Praia de Panaquatira."
"ÁREA DE PROTEÇÃO AMBIENTAL UPAON-AÇU / MIRITIBA / ALTO PREGUIÇAS","Angiosperms","Polygalaceae","Asemeia","violacea","(Aubl.) J.F.B.Pastore & J.R.Abbott","POLYGALACEAE Asemeia violacea (Aubl.) J.F.B.Pastore & J.R.Abbott","MAR0008274",,"UFMA","Lima, G.P.","343","Native","2014","Anjos, C.B.","2021","Bronze","Prata",,"Paço do Lumiar","Praia de Panaquatira."
"ÁREA DE PROTEÇÃO AMBIENTAL UPAON-AÇU / MIRITIBA / ALTO PREGUIÇAS","Angiosperms","Polygalaceae","Securidaca","diversifolia","(L.) S.F.Blake","POLYGALACEAE Securidaca diversifolia (L.) S.F.Blake","MAR0009191",,"UFMA","Lima, G.P.","636","Native","2014",,,"Latão","Prata",,"Paço do Lumiar","Praia de Panaquatira."
"ÁREA DE PROTEÇÃO AMBIENTAL UPAON-AÇU / MIRITIBA / ALTO PREGUIÇAS","Angiosperms","Polygalaceae","Senega","glochidata","(Kunth) J.F.B.Pastore","POLYGALACEAE Senega glochidata (Kunth) J.F.B.Pastore","8280","splink","UFMA","Lima, G.P.","178","Native","2014",,,"Ouro","Prata",,"Paço do Lumiar","Praia de Panaquatira"
"ÁREA DE PROTEÇÃO AMBIENTAL UPAON-AÇU / MIRITIBA / ALTO PREGUIÇAS","Angiosperms","Polygalaceae","Senega","glochidata","(Kunth) J.F.B.Pastore","POLYGALACEAE Senega glochidata (Kunth) J.F.B.Pastore","7260","splink","CTBS","Lima, G.P.","178","Native","2014","Pastore, J.F.B.","2022","Ouro","Prata",,"Paço do Lumiar","Praia de Panaquatira"
"ÁREA DE PROTEÇÃO AMBIENTAL UPAON-AÇU / MIRITIBA / ALTO PREGUIÇAS","Angiosperms","Polygalaceae","Senega","glochidata","(Kunth) J.F.B.Pastore","POLYGALACEAE Senega glochidata (Kunth) J.F.B.Pastore","MAR0009163",,"UFMA","Lima, G.P.","640","Native","2016","Anjos, C.B.","2021","Bronze","Prata",,"Paço do Lumiar","Praia de Panaquatira."
"ÁREA DE PROTEÇÃO AMBIENTAL UPAON-AÇU / MIRITIBA / ALTO PREGUIÇAS","Angiosperms","Polygalaceae","Senega","glochidata","(Kunth) J.F.B.Pastore","POLYGALACEAE Senega glochidata (Kunth) J.F.B.Pastore","MAR0008280",,"UFMA","Lima, G.P.","178","Native","2014",,,"Latão","Prata",,"Paço do Lumiar","Praia de Panaquatira."
"ÁREA DE PROTEÇÃO AMBIENTAL UPAON-AÇU / MIRITIBA / ALTO PREGUIÇAS","Angiosperms","Polygalaceae","Senega","trichosperma","(Jacq.) J.F.B.Pastore","POLYGALACEAE Senega trichosperma (Jacq.) J.F.B.Pastore","8279","splink","UFMA","Lima, G.P.","536","Native","2014",,,"Ouro","Prata",,"Paço do Lumiar","Praia de Panaquatira"
"ÁREA DE PROTEÇÃO AMBIENTAL UPAON-AÇU / MIRITIBA / ALTO PREGUIÇAS","Angiosperms","Polygalaceae","Senega","trichosperma","(Jacq.) J.F.B.Pastore","POLYGALACEAE Senega trichosperma (Jacq.) J.F.B.Pastore","MAR0005828",,"UFMA","Almeida Junior, E.B.","977","Native","2013","Anjos, C.B.","2021","Bronze","Prata",,"São José de Ribamar","Restinga do Sitio Aguahy (Reserva da Meck)."
"ÁREA DE PROTEÇÃO AMBIENTAL UPAON-AÇU / MIRITIBA / ALTO PREGUIÇAS","Angiosperms","Polygalaceae","Senega","trichosperma","(Jacq.) J.F.B.Pastore","POLYGALACEAE Senega trichosperma (Jacq.) J.F.B.Pastore","MAR0007972",,"UFMA","Lima, G.P.","608","Native","2015",,,"Latão","Prata",,"Paço do Lumiar","Praia de Panaquatira."
"ÁREA DE PROTEÇÃO AMBIENTAL UPAON-AÇU / MIRITIBA / ALTO PREGUIÇAS","Angiosperms","Polygalaceae","Senega","trichosperma","(Jacq.) J.F.B.Pastore","POLYGALACEAE Senega trichosperma (Jacq.) J.F.B.Pastore","MAR0008279",,"UFMA","Lima, G.P.","536","Native","2014",,,"Latão","Prata",,"Paço do Lumiar","Praia de Panaquatira."
"ÁREA DE PROTEÇÃO AMBIENTAL UPAON-AÇU / MIRITIBA / ALTO PREGUIÇAS","Angiosperms","Polygonaceae","Coccoloba","latifolia","Lam.","POLYGONACEAE Coccoloba latifolia Lam.","8184","splink","UFMA","Lima, G.P.","71","Native","2014",,,"Ouro","Prata",,"Paço do Lumiar","Praia de Panaquatira"
"ÁREA DE PROTEÇÃO AMBIENTAL UPAON-AÇU / MIRITIBA / ALTO PREGUIÇAS","Angiosperms","Polygonaceae","Coccoloba","latifolia","Lam.","POLYGONACEAE Coccoloba latifolia Lam.","8185","splink","UFMA","Lima, G.P.","273","Native","2014",,,"Ouro","Prata",,"Paço do Lumiar","Praia de Panaquatira"
"ÁREA DE PROTEÇÃO AMBIENTAL UPAON-AÇU / MIRITIBA / ALTO PREGUIÇAS","Angiosperms","Polygonaceae","Coccoloba","latifolia","Lam.","POLYGONACEAE Coccoloba latifolia Lam.","MAR0009321",,"UFMA","Belfort, L.","T2P19P3","Native","2016",,,"Latão","Prata",,"Paço do Lumiar","Praia de Panaquatira."
"ÁREA DE PROTEÇÃO AMBIENTAL UPAON-AÇU / MIRITIBA / ALTO PREGUIÇAS","Angiosperms","Polygonaceae","Coccoloba","latifolia","Lam.","POLYGONACEAE Coccoloba latifolia Lam.","MAR0008184",,"UFMA","Lima, G.P.","71","Native","2014",,,"Latão","Prata",,"Paço do Lumiar","Praia de Panaquatira."
"ÁREA DE PROTEÇÃO AMBIENTAL UPAON-AÇU / MIRITIBA / ALTO PREGUIÇAS","Angiosperms","Polygonaceae","Coccoloba","latifolia","Lam.","POLYGONACEAE Coccoloba latifolia Lam.","MAR0008185",,"UFMA","Lima, G.P.","273","Native","2014",,,"Latão","Prata",,"Paço do Lumiar","Praia de Panaquatira."
"ÁREA DE PROTEÇÃO AMBIENTAL UPAON-AÇU / MIRITIBA / ALTO PREGUIÇAS","Angiosperms","Polygonaceae","Coccoloba","mollis","Casar.","POLYGONACEAE Coccoloba mollis Casar.","4130","splink","UFMA","Serra, F.C.V.","133","Native","2012",,,"Ouro","Prata",,"São José de Ribamar","Restinga do Sitio Aguahy (Reserva da Meck)"
"ÁREA DE PROTEÇÃO AMBIENTAL UPAON-AÇU / MIRITIBA / ALTO PREGUIÇAS","Angiosperms","Polygonaceae","Coccoloba","mollis","Casar.","POLYGONACEAE Coccoloba mollis Casar.","MAR0004131",,"UFMA","Serra, F.C.V.","158","Native","2013",,,"Latão","Prata",,"São José de Ribamar","Restinga do Sitio Aguahy (Reserva da Meck)."
"ÁREA DE PROTEÇÃO AMBIENTAL UPAON-AÇU / MIRITIBA / ALTO PREGUIÇAS","Angiosperms","Polygonaceae","Coccoloba","mollis","Casar.","POLYGONACEAE Coccoloba mollis Casar.","MAR0005818",,"UFMA","Almeida Junior, E.B.","983","Native","2013",,,"Latão","Prata",,"São José de Ribamar","Restinga do Sitio Aguahy (Reserva da Meck)."
"ÁREA DE PROTEÇÃO AMBIENTAL UPAON-AÇU / MIRITIBA / ALTO PREGUIÇAS","Angiosperms","Polygonaceae","Coccoloba","mollis","Casar.","POLYGONACEAE Coccoloba mollis Casar.","MAR0004130",,"UFMA","Serra, F.C.V.","133","Native","2012",,,"Latão","Prata",,"São José de Ribamar","Restinga do Sitio Aguahy (Reserva da Meck)."
"ÁREA DE PROTEÇÃO AMBIENTAL UPAON-AÇU / MIRITIBA / ALTO PREGUIÇAS","Angiosperms","Polygonaceae","Coccoloba","ramosissima","Wedd.","POLYGONACEAE Coccoloba ramosissima Wedd.","4129","splink","UFMA","Serra, F.C.V.","93","Native","2012",,,"Ouro","Prata",,"São José de Ribamar","Restinga do Sitio Aguahy (Reserva da Meck)"
"ÁREA DE PROTEÇÃO AMBIENTAL UPAON-AÇU / MIRITIBA / ALTO PREGUIÇAS","Angiosperms","Polygonaceae","Coccoloba","ramosissima","Wedd.","POLYGONACEAE Coccoloba ramosissima Wedd.","MAR0004128",,"UFMA","Serra, F.C.V.","61","Native","2012",,,"Latão","Prata",,"São José de Ribamar","Restinga do Sitio Aguahy (Reserva da Meck)."
"ÁREA DE PROTEÇÃO AMBIENTAL UPAON-AÇU / MIRITIBA / ALTO PREGUIÇAS","Angiosperms","Polygonaceae","Coccoloba","ramosissima","Wedd.","POLYGONACEAE Coccoloba ramosissima Wedd.","MAR0004129",,"UFMA","Serra, F.C.V.","93","Native","2012",,,"Latão","Prata",,"São José de Ribamar","Restinga do Sitio Aguahy (Reserva da Meck)."
"ÁREA DE PROTEÇÃO AMBIENTAL UPAON-AÇU / MIRITIBA / ALTO PREGUIÇAS","Angiosperms","Portulacaceae","Portulaca","halimoides","L.","PORTULACACEAE Portulaca halimoides L.","8217","splink","UFMA","Lima, G.P.","157","Native","2014",,,"Ouro","Prata",,"Paço do Lumiar","Praia de Panaquatira"
"ÁREA DE PROTEÇÃO AMBIENTAL UPAON-AÇU / MIRITIBA / ALTO PREGUIÇAS","Angiosperms","Portulacaceae","Portulaca","halimoides","L.","PORTULACACEAE Portulaca halimoides L.","8218","splink","UFMA","Lima, G.P.","199","Native","2014",,,"Ouro","Prata",,"Paço do Lumiar","Praia de Panaquatira"
"ÁREA DE PROTEÇÃO AMBIENTAL UPAON-AÇU / MIRITIBA / ALTO PREGUIÇAS","Angiosperms","Portulacaceae","Portulaca","halimoides","L.","PORTULACACEAE Portulaca halimoides L.","MAR0009160",,"UFMA","Lima, G.P.","627","Native","2016",,,"Latão","Prata",,"Paço do Lumiar","Praia de Panaquatira."
"ÁREA DE PROTEÇÃO AMBIENTAL UPAON-AÇU / MIRITIBA / ALTO PREGUIÇAS","Angiosperms","Portulacaceae","Portulaca","halimoides","L.","PORTULACACEAE Portulaca halimoides L.","MAR0009167",,"UFMA","Lima, G.P.",,"Native","2015",,,"Latão","Prata",,"Paço do Lumiar","Praia de Panaquatira."
"ÁREA DE PROTEÇÃO AMBIENTAL UPAON-AÇU / MIRITIBA / ALTO PREGUIÇAS","Angiosperms","Portulacaceae","Portulaca","halimoides","L.","PORTULACACEAE Portulaca halimoides L.","MAR0008217",,"UFMA","Lima, G.P.","157","Native","2014",,,"Latão","Prata",,"Paço do Lumiar","Praia de Panaquatira."
"ÁREA DE PROTEÇÃO AMBIENTAL UPAON-AÇU / MIRITIBA / ALTO PREGUIÇAS","Angiosperms","Rhizophoraceae","Cassipourea","guianensis","Aubl.","RHIZOPHORACEAE Cassipourea guianensis Aubl.","MAR0010209",,"UFMA","Lima, G.P.","643","Native","2016",,,"Latão","Prata",,"Paço do Lumiar","Praia de Panaquatira."
"ÁREA DE PROTEÇÃO AMBIENTAL UPAON-AÇU / MIRITIBA / ALTO PREGUIÇAS","Angiosperms","Rhizophoraceae","Cassipourea","guianensis","Aubl.","RHIZOPHORACEAE Cassipourea guianensis Aubl.","MAR0004282",,"UFMA","Serra, F.C.V.","103","Native","2012",,"2022","Latão","Prata",,"São José de Ribamar","Sitio Aguahy."
"ÁREA DE PROTEÇÃO AMBIENTAL UPAON-AÇU / MIRITIBA / ALTO PREGUIÇAS","Angiosperms","Rhizophoraceae","Cassipourea","guianensis","Aubl.","RHIZOPHORACEAE Cassipourea guianensis Aubl.","MAR0004283",,"UFMA","Serra, F.C.V.","107","Native","2012",,"2022","Latão","Prata",,"São José de Ribamar","Sitio Aguahy."
"ÁREA DE PROTEÇÃO AMBIENTAL UPAON-AÇU / MIRITIBA / ALTO PREGUIÇAS","Angiosperms","Rhizophoraceae","Cassipourea","guianensis","Aubl.","RHIZOPHORACEAE Cassipourea guianensis Aubl.","MAR0004284",,"UFMA","Serra, F.C.V.","2","Cultivated","2012",,"2022","Latão","Prata",,"São José de Ribamar","Sitio Aguahy."
"ÁREA DE PROTEÇÃO AMBIENTAL UPAON-AÇU / MIRITIBA / ALTO PREGUIÇAS","Angiosperms","Rubiaceae","Alibertia","edulis","(Rich.) A.Rich.","RUBIACEAE Alibertia edulis (Rich.) A.Rich.","8552","splink","UFMA","Lima, G.P.","435","Native","2014",,,"Ouro","Prata",,"Paço do Lumiar","Praia de Panaquatira"
"ÁREA DE PROTEÇÃO AMBIENTAL UPAON-AÇU / MIRITIBA / ALTO PREGUIÇAS","Angiosperms","Rubiaceae","Alibertia","edulis","(Rich.) A.Rich.","RUBIACEAE Alibertia edulis (Rich.) A.Rich.","8206","splink","UFMA","Lima, G.P.","435","Native","2014",,,"Ouro","Prata",,"Paço do Lumiar","Praia de Panaquatira"
"ÁREA DE PROTEÇÃO AMBIENTAL UPAON-AÇU / MIRITIBA / ALTO PREGUIÇAS","Angiosperms","Rubiaceae","Alibertia","edulis","(Rich.) A.Rich.","RUBIACEAE Alibertia edulis (Rich.) A.Rich.","6910","splink","UFMA","Lima, G.P.","26","Native","2013",,,"Ouro","Prata",,"Paço do Lumiar","Praia de Panaquatira"
"ÁREA DE PROTEÇÃO AMBIENTAL UPAON-AÇU / MIRITIBA / ALTO PREGUIÇAS","Angiosperms","Rubiaceae","Alibertia","edulis","(Rich.) A.Rich.","RUBIACEAE Alibertia edulis (Rich.) A.Rich.","12961","splink","UFMA","Serra, F.C.V.","162","Native","2013","Roxo, R.","2023","Ouro","Prata",,"São José de Ribamar","Sítio Aguahy"
"ÁREA DE PROTEÇÃO AMBIENTAL UPAON-AÇU / MIRITIBA / ALTO PREGUIÇAS","Angiosperms","Rubiaceae","Alibertia","edulis","(Rich.) A.Rich.","RUBIACEAE Alibertia edulis (Rich.) A.Rich.","4097","splink","UFMA","Serra, F.C.V.","162","Native","2013","Roxo, R.","2023","Ouro","Prata",,"São José de Ribamar","Restinga do Sitio Aguahy (Reserva da Meck)"
"ÁREA DE PROTEÇÃO AMBIENTAL UPAON-AÇU / MIRITIBA / ALTO PREGUIÇAS","Angiosperms","Rubiaceae","Borreria","verticillata","(L.) G.Mey.","RUBIACEAE Borreria verticillata (L.) G.Mey.","4101","splink","UFMA","Serra, F.C.V.","18","Native","2013",,,"Ouro","Prata",,"São José de Ribamar","Restinga do Sitio Aguahy (Reserva da Meck)"
"ÁREA DE PROTEÇÃO AMBIENTAL UPAON-AÇU / MIRITIBA / ALTO PREGUIÇAS","Angiosperms","Rubiaceae","Borreria","verticillata","(L.) G.Mey.","RUBIACEAE Borreria verticillata (L.) G.Mey.","4099","splink","UFMA","Serra, F.C.V.","95","Native","2012",,,"Ouro","Prata",,"São José de Ribamar","Restinga do Sitio Aguahy (Reserva da Meck)"
"ÁREA DE PROTEÇÃO AMBIENTAL UPAON-AÇU / MIRITIBA / ALTO PREGUIÇAS","Angiosperms","Rubiaceae","Borreria","verticillata","(L.) G.Mey.","RUBIACEAE Borreria verticillata (L.) G.Mey.","MAR0006909",,"UFMA","Lima, G.P.","188","Native","2014",,,"Latão","Prata",,"Paço do Lumiar","Praia de Panaquatira."
"ÁREA DE PROTEÇÃO AMBIENTAL UPAON-AÇU / MIRITIBA / ALTO PREGUIÇAS","Angiosperms","Rubiaceae","Borreria","verticillata","(L.) G.Mey.","RUBIACEAE Borreria verticillata (L.) G.Mey.","MAR0004101",,"UFMA","Serra, F.C.V.","18","Native","2013",,,"Latão","Prata",,"São José de Ribamar","Restinga do Sitio Aguahy (Reserva da Meck)."
"ÁREA DE PROTEÇÃO AMBIENTAL UPAON-AÇU / MIRITIBA / ALTO PREGUIÇAS","Angiosperms","Rubiaceae","Borreria","verticillata","(L.) G.Mey.","RUBIACEAE Borreria verticillata (L.) G.Mey.","MAR0004102",,"UFMA","Serra, F.C.V.","167","Native","2013",,,"Latão","Prata",,"São José de Ribamar","Restinga do Sitio Aguahy (Reserva da Meck)."
"ÁREA DE PROTEÇÃO AMBIENTAL UPAON-AÇU / MIRITIBA / ALTO PREGUIÇAS","Angiosperms","Rubiaceae","Chiococca","nitida","Benth.","RUBIACEAE Chiococca nitida Benth.","4103","splink","UFMA","Serra, F.C.V.","57","Native","2012",,,"Ouro","Prata",,"São José de Ribamar","Restinga do Sitio Aguahy (Reserva da Meck)"
"ÁREA DE PROTEÇÃO AMBIENTAL UPAON-AÇU / MIRITIBA / ALTO PREGUIÇAS","Angiosperms","Rubiaceae","Chiococca","nitida","Benth.","RUBIACEAE Chiococca nitida Benth.","MAR0013213",,"UFMA","Santos, C.R.","42","Native","2022",,,"Latão","Prata",,"São José de Ribamar","Sítio Aguahy."
"ÁREA DE PROTEÇÃO AMBIENTAL UPAON-AÇU / MIRITIBA / ALTO PREGUIÇAS","Angiosperms","Rubiaceae","Chiococca","nitida","Benth.","RUBIACEAE Chiococca nitida Benth.","MAR0010235",,"UFMA","Lima, G.P.","653","Native","2017",,,"Latão","Prata",,"Paço do Lumiar","Praia de Panaquatira."
"ÁREA DE PROTEÇÃO AMBIENTAL UPAON-AÇU / MIRITIBA / ALTO PREGUIÇAS","Angiosperms","Rubiaceae","Chiococca","nitida","Benth.","RUBIACEAE Chiococca nitida Benth.","MAR0004103",,"UFMA","Serra, F.C.V.","57","Native","2012",,,"Latão","Prata",,"São José de Ribamar","Restinga do Sitio Aguahy (Reserva da Meck)."
"ÁREA DE PROTEÇÃO AMBIENTAL UPAON-AÇU / MIRITIBA / ALTO PREGUIÇAS","Angiosperms","Rubiaceae","Chomelia","obtusa","Cham. & Schltdl.","RUBIACEAE Chomelia obtusa Cham. & Schltdl.","8375","splink","UFMA","Lima, G.P.","557","Native","2015",,,"Ouro","Prata",,"Paço do Lumiar","Praia de Panaquatira"
"ÁREA DE PROTEÇÃO AMBIENTAL UPAON-AÇU / MIRITIBA / ALTO PREGUIÇAS","Angiosperms","Rubiaceae","Chomelia","obtusa","Cham. & Schltdl.","RUBIACEAE Chomelia obtusa Cham. & Schltdl.","6905","splink","UFMA","Lima, G.P.","192","Native","2014",,,"Ouro","Prata",,"Paço do Lumiar","Praia de Panaquatira"
"ÁREA DE PROTEÇÃO AMBIENTAL UPAON-AÇU / MIRITIBA / ALTO PREGUIÇAS","Angiosperms","Rubiaceae","Chomelia","obtusa","Cham. & Schltdl.","RUBIACEAE Chomelia obtusa Cham. & Schltdl.","6906","splink","UFMA","Lima, G.P.","290","Native","2014",,,"Ouro","Prata",,"Paço do Lumiar","Praia de Panaquatira"
"ÁREA DE PROTEÇÃO AMBIENTAL UPAON-AÇU / MIRITIBA / ALTO PREGUIÇAS","Angiosperms","Rubiaceae","Chomelia","obtusa","Cham. & Schltdl.","RUBIACEAE Chomelia obtusa Cham. & Schltdl.","8490","splink","UFMA","Lima, G.P.","392","Native","2014",,,"Ouro","Prata",,"Paço do Lumiar","Praia de Panaquatira"
"ÁREA DE PROTEÇÃO AMBIENTAL UPAON-AÇU / MIRITIBA / ALTO PREGUIÇAS","Angiosperms","Rubiaceae","Chomelia","obtusa","Cham. & Schltdl.","RUBIACEAE Chomelia obtusa Cham. & Schltdl.","MAR0008374",,"UFMA","Lima, G.P.","558","Native","2015",,,"Latão","Prata",,"Paço do Lumiar","Praia de Panaquatira."
"ÁREA DE PROTEÇÃO AMBIENTAL UPAON-AÇU / MIRITIBA / ALTO PREGUIÇAS","Angiosperms","Rubiaceae","Cordiera","myrciifolia","(K.Schum.) C.H.Perss. & Delprete","RUBIACEAE Cordiera myrciifolia (K.Schum.) C.H.Perss. & Delprete","6907","splink","UFMA","Lima, G.P.","81","Native","2014",,,"Ouro","Prata",,"Paço do Lumiar","Praia de Panaquatira"
"ÁREA DE PROTEÇÃO AMBIENTAL UPAON-AÇU / MIRITIBA / ALTO PREGUIÇAS","Angiosperms","Rubiaceae","Cordiera","myrciifolia","(K.Schum.) C.H.Perss. & Delprete","RUBIACEAE Cordiera myrciifolia (K.Schum.) C.H.Perss. & Delprete","8093","splink","UFMA","Lima, G.P.","511","Native","2014",,,"Ouro","Prata",,"Paço do Lumiar","Praia de Panaquatira"
"ÁREA DE PROTEÇÃO AMBIENTAL UPAON-AÇU / MIRITIBA / ALTO PREGUIÇAS","Angiosperms","Rubiaceae","Cordiera","myrciifolia","(K.Schum.) C.H.Perss. & Delprete","RUBIACEAE Cordiera myrciifolia (K.Schum.) C.H.Perss. & Delprete","6908","splink","UFMA","Lima, G.P.","31","Native","2013",,,"Ouro","Prata",,"Paço do Lumiar","Praia de Panaquatira"
"ÁREA DE PROTEÇÃO AMBIENTAL UPAON-AÇU / MIRITIBA / ALTO PREGUIÇAS","Angiosperms","Rubiaceae","Cordiera","myrciifolia","(K.Schum.) C.H.Perss. & Delprete","RUBIACEAE Cordiera myrciifolia (K.Schum.) C.H.Perss. & Delprete","MAR0009322",,"UFMA","Belfort, L.","T2P20P4","Native","2016",,,"Latão","Prata",,"Paço do Lumiar","Praia de Panaquatira."
"ÁREA DE PROTEÇÃO AMBIENTAL UPAON-AÇU / MIRITIBA / ALTO PREGUIÇAS","Angiosperms","Rubiaceae","Cordiera","myrciifolia","(K.Schum.) C.H.Perss. & Delprete","RUBIACEAE Cordiera myrciifolia (K.Schum.) C.H.Perss. & Delprete","MAR0006907",,"UFMA","Lima, G.P.","81","Native","2014",,,"Latão","Prata",,"Paço do Lumiar","Praia de Panaquatira."
"ÁREA DE PROTEÇÃO AMBIENTAL UPAON-AÇU / MIRITIBA / ALTO PREGUIÇAS","Angiosperms","Rubiaceae","Faramea","nitida","Benth.","RUBIACEAE Faramea nitida Benth.","MAR0009159",,"UFMA","Lima, G.P.","635","Native","2016",,,"Latão","Prata",,"Paço do Lumiar","Praia de Panaquatira."
"ÁREA DE PROTEÇÃO AMBIENTAL UPAON-AÇU / MIRITIBA / ALTO PREGUIÇAS","Angiosperms","Rubiaceae","Faramea","nitida","Benth.","RUBIACEAE Faramea nitida Benth.","MAR0005830",,"UFMA","Almeida Junior, E.B.","989","Native","2013",,,"Latão","Prata",,"São José de Ribamar","Restinga do Sitio Aguahy (Reserva da Meck)."
"ÁREA DE PROTEÇÃO AMBIENTAL UPAON-AÇU / MIRITIBA / ALTO PREGUIÇAS","Angiosperms","Rubiaceae","Faramea","nitida","Benth.","RUBIACEAE Faramea nitida Benth.","MAR0005831",,"UFMA","Almeida Junior, E.B.","990","Native","2013",,,"Latão","Prata",,"São José de Ribamar","Restinga do Sitio Aguahy (Reserva da Meck)."
"ÁREA DE PROTEÇÃO AMBIENTAL UPAON-AÇU / MIRITIBA / ALTO PREGUIÇAS","Angiosperms","Rubiaceae","Faramea","nitida","Benth.","RUBIACEAE Faramea nitida Benth.","MAR0005832",,"UFMA","Almeida Junior, E.B.","993","Native","2013",,,"Latão","Prata",,"São José de Ribamar","Restinga do Sitio Aguahy (Reserva da Meck)."
"ÁREA DE PROTEÇÃO AMBIENTAL UPAON-AÇU / MIRITIBA / ALTO PREGUIÇAS","Angiosperms","Rubiaceae","Guettarda","platypoda","DC.","RUBIACEAE Guettarda platypoda DC.","MAR0009327",,"UFMA","Belfort, L.","T1P7P3","Native","2016","R.roxo","2023","Bronze","Prata",,"Paço do Lumiar","Praia de Panaquatira."
"ÁREA DE PROTEÇÃO AMBIENTAL UPAON-AÇU / MIRITIBA / ALTO PREGUIÇAS","Angiosperms","Rubiaceae","Guettarda","platypoda","DC.","RUBIACEAE Guettarda platypoda DC.","MAR0004117",,"UFMA","Serra, F.C.V.","174","Native","2013",,,"Latão","Prata",,"São José de Ribamar","Restinga do Sitio Aguahy (Reserva da Meck)."
"ÁREA DE PROTEÇÃO AMBIENTAL UPAON-AÇU / MIRITIBA / ALTO PREGUIÇAS","Angiosperms","Rubiaceae","Guettarda","platypoda","DC.","RUBIACEAE Guettarda platypoda DC.","MAR0004115",,"UFMA","Almeida Junior, E.B.",,"Native","2012",,,"Latão","Prata",,"São José de Ribamar","Restinga do Sitio Aguahy (Reserva da Meck)."
"ÁREA DE PROTEÇÃO AMBIENTAL UPAON-AÇU / MIRITIBA / ALTO PREGUIÇAS","Angiosperms","Rubiaceae","Guettarda","platypoda","DC.","RUBIACEAE Guettarda platypoda DC.","MAR0004116",,"UFMA","Almeida Junior, E.B.",,"Native","2012",,,"Latão","Prata",,"São José de Ribamar","Restinga do Sitio Aguahy (Reserva da Meck)."
"ÁREA DE PROTEÇÃO AMBIENTAL UPAON-AÇU / MIRITIBA / ALTO PREGUIÇAS","Angiosperms","Rubiaceae","Isertia","spiciformis","DC.","RUBIACEAE Isertia spiciformis DC.","4091","splink","UFMA","Serra, F.C.V.","152","Native","2013",,,"Ouro","Prata",,"São José de Ribamar","Restinga do Sitio Aguahy (Reserva da Meck)"
"ÁREA DE PROTEÇÃO AMBIENTAL UPAON-AÇU / MIRITIBA / ALTO PREGUIÇAS","Angiosperms","Rubiaceae","Isertia","spiciformis","DC.","RUBIACEAE Isertia spiciformis DC.","4092","splink","UFMA","Serra, F.C.V.","3","Native","2013",,,"Ouro","Prata",,"São José de Ribamar","Restinga do Sitio Aguahy (Reserva da Meck)"
"ÁREA DE PROTEÇÃO AMBIENTAL UPAON-AÇU / MIRITIBA / ALTO PREGUIÇAS","Angiosperms","Rubiaceae","Isertia","spiciformis","DC.","RUBIACEAE Isertia spiciformis DC.","MAR0013239",,"UFMA","Amorim, G.S.","556","Native","2019",,,"Latão","Prata",,"São José de Ribamar","Sítio Aguahy."
"ÁREA DE PROTEÇÃO AMBIENTAL UPAON-AÇU / MIRITIBA / ALTO PREGUIÇAS","Angiosperms","Rubiaceae","Isertia","spiciformis","DC.","RUBIACEAE Isertia spiciformis DC.","MAR0004091",,"UFMA","Serra, F.C.V.","152","Native","2013",,,"Latão","Prata",,"São José de Ribamar","Restinga do Sitio Aguahy (Reserva da Meck)."
"ÁREA DE PROTEÇÃO AMBIENTAL UPAON-AÇU / MIRITIBA / ALTO PREGUIÇAS","Angiosperms","Rubiaceae","Isertia","spiciformis","DC.","RUBIACEAE Isertia spiciformis DC.","MAR0004092",,"UFMA","Serra, F.C.V.","3","Native","2013",,,"Latão","Prata",,"São José de Ribamar","Restinga do Sitio Aguahy (Reserva da Meck)."
"ÁREA DE PROTEÇÃO AMBIENTAL UPAON-AÇU / MIRITIBA / ALTO PREGUIÇAS","Angiosperms","Rubiaceae","Mitracarpus","strigosus","(Thunb.) P.L.R.Moraes, De Smedt & Hjertson","RUBIACEAE Mitracarpus strigosus (Thunb.) P.L.R.Moraes, De Smedt & Hjertson","MAR0009171",,"UFMA","Lima, G.P.",,"Native","2015",,,"Latão","Prata",,"Paço do Lumiar","Praia de Panaquatira."
"ÁREA DE PROTEÇÃO AMBIENTAL UPAON-AÇU / MIRITIBA / ALTO PREGUIÇAS","Angiosperms","Rubiaceae","Mitracarpus","strigosus","(Thunb.) P.L.R.Moraes, De Smedt & Hjertson","RUBIACEAE Mitracarpus strigosus (Thunb.) P.L.R.Moraes, De Smedt & Hjertson","MAR0004105",,"UFMA","Almeida Junior, E.B.",,"Native","2012",,,"Latão","Prata",,"São José de Ribamar","Restinga do Sitio Aguahy (Reserva da Meck)."
"ÁREA DE PROTEÇÃO AMBIENTAL UPAON-AÇU / MIRITIBA / ALTO PREGUIÇAS","Angiosperms","Rubiaceae","Oldenlandia","tenuis","K.Schum.","RUBIACEAE Oldenlandia tenuis K.Schum.","MAR0010215",,"UFMA","Almeida Junior, E.B.","1338","Native","2017",,,"Latão","Prata",,"Paço do Lumiar","Praia de Panaquatira."
"ÁREA DE PROTEÇÃO AMBIENTAL UPAON-AÇU / MIRITIBA / ALTO PREGUIÇAS","Angiosperms","Rubiaceae","Oldenlandia","tenuis","K.Schum.","RUBIACEAE Oldenlandia tenuis K.Schum.","MAR0009198",,"UFMA","Lima, G.P.","575","Native","2015",,,"Latão","Prata",,"Paço do Lumiar","Praia de Panaquatira."
"ÁREA DE PROTEÇÃO AMBIENTAL UPAON-AÇU / MIRITIBA / ALTO PREGUIÇAS","Angiosperms","Rubiaceae","Palicourea","hoffmannseggiana","(Roem. & Schult.) Borhidi","RUBIACEAE Palicourea hoffmannseggiana (Roem. & Schult.) Borhidi","MAR0004107",,"UFMA","Serra, F.C.V.","153","Native","2013","Sousa, F.C.","2025","Bronze","Prata",,"São José de Ribamar","Restinga do Sitio Aguahy (Reserva da Meck)."
"ÁREA DE PROTEÇÃO AMBIENTAL UPAON-AÇU / MIRITIBA / ALTO PREGUIÇAS","Angiosperms","Rubiaceae","Palicourea","hoffmannseggiana","(Roem. & Schult.) Borhidi","RUBIACEAE Palicourea hoffmannseggiana (Roem. & Schult.) Borhidi","MAR0004108",,"UFMA","Serra, F.C.V.","209","Native","2013","Sousa, F.C.","2025","Bronze","Prata",,"São José de Ribamar","Restinga do Sitio Aguahy (Reserva da Meck)."
"ÁREA DE PROTEÇÃO AMBIENTAL UPAON-AÇU / MIRITIBA / ALTO PREGUIÇAS","Angiosperms","Rubiaceae","Palicourea","hoffmannseggiana","(Roem. & Schult.) Borhidi","RUBIACEAE Palicourea hoffmannseggiana (Roem. & Schult.) Borhidi","MAR0005822",,"UFMA","Almeida Junior, E.B.","976","Native","2013","Sousa, F.C.","2025","Bronze","Prata",,"São José de Ribamar","Restinga do Sitio Aguahy (Reserva da Meck)."
"ÁREA DE PROTEÇÃO AMBIENTAL UPAON-AÇU / MIRITIBA / ALTO PREGUIÇAS","Angiosperms","Rubiaceae","Palicourea","hoffmannseggiana","(Roem. & Schult.) Borhidi","RUBIACEAE Palicourea hoffmannseggiana (Roem. & Schult.) Borhidi","MAR0004106",,"UFMA","Serra, F.C.V.","4","Native","2012","Sousa, F.C.","2025","Bronze","Prata",,"São José de Ribamar","Restinga do Sitio Aguahy (Reserva da Meck)."
"ÁREA DE PROTEÇÃO AMBIENTAL UPAON-AÇU / MIRITIBA / ALTO PREGUIÇAS","Angiosperms","Rubiaceae","Palicourea","hoffmannseggiana","(Roem. & Schult.) Borhidi","RUBIACEAE Palicourea hoffmannseggiana (Roem. & Schult.) Borhidi","MAR0004109",,"UFMA","Almeida Junior, E.B.",,"Native","2012","Sousa, F.C.","2025","Bronze","Prata",,"São José de Ribamar","Restinga do Sitio Aguahy (Reserva da Meck)."
"ÁREA DE PROTEÇÃO AMBIENTAL UPAON-AÇU / MIRITIBA / ALTO PREGUIÇAS","Angiosperms","Rutaceae","Ertela","trifolia","(L.) Kuntze","RUTACEAE Ertela trifolia (L.) Kuntze","MAR0013215",,"UFMA","Santos, C.R.","51","Native","2022",,,"Latão","Prata",,"São José de Ribamar","Sítio Aguahy."
"ÁREA DE PROTEÇÃO AMBIENTAL UPAON-AÇU / MIRITIBA / ALTO PREGUIÇAS","Angiosperms","Salicaceae","Casearia","arborea","(Rich.) Urb.","SALICACEAE Casearia arborea (Rich.) Urb.","MAR0013218",,"UFMA","Santos, C.R.","44","Native","2022",,,"Latão","Prata",,"São José de Ribamar","Sítio Aguahy."
"ÁREA DE PROTEÇÃO AMBIENTAL UPAON-AÇU / MIRITIBA / ALTO PREGUIÇAS","Angiosperms","Salicaceae","Piparea","multiflora","C. F. Gaertn.","SALICACEAE Piparea multiflora C. F. Gaertn.","MAR0013234",,"UFMA","Amorim, G.S.","558","Native","2019",,,"Latão","Prata",,"São José de Ribamar","Sítio Aguahy."
"ÁREA DE PROTEÇÃO AMBIENTAL UPAON-AÇU / MIRITIBA / ALTO PREGUIÇAS","Angiosperms","Santalaceae","Phoradendron","piperoides","(Kunth) Trel.","SANTALACEAE Phoradendron piperoides (Kunth) Trel.","MAR0013238",,"UFMA","Santos, C.R.","70","Native","2022",,,"Latão","Prata",,"São José de Ribamar","Sítio Aguahy."
"ÁREA DE PROTEÇÃO AMBIENTAL UPAON-AÇU / MIRITIBA / ALTO PREGUIÇAS","Angiosperms","Sapindaceae","Allophylus","racemosus","Sw.","SAPINDACEAE Allophylus racemosus Sw.","MAR0015528",,"UFMA","Aleixo-Jesus, A.C.A.","64","Native","2024","Aleixo-Jesus, A.C.A.",,"Bronze","Prata",,"São José de Ribamar","Sítio Aguahy (MERCK)"
"ÁREA DE PROTEÇÃO AMBIENTAL UPAON-AÇU / MIRITIBA / ALTO PREGUIÇAS","Angiosperms","Sapindaceae","Cupania",,"L.","SAPINDACEAE Cupania L.","MAR0013217",,"UFMA","Santos, C.R.","10","Native","2022",,,"Latão","Prata",,"São José de Ribamar","Sítio Aguahy."
"ÁREA DE PROTEÇÃO AMBIENTAL UPAON-AÇU / MIRITIBA / ALTO PREGUIÇAS","Angiosperms","Sapindaceae","Matayba","discolor","(Spreng.) Radlk.","SAPINDACEAE Matayba discolor (Spreng.) Radlk.","MAR0008262",,"UFMA","Lima, G.P.","127","Native","2014","Aleixo-Jesus, A.C.A.","2024","Bronze","Prata",,"Paço do Lumiar","Praia de Panaquatira."
"ÁREA DE PROTEÇÃO AMBIENTAL UPAON-AÇU / MIRITIBA / ALTO PREGUIÇAS","Angiosperms","Sapindaceae","Matayba","discolor","(Spreng.) Radlk.","SAPINDACEAE Matayba discolor (Spreng.) Radlk.","MAR0008263",,"UFMA","Almeida Junior, E.B.","1061","Native","2014","Aleixo-Jesus, A.C.A.","2024","Bronze","Prata",,"Paço do Lumiar","Praia de Panaquatira."
"ÁREA DE PROTEÇÃO AMBIENTAL UPAON-AÇU / MIRITIBA / ALTO PREGUIÇAS","Angiosperms","Sapindaceae","Paullinia","pinnata","L.","SAPINDACEAE Paullinia pinnata L.","MAR0007981",,"UFMA","Lima, G.P.","573","Native","2015",,,"Latão","Prata",,"Paço do Lumiar","Praia de Panaquatira."
"ÁREA DE PROTEÇÃO AMBIENTAL UPAON-AÇU / MIRITIBA / ALTO PREGUIÇAS","Angiosperms","Sapindaceae","Serjania",,"Mill.","SAPINDACEAE Serjania Mill.","MAR0004258",,"UFMA","Serra, F.C.V.","132","Native","2012",,,"Latão","Prata",,"São José de Ribamar","Restinga do Sitio Aguahy (Reserva da Meck)."
"ÁREA DE PROTEÇÃO AMBIENTAL UPAON-AÇU / MIRITIBA / ALTO PREGUIÇAS","Angiosperms","Sapotaceae","Manilkara","triflora","(Allemão) Monach.","SAPOTACEAE Manilkara triflora (Allemão) Monach.","8098","splink","UFMA","Lima, G.P.","160","Native","2014",,,"Ouro","Prata",,"Paço do Lumiar","Praia de Panaquatira"
"ÁREA DE PROTEÇÃO AMBIENTAL UPAON-AÇU / MIRITIBA / ALTO PREGUIÇAS","Angiosperms","Sapotaceae","Manilkara","triflora","(Allemão) Monach.","SAPOTACEAE Manilkara triflora (Allemão) Monach.","8096","splink","UFMA","Lima, G.P.","535","Native","2014",,,"Ouro","Prata",,"Paço do Lumiar","Praia de Panaquatira"
"ÁREA DE PROTEÇÃO AMBIENTAL UPAON-AÇU / MIRITIBA / ALTO PREGUIÇAS","Angiosperms","Sapotaceae","Manilkara","triflora","(Allemão) Monach.","SAPOTACEAE Manilkara triflora (Allemão) Monach.","8097","splink","UFMA","Lima, G.P.","16","Native","2013",,,"Ouro","Prata",,"Paço do Lumiar","Praia de Panaquatira"
"ÁREA DE PROTEÇÃO AMBIENTAL UPAON-AÇU / MIRITIBA / ALTO PREGUIÇAS","Angiosperms","Sapotaceae","Manilkara","triflora","(Allemão) Monach.","SAPOTACEAE Manilkara triflora (Allemão) Monach.","8541","splink","UFMA","Lima, G.P.","60","Native","2013",,,"Ouro","Prata",,"Paço do Lumiar","Praia de Panaquatira"
"ÁREA DE PROTEÇÃO AMBIENTAL UPAON-AÇU / MIRITIBA / ALTO PREGUIÇAS","Angiosperms","Sapotaceae","Manilkara","triflora","(Allemão) Monach.","SAPOTACEAE Manilkara triflora (Allemão) Monach.","MAR0005825",,"UFMA","Almeida Junior, E.B.","1000","Native","2013",,,"Ouro","Prata",,"São José de Ribamar","Restinga do Sitio Aguahy (Reserva da Meck)."
"ÁREA DE PROTEÇÃO AMBIENTAL UPAON-AÇU / MIRITIBA / ALTO PREGUIÇAS","Angiosperms","Schoepfiaceae","Schoepfia","brasiliensis","A.DC.","SCHOEPFIACEAE Schoepfia brasiliensis A.DC.","MAR0007965",,"UFMA","Lima, G.P.","579","Native","2015",,,"Latão","Prata",,"Paço do Lumiar","Praia de Panaquatira."
"ÁREA DE PROTEÇÃO AMBIENTAL UPAON-AÇU / MIRITIBA / ALTO PREGUIÇAS","Angiosperms","Smilacaceae","Smilax",,"L.","SMILACACEAE Smilax L.","MAR0009184",,"UFMA","Lima, G.P.","630","Native","2016",,,"Latão","Prata",,"Paço do Lumiar","Praia de Panaquatira."
"ÁREA DE PROTEÇÃO AMBIENTAL UPAON-AÇU / MIRITIBA / ALTO PREGUIÇAS","Angiosperms","Turneraceae","Piriqueta","duarteana","(Cambess.) Urb.","TURNERACEAE Piriqueta duarteana (Cambess.) Urb.","8470","splink","UFMA","Lima, G.P.","353","Native","2014",,,"Ouro","Prata",,"Paço do Lumiar","Praia de Panaquatira"
"ÁREA DE PROTEÇÃO AMBIENTAL UPAON-AÇU / MIRITIBA / ALTO PREGUIÇAS","Angiosperms","Turneraceae","Piriqueta","duarteana","(Cambess.) Urb.","TURNERACEAE Piriqueta duarteana (Cambess.) Urb.","8469","splink","UFMA","Lima, G.P.","36","Native","2013",,,"Ouro","Prata",,"Paço do Lumiar","Praia de Panaquatira"
"ÁREA DE PROTEÇÃO AMBIENTAL UPAON-AÇU / MIRITIBA / ALTO PREGUIÇAS","Angiosperms","Turneraceae","Piriqueta","duarteana","(Cambess.) Urb.","TURNERACEAE Piriqueta duarteana (Cambess.) Urb.","MAR0008465",,"UFMA","Lima, G.P.","149","Native","2014",,,"Latão","Prata",,"Paço do Lumiar","Praia de Panaquatira."
"ÁREA DE PROTEÇÃO AMBIENTAL UPAON-AÇU / MIRITIBA / ALTO PREGUIÇAS","Angiosperms","Turneraceae","Piriqueta","duarteana","(Cambess.) Urb.","TURNERACEAE Piriqueta duarteana (Cambess.) Urb.","MAR0008470",,"UFMA","Lima, G.P.","353","Native","2014",,,"Latão","Prata",,"Paço do Lumiar","Praia de Panaquatira."
"ÁREA DE PROTEÇÃO AMBIENTAL UPAON-AÇU / MIRITIBA / ALTO PREGUIÇAS","Angiosperms","Turneraceae","Piriqueta","duarteana","(Cambess.) Urb.","TURNERACEAE Piriqueta duarteana (Cambess.) Urb.","MAR0008469",,"UFMA","Lima, G.P.","36","Native","2013",,,"Latão","Prata",,"Paço do Lumiar","Praia de Panaquatira."
"ÁREA DE PROTEÇÃO AMBIENTAL UPAON-AÇU / MIRITIBA / ALTO PREGUIÇAS","Angiosperms","Turneraceae","Piriqueta","hapala","Arbo","TURNERACEAE Piriqueta hapala Arbo","MAR0008466",,"UFMA","Lima, G.P.","413","Native","2014",,,"Latão","Prata",,"Paço do Lumiar","Praia de Panaquatira."
"ÁREA DE PROTEÇÃO AMBIENTAL UPAON-AÇU / MIRITIBA / ALTO PREGUIÇAS","Angiosperms","Turneraceae","Turnera","melochioides","Cambess.","TURNERACEAE Turnera melochioides Cambess.","8460","splink","UFMA","Lima, G.P.","6","Native","2013",,,"Ouro","Prata",,"Paço do Lumiar","Praia de Panaquatira"
"ÁREA DE PROTEÇÃO AMBIENTAL UPAON-AÇU / MIRITIBA / ALTO PREGUIÇAS","Angiosperms","Turneraceae","Turnera","melochioides","Cambess.","TURNERACEAE Turnera melochioides Cambess.","8544","splink","UFMA","Lima, G.P.","49","Native","2013",,,"Ouro","Prata",,"Paço do Lumiar","Praia de Panaquatira"
"ÁREA DE PROTEÇÃO AMBIENTAL UPAON-AÇU / MIRITIBA / ALTO PREGUIÇAS","Angiosperms","Turneraceae","Turnera","melochioides","Cambess.","TURNERACEAE Turnera melochioides Cambess.","MAR0008571",,"UFMA","Castelo, A.J.",,"Native","2014","Lima, G.P.","2014","Bronze","Prata",,"Paço do Lumiar","Praia de Panaquatira."
"ÁREA DE PROTEÇÃO AMBIENTAL UPAON-AÇU / MIRITIBA / ALTO PREGUIÇAS","Angiosperms","Turneraceae","Turnera","melochioides","Cambess.","TURNERACEAE Turnera melochioides Cambess.","MAR0009190",,"UFMA","Lima, G.P.",,"Native","2015",,,"Latão","Prata",,"Paço do Lumiar","Praia de Panaquatira."
"ÁREA DE PROTEÇÃO AMBIENTAL UPAON-AÇU / MIRITIBA / ALTO PREGUIÇAS","Angiosperms","Turneraceae","Turnera","melochioides","Cambess.","TURNERACEAE Turnera melochioides Cambess.","MAR0008551",,"UFMA","Lima, G.P.","120","Native","2014",,,"Latão","Prata",,"Paço do Lumiar","Praia de Panaquatira."
"ÁREA DE PROTEÇÃO AMBIENTAL UPAON-AÇU / MIRITIBA / ALTO PREGUIÇAS","Angiosperms","Turneraceae","Turnera","scabra","Millsp.","TURNERACEAE Turnera scabra Millsp.","MAR0008387",,"UFMA","Lima, G.P.","550","Native","2015",,,"Latão","Prata",,"Paço do Lumiar","Praia de Panaquatira."
"ÁREA DE PROTEÇÃO AMBIENTAL UPAON-AÇU / MIRITIBA / ALTO PREGUIÇAS","Angiosperms","Turneraceae","Turnera","subulata","Sm.","TURNERACEAE Turnera subulata Sm.","8386","splink","UFMA","Lima, G.P.","197","Naturalized","2014",,,"Ouro","Prata",,"Paço do Lumiar","Praia de Panaquatira"
"ÁREA DE PROTEÇÃO AMBIENTAL UPAON-AÇU / MIRITIBA / ALTO PREGUIÇAS","Angiosperms","Turneraceae","Turnera","subulata","Sm.","TURNERACEAE Turnera subulata Sm.","MAR0008569",,"UFMA","Castelo, A.J.",,"Native","2014","Lima, G.P.","2014","Bronze","Prata",,"Paço do Lumiar","Praia de Panaquatira."
"ÁREA DE PROTEÇÃO AMBIENTAL UPAON-AÇU / MIRITIBA / ALTO PREGUIÇAS","Angiosperms","Turneraceae","Turnera","subulata","Sm.","TURNERACEAE Turnera subulata Sm.","MAR0008476",,"UFMA","Lima, G.P.","620","Native","2015",,,"Latão","Prata",,"Paço do Lumiar","Praia de Panaquatira."
"ÁREA DE PROTEÇÃO AMBIENTAL UPAON-AÇU / MIRITIBA / ALTO PREGUIÇAS","Angiosperms","Turneraceae","Turnera","subulata","Sm.","TURNERACEAE Turnera subulata Sm.","MAR0008386",,"UFMA","Lima, G.P.","197","Native","2014",,,"Latão","Prata",,"Paço do Lumiar","Praia de Panaquatira."
"ÁREA DE PROTEÇÃO AMBIENTAL UPAON-AÇU / MIRITIBA / ALTO PREGUIÇAS","Angiosperms","Violaceae","Pombalia","calceolaria","(L.) Paula-Souza","VIOLACEAE Pombalia calceolaria (L.) Paula-Souza","8209","splink","UFMA","Lima, G.P.","115","Native","2014",,,"Ouro","Prata",,"Paço do Lumiar","Praia de Panaquatira"
"ÁREA DE PROTEÇÃO AMBIENTAL UPAON-AÇU / MIRITIBA / ALTO PREGUIÇAS","Angiosperms","Violaceae","Pombalia","calceolaria","(L.) Paula-Souza","VIOLACEAE Pombalia calceolaria (L.) Paula-Souza","8212","splink","UFMA","Lima, G.P.","327","Native","2014",,,"Ouro","Prata",,"Paço do Lumiar","Praia de Panaquatira"
"ÁREA DE PROTEÇÃO AMBIENTAL UPAON-AÇU / MIRITIBA / ALTO PREGUIÇAS","Angiosperms","Violaceae","Pombalia","calceolaria","(L.) Paula-Souza","VIOLACEAE Pombalia calceolaria (L.) Paula-Souza","8207","splink","UFMA","Lima, G.P.","214","Native","2014",,,"Ouro","Prata",,"Paço do Lumiar","Praia de Panaquatira"
"ÁREA DE PROTEÇÃO AMBIENTAL UPAON-AÇU / MIRITIBA / ALTO PREGUIÇAS","Angiosperms","Violaceae","Pombalia","calceolaria","(L.) Paula-Souza","VIOLACEAE Pombalia calceolaria (L.) Paula-Souza","8210","splink","UFMA","Lima, G.P.","221","Native","2014",,,"Ouro","Prata",,"Paço do Lumiar","Praia de Panaquatira"
"ÁREA DE PROTEÇÃO AMBIENTAL UPAON-AÇU / MIRITIBA / ALTO PREGUIÇAS","Angiosperms","Violaceae","Pombalia","calceolaria","(L.) Paula-Souza","VIOLACEAE Pombalia calceolaria (L.) Paula-Souza","8211","splink","UFMA","Lima, G.P.","213","Native","2014",,,"Ouro","Prata",,"Paço do Lumiar","Praia de Panaquatira"
"ÁREA DE PROTEÇÃO AMBIENTAL UPAON-AÇU / MIRITIBA / ALTO PREGUIÇAS","Angiosperms","Vitaceae","Cissus","erosa","Rich.","VITACEAE Cissus erosa Rich.","MAR0008213",,"UFMA","Lima, G.P.","274","Native","2014",,,"Latão","Prata",,"Paço do Lumiar","Praia de Panaquatira."
"ÁREA DE PROTEÇÃO AMBIENTAL UPAON-AÇU / MIRITIBA / ALTO PREGUIÇAS","Angiosperms","Vitaceae","Cissus","erosa","Rich.","VITACEAE Cissus erosa Rich.","MAR0005823",,"UFMA","Almeida Junior, E.B.","980","Native","2013",,,"Latão","Prata",,"São José de Ribamar","Restinga do Sitio Aguahy (Reserva da Meck)."
"ÁREA DE PROTEÇÃO AMBIENTAL UPAON-AÇU / MIRITIBA / ALTO PREGUIÇAS","Angiosperms","Xyridaceae","Xyris","anceps","Lam.","XYRIDACEAE Xyris anceps Lam.","8380","splink","UFMA","Lima, G.P.","513","Native","2014",,,"Ouro","Prata",,"Paço do Lumiar","Praia de Panaquatira"
"ÁREA DE PROTEÇÃO AMBIENTAL UPAON-AÇU / MIRITIBA / ALTO PREGUIÇAS","Angiosperms","Xyridaceae","Xyris","anceps","Lam.","XYRIDACEAE Xyris anceps Lam.","MAR0008165",,"UFMA","Lima, G.P.","590","Native","2015",,,"Latão","Prata",,"Paço do Lumiar","Praia de Panaquatira."
"ÁREA DE PROTEÇÃO AMBIENTAL UPAON-AÇU / MIRITIBA / ALTO PREGUIÇAS","Angiosperms","Xyridaceae","Xyris","anceps","Lam.","XYRIDACEAE Xyris anceps Lam.","MAR0008380",,"UFMA","Lima, G.P.","513","Native","2014",,,"Latão","Prata",,"Paço do Lumiar","Praia de Panaquatira."
